run_id,type,cycle,start_utc,end_utc,elapsed_sec,sim_start_serial,sim_end_serial,sim_days,initial_state_path,output_state_path,status,notes
1,forward_advance,1,2026-07-10T16:18:01.609Z,2026-07-10T16:18:05.275Z,3.66600000,43833.00000000,43834.00000000,1.00000000,(cold start from script),/home/arash/Projects/DrywellDT/deployments/Bioretention_assimilation_MCMC_drift/state/state_20200104_000000.json,ok,
2,forward_forecast,1,2026-07-10T16:18:05.276Z,2026-07-10T16:18:11.252Z,5.97600000,43833.00000000,43840.00000000,7.00000000,(cold start from script),,ok,
3,assim_calibration,1,2026-07-10T16:39:37.373Z,2026-07-10T16:42:14.708Z,157.33500000,43833.00000000,43837.00000000,4.00000000,/home/arash/Projects/DrywellDT/deployments/Bioretention_assimilation_MCMC_drift/state/state_20200104_000000.json,/home/arash/Projects/DrywellDT/deployments/Bioretention_assimilation_MCMC_drift/outputs/calibration/state_calibrated_latest.json,ok,MCMC provisional (plateaued=0)
4,forward_advance,2,2026-07-10T16:46:49.339Z,2026-07-10T16:46:56.934Z,7.59500000,43834.00000000,43837.00000000,3.00000000,/home/arash/Projects/DrywellDT/deployments/Bioretention_assimilation_MCMC_drift/state/_current_input.json,/home/arash/Projects/DrywellDT/deployments/Bioretention_assimilation_MCMC_drift/state/state_20200107_000000.json,ok,
5,forward_forecast,2,2026-07-10T16:46:56.935Z,2026-07-10T16:46:59.841Z,2.90600000,43834.00000000,43841.00000000,7.00000000,/home/arash/Projects/DrywellDT/deployments/Bioretention_assimilation_MCMC_drift/state/_current_input.json,,ok,
6,forward_advance,3,2026-07-10T17:01:13.302Z,2026-07-10T17:01:17.485Z,4.18300000,43837.00000000,43840.00000000,3.00000000,/home/arash/Projects/DrywellDT/deployments/Bioretention_assimilation_MCMC_drift/state/_current_input.json,/home/arash/Projects/DrywellDT/deployments/Bioretention_assimilation_MCMC_drift/state/state_20200110_000000.json,ok,
7,forward_forecast,3,2026-07-10T17:01:17.486Z,2026-07-10T17:01:23.248Z,5.76200000,43837.00000000,43844.00000000,7.00000000,/home/arash/Projects/DrywellDT/deployments/Bioretention_assimilation_MCMC_drift/state/_current_input.json,,ok,
8,assim_calibration,2,2026-07-10T17:01:13.301Z,2026-07-10T17:04:31.905Z,198.60400000,43833.00000000,43840.00000000,7.00000000,/home/arash/Projects/DrywellDT/deployments/Bioretention_assimilation_MCMC_drift/state/state_20200107_000000.json,/home/arash/Projects/DrywellDT/deployments/Bioretention_assimilation_MCMC_drift/outputs/calibration/state_calibrated_latest.json,ok,MCMC provisional (plateaued=0)
9,assim_calibration,3,2026-07-10T17:22:49.300Z,2026-07-10T17:26:30.647Z,221.34700000,43833.00000000,43843.00000000,10.00000000,/home/arash/Projects/DrywellDT/deployments/Bioretention_assimilation_MCMC_drift/state/state_20200110_000000.json,/home/arash/Projects/DrywellDT/deployments/Bioretention_assimilation_MCMC_drift/outputs/calibration/state_calibrated_latest.json,ok,MCMC provisional (plateaued=0)
10,forward_advance,4,2026-07-10T17:30:01.278Z,2026-07-10T17:30:04.571Z,3.29300000,43840.00000000,43843.00000000,3.00000000,/home/arash/Projects/DrywellDT/deployments/Bioretention_assimilation_MCMC_drift/state/_current_input.json,/home/arash/Projects/DrywellDT/deployments/Bioretention_assimilation_MCMC_drift/state/state_20200113_000000.json,ok,
11,forward_forecast,4,2026-07-10T17:30:04.572Z,2026-07-10T17:30:10.354Z,5.78200000,43840.00000000,43847.00000000,7.00000000,/home/arash/Projects/DrywellDT/deployments/Bioretention_assimilation_MCMC_drift/state/_current_input.json,,ok,
12,assim_calibration,4,2026-07-10T17:44:25.343Z,2026-07-10T17:48:43.585Z,258.24200000,43833.00000000,43846.00000000,13.00000000,/home/arash/Projects/DrywellDT/deployments/Bioretention_assimilation_MCMC_drift/state/state_20200113_000000.json,/home/arash/Projects/DrywellDT/deployments/Bioretention_assimilation_MCMC_drift/outputs/calibration/state_calibrated_latest.json,ok,MCMC provisional (plateaued=0)
13,forward_advance,5,2026-07-10T17:51:37.329Z,2026-07-10T17:51:43.271Z,5.94200000,43843.00000000,43846.00000000,3.00000000,/home/arash/Projects/DrywellDT/deployments/Bioretention_assimilation_MCMC_drift/state/_current_input.json,/home/arash/Projects/DrywellDT/deployments/Bioretention_assimilation_MCMC_drift/state/state_20200116_000000.json,ok,
14,forward_forecast,5,2026-07-10T17:51:43.272Z,2026-07-10T17:51:49.365Z,6.09300000,43843.00000000,43850.00000000,7.00000000,/home/arash/Projects/DrywellDT/deployments/Bioretention_assimilation_MCMC_drift/state/_current_input.json,,ok,
15,forward_advance,6,2026-07-10T18:06:01.283Z,2026-07-10T18:06:07.629Z,6.34600000,43846.00000000,43849.00000000,3.00000000,/home/arash/Projects/DrywellDT/deployments/Bioretention_assimilation_MCMC_drift/state/_current_input.json,/home/arash/Projects/DrywellDT/deployments/Bioretention_assimilation_MCMC_drift/state/state_20200119_000000.json,ok,
16,forward_forecast,6,2026-07-10T18:06:07.631Z,2026-07-10T18:06:14.680Z,7.04900000,43846.00000000,43853.00000000,7.00000000,/home/arash/Projects/DrywellDT/deployments/Bioretention_assimilation_MCMC_drift/state/_current_input.json,,ok,
17,assim_calibration,5,2026-07-10T18:06:01.283Z,2026-07-10T18:11:02.599Z,301.31600000,43833.00000000,43849.00000000,16.00000000,/home/arash/Projects/DrywellDT/deployments/Bioretention_assimilation_MCMC_drift/state/state_20200116_000000.json,/home/arash/Projects/DrywellDT/deployments/Bioretention_assimilation_MCMC_drift/outputs/calibration/state_calibrated_latest.json,ok,MCMC provisional (plateaued=0)
18,assim_calibration,6,2026-07-10T18:27:37.325Z,2026-07-10T18:33:33.252Z,355.92700000,43833.00000000,43852.00000000,19.00000000,/home/arash/Projects/DrywellDT/deployments/Bioretention_assimilation_MCMC_drift/state/state_20200119_000000.json,/home/arash/Projects/DrywellDT/deployments/Bioretention_assimilation_MCMC_drift/outputs/calibration/state_calibrated_latest.json,ok,MCMC provisional (plateaued=0)
19,forward_advance,7,2026-07-10T18:34:49.276Z,2026-07-10T18:34:54.089Z,4.81300000,43849.00000000,43852.00000000,3.00000000,/home/arash/Projects/DrywellDT/deployments/Bioretention_assimilation_MCMC_drift/state/_current_input.json,/home/arash/Projects/DrywellDT/deployments/Bioretention_assimilation_MCMC_drift/state/state_20200122_000000.json,ok,
20,forward_forecast,7,2026-07-10T18:34:54.090Z,2026-07-10T18:34:59.245Z,5.15500000,43849.00000000,43856.00000000,7.00000000,/home/arash/Projects/DrywellDT/deployments/Bioretention_assimilation_MCMC_drift/state/_current_input.json,,ok,
21,assim_calibration,7,2026-07-10T18:49:13.347Z,2026-07-10T18:55:12.162Z,358.81500000,43833.00000000,43855.00000000,22.00000000,/home/arash/Projects/DrywellDT/deployments/Bioretention_assimilation_MCMC_drift/state/state_20200122_000000.json,/home/arash/Projects/DrywellDT/deployments/Bioretention_assimilation_MCMC_drift/outputs/calibration/state_calibrated_latest.json,ok,MCMC provisional (plateaued=0)
22,forward_advance,8,2026-07-10T18:56:25.276Z,2026-07-10T18:56:28.366Z,3.09000000,43852.00000000,43855.00000000,3.00000000,/home/arash/Projects/DrywellDT/deployments/Bioretention_assimilation_MCMC_drift/state/_current_input.json,/home/arash/Projects/DrywellDT/deployments/Bioretention_assimilation_MCMC_drift/state/state_20200125_000000.json,ok,
23,forward_forecast,8,2026-07-10T18:56:28.367Z,2026-07-10T18:56:34.477Z,6.11000000,43852.00000000,43859.00000000,7.00000000,/home/arash/Projects/DrywellDT/deployments/Bioretention_assimilation_MCMC_drift/state/_current_input.json,,ok,
24,forward_advance,9,2026-07-10T19:10:49.292Z,2026-07-10T19:10:55.839Z,6.54700000,43855.00000000,43858.00000000,3.00000000,/home/arash/Projects/DrywellDT/deployments/Bioretention_assimilation_MCMC_drift/state/_current_input.json,/home/arash/Projects/DrywellDT/deployments/Bioretention_assimilation_MCMC_drift/state/state_20200128_000000.json,ok,
25,forward_forecast,9,2026-07-10T19:10:55.840Z,2026-07-10T19:11:02.070Z,6.23000000,43855.00000000,43862.00000000,7.00000000,/home/arash/Projects/DrywellDT/deployments/Bioretention_assimilation_MCMC_drift/state/_current_input.json,,ok,
26,assim_calibration,8,2026-07-10T19:10:49.291Z,2026-07-10T19:17:52.877Z,423.58600000,43833.00000000,43858.00000000,25.00000000,/home/arash/Projects/DrywellDT/deployments/Bioretention_assimilation_MCMC_drift/state/state_20200125_000000.json,/home/arash/Projects/DrywellDT/deployments/Bioretention_assimilation_MCMC_drift/outputs/calibration/state_calibrated_latest.json,ok,MCMC provisional (plateaued=0)
27,forward_advance,10,2026-07-10T19:39:37.324Z,2026-07-10T19:39:42.887Z,5.56300000,43858.00000000,43861.00000000,3.00000000,/home/arash/Projects/DrywellDT/deployments/Bioretention_assimilation_MCMC_drift/state/_current_input.json,/home/arash/Projects/DrywellDT/deployments/Bioretention_assimilation_MCMC_drift/state/state_20200131_000000.json,ok,
28,assim_calibration,9,2026-07-10T19:32:25.374Z,2026-07-10T19:39:44.844Z,439.47000000,43833.00000000,43861.00000000,28.00000000,/home/arash/Projects/DrywellDT/deployments/Bioretention_assimilation_MCMC_drift/state/state_20200128_000000.json,/home/arash/Projects/DrywellDT/deployments/Bioretention_assimilation_MCMC_drift/outputs/calibration/state_calibrated_latest.json,ok,MCMC provisional (plateaued=0)
29,forward_forecast,10,2026-07-10T19:39:42.888Z,2026-07-10T19:39:46.607Z,3.71900000,43858.00000000,43865.00000000,7.00000000,/home/arash/Projects/DrywellDT/deployments/Bioretention_assimilation_MCMC_drift/state/_current_input.json,,ok,
30,forward_advance,11,2026-07-10T20:01:13.300Z,2026-07-10T20:01:17.049Z,3.74900000,43861.00000000,43864.00000000,3.00000000,/home/arash/Projects/DrywellDT/deployments/Bioretention_assimilation_MCMC_drift/state/_current_input.json,/home/arash/Projects/DrywellDT/deployments/Bioretention_assimilation_MCMC_drift/state/state_20200203_000000.json,ok,
31,forward_forecast,11,2026-07-10T20:01:17.051Z,2026-07-10T20:01:23.469Z,6.41800000,43861.00000000,43868.00000000,7.00000000,/home/arash/Projects/DrywellDT/deployments/Bioretention_assimilation_MCMC_drift/state/_current_input.json,,ok,
32,assim_calibration,10,2026-07-10T19:54:01.351Z,2026-07-10T20:02:11.524Z,490.17300000,43833.00000000,43864.00000000,31.00000000,/home/arash/Projects/DrywellDT/deployments/Bioretention_assimilation_MCMC_drift/state/state_20200131_000000.json,/home/arash/Projects/DrywellDT/deployments/Bioretention_assimilation_MCMC_drift/outputs/calibration/state_calibrated_latest.json,ok,MCMC provisional (plateaued=0)
33,forward_advance,12,2026-07-10T20:22:49.371Z,2026-07-10T20:22:56.045Z,6.67400000,43864.00000000,43867.00000000,3.00000000,/home/arash/Projects/DrywellDT/deployments/Bioretention_assimilation_MCMC_drift/state/_current_input.json,/home/arash/Projects/DrywellDT/deployments/Bioretention_assimilation_MCMC_drift/state/state_20200206_000000.json,ok,
34,forward_forecast,12,2026-07-10T20:22:56.047Z,2026-07-10T20:23:02.022Z,5.97500000,43864.00000000,43871.00000000,7.00000000,/home/arash/Projects/DrywellDT/deployments/Bioretention_assimilation_MCMC_drift/state/_current_input.json,,ok,
35,assim_calibration,11,2026-07-10T20:15:37.321Z,2026-07-10T20:24:50.470Z,553.14900000,43833.00000000,43867.00000000,34.00000000,/home/arash/Projects/DrywellDT/deployments/Bioretention_assimilation_MCMC_drift/state/state_20200203_000000.json,/home/arash/Projects/DrywellDT/deployments/Bioretention_assimilation_MCMC_drift/outputs/calibration/state_calibrated_latest.json,ok,MCMC provisional (plateaued=0)
36,forward_advance,13,2026-07-10T20:37:13.306Z,2026-07-10T20:37:19.057Z,5.75100000,43867.00000000,43870.00000000,3.00000000,/home/arash/Projects/DrywellDT/deployments/Bioretention_assimilation_MCMC_drift/state/_current_input.json,/home/arash/Projects/DrywellDT/deployments/Bioretention_assimilation_MCMC_drift/state/state_20200209_000000.json,ok,
37,forward_forecast,13,2026-07-10T20:37:19.058Z,2026-07-10T20:37:25.167Z,6.10900000,43867.00000000,43874.00000000,7.00000000,/home/arash/Projects/DrywellDT/deployments/Bioretention_assimilation_MCMC_drift/state/_current_input.json,,ok,
38,assim_calibration,12,2026-07-10T20:37:13.305Z,2026-07-10T20:48:00.088Z,646.78300000,43833.00000000,43870.00000000,37.00000000,/home/arash/Projects/DrywellDT/deployments/Bioretention_assimilation_MCMC_drift/state/state_20200206_000000.json,/home/arash/Projects/DrywellDT/deployments/Bioretention_assimilation_MCMC_drift/outputs/calibration/state_calibrated_latest.json,ok,MCMC provisional (plateaued=0)
39,forward_advance,14,2026-07-10T21:06:01.371Z,2026-07-10T21:06:06.562Z,5.19100000,43870.00000000,43873.00000000,3.00000000,/home/arash/Projects/DrywellDT/deployments/Bioretention_assimilation_MCMC_drift/state/_current_input.json,/home/arash/Projects/DrywellDT/deployments/Bioretention_assimilation_MCMC_drift/state/state_20200212_000000.json,ok,
40,forward_forecast,14,2026-07-10T21:06:06.564Z,2026-07-10T21:06:12.046Z,5.48200000,43870.00000000,43877.00000000,7.00000000,/home/arash/Projects/DrywellDT/deployments/Bioretention_assimilation_MCMC_drift/state/_current_input.json,,ok,
41,assim_calibration,13,2026-07-10T20:58:49.290Z,2026-07-10T21:10:40.197Z,710.90700000,43833.00000000,43873.00000000,40.00000000,/home/arash/Projects/DrywellDT/deployments/Bioretention_assimilation_MCMC_drift/state/state_20200209_000000.json,/home/arash/Projects/DrywellDT/deployments/Bioretention_assimilation_MCMC_drift/outputs/calibration/state_calibrated_latest.json,ok,MCMC provisional (plateaued=0)
42,forward_advance,15,2026-07-10T21:20:25.281Z,2026-07-10T21:20:29.127Z,3.84600000,43873.00000000,43876.00000000,3.00000000,/home/arash/Projects/DrywellDT/deployments/Bioretention_assimilation_MCMC_drift/state/_current_input.json,/home/arash/Projects/DrywellDT/deployments/Bioretention_assimilation_MCMC_drift/state/state_20200215_000000.json,ok,
43,forward_forecast,15,2026-07-10T21:20:29.128Z,2026-07-10T21:20:34.844Z,5.71600000,43873.00000000,43880.00000000,7.00000000,/home/arash/Projects/DrywellDT/deployments/Bioretention_assimilation_MCMC_drift/state/_current_input.json,,ok,
44,assim_calibration,14,2026-07-10T21:20:25.281Z,2026-07-10T21:33:26.354Z,781.07300000,43833.00000000,43876.00000000,43.00000000,/home/arash/Projects/DrywellDT/deployments/Bioretention_assimilation_MCMC_drift/state/state_20200215_000000.json,/home/arash/Projects/DrywellDT/deployments/Bioretention_assimilation_MCMC_drift/outputs/calibration/state_calibrated_latest.json,ok,MCMC provisional (plateaued=0)
45,forward_advance,16,2026-07-10T21:49:13.371Z,2026-07-10T21:49:19.440Z,6.06900000,43876.00000000,43879.00000000,3.00000000,/home/arash/Projects/DrywellDT/deployments/Bioretention_assimilation_MCMC_drift/state/_current_input.json,/home/arash/Projects/DrywellDT/deployments/Bioretention_assimilation_MCMC_drift/state/state_20200218_000000.json,ok,
46,forward_forecast,16,2026-07-10T21:49:19.442Z,2026-07-10T21:49:25.507Z,6.06500000,43876.00000000,43883.00000000,7.00000000,/home/arash/Projects/DrywellDT/deployments/Bioretention_assimilation_MCMC_drift/state/_current_input.json,,ok,
47,assim_calibration,15,2026-07-10T21:42:01.367Z,2026-07-10T21:54:56.733Z,775.36600000,43833.00000000,43879.00000000,46.00000000,/home/arash/Projects/DrywellDT/deployments/Bioretention_assimilation_MCMC_drift/state/state_20200215_000000.json,/home/arash/Projects/DrywellDT/deployments/Bioretention_assimilation_MCMC_drift/outputs/calibration/state_calibrated_latest.json,ok,MCMC provisional (plateaued=0)
48,forward_advance,17,2026-07-10T22:10:49.365Z,2026-07-10T22:10:52.595Z,3.23000000,43879.00000000,43882.00000000,3.00000000,/home/arash/Projects/DrywellDT/deployments/Bioretention_assimilation_MCMC_drift/state/_current_input.json,/home/arash/Projects/DrywellDT/deployments/Bioretention_assimilation_MCMC_drift/state/state_20200221_000000.json,ok,
49,forward_forecast,17,2026-07-10T22:10:52.597Z,2026-07-10T22:10:57.435Z,4.83800000,43879.00000000,43886.00000000,7.00000000,/home/arash/Projects/DrywellDT/deployments/Bioretention_assimilation_MCMC_drift/state/_current_input.json,,ok,
50,assim_calibration,16,2026-07-10T22:03:37.279Z,2026-07-10T22:16:48.169Z,790.89000000,43833.00000000,43882.00000000,49.00000000,/home/arash/Projects/DrywellDT/deployments/Bioretention_assimilation_MCMC_drift/state/state_20200218_000000.json,/home/arash/Projects/DrywellDT/deployments/Bioretention_assimilation_MCMC_drift/outputs/calibration/state_calibrated_latest.json,ok,MCMC provisional (plateaued=0)
51,forward_advance,18,2026-07-10T22:32:25.301Z,2026-07-10T22:32:30.187Z,4.88600000,43882.00000000,43885.00000000,3.00000000,/home/arash/Projects/DrywellDT/deployments/Bioretention_assimilation_MCMC_drift/state/_current_input.json,/home/arash/Projects/DrywellDT/deployments/Bioretention_assimilation_MCMC_drift/state/state_20200224_000000.json,ok,
52,forward_forecast,18,2026-07-10T22:32:30.189Z,2026-07-10T22:32:34.042Z,3.85300000,43882.00000000,43889.00000000,7.00000000,/home/arash/Projects/DrywellDT/deployments/Bioretention_assimilation_MCMC_drift/state/_current_input.json,,ok,
53,assim_calibration,17,2026-07-10T22:25:13.374Z,2026-07-10T22:38:38.610Z,805.23600000,43833.00000000,43885.00000000,52.00000000,/home/arash/Projects/DrywellDT/deployments/Bioretention_assimilation_MCMC_drift/state/state_20200221_000000.json,/home/arash/Projects/DrywellDT/deployments/Bioretention_assimilation_MCMC_drift/outputs/calibration/state_calibrated_latest.json,ok,MCMC provisional (plateaued=0)
54,forward_advance,19,2026-07-10T22:54:01.302Z,2026-07-10T22:54:05.314Z,4.01200000,43885.00000000,43888.00000000,3.00000000,/home/arash/Projects/DrywellDT/deployments/Bioretention_assimilation_MCMC_drift/state/_current_input.json,/home/arash/Projects/DrywellDT/deployments/Bioretention_assimilation_MCMC_drift/state/state_20200227_000000.json,ok,
55,forward_forecast,19,2026-07-10T22:54:05.316Z,2026-07-10T22:54:10.499Z,5.18300000,43885.00000000,43892.00000000,7.00000000,/home/arash/Projects/DrywellDT/deployments/Bioretention_assimilation_MCMC_drift/state/_current_input.json,,ok,
56,assim_calibration,18,2026-07-10T22:46:49.339Z,2026-07-10T23:01:10.041Z,860.70200000,43833.00000000,43888.00000000,55.00000000,/home/arash/Projects/DrywellDT/deployments/Bioretention_assimilation_MCMC_drift/state/state_20200224_000000.json,/home/arash/Projects/DrywellDT/deployments/Bioretention_assimilation_MCMC_drift/outputs/calibration/state_calibrated_latest.json,ok,MCMC provisional (plateaued=0)
57,forward_advance,20,2026-07-10T23:08:25.290Z,2026-07-10T23:08:28.605Z,3.31500000,43888.00000000,43891.00000000,3.00000000,/home/arash/Projects/DrywellDT/deployments/Bioretention_assimilation_MCMC_drift/state/_current_input.json,/home/arash/Projects/DrywellDT/deployments/Bioretention_assimilation_MCMC_drift/state/state_20200301_000000.json,ok,
58,forward_forecast,20,2026-07-10T23:08:28.606Z,2026-07-10T23:08:33.142Z,4.53600000,43888.00000000,43895.00000000,7.00000000,/home/arash/Projects/DrywellDT/deployments/Bioretention_assimilation_MCMC_drift/state/_current_input.json,,ok,
59,assim_calibration,19,2026-07-10T23:08:25.289Z,2026-07-10T23:23:50.034Z,924.74500000,43833.00000000,43891.00000000,58.00000000,/home/arash/Projects/DrywellDT/deployments/Bioretention_assimilation_MCMC_drift/state/state_20200301_000000.json,/home/arash/Projects/DrywellDT/deployments/Bioretention_assimilation_MCMC_drift/outputs/calibration/state_calibrated_latest.json,ok,MCMC provisional (plateaued=0)
60,forward_advance,21,2026-07-10T23:30:01.287Z,2026-07-10T23:30:05.037Z,3.75000000,43891.00000000,43894.00000000,3.00000000,/home/arash/Projects/DrywellDT/deployments/Bioretention_assimilation_MCMC_drift/state/_current_input.json,/home/arash/Projects/DrywellDT/deployments/Bioretention_assimilation_MCMC_drift/state/state_20200304_000000.json,ok,
61,forward_forecast,21,2026-07-10T23:30:05.038Z,2026-07-10T23:30:08.905Z,3.86700000,43891.00000000,43898.00000000,7.00000000,/home/arash/Projects/DrywellDT/deployments/Bioretention_assimilation_MCMC_drift/state/_current_input.json,,ok,
62,assim_calibration,20,2026-07-10T23:30:01.286Z,2026-07-10T23:46:34.436Z,993.15000000,43833.00000000,43894.00000000,61.00000000,/home/arash/Projects/DrywellDT/deployments/Bioretention_assimilation_MCMC_drift/state/state_20200304_000000.json,/home/arash/Projects/DrywellDT/deployments/Bioretention_assimilation_MCMC_drift/outputs/calibration/state_calibrated_latest.json,ok,MCMC provisional (plateaued=0)
63,forward_advance,22,2026-07-10T23:58:49.370Z,2026-07-10T23:58:52.984Z,3.61400000,43894.00000000,43897.00000000,3.00000000,/home/arash/Projects/DrywellDT/deployments/Bioretention_assimilation_MCMC_drift/state/_current_input.json,/home/arash/Projects/DrywellDT/deployments/Bioretention_assimilation_MCMC_drift/state/state_20200307_000000.json,ok,
64,forward_forecast,22,2026-07-10T23:58:52.985Z,2026-07-10T23:58:56.591Z,3.60600000,43894.00000000,43901.00000000,7.00000000,/home/arash/Projects/DrywellDT/deployments/Bioretention_assimilation_MCMC_drift/state/_current_input.json,,ok,
65,assim_calibration,21,2026-07-10T23:51:37.375Z,2026-07-11T00:08:51.593Z,1034.21800000,43833.00000000,43897.00000000,64.00000000,/home/arash/Projects/DrywellDT/deployments/Bioretention_assimilation_MCMC_drift/state/state_20200304_000000.json,/home/arash/Projects/DrywellDT/deployments/Bioretention_assimilation_MCMC_drift/outputs/calibration/state_calibrated_latest.json,ok,MCMC provisional (plateaued=0)
66,forward_advance,23,2026-07-11T00:20:25.371Z,2026-07-11T00:20:28.908Z,3.53700000,43897.00000000,43900.00000000,3.00000000,/home/arash/Projects/DrywellDT/deployments/Bioretention_assimilation_MCMC_drift/state/_current_input.json,/home/arash/Projects/DrywellDT/deployments/Bioretention_assimilation_MCMC_drift/state/state_20200310_000000.json,ok,
67,forward_forecast,23,2026-07-11T00:20:28.910Z,2026-07-11T00:20:35.601Z,6.69100000,43897.00000000,43904.00000000,7.00000000,/home/arash/Projects/DrywellDT/deployments/Bioretention_assimilation_MCMC_drift/state/_current_input.json,,ok,
68,assim_calibration,22,2026-07-11T00:13:13.374Z,2026-07-11T00:31:08.383Z,1075.00900000,43833.00000000,43900.00000000,67.00000000,/home/arash/Projects/DrywellDT/deployments/Bioretention_assimilation_MCMC_drift/state/state_20200307_000000.json,/home/arash/Projects/DrywellDT/deployments/Bioretention_assimilation_MCMC_drift/outputs/calibration/state_calibrated_latest.json,ok,MCMC provisional (plateaued=0)
69,forward_advance,24,2026-07-11T00:34:49.279Z,2026-07-11T00:34:52.169Z,2.89000000,43900.00000000,43903.00000000,3.00000000,/home/arash/Projects/DrywellDT/deployments/Bioretention_assimilation_MCMC_drift/state/_current_input.json,/home/arash/Projects/DrywellDT/deployments/Bioretention_assimilation_MCMC_drift/state/state_20200313_000000.json,ok,
70,forward_forecast,24,2026-07-11T00:34:52.170Z,2026-07-11T00:34:55.623Z,3.45300000,43900.00000000,43907.00000000,7.00000000,/home/arash/Projects/DrywellDT/deployments/Bioretention_assimilation_MCMC_drift/state/_current_input.json,,ok,
71,assim_calibration,23,2026-07-11T00:34:49.278Z,2026-07-11T00:53:54.716Z,1145.43800000,43833.00000000,43903.00000000,70.00000000,/home/arash/Projects/DrywellDT/deployments/Bioretention_assimilation_MCMC_drift/state/state_20200313_000000.json,/home/arash/Projects/DrywellDT/deployments/Bioretention_assimilation_MCMC_drift/outputs/calibration/state_calibrated_latest.json,ok,MCMC provisional (plateaued=0)
72,forward_advance,25,2026-07-11T01:03:37.351Z,2026-07-11T01:03:43.712Z,6.36100000,43903.00000000,43906.00000000,3.00000000,/home/arash/Projects/DrywellDT/deployments/Bioretention_assimilation_MCMC_drift/state/_current_input.json,/home/arash/Projects/DrywellDT/deployments/Bioretention_assimilation_MCMC_drift/state/state_20200316_000000.json,ok,
73,forward_forecast,25,2026-07-11T01:03:43.714Z,2026-07-11T01:03:47.036Z,3.32200000,43903.00000000,43910.00000000,7.00000000,/home/arash/Projects/DrywellDT/deployments/Bioretention_assimilation_MCMC_drift/state/_current_input.json,,ok,
74,assim_calibration,24,2026-07-11T00:56:25.339Z,2026-07-11T01:16:52.014Z,1226.67500000,43833.00000000,43906.00000000,73.00000000,/home/arash/Projects/DrywellDT/deployments/Bioretention_assimilation_MCMC_drift/state/state_20200313_000000.json,/home/arash/Projects/DrywellDT/deployments/Bioretention_assimilation_MCMC_drift/outputs/calibration/state_calibrated_latest.json,ok,MCMC provisional (plateaued=0)
75,forward_advance,26,2026-07-11T01:25:13.371Z,2026-07-11T01:25:19.147Z,5.77600000,43906.00000000,43909.00000000,3.00000000,/home/arash/Projects/DrywellDT/deployments/Bioretention_assimilation_MCMC_drift/state/_current_input.json,/home/arash/Projects/DrywellDT/deployments/Bioretention_assimilation_MCMC_drift/state/state_20200319_000000.json,ok,
76,forward_forecast,26,2026-07-11T01:25:19.148Z,2026-07-11T01:25:22.669Z,3.52100000,43906.00000000,43913.00000000,7.00000000,/home/arash/Projects/DrywellDT/deployments/Bioretention_assimilation_MCMC_drift/state/_current_input.json,,ok,
77,assim_calibration,25,2026-07-11T01:18:01.340Z,2026-07-11T01:38:39.524Z,1238.18400000,43833.00000000,43909.00000000,76.00000000,/home/arash/Projects/DrywellDT/deployments/Bioretention_assimilation_MCMC_drift/state/state_20200316_000000.json,/home/arash/Projects/DrywellDT/deployments/Bioretention_assimilation_MCMC_drift/outputs/calibration/state_calibrated_latest.json,ok,MCMC provisional (plateaued=0)
78,forward_advance,27,2026-07-11T01:46:49.371Z,2026-07-11T01:46:53.797Z,4.42600000,43909.00000000,43912.00000000,3.00000000,/home/arash/Projects/DrywellDT/deployments/Bioretention_assimilation_MCMC_drift/state/_current_input.json,/home/arash/Projects/DrywellDT/deployments/Bioretention_assimilation_MCMC_drift/state/state_20200322_000000.json,ok,
79,forward_forecast,27,2026-07-11T01:46:53.799Z,2026-07-11T01:46:57.248Z,3.44900000,43909.00000000,43916.00000000,7.00000000,/home/arash/Projects/DrywellDT/deployments/Bioretention_assimilation_MCMC_drift/state/_current_input.json,,ok,
80,assim_calibration,26,2026-07-11T01:39:37.293Z,2026-07-11T02:00:16.235Z,1238.94200000,43833.00000000,43912.00000000,79.00000000,/home/arash/Projects/DrywellDT/deployments/Bioretention_assimilation_MCMC_drift/state/state_20200319_000000.json,/home/arash/Projects/DrywellDT/deployments/Bioretention_assimilation_MCMC_drift/outputs/calibration/state_calibrated_latest.json,ok,MCMC provisional (plateaued=0)
81,forward_advance,28,2026-07-11T02:08:25.371Z,2026-07-11T02:08:28.470Z,3.09900000,43912.00000000,43915.00000000,3.00000000,/home/arash/Projects/DrywellDT/deployments/Bioretention_assimilation_MCMC_drift/state/_current_input.json,/home/arash/Projects/DrywellDT/deployments/Bioretention_assimilation_MCMC_drift/state/state_20200325_000000.json,ok,
82,forward_forecast,28,2026-07-11T02:08:28.472Z,2026-07-11T02:08:31.764Z,3.29200000,43912.00000000,43919.00000000,7.00000000,/home/arash/Projects/DrywellDT/deployments/Bioretention_assimilation_MCMC_drift/state/_current_input.json,,ok,
83,assim_calibration,27,2026-07-11T02:01:13.322Z,2026-07-11T02:21:54.517Z,1241.19500000,43833.00000000,43915.00000000,82.00000000,/home/arash/Projects/DrywellDT/deployments/Bioretention_assimilation_MCMC_drift/state/state_20200322_000000.json,/home/arash/Projects/DrywellDT/deployments/Bioretention_assimilation_MCMC_drift/outputs/calibration/state_calibrated_latest.json,ok,MCMC provisional (plateaued=0)
84,forward_advance,29,2026-07-11T02:30:01.322Z,2026-07-11T02:30:04.241Z,2.91900000,43915.00000000,43918.00000000,3.00000000,/home/arash/Projects/DrywellDT/deployments/Bioretention_assimilation_MCMC_drift/state/_current_input.json,/home/arash/Projects/DrywellDT/deployments/Bioretention_assimilation_MCMC_drift/state/state_20200328_000000.json,ok,
85,forward_forecast,29,2026-07-11T02:30:04.243Z,2026-07-11T02:30:09.373Z,5.13000000,43915.00000000,43922.00000000,7.00000000,/home/arash/Projects/DrywellDT/deployments/Bioretention_assimilation_MCMC_drift/state/_current_input.json,,ok,
86,assim_calibration,28,2026-07-11T02:22:49.331Z,2026-07-11T02:43:27.946Z,1238.61500000,43833.00000000,43918.00000000,85.00000000,/home/arash/Projects/DrywellDT/deployments/Bioretention_assimilation_MCMC_drift/state/state_20200325_000000.json,/home/arash/Projects/DrywellDT/deployments/Bioretention_assimilation_MCMC_drift/outputs/calibration/state_calibrated_latest.json,ok,MCMC provisional (plateaued=0)
87,forward_advance,30,2026-07-11T02:51:37.371Z,2026-07-11T02:51:41.552Z,4.18100000,43918.00000000,43921.00000000,3.00000000,/home/arash/Projects/DrywellDT/deployments/Bioretention_assimilation_MCMC_drift/state/_current_input.json,/home/arash/Projects/DrywellDT/deployments/Bioretention_assimilation_MCMC_drift/state/state_20200331_000000.json,ok,
88,forward_forecast,30,2026-07-11T02:51:41.554Z,2026-07-11T02:51:47.029Z,5.47500000,43918.00000000,43925.00000000,7.00000000,/home/arash/Projects/DrywellDT/deployments/Bioretention_assimilation_MCMC_drift/state/_current_input.json,,ok,
89,assim_calibration,29,2026-07-11T02:44:25.323Z,2026-07-11T03:05:07.691Z,1242.36800000,43833.00000000,43921.00000000,88.00000000,/home/arash/Projects/DrywellDT/deployments/Bioretention_assimilation_MCMC_drift/state/state_20200328_000000.json,/home/arash/Projects/DrywellDT/deployments/Bioretention_assimilation_MCMC_drift/outputs/calibration/state_calibrated_latest.json,ok,MCMC provisional (plateaued=0)
90,forward_advance,31,2026-07-11T03:13:13.273Z,2026-07-11T03:13:20.426Z,7.15300000,43921.00000000,43924.00000000,3.00000000,/home/arash/Projects/DrywellDT/deployments/Bioretention_assimilation_MCMC_drift/state/_current_input.json,/home/arash/Projects/DrywellDT/deployments/Bioretention_assimilation_MCMC_drift/state/state_20200403_000000.json,ok,
91,forward_forecast,31,2026-07-11T03:13:20.428Z,2026-07-11T03:13:23.710Z,3.28200000,43921.00000000,43928.00000000,7.00000000,/home/arash/Projects/DrywellDT/deployments/Bioretention_assimilation_MCMC_drift/state/_current_input.json,,ok,
92,assim_calibration,30,2026-07-11T03:06:01.286Z,2026-07-11T03:26:43.318Z,1242.03200000,43833.00000000,43924.00000000,91.00000000,/home/arash/Projects/DrywellDT/deployments/Bioretention_assimilation_MCMC_drift/state/state_20200331_000000.json,/home/arash/Projects/DrywellDT/deployments/Bioretention_assimilation_MCMC_drift/outputs/calibration/state_calibrated_latest.json,ok,MCMC provisional (plateaued=0)
93,forward_advance,32,2026-07-11T03:34:49.277Z,2026-07-11T03:34:54.876Z,5.59900000,43924.00000000,43927.00000000,3.00000000,/home/arash/Projects/DrywellDT/deployments/Bioretention_assimilation_MCMC_drift/state/_current_input.json,/home/arash/Projects/DrywellDT/deployments/Bioretention_assimilation_MCMC_drift/state/state_20200406_000000.json,ok,
94,forward_forecast,32,2026-07-11T03:34:54.878Z,2026-07-11T03:35:01.194Z,6.31600000,43924.00000000,43931.00000000,7.00000000,/home/arash/Projects/DrywellDT/deployments/Bioretention_assimilation_MCMC_drift/state/_current_input.json,,ok,
95,assim_calibration,31,2026-07-11T03:27:37.308Z,2026-07-11T03:48:20.619Z,1243.31100000,43833.00000000,43927.00000000,94.00000000,/home/arash/Projects/DrywellDT/deployments/Bioretention_assimilation_MCMC_drift/state/state_20200403_000000.json,/home/arash/Projects/DrywellDT/deployments/Bioretention_assimilation_MCMC_drift/outputs/calibration/state_calibrated_latest.json,ok,MCMC provisional (plateaued=0)
96,forward_advance,33,2026-07-11T03:56:25.371Z,2026-07-11T03:56:29.232Z,3.86100000,43927.00000000,43930.00000000,3.00000000,/home/arash/Projects/DrywellDT/deployments/Bioretention_assimilation_MCMC_drift/state/_current_input.json,/home/arash/Projects/DrywellDT/deployments/Bioretention_assimilation_MCMC_drift/state/state_20200409_000000.json,ok,
97,forward_forecast,33,2026-07-11T03:56:29.234Z,2026-07-11T03:56:36.007Z,6.77300000,43927.00000000,43934.00000000,7.00000000,/home/arash/Projects/DrywellDT/deployments/Bioretention_assimilation_MCMC_drift/state/_current_input.json,,ok,
98,assim_calibration,32,2026-07-11T03:49:13.300Z,2026-07-11T04:09:57.099Z,1243.79900000,43833.00000000,43930.00000000,97.00000000,/home/arash/Projects/DrywellDT/deployments/Bioretention_assimilation_MCMC_drift/state/state_20200406_000000.json,/home/arash/Projects/DrywellDT/deployments/Bioretention_assimilation_MCMC_drift/outputs/calibration/state_calibrated_latest.json,ok,MCMC provisional (plateaued=0)
99,forward_advance,34,2026-07-11T04:18:01.371Z,2026-07-11T04:18:04.353Z,2.98200000,43930.00000000,43933.00000000,3.00000000,/home/arash/Projects/DrywellDT/deployments/Bioretention_assimilation_MCMC_drift/state/_current_input.json,/home/arash/Projects/DrywellDT/deployments/Bioretention_assimilation_MCMC_drift/state/state_20200412_000000.json,ok,
100,forward_forecast,34,2026-07-11T04:18:04.355Z,2026-07-11T04:18:11.862Z,7.50700000,43930.00000000,43937.00000000,7.00000000,/home/arash/Projects/DrywellDT/deployments/Bioretention_assimilation_MCMC_drift/state/_current_input.json,,ok,
101,assim_calibration,33,2026-07-11T04:10:49.303Z,2026-07-11T04:31:33.278Z,1243.97500000,43833.00000000,43933.00000000,100.00000000,/home/arash/Projects/DrywellDT/deployments/Bioretention_assimilation_MCMC_drift/state/state_20200409_000000.json,/home/arash/Projects/DrywellDT/deployments/Bioretention_assimilation_MCMC_drift/outputs/calibration/state_calibrated_latest.json,ok,MCMC provisional (plateaued=0)
102,forward_advance,35,2026-07-11T04:39:37.371Z,2026-07-11T04:39:44.390Z,7.01900000,43933.00000000,43936.00000000,3.00000000,/home/arash/Projects/DrywellDT/deployments/Bioretention_assimilation_MCMC_drift/state/_current_input.json,/home/arash/Projects/DrywellDT/deployments/Bioretention_assimilation_MCMC_drift/state/state_20200415_000000.json,ok,
103,forward_forecast,35,2026-07-11T04:39:44.392Z,2026-07-11T04:39:51.816Z,7.42400000,43933.00000000,43940.00000000,7.00000000,/home/arash/Projects/DrywellDT/deployments/Bioretention_assimilation_MCMC_drift/state/_current_input.json,,ok,
104,assim_calibration,34,2026-07-11T04:32:25.313Z,2026-07-11T04:53:08.575Z,1243.26200000,43836.00000000,43936.00000000,100.00000000,/home/arash/Projects/DrywellDT/deployments/Bioretention_assimilation_MCMC_drift/state/state_20200412_000000.json,/home/arash/Projects/DrywellDT/deployments/Bioretention_assimilation_MCMC_drift/outputs/calibration/state_calibrated_latest.json,ok,MCMC provisional (plateaued=0)
105,forward_advance,36,2026-07-11T05:01:13.371Z,2026-07-11T05:01:16.685Z,3.31400000,43936.00000000,43939.00000000,3.00000000,/home/arash/Projects/DrywellDT/deployments/Bioretention_assimilation_MCMC_drift/state/_current_input.json,/home/arash/Projects/DrywellDT/deployments/Bioretention_assimilation_MCMC_drift/state/state_20200418_000000.json,ok,
106,forward_forecast,36,2026-07-11T05:01:16.687Z,2026-07-11T05:01:19.858Z,3.17100000,43936.00000000,43943.00000000,7.00000000,/home/arash/Projects/DrywellDT/deployments/Bioretention_assimilation_MCMC_drift/state/_current_input.json,,ok,
107,assim_calibration,35,2026-07-11T04:54:01.329Z,2026-07-11T05:14:40.026Z,1238.69700000,43839.00000000,43939.00000000,100.00000000,/home/arash/Projects/DrywellDT/deployments/Bioretention_assimilation_MCMC_drift/state/state_20200415_000000.json,/home/arash/Projects/DrywellDT/deployments/Bioretention_assimilation_MCMC_drift/outputs/calibration/state_calibrated_latest.json,ok,MCMC provisional (plateaued=0)
108,forward_advance,37,2026-07-11T05:22:49.368Z,2026-07-11T05:22:53.744Z,4.37600000,43939.00000000,43942.00000000,3.00000000,/home/arash/Projects/DrywellDT/deployments/Bioretention_assimilation_MCMC_drift/state/_current_input.json,/home/arash/Projects/DrywellDT/deployments/Bioretention_assimilation_MCMC_drift/state/state_20200421_000000.json,ok,
109,forward_forecast,37,2026-07-11T05:22:53.746Z,2026-07-11T05:22:59.533Z,5.78700000,43939.00000000,43946.00000000,7.00000000,/home/arash/Projects/DrywellDT/deployments/Bioretention_assimilation_MCMC_drift/state/_current_input.json,,ok,
110,assim_calibration,36,2026-07-11T05:15:37.304Z,2026-07-11T05:36:17.946Z,1240.64200000,43842.00000000,43942.00000000,100.00000000,/home/arash/Projects/DrywellDT/deployments/Bioretention_assimilation_MCMC_drift/state/state_20200418_000000.json,/home/arash/Projects/DrywellDT/deployments/Bioretention_assimilation_MCMC_drift/outputs/calibration/state_calibrated_latest.json,ok,MCMC provisional (plateaued=0)
111,forward_advance,38,2026-07-11T05:44:25.371Z,2026-07-11T05:44:29.308Z,3.93700000,43942.00000000,43945.00000000,3.00000000,/home/arash/Projects/DrywellDT/deployments/Bioretention_assimilation_MCMC_drift/state/_current_input.json,/home/arash/Projects/DrywellDT/deployments/Bioretention_assimilation_MCMC_drift/state/state_20200424_000000.json,ok,
112,forward_forecast,38,2026-07-11T05:44:29.309Z,2026-07-11T05:44:33.482Z,4.17300000,43942.00000000,43949.00000000,7.00000000,/home/arash/Projects/DrywellDT/deployments/Bioretention_assimilation_MCMC_drift/state/_current_input.json,,ok,
113,assim_calibration,37,2026-07-11T05:37:13.317Z,2026-07-11T05:57:53.511Z,1240.19400000,43845.00000000,43945.00000000,100.00000000,/home/arash/Projects/DrywellDT/deployments/Bioretention_assimilation_MCMC_drift/state/state_20200421_000000.json,/home/arash/Projects/DrywellDT/deployments/Bioretention_assimilation_MCMC_drift/outputs/calibration/state_calibrated_latest.json,ok,MCMC provisional (plateaued=0)
114,forward_advance,39,2026-07-11T05:58:49.284Z,2026-07-11T05:58:54.528Z,5.24400000,43945.00000000,43948.00000000,3.00000000,/home/arash/Projects/DrywellDT/deployments/Bioretention_assimilation_MCMC_drift/state/_current_input.json,/home/arash/Projects/DrywellDT/deployments/Bioretention_assimilation_MCMC_drift/state/state_20200427_000000.json,ok,
115,forward_forecast,39,2026-07-11T05:58:54.529Z,2026-07-11T05:59:00.832Z,6.30300000,43945.00000000,43952.00000000,7.00000000,/home/arash/Projects/DrywellDT/deployments/Bioretention_assimilation_MCMC_drift/state/_current_input.json,,ok,
116,assim_calibration,38,2026-07-11T05:58:49.283Z,2026-07-11T06:19:27.969Z,1238.68600000,43848.00000000,43948.00000000,100.00000000,/home/arash/Projects/DrywellDT/deployments/Bioretention_assimilation_MCMC_drift/state/state_20200427_000000.json,/home/arash/Projects/DrywellDT/deployments/Bioretention_assimilation_MCMC_drift/outputs/calibration/state_calibrated_latest.json,ok,MCMC provisional (plateaued=0)
117,forward_advance,40,2026-07-11T06:27:37.371Z,2026-07-11T06:27:40.652Z,3.28100000,43948.00000000,43951.00000000,3.00000000,/home/arash/Projects/DrywellDT/deployments/Bioretention_assimilation_MCMC_drift/state/_current_input.json,/home/arash/Projects/DrywellDT/deployments/Bioretention_assimilation_MCMC_drift/state/state_20200430_000000.json,ok,
118,forward_forecast,40,2026-07-11T06:27:40.654Z,2026-07-11T06:27:46.940Z,6.28600000,43948.00000000,43955.00000000,7.00000000,/home/arash/Projects/DrywellDT/deployments/Bioretention_assimilation_MCMC_drift/state/_current_input.json,,ok,
119,assim_calibration,39,2026-07-11T06:20:25.325Z,2026-07-11T06:41:05.502Z,1240.17700000,43851.00000000,43951.00000000,100.00000000,/home/arash/Projects/DrywellDT/deployments/Bioretention_assimilation_MCMC_drift/state/state_20200427_000000.json,/home/arash/Projects/DrywellDT/deployments/Bioretention_assimilation_MCMC_drift/outputs/calibration/state_calibrated_latest.json,ok,MCMC provisional (plateaued=0)
120,forward_advance,41,2026-07-11T06:49:13.335Z,2026-07-11T06:49:19.072Z,5.73700000,43951.00000000,43954.00000000,3.00000000,/home/arash/Projects/DrywellDT/deployments/Bioretention_assimilation_MCMC_drift/state/_current_input.json,/home/arash/Projects/DrywellDT/deployments/Bioretention_assimilation_MCMC_drift/state/state_20200503_000000.json,ok,
121,forward_forecast,41,2026-07-11T06:49:19.074Z,2026-07-11T06:49:26.888Z,7.81400000,43951.00000000,43958.00000000,7.00000000,/home/arash/Projects/DrywellDT/deployments/Bioretention_assimilation_MCMC_drift/state/_current_input.json,,ok,
122,assim_calibration,40,2026-07-11T06:42:01.300Z,2026-07-11T07:02:41.871Z,1240.57100000,43854.00000000,43954.00000000,100.00000000,/home/arash/Projects/DrywellDT/deployments/Bioretention_assimilation_MCMC_drift/state/state_20200430_000000.json,/home/arash/Projects/DrywellDT/deployments/Bioretention_assimilation_MCMC_drift/outputs/calibration/state_calibrated_latest.json,ok,MCMC provisional (plateaued=0)
123,forward_advance,42,2026-07-11T07:03:37.314Z,2026-07-11T07:03:40.661Z,3.34700000,43954.00000000,43957.00000000,3.00000000,/home/arash/Projects/DrywellDT/deployments/Bioretention_assimilation_MCMC_drift/state/_current_input.json,/home/arash/Projects/DrywellDT/deployments/Bioretention_assimilation_MCMC_drift/state/state_20200506_000000.json,ok,
124,forward_forecast,42,2026-07-11T07:03:40.662Z,2026-07-11T07:03:43.735Z,3.07300000,43954.00000000,43961.00000000,7.00000000,/home/arash/Projects/DrywellDT/deployments/Bioretention_assimilation_MCMC_drift/state/_current_input.json,,ok,
125,assim_calibration,41,2026-07-11T07:03:37.313Z,2026-07-11T07:24:18.630Z,1241.31700000,43857.00000000,43957.00000000,100.00000000,/home/arash/Projects/DrywellDT/deployments/Bioretention_assimilation_MCMC_drift/state/state_20200506_000000.json,/home/arash/Projects/DrywellDT/deployments/Bioretention_assimilation_MCMC_drift/outputs/calibration/state_calibrated_latest.json,ok,MCMC provisional (plateaued=0)
126,forward_advance,43,2026-07-11T07:32:25.341Z,2026-07-11T07:32:29.841Z,4.50000000,43957.00000000,43960.00000000,3.00000000,/home/arash/Projects/DrywellDT/deployments/Bioretention_assimilation_MCMC_drift/state/_current_input.json,/home/arash/Projects/DrywellDT/deployments/Bioretention_assimilation_MCMC_drift/state/state_20200509_000000.json,ok,
127,forward_forecast,43,2026-07-11T07:32:29.843Z,2026-07-11T07:32:36.848Z,7.00500000,43957.00000000,43964.00000000,7.00000000,/home/arash/Projects/DrywellDT/deployments/Bioretention_assimilation_MCMC_drift/state/_current_input.json,,ok,
128,assim_calibration,42,2026-07-11T07:25:13.324Z,2026-07-11T07:45:58.543Z,1245.21900000,43860.00000000,43960.00000000,100.00000000,/home/arash/Projects/DrywellDT/deployments/Bioretention_assimilation_MCMC_drift/state/state_20200506_000000.json,/home/arash/Projects/DrywellDT/deployments/Bioretention_assimilation_MCMC_drift/outputs/calibration/state_calibrated_latest.json,ok,MCMC provisional (plateaued=0)
129,forward_advance,44,2026-07-11T07:46:49.293Z,2026-07-11T07:46:56.112Z,6.81900000,43960.00000000,43963.00000000,3.00000000,/home/arash/Projects/DrywellDT/deployments/Bioretention_assimilation_MCMC_drift/state/_current_input.json,/home/arash/Projects/DrywellDT/deployments/Bioretention_assimilation_MCMC_drift/state/state_20200512_000000.json,ok,
130,forward_forecast,44,2026-07-11T07:46:56.113Z,2026-07-11T07:47:00.618Z,4.50500000,43960.00000000,43967.00000000,7.00000000,/home/arash/Projects/DrywellDT/deployments/Bioretention_assimilation_MCMC_drift/state/_current_input.json,,ok,
131,assim_calibration,43,2026-07-11T07:46:49.292Z,2026-07-11T08:07:33.334Z,1244.04200000,43863.00000000,43963.00000000,100.00000000,/home/arash/Projects/DrywellDT/deployments/Bioretention_assimilation_MCMC_drift/state/state_20200512_000000.json,/home/arash/Projects/DrywellDT/deployments/Bioretention_assimilation_MCMC_drift/outputs/calibration/state_calibrated_latest.json,ok,MCMC provisional (plateaued=0)
132,forward_advance,45,2026-07-11T08:15:37.371Z,2026-07-11T08:15:40.923Z,3.55200000,43963.00000000,43966.00000000,3.00000000,/home/arash/Projects/DrywellDT/deployments/Bioretention_assimilation_MCMC_drift/state/_current_input.json,/home/arash/Projects/DrywellDT/deployments/Bioretention_assimilation_MCMC_drift/state/state_20200515_000000.json,ok,
133,forward_forecast,45,2026-07-11T08:15:40.925Z,2026-07-11T08:15:44.237Z,3.31200000,43963.00000000,43970.00000000,7.00000000,/home/arash/Projects/DrywellDT/deployments/Bioretention_assimilation_MCMC_drift/state/_current_input.json,,ok,
134,assim_calibration,44,2026-07-11T08:08:25.305Z,2026-07-11T08:29:04.832Z,1239.52700000,43866.00000000,43966.00000000,100.00000000,/home/arash/Projects/DrywellDT/deployments/Bioretention_assimilation_MCMC_drift/state/state_20200512_000000.json,/home/arash/Projects/DrywellDT/deployments/Bioretention_assimilation_MCMC_drift/outputs/calibration/state_calibrated_latest.json,ok,MCMC provisional (plateaued=0)
135,forward_advance,46,2026-07-11T08:37:13.285Z,2026-07-11T08:37:16.421Z,3.13600000,43966.00000000,43969.00000000,3.00000000,/home/arash/Projects/DrywellDT/deployments/Bioretention_assimilation_MCMC_drift/state/_current_input.json,/home/arash/Projects/DrywellDT/deployments/Bioretention_assimilation_MCMC_drift/state/state_20200518_000000.json,ok,
136,forward_forecast,46,2026-07-11T08:37:16.423Z,2026-07-11T08:37:22.582Z,6.15900000,43966.00000000,43973.00000000,7.00000000,/home/arash/Projects/DrywellDT/deployments/Bioretention_assimilation_MCMC_drift/state/_current_input.json,,ok,
137,assim_calibration,45,2026-07-11T08:30:01.329Z,2026-07-11T08:50:43.615Z,1242.28600000,43869.00000000,43969.00000000,100.00000000,/home/arash/Projects/DrywellDT/deployments/Bioretention_assimilation_MCMC_drift/state/state_20200515_000000.json,/home/arash/Projects/DrywellDT/deployments/Bioretention_assimilation_MCMC_drift/outputs/calibration/state_calibrated_latest.json,ok,MCMC provisional (plateaued=0)
138,forward_advance,47,2026-07-11T08:51:37.296Z,2026-07-11T08:51:41.631Z,4.33500000,43969.00000000,43972.00000000,3.00000000,/home/arash/Projects/DrywellDT/deployments/Bioretention_assimilation_MCMC_drift/state/_current_input.json,/home/arash/Projects/DrywellDT/deployments/Bioretention_assimilation_MCMC_drift/state/state_20200521_000000.json,ok,
139,forward_forecast,47,2026-07-11T08:51:41.632Z,2026-07-11T08:51:47.416Z,5.78400000,43969.00000000,43976.00000000,7.00000000,/home/arash/Projects/DrywellDT/deployments/Bioretention_assimilation_MCMC_drift/state/_current_input.json,,ok,
140,assim_calibration,46,2026-07-11T08:51:37.295Z,2026-07-11T09:12:20.736Z,1243.44100000,43872.00000000,43972.00000000,100.00000000,/home/arash/Projects/DrywellDT/deployments/Bioretention_assimilation_MCMC_drift/state/state_20200521_000000.json,/home/arash/Projects/DrywellDT/deployments/Bioretention_assimilation_MCMC_drift/outputs/calibration/state_calibrated_latest.json,ok,MCMC provisional (plateaued=0)
141,forward_advance,48,2026-07-11T09:20:25.283Z,2026-07-11T09:20:30.400Z,5.11700000,43972.00000000,43975.00000000,3.00000000,/home/arash/Projects/DrywellDT/deployments/Bioretention_assimilation_MCMC_drift/state/_current_input.json,/home/arash/Projects/DrywellDT/deployments/Bioretention_assimilation_MCMC_drift/state/state_20200524_000000.json,ok,
142,forward_forecast,48,2026-07-11T09:20:30.402Z,2026-07-11T09:20:36.097Z,5.69500000,43972.00000000,43979.00000000,7.00000000,/home/arash/Projects/DrywellDT/deployments/Bioretention_assimilation_MCMC_drift/state/_current_input.json,,ok,
143,assim_calibration,47,2026-07-11T09:13:13.317Z,2026-07-11T09:33:52.298Z,1238.98100000,43875.00000000,43975.00000000,100.00000000,/home/arash/Projects/DrywellDT/deployments/Bioretention_assimilation_MCMC_drift/state/state_20200521_000000.json,/home/arash/Projects/DrywellDT/deployments/Bioretention_assimilation_MCMC_drift/outputs/calibration/state_calibrated_latest.json,ok,MCMC provisional (plateaued=0)
144,forward_advance,49,2026-07-11T09:42:01.330Z,2026-07-11T09:42:05.133Z,3.80300000,43975.00000000,43978.00000000,3.00000000,/home/arash/Projects/DrywellDT/deployments/Bioretention_assimilation_MCMC_drift/state/_current_input.json,/home/arash/Projects/DrywellDT/deployments/Bioretention_assimilation_MCMC_drift/state/state_20200527_000000.json,ok,
145,forward_forecast,49,2026-07-11T09:42:05.135Z,2026-07-11T09:42:11.354Z,6.21900000,43975.00000000,43982.00000000,7.00000000,/home/arash/Projects/DrywellDT/deployments/Bioretention_assimilation_MCMC_drift/state/_current_input.json,,ok,
146,assim_calibration,48,2026-07-11T09:34:49.316Z,2026-07-11T09:55:30.810Z,1241.49400000,43878.00000000,43978.00000000,100.00000000,/home/arash/Projects/DrywellDT/deployments/Bioretention_assimilation_MCMC_drift/state/state_20200524_000000.json,/home/arash/Projects/DrywellDT/deployments/Bioretention_assimilation_MCMC_drift/outputs/calibration/state_calibrated_latest.json,ok,MCMC provisional (plateaued=0)
147,forward_advance,50,2026-07-11T10:03:37.325Z,2026-07-11T10:03:43.656Z,6.33100000,43978.00000000,43981.00000000,3.00000000,/home/arash/Projects/DrywellDT/deployments/Bioretention_assimilation_MCMC_drift/state/_current_input.json,/home/arash/Projects/DrywellDT/deployments/Bioretention_assimilation_MCMC_drift/state/state_20200530_000000.json,ok,
148,forward_forecast,50,2026-07-11T10:03:43.658Z,2026-07-11T10:03:46.979Z,3.32100000,43978.00000000,43985.00000000,7.00000000,/home/arash/Projects/DrywellDT/deployments/Bioretention_assimilation_MCMC_drift/state/_current_input.json,,ok,
149,assim_calibration,49,2026-07-11T09:56:25.328Z,2026-07-11T10:17:08.893Z,1243.56500000,43881.00000000,43981.00000000,100.00000000,/home/arash/Projects/DrywellDT/deployments/Bioretention_assimilation_MCMC_drift/state/state_20200527_000000.json,/home/arash/Projects/DrywellDT/deployments/Bioretention_assimilation_MCMC_drift/outputs/calibration/state_calibrated_latest.json,ok,MCMC provisional (plateaued=0)
150,forward_advance,51,2026-07-11T10:25:13.350Z,2026-07-11T10:25:19.380Z,6.03000000,43981.00000000,43984.00000000,3.00000000,/home/arash/Projects/DrywellDT/deployments/Bioretention_assimilation_MCMC_drift/state/_current_input.json,/home/arash/Projects/DrywellDT/deployments/Bioretention_assimilation_MCMC_drift/state/state_20200602_000000.json,ok,
151,forward_forecast,51,2026-07-11T10:25:19.382Z,2026-07-11T10:25:25.757Z,6.37500000,43981.00000000,43988.00000000,7.00000000,/home/arash/Projects/DrywellDT/deployments/Bioretention_assimilation_MCMC_drift/state/_current_input.json,,ok,
152,assim_calibration,50,2026-07-11T10:18:01.286Z,2026-07-11T10:38:43.509Z,1242.22300000,43884.00000000,43984.00000000,100.00000000,/home/arash/Projects/DrywellDT/deployments/Bioretention_assimilation_MCMC_drift/state/state_20200530_000000.json,/home/arash/Projects/DrywellDT/deployments/Bioretention_assimilation_MCMC_drift/outputs/calibration/state_calibrated_latest.json,ok,MCMC provisional (plateaued=0)
153,forward_advance,52,2026-07-11T10:46:49.273Z,2026-07-11T10:46:53.013Z,3.74000000,43984.00000000,43987.00000000,3.00000000,/home/arash/Projects/DrywellDT/deployments/Bioretention_assimilation_MCMC_drift/state/_current_input.json,/home/arash/Projects/DrywellDT/deployments/Bioretention_assimilation_MCMC_drift/state/state_20200605_000000.json,ok,
154,forward_forecast,52,2026-07-11T10:46:53.015Z,2026-07-11T10:47:00.157Z,7.14200000,43984.00000000,43991.00000000,7.00000000,/home/arash/Projects/DrywellDT/deployments/Bioretention_assimilation_MCMC_drift/state/_current_input.json,,ok,
155,assim_calibration,51,2026-07-11T10:39:37.309Z,2026-07-11T11:00:20.705Z,1243.39600000,43887.00000000,43987.00000000,100.00000000,/home/arash/Projects/DrywellDT/deployments/Bioretention_assimilation_MCMC_drift/state/state_20200602_000000.json,/home/arash/Projects/DrywellDT/deployments/Bioretention_assimilation_MCMC_drift/outputs/calibration/state_calibrated_latest.json,ok,MCMC provisional (plateaued=0)
156,forward_advance,53,2026-07-11T11:01:13.286Z,2026-07-11T11:01:19.854Z,6.56800000,43987.00000000,43990.00000000,3.00000000,/home/arash/Projects/DrywellDT/deployments/Bioretention_assimilation_MCMC_drift/state/_current_input.json,/home/arash/Projects/DrywellDT/deployments/Bioretention_assimilation_MCMC_drift/state/state_20200608_000000.json,ok,
157,forward_forecast,53,2026-07-11T11:01:19.856Z,2026-07-11T11:01:22.894Z,3.03800000,43987.00000000,43994.00000000,7.00000000,/home/arash/Projects/DrywellDT/deployments/Bioretention_assimilation_MCMC_drift/state/_current_input.json,,ok,
158,assim_calibration,52,2026-07-11T11:01:13.285Z,2026-07-11T11:21:58.261Z,1244.97600000,43890.00000000,43990.00000000,100.00000000,/home/arash/Projects/DrywellDT/deployments/Bioretention_assimilation_MCMC_drift/state/state_20200608_000000.json,/home/arash/Projects/DrywellDT/deployments/Bioretention_assimilation_MCMC_drift/outputs/calibration/state_calibrated_latest.json,ok,MCMC provisional (plateaued=0)
159,forward_advance,54,2026-07-11T11:22:49.312Z,2026-07-11T11:22:52.405Z,3.09300000,43990.00000000,43993.00000000,3.00000000,/home/arash/Projects/DrywellDT/deployments/Bioretention_assimilation_MCMC_drift/state/_current_input.json,/home/arash/Projects/DrywellDT/deployments/Bioretention_assimilation_MCMC_drift/state/state_20200611_000000.json,ok,
160,forward_forecast,54,2026-07-11T11:22:52.406Z,2026-07-11T11:22:58.254Z,5.84800000,43990.00000000,43997.00000000,7.00000000,/home/arash/Projects/DrywellDT/deployments/Bioretention_assimilation_MCMC_drift/state/_current_input.json,,ok,
161,assim_calibration,53,2026-07-11T11:22:49.311Z,2026-07-11T11:43:28.158Z,1238.84700000,43893.00000000,43993.00000000,100.00000000,/home/arash/Projects/DrywellDT/deployments/Bioretention_assimilation_MCMC_drift/state/state_20200611_000000.json,/home/arash/Projects/DrywellDT/deployments/Bioretention_assimilation_MCMC_drift/outputs/calibration/state_calibrated_latest.json,ok,MCMC provisional (plateaued=0)
162,forward_advance,55,2026-07-11T11:51:37.371Z,2026-07-11T11:51:43.811Z,6.44000000,43993.00000000,43996.00000000,3.00000000,/home/arash/Projects/DrywellDT/deployments/Bioretention_assimilation_MCMC_drift/state/_current_input.json,/home/arash/Projects/DrywellDT/deployments/Bioretention_assimilation_MCMC_drift/state/state_20200614_000000.json,ok,
163,forward_forecast,55,2026-07-11T11:51:43.813Z,2026-07-11T11:51:50.225Z,6.41200000,43993.00000000,44000.00000000,7.00000000,/home/arash/Projects/DrywellDT/deployments/Bioretention_assimilation_MCMC_drift/state/_current_input.json,,ok,
164,assim_calibration,54,2026-07-11T11:44:25.328Z,2026-07-11T12:05:07.819Z,1242.49100000,43896.00000000,43996.00000000,100.00000000,/home/arash/Projects/DrywellDT/deployments/Bioretention_assimilation_MCMC_drift/state/state_20200611_000000.json,/home/arash/Projects/DrywellDT/deployments/Bioretention_assimilation_MCMC_drift/outputs/calibration/state_calibrated_latest.json,ok,MCMC provisional (plateaued=0)
165,forward_advance,56,2026-07-11T12:13:13.371Z,2026-07-11T12:13:19.496Z,6.12500000,43996.00000000,43999.00000000,3.00000000,/home/arash/Projects/DrywellDT/deployments/Bioretention_assimilation_MCMC_drift/state/_current_input.json,/home/arash/Projects/DrywellDT/deployments/Bioretention_assimilation_MCMC_drift/state/state_20200617_000000.json,ok,
166,forward_forecast,56,2026-07-11T12:13:19.498Z,2026-07-11T12:13:26.277Z,6.77900000,43996.00000000,44003.00000000,7.00000000,/home/arash/Projects/DrywellDT/deployments/Bioretention_assimilation_MCMC_drift/state/_current_input.json,,ok,
167,assim_calibration,55,2026-07-11T12:06:01.306Z,2026-07-11T12:26:46.589Z,1245.28300000,43899.00000000,43999.00000000,100.00000000,/home/arash/Projects/DrywellDT/deployments/Bioretention_assimilation_MCMC_drift/state/state_20200614_000000.json,/home/arash/Projects/DrywellDT/deployments/Bioretention_assimilation_MCMC_drift/outputs/calibration/state_calibrated_latest.json,ok,MCMC provisional (plateaued=0)
168,forward_advance,57,2026-07-11T12:27:37.305Z,2026-07-11T12:27:42.036Z,4.73100000,43999.00000000,44002.00000000,3.00000000,/home/arash/Projects/DrywellDT/deployments/Bioretention_assimilation_MCMC_drift/state/_current_input.json,/home/arash/Projects/DrywellDT/deployments/Bioretention_assimilation_MCMC_drift/state/state_20200620_000000.json,ok,
169,forward_forecast,57,2026-07-11T12:27:42.037Z,2026-07-11T12:27:46.895Z,4.85800000,43999.00000000,44006.00000000,7.00000000,/home/arash/Projects/DrywellDT/deployments/Bioretention_assimilation_MCMC_drift/state/_current_input.json,,ok,
170,assim_calibration,56,2026-07-11T12:27:37.305Z,2026-07-11T12:48:16.211Z,1238.90600000,43902.00000000,44002.00000000,100.00000000,/home/arash/Projects/DrywellDT/deployments/Bioretention_assimilation_MCMC_drift/state/state_20200620_000000.json,/home/arash/Projects/DrywellDT/deployments/Bioretention_assimilation_MCMC_drift/outputs/calibration/state_calibrated_latest.json,ok,MCMC provisional (plateaued=0)
171,forward_advance,58,2026-07-11T12:56:25.344Z,2026-07-11T12:56:28.596Z,3.25200000,44002.00000000,44005.00000000,3.00000000,/home/arash/Projects/DrywellDT/deployments/Bioretention_assimilation_MCMC_drift/state/_current_input.json,/home/arash/Projects/DrywellDT/deployments/Bioretention_assimilation_MCMC_drift/state/state_20200623_000000.json,ok,
172,forward_forecast,58,2026-07-11T12:56:28.598Z,2026-07-11T12:56:32.725Z,4.12700000,44002.00000000,44009.00000000,7.00000000,/home/arash/Projects/DrywellDT/deployments/Bioretention_assimilation_MCMC_drift/state/_current_input.json,,ok,
173,assim_calibration,57,2026-07-11T12:49:13.338Z,2026-07-11T13:09:52.968Z,1239.63000000,43905.00000000,44005.00000000,100.00000000,/home/arash/Projects/DrywellDT/deployments/Bioretention_assimilation_MCMC_drift/state/state_20200620_000000.json,/home/arash/Projects/DrywellDT/deployments/Bioretention_assimilation_MCMC_drift/outputs/calibration/state_calibrated_latest.json,ok,MCMC provisional (plateaued=0)
174,forward_advance,59,2026-07-11T13:10:49.287Z,2026-07-11T13:10:54.437Z,5.15000000,44005.00000000,44008.00000000,3.00000000,/home/arash/Projects/DrywellDT/deployments/Bioretention_assimilation_MCMC_drift/state/_current_input.json,/home/arash/Projects/DrywellDT/deployments/Bioretention_assimilation_MCMC_drift/state/state_20200626_000000.json,ok,
175,forward_forecast,59,2026-07-11T13:10:54.438Z,2026-07-11T13:11:00.062Z,5.62400000,44005.00000000,44012.00000000,7.00000000,/home/arash/Projects/DrywellDT/deployments/Bioretention_assimilation_MCMC_drift/state/_current_input.json,,ok,
176,assim_calibration,58,2026-07-11T13:10:49.286Z,2026-07-11T13:31:33.297Z,1244.01100000,43908.00000000,44008.00000000,100.00000000,/home/arash/Projects/DrywellDT/deployments/Bioretention_assimilation_MCMC_drift/state/state_20200626_000000.json,/home/arash/Projects/DrywellDT/deployments/Bioretention_assimilation_MCMC_drift/outputs/calibration/state_calibrated_latest.json,ok,MCMC provisional (plateaued=0)
177,forward_advance,60,2026-07-11T13:39:37.343Z,2026-07-11T13:39:42.137Z,4.79400000,44008.00000000,44011.00000000,3.00000000,/home/arash/Projects/DrywellDT/deployments/Bioretention_assimilation_MCMC_drift/state/_current_input.json,/home/arash/Projects/DrywellDT/deployments/Bioretention_assimilation_MCMC_drift/state/state_20200629_000000.json,ok,
178,forward_forecast,60,2026-07-11T13:39:42.139Z,2026-07-11T13:39:47.840Z,5.70100000,44008.00000000,44015.00000000,7.00000000,/home/arash/Projects/DrywellDT/deployments/Bioretention_assimilation_MCMC_drift/state/_current_input.json,,ok,
179,assim_calibration,59,2026-07-11T13:32:25.296Z,2026-07-11T13:53:07.153Z,1241.85700000,43911.00000000,44011.00000000,100.00000000,/home/arash/Projects/DrywellDT/deployments/Bioretention_assimilation_MCMC_drift/state/state_20200626_000000.json,/home/arash/Projects/DrywellDT/deployments/Bioretention_assimilation_MCMC_drift/outputs/calibration/state_calibrated_latest.json,ok,MCMC provisional (plateaued=0)
180,forward_advance,61,2026-07-11T14:01:13.332Z,2026-07-11T14:01:18.635Z,5.30300000,44011.00000000,44014.00000000,3.00000000,/home/arash/Projects/DrywellDT/deployments/Bioretention_assimilation_MCMC_drift/state/_current_input.json,/home/arash/Projects/DrywellDT/deployments/Bioretention_assimilation_MCMC_drift/state/state_20200702_000000.json,ok,
181,forward_forecast,61,2026-07-11T14:01:18.636Z,2026-07-11T14:01:24.665Z,6.02900000,44011.00000000,44018.00000000,7.00000000,/home/arash/Projects/DrywellDT/deployments/Bioretention_assimilation_MCMC_drift/state/_current_input.json,,ok,
182,assim_calibration,60,2026-07-11T13:54:01.335Z,2026-07-11T14:14:40.805Z,1239.47000000,43914.00000000,44014.00000000,100.00000000,/home/arash/Projects/DrywellDT/deployments/Bioretention_assimilation_MCMC_drift/state/state_20200629_000000.json,/home/arash/Projects/DrywellDT/deployments/Bioretention_assimilation_MCMC_drift/outputs/calibration/state_calibrated_latest.json,ok,MCMC provisional (plateaued=0)
183,forward_advance,62,2026-07-11T14:22:49.371Z,2026-07-11T14:22:55.035Z,5.66400000,44014.00000000,44017.00000000,3.00000000,/home/arash/Projects/DrywellDT/deployments/Bioretention_assimilation_MCMC_drift/state/_current_input.json,/home/arash/Projects/DrywellDT/deployments/Bioretention_assimilation_MCMC_drift/state/state_20200705_000000.json,ok,
184,forward_forecast,62,2026-07-11T14:22:55.037Z,2026-07-11T14:23:02.279Z,7.24200000,44014.00000000,44021.00000000,7.00000000,/home/arash/Projects/DrywellDT/deployments/Bioretention_assimilation_MCMC_drift/state/_current_input.json,,ok,
185,assim_calibration,61,2026-07-11T14:15:37.354Z,2026-07-11T14:36:19.838Z,1242.48400000,43917.00000000,44017.00000000,100.00000000,/home/arash/Projects/DrywellDT/deployments/Bioretention_assimilation_MCMC_drift/state/state_20200702_000000.json,/home/arash/Projects/DrywellDT/deployments/Bioretention_assimilation_MCMC_drift/outputs/calibration/state_calibrated_latest.json,ok,MCMC provisional (plateaued=0)
186,forward_advance,63,2026-07-11T14:44:25.273Z,2026-07-11T14:44:29.982Z,4.70900000,44017.00000000,44020.00000000,3.00000000,/home/arash/Projects/DrywellDT/deployments/Bioretention_assimilation_MCMC_drift/state/_current_input.json,/home/arash/Projects/DrywellDT/deployments/Bioretention_assimilation_MCMC_drift/state/state_20200708_000000.json,ok,
187,forward_forecast,63,2026-07-11T14:44:29.984Z,2026-07-11T14:44:34.107Z,4.12300000,44017.00000000,44024.00000000,7.00000000,/home/arash/Projects/DrywellDT/deployments/Bioretention_assimilation_MCMC_drift/state/_current_input.json,,ok,
188,assim_calibration,62,2026-07-11T14:37:13.335Z,2026-07-11T14:57:53.960Z,1240.62500000,43920.00000000,44020.00000000,100.00000000,/home/arash/Projects/DrywellDT/deployments/Bioretention_assimilation_MCMC_drift/state/state_20200705_000000.json,/home/arash/Projects/DrywellDT/deployments/Bioretention_assimilation_MCMC_drift/outputs/calibration/state_calibrated_latest.json,ok,MCMC provisional (plateaued=0)
189,forward_advance,64,2026-07-11T15:06:01.274Z,2026-07-11T15:06:05.664Z,4.39000000,44020.00000000,44023.00000000,3.00000000,/home/arash/Projects/DrywellDT/deployments/Bioretention_assimilation_MCMC_drift/state/_current_input.json,/home/arash/Projects/DrywellDT/deployments/Bioretention_assimilation_MCMC_drift/state/state_20200711_000000.json,ok,
190,forward_forecast,64,2026-07-11T15:06:05.666Z,2026-07-11T15:06:11.165Z,5.49900000,44020.00000000,44027.00000000,7.00000000,/home/arash/Projects/DrywellDT/deployments/Bioretention_assimilation_MCMC_drift/state/_current_input.json,,ok,
191,assim_calibration,63,2026-07-11T14:58:49.336Z,2026-07-11T15:19:30.569Z,1241.23300000,43923.00000000,44023.00000000,100.00000000,/home/arash/Projects/DrywellDT/deployments/Bioretention_assimilation_MCMC_drift/state/state_20200708_000000.json,/home/arash/Projects/DrywellDT/deployments/Bioretention_assimilation_MCMC_drift/outputs/calibration/state_calibrated_latest.json,ok,MCMC provisional (plateaued=0)
192,forward_advance,65,2026-07-11T15:27:37.371Z,2026-07-11T15:27:43.777Z,6.40600000,44023.00000000,44026.00000000,3.00000000,/home/arash/Projects/DrywellDT/deployments/Bioretention_assimilation_MCMC_drift/state/_current_input.json,/home/arash/Projects/DrywellDT/deployments/Bioretention_assimilation_MCMC_drift/state/state_20200714_000000.json,ok,
193,forward_forecast,65,2026-07-11T15:27:43.778Z,2026-07-11T15:27:49.014Z,5.23600000,44023.00000000,44030.00000000,7.00000000,/home/arash/Projects/DrywellDT/deployments/Bioretention_assimilation_MCMC_drift/state/_current_input.json,,ok,
194,assim_calibration,64,2026-07-11T15:20:25.293Z,2026-07-11T15:41:05.281Z,1239.98800000,43926.00000000,44026.00000000,100.00000000,/home/arash/Projects/DrywellDT/deployments/Bioretention_assimilation_MCMC_drift/state/state_20200711_000000.json,/home/arash/Projects/DrywellDT/deployments/Bioretention_assimilation_MCMC_drift/outputs/calibration/state_calibrated_latest.json,ok,MCMC provisional (plateaued=0)
195,forward_advance,66,2026-07-11T15:49:13.330Z,2026-07-11T15:49:18.106Z,4.77600000,44026.00000000,44029.00000000,3.00000000,/home/arash/Projects/DrywellDT/deployments/Bioretention_assimilation_MCMC_drift/state/_current_input.json,/home/arash/Projects/DrywellDT/deployments/Bioretention_assimilation_MCMC_drift/state/state_20200717_000000.json,ok,
196,forward_forecast,66,2026-07-11T15:49:18.109Z,2026-07-11T15:49:22.974Z,4.86500000,44026.00000000,44033.00000000,7.00000000,/home/arash/Projects/DrywellDT/deployments/Bioretention_assimilation_MCMC_drift/state/_current_input.json,,ok,
197,assim_calibration,65,2026-07-11T15:42:01.334Z,2026-07-11T16:02:43.031Z,1241.69700000,43929.00000000,44029.00000000,100.00000000,/home/arash/Projects/DrywellDT/deployments/Bioretention_assimilation_MCMC_drift/state/state_20200714_000000.json,/home/arash/Projects/DrywellDT/deployments/Bioretention_assimilation_MCMC_drift/outputs/calibration/state_calibrated_latest.json,ok,MCMC provisional (plateaued=0)
198,forward_advance,67,2026-07-11T16:10:49.272Z,2026-07-11T16:10:54.622Z,5.35000000,44029.00000000,44032.00000000,3.00000000,/home/arash/Projects/DrywellDT/deployments/Bioretention_assimilation_MCMC_drift/state/_current_input.json,/home/arash/Projects/DrywellDT/deployments/Bioretention_assimilation_MCMC_drift/state/state_20200720_000000.json,ok,
199,forward_forecast,67,2026-07-11T16:10:54.624Z,2026-07-11T16:11:00.357Z,5.73300000,44029.00000000,44036.00000000,7.00000000,/home/arash/Projects/DrywellDT/deployments/Bioretention_assimilation_MCMC_drift/state/_current_input.json,,ok,
200,assim_calibration,66,2026-07-11T16:03:37.337Z,2026-07-11T16:24:19.721Z,1242.38400000,43932.00000000,44032.00000000,100.00000000,/home/arash/Projects/DrywellDT/deployments/Bioretention_assimilation_MCMC_drift/state/state_20200717_000000.json,/home/arash/Projects/DrywellDT/deployments/Bioretention_assimilation_MCMC_drift/outputs/calibration/state_calibrated_latest.json,ok,MCMC provisional (plateaued=0)
201,forward_advance,68,2026-07-11T16:25:13.316Z,2026-07-11T16:25:18.751Z,5.43500000,44032.00000000,44035.00000000,3.00000000,/home/arash/Projects/DrywellDT/deployments/Bioretention_assimilation_MCMC_drift/state/_current_input.json,/home/arash/Projects/DrywellDT/deployments/Bioretention_assimilation_MCMC_drift/state/state_20200723_000000.json,ok,
202,forward_forecast,68,2026-07-11T16:25:18.752Z,2026-07-11T16:25:23.369Z,4.61700000,44032.00000000,44039.00000000,7.00000000,/home/arash/Projects/DrywellDT/deployments/Bioretention_assimilation_MCMC_drift/state/_current_input.json,,ok,
203,assim_calibration,67,2026-07-11T16:25:13.315Z,2026-07-11T16:45:57.163Z,1243.84800000,43935.00000000,44035.00000000,100.00000000,/home/arash/Projects/DrywellDT/deployments/Bioretention_assimilation_MCMC_drift/state/state_20200723_000000.json,/home/arash/Projects/DrywellDT/deployments/Bioretention_assimilation_MCMC_drift/outputs/calibration/state_calibrated_latest.json,ok,MCMC provisional (plateaued=0)
204,forward_advance,69,2026-07-11T16:46:49.288Z,2026-07-11T16:46:54.572Z,5.28400000,44035.00000000,44038.00000000,3.00000000,/home/arash/Projects/DrywellDT/deployments/Bioretention_assimilation_MCMC_drift/state/_current_input.json,/home/arash/Projects/DrywellDT/deployments/Bioretention_assimilation_MCMC_drift/state/state_20200726_000000.json,ok,
205,forward_forecast,69,2026-07-11T16:46:54.573Z,2026-07-11T16:46:58.430Z,3.85700000,44035.00000000,44042.00000000,7.00000000,/home/arash/Projects/DrywellDT/deployments/Bioretention_assimilation_MCMC_drift/state/_current_input.json,,ok,
206,assim_calibration,68,2026-07-11T16:46:49.287Z,2026-07-11T17:07:28.473Z,1239.18600000,43938.00000000,44038.00000000,100.00000000,/home/arash/Projects/DrywellDT/deployments/Bioretention_assimilation_MCMC_drift/state/state_20200726_000000.json,/home/arash/Projects/DrywellDT/deployments/Bioretention_assimilation_MCMC_drift/outputs/calibration/state_calibrated_latest.json,ok,MCMC provisional (plateaued=0)
207,forward_advance,70,2026-07-11T17:08:25.288Z,2026-07-11T17:08:29.283Z,3.99500000,44038.00000000,44041.00000000,3.00000000,/home/arash/Projects/DrywellDT/deployments/Bioretention_assimilation_MCMC_drift/state/_current_input.json,/home/arash/Projects/DrywellDT/deployments/Bioretention_assimilation_MCMC_drift/state/state_20200729_000000.json,ok,
208,forward_forecast,70,2026-07-11T17:08:29.285Z,2026-07-11T17:08:35.337Z,6.05200000,44038.00000000,44045.00000000,7.00000000,/home/arash/Projects/DrywellDT/deployments/Bioretention_assimilation_MCMC_drift/state/_current_input.json,,ok,
209,assim_calibration,69,2026-07-11T17:08:25.288Z,2026-07-11T17:29:05.507Z,1240.21900000,43941.00000000,44041.00000000,100.00000000,/home/arash/Projects/DrywellDT/deployments/Bioretention_assimilation_MCMC_drift/state/state_20200729_000000.json,/home/arash/Projects/DrywellDT/deployments/Bioretention_assimilation_MCMC_drift/outputs/calibration/state_calibrated_latest.json,ok,MCMC provisional (plateaued=0)
210,forward_advance,71,2026-07-11T17:37:13.370Z,2026-07-11T17:37:19.802Z,6.43200000,44041.00000000,44044.00000000,3.00000000,/home/arash/Projects/DrywellDT/deployments/Bioretention_assimilation_MCMC_drift/state/_current_input.json,/home/arash/Projects/DrywellDT/deployments/Bioretention_assimilation_MCMC_drift/state/state_20200801_000000.json,ok,
211,forward_forecast,71,2026-07-11T17:37:19.804Z,2026-07-11T17:37:24.474Z,4.67000000,44041.00000000,44048.00000000,7.00000000,/home/arash/Projects/DrywellDT/deployments/Bioretention_assimilation_MCMC_drift/state/_current_input.json,,ok,
212,assim_calibration,70,2026-07-11T17:30:01.328Z,2026-07-11T17:50:42.658Z,1241.33000000,43944.00000000,44044.00000000,100.00000000,/home/arash/Projects/DrywellDT/deployments/Bioretention_assimilation_MCMC_drift/state/state_20200729_000000.json,/home/arash/Projects/DrywellDT/deployments/Bioretention_assimilation_MCMC_drift/outputs/calibration/state_calibrated_latest.json,ok,MCMC provisional (plateaued=0)
213,forward_advance,72,2026-07-11T17:58:49.371Z,2026-07-11T17:58:55.732Z,6.36100000,44044.00000000,44047.00000000,3.00000000,/home/arash/Projects/DrywellDT/deployments/Bioretention_assimilation_MCMC_drift/state/_current_input.json,/home/arash/Projects/DrywellDT/deployments/Bioretention_assimilation_MCMC_drift/state/state_20200804_000000.json,ok,
214,forward_forecast,72,2026-07-11T17:58:55.734Z,2026-07-11T17:59:00.317Z,4.58300000,44044.00000000,44051.00000000,7.00000000,/home/arash/Projects/DrywellDT/deployments/Bioretention_assimilation_MCMC_drift/state/_current_input.json,,ok,
215,assim_calibration,71,2026-07-11T17:51:37.287Z,2026-07-11T18:12:23.765Z,1246.47800000,43947.00000000,44047.00000000,100.00000000,/home/arash/Projects/DrywellDT/deployments/Bioretention_assimilation_MCMC_drift/state/state_20200801_000000.json,/home/arash/Projects/DrywellDT/deployments/Bioretention_assimilation_MCMC_drift/outputs/calibration/state_calibrated_latest.json,ok,MCMC provisional (plateaued=0)
216,forward_advance,73,2026-07-11T18:20:25.371Z,2026-07-11T18:20:31.266Z,5.89500000,44047.00000000,44050.00000000,3.00000000,/home/arash/Projects/DrywellDT/deployments/Bioretention_assimilation_MCMC_drift/state/_current_input.json,/home/arash/Projects/DrywellDT/deployments/Bioretention_assimilation_MCMC_drift/state/state_20200807_000000.json,ok,
217,forward_forecast,73,2026-07-11T18:20:31.268Z,2026-07-11T18:20:37.502Z,6.23400000,44047.00000000,44054.00000000,7.00000000,/home/arash/Projects/DrywellDT/deployments/Bioretention_assimilation_MCMC_drift/state/_current_input.json,,ok,
218,assim_calibration,72,2026-07-11T18:13:13.327Z,2026-07-11T18:33:58.922Z,1245.59500000,43950.00000000,44050.00000000,100.00000000,/home/arash/Projects/DrywellDT/deployments/Bioretention_assimilation_MCMC_drift/state/state_20200804_000000.json,/home/arash/Projects/DrywellDT/deployments/Bioretention_assimilation_MCMC_drift/outputs/calibration/state_calibrated_latest.json,ok,MCMC provisional (plateaued=0)
219,forward_advance,74,2026-07-11T18:34:49.297Z,2026-07-11T18:34:54.147Z,4.85000000,44050.00000000,44053.00000000,3.00000000,/home/arash/Projects/DrywellDT/deployments/Bioretention_assimilation_MCMC_drift/state/_current_input.json,/home/arash/Projects/DrywellDT/deployments/Bioretention_assimilation_MCMC_drift/state/state_20200810_000000.json,ok,
220,forward_forecast,74,2026-07-11T18:34:54.148Z,2026-07-11T18:34:59.556Z,5.40800000,44050.00000000,44057.00000000,7.00000000,/home/arash/Projects/DrywellDT/deployments/Bioretention_assimilation_MCMC_drift/state/_current_input.json,,ok,
221,assim_calibration,73,2026-07-11T18:34:49.297Z,2026-07-11T18:55:35.162Z,1245.86500000,43953.00000000,44053.00000000,100.00000000,/home/arash/Projects/DrywellDT/deployments/Bioretention_assimilation_MCMC_drift/state/state_20200810_000000.json,/home/arash/Projects/DrywellDT/deployments/Bioretention_assimilation_MCMC_drift/outputs/calibration/state_calibrated_latest.json,ok,MCMC provisional (plateaued=0)
222,forward_advance,75,2026-07-11T19:03:37.373Z,2026-07-11T19:03:42.371Z,4.99800000,44053.00000000,44056.00000000,3.00000000,/home/arash/Projects/DrywellDT/deployments/Bioretention_assimilation_MCMC_drift/state/_current_input.json,/home/arash/Projects/DrywellDT/deployments/Bioretention_assimilation_MCMC_drift/state/state_20200813_000000.json,ok,
223,forward_forecast,75,2026-07-11T19:03:42.373Z,2026-07-11T19:03:47.658Z,5.28500000,44053.00000000,44060.00000000,7.00000000,/home/arash/Projects/DrywellDT/deployments/Bioretention_assimilation_MCMC_drift/state/_current_input.json,,ok,
224,assim_calibration,74,2026-07-11T18:56:25.299Z,2026-07-11T19:17:11.733Z,1246.43400000,43956.00000000,44056.00000000,100.00000000,/home/arash/Projects/DrywellDT/deployments/Bioretention_assimilation_MCMC_drift/state/state_20200810_000000.json,/home/arash/Projects/DrywellDT/deployments/Bioretention_assimilation_MCMC_drift/outputs/calibration/state_calibrated_latest.json,ok,MCMC provisional (plateaued=0)
225,forward_advance,76,2026-07-11T19:25:13.345Z,2026-07-11T19:25:17.927Z,4.58200000,44056.00000000,44059.00000000,3.00000000,/home/arash/Projects/DrywellDT/deployments/Bioretention_assimilation_MCMC_drift/state/_current_input.json,/home/arash/Projects/DrywellDT/deployments/Bioretention_assimilation_MCMC_drift/state/state_20200816_000000.json,ok,
226,forward_forecast,76,2026-07-11T19:25:17.930Z,2026-07-11T19:25:22.885Z,4.95500000,44056.00000000,44063.00000000,7.00000000,/home/arash/Projects/DrywellDT/deployments/Bioretention_assimilation_MCMC_drift/state/_current_input.json,,ok,
227,assim_calibration,75,2026-07-11T19:18:01.333Z,2026-07-11T19:38:44.546Z,1243.21300000,43959.00000000,44059.00000000,100.00000000,/home/arash/Projects/DrywellDT/deployments/Bioretention_assimilation_MCMC_drift/state/state_20200813_000000.json,/home/arash/Projects/DrywellDT/deployments/Bioretention_assimilation_MCMC_drift/outputs/calibration/state_calibrated_latest.json,ok,MCMC provisional (plateaued=0)
228,forward_advance,77,2026-07-11T19:46:49.358Z,2026-07-11T19:46:53.839Z,4.48100000,44059.00000000,44062.00000000,3.00000000,/home/arash/Projects/DrywellDT/deployments/Bioretention_assimilation_MCMC_drift/state/_current_input.json,/home/arash/Projects/DrywellDT/deployments/Bioretention_assimilation_MCMC_drift/state/state_20200819_000000.json,ok,
229,forward_forecast,77,2026-07-11T19:46:53.841Z,2026-07-11T19:46:58.308Z,4.46700000,44059.00000000,44066.00000000,7.00000000,/home/arash/Projects/DrywellDT/deployments/Bioretention_assimilation_MCMC_drift/state/_current_input.json,,ok,
230,assim_calibration,76,2026-07-11T19:39:37.336Z,2026-07-11T20:00:19.601Z,1242.26500000,43962.00000000,44062.00000000,100.00000000,/home/arash/Projects/DrywellDT/deployments/Bioretention_assimilation_MCMC_drift/state/state_20200816_000000.json,/home/arash/Projects/DrywellDT/deployments/Bioretention_assimilation_MCMC_drift/outputs/calibration/state_calibrated_latest.json,ok,MCMC provisional (plateaued=0)
231,forward_advance,78,2026-07-11T20:08:25.311Z,2026-07-11T20:08:30.089Z,4.77800000,44062.00000000,44065.00000000,3.00000000,/home/arash/Projects/DrywellDT/deployments/Bioretention_assimilation_MCMC_drift/state/_current_input.json,/home/arash/Projects/DrywellDT/deployments/Bioretention_assimilation_MCMC_drift/state/state_20200822_000000.json,ok,
232,forward_forecast,78,2026-07-11T20:08:30.091Z,2026-07-11T20:08:34.804Z,4.71300000,44062.00000000,44069.00000000,7.00000000,/home/arash/Projects/DrywellDT/deployments/Bioretention_assimilation_MCMC_drift/state/_current_input.json,,ok,
233,assim_calibration,77,2026-07-11T20:01:13.328Z,2026-07-11T20:21:52.968Z,1239.64000000,43965.00000000,44065.00000000,100.00000000,/home/arash/Projects/DrywellDT/deployments/Bioretention_assimilation_MCMC_drift/state/state_20200819_000000.json,/home/arash/Projects/DrywellDT/deployments/Bioretention_assimilation_MCMC_drift/outputs/calibration/state_calibrated_latest.json,ok,MCMC provisional (plateaued=0)
234,forward_advance,79,2026-07-11T20:22:49.299Z,2026-07-11T20:22:53.092Z,3.79300000,44065.00000000,44068.00000000,3.00000000,/home/arash/Projects/DrywellDT/deployments/Bioretention_assimilation_MCMC_drift/state/_current_input.json,/home/arash/Projects/DrywellDT/deployments/Bioretention_assimilation_MCMC_drift/state/state_20200825_000000.json,ok,
235,forward_forecast,79,2026-07-11T20:22:53.093Z,2026-07-11T20:22:58.475Z,5.38200000,44065.00000000,44072.00000000,7.00000000,/home/arash/Projects/DrywellDT/deployments/Bioretention_assimilation_MCMC_drift/state/_current_input.json,,ok,
236,assim_calibration,78,2026-07-11T20:22:49.299Z,2026-07-11T20:43:34.411Z,1245.11200000,43968.00000000,44068.00000000,100.00000000,/home/arash/Projects/DrywellDT/deployments/Bioretention_assimilation_MCMC_drift/state/state_20200825_000000.json,/home/arash/Projects/DrywellDT/deployments/Bioretention_assimilation_MCMC_drift/outputs/calibration/state_calibrated_latest.json,ok,MCMC provisional (plateaued=0)
237,forward_advance,80,2026-07-11T20:51:37.289Z,2026-07-11T20:51:42.883Z,5.59400000,44068.00000000,44071.00000000,3.00000000,/home/arash/Projects/DrywellDT/deployments/Bioretention_assimilation_MCMC_drift/state/_current_input.json,/home/arash/Projects/DrywellDT/deployments/Bioretention_assimilation_MCMC_drift/state/state_20200828_000000.json,ok,
238,forward_forecast,80,2026-07-11T20:51:42.885Z,2026-07-11T20:51:48.783Z,5.89800000,44068.00000000,44075.00000000,7.00000000,/home/arash/Projects/DrywellDT/deployments/Bioretention_assimilation_MCMC_drift/state/_current_input.json,,ok,
239,assim_calibration,79,2026-07-11T20:44:25.334Z,2026-07-11T21:05:10.996Z,1245.66200000,43971.00000000,44071.00000000,100.00000000,/home/arash/Projects/DrywellDT/deployments/Bioretention_assimilation_MCMC_drift/state/state_20200825_000000.json,/home/arash/Projects/DrywellDT/deployments/Bioretention_assimilation_MCMC_drift/outputs/calibration/state_calibrated_latest.json,ok,MCMC provisional (plateaued=0)
240,forward_advance,81,2026-07-11T21:13:13.371Z,2026-07-11T21:13:18.595Z,5.22400000,44071.00000000,44074.00000000,3.00000000,/home/arash/Projects/DrywellDT/deployments/Bioretention_assimilation_MCMC_drift/state/_current_input.json,/home/arash/Projects/DrywellDT/deployments/Bioretention_assimilation_MCMC_drift/state/state_20200831_000000.json,ok,
241,forward_forecast,81,2026-07-11T21:13:18.598Z,2026-07-11T21:13:24.331Z,5.73300000,44071.00000000,44078.00000000,7.00000000,/home/arash/Projects/DrywellDT/deployments/Bioretention_assimilation_MCMC_drift/state/_current_input.json,,ok,
242,assim_calibration,80,2026-07-11T21:06:01.330Z,2026-07-11T21:26:44.133Z,1242.80300000,43974.00000000,44074.00000000,100.00000000,/home/arash/Projects/DrywellDT/deployments/Bioretention_assimilation_MCMC_drift/state/state_20200828_000000.json,/home/arash/Projects/DrywellDT/deployments/Bioretention_assimilation_MCMC_drift/outputs/calibration/state_calibrated_latest.json,ok,MCMC provisional (plateaued=0)
243,forward_advance,82,2026-07-11T21:34:49.363Z,2026-07-11T21:34:54.657Z,5.29400000,44074.00000000,44077.00000000,3.00000000,/home/arash/Projects/DrywellDT/deployments/Bioretention_assimilation_MCMC_drift/state/_current_input.json,/home/arash/Projects/DrywellDT/deployments/Bioretention_assimilation_MCMC_drift/state/state_20200903_000000.json,ok,
244,forward_forecast,82,2026-07-11T21:34:54.659Z,2026-07-11T21:35:01.091Z,6.43200000,44074.00000000,44081.00000000,7.00000000,/home/arash/Projects/DrywellDT/deployments/Bioretention_assimilation_MCMC_drift/state/_current_input.json,,ok,
245,assim_calibration,81,2026-07-11T21:27:37.335Z,2026-07-11T21:48:20.429Z,1243.09400000,43977.00000000,44077.00000000,100.00000000,/home/arash/Projects/DrywellDT/deployments/Bioretention_assimilation_MCMC_drift/state/state_20200831_000000.json,/home/arash/Projects/DrywellDT/deployments/Bioretention_assimilation_MCMC_drift/outputs/calibration/state_calibrated_latest.json,ok,MCMC provisional (plateaued=0)
246,forward_advance,83,2026-07-11T21:56:25.371Z,2026-07-11T21:56:32.465Z,7.09400000,44077.00000000,44080.00000000,3.00000000,/home/arash/Projects/DrywellDT/deployments/Bioretention_assimilation_MCMC_drift/state/_current_input.json,/home/arash/Projects/DrywellDT/deployments/Bioretention_assimilation_MCMC_drift/state/state_20200906_000000.json,ok,
247,forward_forecast,83,2026-07-11T21:56:32.467Z,2026-07-11T21:56:36.255Z,3.78800000,44077.00000000,44084.00000000,7.00000000,/home/arash/Projects/DrywellDT/deployments/Bioretention_assimilation_MCMC_drift/state/_current_input.json,,ok,
248,assim_calibration,82,2026-07-11T21:49:13.327Z,2026-07-11T22:09:56.405Z,1243.07800000,43980.00000000,44080.00000000,100.00000000,/home/arash/Projects/DrywellDT/deployments/Bioretention_assimilation_MCMC_drift/state/state_20200903_000000.json,/home/arash/Projects/DrywellDT/deployments/Bioretention_assimilation_MCMC_drift/outputs/calibration/state_calibrated_latest.json,ok,MCMC provisional (plateaued=0)
249,forward_advance,84,2026-07-11T22:18:01.369Z,2026-07-11T22:18:05.903Z,4.53400000,44080.00000000,44083.00000000,3.00000000,/home/arash/Projects/DrywellDT/deployments/Bioretention_assimilation_MCMC_drift/state/_current_input.json,/home/arash/Projects/DrywellDT/deployments/Bioretention_assimilation_MCMC_drift/state/state_20200909_000000.json,ok,
250,forward_forecast,84,2026-07-11T22:18:05.908Z,2026-07-11T22:18:10.988Z,5.08000000,44080.00000000,44087.00000000,7.00000000,/home/arash/Projects/DrywellDT/deployments/Bioretention_assimilation_MCMC_drift/state/_current_input.json,,ok,
251,assim_calibration,83,2026-07-11T22:10:49.338Z,2026-07-11T22:31:33.338Z,1244.00000000,43983.00000000,44083.00000000,100.00000000,/home/arash/Projects/DrywellDT/deployments/Bioretention_assimilation_MCMC_drift/state/state_20200906_000000.json,/home/arash/Projects/DrywellDT/deployments/Bioretention_assimilation_MCMC_drift/outputs/calibration/state_calibrated_latest.json,ok,MCMC provisional (plateaued=0)
252,forward_advance,85,2026-07-11T22:39:37.364Z,2026-07-11T22:39:41.635Z,4.27100000,44083.00000000,44086.00000000,3.00000000,/home/arash/Projects/DrywellDT/deployments/Bioretention_assimilation_MCMC_drift/state/_current_input.json,/home/arash/Projects/DrywellDT/deployments/Bioretention_assimilation_MCMC_drift/state/state_20200912_000000.json,ok,
253,forward_forecast,85,2026-07-11T22:39:41.636Z,2026-07-11T22:39:46.203Z,4.56700000,44083.00000000,44090.00000000,7.00000000,/home/arash/Projects/DrywellDT/deployments/Bioretention_assimilation_MCMC_drift/state/_current_input.json,,ok,
254,assim_calibration,84,2026-07-11T22:32:25.317Z,2026-07-11T22:53:10.416Z,1245.09900000,43986.00000000,44086.00000000,100.00000000,/home/arash/Projects/DrywellDT/deployments/Bioretention_assimilation_MCMC_drift/state/state_20200909_000000.json,/home/arash/Projects/DrywellDT/deployments/Bioretention_assimilation_MCMC_drift/outputs/calibration/state_calibrated_latest.json,ok,MCMC provisional (plateaued=0)
255,forward_advance,86,2026-07-11T23:01:13.365Z,2026-07-11T23:01:18.928Z,5.56300000,44086.00000000,44089.00000000,3.00000000,/home/arash/Projects/DrywellDT/deployments/Bioretention_assimilation_MCMC_drift/state/_current_input.json,/home/arash/Projects/DrywellDT/deployments/Bioretention_assimilation_MCMC_drift/state/state_20200915_000000.json,ok,
256,forward_forecast,86,2026-07-11T23:01:18.930Z,2026-07-11T23:01:24.788Z,5.85800000,44086.00000000,44093.00000000,7.00000000,/home/arash/Projects/DrywellDT/deployments/Bioretention_assimilation_MCMC_drift/state/_current_input.json,,ok,
257,assim_calibration,85,2026-07-11T22:54:01.335Z,2026-07-11T23:14:44.556Z,1243.22100000,43989.00000000,44089.00000000,100.00000000,/home/arash/Projects/DrywellDT/deployments/Bioretention_assimilation_MCMC_drift/state/state_20200912_000000.json,/home/arash/Projects/DrywellDT/deployments/Bioretention_assimilation_MCMC_drift/outputs/calibration/state_calibrated_latest.json,ok,MCMC provisional (plateaued=0)
258,forward_advance,87,2026-07-11T23:15:37.301Z,2026-07-11T23:15:40.622Z,3.32100000,44089.00000000,44092.00000000,3.00000000,/home/arash/Projects/DrywellDT/deployments/Bioretention_assimilation_MCMC_drift/state/_current_input.json,/home/arash/Projects/DrywellDT/deployments/Bioretention_assimilation_MCMC_drift/state/state_20200918_000000.json,ok,
259,forward_forecast,87,2026-07-11T23:15:40.623Z,2026-07-11T23:15:45.933Z,5.31000000,44089.00000000,44096.00000000,7.00000000,/home/arash/Projects/DrywellDT/deployments/Bioretention_assimilation_MCMC_drift/state/_current_input.json,,ok,
260,assim_calibration,86,2026-07-11T23:15:37.300Z,2026-07-11T23:36:18.293Z,1240.99300000,43992.00000000,44092.00000000,100.00000000,/home/arash/Projects/DrywellDT/deployments/Bioretention_assimilation_MCMC_drift/state/state_20200918_000000.json,/home/arash/Projects/DrywellDT/deployments/Bioretention_assimilation_MCMC_drift/outputs/calibration/state_calibrated_latest.json,ok,MCMC provisional (plateaued=0)
261,forward_advance,88,2026-07-11T23:44:25.371Z,2026-07-11T23:44:28.908Z,3.53700000,44092.00000000,44095.00000000,3.00000000,/home/arash/Projects/DrywellDT/deployments/Bioretention_assimilation_MCMC_drift/state/_current_input.json,/home/arash/Projects/DrywellDT/deployments/Bioretention_assimilation_MCMC_drift/state/state_20200921_000000.json,ok,
262,forward_forecast,88,2026-07-11T23:44:28.910Z,2026-07-11T23:44:32.989Z,4.07900000,44092.00000000,44099.00000000,7.00000000,/home/arash/Projects/DrywellDT/deployments/Bioretention_assimilation_MCMC_drift/state/_current_input.json,,ok,
263,assim_calibration,87,2026-07-11T23:37:13.336Z,2026-07-11T23:57:57.538Z,1244.20200000,43995.00000000,44095.00000000,100.00000000,/home/arash/Projects/DrywellDT/deployments/Bioretention_assimilation_MCMC_drift/state/state_20200918_000000.json,/home/arash/Projects/DrywellDT/deployments/Bioretention_assimilation_MCMC_drift/outputs/calibration/state_calibrated_latest.json,ok,MCMC provisional (plateaued=0)
264,forward_advance,89,2026-07-12T00:06:01.310Z,2026-07-12T00:06:04.449Z,3.13900000,44095.00000000,44098.00000000,3.00000000,/home/arash/Projects/DrywellDT/deployments/Bioretention_assimilation_MCMC_drift/state/_current_input.json,/home/arash/Projects/DrywellDT/deployments/Bioretention_assimilation_MCMC_drift/state/state_20200924_000000.json,ok,
265,forward_forecast,89,2026-07-12T00:06:04.451Z,2026-07-12T00:06:10.706Z,6.25500000,44095.00000000,44102.00000000,7.00000000,/home/arash/Projects/DrywellDT/deployments/Bioretention_assimilation_MCMC_drift/state/_current_input.json,,ok,
266,assim_calibration,88,2026-07-11T23:58:49.336Z,2026-07-12T00:19:30.945Z,1241.60900000,43998.00000000,44098.00000000,100.00000000,/home/arash/Projects/DrywellDT/deployments/Bioretention_assimilation_MCMC_drift/state/state_20200921_000000.json,/home/arash/Projects/DrywellDT/deployments/Bioretention_assimilation_MCMC_drift/outputs/calibration/state_calibrated_latest.json,ok,MCMC provisional (plateaued=0)
267,forward_advance,90,2026-07-12T00:27:37.371Z,2026-07-12T00:27:40.968Z,3.59700000,44098.00000000,44101.00000000,3.00000000,/home/arash/Projects/DrywellDT/deployments/Bioretention_assimilation_MCMC_drift/state/_current_input.json,/home/arash/Projects/DrywellDT/deployments/Bioretention_assimilation_MCMC_drift/state/state_20200927_000000.json,ok,
268,forward_forecast,90,2026-07-12T00:27:40.970Z,2026-07-12T00:27:46.320Z,5.35000000,44098.00000000,44105.00000000,7.00000000,/home/arash/Projects/DrywellDT/deployments/Bioretention_assimilation_MCMC_drift/state/_current_input.json,,ok,
269,assim_calibration,89,2026-07-12T00:20:25.331Z,2026-07-12T00:41:10.762Z,1245.43100000,44001.00000000,44101.00000000,100.00000000,/home/arash/Projects/DrywellDT/deployments/Bioretention_assimilation_MCMC_drift/state/state_20200924_000000.json,/home/arash/Projects/DrywellDT/deployments/Bioretention_assimilation_MCMC_drift/outputs/calibration/state_calibrated_latest.json,ok,MCMC provisional (plateaued=0)
270,forward_advance,91,2026-07-12T00:49:13.286Z,2026-07-12T00:49:18.780Z,5.49400000,44101.00000000,44104.00000000,3.00000000,/home/arash/Projects/DrywellDT/deployments/Bioretention_assimilation_MCMC_drift/state/_current_input.json,/home/arash/Projects/DrywellDT/deployments/Bioretention_assimilation_MCMC_drift/state/state_20200930_000000.json,ok,
271,forward_forecast,91,2026-07-12T00:49:18.781Z,2026-07-12T00:49:22.899Z,4.11800000,44101.00000000,44108.00000000,7.00000000,/home/arash/Projects/DrywellDT/deployments/Bioretention_assimilation_MCMC_drift/state/_current_input.json,,ok,
272,assim_calibration,90,2026-07-12T00:42:01.336Z,2026-07-12T01:02:41.548Z,1240.21200000,44004.00000000,44104.00000000,100.00000000,/home/arash/Projects/DrywellDT/deployments/Bioretention_assimilation_MCMC_drift/state/state_20200927_000000.json,/home/arash/Projects/DrywellDT/deployments/Bioretention_assimilation_MCMC_drift/outputs/calibration/state_calibrated_latest.json,ok,MCMC provisional (plateaued=0)
273,forward_advance,92,2026-07-12T01:03:37.296Z,2026-07-12T01:03:41.512Z,4.21600000,44104.00000000,44107.00000000,3.00000000,/home/arash/Projects/DrywellDT/deployments/Bioretention_assimilation_MCMC_drift/state/_current_input.json,/home/arash/Projects/DrywellDT/deployments/Bioretention_assimilation_MCMC_drift/state/state_20201003_000000.json,ok,
274,forward_forecast,92,2026-07-12T01:03:41.513Z,2026-07-12T01:03:45.973Z,4.46000000,44104.00000000,44111.00000000,7.00000000,/home/arash/Projects/DrywellDT/deployments/Bioretention_assimilation_MCMC_drift/state/_current_input.json,,ok,
275,assim_calibration,91,2026-07-12T01:03:37.296Z,2026-07-12T01:24:22.950Z,1245.65400000,44007.00000000,44107.00000000,100.00000000,/home/arash/Projects/DrywellDT/deployments/Bioretention_assimilation_MCMC_drift/state/state_20201003_000000.json,/home/arash/Projects/DrywellDT/deployments/Bioretention_assimilation_MCMC_drift/outputs/calibration/state_calibrated_latest.json,ok,MCMC provisional (plateaued=0)
276,forward_advance,93,2026-07-12T01:32:25.371Z,2026-07-12T01:32:30.016Z,4.64500000,44107.00000000,44110.00000000,3.00000000,/home/arash/Projects/DrywellDT/deployments/Bioretention_assimilation_MCMC_drift/state/_current_input.json,/home/arash/Projects/DrywellDT/deployments/Bioretention_assimilation_MCMC_drift/state/state_20201006_000000.json,ok,
277,forward_forecast,93,2026-07-12T01:32:30.018Z,2026-07-12T01:32:34.444Z,4.42600000,44107.00000000,44114.00000000,7.00000000,/home/arash/Projects/DrywellDT/deployments/Bioretention_assimilation_MCMC_drift/state/_current_input.json,,ok,
278,assim_calibration,92,2026-07-12T01:25:13.336Z,2026-07-12T01:45:57.793Z,1244.45700000,44010.00000000,44110.00000000,100.00000000,/home/arash/Projects/DrywellDT/deployments/Bioretention_assimilation_MCMC_drift/state/state_20201003_000000.json,/home/arash/Projects/DrywellDT/deployments/Bioretention_assimilation_MCMC_drift/outputs/calibration/state_calibrated_latest.json,ok,MCMC provisional (plateaued=0)
279,forward_advance,94,2026-07-12T01:46:49.291Z,2026-07-12T01:46:52.855Z,3.56400000,44110.00000000,44113.00000000,3.00000000,/home/arash/Projects/DrywellDT/deployments/Bioretention_assimilation_MCMC_drift/state/_current_input.json,/home/arash/Projects/DrywellDT/deployments/Bioretention_assimilation_MCMC_drift/state/state_20201009_000000.json,ok,
280,forward_forecast,94,2026-07-12T01:46:52.856Z,2026-07-12T01:46:57.168Z,4.31200000,44110.00000000,44117.00000000,7.00000000,/home/arash/Projects/DrywellDT/deployments/Bioretention_assimilation_MCMC_drift/state/_current_input.json,,ok,
281,assim_calibration,93,2026-07-12T01:46:49.290Z,2026-07-12T02:07:31.806Z,1242.51600000,44013.00000000,44113.00000000,100.00000000,/home/arash/Projects/DrywellDT/deployments/Bioretention_assimilation_MCMC_drift/state/state_20201009_000000.json,/home/arash/Projects/DrywellDT/deployments/Bioretention_assimilation_MCMC_drift/outputs/calibration/state_calibrated_latest.json,ok,MCMC provisional (plateaued=0)
282,forward_advance,95,2026-07-12T02:08:25.291Z,2026-07-12T02:08:28.495Z,3.20400000,44113.00000000,44116.00000000,3.00000000,/home/arash/Projects/DrywellDT/deployments/Bioretention_assimilation_MCMC_drift/state/_current_input.json,/home/arash/Projects/DrywellDT/deployments/Bioretention_assimilation_MCMC_drift/state/state_20201012_000000.json,ok,
283,forward_forecast,95,2026-07-12T02:08:28.496Z,2026-07-12T02:08:33.660Z,5.16400000,44113.00000000,44120.00000000,7.00000000,/home/arash/Projects/DrywellDT/deployments/Bioretention_assimilation_MCMC_drift/state/_current_input.json,,ok,
284,assim_calibration,94,2026-07-12T02:08:25.290Z,2026-07-12T02:29:07.288Z,1241.99800000,44016.00000000,44116.00000000,100.00000000,/home/arash/Projects/DrywellDT/deployments/Bioretention_assimilation_MCMC_drift/state/state_20201012_000000.json,/home/arash/Projects/DrywellDT/deployments/Bioretention_assimilation_MCMC_drift/outputs/calibration/state_calibrated_latest.json,ok,MCMC provisional (plateaued=0)
285,forward_advance,96,2026-07-12T02:37:13.344Z,2026-07-12T02:37:18.824Z,5.48000000,44116.00000000,44119.00000000,3.00000000,/home/arash/Projects/DrywellDT/deployments/Bioretention_assimilation_MCMC_drift/state/_current_input.json,/home/arash/Projects/DrywellDT/deployments/Bioretention_assimilation_MCMC_drift/state/state_20201015_000000.json,ok,
286,forward_forecast,96,2026-07-12T02:37:18.826Z,2026-07-12T02:37:24.685Z,5.85900000,44116.00000000,44123.00000000,7.00000000,/home/arash/Projects/DrywellDT/deployments/Bioretention_assimilation_MCMC_drift/state/_current_input.json,,ok,
287,assim_calibration,95,2026-07-12T02:30:01.322Z,2026-07-12T02:50:43.023Z,1241.70100000,44019.00000000,44119.00000000,100.00000000,/home/arash/Projects/DrywellDT/deployments/Bioretention_assimilation_MCMC_drift/state/state_20201012_000000.json,/home/arash/Projects/DrywellDT/deployments/Bioretention_assimilation_MCMC_drift/outputs/calibration/state_calibrated_latest.json,ok,MCMC provisional (plateaued=0)
288,forward_advance,97,2026-07-12T02:58:49.371Z,2026-07-12T02:58:53.471Z,4.10000000,44119.00000000,44122.00000000,3.00000000,/home/arash/Projects/DrywellDT/deployments/Bioretention_assimilation_MCMC_drift/state/_current_input.json,/home/arash/Projects/DrywellDT/deployments/Bioretention_assimilation_MCMC_drift/state/state_20201018_000000.json,ok,
289,forward_forecast,97,2026-07-12T02:58:53.474Z,2026-07-12T02:58:58.236Z,4.76200000,44119.00000000,44126.00000000,7.00000000,/home/arash/Projects/DrywellDT/deployments/Bioretention_assimilation_MCMC_drift/state/_current_input.json,,ok,
290,assim_calibration,96,2026-07-12T02:51:37.322Z,2026-07-12T03:12:20.436Z,1243.11400000,44022.00000000,44122.00000000,100.00000000,/home/arash/Projects/DrywellDT/deployments/Bioretention_assimilation_MCMC_drift/state/state_20201015_000000.json,/home/arash/Projects/DrywellDT/deployments/Bioretention_assimilation_MCMC_drift/outputs/calibration/state_calibrated_latest.json,ok,MCMC provisional (plateaued=0)
291,forward_advance,98,2026-07-12T03:20:25.359Z,2026-07-12T03:20:29.793Z,4.43400000,44122.00000000,44125.00000000,3.00000000,/home/arash/Projects/DrywellDT/deployments/Bioretention_assimilation_MCMC_drift/state/_current_input.json,/home/arash/Projects/DrywellDT/deployments/Bioretention_assimilation_MCMC_drift/state/state_20201021_000000.json,ok,
292,forward_forecast,98,2026-07-12T03:20:29.795Z,2026-07-12T03:20:34.385Z,4.59000000,44122.00000000,44129.00000000,7.00000000,/home/arash/Projects/DrywellDT/deployments/Bioretention_assimilation_MCMC_drift/state/_current_input.json,,ok,
293,assim_calibration,97,2026-07-12T03:13:13.337Z,2026-07-12T03:33:59.659Z,1246.32200000,44025.00000000,44125.00000000,100.00000000,/home/arash/Projects/DrywellDT/deployments/Bioretention_assimilation_MCMC_drift/state/state_20201018_000000.json,/home/arash/Projects/DrywellDT/deployments/Bioretention_assimilation_MCMC_drift/outputs/calibration/state_calibrated_latest.json,ok,MCMC provisional (plateaued=0)
294,forward_advance,99,2026-07-12T03:42:01.371Z,2026-07-12T03:42:05.856Z,4.48500000,44125.00000000,44128.00000000,3.00000000,/home/arash/Projects/DrywellDT/deployments/Bioretention_assimilation_MCMC_drift/state/_current_input.json,/home/arash/Projects/DrywellDT/deployments/Bioretention_assimilation_MCMC_drift/state/state_20201024_000000.json,ok,
295,forward_forecast,99,2026-07-12T03:42:05.858Z,2026-07-12T03:42:11.485Z,5.62700000,44125.00000000,44132.00000000,7.00000000,/home/arash/Projects/DrywellDT/deployments/Bioretention_assimilation_MCMC_drift/state/_current_input.json,,ok,
296,assim_calibration,98,2026-07-12T03:34:49.336Z,2026-07-12T03:55:33.619Z,1244.28300000,44028.00000000,44128.00000000,100.00000000,/home/arash/Projects/DrywellDT/deployments/Bioretention_assimilation_MCMC_drift/state/state_20201021_000000.json,/home/arash/Projects/DrywellDT/deployments/Bioretention_assimilation_MCMC_drift/outputs/calibration/state_calibrated_latest.json,ok,MCMC provisional (plateaued=0)
297,forward_advance,100,2026-07-12T04:03:37.360Z,2026-07-12T04:03:40.452Z,3.09200000,44128.00000000,44131.00000000,3.00000000,/home/arash/Projects/DrywellDT/deployments/Bioretention_assimilation_MCMC_drift/state/_current_input.json,/home/arash/Projects/DrywellDT/deployments/Bioretention_assimilation_MCMC_drift/state/state_20201027_000000.json,ok,
298,forward_forecast,100,2026-07-12T04:03:40.453Z,2026-07-12T04:03:45.816Z,5.36300000,44128.00000000,44135.00000000,7.00000000,/home/arash/Projects/DrywellDT/deployments/Bioretention_assimilation_MCMC_drift/state/_current_input.json,,ok,
299,assim_calibration,99,2026-07-12T03:56:25.336Z,2026-07-12T04:17:11.580Z,1246.24400000,44031.00000000,44131.00000000,100.00000000,/home/arash/Projects/DrywellDT/deployments/Bioretention_assimilation_MCMC_drift/state/state_20201024_000000.json,/home/arash/Projects/DrywellDT/deployments/Bioretention_assimilation_MCMC_drift/outputs/calibration/state_calibrated_latest.json,ok,MCMC provisional (plateaued=0)
300,forward_advance,101,2026-07-12T04:25:13.371Z,2026-07-12T04:25:18.380Z,5.00900000,44131.00000000,44134.00000000,3.00000000,/home/arash/Projects/DrywellDT/deployments/Bioretention_assimilation_MCMC_drift/state/_current_input.json,/home/arash/Projects/DrywellDT/deployments/Bioretention_assimilation_MCMC_drift/state/state_20201030_000000.json,ok,
301,forward_forecast,101,2026-07-12T04:25:18.382Z,2026-07-12T04:25:23.668Z,5.28600000,44131.00000000,44138.00000000,7.00000000,/home/arash/Projects/DrywellDT/deployments/Bioretention_assimilation_MCMC_drift/state/_current_input.json,,ok,
302,assim_calibration,100,2026-07-12T04:18:01.333Z,2026-07-12T04:38:44.713Z,1243.38000000,44034.00000000,44134.00000000,100.00000000,/home/arash/Projects/DrywellDT/deployments/Bioretention_assimilation_MCMC_drift/state/state_20201027_000000.json,/home/arash/Projects/DrywellDT/deployments/Bioretention_assimilation_MCMC_drift/outputs/calibration/state_calibrated_latest.json,ok,MCMC provisional (plateaued=0)
303,forward_advance,102,2026-07-12T04:46:49.371Z,2026-07-12T04:46:55.451Z,6.08000000,44134.00000000,44137.00000000,3.00000000,/home/arash/Projects/DrywellDT/deployments/Bioretention_assimilation_MCMC_drift/state/_current_input.json,/home/arash/Projects/DrywellDT/deployments/Bioretention_assimilation_MCMC_drift/state/state_20201102_000000.json,ok,
304,forward_forecast,102,2026-07-12T04:46:55.453Z,2026-07-12T04:47:00.304Z,4.85100000,44134.00000000,44141.00000000,7.00000000,/home/arash/Projects/DrywellDT/deployments/Bioretention_assimilation_MCMC_drift/state/_current_input.json,,ok,
305,assim_calibration,101,2026-07-12T04:39:37.337Z,2026-07-12T05:00:18.159Z,1240.82200000,44037.00000000,44137.00000000,100.00000000,/home/arash/Projects/DrywellDT/deployments/Bioretention_assimilation_MCMC_drift/state/state_20201030_000000.json,/home/arash/Projects/DrywellDT/deployments/Bioretention_assimilation_MCMC_drift/outputs/calibration/state_calibrated_latest.json,ok,MCMC provisional (plateaued=0)
306,forward_advance,103,2026-07-12T05:01:13.315Z,2026-07-12T05:01:17.347Z,4.03200000,44137.00000000,44140.00000000,3.00000000,/home/arash/Projects/DrywellDT/deployments/Bioretention_assimilation_MCMC_drift/state/_current_input.json,/home/arash/Projects/DrywellDT/deployments/Bioretention_assimilation_MCMC_drift/state/state_20201105_000000.json,ok,
307,forward_forecast,103,2026-07-12T05:01:17.349Z,2026-07-12T05:01:21.904Z,4.55500000,44137.00000000,44144.00000000,7.00000000,/home/arash/Projects/DrywellDT/deployments/Bioretention_assimilation_MCMC_drift/state/_current_input.json,,ok,
308,assim_calibration,102,2026-07-12T05:01:13.315Z,2026-07-12T05:21:53.349Z,1240.03400000,44040.00000000,44140.00000000,100.00000000,/home/arash/Projects/DrywellDT/deployments/Bioretention_assimilation_MCMC_drift/state/state_20201105_000000.json,/home/arash/Projects/DrywellDT/deployments/Bioretention_assimilation_MCMC_drift/outputs/calibration/state_calibrated_latest.json,ok,MCMC provisional (plateaued=0)
309,forward_advance,104,2026-07-12T05:30:01.371Z,2026-07-12T05:30:07.129Z,5.75800000,44140.00000000,44143.00000000,3.00000000,/home/arash/Projects/DrywellDT/deployments/Bioretention_assimilation_MCMC_drift/state/_current_input.json,/home/arash/Projects/DrywellDT/deployments/Bioretention_assimilation_MCMC_drift/state/state_20201108_000000.json,ok,
310,forward_forecast,104,2026-07-12T05:30:07.131Z,2026-07-12T05:30:12.097Z,4.96600000,44140.00000000,44147.00000000,7.00000000,/home/arash/Projects/DrywellDT/deployments/Bioretention_assimilation_MCMC_drift/state/_current_input.json,,ok,
311,assim_calibration,103,2026-07-12T05:22:49.339Z,2026-07-12T05:43:30.216Z,1240.87700000,44043.00000000,44143.00000000,100.00000000,/home/arash/Projects/DrywellDT/deployments/Bioretention_assimilation_MCMC_drift/state/state_20201105_000000.json,/home/arash/Projects/DrywellDT/deployments/Bioretention_assimilation_MCMC_drift/outputs/calibration/state_calibrated_latest.json,ok,MCMC provisional (plateaued=0)
312,forward_advance,105,2026-07-12T05:51:37.370Z,2026-07-12T05:51:41.970Z,4.60000000,44143.00000000,44146.00000000,3.00000000,/home/arash/Projects/DrywellDT/deployments/Bioretention_assimilation_MCMC_drift/state/_current_input.json,/home/arash/Projects/DrywellDT/deployments/Bioretention_assimilation_MCMC_drift/state/state_20201111_000000.json,ok,
313,forward_forecast,105,2026-07-12T05:51:41.972Z,2026-07-12T05:51:46.687Z,4.71500000,44143.00000000,44150.00000000,7.00000000,/home/arash/Projects/DrywellDT/deployments/Bioretention_assimilation_MCMC_drift/state/_current_input.json,,ok,
314,assim_calibration,104,2026-07-12T05:44:25.338Z,2026-07-12T06:05:08.876Z,1243.53800000,44046.00000000,44146.00000000,100.00000000,/home/arash/Projects/DrywellDT/deployments/Bioretention_assimilation_MCMC_drift/state/state_20201108_000000.json,/home/arash/Projects/DrywellDT/deployments/Bioretention_assimilation_MCMC_drift/outputs/calibration/state_calibrated_latest.json,ok,MCMC provisional (plateaued=0)
315,forward_advance,106,2026-07-12T06:06:01.316Z,2026-07-12T06:06:06.810Z,5.49400000,44146.00000000,44149.00000000,3.00000000,/home/arash/Projects/DrywellDT/deployments/Bioretention_assimilation_MCMC_drift/state/_current_input.json,/home/arash/Projects/DrywellDT/deployments/Bioretention_assimilation_MCMC_drift/state/state_20201114_000000.json,ok,
316,forward_forecast,106,2026-07-12T06:06:06.811Z,2026-07-12T06:06:12.030Z,5.21900000,44146.00000000,44153.00000000,7.00000000,/home/arash/Projects/DrywellDT/deployments/Bioretention_assimilation_MCMC_drift/state/_current_input.json,,ok,
317,assim_calibration,105,2026-07-12T06:06:01.315Z,2026-07-12T06:26:46.246Z,1244.93100000,44049.00000000,44149.00000000,100.00000000,/home/arash/Projects/DrywellDT/deployments/Bioretention_assimilation_MCMC_drift/state/state_20201114_000000.json,/home/arash/Projects/DrywellDT/deployments/Bioretention_assimilation_MCMC_drift/outputs/calibration/state_calibrated_latest.json,ok,MCMC provisional (plateaued=0)
318,forward_advance,107,2026-07-12T06:34:49.371Z,2026-07-12T06:34:52.828Z,3.45700000,44149.00000000,44152.00000000,3.00000000,/home/arash/Projects/DrywellDT/deployments/Bioretention_assimilation_MCMC_drift/state/_current_input.json,/home/arash/Projects/DrywellDT/deployments/Bioretention_assimilation_MCMC_drift/state/state_20201117_000000.json,ok,
319,forward_forecast,107,2026-07-12T06:34:52.830Z,2026-07-12T06:34:56.548Z,3.71800000,44149.00000000,44156.00000000,7.00000000,/home/arash/Projects/DrywellDT/deployments/Bioretention_assimilation_MCMC_drift/state/_current_input.json,,ok,
320,assim_calibration,106,2026-07-12T06:27:37.338Z,2026-07-12T06:48:22.352Z,1245.01400000,44052.00000000,44152.00000000,100.00000000,/home/arash/Projects/DrywellDT/deployments/Bioretention_assimilation_MCMC_drift/state/state_20201114_000000.json,/home/arash/Projects/DrywellDT/deployments/Bioretention_assimilation_MCMC_drift/outputs/calibration/state_calibrated_latest.json,ok,MCMC provisional (plateaued=0)
321,forward_advance,108,2026-07-12T06:56:25.359Z,2026-07-12T06:56:31.698Z,6.33900000,44152.00000000,44155.00000000,3.00000000,/home/arash/Projects/DrywellDT/deployments/Bioretention_assimilation_MCMC_drift/state/_current_input.json,/home/arash/Projects/DrywellDT/deployments/Bioretention_assimilation_MCMC_drift/state/state_20201120_000000.json,ok,
322,forward_forecast,108,2026-07-12T06:56:31.700Z,2026-07-12T06:56:37.633Z,5.93300000,44152.00000000,44159.00000000,7.00000000,/home/arash/Projects/DrywellDT/deployments/Bioretention_assimilation_MCMC_drift/state/_current_input.json,,ok,
323,assim_calibration,107,2026-07-12T06:49:13.334Z,2026-07-12T07:09:59.209Z,1245.87500000,44055.00000000,44155.00000000,100.00000000,/home/arash/Projects/DrywellDT/deployments/Bioretention_assimilation_MCMC_drift/state/state_20201117_000000.json,/home/arash/Projects/DrywellDT/deployments/Bioretention_assimilation_MCMC_drift/outputs/calibration/state_calibrated_latest.json,ok,MCMC provisional (plateaued=0)
324,forward_advance,109,2026-07-12T07:18:01.371Z,2026-07-12T07:18:06.065Z,4.69400000,44155.00000000,44158.00000000,3.00000000,/home/arash/Projects/DrywellDT/deployments/Bioretention_assimilation_MCMC_drift/state/_current_input.json,/home/arash/Projects/DrywellDT/deployments/Bioretention_assimilation_MCMC_drift/state/state_20201123_000000.json,ok,
325,forward_forecast,109,2026-07-12T07:18:06.066Z,2026-07-12T07:18:12.322Z,6.25600000,44155.00000000,44162.00000000,7.00000000,/home/arash/Projects/DrywellDT/deployments/Bioretention_assimilation_MCMC_drift/state/_current_input.json,,ok,
326,assim_calibration,108,2026-07-12T07:10:49.337Z,2026-07-12T07:31:34.403Z,1245.06600000,44058.00000000,44158.00000000,100.00000000,/home/arash/Projects/DrywellDT/deployments/Bioretention_assimilation_MCMC_drift/state/state_20201120_000000.json,/home/arash/Projects/DrywellDT/deployments/Bioretention_assimilation_MCMC_drift/outputs/calibration/state_calibrated_latest.json,ok,MCMC provisional (plateaued=0)
327,forward_advance,110,2026-07-12T07:32:25.302Z,2026-07-12T07:32:29.383Z,4.08100000,44158.00000000,44161.00000000,3.00000000,/home/arash/Projects/DrywellDT/deployments/Bioretention_assimilation_MCMC_drift/state/_current_input.json,/home/arash/Projects/DrywellDT/deployments/Bioretention_assimilation_MCMC_drift/state/state_20201126_000000.json,ok,
328,forward_forecast,110,2026-07-12T07:32:29.384Z,2026-07-12T07:32:35.632Z,6.24800000,44158.00000000,44165.00000000,7.00000000,/home/arash/Projects/DrywellDT/deployments/Bioretention_assimilation_MCMC_drift/state/_current_input.json,,ok,
329,assim_calibration,109,2026-07-12T07:32:25.301Z,2026-07-12T07:53:04.613Z,1239.31200000,44061.00000000,44161.00000000,100.00000000,/home/arash/Projects/DrywellDT/deployments/Bioretention_assimilation_MCMC_drift/state/state_20201126_000000.json,/home/arash/Projects/DrywellDT/deployments/Bioretention_assimilation_MCMC_drift/outputs/calibration/state_calibrated_latest.json,ok,MCMC provisional (plateaued=0)
330,forward_advance,111,2026-07-12T07:54:01.313Z,2026-07-12T07:54:04.538Z,3.22500000,44161.00000000,44164.00000000,3.00000000,/home/arash/Projects/DrywellDT/deployments/Bioretention_assimilation_MCMC_drift/state/_current_input.json,/home/arash/Projects/DrywellDT/deployments/Bioretention_assimilation_MCMC_drift/state/state_20201129_000000.json,ok,
331,forward_forecast,111,2026-07-12T07:54:04.539Z,2026-07-12T07:54:09.666Z,5.12700000,44161.00000000,44168.00000000,7.00000000,/home/arash/Projects/DrywellDT/deployments/Bioretention_assimilation_MCMC_drift/state/_current_input.json,,ok,
332,assim_calibration,110,2026-07-12T07:54:01.313Z,2026-07-12T08:14:42.272Z,1240.95900000,44064.00000000,44164.00000000,100.00000000,/home/arash/Projects/DrywellDT/deployments/Bioretention_assimilation_MCMC_drift/state/state_20201129_000000.json,/home/arash/Projects/DrywellDT/deployments/Bioretention_assimilation_MCMC_drift/outputs/calibration/state_calibrated_latest.json,ok,MCMC provisional (plateaued=0)
333,forward_advance,112,2026-07-12T08:22:49.295Z,2026-07-12T08:22:53.231Z,3.93600000,44164.00000000,44167.00000000,3.00000000,/home/arash/Projects/DrywellDT/deployments/Bioretention_assimilation_MCMC_drift/state/_current_input.json,/home/arash/Projects/DrywellDT/deployments/Bioretention_assimilation_MCMC_drift/state/state_20201202_000000.json,ok,
334,forward_forecast,112,2026-07-12T08:22:53.233Z,2026-07-12T08:22:58.619Z,5.38600000,44164.00000000,44171.00000000,7.00000000,/home/arash/Projects/DrywellDT/deployments/Bioretention_assimilation_MCMC_drift/state/_current_input.json,,ok,
335,assim_calibration,111,2026-07-12T08:15:37.338Z,2026-07-12T08:36:17.211Z,1239.87300000,44067.00000000,44167.00000000,100.00000000,/home/arash/Projects/DrywellDT/deployments/Bioretention_assimilation_MCMC_drift/state/state_20201129_000000.json,/home/arash/Projects/DrywellDT/deployments/Bioretention_assimilation_MCMC_drift/outputs/calibration/state_calibrated_latest.json,ok,MCMC provisional (plateaued=0)
336,forward_advance,113,2026-07-12T08:44:25.344Z,2026-07-12T08:44:29.270Z,3.92600000,44167.00000000,44170.00000000,3.00000000,/home/arash/Projects/DrywellDT/deployments/Bioretention_assimilation_MCMC_drift/state/_current_input.json,/home/arash/Projects/DrywellDT/deployments/Bioretention_assimilation_MCMC_drift/state/state_20201205_000000.json,ok,
337,forward_forecast,113,2026-07-12T08:44:29.272Z,2026-07-12T08:44:35.023Z,5.75100000,44167.00000000,44174.00000000,7.00000000,/home/arash/Projects/DrywellDT/deployments/Bioretention_assimilation_MCMC_drift/state/_current_input.json,,ok,
338,assim_calibration,112,2026-07-12T08:37:13.303Z,2026-07-12T08:57:56.167Z,1242.86400000,44070.00000000,44170.00000000,100.00000000,/home/arash/Projects/DrywellDT/deployments/Bioretention_assimilation_MCMC_drift/state/state_20201202_000000.json,/home/arash/Projects/DrywellDT/deployments/Bioretention_assimilation_MCMC_drift/outputs/calibration/state_calibrated_latest.json,ok,MCMC provisional (plateaued=0)
339,forward_advance,114,2026-07-12T09:06:01.371Z,2026-07-12T09:06:07.379Z,6.00800000,44170.00000000,44173.00000000,3.00000000,/home/arash/Projects/DrywellDT/deployments/Bioretention_assimilation_MCMC_drift/state/_current_input.json,/home/arash/Projects/DrywellDT/deployments/Bioretention_assimilation_MCMC_drift/state/state_20201208_000000.json,ok,
340,forward_forecast,114,2026-07-12T09:06:07.382Z,2026-07-12T09:06:13.552Z,6.17000000,44170.00000000,44177.00000000,7.00000000,/home/arash/Projects/DrywellDT/deployments/Bioretention_assimilation_MCMC_drift/state/_current_input.json,,ok,
341,assim_calibration,113,2026-07-12T08:58:49.335Z,2026-07-12T09:19:31.292Z,1241.95700000,44073.00000000,44173.00000000,100.00000000,/home/arash/Projects/DrywellDT/deployments/Bioretention_assimilation_MCMC_drift/state/state_20201205_000000.json,/home/arash/Projects/DrywellDT/deployments/Bioretention_assimilation_MCMC_drift/outputs/calibration/state_calibrated_latest.json,ok,MCMC provisional (plateaued=0)
342,forward_advance,115,2026-07-12T09:27:37.365Z,2026-07-12T09:27:41.538Z,4.17300000,44173.00000000,44176.00000000,3.00000000,/home/arash/Projects/DrywellDT/deployments/Bioretention_assimilation_MCMC_drift/state/_current_input.json,/home/arash/Projects/DrywellDT/deployments/Bioretention_assimilation_MCMC_drift/state/state_20201211_000000.json,ok,
343,forward_forecast,115,2026-07-12T09:27:41.540Z,2026-07-12T09:27:47.323Z,5.78300000,44173.00000000,44180.00000000,7.00000000,/home/arash/Projects/DrywellDT/deployments/Bioretention_assimilation_MCMC_drift/state/_current_input.json,,ok,
344,assim_calibration,114,2026-07-12T09:20:25.303Z,2026-07-12T09:41:05.375Z,1240.07200000,44076.00000000,44176.00000000,100.00000000,/home/arash/Projects/DrywellDT/deployments/Bioretention_assimilation_MCMC_drift/state/state_20201208_000000.json,/home/arash/Projects/DrywellDT/deployments/Bioretention_assimilation_MCMC_drift/outputs/calibration/state_calibrated_latest.json,ok,MCMC provisional (plateaued=0)
345,forward_advance,116,2026-07-12T09:49:13.357Z,2026-07-12T09:49:17.951Z,4.59400000,44176.00000000,44179.00000000,3.00000000,/home/arash/Projects/DrywellDT/deployments/Bioretention_assimilation_MCMC_drift/state/_current_input.json,/home/arash/Projects/DrywellDT/deployments/Bioretention_assimilation_MCMC_drift/state/state_20201214_000000.json,ok,
346,forward_forecast,116,2026-07-12T09:49:17.953Z,2026-07-12T09:49:22.080Z,4.12700000,44176.00000000,44183.00000000,7.00000000,/home/arash/Projects/DrywellDT/deployments/Bioretention_assimilation_MCMC_drift/state/_current_input.json,,ok,
347,assim_calibration,115,2026-07-12T09:42:01.336Z,2026-07-12T10:02:43.309Z,1241.97300000,44079.00000000,44179.00000000,100.00000000,/home/arash/Projects/DrywellDT/deployments/Bioretention_assimilation_MCMC_drift/state/state_20201211_000000.json,/home/arash/Projects/DrywellDT/deployments/Bioretention_assimilation_MCMC_drift/outputs/calibration/state_calibrated_latest.json,ok,MCMC provisional (plateaued=0)
348,forward_advance,117,2026-07-12T10:10:49.371Z,2026-07-12T10:10:53.111Z,3.74000000,44179.00000000,44182.00000000,3.00000000,/home/arash/Projects/DrywellDT/deployments/Bioretention_assimilation_MCMC_drift/state/_current_input.json,/home/arash/Projects/DrywellDT/deployments/Bioretention_assimilation_MCMC_drift/state/state_20201217_000000.json,ok,
349,forward_forecast,117,2026-07-12T10:10:53.113Z,2026-07-12T10:10:58.482Z,5.36900000,44179.00000000,44186.00000000,7.00000000,/home/arash/Projects/DrywellDT/deployments/Bioretention_assimilation_MCMC_drift/state/_current_input.json,,ok,
350,assim_calibration,116,2026-07-12T10:03:37.339Z,2026-07-12T10:24:17.484Z,1240.14500000,44082.00000000,44182.00000000,100.00000000,/home/arash/Projects/DrywellDT/deployments/Bioretention_assimilation_MCMC_drift/state/state_20201214_000000.json,/home/arash/Projects/DrywellDT/deployments/Bioretention_assimilation_MCMC_drift/outputs/calibration/state_calibrated_latest.json,ok,MCMC provisional (plateaued=0)
351,forward_advance,118,2026-07-12T10:25:13.292Z,2026-07-12T10:25:17.839Z,4.54700000,44182.00000000,44185.00000000,3.00000000,/home/arash/Projects/DrywellDT/deployments/Bioretention_assimilation_MCMC_drift/state/_current_input.json,/home/arash/Projects/DrywellDT/deployments/Bioretention_assimilation_MCMC_drift/state/state_20201220_000000.json,ok,
352,forward_forecast,118,2026-07-12T10:25:17.840Z,2026-07-12T10:25:22.635Z,4.79500000,44182.00000000,44189.00000000,7.00000000,/home/arash/Projects/DrywellDT/deployments/Bioretention_assimilation_MCMC_drift/state/_current_input.json,,ok,
353,assim_calibration,117,2026-07-12T10:25:13.292Z,2026-07-12T10:45:55.420Z,1242.12800000,44085.00000000,44185.00000000,100.00000000,/home/arash/Projects/DrywellDT/deployments/Bioretention_assimilation_MCMC_drift/state/state_20201220_000000.json,/home/arash/Projects/DrywellDT/deployments/Bioretention_assimilation_MCMC_drift/outputs/calibration/state_calibrated_latest.json,ok,MCMC provisional (plateaued=0)
354,forward_advance,119,2026-07-12T10:54:01.371Z,2026-07-12T10:54:06.123Z,4.75200000,44185.00000000,44188.00000000,3.00000000,/home/arash/Projects/DrywellDT/deployments/Bioretention_assimilation_MCMC_drift/state/_current_input.json,/home/arash/Projects/DrywellDT/deployments/Bioretention_assimilation_MCMC_drift/state/state_20201223_000000.json,ok,
355,forward_forecast,119,2026-07-12T10:54:06.125Z,2026-07-12T10:54:10.919Z,4.79400000,44185.00000000,44192.00000000,7.00000000,/home/arash/Projects/DrywellDT/deployments/Bioretention_assimilation_MCMC_drift/state/_current_input.json,,ok,
356,assim_calibration,118,2026-07-12T10:46:49.339Z,2026-07-12T11:07:31.231Z,1241.89200000,44088.00000000,44188.00000000,100.00000000,/home/arash/Projects/DrywellDT/deployments/Bioretention_assimilation_MCMC_drift/state/state_20201220_000000.json,/home/arash/Projects/DrywellDT/deployments/Bioretention_assimilation_MCMC_drift/outputs/calibration/state_calibrated_latest.json,ok,MCMC provisional (plateaued=0)
357,forward_advance,120,2026-07-12T11:15:37.273Z,2026-07-12T11:15:41.528Z,4.25500000,44188.00000000,44191.00000000,3.00000000,/home/arash/Projects/DrywellDT/deployments/Bioretention_assimilation_MCMC_drift/state/_current_input.json,/home/arash/Projects/DrywellDT/deployments/Bioretention_assimilation_MCMC_drift/state/state_20201226_000000.json,ok,
358,forward_forecast,120,2026-07-12T11:15:41.530Z,2026-07-12T11:15:46.317Z,4.78700000,44188.00000000,44195.00000000,7.00000000,/home/arash/Projects/DrywellDT/deployments/Bioretention_assimilation_MCMC_drift/state/_current_input.json,,ok,
359,assim_calibration,119,2026-07-12T11:08:25.337Z,2026-07-12T11:29:06.450Z,1241.11300000,44091.00000000,44191.00000000,100.00000000,/home/arash/Projects/DrywellDT/deployments/Bioretention_assimilation_MCMC_drift/state/state_20201223_000000.json,/home/arash/Projects/DrywellDT/deployments/Bioretention_assimilation_MCMC_drift/outputs/calibration/state_calibrated_latest.json,ok,MCMC provisional (plateaued=0)
360,forward_advance,121,2026-07-12T11:37:13.357Z,2026-07-12T11:37:18.487Z,5.13000000,44191.00000000,44194.00000000,3.00000000,/home/arash/Projects/DrywellDT/deployments/Bioretention_assimilation_MCMC_drift/state/_current_input.json,/home/arash/Projects/DrywellDT/deployments/Bioretention_assimilation_MCMC_drift/state/state_20201229_000000.json,ok,
361,forward_forecast,121,2026-07-12T11:37:18.488Z,2026-07-12T11:37:24.348Z,5.86000000,44191.00000000,44198.00000000,7.00000000,/home/arash/Projects/DrywellDT/deployments/Bioretention_assimilation_MCMC_drift/state/_current_input.json,,ok,
362,assim_calibration,120,2026-07-12T11:30:01.291Z,2026-07-12T11:50:41.720Z,1240.42900000,44094.00000000,44194.00000000,100.00000000,/home/arash/Projects/DrywellDT/deployments/Bioretention_assimilation_MCMC_drift/state/state_20201226_000000.json,/home/arash/Projects/DrywellDT/deployments/Bioretention_assimilation_MCMC_drift/outputs/calibration/state_calibrated_latest.json,ok,MCMC provisional (plateaued=0)
363,forward_advance,122,2026-07-12T11:58:49.338Z,2026-07-12T11:58:54.963Z,5.62500000,44194.00000000,44197.00000000,3.00000000,/home/arash/Projects/DrywellDT/deployments/Bioretention_assimilation_MCMC_drift/state/_current_input.json,/home/arash/Projects/DrywellDT/deployments/Bioretention_assimilation_MCMC_drift/state/state_20210101_000000.json,ok,
364,forward_forecast,122,2026-07-12T11:58:54.965Z,2026-07-12T11:59:00.475Z,5.51000000,44194.00000000,44201.00000000,7.00000000,/home/arash/Projects/DrywellDT/deployments/Bioretention_assimilation_MCMC_drift/state/_current_input.json,,ok,
365,assim_calibration,121,2026-07-12T11:51:37.342Z,2026-07-12T12:12:19.206Z,1241.86400000,44097.00000000,44197.00000000,100.00000000,/home/arash/Projects/DrywellDT/deployments/Bioretention_assimilation_MCMC_drift/state/state_20201229_000000.json,/home/arash/Projects/DrywellDT/deployments/Bioretention_assimilation_MCMC_drift/outputs/calibration/state_calibrated_latest.json,ok,MCMC provisional (plateaued=0)
366,forward_advance,123,2026-07-12T12:13:13.303Z,2026-07-12T12:13:19.714Z,6.41100000,44197.00000000,44200.00000000,3.00000000,/home/arash/Projects/DrywellDT/deployments/Bioretention_assimilation_MCMC_drift/state/_current_input.json,/home/arash/Projects/DrywellDT/deployments/Bioretention_assimilation_MCMC_drift/state/state_20210104_000000.json,ok,
367,forward_forecast,123,2026-07-12T12:13:19.715Z,2026-07-12T12:13:24.355Z,4.64000000,44197.00000000,44204.00000000,7.00000000,/home/arash/Projects/DrywellDT/deployments/Bioretention_assimilation_MCMC_drift/state/_current_input.json,,ok,
368,assim_calibration,122,2026-07-12T12:13:13.302Z,2026-07-12T12:33:56.021Z,1242.71900000,44100.00000000,44200.00000000,100.00000000,/home/arash/Projects/DrywellDT/deployments/Bioretention_assimilation_MCMC_drift/state/state_20210104_000000.json,/home/arash/Projects/DrywellDT/deployments/Bioretention_assimilation_MCMC_drift/outputs/calibration/state_calibrated_latest.json,ok,MCMC provisional (plateaued=0)
369,forward_advance,124,2026-07-12T12:42:01.371Z,2026-07-12T12:42:05.655Z,4.28400000,44200.00000000,44203.00000000,3.00000000,/home/arash/Projects/DrywellDT/deployments/Bioretention_assimilation_MCMC_drift/state/_current_input.json,/home/arash/Projects/DrywellDT/deployments/Bioretention_assimilation_MCMC_drift/state/state_20210107_000000.json,ok,
370,forward_forecast,124,2026-07-12T12:42:05.656Z,2026-07-12T12:42:10.195Z,4.53900000,44200.00000000,44207.00000000,7.00000000,/home/arash/Projects/DrywellDT/deployments/Bioretention_assimilation_MCMC_drift/state/_current_input.json,,ok,
371,assim_calibration,123,2026-07-12T12:34:49.337Z,2026-07-12T12:55:29.395Z,1240.05800000,44103.00000000,44203.00000000,100.00000000,/home/arash/Projects/DrywellDT/deployments/Bioretention_assimilation_MCMC_drift/state/state_20210104_000000.json,/home/arash/Projects/DrywellDT/deployments/Bioretention_assimilation_MCMC_drift/outputs/calibration/state_calibrated_latest.json,ok,MCMC provisional (plateaued=0)
372,forward_advance,125,2026-07-12T13:03:37.371Z,2026-07-12T13:03:41.329Z,3.95800000,44203.00000000,44206.00000000,3.00000000,/home/arash/Projects/DrywellDT/deployments/Bioretention_assimilation_MCMC_drift/state/_current_input.json,/home/arash/Projects/DrywellDT/deployments/Bioretention_assimilation_MCMC_drift/state/state_20210110_000000.json,ok,
373,forward_forecast,125,2026-07-12T13:03:41.331Z,2026-07-12T13:03:46.222Z,4.89100000,44203.00000000,44210.00000000,7.00000000,/home/arash/Projects/DrywellDT/deployments/Bioretention_assimilation_MCMC_drift/state/_current_input.json,,ok,
374,assim_calibration,124,2026-07-12T12:56:25.320Z,2026-07-12T13:17:06.257Z,1240.93700000,44106.00000000,44206.00000000,100.00000000,/home/arash/Projects/DrywellDT/deployments/Bioretention_assimilation_MCMC_drift/state/state_20210107_000000.json,/home/arash/Projects/DrywellDT/deployments/Bioretention_assimilation_MCMC_drift/outputs/calibration/state_calibrated_latest.json,ok,MCMC provisional (plateaued=0)
375,forward_advance,126,2026-07-12T13:18:01.317Z,2026-07-12T13:18:05.697Z,4.38000000,44206.00000000,44209.00000000,3.00000000,/home/arash/Projects/DrywellDT/deployments/Bioretention_assimilation_MCMC_drift/state/_current_input.json,/home/arash/Projects/DrywellDT/deployments/Bioretention_assimilation_MCMC_drift/state/state_20210113_000000.json,ok,
376,forward_forecast,126,2026-07-12T13:18:05.698Z,2026-07-12T13:18:14.253Z,8.55500000,44206.00000000,44213.00000000,7.00000000,/home/arash/Projects/DrywellDT/deployments/Bioretention_assimilation_MCMC_drift/state/_current_input.json,,ok,
377,assim_calibration,125,2026-07-12T13:18:01.316Z,2026-07-12T13:38:42.500Z,1241.18400000,44109.00000000,44209.00000000,100.00000000,/home/arash/Projects/DrywellDT/deployments/Bioretention_assimilation_MCMC_drift/state/state_20210113_000000.json,/home/arash/Projects/DrywellDT/deployments/Bioretention_assimilation_MCMC_drift/outputs/calibration/state_calibrated_latest.json,ok,MCMC provisional (plateaued=0)
378,forward_advance,127,2026-07-12T13:46:49.371Z,2026-07-12T13:46:54.659Z,5.28800000,44209.00000000,44212.00000000,3.00000000,/home/arash/Projects/DrywellDT/deployments/Bioretention_assimilation_MCMC_drift/state/_current_input.json,/home/arash/Projects/DrywellDT/deployments/Bioretention_assimilation_MCMC_drift/state/state_20210116_000000.json,ok,
379,forward_forecast,127,2026-07-12T13:46:54.661Z,2026-07-12T13:47:00.244Z,5.58300000,44209.00000000,44216.00000000,7.00000000,/home/arash/Projects/DrywellDT/deployments/Bioretention_assimilation_MCMC_drift/state/_current_input.json,,ok,
380,assim_calibration,126,2026-07-12T13:39:37.346Z,2026-07-12T14:00:18.218Z,1240.87200000,44112.00000000,44212.00000000,100.00000000,/home/arash/Projects/DrywellDT/deployments/Bioretention_assimilation_MCMC_drift/state/state_20210113_000000.json,/home/arash/Projects/DrywellDT/deployments/Bioretention_assimilation_MCMC_drift/outputs/calibration/state_calibrated_latest.json,ok,MCMC provisional (plateaued=0)
381,forward_advance,128,2026-07-12T14:08:25.285Z,2026-07-12T14:08:30.084Z,4.79900000,44212.00000000,44215.00000000,3.00000000,/home/arash/Projects/DrywellDT/deployments/Bioretention_assimilation_MCMC_drift/state/_current_input.json,/home/arash/Projects/DrywellDT/deployments/Bioretention_assimilation_MCMC_drift/state/state_20210119_000000.json,ok,
382,forward_forecast,128,2026-07-12T14:08:30.086Z,2026-07-12T14:08:35.851Z,5.76500000,44212.00000000,44219.00000000,7.00000000,/home/arash/Projects/DrywellDT/deployments/Bioretention_assimilation_MCMC_drift/state/_current_input.json,,ok,
383,assim_calibration,127,2026-07-12T14:01:13.336Z,2026-07-12T14:21:51.631Z,1238.29500000,44115.00000000,44215.00000000,100.00000000,/home/arash/Projects/DrywellDT/deployments/Bioretention_assimilation_MCMC_drift/state/state_20210116_000000.json,/home/arash/Projects/DrywellDT/deployments/Bioretention_assimilation_MCMC_drift/outputs/calibration/state_calibrated_latest.json,ok,MCMC provisional (plateaued=0)
384,forward_advance,129,2026-07-12T14:30:01.371Z,2026-07-12T14:30:08.712Z,7.34100000,44215.00000000,44218.00000000,3.00000000,/home/arash/Projects/DrywellDT/deployments/Bioretention_assimilation_MCMC_drift/state/_current_input.json,/home/arash/Projects/DrywellDT/deployments/Bioretention_assimilation_MCMC_drift/state/state_20210122_000000.json,ok,
385,forward_forecast,129,2026-07-12T14:30:08.714Z,2026-07-12T14:30:15.225Z,6.51100000,44215.00000000,44222.00000000,7.00000000,/home/arash/Projects/DrywellDT/deployments/Bioretention_assimilation_MCMC_drift/state/_current_input.json,,ok,
386,assim_calibration,128,2026-07-12T14:22:49.348Z,2026-07-12T14:43:30.990Z,1241.64200000,44118.00000000,44218.00000000,100.00000000,/home/arash/Projects/DrywellDT/deployments/Bioretention_assimilation_MCMC_drift/state/state_20210119_000000.json,/home/arash/Projects/DrywellDT/deployments/Bioretention_assimilation_MCMC_drift/outputs/calibration/state_calibrated_latest.json,ok,MCMC provisional (plateaued=0)
387,forward_advance,130,2026-07-12T14:51:37.365Z,2026-07-12T14:51:43.331Z,5.96600000,44218.00000000,44221.00000000,3.00000000,/home/arash/Projects/DrywellDT/deployments/Bioretention_assimilation_MCMC_drift/state/_current_input.json,/home/arash/Projects/DrywellDT/deployments/Bioretention_assimilation_MCMC_drift/state/state_20210125_000000.json,ok,
388,forward_forecast,130,2026-07-12T14:51:43.333Z,2026-07-12T14:51:50.200Z,6.86700000,44218.00000000,44225.00000000,7.00000000,/home/arash/Projects/DrywellDT/deployments/Bioretention_assimilation_MCMC_drift/state/_current_input.json,,ok,
389,assim_calibration,129,2026-07-12T14:44:25.338Z,2026-07-12T15:05:08.799Z,1243.46100000,44121.00000000,44221.00000000,100.00000000,/home/arash/Projects/DrywellDT/deployments/Bioretention_assimilation_MCMC_drift/state/state_20210122_000000.json,/home/arash/Projects/DrywellDT/deployments/Bioretention_assimilation_MCMC_drift/outputs/calibration/state_calibrated_latest.json,ok,MCMC provisional (plateaued=0)
390,forward_advance,131,2026-07-12T15:13:13.371Z,2026-07-12T15:13:18.824Z,5.45300000,44221.00000000,44224.00000000,3.00000000,/home/arash/Projects/DrywellDT/deployments/Bioretention_assimilation_MCMC_drift/state/_current_input.json,/home/arash/Projects/DrywellDT/deployments/Bioretention_assimilation_MCMC_drift/state/state_20210128_000000.json,ok,
391,forward_forecast,131,2026-07-12T15:13:18.825Z,2026-07-12T15:13:24.316Z,5.49100000,44221.00000000,44228.00000000,7.00000000,/home/arash/Projects/DrywellDT/deployments/Bioretention_assimilation_MCMC_drift/state/_current_input.json,,ok,
392,assim_calibration,130,2026-07-12T15:06:01.337Z,2026-07-12T15:26:44.290Z,1242.95300000,44124.00000000,44224.00000000,100.00000000,/home/arash/Projects/DrywellDT/deployments/Bioretention_assimilation_MCMC_drift/state/state_20210125_000000.json,/home/arash/Projects/DrywellDT/deployments/Bioretention_assimilation_MCMC_drift/outputs/calibration/state_calibrated_latest.json,ok,MCMC provisional (plateaued=0)
393,forward_advance,132,2026-07-12T15:34:49.371Z,2026-07-12T15:34:53.406Z,4.03500000,44224.00000000,44227.00000000,3.00000000,/home/arash/Projects/DrywellDT/deployments/Bioretention_assimilation_MCMC_drift/state/_current_input.json,/home/arash/Projects/DrywellDT/deployments/Bioretention_assimilation_MCMC_drift/state/state_20210131_000000.json,ok,
394,forward_forecast,132,2026-07-12T15:34:53.407Z,2026-07-12T15:34:58.287Z,4.88000000,44224.00000000,44231.00000000,7.00000000,/home/arash/Projects/DrywellDT/deployments/Bioretention_assimilation_MCMC_drift/state/_current_input.json,,ok,
395,assim_calibration,131,2026-07-12T15:27:37.343Z,2026-07-12T15:48:16.067Z,1238.72400000,44127.00000000,44227.00000000,100.00000000,/home/arash/Projects/DrywellDT/deployments/Bioretention_assimilation_MCMC_drift/state/state_20210128_000000.json,/home/arash/Projects/DrywellDT/deployments/Bioretention_assimilation_MCMC_drift/outputs/calibration/state_calibrated_latest.json,ok,MCMC provisional (plateaued=0)
396,forward_advance,133,2026-07-12T15:56:25.371Z,2026-07-12T15:56:29.826Z,4.45500000,44227.00000000,44230.00000000,3.00000000,/home/arash/Projects/DrywellDT/deployments/Bioretention_assimilation_MCMC_drift/state/_current_input.json,/home/arash/Projects/DrywellDT/deployments/Bioretention_assimilation_MCMC_drift/state/state_20210203_000000.json,ok,
397,forward_forecast,133,2026-07-12T15:56:29.827Z,2026-07-12T15:56:34.459Z,4.63200000,44227.00000000,44234.00000000,7.00000000,/home/arash/Projects/DrywellDT/deployments/Bioretention_assimilation_MCMC_drift/state/_current_input.json,,ok,
398,assim_calibration,132,2026-07-12T15:49:13.348Z,2026-07-12T16:09:52.652Z,1239.30400000,44130.00000000,44230.00000000,100.00000000,/home/arash/Projects/DrywellDT/deployments/Bioretention_assimilation_MCMC_drift/state/state_20210131_000000.json,/home/arash/Projects/DrywellDT/deployments/Bioretention_assimilation_MCMC_drift/outputs/calibration/state_calibrated_latest.json,ok,MCMC provisional (plateaued=0)
399,forward_advance,134,2026-07-12T16:18:01.371Z,2026-07-12T16:18:05.817Z,4.44600000,44230.00000000,44233.00000000,3.00000000,/home/arash/Projects/DrywellDT/deployments/Bioretention_assimilation_MCMC_drift/state/_current_input.json,/home/arash/Projects/DrywellDT/deployments/Bioretention_assimilation_MCMC_drift/state/state_20210206_000000.json,ok,
400,forward_forecast,134,2026-07-12T16:18:05.819Z,2026-07-12T16:18:10.213Z,4.39400000,44230.00000000,44237.00000000,7.00000000,/home/arash/Projects/DrywellDT/deployments/Bioretention_assimilation_MCMC_drift/state/_current_input.json,,ok,
401,assim_calibration,133,2026-07-12T16:10:49.346Z,2026-07-12T16:31:27.753Z,1238.40700000,44133.00000000,44233.00000000,100.00000000,/home/arash/Projects/DrywellDT/deployments/Bioretention_assimilation_MCMC_drift/state/state_20210203_000000.json,/home/arash/Projects/DrywellDT/deployments/Bioretention_assimilation_MCMC_drift/outputs/calibration/state_calibrated_latest.json,ok,MCMC provisional (plateaued=0)
402,forward_advance,135,2026-07-12T16:39:37.362Z,2026-07-12T16:39:42.487Z,5.12500000,44233.00000000,44236.00000000,3.00000000,/home/arash/Projects/DrywellDT/deployments/Bioretention_assimilation_MCMC_drift/state/_current_input.json,/home/arash/Projects/DrywellDT/deployments/Bioretention_assimilation_MCMC_drift/state/state_20210209_000000.json,ok,
403,forward_forecast,135,2026-07-12T16:39:42.489Z,2026-07-12T16:39:48.318Z,5.82900000,44233.00000000,44240.00000000,7.00000000,/home/arash/Projects/DrywellDT/deployments/Bioretention_assimilation_MCMC_drift/state/_current_input.json,,ok,
404,assim_calibration,134,2026-07-12T16:32:25.304Z,2026-07-12T16:53:04.258Z,1238.95400000,44136.00000000,44236.00000000,100.00000000,/home/arash/Projects/DrywellDT/deployments/Bioretention_assimilation_MCMC_drift/state/state_20210206_000000.json,/home/arash/Projects/DrywellDT/deployments/Bioretention_assimilation_MCMC_drift/outputs/calibration/state_calibrated_latest.json,ok,MCMC provisional (plateaued=0)
405,forward_advance,136,2026-07-12T17:01:13.371Z,2026-07-12T17:01:18.859Z,5.48800000,44236.00000000,44239.00000000,3.00000000,/home/arash/Projects/DrywellDT/deployments/Bioretention_assimilation_MCMC_drift/state/_current_input.json,/home/arash/Projects/DrywellDT/deployments/Bioretention_assimilation_MCMC_drift/state/state_20210212_000000.json,ok,
406,forward_forecast,136,2026-07-12T17:01:18.861Z,2026-07-12T17:01:23.534Z,4.67300000,44236.00000000,44243.00000000,7.00000000,/home/arash/Projects/DrywellDT/deployments/Bioretention_assimilation_MCMC_drift/state/_current_input.json,,ok,
407,assim_calibration,135,2026-07-12T16:54:01.337Z,2026-07-12T17:14:43.919Z,1242.58200000,44139.00000000,44239.00000000,100.00000000,/home/arash/Projects/DrywellDT/deployments/Bioretention_assimilation_MCMC_drift/state/state_20210209_000000.json,/home/arash/Projects/DrywellDT/deployments/Bioretention_assimilation_MCMC_drift/outputs/calibration/state_calibrated_latest.json,ok,MCMC provisional (plateaued=0)
408,forward_advance,137,2026-07-12T17:22:49.310Z,2026-07-12T17:22:55.025Z,5.71500000,44239.00000000,44242.00000000,3.00000000,/home/arash/Projects/DrywellDT/deployments/Bioretention_assimilation_MCMC_drift/state/_current_input.json,/home/arash/Projects/DrywellDT/deployments/Bioretention_assimilation_MCMC_drift/state/state_20210215_000000.json,ok,
409,forward_forecast,137,2026-07-12T17:22:55.027Z,2026-07-12T17:22:59.081Z,4.05400000,44239.00000000,44246.00000000,7.00000000,/home/arash/Projects/DrywellDT/deployments/Bioretention_assimilation_MCMC_drift/state/_current_input.json,,ok,
410,assim_calibration,136,2026-07-12T17:15:37.344Z,2026-07-12T17:36:16.519Z,1239.17500000,44142.00000000,44242.00000000,100.00000000,/home/arash/Projects/DrywellDT/deployments/Bioretention_assimilation_MCMC_drift/state/state_20210212_000000.json,/home/arash/Projects/DrywellDT/deployments/Bioretention_assimilation_MCMC_drift/outputs/calibration/state_calibrated_latest.json,ok,MCMC provisional (plateaued=0)
411,forward_advance,138,2026-07-12T17:44:25.363Z,2026-07-12T17:44:30.799Z,5.43600000,44242.00000000,44245.00000000,3.00000000,/home/arash/Projects/DrywellDT/deployments/Bioretention_assimilation_MCMC_drift/state/_current_input.json,/home/arash/Projects/DrywellDT/deployments/Bioretention_assimilation_MCMC_drift/state/state_20210218_000000.json,ok,
412,forward_forecast,138,2026-07-12T17:44:30.801Z,2026-07-12T17:44:34.695Z,3.89400000,44242.00000000,44249.00000000,7.00000000,/home/arash/Projects/DrywellDT/deployments/Bioretention_assimilation_MCMC_drift/state/_current_input.json,,ok,
413,assim_calibration,137,2026-07-12T17:37:13.337Z,2026-07-12T17:57:55.991Z,1242.65400000,44145.00000000,44245.00000000,100.00000000,/home/arash/Projects/DrywellDT/deployments/Bioretention_assimilation_MCMC_drift/state/state_20210215_000000.json,/home/arash/Projects/DrywellDT/deployments/Bioretention_assimilation_MCMC_drift/outputs/calibration/state_calibrated_latest.json,ok,MCMC provisional (plateaued=0)
414,forward_advance,139,2026-07-12T18:06:01.371Z,2026-07-12T18:06:05.995Z,4.62400000,44245.00000000,44248.00000000,3.00000000,/home/arash/Projects/DrywellDT/deployments/Bioretention_assimilation_MCMC_drift/state/_current_input.json,/home/arash/Projects/DrywellDT/deployments/Bioretention_assimilation_MCMC_drift/state/state_20210221_000000.json,ok,
415,forward_forecast,139,2026-07-12T18:06:05.997Z,2026-07-12T18:06:11.252Z,5.25500000,44245.00000000,44252.00000000,7.00000000,/home/arash/Projects/DrywellDT/deployments/Bioretention_assimilation_MCMC_drift/state/_current_input.json,,ok,
416,assim_calibration,138,2026-07-12T17:58:49.303Z,2026-07-12T18:19:31.719Z,1242.41600000,44148.00000000,44248.00000000,100.00000000,/home/arash/Projects/DrywellDT/deployments/Bioretention_assimilation_MCMC_drift/state/state_20210218_000000.json,/home/arash/Projects/DrywellDT/deployments/Bioretention_assimilation_MCMC_drift/outputs/calibration/state_calibrated_latest.json,ok,MCMC provisional (plateaued=0)
417,forward_advance,140,2026-07-12T18:20:25.298Z,2026-07-12T18:20:29.942Z,4.64400000,44248.00000000,44251.00000000,3.00000000,/home/arash/Projects/DrywellDT/deployments/Bioretention_assimilation_MCMC_drift/state/_current_input.json,/home/arash/Projects/DrywellDT/deployments/Bioretention_assimilation_MCMC_drift/state/state_20210224_000000.json,ok,
418,forward_forecast,140,2026-07-12T18:20:29.943Z,2026-07-12T18:20:35.085Z,5.14200000,44248.00000000,44255.00000000,7.00000000,/home/arash/Projects/DrywellDT/deployments/Bioretention_assimilation_MCMC_drift/state/_current_input.json,,ok,
419,assim_calibration,139,2026-07-12T18:20:25.297Z,2026-07-12T18:41:06.929Z,1241.63200000,44151.00000000,44251.00000000,100.00000000,/home/arash/Projects/DrywellDT/deployments/Bioretention_assimilation_MCMC_drift/state/state_20210224_000000.json,/home/arash/Projects/DrywellDT/deployments/Bioretention_assimilation_MCMC_drift/outputs/calibration/state_calibrated_latest.json,ok,MCMC provisional (plateaued=0)
420,forward_advance,141,2026-07-12T18:49:13.371Z,2026-07-12T18:49:17.881Z,4.51000000,44251.00000000,44254.00000000,3.00000000,/home/arash/Projects/DrywellDT/deployments/Bioretention_assimilation_MCMC_drift/state/_current_input.json,/home/arash/Projects/DrywellDT/deployments/Bioretention_assimilation_MCMC_drift/state/state_20210227_000000.json,ok,
421,forward_forecast,141,2026-07-12T18:49:17.883Z,2026-07-12T18:49:23.208Z,5.32500000,44251.00000000,44258.00000000,7.00000000,/home/arash/Projects/DrywellDT/deployments/Bioretention_assimilation_MCMC_drift/state/_current_input.json,,ok,
422,assim_calibration,140,2026-07-12T18:42:01.335Z,2026-07-12T19:02:42.701Z,1241.36600000,44154.00000000,44254.00000000,100.00000000,/home/arash/Projects/DrywellDT/deployments/Bioretention_assimilation_MCMC_drift/state/state_20210224_000000.json,/home/arash/Projects/DrywellDT/deployments/Bioretention_assimilation_MCMC_drift/outputs/calibration/state_calibrated_latest.json,ok,MCMC provisional (plateaued=0)
423,forward_advance,142,2026-07-12T19:03:37.310Z,2026-07-12T19:03:42.472Z,5.16200000,44254.00000000,44257.00000000,3.00000000,/home/arash/Projects/DrywellDT/deployments/Bioretention_assimilation_MCMC_drift/state/_current_input.json,/home/arash/Projects/DrywellDT/deployments/Bioretention_assimilation_MCMC_drift/state/state_20210302_000000.json,ok,
424,forward_forecast,142,2026-07-12T19:03:42.474Z,2026-07-12T19:03:45.586Z,3.11200000,44254.00000000,44261.00000000,7.00000000,/home/arash/Projects/DrywellDT/deployments/Bioretention_assimilation_MCMC_drift/state/_current_input.json,,ok,
425,assim_calibration,141,2026-07-12T19:03:37.309Z,2026-07-12T19:24:21.884Z,1244.57500000,44157.00000000,44257.00000000,100.00000000,/home/arash/Projects/DrywellDT/deployments/Bioretention_assimilation_MCMC_drift/state/state_20210302_000000.json,/home/arash/Projects/DrywellDT/deployments/Bioretention_assimilation_MCMC_drift/outputs/calibration/state_calibrated_latest.json,ok,MCMC provisional (plateaued=0)
426,forward_advance,143,2026-07-12T19:32:25.287Z,2026-07-12T19:32:30.257Z,4.97000000,44257.00000000,44260.00000000,3.00000000,/home/arash/Projects/DrywellDT/deployments/Bioretention_assimilation_MCMC_drift/state/_current_input.json,/home/arash/Projects/DrywellDT/deployments/Bioretention_assimilation_MCMC_drift/state/state_20210305_000000.json,ok,
427,forward_forecast,143,2026-07-12T19:32:30.259Z,2026-07-12T19:32:35.689Z,5.43000000,44257.00000000,44264.00000000,7.00000000,/home/arash/Projects/DrywellDT/deployments/Bioretention_assimilation_MCMC_drift/state/_current_input.json,,ok,
428,assim_calibration,142,2026-07-12T19:25:13.340Z,2026-07-12T19:45:52.236Z,1238.89600000,44160.00000000,44260.00000000,100.00000000,/home/arash/Projects/DrywellDT/deployments/Bioretention_assimilation_MCMC_drift/state/state_20210302_000000.json,/home/arash/Projects/DrywellDT/deployments/Bioretention_assimilation_MCMC_drift/outputs/calibration/state_calibrated_latest.json,ok,MCMC provisional (plateaued=0)
429,forward_advance,144,2026-07-12T19:54:01.347Z,2026-07-12T19:54:07.006Z,5.65900000,44260.00000000,44263.00000000,3.00000000,/home/arash/Projects/DrywellDT/deployments/Bioretention_assimilation_MCMC_drift/state/_current_input.json,/home/arash/Projects/DrywellDT/deployments/Bioretention_assimilation_MCMC_drift/state/state_20210308_000000.json,ok,
430,forward_forecast,144,2026-07-12T19:54:07.008Z,2026-07-12T19:54:14.018Z,7.01000000,44260.00000000,44267.00000000,7.00000000,/home/arash/Projects/DrywellDT/deployments/Bioretention_assimilation_MCMC_drift/state/_current_input.json,,ok,
431,assim_calibration,143,2026-07-12T19:46:49.338Z,2026-07-12T20:07:31.512Z,1242.17400000,44163.00000000,44263.00000000,100.00000000,/home/arash/Projects/DrywellDT/deployments/Bioretention_assimilation_MCMC_drift/state/state_20210305_000000.json,/home/arash/Projects/DrywellDT/deployments/Bioretention_assimilation_MCMC_drift/outputs/calibration/state_calibrated_latest.json,ok,MCMC provisional (plateaued=0)
432,forward_advance,145,2026-07-12T20:15:37.371Z,2026-07-12T20:15:40.587Z,3.21600000,44263.00000000,44266.00000000,3.00000000,/home/arash/Projects/DrywellDT/deployments/Bioretention_assimilation_MCMC_drift/state/_current_input.json,/home/arash/Projects/DrywellDT/deployments/Bioretention_assimilation_MCMC_drift/state/state_20210311_000000.json,ok,
433,forward_forecast,145,2026-07-12T20:15:40.589Z,2026-07-12T20:15:47.241Z,6.65200000,44263.00000000,44270.00000000,7.00000000,/home/arash/Projects/DrywellDT/deployments/Bioretention_assimilation_MCMC_drift/state/_current_input.json,,ok,
434,assim_calibration,144,2026-07-12T20:08:25.338Z,2026-07-12T20:29:09.579Z,1244.24100000,44166.00000000,44266.00000000,100.00000000,/home/arash/Projects/DrywellDT/deployments/Bioretention_assimilation_MCMC_drift/state/state_20210308_000000.json,/home/arash/Projects/DrywellDT/deployments/Bioretention_assimilation_MCMC_drift/outputs/calibration/state_calibrated_latest.json,ok,MCMC provisional (plateaued=0)
435,forward_advance,146,2026-07-12T20:37:13.285Z,2026-07-12T20:37:18.264Z,4.97900000,44266.00000000,44269.00000000,3.00000000,/home/arash/Projects/DrywellDT/deployments/Bioretention_assimilation_MCMC_drift/state/_current_input.json,/home/arash/Projects/DrywellDT/deployments/Bioretention_assimilation_MCMC_drift/state/state_20210314_000000.json,ok,
436,forward_forecast,146,2026-07-12T20:37:18.265Z,2026-07-12T20:37:22.988Z,4.72300000,44266.00000000,44273.00000000,7.00000000,/home/arash/Projects/DrywellDT/deployments/Bioretention_assimilation_MCMC_drift/state/_current_input.json,,ok,
437,assim_calibration,145,2026-07-12T20:30:01.324Z,2026-07-12T20:50:46.067Z,1244.74300000,44169.00000000,44269.00000000,100.00000000,/home/arash/Projects/DrywellDT/deployments/Bioretention_assimilation_MCMC_drift/state/state_20210311_000000.json,/home/arash/Projects/DrywellDT/deployments/Bioretention_assimilation_MCMC_drift/outputs/calibration/state_calibrated_latest.json,ok,MCMC provisional (plateaued=0)
438,forward_advance,147,2026-07-12T20:58:49.371Z,2026-07-12T20:58:52.763Z,3.39200000,44269.00000000,44272.00000000,3.00000000,/home/arash/Projects/DrywellDT/deployments/Bioretention_assimilation_MCMC_drift/state/_current_input.json,/home/arash/Projects/DrywellDT/deployments/Bioretention_assimilation_MCMC_drift/state/state_20210317_000000.json,ok,
439,forward_forecast,147,2026-07-12T20:58:52.764Z,2026-07-12T20:58:58.443Z,5.67900000,44269.00000000,44276.00000000,7.00000000,/home/arash/Projects/DrywellDT/deployments/Bioretention_assimilation_MCMC_drift/state/_current_input.json,,ok,
440,assim_calibration,146,2026-07-12T20:51:37.339Z,2026-07-12T21:12:17.453Z,1240.11400000,44172.00000000,44272.00000000,100.00000000,/home/arash/Projects/DrywellDT/deployments/Bioretention_assimilation_MCMC_drift/state/state_20210314_000000.json,/home/arash/Projects/DrywellDT/deployments/Bioretention_assimilation_MCMC_drift/outputs/calibration/state_calibrated_latest.json,ok,MCMC provisional (plateaued=0)
441,forward_advance,148,2026-07-12T21:20:25.332Z,2026-07-12T21:20:30.047Z,4.71500000,44272.00000000,44275.00000000,3.00000000,/home/arash/Projects/DrywellDT/deployments/Bioretention_assimilation_MCMC_drift/state/_current_input.json,/home/arash/Projects/DrywellDT/deployments/Bioretention_assimilation_MCMC_drift/state/state_20210320_000000.json,ok,
442,forward_forecast,148,2026-07-12T21:20:30.049Z,2026-07-12T21:20:34.026Z,3.97700000,44272.00000000,44279.00000000,7.00000000,/home/arash/Projects/DrywellDT/deployments/Bioretention_assimilation_MCMC_drift/state/_current_input.json,,ok,
443,assim_calibration,147,2026-07-12T21:13:13.294Z,2026-07-12T21:33:56.257Z,1242.96300000,44175.00000000,44275.00000000,100.00000000,/home/arash/Projects/DrywellDT/deployments/Bioretention_assimilation_MCMC_drift/state/state_20210317_000000.json,/home/arash/Projects/DrywellDT/deployments/Bioretention_assimilation_MCMC_drift/outputs/calibration/state_calibrated_latest.json,ok,MCMC provisional (plateaued=0)
444,forward_advance,149,2026-07-12T21:42:01.371Z,2026-07-12T21:42:06.015Z,4.64400000,44275.00000000,44278.00000000,3.00000000,/home/arash/Projects/DrywellDT/deployments/Bioretention_assimilation_MCMC_drift/state/_current_input.json,/home/arash/Projects/DrywellDT/deployments/Bioretention_assimilation_MCMC_drift/state/state_20210323_000000.json,ok,
445,forward_forecast,149,2026-07-12T21:42:06.017Z,2026-07-12T21:42:11.128Z,5.11100000,44275.00000000,44282.00000000,7.00000000,/home/arash/Projects/DrywellDT/deployments/Bioretention_assimilation_MCMC_drift/state/_current_input.json,,ok,
446,assim_calibration,148,2026-07-12T21:34:49.336Z,2026-07-12T21:55:32.890Z,1243.55400000,44178.00000000,44278.00000000,100.00000000,/home/arash/Projects/DrywellDT/deployments/Bioretention_assimilation_MCMC_drift/state/state_20210320_000000.json,/home/arash/Projects/DrywellDT/deployments/Bioretention_assimilation_MCMC_drift/outputs/calibration/state_calibrated_latest.json,ok,MCMC provisional (plateaued=0)
447,forward_advance,150,2026-07-12T22:03:37.371Z,2026-07-12T22:03:41.359Z,3.98800000,44278.00000000,44281.00000000,3.00000000,/home/arash/Projects/DrywellDT/deployments/Bioretention_assimilation_MCMC_drift/state/_current_input.json,/home/arash/Projects/DrywellDT/deployments/Bioretention_assimilation_MCMC_drift/state/state_20210326_000000.json,ok,
448,forward_forecast,150,2026-07-12T22:03:41.361Z,2026-07-12T22:03:45.914Z,4.55300000,44278.00000000,44285.00000000,7.00000000,/home/arash/Projects/DrywellDT/deployments/Bioretention_assimilation_MCMC_drift/state/_current_input.json,,ok,
449,assim_calibration,149,2026-07-12T21:56:25.308Z,2026-07-12T22:17:06.861Z,1241.55300000,44181.00000000,44281.00000000,100.00000000,/home/arash/Projects/DrywellDT/deployments/Bioretention_assimilation_MCMC_drift/state/state_20210323_000000.json,/home/arash/Projects/DrywellDT/deployments/Bioretention_assimilation_MCMC_drift/outputs/calibration/state_calibrated_latest.json,ok,MCMC provisional (plateaued=0)
450,forward_advance,151,2026-07-12T22:25:13.371Z,2026-07-12T22:25:17.029Z,3.65800000,44281.00000000,44284.00000000,3.00000000,/home/arash/Projects/DrywellDT/deployments/Bioretention_assimilation_MCMC_drift/state/_current_input.json,/home/arash/Projects/DrywellDT/deployments/Bioretention_assimilation_MCMC_drift/state/state_20210329_000000.json,ok,
451,forward_forecast,151,2026-07-12T22:25:17.031Z,2026-07-12T22:25:21.793Z,4.76200000,44281.00000000,44288.00000000,7.00000000,/home/arash/Projects/DrywellDT/deployments/Bioretention_assimilation_MCMC_drift/state/_current_input.json,,ok,
452,assim_calibration,150,2026-07-12T22:18:01.340Z,2026-07-12T22:38:41.181Z,1239.84100000,44184.00000000,44284.00000000,100.00000000,/home/arash/Projects/DrywellDT/deployments/Bioretention_assimilation_MCMC_drift/state/state_20210326_000000.json,/home/arash/Projects/DrywellDT/deployments/Bioretention_assimilation_MCMC_drift/outputs/calibration/state_calibrated_latest.json,ok,MCMC provisional (plateaued=0)
453,forward_advance,152,2026-07-12T22:46:49.273Z,2026-07-12T22:46:53.496Z,4.22300000,44284.00000000,44287.00000000,3.00000000,/home/arash/Projects/DrywellDT/deployments/Bioretention_assimilation_MCMC_drift/state/_current_input.json,/home/arash/Projects/DrywellDT/deployments/Bioretention_assimilation_MCMC_drift/state/state_20210401_000000.json,ok,
454,forward_forecast,152,2026-07-12T22:46:53.498Z,2026-07-12T22:46:57.680Z,4.18200000,44284.00000000,44291.00000000,7.00000000,/home/arash/Projects/DrywellDT/deployments/Bioretention_assimilation_MCMC_drift/state/_current_input.json,,ok,
455,assim_calibration,151,2026-07-12T22:39:37.331Z,2026-07-12T23:00:16.143Z,1238.81200000,44187.00000000,44287.00000000,100.00000000,/home/arash/Projects/DrywellDT/deployments/Bioretention_assimilation_MCMC_drift/state/state_20210329_000000.json,/home/arash/Projects/DrywellDT/deployments/Bioretention_assimilation_MCMC_drift/outputs/calibration/state_calibrated_latest.json,ok,MCMC provisional (plateaued=0)
456,forward_advance,153,2026-07-12T23:08:25.276Z,2026-07-12T23:08:29.821Z,4.54500000,44287.00000000,44290.00000000,3.00000000,/home/arash/Projects/DrywellDT/deployments/Bioretention_assimilation_MCMC_drift/state/_current_input.json,/home/arash/Projects/DrywellDT/deployments/Bioretention_assimilation_MCMC_drift/state/state_20210404_000000.json,ok,
457,forward_forecast,153,2026-07-12T23:08:29.822Z,2026-07-12T23:08:34.066Z,4.24400000,44287.00000000,44294.00000000,7.00000000,/home/arash/Projects/DrywellDT/deployments/Bioretention_assimilation_MCMC_drift/state/_current_input.json,,ok,
458,assim_calibration,152,2026-07-12T23:01:13.350Z,2026-07-12T23:21:53.971Z,1240.62100000,44190.00000000,44290.00000000,100.00000000,/home/arash/Projects/DrywellDT/deployments/Bioretention_assimilation_MCMC_drift/state/state_20210401_000000.json,/home/arash/Projects/DrywellDT/deployments/Bioretention_assimilation_MCMC_drift/outputs/calibration/state_calibrated_latest.json,ok,MCMC provisional (plateaued=0)
459,forward_advance,154,2026-07-12T23:30:01.368Z,2026-07-12T23:30:05.835Z,4.46700000,44290.00000000,44293.00000000,3.00000000,/home/arash/Projects/DrywellDT/deployments/Bioretention_assimilation_MCMC_drift/state/_current_input.json,/home/arash/Projects/DrywellDT/deployments/Bioretention_assimilation_MCMC_drift/state/state_20210407_000000.json,ok,
460,forward_forecast,154,2026-07-12T23:30:05.838Z,2026-07-12T23:30:09.959Z,4.12100000,44290.00000000,44297.00000000,7.00000000,/home/arash/Projects/DrywellDT/deployments/Bioretention_assimilation_MCMC_drift/state/_current_input.json,,ok,
461,assim_calibration,153,2026-07-12T23:22:49.299Z,2026-07-12T23:43:30.762Z,1241.46300000,44193.00000000,44293.00000000,100.00000000,/home/arash/Projects/DrywellDT/deployments/Bioretention_assimilation_MCMC_drift/state/state_20210404_000000.json,/home/arash/Projects/DrywellDT/deployments/Bioretention_assimilation_MCMC_drift/outputs/calibration/state_calibrated_latest.json,ok,MCMC provisional (plateaued=0)
462,forward_advance,155,2026-07-12T23:51:37.333Z,2026-07-12T23:51:44.125Z,6.79200000,44293.00000000,44296.00000000,3.00000000,/home/arash/Projects/DrywellDT/deployments/Bioretention_assimilation_MCMC_drift/state/_current_input.json,/home/arash/Projects/DrywellDT/deployments/Bioretention_assimilation_MCMC_drift/state/state_20210410_000000.json,ok,
463,forward_forecast,155,2026-07-12T23:51:44.127Z,2026-07-12T23:51:49.135Z,5.00800000,44293.00000000,44300.00000000,7.00000000,/home/arash/Projects/DrywellDT/deployments/Bioretention_assimilation_MCMC_drift/state/_current_input.json,,ok,
464,assim_calibration,154,2026-07-12T23:44:25.348Z,2026-07-13T00:05:06.920Z,1241.57200000,44196.00000000,44296.00000000,100.00000000,/home/arash/Projects/DrywellDT/deployments/Bioretention_assimilation_MCMC_drift/state/state_20210407_000000.json,/home/arash/Projects/DrywellDT/deployments/Bioretention_assimilation_MCMC_drift/outputs/calibration/state_calibrated_latest.json,ok,MCMC provisional (plateaued=0)
465,forward_advance,156,2026-07-13T00:13:13.371Z,2026-07-13T00:13:17.305Z,3.93400000,44296.00000000,44299.00000000,3.00000000,/home/arash/Projects/DrywellDT/deployments/Bioretention_assimilation_MCMC_drift/state/_current_input.json,/home/arash/Projects/DrywellDT/deployments/Bioretention_assimilation_MCMC_drift/state/state_20210413_000000.json,ok,
466,forward_forecast,156,2026-07-13T00:13:17.307Z,2026-07-13T00:13:22.966Z,5.65900000,44296.00000000,44303.00000000,7.00000000,/home/arash/Projects/DrywellDT/deployments/Bioretention_assimilation_MCMC_drift/state/_current_input.json,,ok,
467,assim_calibration,155,2026-07-13T00:06:01.313Z,2026-07-13T00:26:42.035Z,1240.72200000,44199.00000000,44299.00000000,100.00000000,/home/arash/Projects/DrywellDT/deployments/Bioretention_assimilation_MCMC_drift/state/state_20210410_000000.json,/home/arash/Projects/DrywellDT/deployments/Bioretention_assimilation_MCMC_drift/outputs/calibration/state_calibrated_latest.json,ok,MCMC provisional (plateaued=0)
468,forward_advance,157,2026-07-13T00:34:49.271Z,2026-07-13T00:34:55.442Z,6.17100000,44299.00000000,44302.00000000,3.00000000,/home/arash/Projects/DrywellDT/deployments/Bioretention_assimilation_MCMC_drift/state/_current_input.json,/home/arash/Projects/DrywellDT/deployments/Bioretention_assimilation_MCMC_drift/state/state_20210416_000000.json,ok,
469,forward_forecast,157,2026-07-13T00:34:55.444Z,2026-07-13T00:34:59.487Z,4.04300000,44299.00000000,44306.00000000,7.00000000,/home/arash/Projects/DrywellDT/deployments/Bioretention_assimilation_MCMC_drift/state/_current_input.json,,ok,
470,assim_calibration,156,2026-07-13T00:27:37.348Z,2026-07-13T00:48:16.800Z,1239.45200000,44202.00000000,44302.00000000,100.00000000,/home/arash/Projects/DrywellDT/deployments/Bioretention_assimilation_MCMC_drift/state/state_20210413_000000.json,/home/arash/Projects/DrywellDT/deployments/Bioretention_assimilation_MCMC_drift/outputs/calibration/state_calibrated_latest.json,ok,MCMC provisional (plateaued=0)
471,forward_advance,158,2026-07-13T00:56:25.274Z,2026-07-13T00:56:29.726Z,4.45200000,44302.00000000,44305.00000000,3.00000000,/home/arash/Projects/DrywellDT/deployments/Bioretention_assimilation_MCMC_drift/state/_current_input.json,/home/arash/Projects/DrywellDT/deployments/Bioretention_assimilation_MCMC_drift/state/state_20210419_000000.json,ok,
472,forward_forecast,158,2026-07-13T00:56:29.728Z,2026-07-13T00:56:34.635Z,4.90700000,44302.00000000,44309.00000000,7.00000000,/home/arash/Projects/DrywellDT/deployments/Bioretention_assimilation_MCMC_drift/state/_current_input.json,,ok,
473,assim_calibration,157,2026-07-13T00:49:13.339Z,2026-07-13T01:09:53.471Z,1240.13200000,44205.00000000,44305.00000000,100.00000000,/home/arash/Projects/DrywellDT/deployments/Bioretention_assimilation_MCMC_drift/state/state_20210416_000000.json,/home/arash/Projects/DrywellDT/deployments/Bioretention_assimilation_MCMC_drift/outputs/calibration/state_calibrated_latest.json,ok,MCMC provisional (plateaued=0)
474,forward_advance,159,2026-07-13T01:18:01.371Z,2026-07-13T01:18:07.432Z,6.06100000,44305.00000000,44308.00000000,3.00000000,/home/arash/Projects/DrywellDT/deployments/Bioretention_assimilation_MCMC_drift/state/_current_input.json,/home/arash/Projects/DrywellDT/deployments/Bioretention_assimilation_MCMC_drift/state/state_20210422_000000.json,ok,
475,forward_forecast,159,2026-07-13T01:18:07.434Z,2026-07-13T01:18:13.398Z,5.96400000,44305.00000000,44312.00000000,7.00000000,/home/arash/Projects/DrywellDT/deployments/Bioretention_assimilation_MCMC_drift/state/_current_input.json,,ok,
476,assim_calibration,158,2026-07-13T01:10:49.334Z,2026-07-13T01:31:29.017Z,1239.68300000,44208.00000000,44308.00000000,100.00000000,/home/arash/Projects/DrywellDT/deployments/Bioretention_assimilation_MCMC_drift/state/state_20210419_000000.json,/home/arash/Projects/DrywellDT/deployments/Bioretention_assimilation_MCMC_drift/outputs/calibration/state_calibrated_latest.json,ok,MCMC provisional (plateaued=0)
477,forward_advance,160,2026-07-13T01:39:37.350Z,2026-07-13T01:39:43.180Z,5.83000000,44308.00000000,44311.00000000,3.00000000,/home/arash/Projects/DrywellDT/deployments/Bioretention_assimilation_MCMC_drift/state/_current_input.json,/home/arash/Projects/DrywellDT/deployments/Bioretention_assimilation_MCMC_drift/state/state_20210425_000000.json,ok,
478,forward_forecast,160,2026-07-13T01:39:43.181Z,2026-07-13T01:39:49.182Z,6.00100000,44308.00000000,44315.00000000,7.00000000,/home/arash/Projects/DrywellDT/deployments/Bioretention_assimilation_MCMC_drift/state/_current_input.json,,ok,
479,assim_calibration,159,2026-07-13T01:32:25.318Z,2026-07-13T01:53:03.995Z,1238.67700000,44211.00000000,44311.00000000,100.00000000,/home/arash/Projects/DrywellDT/deployments/Bioretention_assimilation_MCMC_drift/state/state_20210422_000000.json,/home/arash/Projects/DrywellDT/deployments/Bioretention_assimilation_MCMC_drift/outputs/calibration/state_calibrated_latest.json,ok,MCMC provisional (plateaued=0)
480,forward_advance,161,2026-07-13T02:01:13.351Z,2026-07-13T02:01:17.042Z,3.69100000,44311.00000000,44314.00000000,3.00000000,/home/arash/Projects/DrywellDT/deployments/Bioretention_assimilation_MCMC_drift/state/_current_input.json,/home/arash/Projects/DrywellDT/deployments/Bioretention_assimilation_MCMC_drift/state/state_20210428_000000.json,ok,
481,forward_forecast,161,2026-07-13T02:01:17.044Z,2026-07-13T02:01:21.689Z,4.64500000,44311.00000000,44318.00000000,7.00000000,/home/arash/Projects/DrywellDT/deployments/Bioretention_assimilation_MCMC_drift/state/_current_input.json,,ok,
482,assim_calibration,160,2026-07-13T01:54:01.299Z,2026-07-13T02:14:39.889Z,1238.59000000,44214.00000000,44314.00000000,100.00000000,/home/arash/Projects/DrywellDT/deployments/Bioretention_assimilation_MCMC_drift/state/state_20210425_000000.json,/home/arash/Projects/DrywellDT/deployments/Bioretention_assimilation_MCMC_drift/outputs/calibration/state_calibrated_latest.json,ok,MCMC provisional (plateaued=0)
483,forward_advance,162,2026-07-13T02:22:49.371Z,2026-07-13T02:22:55.399Z,6.02800000,44314.00000000,44317.00000000,3.00000000,/home/arash/Projects/DrywellDT/deployments/Bioretention_assimilation_MCMC_drift/state/_current_input.json,/home/arash/Projects/DrywellDT/deployments/Bioretention_assimilation_MCMC_drift/state/state_20210501_000000.json,ok,
484,forward_forecast,162,2026-07-13T02:22:55.401Z,2026-07-13T02:23:02.696Z,7.29500000,44314.00000000,44321.00000000,7.00000000,/home/arash/Projects/DrywellDT/deployments/Bioretention_assimilation_MCMC_drift/state/_current_input.json,,ok,
485,assim_calibration,161,2026-07-13T02:15:37.302Z,2026-07-13T02:36:19.255Z,1241.95300000,44217.00000000,44317.00000000,100.00000000,/home/arash/Projects/DrywellDT/deployments/Bioretention_assimilation_MCMC_drift/state/state_20210428_000000.json,/home/arash/Projects/DrywellDT/deployments/Bioretention_assimilation_MCMC_drift/outputs/calibration/state_calibrated_latest.json,ok,MCMC provisional (plateaued=0)
486,forward_advance,163,2026-07-13T02:44:25.371Z,2026-07-13T02:44:29.488Z,4.11700000,44317.00000000,44320.00000000,3.00000000,/home/arash/Projects/DrywellDT/deployments/Bioretention_assimilation_MCMC_drift/state/_current_input.json,/home/arash/Projects/DrywellDT/deployments/Bioretention_assimilation_MCMC_drift/state/state_20210504_000000.json,ok,
487,forward_forecast,163,2026-07-13T02:44:29.490Z,2026-07-13T02:44:36.285Z,6.79500000,44317.00000000,44324.00000000,7.00000000,/home/arash/Projects/DrywellDT/deployments/Bioretention_assimilation_MCMC_drift/state/_current_input.json,,ok,
488,assim_calibration,162,2026-07-13T02:37:13.328Z,2026-07-13T02:57:56.795Z,1243.46700000,44220.00000000,44320.00000000,100.00000000,/home/arash/Projects/DrywellDT/deployments/Bioretention_assimilation_MCMC_drift/state/state_20210501_000000.json,/home/arash/Projects/DrywellDT/deployments/Bioretention_assimilation_MCMC_drift/outputs/calibration/state_calibrated_latest.json,ok,MCMC provisional (plateaued=0)
489,forward_advance,164,2026-07-13T03:06:01.352Z,2026-07-13T03:06:05.930Z,4.57800000,44320.00000000,44323.00000000,3.00000000,/home/arash/Projects/DrywellDT/deployments/Bioretention_assimilation_MCMC_drift/state/_current_input.json,/home/arash/Projects/DrywellDT/deployments/Bioretention_assimilation_MCMC_drift/state/state_20210507_000000.json,ok,
490,forward_forecast,164,2026-07-13T03:06:05.932Z,2026-07-13T03:06:11.931Z,5.99900000,44320.00000000,44327.00000000,7.00000000,/home/arash/Projects/DrywellDT/deployments/Bioretention_assimilation_MCMC_drift/state/_current_input.json,,ok,
491,assim_calibration,163,2026-07-13T02:58:49.346Z,2026-07-13T03:19:33.795Z,1244.44900000,44223.00000000,44323.00000000,100.00000000,/home/arash/Projects/DrywellDT/deployments/Bioretention_assimilation_MCMC_drift/state/state_20210504_000000.json,/home/arash/Projects/DrywellDT/deployments/Bioretention_assimilation_MCMC_drift/outputs/calibration/state_calibrated_latest.json,ok,MCMC provisional (plateaued=0)
492,forward_advance,165,2026-07-13T03:20:25.300Z,2026-07-13T03:20:28.194Z,2.89400000,44323.00000000,44326.00000000,3.00000000,/home/arash/Projects/DrywellDT/deployments/Bioretention_assimilation_MCMC_drift/state/_current_input.json,/home/arash/Projects/DrywellDT/deployments/Bioretention_assimilation_MCMC_drift/state/state_20210510_000000.json,ok,
493,forward_forecast,165,2026-07-13T03:20:28.195Z,2026-07-13T03:20:32.443Z,4.24800000,44323.00000000,44330.00000000,7.00000000,/home/arash/Projects/DrywellDT/deployments/Bioretention_assimilation_MCMC_drift/state/_current_input.json,,ok,
494,assim_calibration,164,2026-07-13T03:20:25.300Z,2026-07-13T03:41:06.785Z,1241.48500000,44226.00000000,44326.00000000,100.00000000,/home/arash/Projects/DrywellDT/deployments/Bioretention_assimilation_MCMC_drift/state/state_20210510_000000.json,/home/arash/Projects/DrywellDT/deployments/Bioretention_assimilation_MCMC_drift/outputs/calibration/state_calibrated_latest.json,ok,MCMC provisional (plateaued=0)
495,forward_advance,166,2026-07-13T03:42:01.323Z,2026-07-13T03:42:05.963Z,4.64000000,44326.00000000,44329.00000000,3.00000000,/home/arash/Projects/DrywellDT/deployments/Bioretention_assimilation_MCMC_drift/state/_current_input.json,/home/arash/Projects/DrywellDT/deployments/Bioretention_assimilation_MCMC_drift/state/state_20210513_000000.json,ok,
496,forward_forecast,166,2026-07-13T03:42:05.964Z,2026-07-13T03:42:11.208Z,5.24400000,44326.00000000,44333.00000000,7.00000000,/home/arash/Projects/DrywellDT/deployments/Bioretention_assimilation_MCMC_drift/state/_current_input.json,,ok,
497,assim_calibration,165,2026-07-13T03:42:01.322Z,2026-07-13T04:02:40.082Z,1238.76000000,44229.00000000,44329.00000000,100.00000000,/home/arash/Projects/DrywellDT/deployments/Bioretention_assimilation_MCMC_drift/state/state_20210513_000000.json,/home/arash/Projects/DrywellDT/deployments/Bioretention_assimilation_MCMC_drift/outputs/calibration/state_calibrated_latest.json,ok,MCMC provisional (plateaued=0)
498,forward_advance,167,2026-07-13T04:03:37.303Z,2026-07-13T04:03:40.196Z,2.89300000,44329.00000000,44332.00000000,3.00000000,/home/arash/Projects/DrywellDT/deployments/Bioretention_assimilation_MCMC_drift/state/_current_input.json,/home/arash/Projects/DrywellDT/deployments/Bioretention_assimilation_MCMC_drift/state/state_20210516_000000.json,ok,
499,forward_forecast,167,2026-07-13T04:03:40.197Z,2026-07-13T04:03:45.802Z,5.60500000,44329.00000000,44336.00000000,7.00000000,/home/arash/Projects/DrywellDT/deployments/Bioretention_assimilation_MCMC_drift/state/_current_input.json,,ok,
500,assim_calibration,166,2026-07-13T04:03:37.301Z,2026-07-13T04:24:18.912Z,1241.61100000,44232.00000000,44332.00000000,100.00000000,/home/arash/Projects/DrywellDT/deployments/Bioretention_assimilation_MCMC_drift/state/state_20210516_000000.json,/home/arash/Projects/DrywellDT/deployments/Bioretention_assimilation_MCMC_drift/outputs/calibration/state_calibrated_latest.json,ok,MCMC provisional (plateaued=0)
501,forward_advance,168,2026-07-13T04:32:25.371Z,2026-07-13T04:32:29.738Z,4.36700000,44332.00000000,44335.00000000,3.00000000,/home/arash/Projects/DrywellDT/deployments/Bioretention_assimilation_MCMC_drift/state/_current_input.json,/home/arash/Projects/DrywellDT/deployments/Bioretention_assimilation_MCMC_drift/state/state_20210519_000000.json,ok,
502,forward_forecast,168,2026-07-13T04:32:29.740Z,2026-07-13T04:32:34.240Z,4.50000000,44332.00000000,44339.00000000,7.00000000,/home/arash/Projects/DrywellDT/deployments/Bioretention_assimilation_MCMC_drift/state/_current_input.json,,ok,
503,assim_calibration,167,2026-07-13T04:25:13.300Z,2026-07-13T04:45:54.807Z,1241.50700000,44235.00000000,44335.00000000,100.00000000,/home/arash/Projects/DrywellDT/deployments/Bioretention_assimilation_MCMC_drift/state/state_20210516_000000.json,/home/arash/Projects/DrywellDT/deployments/Bioretention_assimilation_MCMC_drift/outputs/calibration/state_calibrated_latest.json,ok,MCMC provisional (plateaued=0)
504,forward_advance,169,2026-07-13T04:54:01.342Z,2026-07-13T04:54:05.601Z,4.25900000,44335.00000000,44338.00000000,3.00000000,/home/arash/Projects/DrywellDT/deployments/Bioretention_assimilation_MCMC_drift/state/_current_input.json,/home/arash/Projects/DrywellDT/deployments/Bioretention_assimilation_MCMC_drift/state/state_20210522_000000.json,ok,
505,forward_forecast,169,2026-07-13T04:54:05.603Z,2026-07-13T04:54:10.448Z,4.84500000,44335.00000000,44342.00000000,7.00000000,/home/arash/Projects/DrywellDT/deployments/Bioretention_assimilation_MCMC_drift/state/_current_input.json,,ok,
506,assim_calibration,168,2026-07-13T04:46:49.349Z,2026-07-13T05:07:30.091Z,1240.74200000,44238.00000000,44338.00000000,100.00000000,/home/arash/Projects/DrywellDT/deployments/Bioretention_assimilation_MCMC_drift/state/state_20210519_000000.json,/home/arash/Projects/DrywellDT/deployments/Bioretention_assimilation_MCMC_drift/outputs/calibration/state_calibrated_latest.json,ok,MCMC provisional (plateaued=0)
507,forward_advance,170,2026-07-13T05:15:37.308Z,2026-07-13T05:15:41.740Z,4.43200000,44338.00000000,44341.00000000,3.00000000,/home/arash/Projects/DrywellDT/deployments/Bioretention_assimilation_MCMC_drift/state/_current_input.json,/home/arash/Projects/DrywellDT/deployments/Bioretention_assimilation_MCMC_drift/state/state_20210525_000000.json,ok,
508,forward_forecast,170,2026-07-13T05:15:41.742Z,2026-07-13T05:15:47.932Z,6.19000000,44338.00000000,44345.00000000,7.00000000,/home/arash/Projects/DrywellDT/deployments/Bioretention_assimilation_MCMC_drift/state/_current_input.json,,ok,
509,assim_calibration,169,2026-07-13T05:08:25.348Z,2026-07-13T05:29:08.826Z,1243.47800000,44241.00000000,44341.00000000,100.00000000,/home/arash/Projects/DrywellDT/deployments/Bioretention_assimilation_MCMC_drift/state/state_20210522_000000.json,/home/arash/Projects/DrywellDT/deployments/Bioretention_assimilation_MCMC_drift/outputs/calibration/state_calibrated_latest.json,ok,MCMC provisional (plateaued=0)
510,forward_advance,171,2026-07-13T05:37:13.323Z,2026-07-13T05:37:16.396Z,3.07300000,44341.00000000,44344.00000000,3.00000000,/home/arash/Projects/DrywellDT/deployments/Bioretention_assimilation_MCMC_drift/state/_current_input.json,/home/arash/Projects/DrywellDT/deployments/Bioretention_assimilation_MCMC_drift/state/state_20210528_000000.json,ok,
511,forward_forecast,171,2026-07-13T05:37:16.398Z,2026-07-13T05:37:19.941Z,3.54300000,44341.00000000,44348.00000000,7.00000000,/home/arash/Projects/DrywellDT/deployments/Bioretention_assimilation_MCMC_drift/state/_current_input.json,,ok,
512,assim_calibration,170,2026-07-13T05:30:01.317Z,2026-07-13T05:50:40.204Z,1238.88700000,44244.00000000,44344.00000000,100.00000000,/home/arash/Projects/DrywellDT/deployments/Bioretention_assimilation_MCMC_drift/state/state_20210525_000000.json,/home/arash/Projects/DrywellDT/deployments/Bioretention_assimilation_MCMC_drift/outputs/calibration/state_calibrated_latest.json,ok,MCMC provisional (plateaued=0)
513,forward_advance,172,2026-07-13T05:58:49.371Z,2026-07-13T05:58:54.359Z,4.98800000,44344.00000000,44347.00000000,3.00000000,/home/arash/Projects/DrywellDT/deployments/Bioretention_assimilation_MCMC_drift/state/_current_input.json,/home/arash/Projects/DrywellDT/deployments/Bioretention_assimilation_MCMC_drift/state/state_20210531_000000.json,ok,
514,forward_forecast,172,2026-07-13T05:58:54.361Z,2026-07-13T05:59:01.552Z,7.19100000,44344.00000000,44351.00000000,7.00000000,/home/arash/Projects/DrywellDT/deployments/Bioretention_assimilation_MCMC_drift/state/_current_input.json,,ok,
515,assim_calibration,171,2026-07-13T05:51:37.342Z,2026-07-13T06:12:16.151Z,1238.80900000,44247.00000000,44347.00000000,100.00000000,/home/arash/Projects/DrywellDT/deployments/Bioretention_assimilation_MCMC_drift/state/state_20210528_000000.json,/home/arash/Projects/DrywellDT/deployments/Bioretention_assimilation_MCMC_drift/outputs/calibration/state_calibrated_latest.json,ok,MCMC provisional (plateaued=0)
516,forward_advance,173,2026-07-13T06:20:25.368Z,2026-07-13T06:20:28.462Z,3.09400000,44347.00000000,44350.00000000,3.00000000,/home/arash/Projects/DrywellDT/deployments/Bioretention_assimilation_MCMC_drift/state/_current_input.json,/home/arash/Projects/DrywellDT/deployments/Bioretention_assimilation_MCMC_drift/state/state_20210603_000000.json,ok,
517,forward_forecast,173,2026-07-13T06:20:28.464Z,2026-07-13T06:20:35.618Z,7.15400000,44347.00000000,44354.00000000,7.00000000,/home/arash/Projects/DrywellDT/deployments/Bioretention_assimilation_MCMC_drift/state/_current_input.json,,ok,
518,assim_calibration,172,2026-07-13T06:13:13.352Z,2026-07-13T06:33:53.189Z,1239.83700000,44250.00000000,44350.00000000,100.00000000,/home/arash/Projects/DrywellDT/deployments/Bioretention_assimilation_MCMC_drift/state/state_20210531_000000.json,/home/arash/Projects/DrywellDT/deployments/Bioretention_assimilation_MCMC_drift/outputs/calibration/state_calibrated_latest.json,ok,MCMC provisional (plateaued=0)
519,forward_advance,174,2026-07-13T06:34:49.325Z,2026-07-13T06:34:55.592Z,6.26700000,44350.00000000,44353.00000000,3.00000000,/home/arash/Projects/DrywellDT/deployments/Bioretention_assimilation_MCMC_drift/state/_current_input.json,/home/arash/Projects/DrywellDT/deployments/Bioretention_assimilation_MCMC_drift/state/state_20210606_000000.json,ok,
520,forward_forecast,174,2026-07-13T06:34:55.593Z,2026-07-13T06:34:58.739Z,3.14600000,44350.00000000,44357.00000000,7.00000000,/home/arash/Projects/DrywellDT/deployments/Bioretention_assimilation_MCMC_drift/state/_current_input.json,,ok,
521,assim_calibration,173,2026-07-13T06:34:49.325Z,2026-07-13T06:55:31.065Z,1241.74000000,44253.00000000,44353.00000000,100.00000000,/home/arash/Projects/DrywellDT/deployments/Bioretention_assimilation_MCMC_drift/state/state_20210606_000000.json,/home/arash/Projects/DrywellDT/deployments/Bioretention_assimilation_MCMC_drift/outputs/calibration/state_calibrated_latest.json,ok,MCMC provisional (plateaued=0)
522,forward_advance,175,2026-07-13T07:03:37.357Z,2026-07-13T07:03:43.405Z,6.04800000,44353.00000000,44356.00000000,3.00000000,/home/arash/Projects/DrywellDT/deployments/Bioretention_assimilation_MCMC_drift/state/_current_input.json,/home/arash/Projects/DrywellDT/deployments/Bioretention_assimilation_MCMC_drift/state/state_20210609_000000.json,ok,
523,forward_forecast,175,2026-07-13T07:03:43.407Z,2026-07-13T07:03:46.914Z,3.50700000,44353.00000000,44360.00000000,7.00000000,/home/arash/Projects/DrywellDT/deployments/Bioretention_assimilation_MCMC_drift/state/_current_input.json,,ok,
524,assim_calibration,174,2026-07-13T06:56:25.350Z,2026-07-13T07:17:08.184Z,1242.83400000,44256.00000000,44356.00000000,100.00000000,/home/arash/Projects/DrywellDT/deployments/Bioretention_assimilation_MCMC_drift/state/state_20210606_000000.json,/home/arash/Projects/DrywellDT/deployments/Bioretention_assimilation_MCMC_drift/outputs/calibration/state_calibrated_latest.json,ok,MCMC provisional (plateaued=0)
525,forward_advance,176,2026-07-13T07:25:13.364Z,2026-07-13T07:25:17.149Z,3.78500000,44356.00000000,44359.00000000,3.00000000,/home/arash/Projects/DrywellDT/deployments/Bioretention_assimilation_MCMC_drift/state/_current_input.json,/home/arash/Projects/DrywellDT/deployments/Bioretention_assimilation_MCMC_drift/state/state_20210612_000000.json,ok,
526,forward_forecast,176,2026-07-13T07:25:17.151Z,2026-07-13T07:25:24.447Z,7.29600000,44356.00000000,44363.00000000,7.00000000,/home/arash/Projects/DrywellDT/deployments/Bioretention_assimilation_MCMC_drift/state/_current_input.json,,ok,
527,assim_calibration,175,2026-07-13T07:18:01.342Z,2026-07-13T07:38:45.132Z,1243.79000000,44259.00000000,44359.00000000,100.00000000,/home/arash/Projects/DrywellDT/deployments/Bioretention_assimilation_MCMC_drift/state/state_20210609_000000.json,/home/arash/Projects/DrywellDT/deployments/Bioretention_assimilation_MCMC_drift/outputs/calibration/state_calibrated_latest.json,ok,MCMC provisional (plateaued=0)
528,forward_advance,177,2026-07-13T07:46:49.371Z,2026-07-13T07:46:52.472Z,3.10100000,44359.00000000,44362.00000000,3.00000000,/home/arash/Projects/DrywellDT/deployments/Bioretention_assimilation_MCMC_drift/state/_current_input.json,/home/arash/Projects/DrywellDT/deployments/Bioretention_assimilation_MCMC_drift/state/state_20210615_000000.json,ok,
529,forward_forecast,177,2026-07-13T07:46:52.474Z,2026-07-13T07:46:59.825Z,7.35100000,44359.00000000,44366.00000000,7.00000000,/home/arash/Projects/DrywellDT/deployments/Bioretention_assimilation_MCMC_drift/state/_current_input.json,,ok,
530,assim_calibration,176,2026-07-13T07:39:37.312Z,2026-07-13T08:00:18.849Z,1241.53700000,44262.00000000,44362.00000000,100.00000000,/home/arash/Projects/DrywellDT/deployments/Bioretention_assimilation_MCMC_drift/state/state_20210612_000000.json,/home/arash/Projects/DrywellDT/deployments/Bioretention_assimilation_MCMC_drift/outputs/calibration/state_calibrated_latest.json,ok,MCMC provisional (plateaued=0)
531,forward_advance,178,2026-07-13T08:08:25.370Z,2026-07-13T08:08:28.231Z,2.86100000,44362.00000000,44365.00000000,3.00000000,/home/arash/Projects/DrywellDT/deployments/Bioretention_assimilation_MCMC_drift/state/_current_input.json,/home/arash/Projects/DrywellDT/deployments/Bioretention_assimilation_MCMC_drift/state/state_20210618_000000.json,ok,
532,forward_forecast,178,2026-07-13T08:08:28.232Z,2026-07-13T08:08:32.785Z,4.55300000,44362.00000000,44369.00000000,7.00000000,/home/arash/Projects/DrywellDT/deployments/Bioretention_assimilation_MCMC_drift/state/_current_input.json,,ok,
533,assim_calibration,177,2026-07-13T08:01:13.332Z,2026-07-13T08:21:54.802Z,1241.47000000,44265.00000000,44365.00000000,100.00000000,/home/arash/Projects/DrywellDT/deployments/Bioretention_assimilation_MCMC_drift/state/state_20210615_000000.json,/home/arash/Projects/DrywellDT/deployments/Bioretention_assimilation_MCMC_drift/outputs/calibration/state_calibrated_latest.json,ok,MCMC provisional (plateaued=0)
534,forward_advance,179,2026-07-13T08:30:01.370Z,2026-07-13T08:30:04.453Z,3.08300000,44365.00000000,44368.00000000,3.00000000,/home/arash/Projects/DrywellDT/deployments/Bioretention_assimilation_MCMC_drift/state/_current_input.json,/home/arash/Projects/DrywellDT/deployments/Bioretention_assimilation_MCMC_drift/state/state_20210621_000000.json,ok,
535,forward_forecast,179,2026-07-13T08:30:04.455Z,2026-07-13T08:30:11.452Z,6.99700000,44365.00000000,44372.00000000,7.00000000,/home/arash/Projects/DrywellDT/deployments/Bioretention_assimilation_MCMC_drift/state/_current_input.json,,ok,
536,assim_calibration,178,2026-07-13T08:22:49.311Z,2026-07-13T08:43:29.866Z,1240.55500000,44268.00000000,44368.00000000,100.00000000,/home/arash/Projects/DrywellDT/deployments/Bioretention_assimilation_MCMC_drift/state/state_20210618_000000.json,/home/arash/Projects/DrywellDT/deployments/Bioretention_assimilation_MCMC_drift/outputs/calibration/state_calibrated_latest.json,ok,MCMC provisional (plateaued=0)
537,forward_advance,180,2026-07-13T08:51:37.371Z,2026-07-13T08:51:43.745Z,6.37400000,44368.00000000,44371.00000000,3.00000000,/home/arash/Projects/DrywellDT/deployments/Bioretention_assimilation_MCMC_drift/state/_current_input.json,/home/arash/Projects/DrywellDT/deployments/Bioretention_assimilation_MCMC_drift/state/state_20210624_000000.json,ok,
538,forward_forecast,180,2026-07-13T08:51:43.746Z,2026-07-13T08:51:46.964Z,3.21800000,44368.00000000,44375.00000000,7.00000000,/home/arash/Projects/DrywellDT/deployments/Bioretention_assimilation_MCMC_drift/state/_current_input.json,,ok,
539,assim_calibration,179,2026-07-13T08:44:25.350Z,2026-07-13T09:05:09.859Z,1244.50900000,44271.00000000,44371.00000000,100.00000000,/home/arash/Projects/DrywellDT/deployments/Bioretention_assimilation_MCMC_drift/state/state_20210621_000000.json,/home/arash/Projects/DrywellDT/deployments/Bioretention_assimilation_MCMC_drift/outputs/calibration/state_calibrated_latest.json,ok,MCMC provisional (plateaued=0)
540,forward_advance,181,2026-07-13T09:06:01.299Z,2026-07-13T09:06:05.594Z,4.29500000,44371.00000000,44374.00000000,3.00000000,/home/arash/Projects/DrywellDT/deployments/Bioretention_assimilation_MCMC_drift/state/_current_input.json,/home/arash/Projects/DrywellDT/deployments/Bioretention_assimilation_MCMC_drift/state/state_20210627_000000.json,ok,
541,forward_forecast,181,2026-07-13T09:06:05.595Z,2026-07-13T09:06:08.810Z,3.21500000,44371.00000000,44378.00000000,7.00000000,/home/arash/Projects/DrywellDT/deployments/Bioretention_assimilation_MCMC_drift/state/_current_input.json,,ok,
542,assim_calibration,180,2026-07-13T09:06:01.298Z,2026-07-13T09:26:43.720Z,1242.42200000,44274.00000000,44374.00000000,100.00000000,/home/arash/Projects/DrywellDT/deployments/Bioretention_assimilation_MCMC_drift/state/state_20210627_000000.json,/home/arash/Projects/DrywellDT/deployments/Bioretention_assimilation_MCMC_drift/outputs/calibration/state_calibrated_latest.json,ok,MCMC provisional (plateaued=0)
543,forward_advance,182,2026-07-13T09:27:37.310Z,2026-07-13T09:27:43.720Z,6.41000000,44374.00000000,44377.00000000,3.00000000,/home/arash/Projects/DrywellDT/deployments/Bioretention_assimilation_MCMC_drift/state/_current_input.json,/home/arash/Projects/DrywellDT/deployments/Bioretention_assimilation_MCMC_drift/state/state_20210630_000000.json,ok,
544,forward_forecast,182,2026-07-13T09:27:43.721Z,2026-07-13T09:27:47.040Z,3.31900000,44374.00000000,44381.00000000,7.00000000,/home/arash/Projects/DrywellDT/deployments/Bioretention_assimilation_MCMC_drift/state/_current_input.json,,ok,
545,assim_calibration,181,2026-07-13T09:27:37.309Z,2026-07-13T09:48:17.734Z,1240.42500000,44277.00000000,44377.00000000,100.00000000,/home/arash/Projects/DrywellDT/deployments/Bioretention_assimilation_MCMC_drift/state/state_20210630_000000.json,/home/arash/Projects/DrywellDT/deployments/Bioretention_assimilation_MCMC_drift/outputs/calibration/state_calibrated_latest.json,ok,MCMC provisional (plateaued=0)
546,forward_advance,183,2026-07-13T09:56:25.370Z,2026-07-13T09:56:31.296Z,5.92600000,44377.00000000,44380.00000000,3.00000000,/home/arash/Projects/DrywellDT/deployments/Bioretention_assimilation_MCMC_drift/state/_current_input.json,/home/arash/Projects/DrywellDT/deployments/Bioretention_assimilation_MCMC_drift/state/state_20210703_000000.json,ok,
547,forward_forecast,183,2026-07-13T09:56:31.298Z,2026-07-13T09:56:37.049Z,5.75100000,44377.00000000,44384.00000000,7.00000000,/home/arash/Projects/DrywellDT/deployments/Bioretention_assimilation_MCMC_drift/state/_current_input.json,,ok,
548,assim_calibration,182,2026-07-13T09:49:13.308Z,2026-07-13T10:09:58.229Z,1244.92100000,44280.00000000,44380.00000000,100.00000000,/home/arash/Projects/DrywellDT/deployments/Bioretention_assimilation_MCMC_drift/state/state_20210630_000000.json,/home/arash/Projects/DrywellDT/deployments/Bioretention_assimilation_MCMC_drift/outputs/calibration/state_calibrated_latest.json,ok,MCMC provisional (plateaued=0)
549,forward_advance,184,2026-07-13T10:18:01.362Z,2026-07-13T10:18:08.145Z,6.78300000,44380.00000000,44383.00000000,3.00000000,/home/arash/Projects/DrywellDT/deployments/Bioretention_assimilation_MCMC_drift/state/_current_input.json,/home/arash/Projects/DrywellDT/deployments/Bioretention_assimilation_MCMC_drift/state/state_20210706_000000.json,ok,
550,forward_forecast,184,2026-07-13T10:18:08.147Z,2026-07-13T10:18:11.437Z,3.29000000,44380.00000000,44387.00000000,7.00000000,/home/arash/Projects/DrywellDT/deployments/Bioretention_assimilation_MCMC_drift/state/_current_input.json,,ok,
551,assim_calibration,183,2026-07-13T10:10:49.345Z,2026-07-13T10:31:31.513Z,1242.16800000,44283.00000000,44383.00000000,100.00000000,/home/arash/Projects/DrywellDT/deployments/Bioretention_assimilation_MCMC_drift/state/state_20210703_000000.json,/home/arash/Projects/DrywellDT/deployments/Bioretention_assimilation_MCMC_drift/outputs/calibration/state_calibrated_latest.json,ok,MCMC provisional (plateaued=0)
552,forward_advance,185,2026-07-13T10:32:25.305Z,2026-07-13T10:32:32.332Z,7.02700000,44383.00000000,44386.00000000,3.00000000,/home/arash/Projects/DrywellDT/deployments/Bioretention_assimilation_MCMC_drift/state/_current_input.json,/home/arash/Projects/DrywellDT/deployments/Bioretention_assimilation_MCMC_drift/state/state_20210709_000000.json,ok,
553,forward_forecast,185,2026-07-13T10:32:32.333Z,2026-07-13T10:32:40.602Z,8.26900000,44383.00000000,44390.00000000,7.00000000,/home/arash/Projects/DrywellDT/deployments/Bioretention_assimilation_MCMC_drift/state/_current_input.json,,ok,
554,assim_calibration,184,2026-07-13T10:32:25.304Z,2026-07-13T10:53:04.278Z,1238.97400000,44286.00000000,44386.00000000,100.00000000,/home/arash/Projects/DrywellDT/deployments/Bioretention_assimilation_MCMC_drift/state/state_20210709_000000.json,/home/arash/Projects/DrywellDT/deployments/Bioretention_assimilation_MCMC_drift/outputs/calibration/state_calibrated_latest.json,ok,MCMC provisional (plateaued=0)
555,forward_advance,186,2026-07-13T11:01:13.371Z,2026-07-13T11:01:17.216Z,3.84500000,44386.00000000,44389.00000000,3.00000000,/home/arash/Projects/DrywellDT/deployments/Bioretention_assimilation_MCMC_drift/state/_current_input.json,/home/arash/Projects/DrywellDT/deployments/Bioretention_assimilation_MCMC_drift/state/state_20210712_000000.json,ok,
556,forward_forecast,186,2026-07-13T11:01:17.218Z,2026-07-13T11:01:21.883Z,4.66500000,44386.00000000,44393.00000000,7.00000000,/home/arash/Projects/DrywellDT/deployments/Bioretention_assimilation_MCMC_drift/state/_current_input.json,,ok,
557,assim_calibration,185,2026-07-13T10:54:01.354Z,2026-07-13T11:14:42.691Z,1241.33700000,44289.00000000,44389.00000000,100.00000000,/home/arash/Projects/DrywellDT/deployments/Bioretention_assimilation_MCMC_drift/state/state_20210709_000000.json,/home/arash/Projects/DrywellDT/deployments/Bioretention_assimilation_MCMC_drift/outputs/calibration/state_calibrated_latest.json,ok,MCMC provisional (plateaued=0)
558,forward_advance,187,2026-07-13T11:22:49.298Z,2026-07-13T11:22:56.083Z,6.78500000,44389.00000000,44392.00000000,3.00000000,/home/arash/Projects/DrywellDT/deployments/Bioretention_assimilation_MCMC_drift/state/_current_input.json,/home/arash/Projects/DrywellDT/deployments/Bioretention_assimilation_MCMC_drift/state/state_20210715_000000.json,ok,
559,forward_forecast,187,2026-07-13T11:22:56.085Z,2026-07-13T11:23:03.105Z,7.02000000,44389.00000000,44396.00000000,7.00000000,/home/arash/Projects/DrywellDT/deployments/Bioretention_assimilation_MCMC_drift/state/_current_input.json,,ok,
560,assim_calibration,186,2026-07-13T11:15:37.333Z,2026-07-13T11:36:19.174Z,1241.84100000,44292.00000000,44392.00000000,100.00000000,/home/arash/Projects/DrywellDT/deployments/Bioretention_assimilation_MCMC_drift/state/state_20210712_000000.json,/home/arash/Projects/DrywellDT/deployments/Bioretention_assimilation_MCMC_drift/outputs/calibration/state_calibrated_latest.json,ok,MCMC provisional (plateaued=0)
561,forward_advance,188,2026-07-13T11:44:25.317Z,2026-07-13T11:44:31.183Z,5.86600000,44392.00000000,44395.00000000,3.00000000,/home/arash/Projects/DrywellDT/deployments/Bioretention_assimilation_MCMC_drift/state/_current_input.json,/home/arash/Projects/DrywellDT/deployments/Bioretention_assimilation_MCMC_drift/state/state_20210718_000000.json,ok,
562,forward_forecast,188,2026-07-13T11:44:31.185Z,2026-07-13T11:44:38.307Z,7.12200000,44392.00000000,44399.00000000,7.00000000,/home/arash/Projects/DrywellDT/deployments/Bioretention_assimilation_MCMC_drift/state/_current_input.json,,ok,
563,assim_calibration,187,2026-07-13T11:37:13.351Z,2026-07-13T11:57:54.030Z,1240.67900000,44295.00000000,44395.00000000,100.00000000,/home/arash/Projects/DrywellDT/deployments/Bioretention_assimilation_MCMC_drift/state/state_20210715_000000.json,/home/arash/Projects/DrywellDT/deployments/Bioretention_assimilation_MCMC_drift/outputs/calibration/state_calibrated_latest.json,ok,MCMC provisional (plateaued=0)
564,forward_advance,189,2026-07-13T12:06:01.279Z,2026-07-13T12:06:04.885Z,3.60600000,44395.00000000,44398.00000000,3.00000000,/home/arash/Projects/DrywellDT/deployments/Bioretention_assimilation_MCMC_drift/state/_current_input.json,/home/arash/Projects/DrywellDT/deployments/Bioretention_assimilation_MCMC_drift/state/state_20210721_000000.json,ok,
565,forward_forecast,189,2026-07-13T12:06:04.887Z,2026-07-13T12:06:12.365Z,7.47800000,44395.00000000,44402.00000000,7.00000000,/home/arash/Projects/DrywellDT/deployments/Bioretention_assimilation_MCMC_drift/state/_current_input.json,,ok,
566,assim_calibration,188,2026-07-13T11:58:49.337Z,2026-07-13T12:19:32.865Z,1243.52800000,44298.00000000,44398.00000000,100.00000000,/home/arash/Projects/DrywellDT/deployments/Bioretention_assimilation_MCMC_drift/state/state_20210718_000000.json,/home/arash/Projects/DrywellDT/deployments/Bioretention_assimilation_MCMC_drift/outputs/calibration/state_calibrated_latest.json,ok,MCMC provisional (plateaued=0)
567,forward_advance,190,2026-07-13T12:20:25.303Z,2026-07-13T12:20:28.824Z,3.52100000,44398.00000000,44401.00000000,3.00000000,/home/arash/Projects/DrywellDT/deployments/Bioretention_assimilation_MCMC_drift/state/_current_input.json,/home/arash/Projects/DrywellDT/deployments/Bioretention_assimilation_MCMC_drift/state/state_20210724_000000.json,ok,
568,forward_forecast,190,2026-07-13T12:20:28.825Z,2026-07-13T12:20:33.378Z,4.55300000,44398.00000000,44405.00000000,7.00000000,/home/arash/Projects/DrywellDT/deployments/Bioretention_assimilation_MCMC_drift/state/_current_input.json,,ok,
569,assim_calibration,189,2026-07-13T12:20:25.302Z,2026-07-13T12:41:06.885Z,1241.58300000,44301.00000000,44401.00000000,100.00000000,/home/arash/Projects/DrywellDT/deployments/Bioretention_assimilation_MCMC_drift/state/state_20210724_000000.json,/home/arash/Projects/DrywellDT/deployments/Bioretention_assimilation_MCMC_drift/outputs/calibration/state_calibrated_latest.json,ok,MCMC provisional (plateaued=0)
570,forward_advance,191,2026-07-13T12:49:13.371Z,2026-07-13T12:49:17.586Z,4.21500000,44401.00000000,44404.00000000,3.00000000,/home/arash/Projects/DrywellDT/deployments/Bioretention_assimilation_MCMC_drift/state/_current_input.json,/home/arash/Projects/DrywellDT/deployments/Bioretention_assimilation_MCMC_drift/state/state_20210727_000000.json,ok,
571,forward_forecast,191,2026-07-13T12:49:17.588Z,2026-07-13T12:49:22.951Z,5.36300000,44401.00000000,44408.00000000,7.00000000,/home/arash/Projects/DrywellDT/deployments/Bioretention_assimilation_MCMC_drift/state/_current_input.json,,ok,
572,assim_calibration,190,2026-07-13T12:42:01.333Z,2026-07-13T13:02:44.365Z,1243.03200000,44304.00000000,44404.00000000,100.00000000,/home/arash/Projects/DrywellDT/deployments/Bioretention_assimilation_MCMC_drift/state/state_20210724_000000.json,/home/arash/Projects/DrywellDT/deployments/Bioretention_assimilation_MCMC_drift/outputs/calibration/state_calibrated_latest.json,ok,MCMC provisional (plateaued=0)
573,forward_advance,192,2026-07-13T13:10:49.371Z,2026-07-13T13:10:52.792Z,3.42100000,44404.00000000,44407.00000000,3.00000000,/home/arash/Projects/DrywellDT/deployments/Bioretention_assimilation_MCMC_drift/state/_current_input.json,/home/arash/Projects/DrywellDT/deployments/Bioretention_assimilation_MCMC_drift/state/state_20210730_000000.json,ok,
574,forward_forecast,192,2026-07-13T13:10:52.794Z,2026-07-13T13:10:56.712Z,3.91800000,44404.00000000,44411.00000000,7.00000000,/home/arash/Projects/DrywellDT/deployments/Bioretention_assimilation_MCMC_drift/state/_current_input.json,,ok,
575,assim_calibration,191,2026-07-13T13:03:37.306Z,2026-07-13T13:24:16.679Z,1239.37300000,44307.00000000,44407.00000000,100.00000000,/home/arash/Projects/DrywellDT/deployments/Bioretention_assimilation_MCMC_drift/state/state_20210727_000000.json,/home/arash/Projects/DrywellDT/deployments/Bioretention_assimilation_MCMC_drift/outputs/calibration/state_calibrated_latest.json,ok,MCMC provisional (plateaued=0)
576,forward_advance,193,2026-07-13T13:25:13.301Z,2026-07-13T13:25:16.754Z,3.45300000,44407.00000000,44410.00000000,3.00000000,/home/arash/Projects/DrywellDT/deployments/Bioretention_assimilation_MCMC_drift/state/_current_input.json,/home/arash/Projects/DrywellDT/deployments/Bioretention_assimilation_MCMC_drift/state/state_20210802_000000.json,ok,
577,forward_forecast,193,2026-07-13T13:25:16.755Z,2026-07-13T13:25:22.487Z,5.73200000,44407.00000000,44414.00000000,7.00000000,/home/arash/Projects/DrywellDT/deployments/Bioretention_assimilation_MCMC_drift/state/_current_input.json,,ok,
578,assim_calibration,192,2026-07-13T13:25:13.301Z,2026-07-13T13:45:58.262Z,1244.96100000,44310.00000000,44410.00000000,100.00000000,/home/arash/Projects/DrywellDT/deployments/Bioretention_assimilation_MCMC_drift/state/state_20210802_000000.json,/home/arash/Projects/DrywellDT/deployments/Bioretention_assimilation_MCMC_drift/outputs/calibration/state_calibrated_latest.json,ok,MCMC provisional (plateaued=0)
579,forward_advance,194,2026-07-13T13:54:01.371Z,2026-07-13T13:54:06.616Z,5.24500000,44410.00000000,44413.00000000,3.00000000,/home/arash/Projects/DrywellDT/deployments/Bioretention_assimilation_MCMC_drift/state/_current_input.json,/home/arash/Projects/DrywellDT/deployments/Bioretention_assimilation_MCMC_drift/state/state_20210805_000000.json,ok,
580,forward_forecast,194,2026-07-13T13:54:06.618Z,2026-07-13T13:54:12.341Z,5.72300000,44410.00000000,44417.00000000,7.00000000,/home/arash/Projects/DrywellDT/deployments/Bioretention_assimilation_MCMC_drift/state/_current_input.json,,ok,
581,assim_calibration,193,2026-07-13T13:46:49.313Z,2026-07-13T14:07:34.089Z,1244.77600000,44313.00000000,44413.00000000,100.00000000,/home/arash/Projects/DrywellDT/deployments/Bioretention_assimilation_MCMC_drift/state/state_20210802_000000.json,/home/arash/Projects/DrywellDT/deployments/Bioretention_assimilation_MCMC_drift/outputs/calibration/state_calibrated_latest.json,ok,MCMC provisional (plateaued=0)
582,forward_advance,195,2026-07-13T14:15:37.278Z,2026-07-13T14:15:40.476Z,3.19800000,44413.00000000,44416.00000000,3.00000000,/home/arash/Projects/DrywellDT/deployments/Bioretention_assimilation_MCMC_drift/state/_current_input.json,/home/arash/Projects/DrywellDT/deployments/Bioretention_assimilation_MCMC_drift/state/state_20210808_000000.json,ok,
583,forward_forecast,195,2026-07-13T14:15:40.478Z,2026-07-13T14:15:47.415Z,6.93700000,44413.00000000,44420.00000000,7.00000000,/home/arash/Projects/DrywellDT/deployments/Bioretention_assimilation_MCMC_drift/state/_current_input.json,,ok,
584,assim_calibration,194,2026-07-13T14:08:25.346Z,2026-07-13T14:29:07.856Z,1242.51000000,44316.00000000,44416.00000000,100.00000000,/home/arash/Projects/DrywellDT/deployments/Bioretention_assimilation_MCMC_drift/state/state_20210805_000000.json,/home/arash/Projects/DrywellDT/deployments/Bioretention_assimilation_MCMC_drift/outputs/calibration/state_calibrated_latest.json,ok,MCMC provisional (plateaued=0)
585,forward_advance,196,2026-07-13T14:37:13.371Z,2026-07-13T14:37:20.401Z,7.03000000,44416.00000000,44419.00000000,3.00000000,/home/arash/Projects/DrywellDT/deployments/Bioretention_assimilation_MCMC_drift/state/_current_input.json,/home/arash/Projects/DrywellDT/deployments/Bioretention_assimilation_MCMC_drift/state/state_20210811_000000.json,ok,
586,forward_forecast,196,2026-07-13T14:37:20.403Z,2026-07-13T14:37:28.044Z,7.64100000,44416.00000000,44423.00000000,7.00000000,/home/arash/Projects/DrywellDT/deployments/Bioretention_assimilation_MCMC_drift/state/_current_input.json,,ok,
587,assim_calibration,195,2026-07-13T14:30:01.336Z,2026-07-13T14:50:42.323Z,1240.98700000,44319.00000000,44419.00000000,100.00000000,/home/arash/Projects/DrywellDT/deployments/Bioretention_assimilation_MCMC_drift/state/state_20210808_000000.json,/home/arash/Projects/DrywellDT/deployments/Bioretention_assimilation_MCMC_drift/outputs/calibration/state_calibrated_latest.json,ok,MCMC provisional (plateaued=0)
588,forward_advance,197,2026-07-13T14:51:37.301Z,2026-07-13T14:51:41.389Z,4.08800000,44419.00000000,44422.00000000,3.00000000,/home/arash/Projects/DrywellDT/deployments/Bioretention_assimilation_MCMC_drift/state/_current_input.json,/home/arash/Projects/DrywellDT/deployments/Bioretention_assimilation_MCMC_drift/state/state_20210814_000000.json,ok,
589,forward_forecast,197,2026-07-13T14:51:41.391Z,2026-07-13T14:51:48.456Z,7.06500000,44419.00000000,44426.00000000,7.00000000,/home/arash/Projects/DrywellDT/deployments/Bioretention_assimilation_MCMC_drift/state/_current_input.json,,ok,
590,assim_calibration,196,2026-07-13T14:51:37.300Z,2026-07-13T15:12:21.371Z,1244.07100000,44322.00000000,44422.00000000,100.00000000,/home/arash/Projects/DrywellDT/deployments/Bioretention_assimilation_MCMC_drift/state/state_20210814_000000.json,/home/arash/Projects/DrywellDT/deployments/Bioretention_assimilation_MCMC_drift/outputs/calibration/state_calibrated_latest.json,ok,MCMC provisional (plateaued=0)
591,forward_advance,198,2026-07-13T15:13:13.299Z,2026-07-13T15:13:16.642Z,3.34300000,44422.00000000,44425.00000000,3.00000000,/home/arash/Projects/DrywellDT/deployments/Bioretention_assimilation_MCMC_drift/state/_current_input.json,/home/arash/Projects/DrywellDT/deployments/Bioretention_assimilation_MCMC_drift/state/state_20210817_000000.json,ok,
592,forward_forecast,198,2026-07-13T15:13:16.644Z,2026-07-13T15:13:21.624Z,4.98000000,44422.00000000,44429.00000000,7.00000000,/home/arash/Projects/DrywellDT/deployments/Bioretention_assimilation_MCMC_drift/state/_current_input.json,,ok,
593,assim_calibration,197,2026-07-13T15:13:13.298Z,2026-07-13T15:33:52.730Z,1239.43200000,44325.00000000,44425.00000000,100.00000000,/home/arash/Projects/DrywellDT/deployments/Bioretention_assimilation_MCMC_drift/state/state_20210817_000000.json,/home/arash/Projects/DrywellDT/deployments/Bioretention_assimilation_MCMC_drift/outputs/calibration/state_calibrated_latest.json,ok,MCMC provisional (plateaued=0)
594,forward_advance,199,2026-07-13T15:42:01.371Z,2026-07-13T15:42:05.536Z,4.16500000,44425.00000000,44428.00000000,3.00000000,/home/arash/Projects/DrywellDT/deployments/Bioretention_assimilation_MCMC_drift/state/_current_input.json,/home/arash/Projects/DrywellDT/deployments/Bioretention_assimilation_MCMC_drift/state/state_20210820_000000.json,ok,
595,forward_forecast,199,2026-07-13T15:42:05.538Z,2026-07-13T15:42:11.117Z,5.57900000,44425.00000000,44432.00000000,7.00000000,/home/arash/Projects/DrywellDT/deployments/Bioretention_assimilation_MCMC_drift/state/_current_input.json,,ok,
596,assim_calibration,198,2026-07-13T15:34:49.323Z,2026-07-13T15:55:36.201Z,1246.87800000,44328.00000000,44428.00000000,100.00000000,/home/arash/Projects/DrywellDT/deployments/Bioretention_assimilation_MCMC_drift/state/state_20210817_000000.json,/home/arash/Projects/DrywellDT/deployments/Bioretention_assimilation_MCMC_drift/outputs/calibration/state_calibrated_latest.json,ok,MCMC provisional (plateaued=0)
597,forward_advance,200,2026-07-13T16:03:37.318Z,2026-07-13T16:03:43.325Z,6.00700000,44428.00000000,44431.00000000,3.00000000,/home/arash/Projects/DrywellDT/deployments/Bioretention_assimilation_MCMC_drift/state/_current_input.json,/home/arash/Projects/DrywellDT/deployments/Bioretention_assimilation_MCMC_drift/state/state_20210823_000000.json,ok,
598,forward_forecast,200,2026-07-13T16:03:43.327Z,2026-07-13T16:03:50.167Z,6.84000000,44428.00000000,44435.00000000,7.00000000,/home/arash/Projects/DrywellDT/deployments/Bioretention_assimilation_MCMC_drift/state/_current_input.json,,ok,
599,assim_calibration,199,2026-07-13T15:56:25.339Z,2026-07-13T16:17:07.030Z,1241.69100000,44331.00000000,44431.00000000,100.00000000,/home/arash/Projects/DrywellDT/deployments/Bioretention_assimilation_MCMC_drift/state/state_20210820_000000.json,/home/arash/Projects/DrywellDT/deployments/Bioretention_assimilation_MCMC_drift/outputs/calibration/state_calibrated_latest.json,ok,MCMC provisional (plateaued=0)
600,forward_advance,201,2026-07-13T16:18:01.308Z,2026-07-13T16:18:05.417Z,4.10900000,44431.00000000,44434.00000000,3.00000000,/home/arash/Projects/DrywellDT/deployments/Bioretention_assimilation_MCMC_drift/state/_current_input.json,/home/arash/Projects/DrywellDT/deployments/Bioretention_assimilation_MCMC_drift/state/state_20210826_000000.json,ok,
601,forward_forecast,201,2026-07-13T16:18:05.419Z,2026-07-13T16:18:10.710Z,5.29100000,44431.00000000,44438.00000000,7.00000000,/home/arash/Projects/DrywellDT/deployments/Bioretention_assimilation_MCMC_drift/state/_current_input.json,,ok,
602,assim_calibration,200,2026-07-13T16:18:01.307Z,2026-07-13T16:38:41.617Z,1240.31000000,44334.00000000,44434.00000000,100.00000000,/home/arash/Projects/DrywellDT/deployments/Bioretention_assimilation_MCMC_drift/state/state_20210826_000000.json,/home/arash/Projects/DrywellDT/deployments/Bioretention_assimilation_MCMC_drift/outputs/calibration/state_calibrated_latest.json,ok,MCMC provisional (plateaued=0)
603,forward_advance,202,2026-07-13T16:46:49.371Z,2026-07-13T16:46:54.922Z,5.55100000,44434.00000000,44437.00000000,3.00000000,/home/arash/Projects/DrywellDT/deployments/Bioretention_assimilation_MCMC_drift/state/_current_input.json,/home/arash/Projects/DrywellDT/deployments/Bioretention_assimilation_MCMC_drift/state/state_20210829_000000.json,ok,
604,forward_forecast,202,2026-07-13T16:46:54.924Z,2026-07-13T16:47:00.697Z,5.77300000,44434.00000000,44441.00000000,7.00000000,/home/arash/Projects/DrywellDT/deployments/Bioretention_assimilation_MCMC_drift/state/_current_input.json,,ok,
605,assim_calibration,201,2026-07-13T16:39:37.317Z,2026-07-13T17:00:22.248Z,1244.93100000,44337.00000000,44437.00000000,100.00000000,/home/arash/Projects/DrywellDT/deployments/Bioretention_assimilation_MCMC_drift/state/state_20210826_000000.json,/home/arash/Projects/DrywellDT/deployments/Bioretention_assimilation_MCMC_drift/outputs/calibration/state_calibrated_latest.json,ok,MCMC provisional (plateaued=0)
606,forward_advance,203,2026-07-13T17:01:13.305Z,2026-07-13T17:01:16.182Z,2.87700000,44437.00000000,44440.00000000,3.00000000,/home/arash/Projects/DrywellDT/deployments/Bioretention_assimilation_MCMC_drift/state/_current_input.json,/home/arash/Projects/DrywellDT/deployments/Bioretention_assimilation_MCMC_drift/state/state_20210901_000000.json,ok,
607,forward_forecast,203,2026-07-13T17:01:16.184Z,2026-07-13T17:01:22.436Z,6.25200000,44437.00000000,44444.00000000,7.00000000,/home/arash/Projects/DrywellDT/deployments/Bioretention_assimilation_MCMC_drift/state/_current_input.json,,ok,
608,assim_calibration,202,2026-07-13T17:01:13.305Z,2026-07-13T17:21:57.687Z,1244.38200000,44340.00000000,44440.00000000,100.00000000,/home/arash/Projects/DrywellDT/deployments/Bioretention_assimilation_MCMC_drift/state/state_20210901_000000.json,/home/arash/Projects/DrywellDT/deployments/Bioretention_assimilation_MCMC_drift/outputs/calibration/state_calibrated_latest.json,ok,MCMC provisional (plateaued=0)
609,forward_advance,204,2026-07-13T17:30:01.356Z,2026-07-13T17:30:07.680Z,6.32400000,44440.00000000,44443.00000000,3.00000000,/home/arash/Projects/DrywellDT/deployments/Bioretention_assimilation_MCMC_drift/state/_current_input.json,/home/arash/Projects/DrywellDT/deployments/Bioretention_assimilation_MCMC_drift/state/state_20210904_000000.json,ok,
610,forward_forecast,204,2026-07-13T17:30:07.682Z,2026-07-13T17:30:14.652Z,6.97000000,44440.00000000,44447.00000000,7.00000000,/home/arash/Projects/DrywellDT/deployments/Bioretention_assimilation_MCMC_drift/state/_current_input.json,,ok,
611,assim_calibration,203,2026-07-13T17:22:49.351Z,2026-07-13T17:43:29.587Z,1240.23600000,44343.00000000,44443.00000000,100.00000000,/home/arash/Projects/DrywellDT/deployments/Bioretention_assimilation_MCMC_drift/state/state_20210901_000000.json,/home/arash/Projects/DrywellDT/deployments/Bioretention_assimilation_MCMC_drift/outputs/calibration/state_calibrated_latest.json,ok,MCMC provisional (plateaued=0)
612,forward_advance,205,2026-07-13T17:51:37.363Z,2026-07-13T17:51:43.989Z,6.62600000,44443.00000000,44446.00000000,3.00000000,/home/arash/Projects/DrywellDT/deployments/Bioretention_assimilation_MCMC_drift/state/_current_input.json,/home/arash/Projects/DrywellDT/deployments/Bioretention_assimilation_MCMC_drift/state/state_20210907_000000.json,ok,
613,forward_forecast,205,2026-07-13T17:51:43.990Z,2026-07-13T17:51:48.571Z,4.58100000,44443.00000000,44450.00000000,7.00000000,/home/arash/Projects/DrywellDT/deployments/Bioretention_assimilation_MCMC_drift/state/_current_input.json,,ok,
614,assim_calibration,204,2026-07-13T17:44:25.300Z,2026-07-13T18:05:11.770Z,1246.47000000,44346.00000000,44446.00000000,100.00000000,/home/arash/Projects/DrywellDT/deployments/Bioretention_assimilation_MCMC_drift/state/state_20210904_000000.json,/home/arash/Projects/DrywellDT/deployments/Bioretention_assimilation_MCMC_drift/outputs/calibration/state_calibrated_latest.json,ok,MCMC provisional (plateaued=0)
615,forward_advance,206,2026-07-13T18:13:13.370Z,2026-07-13T18:13:19.466Z,6.09600000,44446.00000000,44449.00000000,3.00000000,/home/arash/Projects/DrywellDT/deployments/Bioretention_assimilation_MCMC_drift/state/_current_input.json,/home/arash/Projects/DrywellDT/deployments/Bioretention_assimilation_MCMC_drift/state/state_20210910_000000.json,ok,
616,forward_forecast,206,2026-07-13T18:13:19.468Z,2026-07-13T18:13:25.971Z,6.50300000,44446.00000000,44453.00000000,7.00000000,/home/arash/Projects/DrywellDT/deployments/Bioretention_assimilation_MCMC_drift/state/_current_input.json,,ok,
617,assim_calibration,205,2026-07-13T18:06:01.345Z,2026-07-13T18:26:43.150Z,1241.80500000,44349.00000000,44449.00000000,100.00000000,/home/arash/Projects/DrywellDT/deployments/Bioretention_assimilation_MCMC_drift/state/state_20210907_000000.json,/home/arash/Projects/DrywellDT/deployments/Bioretention_assimilation_MCMC_drift/outputs/calibration/state_calibrated_latest.json,ok,MCMC provisional (plateaued=0)
618,forward_advance,207,2026-07-13T18:34:49.273Z,2026-07-13T18:34:52.813Z,3.54000000,44449.00000000,44452.00000000,3.00000000,/home/arash/Projects/DrywellDT/deployments/Bioretention_assimilation_MCMC_drift/state/_current_input.json,/home/arash/Projects/DrywellDT/deployments/Bioretention_assimilation_MCMC_drift/state/state_20210913_000000.json,ok,
619,forward_forecast,207,2026-07-13T18:34:52.815Z,2026-07-13T18:34:59.056Z,6.24100000,44449.00000000,44456.00000000,7.00000000,/home/arash/Projects/DrywellDT/deployments/Bioretention_assimilation_MCMC_drift/state/_current_input.json,,ok,
620,assim_calibration,206,2026-07-13T18:27:37.341Z,2026-07-13T18:48:21.697Z,1244.35600000,44352.00000000,44452.00000000,100.00000000,/home/arash/Projects/DrywellDT/deployments/Bioretention_assimilation_MCMC_drift/state/state_20210910_000000.json,/home/arash/Projects/DrywellDT/deployments/Bioretention_assimilation_MCMC_drift/outputs/calibration/state_calibrated_latest.json,ok,MCMC provisional (plateaued=0)
621,forward_advance,208,2026-07-13T18:56:25.371Z,2026-07-13T18:56:30.402Z,5.03100000,44452.00000000,44455.00000000,3.00000000,/home/arash/Projects/DrywellDT/deployments/Bioretention_assimilation_MCMC_drift/state/_current_input.json,/home/arash/Projects/DrywellDT/deployments/Bioretention_assimilation_MCMC_drift/state/state_20210916_000000.json,ok,
622,forward_forecast,208,2026-07-13T18:56:30.404Z,2026-07-13T18:56:35.920Z,5.51600000,44452.00000000,44459.00000000,7.00000000,/home/arash/Projects/DrywellDT/deployments/Bioretention_assimilation_MCMC_drift/state/_current_input.json,,ok,
623,assim_calibration,207,2026-07-13T18:49:13.317Z,2026-07-13T19:09:53.961Z,1240.64400000,44355.00000000,44455.00000000,100.00000000,/home/arash/Projects/DrywellDT/deployments/Bioretention_assimilation_MCMC_drift/state/state_20210913_000000.json,/home/arash/Projects/DrywellDT/deployments/Bioretention_assimilation_MCMC_drift/outputs/calibration/state_calibrated_latest.json,ok,MCMC provisional (plateaued=0)
624,forward_advance,209,2026-07-13T19:18:01.292Z,2026-07-13T19:18:06.838Z,5.54600000,44455.00000000,44458.00000000,3.00000000,/home/arash/Projects/DrywellDT/deployments/Bioretention_assimilation_MCMC_drift/state/_current_input.json,/home/arash/Projects/DrywellDT/deployments/Bioretention_assimilation_MCMC_drift/state/state_20210919_000000.json,ok,
625,forward_forecast,209,2026-07-13T19:18:06.840Z,2026-07-13T19:18:12.323Z,5.48300000,44455.00000000,44462.00000000,7.00000000,/home/arash/Projects/DrywellDT/deployments/Bioretention_assimilation_MCMC_drift/state/_current_input.json,,ok,
626,assim_calibration,208,2026-07-13T19:10:49.348Z,2026-07-13T19:31:35.492Z,1246.14400000,44358.00000000,44458.00000000,100.00000000,/home/arash/Projects/DrywellDT/deployments/Bioretention_assimilation_MCMC_drift/state/state_20210916_000000.json,/home/arash/Projects/DrywellDT/deployments/Bioretention_assimilation_MCMC_drift/outputs/calibration/state_calibrated_latest.json,ok,MCMC provisional (plateaued=0)
627,forward_advance,210,2026-07-13T19:39:37.371Z,2026-07-13T19:39:41.430Z,4.05900000,44458.00000000,44461.00000000,3.00000000,/home/arash/Projects/DrywellDT/deployments/Bioretention_assimilation_MCMC_drift/state/_current_input.json,/home/arash/Projects/DrywellDT/deployments/Bioretention_assimilation_MCMC_drift/state/state_20210922_000000.json,ok,
628,forward_forecast,210,2026-07-13T19:39:41.432Z,2026-07-13T19:39:45.970Z,4.53800000,44458.00000000,44465.00000000,7.00000000,/home/arash/Projects/DrywellDT/deployments/Bioretention_assimilation_MCMC_drift/state/_current_input.json,,ok,
629,assim_calibration,209,2026-07-13T19:32:25.349Z,2026-07-13T19:53:07.423Z,1242.07400000,44361.00000000,44461.00000000,100.00000000,/home/arash/Projects/DrywellDT/deployments/Bioretention_assimilation_MCMC_drift/state/state_20210919_000000.json,/home/arash/Projects/DrywellDT/deployments/Bioretention_assimilation_MCMC_drift/outputs/calibration/state_calibrated_latest.json,ok,MCMC provisional (plateaued=0)
630,forward_advance,211,2026-07-13T19:54:01.322Z,2026-07-13T19:54:06.996Z,5.67400000,44461.00000000,44464.00000000,3.00000000,/home/arash/Projects/DrywellDT/deployments/Bioretention_assimilation_MCMC_drift/state/_current_input.json,/home/arash/Projects/DrywellDT/deployments/Bioretention_assimilation_MCMC_drift/state/state_20210925_000000.json,ok,
631,forward_forecast,211,2026-07-13T19:54:06.997Z,2026-07-13T19:54:12.039Z,5.04200000,44461.00000000,44468.00000000,7.00000000,/home/arash/Projects/DrywellDT/deployments/Bioretention_assimilation_MCMC_drift/state/_current_input.json,,ok,
632,assim_calibration,210,2026-07-13T19:54:01.321Z,2026-07-13T20:14:45.280Z,1243.95900000,44364.00000000,44464.00000000,100.00000000,/home/arash/Projects/DrywellDT/deployments/Bioretention_assimilation_MCMC_drift/state/state_20210925_000000.json,/home/arash/Projects/DrywellDT/deployments/Bioretention_assimilation_MCMC_drift/outputs/calibration/state_calibrated_latest.json,ok,MCMC provisional (plateaued=0)
633,forward_advance,212,2026-07-13T20:15:37.301Z,2026-07-13T20:15:40.856Z,3.55500000,44464.00000000,44467.00000000,3.00000000,/home/arash/Projects/DrywellDT/deployments/Bioretention_assimilation_MCMC_drift/state/_current_input.json,/home/arash/Projects/DrywellDT/deployments/Bioretention_assimilation_MCMC_drift/state/state_20210928_000000.json,ok,
634,forward_forecast,212,2026-07-13T20:15:40.858Z,2026-07-13T20:15:45.583Z,4.72500000,44464.00000000,44471.00000000,7.00000000,/home/arash/Projects/DrywellDT/deployments/Bioretention_assimilation_MCMC_drift/state/_current_input.json,,ok,
635,assim_calibration,211,2026-07-13T20:15:37.300Z,2026-07-13T20:36:23.141Z,1245.84100000,44367.00000000,44467.00000000,100.00000000,/home/arash/Projects/DrywellDT/deployments/Bioretention_assimilation_MCMC_drift/state/state_20210928_000000.json,/home/arash/Projects/DrywellDT/deployments/Bioretention_assimilation_MCMC_drift/outputs/calibration/state_calibrated_latest.json,ok,MCMC provisional (plateaued=0)
636,forward_advance,213,2026-07-13T20:44:25.360Z,2026-07-13T20:44:28.388Z,3.02800000,44467.00000000,44470.00000000,3.00000000,/home/arash/Projects/DrywellDT/deployments/Bioretention_assimilation_MCMC_drift/state/_current_input.json,/home/arash/Projects/DrywellDT/deployments/Bioretention_assimilation_MCMC_drift/state/state_20211001_000000.json,ok,
637,forward_forecast,213,2026-07-13T20:44:28.390Z,2026-07-13T20:44:34.297Z,5.90700000,44467.00000000,44474.00000000,7.00000000,/home/arash/Projects/DrywellDT/deployments/Bioretention_assimilation_MCMC_drift/state/_current_input.json,,ok,
638,assim_calibration,212,2026-07-13T20:37:13.350Z,2026-07-13T20:57:55.932Z,1242.58200000,44370.00000000,44470.00000000,100.00000000,/home/arash/Projects/DrywellDT/deployments/Bioretention_assimilation_MCMC_drift/state/state_20210928_000000.json,/home/arash/Projects/DrywellDT/deployments/Bioretention_assimilation_MCMC_drift/outputs/calibration/state_calibrated_latest.json,ok,MCMC provisional (plateaued=0)
639,forward_advance,214,2026-07-13T20:58:49.307Z,2026-07-13T20:58:55.109Z,5.80200000,44470.00000000,44473.00000000,3.00000000,/home/arash/Projects/DrywellDT/deployments/Bioretention_assimilation_MCMC_drift/state/_current_input.json,/home/arash/Projects/DrywellDT/deployments/Bioretention_assimilation_MCMC_drift/state/state_20211004_000000.json,ok,
640,forward_forecast,214,2026-07-13T20:58:55.111Z,2026-07-13T20:58:59.295Z,4.18400000,44470.00000000,44477.00000000,7.00000000,/home/arash/Projects/DrywellDT/deployments/Bioretention_assimilation_MCMC_drift/state/_current_input.json,,ok,
641,assim_calibration,213,2026-07-13T20:58:49.306Z,2026-07-13T21:19:31.106Z,1241.80000000,44373.00000000,44473.00000000,100.00000000,/home/arash/Projects/DrywellDT/deployments/Bioretention_assimilation_MCMC_drift/state/state_20211004_000000.json,/home/arash/Projects/DrywellDT/deployments/Bioretention_assimilation_MCMC_drift/outputs/calibration/state_calibrated_latest.json,ok,MCMC provisional (plateaued=0)
642,forward_advance,215,2026-07-13T21:27:37.371Z,2026-07-13T21:27:42.126Z,4.75500000,44473.00000000,44476.00000000,3.00000000,/home/arash/Projects/DrywellDT/deployments/Bioretention_assimilation_MCMC_drift/state/_current_input.json,/home/arash/Projects/DrywellDT/deployments/Bioretention_assimilation_MCMC_drift/state/state_20211007_000000.json,ok,
643,forward_forecast,215,2026-07-13T21:27:42.128Z,2026-07-13T21:27:47.956Z,5.82800000,44473.00000000,44480.00000000,7.00000000,/home/arash/Projects/DrywellDT/deployments/Bioretention_assimilation_MCMC_drift/state/_current_input.json,,ok,
644,assim_calibration,214,2026-07-13T21:20:25.337Z,2026-07-13T21:41:07.228Z,1241.89100000,44376.00000000,44476.00000000,100.00000000,/home/arash/Projects/DrywellDT/deployments/Bioretention_assimilation_MCMC_drift/state/state_20211004_000000.json,/home/arash/Projects/DrywellDT/deployments/Bioretention_assimilation_MCMC_drift/outputs/calibration/state_calibrated_latest.json,ok,MCMC provisional (plateaued=0)
645,forward_advance,216,2026-07-13T21:49:13.318Z,2026-07-13T21:49:19.150Z,5.83200000,44476.00000000,44479.00000000,3.00000000,/home/arash/Projects/DrywellDT/deployments/Bioretention_assimilation_MCMC_drift/state/_current_input.json,/home/arash/Projects/DrywellDT/deployments/Bioretention_assimilation_MCMC_drift/state/state_20211010_000000.json,ok,
646,forward_forecast,216,2026-07-13T21:49:19.152Z,2026-07-13T21:49:25.821Z,6.66900000,44476.00000000,44483.00000000,7.00000000,/home/arash/Projects/DrywellDT/deployments/Bioretention_assimilation_MCMC_drift/state/_current_input.json,,ok,
647,assim_calibration,215,2026-07-13T21:42:01.327Z,2026-07-13T22:02:43.002Z,1241.67500000,44379.00000000,44479.00000000,100.00000000,/home/arash/Projects/DrywellDT/deployments/Bioretention_assimilation_MCMC_drift/state/state_20211007_000000.json,/home/arash/Projects/DrywellDT/deployments/Bioretention_assimilation_MCMC_drift/outputs/calibration/state_calibrated_latest.json,ok,MCMC provisional (plateaued=0)
648,forward_advance,217,2026-07-13T22:03:37.303Z,2026-07-13T22:03:45.941Z,8.63800000,44479.00000000,44482.00000000,3.00000000,/home/arash/Projects/DrywellDT/deployments/Bioretention_assimilation_MCMC_drift/state/_current_input.json,/home/arash/Projects/DrywellDT/deployments/Bioretention_assimilation_MCMC_drift/state/state_20211013_000000.json,ok,
649,forward_forecast,217,2026-07-13T22:03:45.942Z,2026-07-13T22:03:51.790Z,5.84800000,44479.00000000,44486.00000000,7.00000000,/home/arash/Projects/DrywellDT/deployments/Bioretention_assimilation_MCMC_drift/state/_current_input.json,,ok,
650,assim_calibration,216,2026-07-13T22:03:37.302Z,2026-07-13T22:24:23.474Z,1246.17200000,44382.00000000,44482.00000000,100.00000000,/home/arash/Projects/DrywellDT/deployments/Bioretention_assimilation_MCMC_drift/state/state_20211013_000000.json,/home/arash/Projects/DrywellDT/deployments/Bioretention_assimilation_MCMC_drift/outputs/calibration/state_calibrated_latest.json,ok,MCMC provisional (plateaued=0)
651,forward_advance,218,2026-07-13T22:32:25.365Z,2026-07-13T22:32:28.695Z,3.33000000,44482.00000000,44485.00000000,3.00000000,/home/arash/Projects/DrywellDT/deployments/Bioretention_assimilation_MCMC_drift/state/_current_input.json,/home/arash/Projects/DrywellDT/deployments/Bioretention_assimilation_MCMC_drift/state/state_20211016_000000.json,ok,
652,forward_forecast,218,2026-07-13T22:32:28.697Z,2026-07-13T22:32:33.850Z,5.15300000,44482.00000000,44489.00000000,7.00000000,/home/arash/Projects/DrywellDT/deployments/Bioretention_assimilation_MCMC_drift/state/_current_input.json,,ok,
653,assim_calibration,217,2026-07-13T22:25:13.302Z,2026-07-13T22:45:54.834Z,1241.53200000,44385.00000000,44485.00000000,100.00000000,/home/arash/Projects/DrywellDT/deployments/Bioretention_assimilation_MCMC_drift/state/state_20211013_000000.json,/home/arash/Projects/DrywellDT/deployments/Bioretention_assimilation_MCMC_drift/outputs/calibration/state_calibrated_latest.json,ok,MCMC provisional (plateaued=0)
654,forward_advance,219,2026-07-13T22:54:01.371Z,2026-07-13T22:54:04.392Z,3.02100000,44485.00000000,44488.00000000,3.00000000,/home/arash/Projects/DrywellDT/deployments/Bioretention_assimilation_MCMC_drift/state/_current_input.json,/home/arash/Projects/DrywellDT/deployments/Bioretention_assimilation_MCMC_drift/state/state_20211019_000000.json,ok,
655,forward_forecast,219,2026-07-13T22:54:04.393Z,2026-07-13T22:54:09.125Z,4.73200000,44485.00000000,44492.00000000,7.00000000,/home/arash/Projects/DrywellDT/deployments/Bioretention_assimilation_MCMC_drift/state/_current_input.json,,ok,
656,assim_calibration,218,2026-07-13T22:46:49.316Z,2026-07-13T23:07:33.025Z,1243.70900000,44388.00000000,44488.00000000,100.00000000,/home/arash/Projects/DrywellDT/deployments/Bioretention_assimilation_MCMC_drift/state/state_20211016_000000.json,/home/arash/Projects/DrywellDT/deployments/Bioretention_assimilation_MCMC_drift/outputs/calibration/state_calibrated_latest.json,ok,MCMC provisional (plateaued=0)
657,forward_advance,220,2026-07-13T23:08:25.305Z,2026-07-13T23:08:28.607Z,3.30200000,44488.00000000,44491.00000000,3.00000000,/home/arash/Projects/DrywellDT/deployments/Bioretention_assimilation_MCMC_drift/state/_current_input.json,/home/arash/Projects/DrywellDT/deployments/Bioretention_assimilation_MCMC_drift/state/state_20211022_000000.json,ok,
658,forward_forecast,220,2026-07-13T23:08:28.608Z,2026-07-13T23:08:31.853Z,3.24500000,44488.00000000,44495.00000000,7.00000000,/home/arash/Projects/DrywellDT/deployments/Bioretention_assimilation_MCMC_drift/state/_current_input.json,,ok,
659,assim_calibration,219,2026-07-13T23:08:25.304Z,2026-07-13T23:29:05.428Z,1240.12400000,44391.00000000,44491.00000000,100.00000000,/home/arash/Projects/DrywellDT/deployments/Bioretention_assimilation_MCMC_drift/state/state_20211022_000000.json,/home/arash/Projects/DrywellDT/deployments/Bioretention_assimilation_MCMC_drift/outputs/calibration/state_calibrated_latest.json,ok,MCMC provisional (plateaued=0)
660,forward_advance,221,2026-07-13T23:37:13.371Z,2026-07-13T23:37:19.053Z,5.68200000,44491.00000000,44494.00000000,3.00000000,/home/arash/Projects/DrywellDT/deployments/Bioretention_assimilation_MCMC_drift/state/_current_input.json,/home/arash/Projects/DrywellDT/deployments/Bioretention_assimilation_MCMC_drift/state/state_20211025_000000.json,ok,
661,forward_forecast,221,2026-07-13T23:37:19.055Z,2026-07-13T23:37:22.426Z,3.37100000,44491.00000000,44498.00000000,7.00000000,/home/arash/Projects/DrywellDT/deployments/Bioretention_assimilation_MCMC_drift/state/_current_input.json,,ok,
662,assim_calibration,220,2026-07-13T23:30:01.313Z,2026-07-13T23:50:43.051Z,1241.73800000,44394.00000000,44494.00000000,100.00000000,/home/arash/Projects/DrywellDT/deployments/Bioretention_assimilation_MCMC_drift/state/state_20211022_000000.json,/home/arash/Projects/DrywellDT/deployments/Bioretention_assimilation_MCMC_drift/outputs/calibration/state_calibrated_latest.json,ok,MCMC provisional (plateaued=0)
663,forward_advance,222,2026-07-13T23:58:49.361Z,2026-07-13T23:58:54.280Z,4.91900000,44494.00000000,44497.00000000,3.00000000,/home/arash/Projects/DrywellDT/deployments/Bioretention_assimilation_MCMC_drift/state/_current_input.json,/home/arash/Projects/DrywellDT/deployments/Bioretention_assimilation_MCMC_drift/state/state_20211028_000000.json,ok,
664,forward_forecast,222,2026-07-13T23:58:54.282Z,2026-07-13T23:59:01.222Z,6.94000000,44494.00000000,44501.00000000,7.00000000,/home/arash/Projects/DrywellDT/deployments/Bioretention_assimilation_MCMC_drift/state/_current_input.json,,ok,
665,assim_calibration,221,2026-07-13T23:51:37.324Z,2026-07-14T00:12:17.808Z,1240.48400000,44397.00000000,44497.00000000,100.00000000,/home/arash/Projects/DrywellDT/deployments/Bioretention_assimilation_MCMC_drift/state/state_20211025_000000.json,/home/arash/Projects/DrywellDT/deployments/Bioretention_assimilation_MCMC_drift/outputs/calibration/state_calibrated_latest.json,ok,MCMC provisional (plateaued=0)
666,forward_advance,223,2026-07-14T00:20:25.301Z,2026-07-14T00:20:29.696Z,4.39500000,44497.00000000,44500.00000000,3.00000000,/home/arash/Projects/DrywellDT/deployments/Bioretention_assimilation_MCMC_drift/state/_current_input.json,/home/arash/Projects/DrywellDT/deployments/Bioretention_assimilation_MCMC_drift/state/state_20211031_000000.json,ok,
667,forward_forecast,223,2026-07-14T00:20:29.698Z,2026-07-14T00:20:38.240Z,8.54200000,44497.00000000,44504.00000000,7.00000000,/home/arash/Projects/DrywellDT/deployments/Bioretention_assimilation_MCMC_drift/state/_current_input.json,,ok,
668,assim_calibration,222,2026-07-14T00:13:13.340Z,2026-07-14T00:33:53.406Z,1240.06600000,44400.00000000,44500.00000000,100.00000000,/home/arash/Projects/DrywellDT/deployments/Bioretention_assimilation_MCMC_drift/state/state_20211028_000000.json,/home/arash/Projects/DrywellDT/deployments/Bioretention_assimilation_MCMC_drift/outputs/calibration/state_calibrated_latest.json,ok,MCMC provisional (plateaued=0)
669,forward_advance,224,2026-07-14T00:42:01.371Z,2026-07-14T00:42:07.340Z,5.96900000,44500.00000000,44503.00000000,3.00000000,/home/arash/Projects/DrywellDT/deployments/Bioretention_assimilation_MCMC_drift/state/_current_input.json,/home/arash/Projects/DrywellDT/deployments/Bioretention_assimilation_MCMC_drift/state/state_20211103_000000.json,ok,
670,forward_forecast,224,2026-07-14T00:42:07.342Z,2026-07-14T00:42:40.329Z,32.98700000,44500.00000000,44507.00000000,7.00000000,/home/arash/Projects/DrywellDT/deployments/Bioretention_assimilation_MCMC_drift/state/_current_input.json,,ok,
671,assim_calibration,223,2026-07-14T00:34:49.306Z,2026-07-14T00:55:31.363Z,1242.05700000,44403.00000000,44503.00000000,100.00000000,/home/arash/Projects/DrywellDT/deployments/Bioretention_assimilation_MCMC_drift/state/state_20211031_000000.json,/home/arash/Projects/DrywellDT/deployments/Bioretention_assimilation_MCMC_drift/outputs/calibration/state_calibrated_latest.json,ok,MCMC provisional (plateaued=0)
672,forward_advance,225,2026-07-14T01:03:37.371Z,2026-07-14T01:03:40.467Z,3.09600000,44503.00000000,44506.00000000,3.00000000,/home/arash/Projects/DrywellDT/deployments/Bioretention_assimilation_MCMC_drift/state/_current_input.json,/home/arash/Projects/DrywellDT/deployments/Bioretention_assimilation_MCMC_drift/state/state_20211106_000000.json,ok,
673,forward_forecast,225,2026-07-14T01:03:40.469Z,2026-07-14T01:03:43.780Z,3.31100000,44503.00000000,44510.00000000,7.00000000,/home/arash/Projects/DrywellDT/deployments/Bioretention_assimilation_MCMC_drift/state/_current_input.json,,ok,
674,assim_calibration,224,2026-07-14T00:56:25.337Z,2026-07-14T01:17:07.890Z,1242.55300000,44406.00000000,44506.00000000,100.00000000,/home/arash/Projects/DrywellDT/deployments/Bioretention_assimilation_MCMC_drift/state/state_20211103_000000.json,/home/arash/Projects/DrywellDT/deployments/Bioretention_assimilation_MCMC_drift/outputs/calibration/state_calibrated_latest.json,ok,MCMC provisional (plateaued=0)
675,forward_advance,226,2026-07-14T01:25:13.282Z,2026-07-14T01:25:19.090Z,5.80800000,44506.00000000,44509.00000000,3.00000000,/home/arash/Projects/DrywellDT/deployments/Bioretention_assimilation_MCMC_drift/state/_current_input.json,/home/arash/Projects/DrywellDT/deployments/Bioretention_assimilation_MCMC_drift/state/state_20211109_000000.json,ok,
676,forward_forecast,226,2026-07-14T01:25:19.092Z,2026-07-14T01:25:25.787Z,6.69500000,44506.00000000,44513.00000000,7.00000000,/home/arash/Projects/DrywellDT/deployments/Bioretention_assimilation_MCMC_drift/state/_current_input.json,,ok,
677,assim_calibration,225,2026-07-14T01:18:01.348Z,2026-07-14T01:38:44.464Z,1243.11600000,44409.00000000,44509.00000000,100.00000000,/home/arash/Projects/DrywellDT/deployments/Bioretention_assimilation_MCMC_drift/state/state_20211106_000000.json,/home/arash/Projects/DrywellDT/deployments/Bioretention_assimilation_MCMC_drift/outputs/calibration/state_calibrated_latest.json,ok,MCMC provisional (plateaued=0)
678,forward_advance,227,2026-07-14T01:46:49.359Z,2026-07-14T01:46:55.111Z,5.75200000,44509.00000000,44512.00000000,3.00000000,/home/arash/Projects/DrywellDT/deployments/Bioretention_assimilation_MCMC_drift/state/_current_input.json,/home/arash/Projects/DrywellDT/deployments/Bioretention_assimilation_MCMC_drift/state/state_20211112_000000.json,ok,
679,forward_forecast,227,2026-07-14T01:46:55.113Z,2026-07-14T01:47:02.021Z,6.90800000,44509.00000000,44516.00000000,7.00000000,/home/arash/Projects/DrywellDT/deployments/Bioretention_assimilation_MCMC_drift/state/_current_input.json,,ok,
680,assim_calibration,226,2026-07-14T01:39:37.318Z,2026-07-14T02:00:23.137Z,1245.81900000,44412.00000000,44512.00000000,100.00000000,/home/arash/Projects/DrywellDT/deployments/Bioretention_assimilation_MCMC_drift/state/state_20211109_000000.json,/home/arash/Projects/DrywellDT/deployments/Bioretention_assimilation_MCMC_drift/outputs/calibration/state_calibrated_latest.json,ok,MCMC provisional (plateaued=0)
681,forward_advance,228,2026-07-14T02:08:25.321Z,2026-07-14T02:08:30.590Z,5.26900000,44512.00000000,44515.00000000,3.00000000,/home/arash/Projects/DrywellDT/deployments/Bioretention_assimilation_MCMC_drift/state/_current_input.json,/home/arash/Projects/DrywellDT/deployments/Bioretention_assimilation_MCMC_drift/state/state_20211115_000000.json,ok,
682,forward_forecast,228,2026-07-14T02:08:30.592Z,2026-07-14T02:08:36.147Z,5.55500000,44512.00000000,44519.00000000,7.00000000,/home/arash/Projects/DrywellDT/deployments/Bioretention_assimilation_MCMC_drift/state/_current_input.json,,ok,
683,assim_calibration,227,2026-07-14T02:01:13.319Z,2026-07-14T02:21:53.201Z,1239.88200000,44415.00000000,44515.00000000,100.00000000,/home/arash/Projects/DrywellDT/deployments/Bioretention_assimilation_MCMC_drift/state/state_20211112_000000.json,/home/arash/Projects/DrywellDT/deployments/Bioretention_assimilation_MCMC_drift/outputs/calibration/state_calibrated_latest.json,ok,MCMC provisional (plateaued=0)
684,forward_advance,229,2026-07-14T02:30:01.294Z,2026-07-14T02:30:05.703Z,4.40900000,44515.00000000,44518.00000000,3.00000000,/home/arash/Projects/DrywellDT/deployments/Bioretention_assimilation_MCMC_drift/state/_current_input.json,/home/arash/Projects/DrywellDT/deployments/Bioretention_assimilation_MCMC_drift/state/state_20211118_000000.json,ok,
685,forward_forecast,229,2026-07-14T02:30:05.705Z,2026-07-14T02:30:10.783Z,5.07800000,44515.00000000,44522.00000000,7.00000000,/home/arash/Projects/DrywellDT/deployments/Bioretention_assimilation_MCMC_drift/state/_current_input.json,,ok,
686,assim_calibration,228,2026-07-14T02:22:49.315Z,2026-07-14T02:43:31.008Z,1241.69300000,44418.00000000,44518.00000000,100.00000000,/home/arash/Projects/DrywellDT/deployments/Bioretention_assimilation_MCMC_drift/state/state_20211115_000000.json,/home/arash/Projects/DrywellDT/deployments/Bioretention_assimilation_MCMC_drift/outputs/calibration/state_calibrated_latest.json,ok,MCMC provisional (plateaued=0)
687,forward_advance,230,2026-07-14T02:51:37.371Z,2026-07-14T02:51:41.829Z,4.45800000,44518.00000000,44521.00000000,3.00000000,/home/arash/Projects/DrywellDT/deployments/Bioretention_assimilation_MCMC_drift/state/_current_input.json,/home/arash/Projects/DrywellDT/deployments/Bioretention_assimilation_MCMC_drift/state/state_20211121_000000.json,ok,
688,forward_forecast,230,2026-07-14T02:51:41.831Z,2026-07-14T02:51:47.510Z,5.67900000,44518.00000000,44525.00000000,7.00000000,/home/arash/Projects/DrywellDT/deployments/Bioretention_assimilation_MCMC_drift/state/_current_input.json,,ok,
689,assim_calibration,229,2026-07-14T02:44:25.346Z,2026-07-14T03:05:06.897Z,1241.55100000,44421.00000000,44521.00000000,100.00000000,/home/arash/Projects/DrywellDT/deployments/Bioretention_assimilation_MCMC_drift/state/state_20211118_000000.json,/home/arash/Projects/DrywellDT/deployments/Bioretention_assimilation_MCMC_drift/outputs/calibration/state_calibrated_latest.json,ok,MCMC provisional (plateaued=0)
690,forward_advance,231,2026-07-14T03:13:13.346Z,2026-07-14T03:13:19.753Z,6.40700000,44521.00000000,44524.00000000,3.00000000,/home/arash/Projects/DrywellDT/deployments/Bioretention_assimilation_MCMC_drift/state/_current_input.json,/home/arash/Projects/DrywellDT/deployments/Bioretention_assimilation_MCMC_drift/state/state_20211124_000000.json,ok,
691,forward_forecast,231,2026-07-14T03:13:19.755Z,2026-07-14T03:13:22.879Z,3.12400000,44521.00000000,44528.00000000,7.00000000,/home/arash/Projects/DrywellDT/deployments/Bioretention_assimilation_MCMC_drift/state/_current_input.json,,ok,
692,assim_calibration,230,2026-07-14T03:06:01.349Z,2026-07-14T03:26:40.695Z,1239.34600000,44424.00000000,44524.00000000,100.00000000,/home/arash/Projects/DrywellDT/deployments/Bioretention_assimilation_MCMC_drift/state/state_20211121_000000.json,/home/arash/Projects/DrywellDT/deployments/Bioretention_assimilation_MCMC_drift/outputs/calibration/state_calibrated_latest.json,ok,MCMC provisional (plateaued=0)
693,forward_advance,232,2026-07-14T03:34:49.366Z,2026-07-14T03:34:54.253Z,4.88700000,44524.00000000,44527.00000000,3.00000000,/home/arash/Projects/DrywellDT/deployments/Bioretention_assimilation_MCMC_drift/state/_current_input.json,/home/arash/Projects/DrywellDT/deployments/Bioretention_assimilation_MCMC_drift/state/state_20211127_000000.json,ok,
694,forward_forecast,232,2026-07-14T03:34:54.254Z,2026-07-14T03:34:59.900Z,5.64600000,44524.00000000,44531.00000000,7.00000000,/home/arash/Projects/DrywellDT/deployments/Bioretention_assimilation_MCMC_drift/state/_current_input.json,,ok,
695,assim_calibration,231,2026-07-14T03:27:37.361Z,2026-07-14T03:48:19.513Z,1242.15200000,44427.00000000,44527.00000000,100.00000000,/home/arash/Projects/DrywellDT/deployments/Bioretention_assimilation_MCMC_drift/state/state_20211124_000000.json,/home/arash/Projects/DrywellDT/deployments/Bioretention_assimilation_MCMC_drift/outputs/calibration/state_calibrated_latest.json,ok,MCMC provisional (plateaued=0)
696,forward_advance,233,2026-07-14T03:56:25.359Z,2026-07-14T03:56:28.822Z,3.46300000,44527.00000000,44530.00000000,3.00000000,/home/arash/Projects/DrywellDT/deployments/Bioretention_assimilation_MCMC_drift/state/_current_input.json,/home/arash/Projects/DrywellDT/deployments/Bioretention_assimilation_MCMC_drift/state/state_20211130_000000.json,ok,
697,forward_forecast,233,2026-07-14T03:56:28.823Z,2026-07-14T03:56:35.398Z,6.57500000,44527.00000000,44534.00000000,7.00000000,/home/arash/Projects/DrywellDT/deployments/Bioretention_assimilation_MCMC_drift/state/_current_input.json,,ok,
698,assim_calibration,232,2026-07-14T03:49:13.326Z,2026-07-14T04:09:52.238Z,1238.91200000,44430.00000000,44530.00000000,100.00000000,/home/arash/Projects/DrywellDT/deployments/Bioretention_assimilation_MCMC_drift/state/state_20211127_000000.json,/home/arash/Projects/DrywellDT/deployments/Bioretention_assimilation_MCMC_drift/outputs/calibration/state_calibrated_latest.json,ok,MCMC provisional (plateaued=0)
699,forward_advance,234,2026-07-14T04:18:01.330Z,2026-07-14T04:18:07.231Z,5.90100000,44530.00000000,44533.00000000,3.00000000,/home/arash/Projects/DrywellDT/deployments/Bioretention_assimilation_MCMC_drift/state/_current_input.json,/home/arash/Projects/DrywellDT/deployments/Bioretention_assimilation_MCMC_drift/state/state_20211203_000000.json,ok,
700,forward_forecast,234,2026-07-14T04:18:07.233Z,2026-07-14T04:18:12.996Z,5.76300000,44530.00000000,44537.00000000,7.00000000,/home/arash/Projects/DrywellDT/deployments/Bioretention_assimilation_MCMC_drift/state/_current_input.json,,ok,
701,assim_calibration,233,2026-07-14T04:10:49.356Z,2026-07-14T04:31:33.044Z,1243.68800000,44433.00000000,44533.00000000,100.00000000,/home/arash/Projects/DrywellDT/deployments/Bioretention_assimilation_MCMC_drift/state/state_20211130_000000.json,/home/arash/Projects/DrywellDT/deployments/Bioretention_assimilation_MCMC_drift/outputs/calibration/state_calibrated_latest.json,ok,MCMC provisional (plateaued=0)
702,forward_advance,235,2026-07-14T04:39:37.288Z,2026-07-14T04:39:41.111Z,3.82300000,44533.00000000,44536.00000000,3.00000000,/home/arash/Projects/DrywellDT/deployments/Bioretention_assimilation_MCMC_drift/state/_current_input.json,/home/arash/Projects/DrywellDT/deployments/Bioretention_assimilation_MCMC_drift/state/state_20211206_000000.json,ok,
703,forward_forecast,235,2026-07-14T04:39:41.113Z,2026-07-14T04:39:47.260Z,6.14700000,44533.00000000,44540.00000000,7.00000000,/home/arash/Projects/DrywellDT/deployments/Bioretention_assimilation_MCMC_drift/state/_current_input.json,,ok,
704,assim_calibration,234,2026-07-14T04:32:25.355Z,2026-07-14T04:53:07.951Z,1242.59600000,44436.00000000,44536.00000000,100.00000000,/home/arash/Projects/DrywellDT/deployments/Bioretention_assimilation_MCMC_drift/state/state_20211203_000000.json,/home/arash/Projects/DrywellDT/deployments/Bioretention_assimilation_MCMC_drift/outputs/calibration/state_calibrated_latest.json,ok,MCMC provisional (plateaued=0)
705,forward_advance,236,2026-07-14T05:01:13.273Z,2026-07-14T05:01:17.316Z,4.04300000,44536.00000000,44539.00000000,3.00000000,/home/arash/Projects/DrywellDT/deployments/Bioretention_assimilation_MCMC_drift/state/_current_input.json,/home/arash/Projects/DrywellDT/deployments/Bioretention_assimilation_MCMC_drift/state/state_20211209_000000.json,ok,
706,forward_forecast,236,2026-07-14T05:01:17.318Z,2026-07-14T05:01:23.081Z,5.76300000,44536.00000000,44543.00000000,7.00000000,/home/arash/Projects/DrywellDT/deployments/Bioretention_assimilation_MCMC_drift/state/_current_input.json,,ok,
707,assim_calibration,235,2026-07-14T04:54:01.338Z,2026-07-14T05:14:40.504Z,1239.16600000,44439.00000000,44539.00000000,100.00000000,/home/arash/Projects/DrywellDT/deployments/Bioretention_assimilation_MCMC_drift/state/state_20211206_000000.json,/home/arash/Projects/DrywellDT/deployments/Bioretention_assimilation_MCMC_drift/outputs/calibration/state_calibrated_latest.json,ok,MCMC provisional (plateaued=0)
708,forward_advance,237,2026-07-14T05:22:49.271Z,2026-07-14T05:22:55.661Z,6.39000000,44539.00000000,44542.00000000,3.00000000,/home/arash/Projects/DrywellDT/deployments/Bioretention_assimilation_MCMC_drift/state/_current_input.json,/home/arash/Projects/DrywellDT/deployments/Bioretention_assimilation_MCMC_drift/state/state_20211212_000000.json,ok,
709,forward_forecast,237,2026-07-14T05:22:55.663Z,2026-07-14T05:23:02.202Z,6.53900000,44539.00000000,44546.00000000,7.00000000,/home/arash/Projects/DrywellDT/deployments/Bioretention_assimilation_MCMC_drift/state/_current_input.json,,ok,
710,assim_calibration,236,2026-07-14T05:15:37.345Z,2026-07-14T05:36:18.422Z,1241.07700000,44442.00000000,44542.00000000,100.00000000,/home/arash/Projects/DrywellDT/deployments/Bioretention_assimilation_MCMC_drift/state/state_20211209_000000.json,/home/arash/Projects/DrywellDT/deployments/Bioretention_assimilation_MCMC_drift/outputs/calibration/state_calibrated_latest.json,ok,MCMC provisional (plateaued=0)
711,forward_advance,238,2026-07-14T05:44:25.335Z,2026-07-14T05:44:30.649Z,5.31400000,44542.00000000,44545.00000000,3.00000000,/home/arash/Projects/DrywellDT/deployments/Bioretention_assimilation_MCMC_drift/state/_current_input.json,/home/arash/Projects/DrywellDT/deployments/Bioretention_assimilation_MCMC_drift/state/state_20211215_000000.json,ok,
712,forward_forecast,238,2026-07-14T05:44:30.651Z,2026-07-14T05:44:36.360Z,5.70900000,44542.00000000,44549.00000000,7.00000000,/home/arash/Projects/DrywellDT/deployments/Bioretention_assimilation_MCMC_drift/state/_current_input.json,,ok,
713,assim_calibration,237,2026-07-14T05:37:13.316Z,2026-07-14T05:57:54.830Z,1241.51400000,44445.00000000,44545.00000000,100.00000000,/home/arash/Projects/DrywellDT/deployments/Bioretention_assimilation_MCMC_drift/state/state_20211212_000000.json,/home/arash/Projects/DrywellDT/deployments/Bioretention_assimilation_MCMC_drift/outputs/calibration/state_calibrated_latest.json,ok,MCMC provisional (plateaued=0)
714,forward_advance,239,2026-07-14T06:06:01.371Z,2026-07-14T06:06:05.712Z,4.34100000,44545.00000000,44548.00000000,3.00000000,/home/arash/Projects/DrywellDT/deployments/Bioretention_assimilation_MCMC_drift/state/_current_input.json,/home/arash/Projects/DrywellDT/deployments/Bioretention_assimilation_MCMC_drift/state/state_20211218_000000.json,ok,
715,forward_forecast,239,2026-07-14T06:06:05.714Z,2026-07-14T06:06:09.076Z,3.36200000,44545.00000000,44552.00000000,7.00000000,/home/arash/Projects/DrywellDT/deployments/Bioretention_assimilation_MCMC_drift/state/_current_input.json,,ok,
716,assim_calibration,238,2026-07-14T05:58:49.360Z,2026-07-14T06:19:31.363Z,1242.00300000,44448.00000000,44548.00000000,100.00000000,/home/arash/Projects/DrywellDT/deployments/Bioretention_assimilation_MCMC_drift/state/state_20211215_000000.json,/home/arash/Projects/DrywellDT/deployments/Bioretention_assimilation_MCMC_drift/outputs/calibration/state_calibrated_latest.json,ok,MCMC provisional (plateaued=0)
717,forward_advance,240,2026-07-14T06:27:37.287Z,2026-07-14T06:27:40.787Z,3.50000000,44548.00000000,44551.00000000,3.00000000,/home/arash/Projects/DrywellDT/deployments/Bioretention_assimilation_MCMC_drift/state/_current_input.json,/home/arash/Projects/DrywellDT/deployments/Bioretention_assimilation_MCMC_drift/state/state_20211221_000000.json,ok,
718,forward_forecast,240,2026-07-14T06:27:40.788Z,2026-07-14T06:27:44.095Z,3.30700000,44548.00000000,44555.00000000,7.00000000,/home/arash/Projects/DrywellDT/deployments/Bioretention_assimilation_MCMC_drift/state/_current_input.json,,ok,
719,assim_calibration,239,2026-07-14T06:20:25.319Z,2026-07-14T06:41:07.296Z,1241.97700000,44451.00000000,44551.00000000,100.00000000,/home/arash/Projects/DrywellDT/deployments/Bioretention_assimilation_MCMC_drift/state/state_20211218_000000.json,/home/arash/Projects/DrywellDT/deployments/Bioretention_assimilation_MCMC_drift/outputs/calibration/state_calibrated_latest.json,ok,MCMC provisional (plateaued=0)
720,forward_advance,241,2026-07-14T06:49:13.318Z,2026-07-14T06:49:21.650Z,8.33200000,44551.00000000,44554.00000000,3.00000000,/home/arash/Projects/DrywellDT/deployments/Bioretention_assimilation_MCMC_drift/state/_current_input.json,/home/arash/Projects/DrywellDT/deployments/Bioretention_assimilation_MCMC_drift/state/state_20211224_000000.json,ok,
721,forward_forecast,241,2026-07-14T06:49:21.652Z,2026-07-14T06:49:24.759Z,3.10700000,44551.00000000,44558.00000000,7.00000000,/home/arash/Projects/DrywellDT/deployments/Bioretention_assimilation_MCMC_drift/state/_current_input.json,,ok,
722,assim_calibration,240,2026-07-14T06:42:01.342Z,2026-07-14T07:02:44.554Z,1243.21200000,44454.00000000,44554.00000000,100.00000000,/home/arash/Projects/DrywellDT/deployments/Bioretention_assimilation_MCMC_drift/state/state_20211221_000000.json,/home/arash/Projects/DrywellDT/deployments/Bioretention_assimilation_MCMC_drift/outputs/calibration/state_calibrated_latest.json,ok,MCMC provisional (plateaued=0)
723,forward_advance,242,2026-07-14T07:10:49.275Z,2026-07-14T07:10:57.504Z,8.22900000,44554.00000000,44557.00000000,3.00000000,/home/arash/Projects/DrywellDT/deployments/Bioretention_assimilation_MCMC_drift/state/_current_input.json,/home/arash/Projects/DrywellDT/deployments/Bioretention_assimilation_MCMC_drift/state/state_20211227_000000.json,ok,
724,forward_forecast,242,2026-07-14T07:10:57.506Z,2026-07-14T07:11:01.908Z,4.40200000,44554.00000000,44561.00000000,7.00000000,/home/arash/Projects/DrywellDT/deployments/Bioretention_assimilation_MCMC_drift/state/_current_input.json,,ok,
725,assim_calibration,241,2026-07-14T07:03:37.310Z,2026-07-14T07:24:19.198Z,1241.88800000,44457.00000000,44557.00000000,100.00000000,/home/arash/Projects/DrywellDT/deployments/Bioretention_assimilation_MCMC_drift/state/state_20211224_000000.json,/home/arash/Projects/DrywellDT/deployments/Bioretention_assimilation_MCMC_drift/outputs/calibration/state_calibrated_latest.json,ok,MCMC provisional (plateaued=0)
726,forward_advance,243,2026-07-14T07:32:25.315Z,2026-07-14T07:32:28.614Z,3.29900000,44557.00000000,44560.00000000,3.00000000,/home/arash/Projects/DrywellDT/deployments/Bioretention_assimilation_MCMC_drift/state/_current_input.json,/home/arash/Projects/DrywellDT/deployments/Bioretention_assimilation_MCMC_drift/state/state_20211230_000000.json,ok,
727,forward_forecast,243,2026-07-14T07:32:28.616Z,2026-07-14T07:32:34.979Z,6.36300000,44557.00000000,44564.00000000,7.00000000,/home/arash/Projects/DrywellDT/deployments/Bioretention_assimilation_MCMC_drift/state/_current_input.json,,ok,
728,assim_calibration,242,2026-07-14T07:25:13.332Z,2026-07-14T07:45:52.776Z,1239.44400000,44460.00000000,44560.00000000,100.00000000,/home/arash/Projects/DrywellDT/deployments/Bioretention_assimilation_MCMC_drift/state/state_20211227_000000.json,/home/arash/Projects/DrywellDT/deployments/Bioretention_assimilation_MCMC_drift/outputs/calibration/state_calibrated_latest.json,ok,MCMC provisional (plateaued=0)
729,forward_advance,244,2026-07-14T07:54:01.371Z,2026-07-14T07:54:06.122Z,4.75100000,44560.00000000,44563.00000000,3.00000000,/home/arash/Projects/DrywellDT/deployments/Bioretention_assimilation_MCMC_drift/state/_current_input.json,/home/arash/Projects/DrywellDT/deployments/Bioretention_assimilation_MCMC_drift/state/state_20220102_000000.json,ok,
730,forward_forecast,244,2026-07-14T07:54:06.124Z,2026-07-14T07:54:11.976Z,5.85200000,44560.00000000,44567.00000000,7.00000000,/home/arash/Projects/DrywellDT/deployments/Bioretention_assimilation_MCMC_drift/state/_current_input.json,,ok,
731,assim_calibration,243,2026-07-14T07:46:49.310Z,2026-07-14T08:07:30.064Z,1240.75400000,44463.00000000,44563.00000000,100.00000000,/home/arash/Projects/DrywellDT/deployments/Bioretention_assimilation_MCMC_drift/state/state_20211230_000000.json,/home/arash/Projects/DrywellDT/deployments/Bioretention_assimilation_MCMC_drift/outputs/calibration/state_calibrated_latest.json,ok,MCMC provisional (plateaued=0)
732,forward_advance,245,2026-07-14T08:15:37.371Z,2026-07-14T08:15:44.438Z,7.06700000,44563.00000000,44565.00000000,2.00000000,/home/arash/Projects/DrywellDT/deployments/Bioretention_assimilation_MCMC_drift/state/_current_input.json,/home/arash/Projects/DrywellDT/deployments/Bioretention_assimilation_MCMC_drift/state/state_20220104_000000.json,ok,
733,forward_forecast,245,2026-07-14T08:15:44.439Z,2026-07-14T08:15:47.804Z,3.36500000,44563.00000000,44570.00000000,7.00000000,/home/arash/Projects/DrywellDT/deployments/Bioretention_assimilation_MCMC_drift/state/_current_input.json,,ok,
734,assim_calibration,244,2026-07-14T08:08:25.309Z,2026-07-14T08:29:08.353Z,1243.04400000,44465.00000000,44565.00000000,100.00000000,/home/arash/Projects/DrywellDT/deployments/Bioretention_assimilation_MCMC_drift/state/state_20220102_000000.json,/home/arash/Projects/DrywellDT/deployments/Bioretention_assimilation_MCMC_drift/outputs/calibration/state_calibrated_latest.json,ok,MCMC provisional (plateaued=0)
