18264.00000000, 0.6
18264.04166667, 0.5
18264.08333333, 0.47
18264.12500000, 0.46
18264.16666667, 0.48
18264.20833333, 0.53
18264.25000000, 0.7
18264.29166667, 0.87
18264.33333333, 0.93
18264.37500000, 0.94
18264.41666667, 0.95
18264.45833333, 0.94
18264.50000000, 0.97
18264.54166667, 0.96
18264.58333333, 0.95
18264.62500000, 0.95
18264.66666667, 0.89
18264.70833333, 0.89
18264.75000000, 0.86
18264.79166667, 0.82
18264.83333333, 0.81
18264.87500000, 0.86
18264.91666667, 0.93
18264.95833333, 0.95
18265.00000000, 0.98
18265.04166667, 0.99
18265.08333333, 0.99
18265.12500000, 0.99
18265.16666667, 1
18265.20833333, 1
18265.25000000, 0.99
18265.29166667, 0.98
18265.33333333, 0.98
18265.37500000, 0.97
18265.41666667, 0.97
18265.45833333, 0.95
18265.50000000, 0.95
18265.54166667, 0.95
18265.58333333, 0.95
18265.62500000, 0.94
18265.66666667, 0.95
18265.70833333, 0.93
18265.75000000, 0.92
18265.79166667, 0.88
18265.83333333, 0.87
18265.87500000, 0.91
18265.91666667, 0.87
18265.95833333, 0.89
18266.00000000, 0.88
18266.04166667, 0.86
18266.08333333, 0.83
18266.12500000, 0.83
18266.16666667, 0.81
18266.20833333, 0.8
18266.25000000, 0.74
18266.29166667, 0.68
18266.33333333, 0.65
18266.37500000, 0.58
18266.41666667, 0.49
18266.45833333, 0.5
18266.50000000, 0.54
18266.54166667, 0.54
18266.58333333, 0.52
18266.62500000, 0.51
18266.66666667, 0.49
18266.70833333, 0.47
18266.75000000, 0.46
18266.79166667, 0.45
18266.83333333, 0.44
18266.87500000, 0.46
18266.91666667, 0.52
18266.95833333, 0.66
18267.00000000, 0.76
18267.04166667, 0.73
18267.08333333, 0.73
18267.12500000, 0.72
18267.16666667, 0.7
18267.20833333, 0.74
18267.25000000, 0.78
18267.29166667, 0.74
18267.33333333, 0.77
18267.37500000, 0.76
18267.41666667, 0.76
18267.45833333, 0.73
18267.50000000, 0.67
18267.54166667, 0.66
18267.58333333, 0.62
18267.62500000, 0.6
18267.66666667, 0.54
18267.70833333, 0.45
18267.75000000, 0.45
18267.79166667, 0.43
18267.83333333, 0.4
18267.87500000, 0.43
18267.91666667, 0.47
18267.95833333, 0.5
18268.00000000, 0.46
18268.04166667, 0.45
18268.08333333, 0.49
18268.12500000, 0.53
18268.16666667, 0.58
18268.20833333, 0.63
18268.25000000, 0.67
18268.29166667, 0.71
18268.33333333, 0.67
18268.37500000, 0.72
18268.41666667, 0.74
18268.45833333, 0.71
18268.50000000, 0.75
18268.54166667, 0.78
18268.58333333, 0.67
18268.62500000, 0.61
18268.66666667, 0.56
18268.70833333, 0.52
18268.75000000, 0.54
18268.79166667, 0.81
18268.83333333, 0.98
18268.87500000, 0.95
18268.91666667, 0.97
18268.95833333, 0.98
18269.00000000, 0.94
18269.04166667, 0.91
18269.08333333, 0.92
18269.12500000, 0.91
18269.16666667, 0.9
18269.20833333, 0.89
18269.25000000, 0.89
18269.29166667, 0.87
18269.33333333, 0.85
18269.37500000, 0.82
18269.41666667, 0.81
18269.45833333, 0.83
18269.50000000, 0.85
18269.54166667, 0.82
18269.58333333, 0.72
18269.62500000, 0.66
18269.66666667, 0.57
18269.70833333, 0.48
18269.75000000, 0.37
18269.79166667, 0.33
18269.83333333, 0.34
18269.87500000, 0.37
18269.91666667, 0.39
18269.95833333, 0.43
18270.00000000, 0.59
18270.04166667, 0.62
18270.08333333, 0.69
18270.12500000, 0.7
18270.16666667, 0.56
18270.20833333, 0.53
18270.25000000, 0.54
18270.29166667, 0.56
18270.33333333, 0.59
18270.37500000, 0.6
18270.41666667, 0.59
18270.45833333, 0.59
18270.50000000, 0.74
18270.54166667, 0.65
18270.58333333, 0.6
18270.62500000, 0.51
18270.66666667, 0.49
18270.70833333, 0.47
18270.75000000, 0.46
18270.79166667, 0.46
18270.83333333, 0.47
18270.87500000, 0.52
18270.91666667, 0.62
18270.95833333, 0.64
18271.00000000, 0.61
18271.04166667, 0.58
18271.08333333, 0.56
18271.12500000, 0.58
18271.16666667, 0.64
18271.20833333, 0.7
18271.25000000, 0.76
18271.29166667, 0.82
18271.33333333, 0.85
18271.37500000, 0.87
18271.41666667, 0.88
18271.45833333, 0.85
18271.50000000, 0.73
18271.54166667, 0.69
18271.58333333, 0.7
18271.62500000, 0.69
18271.66666667, 0.7
18271.70833333, 0.71
18271.75000000, 0.71
18271.79166667, 0.7
18271.83333333, 0.71
18271.87500000, 0.73
18271.91666667, 0.78
18271.95833333, 0.82
18272.00000000, 0.77
18272.04166667, 0.79
18272.08333333, 0.87
18272.12500000, 0.9
18272.16666667, 0.9
18272.20833333, 0.92
18272.25000000, 0.91
18272.29166667, 0.91
18272.33333333, 0.89
18272.37500000, 0.88
18272.41666667, 0.88
18272.45833333, 0.9
18272.50000000, 0.84
18272.54166667, 0.82
18272.58333333, 0.81
18272.62500000, 0.76
18272.66666667, 0.74
18272.70833333, 0.73
18272.75000000, 0.7
18272.79166667, 0.7
18272.83333333, 0.7
18272.87500000, 0.71
18272.91666667, 0.75
18272.95833333, 0.77
18273.00000000, 0.89
18273.04166667, 0.9
18273.08333333, 0.91
18273.12500000, 0.88
18273.16666667, 0.88
18273.20833333, 0.86
18273.25000000, 0.88
18273.29166667, 0.85
18273.33333333, 0.85
18273.37500000, 0.84
18273.41666667, 0.81
18273.45833333, 0.87
18273.50000000, 0.94
18273.54166667, 0.92
18273.58333333, 0.79
18273.62500000, 0.56
18273.66666667, 0.52
18273.70833333, 0.51
18273.75000000, 0.5
18273.79166667, 0.5
18273.83333333, 0.52
18273.87500000, 0.56
18273.91666667, 0.61
18273.95833333, 0.67
18274.00000000, 0.72
18274.04166667, 0.72
18274.08333333, 0.76
18274.12500000, 0.79
18274.16666667, 0.8
18274.20833333, 0.81
18274.25000000, 0.8
18274.29166667, 0.8
18274.33333333, 0.8
18274.37500000, 0.8
18274.41666667, 0.82
18274.45833333, 0.81
18274.50000000, 0.82
18274.54166667, 0.84
18274.58333333, 0.79
18274.62500000, 0.76
18274.66666667, 0.74
18274.70833333, 0.72
18274.75000000, 0.7
18274.79166667, 0.7
18274.83333333, 0.7
18274.87500000, 0.75
18274.91666667, 0.86
18274.95833333, 0.89
18275.00000000, 0.88
18275.04166667, 0.94
18275.08333333, 0.95
18275.12500000, 0.97
18275.16666667, 0.99
18275.20833333, 1
18275.25000000, 0.99
18275.29166667, 1
18275.33333333, 1
18275.37500000, 0.99
18275.41666667, 1
18275.45833333, 0.99
18275.50000000, 0.98
18275.54166667, 0.97
18275.58333333, 0.97
18275.62500000, 0.94
18275.66666667, 0.92
18275.70833333, 0.87
18275.75000000, 0.88
18275.79166667, 0.89
18275.83333333, 0.88
18275.87500000, 0.88
18275.91666667, 0.93
18275.95833333, 0.94
18276.00000000, 0.96
18276.04166667, 0.94
18276.08333333, 0.99
18276.12500000, 1
18276.16666667, 1
18276.20833333, 1
18276.25000000, 0.99
18276.29166667, 0.98
18276.33333333, 0.98
18276.37500000, 0.97
18276.41666667, 0.95
18276.45833333, 0.92
18276.50000000, 0.96
18276.54166667, 0.96
18276.58333333, 0.9
18276.62500000, 0.8
18276.66666667, 0.73
18276.70833333, 0.68
18276.75000000, 0.64
18276.79166667, 0.61
18276.83333333, 0.6
18276.87500000, 0.64
18276.91666667, 0.74
18276.95833333, 0.8
18277.00000000, 0.91
18277.04166667, 0.89
18277.08333333, 0.92
18277.12500000, 0.94
18277.16666667, 0.94
18277.20833333, 0.95
18277.25000000, 0.96
18277.29166667, 0.94
18277.33333333, 0.93
18277.37500000, 0.89
18277.41666667, 0.77
18277.45833333, 0.7
18277.50000000, 0.58
18277.54166667, 0.53
18277.58333333, 0.52
18277.62500000, 0.49
18277.66666667, 0.52
18277.70833333, 0.5
18277.75000000, 0.47
18277.79166667, 0.42
18277.83333333, 0.4
18277.87500000, 0.4
18277.91666667, 0.4
18277.95833333, 0.46
18278.00000000, 0.46
18278.04166667, 0.53
18278.08333333, 0.52
18278.12500000, 0.53
18278.16666667, 0.55
18278.20833333, 0.57
18278.25000000, 0.56
18278.29166667, 0.54
18278.33333333, 0.54
18278.37500000, 0.49
18278.41666667, 0.46
18278.45833333, 0.46
18278.50000000, 0.49
18278.54166667, 0.52
18278.58333333, 0.49
18278.62500000, 0.45
18278.66666667, 0.42
18278.70833333, 0.41
18278.75000000, 0.39
18278.79166667, 0.37
18278.83333333, 0.35
18278.87500000, 0.35
18278.91666667, 0.41
18278.95833333, 0.47
18279.00000000, 0.5
18279.04166667, 0.62
18279.08333333, 0.66
18279.12500000, 0.62
18279.16666667, 0.71
18279.20833333, 0.68
18279.25000000, 0.57
18279.29166667, 0.57
18279.33333333, 0.7
18279.37500000, 0.68
18279.41666667, 0.64
18279.45833333, 0.58
18279.50000000, 0.58
18279.54166667, 0.62
18279.58333333, 0.64
18279.62500000, 0.66
18279.66666667, 0.66
18279.70833333, 0.62
18279.75000000, 0.6
18279.79166667, 0.66
18279.83333333, 0.67
18279.87500000, 0.71
18279.91666667, 0.81
18279.95833333, 0.86
18280.00000000, 0.91
18280.04166667, 0.91
18280.08333333, 0.91
18280.12500000, 0.9
18280.16666667, 0.9
18280.20833333, 0.91
18280.25000000, 0.89
18280.29166667, 0.9
18280.33333333, 0.87
18280.37500000, 0.89
18280.41666667, 0.92
18280.45833333, 0.89
18280.50000000, 0.9
18280.54166667, 0.72
18280.58333333, 0.6
18280.62500000, 0.53
18280.66666667, 0.54
18280.70833333, 0.49
18280.75000000, 0.46
18280.79166667, 0.45
18280.83333333, 0.44
18280.87500000, 0.42
18280.91666667, 0.41
18280.95833333, 0.43
18281.00000000, 0.52
18281.04166667, 0.52
18281.08333333, 0.54
18281.12500000, 0.54
18281.16666667, 0.55
18281.20833333, 0.54
18281.25000000, 0.53
18281.29166667, 0.53
18281.33333333, 0.54
18281.37500000, 0.55
18281.41666667, 0.56
18281.45833333, 0.57
18281.50000000, 0.59
18281.54166667, 0.6
18281.58333333, 0.58
18281.62500000, 0.52
18281.66666667, 0.46
18281.70833333, 0.42
18281.75000000, 0.38
18281.79166667, 0.34
18281.83333333, 0.33
18281.87500000, 0.32
18281.91666667, 0.37
18281.95833333, 0.43
18282.00000000, 0.48
18282.04166667, 0.53
18282.08333333, 0.54
18282.12500000, 0.51
18282.16666667, 0.47
18282.20833333, 0.47
18282.25000000, 0.49
18282.29166667, 0.5
18282.33333333, 0.5
18282.37500000, 0.49
18282.41666667, 0.52
18282.45833333, 0.55
18282.50000000, 0.55
18282.54166667, 0.56
18282.58333333, 0.51
18282.62500000, 0.54
18282.66666667, 0.52
18282.70833333, 0.49
18282.75000000, 0.46
18282.79166667, 0.43
18282.83333333, 0.41
18282.87500000, 0.42
18282.91666667, 0.61
18282.95833333, 0.65
18283.00000000, 0.61
18283.04166667, 0.63
18283.08333333, 0.64
18283.12500000, 0.64
18283.16666667, 0.64
18283.20833333, 0.64
18283.25000000, 0.64
18283.29166667, 0.64
18283.33333333, 0.65
18283.37500000, 0.66
18283.41666667, 0.68
18283.45833333, 0.69
18283.50000000, 0.7
18283.54166667, 0.65
18283.58333333, 0.54
18283.62500000, 0.47
18283.66666667, 0.44
18283.70833333, 0.4
18283.75000000, 0.37
18283.79166667, 0.33
18283.83333333, 0.39
18283.87500000, 0.43
18283.91666667, 0.41
18283.95833333, 0.51
18284.00000000, 0.67
18284.04166667, 0.8
18284.08333333, 0.81
18284.12500000, 0.78
18284.16666667, 0.78
18284.20833333, 0.77
18284.25000000, 0.83
18284.29166667, 0.85
18284.33333333, 0.81
18284.37500000, 0.82
18284.41666667, 0.82
18284.45833333, 0.83
18284.50000000, 0.9
18284.54166667, 0.87
18284.58333333, 0.75
18284.62500000, 0.6
18284.66666667, 0.47
18284.70833333, 0.37
18284.75000000, 0.36
18284.79166667, 0.36
18284.83333333, 0.36
18284.87500000, 0.42
18284.91666667, 0.59
18284.95833333, 0.76
18285.00000000, 0.73
18285.04166667, 0.78
18285.08333333, 0.79
18285.12500000, 0.8
18285.16666667, 0.83
18285.20833333, 0.85
18285.25000000, 0.85
18285.29166667, 0.86
18285.33333333, 0.86
18285.37500000, 0.86
18285.41666667, 0.89
18285.45833333, 0.92
18285.50000000, 0.91
18285.54166667, 0.88
18285.58333333, 0.83
18285.62500000, 0.82
18285.66666667, 0.8
18285.70833333, 0.76
18285.75000000, 0.76
18285.79166667, 0.76
18285.83333333, 0.78
18285.87500000, 0.8
18285.91666667, 0.79
18285.95833333, 0.76
18286.00000000, 0.82
18286.04166667, 0.85
18286.08333333, 0.87
18286.12500000, 0.85
18286.16666667, 0.86
18286.20833333, 0.92
18286.25000000, 0.93
18286.29166667, 0.95
18286.33333333, 0.95
18286.37500000, 0.96
18286.41666667, 0.97
18286.45833333, 0.99
18286.50000000, 0.96
18286.54166667, 0.92
18286.58333333, 0.91
18286.62500000, 0.93
18286.66666667, 0.85
18286.70833333, 0.84
18286.75000000, 0.86
18286.79166667, 0.82
18286.83333333, 0.79
18286.87500000, 0.78
18286.91666667, 0.76
18286.95833333, 0.75
18287.00000000, 0.8
18287.04166667, 0.8
18287.08333333, 0.8
18287.12500000, 0.78
18287.16666667, 0.72
18287.20833333, 0.71
18287.25000000, 0.69
18287.29166667, 0.69
18287.33333333, 0.75
18287.37500000, 0.83
18287.41666667, 0.87
18287.45833333, 0.86
18287.50000000, 0.9
18287.54166667, 0.85
18287.58333333, 0.74
18287.62500000, 0.63
18287.66666667, 0.52
18287.70833333, 0.51
18287.75000000, 0.49
18287.79166667, 0.48
18287.83333333, 0.49
18287.87500000, 0.5
18287.91666667, 0.51
18287.95833333, 0.55
18288.00000000, 0.6
18288.04166667, 0.57
18288.08333333, 0.57
18288.12500000, 0.66
18288.16666667, 0.78
18288.20833333, 0.82
18288.25000000, 0.81
18288.29166667, 0.77
18288.33333333, 0.81
18288.37500000, 0.82
18288.41666667, 0.85
18288.45833333, 0.86
18288.50000000, 0.83
18288.54166667, 0.78
18288.58333333, 0.72
18288.62500000, 0.64
18288.66666667, 0.57
18288.70833333, 0.52
18288.75000000, 0.53
18288.79166667, 0.5
18288.83333333, 0.54
18288.87500000, 0.53
18288.91666667, 0.56
18288.95833333, 0.61
18289.00000000, 0.66
18289.04166667, 0.67
18289.08333333, 0.73
18289.12500000, 0.75
18289.16666667, 0.74
18289.20833333, 0.75
18289.25000000, 0.77
18289.29166667, 0.77
18289.33333333, 0.78
18289.37500000, 0.77
18289.41666667, 0.76
18289.45833333, 0.77
18289.50000000, 0.71
18289.54166667, 0.7
18289.58333333, 0.66
18289.62500000, 0.62
18289.66666667, 0.53
18289.70833333, 0.5
18289.75000000, 0.48
18289.79166667, 0.48
18289.83333333, 0.47
18289.87500000, 0.48
18289.91666667, 0.49
18289.95833333, 0.51
18290.00000000, 0.53
18290.04166667, 0.53
18290.08333333, 0.59
18290.12500000, 0.65
18290.16666667, 0.67
18290.20833333, 0.67
18290.25000000, 0.69
18290.29166667, 0.71
18290.33333333, 0.75
18290.37500000, 0.8
18290.41666667, 0.78
18290.45833333, 0.7
18290.50000000, 0.8
18290.54166667, 0.81
18290.58333333, 0.73
18290.62500000, 0.54
18290.66666667, 0.48
18290.70833333, 0.47
18290.75000000, 0.47
18290.79166667, 0.46
18290.83333333, 0.45
18290.87500000, 0.45
18290.91666667, 0.65
18290.95833333, 0.6
18291.00000000, 0.68
18291.04166667, 0.64
18291.08333333, 0.67
18291.12500000, 0.72
18291.16666667, 0.72
18291.20833333, 0.74
18291.25000000, 0.72
18291.29166667, 0.73
18291.33333333, 0.7
18291.37500000, 0.71
18291.41666667, 0.72
18291.45833333, 0.72
18291.50000000, 0.72
18291.54166667, 0.72
18291.58333333, 0.69
18291.62500000, 0.65
18291.66666667, 0.61
18291.70833333, 0.58
18291.75000000, 0.55
18291.79166667, 0.54
18291.83333333, 0.53
18291.87500000, 0.54
18291.91666667, 0.6
18291.95833333, 0.69
18292.00000000, 0.66
18292.04166667, 0.73
18292.08333333, 0.79
18292.12500000, 0.77
18292.16666667, 0.83
18292.20833333, 0.86
18292.25000000, 0.88
18292.29166667, 0.89
18292.33333333, 0.9
18292.37500000, 0.91
18292.41666667, 0.91
18292.45833333, 0.92
18292.50000000, 0.91
18292.54166667, 0.84
18292.58333333, 0.8
18292.62500000, 0.75
18292.66666667, 0.67
18292.70833333, 0.61
18292.75000000, 0.6
18292.79166667, 0.58
18292.83333333, 0.57
18292.87500000, 0.61
18292.91666667, 0.7
18292.95833333, 0.76
18293.00000000, 0.92
18293.04166667, 0.85
18293.08333333, 0.91
18293.12500000, 0.94
18293.16666667, 0.94
18293.20833333, 0.94
18293.25000000, 0.94
18293.29166667, 0.93
18293.33333333, 0.94
18293.37500000, 0.94
18293.41666667, 0.97
18293.45833333, 0.97
18293.50000000, 0.95
18293.54166667, 0.94
18293.58333333, 0.92
18293.62500000, 0.88
18293.66666667, 0.83
18293.70833333, 0.77
18293.75000000, 0.7
18293.79166667, 0.65
18293.83333333, 0.65
18293.87500000, 0.68
18293.91666667, 0.74
18293.95833333, 0.82
18294.00000000, 0.9
18294.04166667, 0.92
18294.08333333, 0.94
18294.12500000, 0.94
18294.16666667, 0.93
18294.20833333, 0.94
18294.25000000, 0.95
18294.29166667, 0.95
18294.33333333, 0.93
18294.37500000, 0.91
18294.41666667, 0.86
18294.45833333, 0.86
18294.50000000, 0.85
18294.54166667, 0.86
18294.58333333, 0.79
18294.62500000, 0.65
18294.66666667, 0.63
18294.70833333, 0.61
18294.75000000, 0.59
18294.79166667, 0.57
18294.83333333, 0.56
18294.87500000, 0.48
18294.91666667, 0.53
18294.95833333, 0.56
18295.00000000, 0.56
18295.04166667, 0.57
18295.08333333, 0.6
18295.12500000, 0.61
18295.16666667, 0.59
18295.20833333, 0.59
18295.25000000, 0.63
18295.29166667, 0.63
18295.33333333, 0.63
18295.37500000, 0.69
18295.41666667, 0.76
18295.45833333, 0.77
18295.50000000, 0.57
18295.54166667, 0.61
18295.58333333, 0.68
18295.62500000, 0.61
18295.66666667, 0.53
18295.70833333, 0.48
18295.75000000, 0.44
18295.79166667, 0.44
18295.83333333, 0.51
18295.87500000, 0.6
18295.91666667, 0.65
18295.95833333, 0.63
18296.00000000, 0.55
18296.04166667, 0.51
18296.08333333, 0.5
18296.12500000, 0.51
18296.16666667, 0.53
18296.20833333, 0.55
18296.25000000, 0.54
18296.29166667, 0.55
18296.33333333, 0.57
18296.37500000, 0.61
18296.41666667, 0.65
18296.45833333, 0.76
18296.50000000, 0.62
18296.54166667, 0.68
18296.58333333, 0.84
18296.62500000, 0.81
18296.66666667, 0.75
18296.70833333, 0.74
18296.75000000, 0.71
18296.79166667, 0.66
18296.83333333, 0.7
18296.87500000, 0.67
18296.91666667, 0.73
18296.95833333, 0.73
18297.00000000, 0.67
18297.04166667, 0.65
18297.08333333, 0.68
18297.12500000, 0.72
18297.16666667, 0.77
18297.20833333, 0.84
18297.25000000, 0.83
18297.29166667, 0.88
18297.33333333, 0.91
18297.37500000, 0.94
18297.41666667, 0.9
18297.45833333, 0.87
18297.50000000, 0.91
18297.54166667, 0.91
18297.58333333, 0.87
18297.62500000, 0.85
18297.66666667, 0.85
18297.70833333, 0.81
18297.75000000, 0.79
18297.79166667, 0.74
18297.83333333, 0.7
18297.87500000, 0.68
18297.91666667, 0.67
18297.95833333, 0.64
18298.00000000, 0.77
18298.04166667, 0.88
18298.08333333, 0.93
18298.12500000, 0.93
18298.16666667, 0.92
18298.20833333, 0.93
18298.25000000, 0.92
18298.29166667, 0.91
18298.33333333, 0.94
18298.37500000, 0.96
18298.41666667, 0.96
18298.45833333, 0.97
18298.50000000, 0.93
18298.54166667, 0.95
18298.58333333, 0.95
18298.62500000, 0.95
18298.66666667, 0.94
18298.70833333, 0.96
18298.75000000, 0.95
18298.79166667, 0.95
18298.83333333, 0.96
18298.87500000, 0.98
18298.91666667, 0.97
18298.95833333, 0.97
18299.00000000, 0.96
18299.04166667, 0.98
18299.08333333, 0.97
18299.12500000, 0.97
18299.16666667, 0.97
18299.20833333, 0.98
18299.25000000, 0.95
18299.29166667, 0.95
18299.33333333, 0.96
18299.37500000, 0.98
18299.41666667, 0.99
18299.45833333, 1
18299.50000000, 0.96
18299.54166667, 0.91
18299.58333333, 0.94
18299.62500000, 0.91
18299.66666667, 0.81
18299.70833333, 0.76
18299.75000000, 0.6
18299.79166667, 0.47
18299.83333333, 0.4
18299.87500000, 0.41
18299.91666667, 0.42
18299.95833333, 0.4
18300.00000000, 0.46
18300.04166667, 0.49
18300.08333333, 0.52
18300.12500000, 0.56
18300.16666667, 0.58
18300.20833333, 0.6
18300.25000000, 0.6
18300.29166667, 0.63
18300.33333333, 0.68
18300.37500000, 0.69
18300.41666667, 0.66
18300.45833333, 0.67
18300.50000000, 0.7
18300.54166667, 0.69
18300.58333333, 0.58
18300.62500000, 0.45
18300.66666667, 0.41
18300.70833333, 0.4
18300.75000000, 0.39
18300.79166667, 0.39
18300.83333333, 0.37
18300.87500000, 0.38
18300.91666667, 0.44
18300.95833333, 0.57
18301.00000000, 0.54
18301.04166667, 0.56
18301.08333333, 0.65
18301.12500000, 0.72
18301.16666667, 0.78
18301.20833333, 0.79
18301.25000000, 0.78
18301.29166667, 0.85
18301.33333333, 0.82
18301.37500000, 0.88
18301.41666667, 0.87
18301.45833333, 0.87
18301.50000000, 0.85
18301.54166667, 0.78
18301.58333333, 0.7
18301.62500000, 0.59
18301.66666667, 0.46
18301.70833333, 0.43
18301.75000000, 0.42
18301.79166667, 0.41
18301.83333333, 0.4
18301.87500000, 0.43
18301.91666667, 0.52
18301.95833333, 0.6
18302.00000000, 0.6
18302.04166667, 0.62
18302.08333333, 0.58
18302.12500000, 0.64
18302.16666667, 0.67
18302.20833333, 0.71
18302.25000000, 0.7
18302.29166667, 0.65
18302.33333333, 0.61
18302.37500000, 0.59
18302.41666667, 0.61
18302.45833333, 0.62
18302.50000000, 0.75
18302.54166667, 0.87
18302.58333333, 0.9
18302.62500000, 0.9
18302.66666667, 0.88
18302.70833333, 0.87
18302.75000000, 0.8
18302.79166667, 0.86
18302.83333333, 0.87
18302.87500000, 0.89
18302.91666667, 0.91
18302.95833333, 0.91
18303.00000000, 0.94
18303.04166667, 0.94
18303.08333333, 0.95
18303.12500000, 0.96
18303.16666667, 0.95
18303.20833333, 0.95
18303.25000000, 0.95
18303.29166667, 0.95
18303.33333333, 0.96
18303.37500000, 0.96
18303.41666667, 0.96
18303.45833333, 0.96
18303.50000000, 0.98
18303.54166667, 0.98
18303.58333333, 0.98
18303.62500000, 0.98
18303.66666667, 0.96
18303.70833333, 0.95
18303.75000000, 0.95
18303.79166667, 0.94
18303.83333333, 0.88
18303.87500000, 0.84
18303.91666667, 0.85
18303.95833333, 0.87
18304.00000000, 0.92
18304.04166667, 0.92
18304.08333333, 0.87
18304.12500000, 0.83
18304.16666667, 0.78
18304.20833333, 0.63
18304.25000000, 0.52
18304.29166667, 0.49
18304.33333333, 0.51
18304.37500000, 0.59
18304.41666667, 0.64
18304.45833333, 0.7
18304.50000000, 0.66
18304.54166667, 0.66
18304.58333333, 0.61
18304.62500000, 0.55
18304.66666667, 0.51
18304.70833333, 0.49
18304.75000000, 0.48
18304.79166667, 0.45
18304.83333333, 0.44
18304.87500000, 0.49
18304.91666667, 0.54
18304.95833333, 0.62
18305.00000000, 0.86
18305.04166667, 0.88
18305.08333333, 0.91
18305.12500000, 0.9
18305.16666667, 0.92
18305.20833333, 0.92
18305.25000000, 0.93
18305.29166667, 0.94
18305.33333333, 0.94
18305.37500000, 0.93
18305.41666667, 0.89
18305.45833333, 0.9
18305.50000000, 0.94
18305.54166667, 0.95
18305.58333333, 0.95
18305.62500000, 0.94
18305.66666667, 0.94
18305.70833333, 0.93
18305.75000000, 0.92
18305.79166667, 0.93
18305.83333333, 0.9
18305.87500000, 0.84
18305.91666667, 0.76
18305.95833333, 0.73
18306.00000000, 0.67
18306.04166667, 0.61
18306.08333333, 0.61
18306.12500000, 0.62
18306.16666667, 0.66
18306.20833333, 0.64
18306.25000000, 0.64
18306.29166667, 0.62
18306.33333333, 0.57
18306.37500000, 0.53
18306.41666667, 0.51
18306.45833333, 0.6
18306.50000000, 0.65
18306.54166667, 0.57
18306.58333333, 0.51
18306.62500000, 0.49
18306.66666667, 0.43
18306.70833333, 0.39
18306.75000000, 0.37
18306.79166667, 0.36
18306.83333333, 0.35
18306.87500000, 0.35
18306.91666667, 0.36
18306.95833333, 0.38
18307.00000000, 0.44
18307.04166667, 0.45
18307.08333333, 0.46
18307.12500000, 0.46
18307.16666667, 0.5
18307.20833333, 0.53
18307.25000000, 0.58
18307.29166667, 0.61
18307.33333333, 0.62
18307.37500000, 0.64
18307.41666667, 0.63
18307.45833333, 0.68
18307.50000000, 0.67
18307.54166667, 0.58
18307.58333333, 0.44
18307.62500000, 0.38
18307.66666667, 0.34
18307.70833333, 0.31
18307.75000000, 0.39
18307.79166667, 0.38
18307.83333333, 0.4
18307.87500000, 0.45
18307.91666667, 0.52
18307.95833333, 0.59
18308.00000000, 0.57
18308.04166667, 0.57
18308.08333333, 0.58
18308.12500000, 0.63
18308.16666667, 0.71
18308.20833333, 0.72
18308.25000000, 0.68
18308.29166667, 0.66
18308.33333333, 0.64
18308.37500000, 0.63
18308.41666667, 0.65
18308.45833333, 0.68
18308.50000000, 0.71
18308.54166667, 0.71
18308.58333333, 0.67
18308.62500000, 0.63
18308.66666667, 0.62
18308.70833333, 0.61
18308.75000000, 0.59
18308.79166667, 0.55
18308.83333333, 0.54
18308.87500000, 0.54
18308.91666667, 0.64
18308.95833333, 0.72
18309.00000000, 0.58
18309.04166667, 0.6
18309.08333333, 0.73
18309.12500000, 0.67
18309.16666667, 0.77
18309.20833333, 0.83
18309.25000000, 0.82
18309.29166667, 0.78
18309.33333333, 0.72
18309.37500000, 0.66
18309.41666667, 0.66
18309.45833333, 0.74
18309.50000000, 0.77
18309.54166667, 0.75
18309.58333333, 0.68
18309.62500000, 0.6
18309.66666667, 0.54
18309.70833333, 0.48
18309.75000000, 0.44
18309.79166667, 0.42
18309.83333333, 0.4
18309.87500000, 0.4
18309.91666667, 0.5
18309.95833333, 0.59
18310.00000000, 0.63
18310.04166667, 0.68
18310.08333333, 0.67
18310.12500000, 0.67
18310.16666667, 0.68
18310.20833333, 0.76
18310.25000000, 0.79
18310.29166667, 0.81
18310.33333333, 0.85
18310.37500000, 0.92
18310.41666667, 0.94
18310.45833333, 0.96
18310.50000000, 0.96
18310.54166667, 0.88
18310.58333333, 0.87
18310.62500000, 0.87
18310.66666667, 0.85
18310.70833333, 0.79
18310.75000000, 0.67
18310.79166667, 0.62
18310.83333333, 0.64
18310.87500000, 0.66
18310.91666667, 0.71
18310.95833333, 0.8
18311.00000000, 0.83
18311.04166667, 0.82
18311.08333333, 0.87
18311.12500000, 0.89
18311.16666667, 0.88
18311.20833333, 0.79
18311.25000000, 0.8
18311.29166667, 0.81
18311.33333333, 0.73
18311.37500000, 0.59
18311.41666667, 0.57
18311.45833333, 0.57
18311.50000000, 0.56
18311.54166667, 0.55
18311.58333333, 0.54
18311.62500000, 0.48
18311.66666667, 0.45
18311.70833333, 0.42
18311.75000000, 0.38
18311.79166667, 0.36
18311.83333333, 0.34
18311.87500000, 0.34
18311.91666667, 0.38
18311.95833333, 0.45
18312.00000000, 0.48
18312.04166667, 0.47
18312.08333333, 0.49
18312.12500000, 0.53
18312.16666667, 0.56
18312.20833333, 0.57
18312.25000000, 0.57
18312.29166667, 0.56
18312.33333333, 0.57
18312.37500000, 0.59
18312.41666667, 0.61
18312.45833333, 0.62
18312.50000000, 0.65
18312.54166667, 0.59
18312.58333333, 0.51
18312.62500000, 0.43
18312.66666667, 0.42
18312.70833333, 0.41
18312.75000000, 0.42
18312.79166667, 0.42
18312.83333333, 0.42
18312.87500000, 0.43
18312.91666667, 0.44
18312.95833333, 0.58
18313.00000000, 0.46
18313.04166667, 0.53
18313.08333333, 0.57
18313.12500000, 0.52
18313.16666667, 0.53
18313.20833333, 0.52
18313.25000000, 0.57
18313.29166667, 0.53
18313.33333333, 0.44
18313.37500000, 0.5
18313.41666667, 0.51
18313.45833333, 0.48
18313.50000000, 0.53
18313.54166667, 0.51
18313.58333333, 0.49
18313.62500000, 0.47
18313.66666667, 0.45
18313.70833333, 0.42
18313.75000000, 0.39
18313.79166667, 0.36
18313.83333333, 0.34
18313.87500000, 0.34
18313.91666667, 0.37
18313.95833333, 0.47
18314.00000000, 0.6
18314.04166667, 0.62
18314.08333333, 0.62
18314.12500000, 0.63
18314.16666667, 0.65
18314.20833333, 0.58
18314.25000000, 0.54
18314.29166667, 0.57
18314.33333333, 0.6
18314.37500000, 0.62
18314.41666667, 0.64
18314.45833333, 0.68
18314.50000000, 0.71
18314.54166667, 0.56
18314.58333333, 0.39
18314.62500000, 0.37
18314.66666667, 0.32
18314.70833333, 0.28
18314.75000000, 0.28
18314.79166667, 0.29
18314.83333333, 0.29
18314.87500000, 0.3
18314.91666667, 0.43
18314.95833333, 0.48
18315.00000000, 0.51
18315.04166667, 0.48
18315.08333333, 0.49
18315.12500000, 0.56
18315.16666667, 0.66
18315.20833333, 0.71
18315.25000000, 0.72
18315.29166667, 0.74
18315.33333333, 0.7
18315.37500000, 0.62
18315.41666667, 0.56
18315.45833333, 0.43
18315.50000000, 0.39
18315.54166667, 0.38
18315.58333333, 0.25
18315.62500000, 0.17
18315.66666667, 0.14
18315.70833333, 0.12
18315.75000000, 0.18
18315.79166667, 0.2
18315.83333333, 0.23
18315.87500000, 0.34
18315.91666667, 0.51
18315.95833333, 0.55
18316.00000000, 0.47
18316.04166667, 0.51
18316.08333333, 0.64
18316.12500000, 0.69
18316.16666667, 0.71
18316.20833333, 0.7
18316.25000000, 0.76
18316.29166667, 0.82
18316.33333333, 0.83
18316.37500000, 0.78
18316.41666667, 0.77
18316.45833333, 0.74
18316.50000000, 0.66
18316.54166667, 0.65
18316.58333333, 0.67
18316.62500000, 0.62
18316.66666667, 0.52
18316.70833333, 0.46
18316.75000000, 0.45
18316.79166667, 0.45
18316.83333333, 0.43
18316.87500000, 0.53
18316.91666667, 0.57
18316.95833333, 0.6
18317.00000000, 0.58
18317.04166667, 0.62
18317.08333333, 0.67
18317.12500000, 0.75
18317.16666667, 0.78
18317.20833333, 0.81
18317.25000000, 0.84
18317.29166667, 0.87
18317.33333333, 0.9
18317.37500000, 0.93
18317.41666667, 0.96
18317.45833333, 0.97
18317.50000000, 0.97
18317.54166667, 0.95
18317.58333333, 0.96
18317.62500000, 0.96
18317.66666667, 0.95
18317.70833333, 0.91
18317.75000000, 0.87
18317.79166667, 0.87
18317.83333333, 0.86
18317.87500000, 0.88
18317.91666667, 0.89
18317.95833333, 0.95
18318.00000000, 0.98
18318.04166667, 0.99
18318.08333333, 0.98
18318.12500000, 0.99
18318.16666667, 0.99
18318.20833333, 0.99
18318.25000000, 0.99
18318.29166667, 1
18318.33333333, 1
18318.37500000, 0.99
18318.41666667, 1
18318.45833333, 1
18318.50000000, 0.99
18318.54166667, 0.99
18318.58333333, 0.98
18318.62500000, 0.95
18318.66666667, 0.91
18318.70833333, 0.85
18318.75000000, 0.82
18318.79166667, 0.81
18318.83333333, 0.8
18318.87500000, 0.81
18318.91666667, 0.83
18318.95833333, 0.88
18319.00000000, 0.97
18319.04166667, 0.98
18319.08333333, 0.98
18319.12500000, 0.97
18319.16666667, 0.98
18319.20833333, 0.97
18319.25000000, 0.87
18319.29166667, 0.87
18319.33333333, 0.83
18319.37500000, 0.76
18319.41666667, 0.69
18319.45833333, 0.6
18319.50000000, 0.54
18319.54166667, 0.52
18319.58333333, 0.49
18319.62500000, 0.44
18319.66666667, 0.42
18319.70833333, 0.42
18319.75000000, 0.31
18319.79166667, 0.35
18319.83333333, 0.35
18319.87500000, 0.37
18319.91666667, 0.37
18319.95833333, 0.37
18320.00000000, 0.38
18320.04166667, 0.39
18320.08333333, 0.41
18320.12500000, 0.43
18320.16666667, 0.47
18320.20833333, 0.45
18320.25000000, 0.46
18320.29166667, 0.52
18320.33333333, 0.62
18320.37500000, 0.61
18320.41666667, 0.54
18320.45833333, 0.54
18320.50000000, 0.53
18320.54166667, 0.55
18320.58333333, 0.52
18320.62500000, 0.49
18320.66666667, 0.46
18320.70833333, 0.42
18320.75000000, 0.46
18320.79166667, 0.39
18320.83333333, 0.38
18320.87500000, 0.42
18320.91666667, 0.45
18320.95833333, 0.51
18321.00000000, 0.68
18321.04166667, 0.59
18321.08333333, 0.54
18321.12500000, 0.55
18321.16666667, 0.54
18321.20833333, 0.55
18321.25000000, 0.53
18321.29166667, 0.54
18321.33333333, 0.54
18321.37500000, 0.55
18321.41666667, 0.55
18321.45833333, 0.54
18321.50000000, 0.61
18321.54166667, 0.54
18321.58333333, 0.43
18321.62500000, 0.41
18321.66666667, 0.41
18321.70833333, 0.41
18321.75000000, 0.37
18321.79166667, 0.36
18321.83333333, 0.36
18321.87500000, 0.36
18321.91666667, 0.36
18321.95833333, 0.36
18322.00000000, 0.56
18322.04166667, 0.59
18322.08333333, 0.61
18322.12500000, 0.59
18322.16666667, 0.5
18322.20833333, 0.51
18322.25000000, 0.57
18322.29166667, 0.62
18322.33333333, 0.66
18322.37500000, 0.7
18322.41666667, 0.71
18322.45833333, 0.73
18322.50000000, 0.75
18322.54166667, 0.63
18322.58333333, 0.48
18322.62500000, 0.41
18322.66666667, 0.39
18322.70833333, 0.37
18322.75000000, 0.36
18322.79166667, 0.34
18322.83333333, 0.32
18322.87500000, 0.32
18322.91666667, 0.4
18322.95833333, 0.51
18323.00000000, 0.47
18323.04166667, 0.44
18323.08333333, 0.46
18323.12500000, 0.5
18323.16666667, 0.56
18323.20833333, 0.58
18323.25000000, 0.56
18323.29166667, 0.55
18323.33333333, 0.56
18323.37500000, 0.58
18323.41666667, 0.6
18323.45833333, 0.62
18323.50000000, 0.6
18323.54166667, 0.58
18323.58333333, 0.54
18323.62500000, 0.5
18323.66666667, 0.47
18323.70833333, 0.45
18323.75000000, 0.41
18323.79166667, 0.4
18323.83333333, 0.41
18323.87500000, 0.45
18323.91666667, 0.45
18323.95833333, 0.44
18324.00000000, 0.47
18324.04166667, 0.63
18324.08333333, 0.76
18324.12500000, 0.79
18324.16666667, 0.82
18324.20833333, 0.83
18324.25000000, 0.83
18324.29166667, 0.82
18324.33333333, 0.84
18324.37500000, 0.87
18324.41666667, 0.91
18324.45833333, 0.92
18324.50000000, 0.86
18324.54166667, 0.83
18324.58333333, 0.79
18324.62500000, 0.75
18324.66666667, 0.8
18324.70833333, 0.84
18324.75000000, 0.88
18324.79166667, 0.87
18324.83333333, 0.85
18324.87500000, 0.83
18324.91666667, 0.79
18324.95833333, 0.81
18325.00000000, 0.73
18325.04166667, 0.71
18325.08333333, 0.77
18325.12500000, 0.68
18325.16666667, 0.65
18325.20833333, 0.63
18325.25000000, 0.58
18325.29166667, 0.49
18325.33333333, 0.48
18325.37500000, 0.5
18325.41666667, 0.56
18325.45833333, 0.57
18325.50000000, 0.6
18325.54166667, 0.54
18325.58333333, 0.47
18325.62500000, 0.37
18325.66666667, 0.36
18325.70833333, 0.34
18325.75000000, 0.33
18325.79166667, 0.32
18325.83333333, 0.3
18325.87500000, 0.3
18325.91666667, 0.35
18325.95833333, 0.37
18326.00000000, 0.36
18326.04166667, 0.41
18326.08333333, 0.55
18326.12500000, 0.53
18326.16666667, 0.55
18326.20833333, 0.56
18326.25000000, 0.57
18326.29166667, 0.62
18326.33333333, 0.64
18326.37500000, 0.66
18326.41666667, 0.72
18326.45833333, 0.81
18326.50000000, 0.78
18326.54166667, 0.64
18326.58333333, 0.51
18326.62500000, 0.5
18326.66666667, 0.49
18326.70833333, 0.47
18326.75000000, 0.44
18326.79166667, 0.39
18326.83333333, 0.34
18326.87500000, 0.39
18326.91666667, 0.46
18326.95833333, 0.46
18327.00000000, 0.45
18327.04166667, 0.46
18327.08333333, 0.55
18327.12500000, 0.61
18327.16666667, 0.67
18327.20833333, 0.8
18327.25000000, 0.81
18327.29166667, 0.83
18327.33333333, 0.86
18327.37500000, 0.9
18327.41666667, 0.85
18327.45833333, 0.93
18327.50000000, 0.94
18327.54166667, 0.85
18327.58333333, 0.86
18327.62500000, 0.85
18327.66666667, 0.84
18327.70833333, 0.77
18327.75000000, 0.73
18327.79166667, 0.65
18327.83333333, 0.56
18327.87500000, 0.52
18327.91666667, 0.53
18327.95833333, 0.6
18328.00000000, 0.66
18328.04166667, 0.73
18328.08333333, 0.73
18328.12500000, 0.72
18328.16666667, 0.68
18328.20833333, 0.75
18328.25000000, 0.78
18328.29166667, 0.75
18328.33333333, 0.71
18328.37500000, 0.67
18328.41666667, 0.63
18328.45833333, 0.6
18328.50000000, 0.62
18328.54166667, 0.59
18328.58333333, 0.5
18328.62500000, 0.48
18328.66666667, 0.41
18328.70833333, 0.37
18328.75000000, 0.33
18328.79166667, 0.3
18328.83333333, 0.28
18328.87500000, 0.27
18328.91666667, 0.3
18328.95833333, 0.36
18329.00000000, 0.52
18329.04166667, 0.49
18329.08333333, 0.46
18329.12500000, 0.42
18329.16666667, 0.45
18329.20833333, 0.49
18329.25000000, 0.52
18329.29166667, 0.56
18329.33333333, 0.58
18329.37500000, 0.6
18329.41666667, 0.65
18329.45833333, 0.7
18329.50000000, 0.71
18329.54166667, 0.62
18329.58333333, 0.53
18329.62500000, 0.46
18329.66666667, 0.37
18329.70833333, 0.3
18329.75000000, 0.27
18329.79166667, 0.25
18329.83333333, 0.24
18329.87500000, 0.25
18329.91666667, 0.31
18329.95833333, 0.34
18330.00000000, 0.35
18330.04166667, 0.36
18330.08333333, 0.41
18330.12500000, 0.44
18330.16666667, 0.46
18330.20833333, 0.48
18330.25000000, 0.51
18330.29166667, 0.54
18330.33333333, 0.57
18330.37500000, 0.61
18330.41666667, 0.66
18330.45833333, 0.72
18330.50000000, 0.67
18330.54166667, 0.62
18330.58333333, 0.54
18330.62500000, 0.5
18330.66666667, 0.46
18330.70833333, 0.42
18330.75000000, 0.37
18330.79166667, 0.31
18330.83333333, 0.28
18330.87500000, 0.3
18330.91666667, 0.36
18330.95833333, 0.38
18331.00000000, 0.38
18331.04166667, 0.36
18331.08333333, 0.36
18331.12500000, 0.41
18331.16666667, 0.48
18331.20833333, 0.54
18331.25000000, 0.55
18331.29166667, 0.57
18331.33333333, 0.6
18331.37500000, 0.62
18331.41666667, 0.65
18331.45833333, 0.67
18331.50000000, 0.69
18331.54166667, 0.74
18331.58333333, 0.81
18331.62500000, 0.82
18331.66666667, 0.73
18331.70833333, 0.66
18331.75000000, 0.66
18331.79166667, 0.56
18331.83333333, 0.51
18331.87500000, 0.52
18331.91666667, 0.56
18331.95833333, 0.63
18332.00000000, 0.65
18332.04166667, 0.7
18332.08333333, 0.74
18332.12500000, 0.88
18332.16666667, 0.8
18332.20833333, 0.79
18332.25000000, 0.82
18332.29166667, 0.83
18332.33333333, 0.83
18332.37500000, 0.83
18332.41666667, 0.84
18332.45833333, 0.87
18332.50000000, 0.85
18332.54166667, 0.72
18332.58333333, 0.6
18332.62500000, 0.55
18332.66666667, 0.56
18332.70833333, 0.55
18332.75000000, 0.56
18332.79166667, 0.6
18332.83333333, 0.64
18332.87500000, 0.66
18332.91666667, 0.67
18332.95833333, 0.7
18333.00000000, 0.68
18333.04166667, 0.65
18333.08333333, 0.73
18333.12500000, 0.79
18333.16666667, 0.79
18333.20833333, 0.76
18333.25000000, 0.76
18333.29166667, 0.87
18333.33333333, 0.91
18333.37500000, 0.9
18333.41666667, 0.85
18333.45833333, 0.86
18333.50000000, 0.86
18333.54166667, 0.82
18333.58333333, 0.76
18333.62500000, 0.71
18333.66666667, 0.64
18333.70833333, 0.6
18333.75000000, 0.57
18333.79166667, 0.55
18333.83333333, 0.6
18333.87500000, 0.64
18333.91666667, 0.71
18333.95833333, 0.77
18334.00000000, 0.81
18334.04166667, 0.84
18334.08333333, 0.88
18334.12500000, 0.89
18334.16666667, 0.92
18334.20833333, 0.94
18334.25000000, 0.96
18334.29166667, 0.95
18334.33333333, 0.96
18334.37500000, 0.95
18334.41666667, 0.95
18334.45833333, 0.94
18334.50000000, 0.96
18334.54166667, 0.95
18334.58333333, 0.88
18334.62500000, 0.78
18334.66666667, 0.76
18334.70833333, 0.57
18334.75000000, 0.5
18334.79166667, 0.39
18334.83333333, 0.35
18334.87500000, 0.34
18334.91666667, 0.3
18334.95833333, 0.28
18335.00000000, 0.25
18335.04166667, 0.28
18335.08333333, 0.3
18335.12500000, 0.31
18335.16666667, 0.33
18335.20833333, 0.35
18335.25000000, 0.34
18335.29166667, 0.37
18335.33333333, 0.41
18335.37500000, 0.46
18335.41666667, 0.53
18335.45833333, 0.58
18335.50000000, 0.56
18335.54166667, 0.48
18335.58333333, 0.39
18335.62500000, 0.37
18335.66666667, 0.36
18335.70833333, 0.33
18335.75000000, 0.31
18335.79166667, 0.29
18335.83333333, 0.28
18335.87500000, 0.27
18335.91666667, 0.28
18335.95833333, 0.31
18336.00000000, 0.43
18336.04166667, 0.58
18336.08333333, 0.73
18336.12500000, 0.84
18336.16666667, 0.88
18336.20833333, 0.9
18336.25000000, 0.92
18336.29166667, 0.92
18336.33333333, 0.93
18336.37500000, 0.93
18336.41666667, 0.9
18336.45833333, 0.93
18336.50000000, 0.89
18336.54166667, 0.88
18336.58333333, 0.88
18336.62500000, 0.86
18336.66666667, 0.78
18336.70833333, 0.69
18336.75000000, 0.62
18336.79166667, 0.56
18336.83333333, 0.52
18336.87500000, 0.49
18336.91666667, 0.49
18336.95833333, 0.53
18337.00000000, 0.68
18337.04166667, 0.77
18337.08333333, 0.8
18337.12500000, 0.85
18337.16666667, 0.87
18337.20833333, 0.88
18337.25000000, 0.76
18337.29166667, 0.5
18337.33333333, 0.44
18337.37500000, 0.47
18337.41666667, 0.51
18337.45833333, 0.56
18337.50000000, 0.64
18337.54166667, 0.63
18337.58333333, 0.62
18337.62500000, 0.52
18337.66666667, 0.41
18337.70833333, 0.36
18337.75000000, 0.35
18337.79166667, 0.37
18337.83333333, 0.4
18337.87500000, 0.41
18337.91666667, 0.47
18337.95833333, 0.53
18338.00000000, 0.62
18338.04166667, 0.66
18338.08333333, 0.72
18338.12500000, 0.77
18338.16666667, 0.79
18338.20833333, 0.81
18338.25000000, 0.81
18338.29166667, 0.86
18338.33333333, 0.92
18338.37500000, 0.9
18338.41666667, 0.88
18338.45833333, 0.88
18338.50000000, 0.93
18338.54166667, 0.89
18338.58333333, 0.93
18338.62500000, 0.87
18338.66666667, 0.8
18338.70833333, 0.69
18338.75000000, 0.65
18338.79166667, 0.58
18338.83333333, 0.55
18338.87500000, 0.54
18338.91666667, 0.64
18338.95833333, 0.69
18339.00000000, 0.67
18339.04166667, 0.64
18339.08333333, 0.66
18339.12500000, 0.73
18339.16666667, 0.76
18339.20833333, 0.75
18339.25000000, 0.77
18339.29166667, 0.82
18339.33333333, 0.77
18339.37500000, 0.73
18339.41666667, 0.74
18339.45833333, 0.75
18339.50000000, 0.76
18339.54166667, 0.66
18339.58333333, 0.53
18339.62500000, 0.5
18339.66666667, 0.48
18339.70833333, 0.45
18339.75000000, 0.44
18339.79166667, 0.44
18339.83333333, 0.45
18339.87500000, 0.48
18339.91666667, 0.51
18339.95833333, 0.57
18340.00000000, 0.58
18340.04166667, 0.81
18340.08333333, 0.87
18340.12500000, 0.91
18340.16666667, 0.92
18340.20833333, 0.93
18340.25000000, 0.93
18340.29166667, 0.94
18340.33333333, 0.95
18340.37500000, 0.95
18340.41666667, 0.95
18340.45833333, 0.95
18340.50000000, 0.96
18340.54166667, 0.94
18340.58333333, 0.9
18340.62500000, 0.86
18340.66666667, 0.76
18340.70833333, 0.72
18340.75000000, 0.69
18340.79166667, 0.67
18340.83333333, 0.67
18340.87500000, 0.68
18340.91666667, 0.71
18340.95833333, 0.8
18341.00000000, 0.89
18341.04166667, 0.89
18341.08333333, 0.93
18341.12500000, 0.95
18341.16666667, 0.95
18341.20833333, 0.93
18341.25000000, 0.9
18341.29166667, 0.86
18341.33333333, 0.86
18341.37500000, 0.83
18341.41666667, 0.82
18341.45833333, 0.82
18341.50000000, 0.87
18341.54166667, 0.82
18341.58333333, 0.77
18341.62500000, 0.73
18341.66666667, 0.64
18341.70833333, 0.66
18341.75000000, 0.75
18341.79166667, 0.79
18341.83333333, 0.72
18341.87500000, 0.63
18341.91666667, 0.61
18341.95833333, 0.61
18342.00000000, 0.43
18342.04166667, 0.41
18342.08333333, 0.42
18342.12500000, 0.62
18342.16666667, 0.73
18342.20833333, 0.68
18342.25000000, 0.7
18342.29166667, 0.81
18342.33333333, 0.77
18342.37500000, 0.75
18342.41666667, 0.79
18342.45833333, 0.69
18342.50000000, 0.77
18342.54166667, 0.68
18342.58333333, 0.5
18342.62500000, 0.49
18342.66666667, 0.49
18342.70833333, 0.47
18342.75000000, 0.46
18342.79166667, 0.44
18342.83333333, 0.43
18342.87500000, 0.43
18342.91666667, 0.42
18342.95833333, 0.44
18343.00000000, 0.51
18343.04166667, 0.53
18343.08333333, 0.55
18343.12500000, 0.5
18343.16666667, 0.44
18343.20833333, 0.46
18343.25000000, 0.47
18343.29166667, 0.49
18343.33333333, 0.48
18343.37500000, 0.47
18343.41666667, 0.45
18343.45833333, 0.44
18343.50000000, 0.45
18343.54166667, 0.45
18343.58333333, 0.46
18343.62500000, 0.46
18343.66666667, 0.43
18343.70833333, 0.41
18343.75000000, 0.4
18343.79166667, 0.4
18343.83333333, 0.4
18343.87500000, 0.44
18343.91666667, 0.49
18343.95833333, 0.57
18344.00000000, 0.67
18344.04166667, 0.67
18344.08333333, 0.69
18344.12500000, 0.72
18344.16666667, 0.73
18344.20833333, 0.74
18344.25000000, 0.76
18344.29166667, 0.82
18344.33333333, 0.87
18344.37500000, 0.92
18344.41666667, 0.93
18344.45833333, 0.94
18344.50000000, 0.92
18344.54166667, 0.92
18344.58333333, 0.91
18344.62500000, 0.91
18344.66666667, 0.92
18344.70833333, 0.89
18344.75000000, 0.92
18344.79166667, 0.87
18344.83333333, 0.9
18344.87500000, 0.85
18344.91666667, 0.84
18344.95833333, 0.86
18345.00000000, 0.88
18345.04166667, 0.9
18345.08333333, 0.94
18345.12500000, 0.9
18345.16666667, 0.93
18345.20833333, 0.91
18345.25000000, 0.93
18345.29166667, 0.94
18345.33333333, 0.94
18345.37500000, 0.94
18345.41666667, 0.93
18345.45833333, 0.93
18345.50000000, 0.9
18345.54166667, 0.83
18345.58333333, 0.72
18345.62500000, 0.63
18345.66666667, 0.61
18345.70833333, 0.6
18345.75000000, 0.57
18345.79166667, 0.52
18345.83333333, 0.52
18345.87500000, 0.51
18345.91666667, 0.52
18345.95833333, 0.61
18346.00000000, 0.68
18346.04166667, 0.75
18346.08333333, 0.79
18346.12500000, 0.79
18346.16666667, 0.79
18346.20833333, 0.78
18346.25000000, 0.87
18346.29166667, 0.87
18346.33333333, 0.89
18346.37500000, 0.92
18346.41666667, 0.91
18346.45833333, 0.92
18346.50000000, 0.92
18346.54166667, 0.94
18346.58333333, 0.94
18346.62500000, 0.93
18346.66666667, 0.92
18346.70833333, 0.91
18346.75000000, 0.88
18346.79166667, 0.85
18346.83333333, 0.86
18346.87500000, 0.87
18346.91666667, 0.89
18346.95833333, 0.88
18347.00000000, 0.9
18347.04166667, 0.88
18347.08333333, 0.89
18347.12500000, 0.89
18347.16666667, 0.89
18347.20833333, 0.93
18347.25000000, 0.95
18347.29166667, 0.96
18347.33333333, 0.96
18347.37500000, 0.95
18347.41666667, 0.99
18347.45833333, 0.99
18347.50000000, 0.95
18347.54166667, 0.9
18347.58333333, 0.75
18347.62500000, 0.72
18347.66666667, 0.68
18347.70833333, 0.64
18347.75000000, 0.58
18347.79166667, 0.54
18347.83333333, 0.51
18347.87500000, 0.51
18347.91666667, 0.51
18347.95833333, 0.59
18348.00000000, 0.73
18348.04166667, 0.7
18348.08333333, 0.74
18348.12500000, 0.76
18348.16666667, 0.77
18348.20833333, 0.76
18348.25000000, 0.79
18348.29166667, 0.83
18348.33333333, 0.85
18348.37500000, 0.92
18348.41666667, 0.89
18348.45833333, 0.91
18348.50000000, 0.87
18348.54166667, 0.8
18348.58333333, 0.71
18348.62500000, 0.67
18348.66666667, 0.63
18348.70833333, 0.58
18348.75000000, 0.56
18348.79166667, 0.57
18348.83333333, 0.57
18348.87500000, 0.54
18348.91666667, 0.56
18348.95833333, 0.73
18349.00000000, 0.8
18349.04166667, 0.73
18349.08333333, 0.82
18349.12500000, 0.8
18349.16666667, 0.86
18349.20833333, 0.84
18349.25000000, 0.85
18349.29166667, 0.87
18349.33333333, 0.9
18349.37500000, 0.94
18349.41666667, 0.94
18349.45833333, 0.96
18349.50000000, 0.95
18349.54166667, 0.96
18349.58333333, 0.85
18349.62500000, 0.88
18349.66666667, 0.91
18349.70833333, 0.87
18349.75000000, 0.84
18349.79166667, 0.82
18349.83333333, 0.8
18349.87500000, 0.8
18349.91666667, 0.82
18349.95833333, 0.87
18350.00000000, 0.86
18350.04166667, 0.87
18350.08333333, 0.87
18350.12500000, 0.89
18350.16666667, 0.94
18350.20833333, 0.96
18350.25000000, 0.95
18350.29166667, 0.96
18350.33333333, 0.96
18350.37500000, 0.96
18350.41666667, 0.97
18350.45833333, 0.97
18350.50000000, 0.91
18350.54166667, 0.9
18350.58333333, 0.88
18350.62500000, 0.84
18350.66666667, 0.83
18350.70833333, 0.78
18350.75000000, 0.7
18350.79166667, 0.66
18350.83333333, 0.62
18350.87500000, 0.62
18350.91666667, 0.66
18350.95833333, 0.76
18351.00000000, 0.92
18351.04166667, 0.96
18351.08333333, 0.95
18351.12500000, 0.99
18351.16666667, 0.99
18351.20833333, 1
18351.25000000, 0.74
18351.29166667, 0.58
18351.33333333, 0.61
18351.37500000, 0.68
18351.41666667, 0.76
18351.45833333, 0.56
18351.50000000, 0.96
18351.54166667, 0.9
18351.58333333, 0.82
18351.62500000, 0.68
18351.66666667, 0.47
18351.70833333, 0.39
18351.75000000, 0.27
18351.79166667, 0.26
18351.83333333, 0.33
18351.87500000, 0.34
18351.91666667, 0.35
18351.95833333, 0.39
18352.00000000, 0.56
18352.04166667, 0.64
18352.08333333, 0.57
18352.12500000, 0.57
18352.16666667, 0.59
18352.20833333, 0.63
18352.25000000, 0.62
18352.29166667, 0.63
18352.33333333, 0.67
18352.37500000, 0.69
18352.41666667, 0.71
18352.45833333, 0.73
18352.50000000, 0.69
18352.54166667, 0.64
18352.58333333, 0.6
18352.62500000, 0.6
18352.66666667, 0.56
18352.70833333, 0.56
18352.75000000, 0.56
18352.79166667, 0.57
18352.83333333, 0.69
18352.87500000, 0.78
18352.91666667, 0.79
18352.95833333, 0.83
18353.00000000, 0.89
18353.04166667, 0.93
18353.08333333, 0.93
18353.12500000, 0.9
18353.16666667, 0.91
18353.20833333, 0.88
18353.25000000, 0.87
18353.29166667, 0.88
18353.33333333, 0.87
18353.37500000, 0.88
18353.41666667, 0.89
18353.45833333, 0.91
18353.50000000, 0.86
18353.54166667, 0.83
18353.58333333, 0.71
18353.62500000, 0.59
18353.66666667, 0.57
18353.70833333, 0.57
18353.75000000, 0.59
18353.79166667, 0.56
18353.83333333, 0.55
18353.87500000, 0.54
18353.91666667, 0.57
18353.95833333, 0.73
18354.00000000, 0.73
18354.04166667, 0.76
18354.08333333, 0.82
18354.12500000, 0.87
18354.16666667, 0.84
18354.20833333, 0.75
18354.25000000, 0.51
18354.29166667, 0.54
18354.33333333, 0.57
18354.37500000, 0.61
18354.41666667, 0.62
18354.45833333, 0.61
18354.50000000, 0.56
18354.54166667, 0.51
18354.58333333, 0.46
18354.62500000, 0.4
18354.66666667, 0.35
18354.70833333, 0.33
18354.75000000, 0.31
18354.79166667, 0.3
18354.83333333, 0.33
18354.87500000, 0.35
18354.91666667, 0.37
18354.95833333, 0.39
18355.00000000, 0.38
18355.04166667, 0.36
18355.08333333, 0.4
18355.12500000, 0.39
18355.16666667, 0.38
18355.20833333, 0.4
18355.25000000, 0.43
18355.29166667, 0.43
18355.33333333, 0.41
18355.37500000, 0.4
18355.41666667, 0.4
18355.45833333, 0.42
18355.50000000, 0.41
18355.54166667, 0.41
18355.58333333, 0.41
18355.62500000, 0.4
18355.66666667, 0.38
18355.70833333, 0.37
18355.75000000, 0.38
18355.79166667, 0.37
18355.83333333, 0.38
18355.87500000, 0.39
18355.91666667, 0.42
18355.95833333, 0.53
18356.00000000, 0.56
18356.04166667, 0.57
18356.08333333, 0.59
18356.12500000, 0.6
18356.16666667, 0.61
18356.20833333, 0.64
18356.25000000, 0.69
18356.29166667, 0.71
18356.33333333, 0.72
18356.37500000, 0.72
18356.41666667, 0.73
18356.45833333, 0.78
18356.50000000, 0.87
18356.54166667, 0.84
18356.58333333, 0.78
18356.62500000, 0.69
18356.66666667, 0.62
18356.70833333, 0.62
18356.75000000, 0.58
18356.79166667, 0.56
18356.83333333, 0.57
18356.87500000, 0.58
18356.91666667, 0.6
18356.95833333, 0.66
18357.00000000, 0.71
18357.04166667, 0.76
18357.08333333, 0.85
18357.12500000, 0.87
18357.16666667, 0.85
18357.20833333, 0.88
18357.25000000, 0.91
18357.29166667, 0.92
18357.33333333, 0.92
18357.37500000, 0.91
18357.41666667, 0.92
18357.45833333, 0.94
18357.50000000, 0.88
18357.54166667, 0.83
18357.58333333, 0.75
18357.62500000, 0.66
18357.66666667, 0.6
18357.70833333, 0.55
18357.75000000, 0.51
18357.79166667, 0.5
18357.83333333, 0.49
18357.87500000, 0.51
18357.91666667, 0.51
18357.95833333, 0.72
18358.00000000, 0.7
18358.04166667, 0.71
18358.08333333, 0.77
18358.12500000, 0.78
18358.16666667, 0.76
18358.20833333, 0.82
18358.25000000, 0.83
18358.29166667, 0.82
18358.33333333, 0.86
18358.37500000, 0.9
18358.41666667, 0.89
18358.45833333, 0.8
18358.50000000, 0.78
18358.54166667, 0.63
18358.58333333, 0.58
18358.62500000, 0.55
18358.66666667, 0.45
18358.70833333, 0.35
18358.75000000, 0.29
18358.79166667, 0.28
18358.83333333, 0.28
18358.87500000, 0.29
18358.91666667, 0.3
18358.95833333, 0.46
18359.00000000, 0.55
18359.04166667, 0.58
18359.08333333, 0.59
18359.12500000, 0.62
18359.16666667, 0.66
18359.20833333, 0.64
18359.25000000, 0.61
18359.29166667, 0.61
18359.33333333, 0.78
18359.37500000, 0.84
18359.41666667, 0.83
18359.45833333, 0.84
18359.50000000, 0.87
18359.54166667, 0.88
18359.58333333, 0.84
18359.62500000, 0.75
18359.66666667, 0.65
18359.70833333, 0.53
18359.75000000, 0.47
18359.79166667, 0.51
18359.83333333, 0.63
18359.87500000, 0.63
18359.91666667, 0.67
18359.95833333, 0.75
18360.00000000, 0.93
18360.04166667, 0.94
18360.08333333, 0.96
18360.12500000, 0.96
18360.16666667, 0.95
18360.20833333, 0.95
18360.25000000, 0.95
18360.29166667, 0.96
18360.33333333, 0.96
18360.37500000, 0.95
18360.41666667, 0.94
18360.45833333, 0.85
18360.50000000, 0.87
18360.54166667, 0.83
18360.58333333, 0.76
18360.62500000, 0.63
18360.66666667, 0.51
18360.70833333, 0.47
18360.75000000, 0.42
18360.79166667, 0.41
18360.83333333, 0.43
18360.87500000, 0.44
18360.91666667, 0.48
18360.95833333, 0.54
18361.00000000, 0.67
18361.04166667, 0.74
18361.08333333, 0.78
18361.12500000, 0.8
18361.16666667, 0.8
18361.20833333, 0.83
18361.25000000, 0.85
18361.29166667, 0.92
18361.33333333, 0.94
18361.37500000, 0.89
18361.41666667, 0.84
18361.45833333, 0.82
18361.50000000, 0.91
18361.54166667, 0.89
18361.58333333, 0.76
18361.62500000, 0.68
18361.66666667, 0.56
18361.70833333, 0.53
18361.75000000, 0.4
18361.79166667, 0.38
18361.83333333, 0.42
18361.87500000, 0.34
18361.91666667, 0.3
18361.95833333, 0.34
18362.00000000, 0.37
18362.04166667, 0.4
18362.08333333, 0.48
18362.12500000, 0.48
18362.16666667, 0.38
18362.20833333, 0.31
18362.25000000, 0.3
18362.29166667, 0.34
18362.33333333, 0.36
18362.37500000, 0.37
18362.41666667, 0.39
18362.45833333, 0.42
18362.50000000, 0.51
18362.54166667, 0.41
18362.58333333, 0.46
18362.62500000, 0.4
18362.66666667, 0.33
18362.70833333, 0.31
18362.75000000, 0.28
18362.79166667, 0.29
18362.83333333, 0.34
18362.87500000, 0.34
18362.91666667, 0.34
18362.95833333, 0.35
18363.00000000, 0.38
18363.04166667, 0.4
18363.08333333, 0.41
18363.12500000, 0.44
18363.16666667, 0.46
18363.20833333, 0.48
18363.25000000, 0.52
18363.29166667, 0.59
18363.33333333, 0.61
18363.37500000, 0.62
18363.41666667, 0.62
18363.45833333, 0.6
18363.50000000, 0.56
18363.54166667, 0.49
18363.58333333, 0.39
18363.62500000, 0.34
18363.66666667, 0.31
18363.70833333, 0.29
18363.75000000, 0.26
18363.79166667, 0.24
18363.83333333, 0.24
18363.87500000, 0.25
18363.91666667, 0.28
18363.95833333, 0.33
18364.00000000, 0.54
18364.04166667, 0.41
18364.08333333, 0.44
18364.12500000, 0.47
18364.16666667, 0.64
18364.20833333, 0.72
18364.25000000, 0.78
18364.29166667, 0.8
18364.33333333, 0.82
18364.37500000, 0.78
18364.41666667, 0.82
18364.45833333, 0.86
18364.50000000, 0.8
18364.54166667, 0.63
18364.58333333, 0.52
18364.62500000, 0.49
18364.66666667, 0.5
18364.70833333, 0.48
18364.75000000, 0.43
18364.79166667, 0.45
18364.83333333, 0.46
18364.87500000, 0.47
18364.91666667, 0.51
18364.95833333, 0.57
18365.00000000, 0.69
18365.04166667, 0.79
18365.08333333, 0.86
18365.12500000, 0.87
18365.16666667, 0.87
18365.20833333, 0.88
18365.25000000, 0.91
18365.29166667, 0.92
18365.33333333, 0.91
18365.37500000, 0.9
18365.41666667, 0.91
18365.45833333, 0.9
18365.50000000, 0.92
18365.54166667, 0.92
18365.58333333, 0.9
18365.62500000, 0.87
18365.66666667, 0.92
18365.70833333, 0.89
18365.75000000, 0.81
18365.79166667, 0.73
18365.83333333, 0.62
18365.87500000, 0.42
18365.91666667, 0.46
18365.95833333, 0.54
18366.00000000, 0.47
18366.04166667, 0.49
18366.08333333, 0.44
18366.12500000, 0.48
18366.16666667, 0.52
18366.20833333, 0.53
18366.25000000, 0.52
18366.29166667, 0.52
18366.33333333, 0.53
18366.37500000, 0.56
18366.41666667, 0.59
18366.45833333, 0.6
18366.50000000, 0.53
18366.54166667, 0.47
18366.58333333, 0.46
18366.62500000, 0.44
18366.66666667, 0.43
18366.70833333, 0.42
18366.75000000, 0.41
18366.79166667, 0.4
18366.83333333, 0.38
18366.87500000, 0.37
18366.91666667, 0.38
18366.95833333, 0.45
18367.00000000, 0.65
18367.04166667, 0.67
18367.08333333, 0.62
18367.12500000, 0.87
18367.16666667, 0.9
18367.20833333, 0.9
18367.25000000, 0.92
18367.29166667, 0.93
18367.33333333, 0.92
18367.37500000, 0.9
18367.41666667, 0.9
18367.45833333, 0.83
18367.50000000, 0.77
18367.54166667, 0.73
18367.58333333, 0.5
18367.62500000, 0.41
18367.66666667, 0.36
18367.70833333, 0.34
18367.75000000, 0.29
18367.79166667, 0.29
18367.83333333, 0.3
18367.87500000, 0.28
18367.91666667, 0.27
18367.95833333, 0.38
18368.00000000, 0.45
18368.04166667, 0.43
18368.08333333, 0.46
18368.12500000, 0.54
18368.16666667, 0.57
18368.20833333, 0.59
18368.25000000, 0.59
18368.29166667, 0.55
18368.33333333, 0.56
18368.37500000, 0.51
18368.41666667, 0.57
18368.45833333, 0.65
18368.50000000, 0.57
18368.54166667, 0.47
18368.58333333, 0.44
18368.62500000, 0.41
18368.66666667, 0.39
18368.70833333, 0.35
18368.75000000, 0.33
18368.79166667, 0.24
18368.83333333, 0.25
18368.87500000, 0.24
18368.91666667, 0.27
18368.95833333, 0.33
18369.00000000, 0.41
18369.04166667, 0.56
18369.08333333, 0.44
18369.12500000, 0.49
18369.16666667, 0.52
18369.20833333, 0.51
18369.25000000, 0.54
18369.29166667, 0.63
18369.33333333, 0.59
18369.37500000, 0.57
18369.41666667, 0.77
18369.45833333, 0.79
18369.50000000, 0.61
18369.54166667, 0.54
18369.58333333, 0.43
18369.62500000, 0.37
18369.66666667, 0.37
18369.70833333, 0.39
18369.75000000, 0.4
18369.79166667, 0.42
18369.83333333, 0.47
18369.87500000, 0.5
18369.91666667, 0.51
18369.95833333, 0.61
18370.00000000, 0.79
18370.04166667, 0.83
18370.08333333, 0.81
18370.12500000, 0.86
18370.16666667, 0.85
18370.20833333, 0.86
18370.25000000, 0.92
18370.29166667, 0.93
18370.33333333, 0.85
18370.37500000, 0.88
18370.41666667, 0.85
18370.45833333, 0.87
18370.50000000, 0.88
18370.54166667, 0.9
18370.58333333, 0.87
18370.62500000, 0.8
18370.66666667, 0.71
18370.70833333, 0.54
18370.75000000, 0.46
18370.79166667, 0.43
18370.83333333, 0.41
18370.87500000, 0.35
18370.91666667, 0.35
18370.95833333, 0.38
18371.00000000, 0.62
18371.04166667, 0.58
18371.08333333, 0.65
18371.12500000, 0.65
18371.16666667, 0.62
18371.20833333, 0.66
18371.25000000, 0.77
18371.29166667, 0.69
18371.33333333, 0.7
18371.37500000, 0.74
18371.41666667, 0.83
18371.45833333, 0.84
18371.50000000, 0.77
18371.54166667, 0.71
18371.58333333, 0.54
18371.62500000, 0.46
18371.66666667, 0.44
18371.70833333, 0.42
18371.75000000, 0.39
18371.79166667, 0.4
18371.83333333, 0.39
18371.87500000, 0.43
18371.91666667, 0.48
18371.95833333, 0.55
18372.00000000, 0.63
18372.04166667, 0.69
18372.08333333, 0.74
18372.12500000, 0.76
18372.16666667, 0.73
18372.20833333, 0.7
18372.25000000, 0.82
18372.29166667, 0.85
18372.33333333, 0.76
18372.37500000, 0.72
18372.41666667, 0.61
18372.45833333, 0.61
18372.50000000, 0.6
18372.54166667, 0.62
18372.58333333, 0.63
18372.62500000, 0.65
18372.66666667, 0.62
18372.70833333, 0.6
18372.75000000, 0.57
18372.79166667, 0.55
18372.83333333, 0.53
18372.87500000, 0.5
18372.91666667, 0.49
18372.95833333, 0.59
18373.00000000, 0.67
18373.04166667, 0.75
18373.08333333, 0.79
18373.12500000, 0.78
18373.16666667, 0.8
18373.20833333, 0.79
18373.25000000, 0.79
18373.29166667, 0.86
18373.33333333, 0.9
18373.37500000, 0.91
18373.41666667, 0.91
18373.45833333, 0.89
18373.50000000, 0.82
18373.54166667, 0.68
18373.58333333, 0.57
18373.62500000, 0.57
18373.66666667, 0.55
18373.70833333, 0.41
18373.75000000, 0.43
18373.79166667, 0.48
18373.83333333, 0.4
18373.87500000, 0.29
18373.91666667, 0.28
18373.95833333, 0.3
18374.00000000, 0.33
18374.04166667, 0.35
18374.08333333, 0.34
18374.12500000, 0.36
18374.16666667, 0.36
18374.20833333, 0.37
18374.25000000, 0.38
18374.29166667, 0.4
18374.33333333, 0.41
18374.37500000, 0.44
18374.41666667, 0.47
18374.45833333, 0.51
18374.50000000, 0.47
18374.54166667, 0.41
18374.58333333, 0.38
18374.62500000, 0.35
18374.66666667, 0.31
18374.70833333, 0.29
18374.75000000, 0.27
18374.79166667, 0.25
18374.83333333, 0.24
18374.87500000, 0.25
18374.91666667, 0.27
18374.95833333, 0.35
18375.00000000, 0.48
18375.04166667, 0.4
18375.08333333, 0.52
18375.12500000, 0.51
18375.16666667, 0.52
18375.20833333, 0.49
18375.25000000, 0.51
18375.29166667, 0.66
18375.33333333, 0.69
18375.37500000, 0.69
18375.41666667, 0.68
18375.45833333, 0.67
18375.50000000, 0.63
18375.54166667, 0.54
18375.58333333, 0.48
18375.62500000, 0.47
18375.66666667, 0.48
18375.70833333, 0.49
18375.75000000, 0.47
18375.79166667, 0.57
18375.83333333, 0.72
18375.87500000, 0.8
18375.91666667, 0.89
18375.95833333, 0.91
18376.00000000, 0.94
18376.04166667, 0.95
18376.08333333, 0.96
18376.12500000, 0.96
18376.16666667, 0.96
18376.20833333, 0.95
18376.25000000, 0.96
18376.29166667, 0.97
18376.33333333, 0.98
18376.37500000, 0.98
18376.41666667, 0.98
18376.45833333, 0.98
18376.50000000, 0.96
18376.54166667, 0.97
18376.58333333, 0.95
18376.62500000, 0.9
18376.66666667, 0.86
18376.70833333, 0.85
18376.75000000, 0.79
18376.79166667, 0.76
18376.83333333, 0.76
18376.87500000, 0.73
18376.91666667, 0.71
18376.95833333, 0.73
18377.00000000, 0.76
18377.04166667, 0.81
18377.08333333, 0.83
18377.12500000, 0.85
18377.16666667, 0.9
18377.20833333, 0.92
18377.25000000, 0.95
18377.29166667, 0.92
18377.33333333, 0.95
18377.37500000, 0.95
18377.41666667, 0.96
18377.45833333, 0.96
18377.50000000, 0.9
18377.54166667, 0.86
18377.58333333, 0.82
18377.62500000, 0.76
18377.66666667, 0.67
18377.70833333, 0.6
18377.75000000, 0.59
18377.79166667, 0.54
18377.83333333, 0.54
18377.87500000, 0.56
18377.91666667, 0.62
18377.95833333, 0.74
18378.00000000, 0.84
18378.04166667, 0.91
18378.08333333, 0.93
18378.12500000, 0.94
18378.16666667, 0.92
18378.20833333, 0.92
18378.25000000, 0.94
18378.29166667, 0.96
18378.33333333, 0.97
18378.37500000, 0.97
18378.41666667, 0.97
18378.45833333, 0.97
18378.50000000, 0.94
18378.54166667, 0.95
18378.58333333, 0.93
18378.62500000, 0.91
18378.66666667, 0.87
18378.70833333, 0.85
18378.75000000, 0.81
18378.79166667, 0.79
18378.83333333, 0.77
18378.87500000, 0.79
18378.91666667, 0.79
18378.95833333, 0.85
18379.00000000, 0.93
18379.04166667, 0.96
18379.08333333, 0.95
18379.12500000, 0.94
18379.16666667, 0.93
18379.20833333, 0.93
18379.25000000, 0.93
18379.29166667, 0.92
18379.33333333, 0.92
18379.37500000, 0.91
18379.41666667, 0.91
18379.45833333, 0.88
18379.50000000, 0.86
18379.54166667, 0.84
18379.58333333, 0.74
18379.62500000, 0.66
18379.66666667, 0.61
18379.70833333, 0.59
18379.75000000, 0.53
18379.79166667, 0.5
18379.83333333, 0.49
18379.87500000, 0.49
18379.91666667, 0.51
18379.95833333, 0.53
18380.00000000, 0.69
18380.04166667, 0.76
18380.08333333, 0.73
18380.12500000, 0.81
18380.16666667, 0.79
18380.20833333, 0.73
18380.25000000, 0.83
18380.29166667, 0.82
18380.33333333, 0.79
18380.37500000, 0.8
18380.41666667, 0.82
18380.45833333, 0.83
18380.50000000, 0.71
18380.54166667, 0.61
18380.58333333, 0.55
18380.62500000, 0.52
18380.66666667, 0.52
18380.70833333, 0.57
18380.75000000, 0.58
18380.79166667, 0.62
18380.83333333, 0.71
18380.87500000, 0.76
18380.91666667, 0.79
18380.95833333, 0.79
18381.00000000, 0.86
18381.04166667, 0.85
18381.08333333, 0.87
18381.12500000, 0.89
18381.16666667, 0.91
18381.20833333, 0.89
18381.25000000, 0.88
18381.29166667, 0.9
18381.33333333, 0.91
18381.37500000, 0.93
18381.41666667, 0.94
18381.45833333, 0.93
18381.50000000, 0.91
18381.54166667, 0.86
18381.58333333, 0.79
18381.62500000, 0.71
18381.66666667, 0.66
18381.70833333, 0.68
18381.75000000, 0.61
18381.79166667, 0.59
18381.83333333, 0.56
18381.87500000, 0.58
18381.91666667, 0.63
18381.95833333, 0.65
18382.00000000, 0.76
18382.04166667, 0.79
18382.08333333, 0.83
18382.12500000, 0.81
18382.16666667, 0.79
18382.20833333, 0.81
18382.25000000, 0.86
18382.29166667, 0.87
18382.33333333, 0.84
18382.37500000, 0.83
18382.41666667, 0.79
18382.45833333, 0.81
18382.50000000, 0.74
18382.54166667, 0.83
18382.58333333, 0.86
18382.62500000, 0.86
18382.66666667, 0.89
18382.70833333, 0.93
18382.75000000, 0.9
18382.79166667, 0.86
18382.83333333, 0.86
18382.87500000, 0.9
18382.91666667, 0.93
18382.95833333, 0.94
18383.00000000, 0.93
18383.04166667, 0.94
18383.08333333, 0.96
18383.12500000, 0.97
18383.16666667, 0.96
18383.20833333, 0.96
18383.25000000, 0.96
18383.29166667, 0.94
18383.33333333, 0.9
18383.37500000, 0.9
18383.41666667, 0.91
18383.45833333, 0.9
18383.50000000, 0.89
18383.54166667, 0.91
18383.58333333, 0.91
18383.62500000, 0.85
18383.66666667, 0.72
18383.70833333, 0.62
18383.75000000, 0.54
18383.79166667, 0.52
18383.83333333, 0.49
18383.87500000, 0.5
18383.91666667, 0.5
18383.95833333, 0.48
18384.00000000, 0.53
18384.04166667, 0.55
18384.08333333, 0.59
18384.12500000, 0.64
18384.16666667, 0.69
18384.20833333, 0.71
18384.25000000, 0.72
18384.29166667, 0.73
18384.33333333, 0.75
18384.37500000, 0.77
18384.41666667, 0.8
18384.45833333, 0.8
18384.50000000, 0.74
18384.54166667, 0.66
18384.58333333, 0.59
18384.62500000, 0.5
18384.66666667, 0.44
18384.70833333, 0.41
18384.75000000, 0.39
18384.79166667, 0.39
18384.83333333, 0.39
18384.87500000, 0.39
18384.91666667, 0.41
18384.95833333, 0.5
18385.00000000, 0.54
18385.04166667, 0.53
18385.08333333, 0.55
18385.12500000, 0.6
18385.16666667, 0.58
18385.20833333, 0.6
18385.25000000, 0.6
18385.29166667, 0.62
18385.33333333, 0.63
18385.37500000, 0.65
18385.41666667, 0.68
18385.45833333, 0.72
18385.50000000, 0.67
18385.54166667, 0.69
18385.58333333, 0.7
18385.62500000, 0.74
18385.66666667, 0.87
18385.70833333, 0.86
18385.75000000, 0.79
18385.79166667, 0.68
18385.83333333, 0.6
18385.87500000, 0.64
18385.91666667, 0.7
18385.95833333, 0.77
18386.00000000, 0.83
18386.04166667, 0.89
18386.08333333, 0.84
18386.12500000, 0.87
18386.16666667, 0.9
18386.20833333, 0.86
18386.25000000, 0.87
18386.29166667, 0.84
18386.33333333, 0.82
18386.37500000, 0.87
18386.41666667, 0.92
18386.45833333, 0.89
18386.50000000, 0.75
18386.54166667, 0.64
18386.58333333, 0.53
18386.62500000, 0.39
18386.66666667, 0.35
18386.70833333, 0.39
18386.75000000, 0.4
18386.79166667, 0.39
18386.83333333, 0.38
18386.87500000, 0.39
18386.91666667, 0.41
18386.95833333, 0.44
18387.00000000, 0.42
18387.04166667, 0.47
18387.08333333, 0.56
18387.12500000, 0.57
18387.16666667, 0.55
18387.20833333, 0.54
18387.25000000, 0.56
18387.29166667, 0.58
18387.33333333, 0.58
18387.37500000, 0.58
18387.41666667, 0.6
18387.45833333, 0.62
18387.50000000, 0.59
18387.54166667, 0.55
18387.58333333, 0.51
18387.62500000, 0.49
18387.66666667, 0.49
18387.70833333, 0.49
18387.75000000, 0.5
18387.79166667, 0.51
18387.83333333, 0.51
18387.87500000, 0.49
18387.91666667, 0.5
18387.95833333, 0.58
18388.00000000, 0.65
18388.04166667, 0.72
18388.08333333, 0.82
18388.12500000, 0.85
18388.16666667, 0.85
18388.20833333, 0.89
18388.25000000, 0.92
18388.29166667, 0.92
18388.33333333, 0.89
18388.37500000, 0.91
18388.41666667, 0.92
18388.45833333, 0.93
18388.50000000, 0.92
18388.54166667, 0.92
18388.58333333, 0.89
18388.62500000, 0.85
18388.66666667, 0.86
18388.70833333, 0.85
18388.75000000, 0.81
18388.79166667, 0.76
18388.83333333, 0.73
18388.87500000, 0.77
18388.91666667, 0.76
18388.95833333, 0.68
18389.00000000, 0.62
18389.04166667, 0.71
18389.08333333, 0.75
18389.12500000, 0.82
18389.16666667, 0.86
18389.20833333, 0.87
18389.25000000, 0.88
18389.29166667, 0.89
18389.33333333, 0.89
18389.37500000, 0.9
18389.41666667, 0.9
18389.45833333, 0.86
18389.50000000, 0.79
18389.54166667, 0.67
18389.58333333, 0.53
18389.62500000, 0.44
18389.66666667, 0.38
18389.70833333, 0.34
18389.75000000, 0.33
18389.79166667, 0.32
18389.83333333, 0.3
18389.87500000, 0.27
18389.91666667, 0.32
18389.95833333, 0.39
18390.00000000, 0.54
18390.04166667, 0.55
18390.08333333, 0.51
18390.12500000, 0.54
18390.16666667, 0.48
18390.20833333, 0.49
18390.25000000, 0.49
18390.29166667, 0.54
18390.33333333, 0.57
18390.37500000, 0.68
18390.41666667, 0.75
18390.45833333, 0.71
18390.50000000, 0.58
18390.54166667, 0.54
18390.58333333, 0.53
18390.62500000, 0.54
18390.66666667, 0.48
18390.70833333, 0.46
18390.75000000, 0.43
18390.79166667, 0.54
18390.83333333, 0.61
18390.87500000, 0.68
18390.91666667, 0.73
18390.95833333, 0.77
18391.00000000, 0.83
18391.04166667, 0.84
18391.08333333, 0.86
18391.12500000, 0.84
18391.16666667, 0.82
18391.20833333, 0.75
18391.25000000, 0.7
18391.29166667, 0.65
18391.33333333, 0.58
18391.37500000, 0.52
18391.41666667, 0.5
18391.45833333, 0.52
18391.50000000, 0.46
18391.54166667, 0.43
18391.58333333, 0.42
18391.62500000, 0.37
18391.66666667, 0.38
18391.70833333, 0.39
18391.75000000, 0.4
18391.79166667, 0.39
18391.83333333, 0.42
18391.87500000, 0.37
18391.91666667, 0.36
18391.95833333, 0.37
18392.00000000, 0.4
18392.04166667, 0.49
18392.08333333, 0.59
18392.12500000, 0.62
18392.16666667, 0.62
18392.20833333, 0.61
18392.25000000, 0.61
18392.29166667, 0.6
18392.33333333, 0.59
18392.37500000, 0.56
18392.41666667, 0.58
18392.45833333, 0.61
18392.50000000, 0.57
18392.54166667, 0.52
18392.58333333, 0.47
18392.62500000, 0.4
18392.66666667, 0.37
18392.70833333, 0.36
18392.75000000, 0.36
18392.79166667, 0.35
18392.83333333, 0.35
18392.87500000, 0.35
18392.91666667, 0.36
18392.95833333, 0.46
18393.00000000, 0.5
18393.04166667, 0.55
18393.08333333, 0.55
18393.12500000, 0.55
18393.16666667, 0.57
18393.20833333, 0.61
18393.25000000, 0.64
18393.29166667, 0.66
18393.33333333, 0.68
18393.37500000, 0.71
18393.41666667, 0.71
18393.45833333, 0.73
18393.50000000, 0.69
18393.54166667, 0.61
18393.58333333, 0.56
18393.62500000, 0.47
18393.66666667, 0.47
18393.70833333, 0.47
18393.75000000, 0.49
18393.79166667, 0.46
18393.83333333, 0.44
18393.87500000, 0.44
18393.91666667, 0.48
18393.95833333, 0.5
18394.00000000, 0.48
18394.04166667, 0.54
18394.08333333, 0.55
18394.12500000, 0.56
18394.16666667, 0.59
18394.20833333, 0.62
18394.25000000, 0.63
18394.29166667, 0.65
18394.33333333, 0.68
18394.37500000, 0.71
18394.41666667, 0.73
18394.45833333, 0.72
18394.50000000, 0.6
18394.54166667, 0.52
18394.58333333, 0.47
18394.62500000, 0.43
18394.66666667, 0.45
18394.70833333, 0.41
18394.75000000, 0.4
18394.79166667, 0.36
18394.83333333, 0.36
18394.87500000, 0.36
18394.91666667, 0.33
18394.95833333, 0.39
18395.00000000, 0.39
18395.04166667, 0.38
18395.08333333, 0.45
18395.12500000, 0.42
18395.16666667, 0.45
18395.20833333, 0.53
18395.25000000, 0.55
18395.29166667, 0.64
18395.33333333, 0.68
18395.37500000, 0.71
18395.41666667, 0.73
18395.45833333, 0.71
18395.50000000, 0.59
18395.54166667, 0.5
18395.58333333, 0.43
18395.62500000, 0.36
18395.66666667, 0.33
18395.70833333, 0.3
18395.75000000, 0.29
18395.79166667, 0.28
18395.83333333, 0.28
18395.87500000, 0.3
18395.91666667, 0.34
18395.95833333, 0.5
18396.00000000, 0.55
18396.04166667, 0.51
18396.08333333, 0.56
18396.12500000, 0.69
18396.16666667, 0.76
18396.20833333, 0.83
18396.25000000, 0.84
18396.29166667, 0.74
18396.33333333, 0.73
18396.37500000, 0.74
18396.41666667, 0.82
18396.45833333, 0.8
18396.50000000, 0.71
18396.54166667, 0.64
18396.58333333, 0.59
18396.62500000, 0.6
18396.66666667, 0.59
18396.70833333, 0.59
18396.75000000, 0.57
18396.79166667, 0.53
18396.83333333, 0.51
18396.87500000, 0.5
18396.91666667, 0.55
18396.95833333, 0.63
18397.00000000, 0.8
18397.04166667, 0.86
18397.08333333, 0.88
18397.12500000, 0.82
18397.16666667, 0.83
18397.20833333, 0.83
18397.25000000, 0.82
18397.29166667, 0.81
18397.33333333, 0.82
18397.37500000, 0.82
18397.41666667, 0.81
18397.45833333, 0.8
18397.50000000, 0.76
18397.54166667, 0.71
18397.58333333, 0.66
18397.62500000, 0.62
18397.66666667, 0.57
18397.70833333, 0.49
18397.75000000, 0.42
18397.79166667, 0.39
18397.83333333, 0.36
18397.87500000, 0.37
18397.91666667, 0.4
18397.95833333, 0.44
18398.00000000, 0.47
18398.04166667, 0.47
18398.08333333, 0.51
18398.12500000, 0.55
18398.16666667, 0.58
18398.20833333, 0.6
18398.25000000, 0.64
18398.29166667, 0.7
18398.33333333, 0.76
18398.37500000, 0.78
18398.41666667, 0.8
18398.45833333, 0.79
18398.50000000, 0.74
18398.54166667, 0.7
18398.58333333, 0.64
18398.62500000, 0.61
18398.66666667, 0.51
18398.70833333, 0.45
18398.75000000, 0.41
18398.79166667, 0.39
18398.83333333, 0.38
18398.87500000, 0.37
18398.91666667, 0.4
18398.95833333, 0.48
18399.00000000, 0.55
18399.04166667, 0.56
18399.08333333, 0.57
18399.12500000, 0.64
18399.16666667, 0.76
18399.20833333, 0.84
18399.25000000, 0.87
18399.29166667, 0.89
18399.33333333, 0.88
18399.37500000, 0.85
18399.41666667, 0.82
18399.45833333, 0.76
18399.50000000, 0.76
18399.54166667, 0.73
18399.58333333, 0.74
18399.62500000, 0.71
18399.66666667, 0.73
18399.70833333, 0.71
18399.75000000, 0.61
18399.79166667, 0.63
18399.83333333, 0.64
18399.87500000, 0.64
18399.91666667, 0.65
18399.95833333, 0.66
18400.00000000, 0.76
18400.04166667, 0.76
18400.08333333, 0.73
18400.12500000, 0.72
18400.16666667, 0.74
18400.20833333, 0.78
18400.25000000, 0.8
18400.29166667, 0.83
18400.33333333, 0.84
18400.37500000, 0.85
18400.41666667, 0.86
18400.45833333, 0.85
18400.50000000, 0.83
18400.54166667, 0.81
18400.58333333, 0.8
18400.62500000, 0.77
18400.66666667, 0.77
18400.70833333, 0.72
18400.75000000, 0.7
18400.79166667, 0.65
18400.83333333, 0.61
18400.87500000, 0.59
18400.91666667, 0.61
18400.95833333, 0.61
18401.00000000, 0.65
18401.04166667, 0.61
18401.08333333, 0.57
18401.12500000, 0.52
18401.16666667, 0.52
18401.20833333, 0.53
18401.25000000, 0.57
18401.29166667, 0.62
18401.33333333, 0.65
18401.37500000, 0.68
18401.41666667, 0.7
18401.45833333, 0.72
18401.50000000, 0.69
18401.54166667, 0.63
18401.58333333, 0.56
18401.62500000, 0.51
18401.66666667, 0.44
18401.70833333, 0.38
18401.75000000, 0.29
18401.79166667, 0.26
18401.83333333, 0.31
18401.87500000, 0.34
18401.91666667, 0.38
18401.95833333, 0.4
18402.00000000, 0.4
18402.04166667, 0.43
18402.08333333, 0.44
18402.12500000, 0.44
18402.16666667, 0.45
18402.20833333, 0.46
18402.25000000, 0.47
18402.29166667, 0.48
18402.33333333, 0.49
18402.37500000, 0.51
18402.41666667, 0.53
18402.45833333, 0.54
18402.50000000, 0.53
18402.54166667, 0.54
18402.58333333, 0.56
18402.62500000, 0.58
18402.66666667, 0.55
18402.70833333, 0.54
18402.75000000, 0.5
18402.79166667, 0.48
18402.83333333, 0.49
18402.87500000, 0.51
18402.91666667, 0.54
18402.95833333, 0.59
18403.00000000, 0.65
18403.04166667, 0.71
18403.08333333, 0.74
18403.12500000, 0.74
18403.16666667, 0.76
18403.20833333, 0.78
18403.25000000, 0.8
18403.29166667, 0.81
18403.33333333, 0.82
18403.37500000, 0.84
18403.41666667, 0.85
18403.45833333, 0.85
18403.50000000, 0.8
18403.54166667, 0.76
18403.58333333, 0.75
18403.62500000, 0.67
18403.66666667, 0.62
18403.70833333, 0.57
18403.75000000, 0.56
18403.79166667, 0.57
18403.83333333, 0.57
18403.87500000, 0.6
18403.91666667, 0.57
18403.95833333, 0.64
18404.00000000, 0.7
18404.04166667, 0.74
18404.08333333, 0.78
18404.12500000, 0.81
18404.16666667, 0.84
18404.20833333, 0.85
18404.25000000, 0.86
18404.29166667, 0.88
18404.33333333, 0.91
18404.37500000, 0.93
18404.41666667, 0.96
18404.45833333, 0.95
18404.50000000, 0.96
18404.54166667, 0.97
18404.58333333, 0.97
18404.62500000, 0.98
18404.66666667, 0.91
18404.70833333, 0.88
18404.75000000, 0.85
18404.79166667, 0.86
18404.83333333, 0.86
18404.87500000, 0.85
18404.91666667, 0.87
18404.95833333, 0.86
18405.00000000, 0.93
18405.04166667, 0.97
18405.08333333, 0.98
18405.12500000, 0.99
18405.16666667, 1
18405.20833333, 0.99
18405.25000000, 1
18405.29166667, 1
18405.33333333, 0.98
18405.37500000, 0.98
18405.41666667, 0.98
18405.45833333, 0.96
18405.50000000, 0.92
18405.54166667, 0.87
18405.58333333, 0.79
18405.62500000, 0.72
18405.66666667, 0.67
18405.70833333, 0.63
18405.75000000, 0.58
18405.79166667, 0.53
18405.83333333, 0.5
18405.87500000, 0.47
18405.91666667, 0.47
18405.95833333, 0.55
18406.00000000, 0.76
18406.04166667, 0.7
18406.08333333, 0.84
18406.12500000, 0.81
18406.16666667, 0.9
18406.20833333, 0.96
18406.25000000, 0.95
18406.29166667, 0.91
18406.33333333, 0.9
18406.37500000, 0.89
18406.41666667, 0.88
18406.45833333, 0.87
18406.50000000, 0.84
18406.54166667, 0.81
18406.58333333, 0.79
18406.62500000, 0.77
18406.66666667, 0.75
18406.70833333, 0.71
18406.75000000, 0.68
18406.79166667, 0.66
18406.83333333, 0.67
18406.87500000, 0.67
18406.91666667, 0.69
18406.95833333, 0.71
18407.00000000, 0.8
18407.04166667, 0.81
18407.08333333, 0.83
18407.12500000, 0.85
18407.16666667, 0.89
18407.20833333, 0.91
18407.25000000, 0.94
18407.29166667, 0.97
18407.33333333, 0.96
18407.37500000, 0.96
18407.41666667, 0.96
18407.45833333, 0.91
18407.50000000, 0.83
18407.54166667, 0.76
18407.58333333, 0.73
18407.62500000, 0.71
18407.66666667, 0.67
18407.70833333, 0.65
18407.75000000, 0.62
18407.79166667, 0.62
18407.83333333, 0.59
18407.87500000, 0.57
18407.91666667, 0.56
18407.95833333, 0.59
18408.00000000, 0.76
18408.04166667, 0.83
18408.08333333, 0.87
18408.12500000, 0.9
18408.16666667, 0.91
18408.20833333, 0.87
18408.25000000, 0.91
18408.29166667, 0.95
18408.33333333, 0.96
18408.37500000, 0.98
18408.41666667, 1
18408.45833333, 0.97
18408.50000000, 0.92
18408.54166667, 0.85
18408.58333333, 0.75
18408.62500000, 0.68
18408.66666667, 0.57
18408.70833333, 0.54
18408.75000000, 0.52
18408.79166667, 0.53
18408.83333333, 0.54
18408.87500000, 0.55
18408.91666667, 0.58
18408.95833333, 0.64
18409.00000000, 0.75
18409.04166667, 0.85
18409.08333333, 0.92
18409.12500000, 0.94
18409.16666667, 0.94
18409.20833333, 0.94
18409.25000000, 0.95
18409.29166667, 0.97
18409.33333333, 0.99
18409.37500000, 0.99
18409.41666667, 1
18409.45833333, 0.98
18409.50000000, 0.91
18409.54166667, 0.84
18409.58333333, 0.8
18409.62500000, 0.77
18409.66666667, 0.66
18409.70833333, 0.63
18409.75000000, 0.6
18409.79166667, 0.62
18409.83333333, 0.64
18409.87500000, 0.64
18409.91666667, 0.63
18409.95833333, 0.68
18410.00000000, 0.71
18410.04166667, 0.74
18410.08333333, 0.75
18410.12500000, 0.81
18410.16666667, 0.9
18410.20833333, 0.95
18410.25000000, 0.97
18410.29166667, 0.98
18410.33333333, 0.97
18410.37500000, 0.97
18410.41666667, 0.95
18410.45833333, 0.94
18410.50000000, 0.96
18410.54166667, 0.95
18410.58333333, 0.96
18410.62500000, 0.94
18410.66666667, 0.87
18410.70833333, 0.85
18410.75000000, 0.77
18410.79166667, 0.73
18410.83333333, 0.72
18410.87500000, 0.75
18410.91666667, 0.74
18410.95833333, 0.79
18411.00000000, 0.88
18411.04166667, 0.93
18411.08333333, 0.94
18411.12500000, 0.94
18411.16666667, 0.94
18411.20833333, 0.95
18411.25000000, 0.94
18411.29166667, 0.93
18411.33333333, 0.95
18411.37500000, 0.96
18411.41666667, 0.97
18411.45833333, 0.97
18411.50000000, 0.95
18411.54166667, 0.91
18411.58333333, 0.85
18411.62500000, 0.8
18411.66666667, 0.78
18411.70833333, 0.71
18411.75000000, 0.66
18411.79166667, 0.62
18411.83333333, 0.61
18411.87500000, 0.71
18411.91666667, 0.69
18411.95833333, 0.76
18412.00000000, 0.9
18412.04166667, 0.91
18412.08333333, 0.91
18412.12500000, 0.89
18412.16666667, 0.88
18412.20833333, 0.89
18412.25000000, 0.92
18412.29166667, 0.91
18412.33333333, 0.88
18412.37500000, 0.88
18412.41666667, 0.88
18412.45833333, 0.86
18412.50000000, 0.85
18412.54166667, 0.75
18412.58333333, 0.65
18412.62500000, 0.56
18412.66666667, 0.46
18412.70833333, 0.41
18412.75000000, 0.38
18412.79166667, 0.35
18412.83333333, 0.34
18412.87500000, 0.32
18412.91666667, 0.32
18412.95833333, 0.59
18413.00000000, 0.61
18413.04166667, 0.48
18413.08333333, 0.52
18413.12500000, 0.54
18413.16666667, 0.53
18413.20833333, 0.54
18413.25000000, 0.49
18413.29166667, 0.45
18413.33333333, 0.44
18413.37500000, 0.45
18413.41666667, 0.5
18413.45833333, 0.55
18413.50000000, 0.51
18413.54166667, 0.48
18413.58333333, 0.45
18413.62500000, 0.39
18413.66666667, 0.33
18413.70833333, 0.32
18413.75000000, 0.3
18413.79166667, 0.28
18413.83333333, 0.25
18413.87500000, 0.28
18413.91666667, 0.26
18413.95833333, 0.33
18414.00000000, 0.43
18414.04166667, 0.45
18414.08333333, 0.45
18414.12500000, 0.45
18414.16666667, 0.41
18414.20833333, 0.45
18414.25000000, 0.49
18414.29166667, 0.53
18414.33333333, 0.61
18414.37500000, 0.68
18414.41666667, 0.71
18414.45833333, 0.64
18414.50000000, 0.56
18414.54166667, 0.44
18414.58333333, 0.4
18414.62500000, 0.39
18414.66666667, 0.36
18414.70833333, 0.31
18414.75000000, 0.3
18414.79166667, 0.28
18414.83333333, 0.26
18414.87500000, 0.22
18414.91666667, 0.22
18414.95833333, 0.28
18415.00000000, 0.52
18415.04166667, 0.42
18415.08333333, 0.52
18415.12500000, 0.53
18415.16666667, 0.49
18415.20833333, 0.52
18415.25000000, 0.56
18415.29166667, 0.63
18415.33333333, 0.72
18415.37500000, 0.75
18415.41666667, 0.68
18415.45833333, 0.66
18415.50000000, 0.66
18415.54166667, 0.65
18415.58333333, 0.57
18415.62500000, 0.47
18415.66666667, 0.41
18415.70833333, 0.39
18415.75000000, 0.36
18415.79166667, 0.33
18415.83333333, 0.32
18415.87500000, 0.3
18415.91666667, 0.28
18415.95833333, 0.35
18416.00000000, 0.44
18416.04166667, 0.52
18416.08333333, 0.58
18416.12500000, 0.59
18416.16666667, 0.62
18416.20833333, 0.67
18416.25000000, 0.7
18416.29166667, 0.7
18416.33333333, 0.7
18416.37500000, 0.7
18416.41666667, 0.68
18416.45833333, 0.65
18416.50000000, 0.6
18416.54166667, 0.53
18416.58333333, 0.45
18416.62500000, 0.41
18416.66666667, 0.35
18416.70833333, 0.34
18416.75000000, 0.31
18416.79166667, 0.25
18416.83333333, 0.33
18416.87500000, 0.36
18416.91666667, 0.4
18416.95833333, 0.47
18417.00000000, 0.54
18417.04166667, 0.53
18417.08333333, 0.53
18417.12500000, 0.57
18417.16666667, 0.6
18417.20833333, 0.64
18417.25000000, 0.69
18417.29166667, 0.74
18417.33333333, 0.79
18417.37500000, 0.83
18417.41666667, 0.89
18417.45833333, 0.81
18417.50000000, 0.71
18417.54166667, 0.64
18417.58333333, 0.53
18417.62500000, 0.5
18417.66666667, 0.46
18417.70833333, 0.47
18417.75000000, 0.44
18417.79166667, 0.41
18417.83333333, 0.37
18417.87500000, 0.45
18417.91666667, 0.5
18417.95833333, 0.56
18418.00000000, 0.65
18418.04166667, 0.78
18418.08333333, 0.89
18418.12500000, 0.9
18418.16666667, 0.86
18418.20833333, 0.94
18418.25000000, 0.91
18418.29166667, 0.92
18418.33333333, 0.94
18418.37500000, 0.94
18418.41666667, 0.94
18418.45833333, 0.91
18418.50000000, 0.91
18418.54166667, 0.8
18418.58333333, 0.76
18418.62500000, 0.69
18418.66666667, 0.62
18418.70833333, 0.56
18418.75000000, 0.48
18418.79166667, 0.43
18418.83333333, 0.41
18418.87500000, 0.48
18418.91666667, 0.68
18418.95833333, 0.76
18419.00000000, 0.94
18419.04166667, 0.96
18419.08333333, 0.97
18419.12500000, 0.97
18419.16666667, 0.98
18419.20833333, 0.98
18419.25000000, 0.98
18419.29166667, 0.98
18419.33333333, 0.98
18419.37500000, 0.97
18419.41666667, 0.95
18419.45833333, 0.93
18419.50000000, 0.88
18419.54166667, 0.8
18419.58333333, 0.73
18419.62500000, 0.64
18419.66666667, 0.56
18419.70833333, 0.49
18419.75000000, 0.48
18419.79166667, 0.5
18419.83333333, 0.44
18419.87500000, 0.34
18419.91666667, 0.34
18419.95833333, 0.37
18420.00000000, 0.42
18420.04166667, 0.4
18420.08333333, 0.45
18420.12500000, 0.47
18420.16666667, 0.5
18420.20833333, 0.49
18420.25000000, 0.46
18420.29166667, 0.49
18420.33333333, 0.54
18420.37500000, 0.56
18420.41666667, 0.61
18420.45833333, 0.6
18420.50000000, 0.54
18420.54166667, 0.48
18420.58333333, 0.44
18420.62500000, 0.39
18420.66666667, 0.36
18420.70833333, 0.33
18420.75000000, 0.3
18420.79166667, 0.27
18420.83333333, 0.25
18420.87500000, 0.27
18420.91666667, 0.28
18420.95833333, 0.29
18421.00000000, 0.54
18421.04166667, 0.56
18421.08333333, 0.63
18421.12500000, 0.67
18421.16666667, 0.69
18421.20833333, 0.62
18421.25000000, 0.65
18421.29166667, 0.65
18421.33333333, 0.62
18421.37500000, 0.59
18421.41666667, 0.59
18421.45833333, 0.56
18421.50000000, 0.48
18421.54166667, 0.41
18421.58333333, 0.36
18421.62500000, 0.35
18421.66666667, 0.35
18421.70833333, 0.33
18421.75000000, 0.31
18421.79166667, 0.28
18421.83333333, 0.26
18421.87500000, 0.25
18421.91666667, 0.24
18421.95833333, 0.27
18422.00000000, 0.49
18422.04166667, 0.51
18422.08333333, 0.59
18422.12500000, 0.6
18422.16666667, 0.62
18422.20833333, 0.64
18422.25000000, 0.74
18422.29166667, 0.74
18422.33333333, 0.76
18422.37500000, 0.76
18422.41666667, 0.71
18422.45833333, 0.74
18422.50000000, 0.68
18422.54166667, 0.56
18422.58333333, 0.51
18422.62500000, 0.53
18422.66666667, 0.51
18422.70833333, 0.46
18422.75000000, 0.44
18422.79166667, 0.41
18422.83333333, 0.38
18422.87500000, 0.36
18422.91666667, 0.37
18422.95833333, 0.38
18423.00000000, 0.63
18423.04166667, 0.67
18423.08333333, 0.75
18423.12500000, 0.76
18423.16666667, 0.77
18423.20833333, 0.78
18423.25000000, 0.79
18423.29166667, 0.8
18423.33333333, 0.8
18423.37500000, 0.8
18423.41666667, 0.83
18423.45833333, 0.81
18423.50000000, 0.81
18423.54166667, 0.78
18423.58333333, 0.69
18423.62500000, 0.63
18423.66666667, 0.62
18423.70833333, 0.57
18423.75000000, 0.54
18423.79166667, 0.48
18423.83333333, 0.45
18423.87500000, 0.44
18423.91666667, 0.42
18423.95833333, 0.48
18424.00000000, 0.9
18424.04166667, 0.87
18424.08333333, 0.86
18424.12500000, 0.87
18424.16666667, 0.88
18424.20833333, 0.88
18424.25000000, 0.87
18424.29166667, 0.85
18424.33333333, 0.85
18424.37500000, 0.85
18424.41666667, 0.85
18424.45833333, 0.84
18424.50000000, 0.91
18424.54166667, 0.85
18424.58333333, 0.95
18424.62500000, 0.92
18424.66666667, 0.78
18424.70833333, 0.74
18424.75000000, 0.66
18424.79166667, 0.63
18424.83333333, 0.74
18424.87500000, 0.76
18424.91666667, 0.72
18424.95833333, 0.77
18425.00000000, 0.54
18425.04166667, 0.56
18425.08333333, 0.58
18425.12500000, 0.62
18425.16666667, 0.61
18425.20833333, 0.59
18425.25000000, 0.62
18425.29166667, 0.6
18425.33333333, 0.56
18425.37500000, 0.55
18425.41666667, 0.58
18425.45833333, 0.59
18425.50000000, 0.56
18425.54166667, 0.48
18425.58333333, 0.39
18425.62500000, 0.33
18425.66666667, 0.29
18425.70833333, 0.27
18425.75000000, 0.24
18425.79166667, 0.24
18425.83333333, 0.25
18425.87500000, 0.24
18425.91666667, 0.22
18425.95833333, 0.29
18426.00000000, 0.54
18426.04166667, 0.57
18426.08333333, 0.47
18426.12500000, 0.46
18426.16666667, 0.45
18426.20833333, 0.47
18426.25000000, 0.48
18426.29166667, 0.46
18426.33333333, 0.48
18426.37500000, 0.52
18426.41666667, 0.55
18426.45833333, 0.53
18426.50000000, 0.49
18426.54166667, 0.44
18426.58333333, 0.42
18426.62500000, 0.4
18426.66666667, 0.38
18426.70833333, 0.35
18426.75000000, 0.32
18426.79166667, 0.3
18426.83333333, 0.28
18426.87500000, 0.28
18426.91666667, 0.3
18426.95833333, 0.34
18427.00000000, 0.5
18427.04166667, 0.54
18427.08333333, 0.52
18427.12500000, 0.49
18427.16666667, 0.46
18427.20833333, 0.45
18427.25000000, 0.45
18427.29166667, 0.5
18427.33333333, 0.6
18427.37500000, 0.67
18427.41666667, 0.59
18427.45833333, 0.57
18427.50000000, 0.58
18427.54166667, 0.55
18427.58333333, 0.52
18427.62500000, 0.54
18427.66666667, 0.47
18427.70833333, 0.42
18427.75000000, 0.38
18427.79166667, 0.37
18427.83333333, 0.36
18427.87500000, 0.35
18427.91666667, 0.35
18427.95833333, 0.38
18428.00000000, 0.45
18428.04166667, 0.51
18428.08333333, 0.55
18428.12500000, 0.64
18428.16666667, 0.64
18428.20833333, 0.65
18428.25000000, 0.7
18428.29166667, 0.72
18428.33333333, 0.75
18428.37500000, 0.78
18428.41666667, 0.77
18428.45833333, 0.7
18428.50000000, 0.66
18428.54166667, 0.59
18428.58333333, 0.53
18428.62500000, 0.48
18428.66666667, 0.44
18428.70833333, 0.41
18428.75000000, 0.38
18428.79166667, 0.38
18428.83333333, 0.34
18428.87500000, 0.35
18428.91666667, 0.4
18428.95833333, 0.49
18429.00000000, 0.56
18429.04166667, 0.58
18429.08333333, 0.59
18429.12500000, 0.62
18429.16666667, 0.68
18429.20833333, 0.74
18429.25000000, 0.77
18429.29166667, 0.73
18429.33333333, 0.72
18429.37500000, 0.69
18429.41666667, 0.66
18429.45833333, 0.67
18429.50000000, 0.64
18429.54166667, 0.61
18429.58333333, 0.57
18429.62500000, 0.47
18429.66666667, 0.44
18429.70833333, 0.4
18429.75000000, 0.36
18429.79166667, 0.39
18429.83333333, 0.37
18429.87500000, 0.37
18429.91666667, 0.39
18429.95833333, 0.45
18430.00000000, 0.49
18430.04166667, 0.58
18430.08333333, 0.63
18430.12500000, 0.65
18430.16666667, 0.66
18430.20833333, 0.69
18430.25000000, 0.71
18430.29166667, 0.83
18430.33333333, 0.88
18430.37500000, 0.9
18430.41666667, 0.9
18430.45833333, 0.9
18430.50000000, 0.86
18430.54166667, 0.84
18430.58333333, 0.83
18430.62500000, 0.8
18430.66666667, 0.75
18430.70833333, 0.73
18430.75000000, 0.77
18430.79166667, 0.87
18430.83333333, 0.85
18430.87500000, 0.86
18430.91666667, 0.87
18430.95833333, 0.89
18431.00000000, 0.94
18431.04166667, 0.95
18431.08333333, 0.95
18431.12500000, 0.96
18431.16666667, 0.97
18431.20833333, 0.97
18431.25000000, 0.97
18431.29166667, 0.97
18431.33333333, 0.98
18431.37500000, 0.98
18431.41666667, 0.98
18431.45833333, 0.97
18431.50000000, 0.97
18431.54166667, 0.91
18431.58333333, 0.9
18431.62500000, 0.85
18431.66666667, 0.77
18431.70833333, 0.65
18431.75000000, 0.62
18431.79166667, 0.57
18431.83333333, 0.54
18431.87500000, 0.53
18431.91666667, 0.56
18431.95833333, 0.62
18432.00000000, 0.76
18432.04166667, 0.82
18432.08333333, 0.84
18432.12500000, 0.84
18432.16666667, 0.86
18432.20833333, 0.9
18432.25000000, 0.92
18432.29166667, 0.93
18432.33333333, 0.94
18432.37500000, 0.95
18432.41666667, 0.96
18432.45833333, 0.94
18432.50000000, 0.95
18432.54166667, 0.95
18432.58333333, 0.82
18432.62500000, 0.76
18432.66666667, 0.7
18432.70833333, 0.66
18432.75000000, 0.77
18432.79166667, 0.74
18432.83333333, 0.7
18432.87500000, 0.74
18432.91666667, 0.8
18432.95833333, 0.86
18433.00000000, 0.89
18433.04166667, 0.93
18433.08333333, 0.94
18433.12500000, 0.95
18433.16666667, 0.96
18433.20833333, 0.96
18433.25000000, 0.96
18433.29166667, 0.98
18433.33333333, 0.99
18433.37500000, 0.99
18433.41666667, 0.99
18433.45833333, 0.97
18433.50000000, 0.94
18433.54166667, 0.94
18433.58333333, 0.95
18433.62500000, 0.91
18433.66666667, 0.9
18433.70833333, 0.84
18433.75000000, 0.78
18433.79166667, 0.78
18433.83333333, 0.8
18433.87500000, 0.83
18433.91666667, 0.77
18433.95833333, 0.76
18434.00000000, 0.9
18434.04166667, 0.95
18434.08333333, 0.95
18434.12500000, 0.96
18434.16666667, 0.98
18434.20833333, 1
18434.25000000, 1
18434.29166667, 1
18434.33333333, 0.99
18434.37500000, 1
18434.41666667, 0.99
18434.45833333, 0.99
18434.50000000, 0.94
18434.54166667, 0.94
18434.58333333, 0.91
18434.62500000, 0.86
18434.66666667, 0.77
18434.70833333, 0.77
18434.75000000, 0.76
18434.79166667, 0.74
18434.83333333, 0.69
18434.87500000, 0.66
18434.91666667, 0.66
18434.95833333, 0.68
18435.00000000, 0.89
18435.04166667, 0.94
18435.08333333, 0.94
18435.12500000, 0.94
18435.16666667, 0.93
18435.20833333, 0.95
18435.25000000, 0.95
18435.29166667, 0.96
18435.33333333, 0.97
18435.37500000, 0.97
18435.41666667, 0.98
18435.45833333, 0.94
18435.50000000, 0.91
18435.54166667, 0.85
18435.58333333, 0.79
18435.62500000, 0.73
18435.66666667, 0.69
18435.70833333, 0.64
18435.75000000, 0.6
18435.79166667, 0.71
18435.83333333, 0.72
18435.87500000, 0.76
18435.91666667, 0.72
18435.95833333, 0.88
18436.00000000, 0.89
18436.04166667, 0.92
18436.08333333, 0.92
18436.12500000, 0.93
18436.16666667, 0.94
18436.20833333, 0.95
18436.25000000, 0.97
18436.29166667, 0.98
18436.33333333, 0.98
18436.37500000, 0.99
18436.41666667, 0.99
18436.45833333, 0.94
18436.50000000, 0.93
18436.54166667, 0.88
18436.58333333, 0.82
18436.62500000, 0.72
18436.66666667, 0.71
18436.70833333, 0.68
18436.75000000, 0.62
18436.79166667, 0.6
18436.83333333, 0.6
18436.87500000, 0.68
18436.91666667, 0.84
18436.95833333, 0.85
18437.00000000, 0.93
18437.04166667, 0.87
18437.08333333, 0.85
18437.12500000, 0.84
18437.16666667, 0.85
18437.20833333, 0.88
18437.25000000, 0.92
18437.29166667, 0.94
18437.33333333, 0.91
18437.37500000, 0.85
18437.41666667, 0.84
18437.45833333, 0.82
18437.50000000, 0.75
18437.54166667, 0.64
18437.58333333, 0.57
18437.62500000, 0.5
18437.66666667, 0.46
18437.70833333, 0.43
18437.75000000, 0.38
18437.79166667, 0.3
18437.83333333, 0.32
18437.87500000, 0.32
18437.91666667, 0.39
18437.95833333, 0.47
18438.00000000, 0.58
18438.04166667, 0.67
18438.08333333, 0.7
18438.12500000, 0.72
18438.16666667, 0.73
18438.20833333, 0.81
18438.25000000, 0.89
18438.29166667, 0.85
18438.33333333, 0.83
18438.37500000, 0.81
18438.41666667, 0.8
18438.45833333, 0.77
18438.50000000, 0.72
18438.54166667, 0.64
18438.58333333, 0.71
18438.62500000, 0.63
18438.66666667, 0.55
18438.70833333, 0.52
18438.75000000, 0.51
18438.79166667, 0.56
18438.83333333, 0.74
18438.87500000, 0.64
18438.91666667, 0.66
18438.95833333, 0.67
18439.00000000, 0.77
18439.04166667, 0.81
18439.08333333, 0.9
18439.12500000, 0.91
18439.16666667, 0.92
18439.20833333, 0.92
18439.25000000, 0.89
18439.29166667, 0.85
18439.33333333, 0.8
18439.37500000, 0.76
18439.41666667, 0.73
18439.45833333, 0.71
18439.50000000, 0.7
18439.54166667, 0.64
18439.58333333, 0.58
18439.62500000, 0.51
18439.66666667, 0.42
18439.70833333, 0.4
18439.75000000, 0.37
18439.79166667, 0.35
18439.83333333, 0.33
18439.87500000, 0.35
18439.91666667, 0.44
18439.95833333, 0.52
18440.00000000, 0.59
18440.04166667, 0.53
18440.08333333, 0.53
18440.12500000, 0.57
18440.16666667, 0.61
18440.20833333, 0.66
18440.25000000, 0.7
18440.29166667, 0.74
18440.33333333, 0.7
18440.37500000, 0.8
18440.41666667, 0.88
18440.45833333, 0.86
18440.50000000, 0.75
18440.54166667, 0.68
18440.58333333, 0.61
18440.62500000, 0.55
18440.66666667, 0.53
18440.70833333, 0.49
18440.75000000, 0.46
18440.79166667, 0.47
18440.83333333, 0.5
18440.87500000, 0.74
18440.91666667, 0.67
18440.95833333, 0.64
18441.00000000, 0.87
18441.04166667, 0.91
18441.08333333, 0.9
18441.12500000, 0.86
18441.16666667, 0.87
18441.20833333, 0.94
18441.25000000, 0.94
18441.29166667, 0.93
18441.33333333, 0.85
18441.37500000, 0.83
18441.41666667, 0.86
18441.45833333, 0.85
18441.50000000, 0.86
18441.54166667, 0.82
18441.58333333, 0.78
18441.62500000, 0.73
18441.66666667, 0.71
18441.70833333, 0.75
18441.75000000, 0.77
18441.79166667, 0.68
18441.83333333, 0.71
18441.87500000, 0.67
18441.91666667, 0.72
18441.95833333, 0.75
18442.00000000, 0.76
18442.04166667, 0.84
18442.08333333, 0.87
18442.12500000, 0.88
18442.16666667, 0.82
18442.20833333, 0.76
18442.25000000, 0.76
18442.29166667, 0.78
18442.33333333, 0.77
18442.37500000, 0.75
18442.41666667, 0.75
18442.45833333, 0.73
18442.50000000, 0.69
18442.54166667, 0.64
18442.58333333, 0.58
18442.62500000, 0.52
18442.66666667, 0.47
18442.70833333, 0.42
18442.75000000, 0.38
18442.79166667, 0.35
18442.83333333, 0.34
18442.87500000, 0.33
18442.91666667, 0.34
18442.95833333, 0.41
18443.00000000, 0.58
18443.04166667, 0.62
18443.08333333, 0.65
18443.12500000, 0.64
18443.16666667, 0.77
18443.20833333, 0.79
18443.25000000, 0.84
18443.29166667, 0.79
18443.33333333, 0.75
18443.37500000, 0.7
18443.41666667, 0.69
18443.45833333, 0.68
18443.50000000, 0.63
18443.54166667, 0.58
18443.58333333, 0.52
18443.62500000, 0.48
18443.66666667, 0.43
18443.70833333, 0.41
18443.75000000, 0.39
18443.79166667, 0.37
18443.83333333, 0.35
18443.87500000, 0.34
18443.91666667, 0.33
18443.95833333, 0.36
18444.00000000, 0.69
18444.04166667, 0.75
18444.08333333, 0.77
18444.12500000, 0.75
18444.16666667, 0.75
18444.20833333, 0.76
18444.25000000, 0.81
18444.29166667, 0.8
18444.33333333, 0.85
18444.37500000, 0.88
18444.41666667, 0.89
18444.45833333, 0.84
18444.50000000, 0.86
18444.54166667, 0.82
18444.58333333, 0.87
18444.62500000, 0.84
18444.66666667, 0.73
18444.70833333, 0.68
18444.75000000, 0.65
18444.79166667, 0.61
18444.83333333, 0.59
18444.87500000, 0.74
18444.91666667, 0.72
18444.95833333, 0.74
18445.00000000, 0.89
18445.04166667, 0.92
18445.08333333, 0.95
18445.12500000, 0.96
18445.16666667, 0.96
18445.20833333, 0.96
18445.25000000, 0.98
18445.29166667, 0.98
18445.33333333, 0.96
18445.37500000, 0.93
18445.41666667, 0.88
18445.45833333, 0.78
18445.50000000, 0.75
18445.54166667, 0.67
18445.58333333, 0.61
18445.62500000, 0.5
18445.66666667, 0.48
18445.70833333, 0.47
18445.75000000, 0.45
18445.79166667, 0.44
18445.83333333, 0.39
18445.87500000, 0.37
18445.91666667, 0.37
18445.95833333, 0.42
18446.00000000, 0.58
18446.04166667, 0.63
18446.08333333, 0.66
18446.12500000, 0.67
18446.16666667, 0.69
18446.20833333, 0.68
18446.25000000, 0.63
18446.29166667, 0.61
18446.33333333, 0.62
18446.37500000, 0.64
18446.41666667, 0.65
18446.45833333, 0.62
18446.50000000, 0.56
18446.54166667, 0.5
18446.58333333, 0.45
18446.62500000, 0.4
18446.66666667, 0.35
18446.70833333, 0.33
18446.75000000, 0.31
18446.79166667, 0.3
18446.83333333, 0.3
18446.87500000, 0.3
18446.91666667, 0.29
18446.95833333, 0.45
18447.00000000, 0.56
18447.04166667, 0.59
18447.08333333, 0.63
18447.12500000, 0.6
18447.16666667, 0.57
18447.20833333, 0.56
18447.25000000, 0.6
18447.29166667, 0.66
18447.33333333, 0.7
18447.37500000, 0.74
18447.41666667, 0.78
18447.45833333, 0.76
18447.50000000, 0.7
18447.54166667, 0.67
18447.58333333, 0.63
18447.62500000, 0.6
18447.66666667, 0.58
18447.70833333, 0.58
18447.75000000, 0.57
18447.79166667, 0.54
18447.83333333, 0.47
18447.87500000, 0.45
18447.91666667, 0.47
18447.95833333, 0.49
18448.00000000, 0.61
18448.04166667, 0.72
18448.08333333, 0.75
18448.12500000, 0.74
18448.16666667, 0.73
18448.20833333, 0.81
18448.25000000, 0.88
18448.29166667, 0.9
18448.33333333, 0.93
18448.37500000, 0.95
18448.41666667, 0.96
18448.45833333, 0.92
18448.50000000, 0.94
18448.54166667, 0.85
18448.58333333, 0.81
18448.62500000, 0.74
18448.66666667, 0.65
18448.70833333, 0.61
18448.75000000, 0.55
18448.79166667, 0.47
18448.83333333, 0.43
18448.87500000, 0.4
18448.91666667, 0.4
18448.95833333, 0.45
18449.00000000, 0.92
18449.04166667, 0.9
18449.08333333, 0.89
18449.12500000, 0.89
18449.16666667, 0.9
18449.20833333, 0.92
18449.25000000, 0.92
18449.29166667, 0.92
18449.33333333, 0.93
18449.37500000, 0.93
18449.41666667, 0.94
18449.45833333, 0.89
18449.50000000, 0.9
18449.54166667, 0.89
18449.58333333, 0.89
18449.62500000, 0.84
18449.66666667, 0.78
18449.70833333, 0.71
18449.75000000, 0.66
18449.79166667, 0.68
18449.83333333, 0.66
18449.87500000, 0.71
18449.91666667, 0.8
18449.95833333, 0.83
18450.00000000, 0.92
18450.04166667, 0.91
18450.08333333, 0.89
18450.12500000, 0.94
18450.16666667, 0.94
18450.20833333, 0.95
18450.25000000, 0.95
18450.29166667, 0.95
18450.33333333, 0.96
18450.37500000, 0.98
18450.41666667, 0.97
18450.45833333, 0.96
18450.50000000, 0.9
18450.54166667, 0.82
18450.58333333, 0.75
18450.62500000, 0.71
18450.66666667, 0.68
18450.70833333, 0.64
18450.75000000, 0.63
18450.79166667, 0.56
18450.83333333, 0.65
18450.87500000, 0.64
18450.91666667, 0.67
18450.95833333, 0.67
18451.00000000, 0.91
18451.04166667, 0.92
18451.08333333, 0.94
18451.12500000, 0.93
18451.16666667, 0.94
18451.20833333, 0.95
18451.25000000, 0.95
18451.29166667, 0.95
18451.33333333, 0.96
18451.37500000, 0.96
18451.41666667, 0.96
18451.45833333, 0.94
18451.50000000, 0.89
18451.54166667, 0.82
18451.58333333, 0.77
18451.62500000, 0.72
18451.66666667, 0.7
18451.70833333, 0.66
18451.75000000, 0.63
18451.79166667, 0.54
18451.83333333, 0.46
18451.87500000, 0.4
18451.91666667, 0.39
18451.95833333, 0.44
18452.00000000, 0.57
18452.04166667, 0.7
18452.08333333, 0.76
18452.12500000, 0.8
18452.16666667, 0.82
18452.20833333, 0.88
18452.25000000, 0.94
18452.29166667, 0.94
18452.33333333, 0.96
18452.37500000, 0.96
18452.41666667, 0.98
18452.45833333, 0.94
18452.50000000, 0.89
18452.54166667, 0.79
18452.58333333, 0.7
18452.62500000, 0.61
18452.66666667, 0.56
18452.70833333, 0.51
18452.75000000, 0.47
18452.79166667, 0.46
18452.83333333, 0.48
18452.87500000, 0.49
18452.91666667, 0.5
18452.95833333, 0.51
18453.00000000, 0.62
18453.04166667, 0.71
18453.08333333, 0.78
18453.12500000, 0.84
18453.16666667, 0.89
18453.20833333, 0.92
18453.25000000, 0.93
18453.29166667, 0.91
18453.33333333, 0.92
18453.37500000, 0.95
18453.41666667, 0.94
18453.45833333, 0.9
18453.50000000, 0.86
18453.54166667, 0.79
18453.58333333, 0.72
18453.62500000, 0.7
18453.66666667, 0.67
18453.70833333, 0.64
18453.75000000, 0.6
18453.79166667, 0.54
18453.83333333, 0.52
18453.87500000, 0.5
18453.91666667, 0.49
18453.95833333, 0.5
18454.00000000, 0.77
18454.04166667, 0.82
18454.08333333, 0.92
18454.12500000, 0.93
18454.16666667, 0.86
18454.20833333, 0.83
18454.25000000, 0.77
18454.29166667, 0.77
18454.33333333, 0.77
18454.37500000, 0.82
18454.41666667, 0.88
18454.45833333, 0.85
18454.50000000, 0.83
18454.54166667, 0.79
18454.58333333, 0.68
18454.62500000, 0.65
18454.66666667, 0.62
18454.70833333, 0.55
18454.75000000, 0.52
18454.79166667, 0.44
18454.83333333, 0.36
18454.87500000, 0.29
18454.91666667, 0.31
18454.95833333, 0.39
18455.00000000, 0.54
18455.04166667, 0.56
18455.08333333, 0.55
18455.12500000, 0.56
18455.16666667, 0.62
18455.20833333, 0.64
18455.25000000, 0.64
18455.29166667, 0.63
18455.33333333, 0.64
18455.37500000, 0.66
18455.41666667, 0.71
18455.45833333, 0.65
18455.50000000, 0.6
18455.54166667, 0.53
18455.58333333, 0.49
18455.62500000, 0.43
18455.66666667, 0.42
18455.70833333, 0.4
18455.75000000, 0.37
18455.79166667, 0.34
18455.83333333, 0.32
18455.87500000, 0.33
18455.91666667, 0.36
18455.95833333, 0.36
18456.00000000, 0.57
18456.04166667, 0.65
18456.08333333, 0.71
18456.12500000, 0.72
18456.16666667, 0.75
18456.20833333, 0.79
18456.25000000, 0.83
18456.29166667, 0.86
18456.33333333, 0.88
18456.37500000, 0.9
18456.41666667, 0.91
18456.45833333, 0.86
18456.50000000, 0.85
18456.54166667, 0.76
18456.58333333, 0.67
18456.62500000, 0.55
18456.66666667, 0.46
18456.70833333, 0.42
18456.75000000, 0.38
18456.79166667, 0.35
18456.83333333, 0.33
18456.87500000, 0.3
18456.91666667, 0.28
18456.95833333, 0.33
18457.00000000, 0.5
18457.04166667, 0.6
18457.08333333, 0.65
18457.12500000, 0.69
18457.16666667, 0.72
18457.20833333, 0.72
18457.25000000, 0.75
18457.29166667, 0.78
18457.33333333, 0.72
18457.37500000, 0.62
18457.41666667, 0.6
18457.45833333, 0.58
18457.50000000, 0.6
18457.54166667, 0.54
18457.58333333, 0.48
18457.62500000, 0.44
18457.66666667, 0.37
18457.70833333, 0.3
18457.75000000, 0.25
18457.79166667, 0.23
18457.83333333, 0.22
18457.87500000, 0.21
18457.91666667, 0.21
18457.95833333, 0.22
18458.00000000, 0.51
18458.04166667, 0.46
18458.08333333, 0.57
18458.12500000, 0.67
18458.16666667, 0.74
18458.20833333, 0.78
18458.25000000, 0.78
18458.29166667, 0.81
18458.33333333, 0.81
18458.37500000, 0.81
18458.41666667, 0.85
18458.45833333, 0.75
18458.50000000, 0.68
18458.54166667, 0.53
18458.58333333, 0.45
18458.62500000, 0.39
18458.66666667, 0.37
18458.70833333, 0.35
18458.75000000, 0.33
18458.79166667, 0.31
18458.83333333, 0.31
18458.87500000, 0.4
18458.91666667, 0.37
18458.95833333, 0.39
18459.00000000, 0.48
18459.04166667, 0.66
18459.08333333, 0.77
18459.12500000, 0.82
18459.16666667, 0.85
18459.20833333, 0.86
18459.25000000, 0.88
18459.29166667, 0.89
18459.33333333, 0.9
18459.37500000, 0.91
18459.41666667, 0.91
18459.45833333, 0.87
18459.50000000, 0.91
18459.54166667, 0.85
18459.58333333, 0.73
18459.62500000, 0.69
18459.66666667, 0.69
18459.70833333, 0.61
18459.75000000, 0.51
18459.79166667, 0.45
18459.83333333, 0.42
18459.87500000, 0.41
18459.91666667, 0.52
18459.95833333, 0.6
18460.00000000, 0.7
18460.04166667, 0.73
18460.08333333, 0.74
18460.12500000, 0.76
18460.16666667, 0.76
18460.20833333, 0.78
18460.25000000, 0.8
18460.29166667, 0.83
18460.33333333, 0.86
18460.37500000, 0.86
18460.41666667, 0.85
18460.45833333, 0.82
18460.50000000, 0.9
18460.54166667, 0.83
18460.58333333, 0.78
18460.62500000, 0.69
18460.66666667, 0.63
18460.70833333, 0.55
18460.75000000, 0.49
18460.79166667, 0.4
18460.83333333, 0.36
18460.87500000, 0.38
18460.91666667, 0.51
18460.95833333, 0.58
18461.00000000, 0.54
18461.04166667, 0.53
18461.08333333, 0.72
18461.12500000, 0.82
18461.16666667, 0.83
18461.20833333, 0.8
18461.25000000, 0.78
18461.29166667, 0.79
18461.33333333, 0.79
18461.37500000, 0.75
18461.41666667, 0.69
18461.45833333, 0.59
18461.50000000, 0.57
18461.54166667, 0.51
18461.58333333, 0.45
18461.62500000, 0.37
18461.66666667, 0.34
18461.70833333, 0.31
18461.75000000, 0.28
18461.79166667, 0.26
18461.83333333, 0.24
18461.87500000, 0.23
18461.91666667, 0.26
18461.95833333, 0.39
18462.00000000, 0.52
18462.04166667, 0.64
18462.08333333, 0.68
18462.12500000, 0.72
18462.16666667, 0.75
18462.20833333, 0.77
18462.25000000, 0.76
18462.29166667, 0.77
18462.33333333, 0.8
18462.37500000, 0.86
18462.41666667, 0.92
18462.45833333, 0.88
18462.50000000, 0.82
18462.54166667, 0.75
18462.58333333, 0.63
18462.62500000, 0.52
18462.66666667, 0.44
18462.70833333, 0.43
18462.75000000, 0.41
18462.79166667, 0.49
18462.83333333, 0.49
18462.87500000, 0.46
18462.91666667, 0.4
18462.95833333, 0.39
18463.00000000, 0.58
18463.04166667, 0.6
18463.08333333, 0.62
18463.12500000, 0.62
18463.16666667, 0.64
18463.20833333, 0.6
18463.25000000, 0.59
18463.29166667, 0.59
18463.33333333, 0.59
18463.37500000, 0.59
18463.41666667, 0.62
18463.45833333, 0.61
18463.50000000, 0.57
18463.54166667, 0.54
18463.58333333, 0.5
18463.62500000, 0.47
18463.66666667, 0.42
18463.70833333, 0.39
18463.75000000, 0.36
18463.79166667, 0.34
18463.83333333, 0.33
18463.87500000, 0.37
18463.91666667, 0.39
18463.95833333, 0.39
18464.00000000, 0.8
18464.04166667, 0.72
18464.08333333, 0.78
18464.12500000, 0.81
18464.16666667, 0.82
18464.20833333, 0.84
18464.25000000, 0.8
18464.29166667, 0.74
18464.33333333, 0.73
18464.37500000, 0.62
18464.41666667, 0.55
18464.45833333, 0.53
18464.50000000, 0.57
18464.54166667, 0.48
18464.58333333, 0.41
18464.62500000, 0.39
18464.66666667, 0.39
18464.70833333, 0.37
18464.75000000, 0.37
18464.79166667, 0.35
18464.83333333, 0.35
18464.87500000, 0.44
18464.91666667, 0.44
18464.95833333, 0.56
18465.00000000, 0.86
18465.04166667, 0.9
18465.08333333, 0.92
18465.12500000, 0.93
18465.16666667, 0.93
18465.20833333, 0.93
18465.25000000, 0.95
18465.29166667, 0.97
18465.33333333, 0.98
18465.37500000, 0.98
18465.41666667, 0.99
18465.45833333, 0.94
18465.50000000, 0.85
18465.54166667, 0.77
18465.58333333, 0.7
18465.62500000, 0.63
18465.66666667, 0.56
18465.70833333, 0.53
18465.75000000, 0.48
18465.79166667, 0.51
18465.83333333, 0.52
18465.87500000, 0.66
18465.91666667, 0.69
18465.95833333, 0.7
18466.00000000, 0.91
18466.04166667, 0.91
18466.08333333, 0.93
18466.12500000, 0.96
18466.16666667, 0.96
18466.20833333, 0.96
18466.25000000, 0.96
18466.29166667, 0.95
18466.33333333, 0.96
18466.37500000, 0.95
18466.41666667, 0.95
18466.45833333, 0.94
18466.50000000, 0.9
18466.54166667, 0.81
18466.58333333, 0.75
18466.62500000, 0.72
18466.66666667, 0.63
18466.70833333, 0.59
18466.75000000, 0.58
18466.79166667, 0.55
18466.83333333, 0.5
18466.87500000, 0.51
18466.91666667, 0.53
18466.95833333, 0.62
18467.00000000, 0.88
18467.04166667, 0.92
18467.08333333, 0.93
18467.12500000, 0.92
18467.16666667, 0.92
18467.20833333, 0.94
18467.25000000, 0.91
18467.29166667, 0.94
18467.33333333, 0.94
18467.37500000, 0.95
18467.41666667, 0.96
18467.45833333, 0.95
18467.50000000, 0.94
18467.54166667, 0.94
18467.58333333, 0.89
18467.62500000, 0.86
18467.66666667, 0.82
18467.70833333, 0.81
18467.75000000, 0.75
18467.79166667, 0.72
18467.83333333, 0.73
18467.87500000, 0.77
18467.91666667, 0.73
18467.95833333, 0.74
18468.00000000, 0.93
18468.04166667, 0.94
18468.08333333, 0.93
18468.12500000, 0.93
18468.16666667, 0.98
18468.20833333, 1
18468.25000000, 1
18468.29166667, 1
18468.33333333, 1
18468.37500000, 0.99
18468.41666667, 0.98
18468.45833333, 0.97
18468.50000000, 0.95
18468.54166667, 0.87
18468.58333333, 0.85
18468.62500000, 0.84
18468.66666667, 0.83
18468.70833333, 0.82
18468.75000000, 0.79
18468.79166667, 0.77
18468.83333333, 0.66
18468.87500000, 0.63
18468.91666667, 0.61
18468.95833333, 0.6
18469.00000000, 0.81
18469.04166667, 0.87
18469.08333333, 0.9
18469.12500000, 0.83
18469.16666667, 0.88
18469.20833333, 0.86
18469.25000000, 0.91
18469.29166667, 0.92
18469.33333333, 0.92
18469.37500000, 0.94
18469.41666667, 0.95
18469.45833333, 0.94
18469.50000000, 0.93
18469.54166667, 0.82
18469.58333333, 0.68
18469.62500000, 0.53
18469.66666667, 0.42
18469.70833333, 0.37
18469.75000000, 0.35
18469.79166667, 0.33
18469.83333333, 0.3
18469.87500000, 0.28
18469.91666667, 0.27
18469.95833333, 0.42
18470.00000000, 0.61
18470.04166667, 0.58
18470.08333333, 0.6
18470.12500000, 0.69
18470.16666667, 0.73
18470.20833333, 0.72
18470.25000000, 0.68
18470.29166667, 0.68
18470.33333333, 0.67
18470.37500000, 0.68
18470.41666667, 0.7
18470.45833333, 0.71
18470.50000000, 0.67
18470.54166667, 0.6
18470.58333333, 0.53
18470.62500000, 0.47
18470.66666667, 0.43
18470.70833333, 0.38
18470.75000000, 0.34
18470.79166667, 0.3
18470.83333333, 0.29
18470.87500000, 0.27
18470.91666667, 0.27
18470.95833333, 0.31
18471.00000000, 0.5
18471.04166667, 0.57
18471.08333333, 0.61
18471.12500000, 0.58
18471.16666667, 0.59
18471.20833333, 0.62
18471.25000000, 0.65
18471.29166667, 0.67
18471.33333333, 0.69
18471.37500000, 0.72
18471.41666667, 0.75
18471.45833333, 0.75
18471.50000000, 0.69
18471.54166667, 0.62
18471.58333333, 0.56
18471.62500000, 0.54
18471.66666667, 0.49
18471.70833333, 0.46
18471.75000000, 0.44
18471.79166667, 0.44
18471.83333333, 0.42
18471.87500000, 0.49
18471.91666667, 0.62
18471.95833333, 0.73
18472.00000000, 0.82
18472.04166667, 0.86
18472.08333333, 0.85
18472.12500000, 0.89
18472.16666667, 0.92
18472.20833333, 0.94
18472.25000000, 0.94
18472.29166667, 0.93
18472.33333333, 0.88
18472.37500000, 0.81
18472.41666667, 0.79
18472.45833333, 0.74
18472.50000000, 0.66
18472.54166667, 0.56
18472.58333333, 0.44
18472.62500000, 0.35
18472.66666667, 0.32
18472.70833333, 0.3
18472.75000000, 0.29
18472.79166667, 0.29
18472.83333333, 0.29
18472.87500000, 0.29
18472.91666667, 0.3
18472.95833333, 0.34
18473.00000000, 0.52
18473.04166667, 0.56
18473.08333333, 0.61
18473.12500000, 0.68
18473.16666667, 0.76
18473.20833333, 0.82
18473.25000000, 0.86
18473.29166667, 0.9
18473.33333333, 0.93
18473.37500000, 0.95
18473.41666667, 0.95
18473.45833333, 0.91
18473.50000000, 0.79
18473.54166667, 0.62
18473.58333333, 0.47
18473.62500000, 0.38
18473.66666667, 0.35
18473.70833333, 0.33
18473.75000000, 0.32
18473.79166667, 0.31
18473.83333333, 0.32
18473.87500000, 0.32
18473.91666667, 0.34
18473.95833333, 0.37
18474.00000000, 0.73
18474.04166667, 0.93
18474.08333333, 0.93
18474.12500000, 0.92
18474.16666667, 0.91
18474.20833333, 0.88
18474.25000000, 0.9
18474.29166667, 0.9
18474.33333333, 0.87
18474.37500000, 0.88
18474.41666667, 0.88
18474.45833333, 0.9
18474.50000000, 0.95
18474.54166667, 0.96
18474.58333333, 0.91
18474.62500000, 0.9
18474.66666667, 0.92
18474.70833333, 0.88
18474.75000000, 0.79
18474.79166667, 0.78
18474.83333333, 0.78
18474.87500000, 0.77
18474.91666667, 0.77
18474.95833333, 0.76
18475.00000000, 0.91
18475.04166667, 0.94
18475.08333333, 0.94
18475.12500000, 0.94
18475.16666667, 0.95
18475.20833333, 0.95
18475.25000000, 0.96
18475.29166667, 0.96
18475.33333333, 0.96
18475.37500000, 0.97
18475.41666667, 0.99
18475.45833333, 0.98
18475.50000000, 0.95
18475.54166667, 0.89
18475.58333333, 0.82
18475.62500000, 0.73
18475.66666667, 0.65
18475.70833333, 0.61
18475.75000000, 0.59
18475.79166667, 0.57
18475.83333333, 0.57
18475.87500000, 0.57
18475.91666667, 0.59
18475.95833333, 0.64
18476.00000000, 0.9
18476.04166667, 0.9
18476.08333333, 0.91
18476.12500000, 0.93
18476.16666667, 0.95
18476.20833333, 0.96
18476.25000000, 0.97
18476.29166667, 0.96
18476.33333333, 0.95
18476.37500000, 0.95
18476.41666667, 0.96
18476.45833333, 0.94
18476.50000000, 0.94
18476.54166667, 0.9
18476.58333333, 0.81
18476.62500000, 0.73
18476.66666667, 0.7
18476.70833333, 0.63
18476.75000000, 0.57
18476.79166667, 0.49
18476.83333333, 0.44
18476.87500000, 0.45
18476.91666667, 0.44
18476.95833333, 0.47
18477.00000000, 0.67
18477.04166667, 0.68
18477.08333333, 0.72
18477.12500000, 0.73
18477.16666667, 0.74
18477.20833333, 0.77
18477.25000000, 0.7
18477.29166667, 0.75
18477.33333333, 0.79
18477.37500000, 0.84
18477.41666667, 0.86
18477.45833333, 0.8
18477.50000000, 0.7
18477.54166667, 0.63
18477.58333333, 0.58
18477.62500000, 0.53
18477.66666667, 0.5
18477.70833333, 0.51
18477.75000000, 0.51
18477.79166667, 0.51
18477.83333333, 0.51
18477.87500000, 0.59
18477.91666667, 0.91
18477.95833333, 0.92
18478.00000000, 0.93
18478.04166667, 0.94
18478.08333333, 0.95
18478.12500000, 0.94
18478.16666667, 0.95
18478.20833333, 0.95
18478.25000000, 0.95
18478.29166667, 0.95
18478.33333333, 0.96
18478.37500000, 0.96
18478.41666667, 0.97
18478.45833333, 0.96
18478.50000000, 0.85
18478.54166667, 0.88
18478.58333333, 0.9
18478.62500000, 0.9
18478.66666667, 0.89
18478.70833333, 0.72
18478.75000000, 0.64
18478.79166667, 0.58
18478.83333333, 0.49
18478.87500000, 0.46
18478.91666667, 0.49
18478.95833333, 0.61
18479.00000000, 0.76
18479.04166667, 0.76
18479.08333333, 0.82
18479.12500000, 0.83
18479.16666667, 0.92
18479.20833333, 0.92
18479.25000000, 0.86
18479.29166667, 0.87
18479.33333333, 0.88
18479.37500000, 0.88
18479.41666667, 0.9
18479.45833333, 0.89
18479.50000000, 0.85
18479.54166667, 0.79
18479.58333333, 0.71
18479.62500000, 0.63
18479.66666667, 0.59
18479.70833333, 0.55
18479.75000000, 0.52
18479.79166667, 0.51
18479.83333333, 0.51
18479.87500000, 0.51
18479.91666667, 0.55
18479.95833333, 0.64
18480.00000000, 0.73
18480.04166667, 0.83
18480.08333333, 0.82
18480.12500000, 0.81
18480.16666667, 0.84
18480.20833333, 0.86
18480.25000000, 0.77
18480.29166667, 0.76
18480.33333333, 0.78
18480.37500000, 0.88
18480.41666667, 0.89
18480.45833333, 0.91
18480.50000000, 0.9
18480.54166667, 0.87
18480.58333333, 0.81
18480.62500000, 0.74
18480.66666667, 0.71
18480.70833333, 0.81
18480.75000000, 0.85
18480.79166667, 0.87
18480.83333333, 0.86
18480.87500000, 0.85
18480.91666667, 0.87
18480.95833333, 0.87
18481.00000000, 0.93
18481.04166667, 0.94
18481.08333333, 0.94
18481.12500000, 0.95
18481.16666667, 0.96
18481.20833333, 0.97
18481.25000000, 0.98
18481.29166667, 0.99
18481.33333333, 0.98
18481.37500000, 0.98
18481.41666667, 0.97
18481.45833333, 0.97
18481.50000000, 0.96
18481.54166667, 0.93
18481.58333333, 0.86
18481.62500000, 0.84
18481.66666667, 0.84
18481.70833333, 0.82
18481.75000000, 0.83
18481.79166667, 0.86
18481.83333333, 0.87
18481.87500000, 0.85
18481.91666667, 0.82
18481.95833333, 0.82
18482.00000000, 0.96
18482.04166667, 0.97
18482.08333333, 0.95
18482.12500000, 0.96
18482.16666667, 0.97
18482.20833333, 0.95
18482.25000000, 0.97
18482.29166667, 0.98
18482.33333333, 0.97
18482.37500000, 0.97
18482.41666667, 0.97
18482.45833333, 0.96
18482.50000000, 0.96
18482.54166667, 0.91
18482.58333333, 0.86
18482.62500000, 0.8
18482.66666667, 0.77
18482.70833333, 0.76
18482.75000000, 0.77
18482.79166667, 0.76
18482.83333333, 0.7
18482.87500000, 0.68
18482.91666667, 0.69
18482.95833333, 0.73
18483.00000000, 0.9
18483.04166667, 0.93
18483.08333333, 0.91
18483.12500000, 0.94
18483.16666667, 0.97
18483.20833333, 0.97
18483.25000000, 0.98
18483.29166667, 0.99
18483.33333333, 0.99
18483.37500000, 1
18483.41666667, 0.99
18483.45833333, 0.98
18483.50000000, 0.95
18483.54166667, 0.96
18483.58333333, 0.88
18483.62500000, 0.84
18483.66666667, 0.83
18483.70833333, 0.74
18483.75000000, 0.66
18483.79166667, 0.62
18483.83333333, 0.63
18483.87500000, 0.68
18483.91666667, 0.73
18483.95833333, 0.77
18484.00000000, 0.94
18484.04166667, 0.93
18484.08333333, 0.92
18484.12500000, 0.91
18484.16666667, 0.92
18484.20833333, 0.94
18484.25000000, 0.95
18484.29166667, 0.96
18484.33333333, 0.97
18484.37500000, 0.97
18484.41666667, 0.98
18484.45833333, 0.99
18484.50000000, 0.97
18484.54166667, 0.9
18484.58333333, 0.81
18484.62500000, 0.75
18484.66666667, 0.67
18484.70833333, 0.61
18484.75000000, 0.56
18484.79166667, 0.51
18484.83333333, 0.59
18484.87500000, 0.63
18484.91666667, 0.67
18484.95833333, 0.72
18485.00000000, 0.83
18485.04166667, 0.85
18485.08333333, 0.91
18485.12500000, 0.93
18485.16666667, 0.91
18485.20833333, 0.92
18485.25000000, 0.94
18485.29166667, 0.96
18485.33333333, 0.97
18485.37500000, 0.98
18485.41666667, 0.98
18485.45833333, 0.98
18485.50000000, 0.94
18485.54166667, 0.88
18485.58333333, 0.81
18485.62500000, 0.8
18485.66666667, 0.74
18485.70833333, 0.67
18485.75000000, 0.58
18485.79166667, 0.56
18485.83333333, 0.56
18485.87500000, 0.57
18485.91666667, 0.64
18485.95833333, 0.71
18486.00000000, 0.9
18486.04166667, 0.9
18486.08333333, 0.91
18486.12500000, 0.94
18486.16666667, 0.96
18486.20833333, 0.95
18486.25000000, 0.96
18486.29166667, 0.95
18486.33333333, 0.96
18486.37500000, 0.95
18486.41666667, 0.96
18486.45833333, 0.94
18486.50000000, 0.93
18486.54166667, 0.84
18486.58333333, 0.8
18486.62500000, 0.88
18486.66666667, 0.84
18486.70833333, 0.8
18486.75000000, 0.78
18486.79166667, 0.79
18486.83333333, 0.8
18486.87500000, 0.81
18486.91666667, 0.83
18486.95833333, 0.83
18487.00000000, 0.93
18487.04166667, 0.94
18487.08333333, 0.94
18487.12500000, 0.96
18487.16666667, 0.93
18487.20833333, 0.96
18487.25000000, 0.92
18487.29166667, 0.96
18487.33333333, 0.97
18487.37500000, 0.97
18487.41666667, 0.97
18487.45833333, 0.95
18487.50000000, 0.95
18487.54166667, 0.95
18487.58333333, 0.94
18487.62500000, 0.94
18487.66666667, 0.96
18487.70833333, 0.96
18487.75000000, 0.97
18487.79166667, 0.98
18487.83333333, 0.95
18487.87500000, 0.97
18487.91666667, 0.95
18487.95833333, 0.95
18488.00000000, 0.94
18488.04166667, 0.95
18488.08333333, 0.96
18488.12500000, 0.96
18488.16666667, 0.96
18488.20833333, 0.96
18488.25000000, 0.96
18488.29166667, 0.95
18488.33333333, 0.94
18488.37500000, 0.95
18488.41666667, 0.95
18488.45833333, 0.95
18488.50000000, 0.95
18488.54166667, 0.92
18488.58333333, 0.95
18488.62500000, 0.92
18488.66666667, 0.92
18488.70833333, 0.86
18488.75000000, 0.78
18488.79166667, 0.7
18488.83333333, 0.71
18488.87500000, 0.68
18488.91666667, 0.7
18488.95833333, 0.76
18489.00000000, 0.92
18489.04166667, 0.94
18489.08333333, 0.9
18489.12500000, 0.88
18489.16666667, 0.94
18489.20833333, 0.94
18489.25000000, 0.95
18489.29166667, 0.94
18489.33333333, 0.94
18489.37500000, 0.94
18489.41666667, 0.94
18489.45833333, 0.94
18489.50000000, 0.86
18489.54166667, 0.87
18489.58333333, 0.89
18489.62500000, 0.86
18489.66666667, 0.85
18489.70833333, 0.8
18489.75000000, 0.77
18489.79166667, 0.75
18489.83333333, 0.7
18489.87500000, 0.73
18489.91666667, 0.74
18489.95833333, 0.76
18490.00000000, 0.86
18490.04166667, 0.9
18490.08333333, 0.92
18490.12500000, 0.93
18490.16666667, 0.93
18490.20833333, 0.94
18490.25000000, 0.94
18490.29166667, 0.94
18490.33333333, 0.94
18490.37500000, 0.94
18490.41666667, 0.94
18490.45833333, 0.93
18490.50000000, 0.93
18490.54166667, 0.94
18490.58333333, 0.94
18490.62500000, 0.95
18490.66666667, 0.93
18490.70833333, 0.94
18490.75000000, 0.91
18490.79166667, 0.89
18490.83333333, 0.85
18490.87500000, 0.82
18490.91666667, 0.8
18490.95833333, 0.82
18491.00000000, 0.9
18491.04166667, 0.89
18491.08333333, 0.86
18491.12500000, 0.91
18491.16666667, 0.94
18491.20833333, 0.95
18491.25000000, 0.98
18491.29166667, 0.99
18491.33333333, 0.99
18491.37500000, 0.99
18491.41666667, 1
18491.45833333, 0.98
18491.50000000, 0.99
18491.54166667, 0.91
18491.58333333, 0.86
18491.62500000, 0.77
18491.66666667, 0.7
18491.70833333, 0.65
18491.75000000, 0.64
18491.79166667, 0.63
18491.83333333, 0.64
18491.87500000, 0.72
18491.91666667, 0.79
18491.95833333, 0.86
18492.00000000, 0.9
18492.04166667, 0.91
18492.08333333, 0.93
18492.12500000, 0.94
18492.16666667, 0.96
18492.20833333, 0.95
18492.25000000, 0.95
18492.29166667, 0.94
18492.33333333, 0.92
18492.37500000, 0.87
18492.41666667, 0.85
18492.45833333, 0.84
18492.50000000, 0.79
18492.54166667, 0.74
18492.58333333, 0.7
18492.62500000, 0.62
18492.66666667, 0.54
18492.70833333, 0.51
18492.75000000, 0.49
18492.79166667, 0.48
18492.83333333, 0.48
18492.87500000, 0.48
18492.91666667, 0.5
18492.95833333, 0.46
18493.00000000, 0.61
18493.04166667, 0.69
18493.08333333, 0.76
18493.12500000, 0.79
18493.16666667, 0.8
18493.20833333, 0.82
18493.25000000, 0.86
18493.29166667, 0.89
18493.33333333, 0.88
18493.37500000, 0.75
18493.41666667, 0.69
18493.45833333, 0.75
18493.50000000, 0.89
18493.54166667, 0.93
18493.58333333, 0.93
18493.62500000, 0.92
18493.66666667, 0.77
18493.70833333, 0.72
18493.75000000, 0.66
18493.79166667, 0.64
18493.83333333, 0.64
18493.87500000, 0.63
18493.91666667, 0.67
18493.95833333, 0.8
18494.00000000, 0.89
18494.04166667, 0.93
18494.08333333, 0.92
18494.12500000, 0.91
18494.16666667, 0.88
18494.20833333, 0.94
18494.25000000, 0.95
18494.29166667, 0.92
18494.33333333, 0.9
18494.37500000, 0.88
18494.41666667, 0.92
18494.45833333, 0.83
18494.50000000, 0.89
18494.54166667, 0.85
18494.58333333, 0.79
18494.62500000, 0.73
18494.66666667, 0.66
18494.70833333, 0.62
18494.75000000, 0.58
18494.79166667, 0.55
18494.83333333, 0.53
18494.87500000, 0.53
18494.91666667, 0.56
18494.95833333, 0.67
18495.00000000, 0.74
18495.04166667, 0.77
18495.08333333, 0.83
18495.12500000, 0.85
18495.16666667, 0.88
18495.20833333, 0.88
18495.25000000, 0.91
18495.29166667, 0.93
18495.33333333, 0.95
18495.37500000, 0.97
18495.41666667, 0.97
18495.45833333, 0.98
18495.50000000, 0.94
18495.54166667, 0.86
18495.58333333, 0.78
18495.62500000, 0.72
18495.66666667, 0.7
18495.70833333, 0.68
18495.75000000, 0.67
18495.79166667, 0.66
18495.83333333, 0.66
18495.87500000, 0.68
18495.91666667, 0.73
18495.95833333, 0.77
18496.00000000, 0.83
18496.04166667, 0.86
18496.08333333, 0.87
18496.12500000, 0.89
18496.16666667, 0.93
18496.20833333, 0.95
18496.25000000, 0.96
18496.29166667, 0.96
18496.33333333, 0.96
18496.37500000, 0.95
18496.41666667, 0.96
18496.45833333, 0.96
18496.50000000, 0.93
18496.54166667, 0.93
18496.58333333, 0.96
18496.62500000, 0.94
18496.66666667, 0.88
18496.70833333, 0.87
18496.75000000, 0.84
18496.79166667, 0.81
18496.83333333, 0.76
18496.87500000, 0.73
18496.91666667, 0.74
18496.95833333, 0.8
18497.00000000, 0.92
18497.04166667, 0.92
18497.08333333, 0.93
18497.12500000, 0.93
18497.16666667, 0.95
18497.20833333, 0.97
18497.25000000, 0.99
18497.29166667, 1
18497.33333333, 0.99
18497.37500000, 0.99
18497.41666667, 0.99
18497.45833333, 0.98
18497.50000000, 0.94
18497.54166667, 0.92
18497.58333333, 0.88
18497.62500000, 0.81
18497.66666667, 0.73
18497.70833333, 0.7
18497.75000000, 0.67
18497.79166667, 0.72
18497.83333333, 0.71
18497.87500000, 0.69
18497.91666667, 0.73
18497.95833333, 0.8
18498.00000000, 0.94
18498.04166667, 0.96
18498.08333333, 0.98
18498.12500000, 0.97
18498.16666667, 0.96
18498.20833333, 0.95
18498.25000000, 0.95
18498.29166667, 0.95
18498.33333333, 0.95
18498.37500000, 0.95
18498.41666667, 0.95
18498.45833333, 0.95
18498.50000000, 0.94
18498.54166667, 0.92
18498.58333333, 0.86
18498.62500000, 0.77
18498.66666667, 0.74
18498.70833333, 0.73
18498.75000000, 0.71
18498.79166667, 0.68
18498.83333333, 0.7
18498.87500000, 0.77
18498.91666667, 0.8
18498.95833333, 0.82
18499.00000000, 0.89
18499.04166667, 0.89
18499.08333333, 0.91
18499.12500000, 0.9
18499.16666667, 0.88
18499.20833333, 0.9
18499.25000000, 0.92
18499.29166667, 0.93
18499.33333333, 0.92
18499.37500000, 0.9
18499.41666667, 0.88
18499.45833333, 0.87
18499.50000000, 0.83
18499.54166667, 0.79
18499.58333333, 0.73
18499.62500000, 0.7
18499.66666667, 0.67
18499.70833333, 0.63
18499.75000000, 0.6
18499.79166667, 0.48
18499.83333333, 0.55
18499.87500000, 0.57
18499.91666667, 0.58
18499.95833333, 0.61
18500.00000000, 0.85
18500.04166667, 0.78
18500.08333333, 0.76
18500.12500000, 0.75
18500.16666667, 0.75
18500.20833333, 0.72
18500.25000000, 0.67
18500.29166667, 0.64
18500.33333333, 0.66
18500.37500000, 0.7
18500.41666667, 0.73
18500.45833333, 0.76
18500.50000000, 0.77
18500.54166667, 0.69
18500.58333333, 0.6
18500.62500000, 0.54
18500.66666667, 0.52
18500.70833333, 0.5
18500.75000000, 0.47
18500.79166667, 0.43
18500.83333333, 0.42
18500.87500000, 0.43
18500.91666667, 0.48
18500.95833333, 0.57
18501.00000000, 0.66
18501.04166667, 0.66
18501.08333333, 0.65
18501.12500000, 0.67
18501.16666667, 0.7
18501.20833333, 0.72
18501.25000000, 0.76
18501.29166667, 0.79
18501.33333333, 0.81
18501.37500000, 0.83
18501.41666667, 0.85
18501.45833333, 0.86
18501.50000000, 0.82
18501.54166667, 0.76
18501.58333333, 0.68
18501.62500000, 0.62
18501.66666667, 0.54
18501.70833333, 0.55
18501.75000000, 0.48
18501.79166667, 0.47
18501.83333333, 0.45
18501.87500000, 0.59
18501.91666667, 0.63
18501.95833333, 0.66
18502.00000000, 0.69
18502.04166667, 0.66
18502.08333333, 0.67
18502.12500000, 0.69
18502.16666667, 0.71
18502.20833333, 0.73
18502.25000000, 0.76
18502.29166667, 0.79
18502.33333333, 0.81
18502.37500000, 0.81
18502.41666667, 0.78
18502.45833333, 0.77
18502.50000000, 0.8
18502.54166667, 0.75
18502.58333333, 0.7
18502.62500000, 0.66
18502.66666667, 0.61
18502.70833333, 0.55
18502.75000000, 0.52
18502.79166667, 0.5
18502.83333333, 0.51
18502.87500000, 0.54
18502.91666667, 0.58
18502.95833333, 0.65
18503.00000000, 0.94
18503.04166667, 0.95
18503.08333333, 0.94
18503.12500000, 0.97
18503.16666667, 0.98
18503.20833333, 0.97
18503.25000000, 0.97
18503.29166667, 0.95
18503.33333333, 0.94
18503.37500000, 0.94
18503.41666667, 0.94
18503.45833333, 0.94
18503.50000000, 0.92
18503.54166667, 0.94
18503.58333333, 0.95
18503.62500000, 0.93
18503.66666667, 0.85
18503.70833333, 0.9
18503.75000000, 0.88
18503.79166667, 0.83
18503.83333333, 0.73
18503.87500000, 0.7
18503.91666667, 0.71
18503.95833333, 0.76
18504.00000000, 0.89
18504.04166667, 0.79
18504.08333333, 0.7
18504.12500000, 0.71
18504.16666667, 0.68
18504.20833333, 0.73
18504.25000000, 0.76
18504.29166667, 0.79
18504.33333333, 0.81
18504.37500000, 0.82
18504.41666667, 0.83
18504.45833333, 0.82
18504.50000000, 0.77
18504.54166667, 0.7
18504.58333333, 0.63
18504.62500000, 0.56
18504.66666667, 0.52
18504.70833333, 0.49
18504.75000000, 0.45
18504.79166667, 0.45
18504.83333333, 0.44
18504.87500000, 0.43
18504.91666667, 0.48
18504.95833333, 0.68
18505.00000000, 0.66
18505.04166667, 0.69
18505.08333333, 0.74
18505.12500000, 0.75
18505.16666667, 0.77
18505.20833333, 0.66
18505.25000000, 0.79
18505.29166667, 0.83
18505.33333333, 0.88
18505.37500000, 0.82
18505.41666667, 0.78
18505.45833333, 0.86
18505.50000000, 0.8
18505.54166667, 0.82
18505.58333333, 0.8
18505.62500000, 0.79
18505.66666667, 0.84
18505.70833333, 0.86
18505.75000000, 0.87
18505.79166667, 0.82
18505.83333333, 0.85
18505.87500000, 0.9
18505.91666667, 0.89
18505.95833333, 0.91
18506.00000000, 0.9
18506.04166667, 0.87
18506.08333333, 0.84
18506.12500000, 0.85
18506.16666667, 0.89
18506.20833333, 0.92
18506.25000000, 0.94
18506.29166667, 0.94
18506.33333333, 0.94
18506.37500000, 0.95
18506.41666667, 0.95
18506.45833333, 0.96
18506.50000000, 0.95
18506.54166667, 0.95
18506.58333333, 0.94
18506.62500000, 0.92
18506.66666667, 0.91
18506.70833333, 0.86
18506.75000000, 0.84
18506.79166667, 0.77
18506.83333333, 0.72
18506.87500000, 0.71
18506.91666667, 0.74
18506.95833333, 0.82
18507.00000000, 0.94
18507.04166667, 0.96
18507.08333333, 0.96
18507.12500000, 0.96
18507.16666667, 0.95
18507.20833333, 0.95
18507.25000000, 0.96
18507.29166667, 0.96
18507.33333333, 0.97
18507.37500000, 0.96
18507.41666667, 0.97
18507.45833333, 0.97
18507.50000000, 0.97
18507.54166667, 0.94
18507.58333333, 0.89
18507.62500000, 0.83
18507.66666667, 0.79
18507.70833333, 0.77
18507.75000000, 0.72
18507.79166667, 0.68
18507.83333333, 0.63
18507.87500000, 0.66
18507.91666667, 0.68
18507.95833333, 0.72
18508.00000000, 0.92
18508.04166667, 0.92
18508.08333333, 0.92
18508.12500000, 0.91
18508.16666667, 0.92
18508.20833333, 0.92
18508.25000000, 0.92
18508.29166667, 0.9
18508.33333333, 0.92
18508.37500000, 0.93
18508.41666667, 0.94
18508.45833333, 0.95
18508.50000000, 0.93
18508.54166667, 0.89
18508.58333333, 0.82
18508.62500000, 0.78
18508.66666667, 0.74
18508.70833333, 0.7
18508.75000000, 0.66
18508.79166667, 0.65
18508.83333333, 0.62
18508.87500000, 0.61
18508.91666667, 0.65
18508.95833333, 0.74
18509.00000000, 0.96
18509.04166667, 0.96
18509.08333333, 0.95
18509.12500000, 0.94
18509.16666667, 0.94
18509.20833333, 0.93
18509.25000000, 0.93
18509.29166667, 0.92
18509.33333333, 0.93
18509.37500000, 0.93
18509.41666667, 0.92
18509.45833333, 0.93
18509.50000000, 0.89
18509.54166667, 0.83
18509.58333333, 0.76
18509.62500000, 0.67
18509.66666667, 0.63
18509.70833333, 0.59
18509.75000000, 0.59
18509.79166667, 0.59
18509.83333333, 0.6
18509.87500000, 0.63
18509.91666667, 0.67
18509.95833333, 0.77
18510.00000000, 0.89
18510.04166667, 0.9
18510.08333333, 0.83
18510.12500000, 0.69
18510.16666667, 0.62
18510.20833333, 0.62
18510.25000000, 0.6
18510.29166667, 0.61
18510.33333333, 0.64
18510.37500000, 0.64
18510.41666667, 0.66
18510.45833333, 0.7
18510.50000000, 0.71
18510.54166667, 0.66
18510.58333333, 0.59
18510.62500000, 0.51
18510.66666667, 0.46
18510.70833333, 0.44
18510.75000000, 0.45
18510.79166667, 0.45
18510.83333333, 0.44
18510.87500000, 0.43
18510.91666667, 0.46
18510.95833333, 0.62
18511.00000000, 0.48
18511.04166667, 0.72
18511.08333333, 0.78
18511.12500000, 0.87
18511.16666667, 0.86
18511.20833333, 0.86
18511.25000000, 0.84
18511.29166667, 0.82
18511.33333333, 0.82
18511.37500000, 0.82
18511.41666667, 0.85
18511.45833333, 0.89
18511.50000000, 0.83
18511.54166667, 0.76
18511.58333333, 0.69
18511.62500000, 0.59
18511.66666667, 0.52
18511.70833333, 0.48
18511.75000000, 0.44
18511.79166667, 0.4
18511.83333333, 0.4
18511.87500000, 0.44
18511.91666667, 0.5
18511.95833333, 0.62
18512.00000000, 0.68
18512.04166667, 0.7
18512.08333333, 0.73
18512.12500000, 0.73
18512.16666667, 0.78
18512.20833333, 0.84
18512.25000000, 0.88
18512.29166667, 0.89
18512.33333333, 0.91
18512.37500000, 0.89
18512.41666667, 0.91
18512.45833333, 0.91
18512.50000000, 0.88
18512.54166667, 0.81
18512.58333333, 0.69
18512.62500000, 0.61
18512.66666667, 0.55
18512.70833333, 0.5
18512.75000000, 0.49
18512.79166667, 0.48
18512.83333333, 0.48
18512.87500000, 0.48
18512.91666667, 0.55
18512.95833333, 0.67
18513.00000000, 0.7
18513.04166667, 0.77
18513.08333333, 0.79
18513.12500000, 0.85
18513.16666667, 0.87
18513.20833333, 0.85
18513.25000000, 0.82
18513.29166667, 0.68
18513.33333333, 0.7
18513.37500000, 0.73
18513.41666667, 0.86
18513.45833333, 0.88
18513.50000000, 0.86
18513.54166667, 0.82
18513.58333333, 0.82
18513.62500000, 0.71
18513.66666667, 0.64
18513.70833333, 0.61
18513.75000000, 0.59
18513.79166667, 0.57
18513.83333333, 0.55
18513.87500000, 0.55
18513.91666667, 0.62
18513.95833333, 0.72
18514.00000000, 0.8
18514.04166667, 0.79
18514.08333333, 0.82
18514.12500000, 0.86
18514.16666667, 0.89
18514.20833333, 0.91
18514.25000000, 0.93
18514.29166667, 0.94
18514.33333333, 0.94
18514.37500000, 0.95
18514.41666667, 0.95
18514.45833333, 0.95
18514.50000000, 0.93
18514.54166667, 0.88
18514.58333333, 0.81
18514.62500000, 0.76
18514.66666667, 0.8
18514.70833333, 0.86
18514.75000000, 0.91
18514.79166667, 0.92
18514.83333333, 0.89
18514.87500000, 0.92
18514.91666667, 0.95
18514.95833333, 0.95
18515.00000000, 0.97
18515.04166667, 0.96
18515.08333333, 0.95
18515.12500000, 0.96
18515.16666667, 0.97
18515.20833333, 0.98
18515.25000000, 0.98
18515.29166667, 0.98
18515.33333333, 0.97
18515.37500000, 0.97
18515.41666667, 0.98
18515.45833333, 0.97
18515.50000000, 0.96
18515.54166667, 0.97
18515.58333333, 0.97
18515.62500000, 0.96
18515.66666667, 0.95
18515.70833333, 0.93
18515.75000000, 0.87
18515.79166667, 0.86
18515.83333333, 0.89
18515.87500000, 0.87
18515.91666667, 0.9
18515.95833333, 0.95
18516.00000000, 0.96
18516.04166667, 0.96
18516.08333333, 0.96
18516.12500000, 0.97
18516.16666667, 0.98
18516.20833333, 0.98
18516.25000000, 0.98
18516.29166667, 0.98
18516.33333333, 0.97
18516.37500000, 0.96
18516.41666667, 0.96
18516.45833333, 0.95
18516.50000000, 0.95
18516.54166667, 0.92
18516.58333333, 0.86
18516.62500000, 0.92
18516.66666667, 0.9
18516.70833333, 0.8
18516.75000000, 0.82
18516.79166667, 0.78
18516.83333333, 0.73
18516.87500000, 0.71
18516.91666667, 0.75
18516.95833333, 0.82
18517.00000000, 0.83
18517.04166667, 0.83
18517.08333333, 0.85
18517.12500000, 0.91
18517.16666667, 0.92
18517.20833333, 0.93
18517.25000000, 0.94
18517.29166667, 0.93
18517.33333333, 0.95
18517.37500000, 0.94
18517.41666667, 0.94
18517.45833333, 0.94
18517.50000000, 0.92
18517.54166667, 0.89
18517.58333333, 0.85
18517.62500000, 0.8
18517.66666667, 0.71
18517.70833333, 0.66
18517.75000000, 0.65
18517.79166667, 0.63
18517.83333333, 0.61
18517.87500000, 0.59
18517.91666667, 0.62
18517.95833333, 0.66
18518.00000000, 0.71
18518.04166667, 0.72
18518.08333333, 0.77
18518.12500000, 0.8
18518.16666667, 0.83
18518.20833333, 0.87
18518.25000000, 0.91
18518.29166667, 0.91
18518.33333333, 0.92
18518.37500000, 0.92
18518.41666667, 0.93
18518.45833333, 0.94
18518.50000000, 0.9
18518.54166667, 0.87
18518.58333333, 0.83
18518.62500000, 0.79
18518.66666667, 0.75
18518.70833333, 0.73
18518.75000000, 0.67
18518.79166667, 0.64
18518.83333333, 0.6
18518.87500000, 0.61
18518.91666667, 0.66
18518.95833333, 0.8
18519.00000000, 0.78
18519.04166667, 0.78
18519.08333333, 0.85
18519.12500000, 0.88
18519.16666667, 0.91
18519.20833333, 0.88
18519.25000000, 0.85
18519.29166667, 0.85
18519.33333333, 0.85
18519.37500000, 0.86
18519.41666667, 0.85
18519.45833333, 0.83
18519.50000000, 0.81
18519.54166667, 0.8
18519.58333333, 0.72
18519.62500000, 0.64
18519.66666667, 0.59
18519.70833333, 0.53
18519.75000000, 0.49
18519.79166667, 0.45
18519.83333333, 0.45
18519.87500000, 0.48
18519.91666667, 0.55
18519.95833333, 0.69
18520.00000000, 0.72
18520.04166667, 0.69
18520.08333333, 0.63
18520.12500000, 0.63
18520.16666667, 0.65
18520.20833333, 0.67
18520.25000000, 0.63
18520.29166667, 0.58
18520.33333333, 0.57
18520.37500000, 0.58
18520.41666667, 0.62
18520.45833333, 0.65
18520.50000000, 0.68
18520.54166667, 0.64
18520.58333333, 0.62
18520.62500000, 0.59
18520.66666667, 0.56
18520.70833333, 0.53
18520.75000000, 0.49
18520.79166667, 0.46
18520.83333333, 0.44
18520.87500000, 0.44
18520.91666667, 0.51
18520.95833333, 0.66
18521.00000000, 0.69
18521.04166667, 0.78
18521.08333333, 0.81
18521.12500000, 0.79
18521.16666667, 0.69
18521.20833333, 0.7
18521.25000000, 0.71
18521.29166667, 0.71
18521.33333333, 0.71
18521.37500000, 0.72
18521.41666667, 0.77
18521.45833333, 0.84
18521.50000000, 0.92
18521.54166667, 0.85
18521.58333333, 0.77
18521.62500000, 0.67
18521.66666667, 0.65
18521.70833333, 0.63
18521.75000000, 0.61
18521.79166667, 0.59
18521.83333333, 0.56
18521.87500000, 0.57
18521.91666667, 0.62
18521.95833333, 0.77
18522.00000000, 0.85
18522.04166667, 0.87
18522.08333333, 0.88
18522.12500000, 0.91
18522.16666667, 0.93
18522.20833333, 0.93
18522.25000000, 0.91
18522.29166667, 0.93
18522.33333333, 0.94
18522.37500000, 0.95
18522.41666667, 0.93
18522.45833333, 0.95
18522.50000000, 0.95
18522.54166667, 0.94
18522.58333333, 0.93
18522.62500000, 0.9
18522.66666667, 0.88
18522.70833333, 0.86
18522.75000000, 0.83
18522.79166667, 0.83
18522.83333333, 0.83
18522.87500000, 0.86
18522.91666667, 0.9
18522.95833333, 0.9
18523.00000000, 0.95
18523.04166667, 0.94
18523.08333333, 0.96
18523.12500000, 0.95
18523.16666667, 0.95
18523.20833333, 0.95
18523.25000000, 0.96
18523.29166667, 0.96
18523.33333333, 0.96
18523.37500000, 0.96
18523.41666667, 0.96
18523.45833333, 0.91
18523.50000000, 0.91
18523.54166667, 0.88
18523.58333333, 0.81
18523.62500000, 0.76
18523.66666667, 0.7
18523.70833333, 0.71
18523.75000000, 0.64
18523.79166667, 0.61
18523.83333333, 0.54
18523.87500000, 0.5
18523.91666667, 0.5
18523.95833333, 0.52
18524.00000000, 0.51
18524.04166667, 0.53
18524.08333333, 0.45
18524.12500000, 0.43
18524.16666667, 0.4
18524.20833333, 0.4
18524.25000000, 0.44
18524.29166667, 0.46
18524.33333333, 0.48
18524.37500000, 0.49
18524.41666667, 0.51
18524.45833333, 0.52
18524.50000000, 0.55
18524.54166667, 0.51
18524.58333333, 0.47
18524.62500000, 0.45
18524.66666667, 0.43
18524.70833333, 0.41
18524.75000000, 0.39
18524.79166667, 0.38
18524.83333333, 0.38
18524.87500000, 0.38
18524.91666667, 0.45
18524.95833333, 0.65
18525.00000000, 0.74
18525.04166667, 0.73
18525.08333333, 0.74
18525.12500000, 0.66
18525.16666667, 0.66
18525.20833333, 0.64
18525.25000000, 0.65
18525.29166667, 0.65
18525.33333333, 0.66
18525.37500000, 0.65
18525.41666667, 0.64
18525.45833333, 0.6
18525.50000000, 0.64
18525.54166667, 0.6
18525.58333333, 0.54
18525.62500000, 0.48
18525.66666667, 0.43
18525.70833333, 0.4
18525.75000000, 0.4
18525.79166667, 0.41
18525.83333333, 0.41
18525.87500000, 0.42
18525.91666667, 0.47
18525.95833333, 0.63
18526.00000000, 0.61
18526.04166667, 0.63
18526.08333333, 0.66
18526.12500000, 0.67
18526.16666667, 0.67
18526.20833333, 0.71
18526.25000000, 0.72
18526.29166667, 0.7
18526.33333333, 0.64
18526.37500000, 0.58
18526.41666667, 0.55
18526.45833333, 0.55
18526.50000000, 0.6
18526.54166667, 0.57
18526.58333333, 0.56
18526.62500000, 0.51
18526.66666667, 0.46
18526.70833333, 0.39
18526.75000000, 0.36
18526.79166667, 0.35
18526.83333333, 0.36
18526.87500000, 0.38
18526.91666667, 0.47
18526.95833333, 0.66
18527.00000000, 0.56
18527.04166667, 0.5
18527.08333333, 0.74
18527.12500000, 0.83
18527.16666667, 0.84
18527.20833333, 0.8
18527.25000000, 0.81
18527.29166667, 0.82
18527.33333333, 0.8
18527.37500000, 0.77
18527.41666667, 0.8
18527.45833333, 0.83
18527.50000000, 0.78
18527.54166667, 0.68
18527.58333333, 0.6
18527.62500000, 0.5
18527.66666667, 0.44
18527.70833333, 0.42
18527.75000000, 0.4
18527.79166667, 0.37
18527.83333333, 0.36
18527.87500000, 0.36
18527.91666667, 0.48
18527.95833333, 0.54
18528.00000000, 0.69
18528.04166667, 0.7
18528.08333333, 0.66
18528.12500000, 0.57
18528.16666667, 0.53
18528.20833333, 0.55
18528.25000000, 0.57
18528.29166667, 0.6
18528.33333333, 0.64
18528.37500000, 0.67
18528.41666667, 0.69
18528.45833333, 0.69
18528.50000000, 0.66
18528.54166667, 0.62
18528.58333333, 0.56
18528.62500000, 0.52
18528.66666667, 0.49
18528.70833333, 0.46
18528.75000000, 0.43
18528.79166667, 0.41
18528.83333333, 0.4
18528.87500000, 0.42
18528.91666667, 0.53
18528.95833333, 0.57
18529.00000000, 0.59
18529.04166667, 0.59
18529.08333333, 0.6
18529.12500000, 0.64
18529.16666667, 0.72
18529.20833333, 0.73
18529.25000000, 0.78
18529.29166667, 0.8
18529.33333333, 0.79
18529.37500000, 0.78
18529.41666667, 0.79
18529.45833333, 0.83
18529.50000000, 0.76
18529.54166667, 0.74
18529.58333333, 0.73
18529.62500000, 0.7
18529.66666667, 0.66
18529.70833333, 0.65
18529.75000000, 0.64
18529.79166667, 0.65
18529.83333333, 0.66
18529.87500000, 0.68
18529.91666667, 0.72
18529.95833333, 0.79
18530.00000000, 0.85
18530.04166667, 0.86
18530.08333333, 0.88
18530.12500000, 0.87
18530.16666667, 0.88
18530.20833333, 0.92
18530.25000000, 0.93
18530.29166667, 0.96
18530.33333333, 0.96
18530.37500000, 0.96
18530.41666667, 0.97
18530.45833333, 0.98
18530.50000000, 0.98
18530.54166667, 0.93
18530.58333333, 0.83
18530.62500000, 0.8
18530.66666667, 0.76
18530.70833333, 0.7
18530.75000000, 0.72
18530.79166667, 0.76
18530.83333333, 0.73
18530.87500000, 0.73
18530.91666667, 0.73
18530.95833333, 0.79
18531.00000000, 0.9
18531.04166667, 0.92
18531.08333333, 0.94
18531.12500000, 0.96
18531.16666667, 0.96
18531.20833333, 0.95
18531.25000000, 0.96
18531.29166667, 0.96
18531.33333333, 0.96
18531.37500000, 0.96
18531.41666667, 0.96
18531.45833333, 0.96
18531.50000000, 0.96
18531.54166667, 0.97
18531.58333333, 0.96
18531.62500000, 0.9
18531.66666667, 0.83
18531.70833333, 0.79
18531.75000000, 0.8
18531.79166667, 0.79
18531.83333333, 0.79
18531.87500000, 0.77
18531.91666667, 0.8
18531.95833333, 0.86
18532.00000000, 0.92
18532.04166667, 0.94
18532.08333333, 0.96
18532.12500000, 0.97
18532.16666667, 0.97
18532.20833333, 0.97
18532.25000000, 0.97
18532.29166667, 0.99
18532.33333333, 0.99
18532.37500000, 0.99
18532.41666667, 0.98
18532.45833333, 0.98
18532.50000000, 0.96
18532.54166667, 0.93
18532.58333333, 0.88
18532.62500000, 0.86
18532.66666667, 0.84
18532.70833333, 0.84
18532.75000000, 0.8
18532.79166667, 0.75
18532.83333333, 0.69
18532.87500000, 0.69
18532.91666667, 0.76
18532.95833333, 0.89
18533.00000000, 0.89
18533.04166667, 0.9
18533.08333333, 0.88
18533.12500000, 0.9
18533.16666667, 0.91
18533.20833333, 0.91
18533.25000000, 0.93
18533.29166667, 0.92
18533.33333333, 0.92
18533.37500000, 0.92
18533.41666667, 0.92
18533.45833333, 0.92
18533.50000000, 0.94
18533.54166667, 0.89
18533.58333333, 0.85
18533.62500000, 0.78
18533.66666667, 0.75
18533.70833333, 0.66
18533.75000000, 0.62
18533.79166667, 0.68
18533.83333333, 0.72
18533.87500000, 0.73
18533.91666667, 0.74
18533.95833333, 0.76
18534.00000000, 0.91
18534.04166667, 0.93
18534.08333333, 0.92
18534.12500000, 0.92
18534.16666667, 0.93
18534.20833333, 0.93
18534.25000000, 0.94
18534.29166667, 0.94
18534.33333333, 0.95
18534.37500000, 0.96
18534.41666667, 0.96
18534.45833333, 0.97
18534.50000000, 0.94
18534.54166667, 0.93
18534.58333333, 0.91
18534.62500000, 0.86
18534.66666667, 0.83
18534.70833333, 0.78
18534.75000000, 0.8
18534.79166667, 0.83
18534.83333333, 0.83
18534.87500000, 0.86
18534.91666667, 0.9
18534.95833333, 0.92
18535.00000000, 0.88
18535.04166667, 0.91
18535.08333333, 0.91
18535.12500000, 0.89
18535.16666667, 0.88
18535.20833333, 0.88
18535.25000000, 0.9
18535.29166667, 0.92
18535.33333333, 0.88
18535.37500000, 0.86
18535.41666667, 0.88
18535.45833333, 0.89
18535.50000000, 0.9
18535.54166667, 0.83
18535.58333333, 0.73
18535.62500000, 0.61
18535.66666667, 0.53
18535.70833333, 0.49
18535.75000000, 0.48
18535.79166667, 0.48
18535.83333333, 0.49
18535.87500000, 0.49
18535.91666667, 0.55
18535.95833333, 0.57
18536.00000000, 0.63
18536.04166667, 0.63
18536.08333333, 0.64
18536.12500000, 0.65
18536.16666667, 0.67
18536.20833333, 0.7
18536.25000000, 0.73
18536.29166667, 0.75
18536.33333333, 0.77
18536.37500000, 0.8
18536.41666667, 0.83
18536.45833333, 0.86
18536.50000000, 0.82
18536.54166667, 0.76
18536.58333333, 0.69
18536.62500000, 0.62
18536.66666667, 0.59
18536.70833333, 0.57
18536.75000000, 0.54
18536.79166667, 0.53
18536.83333333, 0.58
18536.87500000, 0.62
18536.91666667, 0.65
18536.95833333, 0.7
18537.00000000, 0.82
18537.04166667, 0.85
18537.08333333, 0.87
18537.12500000, 0.86
18537.16666667, 0.88
18537.20833333, 0.88
18537.25000000, 0.9
18537.29166667, 0.88
18537.33333333, 0.87
18537.37500000, 0.88
18537.41666667, 0.8
18537.45833333, 0.86
18537.50000000, 0.89
18537.54166667, 0.84
18537.58333333, 0.8
18537.62500000, 0.69
18537.66666667, 0.59
18537.70833333, 0.5
18537.75000000, 0.45
18537.79166667, 0.41
18537.83333333, 0.4
18537.87500000, 0.42
18537.91666667, 0.49
18537.95833333, 0.56
18538.00000000, 0.66
18538.04166667, 0.71
18538.08333333, 0.78
18538.12500000, 0.81
18538.16666667, 0.77
18538.20833333, 0.74
18538.25000000, 0.75
18538.29166667, 0.77
18538.33333333, 0.77
18538.37500000, 0.79
18538.41666667, 0.8
18538.45833333, 0.82
18538.50000000, 0.83
18538.54166667, 0.73
18538.58333333, 0.61
18538.62500000, 0.52
18538.66666667, 0.47
18538.70833333, 0.46
18538.75000000, 0.45
18538.79166667, 0.43
18538.83333333, 0.41
18538.87500000, 0.41
18538.91666667, 0.58
18538.95833333, 0.66
18539.00000000, 0.63
18539.04166667, 0.66
18539.08333333, 0.77
18539.12500000, 0.7
18539.16666667, 0.77
18539.20833333, 0.73
18539.25000000, 0.79
18539.29166667, 0.84
18539.33333333, 0.89
18539.37500000, 0.9
18539.41666667, 0.88
18539.45833333, 0.85
18539.50000000, 0.85
18539.54166667, 0.75
18539.58333333, 0.66
18539.62500000, 0.56
18539.66666667, 0.51
18539.70833333, 0.5
18539.75000000, 0.48
18539.79166667, 0.45
18539.83333333, 0.44
18539.87500000, 0.47
18539.91666667, 0.66
18539.95833333, 0.72
18540.00000000, 0.54
18540.04166667, 0.68
18540.08333333, 0.77
18540.12500000, 0.75
18540.16666667, 0.83
18540.20833333, 0.88
18540.25000000, 0.91
18540.29166667, 0.86
18540.33333333, 0.91
18540.37500000, 0.91
18540.41666667, 0.88
18540.45833333, 0.89
18540.50000000, 0.89
18540.54166667, 0.87
18540.58333333, 0.8
18540.62500000, 0.71
18540.66666667, 0.63
18540.70833333, 0.55
18540.75000000, 0.52
18540.79166667, 0.49
18540.83333333, 0.46
18540.87500000, 0.47
18540.91666667, 0.61
18540.95833333, 0.69
18541.00000000, 0.63
18541.04166667, 0.6
18541.08333333, 0.63
18541.12500000, 0.71
18541.16666667, 0.84
18541.20833333, 0.87
18541.25000000, 0.89
18541.29166667, 0.91
18541.33333333, 0.91
18541.37500000, 0.92
18541.41666667, 0.91
18541.45833333, 0.93
18541.50000000, 0.95
18541.54166667, 0.85
18541.58333333, 0.76
18541.62500000, 0.72
18541.66666667, 0.66
18541.70833333, 0.61
18541.75000000, 0.58
18541.79166667, 0.56
18541.83333333, 0.53
18541.87500000, 0.54
18541.91666667, 0.64
18541.95833333, 0.68
18542.00000000, 0.7
18542.04166667, 0.71
18542.08333333, 0.72
18542.12500000, 0.76
18542.16666667, 0.79
18542.20833333, 0.8
18542.25000000, 0.83
18542.29166667, 0.87
18542.33333333, 0.89
18542.37500000, 0.91
18542.41666667, 0.91
18542.45833333, 0.92
18542.50000000, 0.9
18542.54166667, 0.82
18542.58333333, 0.72
18542.62500000, 0.65
18542.66666667, 0.56
18542.70833333, 0.49
18542.75000000, 0.46
18542.79166667, 0.43
18542.83333333, 0.44
18542.87500000, 0.51
18542.91666667, 0.54
18542.95833333, 0.47
18543.00000000, 0.59
18543.04166667, 0.48
18543.08333333, 0.57
18543.12500000, 0.61
18543.16666667, 0.65
18543.20833333, 0.71
18543.25000000, 0.74
18543.29166667, 0.73
18543.33333333, 0.71
18543.37500000, 0.67
18543.41666667, 0.68
18543.45833333, 0.7
18543.50000000, 0.72
18543.54166667, 0.67
18543.58333333, 0.58
18543.62500000, 0.52
18543.66666667, 0.5
18543.70833333, 0.46
18543.75000000, 0.45
18543.79166667, 0.43
18543.83333333, 0.41
18543.87500000, 0.42
18543.91666667, 0.47
18543.95833333, 0.51
18544.00000000, 0.54
18544.04166667, 0.55
18544.08333333, 0.58
18544.12500000, 0.64
18544.16666667, 0.72
18544.20833333, 0.77
18544.25000000, 0.82
18544.29166667, 0.84
18544.33333333, 0.82
18544.37500000, 0.85
18544.41666667, 0.86
18544.45833333, 0.86
18544.50000000, 0.84
18544.54166667, 0.77
18544.58333333, 0.67
18544.62500000, 0.57
18544.66666667, 0.49
18544.70833333, 0.45
18544.75000000, 0.42
18544.79166667, 0.42
18544.83333333, 0.43
18544.87500000, 0.46
18544.91666667, 0.57
18544.95833333, 0.6
18545.00000000, 0.69
18545.04166667, 0.68
18545.08333333, 0.69
18545.12500000, 0.69
18545.16666667, 0.69
18545.20833333, 0.71
18545.25000000, 0.74
18545.29166667, 0.75
18545.33333333, 0.76
18545.37500000, 0.77
18545.41666667, 0.81
18545.45833333, 0.83
18545.50000000, 0.85
18545.54166667, 0.82
18545.58333333, 0.77
18545.62500000, 0.73
18545.66666667, 0.72
18545.70833333, 0.74
18545.75000000, 0.81
18545.79166667, 0.81
18545.83333333, 0.81
18545.87500000, 0.85
18545.91666667, 0.84
18545.95833333, 0.86
18546.00000000, 0.89
18546.04166667, 0.89
18546.08333333, 0.89
18546.12500000, 0.89
18546.16666667, 0.88
18546.20833333, 0.87
18546.25000000, 0.88
18546.29166667, 0.91
18546.33333333, 0.92
18546.37500000, 0.93
18546.41666667, 0.94
18546.45833333, 0.96
18546.50000000, 0.98
18546.54166667, 0.96
18546.58333333, 0.91
18546.62500000, 0.85
18546.66666667, 0.83
18546.70833333, 0.82
18546.75000000, 0.85
18546.79166667, 0.87
18546.83333333, 0.92
18546.87500000, 0.94
18546.91666667, 0.95
18546.95833333, 0.95
18547.00000000, 0.97
18547.04166667, 0.97
18547.08333333, 0.96
18547.12500000, 0.98
18547.16666667, 0.97
18547.20833333, 0.97
18547.25000000, 0.97
18547.29166667, 0.97
18547.33333333, 0.97
18547.37500000, 0.96
18547.41666667, 0.95
18547.45833333, 0.95
18547.50000000, 0.94
18547.54166667, 0.95
18547.58333333, 0.93
18547.62500000, 0.91
18547.66666667, 0.88
18547.70833333, 0.87
18547.75000000, 0.87
18547.79166667, 0.89
18547.83333333, 0.91
18547.87500000, 0.91
18547.91666667, 0.92
18547.95833333, 0.92
18548.00000000, 0.94
18548.04166667, 0.95
18548.08333333, 0.95
18548.12500000, 0.95
18548.16666667, 0.94
18548.20833333, 0.94
18548.25000000, 0.95
18548.29166667, 0.94
18548.33333333, 0.94
18548.37500000, 0.94
18548.41666667, 0.94
18548.45833333, 0.94
18548.50000000, 0.92
18548.54166667, 0.9
18548.58333333, 0.86
18548.62500000, 0.84
18548.66666667, 0.79
18548.70833333, 0.76
18548.75000000, 0.71
18548.79166667, 0.68
18548.83333333, 0.63
18548.87500000, 0.58
18548.91666667, 0.56
18548.95833333, 0.58
18549.00000000, 0.62
18549.04166667, 0.63
18549.08333333, 0.66
18549.12500000, 0.67
18549.16666667, 0.67
18549.20833333, 0.68
18549.25000000, 0.73
18549.29166667, 0.78
18549.33333333, 0.79
18549.37500000, 0.77
18549.41666667, 0.75
18549.45833333, 0.77
18549.50000000, 0.79
18549.54166667, 0.71
18549.58333333, 0.66
18549.62500000, 0.57
18549.66666667, 0.5
18549.70833333, 0.48
18549.75000000, 0.46
18549.79166667, 0.45
18549.83333333, 0.44
18549.87500000, 0.5
18549.91666667, 0.61
18549.95833333, 0.62
18550.00000000, 0.64
18550.04166667, 0.67
18550.08333333, 0.68
18550.12500000, 0.69
18550.16666667, 0.72
18550.20833333, 0.75
18550.25000000, 0.78
18550.29166667, 0.79
18550.33333333, 0.81
18550.37500000, 0.83
18550.41666667, 0.85
18550.45833333, 0.86
18550.50000000, 0.82
18550.54166667, 0.76
18550.58333333, 0.69
18550.62500000, 0.68
18550.66666667, 0.66
18550.70833333, 0.63
18550.75000000, 0.6
18550.79166667, 0.58
18550.83333333, 0.58
18550.87500000, 0.59
18550.91666667, 0.62
18550.95833333, 0.67
18551.00000000, 0.77
18551.04166667, 0.77
18551.08333333, 0.76
18551.12500000, 0.78
18551.16666667, 0.81
18551.20833333, 0.83
18551.25000000, 0.87
18551.29166667, 0.93
18551.33333333, 0.85
18551.37500000, 0.87
18551.41666667, 0.82
18551.45833333, 0.79
18551.50000000, 0.84
18551.54166667, 0.85
18551.58333333, 0.87
18551.62500000, 0.86
18551.66666667, 0.82
18551.70833333, 0.85
18551.75000000, 0.85
18551.79166667, 0.81
18551.83333333, 0.8
18551.87500000, 0.82
18551.91666667, 0.82
18551.95833333, 0.69
18552.00000000, 0.66
18552.04166667, 0.72
18552.08333333, 0.74
18552.12500000, 0.75
18552.16666667, 0.75
18552.20833333, 0.76
18552.25000000, 0.79
18552.29166667, 0.81
18552.33333333, 0.83
18552.37500000, 0.86
18552.41666667, 0.87
18552.45833333, 0.88
18552.50000000, 0.86
18552.54166667, 0.79
18552.58333333, 0.7
18552.62500000, 0.6
18552.66666667, 0.51
18552.70833333, 0.43
18552.75000000, 0.4
18552.79166667, 0.38
18552.83333333, 0.38
18552.87500000, 0.37
18552.91666667, 0.42
18552.95833333, 0.59
18553.00000000, 0.68
18553.04166667, 0.74
18553.08333333, 0.78
18553.12500000, 0.8
18553.16666667, 0.82
18553.20833333, 0.81
18553.25000000, 0.75
18553.29166667, 0.73
18553.33333333, 0.74
18553.37500000, 0.79
18553.41666667, 0.9
18553.45833333, 0.93
18553.50000000, 0.97
18553.54166667, 0.86
18553.58333333, 0.71
18553.62500000, 0.59
18553.66666667, 0.54
18553.70833333, 0.53
18553.75000000, 0.52
18553.79166667, 0.54
18553.83333333, 0.54
18553.87500000, 0.58
18553.91666667, 0.78
18553.95833333, 0.81
18554.00000000, 0.85
18554.04166667, 0.85
18554.08333333, 0.88
18554.12500000, 0.87
18554.16666667, 0.91
18554.20833333, 0.93
18554.25000000, 0.93
18554.29166667, 0.93
18554.33333333, 0.91
18554.37500000, 0.97
18554.41666667, 0.97
18554.45833333, 0.95
18554.50000000, 0.98
18554.54166667, 0.97
18554.58333333, 0.91
18554.62500000, 0.82
18554.66666667, 0.73
18554.70833333, 0.68
18554.75000000, 0.63
18554.79166667, 0.62
18554.83333333, 0.61
18554.87500000, 0.66
18554.91666667, 0.75
18554.95833333, 0.77
18555.00000000, 0.85
18555.04166667, 0.81
18555.08333333, 0.87
18555.12500000, 0.92
18555.16666667, 0.94
18555.20833333, 0.96
18555.25000000, 0.99
18555.29166667, 1
18555.33333333, 1
18555.37500000, 1
18555.41666667, 1
18555.45833333, 0.99
18555.50000000, 1
18555.54166667, 0.98
18555.58333333, 0.98
18555.62500000, 0.89
18555.66666667, 0.77
18555.70833333, 0.72
18555.75000000, 0.66
18555.79166667, 0.61
18555.83333333, 0.6
18555.87500000, 0.65
18555.91666667, 0.81
18555.95833333, 0.86
18556.00000000, 0.93
18556.04166667, 0.95
18556.08333333, 0.97
18556.12500000, 0.97
18556.16666667, 0.97
18556.20833333, 0.98
18556.25000000, 0.99
18556.29166667, 0.99
18556.33333333, 0.99
18556.37500000, 1
18556.41666667, 1
18556.45833333, 1
18556.50000000, 0.99
18556.54166667, 0.98
18556.58333333, 0.96
18556.62500000, 0.96
18556.66666667, 0.91
18556.70833333, 0.83
18556.75000000, 0.78
18556.79166667, 0.72
18556.83333333, 0.71
18556.87500000, 0.73
18556.91666667, 0.82
18556.95833333, 0.88
18557.00000000, 0.92
18557.04166667, 0.93
18557.08333333, 0.92
18557.12500000, 0.95
18557.16666667, 0.96
18557.20833333, 0.97
18557.25000000, 0.98
18557.29166667, 1
18557.33333333, 1
18557.37500000, 1
18557.41666667, 0.99
18557.45833333, 1
18557.50000000, 1
18557.54166667, 0.99
18557.58333333, 0.97
18557.62500000, 0.92
18557.66666667, 0.84
18557.70833333, 0.79
18557.75000000, 0.72
18557.79166667, 0.66
18557.83333333, 0.62
18557.87500000, 0.66
18557.91666667, 0.81
18557.95833333, 0.89
18558.00000000, 0.89
18558.04166667, 0.9
18558.08333333, 0.87
18558.12500000, 0.86
18558.16666667, 0.9
18558.20833333, 0.92
18558.25000000, 0.95
18558.29166667, 0.97
18558.33333333, 0.98
18558.37500000, 0.98
18558.41666667, 1
18558.45833333, 1
18558.50000000, 1
18558.54166667, 0.99
18558.58333333, 0.95
18558.62500000, 0.9
18558.66666667, 0.8
18558.70833333, 0.75
18558.75000000, 0.66
18558.79166667, 0.65
18558.83333333, 0.64
18558.87500000, 0.66
18558.91666667, 0.77
18558.95833333, 0.85
18559.00000000, 0.88
18559.04166667, 0.86
18559.08333333, 0.86
18559.12500000, 0.91
18559.16666667, 0.94
18559.20833333, 0.95
18559.25000000, 0.96
18559.29166667, 0.96
18559.33333333, 0.96
18559.37500000, 0.96
18559.41666667, 0.96
18559.45833333, 0.97
18559.50000000, 0.97
18559.54166667, 0.92
18559.58333333, 0.86
18559.62500000, 0.82
18559.66666667, 0.78
18559.70833333, 0.74
18559.75000000, 0.7
18559.79166667, 0.67
18559.83333333, 0.65
18559.87500000, 0.66
18559.91666667, 0.64
18559.95833333, 0.62
18560.00000000, 0.77
18560.04166667, 0.77
18560.08333333, 0.74
18560.12500000, 0.72
18560.16666667, 0.74
18560.20833333, 0.64
18560.25000000, 0.62
18560.29166667, 0.59
18560.33333333, 0.56
18560.37500000, 0.53
18560.41666667, 0.55
18560.45833333, 0.6
18560.50000000, 0.87
18560.54166667, 0.88
18560.58333333, 0.88
18560.62500000, 0.89
18560.66666667, 0.88
18560.70833333, 0.88
18560.75000000, 0.86
18560.79166667, 0.86
18560.83333333, 0.87
18560.87500000, 0.88
18560.91666667, 0.9
18560.95833333, 0.91
18561.00000000, 0.89
18561.04166667, 0.89
18561.08333333, 0.89
18561.12500000, 0.89
18561.16666667, 0.89
18561.20833333, 0.88
18561.25000000, 0.88
18561.29166667, 0.87
18561.33333333, 0.87
18561.37500000, 0.87
18561.41666667, 0.88
18561.45833333, 0.89
18561.50000000, 0.92
18561.54166667, 0.91
18561.58333333, 0.91
18561.62500000, 0.88
18561.66666667, 0.85
18561.70833333, 0.82
18561.75000000, 0.78
18561.79166667, 0.76
18561.83333333, 0.75
18561.87500000, 0.76
18561.91666667, 0.79
18561.95833333, 0.84
18562.00000000, 0.98
18562.04166667, 0.97
18562.08333333, 0.97
18562.12500000, 0.98
18562.16666667, 0.96
18562.20833333, 0.99
18562.25000000, 0.99
18562.29166667, 1
18562.33333333, 0.99
18562.37500000, 0.98
18562.41666667, 0.94
18562.45833333, 0.89
18562.50000000, 0.92
18562.54166667, 0.89
18562.58333333, 0.85
18562.62500000, 0.8
18562.66666667, 0.8
18562.70833333, 0.75
18562.75000000, 0.73
18562.79166667, 0.72
18562.83333333, 0.71
18562.87500000, 0.72
18562.91666667, 0.73
18562.95833333, 0.8
18563.00000000, 0.79
18563.04166667, 0.82
18563.08333333, 0.87
18563.12500000, 0.9
18563.16666667, 0.9
18563.20833333, 0.93
18563.25000000, 0.94
18563.29166667, 0.94
18563.33333333, 0.94
18563.37500000, 0.97
18563.41666667, 0.97
18563.45833333, 0.97
18563.50000000, 0.98
18563.54166667, 0.96
18563.58333333, 0.93
18563.62500000, 0.89
18563.66666667, 0.84
18563.70833333, 0.75
18563.75000000, 0.68
18563.79166667, 0.65
18563.83333333, 0.68
18563.87500000, 0.76
18563.91666667, 0.86
18563.95833333, 0.82
18564.00000000, 0.91
18564.04166667, 0.95
18564.08333333, 0.97
18564.12500000, 0.97
18564.16666667, 0.94
18564.20833333, 0.9
18564.25000000, 0.87
18564.29166667, 0.88
18564.33333333, 0.92
18564.37500000, 0.96
18564.41666667, 0.97
18564.45833333, 0.97
18564.50000000, 0.97
18564.54166667, 0.97
18564.58333333, 0.98
18564.62500000, 0.98
18564.66666667, 0.97
18564.70833333, 0.98
18564.75000000, 0.99
18564.79166667, 0.98
18564.83333333, 0.97
18564.87500000, 0.91
18564.91666667, 0.9
18564.95833333, 0.9
18565.00000000, 0.92
18565.04166667, 0.89
18565.08333333, 0.89
18565.12500000, 0.89
18565.16666667, 0.92
18565.20833333, 0.92
18565.25000000, 0.91
18565.29166667, 0.93
18565.33333333, 0.93
18565.37500000, 0.93
18565.41666667, 0.92
18565.45833333, 0.89
18565.50000000, 0.88
18565.54166667, 0.89
18565.58333333, 0.86
18565.62500000, 0.76
18565.66666667, 0.69
18565.70833333, 0.68
18565.75000000, 0.63
18565.79166667, 0.58
18565.83333333, 0.54
18565.87500000, 0.56
18565.91666667, 0.62
18565.95833333, 0.63
18566.00000000, 0.68
18566.04166667, 0.68
18566.08333333, 0.67
18566.12500000, 0.68
18566.16666667, 0.72
18566.20833333, 0.73
18566.25000000, 0.76
18566.29166667, 0.77
18566.33333333, 0.77
18566.37500000, 0.8
18566.41666667, 0.82
18566.45833333, 0.84
18566.50000000, 0.96
18566.54166667, 0.89
18566.58333333, 0.72
18566.62500000, 0.63
18566.66666667, 0.61
18566.70833333, 0.61
18566.75000000, 0.61
18566.79166667, 0.61
18566.83333333, 0.6
18566.87500000, 0.58
18566.91666667, 0.58
18566.95833333, 0.64
18567.00000000, 0.67
18567.04166667, 0.67
18567.08333333, 0.68
18567.12500000, 0.69
18567.16666667, 0.71
18567.20833333, 0.74
18567.25000000, 0.78
18567.29166667, 0.84
18567.33333333, 0.85
18567.37500000, 0.85
18567.41666667, 0.88
18567.45833333, 0.89
18567.50000000, 0.89
18567.54166667, 0.85
18567.58333333, 0.79
18567.62500000, 0.9
18567.66666667, 0.92
18567.70833333, 0.93
18567.75000000, 0.87
18567.79166667, 0.83
18567.83333333, 0.81
18567.87500000, 0.82
18567.91666667, 0.87
18567.95833333, 0.56
18568.00000000, 0.61
18568.04166667, 0.43
18568.08333333, 0.36
18568.12500000, 0.48
18568.16666667, 0.53
18568.20833333, 0.51
18568.25000000, 0.47
18568.29166667, 0.47
18568.33333333, 0.47
18568.37500000, 0.49
18568.41666667, 0.52
18568.45833333, 0.54
18568.50000000, 0.53
18568.54166667, 0.56
18568.58333333, 0.51
18568.62500000, 0.46
18568.66666667, 0.42
18568.70833333, 0.41
18568.75000000, 0.38
18568.79166667, 0.38
18568.83333333, 0.37
18568.87500000, 0.39
18568.91666667, 0.41
18568.95833333, 0.42
18569.00000000, 0.45
18569.04166667, 0.42
18569.08333333, 0.42
18569.12500000, 0.44
18569.16666667, 0.45
18569.20833333, 0.42
18569.25000000, 0.45
18569.29166667, 0.46
18569.33333333, 0.44
18569.37500000, 0.4
18569.41666667, 0.37
18569.45833333, 0.37
18569.50000000, 0.38
18569.54166667, 0.41
18569.58333333, 0.42
18569.62500000, 0.39
18569.66666667, 0.38
18569.70833333, 0.38
18569.75000000, 0.38
18569.79166667, 0.39
18569.83333333, 0.4
18569.87500000, 0.51
18569.91666667, 0.6
18569.95833333, 0.53
18570.00000000, 0.64
18570.04166667, 0.72
18570.08333333, 0.74
18570.12500000, 0.73
18570.16666667, 0.64
18570.20833333, 0.76
18570.25000000, 0.76
18570.29166667, 0.74
18570.33333333, 0.82
18570.37500000, 0.86
18570.41666667, 0.79
18570.45833333, 0.79
18570.50000000, 0.75
18570.54166667, 0.84
18570.58333333, 0.73
18570.62500000, 0.64
18570.66666667, 0.56
18570.70833333, 0.49
18570.75000000, 0.44
18570.79166667, 0.44
18570.83333333, 0.47
18570.87500000, 0.54
18570.91666667, 0.58
18570.95833333, 0.61
18571.00000000, 0.69
18571.04166667, 0.71
18571.08333333, 0.77
18571.12500000, 0.81
18571.16666667, 0.84
18571.20833333, 0.87
18571.25000000, 0.89
18571.29166667, 0.92
18571.33333333, 0.93
18571.37500000, 0.93
18571.41666667, 0.91
18571.45833333, 0.9
18571.50000000, 0.89
18571.54166667, 0.82
18571.58333333, 0.72
18571.62500000, 0.65
18571.66666667, 0.58
18571.70833333, 0.53
18571.75000000, 0.5
18571.79166667, 0.49
18571.83333333, 0.49
18571.87500000, 0.58
18571.91666667, 0.71
18571.95833333, 0.8
18572.00000000, 0.81
18572.04166667, 0.85
18572.08333333, 0.87
18572.12500000, 0.89
18572.16666667, 0.89
18572.20833333, 0.91
18572.25000000, 0.92
18572.29166667, 0.95
18572.33333333, 0.97
18572.37500000, 0.97
18572.41666667, 0.97
18572.45833333, 0.97
18572.50000000, 0.97
18572.54166667, 0.89
18572.58333333, 0.82
18572.62500000, 0.71
18572.66666667, 0.63
18572.70833333, 0.58
18572.75000000, 0.53
18572.79166667, 0.5
18572.83333333, 0.52
18572.87500000, 0.63
18572.91666667, 0.72
18572.95833333, 0.79
18573.00000000, 0.76
18573.04166667, 0.76
18573.08333333, 0.79
18573.12500000, 0.83
18573.16666667, 0.86
18573.20833333, 0.87
18573.25000000, 0.87
18573.29166667, 0.87
18573.33333333, 0.87
18573.37500000, 0.9
18573.41666667, 0.92
18573.45833333, 0.93
18573.50000000, 0.91
18573.54166667, 0.83
18573.58333333, 0.75
18573.62500000, 0.69
18573.66666667, 0.63
18573.70833333, 0.58
18573.75000000, 0.53
18573.79166667, 0.5
18573.83333333, 0.52
18573.87500000, 0.69
18573.91666667, 0.79
18573.95833333, 0.81
18574.00000000, 0.82
18574.04166667, 0.84
18574.08333333, 0.86
18574.12500000, 0.87
18574.16666667, 0.89
18574.20833333, 0.91
18574.25000000, 0.93
18574.29166667, 0.93
18574.33333333, 0.92
18574.37500000, 0.91
18574.41666667, 0.9
18574.45833333, 0.92
18574.50000000, 0.95
18574.54166667, 0.9
18574.58333333, 0.83
18574.62500000, 0.77
18574.66666667, 0.72
18574.70833333, 0.69
18574.75000000, 0.67
18574.79166667, 0.66
18574.83333333, 0.66
18574.87500000, 0.75
18574.91666667, 0.74
18574.95833333, 0.93
18575.00000000, 0.93
18575.04166667, 0.94
18575.08333333, 0.96
18575.12500000, 0.95
18575.16666667, 0.95
18575.20833333, 0.97
18575.25000000, 0.97
18575.29166667, 1
18575.33333333, 1
18575.37500000, 1
18575.41666667, 1
18575.45833333, 1
18575.50000000, 1
18575.54166667, 0.98
18575.58333333, 0.98
18575.62500000, 0.98
18575.66666667, 0.89
18575.70833333, 0.83
18575.75000000, 0.77
18575.79166667, 0.72
18575.83333333, 0.7
18575.87500000, 0.78
18575.91666667, 0.89
18575.95833333, 0.92
18576.00000000, 0.9
18576.04166667, 0.89
18576.08333333, 0.89
18576.12500000, 0.88
18576.16666667, 0.89
18576.20833333, 0.91
18576.25000000, 0.92
18576.29166667, 0.93
18576.33333333, 0.95
18576.37500000, 0.95
18576.41666667, 0.95
18576.45833333, 0.96
18576.50000000, 0.96
18576.54166667, 0.92
18576.58333333, 0.88
18576.62500000, 0.84
18576.66666667, 0.78
18576.70833333, 0.75
18576.75000000, 0.72
18576.79166667, 0.67
18576.83333333, 0.68
18576.87500000, 0.72
18576.91666667, 0.8
18576.95833333, 0.82
18577.00000000, 0.8
18577.04166667, 0.85
18577.08333333, 0.92
18577.12500000, 0.94
18577.16666667, 0.95
18577.20833333, 0.95
18577.25000000, 0.94
18577.29166667, 0.94
18577.33333333, 0.94
18577.37500000, 0.95
18577.41666667, 0.96
18577.45833333, 0.97
18577.50000000, 0.97
18577.54166667, 0.97
18577.58333333, 0.96
18577.62500000, 0.96
18577.66666667, 0.95
18577.70833333, 0.94
18577.75000000, 0.95
18577.79166667, 0.94
18577.83333333, 0.94
18577.87500000, 0.95
18577.91666667, 0.96
18577.95833333, 0.97
18578.00000000, 0.99
18578.04166667, 0.99
18578.08333333, 0.99
18578.12500000, 1
18578.16666667, 1
18578.20833333, 1
18578.25000000, 0.99
18578.29166667, 0.99
18578.33333333, 0.99
18578.37500000, 0.98
18578.41666667, 0.96
18578.45833333, 0.94
18578.50000000, 0.97
18578.54166667, 0.96
18578.58333333, 0.96
18578.62500000, 0.92
18578.66666667, 0.92
18578.70833333, 0.91
18578.75000000, 0.89
18578.79166667, 0.84
18578.83333333, 0.82
18578.87500000, 0.8
18578.91666667, 0.78
18578.95833333, 0.76
18579.00000000, 0.91
18579.04166667, 0.87
18579.08333333, 0.87
18579.12500000, 0.86
18579.16666667, 0.85
18579.20833333, 0.86
18579.25000000, 0.86
18579.29166667, 0.86
18579.33333333, 0.86
18579.37500000, 0.86
18579.41666667, 0.87
18579.45833333, 0.86
18579.50000000, 0.89
18579.54166667, 0.89
18579.58333333, 0.87
18579.62500000, 0.85
18579.66666667, 0.8
18579.70833333, 0.7
18579.75000000, 0.6
18579.79166667, 0.55
18579.83333333, 0.53
18579.87500000, 0.58
18579.91666667, 0.73
18579.95833333, 0.64
18580.00000000, 0.61
18580.04166667, 0.6
18580.08333333, 0.63
18580.12500000, 0.64
18580.16666667, 0.67
18580.20833333, 0.74
18580.25000000, 0.79
18580.29166667, 0.82
18580.33333333, 0.8
18580.37500000, 0.75
18580.41666667, 0.75
18580.45833333, 0.78
18580.50000000, 0.84
18580.54166667, 0.78
18580.58333333, 0.69
18580.62500000, 0.62
18580.66666667, 0.53
18580.70833333, 0.44
18580.75000000, 0.41
18580.79166667, 0.41
18580.83333333, 0.43
18580.87500000, 0.57
18580.91666667, 0.66
18580.95833333, 0.72
18581.00000000, 0.73
18581.04166667, 0.74
18581.08333333, 0.74
18581.12500000, 0.75
18581.16666667, 0.74
18581.20833333, 0.78
18581.25000000, 0.84
18581.29166667, 0.9
18581.33333333, 0.91
18581.37500000, 0.91
18581.41666667, 0.91
18581.45833333, 0.9
18581.50000000, 0.85
18581.54166667, 0.81
18581.58333333, 0.8
18581.62500000, 0.83
18581.66666667, 0.74
18581.70833333, 0.7
18581.75000000, 0.66
18581.79166667, 0.66
18581.83333333, 0.69
18581.87500000, 0.8
18581.91666667, 0.8
18581.95833333, 0.78
18582.00000000, 0.82
18582.04166667, 0.83
18582.08333333, 0.65
18582.12500000, 0.55
18582.16666667, 0.52
18582.20833333, 0.52
18582.25000000, 0.55
18582.29166667, 0.55
18582.33333333, 0.49
18582.37500000, 0.49
18582.41666667, 0.52
18582.45833333, 0.59
18582.50000000, 0.57
18582.54166667, 0.61
18582.58333333, 0.55
18582.62500000, 0.43
18582.66666667, 0.41
18582.70833333, 0.39
18582.75000000, 0.38
18582.79166667, 0.36
18582.83333333, 0.36
18582.87500000, 0.43
18582.91666667, 0.53
18582.95833333, 0.5
18583.00000000, 0.38
18583.04166667, 0.32
18583.08333333, 0.31
18583.12500000, 0.3
18583.16666667, 0.44
18583.20833333, 0.55
18583.25000000, 0.64
18583.29166667, 0.7
18583.33333333, 0.7
18583.37500000, 0.63
18583.41666667, 0.58
18583.45833333, 0.62
18583.50000000, 0.58
18583.54166667, 0.6
18583.58333333, 0.55
18583.62500000, 0.49
18583.66666667, 0.44
18583.70833333, 0.44
18583.75000000, 0.46
18583.79166667, 0.46
18583.83333333, 0.43
18583.87500000, 0.46
18583.91666667, 0.47
18583.95833333, 0.46
18584.00000000, 0.48
18584.04166667, 0.5
18584.08333333, 0.53
18584.12500000, 0.53
18584.16666667, 0.5
18584.20833333, 0.48
18584.25000000, 0.5
18584.29166667, 0.53
18584.33333333, 0.56
18584.37500000, 0.6
18584.41666667, 0.63
18584.45833333, 0.65
18584.50000000, 0.58
18584.54166667, 0.59
18584.58333333, 0.55
18584.62500000, 0.47
18584.66666667, 0.46
18584.70833333, 0.45
18584.75000000, 0.43
18584.79166667, 0.43
18584.83333333, 0.42
18584.87500000, 0.45
18584.91666667, 0.54
18584.95833333, 0.63
18585.00000000, 0.73
18585.04166667, 0.74
18585.08333333, 0.7
18585.12500000, 0.66
18585.16666667, 0.67
18585.20833333, 0.7
18585.25000000, 0.8
18585.29166667, 0.81
18585.33333333, 0.8
18585.37500000, 0.8
18585.41666667, 0.8
18585.45833333, 0.8
18585.50000000, 0.84
18585.54166667, 0.8
18585.58333333, 0.62
18585.62500000, 0.54
18585.66666667, 0.49
18585.70833333, 0.47
18585.75000000, 0.45
18585.79166667, 0.45
18585.83333333, 0.46
18585.87500000, 0.51
18585.91666667, 0.54
18585.95833333, 0.57
18586.00000000, 0.54
18586.04166667, 0.55
18586.08333333, 0.55
18586.12500000, 0.56
18586.16666667, 0.57
18586.20833333, 0.58
18586.25000000, 0.6
18586.29166667, 0.61
18586.33333333, 0.64
18586.37500000, 0.65
18586.41666667, 0.65
18586.45833333, 0.66
18586.50000000, 0.67
18586.54166667, 0.67
18586.58333333, 0.61
18586.62500000, 0.57
18586.66666667, 0.55
18586.70833333, 0.53
18586.75000000, 0.52
18586.79166667, 0.5
18586.83333333, 0.51
18586.87500000, 0.62
18586.91666667, 0.64
18586.95833333, 0.65
18587.00000000, 0.63
18587.04166667, 0.61
18587.08333333, 0.66
18587.12500000, 0.72
18587.16666667, 0.73
18587.20833333, 0.78
18587.25000000, 0.76
18587.29166667, 0.7
18587.33333333, 0.74
18587.37500000, 0.79
18587.41666667, 0.81
18587.45833333, 0.84
18587.50000000, 0.85
18587.54166667, 0.81
18587.58333333, 0.75
18587.62500000, 0.69
18587.66666667, 0.66
18587.70833333, 0.62
18587.75000000, 0.59
18587.79166667, 0.58
18587.83333333, 0.62
18587.87500000, 0.67
18587.91666667, 0.7
18587.95833333, 0.7
18588.00000000, 0.76
18588.04166667, 0.72
18588.08333333, 0.7
18588.12500000, 0.68
18588.16666667, 0.65
18588.20833333, 0.64
18588.25000000, 0.63
18588.29166667, 0.66
18588.33333333, 0.68
18588.37500000, 0.65
18588.41666667, 0.62
18588.45833333, 0.6
18588.50000000, 0.64
18588.54166667, 0.64
18588.58333333, 0.65
18588.62500000, 0.66
18588.66666667, 0.66
18588.70833333, 0.67
18588.75000000, 0.68
18588.79166667, 0.69
18588.83333333, 0.71
18588.87500000, 0.78
18588.91666667, 0.82
18588.95833333, 0.84
18589.00000000, 0.81
18589.04166667, 0.84
18589.08333333, 0.9
18589.12500000, 0.94
18589.16666667, 0.95
18589.20833333, 0.95
18589.25000000, 0.94
18589.29166667, 0.95
18589.33333333, 0.96
18589.37500000, 0.95
18589.41666667, 0.93
18589.45833333, 0.85
18589.50000000, 0.85
18589.54166667, 0.8
18589.58333333, 0.76
18589.62500000, 0.63
18589.66666667, 0.55
18589.70833333, 0.5
18589.75000000, 0.47
18589.79166667, 0.43
18589.83333333, 0.43
18589.87500000, 0.46
18589.91666667, 0.49
18589.95833333, 0.49
18590.00000000, 0.54
18590.04166667, 0.57
18590.08333333, 0.62
18590.12500000, 0.64
18590.16666667, 0.63
18590.20833333, 0.61
18590.25000000, 0.62
18590.29166667, 0.65
18590.33333333, 0.69
18590.37500000, 0.73
18590.41666667, 0.75
18590.45833333, 0.77
18590.50000000, 0.71
18590.54166667, 0.66
18590.58333333, 0.6
18590.62500000, 0.55
18590.66666667, 0.5
18590.70833333, 0.49
18590.75000000, 0.49
18590.79166667, 0.49
18590.83333333, 0.49
18590.87500000, 0.59
18590.91666667, 0.64
18590.95833333, 0.66
18591.00000000, 0.57
18591.04166667, 0.6
18591.08333333, 0.63
18591.12500000, 0.66
18591.16666667, 0.65
18591.20833333, 0.66
18591.25000000, 0.69
18591.29166667, 0.74
18591.33333333, 0.76
18591.37500000, 0.77
18591.41666667, 0.78
18591.45833333, 0.78
18591.50000000, 0.85
18591.54166667, 0.82
18591.58333333, 0.77
18591.62500000, 0.69
18591.66666667, 0.63
18591.70833333, 0.61
18591.75000000, 0.6
18591.79166667, 0.6
18591.83333333, 0.63
18591.87500000, 0.69
18591.91666667, 0.77
18591.95833333, 0.8
18592.00000000, 0.8
18592.04166667, 0.8
18592.08333333, 0.8
18592.12500000, 0.82
18592.16666667, 0.85
18592.20833333, 0.85
18592.25000000, 0.87
18592.29166667, 0.88
18592.33333333, 0.92
18592.37500000, 0.93
18592.41666667, 0.94
18592.45833333, 0.93
18592.50000000, 0.95
18592.54166667, 0.96
18592.58333333, 0.95
18592.62500000, 0.93
18592.66666667, 0.91
18592.70833333, 0.83
18592.75000000, 0.76
18592.79166667, 0.71
18592.83333333, 0.68
18592.87500000, 0.74
18592.91666667, 0.82
18592.95833333, 0.78
18593.00000000, 0.69
18593.04166667, 0.62
18593.08333333, 0.69
18593.12500000, 0.75
18593.16666667, 0.76
18593.20833333, 0.76
18593.25000000, 0.78
18593.29166667, 0.77
18593.33333333, 0.77
18593.37500000, 0.79
18593.41666667, 0.81
18593.45833333, 0.82
18593.50000000, 0.85
18593.54166667, 0.78
18593.58333333, 0.78
18593.62500000, 0.78
18593.66666667, 0.75
18593.70833333, 0.71
18593.75000000, 0.7
18593.79166667, 0.71
18593.83333333, 0.72
18593.87500000, 0.73
18593.91666667, 0.73
18593.95833333, 0.76
18594.00000000, 0.83
18594.04166667, 0.86
18594.08333333, 0.86
18594.12500000, 0.89
18594.16666667, 0.86
18594.20833333, 0.82
18594.25000000, 0.74
18594.29166667, 0.7
18594.33333333, 0.71
18594.37500000, 0.73
18594.41666667, 0.78
18594.45833333, 0.82
18594.50000000, 0.84
18594.54166667, 0.79
18594.58333333, 0.74
18594.62500000, 0.67
18594.66666667, 0.58
18594.70833333, 0.55
18594.75000000, 0.52
18594.79166667, 0.48
18594.83333333, 0.47
18594.87500000, 0.5
18594.91666667, 0.54
18594.95833333, 0.56
18595.00000000, 0.63
18595.04166667, 0.62
18595.08333333, 0.6
18595.12500000, 0.59
18595.16666667, 0.64
18595.20833333, 0.69
18595.25000000, 0.69
18595.29166667, 0.71
18595.33333333, 0.77
18595.37500000, 0.8
18595.41666667, 0.82
18595.45833333, 0.76
18595.50000000, 0.77
18595.54166667, 0.83
18595.58333333, 0.71
18595.62500000, 0.61
18595.66666667, 0.52
18595.70833333, 0.48
18595.75000000, 0.44
18595.79166667, 0.43
18595.83333333, 0.47
18595.87500000, 0.6
18595.91666667, 0.73
18595.95833333, 0.75
18596.00000000, 0.74
18596.04166667, 0.76
18596.08333333, 0.79
18596.12500000, 0.84
18596.16666667, 0.84
18596.20833333, 0.84
18596.25000000, 0.82
18596.29166667, 0.85
18596.33333333, 0.9
18596.37500000, 0.93
18596.41666667, 0.94
18596.45833333, 0.92
18596.50000000, 0.92
18596.54166667, 0.95
18596.58333333, 0.96
18596.62500000, 0.96
18596.66666667, 0.97
18596.70833333, 0.94
18596.75000000, 0.94
18596.79166667, 0.97
18596.83333333, 0.92
18596.87500000, 0.94
18596.91666667, 0.94
18596.95833333, 0.94
18597.00000000, 0.96
18597.04166667, 0.91
18597.08333333, 0.87
18597.12500000, 0.79
18597.16666667, 0.77
18597.20833333, 0.74
18597.25000000, 0.72
18597.29166667, 0.69
18597.33333333, 0.67
18597.37500000, 0.68
18597.41666667, 0.72
18597.45833333, 0.7
18597.50000000, 0.89
18597.54166667, 0.89
18597.58333333, 0.89
18597.62500000, 0.81
18597.66666667, 0.62
18597.70833333, 0.54
18597.75000000, 0.52
18597.79166667, 0.56
18597.83333333, 0.52
18597.87500000, 0.46
18597.91666667, 0.45
18597.95833333, 0.48
18598.00000000, 0.49
18598.04166667, 0.5
18598.08333333, 0.52
18598.12500000, 0.53
18598.16666667, 0.54
18598.20833333, 0.57
18598.25000000, 0.58
18598.29166667, 0.56
18598.33333333, 0.55
18598.37500000, 0.56
18598.41666667, 0.57
18598.45833333, 0.55
18598.50000000, 0.55
18598.54166667, 0.58
18598.58333333, 0.57
18598.62500000, 0.55
18598.66666667, 0.54
18598.70833333, 0.5
18598.75000000, 0.48
18598.79166667, 0.45
18598.83333333, 0.44
18598.87500000, 0.46
18598.91666667, 0.44
18598.95833333, 0.45
18599.00000000, 0.47
18599.04166667, 0.47
18599.08333333, 0.49
18599.12500000, 0.52
18599.16666667, 0.55
18599.20833333, 0.58
18599.25000000, 0.63
18599.29166667, 0.69
18599.33333333, 0.71
18599.37500000, 0.73
18599.41666667, 0.78
18599.45833333, 0.81
18599.50000000, 0.78
18599.54166667, 0.77
18599.58333333, 0.64
18599.62500000, 0.58
18599.66666667, 0.54
18599.70833333, 0.48
18599.75000000, 0.42
18599.79166667, 0.4
18599.83333333, 0.44
18599.87500000, 0.64
18599.91666667, 0.62
18599.95833333, 0.58
18600.00000000, 0.66
18600.04166667, 0.66
18600.08333333, 0.62
18600.12500000, 0.64
18600.16666667, 0.59
18600.20833333, 0.57
18600.25000000, 0.58
18600.29166667, 0.58
18600.33333333, 0.56
18600.37500000, 0.57
18600.41666667, 0.61
18600.45833333, 0.62
18600.50000000, 0.6
18600.54166667, 0.61
18600.58333333, 0.64
18600.62500000, 0.6
18600.66666667, 0.57
18600.70833333, 0.56
18600.75000000, 0.59
18600.79166667, 0.58
18600.83333333, 0.59
18600.87500000, 0.65
18600.91666667, 0.69
18600.95833333, 0.68
18601.00000000, 0.71
18601.04166667, 0.86
18601.08333333, 0.8
18601.12500000, 0.9
18601.16666667, 0.94
18601.20833333, 0.93
18601.25000000, 0.94
18601.29166667, 0.93
18601.33333333, 0.92
18601.37500000, 0.91
18601.41666667, 0.92
18601.45833333, 0.92
18601.50000000, 0.9
18601.54166667, 0.86
18601.58333333, 0.83
18601.62500000, 0.74
18601.66666667, 0.66
18601.70833333, 0.54
18601.75000000, 0.51
18601.79166667, 0.46
18601.83333333, 0.45
18601.87500000, 0.46
18601.91666667, 0.46
18601.95833333, 0.46
18602.00000000, 0.48
18602.04166667, 0.48
18602.08333333, 0.5
18602.12500000, 0.54
18602.16666667, 0.57
18602.20833333, 0.6
18602.25000000, 0.6
18602.29166667, 0.61
18602.33333333, 0.6
18602.37500000, 0.59
18602.41666667, 0.62
18602.45833333, 0.65
18602.50000000, 0.63
18602.54166667, 0.64
18602.58333333, 0.58
18602.62500000, 0.52
18602.66666667, 0.5
18602.70833333, 0.48
18602.75000000, 0.47
18602.79166667, 0.46
18602.83333333, 0.46
18602.87500000, 0.49
18602.91666667, 0.56
18602.95833333, 0.61
18603.00000000, 0.6
18603.04166667, 0.6
18603.08333333, 0.62
18603.12500000, 0.64
18603.16666667, 0.71
18603.20833333, 0.73
18603.25000000, 0.72
18603.29166667, 0.7
18603.33333333, 0.74
18603.37500000, 0.75
18603.41666667, 0.71
18603.45833333, 0.69
18603.50000000, 0.72
18603.54166667, 0.68
18603.58333333, 0.65
18603.62500000, 0.6
18603.66666667, 0.6
18603.70833333, 0.57
18603.75000000, 0.55
18603.79166667, 0.52
18603.83333333, 0.51
18603.87500000, 0.52
18603.91666667, 0.54
18603.95833333, 0.56
18604.00000000, 0.6
18604.04166667, 0.58
18604.08333333, 0.56
18604.12500000, 0.55
18604.16666667, 0.56
18604.20833333, 0.57
18604.25000000, 0.59
18604.29166667, 0.59
18604.33333333, 0.61
18604.37500000, 0.61
18604.41666667, 0.63
18604.45833333, 0.63
18604.50000000, 0.58
18604.54166667, 0.59
18604.58333333, 0.56
18604.62500000, 0.51
18604.66666667, 0.48
18604.70833333, 0.45
18604.75000000, 0.44
18604.79166667, 0.43
18604.83333333, 0.44
18604.87500000, 0.48
18604.91666667, 0.52
18604.95833333, 0.55
18605.00000000, 0.58
18605.04166667, 0.62
18605.08333333, 0.65
18605.12500000, 0.65
18605.16666667, 0.64
18605.20833333, 0.65
18605.25000000, 0.65
18605.29166667, 0.68
18605.33333333, 0.75
18605.37500000, 0.73
18605.41666667, 0.72
18605.45833333, 0.74
18605.50000000, 0.77
18605.54166667, 0.73
18605.58333333, 0.69
18605.62500000, 0.62
18605.66666667, 0.57
18605.70833333, 0.56
18605.75000000, 0.55
18605.79166667, 0.54
18605.83333333, 0.54
18605.87500000, 0.6
18605.91666667, 0.71
18605.95833333, 0.73
18606.00000000, 0.54
18606.04166667, 0.74
18606.08333333, 0.77
18606.12500000, 0.76
18606.16666667, 0.79
18606.20833333, 0.81
18606.25000000, 0.83
18606.29166667, 0.85
18606.33333333, 0.87
18606.37500000, 0.88
18606.41666667, 0.87
18606.45833333, 0.87
18606.50000000, 0.89
18606.54166667, 0.88
18606.58333333, 0.78
18606.62500000, 0.71
18606.66666667, 0.66
18606.70833333, 0.63
18606.75000000, 0.6
18606.79166667, 0.58
18606.83333333, 0.58
18606.87500000, 0.56
18606.91666667, 0.61
18606.95833333, 0.8
18607.00000000, 0.85
18607.04166667, 0.88
18607.08333333, 0.89
18607.12500000, 0.88
18607.16666667, 0.88
18607.20833333, 0.88
18607.25000000, 0.9
18607.29166667, 0.91
18607.33333333, 0.91
18607.37500000, 0.9
18607.41666667, 0.9
18607.45833333, 0.91
18607.50000000, 0.92
18607.54166667, 0.92
18607.58333333, 0.86
18607.62500000, 0.79
18607.66666667, 0.71
18607.70833333, 0.63
18607.75000000, 0.58
18607.79166667, 0.56
18607.83333333, 0.59
18607.87500000, 0.65
18607.91666667, 0.76
18607.95833333, 0.82
18608.00000000, 0.85
18608.04166667, 0.86
18608.08333333, 0.88
18608.12500000, 0.91
18608.16666667, 0.93
18608.20833333, 0.95
18608.25000000, 0.97
18608.29166667, 0.99
18608.33333333, 0.99
18608.37500000, 1
18608.41666667, 1
18608.45833333, 1
18608.50000000, 1
18608.54166667, 0.97
18608.58333333, 0.93
18608.62500000, 0.89
18608.66666667, 0.89
18608.70833333, 0.85
18608.75000000, 0.83
18608.79166667, 0.75
18608.83333333, 0.71
18608.87500000, 0.69
18608.91666667, 0.71
18608.95833333, 0.74
18609.00000000, 0.75
18609.04166667, 0.74
18609.08333333, 0.75
18609.12500000, 0.78
18609.16666667, 0.75
18609.20833333, 0.77
18609.25000000, 0.79
18609.29166667, 0.81
18609.33333333, 0.82
18609.37500000, 0.83
18609.41666667, 0.86
18609.45833333, 0.89
18609.50000000, 0.89
18609.54166667, 0.9
18609.58333333, 0.85
18609.62500000, 0.79
18609.66666667, 0.73
18609.70833333, 0.64
18609.75000000, 0.57
18609.79166667, 0.57
18609.83333333, 0.57
18609.87500000, 0.6
18609.91666667, 0.66
18609.95833333, 0.69
18610.00000000, 0.69
18610.04166667, 0.7
18610.08333333, 0.73
18610.12500000, 0.77
18610.16666667, 0.81
18610.20833333, 0.83
18610.25000000, 0.85
18610.29166667, 0.79
18610.33333333, 0.75
18610.37500000, 0.73
18610.41666667, 0.73
18610.45833333, 0.75
18610.50000000, 0.89
18610.54166667, 0.91
18610.58333333, 0.92
18610.62500000, 0.91
18610.66666667, 0.95
18610.70833333, 1
18610.75000000, 0.97
18610.79166667, 0.95
18610.83333333, 0.93
18610.87500000, 0.87
18610.91666667, 0.87
18610.95833333, 0.77
18611.00000000, 0.72
18611.04166667, 0.67
18611.08333333, 0.59
18611.12500000, 0.55
18611.16666667, 0.55
18611.20833333, 0.56
18611.25000000, 0.56
18611.29166667, 0.54
18611.33333333, 0.57
18611.37500000, 0.62
18611.41666667, 0.63
18611.45833333, 0.62
18611.50000000, 0.7
18611.54166667, 0.68
18611.58333333, 0.61
18611.62500000, 0.53
18611.66666667, 0.49
18611.70833333, 0.47
18611.75000000, 0.46
18611.79166667, 0.45
18611.83333333, 0.45
18611.87500000, 0.55
18611.91666667, 0.6
18611.95833333, 0.66
18612.00000000, 0.77
18612.04166667, 0.7
18612.08333333, 0.66
18612.12500000, 0.71
18612.16666667, 0.8
18612.20833333, 0.78
18612.25000000, 0.72
18612.29166667, 0.67
18612.33333333, 0.69
18612.37500000, 0.7
18612.41666667, 0.71
18612.45833333, 0.7
18612.50000000, 0.71
18612.54166667, 0.67
18612.58333333, 0.67
18612.62500000, 0.67
18612.66666667, 0.72
18612.70833333, 0.78
18612.75000000, 0.85
18612.79166667, 0.9
18612.83333333, 0.96
18612.87500000, 0.94
18612.91666667, 0.95
18612.95833333, 0.94
18613.00000000, 0.94
18613.04166667, 0.94
18613.08333333, 0.94
18613.12500000, 0.95
18613.16666667, 0.92
18613.20833333, 0.88
18613.25000000, 0.86
18613.29166667, 0.83
18613.33333333, 0.83
18613.37500000, 0.83
18613.41666667, 0.81
18613.45833333, 0.8
18613.50000000, 0.83
18613.54166667, 0.82
18613.58333333, 0.78
18613.62500000, 0.74
18613.66666667, 0.68
18613.70833333, 0.64
18613.75000000, 0.6
18613.79166667, 0.58
18613.83333333, 0.57
18613.87500000, 0.61
18613.91666667, 0.75
18613.95833333, 0.79
18614.00000000, 0.85
18614.04166667, 0.85
18614.08333333, 0.82
18614.12500000, 0.77
18614.16666667, 0.74
18614.20833333, 0.71
18614.25000000, 0.71
18614.29166667, 0.72
18614.33333333, 0.74
18614.37500000, 0.75
18614.41666667, 0.75
18614.45833333, 0.77
18614.50000000, 0.78
18614.54166667, 0.75
18614.58333333, 0.73
18614.62500000, 0.71
18614.66666667, 0.71
18614.70833333, 0.69
18614.75000000, 0.71
18614.79166667, 0.7
18614.83333333, 0.71
18614.87500000, 0.71
18614.91666667, 0.73
18614.95833333, 0.78
18615.00000000, 0.85
18615.04166667, 0.77
18615.08333333, 0.76
18615.12500000, 0.84
18615.16666667, 0.87
18615.20833333, 0.88
18615.25000000, 0.88
18615.29166667, 0.86
18615.33333333, 0.87
18615.37500000, 0.87
18615.41666667, 0.88
18615.45833333, 0.89
18615.50000000, 0.89
18615.54166667, 0.82
18615.58333333, 0.78
18615.62500000, 0.73
18615.66666667, 0.68
18615.70833333, 0.65
18615.75000000, 0.64
18615.79166667, 0.63
18615.83333333, 0.64
18615.87500000, 0.69
18615.91666667, 0.79
18615.95833333, 0.75
18616.00000000, 0.8
18616.04166667, 0.86
18616.08333333, 0.88
18616.12500000, 0.89
18616.16666667, 0.88
18616.20833333, 0.87
18616.25000000, 0.88
18616.29166667, 0.89
18616.33333333, 0.88
18616.37500000, 0.88
18616.41666667, 0.87
18616.45833333, 0.87
18616.50000000, 0.84
18616.54166667, 0.85
18616.58333333, 0.86
18616.62500000, 0.87
18616.66666667, 0.88
18616.70833333, 0.86
18616.75000000, 0.82
18616.79166667, 0.83
18616.83333333, 0.83
18616.87500000, 0.84
18616.91666667, 0.91
18616.95833333, 0.94
18617.00000000, 0.93
18617.04166667, 0.96
18617.08333333, 0.97
18617.12500000, 0.98
18617.16666667, 0.97
18617.20833333, 0.97
18617.25000000, 0.99
18617.29166667, 0.99
18617.33333333, 1
18617.37500000, 0.99
18617.41666667, 0.99
18617.45833333, 0.99
18617.50000000, 0.99
18617.54166667, 0.98
18617.58333333, 0.95
18617.62500000, 0.92
18617.66666667, 0.87
18617.70833333, 0.79
18617.75000000, 0.71
18617.79166667, 0.7
18617.83333333, 0.71
18617.87500000, 0.76
18617.91666667, 0.82
18617.95833333, 0.88
18618.00000000, 0.92
18618.04166667, 0.94
18618.08333333, 0.89
18618.12500000, 0.91
18618.16666667, 0.93
18618.20833333, 0.93
18618.25000000, 0.91
18618.29166667, 0.89
18618.33333333, 0.86
18618.37500000, 0.87
18618.41666667, 0.89
18618.45833333, 0.88
18618.50000000, 0.86
18618.54166667, 0.79
18618.58333333, 0.73
18618.62500000, 0.68
18618.66666667, 0.62
18618.70833333, 0.57
18618.75000000, 0.55
18618.79166667, 0.55
18618.83333333, 0.54
18618.87500000, 0.57
18618.91666667, 0.62
18618.95833333, 0.68
18619.00000000, 0.65
18619.04166667, 0.61
18619.08333333, 0.62
18619.12500000, 0.66
18619.16666667, 0.7
18619.20833333, 0.79
18619.25000000, 0.85
18619.29166667, 0.87
18619.33333333, 0.89
18619.37500000, 0.9
18619.41666667, 0.89
18619.45833333, 0.89
18619.50000000, 0.89
18619.54166667, 0.91
18619.58333333, 0.83
18619.62500000, 0.75
18619.66666667, 0.66
18619.70833333, 0.59
18619.75000000, 0.54
18619.79166667, 0.51
18619.83333333, 0.54
18619.87500000, 0.58
18619.91666667, 0.61
18619.95833333, 0.68
18620.00000000, 0.78
18620.04166667, 0.77
18620.08333333, 0.77
18620.12500000, 0.78
18620.16666667, 0.79
18620.20833333, 0.78
18620.25000000, 0.74
18620.29166667, 0.75
18620.33333333, 0.78
18620.37500000, 0.8
18620.41666667, 0.79
18620.45833333, 0.79
18620.50000000, 0.69
18620.54166667, 0.76
18620.58333333, 0.79
18620.62500000, 0.83
18620.66666667, 0.8
18620.70833333, 0.85
18620.75000000, 0.89
18620.79166667, 0.9
18620.83333333, 0.9
18620.87500000, 0.88
18620.91666667, 0.88
18620.95833333, 0.89
18621.00000000, 0.95
18621.04166667, 0.95
18621.08333333, 0.94
18621.12500000, 0.94
18621.16666667, 0.95
18621.20833333, 0.96
18621.25000000, 0.86
18621.29166667, 0.88
18621.33333333, 0.88
18621.37500000, 0.93
18621.41666667, 0.9
18621.45833333, 0.83
18621.50000000, 0.81
18621.54166667, 0.75
18621.58333333, 0.66
18621.62500000, 0.58
18621.66666667, 0.56
18621.70833333, 0.54
18621.75000000, 0.52
18621.79166667, 0.47
18621.83333333, 0.44
18621.87500000, 0.45
18621.91666667, 0.45
18621.95833333, 0.43
18622.00000000, 0.45
18622.04166667, 0.47
18622.08333333, 0.47
18622.12500000, 0.46
18622.16666667, 0.46
18622.20833333, 0.46
18622.25000000, 0.46
18622.29166667, 0.48
18622.33333333, 0.5
18622.37500000, 0.49
18622.41666667, 0.5
18622.45833333, 0.48
18622.50000000, 0.49
18622.54166667, 0.51
18622.58333333, 0.48
18622.62500000, 0.45
18622.66666667, 0.45
18622.70833333, 0.43
18622.75000000, 0.42
18622.79166667, 0.4
18622.83333333, 0.4
18622.87500000, 0.42
18622.91666667, 0.56
18622.95833333, 0.61
18623.00000000, 0.52
18623.04166667, 0.69
18623.08333333, 0.6
18623.12500000, 0.59
18623.16666667, 0.62
18623.20833333, 0.68
18623.25000000, 0.7
18623.29166667, 0.71
18623.33333333, 0.7
18623.37500000, 0.72
18623.41666667, 0.59
18623.45833333, 0.61
18623.50000000, 0.7
18623.54166667, 0.72
18623.58333333, 0.55
18623.62500000, 0.47
18623.66666667, 0.51
18623.70833333, 0.5
18623.75000000, 0.48
18623.79166667, 0.45
18623.83333333, 0.45
18623.87500000, 0.55
18623.91666667, 0.71
18623.95833333, 0.76
18624.00000000, 0.75
18624.04166667, 0.75
18624.08333333, 0.78
18624.12500000, 0.85
18624.16666667, 0.87
18624.20833333, 0.9
18624.25000000, 0.9
18624.29166667, 0.88
18624.33333333, 0.82
18624.37500000, 0.77
18624.41666667, 0.73
18624.45833333, 0.72
18624.50000000, 0.63
18624.54166667, 0.63
18624.58333333, 0.62
18624.62500000, 0.63
18624.66666667, 0.61
18624.70833333, 0.56
18624.75000000, 0.55
18624.79166667, 0.54
18624.83333333, 0.55
18624.87500000, 0.61
18624.91666667, 0.67
18624.95833333, 0.72
18625.00000000, 0.67
18625.04166667, 0.72
18625.08333333, 0.77
18625.12500000, 0.81
18625.16666667, 0.7
18625.20833333, 0.65
18625.25000000, 0.64
18625.29166667, 0.63
18625.33333333, 0.65
18625.37500000, 0.65
18625.41666667, 0.62
18625.45833333, 0.63
18625.50000000, 0.57
18625.54166667, 0.57
18625.58333333, 0.48
18625.62500000, 0.39
18625.66666667, 0.35
18625.70833333, 0.34
18625.75000000, 0.35
18625.79166667, 0.35
18625.83333333, 0.37
18625.87500000, 0.41
18625.91666667, 0.48
18625.95833333, 0.57
18626.00000000, 0.66
18626.04166667, 0.69
18626.08333333, 0.72
18626.12500000, 0.74
18626.16666667, 0.74
18626.20833333, 0.74
18626.25000000, 0.74
18626.29166667, 0.78
18626.33333333, 0.77
18626.37500000, 0.68
18626.41666667, 0.67
18626.45833333, 0.69
18626.50000000, 0.78
18626.54166667, 0.75
18626.58333333, 0.68
18626.62500000, 0.62
18626.66666667, 0.52
18626.70833333, 0.45
18626.75000000, 0.46
18626.79166667, 0.47
18626.83333333, 0.48
18626.87500000, 0.52
18626.91666667, 0.52
18626.95833333, 0.53
18627.00000000, 0.52
18627.04166667, 0.5
18627.08333333, 0.52
18627.12500000, 0.56
18627.16666667, 0.65
18627.20833333, 0.72
18627.25000000, 0.77
18627.29166667, 0.8
18627.33333333, 0.8
18627.37500000, 0.81
18627.41666667, 0.84
18627.45833333, 0.85
18627.50000000, 0.91
18627.54166667, 0.9
18627.58333333, 0.85
18627.62500000, 0.79
18627.66666667, 0.74
18627.70833333, 0.7
18627.75000000, 0.69
18627.79166667, 0.68
18627.83333333, 0.72
18627.87500000, 0.75
18627.91666667, 0.79
18627.95833333, 0.82
18628.00000000, 0.88
18628.04166667, 0.85
18628.08333333, 0.86
18628.12500000, 0.84
18628.16666667, 0.85
18628.20833333, 0.87
18628.25000000, 0.87
18628.29166667, 0.84
18628.33333333, 0.82
18628.37500000, 0.8
18628.41666667, 0.77
18628.45833333, 0.76
18628.50000000, 0.75
18628.54166667, 0.72
18628.58333333, 0.72
18628.62500000, 0.74
18628.66666667, 0.77
18628.70833333, 0.81
18628.75000000, 0.9
18628.79166667, 0.88
18628.83333333, 0.9
18628.87500000, 0.92
18628.91666667, 0.95
18628.95833333, 0.96
18629.00000000, 0.97
18629.04166667, 0.97
18629.08333333, 0.97
18629.12500000, 0.98
18629.16666667, 0.98
18629.20833333, 0.98
18629.25000000, 0.97
18629.29166667, 0.96
18629.33333333, 0.93
18629.37500000, 0.95
18629.41666667, 0.96
18629.45833333, 0.96
18629.50000000, 0.95
18629.54166667, 0.95
18629.58333333, 0.94
18629.62500000, 0.9
18629.66666667, 0.83
18629.70833333, 0.71
18629.75000000, 0.64
18629.79166667, 0.65
18629.83333333, 0.64
18629.87500000, 0.67
18629.91666667, 0.74
18629.95833333, 0.81
18630.00000000, 0.82
18630.04166667, 0.85
18630.08333333, 0.84
18630.12500000, 0.83
18630.16666667, 0.83
18630.20833333, 0.86
18630.25000000, 0.9
18630.29166667, 0.91
18630.33333333, 0.86
18630.37500000, 0.84
18630.41666667, 0.84
18630.45833333, 0.91
18630.50000000, 0.94
18630.54166667, 0.94
18630.58333333, 0.94
18630.62500000, 0.91
18630.66666667, 0.9
18630.70833333, 0.94
18630.75000000, 0.94
18630.79166667, 0.94
18630.83333333, 0.95
18630.87500000, 0.95
18630.91666667, 0.94
18630.95833333, 0.95
18631.00000000, 0.95
18631.04166667, 0.94
18631.08333333, 0.92
18631.12500000, 0.91
18631.16666667, 0.92
18631.20833333, 0.92
18631.25000000, 0.92
18631.29166667, 0.91
18631.33333333, 0.92
18631.37500000, 0.93
18631.41666667, 0.93
18631.45833333, 0.93
18631.50000000, 0.91
18631.54166667, 0.91
18631.58333333, 0.88
18631.62500000, 0.84
18631.66666667, 0.78
18631.70833333, 0.69
18631.75000000, 0.59
18631.79166667, 0.57
18631.83333333, 0.62
18631.87500000, 0.68
18631.91666667, 0.73
18631.95833333, 0.78
18632.00000000, 0.8
18632.04166667, 0.83
18632.08333333, 0.85
18632.12500000, 0.86
18632.16666667, 0.9
18632.20833333, 0.91
18632.25000000, 0.9
18632.29166667, 0.93
18632.33333333, 0.94
18632.37500000, 0.95
18632.41666667, 0.94
18632.45833333, 0.94
18632.50000000, 0.92
18632.54166667, 0.92
18632.58333333, 0.9
18632.62500000, 0.84
18632.66666667, 0.82
18632.70833333, 0.81
18632.75000000, 0.78
18632.79166667, 0.81
18632.83333333, 0.83
18632.87500000, 0.85
18632.91666667, 0.88
18632.95833333, 0.91
18633.00000000, 0.9
18633.04166667, 0.91
18633.08333333, 0.91
18633.12500000, 0.9
18633.16666667, 0.89
18633.20833333, 0.86
18633.25000000, 0.85
18633.29166667, 0.84
18633.33333333, 0.83
18633.37500000, 0.82
18633.41666667, 0.85
18633.45833333, 0.86
18633.50000000, 0.81
18633.54166667, 0.73
18633.58333333, 0.69
18633.62500000, 0.66
18633.66666667, 0.63
18633.70833333, 0.54
18633.75000000, 0.51
18633.79166667, 0.49
18633.83333333, 0.5
18633.87500000, 0.53
18633.91666667, 0.54
18633.95833333, 0.55
18634.00000000, 0.62
18634.04166667, 0.64
18634.08333333, 0.69
18634.12500000, 0.67
18634.16666667, 0.64
18634.20833333, 0.66
18634.25000000, 0.67
18634.29166667, 0.68
18634.33333333, 0.71
18634.37500000, 0.73
18634.41666667, 0.73
18634.45833333, 0.74
18634.50000000, 0.81
18634.54166667, 0.78
18634.58333333, 0.72
18634.62500000, 0.66
18634.66666667, 0.61
18634.70833333, 0.57
18634.75000000, 0.54
18634.79166667, 0.51
18634.83333333, 0.49
18634.87500000, 0.53
18634.91666667, 0.7
18634.95833333, 0.74
18635.00000000, 0.79
18635.04166667, 0.79
18635.08333333, 0.77
18635.12500000, 0.8
18635.16666667, 0.8
18635.20833333, 0.81
18635.25000000, 0.79
18635.29166667, 0.74
18635.33333333, 0.72
18635.37500000, 0.74
18635.41666667, 0.73
18635.45833333, 0.81
18635.50000000, 0.8
18635.54166667, 0.76
18635.58333333, 0.7
18635.62500000, 0.68
18635.66666667, 0.68
18635.70833333, 0.65
18635.75000000, 0.63
18635.79166667, 0.59
18635.83333333, 0.57
18635.87500000, 0.59
18635.91666667, 0.67
18635.95833333, 0.63
18636.00000000, 0.65
18636.04166667, 0.68
18636.08333333, 0.71
18636.12500000, 0.7
18636.16666667, 0.66
18636.20833333, 0.6
18636.25000000, 0.57
18636.29166667, 0.57
18636.33333333, 0.56
18636.37500000, 0.54
18636.41666667, 0.54
18636.45833333, 0.55
18636.50000000, 0.55
18636.54166667, 0.56
18636.58333333, 0.53
18636.62500000, 0.46
18636.66666667, 0.4
18636.70833333, 0.36
18636.75000000, 0.32
18636.79166667, 0.32
18636.83333333, 0.35
18636.87500000, 0.41
18636.91666667, 0.45
18636.95833333, 0.49
18637.00000000, 0.51
18637.04166667, 0.53
18637.08333333, 0.55
18637.12500000, 0.58
18637.16666667, 0.59
18637.20833333, 0.6
18637.25000000, 0.61
18637.29166667, 0.61
18637.33333333, 0.64
18637.37500000, 0.67
18637.41666667, 0.69
18637.45833333, 0.69
18637.50000000, 0.65
18637.54166667, 0.63
18637.58333333, 0.59
18637.62500000, 0.54
18637.66666667, 0.52
18637.70833333, 0.5
18637.75000000, 0.49
18637.79166667, 0.47
18637.83333333, 0.47
18637.87500000, 0.54
18637.91666667, 0.66
18637.95833333, 0.73
18638.00000000, 0.75
18638.04166667, 0.78
18638.08333333, 0.81
18638.12500000, 0.77
18638.16666667, 0.73
18638.20833333, 0.78
18638.25000000, 0.84
18638.29166667, 0.82
18638.33333333, 0.84
18638.37500000, 0.79
18638.41666667, 0.82
18638.45833333, 0.87
18638.50000000, 0.83
18638.54166667, 0.82
18638.58333333, 0.74
18638.62500000, 0.63
18638.66666667, 0.5
18638.70833333, 0.48
18638.75000000, 0.62
18638.79166667, 0.67
18638.83333333, 0.69
18638.87500000, 0.73
18638.91666667, 0.82
18638.95833333, 0.84
18639.00000000, 0.83
18639.04166667, 0.87
18639.08333333, 0.88
18639.12500000, 0.89
18639.16666667, 0.92
18639.20833333, 0.93
18639.25000000, 0.92
18639.29166667, 0.88
18639.33333333, 0.8
18639.37500000, 0.78
18639.41666667, 0.8
18639.45833333, 0.82
18639.50000000, 0.85
18639.54166667, 0.84
18639.58333333, 0.67
18639.62500000, 0.55
18639.66666667, 0.48
18639.70833333, 0.43
18639.75000000, 0.48
18639.79166667, 0.47
18639.83333333, 0.48
18639.87500000, 0.56
18639.91666667, 0.52
18639.95833333, 0.56
18640.00000000, 0.59
18640.04166667, 0.63
18640.08333333, 0.67
18640.12500000, 0.69
18640.16666667, 0.84
18640.20833333, 0.86
18640.25000000, 0.83
18640.29166667, 0.79
18640.33333333, 0.78
18640.37500000, 0.8
18640.41666667, 0.8
18640.45833333, 0.8
18640.50000000, 0.76
18640.54166667, 0.81
18640.58333333, 0.65
18640.62500000, 0.52
18640.66666667, 0.47
18640.70833333, 0.49
18640.75000000, 0.49
18640.79166667, 0.48
18640.83333333, 0.49
18640.87500000, 0.64
18640.91666667, 0.8
18640.95833333, 0.82
18641.00000000, 0.89
18641.04166667, 0.91
18641.08333333, 0.91
18641.12500000, 0.91
18641.16666667, 0.89
18641.20833333, 0.88
18641.25000000, 0.89
18641.29166667, 0.9
18641.33333333, 0.91
18641.37500000, 0.91
18641.41666667, 0.91
18641.45833333, 0.91
18641.50000000, 0.86
18641.54166667, 0.8
18641.58333333, 0.68
18641.62500000, 0.6
18641.66666667, 0.53
18641.70833333, 0.49
18641.75000000, 0.47
18641.79166667, 0.46
18641.83333333, 0.46
18641.87500000, 0.54
18641.91666667, 0.55
18641.95833333, 0.54
18642.00000000, 0.76
18642.04166667, 0.81
18642.08333333, 0.82
18642.12500000, 0.82
18642.16666667, 0.79
18642.20833333, 0.8
18642.25000000, 0.8
18642.29166667, 0.76
18642.33333333, 0.84
18642.37500000, 0.86
18642.41666667, 0.9
18642.45833333, 0.92
18642.50000000, 0.92
18642.54166667, 0.91
18642.58333333, 0.85
18642.62500000, 0.76
18642.66666667, 0.67
18642.70833333, 0.62
18642.75000000, 0.6
18642.79166667, 0.6
18642.83333333, 0.67
18642.87500000, 0.73
18642.91666667, 0.78
18642.95833333, 0.85
18643.00000000, 0.92
18643.04166667, 0.93
18643.08333333, 0.94
18643.12500000, 0.93
18643.16666667, 0.94
18643.20833333, 0.95
18643.25000000, 0.96
18643.29166667, 0.94
18643.33333333, 0.89
18643.37500000, 0.91
18643.41666667, 0.92
18643.45833333, 0.93
18643.50000000, 0.95
18643.54166667, 0.95
18643.58333333, 0.9
18643.62500000, 0.83
18643.66666667, 0.75
18643.70833333, 0.65
18643.75000000, 0.57
18643.79166667, 0.48
18643.83333333, 0.41
18643.87500000, 0.43
18643.91666667, 0.47
18643.95833333, 0.52
18644.00000000, 0.67
18644.04166667, 0.66
18644.08333333, 0.66
18644.12500000, 0.64
18644.16666667, 0.62
18644.20833333, 0.64
18644.25000000, 0.66
18644.29166667, 0.69
18644.33333333, 0.76
18644.37500000, 0.74
18644.41666667, 0.67
18644.45833333, 0.66
18644.50000000, 0.66
18644.54166667, 0.71
18644.58333333, 0.68
18644.62500000, 0.63
18644.66666667, 0.62
18644.70833333, 0.58
18644.75000000, 0.45
18644.79166667, 0.43
18644.83333333, 0.43
18644.87500000, 0.47
18644.91666667, 0.52
18644.95833333, 0.57
18645.00000000, 0.56
18645.04166667, 0.57
18645.08333333, 0.6
18645.12500000, 0.63
18645.16666667, 0.66
18645.20833333, 0.67
18645.25000000, 0.68
18645.29166667, 0.68
18645.33333333, 0.69
18645.37500000, 0.72
18645.41666667, 0.76
18645.45833333, 0.77
18645.50000000, 0.74
18645.54166667, 0.64
18645.58333333, 0.6
18645.62500000, 0.47
18645.66666667, 0.43
18645.70833333, 0.42
18645.75000000, 0.41
18645.79166667, 0.4
18645.83333333, 0.39
18645.87500000, 0.41
18645.91666667, 0.43
18645.95833333, 0.48
18646.00000000, 0.51
18646.04166667, 0.51
18646.08333333, 0.56
18646.12500000, 0.6
18646.16666667, 0.6
18646.20833333, 0.65
18646.25000000, 0.71
18646.29166667, 0.74
18646.33333333, 0.72
18646.37500000, 0.72
18646.41666667, 0.74
18646.45833333, 0.75
18646.50000000, 0.71
18646.54166667, 0.69
18646.58333333, 0.65
18646.62500000, 0.62
18646.66666667, 0.56
18646.70833333, 0.51
18646.75000000, 0.43
18646.79166667, 0.41
18646.83333333, 0.37
18646.87500000, 0.39
18646.91666667, 0.53
18646.95833333, 0.61
18647.00000000, 0.65
18647.04166667, 0.63
18647.08333333, 0.65
18647.12500000, 0.68
18647.16666667, 0.64
18647.20833333, 0.61
18647.25000000, 0.69
18647.29166667, 0.76
18647.33333333, 0.71
18647.37500000, 0.77
18647.41666667, 0.73
18647.45833333, 0.72
18647.50000000, 0.74
18647.54166667, 0.66
18647.58333333, 0.64
18647.62500000, 0.6
18647.66666667, 0.5
18647.70833333, 0.47
18647.75000000, 0.43
18647.79166667, 0.42
18647.83333333, 0.4
18647.87500000, 0.41
18647.91666667, 0.44
18647.95833333, 0.49
18648.00000000, 0.62
18648.04166667, 0.57
18648.08333333, 0.6
18648.12500000, 0.69
18648.16666667, 0.62
18648.20833333, 0.73
18648.25000000, 0.77
18648.29166667, 0.81
18648.33333333, 0.82
18648.37500000, 0.78
18648.41666667, 0.67
18648.45833333, 0.63
18648.50000000, 0.69
18648.54166667, 0.71
18648.58333333, 0.68
18648.62500000, 0.6
18648.66666667, 0.54
18648.70833333, 0.49
18648.75000000, 0.46
18648.79166667, 0.43
18648.83333333, 0.42
18648.87500000, 0.49
18648.91666667, 0.64
18648.95833333, 0.67
18649.00000000, 0.66
18649.04166667, 0.55
18649.08333333, 0.54
18649.12500000, 0.56
18649.16666667, 0.52
18649.20833333, 0.51
18649.25000000, 0.56
18649.29166667, 0.61
18649.33333333, 0.66
18649.37500000, 0.71
18649.41666667, 0.78
18649.45833333, 0.8
18649.50000000, 0.79
18649.54166667, 0.76
18649.58333333, 0.66
18649.62500000, 0.54
18649.66666667, 0.46
18649.70833333, 0.44
18649.75000000, 0.43
18649.79166667, 0.42
18649.83333333, 0.42
18649.87500000, 0.43
18649.91666667, 0.44
18649.95833333, 0.48
18650.00000000, 0.57
18650.04166667, 0.64
18650.08333333, 0.67
18650.12500000, 0.71
18650.16666667, 0.72
18650.20833333, 0.64
18650.25000000, 0.56
18650.29166667, 0.5
18650.33333333, 0.49
18650.37500000, 0.51
18650.41666667, 0.53
18650.45833333, 0.54
18650.50000000, 0.49
18650.54166667, 0.48
18650.58333333, 0.41
18650.62500000, 0.37
18650.66666667, 0.35
18650.70833333, 0.36
18650.75000000, 0.36
18650.79166667, 0.36
18650.83333333, 0.36
18650.87500000, 0.37
18650.91666667, 0.39
18650.95833333, 0.41
18651.00000000, 0.45
18651.04166667, 0.46
18651.08333333, 0.47
18651.12500000, 0.48
18651.16666667, 0.5
18651.20833333, 0.51
18651.25000000, 0.53
18651.29166667, 0.54
18651.33333333, 0.55
18651.37500000, 0.55
18651.41666667, 0.56
18651.45833333, 0.56
18651.50000000, 0.6
18651.54166667, 0.61
18651.58333333, 0.58
18651.62500000, 0.55
18651.66666667, 0.53
18651.70833333, 0.5
18651.75000000, 0.47
18651.79166667, 0.45
18651.83333333, 0.44
18651.87500000, 0.44
18651.91666667, 0.64
18651.95833333, 0.55
18652.00000000, 0.67
18652.04166667, 0.69
18652.08333333, 0.61
18652.12500000, 0.62
18652.16666667, 0.59
18652.20833333, 0.58
18652.25000000, 0.57
18652.29166667, 0.57
18652.33333333, 0.58
18652.37500000, 0.61
18652.41666667, 0.63
18652.45833333, 0.65
18652.50000000, 0.62
18652.54166667, 0.62
18652.58333333, 0.64
18652.62500000, 0.63
18652.66666667, 0.6
18652.70833333, 0.59
18652.75000000, 0.58
18652.79166667, 0.58
18652.83333333, 0.58
18652.87500000, 0.6
18652.91666667, 0.65
18652.95833333, 0.71
18653.00000000, 0.81
18653.04166667, 0.88
18653.08333333, 0.91
18653.12500000, 0.92
18653.16666667, 0.92
18653.20833333, 0.91
18653.25000000, 0.91
18653.29166667, 0.92
18653.33333333, 0.94
18653.37500000, 0.95
18653.41666667, 0.96
18653.45833333, 0.95
18653.50000000, 0.91
18653.54166667, 0.94
18653.58333333, 0.91
18653.62500000, 0.92
18653.66666667, 0.9
18653.70833333, 0.9
18653.75000000, 0.89
18653.79166667, 0.88
18653.83333333, 0.87
18653.87500000, 0.88
18653.91666667, 0.94
18653.95833333, 0.88
18654.00000000, 0.94
18654.04166667, 0.94
18654.08333333, 0.94
18654.12500000, 0.98
18654.16666667, 0.97
18654.20833333, 0.96
18654.25000000, 0.96
18654.29166667, 0.94
18654.33333333, 0.91
18654.37500000, 0.87
18654.41666667, 0.73
18654.45833333, 0.76
18654.50000000, 0.79
18654.54166667, 0.69
18654.58333333, 0.67
18654.62500000, 0.6
18654.66666667, 0.57
18654.70833333, 0.54
18654.75000000, 0.52
18654.79166667, 0.48
18654.83333333, 0.47
18654.87500000, 0.49
18654.91666667, 0.6
18654.95833333, 0.64
18655.00000000, 0.67
18655.04166667, 0.68
18655.08333333, 0.65
18655.12500000, 0.63
18655.16666667, 0.62
18655.20833333, 0.63
18655.25000000, 0.65
18655.29166667, 0.66
18655.33333333, 0.64
18655.37500000, 0.65
18655.41666667, 0.68
18655.45833333, 0.58
18655.50000000, 0.47
18655.54166667, 0.47
18655.58333333, 0.49
18655.62500000, 0.49
18655.66666667, 0.44
18655.70833333, 0.42
18655.75000000, 0.4
18655.79166667, 0.38
18655.83333333, 0.37
18655.87500000, 0.37
18655.91666667, 0.4
18655.95833333, 0.41
18656.00000000, 0.44
18656.04166667, 0.44
18656.08333333, 0.45
18656.12500000, 0.49
18656.16666667, 0.53
18656.20833333, 0.51
18656.25000000, 0.41
18656.29166667, 0.4
18656.33333333, 0.39
18656.37500000, 0.4
18656.41666667, 0.41
18656.45833333, 0.41
18656.50000000, 0.48
18656.54166667, 0.49
18656.58333333, 0.46
18656.62500000, 0.42
18656.66666667, 0.37
18656.70833333, 0.35
18656.75000000, 0.35
18656.79166667, 0.34
18656.83333333, 0.34
18656.87500000, 0.35
18656.91666667, 0.36
18656.95833333, 0.37
18657.00000000, 0.44
18657.04166667, 0.45
18657.08333333, 0.46
18657.12500000, 0.48
18657.16666667, 0.5
18657.20833333, 0.52
18657.25000000, 0.53
18657.29166667, 0.55
18657.33333333, 0.56
18657.37500000, 0.58
18657.41666667, 0.6
18657.45833333, 0.6
18657.50000000, 0.63
18657.54166667, 0.59
18657.58333333, 0.5
18657.62500000, 0.42
18657.66666667, 0.45
18657.70833333, 0.42
18657.75000000, 0.4
18657.79166667, 0.39
18657.83333333, 0.38
18657.87500000, 0.38
18657.91666667, 0.5
18657.95833333, 0.52
18658.00000000, 0.55
18658.04166667, 0.65
18658.08333333, 0.68
18658.12500000, 0.69
18658.16666667, 0.61
18658.20833333, 0.56
18658.25000000, 0.57
18658.29166667, 0.58
18658.33333333, 0.59
18658.37500000, 0.66
18658.41666667, 0.73
18658.45833333, 0.79
18658.50000000, 0.8
18658.54166667, 0.83
18658.58333333, 0.87
18658.62500000, 0.87
18658.66666667, 0.88
18658.70833333, 0.86
18658.75000000, 0.88
18658.79166667, 0.89
18658.83333333, 0.91
18658.87500000, 0.93
18658.91666667, 0.94
18658.95833333, 0.93
18659.00000000, 0.93
18659.04166667, 0.93
18659.08333333, 0.92
18659.12500000, 0.91
18659.16666667, 0.92
18659.20833333, 0.9
18659.25000000, 0.9
18659.29166667, 0.9
18659.33333333, 0.9
18659.37500000, 0.89
18659.41666667, 0.9
18659.45833333, 0.9
18659.50000000, 0.88
18659.54166667, 0.87
18659.58333333, 0.87
18659.62500000, 0.86
18659.66666667, 0.88
18659.70833333, 0.88
18659.75000000, 0.88
18659.79166667, 0.88
18659.83333333, 0.88
18659.87500000, 0.86
18659.91666667, 0.87
18659.95833333, 0.87
18660.00000000, 0.88
18660.04166667, 0.87
18660.08333333, 0.86
18660.12500000, 0.86
18660.16666667, 0.87
18660.20833333, 0.87
18660.25000000, 0.86
18660.29166667, 0.84
18660.33333333, 0.84
18660.37500000, 0.82
18660.41666667, 0.82
18660.45833333, 0.81
18660.50000000, 0.82
18660.54166667, 0.84
18660.58333333, 0.83
18660.62500000, 0.81
18660.66666667, 0.74
18660.70833333, 0.72
18660.75000000, 0.73
18660.79166667, 0.74
18660.83333333, 0.72
18660.87500000, 0.68
18660.91666667, 0.64
18660.95833333, 0.66
18661.00000000, 0.7
18661.04166667, 0.71
18661.08333333, 0.71
18661.12500000, 0.7
18661.16666667, 0.69
18661.20833333, 0.7
18661.25000000, 0.71
18661.29166667, 0.72
18661.33333333, 0.74
18661.37500000, 0.74
18661.41666667, 0.74
18661.45833333, 0.75
18661.50000000, 0.71
18661.54166667, 0.71
18661.58333333, 0.68
18661.62500000, 0.63
18661.66666667, 0.59
18661.70833333, 0.58
18661.75000000, 0.57
18661.79166667, 0.53
18661.83333333, 0.51
18661.87500000, 0.5
18661.91666667, 0.53
18661.95833333, 0.56
18662.00000000, 0.64
18662.04166667, 0.61
18662.08333333, 0.59
18662.12500000, 0.62
18662.16666667, 0.65
18662.20833333, 0.66
18662.25000000, 0.67
18662.29166667, 0.67
18662.33333333, 0.67
18662.37500000, 0.67
18662.41666667, 0.67
18662.45833333, 0.67
18662.50000000, 0.62
18662.54166667, 0.62
18662.58333333, 0.58
18662.62500000, 0.53
18662.66666667, 0.47
18662.70833333, 0.43
18662.75000000, 0.39
18662.79166667, 0.37
18662.83333333, 0.35
18662.87500000, 0.36
18662.91666667, 0.35
18662.95833333, 0.58
18663.00000000, 0.64
18663.04166667, 0.51
18663.08333333, 0.41
18663.12500000, 0.37
18663.16666667, 0.38
18663.20833333, 0.39
18663.25000000, 0.41
18663.29166667, 0.47
18663.33333333, 0.51
18663.37500000, 0.53
18663.41666667, 0.55
18663.45833333, 0.75
18663.50000000, 0.83
18663.54166667, 0.86
18663.58333333, 0.86
18663.62500000, 0.79
18663.66666667, 0.72
18663.70833333, 0.64
18663.75000000, 0.51
18663.79166667, 0.45
18663.83333333, 0.42
18663.87500000, 0.42
18663.91666667, 0.48
18663.95833333, 0.52
18664.00000000, 0.53
18664.04166667, 0.44
18664.08333333, 0.43
18664.12500000, 0.47
18664.16666667, 0.58
18664.20833333, 0.67
18664.25000000, 0.75
18664.29166667, 0.76
18664.33333333, 0.69
18664.37500000, 0.69
18664.41666667, 0.67
18664.45833333, 0.69
18664.50000000, 0.6
18664.54166667, 0.61
18664.58333333, 0.55
18664.62500000, 0.48
18664.66666667, 0.41
18664.70833333, 0.38
18664.75000000, 0.41
18664.79166667, 0.36
18664.83333333, 0.35
18664.87500000, 0.38
18664.91666667, 0.48
18664.95833333, 0.63
18665.00000000, 0.62
18665.04166667, 0.67
18665.08333333, 0.61
18665.12500000, 0.62
18665.16666667, 0.62
18665.20833333, 0.64
18665.25000000, 0.56
18665.29166667, 0.57
18665.33333333, 0.64
18665.37500000, 0.72
18665.41666667, 0.8
18665.45833333, 0.9
18665.50000000, 0.96
18665.54166667, 0.98
18665.58333333, 0.98
18665.62500000, 0.98
18665.66666667, 0.97
18665.70833333, 0.98
18665.75000000, 0.96
18665.79166667, 0.85
18665.83333333, 0.76
18665.87500000, 0.65
18665.91666667, 0.58
18665.95833333, 0.57
18666.00000000, 0.56
18666.04166667, 0.53
18666.08333333, 0.58
18666.12500000, 0.59
18666.16666667, 0.57
18666.20833333, 0.54
18666.25000000, 0.54
18666.29166667, 0.56
18666.33333333, 0.56
18666.37500000, 0.54
18666.41666667, 0.53
18666.45833333, 0.52
18666.50000000, 0.54
18666.54166667, 0.51
18666.58333333, 0.5
18666.62500000, 0.47
18666.66666667, 0.45
18666.70833333, 0.44
18666.75000000, 0.41
18666.79166667, 0.38
18666.83333333, 0.36
18666.87500000, 0.37
18666.91666667, 0.47
18666.95833333, 0.57
18667.00000000, 0.65
18667.04166667, 0.6
18667.08333333, 0.58
18667.12500000, 0.63
18667.16666667, 0.7
18667.20833333, 0.81
18667.25000000, 0.83
18667.29166667, 0.85
18667.33333333, 0.84
18667.37500000, 0.9
18667.41666667, 0.84
18667.45833333, 0.82
18667.50000000, 0.85
18667.54166667, 0.84
18667.58333333, 0.85
18667.62500000, 0.83
18667.66666667, 0.76
18667.70833333, 0.71
18667.75000000, 0.66
18667.79166667, 0.62
18667.83333333, 0.59
18667.87500000, 0.59
18667.91666667, 0.67
18667.95833333, 0.68
18668.00000000, 0.66
18668.04166667, 0.67
18668.08333333, 0.69
18668.12500000, 0.77
18668.16666667, 0.8
18668.20833333, 0.78
18668.25000000, 0.81
18668.29166667, 0.85
18668.33333333, 0.85
18668.37500000, 0.84
18668.41666667, 0.81
18668.45833333, 0.8
18668.50000000, 0.85
18668.54166667, 0.77
18668.58333333, 0.68
18668.62500000, 0.62
18668.66666667, 0.59
18668.70833333, 0.57
18668.75000000, 0.56
18668.79166667, 0.55
18668.83333333, 0.54
18668.87500000, 0.59
18668.91666667, 0.66
18668.95833333, 0.68
18669.00000000, 0.82
18669.04166667, 0.83
18669.08333333, 0.86
18669.12500000, 0.88
18669.16666667, 0.91
18669.20833333, 0.93
18669.25000000, 0.94
18669.29166667, 0.95
18669.33333333, 0.96
18669.37500000, 0.96
18669.41666667, 0.97
18669.45833333, 0.96
18669.50000000, 0.94
18669.54166667, 0.93
18669.58333333, 0.92
18669.62500000, 0.88
18669.66666667, 0.86
18669.70833333, 0.84
18669.75000000, 0.79
18669.79166667, 0.8
18669.83333333, 0.76
18669.87500000, 0.76
18669.91666667, 0.77
18669.95833333, 0.81
18670.00000000, 0.76
18670.04166667, 0.74
18670.08333333, 0.74
18670.12500000, 0.73
18670.16666667, 0.73
18670.20833333, 0.73
18670.25000000, 0.73
18670.29166667, 0.72
18670.33333333, 0.66
18670.37500000, 0.63
18670.41666667, 0.62
18670.45833333, 0.62
18670.50000000, 0.61
18670.54166667, 0.62
18670.58333333, 0.63
18670.62500000, 0.64
18670.66666667, 0.63
18670.70833333, 0.64
18670.75000000, 0.63
18670.79166667, 0.63
18670.83333333, 0.62
18670.87500000, 0.61
18670.91666667, 0.61
18670.95833333, 0.61
18671.00000000, 0.66
18671.04166667, 0.62
18671.08333333, 0.62
18671.12500000, 0.62
18671.16666667, 0.62
18671.20833333, 0.62
18671.25000000, 0.63
18671.29166667, 0.63
18671.33333333, 0.62
18671.37500000, 0.61
18671.41666667, 0.6
18671.45833333, 0.61
18671.50000000, 0.59
18671.54166667, 0.62
18671.58333333, 0.65
18671.62500000, 0.69
18671.66666667, 0.76
18671.70833333, 0.76
18671.75000000, 0.79
18671.79166667, 0.82
18671.83333333, 0.84
18671.87500000, 0.87
18671.91666667, 0.86
18671.95833333, 0.87
18672.00000000, 0.89
18672.04166667, 0.88
18672.08333333, 0.86
18672.12500000, 0.86
18672.16666667, 0.85
18672.20833333, 0.83
18672.25000000, 0.83
18672.29166667, 0.81
18672.33333333, 0.81
18672.37500000, 0.8
18672.41666667, 0.8
18672.45833333, 0.8
18672.50000000, 0.78
18672.54166667, 0.77
18672.58333333, 0.74
18672.62500000, 0.72
18672.66666667, 0.71
18672.70833333, 0.68
18672.75000000, 0.64
18672.79166667, 0.62
18672.83333333, 0.6
18672.87500000, 0.62
18672.91666667, 0.69
18672.95833333, 0.73
18673.00000000, 0.76
18673.04166667, 0.73
18673.08333333, 0.77
18673.12500000, 0.76
18673.16666667, 0.77
18673.20833333, 0.79
18673.25000000, 0.81
18673.29166667, 0.81
18673.33333333, 0.8
18673.37500000, 0.81
18673.41666667, 0.82
18673.45833333, 0.82
18673.50000000, 0.8
18673.54166667, 0.77
18673.58333333, 0.75
18673.62500000, 0.75
18673.66666667, 0.75
18673.70833333, 0.74
18673.75000000, 0.75
18673.79166667, 0.74
18673.83333333, 0.74
18673.87500000, 0.74
18673.91666667, 0.76
18673.95833333, 0.8
18674.00000000, 0.9
18674.04166667, 0.93
18674.08333333, 0.96
18674.12500000, 0.96
18674.16666667, 0.97
18674.20833333, 0.96
18674.25000000, 0.98
18674.29166667, 0.97
18674.33333333, 0.97
18674.37500000, 0.95
18674.41666667, 0.94
18674.45833333, 0.94
18674.50000000, 0.93
18674.54166667, 0.93
18674.58333333, 0.91
18674.62500000, 0.89
18674.66666667, 0.85
18674.70833333, 0.78
18674.75000000, 0.7
18674.79166667, 0.66
18674.83333333, 0.69
18674.87500000, 0.55
18674.91666667, 0.49
18674.95833333, 0.49
18675.00000000, 0.48
18675.04166667, 0.48
18675.08333333, 0.51
18675.12500000, 0.55
18675.16666667, 0.56
18675.20833333, 0.56
18675.25000000, 0.58
18675.29166667, 0.58
18675.33333333, 0.59
18675.37500000, 0.6
18675.41666667, 0.6
18675.45833333, 0.61
18675.50000000, 0.56
18675.54166667, 0.55
18675.58333333, 0.52
18675.62500000, 0.5
18675.66666667, 0.48
18675.70833333, 0.47
18675.75000000, 0.45
18675.79166667, 0.44
18675.83333333, 0.43
18675.87500000, 0.43
18675.91666667, 0.45
18675.95833333, 0.55
18676.00000000, 0.57
18676.04166667, 0.59
18676.08333333, 0.7
18676.12500000, 0.7
18676.16666667, 0.67
18676.20833333, 0.64
18676.25000000, 0.59
18676.29166667, 0.59
18676.33333333, 0.6
18676.37500000, 0.62
18676.41666667, 0.67
18676.45833333, 0.75
18676.50000000, 0.8
18676.54166667, 0.8
18676.58333333, 0.84
18676.62500000, 0.91
18676.66666667, 0.92
18676.70833333, 0.9
18676.75000000, 0.85
18676.79166667, 0.83
18676.83333333, 0.83
18676.87500000, 0.84
18676.91666667, 0.85
18676.95833333, 0.87
18677.00000000, 0.85
18677.04166667, 0.84
18677.08333333, 0.84
18677.12500000, 0.85
18677.16666667, 0.86
18677.20833333, 0.88
18677.25000000, 0.89
18677.29166667, 0.89
18677.33333333, 0.88
18677.37500000, 0.9
18677.41666667, 0.91
18677.45833333, 0.93
18677.50000000, 0.91
18677.54166667, 0.9
18677.58333333, 0.9
18677.62500000, 0.88
18677.66666667, 0.87
18677.70833333, 0.82
18677.75000000, 0.82
18677.79166667, 0.79
18677.83333333, 0.77
18677.87500000, 0.76
18677.91666667, 0.81
18677.95833333, 0.86
18678.00000000, 0.76
18678.04166667, 0.76
18678.08333333, 0.77
18678.12500000, 0.75
18678.16666667, 0.74
18678.20833333, 0.74
18678.25000000, 0.75
18678.29166667, 0.74
18678.33333333, 0.72
18678.37500000, 0.7
18678.41666667, 0.67
18678.45833333, 0.66
18678.50000000, 0.65
18678.54166667, 0.63
18678.58333333, 0.59
18678.62500000, 0.59
18678.66666667, 0.58
18678.70833333, 0.54
18678.75000000, 0.5
18678.79166667, 0.48
18678.83333333, 0.48
18678.87500000, 0.48
18678.91666667, 0.51
18678.95833333, 0.52
18679.00000000, 0.55
18679.04166667, 0.6
18679.08333333, 0.62
18679.12500000, 0.63
18679.16666667, 0.66
18679.20833333, 0.67
18679.25000000, 0.69
18679.29166667, 0.7
18679.33333333, 0.71
18679.37500000, 0.72
18679.41666667, 0.73
18679.45833333, 0.74
18679.50000000, 0.72
18679.54166667, 0.7
18679.58333333, 0.65
18679.62500000, 0.6
18679.66666667, 0.56
18679.70833333, 0.52
18679.75000000, 0.49
18679.79166667, 0.62
18679.83333333, 0.62
18679.87500000, 0.62
18679.91666667, 0.59
18679.95833333, 0.69
18680.00000000, 0.66
18680.04166667, 0.65
18680.08333333, 0.62
18680.12500000, 0.58
18680.16666667, 0.56
18680.20833333, 0.58
18680.25000000, 0.65
18680.29166667, 0.68
18680.33333333, 0.68
18680.37500000, 0.68
18680.41666667, 0.68
18680.45833333, 0.68
18680.50000000, 0.69
18680.54166667, 0.68
18680.58333333, 0.73
18680.62500000, 0.83
18680.66666667, 0.89
18680.70833333, 0.91
18680.75000000, 0.92
18680.79166667, 0.91
18680.83333333, 0.88
18680.87500000, 0.88
18680.91666667, 0.88
18680.95833333, 0.92
18681.00000000, 0.94
18681.04166667, 0.94
18681.08333333, 0.91
18681.12500000, 0.86
18681.16666667, 0.82
18681.20833333, 0.82
18681.25000000, 0.78
18681.29166667, 0.78
18681.33333333, 0.82
18681.37500000, 0.86
18681.41666667, 0.9
18681.45833333, 0.9
18681.50000000, 0.89
18681.54166667, 0.86
18681.58333333, 0.8
18681.62500000, 0.71
18681.66666667, 0.58
18681.70833333, 0.55
18681.75000000, 0.51
18681.79166667, 0.44
18681.83333333, 0.43
18681.87500000, 0.42
18681.91666667, 0.43
18681.95833333, 0.47
18682.00000000, 0.54
18682.04166667, 0.58
18682.08333333, 0.62
18682.12500000, 0.66
18682.16666667, 0.66
18682.20833333, 0.73
18682.25000000, 0.8
18682.29166667, 0.81
18682.33333333, 0.85
18682.37500000, 0.86
18682.41666667, 0.87
18682.45833333, 0.8
18682.50000000, 0.85
18682.54166667, 0.8
18682.58333333, 0.7
18682.62500000, 0.6
18682.66666667, 0.51
18682.70833333, 0.44
18682.75000000, 0.41
18682.79166667, 0.35
18682.83333333, 0.34
18682.87500000, 0.39
18682.91666667, 0.41
18682.95833333, 0.41
18683.00000000, 0.42
18683.04166667, 0.41
18683.08333333, 0.42
18683.12500000, 0.42
18683.16666667, 0.45
18683.20833333, 0.56
18683.25000000, 0.65
18683.29166667, 0.62
18683.33333333, 0.59
18683.37500000, 0.63
18683.41666667, 0.66
18683.45833333, 0.68
18683.50000000, 0.59
18683.54166667, 0.6
18683.58333333, 0.56
18683.62500000, 0.52
18683.66666667, 0.48
18683.70833333, 0.44
18683.75000000, 0.39
18683.79166667, 0.35
18683.83333333, 0.33
18683.87500000, 0.33
18683.91666667, 0.41
18683.95833333, 0.55
18684.00000000, 0.59
18684.04166667, 0.66
18684.08333333, 0.68
18684.12500000, 0.6
18684.16666667, 0.65
18684.20833333, 0.7
18684.25000000, 0.61
18684.29166667, 0.62
18684.33333333, 0.61
18684.37500000, 0.6
18684.41666667, 0.59
18684.45833333, 0.57
18684.50000000, 0.59
18684.54166667, 0.56
18684.58333333, 0.48
18684.62500000, 0.43
18684.66666667, 0.42
18684.70833333, 0.4
18684.75000000, 0.38
18684.79166667, 0.38
18684.83333333, 0.38
18684.87500000, 0.38
18684.91666667, 0.45
18684.95833333, 0.47
18685.00000000, 0.53
18685.04166667, 0.7
18685.08333333, 0.95
18685.12500000, 0.99
18685.16666667, 0.99
18685.20833333, 0.99
18685.25000000, 0.97
18685.29166667, 0.96
18685.33333333, 0.96
18685.37500000, 0.97
18685.41666667, 0.97
18685.45833333, 0.97
18685.50000000, 0.95
18685.54166667, 0.95
18685.58333333, 0.95
18685.62500000, 0.96
18685.66666667, 0.87
18685.70833333, 0.82
18685.75000000, 0.74
18685.79166667, 0.68
18685.83333333, 0.64
18685.87500000, 0.64
18685.91666667, 0.81
18685.95833333, 0.73
18686.00000000, 0.89
18686.04166667, 0.89
18686.08333333, 0.9
18686.12500000, 0.88
18686.16666667, 0.95
18686.20833333, 0.91
18686.25000000, 0.95
18686.29166667, 0.93
18686.33333333, 0.91
18686.37500000, 0.92
18686.41666667, 0.91
18686.45833333, 0.93
18686.50000000, 0.96
18686.54166667, 0.95
18686.58333333, 0.96
18686.62500000, 0.96
18686.66666667, 0.96
18686.70833333, 0.96
18686.75000000, 0.96
18686.79166667, 0.96
18686.83333333, 0.96
18686.87500000, 0.97
18686.91666667, 0.98
18686.95833333, 0.98
18687.00000000, 0.97
18687.04166667, 0.97
18687.08333333, 0.99
18687.12500000, 0.99
18687.16666667, 0.99
18687.20833333, 0.98
18687.25000000, 0.97
18687.29166667, 0.98
18687.33333333, 0.98
18687.37500000, 0.98
18687.41666667, 0.98
18687.45833333, 0.97
18687.50000000, 0.97
18687.54166667, 0.97
18687.58333333, 0.96
18687.62500000, 0.95
18687.66666667, 0.94
18687.70833333, 0.8
18687.75000000, 0.74
18687.79166667, 0.62
18687.83333333, 0.52
18687.87500000, 0.5
18687.91666667, 0.44
18687.95833333, 0.4
18688.00000000, 0.4
18688.04166667, 0.38
18688.08333333, 0.41
18688.12500000, 0.46
18688.16666667, 0.47
18688.20833333, 0.47
18688.25000000, 0.46
18688.29166667, 0.47
18688.33333333, 0.48
18688.37500000, 0.48
18688.41666667, 0.47
18688.45833333, 0.46
18688.50000000, 0.42
18688.54166667, 0.42
18688.58333333, 0.39
18688.62500000, 0.39
18688.66666667, 0.38
18688.70833333, 0.36
18688.75000000, 0.35
18688.79166667, 0.33
18688.83333333, 0.32
18688.87500000, 0.32
18688.91666667, 0.35
18688.95833333, 0.32
18689.00000000, 0.48
18689.04166667, 0.49
18689.08333333, 0.56
18689.12500000, 0.57
18689.16666667, 0.53
18689.20833333, 0.59
18689.25000000, 0.64
18689.29166667, 0.66
18689.33333333, 0.69
18689.37500000, 0.73
18689.41666667, 0.76
18689.45833333, 0.79
18689.50000000, 0.77
18689.54166667, 0.71
18689.58333333, 0.61
18689.62500000, 0.48
18689.66666667, 0.32
18689.70833333, 0.33
18689.75000000, 0.34
18689.79166667, 0.33
18689.83333333, 0.32
18689.87500000, 0.33
18689.91666667, 0.5
18689.95833333, 0.56
18690.00000000, 0.52
18690.04166667, 0.49
18690.08333333, 0.59
18690.12500000, 0.59
18690.16666667, 0.59
18690.20833333, 0.62
18690.25000000, 0.58
18690.29166667, 0.59
18690.33333333, 0.64
18690.37500000, 0.7
18690.41666667, 0.71
18690.45833333, 0.67
18690.50000000, 0.61
18690.54166667, 0.62
18690.58333333, 0.56
18690.62500000, 0.46
18690.66666667, 0.44
18690.70833333, 0.42
18690.75000000, 0.36
18690.79166667, 0.37
18690.83333333, 0.37
18690.87500000, 0.38
18690.91666667, 0.39
18690.95833333, 0.43
18691.00000000, 0.43
18691.04166667, 0.45
18691.08333333, 0.43
18691.12500000, 0.47
18691.16666667, 0.5
18691.20833333, 0.51
18691.25000000, 0.51
18691.29166667, 0.51
18691.33333333, 0.5
18691.37500000, 0.49
18691.41666667, 0.5
18691.45833333, 0.51
18691.50000000, 0.52
18691.54166667, 0.49
18691.58333333, 0.42
18691.62500000, 0.39
18691.66666667, 0.37
18691.70833333, 0.37
18691.75000000, 0.35
18691.79166667, 0.34
18691.83333333, 0.33
18691.87500000, 0.34
18691.91666667, 0.36
18691.95833333, 0.37
18692.00000000, 0.42
18692.04166667, 0.44
18692.08333333, 0.48
18692.12500000, 0.45
18692.16666667, 0.43
18692.20833333, 0.44
18692.25000000, 0.46
18692.29166667, 0.49
18692.33333333, 0.54
18692.37500000, 0.6
18692.41666667, 0.64
18692.45833333, 0.67
18692.50000000, 0.62
18692.54166667, 0.57
18692.58333333, 0.5
18692.62500000, 0.43
18692.66666667, 0.42
18692.70833333, 0.4
18692.75000000, 0.41
18692.79166667, 0.41
18692.83333333, 0.42
18692.87500000, 0.43
18692.91666667, 0.44
18692.95833333, 0.47
18693.00000000, 0.6
18693.04166667, 0.58
18693.08333333, 0.67
18693.12500000, 0.69
18693.16666667, 0.75
18693.20833333, 0.76
18693.25000000, 0.78
18693.29166667, 0.77
18693.33333333, 0.73
18693.37500000, 0.75
18693.41666667, 0.78
18693.45833333, 0.8
18693.50000000, 0.76
18693.54166667, 0.65
18693.58333333, 0.48
18693.62500000, 0.39
18693.66666667, 0.34
18693.70833333, 0.31
18693.75000000, 0.31
18693.79166667, 0.31
18693.83333333, 0.3
18693.87500000, 0.3
18693.91666667, 0.35
18693.95833333, 0.32
18694.00000000, 0.43
18694.04166667, 0.61
18694.08333333, 0.59
18694.12500000, 0.6
18694.16666667, 0.67
18694.20833333, 0.59
18694.25000000, 0.72
18694.29166667, 0.75
18694.33333333, 0.7
18694.37500000, 0.67
18694.41666667, 0.71
18694.45833333, 0.71
18694.50000000, 0.71
18694.54166667, 0.63
18694.58333333, 0.51
18694.62500000, 0.39
18694.66666667, 0.35
18694.70833333, 0.33
18694.75000000, 0.32
18694.79166667, 0.29
18694.83333333, 0.28
18694.87500000, 0.29
18694.91666667, 0.41
18694.95833333, 0.41
18695.00000000, 0.45
18695.04166667, 0.46
18695.08333333, 0.52
18695.12500000, 0.52
18695.16666667, 0.47
18695.20833333, 0.52
18695.25000000, 0.56
18695.29166667, 0.6
18695.33333333, 0.63
18695.37500000, 0.66
18695.41666667, 0.69
18695.45833333, 0.72
18695.50000000, 0.63
18695.54166667, 0.59
18695.58333333, 0.51
18695.62500000, 0.47
18695.66666667, 0.41
18695.70833333, 0.37
18695.75000000, 0.36
18695.79166667, 0.34
18695.83333333, 0.35
18695.87500000, 0.39
18695.91666667, 0.54
18695.95833333, 0.41
18696.00000000, 0.55
18696.04166667, 0.51
18696.08333333, 0.51
18696.12500000, 0.62
18696.16666667, 0.73
18696.20833333, 0.58
18696.25000000, 0.75
18696.29166667, 0.88
18696.33333333, 0.9
18696.37500000, 0.86
18696.41666667, 0.84
18696.45833333, 0.87
18696.50000000, 0.74
18696.54166667, 0.67
18696.58333333, 0.61
18696.62500000, 0.57
18696.66666667, 0.53
18696.70833333, 0.49
18696.75000000, 0.44
18696.79166667, 0.41
18696.83333333, 0.38
18696.87500000, 0.37
18696.91666667, 0.52
18696.95833333, 0.62
18697.00000000, 0.54
18697.04166667, 0.51
18697.08333333, 0.53
18697.12500000, 0.55
18697.16666667, 0.54
18697.20833333, 0.56
18697.25000000, 0.57
18697.29166667, 0.59
18697.33333333, 0.62
18697.37500000, 0.63
18697.41666667, 0.63
18697.45833333, 0.66
18697.50000000, 0.64
18697.54166667, 0.62
18697.58333333, 0.56
18697.62500000, 0.51
18697.66666667, 0.48
18697.70833333, 0.44
18697.75000000, 0.4
18697.79166667, 0.35
18697.83333333, 0.35
18697.87500000, 0.37
18697.91666667, 0.4
18697.95833333, 0.4
18698.00000000, 0.38
18698.04166667, 0.38
18698.08333333, 0.44
18698.12500000, 0.49
18698.16666667, 0.52
18698.20833333, 0.54
18698.25000000, 0.56
18698.29166667, 0.57
18698.33333333, 0.58
18698.37500000, 0.62
18698.41666667, 0.68
18698.45833333, 0.73
18698.50000000, 0.71
18698.54166667, 0.62
18698.58333333, 0.55
18698.62500000, 0.56
18698.66666667, 0.67
18698.70833333, 0.65
18698.75000000, 0.56
18698.79166667, 0.52
18698.83333333, 0.5
18698.87500000, 0.5
18698.91666667, 0.54
18698.95833333, 0.52
18699.00000000, 0.73
18699.04166667, 0.31
18699.08333333, 0.37
18699.12500000, 0.37
18699.16666667, 0.37
18699.20833333, 0.35
18699.25000000, 0.32
18699.29166667, 0.33
18699.33333333, 0.36
18699.37500000, 0.38
18699.41666667, 0.35
18699.45833333, 0.32
18699.50000000, 0.41
18699.54166667, 0.37
18699.58333333, 0.29
18699.62500000, 0.29
18699.66666667, 0.3
18699.70833333, 0.3
18699.75000000, 0.29
18699.79166667, 0.28
18699.83333333, 0.27
18699.87500000, 0.27
18699.91666667, 0.33
18699.95833333, 0.53
18700.00000000, 0.44
18700.04166667, 0.4
18700.08333333, 0.42
18700.12500000, 0.46
18700.16666667, 0.48
18700.20833333, 0.49
18700.25000000, 0.43
18700.29166667, 0.4
18700.33333333, 0.41
18700.37500000, 0.41
18700.41666667, 0.42
18700.45833333, 0.44
18700.50000000, 0.43
18700.54166667, 0.43
18700.58333333, 0.39
18700.62500000, 0.35
18700.66666667, 0.34
18700.70833333, 0.33
18700.75000000, 0.33
18700.79166667, 0.32
18700.83333333, 0.29
18700.87500000, 0.3
18700.91666667, 0.3
18700.95833333, 0.28
18701.00000000, 0.25
18701.04166667, 0.21
18701.08333333, 0.24
18701.12500000, 0.29
18701.16666667, 0.32
18701.20833333, 0.3
18701.25000000, 0.3
18701.29166667, 0.32
18701.33333333, 0.3
18701.37500000, 0.31
18701.41666667, 0.35
18701.45833333, 0.38
18701.50000000, 0.37
18701.54166667, 0.35
18701.58333333, 0.34
18701.62500000, 0.33
18701.66666667, 0.31
18701.70833333, 0.29
18701.75000000, 0.28
18701.79166667, 0.27
18701.83333333, 0.26
18701.87500000, 0.25
18701.91666667, 0.25
18701.95833333, 0.25
18702.00000000, 0.36
18702.04166667, 0.36
18702.08333333, 0.4
18702.12500000, 0.42
18702.16666667, 0.42
18702.20833333, 0.41
18702.25000000, 0.45
18702.29166667, 0.54
18702.33333333, 0.61
18702.37500000, 0.59
18702.41666667, 0.58
18702.45833333, 0.6
18702.50000000, 0.68
18702.54166667, 0.71
18702.58333333, 0.72
18702.62500000, 0.7
18702.66666667, 0.69
18702.70833333, 0.67
18702.75000000, 0.68
18702.79166667, 0.68
18702.83333333, 0.7
18702.87500000, 0.73
18702.91666667, 0.77
18702.95833333, 0.8
18703.00000000, 0.82
18703.04166667, 0.84
18703.08333333, 0.85
18703.12500000, 0.87
18703.16666667, 0.88
18703.20833333, 0.88
18703.25000000, 0.89
18703.29166667, 0.89
18703.33333333, 0.89
18703.37500000, 0.89
18703.41666667, 0.89
18703.45833333, 0.89
18703.50000000, 0.9
18703.54166667, 0.86
18703.58333333, 0.82
18703.62500000, 0.76
18703.66666667, 0.73
18703.70833333, 0.7
18703.75000000, 0.69
18703.79166667, 0.66
18703.83333333, 0.64
18703.87500000, 0.63
18703.91666667, 0.65
18703.95833333, 0.72
18704.00000000, 0.82
18704.04166667, 0.81
18704.08333333, 0.83
18704.12500000, 0.85
18704.16666667, 0.88
18704.20833333, 0.88
18704.25000000, 0.88
18704.29166667, 0.9
18704.33333333, 0.91
18704.37500000, 0.92
18704.41666667, 0.96
18704.45833333, 0.97
18704.50000000, 0.97
18704.54166667, 0.97
18704.58333333, 0.97
18704.62500000, 0.97
18704.66666667, 0.96
18704.70833333, 0.91
18704.75000000, 0.94
18704.79166667, 0.93
18704.83333333, 0.88
18704.87500000, 0.92
18704.91666667, 0.96
18704.95833333, 0.98
18705.00000000, 0.97
18705.04166667, 0.95
18705.08333333, 0.95
18705.12500000, 0.92
18705.16666667, 0.89
18705.20833333, 0.89
18705.25000000, 0.87
18705.29166667, 0.84
18705.33333333, 0.8
18705.37500000, 0.73
18705.41666667, 0.66
18705.45833333, 0.53
18705.50000000, 0.54
18705.54166667, 0.48
18705.58333333, 0.43
18705.62500000, 0.37
18705.66666667, 0.33
18705.70833333, 0.3
18705.75000000, 0.29
18705.79166667, 0.29
18705.83333333, 0.28
18705.87500000, 0.28
18705.91666667, 0.3
18705.95833333, 0.38
18706.00000000, 0.5
18706.04166667, 0.4
18706.08333333, 0.34
18706.12500000, 0.36
18706.16666667, 0.38
18706.20833333, 0.39
18706.25000000, 0.43
18706.29166667, 0.46
18706.33333333, 0.49
18706.37500000, 0.54
18706.41666667, 0.56
18706.45833333, 0.57
18706.50000000, 0.56
18706.54166667, 0.5
18706.58333333, 0.45
18706.62500000, 0.42
18706.66666667, 0.38
18706.70833333, 0.35
18706.75000000, 0.34
18706.79166667, 0.34
18706.83333333, 0.33
18706.87500000, 0.33
18706.91666667, 0.37
18706.95833333, 0.54
18707.00000000, 0.49
18707.04166667, 0.61
18707.08333333, 0.42
18707.12500000, 0.5
18707.16666667, 0.47
18707.20833333, 0.49
18707.25000000, 0.61
18707.29166667, 0.71
18707.33333333, 0.77
18707.37500000, 0.77
18707.41666667, 0.72
18707.45833333, 0.71
18707.50000000, 0.75
18707.54166667, 0.64
18707.58333333, 0.48
18707.62500000, 0.39
18707.66666667, 0.33
18707.70833333, 0.32
18707.75000000, 0.31
18707.79166667, 0.3
18707.83333333, 0.28
18707.87500000, 0.28
18707.91666667, 0.37
18707.95833333, 0.62
18708.00000000, 0.58
18708.04166667, 0.64
18708.08333333, 0.57
18708.12500000, 0.58
18708.16666667, 0.72
18708.20833333, 0.71
18708.25000000, 0.66
18708.29166667, 0.81
18708.33333333, 0.85
18708.37500000, 0.84
18708.41666667, 0.84
18708.45833333, 0.86
18708.50000000, 0.83
18708.54166667, 0.75
18708.58333333, 0.7
18708.62500000, 0.64
18708.66666667, 0.57
18708.70833333, 0.49
18708.75000000, 0.44
18708.79166667, 0.43
18708.83333333, 0.43
18708.87500000, 0.43
18708.91666667, 0.5
18708.95833333, 0.65
18709.00000000, 0.7
18709.04166667, 0.7
18709.08333333, 0.67
18709.12500000, 0.75
18709.16666667, 0.8
18709.20833333, 0.82
18709.25000000, 0.86
18709.29166667, 0.88
18709.33333333, 0.88
18709.37500000, 0.89
18709.41666667, 0.9
18709.45833333, 0.91
18709.50000000, 0.81
18709.54166667, 0.76
18709.58333333, 0.74
18709.62500000, 0.69
18709.66666667, 0.61
18709.70833333, 0.56
18709.75000000, 0.52
18709.79166667, 0.51
18709.83333333, 0.54
18709.87500000, 0.56
18709.91666667, 0.6
18709.95833333, 0.69
18710.00000000, 0.74
18710.04166667, 0.78
18710.08333333, 0.83
18710.12500000, 0.84
18710.16666667, 0.84
18710.20833333, 0.84
18710.25000000, 0.86
18710.29166667, 0.89
18710.33333333, 0.93
18710.37500000, 0.96
18710.41666667, 0.97
18710.45833333, 0.97
18710.50000000, 0.97
18710.54166667, 0.98
18710.58333333, 0.97
18710.62500000, 0.98
18710.66666667, 0.97
18710.70833333, 0.97
18710.75000000, 0.98
18710.79166667, 0.96
18710.83333333, 0.96
18710.87500000, 0.93
18710.91666667, 0.94
18710.95833333, 0.96
18711.00000000, 0.98
18711.04166667, 0.99
18711.08333333, 0.98
18711.12500000, 0.97
18711.16666667, 0.97
18711.20833333, 0.99
18711.25000000, 1
18711.29166667, 1
18711.33333333, 1
18711.37500000, 1
18711.41666667, 1
18711.45833333, 0.99
18711.50000000, 0.99
18711.54166667, 0.99
18711.58333333, 0.97
18711.62500000, 0.93
18711.66666667, 0.88
18711.70833333, 0.8
18711.75000000, 0.74
18711.79166667, 0.71
18711.83333333, 0.69
18711.87500000, 0.69
18711.91666667, 0.83
18711.95833333, 0.91
18712.00000000, 0.96
18712.04166667, 0.95
18712.08333333, 0.94
18712.12500000, 0.94
18712.16666667, 0.94
18712.20833333, 0.94
18712.25000000, 0.94
18712.29166667, 0.92
18712.33333333, 0.94
18712.37500000, 0.94
18712.41666667, 0.94
18712.45833333, 0.93
18712.50000000, 0.94
18712.54166667, 0.9
18712.58333333, 0.83
18712.62500000, 0.69
18712.66666667, 0.48
18712.70833333, 0.44
18712.75000000, 0.33
18712.79166667, 0.34
18712.83333333, 0.36
18712.87500000, 0.39
18712.91666667, 0.45
18712.95833333, 0.47
18713.00000000, 0.41
18713.04166667, 0.47
18713.08333333, 0.49
18713.12500000, 0.53
18713.16666667, 0.56
18713.20833333, 0.6
18713.25000000, 0.63
18713.29166667, 0.66
18713.33333333, 0.71
18713.37500000, 0.82
18713.41666667, 0.71
18713.45833333, 0.76
18713.50000000, 0.79
18713.54166667, 0.72
18713.58333333, 0.62
18713.62500000, 0.54
18713.66666667, 0.51
18713.70833333, 0.49
18713.75000000, 0.45
18713.79166667, 0.43
18713.83333333, 0.43
18713.87500000, 0.48
18713.91666667, 0.53
18713.95833333, 0.59
18714.00000000, 0.71
18714.04166667, 0.75
18714.08333333, 0.78
18714.12500000, 0.78
18714.16666667, 0.77
18714.20833333, 0.76
18714.25000000, 0.77
18714.29166667, 0.79
18714.33333333, 0.81
18714.37500000, 0.83
18714.41666667, 0.85
18714.45833333, 0.88
18714.50000000, 0.96
18714.54166667, 0.97
18714.58333333, 0.97
18714.62500000, 0.97
18714.66666667, 0.97
18714.70833333, 0.94
18714.75000000, 0.89
18714.79166667, 0.85
18714.83333333, 0.76
18714.87500000, 0.71
18714.91666667, 0.85
18714.95833333, 0.82
18715.00000000, 0.82
18715.04166667, 0.68
18715.08333333, 0.45
18715.12500000, 0.43
18715.16666667, 0.47
18715.20833333, 0.51
18715.25000000, 0.52
18715.29166667, 0.53
18715.33333333, 0.54
18715.37500000, 0.54
18715.41666667, 0.54
18715.45833333, 0.52
18715.50000000, 0.56
18715.54166667, 0.48
18715.58333333, 0.45
18715.62500000, 0.44
18715.66666667, 0.42
18715.70833333, 0.41
18715.75000000, 0.38
18715.79166667, 0.36
18715.83333333, 0.34
18715.87500000, 0.34
18715.91666667, 0.36
18715.95833333, 0.58
18716.00000000, 0.35
18716.04166667, 0.55
18716.08333333, 0.66
18716.12500000, 0.69
18716.16666667, 0.69
18716.20833333, 0.68
18716.25000000, 0.71
18716.29166667, 0.74
18716.33333333, 0.78
18716.37500000, 0.82
18716.41666667, 0.84
18716.45833333, 0.88
18716.50000000, 0.86
18716.54166667, 0.77
18716.58333333, 0.63
18716.62500000, 0.52
18716.66666667, 0.45
18716.70833333, 0.4
18716.75000000, 0.41
18716.79166667, 0.38
18716.83333333, 0.37
18716.87500000, 0.37
18716.91666667, 0.44
18716.95833333, 0.56
18717.00000000, 0.6
18717.04166667, 0.6
18717.08333333, 0.65
18717.12500000, 0.7
18717.16666667, 0.75
18717.20833333, 0.77
18717.25000000, 0.8
18717.29166667, 0.83
18717.33333333, 0.87
18717.37500000, 0.87
18717.41666667, 0.88
18717.45833333, 0.9
18717.50000000, 0.86
18717.54166667, 0.81
18717.58333333, 0.82
18717.62500000, 0.8
18717.66666667, 0.82
18717.70833333, 0.9
18717.75000000, 0.91
18717.79166667, 0.91
18717.83333333, 0.96
18717.87500000, 0.97
18717.91666667, 0.98
18717.95833333, 1
18718.00000000, 0.99
18718.04166667, 1
18718.08333333, 0.97
18718.12500000, 0.96
18718.16666667, 0.95
18718.20833333, 0.89
18718.25000000, 0.83
18718.29166667, 0.82
18718.33333333, 0.87
18718.37500000, 0.89
18718.41666667, 0.9
18718.45833333, 0.9
18718.50000000, 0.88
18718.54166667, 0.84
18718.58333333, 0.78
18718.62500000, 0.62
18718.66666667, 0.51
18718.70833333, 0.46
18718.75000000, 0.42
18718.79166667, 0.42
18718.83333333, 0.47
18718.87500000, 0.44
18718.91666667, 0.38
18718.95833333, 0.38
18719.00000000, 0.46
18719.04166667, 0.46
18719.08333333, 0.44
18719.12500000, 0.46
18719.16666667, 0.48
18719.20833333, 0.48
18719.25000000, 0.51
18719.29166667, 0.55
18719.33333333, 0.57
18719.37500000, 0.56
18719.41666667, 0.55
18719.45833333, 0.53
18719.50000000, 0.53
18719.54166667, 0.49
18719.58333333, 0.43
18719.62500000, 0.39
18719.66666667, 0.37
18719.70833333, 0.34
18719.75000000, 0.3
18719.79166667, 0.26
18719.83333333, 0.27
18719.87500000, 0.28
18719.91666667, 0.29
18719.95833333, 0.32
18720.00000000, 0.38
18720.04166667, 0.37
18720.08333333, 0.34
18720.12500000, 0.34
18720.16666667, 0.35
18720.20833333, 0.37
18720.25000000, 0.4
18720.29166667, 0.44
18720.33333333, 0.48
18720.37500000, 0.53
18720.41666667, 0.59
18720.45833333, 0.62
18720.50000000, 0.58
18720.54166667, 0.49
18720.58333333, 0.42
18720.62500000, 0.38
18720.66666667, 0.36
18720.70833333, 0.35
18720.75000000, 0.33
18720.79166667, 0.31
18720.83333333, 0.29
18720.87500000, 0.29
18720.91666667, 0.3
18720.95833333, 0.55
18721.00000000, 0.48
18721.04166667, 0.52
18721.08333333, 0.53
18721.12500000, 0.53
18721.16666667, 0.57
18721.20833333, 0.63
18721.25000000, 0.71
18721.29166667, 0.65
18721.33333333, 0.67
18721.37500000, 0.64
18721.41666667, 0.62
18721.45833333, 0.64
18721.50000000, 0.59
18721.54166667, 0.51
18721.58333333, 0.44
18721.62500000, 0.37
18721.66666667, 0.39
18721.70833333, 0.37
18721.75000000, 0.35
18721.79166667, 0.33
18721.83333333, 0.31
18721.87500000, 0.32
18721.91666667, 0.37
18721.95833333, 0.41
18722.00000000, 0.44
18722.04166667, 0.34
18722.08333333, 0.35
18722.12500000, 0.38
18722.16666667, 0.46
18722.20833333, 0.49
18722.25000000, 0.53
18722.29166667, 0.6
18722.33333333, 0.63
18722.37500000, 0.64
18722.41666667, 0.66
18722.45833333, 0.69
18722.50000000, 0.64
18722.54166667, 0.57
18722.58333333, 0.49
18722.62500000, 0.4
18722.66666667, 0.35
18722.70833333, 0.32
18722.75000000, 0.29
18722.79166667, 0.27
18722.83333333, 0.27
18722.87500000, 0.3
18722.91666667, 0.39
18722.95833333, 0.46
18723.00000000, 0.58
18723.04166667, 0.46
18723.08333333, 0.49
18723.12500000, 0.59
18723.16666667, 0.56
18723.20833333, 0.67
18723.25000000, 0.56
18723.29166667, 0.5
18723.33333333, 0.56
18723.37500000, 0.6
18723.41666667, 0.68
18723.45833333, 0.72
18723.50000000, 0.66
18723.54166667, 0.52
18723.58333333, 0.42
18723.62500000, 0.4
18723.66666667, 0.4
18723.70833333, 0.41
18723.75000000, 0.41
18723.79166667, 0.41
18723.83333333, 0.4
18723.87500000, 0.4
18723.91666667, 0.42
18723.95833333, 0.71
18724.00000000, 0.6
18724.04166667, 0.63
18724.08333333, 0.7
18724.12500000, 0.68
18724.16666667, 0.73
18724.20833333, 0.77
18724.25000000, 0.62
18724.29166667, 0.76
18724.33333333, 0.79
18724.37500000, 0.71
18724.41666667, 0.7
18724.45833333, 0.71
18724.50000000, 0.73
18724.54166667, 0.62
18724.58333333, 0.54
18724.62500000, 0.49
18724.66666667, 0.48
18724.70833333, 0.47
18724.75000000, 0.45
18724.79166667, 0.44
18724.83333333, 0.44
18724.87500000, 0.47
18724.91666667, 0.51
18724.95833333, 0.58
18725.00000000, 0.54
18725.04166667, 0.56
18725.08333333, 0.57
18725.12500000, 0.57
18725.16666667, 0.55
18725.20833333, 0.51
18725.25000000, 0.51
18725.29166667, 0.56
18725.33333333, 0.63
18725.37500000, 0.56
18725.41666667, 0.6
18725.45833333, 0.66
18725.50000000, 0.65
18725.54166667, 0.6
18725.58333333, 0.56
18725.62500000, 0.52
18725.66666667, 0.51
18725.70833333, 0.49
18725.75000000, 0.48
18725.79166667, 0.47
18725.83333333, 0.47
18725.87500000, 0.48
18725.91666667, 0.51
18725.95833333, 0.55
18726.00000000, 0.6
18726.04166667, 0.65
18726.08333333, 0.7
18726.12500000, 0.76
18726.16666667, 0.8
18726.20833333, 0.81
18726.25000000, 0.83
18726.29166667, 0.85
18726.33333333, 0.9
18726.37500000, 0.93
18726.41666667, 0.94
18726.45833333, 0.93
18726.50000000, 0.95
18726.54166667, 0.95
18726.58333333, 0.92
18726.62500000, 0.88
18726.66666667, 0.88
18726.70833333, 0.88
18726.75000000, 0.83
18726.79166667, 0.81
18726.83333333, 0.81
18726.87500000, 0.79
18726.91666667, 0.81
18726.95833333, 0.85
18727.00000000, 0.96
18727.04166667, 0.96
18727.08333333, 0.96
18727.12500000, 0.96
18727.16666667, 0.96
18727.20833333, 0.96
18727.25000000, 0.97
18727.29166667, 0.97
18727.33333333, 0.97
18727.37500000, 0.96
18727.41666667, 0.96
18727.45833333, 0.96
18727.50000000, 0.95
18727.54166667, 0.91
18727.58333333, 0.88
18727.62500000, 0.87
18727.66666667, 0.84
18727.70833333, 0.82
18727.75000000, 0.77
18727.79166667, 0.7
18727.83333333, 0.63
18727.87500000, 0.62
18727.91666667, 0.65
18727.95833333, 0.75
18728.00000000, 0.86
18728.04166667, 0.88
18728.08333333, 0.88
18728.12500000, 0.84
18728.16666667, 0.86
18728.20833333, 0.89
18728.25000000, 0.93
18728.29166667, 0.95
18728.33333333, 0.96
18728.37500000, 0.96
18728.41666667, 0.96
18728.45833333, 0.95
18728.50000000, 0.94
18728.54166667, 0.91
18728.58333333, 0.79
18728.62500000, 0.58
18728.66666667, 0.49
18728.70833333, 0.46
18728.75000000, 0.45
18728.79166667, 0.4
18728.83333333, 0.38
18728.87500000, 0.4
18728.91666667, 0.45
18728.95833333, 0.52
18729.00000000, 0.73
18729.04166667, 0.87
18729.08333333, 0.85
18729.12500000, 0.9
18729.16666667, 0.88
18729.20833333, 0.85
18729.25000000, 0.89
18729.29166667, 0.93
18729.33333333, 0.93
18729.37500000, 0.96
18729.41666667, 0.98
18729.45833333, 0.98
18729.50000000, 0.94
18729.54166667, 0.9
18729.58333333, 0.84
18729.62500000, 0.78
18729.66666667, 0.7
18729.70833333, 0.64
18729.75000000, 0.61
18729.79166667, 0.62
18729.83333333, 0.65
18729.87500000, 0.7
18729.91666667, 0.76
18729.95833333, 0.83
18730.00000000, 0.89
18730.04166667, 0.91
18730.08333333, 0.94
18730.12500000, 0.93
18730.16666667, 0.94
18730.20833333, 0.96
18730.25000000, 0.96
18730.29166667, 0.94
18730.33333333, 0.91
18730.37500000, 0.91
18730.41666667, 0.9
18730.45833333, 0.89
18730.50000000, 0.86
18730.54166667, 0.84
18730.58333333, 0.78
18730.62500000, 0.71
18730.66666667, 0.66
18730.70833333, 0.64
18730.75000000, 0.55
18730.79166667, 0.52
18730.83333333, 0.49
18730.87500000, 0.48
18730.91666667, 0.52
18730.95833333, 0.68
18731.00000000, 0.76
18731.04166667, 0.8
18731.08333333, 0.85
18731.12500000, 0.84
18731.16666667, 0.88
18731.20833333, 0.89
18731.25000000, 0.9
18731.29166667, 0.9
18731.33333333, 0.94
18731.37500000, 0.95
18731.41666667, 0.96
18731.45833333, 0.96
18731.50000000, 0.89
18731.54166667, 0.82
18731.58333333, 0.74
18731.62500000, 0.67
18731.66666667, 0.75
18731.70833333, 0.79
18731.75000000, 0.83
18731.79166667, 0.8
18731.83333333, 0.84
18731.87500000, 0.88
18731.91666667, 0.9
18731.95833333, 0.95
18732.00000000, 0.96
18732.04166667, 0.97
18732.08333333, 0.97
18732.12500000, 0.97
18732.16666667, 0.96
18732.20833333, 0.94
18732.25000000, 0.95
18732.29166667, 0.95
18732.33333333, 0.95
18732.37500000, 0.97
18732.41666667, 0.96
18732.45833333, 0.92
18732.50000000, 0.87
18732.54166667, 0.78
18732.58333333, 0.68
18732.62500000, 0.58
18732.66666667, 0.49
18732.70833333, 0.44
18732.75000000, 0.43
18732.79166667, 0.42
18732.83333333, 0.42
18732.87500000, 0.41
18732.91666667, 0.44
18732.95833333, 0.45
18733.00000000, 0.42
18733.04166667, 0.44
18733.08333333, 0.47
18733.12500000, 0.49
18733.16666667, 0.52
18733.20833333, 0.55
18733.25000000, 0.58
18733.29166667, 0.61
18733.33333333, 0.64
18733.37500000, 0.67
18733.41666667, 0.69
18733.45833333, 0.71
18733.50000000, 0.65
18733.54166667, 0.58
18733.58333333, 0.52
18733.62500000, 0.55
18733.66666667, 0.53
18733.70833333, 0.5
18733.75000000, 0.49
18733.79166667, 0.44
18733.83333333, 0.43
18733.87500000, 0.42
18733.91666667, 0.44
18733.95833333, 0.48
18734.00000000, 0.5
18734.04166667, 0.51
18734.08333333, 0.54
18734.12500000, 0.56
18734.16666667, 0.59
18734.20833333, 0.62
18734.25000000, 0.67
18734.29166667, 0.73
18734.33333333, 0.79
18734.37500000, 0.81
18734.41666667, 0.83
18734.45833333, 0.82
18734.50000000, 0.77
18734.54166667, 0.68
18734.58333333, 0.61
18734.62500000, 0.58
18734.66666667, 0.54
18734.70833333, 0.51
18734.75000000, 0.49
18734.79166667, 0.48
18734.83333333, 0.46
18734.87500000, 0.49
18734.91666667, 0.54
18734.95833333, 0.58
18735.00000000, 0.65
18735.04166667, 0.74
18735.08333333, 0.8
18735.12500000, 0.8
18735.16666667, 0.83
18735.20833333, 0.86
18735.25000000, 0.84
18735.29166667, 0.87
18735.33333333, 0.89
18735.37500000, 0.89
18735.41666667, 0.9
18735.45833333, 0.89
18735.50000000, 0.8
18735.54166667, 0.7
18735.58333333, 0.59
18735.62500000, 0.54
18735.66666667, 0.5
18735.70833333, 0.45
18735.75000000, 0.4
18735.79166667, 0.39
18735.83333333, 0.38
18735.87500000, 0.41
18735.91666667, 0.49
18735.95833333, 0.54
18736.00000000, 0.65
18736.04166667, 0.73
18736.08333333, 0.78
18736.12500000, 0.82
18736.16666667, 0.82
18736.20833333, 0.76
18736.25000000, 0.79
18736.29166667, 0.84
18736.33333333, 0.87
18736.37500000, 0.89
18736.41666667, 0.89
18736.45833333, 0.84
18736.50000000, 0.81
18736.54166667, 0.74
18736.58333333, 0.75
18736.62500000, 0.81
18736.66666667, 0.81
18736.70833333, 0.81
18736.75000000, 0.69
18736.79166667, 0.62
18736.83333333, 0.59
18736.87500000, 0.56
18736.91666667, 0.56
18736.95833333, 0.68
18737.00000000, 0.74
18737.04166667, 0.79
18737.08333333, 0.86
18737.12500000, 0.87
18737.16666667, 0.83
18737.20833333, 0.78
18737.25000000, 0.83
18737.29166667, 0.86
18737.33333333, 0.88
18737.37500000, 0.89
18737.41666667, 0.9
18737.45833333, 0.91
18737.50000000, 0.8
18737.54166667, 0.7
18737.58333333, 0.59
18737.62500000, 0.49
18737.66666667, 0.39
18737.70833333, 0.36
18737.75000000, 0.36
18737.79166667, 0.33
18737.83333333, 0.32
18737.87500000, 0.32
18737.91666667, 0.36
18737.95833333, 0.42
18738.00000000, 0.51
18738.04166667, 0.47
18738.08333333, 0.49
18738.12500000, 0.5
18738.16666667, 0.5
18738.20833333, 0.5
18738.25000000, 0.54
18738.29166667, 0.57
18738.33333333, 0.59
18738.37500000, 0.62
18738.41666667, 0.66
18738.45833333, 0.69
18738.50000000, 0.7
18738.54166667, 0.65
18738.58333333, 0.6
18738.62500000, 0.56
18738.66666667, 0.65
18738.70833333, 0.53
18738.75000000, 0.48
18738.79166667, 0.42
18738.83333333, 0.38
18738.87500000, 0.39
18738.91666667, 0.39
18738.95833333, 0.38
18739.00000000, 0.4
18739.04166667, 0.41
18739.08333333, 0.41
18739.12500000, 0.46
18739.16666667, 0.47
18739.20833333, 0.43
18739.25000000, 0.44
18739.29166667, 0.47
18739.33333333, 0.5
18739.37500000, 0.53
18739.41666667, 0.56
18739.45833333, 0.59
18739.50000000, 0.55
18739.54166667, 0.48
18739.58333333, 0.42
18739.62500000, 0.39
18739.66666667, 0.36
18739.70833333, 0.34
18739.75000000, 0.29
18739.79166667, 0.29
18739.83333333, 0.27
18739.87500000, 0.27
18739.91666667, 0.27
18739.95833333, 0.3
18740.00000000, 0.34
18740.04166667, 0.45
18740.08333333, 0.45
18740.12500000, 0.39
18740.16666667, 0.42
18740.20833333, 0.51
18740.25000000, 0.6
18740.29166667, 0.66
18740.33333333, 0.68
18740.37500000, 0.7
18740.41666667, 0.73
18740.45833333, 0.71
18740.50000000, 0.66
18740.54166667, 0.52
18740.58333333, 0.41
18740.62500000, 0.37
18740.66666667, 0.34
18740.70833333, 0.32
18740.75000000, 0.32
18740.79166667, 0.3
18740.83333333, 0.3
18740.87500000, 0.31
18740.91666667, 0.37
18740.95833333, 0.49
18741.00000000, 0.58
18741.04166667, 0.62
18741.08333333, 0.65
18741.12500000, 0.66
18741.16666667, 0.69
18741.20833333, 0.74
18741.25000000, 0.8
18741.29166667, 0.78
18741.33333333, 0.78
18741.37500000, 0.79
18741.41666667, 0.8
18741.45833333, 0.74
18741.50000000, 0.65
18741.54166667, 0.57
18741.58333333, 0.48
18741.62500000, 0.4
18741.66666667, 0.36
18741.70833333, 0.34
18741.75000000, 0.35
18741.79166667, 0.36
18741.83333333, 0.38
18741.87500000, 0.41
18741.91666667, 0.52
18741.95833333, 0.64
18742.00000000, 0.81
18742.04166667, 0.88
18742.08333333, 0.92
18742.12500000, 0.92
18742.16666667, 0.93
18742.20833333, 0.94
18742.25000000, 0.94
18742.29166667, 0.94
18742.33333333, 0.93
18742.37500000, 0.91
18742.41666667, 0.91
18742.45833333, 0.9
18742.50000000, 0.91
18742.54166667, 0.85
18742.58333333, 0.77
18742.62500000, 0.76
18742.66666667, 0.66
18742.70833333, 0.6
18742.75000000, 0.54
18742.79166667, 0.49
18742.83333333, 0.44
18742.87500000, 0.44
18742.91666667, 0.47
18742.95833333, 0.49
18743.00000000, 0.58
18743.04166667, 0.63
18743.08333333, 0.64
18743.12500000, 0.63
18743.16666667, 0.59
18743.20833333, 0.58
18743.25000000, 0.55
18743.29166667, 0.52
18743.33333333, 0.55
18743.37500000, 0.56
18743.41666667, 0.56
18743.45833333, 0.57
18743.50000000, 0.52
18743.54166667, 0.43
18743.58333333, 0.38
18743.62500000, 0.34
18743.66666667, 0.32
18743.70833333, 0.29
18743.75000000, 0.28
18743.79166667, 0.27
18743.83333333, 0.27
18743.87500000, 0.27
18743.91666667, 0.3
18743.95833333, 0.56
18744.00000000, 0.5
18744.04166667, 0.6
18744.08333333, 0.59
18744.12500000, 0.68
18744.16666667, 0.68
18744.20833333, 0.56
18744.25000000, 0.53
18744.29166667, 0.62
18744.33333333, 0.7
18744.37500000, 0.69
18744.41666667, 0.76
18744.45833333, 0.78
18744.50000000, 0.71
18744.54166667, 0.63
18744.58333333, 0.56
18744.62500000, 0.52
18744.66666667, 0.49
18744.70833333, 0.45
18744.75000000, 0.41
18744.79166667, 0.37
18744.83333333, 0.36
18744.87500000, 0.38
18744.91666667, 0.43
18744.95833333, 0.47
18745.00000000, 0.54
18745.04166667, 0.53
18745.08333333, 0.5
18745.12500000, 0.52
18745.16666667, 0.55
18745.20833333, 0.56
18745.25000000, 0.59
18745.29166667, 0.64
18745.33333333, 0.68
18745.37500000, 0.73
18745.41666667, 0.78
18745.45833333, 0.79
18745.50000000, 0.71
18745.54166667, 0.64
18745.58333333, 0.55
18745.62500000, 0.47
18745.66666667, 0.41
18745.70833333, 0.4
18745.75000000, 0.38
18745.79166667, 0.36
18745.83333333, 0.33
18745.87500000, 0.35
18745.91666667, 0.41
18745.95833333, 0.57
18746.00000000, 0.57
18746.04166667, 0.57
18746.08333333, 0.62
18746.12500000, 0.73
18746.16666667, 0.71
18746.20833333, 0.68
18746.25000000, 0.71
18746.29166667, 0.76
18746.33333333, 0.81
18746.37500000, 0.83
18746.41666667, 0.85
18746.45833333, 0.86
18746.50000000, 0.83
18746.54166667, 0.74
18746.58333333, 0.7
18746.62500000, 0.68
18746.66666667, 0.61
18746.70833333, 0.64
18746.75000000, 0.59
18746.79166667, 0.58
18746.83333333, 0.57
18746.87500000, 0.55
18746.91666667, 0.5
18746.95833333, 0.52
18747.00000000, 0.55
18747.04166667, 0.55
18747.08333333, 0.47
18747.12500000, 0.66
18747.16666667, 0.88
18747.20833333, 0.87
18747.25000000, 0.85
18747.29166667, 0.83
18747.33333333, 0.79
18747.37500000, 0.73
18747.41666667, 0.72
18747.45833333, 0.69
18747.50000000, 0.58
18747.54166667, 0.49
18747.58333333, 0.47
18747.62500000, 0.42
18747.66666667, 0.34
18747.70833333, 0.34
18747.75000000, 0.27
18747.79166667, 0.27
18747.83333333, 0.26
18747.87500000, 0.32
18747.91666667, 0.46
18747.95833333, 0.48
18748.00000000, 0.63
18748.04166667, 0.57
18748.08333333, 0.45
18748.12500000, 0.38
18748.16666667, 0.36
18748.20833333, 0.33
18748.25000000, 0.33
18748.29166667, 0.34
18748.33333333, 0.35
18748.37500000, 0.36
18748.41666667, 0.37
18748.45833333, 0.39
18748.50000000, 0.37
18748.54166667, 0.34
18748.58333333, 0.33
18748.62500000, 0.31
18748.66666667, 0.27
18748.70833333, 0.24
18748.75000000, 0.22
18748.79166667, 0.2
18748.83333333, 0.19
18748.87500000, 0.19
18748.91666667, 0.2
18748.95833333, 0.41
18749.00000000, 0.39
18749.04166667, 0.36
18749.08333333, 0.39
18749.12500000, 0.41
18749.16666667, 0.39
18749.20833333, 0.38
18749.25000000, 0.38
18749.29166667, 0.39
18749.33333333, 0.41
18749.37500000, 0.44
18749.41666667, 0.47
18749.45833333, 0.5
18749.50000000, 0.47
18749.54166667, 0.42
18749.58333333, 0.39
18749.62500000, 0.37
18749.66666667, 0.37
18749.70833333, 0.31
18749.75000000, 0.28
18749.79166667, 0.27
18749.83333333, 0.26
18749.87500000, 0.26
18749.91666667, 0.31
18749.95833333, 0.32
18750.00000000, 0.38
18750.04166667, 0.35
18750.08333333, 0.36
18750.12500000, 0.41
18750.16666667, 0.46
18750.20833333, 0.5
18750.25000000, 0.55
18750.29166667, 0.58
18750.33333333, 0.61
18750.37500000, 0.63
18750.41666667, 0.64
18750.45833333, 0.7
18750.50000000, 0.78
18750.54166667, 0.76
18750.58333333, 0.8
18750.62500000, 0.78
18750.66666667, 0.75
18750.70833333, 0.75
18750.75000000, 0.69
18750.79166667, 0.8
18750.83333333, 0.8
18750.87500000, 0.8
18750.91666667, 0.9
18750.95833333, 0.94
18751.00000000, 0.95
18751.04166667, 0.93
18751.08333333, 0.91
18751.12500000, 0.93
18751.16666667, 0.93
18751.20833333, 0.94
18751.25000000, 0.95
18751.29166667, 0.94
18751.33333333, 0.94
18751.37500000, 0.94
18751.41666667, 0.94
18751.45833333, 0.93
18751.50000000, 0.9
18751.54166667, 0.81
18751.58333333, 0.7
18751.62500000, 0.63
18751.66666667, 0.55
18751.70833333, 0.52
18751.75000000, 0.47
18751.79166667, 0.43
18751.83333333, 0.42
18751.87500000, 0.51
18751.91666667, 0.56
18751.95833333, 0.61
18752.00000000, 0.95
18752.04166667, 0.97
18752.08333333, 0.93
18752.12500000, 0.93
18752.16666667, 0.95
18752.20833333, 0.96
18752.25000000, 0.97
18752.29166667, 0.98
18752.33333333, 0.99
18752.37500000, 0.99
18752.41666667, 0.98
18752.45833333, 0.98
18752.50000000, 0.97
18752.54166667, 0.97
18752.58333333, 0.96
18752.62500000, 0.93
18752.66666667, 0.78
18752.70833333, 0.59
18752.75000000, 0.78
18752.79166667, 0.66
18752.83333333, 0.51
18752.87500000, 0.47
18752.91666667, 0.48
18752.95833333, 0.51
18753.00000000, 0.56
18753.04166667, 0.55
18753.08333333, 0.55
18753.12500000, 0.56
18753.16666667, 0.54
18753.20833333, 0.53
18753.25000000, 0.51
18753.29166667, 0.5
18753.33333333, 0.53
18753.37500000, 0.56
18753.41666667, 0.58
18753.45833333, 0.61
18753.50000000, 0.56
18753.54166667, 0.53
18753.58333333, 0.46
18753.62500000, 0.45
18753.66666667, 0.43
18753.70833333, 0.41
18753.75000000, 0.39
18753.79166667, 0.38
18753.83333333, 0.37
18753.87500000, 0.36
18753.91666667, 0.36
18753.95833333, 0.42
18754.00000000, 0.6
18754.04166667, 0.58
18754.08333333, 0.51
18754.12500000, 0.67
18754.16666667, 0.73
18754.20833333, 0.79
18754.25000000, 0.85
18754.29166667, 0.84
18754.33333333, 0.81
18754.37500000, 0.84
18754.41666667, 0.82
18754.45833333, 0.84
18754.50000000, 0.74
18754.54166667, 0.67
18754.58333333, 0.58
18754.62500000, 0.52
18754.66666667, 0.51
18754.70833333, 0.45
18754.75000000, 0.75
18754.79166667, 0.74
18754.83333333, 0.75
18754.87500000, 0.82
18754.91666667, 0.83
18754.95833333, 0.86
18755.00000000, 0.87
18755.04166667, 0.87
18755.08333333, 0.84
18755.12500000, 0.84
18755.16666667, 0.87
18755.20833333, 0.9
18755.25000000, 0.91
18755.29166667, 0.93
18755.33333333, 0.94
18755.37500000, 0.96
18755.41666667, 0.96
18755.45833333, 0.89
18755.50000000, 0.86
18755.54166667, 0.86
18755.58333333, 0.78
18755.62500000, 0.7
18755.66666667, 0.64
18755.70833333, 0.54
18755.75000000, 0.53
18755.79166667, 0.61
18755.83333333, 0.38
18755.87500000, 0.35
18755.91666667, 0.34
18755.95833333, 0.42
18756.00000000, 0.47
18756.04166667, 0.52
18756.08333333, 0.51
18756.12500000, 0.55
18756.16666667, 0.59
18756.20833333, 0.64
18756.25000000, 0.69
18756.29166667, 0.66
18756.33333333, 0.69
18756.37500000, 0.68
18756.41666667, 0.72
18756.45833333, 0.7
18756.50000000, 0.67
18756.54166667, 0.6
18756.58333333, 0.59
18756.62500000, 0.53
18756.66666667, 0.5
18756.70833333, 0.45
18756.75000000, 0.4
18756.79166667, 0.43
18756.83333333, 0.41
18756.87500000, 0.44
18756.91666667, 0.53
18756.95833333, 0.67
18757.00000000, 0.75
18757.04166667, 0.75
18757.08333333, 0.71
18757.12500000, 0.51
18757.16666667, 0.49
18757.20833333, 0.5
18757.25000000, 0.53
18757.29166667, 0.57
18757.33333333, 0.65
18757.37500000, 0.69
18757.41666667, 0.71
18757.45833333, 0.75
18757.50000000, 0.74
18757.54166667, 0.7
18757.58333333, 0.64
18757.62500000, 0.61
18757.66666667, 0.56
18757.70833333, 0.52
18757.75000000, 0.46
18757.79166667, 0.44
18757.83333333, 0.41
18757.87500000, 0.39
18757.91666667, 0.38
18757.95833333, 0.42
18758.00000000, 0.63
18758.04166667, 0.54
18758.08333333, 0.47
18758.12500000, 0.49
18758.16666667, 0.51
18758.20833333, 0.55
18758.25000000, 0.54
18758.29166667, 0.56
18758.33333333, 0.57
18758.37500000, 0.6
18758.41666667, 0.64
18758.45833333, 0.66
18758.50000000, 0.59
18758.54166667, 0.48
18758.58333333, 0.42
18758.62500000, 0.41
18758.66666667, 0.37
18758.70833333, 0.36
18758.75000000, 0.36
18758.79166667, 0.44
18758.83333333, 0.41
18758.87500000, 0.4
18758.91666667, 0.42
18758.95833333, 0.46
18759.00000000, 0.52
18759.04166667, 0.53
18759.08333333, 0.51
18759.12500000, 0.46
18759.16666667, 0.4
18759.20833333, 0.38
18759.25000000, 0.39
18759.29166667, 0.42
18759.33333333, 0.47
18759.37500000, 0.54
18759.41666667, 0.61
18759.45833333, 0.6
18759.50000000, 0.5
18759.54166667, 0.48
18759.58333333, 0.48
18759.62500000, 0.46
18759.66666667, 0.45
18759.70833333, 0.44
18759.75000000, 0.37
18759.79166667, 0.31
18759.83333333, 0.29
18759.87500000, 0.29
18759.91666667, 0.32
18759.95833333, 0.37
18760.00000000, 0.44
18760.04166667, 0.58
18760.08333333, 0.72
18760.12500000, 0.74
18760.16666667, 0.77
18760.20833333, 0.78
18760.25000000, 0.71
18760.29166667, 0.67
18760.33333333, 0.68
18760.37500000, 0.73
18760.41666667, 0.7
18760.45833333, 0.6
18760.50000000, 0.52
18760.54166667, 0.45
18760.58333333, 0.36
18760.62500000, 0.31
18760.66666667, 0.27
18760.70833333, 0.25
18760.75000000, 0.23
18760.79166667, 0.21
18760.83333333, 0.24
18760.87500000, 0.25
18760.91666667, 0.28
18760.95833333, 0.33
18761.00000000, 0.47
18761.04166667, 0.43
18761.08333333, 0.51
18761.12500000, 0.67
18761.16666667, 0.69
18761.20833333, 0.66
18761.25000000, 0.63
18761.29166667, 0.65
18761.33333333, 0.68
18761.37500000, 0.7
18761.41666667, 0.73
18761.45833333, 0.67
18761.50000000, 0.61
18761.54166667, 0.5
18761.58333333, 0.42
18761.62500000, 0.32
18761.66666667, 0.28
18761.70833333, 0.26
18761.75000000, 0.24
18761.79166667, 0.24
18761.83333333, 0.25
18761.87500000, 0.27
18761.91666667, 0.29
18761.95833333, 0.35
18762.00000000, 0.46
18762.04166667, 0.54
18762.08333333, 0.49
18762.12500000, 0.52
18762.16666667, 0.61
18762.20833333, 0.64
18762.25000000, 0.67
18762.29166667, 0.7
18762.33333333, 0.73
18762.37500000, 0.75
18762.41666667, 0.76
18762.45833333, 0.71
18762.50000000, 0.58
18762.54166667, 0.48
18762.58333333, 0.4
18762.62500000, 0.3
18762.66666667, 0.24
18762.70833333, 0.22
18762.75000000, 0.22
18762.79166667, 0.22
18762.83333333, 0.22
18762.87500000, 0.22
18762.91666667, 0.23
18762.95833333, 0.3
18763.00000000, 0.51
18763.04166667, 0.53
18763.08333333, 0.54
18763.12500000, 0.5
18763.16666667, 0.48
18763.20833333, 0.53
18763.25000000, 0.58
18763.29166667, 0.66
18763.33333333, 0.74
18763.37500000, 0.78
18763.41666667, 0.78
18763.45833333, 0.67
18763.50000000, 0.63
18763.54166667, 0.54
18763.58333333, 0.51
18763.62500000, 0.43
18763.66666667, 0.36
18763.70833333, 0.32
18763.75000000, 0.29
18763.79166667, 0.3
18763.83333333, 0.32
18763.87500000, 0.33
18763.91666667, 0.59
18763.95833333, 0.67
18764.00000000, 0.69
18764.04166667, 0.73
18764.08333333, 0.78
18764.12500000, 0.79
18764.16666667, 0.8
18764.20833333, 0.82
18764.25000000, 0.82
18764.29166667, 0.85
18764.33333333, 0.89
18764.37500000, 0.92
18764.41666667, 0.93
18764.45833333, 0.85
18764.50000000, 0.78
18764.54166667, 0.69
18764.58333333, 0.59
18764.62500000, 0.51
18764.66666667, 0.45
18764.70833333, 0.42
18764.75000000, 0.4
18764.79166667, 0.39
18764.83333333, 0.39
18764.87500000, 0.4
18764.91666667, 0.4
18764.95833333, 0.42
18765.00000000, 0.54
18765.04166667, 0.58
18765.08333333, 0.58
18765.12500000, 0.59
18765.16666667, 0.63
18765.20833333, 0.68
18765.25000000, 0.72
18765.29166667, 0.78
18765.33333333, 0.84
18765.37500000, 0.84
18765.41666667, 0.84
18765.45833333, 0.73
18765.50000000, 0.62
18765.54166667, 0.48
18765.58333333, 0.4
18765.62500000, 0.4
18765.66666667, 0.38
18765.70833333, 0.36
18765.75000000, 0.33
18765.79166667, 0.31
18765.83333333, 0.3
18765.87500000, 0.28
18765.91666667, 0.34
18765.95833333, 0.39
18766.00000000, 0.56
18766.04166667, 0.58
18766.08333333, 0.62
18766.12500000, 0.61
18766.16666667, 0.6
18766.20833333, 0.61
18766.25000000, 0.65
18766.29166667, 0.69
18766.33333333, 0.72
18766.37500000, 0.74
18766.41666667, 0.75
18766.45833333, 0.66
18766.50000000, 0.62
18766.54166667, 0.57
18766.58333333, 0.51
18766.62500000, 0.42
18766.66666667, 0.34
18766.70833333, 0.3
18766.75000000, 0.28
18766.79166667, 0.28
18766.83333333, 0.27
18766.87500000, 0.26
18766.91666667, 0.26
18766.95833333, 0.31
18767.00000000, 0.46
18767.04166667, 0.46
18767.08333333, 0.47
18767.12500000, 0.49
18767.16666667, 0.5
18767.20833333, 0.52
18767.25000000, 0.55
18767.29166667, 0.58
18767.33333333, 0.6
18767.37500000, 0.6
18767.41666667, 0.58
18767.45833333, 0.54
18767.50000000, 0.48
18767.54166667, 0.42
18767.58333333, 0.36
18767.62500000, 0.31
18767.66666667, 0.29
18767.70833333, 0.28
18767.75000000, 0.28
18767.79166667, 0.29
18767.83333333, 0.28
18767.87500000, 0.32
18767.91666667, 0.37
18767.95833333, 0.42
18768.00000000, 0.43
18768.04166667, 0.42
18768.08333333, 0.46
18768.12500000, 0.53
18768.16666667, 0.59
18768.20833333, 0.65
18768.25000000, 0.71
18768.29166667, 0.74
18768.33333333, 0.68
18768.37500000, 0.69
18768.41666667, 0.72
18768.45833333, 0.73
18768.50000000, 0.62
18768.54166667, 0.49
18768.58333333, 0.38
18768.62500000, 0.32
18768.66666667, 0.3
18768.70833333, 0.3
18768.75000000, 0.29
18768.79166667, 0.28
18768.83333333, 0.28
18768.87500000, 0.28
18768.91666667, 0.29
18768.95833333, 0.33
18769.00000000, 0.45
18769.04166667, 0.5
18769.08333333, 0.53
18769.12500000, 0.56
18769.16666667, 0.6
18769.20833333, 0.64
18769.25000000, 0.69
18769.29166667, 0.68
18769.33333333, 0.68
18769.37500000, 0.67
18769.41666667, 0.67
18769.45833333, 0.63
18769.50000000, 0.57
18769.54166667, 0.46
18769.58333333, 0.39
18769.62500000, 0.35
18769.66666667, 0.31
18769.70833333, 0.28
18769.75000000, 0.28
18769.79166667, 0.25
18769.83333333, 0.25
18769.87500000, 0.26
18769.91666667, 0.26
18769.95833333, 0.34
18770.00000000, 0.42
18770.04166667, 0.43
18770.08333333, 0.42
18770.12500000, 0.42
18770.16666667, 0.44
18770.20833333, 0.45
18770.25000000, 0.49
18770.29166667, 0.52
18770.33333333, 0.55
18770.37500000, 0.6
18770.41666667, 0.63
18770.45833333, 0.61
18770.50000000, 0.51
18770.54166667, 0.47
18770.58333333, 0.4
18770.62500000, 0.39
18770.66666667, 0.35
18770.70833333, 0.34
18770.75000000, 0.33
18770.79166667, 0.31
18770.83333333, 0.32
18770.87500000, 0.32
18770.91666667, 0.32
18770.95833333, 0.35
18771.00000000, 0.47
18771.04166667, 0.47
18771.08333333, 0.47
18771.12500000, 0.48
18771.16666667, 0.51
18771.20833333, 0.56
18771.25000000, 0.61
18771.29166667, 0.68
18771.33333333, 0.68
18771.37500000, 0.66
18771.41666667, 0.66
18771.45833333, 0.7
18771.50000000, 0.88
18771.54166667, 0.91
18771.58333333, 0.83
18771.62500000, 0.81
18771.66666667, 0.74
18771.70833333, 0.71
18771.75000000, 0.67
18771.79166667, 0.65
18771.83333333, 0.7
18771.87500000, 0.78
18771.91666667, 0.79
18771.95833333, 0.81
18772.00000000, 0.9
18772.04166667, 0.92
18772.08333333, 0.92
18772.12500000, 0.87
18772.16666667, 0.87
18772.20833333, 0.86
18772.25000000, 0.86
18772.29166667, 0.86
18772.33333333, 0.86
18772.37500000, 0.87
18772.41666667, 0.88
18772.45833333, 0.86
18772.50000000, 0.86
18772.54166667, 0.83
18772.58333333, 0.79
18772.62500000, 0.73
18772.66666667, 0.69
18772.70833333, 0.69
18772.75000000, 0.68
18772.79166667, 0.65
18772.83333333, 0.6
18772.87500000, 0.57
18772.91666667, 0.57
18772.95833333, 0.63
18773.00000000, 0.79
18773.04166667, 0.85
18773.08333333, 0.88
18773.12500000, 0.89
18773.16666667, 0.89
18773.20833333, 0.9
18773.25000000, 0.91
18773.29166667, 0.91
18773.33333333, 0.91
18773.37500000, 0.92
18773.41666667, 0.9
18773.45833333, 0.87
18773.50000000, 0.91
18773.54166667, 0.86
18773.58333333, 0.84
18773.62500000, 0.82
18773.66666667, 0.8
18773.70833333, 0.61
18773.75000000, 0.48
18773.79166667, 0.45
18773.83333333, 0.56
18773.87500000, 0.53
18773.91666667, 0.54
18773.95833333, 0.6
18774.00000000, 0.83
18774.04166667, 0.83
18774.08333333, 0.87
18774.12500000, 0.9
18774.16666667, 0.85
18774.20833333, 0.78
18774.25000000, 0.81
18774.29166667, 0.83
18774.33333333, 0.83
18774.37500000, 0.82
18774.41666667, 0.82
18774.45833333, 0.82
18774.50000000, 0.76
18774.54166667, 0.67
18774.58333333, 0.6
18774.62500000, 0.55
18774.66666667, 0.48
18774.70833333, 0.39
18774.75000000, 0.34
18774.79166667, 0.32
18774.83333333, 0.31
18774.87500000, 0.31
18774.91666667, 0.31
18774.95833333, 0.36
18775.00000000, 0.6
18775.04166667, 0.56
18775.08333333, 0.66
18775.12500000, 0.61
18775.16666667, 0.65
18775.20833333, 0.72
18775.25000000, 0.67
18775.29166667, 0.63
18775.33333333, 0.58
18775.37500000, 0.66
18775.41666667, 0.71
18775.45833333, 0.65
18775.50000000, 0.6
18775.54166667, 0.59
18775.58333333, 0.58
18775.62500000, 0.56
18775.66666667, 0.56
18775.70833333, 0.59
18775.75000000, 0.63
18775.79166667, 0.67
18775.83333333, 0.75
18775.87500000, 0.79
18775.91666667, 0.91
18775.95833333, 0.93
18776.00000000, 0.94
18776.04166667, 0.96
18776.08333333, 0.96
18776.12500000, 0.92
18776.16666667, 0.93
18776.20833333, 0.95
18776.25000000, 0.95
18776.29166667, 0.94
18776.33333333, 0.95
18776.37500000, 0.92
18776.41666667, 0.93
18776.45833333, 0.94
18776.50000000, 0.9
18776.54166667, 0.91
18776.58333333, 0.91
18776.62500000, 0.86
18776.66666667, 0.86
18776.70833333, 0.86
18776.75000000, 0.82
18776.79166667, 0.81
18776.83333333, 0.79
18776.87500000, 0.81
18776.91666667, 0.82
18776.95833333, 0.82
18777.00000000, 0.88
18777.04166667, 0.88
18777.08333333, 0.88
18777.12500000, 0.87
18777.16666667, 0.9
18777.20833333, 0.9
18777.25000000, 0.88
18777.29166667, 0.88
18777.33333333, 0.89
18777.37500000, 0.92
18777.41666667, 0.92
18777.45833333, 0.93
18777.50000000, 0.89
18777.54166667, 0.88
18777.58333333, 0.84
18777.62500000, 0.77
18777.66666667, 0.74
18777.70833333, 0.73
18777.75000000, 0.72
18777.79166667, 0.72
18777.83333333, 0.71
18777.87500000, 0.74
18777.91666667, 0.73
18777.95833333, 0.74
18778.00000000, 0.85
18778.04166667, 0.87
18778.08333333, 0.86
18778.12500000, 0.87
18778.16666667, 0.9
18778.20833333, 0.91
18778.25000000, 0.91
18778.29166667, 0.92
18778.33333333, 0.94
18778.37500000, 0.93
18778.41666667, 0.93
18778.45833333, 0.89
18778.50000000, 0.84
18778.54166667, 0.76
18778.58333333, 0.69
18778.62500000, 0.59
18778.66666667, 0.51
18778.70833333, 0.45
18778.75000000, 0.42
18778.79166667, 0.41
18778.83333333, 0.4
18778.87500000, 0.4
18778.91666667, 0.4
18778.95833333, 0.5
18779.00000000, 0.69
18779.04166667, 0.74
18779.08333333, 0.75
18779.12500000, 0.72
18779.16666667, 0.75
18779.20833333, 0.78
18779.25000000, 0.87
18779.29166667, 0.91
18779.33333333, 0.92
18779.37500000, 0.93
18779.41666667, 0.92
18779.45833333, 0.86
18779.50000000, 0.79
18779.54166667, 0.73
18779.58333333, 0.67
18779.62500000, 0.61
18779.66666667, 0.53
18779.70833333, 0.49
18779.75000000, 0.48
18779.79166667, 0.47
18779.83333333, 0.46
18779.87500000, 0.52
18779.91666667, 0.53
18779.95833333, 0.61
18780.00000000, 0.71
18780.04166667, 0.76
18780.08333333, 0.8
18780.12500000, 0.81
18780.16666667, 0.8
18780.20833333, 0.78
18780.25000000, 0.76
18780.29166667, 0.77
18780.33333333, 0.79
18780.37500000, 0.8
18780.41666667, 0.82
18780.45833333, 0.8
18780.50000000, 0.78
18780.54166667, 0.74
18780.58333333, 0.71
18780.62500000, 0.69
18780.66666667, 0.62
18780.70833333, 0.53
18780.75000000, 0.51
18780.79166667, 0.49
18780.83333333, 0.5
18780.87500000, 0.53
18780.91666667, 0.57
18780.95833333, 0.62
18781.00000000, 0.68
18781.04166667, 0.72
18781.08333333, 0.73
18781.12500000, 0.77
18781.16666667, 0.85
18781.20833333, 0.89
18781.25000000, 0.92
18781.29166667, 0.93
18781.33333333, 0.93
18781.37500000, 0.93
18781.41666667, 0.94
18781.45833333, 0.93
18781.50000000, 0.94
18781.54166667, 0.91
18781.58333333, 0.85
18781.62500000, 0.81
18781.66666667, 0.74
18781.70833333, 0.67
18781.75000000, 0.59
18781.79166667, 0.57
18781.83333333, 0.55
18781.87500000, 0.65
18781.91666667, 0.77
18781.95833333, 0.81
18782.00000000, 0.88
18782.04166667, 0.89
18782.08333333, 0.91
18782.12500000, 0.93
18782.16666667, 0.95
18782.20833333, 0.96
18782.25000000, 0.95
18782.29166667, 0.95
18782.33333333, 0.95
18782.37500000, 0.95
18782.41666667, 0.95
18782.45833333, 0.95
18782.50000000, 0.95
18782.54166667, 0.89
18782.58333333, 0.83
18782.62500000, 0.83
18782.66666667, 0.77
18782.70833333, 0.67
18782.75000000, 0.77
18782.79166667, 0.7
18782.83333333, 0.63
18782.87500000, 0.57
18782.91666667, 0.49
18782.95833333, 0.66
18783.00000000, 0.58
18783.04166667, 0.72
18783.08333333, 0.89
18783.12500000, 0.93
18783.16666667, 0.93
18783.20833333, 0.92
18783.25000000, 0.89
18783.29166667, 0.84
18783.33333333, 0.81
18783.37500000, 0.8
18783.41666667, 0.8
18783.45833333, 0.75
18783.50000000, 0.67
18783.54166667, 0.59
18783.58333333, 0.52
18783.62500000, 0.46
18783.66666667, 0.42
18783.70833333, 0.36
18783.75000000, 0.35
18783.79166667, 0.35
18783.83333333, 0.36
18783.87500000, 0.39
18783.91666667, 0.41
18783.95833333, 0.48
18784.00000000, 0.54
18784.04166667, 0.59
18784.08333333, 0.64
18784.12500000, 0.67
18784.16666667, 0.69
18784.20833333, 0.72
18784.25000000, 0.76
18784.29166667, 0.78
18784.33333333, 0.78
18784.37500000, 0.79
18784.41666667, 0.82
18784.45833333, 0.77
18784.50000000, 0.7
18784.54166667, 0.64
18784.58333333, 0.57
18784.62500000, 0.51
18784.66666667, 0.46
18784.70833333, 0.42
18784.75000000, 0.4
18784.79166667, 0.39
18784.83333333, 0.4
18784.87500000, 0.4
18784.91666667, 0.39
18784.95833333, 0.45
18785.00000000, 0.67
18785.04166667, 0.7
18785.08333333, 0.72
18785.12500000, 0.74
18785.16666667, 0.74
18785.20833333, 0.69
18785.25000000, 0.74
18785.29166667, 0.81
18785.33333333, 0.86
18785.37500000, 0.88
18785.41666667, 0.9
18785.45833333, 0.86
18785.50000000, 0.79
18785.54166667, 0.72
18785.58333333, 0.67
18785.62500000, 0.61
18785.66666667, 0.56
18785.70833333, 0.52
18785.75000000, 0.48
18785.79166667, 0.47
18785.83333333, 0.45
18785.87500000, 0.46
18785.91666667, 0.51
18785.95833333, 0.55
18786.00000000, 0.83
18786.04166667, 0.87
18786.08333333, 0.88
18786.12500000, 0.85
18786.16666667, 0.9
18786.20833333, 0.95
18786.25000000, 0.95
18786.29166667, 0.95
18786.33333333, 0.94
18786.37500000, 0.94
18786.41666667, 0.93
18786.45833333, 0.89
18786.50000000, 0.79
18786.54166667, 0.73
18786.58333333, 0.68
18786.62500000, 0.65
18786.66666667, 0.65
18786.70833333, 0.63
18786.75000000, 0.76
18786.79166667, 0.74
18786.83333333, 0.72
18786.87500000, 0.69
18786.91666667, 0.68
18786.95833333, 0.69
18787.00000000, 0.93
18787.04166667, 0.95
18787.08333333, 0.96
18787.12500000, 0.96
18787.16666667, 0.95
18787.20833333, 0.95
18787.25000000, 0.96
18787.29166667, 0.98
18787.33333333, 0.98
18787.37500000, 0.98
18787.41666667, 0.97
18787.45833333, 0.95
18787.50000000, 0.88
18787.54166667, 0.81
18787.58333333, 0.74
18787.62500000, 0.69
18787.66666667, 0.76
18787.70833333, 0.8
18787.75000000, 0.82
18787.79166667, 0.77
18787.83333333, 0.75
18787.87500000, 0.68
18787.91666667, 0.65
18787.95833333, 0.69
18788.00000000, 0.88
18788.04166667, 0.94
18788.08333333, 0.96
18788.12500000, 0.96
18788.16666667, 0.96
18788.20833333, 0.94
18788.25000000, 0.94
18788.29166667, 0.95
18788.33333333, 0.96
18788.37500000, 0.96
18788.41666667, 0.96
18788.45833333, 0.93
18788.50000000, 0.89
18788.54166667, 0.83
18788.58333333, 0.78
18788.62500000, 0.71
18788.66666667, 0.65
18788.70833333, 0.61
18788.75000000, 0.57
18788.79166667, 0.62
18788.83333333, 0.76
18788.87500000, 0.79
18788.91666667, 0.87
18788.95833333, 0.88
18789.00000000, 0.92
18789.04166667, 0.94
18789.08333333, 0.93
18789.12500000, 0.94
18789.16666667, 0.95
18789.20833333, 0.94
18789.25000000, 0.96
18789.29166667, 0.96
18789.33333333, 0.97
18789.37500000, 0.97
18789.41666667, 0.97
18789.45833333, 0.97
18789.50000000, 0.97
18789.54166667, 0.97
18789.58333333, 0.97
18789.62500000, 0.97
18789.66666667, 0.97
18789.70833333, 0.97
18789.75000000, 0.96
18789.79166667, 0.95
18789.83333333, 0.96
18789.87500000, 0.96
18789.91666667, 0.94
18789.95833333, 0.95
18790.00000000, 0.95
18790.04166667, 0.96
18790.08333333, 0.96
18790.12500000, 0.96
18790.16666667, 0.96
18790.20833333, 0.96
18790.25000000, 0.96
18790.29166667, 0.95
18790.33333333, 0.94
18790.37500000, 0.94
18790.41666667, 0.95
18790.45833333, 0.93
18790.50000000, 0.93
18790.54166667, 0.93
18790.58333333, 0.92
18790.62500000, 0.89
18790.66666667, 0.8
18790.70833333, 0.75
18790.75000000, 0.71
18790.79166667, 0.7
18790.83333333, 0.69
18790.87500000, 0.68
18790.91666667, 0.69
18790.95833333, 0.69
18791.00000000, 0.75
18791.04166667, 0.73
18791.08333333, 0.73
18791.12500000, 0.83
18791.16666667, 0.82
18791.20833333, 0.85
18791.25000000, 0.92
18791.29166667, 0.92
18791.33333333, 0.93
18791.37500000, 0.94
18791.41666667, 0.94
18791.45833333, 0.91
18791.50000000, 0.88
18791.54166667, 0.8
18791.58333333, 0.76
18791.62500000, 0.73
18791.66666667, 0.68
18791.70833333, 0.67
18791.75000000, 0.66
18791.79166667, 0.63
18791.83333333, 0.59
18791.87500000, 0.58
18791.91666667, 0.59
18791.95833333, 0.66
18792.00000000, 0.82
18792.04166667, 0.87
18792.08333333, 0.84
18792.12500000, 0.8
18792.16666667, 0.82
18792.20833333, 0.83
18792.25000000, 0.83
18792.29166667, 0.82
18792.33333333, 0.82
18792.37500000, 0.86
18792.41666667, 0.85
18792.45833333, 0.9
18792.50000000, 0.81
18792.54166667, 0.79
18792.58333333, 0.75
18792.62500000, 0.72
18792.66666667, 0.72
18792.70833333, 0.68
18792.75000000, 0.67
18792.79166667, 0.66
18792.83333333, 0.63
18792.87500000, 0.64
18792.91666667, 0.61
18792.95833333, 0.64
18793.00000000, 0.75
18793.04166667, 0.78
18793.08333333, 0.85
18793.12500000, 0.85
18793.16666667, 0.84
18793.20833333, 0.88
18793.25000000, 0.93
18793.29166667, 0.96
18793.33333333, 0.95
18793.37500000, 0.94
18793.41666667, 0.9
18793.45833333, 0.86
18793.50000000, 0.83
18793.54166667, 0.73
18793.58333333, 0.65
18793.62500000, 0.57
18793.66666667, 0.52
18793.70833333, 0.47
18793.75000000, 0.43
18793.79166667, 0.44
18793.83333333, 0.43
18793.87500000, 0.42
18793.91666667, 0.43
18793.95833333, 0.48
18794.00000000, 0.58
18794.04166667, 0.61
18794.08333333, 0.6
18794.12500000, 0.62
18794.16666667, 0.65
18794.20833333, 0.68
18794.25000000, 0.69
18794.29166667, 0.69
18794.33333333, 0.69
18794.37500000, 0.68
18794.41666667, 0.67
18794.45833333, 0.66
18794.50000000, 0.62
18794.54166667, 0.56
18794.58333333, 0.51
18794.62500000, 0.43
18794.66666667, 0.37
18794.70833333, 0.35
18794.75000000, 0.34
18794.79166667, 0.34
18794.83333333, 0.33
18794.87500000, 0.33
18794.91666667, 0.33
18794.95833333, 0.4
18795.00000000, 0.62
18795.04166667, 0.59
18795.08333333, 0.57
18795.12500000, 0.57
18795.16666667, 0.53
18795.20833333, 0.48
18795.25000000, 0.44
18795.29166667, 0.47
18795.33333333, 0.52
18795.37500000, 0.56
18795.41666667, 0.59
18795.45833333, 0.6
18795.50000000, 0.57
18795.54166667, 0.48
18795.58333333, 0.4
18795.62500000, 0.38
18795.66666667, 0.36
18795.70833333, 0.34
18795.75000000, 0.31
18795.79166667, 0.3
18795.83333333, 0.29
18795.87500000, 0.27
18795.91666667, 0.27
18795.95833333, 0.36
18796.00000000, 0.58
18796.04166667, 0.51
18796.08333333, 0.56
18796.12500000, 0.59
18796.16666667, 0.62
18796.20833333, 0.66
18796.25000000, 0.68
18796.29166667, 0.67
18796.33333333, 0.64
18796.37500000, 0.68
18796.41666667, 0.73
18796.45833333, 0.63
18796.50000000, 0.58
18796.54166667, 0.51
18796.58333333, 0.45
18796.62500000, 0.41
18796.66666667, 0.38
18796.70833333, 0.35
18796.75000000, 0.32
18796.79166667, 0.3
18796.83333333, 0.28
18796.87500000, 0.28
18796.91666667, 0.32
18796.95833333, 0.4
18797.00000000, 0.5
18797.04166667, 0.51
18797.08333333, 0.49
18797.12500000, 0.5
18797.16666667, 0.52
18797.20833333, 0.54
18797.25000000, 0.56
18797.29166667, 0.57
18797.33333333, 0.61
18797.37500000, 0.66
18797.41666667, 0.69
18797.45833333, 0.68
18797.50000000, 0.64
18797.54166667, 0.62
18797.58333333, 0.6
18797.62500000, 0.58
18797.66666667, 0.54
18797.70833333, 0.58
18797.75000000, 0.58
18797.79166667, 0.57
18797.83333333, 0.51
18797.87500000, 0.49
18797.91666667, 0.57
18797.95833333, 0.62
18798.00000000, 0.73
18798.04166667, 0.8
18798.08333333, 0.85
18798.12500000, 0.87
18798.16666667, 0.89
18798.20833333, 0.93
18798.25000000, 0.9
18798.29166667, 0.95
18798.33333333, 0.91
18798.37500000, 0.92
18798.41666667, 0.93
18798.45833333, 0.9
18798.50000000, 0.86
18798.54166667, 0.77
18798.58333333, 0.66
18798.62500000, 0.56
18798.66666667, 0.5
18798.70833333, 0.47
18798.75000000, 0.45
18798.79166667, 0.41
18798.83333333, 0.4
18798.87500000, 0.41
18798.91666667, 0.4
18798.95833333, 0.45
18799.00000000, 0.76
18799.04166667, 0.79
18799.08333333, 0.79
18799.12500000, 0.8
18799.16666667, 0.81
18799.20833333, 0.86
18799.25000000, 0.9
18799.29166667, 0.93
18799.33333333, 0.95
18799.37500000, 0.96
18799.41666667, 0.96
18799.45833333, 0.93
18799.50000000, 0.9
18799.54166667, 0.83
18799.58333333, 0.74
18799.62500000, 0.68
18799.66666667, 0.59
18799.70833333, 0.53
18799.75000000, 0.49
18799.79166667, 0.45
18799.83333333, 0.44
18799.87500000, 0.46
18799.91666667, 0.58
18799.95833333, 0.6
18800.00000000, 0.83
18800.04166667, 0.87
18800.08333333, 0.91
18800.12500000, 0.92
18800.16666667, 0.94
18800.20833333, 0.91
18800.25000000, 0.96
18800.29166667, 0.99
18800.33333333, 0.99
18800.37500000, 1
18800.41666667, 0.98
18800.45833333, 0.9
18800.50000000, 0.92
18800.54166667, 0.91
18800.58333333, 0.87
18800.62500000, 0.88
18800.66666667, 0.89
18800.70833333, 0.89
18800.75000000, 0.91
18800.79166667, 0.86
18800.83333333, 0.79
18800.87500000, 0.76
18800.91666667, 0.67
18800.95833333, 0.61
18801.00000000, 0.68
18801.04166667, 0.76
18801.08333333, 0.81
18801.12500000, 0.81
18801.16666667, 0.72
18801.20833333, 0.61
18801.25000000, 0.59
18801.29166667, 0.62
18801.33333333, 0.65
18801.37500000, 0.68
18801.41666667, 0.72
18801.45833333, 0.69
18801.50000000, 0.64
18801.54166667, 0.56
18801.58333333, 0.46
18801.62500000, 0.43
18801.66666667, 0.42
18801.70833333, 0.41
18801.75000000, 0.39
18801.79166667, 0.38
18801.83333333, 0.36
18801.87500000, 0.37
18801.91666667, 0.38
18801.95833333, 0.45
18802.00000000, 0.56
18802.04166667, 0.64
18802.08333333, 0.72
18802.12500000, 0.74
18802.16666667, 0.62
18802.20833333, 0.62
18802.25000000, 0.6
18802.29166667, 0.7
18802.33333333, 0.72
18802.37500000, 0.66
18802.41666667, 0.7
18802.45833333, 0.79
18802.50000000, 0.72
18802.54166667, 0.64
18802.58333333, 0.53
18802.62500000, 0.46
18802.66666667, 0.46
18802.70833333, 0.45
18802.75000000, 0.44
18802.79166667, 0.4
18802.83333333, 0.38
18802.87500000, 0.38
18802.91666667, 0.39
18802.95833333, 0.44
18803.00000000, 0.56
18803.04166667, 0.65
18803.08333333, 0.65
18803.12500000, 0.64
18803.16666667, 0.68
18803.20833333, 0.77
18803.25000000, 0.85
18803.29166667, 0.89
18803.33333333, 0.86
18803.37500000, 0.83
18803.41666667, 0.85
18803.45833333, 0.85
18803.50000000, 0.86
18803.54166667, 0.76
18803.58333333, 0.67
18803.62500000, 0.59
18803.66666667, 0.54
18803.70833333, 0.5
18803.75000000, 0.45
18803.79166667, 0.42
18803.83333333, 0.44
18803.87500000, 0.47
18803.91666667, 0.5
18803.95833333, 0.6
18804.00000000, 0.65
18804.04166667, 0.75
18804.08333333, 0.83
18804.12500000, 0.87
18804.16666667, 0.9
18804.20833333, 0.93
18804.25000000, 0.95
18804.29166667, 0.97
18804.33333333, 0.97
18804.37500000, 0.97
18804.41666667, 0.97
18804.45833333, 0.96
18804.50000000, 0.93
18804.54166667, 0.92
18804.58333333, 0.88
18804.62500000, 0.82
18804.66666667, 0.82
18804.70833333, 0.75
18804.75000000, 0.71
18804.79166667, 0.63
18804.83333333, 0.6
18804.87500000, 0.61
18804.91666667, 0.59
18804.95833333, 0.63
18805.00000000, 0.84
18805.04166667, 0.89
18805.08333333, 0.91
18805.12500000, 0.88
18805.16666667, 0.89
18805.20833333, 0.91
18805.25000000, 0.91
18805.29166667, 0.92
18805.33333333, 0.93
18805.37500000, 0.94
18805.41666667, 0.95
18805.45833333, 0.92
18805.50000000, 0.87
18805.54166667, 0.82
18805.58333333, 0.73
18805.62500000, 0.68
18805.66666667, 0.63
18805.70833333, 0.56
18805.75000000, 0.5
18805.79166667, 0.48
18805.83333333, 0.47
18805.87500000, 0.45
18805.91666667, 0.44
18805.95833333, 0.51
18806.00000000, 0.73
18806.04166667, 0.75
18806.08333333, 0.77
18806.12500000, 0.78
18806.16666667, 0.8
18806.20833333, 0.81
18806.25000000, 0.84
18806.29166667, 0.84
18806.33333333, 0.83
18806.37500000, 0.83
18806.41666667, 0.84
18806.45833333, 0.82
18806.50000000, 0.78
18806.54166667, 0.72
18806.58333333, 0.67
18806.62500000, 0.62
18806.66666667, 0.57
18806.70833333, 0.54
18806.75000000, 0.51
18806.79166667, 0.48
18806.83333333, 0.47
18806.87500000, 0.46
18806.91666667, 0.45
18806.95833333, 0.5
18807.00000000, 0.6
18807.04166667, 0.67
18807.08333333, 0.72
18807.12500000, 0.76
18807.16666667, 0.8
18807.20833333, 0.84
18807.25000000, 0.87
18807.29166667, 0.88
18807.33333333, 0.87
18807.37500000, 0.88
18807.41666667, 0.88
18807.45833333, 0.83
18807.50000000, 0.79
18807.54166667, 0.73
18807.58333333, 0.66
18807.62500000, 0.56
18807.66666667, 0.51
18807.70833333, 0.47
18807.75000000, 0.43
18807.79166667, 0.39
18807.83333333, 0.37
18807.87500000, 0.38
18807.91666667, 0.41
18807.95833333, 0.45
18808.00000000, 0.59
18808.04166667, 0.61
18808.08333333, 0.64
18808.12500000, 0.64
18808.16666667, 0.67
18808.20833333, 0.68
18808.25000000, 0.71
18808.29166667, 0.71
18808.33333333, 0.71
18808.37500000, 0.71
18808.41666667, 0.73
18808.45833333, 0.7
18808.50000000, 0.68
18808.54166667, 0.6
18808.58333333, 0.53
18808.62500000, 0.47
18808.66666667, 0.43
18808.70833333, 0.41
18808.75000000, 0.4
18808.79166667, 0.39
18808.83333333, 0.38
18808.87500000, 0.38
18808.91666667, 0.37
18808.95833333, 0.38
18809.00000000, 0.63
18809.04166667, 0.69
18809.08333333, 0.7
18809.12500000, 0.69
18809.16666667, 0.73
18809.20833333, 0.76
18809.25000000, 0.79
18809.29166667, 0.8
18809.33333333, 0.81
18809.37500000, 0.84
18809.41666667, 0.87
18809.45833333, 0.79
18809.50000000, 0.93
18809.54166667, 0.87
18809.58333333, 0.8
18809.62500000, 0.72
18809.66666667, 0.71
18809.70833333, 0.74
18809.75000000, 0.69
18809.79166667, 0.86
18809.83333333, 0.89
18809.87500000, 0.89
18809.91666667, 0.83
18809.95833333, 0.91
18810.00000000, 0.91
18810.04166667, 0.92
18810.08333333, 0.95
18810.12500000, 0.96
18810.16666667, 0.94
18810.20833333, 0.94
18810.25000000, 0.94
18810.29166667, 0.92
18810.33333333, 0.93
18810.37500000, 0.91
18810.41666667, 0.93
18810.45833333, 0.94
18810.50000000, 0.9
18810.54166667, 0.91
18810.58333333, 0.87
18810.62500000, 0.84
18810.66666667, 0.86
18810.70833333, 0.81
18810.75000000, 0.72
18810.79166667, 0.65
18810.83333333, 0.47
18810.87500000, 0.41
18810.91666667, 0.42
18810.95833333, 0.47
18811.00000000, 0.55
18811.04166667, 0.56
18811.08333333, 0.55
18811.12500000, 0.57
18811.16666667, 0.57
18811.20833333, 0.61
18811.25000000, 0.64
18811.29166667, 0.68
18811.33333333, 0.72
18811.37500000, 0.76
18811.41666667, 0.8
18811.45833333, 0.8
18811.50000000, 0.75
18811.54166667, 0.73
18811.58333333, 0.69
18811.62500000, 0.67
18811.66666667, 0.63
18811.70833333, 0.58
18811.75000000, 0.54
18811.79166667, 0.51
18811.83333333, 0.46
18811.87500000, 0.45
18811.91666667, 0.5
18811.95833333, 0.56
18812.00000000, 0.59
18812.04166667, 0.66
18812.08333333, 0.7
18812.12500000, 0.7
18812.16666667, 0.73
18812.20833333, 0.78
18812.25000000, 0.8
18812.29166667, 0.84
18812.33333333, 0.9
18812.37500000, 0.91
18812.41666667, 0.89
18812.45833333, 0.78
18812.50000000, 0.72
18812.54166667, 0.67
18812.58333333, 0.64
18812.62500000, 0.61
18812.66666667, 0.57
18812.70833333, 0.54
18812.75000000, 0.52
18812.79166667, 0.52
18812.83333333, 0.49
18812.87500000, 0.47
18812.91666667, 0.48
18812.95833333, 0.56
18813.00000000, 0.73
18813.04166667, 0.84
18813.08333333, 0.84
18813.12500000, 0.8
18813.16666667, 0.83
18813.20833333, 0.86
18813.25000000, 0.9
18813.29166667, 0.91
18813.33333333, 0.92
18813.37500000, 0.92
18813.41666667, 0.89
18813.45833333, 0.85
18813.50000000, 0.75
18813.54166667, 0.68
18813.58333333, 0.62
18813.62500000, 0.57
18813.66666667, 0.49
18813.70833333, 0.46
18813.75000000, 0.44
18813.79166667, 0.46
18813.83333333, 0.46
18813.87500000, 0.45
18813.91666667, 0.45
18813.95833333, 0.51
18814.00000000, 0.65
18814.04166667, 0.69
18814.08333333, 0.72
18814.12500000, 0.73
18814.16666667, 0.76
18814.20833333, 0.79
18814.25000000, 0.81
18814.29166667, 0.83
18814.33333333, 0.87
18814.37500000, 0.89
18814.41666667, 0.91
18814.45833333, 0.87
18814.50000000, 0.83
18814.54166667, 0.74
18814.58333333, 0.66
18814.62500000, 0.61
18814.66666667, 0.57
18814.70833333, 0.53
18814.75000000, 0.52
18814.79166667, 0.5
18814.83333333, 0.49
18814.87500000, 0.46
18814.91666667, 0.44
18814.95833333, 0.51
18815.00000000, 0.64
18815.04166667, 0.66
18815.08333333, 0.71
18815.12500000, 0.7
18815.16666667, 0.68
18815.20833333, 0.69
18815.25000000, 0.71
18815.29166667, 0.74
18815.33333333, 0.77
18815.37500000, 0.79
18815.41666667, 0.82
18815.45833333, 0.8
18815.50000000, 0.77
18815.54166667, 0.72
18815.58333333, 0.66
18815.62500000, 0.57
18815.66666667, 0.54
18815.70833333, 0.53
18815.75000000, 0.52
18815.79166667, 0.55
18815.83333333, 0.49
18815.87500000, 0.46
18815.91666667, 0.46
18815.95833333, 0.51
18816.00000000, 0.66
18816.04166667, 0.75
18816.08333333, 0.76
18816.12500000, 0.73
18816.16666667, 0.75
18816.20833333, 0.74
18816.25000000, 0.74
18816.29166667, 0.76
18816.33333333, 0.8
18816.37500000, 0.81
18816.41666667, 0.84
18816.45833333, 0.84
18816.50000000, 0.87
18816.54166667, 0.8
18816.58333333, 0.74
18816.62500000, 0.67
18816.66666667, 0.6
18816.70833333, 0.53
18816.75000000, 0.66
18816.79166667, 0.61
18816.83333333, 0.57
18816.87500000, 0.66
18816.91666667, 0.75
18816.95833333, 0.82
18817.00000000, 0.89
18817.04166667, 0.92
18817.08333333, 0.92
18817.12500000, 0.94
18817.16666667, 0.94
18817.20833333, 0.94
18817.25000000, 0.93
18817.29166667, 0.94
18817.33333333, 0.94
18817.37500000, 0.95
18817.41666667, 0.95
18817.45833333, 0.93
18817.50000000, 0.9
18817.54166667, 0.83
18817.58333333, 0.76
18817.62500000, 0.71
18817.66666667, 0.69
18817.70833333, 0.67
18817.75000000, 0.63
18817.79166667, 0.62
18817.83333333, 0.81
18817.87500000, 0.78
18817.91666667, 0.76
18817.95833333, 0.77
18818.00000000, 0.81
18818.04166667, 0.88
18818.08333333, 0.87
18818.12500000, 0.93
18818.16666667, 0.92
18818.20833333, 0.96
18818.25000000, 0.93
18818.29166667, 0.83
18818.33333333, 0.81
18818.37500000, 0.8
18818.41666667, 0.78
18818.45833333, 0.75
18818.50000000, 0.72
18818.54166667, 0.67
18818.58333333, 0.64
18818.62500000, 0.56
18818.66666667, 0.53
18818.70833333, 0.5
18818.75000000, 0.48
18818.79166667, 0.45
18818.83333333, 0.43
18818.87500000, 0.42
18818.91666667, 0.43
18818.95833333, 0.49
18819.00000000, 0.74
18819.04166667, 0.59
18819.08333333, 0.7
18819.12500000, 0.75
18819.16666667, 0.79
18819.20833333, 0.78
18819.25000000, 0.79
18819.29166667, 0.78
18819.33333333, 0.77
18819.37500000, 0.77
18819.41666667, 0.74
18819.45833333, 0.75
18819.50000000, 0.88
18819.54166667, 0.85
18819.58333333, 0.81
18819.62500000, 0.74
18819.66666667, 0.63
18819.70833333, 0.67
18819.75000000, 0.67
18819.79166667, 0.61
18819.83333333, 0.63
18819.87500000, 0.7
18819.91666667, 0.65
18819.95833333, 0.69
18820.00000000, 0.89
18820.04166667, 0.91
18820.08333333, 0.93
18820.12500000, 0.93
18820.16666667, 0.94
18820.20833333, 0.93
18820.25000000, 0.93
18820.29166667, 0.94
18820.33333333, 0.94
18820.37500000, 0.95
18820.41666667, 0.95
18820.45833333, 0.93
18820.50000000, 0.92
18820.54166667, 0.83
18820.58333333, 0.77
18820.62500000, 0.7
18820.66666667, 0.67
18820.70833333, 0.63
18820.75000000, 0.59
18820.79166667, 0.55
18820.83333333, 0.55
18820.87500000, 0.64
18820.91666667, 0.73
18820.95833333, 0.74
18821.00000000, 0.93
18821.04166667, 0.94
18821.08333333, 0.96
18821.12500000, 0.97
18821.16666667, 0.96
18821.20833333, 0.94
18821.25000000, 0.92
18821.29166667, 0.92
18821.33333333, 0.92
18821.37500000, 0.94
18821.41666667, 0.94
18821.45833333, 0.92
18821.50000000, 0.84
18821.54166667, 0.76
18821.58333333, 0.7
18821.62500000, 0.63
18821.66666667, 0.55
18821.70833333, 0.49
18821.75000000, 0.46
18821.79166667, 0.37
18821.83333333, 0.39
18821.87500000, 0.38
18821.91666667, 0.4
18821.95833333, 0.44
18822.00000000, 0.59
18822.04166667, 0.63
18822.08333333, 0.68
18822.12500000, 0.7
18822.16666667, 0.72
18822.20833333, 0.72
18822.25000000, 0.74
18822.29166667, 0.76
18822.33333333, 0.78
18822.37500000, 0.79
18822.41666667, 0.8
18822.45833333, 0.77
18822.50000000, 0.7
18822.54166667, 0.64
18822.58333333, 0.55
18822.62500000, 0.47
18822.66666667, 0.45
18822.70833333, 0.44
18822.75000000, 0.42
18822.79166667, 0.41
18822.83333333, 0.4
18822.87500000, 0.42
18822.91666667, 0.6
18822.95833333, 0.62
18823.00000000, 0.71
18823.04166667, 0.74
18823.08333333, 0.78
18823.12500000, 0.79
18823.16666667, 0.79
18823.20833333, 0.81
18823.25000000, 0.85
18823.29166667, 0.87
18823.33333333, 0.9
18823.37500000, 0.92
18823.41666667, 0.93
18823.45833333, 0.88
18823.50000000, 0.82
18823.54166667, 0.71
18823.58333333, 0.63
18823.62500000, 0.55
18823.66666667, 0.51
18823.70833333, 0.47
18823.75000000, 0.45
18823.79166667, 0.44
18823.83333333, 0.44
18823.87500000, 0.43
18823.91666667, 0.44
18823.95833333, 0.48
18824.00000000, 0.73
18824.04166667, 0.78
18824.08333333, 0.87
18824.12500000, 0.87
18824.16666667, 0.9
18824.20833333, 0.89
18824.25000000, 0.93
18824.29166667, 0.95
18824.33333333, 0.96
18824.37500000, 0.95
18824.41666667, 0.95
18824.45833333, 0.9
18824.50000000, 0.76
18824.54166667, 0.64
18824.58333333, 0.56
18824.62500000, 0.47
18824.66666667, 0.44
18824.70833333, 0.43
18824.75000000, 0.43
18824.79166667, 0.41
18824.83333333, 0.4
18824.87500000, 0.4
18824.91666667, 0.41
18824.95833333, 0.41
18825.00000000, 0.53
18825.04166667, 0.56
18825.08333333, 0.61
18825.12500000, 0.65
18825.16666667, 0.68
18825.20833333, 0.68
18825.25000000, 0.69
18825.29166667, 0.71
18825.33333333, 0.73
18825.37500000, 0.78
18825.41666667, 0.83
18825.45833333, 0.82
18825.50000000, 0.77
18825.54166667, 0.71
18825.58333333, 0.65
18825.62500000, 0.59
18825.66666667, 0.55
18825.70833333, 0.53
18825.75000000, 0.48
18825.79166667, 0.43
18825.83333333, 0.42
18825.87500000, 0.72
18825.91666667, 0.81
18825.95833333, 0.79
18826.00000000, 0.9
18826.04166667, 0.89
18826.08333333, 0.89
18826.12500000, 0.9
18826.16666667, 0.93
18826.20833333, 0.9
18826.25000000, 0.88
18826.29166667, 0.89
18826.33333333, 0.89
18826.37500000, 0.88
18826.41666667, 0.83
18826.45833333, 0.8
18826.50000000, 0.74
18826.54166667, 0.66
18826.58333333, 0.59
18826.62500000, 0.55
18826.66666667, 0.5
18826.70833333, 0.43
18826.75000000, 0.37
18826.79166667, 0.35
18826.83333333, 0.37
18826.87500000, 0.38
18826.91666667, 0.37
18826.95833333, 0.37
18827.00000000, 0.57
18827.04166667, 0.62
18827.08333333, 0.65
18827.12500000, 0.66
18827.16666667, 0.67
18827.20833333, 0.67
18827.25000000, 0.67
18827.29166667, 0.66
18827.33333333, 0.68
18827.37500000, 0.71
18827.41666667, 0.75
18827.45833333, 0.75
18827.50000000, 0.7
18827.54166667, 0.65
18827.58333333, 0.58
18827.62500000, 0.5
18827.66666667, 0.47
18827.70833333, 0.44
18827.75000000, 0.42
18827.79166667, 0.39
18827.83333333, 0.38
18827.87500000, 0.37
18827.91666667, 0.39
18827.95833333, 0.42
18828.00000000, 0.6
18828.04166667, 0.68
18828.08333333, 0.71
18828.12500000, 0.74
18828.16666667, 0.79
18828.20833333, 0.82
18828.25000000, 0.85
18828.29166667, 0.87
18828.33333333, 0.89
18828.37500000, 0.89
18828.41666667, 0.88
18828.45833333, 0.78
18828.50000000, 0.73
18828.54166667, 0.64
18828.58333333, 0.57
18828.62500000, 0.52
18828.66666667, 0.49
18828.70833333, 0.46
18828.75000000, 0.43
18828.79166667, 0.4
18828.83333333, 0.39
18828.87500000, 0.38
18828.91666667, 0.39
18828.95833333, 0.4
18829.00000000, 0.64
18829.04166667, 0.52
18829.08333333, 0.55
18829.12500000, 0.64
18829.16666667, 0.74
18829.20833333, 0.77
18829.25000000, 0.79
18829.29166667, 0.79
18829.33333333, 0.81
18829.37500000, 0.84
18829.41666667, 0.81
18829.45833333, 0.75
18829.50000000, 0.67
18829.54166667, 0.62
18829.58333333, 0.57
18829.62500000, 0.57
18829.66666667, 0.63
18829.70833333, 0.61
18829.75000000, 0.48
18829.79166667, 0.42
18829.83333333, 0.56
18829.87500000, 0.52
18829.91666667, 0.53
18829.95833333, 0.52
18830.00000000, 0.56
18830.04166667, 0.7
18830.08333333, 0.69
18830.12500000, 0.68
18830.16666667, 0.68
18830.20833333, 0.66
18830.25000000, 0.65
18830.29166667, 0.64
18830.33333333, 0.64
18830.37500000, 0.66
18830.41666667, 0.69
18830.45833333, 0.71
18830.50000000, 0.6
18830.54166667, 0.49
18830.58333333, 0.41
18830.62500000, 0.37
18830.66666667, 0.34
18830.70833333, 0.31
18830.75000000, 0.29
18830.79166667, 0.28
18830.83333333, 0.28
18830.87500000, 0.27
18830.91666667, 0.27
18830.95833333, 0.28
18831.00000000, 0.42
18831.04166667, 0.51
18831.08333333, 0.57
18831.12500000, 0.5
18831.16666667, 0.64
18831.20833333, 0.69
18831.25000000, 0.76
18831.29166667, 0.82
18831.33333333, 0.73
18831.37500000, 0.69
18831.41666667, 0.68
18831.45833333, 0.64
18831.50000000, 0.56
18831.54166667, 0.56
18831.58333333, 0.51
18831.62500000, 0.46
18831.66666667, 0.41
18831.70833333, 0.39
18831.75000000, 0.35
18831.79166667, 0.34
18831.83333333, 0.34
18831.87500000, 0.33
18831.91666667, 0.35
18831.95833333, 0.37
18832.00000000, 0.46
18832.04166667, 0.5
18832.08333333, 0.57
18832.12500000, 0.61
18832.16666667, 0.63
18832.20833333, 0.68
18832.25000000, 0.77
18832.29166667, 0.87
18832.33333333, 0.84
18832.37500000, 0.88
18832.41666667, 0.81
18832.45833333, 0.86
18832.50000000, 0.75
18832.54166667, 0.62
18832.58333333, 0.52
18832.62500000, 0.48
18832.66666667, 0.44
18832.70833333, 0.4
18832.75000000, 0.39
18832.79166667, 0.38
18832.83333333, 0.39
18832.87500000, 0.4
18832.91666667, 0.43
18832.95833333, 0.49
18833.00000000, 0.68
18833.04166667, 0.71
18833.08333333, 0.72
18833.12500000, 0.72
18833.16666667, 0.71
18833.20833333, 0.74
18833.25000000, 0.75
18833.29166667, 0.74
18833.33333333, 0.73
18833.37500000, 0.73
18833.41666667, 0.75
18833.45833333, 0.75
18833.50000000, 0.8
18833.54166667, 0.75
18833.58333333, 0.68
18833.62500000, 0.61
18833.66666667, 0.52
18833.70833333, 0.49
18833.75000000, 0.45
18833.79166667, 0.42
18833.83333333, 0.38
18833.87500000, 0.37
18833.91666667, 0.38
18833.95833333, 0.41
18834.00000000, 0.73
18834.04166667, 0.79
18834.08333333, 0.86
18834.12500000, 0.9
18834.16666667, 0.92
18834.20833333, 0.93
18834.25000000, 0.95
18834.29166667, 0.96
18834.33333333, 0.96
18834.37500000, 0.95
18834.41666667, 0.93
18834.45833333, 0.9
18834.50000000, 0.82
18834.54166667, 0.74
18834.58333333, 0.64
18834.62500000, 0.57
18834.66666667, 0.5
18834.70833333, 0.46
18834.75000000, 0.43
18834.79166667, 0.4
18834.83333333, 0.38
18834.87500000, 0.39
18834.91666667, 0.45
18834.95833333, 0.55
18835.00000000, 0.91
18835.04166667, 0.91
18835.08333333, 0.92
18835.12500000, 0.89
18835.16666667, 0.94
18835.20833333, 0.96
18835.25000000, 0.97
18835.29166667, 0.97
18835.33333333, 0.97
18835.37500000, 0.97
18835.41666667, 0.97
18835.45833333, 0.94
18835.50000000, 0.94
18835.54166667, 0.85
18835.58333333, 0.73
18835.62500000, 0.61
18835.66666667, 0.48
18835.70833333, 0.41
18835.75000000, 0.36
18835.79166667, 0.33
18835.83333333, 0.33
18835.87500000, 0.33
18835.91666667, 0.33
18835.95833333, 0.38
18836.00000000, 0.42
18836.04166667, 0.46
18836.08333333, 0.4
18836.12500000, 0.58
18836.16666667, 0.64
18836.20833333, 0.72
18836.25000000, 0.79
18836.29166667, 0.82
18836.33333333, 0.74
18836.37500000, 0.68
18836.41666667, 0.61
18836.45833333, 0.57
18836.50000000, 0.54
18836.54166667, 0.52
18836.58333333, 0.48
18836.62500000, 0.41
18836.66666667, 0.35
18836.70833333, 0.33
18836.75000000, 0.32
18836.79166667, 0.32
18836.83333333, 0.3
18836.87500000, 0.28
18836.91666667, 0.32
18836.95833333, 0.45
18837.00000000, 0.86
18837.04166667, 0.84
18837.08333333, 0.87
18837.12500000, 0.9
18837.16666667, 0.92
18837.20833333, 0.94
18837.25000000, 0.96
18837.29166667, 0.96
18837.33333333, 0.95
18837.37500000, 0.95
18837.41666667, 0.95
18837.45833333, 0.92
18837.50000000, 0.94
18837.54166667, 0.88
18837.58333333, 0.87
18837.62500000, 0.81
18837.66666667, 0.71
18837.70833333, 0.59
18837.75000000, 0.51
18837.79166667, 0.47
18837.83333333, 0.49
18837.87500000, 0.46
18837.91666667, 0.45
18837.95833333, 0.43
18838.00000000, 0.74
18838.04166667, 0.68
18838.08333333, 0.72
18838.12500000, 0.76
18838.16666667, 0.77
18838.20833333, 0.76
18838.25000000, 0.74
18838.29166667, 0.73
18838.33333333, 0.78
18838.37500000, 0.8
18838.41666667, 0.83
18838.45833333, 0.83
18838.50000000, 0.83
18838.54166667, 0.74
18838.58333333, 0.65
18838.62500000, 0.56
18838.66666667, 0.45
18838.70833333, 0.38
18838.75000000, 0.32
18838.79166667, 0.28
18838.83333333, 0.23
18838.87500000, 0.22
18838.91666667, 0.24
18838.95833333, 0.28
18839.00000000, 0.41
18839.04166667, 0.47
18839.08333333, 0.51
18839.12500000, 0.54
18839.16666667, 0.56
18839.20833333, 0.54
18839.25000000, 0.55
18839.29166667, 0.54
18839.33333333, 0.55
18839.37500000, 0.58
18839.41666667, 0.6
18839.45833333, 0.62
18839.50000000, 0.64
18839.54166667, 0.59
18839.58333333, 0.57
18839.62500000, 0.53
18839.66666667, 0.5
18839.70833333, 0.46
18839.75000000, 0.42
18839.79166667, 0.39
18839.83333333, 0.37
18839.87500000, 0.37
18839.91666667, 0.36
18839.95833333, 0.46
18840.00000000, 0.62
18840.04166667, 0.67
18840.08333333, 0.68
18840.12500000, 0.69
18840.16666667, 0.7
18840.20833333, 0.71
18840.25000000, 0.74
18840.29166667, 0.78
18840.33333333, 0.83
18840.37500000, 0.89
18840.41666667, 0.89
18840.45833333, 0.88
18840.50000000, 0.93
18840.54166667, 0.91
18840.58333333, 0.89
18840.62500000, 0.85
18840.66666667, 0.84
18840.70833333, 0.79
18840.75000000, 0.72
18840.79166667, 0.63
18840.83333333, 0.57
18840.87500000, 0.56
18840.91666667, 0.56
18840.95833333, 0.58
18841.00000000, 0.91
18841.04166667, 0.94
18841.08333333, 0.94
18841.12500000, 0.93
18841.16666667, 0.95
18841.20833333, 0.94
18841.25000000, 0.92
18841.29166667, 0.91
18841.33333333, 0.89
18841.37500000, 0.88
18841.41666667, 0.89
18841.45833333, 0.87
18841.50000000, 0.82
18841.54166667, 0.75
18841.58333333, 0.66
18841.62500000, 0.58
18841.66666667, 0.5
18841.70833333, 0.44
18841.75000000, 0.39
18841.79166667, 0.37
18841.83333333, 0.36
18841.87500000, 0.37
18841.91666667, 0.45
18841.95833333, 0.56
18842.00000000, 0.63
18842.04166667, 0.71
18842.08333333, 0.79
18842.12500000, 0.8
18842.16666667, 0.85
18842.20833333, 0.81
18842.25000000, 0.84
18842.29166667, 0.85
18842.33333333, 0.86
18842.37500000, 0.89
18842.41666667, 0.88
18842.45833333, 0.84
18842.50000000, 0.81
18842.54166667, 0.73
18842.58333333, 0.68
18842.62500000, 0.64
18842.66666667, 0.54
18842.70833333, 0.5
18842.75000000, 0.46
18842.79166667, 0.45
18842.83333333, 0.45
18842.87500000, 0.45
18842.91666667, 0.47
18842.95833333, 0.52
18843.00000000, 0.75
18843.04166667, 0.79
18843.08333333, 0.83
18843.12500000, 0.86
18843.16666667, 0.9
18843.20833333, 0.89
18843.25000000, 0.9
18843.29166667, 0.9
18843.33333333, 0.9
18843.37500000, 0.89
18843.41666667, 0.88
18843.45833333, 0.86
18843.50000000, 0.84
18843.54166667, 0.76
18843.58333333, 0.63
18843.62500000, 0.55
18843.66666667, 0.51
18843.70833333, 0.45
18843.75000000, 0.42
18843.79166667, 0.4
18843.83333333, 0.39
18843.87500000, 0.39
18843.91666667, 0.45
18843.95833333, 0.48
18844.00000000, 0.63
18844.04166667, 0.73
18844.08333333, 0.79
18844.12500000, 0.82
18844.16666667, 0.86
18844.20833333, 0.87
18844.25000000, 0.84
18844.29166667, 0.92
18844.33333333, 0.92
18844.37500000, 0.91
18844.41666667, 0.93
18844.45833333, 0.88
18844.50000000, 0.81
18844.54166667, 0.7
18844.58333333, 0.62
18844.62500000, 0.54
18844.66666667, 0.46
18844.70833333, 0.4
18844.75000000, 0.36
18844.79166667, 0.34
18844.83333333, 0.33
18844.87500000, 0.35
18844.91666667, 0.36
18844.95833333, 0.45
18845.00000000, 0.54
18845.04166667, 0.63
18845.08333333, 0.69
18845.12500000, 0.73
18845.16666667, 0.75
18845.20833333, 0.76
18845.25000000, 0.79
18845.29166667, 0.83
18845.33333333, 0.87
18845.37500000, 0.9
18845.41666667, 0.91
18845.45833333, 0.85
18845.50000000, 0.77
18845.54166667, 0.67
18845.58333333, 0.58
18845.62500000, 0.5
18845.66666667, 0.44
18845.70833333, 0.4
18845.75000000, 0.38
18845.79166667, 0.37
18845.83333333, 0.37
18845.87500000, 0.37
18845.91666667, 0.39
18845.95833333, 0.42
18846.00000000, 0.57
18846.04166667, 0.6
18846.08333333, 0.64
18846.12500000, 0.69
18846.16666667, 0.75
18846.20833333, 0.81
18846.25000000, 0.89
18846.29166667, 0.92
18846.33333333, 0.93
18846.37500000, 0.92
18846.41666667, 0.93
18846.45833333, 0.9
18846.50000000, 0.85
18846.54166667, 0.78
18846.58333333, 0.7
18846.62500000, 0.63
18846.66666667, 0.69
18846.70833333, 0.82
18846.75000000, 0.89
18846.79166667, 0.87
18846.83333333, 0.88
18846.87500000, 0.89
18846.91666667, 0.91
18846.95833333, 0.93
18847.00000000, 0.88
18847.04166667, 0.9
18847.08333333, 0.94
18847.12500000, 0.96
18847.16666667, 0.97
18847.20833333, 0.98
18847.25000000, 0.96
18847.29166667, 0.95
18847.33333333, 0.95
18847.37500000, 0.97
18847.41666667, 0.98
18847.45833333, 0.96
18847.50000000, 0.91
18847.54166667, 0.82
18847.58333333, 0.72
18847.62500000, 0.64
18847.66666667, 0.56
18847.70833333, 0.49
18847.75000000, 0.42
18847.79166667, 0.38
18847.83333333, 0.35
18847.87500000, 0.34
18847.91666667, 0.42
18847.95833333, 0.54
18848.00000000, 0.7
18848.04166667, 0.75
18848.08333333, 0.77
18848.12500000, 0.8
18848.16666667, 0.81
18848.20833333, 0.83
18848.25000000, 0.87
18848.29166667, 0.89
18848.33333333, 0.9
18848.37500000, 0.91
18848.41666667, 0.94
18848.45833333, 0.89
18848.50000000, 0.89
18848.54166667, 0.87
18848.58333333, 0.84
18848.62500000, 0.75
18848.66666667, 0.67
18848.70833333, 0.61
18848.75000000, 0.55
18848.79166667, 0.49
18848.83333333, 0.59
18848.87500000, 0.67
18848.91666667, 0.79
18848.95833333, 0.81
18849.00000000, 0.92
18849.04166667, 0.9
18849.08333333, 0.89
18849.12500000, 0.89
18849.16666667, 0.9
18849.20833333, 0.91
18849.25000000, 0.91
18849.29166667, 0.91
18849.33333333, 0.91
18849.37500000, 0.92
18849.41666667, 0.93
18849.45833333, 0.92
18849.50000000, 0.9
18849.54166667, 0.83
18849.58333333, 0.76
18849.62500000, 0.68
18849.66666667, 0.61
18849.70833333, 0.55
18849.75000000, 0.5
18849.79166667, 0.49
18849.83333333, 0.51
18849.87500000, 0.52
18849.91666667, 0.72
18849.95833333, 0.81
18850.00000000, 0.82
18850.04166667, 0.81
18850.08333333, 0.82
18850.12500000, 0.87
18850.16666667, 0.9
18850.20833333, 0.91
18850.25000000, 0.91
18850.29166667, 0.93
18850.33333333, 0.95
18850.37500000, 0.96
18850.41666667, 0.97
18850.45833333, 0.96
18850.50000000, 0.91
18850.54166667, 0.83
18850.58333333, 0.75
18850.62500000, 0.66
18850.66666667, 0.56
18850.70833333, 0.49
18850.75000000, 0.45
18850.79166667, 0.43
18850.83333333, 0.48
18850.87500000, 0.62
18850.91666667, 0.58
18850.95833333, 0.58
18851.00000000, 0.86
18851.04166667, 0.85
18851.08333333, 0.91
18851.12500000, 0.93
18851.16666667, 0.92
18851.20833333, 0.92
18851.25000000, 0.92
18851.29166667, 0.92
18851.33333333, 0.93
18851.37500000, 0.93
18851.41666667, 0.95
18851.45833333, 0.93
18851.50000000, 0.82
18851.54166667, 0.74
18851.58333333, 0.66
18851.62500000, 0.58
18851.66666667, 0.49
18851.70833333, 0.47
18851.75000000, 0.44
18851.79166667, 0.42
18851.83333333, 0.41
18851.87500000, 0.41
18851.91666667, 0.4
18851.95833333, 0.47
18852.00000000, 0.61
18852.04166667, 0.64
18852.08333333, 0.66
18852.12500000, 0.69
18852.16666667, 0.73
18852.20833333, 0.77
18852.25000000, 0.79
18852.29166667, 0.81
18852.33333333, 0.82
18852.37500000, 0.81
18852.41666667, 0.82
18852.45833333, 0.78
18852.50000000, 0.73
18852.54166667, 0.63
18852.58333333, 0.53
18852.62500000, 0.5
18852.66666667, 0.49
18852.70833333, 0.49
18852.75000000, 0.47
18852.79166667, 0.46
18852.83333333, 0.48
18852.87500000, 0.49
18852.91666667, 0.54
18852.95833333, 0.55
18853.00000000, 0.87
18853.04166667, 0.87
18853.08333333, 0.87
18853.12500000, 0.9
18853.16666667, 0.93
18853.20833333, 0.92
18853.25000000, 0.92
18853.29166667, 0.93
18853.33333333, 0.93
18853.37500000, 0.93
18853.41666667, 0.94
18853.45833333, 0.91
18853.50000000, 0.86
18853.54166667, 0.77
18853.58333333, 0.68
18853.62500000, 0.58
18853.66666667, 0.53
18853.70833333, 0.52
18853.75000000, 0.62
18853.79166667, 0.62
18853.83333333, 0.62
18853.87500000, 0.61
18853.91666667, 0.6
18853.95833333, 0.71
18854.00000000, 0.66
18854.04166667, 0.73
18854.08333333, 0.86
18854.12500000, 0.88
18854.16666667, 0.91
18854.20833333, 0.94
18854.25000000, 0.95
18854.29166667, 0.95
18854.33333333, 0.88
18854.37500000, 0.84
18854.41666667, 0.82
18854.45833333, 0.79
18854.50000000, 0.87
18854.54166667, 0.81
18854.58333333, 0.76
18854.62500000, 0.7
18854.66666667, 0.67
18854.70833333, 0.62
18854.75000000, 0.59
18854.79166667, 0.6
18854.83333333, 0.6
18854.87500000, 0.59
18854.91666667, 0.61
18854.95833333, 0.66
18855.00000000, 0.67
18855.04166667, 0.72
18855.08333333, 0.8
18855.12500000, 0.7
18855.16666667, 0.72
18855.20833333, 0.76
18855.25000000, 0.8
18855.29166667, 0.82
18855.33333333, 0.92
18855.37500000, 0.95
18855.41666667, 0.91
18855.45833333, 0.9
18855.50000000, 0.92
18855.54166667, 0.91
18855.58333333, 0.94
18855.62500000, 0.91
18855.66666667, 0.9
18855.70833333, 0.88
18855.75000000, 0.88
18855.79166667, 0.87
18855.83333333, 0.88
18855.87500000, 0.86
18855.91666667, 0.84
18855.95833333, 0.86
18856.00000000, 0.91
18856.04166667, 0.97
18856.08333333, 0.95
18856.12500000, 0.95
18856.16666667, 0.95
18856.20833333, 0.95
18856.25000000, 0.95
18856.29166667, 0.96
18856.33333333, 0.96
18856.37500000, 0.96
18856.41666667, 0.96
18856.45833333, 0.96
18856.50000000, 0.95
18856.54166667, 0.96
18856.58333333, 0.91
18856.62500000, 0.86
18856.66666667, 0.85
18856.70833333, 0.87
18856.75000000, 0.86
18856.79166667, 0.84
18856.83333333, 0.82
18856.87500000, 0.78
18856.91666667, 0.77
18856.95833333, 0.8
18857.00000000, 0.94
18857.04166667, 0.94
18857.08333333, 0.94
18857.12500000, 0.95
18857.16666667, 0.95
18857.20833333, 0.97
18857.25000000, 0.96
18857.29166667, 0.95
18857.33333333, 0.95
18857.37500000, 0.94
18857.41666667, 0.95
18857.45833333, 0.95
18857.50000000, 0.94
18857.54166667, 0.94
18857.58333333, 0.85
18857.62500000, 0.91
18857.66666667, 0.9
18857.70833333, 0.8
18857.75000000, 0.9
18857.79166667, 0.83
18857.83333333, 0.83
18857.87500000, 0.81
18857.91666667, 0.79
18857.95833333, 0.8
18858.00000000, 0.93
18858.04166667, 0.93
18858.08333333, 0.95
18858.12500000, 0.94
18858.16666667, 0.94
18858.20833333, 0.93
18858.25000000, 0.93
18858.29166667, 0.93
18858.33333333, 0.92
18858.37500000, 0.91
18858.41666667, 0.91
18858.45833333, 0.89
18858.50000000, 0.85
18858.54166667, 0.78
18858.58333333, 0.71
18858.62500000, 0.66
18858.66666667, 0.62
18858.70833333, 0.58
18858.75000000, 0.56
18858.79166667, 0.55
18858.83333333, 0.55
18858.87500000, 0.56
18858.91666667, 0.62
18858.95833333, 0.71
18859.00000000, 0.88
18859.04166667, 0.91
18859.08333333, 0.92
18859.12500000, 0.92
18859.16666667, 0.91
18859.20833333, 0.91
18859.25000000, 0.91
18859.29166667, 0.91
18859.33333333, 0.92
18859.37500000, 0.93
18859.41666667, 0.95
18859.45833333, 0.95
18859.50000000, 0.91
18859.54166667, 0.94
18859.58333333, 0.94
18859.62500000, 0.93
18859.66666667, 0.92
18859.70833333, 0.87
18859.75000000, 0.82
18859.79166667, 0.74
18859.83333333, 0.76
18859.87500000, 0.79
18859.91666667, 0.81
18859.95833333, 0.85
18860.00000000, 0.76
18860.04166667, 0.85
18860.08333333, 0.84
18860.12500000, 0.85
18860.16666667, 0.9
18860.20833333, 0.93
18860.25000000, 0.94
18860.29166667, 0.93
18860.33333333, 0.94
18860.37500000, 0.96
18860.41666667, 0.96
18860.45833333, 0.95
18860.50000000, 0.93
18860.54166667, 0.88
18860.58333333, 0.84
18860.62500000, 0.79
18860.66666667, 0.77
18860.70833333, 0.75
18860.75000000, 0.73
18860.79166667, 0.73
18860.83333333, 0.77
18860.87500000, 0.73
18860.91666667, 0.72
18860.95833333, 0.78
18861.00000000, 0.9
18861.04166667, 0.95
18861.08333333, 0.95
18861.12500000, 0.96
18861.16666667, 0.97
18861.20833333, 0.98
18861.25000000, 0.99
18861.29166667, 0.98
18861.33333333, 0.99
18861.37500000, 0.99
18861.41666667, 1
18861.45833333, 0.98
18861.50000000, 0.93
18861.54166667, 0.91
18861.58333333, 0.89
18861.62500000, 0.91
18861.66666667, 0.88
18861.70833333, 0.82
18861.75000000, 0.74
18861.79166667, 0.66
18861.83333333, 0.61
18861.87500000, 0.6
18861.91666667, 0.66
18861.95833333, 0.77
18862.00000000, 0.89
18862.04166667, 0.91
18862.08333333, 0.93
18862.12500000, 0.95
18862.16666667, 0.96
18862.20833333, 0.95
18862.25000000, 0.94
18862.29166667, 0.94
18862.33333333, 0.93
18862.37500000, 0.93
18862.41666667, 0.93
18862.45833333, 0.91
18862.50000000, 0.87
18862.54166667, 0.82
18862.58333333, 0.76
18862.62500000, 0.71
18862.66666667, 0.66
18862.70833333, 0.63
18862.75000000, 0.59
18862.79166667, 0.54
18862.83333333, 0.52
18862.87500000, 0.51
18862.91666667, 0.56
18862.95833333, 0.67
18863.00000000, 0.73
18863.04166667, 0.75
18863.08333333, 0.72
18863.12500000, 0.68
18863.16666667, 0.71
18863.20833333, 0.71
18863.25000000, 0.77
18863.29166667, 0.82
18863.33333333, 0.86
18863.37500000, 0.9
18863.41666667, 0.92
18863.45833333, 0.93
18863.50000000, 0.9
18863.54166667, 0.82
18863.58333333, 0.74
18863.62500000, 0.68
18863.66666667, 0.61
18863.70833333, 0.56
18863.75000000, 0.52
18863.79166667, 0.47
18863.83333333, 0.44
18863.87500000, 0.43
18863.91666667, 0.46
18863.95833333, 0.64
18864.00000000, 0.68
18864.04166667, 0.67
18864.08333333, 0.77
18864.12500000, 0.85
18864.16666667, 0.86
18864.20833333, 0.88
18864.25000000, 0.9
18864.29166667, 0.84
18864.33333333, 0.86
18864.37500000, 0.88
18864.41666667, 0.86
18864.45833333, 0.92
18864.50000000, 0.87
18864.54166667, 0.78
18864.58333333, 0.71
18864.62500000, 0.66
18864.66666667, 0.61
18864.70833333, 0.56
18864.75000000, 0.54
18864.79166667, 0.52
18864.83333333, 0.52
18864.87500000, 0.53
18864.91666667, 0.59
18864.95833333, 0.69
18865.00000000, 0.87
18865.04166667, 0.9
18865.08333333, 0.91
18865.12500000, 0.92
18865.16666667, 0.89
18865.20833333, 0.9
18865.25000000, 0.92
18865.29166667, 0.93
18865.33333333, 0.93
18865.37500000, 0.88
18865.41666667, 0.88
18865.45833333, 0.91
18865.50000000, 0.88
18865.54166667, 0.82
18865.58333333, 0.79
18865.62500000, 0.74
18865.66666667, 0.72
18865.70833333, 0.7
18865.75000000, 0.66
18865.79166667, 0.61
18865.83333333, 0.6
18865.87500000, 0.6
18865.91666667, 0.63
18865.95833333, 0.74
18866.00000000, 0.87
18866.04166667, 0.91
18866.08333333, 0.9
18866.12500000, 0.88
18866.16666667, 0.9
18866.20833333, 0.92
18866.25000000, 0.93
18866.29166667, 0.94
18866.33333333, 0.94
18866.37500000, 0.95
18866.41666667, 0.94
18866.45833333, 0.96
18866.50000000, 0.92
18866.54166667, 0.85
18866.58333333, 0.78
18866.62500000, 0.72
18866.66666667, 0.71
18866.70833333, 0.66
18866.75000000, 0.56
18866.79166667, 0.59
18866.83333333, 0.71
18866.87500000, 0.78
18866.91666667, 0.82
18866.95833333, 0.86
18867.00000000, 0.9
18867.04166667, 0.89
18867.08333333, 0.89
18867.12500000, 0.92
18867.16666667, 0.93
18867.20833333, 0.9
18867.25000000, 0.96
18867.29166667, 0.97
18867.33333333, 0.98
18867.37500000, 0.97
18867.41666667, 0.97
18867.45833333, 0.98
18867.50000000, 0.94
18867.54166667, 0.86
18867.58333333, 0.8
18867.62500000, 0.72
18867.66666667, 0.68
18867.70833333, 0.67
18867.75000000, 0.66
18867.79166667, 0.65
18867.83333333, 0.62
18867.87500000, 0.71
18867.91666667, 0.75
18867.95833333, 0.79
18868.00000000, 0.89
18868.04166667, 0.89
18868.08333333, 0.89
18868.12500000, 0.88
18868.16666667, 0.87
18868.20833333, 0.87
18868.25000000, 0.89
18868.29166667, 0.9
18868.33333333, 0.92
18868.37500000, 0.94
18868.41666667, 0.91
18868.45833333, 0.9
18868.50000000, 0.91
18868.54166667, 0.88
18868.58333333, 0.83
18868.62500000, 0.79
18868.66666667, 0.75
18868.70833333, 0.71
18868.75000000, 0.69
18868.79166667, 0.68
18868.83333333, 0.68
18868.87500000, 0.67
18868.91666667, 0.66
18868.95833333, 0.73
18869.00000000, 0.86
18869.04166667, 0.91
18869.08333333, 0.92
18869.12500000, 0.92
18869.16666667, 0.94
18869.20833333, 0.95
18869.25000000, 0.95
18869.29166667, 0.95
18869.33333333, 0.97
18869.37500000, 0.98
18869.41666667, 0.97
18869.45833333, 0.97
18869.50000000, 0.94
18869.54166667, 0.89
18869.58333333, 0.82
18869.62500000, 0.75
18869.66666667, 0.72
18869.70833333, 0.68
18869.75000000, 0.66
18869.79166667, 0.63
18869.83333333, 0.81
18869.87500000, 0.88
18869.91666667, 0.85
18869.95833333, 0.86
18870.00000000, 0.83
18870.04166667, 0.81
18870.08333333, 0.82
18870.12500000, 0.92
18870.16666667, 0.94
18870.20833333, 0.96
18870.25000000, 0.96
18870.29166667, 0.91
18870.33333333, 0.91
18870.37500000, 0.92
18870.41666667, 0.91
18870.45833333, 0.92
18870.50000000, 0.91
18870.54166667, 0.88
18870.58333333, 0.82
18870.62500000, 0.76
18870.66666667, 0.7
18870.70833333, 0.7
18870.75000000, 0.78
18870.79166667, 0.83
18870.83333333, 0.82
18870.87500000, 0.84
18870.91666667, 0.86
18870.95833333, 0.89
18871.00000000, 0.89
18871.04166667, 0.92
18871.08333333, 0.94
18871.12500000, 0.95
18871.16666667, 0.95
18871.20833333, 0.96
18871.25000000, 0.96
18871.29166667, 0.96
18871.33333333, 0.94
18871.37500000, 0.94
18871.41666667, 0.96
18871.45833333, 0.96
18871.50000000, 0.98
18871.54166667, 0.96
18871.58333333, 0.93
18871.62500000, 0.89
18871.66666667, 0.89
18871.70833333, 0.9
18871.75000000, 0.93
18871.79166667, 0.92
18871.83333333, 0.89
18871.87500000, 0.89
18871.91666667, 0.92
18871.95833333, 0.93
18872.00000000, 0.92
18872.04166667, 0.93
18872.08333333, 0.88
18872.12500000, 0.87
18872.16666667, 0.84
18872.20833333, 0.81
18872.25000000, 0.79
18872.29166667, 0.76
18872.33333333, 0.75
18872.37500000, 0.74
18872.41666667, 0.7
18872.45833333, 0.65
18872.50000000, 0.66
18872.54166667, 0.61
18872.58333333, 0.56
18872.62500000, 0.51
18872.66666667, 0.47
18872.70833333, 0.44
18872.75000000, 0.42
18872.79166667, 0.39
18872.83333333, 0.37
18872.87500000, 0.38
18872.91666667, 0.43
18872.95833333, 0.53
18873.00000000, 0.63
18873.04166667, 0.73
18873.08333333, 0.77
18873.12500000, 0.77
18873.16666667, 0.78
18873.20833333, 0.73
18873.25000000, 0.64
18873.29166667, 0.63
18873.33333333, 0.69
18873.37500000, 0.77
18873.41666667, 0.8
18873.45833333, 0.81
18873.50000000, 0.75
18873.54166667, 0.66
18873.58333333, 0.6
18873.62500000, 0.55
18873.66666667, 0.52
18873.70833333, 0.5
18873.75000000, 0.47
18873.79166667, 0.46
18873.83333333, 0.44
18873.87500000, 0.43
18873.91666667, 0.49
18873.95833333, 0.66
18874.00000000, 0.73
18874.04166667, 0.83
18874.08333333, 0.79
18874.12500000, 0.88
18874.16666667, 0.79
18874.20833333, 0.78
18874.25000000, 0.78
18874.29166667, 0.87
18874.33333333, 0.91
18874.37500000, 0.93
18874.41666667, 0.93
18874.45833333, 0.91
18874.50000000, 0.83
18874.54166667, 0.71
18874.58333333, 0.62
18874.62500000, 0.58
18874.66666667, 0.56
18874.70833333, 0.54
18874.75000000, 0.51
18874.79166667, 0.5
18874.83333333, 0.49
18874.87500000, 0.5
18874.91666667, 0.55
18874.95833333, 0.68
18875.00000000, 0.84
18875.04166667, 0.85
18875.08333333, 0.83
18875.12500000, 0.82
18875.16666667, 0.84
18875.20833333, 0.87
18875.25000000, 0.87
18875.29166667, 0.82
18875.33333333, 0.79
18875.37500000, 0.78
18875.41666667, 0.77
18875.45833333, 0.78
18875.50000000, 0.8
18875.54166667, 0.76
18875.58333333, 0.76
18875.62500000, 0.74
18875.66666667, 0.7
18875.70833333, 0.74
18875.75000000, 0.73
18875.79166667, 0.7
18875.83333333, 0.68
18875.87500000, 0.68
18875.91666667, 0.69
18875.95833333, 0.76
18876.00000000, 0.82
18876.04166667, 0.9
18876.08333333, 0.92
18876.12500000, 0.92
18876.16666667, 0.93
18876.20833333, 0.94
18876.25000000, 0.95
18876.29166667, 0.95
18876.33333333, 0.92
18876.37500000, 0.93
18876.41666667, 0.95
18876.45833333, 0.94
18876.50000000, 0.93
18876.54166667, 0.87
18876.58333333, 0.77
18876.62500000, 0.65
18876.66666667, 0.49
18876.70833333, 0.47
18876.75000000, 0.42
18876.79166667, 0.4
18876.83333333, 0.37
18876.87500000, 0.42
18876.91666667, 0.48
18876.95833333, 0.54
18877.00000000, 0.64
18877.04166667, 0.7
18877.08333333, 0.76
18877.12500000, 0.76
18877.16666667, 0.77
18877.20833333, 0.78
18877.25000000, 0.84
18877.29166667, 0.89
18877.33333333, 0.89
18877.37500000, 0.89
18877.41666667, 0.87
18877.45833333, 0.86
18877.50000000, 0.76
18877.54166667, 0.71
18877.58333333, 0.64
18877.62500000, 0.56
18877.66666667, 0.53
18877.70833333, 0.5
18877.75000000, 0.48
18877.79166667, 0.47
18877.83333333, 0.46
18877.87500000, 0.44
18877.91666667, 0.48
18877.95833333, 0.56
18878.00000000, 0.64
18878.04166667, 0.67
18878.08333333, 0.68
18878.12500000, 0.7
18878.16666667, 0.68
18878.20833333, 0.65
18878.25000000, 0.67
18878.29166667, 0.71
18878.33333333, 0.76
18878.37500000, 0.8
18878.41666667, 0.84
18878.45833333, 0.86
18878.50000000, 0.85
18878.54166667, 0.82
18878.58333333, 0.79
18878.62500000, 0.73
18878.66666667, 0.67
18878.70833333, 0.63
18878.75000000, 0.57
18878.79166667, 0.54
18878.83333333, 0.5
18878.87500000, 0.66
18878.91666667, 0.67
18878.95833333, 0.68
18879.00000000, 0.85
18879.04166667, 0.85
18879.08333333, 0.87
18879.12500000, 0.9
18879.16666667, 0.94
18879.20833333, 0.96
18879.25000000, 0.97
18879.29166667, 0.94
18879.33333333, 0.95
18879.37500000, 0.93
18879.41666667, 0.95
18879.45833333, 0.95
18879.50000000, 0.93
18879.54166667, 0.93
18879.58333333, 0.88
18879.62500000, 0.89
18879.66666667, 0.84
18879.70833333, 0.74
18879.75000000, 0.67
18879.79166667, 0.69
18879.83333333, 0.69
18879.87500000, 0.66
18879.91666667, 0.67
18879.95833333, 0.7
18880.00000000, 0.68
18880.04166667, 0.7
18880.08333333, 0.75
18880.12500000, 0.8
18880.16666667, 0.75
18880.20833333, 0.72
18880.25000000, 0.73
18880.29166667, 0.74
18880.33333333, 0.74
18880.37500000, 0.75
18880.41666667, 0.77
18880.45833333, 0.79
18880.50000000, 0.75
18880.54166667, 0.71
18880.58333333, 0.66
18880.62500000, 0.57
18880.66666667, 0.49
18880.70833333, 0.45
18880.75000000, 0.41
18880.79166667, 0.39
18880.83333333, 0.38
18880.87500000, 0.38
18880.91666667, 0.42
18880.95833333, 0.48
18881.00000000, 0.52
18881.04166667, 0.7
18881.08333333, 0.76
18881.12500000, 0.79
18881.16666667, 0.83
18881.20833333, 0.87
18881.25000000, 0.88
18881.29166667, 0.89
18881.33333333, 0.88
18881.37500000, 0.88
18881.41666667, 0.88
18881.45833333, 0.9
18881.50000000, 0.83
18881.54166667, 0.76
18881.58333333, 0.64
18881.62500000, 0.53
18881.66666667, 0.48
18881.70833333, 0.45
18881.75000000, 0.44
18881.79166667, 0.47
18881.83333333, 0.43
18881.87500000, 0.4
18881.91666667, 0.45
18881.95833333, 0.56
18882.00000000, 0.67
18882.04166667, 0.71
18882.08333333, 0.69
18882.12500000, 0.67
18882.16666667, 0.68
18882.20833333, 0.7
18882.25000000, 0.72
18882.29166667, 0.75
18882.33333333, 0.77
18882.37500000, 0.8
18882.41666667, 0.83
18882.45833333, 0.84
18882.50000000, 0.83
18882.54166667, 0.76
18882.58333333, 0.69
18882.62500000, 0.63
18882.66666667, 0.55
18882.70833333, 0.49
18882.75000000, 0.47
18882.79166667, 0.44
18882.83333333, 0.42
18882.87500000, 0.42
18882.91666667, 0.47
18882.95833333, 0.54
18883.00000000, 0.65
18883.04166667, 0.65
18883.08333333, 0.66
18883.12500000, 0.66
18883.16666667, 0.67
18883.20833333, 0.69
18883.25000000, 0.72
18883.29166667, 0.74
18883.33333333, 0.77
18883.37500000, 0.79
18883.41666667, 0.81
18883.45833333, 0.84
18883.50000000, 0.8
18883.54166667, 0.7
18883.58333333, 0.61
18883.62500000, 0.56
18883.66666667, 0.54
18883.70833333, 0.52
18883.75000000, 0.51
18883.79166667, 0.5
18883.83333333, 0.52
18883.87500000, 0.5
18883.91666667, 0.53
18883.95833333, 0.64
18884.00000000, 0.79
18884.04166667, 0.73
18884.08333333, 0.81
18884.12500000, 0.87
18884.16666667, 0.91
18884.20833333, 0.9
18884.25000000, 0.9
18884.29166667, 0.91
18884.33333333, 0.93
18884.37500000, 0.91
18884.41666667, 0.96
18884.45833333, 0.96
18884.50000000, 0.91
18884.54166667, 0.83
18884.58333333, 0.75
18884.62500000, 0.67
18884.66666667, 0.61
18884.70833333, 0.56
18884.75000000, 0.53
18884.79166667, 0.5
18884.83333333, 0.48
18884.87500000, 0.51
18884.91666667, 0.56
18884.95833333, 0.68
18885.00000000, 0.79
18885.04166667, 0.79
18885.08333333, 0.81
18885.12500000, 0.83
18885.16666667, 0.81
18885.20833333, 0.79
18885.25000000, 0.78
18885.29166667, 0.78
18885.33333333, 0.78
18885.37500000, 0.78
18885.41666667, 0.79
18885.45833333, 0.81
18885.50000000, 0.82
18885.54166667, 0.74
18885.58333333, 0.67
18885.62500000, 0.6
18885.66666667, 0.52
18885.70833333, 0.47
18885.75000000, 0.39
18885.79166667, 0.36
18885.83333333, 0.37
18885.87500000, 0.42
18885.91666667, 0.5
18885.95833333, 0.59
18886.00000000, 0.67
18886.04166667, 0.69
18886.08333333, 0.78
18886.12500000, 0.77
18886.16666667, 0.79
18886.20833333, 0.87
18886.25000000, 0.92
18886.29166667, 0.93
18886.33333333, 0.94
18886.37500000, 0.95
18886.41666667, 0.96
18886.45833333, 0.97
18886.50000000, 0.91
18886.54166667, 0.87
18886.58333333, 0.83
18886.62500000, 0.76
18886.66666667, 0.71
18886.70833333, 0.7
18886.75000000, 0.72
18886.79166667, 0.73
18886.83333333, 0.79
18886.87500000, 0.87
18886.91666667, 0.89
18886.95833333, 0.92
18887.00000000, 0.94
18887.04166667, 0.96
18887.08333333, 0.96
18887.12500000, 0.96
18887.16666667, 0.96
18887.20833333, 0.97
18887.25000000, 0.96
18887.29166667, 0.96
18887.33333333, 0.97
18887.37500000, 0.96
18887.41666667, 0.96
18887.45833333, 0.97
18887.50000000, 0.96
18887.54166667, 0.96
18887.58333333, 0.93
18887.62500000, 0.93
18887.66666667, 0.94
18887.70833333, 0.91
18887.75000000, 0.86
18887.79166667, 0.76
18887.83333333, 0.71
18887.87500000, 0.69
18887.91666667, 0.71
18887.95833333, 0.79
18888.00000000, 0.94
18888.04166667, 0.96
18888.08333333, 0.96
18888.12500000, 0.96
18888.16666667, 0.97
18888.20833333, 0.97
18888.25000000, 0.97
18888.29166667, 0.97
18888.33333333, 0.97
18888.37500000, 0.97
18888.41666667, 0.98
18888.45833333, 0.98
18888.50000000, 0.96
18888.54166667, 0.93
18888.58333333, 0.92
18888.62500000, 0.86
18888.66666667, 0.79
18888.70833333, 0.78
18888.75000000, 0.76
18888.79166667, 0.71
18888.83333333, 0.65
18888.87500000, 0.61
18888.91666667, 0.64
18888.95833333, 0.73
18889.00000000, 0.86
18889.04166667, 0.82
18889.08333333, 0.85
18889.12500000, 0.94
18889.16666667, 0.96
18889.20833333, 0.97
18889.25000000, 0.96
18889.29166667, 0.93
18889.33333333, 0.89
18889.37500000, 0.88
18889.41666667, 0.9
18889.45833333, 0.92
18889.50000000, 0.89
18889.54166667, 0.79
18889.58333333, 0.71
18889.62500000, 0.65
18889.66666667, 0.61
18889.70833333, 0.6
18889.75000000, 0.56
18889.79166667, 0.53
18889.83333333, 0.5
18889.87500000, 0.47
18889.91666667, 0.5
18889.95833333, 0.63
18890.00000000, 0.7
18890.04166667, 0.74
18890.08333333, 0.81
18890.12500000, 0.83
18890.16666667, 0.79
18890.20833333, 0.82
18890.25000000, 0.89
18890.29166667, 0.92
18890.33333333, 0.93
18890.37500000, 0.94
18890.41666667, 0.96
18890.45833333, 0.96
18890.50000000, 0.9
18890.54166667, 0.81
18890.58333333, 0.69
18890.62500000, 0.61
18890.66666667, 0.55
18890.70833333, 0.53
18890.75000000, 0.53
18890.79166667, 0.51
18890.83333333, 0.5
18890.87500000, 0.51
18890.91666667, 0.53
18890.95833333, 0.6
18891.00000000, 0.69
18891.04166667, 0.7
18891.08333333, 0.74
18891.12500000, 0.78
18891.16666667, 0.83
18891.20833333, 0.87
18891.25000000, 0.89
18891.29166667, 0.87
18891.33333333, 0.84
18891.37500000, 0.87
18891.41666667, 0.87
18891.45833333, 0.87
18891.50000000, 0.91
18891.54166667, 0.88
18891.58333333, 0.81
18891.62500000, 0.72
18891.66666667, 0.62
18891.70833333, 0.58
18891.75000000, 0.61
18891.79166667, 0.61
18891.83333333, 0.56
18891.87500000, 0.54
18891.91666667, 0.61
18891.95833333, 0.72
18892.00000000, 0.72
18892.04166667, 0.74
18892.08333333, 0.8
18892.12500000, 0.87
18892.16666667, 0.9
18892.20833333, 0.93
18892.25000000, 0.95
18892.29166667, 0.96
18892.33333333, 0.96
18892.37500000, 0.96
18892.41666667, 0.95
18892.45833333, 0.92
18892.50000000, 0.94
18892.54166667, 0.94
18892.58333333, 0.95
18892.62500000, 0.96
18892.66666667, 0.93
18892.70833333, 0.96
18892.75000000, 0.94
18892.79166667, 0.93
18892.83333333, 0.93
18892.87500000, 0.91
18892.91666667, 0.9
18892.95833333, 0.89
18893.00000000, 0.93
18893.04166667, 0.94
18893.08333333, 0.94
18893.12500000, 0.95
18893.16666667, 0.94
18893.20833333, 0.94
18893.25000000, 0.9
18893.29166667, 0.91
18893.33333333, 0.92
18893.37500000, 0.91
18893.41666667, 0.93
18893.45833333, 0.97
18893.50000000, 0.88
18893.54166667, 0.91
18893.58333333, 0.86
18893.62500000, 0.81
18893.66666667, 0.72
18893.70833333, 0.63
18893.75000000, 0.57
18893.79166667, 0.52
18893.83333333, 0.51
18893.87500000, 0.57
18893.91666667, 0.65
18893.95833333, 0.74
18894.00000000, 0.54
18894.04166667, 0.54
18894.08333333, 0.55
18894.12500000, 0.62
18894.16666667, 0.72
18894.20833333, 0.75
18894.25000000, 0.77
18894.29166667, 0.81
18894.33333333, 0.82
18894.37500000, 0.81
18894.41666667, 0.79
18894.45833333, 0.79
18894.50000000, 0.76
18894.54166667, 0.69
18894.58333333, 0.59
18894.62500000, 0.51
18894.66666667, 0.45
18894.70833333, 0.43
18894.75000000, 0.4
18894.79166667, 0.39
18894.83333333, 0.4
18894.87500000, 0.42
18894.91666667, 0.53
18894.95833333, 0.45
18895.00000000, 0.51
18895.04166667, 0.53
18895.08333333, 0.53
18895.12500000, 0.7
18895.16666667, 0.8
18895.20833333, 0.8
18895.25000000, 0.86
18895.29166667, 0.88
18895.33333333, 0.88
18895.37500000, 0.84
18895.41666667, 0.81
18895.45833333, 0.87
18895.50000000, 0.9
18895.54166667, 0.75
18895.58333333, 0.64
18895.62500000, 0.56
18895.66666667, 0.5
18895.70833333, 0.47
18895.75000000, 0.45
18895.79166667, 0.45
18895.83333333, 0.46
18895.87500000, 0.48
18895.91666667, 0.58
18895.95833333, 0.62
18896.00000000, 0.65
18896.04166667, 0.76
18896.08333333, 0.78
18896.12500000, 0.79
18896.16666667, 0.75
18896.20833333, 0.73
18896.25000000, 0.74
18896.29166667, 0.75
18896.33333333, 0.77
18896.37500000, 0.79
18896.41666667, 0.82
18896.45833333, 0.84
18896.50000000, 0.85
18896.54166667, 0.76
18896.58333333, 0.66
18896.62500000, 0.56
18896.66666667, 0.46
18896.70833333, 0.42
18896.75000000, 0.39
18896.79166667, 0.39
18896.83333333, 0.38
18896.87500000, 0.4
18896.91666667, 0.47
18896.95833333, 0.58
18897.00000000, 0.64
18897.04166667, 0.65
18897.08333333, 0.65
18897.12500000, 0.65
18897.16666667, 0.66
18897.20833333, 0.67
18897.25000000, 0.7
18897.29166667, 0.76
18897.33333333, 0.78
18897.37500000, 0.81
18897.41666667, 0.83
18897.45833333, 0.85
18897.50000000, 0.77
18897.54166667, 0.71
18897.58333333, 0.64
18897.62500000, 0.55
18897.66666667, 0.5
18897.70833333, 0.45
18897.75000000, 0.43
18897.79166667, 0.44
18897.83333333, 0.41
18897.87500000, 0.43
18897.91666667, 0.48
18897.95833333, 0.53
18898.00000000, 0.58
18898.04166667, 0.56
18898.08333333, 0.55
18898.12500000, 0.56
18898.16666667, 0.59
18898.20833333, 0.61
18898.25000000, 0.65
18898.29166667, 0.68
18898.33333333, 0.7
18898.37500000, 0.74
18898.41666667, 0.76
18898.45833333, 0.8
18898.50000000, 0.77
18898.54166667, 0.71
18898.58333333, 0.64
18898.62500000, 0.59
18898.66666667, 0.54
18898.70833333, 0.52
18898.75000000, 0.53
18898.79166667, 0.57
18898.83333333, 0.55
18898.87500000, 0.7
18898.91666667, 0.79
18898.95833333, 0.82
18899.00000000, 0.91
18899.04166667, 0.9
18899.08333333, 0.88
18899.12500000, 0.84
18899.16666667, 0.87
18899.20833333, 0.92
18899.25000000, 0.94
18899.29166667, 0.92
18899.33333333, 0.9
18899.37500000, 0.86
18899.41666667, 0.85
18899.45833333, 0.82
18899.50000000, 0.85
18899.54166667, 0.75
18899.58333333, 0.65
18899.62500000, 0.57
18899.66666667, 0.53
18899.70833333, 0.5
18899.75000000, 0.47
18899.79166667, 0.45
18899.83333333, 0.43
18899.87500000, 0.43
18899.91666667, 0.54
18899.95833333, 0.63
18900.00000000, 0.69
18900.04166667, 0.76
18900.08333333, 0.86
18900.12500000, 0.85
18900.16666667, 0.86
18900.20833333, 0.86
18900.25000000, 0.87
18900.29166667, 0.88
18900.33333333, 0.85
18900.37500000, 0.81
18900.41666667, 0.81
18900.45833333, 0.85
18900.50000000, 0.86
18900.54166667, 0.76
18900.58333333, 0.66
18900.62500000, 0.57
18900.66666667, 0.5
18900.70833333, 0.46
18900.75000000, 0.42
18900.79166667, 0.42
18900.83333333, 0.41
18900.87500000, 0.4
18900.91666667, 0.49
18900.95833333, 0.63
18901.00000000, 0.67
18901.04166667, 0.69
18901.08333333, 0.72
18901.12500000, 0.76
18901.16666667, 0.7
18901.20833333, 0.83
18901.25000000, 0.88
18901.29166667, 0.88
18901.33333333, 0.88
18901.37500000, 0.87
18901.41666667, 0.88
18901.45833333, 0.87
18901.50000000, 0.79
18901.54166667, 0.7
18901.58333333, 0.59
18901.62500000, 0.53
18901.66666667, 0.53
18901.70833333, 0.52
18901.75000000, 0.5
18901.79166667, 0.49
18901.83333333, 0.47
18901.87500000, 0.47
18901.91666667, 0.46
18901.95833333, 0.48
18902.00000000, 0.6
18902.04166667, 0.7
18902.08333333, 0.83
18902.12500000, 0.85
18902.16666667, 0.89
18902.20833333, 0.93
18902.25000000, 0.92
18902.29166667, 0.94
18902.33333333, 0.95
18902.37500000, 0.95
18902.41666667, 0.96
18902.45833333, 0.96
18902.50000000, 0.94
18902.54166667, 0.86
18902.58333333, 0.78
18902.62500000, 0.72
18902.66666667, 0.67
18902.70833333, 0.63
18902.75000000, 0.59
18902.79166667, 0.57
18902.83333333, 0.56
18902.87500000, 0.57
18902.91666667, 0.65
18902.95833333, 0.77
18903.00000000, 0.81
18903.04166667, 0.84
18903.08333333, 0.89
18903.12500000, 0.91
18903.16666667, 0.92
18903.20833333, 0.93
18903.25000000, 0.94
18903.29166667, 0.96
18903.33333333, 0.96
18903.37500000, 0.97
18903.41666667, 0.98
18903.45833333, 0.98
18903.50000000, 0.93
18903.54166667, 0.86
18903.58333333, 0.78
18903.62500000, 0.71
18903.66666667, 0.64
18903.70833333, 0.57
18903.75000000, 0.55
18903.79166667, 0.54
18903.83333333, 0.54
18903.87500000, 0.53
18903.91666667, 0.58
18903.95833333, 0.65
18904.00000000, 0.74
18904.04166667, 0.77
18904.08333333, 0.75
18904.12500000, 0.76
18904.16666667, 0.77
18904.20833333, 0.8
18904.25000000, 0.81
18904.29166667, 0.83
18904.33333333, 0.85
18904.37500000, 0.88
18904.41666667, 0.89
18904.45833333, 0.91
18904.50000000, 0.87
18904.54166667, 0.82
18904.58333333, 0.79
18904.62500000, 0.79
18904.66666667, 0.76
18904.70833333, 0.71
18904.75000000, 0.62
18904.79166667, 0.6
18904.83333333, 0.59
18904.87500000, 0.58
18904.91666667, 0.78
18904.95833333, 0.84
18905.00000000, 0.88
18905.04166667, 0.9
18905.08333333, 0.94
18905.12500000, 0.97
18905.16666667, 0.97
18905.20833333, 0.98
18905.25000000, 0.98
18905.29166667, 0.98
18905.33333333, 0.98
18905.37500000, 0.98
18905.41666667, 0.99
18905.45833333, 1
18905.50000000, 0.98
18905.54166667, 0.95
18905.58333333, 0.91
18905.62500000, 0.83
18905.66666667, 0.79
18905.70833333, 0.82
18905.75000000, 0.79
18905.79166667, 0.76
18905.83333333, 0.8
18905.87500000, 0.84
18905.91666667, 0.87
18905.95833333, 0.93
18906.00000000, 0.97
18906.04166667, 0.95
18906.08333333, 0.96
18906.12500000, 0.96
18906.16666667, 0.96
18906.20833333, 0.96
18906.25000000, 0.97
18906.29166667, 0.96
18906.33333333, 0.96
18906.37500000, 0.96
18906.41666667, 0.96
18906.45833333, 0.96
18906.50000000, 0.97
18906.54166667, 0.96
18906.58333333, 0.94
18906.62500000, 0.91
18906.66666667, 0.86
18906.70833333, 0.84
18906.75000000, 0.84
18906.79166667, 0.79
18906.83333333, 0.75
18906.87500000, 0.76
18906.91666667, 0.8
18906.95833333, 0.83
18907.00000000, 0.9
18907.04166667, 0.92
18907.08333333, 0.93
18907.12500000, 0.91
18907.16666667, 0.89
18907.20833333, 0.91
18907.25000000, 0.94
18907.29166667, 0.94
18907.33333333, 0.95
18907.37500000, 0.95
18907.41666667, 0.96
18907.45833333, 0.97
18907.50000000, 0.93
18907.54166667, 0.86
18907.58333333, 0.8
18907.62500000, 0.74
18907.66666667, 0.66
18907.70833333, 0.62
18907.75000000, 0.59
18907.79166667, 0.59
18907.83333333, 0.59
18907.87500000, 0.61
18907.91666667, 0.69
18907.95833333, 0.8
18908.00000000, 0.83
18908.04166667, 0.88
18908.08333333, 0.89
18908.12500000, 0.91
18908.16666667, 0.93
18908.20833333, 0.92
18908.25000000, 0.93
18908.29166667, 0.94
18908.33333333, 0.92
18908.37500000, 0.95
18908.41666667, 0.99
18908.45833333, 1
18908.50000000, 0.99
18908.54166667, 0.98
18908.58333333, 0.84
18908.62500000, 0.74
18908.66666667, 0.67
18908.70833333, 0.61
18908.75000000, 0.57
18908.79166667, 0.56
18908.83333333, 0.57
18908.87500000, 0.58
18908.91666667, 0.62
18908.95833333, 0.75
18909.00000000, 0.69
18909.04166667, 0.74
18909.08333333, 0.75
18909.12500000, 0.82
18909.16666667, 0.88
18909.20833333, 0.89
18909.25000000, 0.91
18909.29166667, 0.9
18909.33333333, 0.86
18909.37500000, 0.86
18909.41666667, 0.9
18909.45833333, 0.94
18909.50000000, 0.94
18909.54166667, 0.92
18909.58333333, 0.86
18909.62500000, 0.8
18909.66666667, 0.72
18909.70833333, 0.73
18909.75000000, 0.66
18909.79166667, 0.62
18909.83333333, 0.62
18909.87500000, 0.64
18909.91666667, 0.71
18909.95833333, 0.73
18910.00000000, 0.76
18910.04166667, 0.78
18910.08333333, 0.8
18910.12500000, 0.81
18910.16666667, 0.83
18910.20833333, 0.84
18910.25000000, 0.85
18910.29166667, 0.87
18910.33333333, 0.9
18910.37500000, 0.93
18910.41666667, 0.95
18910.45833333, 0.95
18910.50000000, 0.94
18910.54166667, 0.93
18910.58333333, 0.92
18910.62500000, 0.88
18910.66666667, 0.84
18910.70833333, 0.84
18910.75000000, 0.8
18910.79166667, 0.77
18910.83333333, 0.76
18910.87500000, 0.72
18910.91666667, 0.77
18910.95833333, 0.78
18911.00000000, 0.83
18911.04166667, 0.84
18911.08333333, 0.86
18911.12500000, 0.88
18911.16666667, 0.88
18911.20833333, 0.89
18911.25000000, 0.92
18911.29166667, 0.93
18911.33333333, 0.94
18911.37500000, 0.94
18911.41666667, 0.93
18911.45833333, 0.91
18911.50000000, 0.91
18911.54166667, 0.84
18911.58333333, 0.8
18911.62500000, 0.77
18911.66666667, 0.75
18911.70833333, 0.73
18911.75000000, 0.69
18911.79166667, 0.65
18911.83333333, 0.63
18911.87500000, 0.63
18911.91666667, 0.68
18911.95833333, 0.71
18912.00000000, 0.84
18912.04166667, 0.85
18912.08333333, 0.88
18912.12500000, 0.89
18912.16666667, 0.89
18912.20833333, 0.92
18912.25000000, 0.91
18912.29166667, 0.92
18912.33333333, 0.89
18912.37500000, 0.87
18912.41666667, 0.86
18912.45833333, 0.86
18912.50000000, 0.87
18912.54166667, 0.85
18912.58333333, 0.85
18912.62500000, 0.84
18912.66666667, 0.83
18912.70833333, 0.81
18912.75000000, 0.8
18912.79166667, 0.79
18912.83333333, 0.76
18912.87500000, 0.75
18912.91666667, 0.78
18912.95833333, 0.87
18913.00000000, 0.94
18913.04166667, 0.95
18913.08333333, 0.97
18913.12500000, 0.97
18913.16666667, 0.97
18913.20833333, 0.96
18913.25000000, 0.99
18913.29166667, 1
18913.33333333, 0.99
18913.37500000, 0.99
18913.41666667, 0.99
18913.45833333, 0.97
18913.50000000, 0.96
18913.54166667, 0.96
18913.58333333, 0.91
18913.62500000, 0.83
18913.66666667, 0.76
18913.70833333, 0.73
18913.75000000, 0.72
18913.79166667, 0.68
18913.83333333, 0.66
18913.87500000, 0.64
18913.91666667, 0.72
18913.95833333, 0.8
18914.00000000, 0.93
18914.04166667, 0.95
18914.08333333, 0.96
18914.12500000, 0.97
18914.16666667, 0.99
18914.20833333, 0.99
18914.25000000, 0.99
18914.29166667, 0.98
18914.33333333, 0.98
18914.37500000, 0.99
18914.41666667, 1
18914.45833333, 1
18914.50000000, 0.98
18914.54166667, 0.93
18914.58333333, 0.84
18914.62500000, 0.72
18914.66666667, 0.63
18914.70833333, 0.57
18914.75000000, 0.54
18914.79166667, 0.52
18914.83333333, 0.49
18914.87500000, 0.5
18914.91666667, 0.7
18914.95833333, 0.71
18915.00000000, 0.78
18915.04166667, 0.72
18915.08333333, 0.72
18915.12500000, 0.74
18915.16666667, 0.88
18915.20833333, 0.87
18915.25000000, 0.86
18915.29166667, 0.86
18915.33333333, 0.86
18915.37500000, 0.88
18915.41666667, 0.82
18915.45833333, 0.89
18915.50000000, 0.87
18915.54166667, 0.83
18915.58333333, 0.77
18915.62500000, 0.72
18915.66666667, 0.69
18915.70833333, 0.66
18915.75000000, 0.63
18915.79166667, 0.61
18915.83333333, 0.59
18915.87500000, 0.59
18915.91666667, 0.65
18915.95833333, 0.69
18916.00000000, 0.78
18916.04166667, 0.76
18916.08333333, 0.78
18916.12500000, 0.8
18916.16666667, 0.8
18916.20833333, 0.82
18916.25000000, 0.83
18916.29166667, 0.84
18916.33333333, 0.85
18916.37500000, 0.84
18916.41666667, 0.84
18916.45833333, 0.85
18916.50000000, 0.82
18916.54166667, 0.78
18916.58333333, 0.74
18916.62500000, 0.7
18916.66666667, 0.66
18916.70833333, 0.61
18916.75000000, 0.57
18916.79166667, 0.78
18916.83333333, 0.85
18916.87500000, 0.81
18916.91666667, 0.88
18916.95833333, 0.81
18917.00000000, 0.82
18917.04166667, 0.77
18917.08333333, 0.8
18917.12500000, 0.81
18917.16666667, 0.81
18917.20833333, 0.79
18917.25000000, 0.78
18917.29166667, 0.76
18917.33333333, 0.71
18917.37500000, 0.67
18917.41666667, 0.65
18917.45833333, 0.63
18917.50000000, 0.63
18917.54166667, 0.62
18917.58333333, 0.57
18917.62500000, 0.54
18917.66666667, 0.46
18917.70833333, 0.45
18917.75000000, 0.41
18917.79166667, 0.38
18917.83333333, 0.35
18917.87500000, 0.37
18917.91666667, 0.39
18917.95833333, 0.41
18918.00000000, 0.47
18918.04166667, 0.53
18918.08333333, 0.57
18918.12500000, 0.59
18918.16666667, 0.6
18918.20833333, 0.62
18918.25000000, 0.66
18918.29166667, 0.69
18918.33333333, 0.71
18918.37500000, 0.71
18918.41666667, 0.69
18918.45833333, 0.65
18918.50000000, 0.67
18918.54166667, 0.63
18918.58333333, 0.55
18918.62500000, 0.48
18918.66666667, 0.41
18918.70833333, 0.37
18918.75000000, 0.35
18918.79166667, 0.31
18918.83333333, 0.32
18918.87500000, 0.36
18918.91666667, 0.39
18918.95833333, 0.43
18919.00000000, 0.57
18919.04166667, 0.59
18919.08333333, 0.61
18919.12500000, 0.61
18919.16666667, 0.64
18919.20833333, 0.69
18919.25000000, 0.72
18919.29166667, 0.73
18919.33333333, 0.76
18919.37500000, 0.76
18919.41666667, 0.74
18919.45833333, 0.76
18919.50000000, 0.75
18919.54166667, 0.7
18919.58333333, 0.62
18919.62500000, 0.54
18919.66666667, 0.48
18919.70833333, 0.44
18919.75000000, 0.4
18919.79166667, 0.39
18919.83333333, 0.37
18919.87500000, 0.38
18919.91666667, 0.55
18919.95833333, 0.56
18920.00000000, 0.59
18920.04166667, 0.59
18920.08333333, 0.62
18920.12500000, 0.63
18920.16666667, 0.63
18920.20833333, 0.65
18920.25000000, 0.67
18920.29166667, 0.69
18920.33333333, 0.69
18920.37500000, 0.71
18920.41666667, 0.72
18920.45833333, 0.73
18920.50000000, 0.72
18920.54166667, 0.69
18920.58333333, 0.61
18920.62500000, 0.54
18920.66666667, 0.49
18920.70833333, 0.44
18920.75000000, 0.41
18920.79166667, 0.39
18920.83333333, 0.39
18920.87500000, 0.43
18920.91666667, 0.62
18920.95833333, 0.66
18921.00000000, 0.68
18921.04166667, 0.69
18921.08333333, 0.69
18921.12500000, 0.71
18921.16666667, 0.73
18921.20833333, 0.77
18921.25000000, 0.83
18921.29166667, 0.78
18921.33333333, 0.8
18921.37500000, 0.87
18921.41666667, 0.87
18921.45833333, 0.89
18921.50000000, 0.83
18921.54166667, 0.76
18921.58333333, 0.68
18921.62500000, 0.61
18921.66666667, 0.57
18921.70833333, 0.53
18921.75000000, 0.48
18921.79166667, 0.45
18921.83333333, 0.46
18921.87500000, 0.49
18921.91666667, 0.54
18921.95833333, 0.59
18922.00000000, 0.58
18922.04166667, 0.57
18922.08333333, 0.58
18922.12500000, 0.59
18922.16666667, 0.6
18922.20833333, 0.61
18922.25000000, 0.65
18922.29166667, 0.73
18922.33333333, 0.82
18922.37500000, 0.83
18922.41666667, 0.77
18922.45833333, 0.7
18922.50000000, 0.69
18922.54166667, 0.63
18922.58333333, 0.58
18922.62500000, 0.54
18922.66666667, 0.52
18922.70833333, 0.52
18922.75000000, 0.47
18922.79166667, 0.42
18922.83333333, 0.43
18922.87500000, 0.49
18922.91666667, 0.52
18922.95833333, 0.59
18923.00000000, 0.63
18923.04166667, 0.67
18923.08333333, 0.7
18923.12500000, 0.69
18923.16666667, 0.74
18923.20833333, 0.76
18923.25000000, 0.82
18923.29166667, 0.88
18923.33333333, 0.83
18923.37500000, 0.79
18923.41666667, 0.78
18923.45833333, 0.82
18923.50000000, 0.76
18923.54166667, 0.78
18923.58333333, 0.76
18923.62500000, 0.74
18923.66666667, 0.71
18923.70833333, 0.66
18923.75000000, 0.62
18923.79166667, 0.56
18923.83333333, 0.56
18923.87500000, 0.51
18923.91666667, 0.65
18923.95833333, 0.77
18924.00000000, 0.65
18924.04166667, 0.67
18924.08333333, 0.7
18924.12500000, 0.74
18924.16666667, 0.71
18924.20833333, 0.81
18924.25000000, 0.8
18924.29166667, 0.79
18924.33333333, 0.74
18924.37500000, 0.73
18924.41666667, 0.77
18924.45833333, 0.79
18924.50000000, 0.8
18924.54166667, 0.81
18924.58333333, 0.85
18924.62500000, 0.84
18924.66666667, 0.72
18924.70833333, 0.57
18924.75000000, 0.53
18924.79166667, 0.53
18924.83333333, 0.54
18924.87500000, 0.57
18924.91666667, 0.63
18924.95833333, 0.7
18925.00000000, 0.86
18925.04166667, 0.84
18925.08333333, 0.82
18925.12500000, 0.78
18925.16666667, 0.7
18925.20833333, 0.68
18925.25000000, 0.71
18925.29166667, 0.75
18925.33333333, 0.8
18925.37500000, 0.84
18925.41666667, 0.88
18925.45833333, 0.91
18925.50000000, 0.89
18925.54166667, 0.86
18925.58333333, 0.79
18925.62500000, 0.74
18925.66666667, 0.66
18925.70833333, 0.6
18925.75000000, 0.56
18925.79166667, 0.48
18925.83333333, 0.58
18925.87500000, 0.7
18925.91666667, 0.76
18925.95833333, 0.86
18926.00000000, 0.94
18926.04166667, 0.97
18926.08333333, 0.96
18926.12500000, 0.96
18926.16666667, 0.95
18926.20833333, 0.97
18926.25000000, 0.97
18926.29166667, 0.94
18926.33333333, 0.94
18926.37500000, 0.95
18926.41666667, 0.95
18926.45833333, 0.93
18926.50000000, 0.91
18926.54166667, 0.87
18926.58333333, 0.8
18926.62500000, 0.72
18926.66666667, 0.65
18926.70833333, 0.57
18926.75000000, 0.54
18926.79166667, 0.54
18926.83333333, 0.54
18926.87500000, 0.57
18926.91666667, 0.58
18926.95833333, 0.6
18927.00000000, 0.63
18927.04166667, 0.64
18927.08333333, 0.65
18927.12500000, 0.69
18927.16666667, 0.7
18927.20833333, 0.69
18927.25000000, 0.71
18927.29166667, 0.71
18927.33333333, 0.72
18927.37500000, 0.73
18927.41666667, 0.72
18927.45833333, 0.72
18927.50000000, 0.8
18927.54166667, 0.76
18927.58333333, 0.71
18927.62500000, 0.66
18927.66666667, 0.63
18927.70833333, 0.6
18927.75000000, 0.57
18927.79166667, 0.56
18927.83333333, 0.53
18927.87500000, 0.56
18927.91666667, 0.61
18927.95833333, 0.67
18928.00000000, 0.78
18928.04166667, 0.8
18928.08333333, 0.83
18928.12500000, 0.84
18928.16666667, 0.85
18928.20833333, 0.88
18928.25000000, 0.9
18928.29166667, 0.92
18928.33333333, 0.92
18928.37500000, 0.93
18928.41666667, 0.94
18928.45833333, 0.95
18928.50000000, 0.95
18928.54166667, 0.87
18928.58333333, 0.83
18928.62500000, 0.72
18928.66666667, 0.66
18928.70833333, 0.62
18928.75000000, 0.58
18928.79166667, 0.58
18928.83333333, 0.58
18928.87500000, 0.61
18928.91666667, 0.67
18928.95833333, 0.74
18929.00000000, 0.84
18929.04166667, 0.8
18929.08333333, 0.84
18929.12500000, 0.84
18929.16666667, 0.85
18929.20833333, 0.86
18929.25000000, 0.85
18929.29166667, 0.86
18929.33333333, 0.88
18929.37500000, 0.92
18929.41666667, 0.92
18929.45833333, 0.92
18929.50000000, 0.94
18929.54166667, 0.95
18929.58333333, 0.94
18929.62500000, 0.93
18929.66666667, 0.93
18929.70833333, 0.93
18929.75000000, 0.94
18929.79166667, 0.95
18929.83333333, 0.97
18929.87500000, 0.97
18929.91666667, 0.98
18929.95833333, 0.99
18930.00000000, 0.96
18930.04166667, 0.97
18930.08333333, 0.96
18930.12500000, 0.94
18930.16666667, 0.95
18930.20833333, 0.94
18930.25000000, 0.96
18930.29166667, 0.96
18930.33333333, 0.96
18930.37500000, 0.95
18930.41666667, 0.93
18930.45833333, 0.94
18930.50000000, 0.95
18930.54166667, 0.94
18930.58333333, 0.88
18930.62500000, 0.78
18930.66666667, 0.68
18930.70833333, 0.6
18930.75000000, 0.56
18930.79166667, 0.58
18930.83333333, 0.58
18930.87500000, 0.61
18930.91666667, 0.7
18930.95833333, 0.71
18931.00000000, 0.82
18931.04166667, 0.83
18931.08333333, 0.85
18931.12500000, 0.9
18931.16666667, 0.92
18931.20833333, 0.92
18931.25000000, 0.93
18931.29166667, 0.94
18931.33333333, 0.96
18931.37500000, 0.96
18931.41666667, 0.96
18931.45833333, 0.95
18931.50000000, 0.93
18931.54166667, 0.92
18931.58333333, 0.87
18931.62500000, 0.8
18931.66666667, 0.71
18931.70833333, 0.66
18931.75000000, 0.68
18931.79166667, 0.57
18931.83333333, 0.53
18931.87500000, 0.55
18931.91666667, 0.58
18931.95833333, 0.62
18932.00000000, 0.66
18932.04166667, 0.7
18932.08333333, 0.72
18932.12500000, 0.7
18932.16666667, 0.68
18932.20833333, 0.69
18932.25000000, 0.74
18932.29166667, 0.77
18932.33333333, 0.77
18932.37500000, 0.77
18932.41666667, 0.77
18932.45833333, 0.8
18932.50000000, 0.76
18932.54166667, 0.73
18932.58333333, 0.56
18932.62500000, 0.5
18932.66666667, 0.43
18932.70833333, 0.43
18932.75000000, 0.44
18932.79166667, 0.43
18932.83333333, 0.43
18932.87500000, 0.46
18932.91666667, 0.59
18932.95833333, 0.66
18933.00000000, 0.57
18933.04166667, 0.54
18933.08333333, 0.75
18933.12500000, 0.74
18933.16666667, 0.76
18933.20833333, 0.77
18933.25000000, 0.8
18933.29166667, 0.8
18933.33333333, 0.81
18933.37500000, 0.83
18933.41666667, 0.8
18933.45833333, 0.68
18933.50000000, 0.7
18933.54166667, 0.71
18933.58333333, 0.67
18933.62500000, 0.74
18933.66666667, 0.77
18933.70833333, 0.8
18933.75000000, 0.81
18933.79166667, 0.8
18933.83333333, 0.88
18933.87500000, 0.88
18933.91666667, 0.86
18933.95833333, 0.87
18934.00000000, 0.87
18934.04166667, 0.93
18934.08333333, 0.95
18934.12500000, 0.93
18934.16666667, 0.91
18934.20833333, 0.9
18934.25000000, 0.89
18934.29166667, 0.87
18934.33333333, 0.88
18934.37500000, 0.89
18934.41666667, 0.89
18934.45833333, 0.9
18934.50000000, 0.89
18934.54166667, 0.86
18934.58333333, 0.8
18934.62500000, 0.63
18934.66666667, 0.46
18934.70833333, 0.47
18934.75000000, 0.41
18934.79166667, 0.4
18934.83333333, 0.38
18934.87500000, 0.4
18934.91666667, 0.49
18934.95833333, 0.56
18935.00000000, 0.63
18935.04166667, 0.59
18935.08333333, 0.6
18935.12500000, 0.7
18935.16666667, 0.74
18935.20833333, 0.74
18935.25000000, 0.72
18935.29166667, 0.72
18935.33333333, 0.75
18935.37500000, 0.75
18935.41666667, 0.73
18935.45833333, 0.72
18935.50000000, 0.76
18935.54166667, 0.71
18935.58333333, 0.69
18935.62500000, 0.64
18935.66666667, 0.48
18935.70833333, 0.44
18935.75000000, 0.43
18935.79166667, 0.42
18935.83333333, 0.43
18935.87500000, 0.45
18935.91666667, 0.61
18935.95833333, 0.65
18936.00000000, 0.72
18936.04166667, 0.72
18936.08333333, 0.83
18936.12500000, 0.85
18936.16666667, 0.83
18936.20833333, 0.8
18936.25000000, 0.78
18936.29166667, 0.79
18936.33333333, 0.81
18936.37500000, 0.8
18936.41666667, 0.79
18936.45833333, 0.76
18936.50000000, 0.77
18936.54166667, 0.7
18936.58333333, 0.64
18936.62500000, 0.54
18936.66666667, 0.44
18936.70833333, 0.38
18936.75000000, 0.36
18936.79166667, 0.35
18936.83333333, 0.38
18936.87500000, 0.45
18936.91666667, 0.58
18936.95833333, 0.66
18937.00000000, 0.71
18937.04166667, 0.73
18937.08333333, 0.81
18937.12500000, 0.81
18937.16666667, 0.75
18937.20833333, 0.74
18937.25000000, 0.74
18937.29166667, 0.75
18937.33333333, 0.78
18937.37500000, 0.79
18937.41666667, 0.8
18937.45833333, 0.77
18937.50000000, 0.74
18937.54166667, 0.64
18937.58333333, 0.62
18937.62500000, 0.53
18937.66666667, 0.45
18937.70833333, 0.47
18937.75000000, 0.48
18937.79166667, 0.48
18937.83333333, 0.5
18937.87500000, 0.56
18937.91666667, 0.69
18937.95833333, 0.71
18938.00000000, 0.65
18938.04166667, 0.73
18938.08333333, 0.8
18938.12500000, 0.84
18938.16666667, 0.86
18938.20833333, 0.88
18938.25000000, 0.88
18938.29166667, 0.84
18938.33333333, 0.82
18938.37500000, 0.83
18938.41666667, 0.8
18938.45833333, 0.8
18938.50000000, 0.76
18938.54166667, 0.7
18938.58333333, 0.66
18938.62500000, 0.54
18938.66666667, 0.48
18938.70833333, 0.46
18938.75000000, 0.45
18938.79166667, 0.44
18938.83333333, 0.45
18938.87500000, 0.51
18938.91666667, 0.62
18938.95833333, 0.61
18939.00000000, 0.64
18939.04166667, 0.64
18939.08333333, 0.61
18939.12500000, 0.58
18939.16666667, 0.56
18939.20833333, 0.58
18939.25000000, 0.6
18939.29166667, 0.62
18939.33333333, 0.63
18939.37500000, 0.66
18939.41666667, 0.68
18939.45833333, 0.72
18939.50000000, 0.72
18939.54166667, 0.68
18939.58333333, 0.65
18939.62500000, 0.6
18939.66666667, 0.56
18939.70833333, 0.53
18939.75000000, 0.52
18939.79166667, 0.51
18939.83333333, 0.51
18939.87500000, 0.6
18939.91666667, 0.74
18939.95833333, 0.8
18940.00000000, 0.82
18940.04166667, 0.86
18940.08333333, 0.88
18940.12500000, 0.88
18940.16666667, 0.89
18940.20833333, 0.9
18940.25000000, 0.91
18940.29166667, 0.9
18940.33333333, 0.87
18940.37500000, 0.84
18940.41666667, 0.83
18940.45833333, 0.85
18940.50000000, 0.83
18940.54166667, 0.73
18940.58333333, 0.66
18940.62500000, 0.58
18940.66666667, 0.52
18940.70833333, 0.46
18940.75000000, 0.42
18940.79166667, 0.41
18940.83333333, 0.44
18940.87500000, 0.61
18940.91666667, 0.67
18940.95833333, 0.7
18941.00000000, 0.7
18941.04166667, 0.69
18941.08333333, 0.72
18941.12500000, 0.79
18941.16666667, 0.84
18941.20833333, 0.86
18941.25000000, 0.86
18941.29166667, 0.84
18941.33333333, 0.75
18941.37500000, 0.58
18941.41666667, 0.59
18941.45833333, 0.6
18941.50000000, 0.6
18941.54166667, 0.61
18941.58333333, 0.59
18941.62500000, 0.55
18941.66666667, 0.53
18941.70833333, 0.52
18941.75000000, 0.51
18941.79166667, 0.52
18941.83333333, 0.52
18941.87500000, 0.73
18941.91666667, 0.7
18941.95833333, 0.82
18942.00000000, 0.81
18942.04166667, 0.89
18942.08333333, 0.89
18942.12500000, 0.88
18942.16666667, 0.89
18942.20833333, 0.89
18942.25000000, 0.88
18942.29166667, 0.86
18942.33333333, 0.87
18942.37500000, 0.87
18942.41666667, 0.89
18942.45833333, 0.9
18942.50000000, 0.9
18942.54166667, 0.88
18942.58333333, 0.84
18942.62500000, 0.79
18942.66666667, 0.71
18942.70833333, 0.66
18942.75000000, 0.65
18942.79166667, 0.64
18942.83333333, 0.68
18942.87500000, 0.73
18942.91666667, 0.82
18942.95833333, 0.86
18943.00000000, 0.94
18943.04166667, 0.9
18943.08333333, 0.89
18943.12500000, 0.82
18943.16666667, 0.83
18943.20833333, 0.85
18943.25000000, 0.87
18943.29166667, 0.88
18943.33333333, 0.88
18943.37500000, 0.9
18943.41666667, 0.92
18943.45833333, 0.94
18943.50000000, 0.96
18943.54166667, 0.97
18943.58333333, 0.86
18943.62500000, 0.8
18943.66666667, 0.69
18943.70833333, 0.51
18943.75000000, 0.41
18943.79166667, 0.38
18943.83333333, 0.39
18943.87500000, 0.58
18943.91666667, 0.49
18943.95833333, 0.66
18944.00000000, 0.65
18944.04166667, 0.72
18944.08333333, 0.76
18944.12500000, 0.87
18944.16666667, 0.89
18944.20833333, 0.88
18944.25000000, 0.83
18944.29166667, 0.8
18944.33333333, 0.78
18944.37500000, 0.76
18944.41666667, 0.72
18944.45833333, 0.74
18944.50000000, 0.7
18944.54166667, 0.7
18944.58333333, 0.69
18944.62500000, 0.67
18944.66666667, 0.63
18944.70833333, 0.74
18944.75000000, 0.74
18944.79166667, 0.58
18944.83333333, 0.41
18944.87500000, 0.41
18944.91666667, 0.43
18944.95833333, 0.47
18945.00000000, 0.52
18945.04166667, 0.53
18945.08333333, 0.55
18945.12500000, 0.58
18945.16666667, 0.6
18945.20833333, 0.61
18945.25000000, 0.63
18945.29166667, 0.64
18945.33333333, 0.65
18945.37500000, 0.67
18945.41666667, 0.7
18945.45833333, 0.76
18945.50000000, 0.74
18945.54166667, 0.71
18945.58333333, 0.66
18945.62500000, 0.54
18945.66666667, 0.51
18945.70833333, 0.49
18945.75000000, 0.46
18945.79166667, 0.46
18945.83333333, 0.45
18945.87500000, 0.45
18945.91666667, 0.47
18945.95833333, 0.48
18946.00000000, 0.58
18946.04166667, 0.53
18946.08333333, 0.52
18946.12500000, 0.52
18946.16666667, 0.58
18946.20833333, 0.63
18946.25000000, 0.69
18946.29166667, 0.7
18946.33333333, 0.64
18946.37500000, 0.65
18946.41666667, 0.6
18946.45833333, 0.58
18946.50000000, 0.64
18946.54166667, 0.6
18946.58333333, 0.53
18946.62500000, 0.51
18946.66666667, 0.51
18946.70833333, 0.46
18946.75000000, 0.44
18946.79166667, 0.42
18946.83333333, 0.45
18946.87500000, 0.44
18946.91666667, 0.44
18946.95833333, 0.46
18947.00000000, 0.52
18947.04166667, 0.56
18947.08333333, 0.57
18947.12500000, 0.59
18947.16666667, 0.6
18947.20833333, 0.61
18947.25000000, 0.67
18947.29166667, 0.71
18947.33333333, 0.72
18947.37500000, 0.76
18947.41666667, 0.79
18947.45833333, 0.82
18947.50000000, 0.81
18947.54166667, 0.71
18947.58333333, 0.66
18947.62500000, 0.58
18947.66666667, 0.5
18947.70833333, 0.5
18947.75000000, 0.49
18947.79166667, 0.48
18947.83333333, 0.49
18947.87500000, 0.69
18947.91666667, 0.69
18947.95833333, 0.68
18948.00000000, 0.76
18948.04166667, 0.68
18948.08333333, 0.78
18948.12500000, 0.82
18948.16666667, 0.85
18948.20833333, 0.83
18948.25000000, 0.85
18948.29166667, 0.89
18948.33333333, 0.93
18948.37500000, 0.94
18948.41666667, 0.94
18948.45833333, 0.93
18948.50000000, 0.9
18948.54166667, 0.93
18948.58333333, 0.84
18948.62500000, 0.75
18948.66666667, 0.69
18948.70833333, 0.65
18948.75000000, 0.6
18948.79166667, 0.55
18948.83333333, 0.55
18948.87500000, 0.62
18948.91666667, 0.7
18948.95833333, 0.76
18949.00000000, 0.87
18949.04166667, 0.84
18949.08333333, 0.82
18949.12500000, 0.78
18949.16666667, 0.76
18949.20833333, 0.74
18949.25000000, 0.74
18949.29166667, 0.76
18949.33333333, 0.77
18949.37500000, 0.8
18949.41666667, 0.83
18949.45833333, 0.87
18949.50000000, 0.87
18949.54166667, 0.83
18949.58333333, 0.77
18949.62500000, 0.68
18949.66666667, 0.61
18949.70833333, 0.55
18949.75000000, 0.51
18949.79166667, 0.48
18949.83333333, 0.5
18949.87500000, 0.53
18949.91666667, 0.54
18949.95833333, 0.54
18950.00000000, 0.87
18950.04166667, 0.81
18950.08333333, 0.77
18950.12500000, 0.62
18950.16666667, 0.51
18950.20833333, 0.48
18950.25000000, 0.5
18950.29166667, 0.56
18950.33333333, 0.54
18950.37500000, 0.54
18950.41666667, 0.57
18950.45833333, 0.56
18950.50000000, 0.5
18950.54166667, 0.52
18950.58333333, 0.39
18950.62500000, 0.4
18950.66666667, 0.4
18950.70833333, 0.39
18950.75000000, 0.41
18950.79166667, 0.37
18950.83333333, 0.38
18950.87500000, 0.39
18950.91666667, 0.42
18950.95833333, 0.44
18951.00000000, 0.53
18951.04166667, 0.56
18951.08333333, 0.59
18951.12500000, 0.65
18951.16666667, 0.68
18951.20833333, 0.7
18951.25000000, 0.71
18951.29166667, 0.76
18951.33333333, 0.81
18951.37500000, 0.84
18951.41666667, 0.85
18951.45833333, 0.87
18951.50000000, 0.88
18951.54166667, 0.83
18951.58333333, 0.69
18951.62500000, 0.62
18951.66666667, 0.59
18951.70833333, 0.53
18951.75000000, 0.52
18951.79166667, 0.5
18951.83333333, 0.5
18951.87500000, 0.53
18951.91666667, 0.58
18951.95833333, 0.61
18952.00000000, 0.7
18952.04166667, 0.78
18952.08333333, 0.84
18952.12500000, 0.85
18952.16666667, 0.87
18952.20833333, 0.9
18952.25000000, 0.92
18952.29166667, 0.88
18952.33333333, 0.92
18952.37500000, 0.93
18952.41666667, 0.93
18952.45833333, 0.92
18952.50000000, 0.91
18952.54166667, 0.84
18952.58333333, 0.74
18952.62500000, 0.63
18952.66666667, 0.56
18952.70833333, 0.52
18952.75000000, 0.52
18952.79166667, 0.54
18952.83333333, 0.55
18952.87500000, 0.59
18952.91666667, 0.61
18952.95833333, 0.61
18953.00000000, 0.72
18953.04166667, 0.69
18953.08333333, 0.67
18953.12500000, 0.67
18953.16666667, 0.7
18953.20833333, 0.74
18953.25000000, 0.82
18953.29166667, 0.89
18953.33333333, 0.91
18953.37500000, 0.92
18953.41666667, 0.93
18953.45833333, 0.9
18953.50000000, 0.92
18953.54166667, 0.87
18953.58333333, 0.81
18953.62500000, 0.77
18953.66666667, 0.73
18953.70833333, 0.64
18953.75000000, 0.45
18953.79166667, 0.43
18953.83333333, 0.36
18953.87500000, 0.4
18953.91666667, 0.43
18953.95833333, 0.43
18954.00000000, 0.43
18954.04166667, 0.43
18954.08333333, 0.46
18954.12500000, 0.48
18954.16666667, 0.5
18954.20833333, 0.51
18954.25000000, 0.53
18954.29166667, 0.54
18954.33333333, 0.55
18954.37500000, 0.56
18954.41666667, 0.59
18954.45833333, 0.61
18954.50000000, 0.58
18954.54166667, 0.6
18954.58333333, 0.56
18954.62500000, 0.51
18954.66666667, 0.45
18954.70833333, 0.38
18954.75000000, 0.37
18954.79166667, 0.34
18954.83333333, 0.34
18954.87500000, 0.34
18954.91666667, 0.36
18954.95833333, 0.39
18955.00000000, 0.45
18955.04166667, 0.46
18955.08333333, 0.48
18955.12500000, 0.51
18955.16666667, 0.53
18955.20833333, 0.55
18955.25000000, 0.57
18955.29166667, 0.59
18955.33333333, 0.63
18955.37500000, 0.66
18955.41666667, 0.7
18955.45833333, 0.76
18955.50000000, 0.72
18955.54166667, 0.69
18955.58333333, 0.62
18955.62500000, 0.53
18955.66666667, 0.45
18955.70833333, 0.41
18955.75000000, 0.4
18955.79166667, 0.4
18955.83333333, 0.4
18955.87500000, 0.49
18955.91666667, 0.58
18955.95833333, 0.57
18956.00000000, 0.59
18956.04166667, 0.65
18956.08333333, 0.65
18956.12500000, 0.66
18956.16666667, 0.71
18956.20833333, 0.73
18956.25000000, 0.73
18956.29166667, 0.75
18956.33333333, 0.76
18956.37500000, 0.8
18956.41666667, 0.78
18956.45833333, 0.83
18956.50000000, 0.79
18956.54166667, 0.72
18956.58333333, 0.68
18956.62500000, 0.62
18956.66666667, 0.58
18956.70833333, 0.54
18956.75000000, 0.51
18956.79166667, 0.46
18956.83333333, 0.45
18956.87500000, 0.62
18956.91666667, 0.63
18956.95833333, 0.68
18957.00000000, 0.64
18957.04166667, 0.57
18957.08333333, 0.59
18957.12500000, 0.65
18957.16666667, 0.67
18957.20833333, 0.71
18957.25000000, 0.85
18957.29166667, 0.88
18957.33333333, 0.9
18957.37500000, 0.92
18957.41666667, 0.91
18957.45833333, 0.86
18957.50000000, 0.73
18957.54166667, 0.73
18957.58333333, 0.61
18957.62500000, 0.49
18957.66666667, 0.41
18957.70833333, 0.36
18957.75000000, 0.36
18957.79166667, 0.37
18957.83333333, 0.39
18957.87500000, 0.38
18957.91666667, 0.42
18957.95833333, 0.44
18958.00000000, 0.48
18958.04166667, 0.49
18958.08333333, 0.49
18958.12500000, 0.51
18958.16666667, 0.53
18958.20833333, 0.54
18958.25000000, 0.54
18958.29166667, 0.54
18958.33333333, 0.54
18958.37500000, 0.54
18958.41666667, 0.55
18958.45833333, 0.56
18958.50000000, 0.55
18958.54166667, 0.55
18958.58333333, 0.52
18958.62500000, 0.49
18958.66666667, 0.44
18958.70833333, 0.42
18958.75000000, 0.41
18958.79166667, 0.4
18958.83333333, 0.39
18958.87500000, 0.43
18958.91666667, 0.6
18958.95833333, 0.63
18959.00000000, 0.61
18959.04166667, 0.67
18959.08333333, 0.59
18959.12500000, 0.53
18959.16666667, 0.52
18959.20833333, 0.55
18959.25000000, 0.58
18959.29166667, 0.58
18959.33333333, 0.66
18959.37500000, 0.6
18959.41666667, 0.59
18959.45833333, 0.73
18959.50000000, 0.79
18959.54166667, 0.73
18959.58333333, 0.66
18959.62500000, 0.57
18959.66666667, 0.52
18959.70833333, 0.49
18959.75000000, 0.46
18959.79166667, 0.43
18959.83333333, 0.43
18959.87500000, 0.44
18959.91666667, 0.67
18959.95833333, 0.7
18960.00000000, 0.64
18960.04166667, 0.68
18960.08333333, 0.71
18960.12500000, 0.73
18960.16666667, 0.58
18960.20833333, 0.49
18960.25000000, 0.52
18960.29166667, 0.53
18960.33333333, 0.57
18960.37500000, 0.61
18960.41666667, 0.63
18960.45833333, 0.64
18960.50000000, 0.62
18960.54166667, 0.61
18960.58333333, 0.6
18960.62500000, 0.53
18960.66666667, 0.47
18960.70833333, 0.42
18960.75000000, 0.4
18960.79166667, 0.42
18960.83333333, 0.43
18960.87500000, 0.44
18960.91666667, 0.47
18960.95833333, 0.57
18961.00000000, 0.55
18961.04166667, 0.63
18961.08333333, 0.73
18961.12500000, 0.78
18961.16666667, 0.82
18961.20833333, 0.81
18961.25000000, 0.83
18961.29166667, 0.74
18961.33333333, 0.73
18961.37500000, 0.82
18961.41666667, 0.79
18961.45833333, 0.84
18961.50000000, 0.82
18961.54166667, 0.71
18961.58333333, 0.67
18961.62500000, 0.62
18961.66666667, 0.53
18961.70833333, 0.45
18961.75000000, 0.43
18961.79166667, 0.41
18961.83333333, 0.42
18961.87500000, 0.49
18961.91666667, 0.59
18961.95833333, 0.62
18962.00000000, 0.77
18962.04166667, 0.82
18962.08333333, 0.82
18962.12500000, 0.78
18962.16666667, 0.82
18962.20833333, 0.82
18962.25000000, 0.81
18962.29166667, 0.81
18962.33333333, 0.82
18962.37500000, 0.84
18962.41666667, 0.84
18962.45833333, 0.84
18962.50000000, 0.8
18962.54166667, 0.76
18962.58333333, 0.63
18962.62500000, 0.55
18962.66666667, 0.51
18962.70833333, 0.46
18962.75000000, 0.46
18962.79166667, 0.49
18962.83333333, 0.6
18962.87500000, 0.53
18962.91666667, 0.67
18962.95833333, 0.79
18963.00000000, 0.62
18963.04166667, 0.63
18963.08333333, 0.68
18963.12500000, 0.73
18963.16666667, 0.74
18963.20833333, 0.74
18963.25000000, 0.73
18963.29166667, 0.75
18963.33333333, 0.77
18963.37500000, 0.79
18963.41666667, 0.77
18963.45833333, 0.82
18963.50000000, 0.75
18963.54166667, 0.75
18963.58333333, 0.72
18963.62500000, 0.67
18963.66666667, 0.63
18963.70833333, 0.58
18963.75000000, 0.54
18963.79166667, 0.54
18963.83333333, 0.5
18963.87500000, 0.52
18963.91666667, 0.56
18963.95833333, 0.58
18964.00000000, 0.53
18964.04166667, 0.52
18964.08333333, 0.57
18964.12500000, 0.64
18964.16666667, 0.67
18964.20833333, 0.67
18964.25000000, 0.56
18964.29166667, 0.58
18964.33333333, 0.58
18964.37500000, 0.57
18964.41666667, 0.59
18964.45833333, 0.62
18964.50000000, 0.63
18964.54166667, 0.61
18964.58333333, 0.56
18964.62500000, 0.48
18964.66666667, 0.45
18964.70833333, 0.42
18964.75000000, 0.43
18964.79166667, 0.44
18964.83333333, 0.42
18964.87500000, 0.46
18964.91666667, 0.52
18964.95833333, 0.57
18965.00000000, 0.5
18965.04166667, 0.62
18965.08333333, 0.71
18965.12500000, 0.7
18965.16666667, 0.77
18965.20833333, 0.65
18965.25000000, 0.77
18965.29166667, 0.71
18965.33333333, 0.68
18965.37500000, 0.71
18965.41666667, 0.74
18965.45833333, 0.8
18965.50000000, 0.8
18965.54166667, 0.79
18965.58333333, 0.7
18965.62500000, 0.56
18965.66666667, 0.5
18965.70833333, 0.46
18965.75000000, 0.45
18965.79166667, 0.45
18965.83333333, 0.45
18965.87500000, 0.59
18965.91666667, 0.59
18965.95833333, 0.67
18966.00000000, 0.59
18966.04166667, 0.71
18966.08333333, 0.67
18966.12500000, 0.61
18966.16666667, 0.6
18966.20833333, 0.54
18966.25000000, 0.62
18966.29166667, 0.66
18966.33333333, 0.64
18966.37500000, 0.69
18966.41666667, 0.74
18966.45833333, 0.71
18966.50000000, 0.71
18966.54166667, 0.67
18966.58333333, 0.6
18966.62500000, 0.51
18966.66666667, 0.45
18966.70833333, 0.38
18966.75000000, 0.33
18966.79166667, 0.31
18966.83333333, 0.32
18966.87500000, 0.39
18966.91666667, 0.49
18966.95833333, 0.59
18967.00000000, 0.72
18967.04166667, 0.58
18967.08333333, 0.58
18967.12500000, 0.62
18967.16666667, 0.66
18967.20833333, 0.68
18967.25000000, 0.67
18967.29166667, 0.72
18967.33333333, 0.86
18967.37500000, 0.85
18967.41666667, 0.89
18967.45833333, 0.9
18967.50000000, 0.89
18967.54166667, 0.87
18967.58333333, 0.83
18967.62500000, 0.85
18967.66666667, 0.83
18967.70833333, 0.72
18967.75000000, 0.64
18967.79166667, 0.6
18967.83333333, 0.6
18967.87500000, 0.61
18967.91666667, 0.6
18967.95833333, 0.66
18968.00000000, 0.62
18968.04166667, 0.47
18968.08333333, 0.4
18968.12500000, 0.43
18968.16666667, 0.43
18968.20833333, 0.47
18968.25000000, 0.49
18968.29166667, 0.51
18968.33333333, 0.52
18968.37500000, 0.53
18968.41666667, 0.54
18968.45833333, 0.54
18968.50000000, 0.54
18968.54166667, 0.52
18968.58333333, 0.46
18968.62500000, 0.42
18968.66666667, 0.4
18968.70833333, 0.38
18968.75000000, 0.37
18968.79166667, 0.35
18968.83333333, 0.34
18968.87500000, 0.38
18968.91666667, 0.37
18968.95833333, 0.49
18969.00000000, 0.56
18969.04166667, 0.61
18969.08333333, 0.64
18969.12500000, 0.64
18969.16666667, 0.65
18969.20833333, 0.59
18969.25000000, 0.59
18969.29166667, 0.64
18969.33333333, 0.66
18969.37500000, 0.67
18969.41666667, 0.66
18969.45833333, 0.65
18969.50000000, 0.62
18969.54166667, 0.62
18969.58333333, 0.64
18969.62500000, 0.6
18969.66666667, 0.6
18969.70833333, 0.62
18969.75000000, 0.63
18969.79166667, 0.6
18969.83333333, 0.59
18969.87500000, 0.6
18969.91666667, 0.74
18969.95833333, 0.64
18970.00000000, 0.69
18970.04166667, 0.77
18970.08333333, 0.77
18970.12500000, 0.72
18970.16666667, 0.66
18970.20833333, 0.66
18970.25000000, 0.66
18970.29166667, 0.68
18970.33333333, 0.72
18970.37500000, 0.75
18970.41666667, 0.79
18970.45833333, 0.73
18970.50000000, 0.84
18970.54166667, 0.79
18970.58333333, 0.69
18970.62500000, 0.54
18970.66666667, 0.48
18970.70833333, 0.46
18970.75000000, 0.45
18970.79166667, 0.43
18970.83333333, 0.42
18970.87500000, 0.43
18970.91666667, 0.45
18970.95833333, 0.54
18971.00000000, 0.58
18971.04166667, 0.61
18971.08333333, 0.65
18971.12500000, 0.71
18971.16666667, 0.7
18971.20833333, 0.73
18971.25000000, 0.77
18971.29166667, 0.77
18971.33333333, 0.72
18971.37500000, 0.7
18971.41666667, 0.72
18971.45833333, 0.73
18971.50000000, 0.67
18971.54166667, 0.66
18971.58333333, 0.62
18971.62500000, 0.58
18971.66666667, 0.55
18971.70833333, 0.52
18971.75000000, 0.52
18971.79166667, 0.51
18971.83333333, 0.52
18971.87500000, 0.58
18971.91666667, 0.65
18971.95833333, 0.68
18972.00000000, 0.77
18972.04166667, 0.87
18972.08333333, 0.88
18972.12500000, 0.89
18972.16666667, 0.91
18972.20833333, 0.93
18972.25000000, 0.95
18972.29166667, 0.94
18972.33333333, 0.93
18972.37500000, 0.94
18972.41666667, 0.95
18972.45833333, 0.95
18972.50000000, 0.95
18972.54166667, 0.93
18972.58333333, 0.89
18972.62500000, 0.86
18972.66666667, 0.84
18972.70833333, 0.81
18972.75000000, 0.78
18972.79166667, 0.74
18972.83333333, 0.72
18972.87500000, 0.72
18972.91666667, 0.73
18972.95833333, 0.7
18973.00000000, 0.83
18973.04166667, 0.92
18973.08333333, 0.95
18973.12500000, 0.7
18973.16666667, 0.52
18973.20833333, 0.47
18973.25000000, 0.46
18973.29166667, 0.46
18973.33333333, 0.48
18973.37500000, 0.48
18973.41666667, 0.47
18973.45833333, 0.49
18973.50000000, 0.46
18973.54166667, 0.5
18973.58333333, 0.5
18973.62500000, 0.46
18973.66666667, 0.43
18973.70833333, 0.39
18973.75000000, 0.37
18973.79166667, 0.35
18973.83333333, 0.34
18973.87500000, 0.38
18973.91666667, 0.54
18973.95833333, 0.57
18974.00000000, 0.58
18974.04166667, 0.63
18974.08333333, 0.64
18974.12500000, 0.64
18974.16666667, 0.66
18974.20833333, 0.71
18974.25000000, 0.75
18974.29166667, 0.75
18974.33333333, 0.72
18974.37500000, 0.74
18974.41666667, 0.78
18974.45833333, 0.85
18974.50000000, 0.8
18974.54166667, 0.83
18974.58333333, 0.72
18974.62500000, 0.64
18974.66666667, 0.6
18974.70833333, 0.54
18974.75000000, 0.5
18974.79166667, 0.46
18974.83333333, 0.44
18974.87500000, 0.62
18974.91666667, 0.66
18974.95833333, 0.62
18975.00000000, 0.63
18975.04166667, 0.64
18975.08333333, 0.68
18975.12500000, 0.72
18975.16666667, 0.75
18975.20833333, 0.71
18975.25000000, 0.62
18975.29166667, 0.55
18975.33333333, 0.48
18975.37500000, 0.48
18975.41666667, 0.5
18975.45833333, 0.55
18975.50000000, 0.56
18975.54166667, 0.53
18975.58333333, 0.45
18975.62500000, 0.41
18975.66666667, 0.44
18975.70833333, 0.43
18975.75000000, 0.42
18975.79166667, 0.42
18975.83333333, 0.46
18975.87500000, 0.62
18975.91666667, 0.72
18975.95833333, 0.81
18976.00000000, 0.69
18976.04166667, 0.67
18976.08333333, 0.7
18976.12500000, 0.78
18976.16666667, 0.84
18976.20833333, 0.87
18976.25000000, 0.89
18976.29166667, 0.9
18976.33333333, 0.89
18976.37500000, 0.9
18976.41666667, 0.91
18976.45833333, 0.92
18976.50000000, 0.91
18976.54166667, 0.84
18976.58333333, 0.8
18976.62500000, 0.75
18976.66666667, 0.72
18976.70833333, 0.67
18976.75000000, 0.64
18976.79166667, 0.62
18976.83333333, 0.63
18976.87500000, 0.74
18976.91666667, 0.87
18976.95833333, 0.92
18977.00000000, 0.92
18977.04166667, 0.92
18977.08333333, 0.94
18977.12500000, 0.93
18977.16666667, 0.94
18977.20833333, 0.93
18977.25000000, 0.91
18977.29166667, 0.91
18977.33333333, 0.91
18977.37500000, 0.91
18977.41666667, 0.9
18977.45833333, 0.88
18977.50000000, 0.81
18977.54166667, 0.74
18977.58333333, 0.67
18977.62500000, 0.59
18977.66666667, 0.52
18977.70833333, 0.49
18977.75000000, 0.47
18977.79166667, 0.47
18977.83333333, 0.48
18977.87500000, 0.48
18977.91666667, 0.51
18977.95833333, 0.55
18978.00000000, 0.59
18978.04166667, 0.61
18978.08333333, 0.62
18978.12500000, 0.64
18978.16666667, 0.66
18978.20833333, 0.68
18978.25000000, 0.69
18978.29166667, 0.69
18978.33333333, 0.7
18978.37500000, 0.75
18978.41666667, 0.82
18978.45833333, 0.86
18978.50000000, 0.88
18978.54166667, 0.7
18978.58333333, 0.62
18978.62500000, 0.58
18978.66666667, 0.49
18978.70833333, 0.39
18978.75000000, 0.33
18978.79166667, 0.27
18978.83333333, 0.26
18978.87500000, 0.31
18978.91666667, 0.4
18978.95833333, 0.45
18979.00000000, 0.69
18979.04166667, 0.69
18979.08333333, 0.59
18979.12500000, 0.56
18979.16666667, 0.49
18979.20833333, 0.41
18979.25000000, 0.37
18979.29166667, 0.36
18979.33333333, 0.36
18979.37500000, 0.37
18979.41666667, 0.38
18979.45833333, 0.4
18979.50000000, 0.45
18979.54166667, 0.52
18979.58333333, 0.58
18979.62500000, 0.6
18979.66666667, 0.58
18979.70833333, 0.58
18979.75000000, 0.59
18979.79166667, 0.59
18979.83333333, 0.62
18979.87500000, 0.76
18979.91666667, 0.89
18979.95833333, 0.9
18980.00000000, 0.89
18980.04166667, 0.91
18980.08333333, 0.95
18980.12500000, 0.97
18980.16666667, 0.95
18980.20833333, 0.95
18980.25000000, 0.96
18980.29166667, 0.84
18980.33333333, 0.83
18980.37500000, 0.78
18980.41666667, 0.74
18980.45833333, 0.75
18980.50000000, 0.87
18980.54166667, 0.8
18980.58333333, 0.74
18980.62500000, 0.63
18980.66666667, 0.49
18980.70833333, 0.5
18980.75000000, 0.45
18980.79166667, 0.42
18980.83333333, 0.42
18980.87500000, 0.42
18980.91666667, 0.45
18980.95833333, 0.47
18981.00000000, 0.61
18981.04166667, 0.63
18981.08333333, 0.64
18981.12500000, 0.66
18981.16666667, 0.68
18981.20833333, 0.71
18981.25000000, 0.74
18981.29166667, 0.75
18981.33333333, 0.75
18981.37500000, 0.78
18981.41666667, 0.79
18981.45833333, 0.81
18981.50000000, 0.81
18981.54166667, 0.78
18981.58333333, 0.67
18981.62500000, 0.59
18981.66666667, 0.51
18981.70833333, 0.46
18981.75000000, 0.43
18981.79166667, 0.4
18981.83333333, 0.4
18981.87500000, 0.43
18981.91666667, 0.61
18981.95833333, 0.63
18982.00000000, 0.63
18982.04166667, 0.68
18982.08333333, 0.73
18982.12500000, 0.76
18982.16666667, 0.82
18982.20833333, 0.86
18982.25000000, 0.84
18982.29166667, 0.86
18982.33333333, 0.85
18982.37500000, 0.87
18982.41666667, 0.87
18982.45833333, 0.86
18982.50000000, 0.83
18982.54166667, 0.79
18982.58333333, 0.69
18982.62500000, 0.61
18982.66666667, 0.53
18982.70833333, 0.53
18982.75000000, 0.51
18982.79166667, 0.49
18982.83333333, 0.51
18982.87500000, 0.58
18982.91666667, 0.59
18982.95833333, 0.68
18983.00000000, 0.78
18983.04166667, 0.82
18983.08333333, 0.9
18983.12500000, 0.91
18983.16666667, 0.92
18983.20833333, 0.92
18983.25000000, 0.92
18983.29166667, 0.94
18983.33333333, 0.93
18983.37500000, 0.93
18983.41666667, 0.91
18983.45833333, 0.87
18983.50000000, 0.83
18983.54166667, 0.82
18983.58333333, 0.74
18983.62500000, 0.69
18983.66666667, 0.57
18983.70833333, 0.51
18983.75000000, 0.46
18983.79166667, 0.39
18983.83333333, 0.38
18983.87500000, 0.4
18983.91666667, 0.4
18983.95833333, 0.42
18984.00000000, 0.4
18984.04166667, 0.4
18984.08333333, 0.42
18984.12500000, 0.45
18984.16666667, 0.48
18984.20833333, 0.5
18984.25000000, 0.53
18984.29166667, 0.54
18984.33333333, 0.54
18984.37500000, 0.55
18984.41666667, 0.56
18984.45833333, 0.61
18984.50000000, 0.64
18984.54166667, 0.65
18984.58333333, 0.58
18984.62500000, 0.5
18984.66666667, 0.47
18984.70833333, 0.44
18984.75000000, 0.43
18984.79166667, 0.41
18984.83333333, 0.41
18984.87500000, 0.44
18984.91666667, 0.55
18984.95833333, 0.57
18985.00000000, 0.57
18985.04166667, 0.57
18985.08333333, 0.57
18985.12500000, 0.61
18985.16666667, 0.6
18985.20833333, 0.58
18985.25000000, 0.57
18985.29166667, 0.58
18985.33333333, 0.58
18985.37500000, 0.57
18985.41666667, 0.59
18985.45833333, 0.59
18985.50000000, 0.61
18985.54166667, 0.63
18985.58333333, 0.61
18985.62500000, 0.53
18985.66666667, 0.49
18985.70833333, 0.47
18985.75000000, 0.46
18985.79166667, 0.44
18985.83333333, 0.45
18985.87500000, 0.65
18985.91666667, 0.69
18985.95833333, 0.68
18986.00000000, 0.68
18986.04166667, 0.65
18986.08333333, 0.65
18986.12500000, 0.61
18986.16666667, 0.59
18986.20833333, 0.59
18986.25000000, 0.59
18986.29166667, 0.6
18986.33333333, 0.6
18986.37500000, 0.65
18986.41666667, 0.74
18986.45833333, 0.79
18986.50000000, 0.78
18986.54166667, 0.79
18986.58333333, 0.79
18986.62500000, 0.78
18986.66666667, 0.77
18986.70833333, 0.72
18986.75000000, 0.65
18986.79166667, 0.59
18986.83333333, 0.61
18986.87500000, 0.59
18986.91666667, 0.6
18986.95833333, 0.65
18987.00000000, 0.9
18987.04166667, 0.92
18987.08333333, 0.93
18987.12500000, 0.93
18987.16666667, 0.92
18987.20833333, 0.91
18987.25000000, 0.9
18987.29166667, 0.9
18987.33333333, 0.91
18987.37500000, 0.92
18987.41666667, 0.92
18987.45833333, 0.93
18987.50000000, 0.91
18987.54166667, 0.9
18987.58333333, 0.85
18987.62500000, 0.75
18987.66666667, 0.61
18987.70833333, 0.49
18987.75000000, 0.42
18987.79166667, 0.38
18987.83333333, 0.39
18987.87500000, 0.46
18987.91666667, 0.54
18987.95833333, 0.55
18988.00000000, 0.56
18988.04166667, 0.52
18988.08333333, 0.56
18988.12500000, 0.59
18988.16666667, 0.59
18988.20833333, 0.61
18988.25000000, 0.63
18988.29166667, 0.66
18988.33333333, 0.72
18988.37500000, 0.76
18988.41666667, 0.72
18988.45833333, 0.69
18988.50000000, 0.69
18988.54166667, 0.68
18988.58333333, 0.69
18988.62500000, 0.72
18988.66666667, 0.72
18988.70833333, 0.69
18988.75000000, 0.7
18988.79166667, 0.71
18988.83333333, 0.71
18988.87500000, 0.71
18988.91666667, 0.73
18988.95833333, 0.78
18989.00000000, 0.82
18989.04166667, 0.86
18989.08333333, 0.89
18989.12500000, 0.89
18989.16666667, 0.94
18989.20833333, 0.94
18989.25000000, 0.89
18989.29166667, 0.86
18989.33333333, 0.92
18989.37500000, 0.9
18989.41666667, 0.85
18989.45833333, 0.81
18989.50000000, 0.82
18989.54166667, 0.75
18989.58333333, 0.7
18989.62500000, 0.65
18989.66666667, 0.62
18989.70833333, 0.55
18989.75000000, 0.47
18989.79166667, 0.4
18989.83333333, 0.4
18989.87500000, 0.65
18989.91666667, 0.54
18989.95833333, 0.51
18990.00000000, 0.45
18990.04166667, 0.43
18990.08333333, 0.44
18990.12500000, 0.6
18990.16666667, 0.57
18990.20833333, 0.62
18990.25000000, 0.69
18990.29166667, 0.75
18990.33333333, 0.8
18990.37500000, 0.87
18990.41666667, 0.88
18990.45833333, 0.91
18990.50000000, 0.83
18990.54166667, 0.87
18990.58333333, 0.88
18990.62500000, 0.84
18990.66666667, 0.83
18990.70833333, 0.82
18990.75000000, 0.8
18990.79166667, 0.75
18990.83333333, 0.73
18990.87500000, 0.75
18990.91666667, 0.79
18990.95833333, 0.76
18991.00000000, 0.9
18991.04166667, 0.92
18991.08333333, 0.94
18991.12500000, 0.95
18991.16666667, 0.96
18991.20833333, 0.97
18991.25000000, 0.97
18991.29166667, 0.97
18991.33333333, 0.98
18991.37500000, 0.98
18991.41666667, 0.98
18991.45833333, 0.98
18991.50000000, 0.98
18991.54166667, 0.97
18991.58333333, 0.97
18991.62500000, 0.96
18991.66666667, 0.95
18991.70833333, 0.94
18991.75000000, 0.88
18991.79166667, 0.86
18991.83333333, 0.84
18991.87500000, 0.84
18991.91666667, 0.91
18991.95833333, 0.93
18992.00000000, 0.96
18992.04166667, 0.94
18992.08333333, 0.95
18992.12500000, 0.97
18992.16666667, 0.97
18992.20833333, 0.98
18992.25000000, 1
18992.29166667, 1
18992.33333333, 1
18992.37500000, 1
18992.41666667, 1
18992.45833333, 0.99
18992.50000000, 0.99
18992.54166667, 0.99
18992.58333333, 0.95
18992.62500000, 0.91
18992.66666667, 0.9
18992.70833333, 0.88
18992.75000000, 0.84
18992.79166667, 0.77
18992.83333333, 0.73
18992.87500000, 0.76
18992.91666667, 0.85
18992.95833333, 0.84
18993.00000000, 0.96
18993.04166667, 0.97
18993.08333333, 0.95
18993.12500000, 0.94
18993.16666667, 0.91
18993.20833333, 0.94
18993.25000000, 0.96
18993.29166667, 0.98
18993.33333333, 0.97
18993.37500000, 0.98
18993.41666667, 0.97
18993.45833333, 0.96
18993.50000000, 0.99
18993.54166667, 0.99
18993.58333333, 0.99
18993.62500000, 1
18993.66666667, 1
18993.70833333, 1
18993.75000000, 1
18993.79166667, 0.98
18993.83333333, 0.99
18993.87500000, 1
18993.91666667, 0.99
18993.95833333, 0.99
18994.00000000, 0.99
18994.04166667, 0.97
18994.08333333, 0.89
18994.12500000, 0.94
18994.16666667, 0.94
18994.20833333, 0.93
18994.25000000, 0.92
18994.29166667, 0.94
18994.33333333, 0.94
18994.37500000, 0.94
18994.41666667, 0.94
18994.45833333, 0.92
18994.50000000, 0.94
18994.54166667, 0.92
18994.58333333, 0.92
18994.62500000, 0.91
18994.66666667, 0.89
18994.70833333, 0.87
18994.75000000, 0.79
18994.79166667, 0.73
18994.83333333, 0.71
18994.87500000, 0.74
18994.91666667, 0.7
18994.95833333, 0.63
18995.00000000, 0.67
18995.04166667, 0.62
18995.08333333, 0.62
18995.12500000, 0.63
18995.16666667, 0.61
18995.20833333, 0.65
18995.25000000, 0.63
18995.29166667, 0.65
18995.33333333, 0.76
18995.37500000, 0.72
18995.41666667, 0.74
18995.45833333, 0.78
18995.50000000, 0.86
18995.54166667, 0.91
18995.58333333, 0.92
18995.62500000, 0.89
18995.66666667, 0.87
18995.70833333, 0.79
18995.75000000, 0.73
18995.79166667, 0.69
18995.83333333, 0.58
18995.87500000, 0.56
18995.91666667, 0.59
18995.95833333, 0.64
