run_id,type,cycle,start_utc,end_utc,elapsed_sec,sim_start_serial,sim_end_serial,sim_days,initial_state_path,output_state_path,status,notes
1,forward_advance,1,2026-07-27T16:09:27.785Z,2026-07-27T16:09:39.392Z,11.60700000,43833.00000000,43834.00000000,1.00000000,(cold start from script),/home/arash/Projects/DrywellDT/deployments/Bioretention_truth_drift/state/state_20200104_000000.json,ok,
2,forward_advance,2,2026-07-27T16:16:40.118Z,2026-07-27T16:16:50.826Z,10.70800000,43834.00000000,43835.00000000,1.00000000,/home/arash/Projects/DrywellDT/deployments/Bioretention_truth_drift/state/_current_input.json,/home/arash/Projects/DrywellDT/deployments/Bioretention_truth_drift/state/state_20200105_000000.json,ok,
3,forward_advance,3,2026-07-27T16:23:52.218Z,2026-07-27T16:24:03.708Z,11.49000000,43835.00000000,43836.00000000,1.00000000,/home/arash/Projects/DrywellDT/deployments/Bioretention_truth_drift/state/_current_input.json,/home/arash/Projects/DrywellDT/deployments/Bioretention_truth_drift/state/state_20200106_000000.json,ok,
4,forward_advance,4,2026-07-27T16:31:04.186Z,2026-07-27T16:31:13.759Z,9.57300000,43836.00000000,43837.00000000,1.00000000,/home/arash/Projects/DrywellDT/deployments/Bioretention_truth_drift/state/_current_input.json,/home/arash/Projects/DrywellDT/deployments/Bioretention_truth_drift/state/state_20200107_000000.json,ok,
5,forward_advance,5,2026-07-27T16:38:16.217Z,2026-07-27T16:38:24.804Z,8.58700000,43837.00000000,43838.00000000,1.00000000,/home/arash/Projects/DrywellDT/deployments/Bioretention_truth_drift/state/_current_input.json,/home/arash/Projects/DrywellDT/deployments/Bioretention_truth_drift/state/state_20200108_000000.json,ok,
6,forward_advance,6,2026-07-27T16:45:28.214Z,2026-07-27T16:45:37.948Z,9.73400000,43838.00000000,43839.00000000,1.00000000,/home/arash/Projects/DrywellDT/deployments/Bioretention_truth_drift/state/_current_input.json,/home/arash/Projects/DrywellDT/deployments/Bioretention_truth_drift/state/state_20200109_000000.json,ok,
7,forward_advance,7,2026-07-27T16:52:40.219Z,2026-07-27T16:52:49.890Z,9.67100000,43839.00000000,43840.00000000,1.00000000,/home/arash/Projects/DrywellDT/deployments/Bioretention_truth_drift/state/_current_input.json,/home/arash/Projects/DrywellDT/deployments/Bioretention_truth_drift/state/state_20200110_000000.json,ok,
8,forward_advance,8,2026-07-27T16:59:52.218Z,2026-07-27T17:00:04.549Z,12.33100000,43840.00000000,43841.00000000,1.00000000,/home/arash/Projects/DrywellDT/deployments/Bioretention_truth_drift/state/_current_input.json,/home/arash/Projects/DrywellDT/deployments/Bioretention_truth_drift/state/state_20200111_000000.json,ok,
9,forward_advance,9,2026-07-27T17:07:04.213Z,2026-07-27T17:07:12.569Z,8.35600000,43841.00000000,43842.00000000,1.00000000,/home/arash/Projects/DrywellDT/deployments/Bioretention_truth_drift/state/_current_input.json,/home/arash/Projects/DrywellDT/deployments/Bioretention_truth_drift/state/state_20200112_000000.json,ok,
10,forward_advance,10,2026-07-27T17:14:16.169Z,2026-07-27T17:14:25.850Z,9.68100000,43842.00000000,43843.00000000,1.00000000,/home/arash/Projects/DrywellDT/deployments/Bioretention_truth_drift/state/_current_input.json,/home/arash/Projects/DrywellDT/deployments/Bioretention_truth_drift/state/state_20200113_000000.json,ok,
11,forward_advance,11,2026-07-27T17:21:28.153Z,2026-07-27T17:21:38.200Z,10.04700000,43843.00000000,43844.00000000,1.00000000,/home/arash/Projects/DrywellDT/deployments/Bioretention_truth_drift/state/_current_input.json,/home/arash/Projects/DrywellDT/deployments/Bioretention_truth_drift/state/state_20200114_000000.json,ok,
12,forward_advance,12,2026-07-27T17:28:40.205Z,2026-07-27T17:28:48.494Z,8.28900000,43844.00000000,43845.00000000,1.00000000,/home/arash/Projects/DrywellDT/deployments/Bioretention_truth_drift/state/_current_input.json,/home/arash/Projects/DrywellDT/deployments/Bioretention_truth_drift/state/state_20200115_000000.json,ok,
13,forward_advance,13,2026-07-27T17:35:52.218Z,2026-07-27T17:35:58.999Z,6.78100000,43845.00000000,43846.00000000,1.00000000,/home/arash/Projects/DrywellDT/deployments/Bioretention_truth_drift/state/_current_input.json,/home/arash/Projects/DrywellDT/deployments/Bioretention_truth_drift/state/state_20200116_000000.json,ok,
14,forward_advance,14,2026-07-27T17:43:04.218Z,2026-07-27T17:43:08.294Z,4.07600000,43846.00000000,43847.00000000,1.00000000,/home/arash/Projects/DrywellDT/deployments/Bioretention_truth_drift/state/_current_input.json,/home/arash/Projects/DrywellDT/deployments/Bioretention_truth_drift/state/state_20200117_000000.json,ok,
15,forward_advance,15,2026-07-27T17:50:16.218Z,2026-07-27T17:50:19.372Z,3.15400000,43847.00000000,43848.00000000,1.00000000,/home/arash/Projects/DrywellDT/deployments/Bioretention_truth_drift/state/_current_input.json,/home/arash/Projects/DrywellDT/deployments/Bioretention_truth_drift/state/state_20200118_000000.json,ok,
16,forward_advance,16,2026-07-27T17:57:28.218Z,2026-07-27T17:57:33.705Z,5.48700000,43848.00000000,43849.00000000,1.00000000,/home/arash/Projects/DrywellDT/deployments/Bioretention_truth_drift/state/_current_input.json,/home/arash/Projects/DrywellDT/deployments/Bioretention_truth_drift/state/state_20200119_000000.json,ok,
17,forward_advance,17,2026-07-27T18:04:40.218Z,2026-07-27T18:04:49.410Z,9.19200000,43849.00000000,43850.00000000,1.00000000,/home/arash/Projects/DrywellDT/deployments/Bioretention_truth_drift/state/_current_input.json,/home/arash/Projects/DrywellDT/deployments/Bioretention_truth_drift/state/state_20200120_000000.json,ok,
18,forward_advance,18,2026-07-27T18:11:52.212Z,2026-07-27T18:12:00.821Z,8.60900000,43850.00000000,43851.00000000,1.00000000,/home/arash/Projects/DrywellDT/deployments/Bioretention_truth_drift/state/_current_input.json,/home/arash/Projects/DrywellDT/deployments/Bioretention_truth_drift/state/state_20200121_000000.json,ok,
19,forward_advance,19,2026-07-27T18:19:04.218Z,2026-07-27T18:19:08.069Z,3.85100000,43851.00000000,43852.00000000,1.00000000,/home/arash/Projects/DrywellDT/deployments/Bioretention_truth_drift/state/_current_input.json,/home/arash/Projects/DrywellDT/deployments/Bioretention_truth_drift/state/state_20200122_000000.json,ok,
20,forward_advance,20,2026-07-27T18:26:16.206Z,2026-07-27T18:26:25.746Z,9.54000000,43852.00000000,43853.00000000,1.00000000,/home/arash/Projects/DrywellDT/deployments/Bioretention_truth_drift/state/_current_input.json,/home/arash/Projects/DrywellDT/deployments/Bioretention_truth_drift/state/state_20200123_000000.json,ok,
21,forward_advance,21,2026-07-27T18:33:28.198Z,2026-07-27T18:33:36.004Z,7.80600000,43853.00000000,43854.00000000,1.00000000,/home/arash/Projects/DrywellDT/deployments/Bioretention_truth_drift/state/_current_input.json,/home/arash/Projects/DrywellDT/deployments/Bioretention_truth_drift/state/state_20200124_000000.json,ok,
22,forward_advance,22,2026-07-27T18:40:40.201Z,2026-07-27T18:40:51.178Z,10.97700000,43854.00000000,43855.00000000,1.00000000,/home/arash/Projects/DrywellDT/deployments/Bioretention_truth_drift/state/_current_input.json,/home/arash/Projects/DrywellDT/deployments/Bioretention_truth_drift/state/state_20200125_000000.json,ok,
23,forward_advance,23,2026-07-27T18:47:52.218Z,2026-07-27T18:48:00.689Z,8.47100000,43855.00000000,43856.00000000,1.00000000,/home/arash/Projects/DrywellDT/deployments/Bioretention_truth_drift/state/_current_input.json,/home/arash/Projects/DrywellDT/deployments/Bioretention_truth_drift/state/state_20200126_000000.json,ok,
24,forward_advance,24,2026-07-27T18:55:04.218Z,2026-07-27T18:55:13.290Z,9.07200000,43856.00000000,43857.00000000,1.00000000,/home/arash/Projects/DrywellDT/deployments/Bioretention_truth_drift/state/_current_input.json,/home/arash/Projects/DrywellDT/deployments/Bioretention_truth_drift/state/state_20200127_000000.json,ok,
25,forward_advance,25,2026-07-27T19:02:16.137Z,2026-07-27T19:02:26.464Z,10.32700000,43857.00000000,43858.00000000,1.00000000,/home/arash/Projects/DrywellDT/deployments/Bioretention_truth_drift/state/_current_input.json,/home/arash/Projects/DrywellDT/deployments/Bioretention_truth_drift/state/state_20200128_000000.json,ok,
26,forward_advance,26,2026-07-27T19:09:28.218Z,2026-07-27T19:09:36.651Z,8.43300000,43858.00000000,43859.00000000,1.00000000,/home/arash/Projects/DrywellDT/deployments/Bioretention_truth_drift/state/_current_input.json,/home/arash/Projects/DrywellDT/deployments/Bioretention_truth_drift/state/state_20200129_000000.json,ok,
27,forward_advance,27,2026-07-27T19:16:40.218Z,2026-07-27T19:16:51.465Z,11.24700000,43859.00000000,43860.00000000,1.00000000,/home/arash/Projects/DrywellDT/deployments/Bioretention_truth_drift/state/_current_input.json,/home/arash/Projects/DrywellDT/deployments/Bioretention_truth_drift/state/state_20200130_000000.json,ok,
28,forward_advance,28,2026-07-27T19:23:52.217Z,2026-07-27T19:24:01.746Z,9.52900000,43860.00000000,43861.00000000,1.00000000,/home/arash/Projects/DrywellDT/deployments/Bioretention_truth_drift/state/_current_input.json,/home/arash/Projects/DrywellDT/deployments/Bioretention_truth_drift/state/state_20200131_000000.json,ok,
29,forward_advance,29,2026-07-27T19:31:04.160Z,2026-07-27T19:31:14.084Z,9.92400000,43861.00000000,43862.00000000,1.00000000,/home/arash/Projects/DrywellDT/deployments/Bioretention_truth_drift/state/_current_input.json,/home/arash/Projects/DrywellDT/deployments/Bioretention_truth_drift/state/state_20200201_000000.json,ok,
30,forward_advance,30,2026-07-27T19:38:16.201Z,2026-07-27T19:38:24.472Z,8.27100000,43862.00000000,43863.00000000,1.00000000,/home/arash/Projects/DrywellDT/deployments/Bioretention_truth_drift/state/_current_input.json,/home/arash/Projects/DrywellDT/deployments/Bioretention_truth_drift/state/state_20200202_000000.json,ok,
31,forward_advance,31,2026-07-27T19:45:28.148Z,2026-07-27T19:45:34.888Z,6.74000000,43863.00000000,43864.00000000,1.00000000,/home/arash/Projects/DrywellDT/deployments/Bioretention_truth_drift/state/_current_input.json,/home/arash/Projects/DrywellDT/deployments/Bioretention_truth_drift/state/state_20200203_000000.json,ok,
32,forward_advance,32,2026-07-27T19:52:40.218Z,2026-07-27T19:52:43.504Z,3.28600000,43864.00000000,43865.00000000,1.00000000,/home/arash/Projects/DrywellDT/deployments/Bioretention_truth_drift/state/_current_input.json,/home/arash/Projects/DrywellDT/deployments/Bioretention_truth_drift/state/state_20200204_000000.json,ok,
33,forward_advance,33,2026-07-27T19:59:52.217Z,2026-07-27T19:59:59.083Z,6.86600000,43865.00000000,43866.00000000,1.00000000,/home/arash/Projects/DrywellDT/deployments/Bioretention_truth_drift/state/_current_input.json,/home/arash/Projects/DrywellDT/deployments/Bioretention_truth_drift/state/state_20200205_000000.json,ok,
34,forward_advance,34,2026-07-27T20:07:04.219Z,2026-07-27T20:07:07.021Z,2.80200000,43866.00000000,43867.00000000,1.00000000,/home/arash/Projects/DrywellDT/deployments/Bioretention_truth_drift/state/_current_input.json,/home/arash/Projects/DrywellDT/deployments/Bioretention_truth_drift/state/state_20200206_000000.json,ok,
35,forward_advance,35,2026-07-27T20:14:16.218Z,2026-07-27T20:14:21.313Z,5.09500000,43867.00000000,43868.00000000,1.00000000,/home/arash/Projects/DrywellDT/deployments/Bioretention_truth_drift/state/_current_input.json,/home/arash/Projects/DrywellDT/deployments/Bioretention_truth_drift/state/state_20200207_000000.json,ok,
36,forward_advance,36,2026-07-27T20:21:28.219Z,2026-07-27T20:21:35.419Z,7.20000000,43868.00000000,43869.00000000,1.00000000,/home/arash/Projects/DrywellDT/deployments/Bioretention_truth_drift/state/_current_input.json,/home/arash/Projects/DrywellDT/deployments/Bioretention_truth_drift/state/state_20200208_000000.json,ok,
37,forward_advance,37,2026-07-27T20:28:40.218Z,2026-07-27T20:28:45.926Z,5.70800000,43869.00000000,43870.00000000,1.00000000,/home/arash/Projects/DrywellDT/deployments/Bioretention_truth_drift/state/_current_input.json,/home/arash/Projects/DrywellDT/deployments/Bioretention_truth_drift/state/state_20200209_000000.json,ok,
38,forward_advance,38,2026-07-27T20:35:52.218Z,2026-07-27T20:35:58.500Z,6.28200000,43870.00000000,43871.00000000,1.00000000,/home/arash/Projects/DrywellDT/deployments/Bioretention_truth_drift/state/_current_input.json,/home/arash/Projects/DrywellDT/deployments/Bioretention_truth_drift/state/state_20200210_000000.json,ok,
39,forward_advance,39,2026-07-27T20:43:04.218Z,2026-07-27T20:43:09.126Z,4.90800000,43871.00000000,43872.00000000,1.00000000,/home/arash/Projects/DrywellDT/deployments/Bioretention_truth_drift/state/_current_input.json,/home/arash/Projects/DrywellDT/deployments/Bioretention_truth_drift/state/state_20200211_000000.json,ok,
40,forward_advance,40,2026-07-27T20:50:16.208Z,2026-07-27T20:50:21.186Z,4.97800000,43872.00000000,43873.00000000,1.00000000,/home/arash/Projects/DrywellDT/deployments/Bioretention_truth_drift/state/_current_input.json,/home/arash/Projects/DrywellDT/deployments/Bioretention_truth_drift/state/state_20200212_000000.json,ok,
41,forward_advance,41,2026-07-27T20:57:28.148Z,2026-07-27T20:57:33.661Z,5.51300000,43873.00000000,43874.00000000,1.00000000,/home/arash/Projects/DrywellDT/deployments/Bioretention_truth_drift/state/_current_input.json,/home/arash/Projects/DrywellDT/deployments/Bioretention_truth_drift/state/state_20200213_000000.json,ok,
42,forward_advance,42,2026-07-27T21:04:40.220Z,2026-07-27T21:04:43.739Z,3.51900000,43874.00000000,43875.00000000,1.00000000,/home/arash/Projects/DrywellDT/deployments/Bioretention_truth_drift/state/_current_input.json,/home/arash/Projects/DrywellDT/deployments/Bioretention_truth_drift/state/state_20200214_000000.json,ok,
43,forward_advance,43,2026-07-27T21:11:52.218Z,2026-07-27T21:11:55.970Z,3.75200000,43875.00000000,43876.00000000,1.00000000,/home/arash/Projects/DrywellDT/deployments/Bioretention_truth_drift/state/_current_input.json,/home/arash/Projects/DrywellDT/deployments/Bioretention_truth_drift/state/state_20200215_000000.json,ok,
44,forward_advance,44,2026-07-27T21:19:04.218Z,2026-07-27T21:19:09.206Z,4.98800000,43876.00000000,43877.00000000,1.00000000,/home/arash/Projects/DrywellDT/deployments/Bioretention_truth_drift/state/_current_input.json,/home/arash/Projects/DrywellDT/deployments/Bioretention_truth_drift/state/state_20200216_000000.json,ok,
45,forward_advance,45,2026-07-27T21:26:16.127Z,2026-07-27T21:26:24.570Z,8.44300000,43877.00000000,43878.00000000,1.00000000,/home/arash/Projects/DrywellDT/deployments/Bioretention_truth_drift/state/_current_input.json,/home/arash/Projects/DrywellDT/deployments/Bioretention_truth_drift/state/state_20200217_000000.json,ok,
46,forward_advance,46,2026-07-27T21:33:28.219Z,2026-07-27T21:33:38.112Z,9.89300000,43878.00000000,43879.00000000,1.00000000,/home/arash/Projects/DrywellDT/deployments/Bioretention_truth_drift/state/_current_input.json,/home/arash/Projects/DrywellDT/deployments/Bioretention_truth_drift/state/state_20200218_000000.json,ok,
47,forward_advance,47,2026-07-27T21:40:40.218Z,2026-07-27T21:40:47.476Z,7.25800000,43879.00000000,43880.00000000,1.00000000,/home/arash/Projects/DrywellDT/deployments/Bioretention_truth_drift/state/_current_input.json,/home/arash/Projects/DrywellDT/deployments/Bioretention_truth_drift/state/state_20200219_000000.json,ok,
48,forward_advance,48,2026-07-27T21:47:52.219Z,2026-07-27T21:48:00.251Z,8.03200000,43880.00000000,43881.00000000,1.00000000,/home/arash/Projects/DrywellDT/deployments/Bioretention_truth_drift/state/_current_input.json,/home/arash/Projects/DrywellDT/deployments/Bioretention_truth_drift/state/state_20200220_000000.json,ok,
49,forward_advance,49,2026-07-27T21:55:04.219Z,2026-07-27T21:55:12.829Z,8.61000000,43881.00000000,43882.00000000,1.00000000,/home/arash/Projects/DrywellDT/deployments/Bioretention_truth_drift/state/_current_input.json,/home/arash/Projects/DrywellDT/deployments/Bioretention_truth_drift/state/state_20200221_000000.json,ok,
50,forward_advance,50,2026-07-27T22:02:16.218Z,2026-07-27T22:02:22.079Z,5.86100000,43882.00000000,43883.00000000,1.00000000,/home/arash/Projects/DrywellDT/deployments/Bioretention_truth_drift/state/_current_input.json,/home/arash/Projects/DrywellDT/deployments/Bioretention_truth_drift/state/state_20200222_000000.json,ok,
51,forward_advance,51,2026-07-27T22:09:28.220Z,2026-07-27T22:09:35.885Z,7.66500000,43883.00000000,43884.00000000,1.00000000,/home/arash/Projects/DrywellDT/deployments/Bioretention_truth_drift/state/_current_input.json,/home/arash/Projects/DrywellDT/deployments/Bioretention_truth_drift/state/state_20200223_000000.json,ok,
52,forward_advance,52,2026-07-27T22:16:40.219Z,2026-07-27T22:16:51.190Z,10.97100000,43884.00000000,43885.00000000,1.00000000,/home/arash/Projects/DrywellDT/deployments/Bioretention_truth_drift/state/_current_input.json,/home/arash/Projects/DrywellDT/deployments/Bioretention_truth_drift/state/state_20200224_000000.json,ok,
53,forward_advance,53,2026-07-27T22:23:52.218Z,2026-07-27T22:24:04.011Z,11.79300000,43885.00000000,43886.00000000,1.00000000,/home/arash/Projects/DrywellDT/deployments/Bioretention_truth_drift/state/_current_input.json,/home/arash/Projects/DrywellDT/deployments/Bioretention_truth_drift/state/state_20200225_000000.json,ok,
54,forward_advance,54,2026-07-27T22:31:04.136Z,2026-07-27T22:31:13.535Z,9.39900000,43886.00000000,43887.00000000,1.00000000,/home/arash/Projects/DrywellDT/deployments/Bioretention_truth_drift/state/_current_input.json,/home/arash/Projects/DrywellDT/deployments/Bioretention_truth_drift/state/state_20200226_000000.json,ok,
55,forward_advance,55,2026-07-27T22:38:16.219Z,2026-07-27T22:38:25.480Z,9.26100000,43887.00000000,43888.00000000,1.00000000,/home/arash/Projects/DrywellDT/deployments/Bioretention_truth_drift/state/_current_input.json,/home/arash/Projects/DrywellDT/deployments/Bioretention_truth_drift/state/state_20200227_000000.json,ok,
56,forward_advance,56,2026-07-27T22:45:28.218Z,2026-07-27T22:45:36.395Z,8.17700000,43888.00000000,43889.00000000,1.00000000,/home/arash/Projects/DrywellDT/deployments/Bioretention_truth_drift/state/_current_input.json,/home/arash/Projects/DrywellDT/deployments/Bioretention_truth_drift/state/state_20200228_000000.json,ok,
57,forward_advance,57,2026-07-27T22:52:40.218Z,2026-07-27T22:52:50.061Z,9.84300000,43889.00000000,43890.00000000,1.00000000,/home/arash/Projects/DrywellDT/deployments/Bioretention_truth_drift/state/_current_input.json,/home/arash/Projects/DrywellDT/deployments/Bioretention_truth_drift/state/state_20200229_000000.json,ok,
58,forward_advance,58,2026-07-27T22:59:52.219Z,2026-07-27T23:00:02.928Z,10.70900000,43890.00000000,43891.00000000,1.00000000,/home/arash/Projects/DrywellDT/deployments/Bioretention_truth_drift/state/_current_input.json,/home/arash/Projects/DrywellDT/deployments/Bioretention_truth_drift/state/state_20200301_000000.json,ok,
59,forward_advance,59,2026-07-27T23:07:04.218Z,2026-07-27T23:07:15.626Z,11.40800000,43891.00000000,43892.00000000,1.00000000,/home/arash/Projects/DrywellDT/deployments/Bioretention_truth_drift/state/_current_input.json,/home/arash/Projects/DrywellDT/deployments/Bioretention_truth_drift/state/state_20200302_000000.json,ok,
60,forward_advance,60,2026-07-27T23:14:16.184Z,2026-07-27T23:14:24.686Z,8.50200000,43892.00000000,43893.00000000,1.00000000,/home/arash/Projects/DrywellDT/deployments/Bioretention_truth_drift/state/_current_input.json,/home/arash/Projects/DrywellDT/deployments/Bioretention_truth_drift/state/state_20200303_000000.json,ok,
61,forward_advance,61,2026-07-27T23:21:28.220Z,2026-07-27T23:21:36.365Z,8.14500000,43893.00000000,43894.00000000,1.00000000,/home/arash/Projects/DrywellDT/deployments/Bioretention_truth_drift/state/_current_input.json,/home/arash/Projects/DrywellDT/deployments/Bioretention_truth_drift/state/state_20200304_000000.json,ok,
62,forward_advance,62,2026-07-27T23:28:40.218Z,2026-07-27T23:28:50.426Z,10.20800000,43894.00000000,43895.00000000,1.00000000,/home/arash/Projects/DrywellDT/deployments/Bioretention_truth_drift/state/_current_input.json,/home/arash/Projects/DrywellDT/deployments/Bioretention_truth_drift/state/state_20200305_000000.json,ok,
63,forward_advance,63,2026-07-27T23:35:52.194Z,2026-07-27T23:36:02.457Z,10.26300000,43895.00000000,43896.00000000,1.00000000,/home/arash/Projects/DrywellDT/deployments/Bioretention_truth_drift/state/_current_input.json,/home/arash/Projects/DrywellDT/deployments/Bioretention_truth_drift/state/state_20200306_000000.json,ok,
64,forward_advance,64,2026-07-27T23:43:04.219Z,2026-07-27T23:43:14.003Z,9.78400000,43896.00000000,43897.00000000,1.00000000,/home/arash/Projects/DrywellDT/deployments/Bioretention_truth_drift/state/_current_input.json,/home/arash/Projects/DrywellDT/deployments/Bioretention_truth_drift/state/state_20200307_000000.json,ok,
65,forward_advance,65,2026-07-27T23:50:16.218Z,2026-07-27T23:50:25.517Z,9.29900000,43897.00000000,43898.00000000,1.00000000,/home/arash/Projects/DrywellDT/deployments/Bioretention_truth_drift/state/_current_input.json,/home/arash/Projects/DrywellDT/deployments/Bioretention_truth_drift/state/state_20200308_000000.json,ok,
66,forward_advance,66,2026-07-27T23:57:28.218Z,2026-07-27T23:57:38.199Z,9.98100000,43898.00000000,43899.00000000,1.00000000,/home/arash/Projects/DrywellDT/deployments/Bioretention_truth_drift/state/_current_input.json,/home/arash/Projects/DrywellDT/deployments/Bioretention_truth_drift/state/state_20200309_000000.json,ok,
67,forward_advance,67,2026-07-28T00:04:40.219Z,2026-07-28T00:04:48.020Z,7.80100000,43899.00000000,43900.00000000,1.00000000,/home/arash/Projects/DrywellDT/deployments/Bioretention_truth_drift/state/_current_input.json,/home/arash/Projects/DrywellDT/deployments/Bioretention_truth_drift/state/state_20200310_000000.json,ok,
68,forward_advance,68,2026-07-28T00:11:52.218Z,2026-07-28T00:12:00.577Z,8.35900000,43900.00000000,43901.00000000,1.00000000,/home/arash/Projects/DrywellDT/deployments/Bioretention_truth_drift/state/_current_input.json,/home/arash/Projects/DrywellDT/deployments/Bioretention_truth_drift/state/state_20200311_000000.json,ok,
69,forward_advance,69,2026-07-28T00:19:04.218Z,2026-07-28T00:19:14.763Z,10.54500000,43901.00000000,43902.00000000,1.00000000,/home/arash/Projects/DrywellDT/deployments/Bioretention_truth_drift/state/_current_input.json,/home/arash/Projects/DrywellDT/deployments/Bioretention_truth_drift/state/state_20200312_000000.json,ok,
70,forward_advance,70,2026-07-28T00:26:16.220Z,2026-07-28T00:26:24.822Z,8.60200000,43902.00000000,43903.00000000,1.00000000,/home/arash/Projects/DrywellDT/deployments/Bioretention_truth_drift/state/_current_input.json,/home/arash/Projects/DrywellDT/deployments/Bioretention_truth_drift/state/state_20200313_000000.json,ok,
71,forward_advance,71,2026-07-28T00:33:28.218Z,2026-07-28T00:33:37.630Z,9.41200000,43903.00000000,43904.00000000,1.00000000,/home/arash/Projects/DrywellDT/deployments/Bioretention_truth_drift/state/_current_input.json,/home/arash/Projects/DrywellDT/deployments/Bioretention_truth_drift/state/state_20200314_000000.json,ok,
72,forward_advance,72,2026-07-28T00:40:40.154Z,2026-07-28T00:40:47.320Z,7.16600000,43904.00000000,43905.00000000,1.00000000,/home/arash/Projects/DrywellDT/deployments/Bioretention_truth_drift/state/_current_input.json,/home/arash/Projects/DrywellDT/deployments/Bioretention_truth_drift/state/state_20200315_000000.json,ok,
73,forward_advance,73,2026-07-28T00:47:52.218Z,2026-07-28T00:48:00.731Z,8.51300000,43905.00000000,43906.00000000,1.00000000,/home/arash/Projects/DrywellDT/deployments/Bioretention_truth_drift/state/_current_input.json,/home/arash/Projects/DrywellDT/deployments/Bioretention_truth_drift/state/state_20200316_000000.json,ok,
74,forward_advance,74,2026-07-28T00:55:04.218Z,2026-07-28T00:55:11.502Z,7.28400000,43906.00000000,43907.00000000,1.00000000,/home/arash/Projects/DrywellDT/deployments/Bioretention_truth_drift/state/_current_input.json,/home/arash/Projects/DrywellDT/deployments/Bioretention_truth_drift/state/state_20200317_000000.json,ok,
75,forward_advance,75,2026-07-28T01:02:16.126Z,2026-07-28T01:02:23.546Z,7.42000000,43907.00000000,43908.00000000,1.00000000,/home/arash/Projects/DrywellDT/deployments/Bioretention_truth_drift/state/_current_input.json,/home/arash/Projects/DrywellDT/deployments/Bioretention_truth_drift/state/state_20200318_000000.json,ok,
76,forward_advance,76,2026-07-28T01:09:28.220Z,2026-07-28T01:09:37.552Z,9.33200000,43908.00000000,43909.00000000,1.00000000,/home/arash/Projects/DrywellDT/deployments/Bioretention_truth_drift/state/_current_input.json,/home/arash/Projects/DrywellDT/deployments/Bioretention_truth_drift/state/state_20200319_000000.json,ok,
77,forward_advance,77,2026-07-28T01:16:40.218Z,2026-07-28T01:16:48.878Z,8.66000000,43909.00000000,43910.00000000,1.00000000,/home/arash/Projects/DrywellDT/deployments/Bioretention_truth_drift/state/_current_input.json,/home/arash/Projects/DrywellDT/deployments/Bioretention_truth_drift/state/state_20200320_000000.json,ok,
78,forward_advance,78,2026-07-28T01:23:52.148Z,2026-07-28T01:24:02.506Z,10.35800000,43910.00000000,43911.00000000,1.00000000,/home/arash/Projects/DrywellDT/deployments/Bioretention_truth_drift/state/_current_input.json,/home/arash/Projects/DrywellDT/deployments/Bioretention_truth_drift/state/state_20200321_000000.json,ok,
79,forward_advance,79,2026-07-28T01:31:04.198Z,2026-07-28T01:31:14.165Z,9.96700000,43911.00000000,43912.00000000,1.00000000,/home/arash/Projects/DrywellDT/deployments/Bioretention_truth_drift/state/_current_input.json,/home/arash/Projects/DrywellDT/deployments/Bioretention_truth_drift/state/state_20200322_000000.json,ok,
80,forward_advance,80,2026-07-28T01:38:16.150Z,2026-07-28T01:38:25.323Z,9.17300000,43912.00000000,43913.00000000,1.00000000,/home/arash/Projects/DrywellDT/deployments/Bioretention_truth_drift/state/_current_input.json,/home/arash/Projects/DrywellDT/deployments/Bioretention_truth_drift/state/state_20200323_000000.json,ok,
81,forward_advance,81,2026-07-28T01:45:28.218Z,2026-07-28T01:45:36.882Z,8.66400000,43913.00000000,43914.00000000,1.00000000,/home/arash/Projects/DrywellDT/deployments/Bioretention_truth_drift/state/_current_input.json,/home/arash/Projects/DrywellDT/deployments/Bioretention_truth_drift/state/state_20200324_000000.json,ok,
82,forward_advance,82,2026-07-28T01:52:40.152Z,2026-07-28T01:52:51.488Z,11.33600000,43914.00000000,43915.00000000,1.00000000,/home/arash/Projects/DrywellDT/deployments/Bioretention_truth_drift/state/_current_input.json,/home/arash/Projects/DrywellDT/deployments/Bioretention_truth_drift/state/state_20200325_000000.json,ok,
83,forward_advance,83,2026-07-28T01:59:52.218Z,2026-07-28T01:59:56.206Z,3.98800000,43915.00000000,43916.00000000,1.00000000,/home/arash/Projects/DrywellDT/deployments/Bioretention_truth_drift/state/_current_input.json,/home/arash/Projects/DrywellDT/deployments/Bioretention_truth_drift/state/state_20200326_000000.json,ok,
84,forward_advance,84,2026-07-28T02:07:04.218Z,2026-07-28T02:07:13.601Z,9.38300000,43916.00000000,43917.00000000,1.00000000,/home/arash/Projects/DrywellDT/deployments/Bioretention_truth_drift/state/_current_input.json,/home/arash/Projects/DrywellDT/deployments/Bioretention_truth_drift/state/state_20200327_000000.json,ok,
85,forward_advance,85,2026-07-28T02:14:16.219Z,2026-07-28T02:14:27.037Z,10.81800000,43917.00000000,43918.00000000,1.00000000,/home/arash/Projects/DrywellDT/deployments/Bioretention_truth_drift/state/_current_input.json,/home/arash/Projects/DrywellDT/deployments/Bioretention_truth_drift/state/state_20200328_000000.json,ok,
86,forward_advance,86,2026-07-28T02:21:28.218Z,2026-07-28T02:21:37.719Z,9.50100000,43918.00000000,43919.00000000,1.00000000,/home/arash/Projects/DrywellDT/deployments/Bioretention_truth_drift/state/_current_input.json,/home/arash/Projects/DrywellDT/deployments/Bioretention_truth_drift/state/state_20200329_000000.json,ok,
87,forward_advance,87,2026-07-28T02:28:40.155Z,2026-07-28T02:28:48.214Z,8.05900000,43919.00000000,43920.00000000,1.00000000,/home/arash/Projects/DrywellDT/deployments/Bioretention_truth_drift/state/_current_input.json,/home/arash/Projects/DrywellDT/deployments/Bioretention_truth_drift/state/state_20200330_000000.json,ok,
88,forward_advance,88,2026-07-28T02:35:52.220Z,2026-07-28T02:36:02.139Z,9.91900000,43920.00000000,43921.00000000,1.00000000,/home/arash/Projects/DrywellDT/deployments/Bioretention_truth_drift/state/_current_input.json,/home/arash/Projects/DrywellDT/deployments/Bioretention_truth_drift/state/state_20200331_000000.json,ok,
89,forward_advance,89,2026-07-28T02:43:04.218Z,2026-07-28T02:43:13.736Z,9.51800000,43921.00000000,43922.00000000,1.00000000,/home/arash/Projects/DrywellDT/deployments/Bioretention_truth_drift/state/_current_input.json,/home/arash/Projects/DrywellDT/deployments/Bioretention_truth_drift/state/state_20200401_000000.json,ok,
90,forward_advance,90,2026-07-28T02:50:16.158Z,2026-07-28T02:50:27.151Z,10.99300000,43922.00000000,43923.00000000,1.00000000,/home/arash/Projects/DrywellDT/deployments/Bioretention_truth_drift/state/_current_input.json,/home/arash/Projects/DrywellDT/deployments/Bioretention_truth_drift/state/state_20200402_000000.json,ok,
91,forward_advance,91,2026-07-28T02:57:28.196Z,2026-07-28T02:57:39.697Z,11.50100000,43923.00000000,43924.00000000,1.00000000,/home/arash/Projects/DrywellDT/deployments/Bioretention_truth_drift/state/_current_input.json,/home/arash/Projects/DrywellDT/deployments/Bioretention_truth_drift/state/state_20200403_000000.json,ok,
92,forward_advance,92,2026-07-28T03:04:40.218Z,2026-07-28T03:04:49.776Z,9.55800000,43924.00000000,43925.00000000,1.00000000,/home/arash/Projects/DrywellDT/deployments/Bioretention_truth_drift/state/_current_input.json,/home/arash/Projects/DrywellDT/deployments/Bioretention_truth_drift/state/state_20200404_000000.json,ok,
93,forward_advance,93,2026-07-28T03:11:52.218Z,2026-07-28T03:12:01.683Z,9.46500000,43925.00000000,43926.00000000,1.00000000,/home/arash/Projects/DrywellDT/deployments/Bioretention_truth_drift/state/_current_input.json,/home/arash/Projects/DrywellDT/deployments/Bioretention_truth_drift/state/state_20200405_000000.json,ok,
94,forward_advance,94,2026-07-28T03:19:04.143Z,2026-07-28T03:19:15.385Z,11.24200000,43926.00000000,43927.00000000,1.00000000,/home/arash/Projects/DrywellDT/deployments/Bioretention_truth_drift/state/_current_input.json,/home/arash/Projects/DrywellDT/deployments/Bioretention_truth_drift/state/state_20200406_000000.json,ok,
95,forward_advance,95,2026-07-28T03:26:16.218Z,2026-07-28T03:26:25.000Z,8.78200000,43927.00000000,43928.00000000,1.00000000,/home/arash/Projects/DrywellDT/deployments/Bioretention_truth_drift/state/_current_input.json,/home/arash/Projects/DrywellDT/deployments/Bioretention_truth_drift/state/state_20200407_000000.json,ok,
96,forward_advance,96,2026-07-28T03:33:28.216Z,2026-07-28T03:33:38.690Z,10.47400000,43928.00000000,43929.00000000,1.00000000,/home/arash/Projects/DrywellDT/deployments/Bioretention_truth_drift/state/_current_input.json,/home/arash/Projects/DrywellDT/deployments/Bioretention_truth_drift/state/state_20200408_000000.json,ok,
97,forward_advance,97,2026-07-28T03:40:40.143Z,2026-07-28T03:40:49.282Z,9.13900000,43929.00000000,43930.00000000,1.00000000,/home/arash/Projects/DrywellDT/deployments/Bioretention_truth_drift/state/_current_input.json,/home/arash/Projects/DrywellDT/deployments/Bioretention_truth_drift/state/state_20200409_000000.json,ok,
98,forward_advance,98,2026-07-28T03:47:52.217Z,2026-07-28T03:47:59.495Z,7.27800000,43930.00000000,43931.00000000,1.00000000,/home/arash/Projects/DrywellDT/deployments/Bioretention_truth_drift/state/_current_input.json,/home/arash/Projects/DrywellDT/deployments/Bioretention_truth_drift/state/state_20200410_000000.json,ok,
99,forward_advance,99,2026-07-28T03:55:04.218Z,2026-07-28T03:55:14.053Z,9.83500000,43931.00000000,43932.00000000,1.00000000,/home/arash/Projects/DrywellDT/deployments/Bioretention_truth_drift/state/_current_input.json,/home/arash/Projects/DrywellDT/deployments/Bioretention_truth_drift/state/state_20200411_000000.json,ok,
100,forward_advance,100,2026-07-28T04:02:16.208Z,2026-07-28T04:02:24.326Z,8.11800000,43932.00000000,43933.00000000,1.00000000,/home/arash/Projects/DrywellDT/deployments/Bioretention_truth_drift/state/_current_input.json,/home/arash/Projects/DrywellDT/deployments/Bioretention_truth_drift/state/state_20200412_000000.json,ok,
101,forward_advance,101,2026-07-28T04:09:28.218Z,2026-07-28T04:09:37.913Z,9.69500000,43933.00000000,43934.00000000,1.00000000,/home/arash/Projects/DrywellDT/deployments/Bioretention_truth_drift/state/_current_input.json,/home/arash/Projects/DrywellDT/deployments/Bioretention_truth_drift/state/state_20200413_000000.json,ok,
102,forward_advance,102,2026-07-28T04:16:40.129Z,2026-07-28T04:16:49.525Z,9.39600000,43934.00000000,43935.00000000,1.00000000,/home/arash/Projects/DrywellDT/deployments/Bioretention_truth_drift/state/_current_input.json,/home/arash/Projects/DrywellDT/deployments/Bioretention_truth_drift/state/state_20200414_000000.json,ok,
103,forward_advance,103,2026-07-28T04:23:52.137Z,2026-07-28T04:24:02.555Z,10.41800000,43935.00000000,43936.00000000,1.00000000,/home/arash/Projects/DrywellDT/deployments/Bioretention_truth_drift/state/_current_input.json,/home/arash/Projects/DrywellDT/deployments/Bioretention_truth_drift/state/state_20200415_000000.json,ok,
104,forward_advance,104,2026-07-28T04:31:04.218Z,2026-07-28T04:31:14.515Z,10.29700000,43936.00000000,43937.00000000,1.00000000,/home/arash/Projects/DrywellDT/deployments/Bioretention_truth_drift/state/_current_input.json,/home/arash/Projects/DrywellDT/deployments/Bioretention_truth_drift/state/state_20200416_000000.json,ok,
105,forward_advance,105,2026-07-28T04:38:16.137Z,2026-07-28T04:38:25.500Z,9.36300000,43937.00000000,43938.00000000,1.00000000,/home/arash/Projects/DrywellDT/deployments/Bioretention_truth_drift/state/_current_input.json,/home/arash/Projects/DrywellDT/deployments/Bioretention_truth_drift/state/state_20200417_000000.json,ok,
106,forward_advance,106,2026-07-28T04:45:28.132Z,2026-07-28T04:45:36.175Z,8.04300000,43938.00000000,43939.00000000,1.00000000,/home/arash/Projects/DrywellDT/deployments/Bioretention_truth_drift/state/_current_input.json,/home/arash/Projects/DrywellDT/deployments/Bioretention_truth_drift/state/state_20200418_000000.json,ok,
107,forward_advance,107,2026-07-28T04:52:40.119Z,2026-07-28T04:52:48.949Z,8.83000000,43939.00000000,43940.00000000,1.00000000,/home/arash/Projects/DrywellDT/deployments/Bioretention_truth_drift/state/_current_input.json,/home/arash/Projects/DrywellDT/deployments/Bioretention_truth_drift/state/state_20200419_000000.json,ok,
108,forward_advance,108,2026-07-28T04:59:52.191Z,2026-07-28T04:59:59.339Z,7.14800000,43940.00000000,43941.00000000,1.00000000,/home/arash/Projects/DrywellDT/deployments/Bioretention_truth_drift/state/_current_input.json,/home/arash/Projects/DrywellDT/deployments/Bioretention_truth_drift/state/state_20200420_000000.json,ok,
109,forward_advance,109,2026-07-28T05:07:04.201Z,2026-07-28T05:07:15.829Z,11.62800000,43941.00000000,43942.00000000,1.00000000,/home/arash/Projects/DrywellDT/deployments/Bioretention_truth_drift/state/_current_input.json,/home/arash/Projects/DrywellDT/deployments/Bioretention_truth_drift/state/state_20200421_000000.json,ok,
110,forward_advance,110,2026-07-28T05:14:16.218Z,2026-07-28T05:14:25.036Z,8.81800000,43942.00000000,43943.00000000,1.00000000,/home/arash/Projects/DrywellDT/deployments/Bioretention_truth_drift/state/_current_input.json,/home/arash/Projects/DrywellDT/deployments/Bioretention_truth_drift/state/state_20200422_000000.json,ok,
111,forward_advance,111,2026-07-28T05:21:28.188Z,2026-07-28T05:21:36.134Z,7.94600000,43943.00000000,43944.00000000,1.00000000,/home/arash/Projects/DrywellDT/deployments/Bioretention_truth_drift/state/_current_input.json,/home/arash/Projects/DrywellDT/deployments/Bioretention_truth_drift/state/state_20200423_000000.json,ok,
112,forward_advance,112,2026-07-28T05:28:40.145Z,2026-07-28T05:28:48.721Z,8.57600000,43944.00000000,43945.00000000,1.00000000,/home/arash/Projects/DrywellDT/deployments/Bioretention_truth_drift/state/_current_input.json,/home/arash/Projects/DrywellDT/deployments/Bioretention_truth_drift/state/state_20200424_000000.json,ok,
113,forward_advance,113,2026-07-28T05:35:52.218Z,2026-07-28T05:36:01.125Z,8.90700000,43945.00000000,43946.00000000,1.00000000,/home/arash/Projects/DrywellDT/deployments/Bioretention_truth_drift/state/_current_input.json,/home/arash/Projects/DrywellDT/deployments/Bioretention_truth_drift/state/state_20200425_000000.json,ok,
114,forward_advance,114,2026-07-28T05:43:04.173Z,2026-07-28T05:43:15.731Z,11.55800000,43946.00000000,43947.00000000,1.00000000,/home/arash/Projects/DrywellDT/deployments/Bioretention_truth_drift/state/_current_input.json,/home/arash/Projects/DrywellDT/deployments/Bioretention_truth_drift/state/state_20200426_000000.json,ok,
115,forward_advance,115,2026-07-28T05:50:16.220Z,2026-07-28T05:50:26.095Z,9.87500000,43947.00000000,43948.00000000,1.00000000,/home/arash/Projects/DrywellDT/deployments/Bioretention_truth_drift/state/_current_input.json,/home/arash/Projects/DrywellDT/deployments/Bioretention_truth_drift/state/state_20200427_000000.json,ok,
116,forward_advance,116,2026-07-28T05:57:28.218Z,2026-07-28T05:57:37.007Z,8.78900000,43948.00000000,43949.00000000,1.00000000,/home/arash/Projects/DrywellDT/deployments/Bioretention_truth_drift/state/_current_input.json,/home/arash/Projects/DrywellDT/deployments/Bioretention_truth_drift/state/state_20200428_000000.json,ok,
117,forward_advance,117,2026-07-28T06:04:40.175Z,2026-07-28T06:04:50.885Z,10.71000000,43949.00000000,43950.00000000,1.00000000,/home/arash/Projects/DrywellDT/deployments/Bioretention_truth_drift/state/_current_input.json,/home/arash/Projects/DrywellDT/deployments/Bioretention_truth_drift/state/state_20200429_000000.json,ok,
118,forward_advance,118,2026-07-28T06:11:52.162Z,2026-07-28T06:12:01.325Z,9.16300000,43950.00000000,43951.00000000,1.00000000,/home/arash/Projects/DrywellDT/deployments/Bioretention_truth_drift/state/_current_input.json,/home/arash/Projects/DrywellDT/deployments/Bioretention_truth_drift/state/state_20200430_000000.json,ok,
119,forward_advance,119,2026-07-28T06:19:04.218Z,2026-07-28T06:19:12.175Z,7.95700000,43951.00000000,43952.00000000,1.00000000,/home/arash/Projects/DrywellDT/deployments/Bioretention_truth_drift/state/_current_input.json,/home/arash/Projects/DrywellDT/deployments/Bioretention_truth_drift/state/state_20200501_000000.json,ok,
120,forward_advance,120,2026-07-28T06:26:16.130Z,2026-07-28T06:26:25.643Z,9.51300000,43952.00000000,43953.00000000,1.00000000,/home/arash/Projects/DrywellDT/deployments/Bioretention_truth_drift/state/_current_input.json,/home/arash/Projects/DrywellDT/deployments/Bioretention_truth_drift/state/state_20200502_000000.json,ok,
121,forward_advance,121,2026-07-28T06:33:28.203Z,2026-07-28T06:33:39.012Z,10.80900000,43953.00000000,43954.00000000,1.00000000,/home/arash/Projects/DrywellDT/deployments/Bioretention_truth_drift/state/_current_input.json,/home/arash/Projects/DrywellDT/deployments/Bioretention_truth_drift/state/state_20200503_000000.json,ok,
122,forward_advance,122,2026-07-28T06:40:40.215Z,2026-07-28T06:40:47.251Z,7.03600000,43954.00000000,43955.00000000,1.00000000,/home/arash/Projects/DrywellDT/deployments/Bioretention_truth_drift/state/_current_input.json,/home/arash/Projects/DrywellDT/deployments/Bioretention_truth_drift/state/state_20200504_000000.json,ok,
123,forward_advance,123,2026-07-28T06:47:52.190Z,2026-07-28T06:47:59.024Z,6.83400000,43955.00000000,43956.00000000,1.00000000,/home/arash/Projects/DrywellDT/deployments/Bioretention_truth_drift/state/_current_input.json,/home/arash/Projects/DrywellDT/deployments/Bioretention_truth_drift/state/state_20200505_000000.json,ok,
124,forward_advance,124,2026-07-28T06:55:04.152Z,2026-07-28T06:55:12.969Z,8.81700000,43956.00000000,43957.00000000,1.00000000,/home/arash/Projects/DrywellDT/deployments/Bioretention_truth_drift/state/_current_input.json,/home/arash/Projects/DrywellDT/deployments/Bioretention_truth_drift/state/state_20200506_000000.json,ok,
125,forward_advance,125,2026-07-28T07:02:16.218Z,2026-07-28T07:02:25.272Z,9.05400000,43957.00000000,43958.00000000,1.00000000,/home/arash/Projects/DrywellDT/deployments/Bioretention_truth_drift/state/_current_input.json,/home/arash/Projects/DrywellDT/deployments/Bioretention_truth_drift/state/state_20200507_000000.json,ok,
126,forward_advance,126,2026-07-28T07:09:28.120Z,2026-07-28T07:09:36.975Z,8.85500000,43958.00000000,43959.00000000,1.00000000,/home/arash/Projects/DrywellDT/deployments/Bioretention_truth_drift/state/_current_input.json,/home/arash/Projects/DrywellDT/deployments/Bioretention_truth_drift/state/state_20200508_000000.json,ok,
127,forward_advance,127,2026-07-28T07:16:40.221Z,2026-07-28T07:16:47.877Z,7.65600000,43959.00000000,43960.00000000,1.00000000,/home/arash/Projects/DrywellDT/deployments/Bioretention_truth_drift/state/_current_input.json,/home/arash/Projects/DrywellDT/deployments/Bioretention_truth_drift/state/state_20200509_000000.json,ok,
128,forward_advance,128,2026-07-28T07:23:52.172Z,2026-07-28T07:24:00.899Z,8.72700000,43960.00000000,43961.00000000,1.00000000,/home/arash/Projects/DrywellDT/deployments/Bioretention_truth_drift/state/_current_input.json,/home/arash/Projects/DrywellDT/deployments/Bioretention_truth_drift/state/state_20200510_000000.json,ok,
129,forward_advance,129,2026-07-28T07:31:04.218Z,2026-07-28T07:31:13.158Z,8.94000000,43961.00000000,43962.00000000,1.00000000,/home/arash/Projects/DrywellDT/deployments/Bioretention_truth_drift/state/_current_input.json,/home/arash/Projects/DrywellDT/deployments/Bioretention_truth_drift/state/state_20200511_000000.json,ok,
130,forward_advance,130,2026-07-28T07:38:16.142Z,2026-07-28T07:38:27.490Z,11.34800000,43962.00000000,43963.00000000,1.00000000,/home/arash/Projects/DrywellDT/deployments/Bioretention_truth_drift/state/_current_input.json,/home/arash/Projects/DrywellDT/deployments/Bioretention_truth_drift/state/state_20200512_000000.json,ok,
131,forward_advance,131,2026-07-28T07:45:28.217Z,2026-07-28T07:45:40.892Z,12.67500000,43963.00000000,43964.00000000,1.00000000,/home/arash/Projects/DrywellDT/deployments/Bioretention_truth_drift/state/_current_input.json,/home/arash/Projects/DrywellDT/deployments/Bioretention_truth_drift/state/state_20200513_000000.json,ok,
132,forward_advance,132,2026-07-28T07:52:40.142Z,2026-07-28T07:52:50.174Z,10.03200000,43964.00000000,43965.00000000,1.00000000,/home/arash/Projects/DrywellDT/deployments/Bioretention_truth_drift/state/_current_input.json,/home/arash/Projects/DrywellDT/deployments/Bioretention_truth_drift/state/state_20200514_000000.json,ok,
133,forward_advance,133,2026-07-28T07:59:52.148Z,2026-07-28T08:00:04.360Z,12.21200000,43965.00000000,43966.00000000,1.00000000,/home/arash/Projects/DrywellDT/deployments/Bioretention_truth_drift/state/_current_input.json,/home/arash/Projects/DrywellDT/deployments/Bioretention_truth_drift/state/state_20200515_000000.json,ok,
134,forward_advance,134,2026-07-28T08:07:04.218Z,2026-07-28T08:07:13.482Z,9.26400000,43966.00000000,43967.00000000,1.00000000,/home/arash/Projects/DrywellDT/deployments/Bioretention_truth_drift/state/_current_input.json,/home/arash/Projects/DrywellDT/deployments/Bioretention_truth_drift/state/state_20200516_000000.json,ok,
135,forward_advance,135,2026-07-28T08:14:16.200Z,2026-07-28T08:14:25.615Z,9.41500000,43967.00000000,43968.00000000,1.00000000,/home/arash/Projects/DrywellDT/deployments/Bioretention_truth_drift/state/_current_input.json,/home/arash/Projects/DrywellDT/deployments/Bioretention_truth_drift/state/state_20200517_000000.json,ok,
136,forward_advance,136,2026-07-28T08:21:28.157Z,2026-07-28T08:21:38.939Z,10.78200000,43968.00000000,43969.00000000,1.00000000,/home/arash/Projects/DrywellDT/deployments/Bioretention_truth_drift/state/_current_input.json,/home/arash/Projects/DrywellDT/deployments/Bioretention_truth_drift/state/state_20200518_000000.json,ok,
137,forward_advance,137,2026-07-28T08:28:40.218Z,2026-07-28T08:28:51.486Z,11.26800000,43969.00000000,43970.00000000,1.00000000,/home/arash/Projects/DrywellDT/deployments/Bioretention_truth_drift/state/_current_input.json,/home/arash/Projects/DrywellDT/deployments/Bioretention_truth_drift/state/state_20200519_000000.json,ok,
138,forward_advance,138,2026-07-28T08:35:52.180Z,2026-07-28T08:36:01.394Z,9.21400000,43970.00000000,43971.00000000,1.00000000,/home/arash/Projects/DrywellDT/deployments/Bioretention_truth_drift/state/_current_input.json,/home/arash/Projects/DrywellDT/deployments/Bioretention_truth_drift/state/state_20200520_000000.json,ok,
139,forward_advance,139,2026-07-28T08:43:04.130Z,2026-07-28T08:43:13.871Z,9.74100000,43971.00000000,43972.00000000,1.00000000,/home/arash/Projects/DrywellDT/deployments/Bioretention_truth_drift/state/_current_input.json,/home/arash/Projects/DrywellDT/deployments/Bioretention_truth_drift/state/state_20200521_000000.json,ok,
140,forward_advance,140,2026-07-28T08:50:16.219Z,2026-07-28T08:50:26.355Z,10.13600000,43972.00000000,43973.00000000,1.00000000,/home/arash/Projects/DrywellDT/deployments/Bioretention_truth_drift/state/_current_input.json,/home/arash/Projects/DrywellDT/deployments/Bioretention_truth_drift/state/state_20200522_000000.json,ok,
141,forward_advance,141,2026-07-28T08:57:28.158Z,2026-07-28T08:57:36.209Z,8.05100000,43973.00000000,43974.00000000,1.00000000,/home/arash/Projects/DrywellDT/deployments/Bioretention_truth_drift/state/_current_input.json,/home/arash/Projects/DrywellDT/deployments/Bioretention_truth_drift/state/state_20200523_000000.json,ok,
142,forward_advance,142,2026-07-28T09:04:40.221Z,2026-07-28T09:04:48.235Z,8.01400000,43974.00000000,43975.00000000,1.00000000,/home/arash/Projects/DrywellDT/deployments/Bioretention_truth_drift/state/_current_input.json,/home/arash/Projects/DrywellDT/deployments/Bioretention_truth_drift/state/state_20200524_000000.json,ok,
143,forward_advance,143,2026-07-28T09:11:52.218Z,2026-07-28T09:12:03.238Z,11.02000000,43975.00000000,43976.00000000,1.00000000,/home/arash/Projects/DrywellDT/deployments/Bioretention_truth_drift/state/_current_input.json,/home/arash/Projects/DrywellDT/deployments/Bioretention_truth_drift/state/state_20200525_000000.json,ok,
144,forward_advance,144,2026-07-28T09:19:04.218Z,2026-07-28T09:19:15.821Z,11.60300000,43976.00000000,43977.00000000,1.00000000,/home/arash/Projects/DrywellDT/deployments/Bioretention_truth_drift/state/_current_input.json,/home/arash/Projects/DrywellDT/deployments/Bioretention_truth_drift/state/state_20200526_000000.json,ok,
145,forward_advance,145,2026-07-28T09:26:16.219Z,2026-07-28T09:26:25.335Z,9.11600000,43977.00000000,43978.00000000,1.00000000,/home/arash/Projects/DrywellDT/deployments/Bioretention_truth_drift/state/_current_input.json,/home/arash/Projects/DrywellDT/deployments/Bioretention_truth_drift/state/state_20200527_000000.json,ok,
146,forward_advance,146,2026-07-28T09:33:28.220Z,2026-07-28T09:33:40.381Z,12.16100000,43978.00000000,43979.00000000,1.00000000,/home/arash/Projects/DrywellDT/deployments/Bioretention_truth_drift/state/_current_input.json,/home/arash/Projects/DrywellDT/deployments/Bioretention_truth_drift/state/state_20200528_000000.json,ok,
147,forward_advance,147,2026-07-28T09:40:40.195Z,2026-07-28T09:40:50.230Z,10.03500000,43979.00000000,43980.00000000,1.00000000,/home/arash/Projects/DrywellDT/deployments/Bioretention_truth_drift/state/_current_input.json,/home/arash/Projects/DrywellDT/deployments/Bioretention_truth_drift/state/state_20200529_000000.json,ok,
148,forward_advance,148,2026-07-28T09:47:52.161Z,2026-07-28T09:48:01.307Z,9.14600000,43980.00000000,43981.00000000,1.00000000,/home/arash/Projects/DrywellDT/deployments/Bioretention_truth_drift/state/_current_input.json,/home/arash/Projects/DrywellDT/deployments/Bioretention_truth_drift/state/state_20200530_000000.json,ok,
149,forward_advance,149,2026-07-28T09:55:04.218Z,2026-07-28T09:55:12.996Z,8.77800000,43981.00000000,43982.00000000,1.00000000,/home/arash/Projects/DrywellDT/deployments/Bioretention_truth_drift/state/_current_input.json,/home/arash/Projects/DrywellDT/deployments/Bioretention_truth_drift/state/state_20200531_000000.json,ok,
150,forward_advance,150,2026-07-28T10:02:16.218Z,2026-07-28T10:02:25.414Z,9.19600000,43982.00000000,43983.00000000,1.00000000,/home/arash/Projects/DrywellDT/deployments/Bioretention_truth_drift/state/_current_input.json,/home/arash/Projects/DrywellDT/deployments/Bioretention_truth_drift/state/state_20200601_000000.json,ok,
151,forward_advance,151,2026-07-28T10:09:28.220Z,2026-07-28T10:09:38.893Z,10.67300000,43983.00000000,43984.00000000,1.00000000,/home/arash/Projects/DrywellDT/deployments/Bioretention_truth_drift/state/_current_input.json,/home/arash/Projects/DrywellDT/deployments/Bioretention_truth_drift/state/state_20200602_000000.json,ok,
152,forward_advance,152,2026-07-28T10:16:40.218Z,2026-07-28T10:16:48.279Z,8.06100000,43984.00000000,43985.00000000,1.00000000,/home/arash/Projects/DrywellDT/deployments/Bioretention_truth_drift/state/_current_input.json,/home/arash/Projects/DrywellDT/deployments/Bioretention_truth_drift/state/state_20200603_000000.json,ok,
153,forward_advance,153,2026-07-28T10:23:52.207Z,2026-07-28T10:24:00.270Z,8.06300000,43985.00000000,43986.00000000,1.00000000,/home/arash/Projects/DrywellDT/deployments/Bioretention_truth_drift/state/_current_input.json,/home/arash/Projects/DrywellDT/deployments/Bioretention_truth_drift/state/state_20200604_000000.json,ok,
154,forward_advance,154,2026-07-28T10:31:04.221Z,2026-07-28T10:31:11.227Z,7.00600000,43986.00000000,43987.00000000,1.00000000,/home/arash/Projects/DrywellDT/deployments/Bioretention_truth_drift/state/_current_input.json,/home/arash/Projects/DrywellDT/deployments/Bioretention_truth_drift/state/state_20200605_000000.json,ok,
155,forward_advance,155,2026-07-28T10:38:16.218Z,2026-07-28T10:38:23.142Z,6.92400000,43987.00000000,43988.00000000,1.00000000,/home/arash/Projects/DrywellDT/deployments/Bioretention_truth_drift/state/_current_input.json,/home/arash/Projects/DrywellDT/deployments/Bioretention_truth_drift/state/state_20200606_000000.json,ok,
156,forward_advance,156,2026-07-28T10:45:28.160Z,2026-07-28T10:45:35.063Z,6.90300000,43988.00000000,43989.00000000,1.00000000,/home/arash/Projects/DrywellDT/deployments/Bioretention_truth_drift/state/_current_input.json,/home/arash/Projects/DrywellDT/deployments/Bioretention_truth_drift/state/state_20200607_000000.json,ok,
157,forward_advance,157,2026-07-28T10:52:40.144Z,2026-07-28T10:52:47.094Z,6.95000000,43989.00000000,43990.00000000,1.00000000,/home/arash/Projects/DrywellDT/deployments/Bioretention_truth_drift/state/_current_input.json,/home/arash/Projects/DrywellDT/deployments/Bioretention_truth_drift/state/state_20200608_000000.json,ok,
158,forward_advance,158,2026-07-28T10:59:52.219Z,2026-07-28T11:00:00.801Z,8.58200000,43990.00000000,43991.00000000,1.00000000,/home/arash/Projects/DrywellDT/deployments/Bioretention_truth_drift/state/_current_input.json,/home/arash/Projects/DrywellDT/deployments/Bioretention_truth_drift/state/state_20200609_000000.json,ok,
159,forward_advance,159,2026-07-28T11:07:04.218Z,2026-07-28T11:07:10.734Z,6.51600000,43991.00000000,43992.00000000,1.00000000,/home/arash/Projects/DrywellDT/deployments/Bioretention_truth_drift/state/_current_input.json,/home/arash/Projects/DrywellDT/deployments/Bioretention_truth_drift/state/state_20200610_000000.json,ok,
160,forward_advance,160,2026-07-28T11:14:16.181Z,2026-07-28T11:14:24.146Z,7.96500000,43992.00000000,43993.00000000,1.00000000,/home/arash/Projects/DrywellDT/deployments/Bioretention_truth_drift/state/_current_input.json,/home/arash/Projects/DrywellDT/deployments/Bioretention_truth_drift/state/state_20200611_000000.json,ok,
161,forward_advance,161,2026-07-28T11:21:28.218Z,2026-07-28T11:21:38.002Z,9.78400000,43993.00000000,43994.00000000,1.00000000,/home/arash/Projects/DrywellDT/deployments/Bioretention_truth_drift/state/_current_input.json,/home/arash/Projects/DrywellDT/deployments/Bioretention_truth_drift/state/state_20200612_000000.json,ok,
162,forward_advance,162,2026-07-28T11:28:40.218Z,2026-07-28T11:28:48.826Z,8.60800000,43994.00000000,43995.00000000,1.00000000,/home/arash/Projects/DrywellDT/deployments/Bioretention_truth_drift/state/_current_input.json,/home/arash/Projects/DrywellDT/deployments/Bioretention_truth_drift/state/state_20200613_000000.json,ok,
163,forward_advance,163,2026-07-28T11:35:52.205Z,2026-07-28T11:35:59.716Z,7.51100000,43995.00000000,43996.00000000,1.00000000,/home/arash/Projects/DrywellDT/deployments/Bioretention_truth_drift/state/_current_input.json,/home/arash/Projects/DrywellDT/deployments/Bioretention_truth_drift/state/state_20200614_000000.json,ok,
164,forward_advance,164,2026-07-28T11:43:04.221Z,2026-07-28T11:43:11.599Z,7.37800000,43996.00000000,43997.00000000,1.00000000,/home/arash/Projects/DrywellDT/deployments/Bioretention_truth_drift/state/_current_input.json,/home/arash/Projects/DrywellDT/deployments/Bioretention_truth_drift/state/state_20200615_000000.json,ok,
165,forward_advance,165,2026-07-28T11:50:16.187Z,2026-07-28T11:50:24.240Z,8.05300000,43997.00000000,43998.00000000,1.00000000,/home/arash/Projects/DrywellDT/deployments/Bioretention_truth_drift/state/_current_input.json,/home/arash/Projects/DrywellDT/deployments/Bioretention_truth_drift/state/state_20200616_000000.json,ok,
166,forward_advance,166,2026-07-28T11:57:28.194Z,2026-07-28T11:57:37.218Z,9.02400000,43998.00000000,43999.00000000,1.00000000,/home/arash/Projects/DrywellDT/deployments/Bioretention_truth_drift/state/_current_input.json,/home/arash/Projects/DrywellDT/deployments/Bioretention_truth_drift/state/state_20200617_000000.json,ok,
167,forward_advance,167,2026-07-28T12:04:40.219Z,2026-07-28T12:04:48.540Z,8.32100000,43999.00000000,44000.00000000,1.00000000,/home/arash/Projects/DrywellDT/deployments/Bioretention_truth_drift/state/_current_input.json,/home/arash/Projects/DrywellDT/deployments/Bioretention_truth_drift/state/state_20200618_000000.json,ok,
168,forward_advance,168,2026-07-28T12:11:52.187Z,2026-07-28T12:12:00.528Z,8.34100000,44000.00000000,44001.00000000,1.00000000,/home/arash/Projects/DrywellDT/deployments/Bioretention_truth_drift/state/_current_input.json,/home/arash/Projects/DrywellDT/deployments/Bioretention_truth_drift/state/state_20200619_000000.json,ok,
169,forward_advance,169,2026-07-28T12:19:04.120Z,2026-07-28T12:19:16.209Z,12.08900000,44001.00000000,44002.00000000,1.00000000,/home/arash/Projects/DrywellDT/deployments/Bioretention_truth_drift/state/_current_input.json,/home/arash/Projects/DrywellDT/deployments/Bioretention_truth_drift/state/state_20200620_000000.json,ok,
170,forward_advance,170,2026-07-28T12:26:16.218Z,2026-07-28T12:26:24.479Z,8.26100000,44002.00000000,44003.00000000,1.00000000,/home/arash/Projects/DrywellDT/deployments/Bioretention_truth_drift/state/_current_input.json,/home/arash/Projects/DrywellDT/deployments/Bioretention_truth_drift/state/state_20200621_000000.json,ok,
171,forward_advance,171,2026-07-28T12:33:28.218Z,2026-07-28T12:33:37.173Z,8.95500000,44003.00000000,44004.00000000,1.00000000,/home/arash/Projects/DrywellDT/deployments/Bioretention_truth_drift/state/_current_input.json,/home/arash/Projects/DrywellDT/deployments/Bioretention_truth_drift/state/state_20200622_000000.json,ok,
172,forward_advance,172,2026-07-28T12:40:40.135Z,2026-07-28T12:40:47.427Z,7.29200000,44004.00000000,44005.00000000,1.00000000,/home/arash/Projects/DrywellDT/deployments/Bioretention_truth_drift/state/_current_input.json,/home/arash/Projects/DrywellDT/deployments/Bioretention_truth_drift/state/state_20200623_000000.json,ok,
173,forward_advance,173,2026-07-28T12:47:52.218Z,2026-07-28T12:47:59.102Z,6.88400000,44005.00000000,44006.00000000,1.00000000,/home/arash/Projects/DrywellDT/deployments/Bioretention_truth_drift/state/_current_input.json,/home/arash/Projects/DrywellDT/deployments/Bioretention_truth_drift/state/state_20200624_000000.json,ok,
174,forward_advance,174,2026-07-28T12:55:04.128Z,2026-07-28T12:55:14.502Z,10.37400000,44006.00000000,44007.00000000,1.00000000,/home/arash/Projects/DrywellDT/deployments/Bioretention_truth_drift/state/_current_input.json,/home/arash/Projects/DrywellDT/deployments/Bioretention_truth_drift/state/state_20200625_000000.json,ok,
175,forward_advance,175,2026-07-28T13:02:16.219Z,2026-07-28T13:02:23.093Z,6.87400000,44007.00000000,44008.00000000,1.00000000,/home/arash/Projects/DrywellDT/deployments/Bioretention_truth_drift/state/_current_input.json,/home/arash/Projects/DrywellDT/deployments/Bioretention_truth_drift/state/state_20200626_000000.json,ok,
176,forward_advance,176,2026-07-28T13:09:28.218Z,2026-07-28T13:09:37.819Z,9.60100000,44008.00000000,44009.00000000,1.00000000,/home/arash/Projects/DrywellDT/deployments/Bioretention_truth_drift/state/_current_input.json,/home/arash/Projects/DrywellDT/deployments/Bioretention_truth_drift/state/state_20200627_000000.json,ok,
177,forward_advance,177,2026-07-28T13:16:40.218Z,2026-07-28T13:16:47.278Z,7.06000000,44009.00000000,44010.00000000,1.00000000,/home/arash/Projects/DrywellDT/deployments/Bioretention_truth_drift/state/_current_input.json,/home/arash/Projects/DrywellDT/deployments/Bioretention_truth_drift/state/state_20200628_000000.json,ok,
178,forward_advance,178,2026-07-28T13:23:52.204Z,2026-07-28T13:24:00.871Z,8.66700000,44010.00000000,44011.00000000,1.00000000,/home/arash/Projects/DrywellDT/deployments/Bioretention_truth_drift/state/_current_input.json,/home/arash/Projects/DrywellDT/deployments/Bioretention_truth_drift/state/state_20200629_000000.json,ok,
179,forward_advance,179,2026-07-28T13:31:04.218Z,2026-07-28T13:31:15.021Z,10.80300000,44011.00000000,44012.00000000,1.00000000,/home/arash/Projects/DrywellDT/deployments/Bioretention_truth_drift/state/_current_input.json,/home/arash/Projects/DrywellDT/deployments/Bioretention_truth_drift/state/state_20200630_000000.json,ok,
180,forward_advance,180,2026-07-28T13:38:16.214Z,2026-07-28T13:38:23.525Z,7.31100000,44012.00000000,44013.00000000,1.00000000,/home/arash/Projects/DrywellDT/deployments/Bioretention_truth_drift/state/_current_input.json,/home/arash/Projects/DrywellDT/deployments/Bioretention_truth_drift/state/state_20200701_000000.json,ok,
181,forward_advance,181,2026-07-28T13:45:28.181Z,2026-07-28T13:45:36.013Z,7.83200000,44013.00000000,44014.00000000,1.00000000,/home/arash/Projects/DrywellDT/deployments/Bioretention_truth_drift/state/_current_input.json,/home/arash/Projects/DrywellDT/deployments/Bioretention_truth_drift/state/state_20200702_000000.json,ok,
182,forward_advance,182,2026-07-28T13:52:40.219Z,2026-07-28T13:52:51.970Z,11.75100000,44014.00000000,44015.00000000,1.00000000,/home/arash/Projects/DrywellDT/deployments/Bioretention_truth_drift/state/_current_input.json,/home/arash/Projects/DrywellDT/deployments/Bioretention_truth_drift/state/state_20200703_000000.json,ok,
183,forward_advance,183,2026-07-28T13:59:52.190Z,2026-07-28T14:00:00.744Z,8.55400000,44015.00000000,44016.00000000,1.00000000,/home/arash/Projects/DrywellDT/deployments/Bioretention_truth_drift/state/_current_input.json,/home/arash/Projects/DrywellDT/deployments/Bioretention_truth_drift/state/state_20200704_000000.json,ok,
184,forward_advance,184,2026-07-28T14:07:04.220Z,2026-07-28T14:07:11.686Z,7.46600000,44016.00000000,44017.00000000,1.00000000,/home/arash/Projects/DrywellDT/deployments/Bioretention_truth_drift/state/_current_input.json,/home/arash/Projects/DrywellDT/deployments/Bioretention_truth_drift/state/state_20200705_000000.json,ok,
185,forward_advance,185,2026-07-28T14:14:16.218Z,2026-07-28T14:14:23.692Z,7.47400000,44017.00000000,44018.00000000,1.00000000,/home/arash/Projects/DrywellDT/deployments/Bioretention_truth_drift/state/_current_input.json,/home/arash/Projects/DrywellDT/deployments/Bioretention_truth_drift/state/state_20200706_000000.json,ok,
186,forward_advance,186,2026-07-28T14:21:28.142Z,2026-07-28T14:21:37.571Z,9.42900000,44018.00000000,44019.00000000,1.00000000,/home/arash/Projects/DrywellDT/deployments/Bioretention_truth_drift/state/_current_input.json,/home/arash/Projects/DrywellDT/deployments/Bioretention_truth_drift/state/state_20200707_000000.json,ok,
187,forward_advance,187,2026-07-28T14:28:40.145Z,2026-07-28T14:28:46.640Z,6.49500000,44019.00000000,44020.00000000,1.00000000,/home/arash/Projects/DrywellDT/deployments/Bioretention_truth_drift/state/_current_input.json,/home/arash/Projects/DrywellDT/deployments/Bioretention_truth_drift/state/state_20200708_000000.json,ok,
188,forward_advance,188,2026-07-28T14:35:52.218Z,2026-07-28T14:35:59.013Z,6.79500000,44020.00000000,44021.00000000,1.00000000,/home/arash/Projects/DrywellDT/deployments/Bioretention_truth_drift/state/_current_input.json,/home/arash/Projects/DrywellDT/deployments/Bioretention_truth_drift/state/state_20200709_000000.json,ok,
189,forward_advance,189,2026-07-28T14:43:04.156Z,2026-07-28T14:43:11.928Z,7.77200000,44021.00000000,44022.00000000,1.00000000,/home/arash/Projects/DrywellDT/deployments/Bioretention_truth_drift/state/_current_input.json,/home/arash/Projects/DrywellDT/deployments/Bioretention_truth_drift/state/state_20200710_000000.json,ok,
190,forward_advance,190,2026-07-28T14:50:16.159Z,2026-07-28T14:50:23.076Z,6.91700000,44022.00000000,44023.00000000,1.00000000,/home/arash/Projects/DrywellDT/deployments/Bioretention_truth_drift/state/_current_input.json,/home/arash/Projects/DrywellDT/deployments/Bioretention_truth_drift/state/state_20200711_000000.json,ok,
191,forward_advance,191,2026-07-28T14:57:28.226Z,2026-07-28T14:57:31.151Z,2.92500000,44023.00000000,44024.00000000,1.00000000,/home/arash/Projects/DrywellDT/deployments/Bioretention_truth_drift/state/_current_input.json,/home/arash/Projects/DrywellDT/deployments/Bioretention_truth_drift/state/state_20200712_000000.json,ok,
192,forward_advance,192,2026-07-28T15:04:40.218Z,2026-07-28T15:04:46.741Z,6.52300000,44024.00000000,44025.00000000,1.00000000,/home/arash/Projects/DrywellDT/deployments/Bioretention_truth_drift/state/_current_input.json,/home/arash/Projects/DrywellDT/deployments/Bioretention_truth_drift/state/state_20200713_000000.json,ok,
193,forward_advance,193,2026-07-28T15:11:52.219Z,2026-07-28T15:11:58.259Z,6.04000000,44025.00000000,44026.00000000,1.00000000,/home/arash/Projects/DrywellDT/deployments/Bioretention_truth_drift/state/_current_input.json,/home/arash/Projects/DrywellDT/deployments/Bioretention_truth_drift/state/state_20200714_000000.json,ok,
194,forward_advance,194,2026-07-28T15:19:04.218Z,2026-07-28T15:19:13.489Z,9.27100000,44026.00000000,44027.00000000,1.00000000,/home/arash/Projects/DrywellDT/deployments/Bioretention_truth_drift/state/_current_input.json,/home/arash/Projects/DrywellDT/deployments/Bioretention_truth_drift/state/state_20200715_000000.json,ok,
195,forward_advance,195,2026-07-28T15:26:16.218Z,2026-07-28T15:26:28.936Z,12.71800000,44027.00000000,44028.00000000,1.00000000,/home/arash/Projects/DrywellDT/deployments/Bioretention_truth_drift/state/_current_input.json,/home/arash/Projects/DrywellDT/deployments/Bioretention_truth_drift/state/state_20200716_000000.json,ok,
196,forward_advance,196,2026-07-28T15:33:28.220Z,2026-07-28T15:33:31.652Z,3.43200000,44028.00000000,44029.00000000,1.00000000,/home/arash/Projects/DrywellDT/deployments/Bioretention_truth_drift/state/_current_input.json,/home/arash/Projects/DrywellDT/deployments/Bioretention_truth_drift/state/state_20200717_000000.json,ok,
197,forward_advance,197,2026-07-28T15:40:40.218Z,2026-07-28T15:40:50.236Z,10.01800000,44029.00000000,44030.00000000,1.00000000,/home/arash/Projects/DrywellDT/deployments/Bioretention_truth_drift/state/_current_input.json,/home/arash/Projects/DrywellDT/deployments/Bioretention_truth_drift/state/state_20200718_000000.json,ok,
198,forward_advance,198,2026-07-28T15:47:52.218Z,2026-07-28T15:47:59.709Z,7.49100000,44030.00000000,44031.00000000,1.00000000,/home/arash/Projects/DrywellDT/deployments/Bioretention_truth_drift/state/_current_input.json,/home/arash/Projects/DrywellDT/deployments/Bioretention_truth_drift/state/state_20200719_000000.json,ok,
199,forward_advance,199,2026-07-28T15:55:04.219Z,2026-07-28T15:55:13.733Z,9.51400000,44031.00000000,44032.00000000,1.00000000,/home/arash/Projects/DrywellDT/deployments/Bioretention_truth_drift/state/_current_input.json,/home/arash/Projects/DrywellDT/deployments/Bioretention_truth_drift/state/state_20200720_000000.json,ok,
200,forward_advance,200,2026-07-28T16:02:16.218Z,2026-07-28T16:02:25.820Z,9.60200000,44032.00000000,44033.00000000,1.00000000,/home/arash/Projects/DrywellDT/deployments/Bioretention_truth_drift/state/_current_input.json,/home/arash/Projects/DrywellDT/deployments/Bioretention_truth_drift/state/state_20200721_000000.json,ok,
201,forward_advance,201,2026-07-28T16:09:28.216Z,2026-07-28T16:09:38.267Z,10.05100000,44033.00000000,44034.00000000,1.00000000,/home/arash/Projects/DrywellDT/deployments/Bioretention_truth_drift/state/_current_input.json,/home/arash/Projects/DrywellDT/deployments/Bioretention_truth_drift/state/state_20200722_000000.json,ok,
202,forward_advance,202,2026-07-28T16:16:40.125Z,2026-07-28T16:16:49.401Z,9.27600000,44034.00000000,44035.00000000,1.00000000,/home/arash/Projects/DrywellDT/deployments/Bioretention_truth_drift/state/_current_input.json,/home/arash/Projects/DrywellDT/deployments/Bioretention_truth_drift/state/state_20200723_000000.json,ok,
203,forward_advance,203,2026-07-28T16:23:52.219Z,2026-07-28T16:24:00.655Z,8.43600000,44035.00000000,44036.00000000,1.00000000,/home/arash/Projects/DrywellDT/deployments/Bioretention_truth_drift/state/_current_input.json,/home/arash/Projects/DrywellDT/deployments/Bioretention_truth_drift/state/state_20200724_000000.json,ok,
204,forward_advance,204,2026-07-28T16:31:04.218Z,2026-07-28T16:31:13.210Z,8.99200000,44036.00000000,44037.00000000,1.00000000,/home/arash/Projects/DrywellDT/deployments/Bioretention_truth_drift/state/_current_input.json,/home/arash/Projects/DrywellDT/deployments/Bioretention_truth_drift/state/state_20200725_000000.json,ok,
205,forward_advance,205,2026-07-28T16:38:16.128Z,2026-07-28T16:38:23.860Z,7.73200000,44037.00000000,44038.00000000,1.00000000,/home/arash/Projects/DrywellDT/deployments/Bioretention_truth_drift/state/_current_input.json,/home/arash/Projects/DrywellDT/deployments/Bioretention_truth_drift/state/state_20200726_000000.json,ok,
206,forward_advance,206,2026-07-28T16:45:28.218Z,2026-07-28T16:45:36.109Z,7.89100000,44038.00000000,44039.00000000,1.00000000,/home/arash/Projects/DrywellDT/deployments/Bioretention_truth_drift/state/_current_input.json,/home/arash/Projects/DrywellDT/deployments/Bioretention_truth_drift/state/state_20200727_000000.json,ok,
207,forward_advance,207,2026-07-28T16:52:40.218Z,2026-07-28T16:52:47.487Z,7.26900000,44039.00000000,44040.00000000,1.00000000,/home/arash/Projects/DrywellDT/deployments/Bioretention_truth_drift/state/_current_input.json,/home/arash/Projects/DrywellDT/deployments/Bioretention_truth_drift/state/state_20200728_000000.json,ok,
208,forward_advance,208,2026-07-28T16:59:52.221Z,2026-07-28T17:00:02.457Z,10.23600000,44040.00000000,44041.00000000,1.00000000,/home/arash/Projects/DrywellDT/deployments/Bioretention_truth_drift/state/_current_input.json,/home/arash/Projects/DrywellDT/deployments/Bioretention_truth_drift/state/state_20200729_000000.json,ok,
209,forward_advance,209,2026-07-28T17:07:04.219Z,2026-07-28T17:07:14.946Z,10.72700000,44041.00000000,44042.00000000,1.00000000,/home/arash/Projects/DrywellDT/deployments/Bioretention_truth_drift/state/_current_input.json,/home/arash/Projects/DrywellDT/deployments/Bioretention_truth_drift/state/state_20200730_000000.json,ok,
210,forward_advance,210,2026-07-28T17:14:16.218Z,2026-07-28T17:14:25.795Z,9.57700000,44042.00000000,44043.00000000,1.00000000,/home/arash/Projects/DrywellDT/deployments/Bioretention_truth_drift/state/_current_input.json,/home/arash/Projects/DrywellDT/deployments/Bioretention_truth_drift/state/state_20200731_000000.json,ok,
211,forward_advance,211,2026-07-28T17:21:28.220Z,2026-07-28T17:21:40.458Z,12.23800000,44043.00000000,44044.00000000,1.00000000,/home/arash/Projects/DrywellDT/deployments/Bioretention_truth_drift/state/_current_input.json,/home/arash/Projects/DrywellDT/deployments/Bioretention_truth_drift/state/state_20200801_000000.json,ok,
212,forward_advance,212,2026-07-28T17:28:40.218Z,2026-07-28T17:28:51.357Z,11.13900000,44044.00000000,44045.00000000,1.00000000,/home/arash/Projects/DrywellDT/deployments/Bioretention_truth_drift/state/_current_input.json,/home/arash/Projects/DrywellDT/deployments/Bioretention_truth_drift/state/state_20200802_000000.json,ok,
213,forward_advance,213,2026-07-28T17:35:52.219Z,2026-07-28T17:36:01.205Z,8.98600000,44045.00000000,44046.00000000,1.00000000,/home/arash/Projects/DrywellDT/deployments/Bioretention_truth_drift/state/_current_input.json,/home/arash/Projects/DrywellDT/deployments/Bioretention_truth_drift/state/state_20200803_000000.json,ok,
214,forward_advance,214,2026-07-28T17:43:04.169Z,2026-07-28T17:43:12.441Z,8.27200000,44046.00000000,44047.00000000,1.00000000,/home/arash/Projects/DrywellDT/deployments/Bioretention_truth_drift/state/_current_input.json,/home/arash/Projects/DrywellDT/deployments/Bioretention_truth_drift/state/state_20200804_000000.json,ok,
215,forward_advance,215,2026-07-28T17:50:16.196Z,2026-07-28T17:50:26.040Z,9.84400000,44047.00000000,44048.00000000,1.00000000,/home/arash/Projects/DrywellDT/deployments/Bioretention_truth_drift/state/_current_input.json,/home/arash/Projects/DrywellDT/deployments/Bioretention_truth_drift/state/state_20200805_000000.json,ok,
216,forward_advance,216,2026-07-28T17:57:28.196Z,2026-07-28T17:57:38.608Z,10.41200000,44048.00000000,44049.00000000,1.00000000,/home/arash/Projects/DrywellDT/deployments/Bioretention_truth_drift/state/_current_input.json,/home/arash/Projects/DrywellDT/deployments/Bioretention_truth_drift/state/state_20200806_000000.json,ok,
217,forward_advance,217,2026-07-28T18:04:40.141Z,2026-07-28T18:04:52.660Z,12.51900000,44049.00000000,44050.00000000,1.00000000,/home/arash/Projects/DrywellDT/deployments/Bioretention_truth_drift/state/_current_input.json,/home/arash/Projects/DrywellDT/deployments/Bioretention_truth_drift/state/state_20200807_000000.json,ok,
218,forward_advance,218,2026-07-28T18:11:52.218Z,2026-07-28T18:12:00.121Z,7.90300000,44050.00000000,44051.00000000,1.00000000,/home/arash/Projects/DrywellDT/deployments/Bioretention_truth_drift/state/_current_input.json,/home/arash/Projects/DrywellDT/deployments/Bioretention_truth_drift/state/state_20200808_000000.json,ok,
219,forward_advance,219,2026-07-28T18:19:04.218Z,2026-07-28T18:19:09.012Z,4.79400000,44051.00000000,44052.00000000,1.00000000,/home/arash/Projects/DrywellDT/deployments/Bioretention_truth_drift/state/_current_input.json,/home/arash/Projects/DrywellDT/deployments/Bioretention_truth_drift/state/state_20200809_000000.json,ok,
220,forward_advance,220,2026-07-28T18:26:16.170Z,2026-07-28T18:26:26.379Z,10.20900000,44052.00000000,44053.00000000,1.00000000,/home/arash/Projects/DrywellDT/deployments/Bioretention_truth_drift/state/_current_input.json,/home/arash/Projects/DrywellDT/deployments/Bioretention_truth_drift/state/state_20200810_000000.json,ok,
221,forward_advance,221,2026-07-28T18:33:28.225Z,2026-07-28T18:33:36.289Z,8.06400000,44053.00000000,44054.00000000,1.00000000,/home/arash/Projects/DrywellDT/deployments/Bioretention_truth_drift/state/_current_input.json,/home/arash/Projects/DrywellDT/deployments/Bioretention_truth_drift/state/state_20200811_000000.json,ok,
222,forward_advance,222,2026-07-28T18:40:40.218Z,2026-07-28T18:40:48.070Z,7.85200000,44054.00000000,44055.00000000,1.00000000,/home/arash/Projects/DrywellDT/deployments/Bioretention_truth_drift/state/_current_input.json,/home/arash/Projects/DrywellDT/deployments/Bioretention_truth_drift/state/state_20200812_000000.json,ok,
223,forward_advance,223,2026-07-28T18:47:52.142Z,2026-07-28T18:47:58.875Z,6.73300000,44055.00000000,44056.00000000,1.00000000,/home/arash/Projects/DrywellDT/deployments/Bioretention_truth_drift/state/_current_input.json,/home/arash/Projects/DrywellDT/deployments/Bioretention_truth_drift/state/state_20200813_000000.json,ok,
224,forward_advance,224,2026-07-28T18:55:04.217Z,2026-07-28T18:55:10.768Z,6.55100000,44056.00000000,44057.00000000,1.00000000,/home/arash/Projects/DrywellDT/deployments/Bioretention_truth_drift/state/_current_input.json,/home/arash/Projects/DrywellDT/deployments/Bioretention_truth_drift/state/state_20200814_000000.json,ok,
225,forward_advance,225,2026-07-28T19:02:16.218Z,2026-07-28T19:02:26.085Z,9.86700000,44057.00000000,44058.00000000,1.00000000,/home/arash/Projects/DrywellDT/deployments/Bioretention_truth_drift/state/_current_input.json,/home/arash/Projects/DrywellDT/deployments/Bioretention_truth_drift/state/state_20200815_000000.json,ok,
226,forward_advance,226,2026-07-28T19:09:28.133Z,2026-07-28T19:09:38.896Z,10.76300000,44058.00000000,44059.00000000,1.00000000,/home/arash/Projects/DrywellDT/deployments/Bioretention_truth_drift/state/_current_input.json,/home/arash/Projects/DrywellDT/deployments/Bioretention_truth_drift/state/state_20200816_000000.json,ok,
227,forward_advance,227,2026-07-28T19:16:40.218Z,2026-07-28T19:16:47.151Z,6.93300000,44059.00000000,44060.00000000,1.00000000,/home/arash/Projects/DrywellDT/deployments/Bioretention_truth_drift/state/_current_input.json,/home/arash/Projects/DrywellDT/deployments/Bioretention_truth_drift/state/state_20200817_000000.json,ok,
228,forward_advance,228,2026-07-28T19:23:52.218Z,2026-07-28T19:23:58.763Z,6.54500000,44060.00000000,44061.00000000,1.00000000,/home/arash/Projects/DrywellDT/deployments/Bioretention_truth_drift/state/_current_input.json,/home/arash/Projects/DrywellDT/deployments/Bioretention_truth_drift/state/state_20200818_000000.json,ok,
229,forward_advance,229,2026-07-28T19:31:04.218Z,2026-07-28T19:31:17.648Z,13.43000000,44061.00000000,44062.00000000,1.00000000,/home/arash/Projects/DrywellDT/deployments/Bioretention_truth_drift/state/_current_input.json,/home/arash/Projects/DrywellDT/deployments/Bioretention_truth_drift/state/state_20200819_000000.json,ok,
230,forward_advance,230,2026-07-28T19:38:16.219Z,2026-07-28T19:38:20.216Z,3.99700000,44062.00000000,44063.00000000,1.00000000,/home/arash/Projects/DrywellDT/deployments/Bioretention_truth_drift/state/_current_input.json,/home/arash/Projects/DrywellDT/deployments/Bioretention_truth_drift/state/state_20200820_000000.json,ok,
231,forward_advance,231,2026-07-28T19:45:28.218Z,2026-07-28T19:45:35.123Z,6.90500000,44063.00000000,44064.00000000,1.00000000,/home/arash/Projects/DrywellDT/deployments/Bioretention_truth_drift/state/_current_input.json,/home/arash/Projects/DrywellDT/deployments/Bioretention_truth_drift/state/state_20200821_000000.json,ok,
232,forward_advance,232,2026-07-28T19:52:40.180Z,2026-07-28T19:52:46.285Z,6.10500000,44064.00000000,44065.00000000,1.00000000,/home/arash/Projects/DrywellDT/deployments/Bioretention_truth_drift/state/_current_input.json,/home/arash/Projects/DrywellDT/deployments/Bioretention_truth_drift/state/state_20200822_000000.json,ok,
233,forward_advance,233,2026-07-28T19:59:52.218Z,2026-07-28T20:00:00.803Z,8.58500000,44065.00000000,44066.00000000,1.00000000,/home/arash/Projects/DrywellDT/deployments/Bioretention_truth_drift/state/_current_input.json,/home/arash/Projects/DrywellDT/deployments/Bioretention_truth_drift/state/state_20200823_000000.json,ok,
234,forward_advance,234,2026-07-28T20:07:04.129Z,2026-07-28T20:07:10.499Z,6.37000000,44066.00000000,44067.00000000,1.00000000,/home/arash/Projects/DrywellDT/deployments/Bioretention_truth_drift/state/_current_input.json,/home/arash/Projects/DrywellDT/deployments/Bioretention_truth_drift/state/state_20200824_000000.json,ok,
235,forward_advance,235,2026-07-28T20:14:16.213Z,2026-07-28T20:14:23.240Z,7.02700000,44067.00000000,44068.00000000,1.00000000,/home/arash/Projects/DrywellDT/deployments/Bioretention_truth_drift/state/_current_input.json,/home/arash/Projects/DrywellDT/deployments/Bioretention_truth_drift/state/state_20200825_000000.json,ok,
236,forward_advance,236,2026-07-28T20:21:28.218Z,2026-07-28T20:21:39.172Z,10.95400000,44068.00000000,44069.00000000,1.00000000,/home/arash/Projects/DrywellDT/deployments/Bioretention_truth_drift/state/_current_input.json,/home/arash/Projects/DrywellDT/deployments/Bioretention_truth_drift/state/state_20200826_000000.json,ok,
237,forward_advance,237,2026-07-28T20:28:40.212Z,2026-07-28T20:28:52.793Z,12.58100000,44069.00000000,44070.00000000,1.00000000,/home/arash/Projects/DrywellDT/deployments/Bioretention_truth_drift/state/_current_input.json,/home/arash/Projects/DrywellDT/deployments/Bioretention_truth_drift/state/state_20200827_000000.json,ok,
238,forward_advance,238,2026-07-28T20:35:52.180Z,2026-07-28T20:35:58.366Z,6.18600000,44070.00000000,44071.00000000,1.00000000,/home/arash/Projects/DrywellDT/deployments/Bioretention_truth_drift/state/_current_input.json,/home/arash/Projects/DrywellDT/deployments/Bioretention_truth_drift/state/state_20200828_000000.json,ok,
239,forward_advance,239,2026-07-28T20:43:04.218Z,2026-07-28T20:43:17.703Z,13.48500000,44071.00000000,44072.00000000,1.00000000,/home/arash/Projects/DrywellDT/deployments/Bioretention_truth_drift/state/_current_input.json,/home/arash/Projects/DrywellDT/deployments/Bioretention_truth_drift/state/state_20200829_000000.json,ok,
240,forward_advance,240,2026-07-28T20:50:16.182Z,2026-07-28T20:50:29.516Z,13.33400000,44072.00000000,44073.00000000,1.00000000,/home/arash/Projects/DrywellDT/deployments/Bioretention_truth_drift/state/_current_input.json,/home/arash/Projects/DrywellDT/deployments/Bioretention_truth_drift/state/state_20200830_000000.json,ok,
241,forward_advance,241,2026-07-28T20:57:28.124Z,2026-07-28T20:57:37.605Z,9.48100000,44073.00000000,44074.00000000,1.00000000,/home/arash/Projects/DrywellDT/deployments/Bioretention_truth_drift/state/_current_input.json,/home/arash/Projects/DrywellDT/deployments/Bioretention_truth_drift/state/state_20200831_000000.json,ok,
242,forward_advance,242,2026-07-28T21:04:40.131Z,2026-07-28T21:04:52.951Z,12.82000000,44074.00000000,44075.00000000,1.00000000,/home/arash/Projects/DrywellDT/deployments/Bioretention_truth_drift/state/_current_input.json,/home/arash/Projects/DrywellDT/deployments/Bioretention_truth_drift/state/state_20200901_000000.json,ok,
243,forward_advance,243,2026-07-28T21:11:52.157Z,2026-07-28T21:12:00.809Z,8.65200000,44075.00000000,44076.00000000,1.00000000,/home/arash/Projects/DrywellDT/deployments/Bioretention_truth_drift/state/_current_input.json,/home/arash/Projects/DrywellDT/deployments/Bioretention_truth_drift/state/state_20200902_000000.json,ok,
244,forward_advance,244,2026-07-28T21:19:04.124Z,2026-07-28T21:19:14.649Z,10.52500000,44076.00000000,44077.00000000,1.00000000,/home/arash/Projects/DrywellDT/deployments/Bioretention_truth_drift/state/_current_input.json,/home/arash/Projects/DrywellDT/deployments/Bioretention_truth_drift/state/state_20200903_000000.json,ok,
245,forward_advance,245,2026-07-28T21:26:16.218Z,2026-07-28T21:26:27.492Z,11.27400000,44077.00000000,44078.00000000,1.00000000,/home/arash/Projects/DrywellDT/deployments/Bioretention_truth_drift/state/_current_input.json,/home/arash/Projects/DrywellDT/deployments/Bioretention_truth_drift/state/state_20200904_000000.json,ok,
246,forward_advance,246,2026-07-28T21:33:28.177Z,2026-07-28T21:33:40.675Z,12.49800000,44078.00000000,44079.00000000,1.00000000,/home/arash/Projects/DrywellDT/deployments/Bioretention_truth_drift/state/_current_input.json,/home/arash/Projects/DrywellDT/deployments/Bioretention_truth_drift/state/state_20200905_000000.json,ok,
247,forward_advance,247,2026-07-28T21:40:40.188Z,2026-07-28T21:40:52.533Z,12.34500000,44079.00000000,44080.00000000,1.00000000,/home/arash/Projects/DrywellDT/deployments/Bioretention_truth_drift/state/_current_input.json,/home/arash/Projects/DrywellDT/deployments/Bioretention_truth_drift/state/state_20200906_000000.json,ok,
248,forward_advance,248,2026-07-28T21:47:52.219Z,2026-07-28T21:48:00.636Z,8.41700000,44080.00000000,44081.00000000,1.00000000,/home/arash/Projects/DrywellDT/deployments/Bioretention_truth_drift/state/_current_input.json,/home/arash/Projects/DrywellDT/deployments/Bioretention_truth_drift/state/state_20200907_000000.json,ok,
249,forward_advance,249,2026-07-28T21:55:04.218Z,2026-07-28T21:55:12.857Z,8.63900000,44081.00000000,44082.00000000,1.00000000,/home/arash/Projects/DrywellDT/deployments/Bioretention_truth_drift/state/_current_input.json,/home/arash/Projects/DrywellDT/deployments/Bioretention_truth_drift/state/state_20200908_000000.json,ok,
250,forward_advance,250,2026-07-28T22:02:16.218Z,2026-07-28T22:02:25.044Z,8.82600000,44082.00000000,44083.00000000,1.00000000,/home/arash/Projects/DrywellDT/deployments/Bioretention_truth_drift/state/_current_input.json,/home/arash/Projects/DrywellDT/deployments/Bioretention_truth_drift/state/state_20200909_000000.json,ok,
251,forward_advance,251,2026-07-28T22:09:28.218Z,2026-07-28T22:09:40.652Z,12.43400000,44083.00000000,44084.00000000,1.00000000,/home/arash/Projects/DrywellDT/deployments/Bioretention_truth_drift/state/_current_input.json,/home/arash/Projects/DrywellDT/deployments/Bioretention_truth_drift/state/state_20200910_000000.json,ok,
252,forward_advance,252,2026-07-28T22:16:40.211Z,2026-07-28T22:16:50.371Z,10.16000000,44084.00000000,44085.00000000,1.00000000,/home/arash/Projects/DrywellDT/deployments/Bioretention_truth_drift/state/_current_input.json,/home/arash/Projects/DrywellDT/deployments/Bioretention_truth_drift/state/state_20200911_000000.json,ok,
253,forward_advance,253,2026-07-28T22:23:52.209Z,2026-07-28T22:24:03.934Z,11.72500000,44085.00000000,44086.00000000,1.00000000,/home/arash/Projects/DrywellDT/deployments/Bioretention_truth_drift/state/_current_input.json,/home/arash/Projects/DrywellDT/deployments/Bioretention_truth_drift/state/state_20200912_000000.json,ok,
254,forward_advance,254,2026-07-28T22:31:04.216Z,2026-07-28T22:31:12.467Z,8.25100000,44086.00000000,44087.00000000,1.00000000,/home/arash/Projects/DrywellDT/deployments/Bioretention_truth_drift/state/_current_input.json,/home/arash/Projects/DrywellDT/deployments/Bioretention_truth_drift/state/state_20200913_000000.json,ok,
255,forward_advance,255,2026-07-28T22:38:16.206Z,2026-07-28T22:38:26.359Z,10.15300000,44087.00000000,44088.00000000,1.00000000,/home/arash/Projects/DrywellDT/deployments/Bioretention_truth_drift/state/_current_input.json,/home/arash/Projects/DrywellDT/deployments/Bioretention_truth_drift/state/state_20200914_000000.json,ok,
256,forward_advance,256,2026-07-28T22:45:28.217Z,2026-07-28T22:45:35.216Z,6.99900000,44088.00000000,44089.00000000,1.00000000,/home/arash/Projects/DrywellDT/deployments/Bioretention_truth_drift/state/_current_input.json,/home/arash/Projects/DrywellDT/deployments/Bioretention_truth_drift/state/state_20200915_000000.json,ok,
257,forward_advance,257,2026-07-28T22:52:40.140Z,2026-07-28T22:52:46.978Z,6.83800000,44089.00000000,44090.00000000,1.00000000,/home/arash/Projects/DrywellDT/deployments/Bioretention_truth_drift/state/_current_input.json,/home/arash/Projects/DrywellDT/deployments/Bioretention_truth_drift/state/state_20200916_000000.json,ok,
258,forward_advance,258,2026-07-28T22:59:52.135Z,2026-07-28T23:00:03.505Z,11.37000000,44090.00000000,44091.00000000,1.00000000,/home/arash/Projects/DrywellDT/deployments/Bioretention_truth_drift/state/_current_input.json,/home/arash/Projects/DrywellDT/deployments/Bioretention_truth_drift/state/state_20200917_000000.json,ok,
259,forward_advance,259,2026-07-28T23:07:04.218Z,2026-07-28T23:07:15.475Z,11.25700000,44091.00000000,44092.00000000,1.00000000,/home/arash/Projects/DrywellDT/deployments/Bioretention_truth_drift/state/_current_input.json,/home/arash/Projects/DrywellDT/deployments/Bioretention_truth_drift/state/state_20200918_000000.json,ok,
260,forward_advance,260,2026-07-28T23:14:16.219Z,2026-07-28T23:14:26.201Z,9.98200000,44092.00000000,44093.00000000,1.00000000,/home/arash/Projects/DrywellDT/deployments/Bioretention_truth_drift/state/_current_input.json,/home/arash/Projects/DrywellDT/deployments/Bioretention_truth_drift/state/state_20200919_000000.json,ok,
261,forward_advance,261,2026-07-28T23:21:28.123Z,2026-07-28T23:21:40.330Z,12.20700000,44093.00000000,44094.00000000,1.00000000,/home/arash/Projects/DrywellDT/deployments/Bioretention_truth_drift/state/_current_input.json,/home/arash/Projects/DrywellDT/deployments/Bioretention_truth_drift/state/state_20200920_000000.json,ok,
262,forward_advance,262,2026-07-28T23:28:40.218Z,2026-07-28T23:28:51.630Z,11.41200000,44094.00000000,44095.00000000,1.00000000,/home/arash/Projects/DrywellDT/deployments/Bioretention_truth_drift/state/_current_input.json,/home/arash/Projects/DrywellDT/deployments/Bioretention_truth_drift/state/state_20200921_000000.json,ok,
263,forward_advance,263,2026-07-28T23:35:52.218Z,2026-07-28T23:36:00.210Z,7.99200000,44095.00000000,44096.00000000,1.00000000,/home/arash/Projects/DrywellDT/deployments/Bioretention_truth_drift/state/_current_input.json,/home/arash/Projects/DrywellDT/deployments/Bioretention_truth_drift/state/state_20200922_000000.json,ok,
264,forward_advance,264,2026-07-28T23:43:04.218Z,2026-07-28T23:43:11.866Z,7.64800000,44096.00000000,44097.00000000,1.00000000,/home/arash/Projects/DrywellDT/deployments/Bioretention_truth_drift/state/_current_input.json,/home/arash/Projects/DrywellDT/deployments/Bioretention_truth_drift/state/state_20200923_000000.json,ok,
265,forward_advance,265,2026-07-28T23:50:16.179Z,2026-07-28T23:50:26.471Z,10.29200000,44097.00000000,44098.00000000,1.00000000,/home/arash/Projects/DrywellDT/deployments/Bioretention_truth_drift/state/_current_input.json,/home/arash/Projects/DrywellDT/deployments/Bioretention_truth_drift/state/state_20200924_000000.json,ok,
266,forward_advance,266,2026-07-28T23:57:28.218Z,2026-07-28T23:57:36.839Z,8.62100000,44098.00000000,44099.00000000,1.00000000,/home/arash/Projects/DrywellDT/deployments/Bioretention_truth_drift/state/_current_input.json,/home/arash/Projects/DrywellDT/deployments/Bioretention_truth_drift/state/state_20200925_000000.json,ok,
267,forward_advance,267,2026-07-29T00:04:40.126Z,2026-07-29T00:04:47.238Z,7.11200000,44099.00000000,44100.00000000,1.00000000,/home/arash/Projects/DrywellDT/deployments/Bioretention_truth_drift/state/_current_input.json,/home/arash/Projects/DrywellDT/deployments/Bioretention_truth_drift/state/state_20200926_000000.json,ok,
268,forward_advance,268,2026-07-29T00:11:52.122Z,2026-07-29T00:11:58.769Z,6.64700000,44100.00000000,44101.00000000,1.00000000,/home/arash/Projects/DrywellDT/deployments/Bioretention_truth_drift/state/_current_input.json,/home/arash/Projects/DrywellDT/deployments/Bioretention_truth_drift/state/state_20200927_000000.json,ok,
269,forward_advance,269,2026-07-29T00:19:04.217Z,2026-07-29T00:19:11.531Z,7.31400000,44101.00000000,44102.00000000,1.00000000,/home/arash/Projects/DrywellDT/deployments/Bioretention_truth_drift/state/_current_input.json,/home/arash/Projects/DrywellDT/deployments/Bioretention_truth_drift/state/state_20200928_000000.json,ok,
270,forward_advance,270,2026-07-29T00:26:16.218Z,2026-07-29T00:26:24.536Z,8.31800000,44102.00000000,44103.00000000,1.00000000,/home/arash/Projects/DrywellDT/deployments/Bioretention_truth_drift/state/_current_input.json,/home/arash/Projects/DrywellDT/deployments/Bioretention_truth_drift/state/state_20200929_000000.json,ok,
271,forward_advance,271,2026-07-29T00:33:28.216Z,2026-07-29T00:33:36.541Z,8.32500000,44103.00000000,44104.00000000,1.00000000,/home/arash/Projects/DrywellDT/deployments/Bioretention_truth_drift/state/_current_input.json,/home/arash/Projects/DrywellDT/deployments/Bioretention_truth_drift/state/state_20200930_000000.json,ok,
272,forward_advance,272,2026-07-29T00:40:40.217Z,2026-07-29T00:40:50.551Z,10.33400000,44104.00000000,44105.00000000,1.00000000,/home/arash/Projects/DrywellDT/deployments/Bioretention_truth_drift/state/_current_input.json,/home/arash/Projects/DrywellDT/deployments/Bioretention_truth_drift/state/state_20201001_000000.json,ok,
273,forward_advance,273,2026-07-29T00:47:52.218Z,2026-07-29T00:48:03.007Z,10.78900000,44105.00000000,44106.00000000,1.00000000,/home/arash/Projects/DrywellDT/deployments/Bioretention_truth_drift/state/_current_input.json,/home/arash/Projects/DrywellDT/deployments/Bioretention_truth_drift/state/state_20201002_000000.json,ok,
274,forward_advance,274,2026-07-29T00:55:04.217Z,2026-07-29T00:55:12.487Z,8.27000000,44106.00000000,44107.00000000,1.00000000,/home/arash/Projects/DrywellDT/deployments/Bioretention_truth_drift/state/_current_input.json,/home/arash/Projects/DrywellDT/deployments/Bioretention_truth_drift/state/state_20201003_000000.json,ok,
275,forward_advance,275,2026-07-29T01:02:16.217Z,2026-07-29T01:02:23.052Z,6.83500000,44107.00000000,44108.00000000,1.00000000,/home/arash/Projects/DrywellDT/deployments/Bioretention_truth_drift/state/_current_input.json,/home/arash/Projects/DrywellDT/deployments/Bioretention_truth_drift/state/state_20201004_000000.json,ok,
276,forward_advance,276,2026-07-29T01:09:28.152Z,2026-07-29T01:09:36.624Z,8.47200000,44108.00000000,44109.00000000,1.00000000,/home/arash/Projects/DrywellDT/deployments/Bioretention_truth_drift/state/_current_input.json,/home/arash/Projects/DrywellDT/deployments/Bioretention_truth_drift/state/state_20201005_000000.json,ok,
277,forward_advance,277,2026-07-29T01:16:40.219Z,2026-07-29T01:16:48.482Z,8.26300000,44109.00000000,44110.00000000,1.00000000,/home/arash/Projects/DrywellDT/deployments/Bioretention_truth_drift/state/_current_input.json,/home/arash/Projects/DrywellDT/deployments/Bioretention_truth_drift/state/state_20201006_000000.json,ok,
278,forward_advance,278,2026-07-29T01:23:52.218Z,2026-07-29T01:24:01.538Z,9.32000000,44110.00000000,44111.00000000,1.00000000,/home/arash/Projects/DrywellDT/deployments/Bioretention_truth_drift/state/_current_input.json,/home/arash/Projects/DrywellDT/deployments/Bioretention_truth_drift/state/state_20201007_000000.json,ok,
279,forward_advance,279,2026-07-29T01:31:04.154Z,2026-07-29T01:31:11.318Z,7.16400000,44111.00000000,44112.00000000,1.00000000,/home/arash/Projects/DrywellDT/deployments/Bioretention_truth_drift/state/_current_input.json,/home/arash/Projects/DrywellDT/deployments/Bioretention_truth_drift/state/state_20201008_000000.json,ok,
280,forward_advance,280,2026-07-29T01:38:16.180Z,2026-07-29T01:38:24.215Z,8.03500000,44112.00000000,44113.00000000,1.00000000,/home/arash/Projects/DrywellDT/deployments/Bioretention_truth_drift/state/_current_input.json,/home/arash/Projects/DrywellDT/deployments/Bioretention_truth_drift/state/state_20201009_000000.json,ok,
281,forward_advance,281,2026-07-29T01:45:28.218Z,2026-07-29T01:45:35.856Z,7.63800000,44113.00000000,44114.00000000,1.00000000,/home/arash/Projects/DrywellDT/deployments/Bioretention_truth_drift/state/_current_input.json,/home/arash/Projects/DrywellDT/deployments/Bioretention_truth_drift/state/state_20201010_000000.json,ok,
282,forward_advance,282,2026-07-29T01:52:40.141Z,2026-07-29T01:52:49.095Z,8.95400000,44114.00000000,44115.00000000,1.00000000,/home/arash/Projects/DrywellDT/deployments/Bioretention_truth_drift/state/_current_input.json,/home/arash/Projects/DrywellDT/deployments/Bioretention_truth_drift/state/state_20201011_000000.json,ok,
283,forward_advance,283,2026-07-29T01:59:52.195Z,2026-07-29T02:00:00.450Z,8.25500000,44115.00000000,44116.00000000,1.00000000,/home/arash/Projects/DrywellDT/deployments/Bioretention_truth_drift/state/_current_input.json,/home/arash/Projects/DrywellDT/deployments/Bioretention_truth_drift/state/state_20201012_000000.json,ok,
284,forward_advance,284,2026-07-29T02:07:04.218Z,2026-07-29T02:07:13.913Z,9.69500000,44116.00000000,44117.00000000,1.00000000,/home/arash/Projects/DrywellDT/deployments/Bioretention_truth_drift/state/_current_input.json,/home/arash/Projects/DrywellDT/deployments/Bioretention_truth_drift/state/state_20201013_000000.json,ok,
285,forward_advance,285,2026-07-29T02:14:16.218Z,2026-07-29T02:14:26.087Z,9.86900000,44117.00000000,44118.00000000,1.00000000,/home/arash/Projects/DrywellDT/deployments/Bioretention_truth_drift/state/_current_input.json,/home/arash/Projects/DrywellDT/deployments/Bioretention_truth_drift/state/state_20201014_000000.json,ok,
286,forward_advance,286,2026-07-29T02:21:28.158Z,2026-07-29T02:21:39.730Z,11.57200000,44118.00000000,44119.00000000,1.00000000,/home/arash/Projects/DrywellDT/deployments/Bioretention_truth_drift/state/_current_input.json,/home/arash/Projects/DrywellDT/deployments/Bioretention_truth_drift/state/state_20201015_000000.json,ok,
287,forward_advance,287,2026-07-29T02:28:40.218Z,2026-07-29T02:28:50.925Z,10.70700000,44119.00000000,44120.00000000,1.00000000,/home/arash/Projects/DrywellDT/deployments/Bioretention_truth_drift/state/_current_input.json,/home/arash/Projects/DrywellDT/deployments/Bioretention_truth_drift/state/state_20201016_000000.json,ok,
288,forward_advance,288,2026-07-29T02:35:52.218Z,2026-07-29T02:36:00.578Z,8.36000000,44120.00000000,44121.00000000,1.00000000,/home/arash/Projects/DrywellDT/deployments/Bioretention_truth_drift/state/_current_input.json,/home/arash/Projects/DrywellDT/deployments/Bioretention_truth_drift/state/state_20201017_000000.json,ok,
289,forward_advance,289,2026-07-29T02:43:04.218Z,2026-07-29T02:43:13.903Z,9.68500000,44121.00000000,44122.00000000,1.00000000,/home/arash/Projects/DrywellDT/deployments/Bioretention_truth_drift/state/_current_input.json,/home/arash/Projects/DrywellDT/deployments/Bioretention_truth_drift/state/state_20201018_000000.json,ok,
290,forward_advance,290,2026-07-29T02:50:16.218Z,2026-07-29T02:50:24.603Z,8.38500000,44122.00000000,44123.00000000,1.00000000,/home/arash/Projects/DrywellDT/deployments/Bioretention_truth_drift/state/_current_input.json,/home/arash/Projects/DrywellDT/deployments/Bioretention_truth_drift/state/state_20201019_000000.json,ok,
291,forward_advance,291,2026-07-29T02:57:28.218Z,2026-07-29T02:57:37.024Z,8.80600000,44123.00000000,44124.00000000,1.00000000,/home/arash/Projects/DrywellDT/deployments/Bioretention_truth_drift/state/_current_input.json,/home/arash/Projects/DrywellDT/deployments/Bioretention_truth_drift/state/state_20201020_000000.json,ok,
292,forward_advance,292,2026-07-29T03:04:40.218Z,2026-07-29T03:04:48.451Z,8.23300000,44124.00000000,44125.00000000,1.00000000,/home/arash/Projects/DrywellDT/deployments/Bioretention_truth_drift/state/_current_input.json,/home/arash/Projects/DrywellDT/deployments/Bioretention_truth_drift/state/state_20201021_000000.json,ok,
293,forward_advance,293,2026-07-29T03:11:52.217Z,2026-07-29T03:12:14.891Z,22.67400000,44125.00000000,44126.00000000,1.00000000,/home/arash/Projects/DrywellDT/deployments/Bioretention_truth_drift/state/_current_input.json,/home/arash/Projects/DrywellDT/deployments/Bioretention_truth_drift/state/state_20201022_000000.json,ok,
294,forward_advance,294,2026-07-29T03:19:04.123Z,2026-07-29T03:19:12.788Z,8.66500000,44126.00000000,44127.00000000,1.00000000,/home/arash/Projects/DrywellDT/deployments/Bioretention_truth_drift/state/_current_input.json,/home/arash/Projects/DrywellDT/deployments/Bioretention_truth_drift/state/state_20201023_000000.json,ok,
295,forward_advance,295,2026-07-29T03:26:16.181Z,2026-07-29T03:26:23.744Z,7.56300000,44127.00000000,44128.00000000,1.00000000,/home/arash/Projects/DrywellDT/deployments/Bioretention_truth_drift/state/_current_input.json,/home/arash/Projects/DrywellDT/deployments/Bioretention_truth_drift/state/state_20201024_000000.json,ok,
296,forward_advance,296,2026-07-29T03:33:28.218Z,2026-07-29T03:33:37.644Z,9.42600000,44128.00000000,44129.00000000,1.00000000,/home/arash/Projects/DrywellDT/deployments/Bioretention_truth_drift/state/_current_input.json,/home/arash/Projects/DrywellDT/deployments/Bioretention_truth_drift/state/state_20201025_000000.json,ok,
297,forward_advance,297,2026-07-29T03:40:40.218Z,2026-07-29T03:40:48.950Z,8.73200000,44129.00000000,44130.00000000,1.00000000,/home/arash/Projects/DrywellDT/deployments/Bioretention_truth_drift/state/_current_input.json,/home/arash/Projects/DrywellDT/deployments/Bioretention_truth_drift/state/state_20201026_000000.json,ok,
298,forward_advance,298,2026-07-29T03:47:52.218Z,2026-07-29T03:47:59.585Z,7.36700000,44130.00000000,44131.00000000,1.00000000,/home/arash/Projects/DrywellDT/deployments/Bioretention_truth_drift/state/_current_input.json,/home/arash/Projects/DrywellDT/deployments/Bioretention_truth_drift/state/state_20201027_000000.json,ok,
299,forward_advance,299,2026-07-29T03:55:04.219Z,2026-07-29T03:55:13.112Z,8.89300000,44131.00000000,44132.00000000,1.00000000,/home/arash/Projects/DrywellDT/deployments/Bioretention_truth_drift/state/_current_input.json,/home/arash/Projects/DrywellDT/deployments/Bioretention_truth_drift/state/state_20201028_000000.json,ok,
300,forward_advance,300,2026-07-29T04:02:16.218Z,2026-07-29T04:02:22.949Z,6.73100000,44132.00000000,44133.00000000,1.00000000,/home/arash/Projects/DrywellDT/deployments/Bioretention_truth_drift/state/_current_input.json,/home/arash/Projects/DrywellDT/deployments/Bioretention_truth_drift/state/state_20201029_000000.json,ok,
301,forward_advance,301,2026-07-29T04:09:28.218Z,2026-07-29T04:09:35.352Z,7.13400000,44133.00000000,44134.00000000,1.00000000,/home/arash/Projects/DrywellDT/deployments/Bioretention_truth_drift/state/_current_input.json,/home/arash/Projects/DrywellDT/deployments/Bioretention_truth_drift/state/state_20201030_000000.json,ok,
302,forward_advance,302,2026-07-29T04:16:40.218Z,2026-07-29T04:16:48.747Z,8.52900000,44134.00000000,44135.00000000,1.00000000,/home/arash/Projects/DrywellDT/deployments/Bioretention_truth_drift/state/_current_input.json,/home/arash/Projects/DrywellDT/deployments/Bioretention_truth_drift/state/state_20201031_000000.json,ok,
303,forward_advance,303,2026-07-29T04:23:52.218Z,2026-07-29T04:24:01.902Z,9.68400000,44135.00000000,44136.00000000,1.00000000,/home/arash/Projects/DrywellDT/deployments/Bioretention_truth_drift/state/_current_input.json,/home/arash/Projects/DrywellDT/deployments/Bioretention_truth_drift/state/state_20201101_000000.json,ok,
304,forward_advance,304,2026-07-29T04:31:04.146Z,2026-07-29T04:31:12.913Z,8.76700000,44136.00000000,44137.00000000,1.00000000,/home/arash/Projects/DrywellDT/deployments/Bioretention_truth_drift/state/_current_input.json,/home/arash/Projects/DrywellDT/deployments/Bioretention_truth_drift/state/state_20201102_000000.json,ok,
305,forward_advance,305,2026-07-29T04:38:16.218Z,2026-07-29T04:38:23.772Z,7.55400000,44137.00000000,44138.00000000,1.00000000,/home/arash/Projects/DrywellDT/deployments/Bioretention_truth_drift/state/_current_input.json,/home/arash/Projects/DrywellDT/deployments/Bioretention_truth_drift/state/state_20201103_000000.json,ok,
306,forward_advance,306,2026-07-29T04:45:28.118Z,2026-07-29T04:45:37.673Z,9.55500000,44138.00000000,44139.00000000,1.00000000,/home/arash/Projects/DrywellDT/deployments/Bioretention_truth_drift/state/_current_input.json,/home/arash/Projects/DrywellDT/deployments/Bioretention_truth_drift/state/state_20201104_000000.json,ok,
307,forward_advance,307,2026-07-29T04:52:40.134Z,2026-07-29T04:52:45.450Z,5.31600000,44139.00000000,44140.00000000,1.00000000,/home/arash/Projects/DrywellDT/deployments/Bioretention_truth_drift/state/_current_input.json,/home/arash/Projects/DrywellDT/deployments/Bioretention_truth_drift/state/state_20201105_000000.json,ok,
308,forward_advance,308,2026-07-29T04:59:52.217Z,2026-07-29T05:00:00.788Z,8.57100000,44140.00000000,44141.00000000,1.00000000,/home/arash/Projects/DrywellDT/deployments/Bioretention_truth_drift/state/_current_input.json,/home/arash/Projects/DrywellDT/deployments/Bioretention_truth_drift/state/state_20201106_000000.json,ok,
309,forward_advance,309,2026-07-29T05:07:04.132Z,2026-07-29T05:07:13.984Z,9.85200000,44141.00000000,44142.00000000,1.00000000,/home/arash/Projects/DrywellDT/deployments/Bioretention_truth_drift/state/_current_input.json,/home/arash/Projects/DrywellDT/deployments/Bioretention_truth_drift/state/state_20201107_000000.json,ok,
310,forward_advance,310,2026-07-29T05:14:16.217Z,2026-07-29T05:14:25.776Z,9.55900000,44142.00000000,44143.00000000,1.00000000,/home/arash/Projects/DrywellDT/deployments/Bioretention_truth_drift/state/_current_input.json,/home/arash/Projects/DrywellDT/deployments/Bioretention_truth_drift/state/state_20201108_000000.json,ok,
311,forward_advance,311,2026-07-29T05:21:28.218Z,2026-07-29T05:21:36.573Z,8.35500000,44143.00000000,44144.00000000,1.00000000,/home/arash/Projects/DrywellDT/deployments/Bioretention_truth_drift/state/_current_input.json,/home/arash/Projects/DrywellDT/deployments/Bioretention_truth_drift/state/state_20201109_000000.json,ok,
312,forward_advance,312,2026-07-29T05:28:40.216Z,2026-07-29T05:28:49.235Z,9.01900000,44144.00000000,44145.00000000,1.00000000,/home/arash/Projects/DrywellDT/deployments/Bioretention_truth_drift/state/_current_input.json,/home/arash/Projects/DrywellDT/deployments/Bioretention_truth_drift/state/state_20201110_000000.json,ok,
313,forward_advance,313,2026-07-29T05:35:52.118Z,2026-07-29T05:36:01.397Z,9.27900000,44145.00000000,44146.00000000,1.00000000,/home/arash/Projects/DrywellDT/deployments/Bioretention_truth_drift/state/_current_input.json,/home/arash/Projects/DrywellDT/deployments/Bioretention_truth_drift/state/state_20201111_000000.json,ok,
314,forward_advance,314,2026-07-29T05:43:04.195Z,2026-07-29T05:43:13.057Z,8.86200000,44146.00000000,44147.00000000,1.00000000,/home/arash/Projects/DrywellDT/deployments/Bioretention_truth_drift/state/_current_input.json,/home/arash/Projects/DrywellDT/deployments/Bioretention_truth_drift/state/state_20201112_000000.json,ok,
315,forward_advance,315,2026-07-29T05:50:16.218Z,2026-07-29T05:50:25.222Z,9.00400000,44147.00000000,44148.00000000,1.00000000,/home/arash/Projects/DrywellDT/deployments/Bioretention_truth_drift/state/_current_input.json,/home/arash/Projects/DrywellDT/deployments/Bioretention_truth_drift/state/state_20201113_000000.json,ok,
316,forward_advance,316,2026-07-29T05:57:28.217Z,2026-07-29T05:57:35.711Z,7.49400000,44148.00000000,44149.00000000,1.00000000,/home/arash/Projects/DrywellDT/deployments/Bioretention_truth_drift/state/_current_input.json,/home/arash/Projects/DrywellDT/deployments/Bioretention_truth_drift/state/state_20201114_000000.json,ok,
317,forward_advance,317,2026-07-29T06:04:40.122Z,2026-07-29T06:04:49.000Z,8.87800000,44149.00000000,44150.00000000,1.00000000,/home/arash/Projects/DrywellDT/deployments/Bioretention_truth_drift/state/_current_input.json,/home/arash/Projects/DrywellDT/deployments/Bioretention_truth_drift/state/state_20201115_000000.json,ok,
318,forward_advance,318,2026-07-29T06:11:52.161Z,2026-07-29T06:12:04.422Z,12.26100000,44150.00000000,44151.00000000,1.00000000,/home/arash/Projects/DrywellDT/deployments/Bioretention_truth_drift/state/_current_input.json,/home/arash/Projects/DrywellDT/deployments/Bioretention_truth_drift/state/state_20201116_000000.json,ok,
319,forward_advance,319,2026-07-29T06:19:04.216Z,2026-07-29T06:19:14.684Z,10.46800000,44151.00000000,44152.00000000,1.00000000,/home/arash/Projects/DrywellDT/deployments/Bioretention_truth_drift/state/_current_input.json,/home/arash/Projects/DrywellDT/deployments/Bioretention_truth_drift/state/state_20201117_000000.json,ok,
320,forward_advance,320,2026-07-29T06:26:16.218Z,2026-07-29T06:26:26.092Z,9.87400000,44152.00000000,44153.00000000,1.00000000,/home/arash/Projects/DrywellDT/deployments/Bioretention_truth_drift/state/_current_input.json,/home/arash/Projects/DrywellDT/deployments/Bioretention_truth_drift/state/state_20201118_000000.json,ok,
321,forward_advance,321,2026-07-29T06:33:28.218Z,2026-07-29T06:33:37.743Z,9.52500000,44153.00000000,44154.00000000,1.00000000,/home/arash/Projects/DrywellDT/deployments/Bioretention_truth_drift/state/_current_input.json,/home/arash/Projects/DrywellDT/deployments/Bioretention_truth_drift/state/state_20201119_000000.json,ok,
322,forward_advance,322,2026-07-29T06:40:40.208Z,2026-07-29T06:40:49.018Z,8.81000000,44154.00000000,44155.00000000,1.00000000,/home/arash/Projects/DrywellDT/deployments/Bioretention_truth_drift/state/_current_input.json,/home/arash/Projects/DrywellDT/deployments/Bioretention_truth_drift/state/state_20201120_000000.json,ok,
323,forward_advance,323,2026-07-29T06:47:52.217Z,2026-07-29T06:48:01.679Z,9.46200000,44155.00000000,44156.00000000,1.00000000,/home/arash/Projects/DrywellDT/deployments/Bioretention_truth_drift/state/_current_input.json,/home/arash/Projects/DrywellDT/deployments/Bioretention_truth_drift/state/state_20201121_000000.json,ok,
324,forward_advance,324,2026-07-29T06:55:04.218Z,2026-07-29T06:55:13.255Z,9.03700000,44156.00000000,44157.00000000,1.00000000,/home/arash/Projects/DrywellDT/deployments/Bioretention_truth_drift/state/_current_input.json,/home/arash/Projects/DrywellDT/deployments/Bioretention_truth_drift/state/state_20201122_000000.json,ok,
325,forward_advance,325,2026-07-29T07:02:16.218Z,2026-07-29T07:02:25.925Z,9.70700000,44157.00000000,44158.00000000,1.00000000,/home/arash/Projects/DrywellDT/deployments/Bioretention_truth_drift/state/_current_input.json,/home/arash/Projects/DrywellDT/deployments/Bioretention_truth_drift/state/state_20201123_000000.json,ok,
326,forward_advance,326,2026-07-29T07:09:28.218Z,2026-07-29T07:09:36.929Z,8.71100000,44158.00000000,44159.00000000,1.00000000,/home/arash/Projects/DrywellDT/deployments/Bioretention_truth_drift/state/_current_input.json,/home/arash/Projects/DrywellDT/deployments/Bioretention_truth_drift/state/state_20201124_000000.json,ok,
327,forward_advance,327,2026-07-29T07:16:40.180Z,2026-07-29T07:16:50.586Z,10.40600000,44159.00000000,44160.00000000,1.00000000,/home/arash/Projects/DrywellDT/deployments/Bioretention_truth_drift/state/_current_input.json,/home/arash/Projects/DrywellDT/deployments/Bioretention_truth_drift/state/state_20201125_000000.json,ok,
328,forward_advance,328,2026-07-29T07:23:52.139Z,2026-07-29T07:24:00.719Z,8.58000000,44160.00000000,44161.00000000,1.00000000,/home/arash/Projects/DrywellDT/deployments/Bioretention_truth_drift/state/_current_input.json,/home/arash/Projects/DrywellDT/deployments/Bioretention_truth_drift/state/state_20201126_000000.json,ok,
329,forward_advance,329,2026-07-29T07:31:04.219Z,2026-07-29T07:31:13.484Z,9.26500000,44161.00000000,44162.00000000,1.00000000,/home/arash/Projects/DrywellDT/deployments/Bioretention_truth_drift/state/_current_input.json,/home/arash/Projects/DrywellDT/deployments/Bioretention_truth_drift/state/state_20201127_000000.json,ok,
330,forward_advance,330,2026-07-29T07:38:16.218Z,2026-07-29T07:38:25.220Z,9.00200000,44162.00000000,44163.00000000,1.00000000,/home/arash/Projects/DrywellDT/deployments/Bioretention_truth_drift/state/_current_input.json,/home/arash/Projects/DrywellDT/deployments/Bioretention_truth_drift/state/state_20201128_000000.json,ok,
331,forward_advance,331,2026-07-29T07:45:28.218Z,2026-07-29T07:45:38.835Z,10.61700000,44163.00000000,44164.00000000,1.00000000,/home/arash/Projects/DrywellDT/deployments/Bioretention_truth_drift/state/_current_input.json,/home/arash/Projects/DrywellDT/deployments/Bioretention_truth_drift/state/state_20201129_000000.json,ok,
332,forward_advance,332,2026-07-29T07:52:40.123Z,2026-07-29T07:52:48.670Z,8.54700000,44164.00000000,44165.00000000,1.00000000,/home/arash/Projects/DrywellDT/deployments/Bioretention_truth_drift/state/_current_input.json,/home/arash/Projects/DrywellDT/deployments/Bioretention_truth_drift/state/state_20201130_000000.json,ok,
333,forward_advance,333,2026-07-29T07:59:52.219Z,2026-07-29T07:59:59.427Z,7.20800000,44165.00000000,44166.00000000,1.00000000,/home/arash/Projects/DrywellDT/deployments/Bioretention_truth_drift/state/_current_input.json,/home/arash/Projects/DrywellDT/deployments/Bioretention_truth_drift/state/state_20201201_000000.json,ok,
334,forward_advance,334,2026-07-29T08:07:04.217Z,2026-07-29T08:07:10.964Z,6.74700000,44166.00000000,44167.00000000,1.00000000,/home/arash/Projects/DrywellDT/deployments/Bioretention_truth_drift/state/_current_input.json,/home/arash/Projects/DrywellDT/deployments/Bioretention_truth_drift/state/state_20201202_000000.json,ok,
335,forward_advance,335,2026-07-29T08:14:16.219Z,2026-07-29T08:14:26.956Z,10.73700000,44167.00000000,44168.00000000,1.00000000,/home/arash/Projects/DrywellDT/deployments/Bioretention_truth_drift/state/_current_input.json,/home/arash/Projects/DrywellDT/deployments/Bioretention_truth_drift/state/state_20201203_000000.json,ok,
336,forward_advance,336,2026-07-29T08:21:28.121Z,2026-07-29T08:21:37.247Z,9.12600000,44168.00000000,44169.00000000,1.00000000,/home/arash/Projects/DrywellDT/deployments/Bioretention_truth_drift/state/_current_input.json,/home/arash/Projects/DrywellDT/deployments/Bioretention_truth_drift/state/state_20201204_000000.json,ok,
337,forward_advance,337,2026-07-29T08:28:40.138Z,2026-07-29T08:28:50.621Z,10.48300000,44169.00000000,44170.00000000,1.00000000,/home/arash/Projects/DrywellDT/deployments/Bioretention_truth_drift/state/_current_input.json,/home/arash/Projects/DrywellDT/deployments/Bioretention_truth_drift/state/state_20201205_000000.json,ok,
338,forward_advance,338,2026-07-29T08:35:52.218Z,2026-07-29T08:36:02.601Z,10.38300000,44170.00000000,44171.00000000,1.00000000,/home/arash/Projects/DrywellDT/deployments/Bioretention_truth_drift/state/_current_input.json,/home/arash/Projects/DrywellDT/deployments/Bioretention_truth_drift/state/state_20201206_000000.json,ok,
339,forward_advance,339,2026-07-29T08:43:04.219Z,2026-07-29T08:43:14.770Z,10.55100000,44171.00000000,44172.00000000,1.00000000,/home/arash/Projects/DrywellDT/deployments/Bioretention_truth_drift/state/_current_input.json,/home/arash/Projects/DrywellDT/deployments/Bioretention_truth_drift/state/state_20201207_000000.json,ok,
340,forward_advance,340,2026-07-29T08:50:16.153Z,2026-07-29T08:50:24.391Z,8.23800000,44172.00000000,44173.00000000,1.00000000,/home/arash/Projects/DrywellDT/deployments/Bioretention_truth_drift/state/_current_input.json,/home/arash/Projects/DrywellDT/deployments/Bioretention_truth_drift/state/state_20201208_000000.json,ok,
341,forward_advance,341,2026-07-29T08:57:28.219Z,2026-07-29T08:57:35.833Z,7.61400000,44173.00000000,44174.00000000,1.00000000,/home/arash/Projects/DrywellDT/deployments/Bioretention_truth_drift/state/_current_input.json,/home/arash/Projects/DrywellDT/deployments/Bioretention_truth_drift/state/state_20201209_000000.json,ok,
342,forward_advance,342,2026-07-29T09:04:40.218Z,2026-07-29T09:04:50.075Z,9.85700000,44174.00000000,44175.00000000,1.00000000,/home/arash/Projects/DrywellDT/deployments/Bioretention_truth_drift/state/_current_input.json,/home/arash/Projects/DrywellDT/deployments/Bioretention_truth_drift/state/state_20201210_000000.json,ok,
343,forward_advance,343,2026-07-29T09:11:52.166Z,2026-07-29T09:12:02.865Z,10.69900000,44175.00000000,44176.00000000,1.00000000,/home/arash/Projects/DrywellDT/deployments/Bioretention_truth_drift/state/_current_input.json,/home/arash/Projects/DrywellDT/deployments/Bioretention_truth_drift/state/state_20201211_000000.json,ok,
344,forward_advance,344,2026-07-29T09:19:04.218Z,2026-07-29T09:19:13.502Z,9.28400000,44176.00000000,44177.00000000,1.00000000,/home/arash/Projects/DrywellDT/deployments/Bioretention_truth_drift/state/_current_input.json,/home/arash/Projects/DrywellDT/deployments/Bioretention_truth_drift/state/state_20201212_000000.json,ok,
345,forward_advance,345,2026-07-29T09:26:16.149Z,2026-07-29T09:26:26.009Z,9.86000000,44177.00000000,44178.00000000,1.00000000,/home/arash/Projects/DrywellDT/deployments/Bioretention_truth_drift/state/_current_input.json,/home/arash/Projects/DrywellDT/deployments/Bioretention_truth_drift/state/state_20201213_000000.json,ok,
346,forward_advance,346,2026-07-29T09:33:28.218Z,2026-07-29T09:33:36.323Z,8.10500000,44178.00000000,44179.00000000,1.00000000,/home/arash/Projects/DrywellDT/deployments/Bioretention_truth_drift/state/_current_input.json,/home/arash/Projects/DrywellDT/deployments/Bioretention_truth_drift/state/state_20201214_000000.json,ok,
347,forward_advance,347,2026-07-29T09:40:40.218Z,2026-07-29T09:40:50.663Z,10.44500000,44179.00000000,44180.00000000,1.00000000,/home/arash/Projects/DrywellDT/deployments/Bioretention_truth_drift/state/_current_input.json,/home/arash/Projects/DrywellDT/deployments/Bioretention_truth_drift/state/state_20201215_000000.json,ok,
348,forward_advance,348,2026-07-29T09:47:52.218Z,2026-07-29T09:48:00.291Z,8.07300000,44180.00000000,44181.00000000,1.00000000,/home/arash/Projects/DrywellDT/deployments/Bioretention_truth_drift/state/_current_input.json,/home/arash/Projects/DrywellDT/deployments/Bioretention_truth_drift/state/state_20201216_000000.json,ok,
349,forward_advance,349,2026-07-29T09:55:04.143Z,2026-07-29T09:55:10.353Z,6.21000000,44181.00000000,44182.00000000,1.00000000,/home/arash/Projects/DrywellDT/deployments/Bioretention_truth_drift/state/_current_input.json,/home/arash/Projects/DrywellDT/deployments/Bioretention_truth_drift/state/state_20201217_000000.json,ok,
350,forward_advance,350,2026-07-29T10:02:16.218Z,2026-07-29T10:02:29.269Z,13.05100000,44182.00000000,44183.00000000,1.00000000,/home/arash/Projects/DrywellDT/deployments/Bioretention_truth_drift/state/_current_input.json,/home/arash/Projects/DrywellDT/deployments/Bioretention_truth_drift/state/state_20201218_000000.json,ok,
351,forward_advance,351,2026-07-29T10:09:28.213Z,2026-07-29T10:09:38.144Z,9.93100000,44183.00000000,44184.00000000,1.00000000,/home/arash/Projects/DrywellDT/deployments/Bioretention_truth_drift/state/_current_input.json,/home/arash/Projects/DrywellDT/deployments/Bioretention_truth_drift/state/state_20201219_000000.json,ok,
352,forward_advance,352,2026-07-29T10:16:40.131Z,2026-07-29T10:16:52.248Z,12.11700000,44184.00000000,44185.00000000,1.00000000,/home/arash/Projects/DrywellDT/deployments/Bioretention_truth_drift/state/_current_input.json,/home/arash/Projects/DrywellDT/deployments/Bioretention_truth_drift/state/state_20201220_000000.json,ok,
353,forward_advance,353,2026-07-29T10:23:52.218Z,2026-07-29T10:24:02.626Z,10.40800000,44185.00000000,44186.00000000,1.00000000,/home/arash/Projects/DrywellDT/deployments/Bioretention_truth_drift/state/_current_input.json,/home/arash/Projects/DrywellDT/deployments/Bioretention_truth_drift/state/state_20201221_000000.json,ok,
354,forward_advance,354,2026-07-29T10:31:04.184Z,2026-07-29T10:31:15.382Z,11.19800000,44186.00000000,44187.00000000,1.00000000,/home/arash/Projects/DrywellDT/deployments/Bioretention_truth_drift/state/_current_input.json,/home/arash/Projects/DrywellDT/deployments/Bioretention_truth_drift/state/state_20201222_000000.json,ok,
355,forward_advance,355,2026-07-29T10:38:16.218Z,2026-07-29T10:38:25.658Z,9.44000000,44187.00000000,44188.00000000,1.00000000,/home/arash/Projects/DrywellDT/deployments/Bioretention_truth_drift/state/_current_input.json,/home/arash/Projects/DrywellDT/deployments/Bioretention_truth_drift/state/state_20201223_000000.json,ok,
356,forward_advance,356,2026-07-29T10:45:28.219Z,2026-07-29T10:45:38.107Z,9.88800000,44188.00000000,44189.00000000,1.00000000,/home/arash/Projects/DrywellDT/deployments/Bioretention_truth_drift/state/_current_input.json,/home/arash/Projects/DrywellDT/deployments/Bioretention_truth_drift/state/state_20201224_000000.json,ok,
357,forward_advance,357,2026-07-29T10:52:40.218Z,2026-07-29T10:52:50.514Z,10.29600000,44189.00000000,44190.00000000,1.00000000,/home/arash/Projects/DrywellDT/deployments/Bioretention_truth_drift/state/_current_input.json,/home/arash/Projects/DrywellDT/deployments/Bioretention_truth_drift/state/state_20201225_000000.json,ok,
358,forward_advance,358,2026-07-29T10:59:52.147Z,2026-07-29T11:00:01.278Z,9.13100000,44190.00000000,44191.00000000,1.00000000,/home/arash/Projects/DrywellDT/deployments/Bioretention_truth_drift/state/_current_input.json,/home/arash/Projects/DrywellDT/deployments/Bioretention_truth_drift/state/state_20201226_000000.json,ok,
359,forward_advance,359,2026-07-29T11:07:04.218Z,2026-07-29T11:07:15.980Z,11.76200000,44191.00000000,44192.00000000,1.00000000,/home/arash/Projects/DrywellDT/deployments/Bioretention_truth_drift/state/_current_input.json,/home/arash/Projects/DrywellDT/deployments/Bioretention_truth_drift/state/state_20201227_000000.json,ok,
360,forward_advance,360,2026-07-29T11:14:16.218Z,2026-07-29T11:14:26.913Z,10.69500000,44192.00000000,44193.00000000,1.00000000,/home/arash/Projects/DrywellDT/deployments/Bioretention_truth_drift/state/_current_input.json,/home/arash/Projects/DrywellDT/deployments/Bioretention_truth_drift/state/state_20201228_000000.json,ok,
361,forward_advance,361,2026-07-29T11:21:28.218Z,2026-07-29T11:21:38.817Z,10.59900000,44193.00000000,44194.00000000,1.00000000,/home/arash/Projects/DrywellDT/deployments/Bioretention_truth_drift/state/_current_input.json,/home/arash/Projects/DrywellDT/deployments/Bioretention_truth_drift/state/state_20201229_000000.json,ok,
362,forward_advance,362,2026-07-29T11:28:40.218Z,2026-07-29T11:28:49.914Z,9.69600000,44194.00000000,44195.00000000,1.00000000,/home/arash/Projects/DrywellDT/deployments/Bioretention_truth_drift/state/_current_input.json,/home/arash/Projects/DrywellDT/deployments/Bioretention_truth_drift/state/state_20201230_000000.json,ok,
363,forward_advance,363,2026-07-29T11:35:52.218Z,2026-07-29T11:36:03.021Z,10.80300000,44195.00000000,44196.00000000,1.00000000,/home/arash/Projects/DrywellDT/deployments/Bioretention_truth_drift/state/_current_input.json,/home/arash/Projects/DrywellDT/deployments/Bioretention_truth_drift/state/state_20201231_000000.json,ok,
364,forward_advance,364,2026-07-29T11:43:04.140Z,2026-07-29T11:43:17.205Z,13.06500000,44196.00000000,44197.00000000,1.00000000,/home/arash/Projects/DrywellDT/deployments/Bioretention_truth_drift/state/_current_input.json,/home/arash/Projects/DrywellDT/deployments/Bioretention_truth_drift/state/state_20210101_000000.json,ok,
365,forward_advance,365,2026-07-29T11:50:16.161Z,2026-07-29T11:50:26.499Z,10.33800000,44197.00000000,44198.00000000,1.00000000,/home/arash/Projects/DrywellDT/deployments/Bioretention_truth_drift/state/_current_input.json,/home/arash/Projects/DrywellDT/deployments/Bioretention_truth_drift/state/state_20210102_000000.json,ok,
366,forward_advance,366,2026-07-29T11:57:28.131Z,2026-07-29T11:57:38.304Z,10.17300000,44198.00000000,44199.00000000,1.00000000,/home/arash/Projects/DrywellDT/deployments/Bioretention_truth_drift/state/_current_input.json,/home/arash/Projects/DrywellDT/deployments/Bioretention_truth_drift/state/state_20210103_000000.json,ok,
367,forward_advance,367,2026-07-29T12:04:40.174Z,2026-07-29T12:04:50.062Z,9.88800000,44199.00000000,44200.00000000,1.00000000,/home/arash/Projects/DrywellDT/deployments/Bioretention_truth_drift/state/_current_input.json,/home/arash/Projects/DrywellDT/deployments/Bioretention_truth_drift/state/state_20210104_000000.json,ok,
368,forward_advance,368,2026-07-29T12:11:52.218Z,2026-07-29T12:12:01.772Z,9.55400000,44200.00000000,44201.00000000,1.00000000,/home/arash/Projects/DrywellDT/deployments/Bioretention_truth_drift/state/_current_input.json,/home/arash/Projects/DrywellDT/deployments/Bioretention_truth_drift/state/state_20210105_000000.json,ok,
369,forward_advance,369,2026-07-29T12:19:04.204Z,2026-07-29T12:19:13.458Z,9.25400000,44201.00000000,44202.00000000,1.00000000,/home/arash/Projects/DrywellDT/deployments/Bioretention_truth_drift/state/_current_input.json,/home/arash/Projects/DrywellDT/deployments/Bioretention_truth_drift/state/state_20210106_000000.json,ok,
370,forward_advance,370,2026-07-29T12:26:16.217Z,2026-07-29T12:26:29.553Z,13.33600000,44202.00000000,44203.00000000,1.00000000,/home/arash/Projects/DrywellDT/deployments/Bioretention_truth_drift/state/_current_input.json,/home/arash/Projects/DrywellDT/deployments/Bioretention_truth_drift/state/state_20210107_000000.json,ok,
371,forward_advance,371,2026-07-29T12:33:28.218Z,2026-07-29T12:33:38.347Z,10.12900000,44203.00000000,44204.00000000,1.00000000,/home/arash/Projects/DrywellDT/deployments/Bioretention_truth_drift/state/_current_input.json,/home/arash/Projects/DrywellDT/deployments/Bioretention_truth_drift/state/state_20210108_000000.json,ok,
372,forward_advance,372,2026-07-29T12:40:40.218Z,2026-07-29T12:40:48.236Z,8.01800000,44204.00000000,44205.00000000,1.00000000,/home/arash/Projects/DrywellDT/deployments/Bioretention_truth_drift/state/_current_input.json,/home/arash/Projects/DrywellDT/deployments/Bioretention_truth_drift/state/state_20210109_000000.json,ok,
373,forward_advance,373,2026-07-29T12:47:52.196Z,2026-07-29T12:47:59.066Z,6.87000000,44205.00000000,44206.00000000,1.00000000,/home/arash/Projects/DrywellDT/deployments/Bioretention_truth_drift/state/_current_input.json,/home/arash/Projects/DrywellDT/deployments/Bioretention_truth_drift/state/state_20210110_000000.json,ok,
374,forward_advance,374,2026-07-29T12:55:04.218Z,2026-07-29T12:55:10.805Z,6.58700000,44206.00000000,44207.00000000,1.00000000,/home/arash/Projects/DrywellDT/deployments/Bioretention_truth_drift/state/_current_input.json,/home/arash/Projects/DrywellDT/deployments/Bioretention_truth_drift/state/state_20210111_000000.json,ok,
375,forward_advance,375,2026-07-29T13:02:16.218Z,2026-07-29T13:02:23.048Z,6.83000000,44207.00000000,44208.00000000,1.00000000,/home/arash/Projects/DrywellDT/deployments/Bioretention_truth_drift/state/_current_input.json,/home/arash/Projects/DrywellDT/deployments/Bioretention_truth_drift/state/state_20210112_000000.json,ok,
376,forward_advance,376,2026-07-29T13:09:28.217Z,2026-07-29T13:09:34.971Z,6.75400000,44208.00000000,44209.00000000,1.00000000,/home/arash/Projects/DrywellDT/deployments/Bioretention_truth_drift/state/_current_input.json,/home/arash/Projects/DrywellDT/deployments/Bioretention_truth_drift/state/state_20210113_000000.json,ok,
377,forward_advance,377,2026-07-29T13:16:40.120Z,2026-07-29T13:16:47.031Z,6.91100000,44209.00000000,44210.00000000,1.00000000,/home/arash/Projects/DrywellDT/deployments/Bioretention_truth_drift/state/_current_input.json,/home/arash/Projects/DrywellDT/deployments/Bioretention_truth_drift/state/state_20210114_000000.json,ok,
378,forward_advance,378,2026-07-29T13:23:52.218Z,2026-07-29T13:23:59.208Z,6.99000000,44210.00000000,44211.00000000,1.00000000,/home/arash/Projects/DrywellDT/deployments/Bioretention_truth_drift/state/_current_input.json,/home/arash/Projects/DrywellDT/deployments/Bioretention_truth_drift/state/state_20210115_000000.json,ok,
379,forward_advance,379,2026-07-29T13:31:04.221Z,2026-07-29T13:31:13.808Z,9.58700000,44211.00000000,44212.00000000,1.00000000,/home/arash/Projects/DrywellDT/deployments/Bioretention_truth_drift/state/_current_input.json,/home/arash/Projects/DrywellDT/deployments/Bioretention_truth_drift/state/state_20210116_000000.json,ok,
380,forward_advance,380,2026-07-29T13:38:16.219Z,2026-07-29T13:38:22.428Z,6.20900000,44212.00000000,44213.00000000,1.00000000,/home/arash/Projects/DrywellDT/deployments/Bioretention_truth_drift/state/_current_input.json,/home/arash/Projects/DrywellDT/deployments/Bioretention_truth_drift/state/state_20210117_000000.json,ok,
381,forward_advance,381,2026-07-29T13:45:28.218Z,2026-07-29T13:45:33.441Z,5.22300000,44213.00000000,44214.00000000,1.00000000,/home/arash/Projects/DrywellDT/deployments/Bioretention_truth_drift/state/_current_input.json,/home/arash/Projects/DrywellDT/deployments/Bioretention_truth_drift/state/state_20210118_000000.json,ok,
382,forward_advance,382,2026-07-29T13:52:40.221Z,2026-07-29T13:52:47.063Z,6.84200000,44214.00000000,44215.00000000,1.00000000,/home/arash/Projects/DrywellDT/deployments/Bioretention_truth_drift/state/_current_input.json,/home/arash/Projects/DrywellDT/deployments/Bioretention_truth_drift/state/state_20210119_000000.json,ok,
383,forward_advance,383,2026-07-29T13:59:52.218Z,2026-07-29T13:59:59.009Z,6.79100000,44215.00000000,44216.00000000,1.00000000,/home/arash/Projects/DrywellDT/deployments/Bioretention_truth_drift/state/_current_input.json,/home/arash/Projects/DrywellDT/deployments/Bioretention_truth_drift/state/state_20210120_000000.json,ok,
384,forward_advance,384,2026-07-29T14:07:04.219Z,2026-07-29T14:07:11.111Z,6.89200000,44216.00000000,44217.00000000,1.00000000,/home/arash/Projects/DrywellDT/deployments/Bioretention_truth_drift/state/_current_input.json,/home/arash/Projects/DrywellDT/deployments/Bioretention_truth_drift/state/state_20210121_000000.json,ok,
385,forward_advance,385,2026-07-29T14:14:16.211Z,2026-07-29T14:14:22.874Z,6.66300000,44217.00000000,44218.00000000,1.00000000,/home/arash/Projects/DrywellDT/deployments/Bioretention_truth_drift/state/_current_input.json,/home/arash/Projects/DrywellDT/deployments/Bioretention_truth_drift/state/state_20210122_000000.json,ok,
386,forward_advance,386,2026-07-29T14:21:28.218Z,2026-07-29T14:21:34.674Z,6.45600000,44218.00000000,44219.00000000,1.00000000,/home/arash/Projects/DrywellDT/deployments/Bioretention_truth_drift/state/_current_input.json,/home/arash/Projects/DrywellDT/deployments/Bioretention_truth_drift/state/state_20210123_000000.json,ok,
387,forward_advance,387,2026-07-29T14:28:40.120Z,2026-07-29T14:28:46.722Z,6.60200000,44219.00000000,44220.00000000,1.00000000,/home/arash/Projects/DrywellDT/deployments/Bioretention_truth_drift/state/_current_input.json,/home/arash/Projects/DrywellDT/deployments/Bioretention_truth_drift/state/state_20210124_000000.json,ok,
388,forward_advance,388,2026-07-29T14:35:52.221Z,2026-07-29T14:36:02.579Z,10.35800000,44220.00000000,44221.00000000,1.00000000,/home/arash/Projects/DrywellDT/deployments/Bioretention_truth_drift/state/_current_input.json,/home/arash/Projects/DrywellDT/deployments/Bioretention_truth_drift/state/state_20210125_000000.json,ok,
389,forward_advance,389,2026-07-29T14:43:04.219Z,2026-07-29T14:43:13.766Z,9.54700000,44221.00000000,44222.00000000,1.00000000,/home/arash/Projects/DrywellDT/deployments/Bioretention_truth_drift/state/_current_input.json,/home/arash/Projects/DrywellDT/deployments/Bioretention_truth_drift/state/state_20210126_000000.json,ok,
390,forward_advance,390,2026-07-29T14:50:16.218Z,2026-07-29T14:50:27.059Z,10.84100000,44222.00000000,44223.00000000,1.00000000,/home/arash/Projects/DrywellDT/deployments/Bioretention_truth_drift/state/_current_input.json,/home/arash/Projects/DrywellDT/deployments/Bioretention_truth_drift/state/state_20210127_000000.json,ok,
391,forward_advance,391,2026-07-29T14:57:28.143Z,2026-07-29T14:57:34.186Z,6.04300000,44223.00000000,44224.00000000,1.00000000,/home/arash/Projects/DrywellDT/deployments/Bioretention_truth_drift/state/_current_input.json,/home/arash/Projects/DrywellDT/deployments/Bioretention_truth_drift/state/state_20210128_000000.json,ok,
392,forward_advance,392,2026-07-29T15:04:40.218Z,2026-07-29T15:04:47.020Z,6.80200000,44224.00000000,44225.00000000,1.00000000,/home/arash/Projects/DrywellDT/deployments/Bioretention_truth_drift/state/_current_input.json,/home/arash/Projects/DrywellDT/deployments/Bioretention_truth_drift/state/state_20210129_000000.json,ok,
393,forward_advance,393,2026-07-29T15:11:52.218Z,2026-07-29T15:11:59.284Z,7.06600000,44225.00000000,44226.00000000,1.00000000,/home/arash/Projects/DrywellDT/deployments/Bioretention_truth_drift/state/_current_input.json,/home/arash/Projects/DrywellDT/deployments/Bioretention_truth_drift/state/state_20210130_000000.json,ok,
394,forward_advance,394,2026-07-29T15:19:04.222Z,2026-07-29T15:19:10.229Z,6.00700000,44226.00000000,44227.00000000,1.00000000,/home/arash/Projects/DrywellDT/deployments/Bioretention_truth_drift/state/_current_input.json,/home/arash/Projects/DrywellDT/deployments/Bioretention_truth_drift/state/state_20210131_000000.json,ok,
395,forward_advance,395,2026-07-29T15:26:16.120Z,2026-07-29T15:26:28.947Z,12.82700000,44227.00000000,44228.00000000,1.00000000,/home/arash/Projects/DrywellDT/deployments/Bioretention_truth_drift/state/_current_input.json,/home/arash/Projects/DrywellDT/deployments/Bioretention_truth_drift/state/state_20210201_000000.json,ok,
396,forward_advance,396,2026-07-29T15:33:28.218Z,2026-07-29T15:33:35.630Z,7.41200000,44228.00000000,44229.00000000,1.00000000,/home/arash/Projects/DrywellDT/deployments/Bioretention_truth_drift/state/_current_input.json,/home/arash/Projects/DrywellDT/deployments/Bioretention_truth_drift/state/state_20210202_000000.json,ok,
397,forward_advance,397,2026-07-29T15:40:40.220Z,2026-07-29T15:40:46.986Z,6.76600000,44229.00000000,44230.00000000,1.00000000,/home/arash/Projects/DrywellDT/deployments/Bioretention_truth_drift/state/_current_input.json,/home/arash/Projects/DrywellDT/deployments/Bioretention_truth_drift/state/state_20210203_000000.json,ok,
398,forward_advance,398,2026-07-29T15:47:52.219Z,2026-07-29T15:48:02.681Z,10.46200000,44230.00000000,44231.00000000,1.00000000,/home/arash/Projects/DrywellDT/deployments/Bioretention_truth_drift/state/_current_input.json,/home/arash/Projects/DrywellDT/deployments/Bioretention_truth_drift/state/state_20210204_000000.json,ok,
399,forward_advance,399,2026-07-29T15:55:04.218Z,2026-07-29T15:55:11.903Z,7.68500000,44231.00000000,44232.00000000,1.00000000,/home/arash/Projects/DrywellDT/deployments/Bioretention_truth_drift/state/_current_input.json,/home/arash/Projects/DrywellDT/deployments/Bioretention_truth_drift/state/state_20210205_000000.json,ok,
400,forward_advance,400,2026-07-29T16:02:16.160Z,2026-07-29T16:02:21.157Z,4.99700000,44232.00000000,44233.00000000,1.00000000,/home/arash/Projects/DrywellDT/deployments/Bioretention_truth_drift/state/_current_input.json,/home/arash/Projects/DrywellDT/deployments/Bioretention_truth_drift/state/state_20210206_000000.json,ok,
401,forward_advance,401,2026-07-29T16:09:28.219Z,2026-07-29T16:09:34.275Z,6.05600000,44233.00000000,44234.00000000,1.00000000,/home/arash/Projects/DrywellDT/deployments/Bioretention_truth_drift/state/_current_input.json,/home/arash/Projects/DrywellDT/deployments/Bioretention_truth_drift/state/state_20210207_000000.json,ok,
402,forward_advance,402,2026-07-29T16:16:40.217Z,2026-07-29T16:16:46.280Z,6.06300000,44234.00000000,44235.00000000,1.00000000,/home/arash/Projects/DrywellDT/deployments/Bioretention_truth_drift/state/_current_input.json,/home/arash/Projects/DrywellDT/deployments/Bioretention_truth_drift/state/state_20210208_000000.json,ok,
403,forward_advance,403,2026-07-29T16:23:52.136Z,2026-07-29T16:23:58.179Z,6.04300000,44235.00000000,44236.00000000,1.00000000,/home/arash/Projects/DrywellDT/deployments/Bioretention_truth_drift/state/_current_input.json,/home/arash/Projects/DrywellDT/deployments/Bioretention_truth_drift/state/state_20210209_000000.json,ok,
404,forward_advance,404,2026-07-29T16:31:04.218Z,2026-07-29T16:31:10.028Z,5.81000000,44236.00000000,44237.00000000,1.00000000,/home/arash/Projects/DrywellDT/deployments/Bioretention_truth_drift/state/_current_input.json,/home/arash/Projects/DrywellDT/deployments/Bioretention_truth_drift/state/state_20210210_000000.json,ok,
405,forward_advance,405,2026-07-29T16:38:16.218Z,2026-07-29T16:38:25.911Z,9.69300000,44237.00000000,44238.00000000,1.00000000,/home/arash/Projects/DrywellDT/deployments/Bioretention_truth_drift/state/_current_input.json,/home/arash/Projects/DrywellDT/deployments/Bioretention_truth_drift/state/state_20210211_000000.json,ok,
406,forward_advance,406,2026-07-29T16:45:28.221Z,2026-07-29T16:45:35.376Z,7.15500000,44238.00000000,44239.00000000,1.00000000,/home/arash/Projects/DrywellDT/deployments/Bioretention_truth_drift/state/_current_input.json,/home/arash/Projects/DrywellDT/deployments/Bioretention_truth_drift/state/state_20210212_000000.json,ok,
407,forward_advance,407,2026-07-29T16:52:40.199Z,2026-07-29T16:52:49.318Z,9.11900000,44239.00000000,44240.00000000,1.00000000,/home/arash/Projects/DrywellDT/deployments/Bioretention_truth_drift/state/_current_input.json,/home/arash/Projects/DrywellDT/deployments/Bioretention_truth_drift/state/state_20210213_000000.json,ok,
408,forward_advance,408,2026-07-29T16:59:52.142Z,2026-07-29T16:59:59.224Z,7.08200000,44240.00000000,44241.00000000,1.00000000,/home/arash/Projects/DrywellDT/deployments/Bioretention_truth_drift/state/_current_input.json,/home/arash/Projects/DrywellDT/deployments/Bioretention_truth_drift/state/state_20210214_000000.json,ok,
409,forward_advance,409,2026-07-29T17:07:04.219Z,2026-07-29T17:07:10.687Z,6.46800000,44241.00000000,44242.00000000,1.00000000,/home/arash/Projects/DrywellDT/deployments/Bioretention_truth_drift/state/_current_input.json,/home/arash/Projects/DrywellDT/deployments/Bioretention_truth_drift/state/state_20210215_000000.json,ok,
410,forward_advance,410,2026-07-29T17:14:16.219Z,2026-07-29T17:14:28.441Z,12.22200000,44242.00000000,44243.00000000,1.00000000,/home/arash/Projects/DrywellDT/deployments/Bioretention_truth_drift/state/_current_input.json,/home/arash/Projects/DrywellDT/deployments/Bioretention_truth_drift/state/state_20210216_000000.json,ok,
411,forward_advance,411,2026-07-29T17:21:28.195Z,2026-07-29T17:21:37.258Z,9.06300000,44243.00000000,44244.00000000,1.00000000,/home/arash/Projects/DrywellDT/deployments/Bioretention_truth_drift/state/_current_input.json,/home/arash/Projects/DrywellDT/deployments/Bioretention_truth_drift/state/state_20210217_000000.json,ok,
412,forward_advance,412,2026-07-29T17:28:40.214Z,2026-07-29T17:28:50.992Z,10.77800000,44244.00000000,44245.00000000,1.00000000,/home/arash/Projects/DrywellDT/deployments/Bioretention_truth_drift/state/_current_input.json,/home/arash/Projects/DrywellDT/deployments/Bioretention_truth_drift/state/state_20210218_000000.json,ok,
413,forward_advance,413,2026-07-29T17:35:52.219Z,2026-07-29T17:36:00.082Z,7.86300000,44245.00000000,44246.00000000,1.00000000,/home/arash/Projects/DrywellDT/deployments/Bioretention_truth_drift/state/_current_input.json,/home/arash/Projects/DrywellDT/deployments/Bioretention_truth_drift/state/state_20210219_000000.json,ok,
414,forward_advance,414,2026-07-29T17:43:04.119Z,2026-07-29T17:43:13.704Z,9.58500000,44246.00000000,44247.00000000,1.00000000,/home/arash/Projects/DrywellDT/deployments/Bioretention_truth_drift/state/_current_input.json,/home/arash/Projects/DrywellDT/deployments/Bioretention_truth_drift/state/state_20210220_000000.json,ok,
415,forward_advance,415,2026-07-29T17:50:16.220Z,2026-07-29T17:50:24.303Z,8.08300000,44247.00000000,44248.00000000,1.00000000,/home/arash/Projects/DrywellDT/deployments/Bioretention_truth_drift/state/_current_input.json,/home/arash/Projects/DrywellDT/deployments/Bioretention_truth_drift/state/state_20210221_000000.json,ok,
416,forward_advance,416,2026-07-29T17:57:28.219Z,2026-07-29T17:57:37.482Z,9.26300000,44248.00000000,44249.00000000,1.00000000,/home/arash/Projects/DrywellDT/deployments/Bioretention_truth_drift/state/_current_input.json,/home/arash/Projects/DrywellDT/deployments/Bioretention_truth_drift/state/state_20210222_000000.json,ok,
417,forward_advance,417,2026-07-29T18:04:40.218Z,2026-07-29T18:04:50.030Z,9.81200000,44249.00000000,44250.00000000,1.00000000,/home/arash/Projects/DrywellDT/deployments/Bioretention_truth_drift/state/_current_input.json,/home/arash/Projects/DrywellDT/deployments/Bioretention_truth_drift/state/state_20210223_000000.json,ok,
418,forward_advance,418,2026-07-29T18:11:52.222Z,2026-07-29T18:12:00.007Z,7.78500000,44250.00000000,44251.00000000,1.00000000,/home/arash/Projects/DrywellDT/deployments/Bioretention_truth_drift/state/_current_input.json,/home/arash/Projects/DrywellDT/deployments/Bioretention_truth_drift/state/state_20210224_000000.json,ok,
419,forward_advance,419,2026-07-29T18:19:04.218Z,2026-07-29T18:19:16.239Z,12.02100000,44251.00000000,44252.00000000,1.00000000,/home/arash/Projects/DrywellDT/deployments/Bioretention_truth_drift/state/_current_input.json,/home/arash/Projects/DrywellDT/deployments/Bioretention_truth_drift/state/state_20210225_000000.json,ok,
420,forward_advance,420,2026-07-29T18:26:16.174Z,2026-07-29T18:26:25.135Z,8.96100000,44252.00000000,44253.00000000,1.00000000,/home/arash/Projects/DrywellDT/deployments/Bioretention_truth_drift/state/_current_input.json,/home/arash/Projects/DrywellDT/deployments/Bioretention_truth_drift/state/state_20210226_000000.json,ok,
421,forward_advance,421,2026-07-29T18:33:28.220Z,2026-07-29T18:33:36.454Z,8.23400000,44253.00000000,44254.00000000,1.00000000,/home/arash/Projects/DrywellDT/deployments/Bioretention_truth_drift/state/_current_input.json,/home/arash/Projects/DrywellDT/deployments/Bioretention_truth_drift/state/state_20210227_000000.json,ok,
422,forward_advance,422,2026-07-29T18:40:40.218Z,2026-07-29T18:40:46.839Z,6.62100000,44254.00000000,44255.00000000,1.00000000,/home/arash/Projects/DrywellDT/deployments/Bioretention_truth_drift/state/_current_input.json,/home/arash/Projects/DrywellDT/deployments/Bioretention_truth_drift/state/state_20210228_000000.json,ok,
423,forward_advance,423,2026-07-29T18:47:52.218Z,2026-07-29T18:48:00.283Z,8.06500000,44255.00000000,44256.00000000,1.00000000,/home/arash/Projects/DrywellDT/deployments/Bioretention_truth_drift/state/_current_input.json,/home/arash/Projects/DrywellDT/deployments/Bioretention_truth_drift/state/state_20210301_000000.json,ok,
424,forward_advance,424,2026-07-29T18:55:04.220Z,2026-07-29T18:55:10.708Z,6.48800000,44256.00000000,44257.00000000,1.00000000,/home/arash/Projects/DrywellDT/deployments/Bioretention_truth_drift/state/_current_input.json,/home/arash/Projects/DrywellDT/deployments/Bioretention_truth_drift/state/state_20210302_000000.json,ok,
425,forward_advance,425,2026-07-29T19:02:16.131Z,2026-07-29T19:02:23.481Z,7.35000000,44257.00000000,44258.00000000,1.00000000,/home/arash/Projects/DrywellDT/deployments/Bioretention_truth_drift/state/_current_input.json,/home/arash/Projects/DrywellDT/deployments/Bioretention_truth_drift/state/state_20210303_000000.json,ok,
426,forward_advance,426,2026-07-29T19:09:28.218Z,2026-07-29T19:09:34.350Z,6.13200000,44258.00000000,44259.00000000,1.00000000,/home/arash/Projects/DrywellDT/deployments/Bioretention_truth_drift/state/_current_input.json,/home/arash/Projects/DrywellDT/deployments/Bioretention_truth_drift/state/state_20210304_000000.json,ok,
427,forward_advance,427,2026-07-29T19:16:40.143Z,2026-07-29T19:16:52.532Z,12.38900000,44259.00000000,44260.00000000,1.00000000,/home/arash/Projects/DrywellDT/deployments/Bioretention_truth_drift/state/_current_input.json,/home/arash/Projects/DrywellDT/deployments/Bioretention_truth_drift/state/state_20210305_000000.json,ok,
428,forward_advance,428,2026-07-29T19:23:52.218Z,2026-07-29T19:24:05.049Z,12.83100000,44260.00000000,44261.00000000,1.00000000,/home/arash/Projects/DrywellDT/deployments/Bioretention_truth_drift/state/_current_input.json,/home/arash/Projects/DrywellDT/deployments/Bioretention_truth_drift/state/state_20210306_000000.json,ok,
429,forward_advance,429,2026-07-29T19:31:04.218Z,2026-07-29T19:31:13.935Z,9.71700000,44261.00000000,44262.00000000,1.00000000,/home/arash/Projects/DrywellDT/deployments/Bioretention_truth_drift/state/_current_input.json,/home/arash/Projects/DrywellDT/deployments/Bioretention_truth_drift/state/state_20210307_000000.json,ok,
430,forward_advance,430,2026-07-29T19:38:16.196Z,2026-07-29T19:38:26.215Z,10.01900000,44262.00000000,44263.00000000,1.00000000,/home/arash/Projects/DrywellDT/deployments/Bioretention_truth_drift/state/_current_input.json,/home/arash/Projects/DrywellDT/deployments/Bioretention_truth_drift/state/state_20210308_000000.json,ok,
431,forward_advance,431,2026-07-29T19:45:28.219Z,2026-07-29T19:45:38.389Z,10.17000000,44263.00000000,44264.00000000,1.00000000,/home/arash/Projects/DrywellDT/deployments/Bioretention_truth_drift/state/_current_input.json,/home/arash/Projects/DrywellDT/deployments/Bioretention_truth_drift/state/state_20210309_000000.json,ok,
432,forward_advance,432,2026-07-29T19:52:40.206Z,2026-07-29T19:52:49.104Z,8.89800000,44264.00000000,44265.00000000,1.00000000,/home/arash/Projects/DrywellDT/deployments/Bioretention_truth_drift/state/_current_input.json,/home/arash/Projects/DrywellDT/deployments/Bioretention_truth_drift/state/state_20210310_000000.json,ok,
433,forward_advance,433,2026-07-29T19:59:52.222Z,2026-07-29T20:00:03.018Z,10.79600000,44265.00000000,44266.00000000,1.00000000,/home/arash/Projects/DrywellDT/deployments/Bioretention_truth_drift/state/_current_input.json,/home/arash/Projects/DrywellDT/deployments/Bioretention_truth_drift/state/state_20210311_000000.json,ok,
434,forward_advance,434,2026-07-29T20:07:04.218Z,2026-07-29T20:07:14.193Z,9.97500000,44266.00000000,44267.00000000,1.00000000,/home/arash/Projects/DrywellDT/deployments/Bioretention_truth_drift/state/_current_input.json,/home/arash/Projects/DrywellDT/deployments/Bioretention_truth_drift/state/state_20210312_000000.json,ok,
435,forward_advance,435,2026-07-29T20:14:16.156Z,2026-07-29T20:14:26.092Z,9.93600000,44267.00000000,44268.00000000,1.00000000,/home/arash/Projects/DrywellDT/deployments/Bioretention_truth_drift/state/_current_input.json,/home/arash/Projects/DrywellDT/deployments/Bioretention_truth_drift/state/state_20210313_000000.json,ok,
436,forward_advance,436,2026-07-29T20:21:28.221Z,2026-07-29T20:21:36.169Z,7.94800000,44268.00000000,44269.00000000,1.00000000,/home/arash/Projects/DrywellDT/deployments/Bioretention_truth_drift/state/_current_input.json,/home/arash/Projects/DrywellDT/deployments/Bioretention_truth_drift/state/state_20210314_000000.json,ok,
437,forward_advance,437,2026-07-29T20:28:40.219Z,2026-07-29T20:28:50.604Z,10.38500000,44269.00000000,44270.00000000,1.00000000,/home/arash/Projects/DrywellDT/deployments/Bioretention_truth_drift/state/_current_input.json,/home/arash/Projects/DrywellDT/deployments/Bioretention_truth_drift/state/state_20210315_000000.json,ok,
438,forward_advance,438,2026-07-29T20:35:52.150Z,2026-07-29T20:36:02.804Z,10.65400000,44270.00000000,44271.00000000,1.00000000,/home/arash/Projects/DrywellDT/deployments/Bioretention_truth_drift/state/_current_input.json,/home/arash/Projects/DrywellDT/deployments/Bioretention_truth_drift/state/state_20210316_000000.json,ok,
439,forward_advance,439,2026-07-29T20:43:04.217Z,2026-07-29T20:43:13.577Z,9.36000000,44271.00000000,44272.00000000,1.00000000,/home/arash/Projects/DrywellDT/deployments/Bioretention_truth_drift/state/_current_input.json,/home/arash/Projects/DrywellDT/deployments/Bioretention_truth_drift/state/state_20210317_000000.json,ok,
440,forward_advance,440,2026-07-29T20:50:16.219Z,2026-07-29T20:50:27.161Z,10.94200000,44272.00000000,44273.00000000,1.00000000,/home/arash/Projects/DrywellDT/deployments/Bioretention_truth_drift/state/_current_input.json,/home/arash/Projects/DrywellDT/deployments/Bioretention_truth_drift/state/state_20210318_000000.json,ok,
441,forward_advance,441,2026-07-29T20:57:28.134Z,2026-07-29T20:57:37.585Z,9.45100000,44273.00000000,44274.00000000,1.00000000,/home/arash/Projects/DrywellDT/deployments/Bioretention_truth_drift/state/_current_input.json,/home/arash/Projects/DrywellDT/deployments/Bioretention_truth_drift/state/state_20210319_000000.json,ok,
442,forward_advance,442,2026-07-29T21:04:40.222Z,2026-07-29T21:04:48.277Z,8.05500000,44274.00000000,44275.00000000,1.00000000,/home/arash/Projects/DrywellDT/deployments/Bioretention_truth_drift/state/_current_input.json,/home/arash/Projects/DrywellDT/deployments/Bioretention_truth_drift/state/state_20210320_000000.json,ok,
443,forward_advance,443,2026-07-29T21:11:52.206Z,2026-07-29T21:12:01.037Z,8.83100000,44275.00000000,44276.00000000,1.00000000,/home/arash/Projects/DrywellDT/deployments/Bioretention_truth_drift/state/_current_input.json,/home/arash/Projects/DrywellDT/deployments/Bioretention_truth_drift/state/state_20210321_000000.json,ok,
444,forward_advance,444,2026-07-29T21:19:04.218Z,2026-07-29T21:19:14.539Z,10.32100000,44276.00000000,44277.00000000,1.00000000,/home/arash/Projects/DrywellDT/deployments/Bioretention_truth_drift/state/_current_input.json,/home/arash/Projects/DrywellDT/deployments/Bioretention_truth_drift/state/state_20210322_000000.json,ok,
445,forward_advance,445,2026-07-29T21:26:16.194Z,2026-07-29T21:26:29.063Z,12.86900000,44277.00000000,44278.00000000,1.00000000,/home/arash/Projects/DrywellDT/deployments/Bioretention_truth_drift/state/_current_input.json,/home/arash/Projects/DrywellDT/deployments/Bioretention_truth_drift/state/state_20210323_000000.json,ok,
446,forward_advance,446,2026-07-29T21:33:28.219Z,2026-07-29T21:33:37.025Z,8.80600000,44278.00000000,44279.00000000,1.00000000,/home/arash/Projects/DrywellDT/deployments/Bioretention_truth_drift/state/_current_input.json,/home/arash/Projects/DrywellDT/deployments/Bioretention_truth_drift/state/state_20210324_000000.json,ok,
447,forward_advance,447,2026-07-29T21:40:40.189Z,2026-07-29T21:40:50.786Z,10.59700000,44279.00000000,44280.00000000,1.00000000,/home/arash/Projects/DrywellDT/deployments/Bioretention_truth_drift/state/_current_input.json,/home/arash/Projects/DrywellDT/deployments/Bioretention_truth_drift/state/state_20210325_000000.json,ok,
448,forward_advance,448,2026-07-29T21:47:52.159Z,2026-07-29T21:48:02.750Z,10.59100000,44280.00000000,44281.00000000,1.00000000,/home/arash/Projects/DrywellDT/deployments/Bioretention_truth_drift/state/_current_input.json,/home/arash/Projects/DrywellDT/deployments/Bioretention_truth_drift/state/state_20210326_000000.json,ok,
449,forward_advance,449,2026-07-29T21:55:04.219Z,2026-07-29T21:55:16.262Z,12.04300000,44281.00000000,44282.00000000,1.00000000,/home/arash/Projects/DrywellDT/deployments/Bioretention_truth_drift/state/_current_input.json,/home/arash/Projects/DrywellDT/deployments/Bioretention_truth_drift/state/state_20210327_000000.json,ok,
450,forward_advance,450,2026-07-29T22:02:16.218Z,2026-07-29T22:02:25.212Z,8.99400000,44282.00000000,44283.00000000,1.00000000,/home/arash/Projects/DrywellDT/deployments/Bioretention_truth_drift/state/_current_input.json,/home/arash/Projects/DrywellDT/deployments/Bioretention_truth_drift/state/state_20210328_000000.json,ok,
451,forward_advance,451,2026-07-29T22:09:28.222Z,2026-07-29T22:09:36.165Z,7.94300000,44283.00000000,44284.00000000,1.00000000,/home/arash/Projects/DrywellDT/deployments/Bioretention_truth_drift/state/_current_input.json,/home/arash/Projects/DrywellDT/deployments/Bioretention_truth_drift/state/state_20210329_000000.json,ok,
452,forward_advance,452,2026-07-29T22:16:40.218Z,2026-07-29T22:16:47.739Z,7.52100000,44284.00000000,44285.00000000,1.00000000,/home/arash/Projects/DrywellDT/deployments/Bioretention_truth_drift/state/_current_input.json,/home/arash/Projects/DrywellDT/deployments/Bioretention_truth_drift/state/state_20210330_000000.json,ok,
453,forward_advance,453,2026-07-29T22:23:52.219Z,2026-07-29T22:24:02.071Z,9.85200000,44285.00000000,44286.00000000,1.00000000,/home/arash/Projects/DrywellDT/deployments/Bioretention_truth_drift/state/_current_input.json,/home/arash/Projects/DrywellDT/deployments/Bioretention_truth_drift/state/state_20210331_000000.json,ok,
454,forward_advance,454,2026-07-29T22:31:04.146Z,2026-07-29T22:31:14.754Z,10.60800000,44286.00000000,44287.00000000,1.00000000,/home/arash/Projects/DrywellDT/deployments/Bioretention_truth_drift/state/_current_input.json,/home/arash/Projects/DrywellDT/deployments/Bioretention_truth_drift/state/state_20210401_000000.json,ok,
455,forward_advance,455,2026-07-29T22:38:16.218Z,2026-07-29T22:38:26.089Z,9.87100000,44287.00000000,44288.00000000,1.00000000,/home/arash/Projects/DrywellDT/deployments/Bioretention_truth_drift/state/_current_input.json,/home/arash/Projects/DrywellDT/deployments/Bioretention_truth_drift/state/state_20210402_000000.json,ok,
456,forward_advance,456,2026-07-29T22:45:28.158Z,2026-07-29T22:45:39.021Z,10.86300000,44288.00000000,44289.00000000,1.00000000,/home/arash/Projects/DrywellDT/deployments/Bioretention_truth_drift/state/_current_input.json,/home/arash/Projects/DrywellDT/deployments/Bioretention_truth_drift/state/state_20210403_000000.json,ok,
457,forward_advance,457,2026-07-29T22:52:40.133Z,2026-07-29T22:52:51.170Z,11.03700000,44289.00000000,44290.00000000,1.00000000,/home/arash/Projects/DrywellDT/deployments/Bioretention_truth_drift/state/_current_input.json,/home/arash/Projects/DrywellDT/deployments/Bioretention_truth_drift/state/state_20210404_000000.json,ok,
458,forward_advance,458,2026-07-29T22:59:52.218Z,2026-07-29T23:00:02.400Z,10.18200000,44290.00000000,44291.00000000,1.00000000,/home/arash/Projects/DrywellDT/deployments/Bioretention_truth_drift/state/_current_input.json,/home/arash/Projects/DrywellDT/deployments/Bioretention_truth_drift/state/state_20210405_000000.json,ok,
459,forward_advance,459,2026-07-29T23:07:04.207Z,2026-07-29T23:07:13.487Z,9.28000000,44291.00000000,44292.00000000,1.00000000,/home/arash/Projects/DrywellDT/deployments/Bioretention_truth_drift/state/_current_input.json,/home/arash/Projects/DrywellDT/deployments/Bioretention_truth_drift/state/state_20210406_000000.json,ok,
460,forward_advance,460,2026-07-29T23:14:16.220Z,2026-07-29T23:14:25.386Z,9.16600000,44292.00000000,44293.00000000,1.00000000,/home/arash/Projects/DrywellDT/deployments/Bioretention_truth_drift/state/_current_input.json,/home/arash/Projects/DrywellDT/deployments/Bioretention_truth_drift/state/state_20210407_000000.json,ok,
461,forward_advance,461,2026-07-29T23:21:28.134Z,2026-07-29T23:21:35.456Z,7.32200000,44293.00000000,44294.00000000,1.00000000,/home/arash/Projects/DrywellDT/deployments/Bioretention_truth_drift/state/_current_input.json,/home/arash/Projects/DrywellDT/deployments/Bioretention_truth_drift/state/state_20210408_000000.json,ok,
462,forward_advance,462,2026-07-29T23:28:40.218Z,2026-07-29T23:28:48.689Z,8.47100000,44294.00000000,44295.00000000,1.00000000,/home/arash/Projects/DrywellDT/deployments/Bioretention_truth_drift/state/_current_input.json,/home/arash/Projects/DrywellDT/deployments/Bioretention_truth_drift/state/state_20210409_000000.json,ok,
463,forward_advance,463,2026-07-29T23:35:52.218Z,2026-07-29T23:36:02.388Z,10.17000000,44295.00000000,44296.00000000,1.00000000,/home/arash/Projects/DrywellDT/deployments/Bioretention_truth_drift/state/_current_input.json,/home/arash/Projects/DrywellDT/deployments/Bioretention_truth_drift/state/state_20210410_000000.json,ok,
464,forward_advance,464,2026-07-29T23:43:04.218Z,2026-07-29T23:43:12.848Z,8.63000000,44296.00000000,44297.00000000,1.00000000,/home/arash/Projects/DrywellDT/deployments/Bioretention_truth_drift/state/_current_input.json,/home/arash/Projects/DrywellDT/deployments/Bioretention_truth_drift/state/state_20210411_000000.json,ok,
465,forward_advance,465,2026-07-29T23:50:16.185Z,2026-07-29T23:50:25.977Z,9.79200000,44297.00000000,44298.00000000,1.00000000,/home/arash/Projects/DrywellDT/deployments/Bioretention_truth_drift/state/_current_input.json,/home/arash/Projects/DrywellDT/deployments/Bioretention_truth_drift/state/state_20210412_000000.json,ok,
466,forward_advance,466,2026-07-29T23:57:28.214Z,2026-07-29T23:57:39.205Z,10.99100000,44298.00000000,44299.00000000,1.00000000,/home/arash/Projects/DrywellDT/deployments/Bioretention_truth_drift/state/_current_input.json,/home/arash/Projects/DrywellDT/deployments/Bioretention_truth_drift/state/state_20210413_000000.json,ok,
467,forward_advance,467,2026-07-30T00:04:40.219Z,2026-07-30T00:04:49.480Z,9.26100000,44299.00000000,44300.00000000,1.00000000,/home/arash/Projects/DrywellDT/deployments/Bioretention_truth_drift/state/_current_input.json,/home/arash/Projects/DrywellDT/deployments/Bioretention_truth_drift/state/state_20210414_000000.json,ok,
468,forward_advance,468,2026-07-30T00:11:52.219Z,2026-07-30T00:12:01.993Z,9.77400000,44300.00000000,44301.00000000,1.00000000,/home/arash/Projects/DrywellDT/deployments/Bioretention_truth_drift/state/_current_input.json,/home/arash/Projects/DrywellDT/deployments/Bioretention_truth_drift/state/state_20210415_000000.json,ok,
469,forward_advance,469,2026-07-30T00:19:04.146Z,2026-07-30T00:19:10.646Z,6.50000000,44301.00000000,44302.00000000,1.00000000,/home/arash/Projects/DrywellDT/deployments/Bioretention_truth_drift/state/_current_input.json,/home/arash/Projects/DrywellDT/deployments/Bioretention_truth_drift/state/state_20210416_000000.json,ok,
470,forward_advance,470,2026-07-30T00:26:16.218Z,2026-07-30T00:26:21.670Z,5.45200000,44302.00000000,44303.00000000,1.00000000,/home/arash/Projects/DrywellDT/deployments/Bioretention_truth_drift/state/_current_input.json,/home/arash/Projects/DrywellDT/deployments/Bioretention_truth_drift/state/state_20210417_000000.json,ok,
471,forward_advance,471,2026-07-30T00:33:28.218Z,2026-07-30T00:33:37.155Z,8.93700000,44303.00000000,44304.00000000,1.00000000,/home/arash/Projects/DrywellDT/deployments/Bioretention_truth_drift/state/_current_input.json,/home/arash/Projects/DrywellDT/deployments/Bioretention_truth_drift/state/state_20210418_000000.json,ok,
472,forward_advance,472,2026-07-30T00:40:40.120Z,2026-07-30T00:40:46.222Z,6.10200000,44304.00000000,44305.00000000,1.00000000,/home/arash/Projects/DrywellDT/deployments/Bioretention_truth_drift/state/_current_input.json,/home/arash/Projects/DrywellDT/deployments/Bioretention_truth_drift/state/state_20210419_000000.json,ok,
473,forward_advance,473,2026-07-30T00:47:52.219Z,2026-07-30T00:47:58.262Z,6.04300000,44305.00000000,44306.00000000,1.00000000,/home/arash/Projects/DrywellDT/deployments/Bioretention_truth_drift/state/_current_input.json,/home/arash/Projects/DrywellDT/deployments/Bioretention_truth_drift/state/state_20210420_000000.json,ok,
474,forward_advance,474,2026-07-30T00:55:04.219Z,2026-07-30T00:55:12.619Z,8.40000000,44306.00000000,44307.00000000,1.00000000,/home/arash/Projects/DrywellDT/deployments/Bioretention_truth_drift/state/_current_input.json,/home/arash/Projects/DrywellDT/deployments/Bioretention_truth_drift/state/state_20210421_000000.json,ok,
475,forward_advance,475,2026-07-30T01:02:16.218Z,2026-07-30T01:02:22.295Z,6.07700000,44307.00000000,44308.00000000,1.00000000,/home/arash/Projects/DrywellDT/deployments/Bioretention_truth_drift/state/_current_input.json,/home/arash/Projects/DrywellDT/deployments/Bioretention_truth_drift/state/state_20210422_000000.json,ok,
476,forward_advance,476,2026-07-30T01:09:28.219Z,2026-07-30T01:09:37.452Z,9.23300000,44308.00000000,44309.00000000,1.00000000,/home/arash/Projects/DrywellDT/deployments/Bioretention_truth_drift/state/_current_input.json,/home/arash/Projects/DrywellDT/deployments/Bioretention_truth_drift/state/state_20210423_000000.json,ok,
477,forward_advance,477,2026-07-30T01:16:40.218Z,2026-07-30T01:16:51.095Z,10.87700000,44309.00000000,44310.00000000,1.00000000,/home/arash/Projects/DrywellDT/deployments/Bioretention_truth_drift/state/_current_input.json,/home/arash/Projects/DrywellDT/deployments/Bioretention_truth_drift/state/state_20210424_000000.json,ok,
478,forward_advance,478,2026-07-30T01:23:52.218Z,2026-07-30T01:24:06.011Z,13.79300000,44310.00000000,44311.00000000,1.00000000,/home/arash/Projects/DrywellDT/deployments/Bioretention_truth_drift/state/_current_input.json,/home/arash/Projects/DrywellDT/deployments/Bioretention_truth_drift/state/state_20210425_000000.json,ok,
479,forward_advance,479,2026-07-30T01:31:04.218Z,2026-07-30T01:31:09.985Z,5.76700000,44311.00000000,44312.00000000,1.00000000,/home/arash/Projects/DrywellDT/deployments/Bioretention_truth_drift/state/_current_input.json,/home/arash/Projects/DrywellDT/deployments/Bioretention_truth_drift/state/state_20210426_000000.json,ok,
480,forward_advance,480,2026-07-30T01:38:16.218Z,2026-07-30T01:38:25.640Z,9.42200000,44312.00000000,44313.00000000,1.00000000,/home/arash/Projects/DrywellDT/deployments/Bioretention_truth_drift/state/_current_input.json,/home/arash/Projects/DrywellDT/deployments/Bioretention_truth_drift/state/state_20210427_000000.json,ok,
481,forward_advance,481,2026-07-30T01:45:28.219Z,2026-07-30T01:45:36.361Z,8.14200000,44313.00000000,44314.00000000,1.00000000,/home/arash/Projects/DrywellDT/deployments/Bioretention_truth_drift/state/_current_input.json,/home/arash/Projects/DrywellDT/deployments/Bioretention_truth_drift/state/state_20210428_000000.json,ok,
482,forward_advance,482,2026-07-30T01:52:40.219Z,2026-07-30T01:52:52.357Z,12.13800000,44314.00000000,44315.00000000,1.00000000,/home/arash/Projects/DrywellDT/deployments/Bioretention_truth_drift/state/_current_input.json,/home/arash/Projects/DrywellDT/deployments/Bioretention_truth_drift/state/state_20210429_000000.json,ok,
483,forward_advance,483,2026-07-30T01:59:52.218Z,2026-07-30T02:00:01.012Z,8.79400000,44315.00000000,44316.00000000,1.00000000,/home/arash/Projects/DrywellDT/deployments/Bioretention_truth_drift/state/_current_input.json,/home/arash/Projects/DrywellDT/deployments/Bioretention_truth_drift/state/state_20210430_000000.json,ok,
484,forward_advance,484,2026-07-30T02:07:04.159Z,2026-07-30T02:07:14.909Z,10.75000000,44316.00000000,44317.00000000,1.00000000,/home/arash/Projects/DrywellDT/deployments/Bioretention_truth_drift/state/_current_input.json,/home/arash/Projects/DrywellDT/deployments/Bioretention_truth_drift/state/state_20210501_000000.json,ok,
485,forward_advance,485,2026-07-30T02:14:16.218Z,2026-07-30T02:14:27.428Z,11.21000000,44317.00000000,44318.00000000,1.00000000,/home/arash/Projects/DrywellDT/deployments/Bioretention_truth_drift/state/_current_input.json,/home/arash/Projects/DrywellDT/deployments/Bioretention_truth_drift/state/state_20210502_000000.json,ok,
486,forward_advance,486,2026-07-30T02:21:28.218Z,2026-07-30T02:21:42.479Z,14.26100000,44318.00000000,44319.00000000,1.00000000,/home/arash/Projects/DrywellDT/deployments/Bioretention_truth_drift/state/_current_input.json,/home/arash/Projects/DrywellDT/deployments/Bioretention_truth_drift/state/state_20210503_000000.json,ok,
487,forward_advance,487,2026-07-30T02:28:40.122Z,2026-07-30T02:28:52.280Z,12.15800000,44319.00000000,44320.00000000,1.00000000,/home/arash/Projects/DrywellDT/deployments/Bioretention_truth_drift/state/_current_input.json,/home/arash/Projects/DrywellDT/deployments/Bioretention_truth_drift/state/state_20210504_000000.json,ok,
488,forward_advance,488,2026-07-30T02:35:52.214Z,2026-07-30T02:36:04.827Z,12.61300000,44320.00000000,44321.00000000,1.00000000,/home/arash/Projects/DrywellDT/deployments/Bioretention_truth_drift/state/_current_input.json,/home/arash/Projects/DrywellDT/deployments/Bioretention_truth_drift/state/state_20210505_000000.json,ok,
489,forward_advance,489,2026-07-30T02:43:04.218Z,2026-07-30T02:43:12.189Z,7.97100000,44321.00000000,44322.00000000,1.00000000,/home/arash/Projects/DrywellDT/deployments/Bioretention_truth_drift/state/_current_input.json,/home/arash/Projects/DrywellDT/deployments/Bioretention_truth_drift/state/state_20210506_000000.json,ok,
490,forward_advance,490,2026-07-30T02:50:16.168Z,2026-07-30T02:50:27.667Z,11.49900000,44322.00000000,44323.00000000,1.00000000,/home/arash/Projects/DrywellDT/deployments/Bioretention_truth_drift/state/_current_input.json,/home/arash/Projects/DrywellDT/deployments/Bioretention_truth_drift/state/state_20210507_000000.json,ok,
491,forward_advance,491,2026-07-30T02:57:28.219Z,2026-07-30T02:57:38.277Z,10.05800000,44323.00000000,44324.00000000,1.00000000,/home/arash/Projects/DrywellDT/deployments/Bioretention_truth_drift/state/_current_input.json,/home/arash/Projects/DrywellDT/deployments/Bioretention_truth_drift/state/state_20210508_000000.json,ok,
492,forward_advance,492,2026-07-30T03:04:40.140Z,2026-07-30T03:04:51.012Z,10.87200000,44324.00000000,44325.00000000,1.00000000,/home/arash/Projects/DrywellDT/deployments/Bioretention_truth_drift/state/_current_input.json,/home/arash/Projects/DrywellDT/deployments/Bioretention_truth_drift/state/state_20210509_000000.json,ok,
493,forward_advance,493,2026-07-30T03:11:52.218Z,2026-07-30T03:12:04.379Z,12.16100000,44325.00000000,44326.00000000,1.00000000,/home/arash/Projects/DrywellDT/deployments/Bioretention_truth_drift/state/_current_input.json,/home/arash/Projects/DrywellDT/deployments/Bioretention_truth_drift/state/state_20210510_000000.json,ok,
494,forward_advance,494,2026-07-30T03:19:04.219Z,2026-07-30T03:19:16.049Z,11.83000000,44326.00000000,44327.00000000,1.00000000,/home/arash/Projects/DrywellDT/deployments/Bioretention_truth_drift/state/_current_input.json,/home/arash/Projects/DrywellDT/deployments/Bioretention_truth_drift/state/state_20210511_000000.json,ok,
495,forward_advance,495,2026-07-30T03:26:16.218Z,2026-07-30T03:26:25.256Z,9.03800000,44327.00000000,44328.00000000,1.00000000,/home/arash/Projects/DrywellDT/deployments/Bioretention_truth_drift/state/_current_input.json,/home/arash/Projects/DrywellDT/deployments/Bioretention_truth_drift/state/state_20210512_000000.json,ok,
496,forward_advance,496,2026-07-30T03:33:28.126Z,2026-07-30T03:33:38.649Z,10.52300000,44328.00000000,44329.00000000,1.00000000,/home/arash/Projects/DrywellDT/deployments/Bioretention_truth_drift/state/_current_input.json,/home/arash/Projects/DrywellDT/deployments/Bioretention_truth_drift/state/state_20210513_000000.json,ok,
497,forward_advance,497,2026-07-30T03:40:40.219Z,2026-07-30T03:40:50.576Z,10.35700000,44329.00000000,44330.00000000,1.00000000,/home/arash/Projects/DrywellDT/deployments/Bioretention_truth_drift/state/_current_input.json,/home/arash/Projects/DrywellDT/deployments/Bioretention_truth_drift/state/state_20210514_000000.json,ok,
498,forward_advance,498,2026-07-30T03:47:52.184Z,2026-07-30T03:48:02.135Z,9.95100000,44330.00000000,44331.00000000,1.00000000,/home/arash/Projects/DrywellDT/deployments/Bioretention_truth_drift/state/_current_input.json,/home/arash/Projects/DrywellDT/deployments/Bioretention_truth_drift/state/state_20210515_000000.json,ok,
499,forward_advance,499,2026-07-30T03:55:04.218Z,2026-07-30T03:55:14.092Z,9.87400000,44331.00000000,44332.00000000,1.00000000,/home/arash/Projects/DrywellDT/deployments/Bioretention_truth_drift/state/_current_input.json,/home/arash/Projects/DrywellDT/deployments/Bioretention_truth_drift/state/state_20210516_000000.json,ok,
500,forward_advance,500,2026-07-30T04:02:16.218Z,2026-07-30T04:02:26.523Z,10.30500000,44332.00000000,44333.00000000,1.00000000,/home/arash/Projects/DrywellDT/deployments/Bioretention_truth_drift/state/_current_input.json,/home/arash/Projects/DrywellDT/deployments/Bioretention_truth_drift/state/state_20210517_000000.json,ok,
501,forward_advance,501,2026-07-30T04:09:28.185Z,2026-07-30T04:09:34.722Z,6.53700000,44333.00000000,44334.00000000,1.00000000,/home/arash/Projects/DrywellDT/deployments/Bioretention_truth_drift/state/_current_input.json,/home/arash/Projects/DrywellDT/deployments/Bioretention_truth_drift/state/state_20210518_000000.json,ok,
502,forward_advance,502,2026-07-30T04:16:40.218Z,2026-07-30T04:16:49.095Z,8.87700000,44334.00000000,44335.00000000,1.00000000,/home/arash/Projects/DrywellDT/deployments/Bioretention_truth_drift/state/_current_input.json,/home/arash/Projects/DrywellDT/deployments/Bioretention_truth_drift/state/state_20210519_000000.json,ok,
503,forward_advance,503,2026-07-30T04:23:52.219Z,2026-07-30T04:24:01.612Z,9.39300000,44335.00000000,44336.00000000,1.00000000,/home/arash/Projects/DrywellDT/deployments/Bioretention_truth_drift/state/_current_input.json,/home/arash/Projects/DrywellDT/deployments/Bioretention_truth_drift/state/state_20210520_000000.json,ok,
504,forward_advance,504,2026-07-30T04:31:04.176Z,2026-07-30T04:31:14.897Z,10.72100000,44336.00000000,44337.00000000,1.00000000,/home/arash/Projects/DrywellDT/deployments/Bioretention_truth_drift/state/_current_input.json,/home/arash/Projects/DrywellDT/deployments/Bioretention_truth_drift/state/state_20210521_000000.json,ok,
505,forward_advance,505,2026-07-30T04:38:16.190Z,2026-07-30T04:38:24.916Z,8.72600000,44337.00000000,44338.00000000,1.00000000,/home/arash/Projects/DrywellDT/deployments/Bioretention_truth_drift/state/_current_input.json,/home/arash/Projects/DrywellDT/deployments/Bioretention_truth_drift/state/state_20210522_000000.json,ok,
506,forward_advance,506,2026-07-30T04:45:28.219Z,2026-07-30T04:45:41.331Z,13.11200000,44338.00000000,44339.00000000,1.00000000,/home/arash/Projects/DrywellDT/deployments/Bioretention_truth_drift/state/_current_input.json,/home/arash/Projects/DrywellDT/deployments/Bioretention_truth_drift/state/state_20210523_000000.json,ok,
507,forward_advance,507,2026-07-30T04:52:40.177Z,2026-07-30T04:52:50.498Z,10.32100000,44339.00000000,44340.00000000,1.00000000,/home/arash/Projects/DrywellDT/deployments/Bioretention_truth_drift/state/_current_input.json,/home/arash/Projects/DrywellDT/deployments/Bioretention_truth_drift/state/state_20210524_000000.json,ok,
508,forward_advance,508,2026-07-30T04:59:52.218Z,2026-07-30T05:00:02.468Z,10.25000000,44340.00000000,44341.00000000,1.00000000,/home/arash/Projects/DrywellDT/deployments/Bioretention_truth_drift/state/_current_input.json,/home/arash/Projects/DrywellDT/deployments/Bioretention_truth_drift/state/state_20210525_000000.json,ok,
509,forward_advance,509,2026-07-30T05:07:04.218Z,2026-07-30T05:07:13.353Z,9.13500000,44341.00000000,44342.00000000,1.00000000,/home/arash/Projects/DrywellDT/deployments/Bioretention_truth_drift/state/_current_input.json,/home/arash/Projects/DrywellDT/deployments/Bioretention_truth_drift/state/state_20210526_000000.json,ok,
510,forward_advance,510,2026-07-30T05:14:16.210Z,2026-07-30T05:14:25.237Z,9.02700000,44342.00000000,44343.00000000,1.00000000,/home/arash/Projects/DrywellDT/deployments/Bioretention_truth_drift/state/_current_input.json,/home/arash/Projects/DrywellDT/deployments/Bioretention_truth_drift/state/state_20210527_000000.json,ok,
511,forward_advance,511,2026-07-30T05:21:28.191Z,2026-07-30T05:21:38.104Z,9.91300000,44343.00000000,44344.00000000,1.00000000,/home/arash/Projects/DrywellDT/deployments/Bioretention_truth_drift/state/_current_input.json,/home/arash/Projects/DrywellDT/deployments/Bioretention_truth_drift/state/state_20210528_000000.json,ok,
512,forward_advance,512,2026-07-30T05:28:40.218Z,2026-07-30T05:28:50.802Z,10.58400000,44344.00000000,44345.00000000,1.00000000,/home/arash/Projects/DrywellDT/deployments/Bioretention_truth_drift/state/_current_input.json,/home/arash/Projects/DrywellDT/deployments/Bioretention_truth_drift/state/state_20210529_000000.json,ok,
513,forward_advance,513,2026-07-30T05:35:52.218Z,2026-07-30T05:36:01.425Z,9.20700000,44345.00000000,44346.00000000,1.00000000,/home/arash/Projects/DrywellDT/deployments/Bioretention_truth_drift/state/_current_input.json,/home/arash/Projects/DrywellDT/deployments/Bioretention_truth_drift/state/state_20210530_000000.json,ok,
514,forward_advance,514,2026-07-30T05:43:04.218Z,2026-07-30T05:43:15.928Z,11.71000000,44346.00000000,44347.00000000,1.00000000,/home/arash/Projects/DrywellDT/deployments/Bioretention_truth_drift/state/_current_input.json,/home/arash/Projects/DrywellDT/deployments/Bioretention_truth_drift/state/state_20210531_000000.json,ok,
515,forward_advance,515,2026-07-30T05:50:16.219Z,2026-07-30T05:50:25.479Z,9.26000000,44347.00000000,44348.00000000,1.00000000,/home/arash/Projects/DrywellDT/deployments/Bioretention_truth_drift/state/_current_input.json,/home/arash/Projects/DrywellDT/deployments/Bioretention_truth_drift/state/state_20210601_000000.json,ok,
516,forward_advance,516,2026-07-30T05:57:28.149Z,2026-07-30T05:57:38.489Z,10.34000000,44348.00000000,44349.00000000,1.00000000,/home/arash/Projects/DrywellDT/deployments/Bioretention_truth_drift/state/_current_input.json,/home/arash/Projects/DrywellDT/deployments/Bioretention_truth_drift/state/state_20210602_000000.json,ok,
517,forward_advance,517,2026-07-30T06:04:40.179Z,2026-07-30T06:04:51.577Z,11.39800000,44349.00000000,44350.00000000,1.00000000,/home/arash/Projects/DrywellDT/deployments/Bioretention_truth_drift/state/_current_input.json,/home/arash/Projects/DrywellDT/deployments/Bioretention_truth_drift/state/state_20210603_000000.json,ok,
518,forward_advance,518,2026-07-30T06:11:52.219Z,2026-07-30T06:12:04.246Z,12.02700000,44350.00000000,44351.00000000,1.00000000,/home/arash/Projects/DrywellDT/deployments/Bioretention_truth_drift/state/_current_input.json,/home/arash/Projects/DrywellDT/deployments/Bioretention_truth_drift/state/state_20210604_000000.json,ok,
519,forward_advance,519,2026-07-30T06:19:04.218Z,2026-07-30T06:19:13.038Z,8.82000000,44351.00000000,44352.00000000,1.00000000,/home/arash/Projects/DrywellDT/deployments/Bioretention_truth_drift/state/_current_input.json,/home/arash/Projects/DrywellDT/deployments/Bioretention_truth_drift/state/state_20210605_000000.json,ok,
520,forward_advance,520,2026-07-30T06:26:16.218Z,2026-07-30T06:26:27.000Z,10.78200000,44352.00000000,44353.00000000,1.00000000,/home/arash/Projects/DrywellDT/deployments/Bioretention_truth_drift/state/_current_input.json,/home/arash/Projects/DrywellDT/deployments/Bioretention_truth_drift/state/state_20210606_000000.json,ok,
521,forward_advance,521,2026-07-30T06:33:28.219Z,2026-07-30T06:33:35.498Z,7.27900000,44353.00000000,44354.00000000,1.00000000,/home/arash/Projects/DrywellDT/deployments/Bioretention_truth_drift/state/_current_input.json,/home/arash/Projects/DrywellDT/deployments/Bioretention_truth_drift/state/state_20210607_000000.json,ok,
522,forward_advance,522,2026-07-30T06:40:40.218Z,2026-07-30T06:40:49.748Z,9.53000000,44354.00000000,44355.00000000,1.00000000,/home/arash/Projects/DrywellDT/deployments/Bioretention_truth_drift/state/_current_input.json,/home/arash/Projects/DrywellDT/deployments/Bioretention_truth_drift/state/state_20210608_000000.json,ok,
523,forward_advance,523,2026-07-30T06:47:52.128Z,2026-07-30T06:48:01.994Z,9.86600000,44355.00000000,44356.00000000,1.00000000,/home/arash/Projects/DrywellDT/deployments/Bioretention_truth_drift/state/_current_input.json,/home/arash/Projects/DrywellDT/deployments/Bioretention_truth_drift/state/state_20210609_000000.json,ok,
524,forward_advance,524,2026-07-30T06:55:04.218Z,2026-07-30T06:55:13.063Z,8.84500000,44356.00000000,44357.00000000,1.00000000,/home/arash/Projects/DrywellDT/deployments/Bioretention_truth_drift/state/_current_input.json,/home/arash/Projects/DrywellDT/deployments/Bioretention_truth_drift/state/state_20210610_000000.json,ok,
525,forward_advance,525,2026-07-30T07:02:16.218Z,2026-07-30T07:02:26.215Z,9.99700000,44357.00000000,44358.00000000,1.00000000,/home/arash/Projects/DrywellDT/deployments/Bioretention_truth_drift/state/_current_input.json,/home/arash/Projects/DrywellDT/deployments/Bioretention_truth_drift/state/state_20210611_000000.json,ok,
526,forward_advance,526,2026-07-30T07:09:28.218Z,2026-07-30T07:09:39.033Z,10.81500000,44358.00000000,44359.00000000,1.00000000,/home/arash/Projects/DrywellDT/deployments/Bioretention_truth_drift/state/_current_input.json,/home/arash/Projects/DrywellDT/deployments/Bioretention_truth_drift/state/state_20210612_000000.json,ok,
527,forward_advance,527,2026-07-30T07:16:40.120Z,2026-07-30T07:16:50.944Z,10.82400000,44359.00000000,44360.00000000,1.00000000,/home/arash/Projects/DrywellDT/deployments/Bioretention_truth_drift/state/_current_input.json,/home/arash/Projects/DrywellDT/deployments/Bioretention_truth_drift/state/state_20210613_000000.json,ok,
528,forward_advance,528,2026-07-30T07:23:52.218Z,2026-07-30T07:24:02.520Z,10.30200000,44360.00000000,44361.00000000,1.00000000,/home/arash/Projects/DrywellDT/deployments/Bioretention_truth_drift/state/_current_input.json,/home/arash/Projects/DrywellDT/deployments/Bioretention_truth_drift/state/state_20210614_000000.json,ok,
529,forward_advance,529,2026-07-30T07:31:04.150Z,2026-07-30T07:31:11.924Z,7.77400000,44361.00000000,44362.00000000,1.00000000,/home/arash/Projects/DrywellDT/deployments/Bioretention_truth_drift/state/_current_input.json,/home/arash/Projects/DrywellDT/deployments/Bioretention_truth_drift/state/state_20210615_000000.json,ok,
530,forward_advance,530,2026-07-30T07:38:16.219Z,2026-07-30T07:38:27.093Z,10.87400000,44362.00000000,44363.00000000,1.00000000,/home/arash/Projects/DrywellDT/deployments/Bioretention_truth_drift/state/_current_input.json,/home/arash/Projects/DrywellDT/deployments/Bioretention_truth_drift/state/state_20210616_000000.json,ok,
531,forward_advance,531,2026-07-30T07:45:28.218Z,2026-07-30T07:45:37.578Z,9.36000000,44363.00000000,44364.00000000,1.00000000,/home/arash/Projects/DrywellDT/deployments/Bioretention_truth_drift/state/_current_input.json,/home/arash/Projects/DrywellDT/deployments/Bioretention_truth_drift/state/state_20210617_000000.json,ok,
532,forward_advance,532,2026-07-30T07:52:40.218Z,2026-07-30T07:52:48.977Z,8.75900000,44364.00000000,44365.00000000,1.00000000,/home/arash/Projects/DrywellDT/deployments/Bioretention_truth_drift/state/_current_input.json,/home/arash/Projects/DrywellDT/deployments/Bioretention_truth_drift/state/state_20210618_000000.json,ok,
533,forward_advance,533,2026-07-30T07:59:52.218Z,2026-07-30T08:00:00.203Z,7.98500000,44365.00000000,44366.00000000,1.00000000,/home/arash/Projects/DrywellDT/deployments/Bioretention_truth_drift/state/_current_input.json,/home/arash/Projects/DrywellDT/deployments/Bioretention_truth_drift/state/state_20210619_000000.json,ok,
534,forward_advance,534,2026-07-30T08:07:04.218Z,2026-07-30T08:07:14.439Z,10.22100000,44366.00000000,44367.00000000,1.00000000,/home/arash/Projects/DrywellDT/deployments/Bioretention_truth_drift/state/_current_input.json,/home/arash/Projects/DrywellDT/deployments/Bioretention_truth_drift/state/state_20210620_000000.json,ok,
535,forward_advance,535,2026-07-30T08:14:16.218Z,2026-07-30T08:14:25.352Z,9.13400000,44367.00000000,44368.00000000,1.00000000,/home/arash/Projects/DrywellDT/deployments/Bioretention_truth_drift/state/_current_input.json,/home/arash/Projects/DrywellDT/deployments/Bioretention_truth_drift/state/state_20210621_000000.json,ok,
536,forward_advance,536,2026-07-30T08:21:28.208Z,2026-07-30T08:21:39.245Z,11.03700000,44368.00000000,44369.00000000,1.00000000,/home/arash/Projects/DrywellDT/deployments/Bioretention_truth_drift/state/_current_input.json,/home/arash/Projects/DrywellDT/deployments/Bioretention_truth_drift/state/state_20210622_000000.json,ok,
537,forward_advance,537,2026-07-30T08:28:40.218Z,2026-07-30T08:28:47.058Z,6.84000000,44369.00000000,44370.00000000,1.00000000,/home/arash/Projects/DrywellDT/deployments/Bioretention_truth_drift/state/_current_input.json,/home/arash/Projects/DrywellDT/deployments/Bioretention_truth_drift/state/state_20210623_000000.json,ok,
538,forward_advance,538,2026-07-30T08:35:52.215Z,2026-07-30T08:35:58.433Z,6.21800000,44370.00000000,44371.00000000,1.00000000,/home/arash/Projects/DrywellDT/deployments/Bioretention_truth_drift/state/_current_input.json,/home/arash/Projects/DrywellDT/deployments/Bioretention_truth_drift/state/state_20210624_000000.json,ok,
539,forward_advance,539,2026-07-30T08:43:04.219Z,2026-07-30T08:43:15.504Z,11.28500000,44371.00000000,44372.00000000,1.00000000,/home/arash/Projects/DrywellDT/deployments/Bioretention_truth_drift/state/_current_input.json,/home/arash/Projects/DrywellDT/deployments/Bioretention_truth_drift/state/state_20210625_000000.json,ok,
540,forward_advance,540,2026-07-30T08:50:16.142Z,2026-07-30T08:50:25.817Z,9.67500000,44372.00000000,44373.00000000,1.00000000,/home/arash/Projects/DrywellDT/deployments/Bioretention_truth_drift/state/_current_input.json,/home/arash/Projects/DrywellDT/deployments/Bioretention_truth_drift/state/state_20210626_000000.json,ok,
541,forward_advance,541,2026-07-30T08:57:28.219Z,2026-07-30T08:57:42.043Z,13.82400000,44373.00000000,44374.00000000,1.00000000,/home/arash/Projects/DrywellDT/deployments/Bioretention_truth_drift/state/_current_input.json,/home/arash/Projects/DrywellDT/deployments/Bioretention_truth_drift/state/state_20210627_000000.json,ok,
542,forward_advance,542,2026-07-30T09:04:40.121Z,2026-07-30T09:04:49.291Z,9.17000000,44374.00000000,44375.00000000,1.00000000,/home/arash/Projects/DrywellDT/deployments/Bioretention_truth_drift/state/_current_input.json,/home/arash/Projects/DrywellDT/deployments/Bioretention_truth_drift/state/state_20210628_000000.json,ok,
543,forward_advance,543,2026-07-30T09:11:52.219Z,2026-07-30T09:12:06.209Z,13.99000000,44375.00000000,44376.00000000,1.00000000,/home/arash/Projects/DrywellDT/deployments/Bioretention_truth_drift/state/_current_input.json,/home/arash/Projects/DrywellDT/deployments/Bioretention_truth_drift/state/state_20210629_000000.json,ok,
544,forward_advance,544,2026-07-30T09:19:04.131Z,2026-07-30T09:19:10.546Z,6.41500000,44376.00000000,44377.00000000,1.00000000,/home/arash/Projects/DrywellDT/deployments/Bioretention_truth_drift/state/_current_input.json,/home/arash/Projects/DrywellDT/deployments/Bioretention_truth_drift/state/state_20210630_000000.json,ok,
545,forward_advance,545,2026-07-30T09:26:16.219Z,2026-07-30T09:26:26.524Z,10.30500000,44377.00000000,44378.00000000,1.00000000,/home/arash/Projects/DrywellDT/deployments/Bioretention_truth_drift/state/_current_input.json,/home/arash/Projects/DrywellDT/deployments/Bioretention_truth_drift/state/state_20210701_000000.json,ok,
546,forward_advance,546,2026-07-30T09:33:28.147Z,2026-07-30T09:33:38.504Z,10.35700000,44378.00000000,44379.00000000,1.00000000,/home/arash/Projects/DrywellDT/deployments/Bioretention_truth_drift/state/_current_input.json,/home/arash/Projects/DrywellDT/deployments/Bioretention_truth_drift/state/state_20210702_000000.json,ok,
547,forward_advance,547,2026-07-30T09:40:40.120Z,2026-07-30T09:40:52.952Z,12.83200000,44379.00000000,44380.00000000,1.00000000,/home/arash/Projects/DrywellDT/deployments/Bioretention_truth_drift/state/_current_input.json,/home/arash/Projects/DrywellDT/deployments/Bioretention_truth_drift/state/state_20210703_000000.json,ok,
548,forward_advance,548,2026-07-30T09:47:52.218Z,2026-07-30T09:48:00.961Z,8.74300000,44380.00000000,44381.00000000,1.00000000,/home/arash/Projects/DrywellDT/deployments/Bioretention_truth_drift/state/_current_input.json,/home/arash/Projects/DrywellDT/deployments/Bioretention_truth_drift/state/state_20210704_000000.json,ok,
549,forward_advance,549,2026-07-30T09:55:04.218Z,2026-07-30T09:55:13.207Z,8.98900000,44381.00000000,44382.00000000,1.00000000,/home/arash/Projects/DrywellDT/deployments/Bioretention_truth_drift/state/_current_input.json,/home/arash/Projects/DrywellDT/deployments/Bioretention_truth_drift/state/state_20210705_000000.json,ok,
550,forward_advance,550,2026-07-30T10:02:16.218Z,2026-07-30T10:02:25.806Z,9.58800000,44382.00000000,44383.00000000,1.00000000,/home/arash/Projects/DrywellDT/deployments/Bioretention_truth_drift/state/_current_input.json,/home/arash/Projects/DrywellDT/deployments/Bioretention_truth_drift/state/state_20210706_000000.json,ok,
551,forward_advance,551,2026-07-30T10:09:28.219Z,2026-07-30T10:09:38.544Z,10.32500000,44383.00000000,44384.00000000,1.00000000,/home/arash/Projects/DrywellDT/deployments/Bioretention_truth_drift/state/_current_input.json,/home/arash/Projects/DrywellDT/deployments/Bioretention_truth_drift/state/state_20210707_000000.json,ok,
552,forward_advance,552,2026-07-30T10:16:40.134Z,2026-07-30T10:16:49.870Z,9.73600000,44384.00000000,44385.00000000,1.00000000,/home/arash/Projects/DrywellDT/deployments/Bioretention_truth_drift/state/_current_input.json,/home/arash/Projects/DrywellDT/deployments/Bioretention_truth_drift/state/state_20210708_000000.json,ok,
553,forward_advance,553,2026-07-30T10:23:52.161Z,2026-07-30T10:24:01.842Z,9.68100000,44385.00000000,44386.00000000,1.00000000,/home/arash/Projects/DrywellDT/deployments/Bioretention_truth_drift/state/_current_input.json,/home/arash/Projects/DrywellDT/deployments/Bioretention_truth_drift/state/state_20210709_000000.json,ok,
554,forward_advance,554,2026-07-30T10:31:04.218Z,2026-07-30T10:31:20.632Z,16.41400000,44386.00000000,44387.00000000,1.00000000,/home/arash/Projects/DrywellDT/deployments/Bioretention_truth_drift/state/_current_input.json,/home/arash/Projects/DrywellDT/deployments/Bioretention_truth_drift/state/state_20210710_000000.json,ok,
555,forward_advance,555,2026-07-30T10:38:16.218Z,2026-07-30T10:38:26.992Z,10.77400000,44387.00000000,44388.00000000,1.00000000,/home/arash/Projects/DrywellDT/deployments/Bioretention_truth_drift/state/_current_input.json,/home/arash/Projects/DrywellDT/deployments/Bioretention_truth_drift/state/state_20210711_000000.json,ok,
556,forward_advance,556,2026-07-30T10:45:28.165Z,2026-07-30T10:45:41.882Z,13.71700000,44388.00000000,44389.00000000,1.00000000,/home/arash/Projects/DrywellDT/deployments/Bioretention_truth_drift/state/_current_input.json,/home/arash/Projects/DrywellDT/deployments/Bioretention_truth_drift/state/state_20210712_000000.json,ok,
557,forward_advance,557,2026-07-30T10:52:40.225Z,2026-07-30T10:52:51.257Z,11.03200000,44389.00000000,44390.00000000,1.00000000,/home/arash/Projects/DrywellDT/deployments/Bioretention_truth_drift/state/_current_input.json,/home/arash/Projects/DrywellDT/deployments/Bioretention_truth_drift/state/state_20210713_000000.json,ok,
558,forward_advance,558,2026-07-30T10:59:52.218Z,2026-07-30T11:00:01.654Z,9.43600000,44390.00000000,44391.00000000,1.00000000,/home/arash/Projects/DrywellDT/deployments/Bioretention_truth_drift/state/_current_input.json,/home/arash/Projects/DrywellDT/deployments/Bioretention_truth_drift/state/state_20210714_000000.json,ok,
559,forward_advance,559,2026-07-30T11:07:04.218Z,2026-07-30T11:07:18.352Z,14.13400000,44391.00000000,44392.00000000,1.00000000,/home/arash/Projects/DrywellDT/deployments/Bioretention_truth_drift/state/_current_input.json,/home/arash/Projects/DrywellDT/deployments/Bioretention_truth_drift/state/state_20210715_000000.json,ok,
560,forward_advance,560,2026-07-30T11:14:16.221Z,2026-07-30T11:14:29.290Z,13.06900000,44392.00000000,44393.00000000,1.00000000,/home/arash/Projects/DrywellDT/deployments/Bioretention_truth_drift/state/_current_input.json,/home/arash/Projects/DrywellDT/deployments/Bioretention_truth_drift/state/state_20210716_000000.json,ok,
561,forward_advance,561,2026-07-30T11:21:28.218Z,2026-07-30T11:21:38.754Z,10.53600000,44393.00000000,44394.00000000,1.00000000,/home/arash/Projects/DrywellDT/deployments/Bioretention_truth_drift/state/_current_input.json,/home/arash/Projects/DrywellDT/deployments/Bioretention_truth_drift/state/state_20210717_000000.json,ok,
562,forward_advance,562,2026-07-30T11:28:40.218Z,2026-07-30T11:28:52.336Z,12.11800000,44394.00000000,44395.00000000,1.00000000,/home/arash/Projects/DrywellDT/deployments/Bioretention_truth_drift/state/_current_input.json,/home/arash/Projects/DrywellDT/deployments/Bioretention_truth_drift/state/state_20210718_000000.json,ok,
563,forward_advance,563,2026-07-30T11:35:52.218Z,2026-07-30T11:36:04.593Z,12.37500000,44395.00000000,44396.00000000,1.00000000,/home/arash/Projects/DrywellDT/deployments/Bioretention_truth_drift/state/_current_input.json,/home/arash/Projects/DrywellDT/deployments/Bioretention_truth_drift/state/state_20210719_000000.json,ok,
564,forward_advance,564,2026-07-30T11:43:04.218Z,2026-07-30T11:43:16.334Z,12.11600000,44396.00000000,44397.00000000,1.00000000,/home/arash/Projects/DrywellDT/deployments/Bioretention_truth_drift/state/_current_input.json,/home/arash/Projects/DrywellDT/deployments/Bioretention_truth_drift/state/state_20210720_000000.json,ok,
565,forward_advance,565,2026-07-30T11:50:16.218Z,2026-07-30T11:50:27.005Z,10.78700000,44397.00000000,44398.00000000,1.00000000,/home/arash/Projects/DrywellDT/deployments/Bioretention_truth_drift/state/_current_input.json,/home/arash/Projects/DrywellDT/deployments/Bioretention_truth_drift/state/state_20210721_000000.json,ok,
566,forward_advance,566,2026-07-30T11:57:28.135Z,2026-07-30T11:57:38.271Z,10.13600000,44398.00000000,44399.00000000,1.00000000,/home/arash/Projects/DrywellDT/deployments/Bioretention_truth_drift/state/_current_input.json,/home/arash/Projects/DrywellDT/deployments/Bioretention_truth_drift/state/state_20210722_000000.json,ok,
567,forward_advance,567,2026-07-30T12:04:40.183Z,2026-07-30T12:04:50.480Z,10.29700000,44399.00000000,44400.00000000,1.00000000,/home/arash/Projects/DrywellDT/deployments/Bioretention_truth_drift/state/_current_input.json,/home/arash/Projects/DrywellDT/deployments/Bioretention_truth_drift/state/state_20210723_000000.json,ok,
568,forward_advance,568,2026-07-30T12:11:52.120Z,2026-07-30T12:12:00.337Z,8.21700000,44400.00000000,44401.00000000,1.00000000,/home/arash/Projects/DrywellDT/deployments/Bioretention_truth_drift/state/_current_input.json,/home/arash/Projects/DrywellDT/deployments/Bioretention_truth_drift/state/state_20210724_000000.json,ok,
569,forward_advance,569,2026-07-30T12:19:04.218Z,2026-07-30T12:19:13.397Z,9.17900000,44401.00000000,44402.00000000,1.00000000,/home/arash/Projects/DrywellDT/deployments/Bioretention_truth_drift/state/_current_input.json,/home/arash/Projects/DrywellDT/deployments/Bioretention_truth_drift/state/state_20210725_000000.json,ok,
570,forward_advance,570,2026-07-30T12:26:16.218Z,2026-07-30T12:26:27.380Z,11.16200000,44402.00000000,44403.00000000,1.00000000,/home/arash/Projects/DrywellDT/deployments/Bioretention_truth_drift/state/_current_input.json,/home/arash/Projects/DrywellDT/deployments/Bioretention_truth_drift/state/state_20210726_000000.json,ok,
571,forward_advance,571,2026-07-30T12:33:28.218Z,2026-07-30T12:33:36.810Z,8.59200000,44403.00000000,44404.00000000,1.00000000,/home/arash/Projects/DrywellDT/deployments/Bioretention_truth_drift/state/_current_input.json,/home/arash/Projects/DrywellDT/deployments/Bioretention_truth_drift/state/state_20210727_000000.json,ok,
572,forward_advance,572,2026-07-30T12:40:40.219Z,2026-07-30T12:40:51.782Z,11.56300000,44404.00000000,44405.00000000,1.00000000,/home/arash/Projects/DrywellDT/deployments/Bioretention_truth_drift/state/_current_input.json,/home/arash/Projects/DrywellDT/deployments/Bioretention_truth_drift/state/state_20210728_000000.json,ok,
573,forward_advance,573,2026-07-30T12:47:52.218Z,2026-07-30T12:48:01.034Z,8.81600000,44405.00000000,44406.00000000,1.00000000,/home/arash/Projects/DrywellDT/deployments/Bioretention_truth_drift/state/_current_input.json,/home/arash/Projects/DrywellDT/deployments/Bioretention_truth_drift/state/state_20210729_000000.json,ok,
574,forward_advance,574,2026-07-30T12:55:04.148Z,2026-07-30T12:55:13.389Z,9.24100000,44406.00000000,44407.00000000,1.00000000,/home/arash/Projects/DrywellDT/deployments/Bioretention_truth_drift/state/_current_input.json,/home/arash/Projects/DrywellDT/deployments/Bioretention_truth_drift/state/state_20210730_000000.json,ok,
575,forward_advance,575,2026-07-30T13:02:16.218Z,2026-07-30T13:02:24.381Z,8.16300000,44407.00000000,44408.00000000,1.00000000,/home/arash/Projects/DrywellDT/deployments/Bioretention_truth_drift/state/_current_input.json,/home/arash/Projects/DrywellDT/deployments/Bioretention_truth_drift/state/state_20210731_000000.json,ok,
576,forward_advance,576,2026-07-30T13:09:28.133Z,2026-07-30T13:09:37.350Z,9.21700000,44408.00000000,44409.00000000,1.00000000,/home/arash/Projects/DrywellDT/deployments/Bioretention_truth_drift/state/_current_input.json,/home/arash/Projects/DrywellDT/deployments/Bioretention_truth_drift/state/state_20210801_000000.json,ok,
577,forward_advance,577,2026-07-30T13:16:40.218Z,2026-07-30T13:16:51.051Z,10.83300000,44409.00000000,44410.00000000,1.00000000,/home/arash/Projects/DrywellDT/deployments/Bioretention_truth_drift/state/_current_input.json,/home/arash/Projects/DrywellDT/deployments/Bioretention_truth_drift/state/state_20210802_000000.json,ok,
578,forward_advance,578,2026-07-30T13:23:52.219Z,2026-07-30T13:24:00.016Z,7.79700000,44410.00000000,44411.00000000,1.00000000,/home/arash/Projects/DrywellDT/deployments/Bioretention_truth_drift/state/_current_input.json,/home/arash/Projects/DrywellDT/deployments/Bioretention_truth_drift/state/state_20210803_000000.json,ok,
579,forward_advance,579,2026-07-30T13:31:04.218Z,2026-07-30T13:31:12.955Z,8.73700000,44411.00000000,44412.00000000,1.00000000,/home/arash/Projects/DrywellDT/deployments/Bioretention_truth_drift/state/_current_input.json,/home/arash/Projects/DrywellDT/deployments/Bioretention_truth_drift/state/state_20210804_000000.json,ok,
580,forward_advance,580,2026-07-30T13:38:16.194Z,2026-07-30T13:38:26.538Z,10.34400000,44412.00000000,44413.00000000,1.00000000,/home/arash/Projects/DrywellDT/deployments/Bioretention_truth_drift/state/_current_input.json,/home/arash/Projects/DrywellDT/deployments/Bioretention_truth_drift/state/state_20210805_000000.json,ok,
581,forward_advance,581,2026-07-30T13:45:28.218Z,2026-07-30T13:45:39.779Z,11.56100000,44413.00000000,44414.00000000,1.00000000,/home/arash/Projects/DrywellDT/deployments/Bioretention_truth_drift/state/_current_input.json,/home/arash/Projects/DrywellDT/deployments/Bioretention_truth_drift/state/state_20210806_000000.json,ok,
582,forward_advance,582,2026-07-30T13:52:40.143Z,2026-07-30T13:52:53.752Z,13.60900000,44414.00000000,44415.00000000,1.00000000,/home/arash/Projects/DrywellDT/deployments/Bioretention_truth_drift/state/_current_input.json,/home/arash/Projects/DrywellDT/deployments/Bioretention_truth_drift/state/state_20210807_000000.json,ok,
583,forward_advance,583,2026-07-30T13:59:52.217Z,2026-07-30T14:00:01.652Z,9.43500000,44415.00000000,44416.00000000,1.00000000,/home/arash/Projects/DrywellDT/deployments/Bioretention_truth_drift/state/_current_input.json,/home/arash/Projects/DrywellDT/deployments/Bioretention_truth_drift/state/state_20210808_000000.json,ok,
584,forward_advance,584,2026-07-30T14:07:04.219Z,2026-07-30T14:07:14.408Z,10.18900000,44416.00000000,44417.00000000,1.00000000,/home/arash/Projects/DrywellDT/deployments/Bioretention_truth_drift/state/_current_input.json,/home/arash/Projects/DrywellDT/deployments/Bioretention_truth_drift/state/state_20210809_000000.json,ok,
585,forward_advance,585,2026-07-30T14:14:16.146Z,2026-07-30T14:14:28.966Z,12.82000000,44417.00000000,44418.00000000,1.00000000,/home/arash/Projects/DrywellDT/deployments/Bioretention_truth_drift/state/_current_input.json,/home/arash/Projects/DrywellDT/deployments/Bioretention_truth_drift/state/state_20210810_000000.json,ok,
586,forward_advance,586,2026-07-30T14:21:28.218Z,2026-07-30T14:21:40.952Z,12.73400000,44418.00000000,44419.00000000,1.00000000,/home/arash/Projects/DrywellDT/deployments/Bioretention_truth_drift/state/_current_input.json,/home/arash/Projects/DrywellDT/deployments/Bioretention_truth_drift/state/state_20210811_000000.json,ok,
587,forward_advance,587,2026-07-30T14:28:40.219Z,2026-07-30T14:28:53.220Z,13.00100000,44419.00000000,44420.00000000,1.00000000,/home/arash/Projects/DrywellDT/deployments/Bioretention_truth_drift/state/_current_input.json,/home/arash/Projects/DrywellDT/deployments/Bioretention_truth_drift/state/state_20210812_000000.json,ok,
588,forward_advance,588,2026-07-30T14:35:52.218Z,2026-07-30T14:36:03.356Z,11.13800000,44420.00000000,44421.00000000,1.00000000,/home/arash/Projects/DrywellDT/deployments/Bioretention_truth_drift/state/_current_input.json,/home/arash/Projects/DrywellDT/deployments/Bioretention_truth_drift/state/state_20210813_000000.json,ok,
589,forward_advance,589,2026-07-30T14:43:04.211Z,2026-07-30T14:43:12.686Z,8.47500000,44421.00000000,44422.00000000,1.00000000,/home/arash/Projects/DrywellDT/deployments/Bioretention_truth_drift/state/_current_input.json,/home/arash/Projects/DrywellDT/deployments/Bioretention_truth_drift/state/state_20210814_000000.json,ok,
590,forward_advance,590,2026-07-30T14:50:16.219Z,2026-07-30T14:50:29.445Z,13.22600000,44422.00000000,44423.00000000,1.00000000,/home/arash/Projects/DrywellDT/deployments/Bioretention_truth_drift/state/_current_input.json,/home/arash/Projects/DrywellDT/deployments/Bioretention_truth_drift/state/state_20210815_000000.json,ok,
591,forward_advance,591,2026-07-30T14:57:28.218Z,2026-07-30T14:57:40.852Z,12.63400000,44423.00000000,44424.00000000,1.00000000,/home/arash/Projects/DrywellDT/deployments/Bioretention_truth_drift/state/_current_input.json,/home/arash/Projects/DrywellDT/deployments/Bioretention_truth_drift/state/state_20210816_000000.json,ok,
592,forward_advance,592,2026-07-30T15:04:40.218Z,2026-07-30T15:04:51.027Z,10.80900000,44424.00000000,44425.00000000,1.00000000,/home/arash/Projects/DrywellDT/deployments/Bioretention_truth_drift/state/_current_input.json,/home/arash/Projects/DrywellDT/deployments/Bioretention_truth_drift/state/state_20210817_000000.json,ok,
593,forward_advance,593,2026-07-30T15:11:52.233Z,2026-07-30T15:12:02.599Z,10.36600000,44425.00000000,44426.00000000,1.00000000,/home/arash/Projects/DrywellDT/deployments/Bioretention_truth_drift/state/_current_input.json,/home/arash/Projects/DrywellDT/deployments/Bioretention_truth_drift/state/state_20210818_000000.json,ok,
594,forward_advance,594,2026-07-30T15:19:04.218Z,2026-07-30T15:19:15.364Z,11.14600000,44426.00000000,44427.00000000,1.00000000,/home/arash/Projects/DrywellDT/deployments/Bioretention_truth_drift/state/_current_input.json,/home/arash/Projects/DrywellDT/deployments/Bioretention_truth_drift/state/state_20210819_000000.json,ok,
595,forward_advance,595,2026-07-30T15:26:16.218Z,2026-07-30T15:26:28.870Z,12.65200000,44427.00000000,44428.00000000,1.00000000,/home/arash/Projects/DrywellDT/deployments/Bioretention_truth_drift/state/_current_input.json,/home/arash/Projects/DrywellDT/deployments/Bioretention_truth_drift/state/state_20210820_000000.json,ok,
596,forward_advance,596,2026-07-30T15:33:28.162Z,2026-07-30T15:33:40.038Z,11.87600000,44428.00000000,44429.00000000,1.00000000,/home/arash/Projects/DrywellDT/deployments/Bioretention_truth_drift/state/_current_input.json,/home/arash/Projects/DrywellDT/deployments/Bioretention_truth_drift/state/state_20210821_000000.json,ok,
597,forward_advance,597,2026-07-30T15:40:40.218Z,2026-07-30T15:40:53.903Z,13.68500000,44429.00000000,44430.00000000,1.00000000,/home/arash/Projects/DrywellDT/deployments/Bioretention_truth_drift/state/_current_input.json,/home/arash/Projects/DrywellDT/deployments/Bioretention_truth_drift/state/state_20210822_000000.json,ok,
598,forward_advance,598,2026-07-30T15:47:52.218Z,2026-07-30T15:48:08.017Z,15.79900000,44430.00000000,44431.00000000,1.00000000,/home/arash/Projects/DrywellDT/deployments/Bioretention_truth_drift/state/_current_input.json,/home/arash/Projects/DrywellDT/deployments/Bioretention_truth_drift/state/state_20210823_000000.json,ok,
599,forward_advance,599,2026-07-30T15:55:04.219Z,2026-07-30T15:55:14.363Z,10.14400000,44431.00000000,44432.00000000,1.00000000,/home/arash/Projects/DrywellDT/deployments/Bioretention_truth_drift/state/_current_input.json,/home/arash/Projects/DrywellDT/deployments/Bioretention_truth_drift/state/state_20210824_000000.json,ok,
600,forward_advance,600,2026-07-30T16:02:16.121Z,2026-07-30T16:02:25.068Z,8.94700000,44432.00000000,44433.00000000,1.00000000,/home/arash/Projects/DrywellDT/deployments/Bioretention_truth_drift/state/_current_input.json,/home/arash/Projects/DrywellDT/deployments/Bioretention_truth_drift/state/state_20210825_000000.json,ok,
601,forward_advance,601,2026-07-30T16:09:28.218Z,2026-07-30T16:09:47.727Z,19.50900000,44433.00000000,44434.00000000,1.00000000,/home/arash/Projects/DrywellDT/deployments/Bioretention_truth_drift/state/_current_input.json,/home/arash/Projects/DrywellDT/deployments/Bioretention_truth_drift/state/state_20210826_000000.json,ok,
602,forward_advance,602,2026-07-30T16:16:40.122Z,2026-07-30T16:16:50.062Z,9.94000000,44434.00000000,44435.00000000,1.00000000,/home/arash/Projects/DrywellDT/deployments/Bioretention_truth_drift/state/_current_input.json,/home/arash/Projects/DrywellDT/deployments/Bioretention_truth_drift/state/state_20210827_000000.json,ok,
603,forward_advance,603,2026-07-30T16:23:52.219Z,2026-07-30T16:23:59.960Z,7.74100000,44435.00000000,44436.00000000,1.00000000,/home/arash/Projects/DrywellDT/deployments/Bioretention_truth_drift/state/_current_input.json,/home/arash/Projects/DrywellDT/deployments/Bioretention_truth_drift/state/state_20210828_000000.json,ok,
604,forward_advance,604,2026-07-30T16:31:04.218Z,2026-07-30T16:31:13.808Z,9.59000000,44436.00000000,44437.00000000,1.00000000,/home/arash/Projects/DrywellDT/deployments/Bioretention_truth_drift/state/_current_input.json,/home/arash/Projects/DrywellDT/deployments/Bioretention_truth_drift/state/state_20210829_000000.json,ok,
605,forward_advance,605,2026-07-30T16:38:16.219Z,2026-07-30T16:38:27.551Z,11.33200000,44437.00000000,44438.00000000,1.00000000,/home/arash/Projects/DrywellDT/deployments/Bioretention_truth_drift/state/_current_input.json,/home/arash/Projects/DrywellDT/deployments/Bioretention_truth_drift/state/state_20210830_000000.json,ok,
606,forward_advance,606,2026-07-30T16:45:28.169Z,2026-07-30T16:45:39.569Z,11.40000000,44438.00000000,44439.00000000,1.00000000,/home/arash/Projects/DrywellDT/deployments/Bioretention_truth_drift/state/_current_input.json,/home/arash/Projects/DrywellDT/deployments/Bioretention_truth_drift/state/state_20210831_000000.json,ok,
607,forward_advance,607,2026-07-30T16:52:40.199Z,2026-07-30T16:52:49.860Z,9.66100000,44439.00000000,44440.00000000,1.00000000,/home/arash/Projects/DrywellDT/deployments/Bioretention_truth_drift/state/_current_input.json,/home/arash/Projects/DrywellDT/deployments/Bioretention_truth_drift/state/state_20210901_000000.json,ok,
608,forward_advance,608,2026-07-30T16:59:52.219Z,2026-07-30T17:00:04.054Z,11.83500000,44440.00000000,44441.00000000,1.00000000,/home/arash/Projects/DrywellDT/deployments/Bioretention_truth_drift/state/_current_input.json,/home/arash/Projects/DrywellDT/deployments/Bioretention_truth_drift/state/state_20210902_000000.json,ok,
609,forward_advance,609,2026-07-30T17:07:04.123Z,2026-07-30T17:07:11.865Z,7.74200000,44441.00000000,44442.00000000,1.00000000,/home/arash/Projects/DrywellDT/deployments/Bioretention_truth_drift/state/_current_input.json,/home/arash/Projects/DrywellDT/deployments/Bioretention_truth_drift/state/state_20210903_000000.json,ok,
610,forward_advance,610,2026-07-30T17:14:16.218Z,2026-07-30T17:14:29.190Z,12.97200000,44442.00000000,44443.00000000,1.00000000,/home/arash/Projects/DrywellDT/deployments/Bioretention_truth_drift/state/_current_input.json,/home/arash/Projects/DrywellDT/deployments/Bioretention_truth_drift/state/state_20210904_000000.json,ok,
611,forward_advance,611,2026-07-30T17:21:28.219Z,2026-07-30T17:21:41.192Z,12.97300000,44443.00000000,44444.00000000,1.00000000,/home/arash/Projects/DrywellDT/deployments/Bioretention_truth_drift/state/_current_input.json,/home/arash/Projects/DrywellDT/deployments/Bioretention_truth_drift/state/state_20210905_000000.json,ok,
612,forward_advance,612,2026-07-30T17:28:40.219Z,2026-07-30T17:28:50.288Z,10.06900000,44444.00000000,44445.00000000,1.00000000,/home/arash/Projects/DrywellDT/deployments/Bioretention_truth_drift/state/_current_input.json,/home/arash/Projects/DrywellDT/deployments/Bioretention_truth_drift/state/state_20210906_000000.json,ok,
613,forward_advance,613,2026-07-30T17:35:52.570Z,2026-07-30T17:36:01.993Z,9.42300000,44445.00000000,44446.00000000,1.00000000,/home/arash/Projects/DrywellDT/deployments/Bioretention_truth_drift/state/_current_input.json,/home/arash/Projects/DrywellDT/deployments/Bioretention_truth_drift/state/state_20210907_000000.json,ok,
614,forward_advance,614,2026-07-30T17:43:04.655Z,2026-07-30T17:43:14.645Z,9.99000000,44446.00000000,44447.00000000,1.00000000,/home/arash/Projects/DrywellDT/deployments/Bioretention_truth_drift/state/_current_input.json,/home/arash/Projects/DrywellDT/deployments/Bioretention_truth_drift/state/state_20210908_000000.json,ok,
615,forward_advance,615,2026-07-30T17:50:16.558Z,2026-07-30T17:50:27.444Z,10.88600000,44447.00000000,44448.00000000,1.00000000,/home/arash/Projects/DrywellDT/deployments/Bioretention_truth_drift/state/_current_input.json,/home/arash/Projects/DrywellDT/deployments/Bioretention_truth_drift/state/state_20210909_000000.json,ok,
616,forward_advance,616,2026-07-30T17:57:28.568Z,2026-07-30T17:57:42.529Z,13.96100000,44448.00000000,44449.00000000,1.00000000,/home/arash/Projects/DrywellDT/deployments/Bioretention_truth_drift/state/_current_input.json,/home/arash/Projects/DrywellDT/deployments/Bioretention_truth_drift/state/state_20210910_000000.json,ok,
617,forward_advance,617,2026-07-30T18:04:40.655Z,2026-07-30T18:04:47.027Z,6.37200000,44449.00000000,44450.00000000,1.00000000,/home/arash/Projects/DrywellDT/deployments/Bioretention_truth_drift/state/_current_input.json,/home/arash/Projects/DrywellDT/deployments/Bioretention_truth_drift/state/state_20210911_000000.json,ok,
618,forward_advance,618,2026-07-30T18:11:52.655Z,2026-07-30T18:12:03.935Z,11.28000000,44450.00000000,44451.00000000,1.00000000,/home/arash/Projects/DrywellDT/deployments/Bioretention_truth_drift/state/_current_input.json,/home/arash/Projects/DrywellDT/deployments/Bioretention_truth_drift/state/state_20210912_000000.json,ok,
619,forward_advance,619,2026-07-30T18:19:04.655Z,2026-07-30T18:19:14.229Z,9.57400000,44451.00000000,44452.00000000,1.00000000,/home/arash/Projects/DrywellDT/deployments/Bioretention_truth_drift/state/_current_input.json,/home/arash/Projects/DrywellDT/deployments/Bioretention_truth_drift/state/state_20210913_000000.json,ok,
620,forward_advance,620,2026-07-30T18:26:16.654Z,2026-07-30T18:26:24.640Z,7.98600000,44452.00000000,44453.00000000,1.00000000,/home/arash/Projects/DrywellDT/deployments/Bioretention_truth_drift/state/_current_input.json,/home/arash/Projects/DrywellDT/deployments/Bioretention_truth_drift/state/state_20210914_000000.json,ok,
621,forward_advance,621,2026-07-30T18:33:28.655Z,2026-07-30T18:33:38.744Z,10.08900000,44453.00000000,44454.00000000,1.00000000,/home/arash/Projects/DrywellDT/deployments/Bioretention_truth_drift/state/_current_input.json,/home/arash/Projects/DrywellDT/deployments/Bioretention_truth_drift/state/state_20210915_000000.json,ok,
622,forward_advance,622,2026-07-30T18:40:40.610Z,2026-07-30T18:40:55.914Z,15.30400000,44454.00000000,44455.00000000,1.00000000,/home/arash/Projects/DrywellDT/deployments/Bioretention_truth_drift/state/_current_input.json,/home/arash/Projects/DrywellDT/deployments/Bioretention_truth_drift/state/state_20210916_000000.json,ok,
623,forward_advance,623,2026-07-30T18:47:52.655Z,2026-07-30T18:48:04.151Z,11.49600000,44455.00000000,44456.00000000,1.00000000,/home/arash/Projects/DrywellDT/deployments/Bioretention_truth_drift/state/_current_input.json,/home/arash/Projects/DrywellDT/deployments/Bioretention_truth_drift/state/state_20210917_000000.json,ok,
624,forward_advance,624,2026-07-30T18:55:04.655Z,2026-07-30T18:55:13.302Z,8.64700000,44456.00000000,44457.00000000,1.00000000,/home/arash/Projects/DrywellDT/deployments/Bioretention_truth_drift/state/_current_input.json,/home/arash/Projects/DrywellDT/deployments/Bioretention_truth_drift/state/state_20210918_000000.json,ok,
625,forward_advance,625,2026-07-30T19:02:16.585Z,2026-07-30T19:02:27.940Z,11.35500000,44457.00000000,44458.00000000,1.00000000,/home/arash/Projects/DrywellDT/deployments/Bioretention_truth_drift/state/_current_input.json,/home/arash/Projects/DrywellDT/deployments/Bioretention_truth_drift/state/state_20210919_000000.json,ok,
626,forward_advance,626,2026-07-30T19:09:28.655Z,2026-07-30T19:09:39.578Z,10.92300000,44458.00000000,44459.00000000,1.00000000,/home/arash/Projects/DrywellDT/deployments/Bioretention_truth_drift/state/_current_input.json,/home/arash/Projects/DrywellDT/deployments/Bioretention_truth_drift/state/state_20210920_000000.json,ok,
627,forward_advance,627,2026-07-30T19:16:40.655Z,2026-07-30T19:16:51.855Z,11.20000000,44459.00000000,44460.00000000,1.00000000,/home/arash/Projects/DrywellDT/deployments/Bioretention_truth_drift/state/_current_input.json,/home/arash/Projects/DrywellDT/deployments/Bioretention_truth_drift/state/state_20210921_000000.json,ok,
628,forward_advance,628,2026-07-30T19:23:52.654Z,2026-07-30T19:24:02.773Z,10.11900000,44460.00000000,44461.00000000,1.00000000,/home/arash/Projects/DrywellDT/deployments/Bioretention_truth_drift/state/_current_input.json,/home/arash/Projects/DrywellDT/deployments/Bioretention_truth_drift/state/state_20210922_000000.json,ok,
629,forward_advance,629,2026-07-30T19:31:04.655Z,2026-07-30T19:31:13.934Z,9.27900000,44461.00000000,44462.00000000,1.00000000,/home/arash/Projects/DrywellDT/deployments/Bioretention_truth_drift/state/_current_input.json,/home/arash/Projects/DrywellDT/deployments/Bioretention_truth_drift/state/state_20210923_000000.json,ok,
630,forward_advance,630,2026-07-30T19:38:16.557Z,2026-07-30T19:38:26.512Z,9.95500000,44462.00000000,44463.00000000,1.00000000,/home/arash/Projects/DrywellDT/deployments/Bioretention_truth_drift/state/_current_input.json,/home/arash/Projects/DrywellDT/deployments/Bioretention_truth_drift/state/state_20210924_000000.json,ok,
631,forward_advance,631,2026-07-30T19:45:28.592Z,2026-07-30T19:45:37.841Z,9.24900000,44463.00000000,44464.00000000,1.00000000,/home/arash/Projects/DrywellDT/deployments/Bioretention_truth_drift/state/_current_input.json,/home/arash/Projects/DrywellDT/deployments/Bioretention_truth_drift/state/state_20210925_000000.json,ok,
632,forward_advance,632,2026-07-30T19:52:40.655Z,2026-07-30T19:52:55.479Z,14.82400000,44464.00000000,44465.00000000,1.00000000,/home/arash/Projects/DrywellDT/deployments/Bioretention_truth_drift/state/_current_input.json,/home/arash/Projects/DrywellDT/deployments/Bioretention_truth_drift/state/state_20210926_000000.json,ok,
633,forward_advance,633,2026-07-30T19:59:52.575Z,2026-07-30T20:00:03.788Z,11.21300000,44465.00000000,44466.00000000,1.00000000,/home/arash/Projects/DrywellDT/deployments/Bioretention_truth_drift/state/_current_input.json,/home/arash/Projects/DrywellDT/deployments/Bioretention_truth_drift/state/state_20210927_000000.json,ok,
634,forward_advance,634,2026-07-30T20:07:04.654Z,2026-07-30T20:07:13.147Z,8.49300000,44466.00000000,44467.00000000,1.00000000,/home/arash/Projects/DrywellDT/deployments/Bioretention_truth_drift/state/_current_input.json,/home/arash/Projects/DrywellDT/deployments/Bioretention_truth_drift/state/state_20210928_000000.json,ok,
635,forward_advance,635,2026-07-30T20:14:16.655Z,2026-07-30T20:14:25.807Z,9.15200000,44467.00000000,44468.00000000,1.00000000,/home/arash/Projects/DrywellDT/deployments/Bioretention_truth_drift/state/_current_input.json,/home/arash/Projects/DrywellDT/deployments/Bioretention_truth_drift/state/state_20210929_000000.json,ok,
636,forward_advance,636,2026-07-30T20:21:28.642Z,2026-07-30T20:21:37.706Z,9.06400000,44468.00000000,44469.00000000,1.00000000,/home/arash/Projects/DrywellDT/deployments/Bioretention_truth_drift/state/_current_input.json,/home/arash/Projects/DrywellDT/deployments/Bioretention_truth_drift/state/state_20210930_000000.json,ok,
637,forward_advance,637,2026-07-30T20:28:40.654Z,2026-07-30T20:28:50.688Z,10.03400000,44469.00000000,44470.00000000,1.00000000,/home/arash/Projects/DrywellDT/deployments/Bioretention_truth_drift/state/_current_input.json,/home/arash/Projects/DrywellDT/deployments/Bioretention_truth_drift/state/state_20211001_000000.json,ok,
638,forward_advance,638,2026-07-30T20:35:52.656Z,2026-07-30T20:36:01.700Z,9.04400000,44470.00000000,44471.00000000,1.00000000,/home/arash/Projects/DrywellDT/deployments/Bioretention_truth_drift/state/_current_input.json,/home/arash/Projects/DrywellDT/deployments/Bioretention_truth_drift/state/state_20211002_000000.json,ok,
639,forward_advance,639,2026-07-30T20:43:04.655Z,2026-07-30T20:43:13.707Z,9.05200000,44471.00000000,44472.00000000,1.00000000,/home/arash/Projects/DrywellDT/deployments/Bioretention_truth_drift/state/_current_input.json,/home/arash/Projects/DrywellDT/deployments/Bioretention_truth_drift/state/state_20211003_000000.json,ok,
640,forward_advance,640,2026-07-30T20:50:16.598Z,2026-07-30T20:50:27.409Z,10.81100000,44472.00000000,44473.00000000,1.00000000,/home/arash/Projects/DrywellDT/deployments/Bioretention_truth_drift/state/_current_input.json,/home/arash/Projects/DrywellDT/deployments/Bioretention_truth_drift/state/state_20211004_000000.json,ok,
641,forward_advance,641,2026-07-30T20:57:28.656Z,2026-07-30T20:57:37.887Z,9.23100000,44473.00000000,44474.00000000,1.00000000,/home/arash/Projects/DrywellDT/deployments/Bioretention_truth_drift/state/_current_input.json,/home/arash/Projects/DrywellDT/deployments/Bioretention_truth_drift/state/state_20211005_000000.json,ok,
642,forward_advance,642,2026-07-30T21:04:40.628Z,2026-07-30T21:04:50.282Z,9.65400000,44474.00000000,44475.00000000,1.00000000,/home/arash/Projects/DrywellDT/deployments/Bioretention_truth_drift/state/_current_input.json,/home/arash/Projects/DrywellDT/deployments/Bioretention_truth_drift/state/state_20211006_000000.json,ok,
643,forward_advance,643,2026-07-30T21:11:52.654Z,2026-07-30T21:12:02.541Z,9.88700000,44475.00000000,44476.00000000,1.00000000,/home/arash/Projects/DrywellDT/deployments/Bioretention_truth_drift/state/_current_input.json,/home/arash/Projects/DrywellDT/deployments/Bioretention_truth_drift/state/state_20211007_000000.json,ok,
644,forward_advance,644,2026-07-30T21:19:04.655Z,2026-07-30T21:19:14.790Z,10.13500000,44476.00000000,44477.00000000,1.00000000,/home/arash/Projects/DrywellDT/deployments/Bioretention_truth_drift/state/_current_input.json,/home/arash/Projects/DrywellDT/deployments/Bioretention_truth_drift/state/state_20211008_000000.json,ok,
645,forward_advance,645,2026-07-30T21:26:16.577Z,2026-07-30T21:26:27.290Z,10.71300000,44477.00000000,44478.00000000,1.00000000,/home/arash/Projects/DrywellDT/deployments/Bioretention_truth_drift/state/_current_input.json,/home/arash/Projects/DrywellDT/deployments/Bioretention_truth_drift/state/state_20211009_000000.json,ok,
646,forward_advance,646,2026-07-30T21:33:28.654Z,2026-07-30T21:33:38.971Z,10.31700000,44478.00000000,44479.00000000,1.00000000,/home/arash/Projects/DrywellDT/deployments/Bioretention_truth_drift/state/_current_input.json,/home/arash/Projects/DrywellDT/deployments/Bioretention_truth_drift/state/state_20211010_000000.json,ok,
647,forward_advance,647,2026-07-30T21:40:40.655Z,2026-07-30T21:40:49.734Z,9.07900000,44479.00000000,44480.00000000,1.00000000,/home/arash/Projects/DrywellDT/deployments/Bioretention_truth_drift/state/_current_input.json,/home/arash/Projects/DrywellDT/deployments/Bioretention_truth_drift/state/state_20211011_000000.json,ok,
648,forward_advance,648,2026-07-30T21:47:52.655Z,2026-07-30T21:47:59.645Z,6.99000000,44480.00000000,44481.00000000,1.00000000,/home/arash/Projects/DrywellDT/deployments/Bioretention_truth_drift/state/_current_input.json,/home/arash/Projects/DrywellDT/deployments/Bioretention_truth_drift/state/state_20211012_000000.json,ok,
649,forward_advance,649,2026-07-30T21:55:04.593Z,2026-07-30T21:55:14.442Z,9.84900000,44481.00000000,44482.00000000,1.00000000,/home/arash/Projects/DrywellDT/deployments/Bioretention_truth_drift/state/_current_input.json,/home/arash/Projects/DrywellDT/deployments/Bioretention_truth_drift/state/state_20211013_000000.json,ok,
650,forward_advance,650,2026-07-30T22:02:16.655Z,2026-07-30T22:02:28.143Z,11.48800000,44482.00000000,44483.00000000,1.00000000,/home/arash/Projects/DrywellDT/deployments/Bioretention_truth_drift/state/_current_input.json,/home/arash/Projects/DrywellDT/deployments/Bioretention_truth_drift/state/state_20211014_000000.json,ok,
651,forward_advance,651,2026-07-30T22:09:28.655Z,2026-07-30T22:09:41.007Z,12.35200000,44483.00000000,44484.00000000,1.00000000,/home/arash/Projects/DrywellDT/deployments/Bioretention_truth_drift/state/_current_input.json,/home/arash/Projects/DrywellDT/deployments/Bioretention_truth_drift/state/state_20211015_000000.json,ok,
652,forward_advance,652,2026-07-30T22:16:40.655Z,2026-07-30T22:16:50.457Z,9.80200000,44484.00000000,44485.00000000,1.00000000,/home/arash/Projects/DrywellDT/deployments/Bioretention_truth_drift/state/_current_input.json,/home/arash/Projects/DrywellDT/deployments/Bioretention_truth_drift/state/state_20211016_000000.json,ok,
653,forward_advance,653,2026-07-30T22:23:52.656Z,2026-07-30T22:24:01.836Z,9.18000000,44485.00000000,44486.00000000,1.00000000,/home/arash/Projects/DrywellDT/deployments/Bioretention_truth_drift/state/_current_input.json,/home/arash/Projects/DrywellDT/deployments/Bioretention_truth_drift/state/state_20211017_000000.json,ok,
654,forward_advance,654,2026-07-30T22:31:04.558Z,2026-07-30T22:31:15.214Z,10.65600000,44486.00000000,44487.00000000,1.00000000,/home/arash/Projects/DrywellDT/deployments/Bioretention_truth_drift/state/_current_input.json,/home/arash/Projects/DrywellDT/deployments/Bioretention_truth_drift/state/state_20211018_000000.json,ok,
655,forward_advance,655,2026-07-30T22:38:16.563Z,2026-07-30T22:38:26.485Z,9.92200000,44487.00000000,44488.00000000,1.00000000,/home/arash/Projects/DrywellDT/deployments/Bioretention_truth_drift/state/_current_input.json,/home/arash/Projects/DrywellDT/deployments/Bioretention_truth_drift/state/state_20211019_000000.json,ok,
656,forward_advance,656,2026-07-30T22:45:28.655Z,2026-07-30T22:45:38.691Z,10.03600000,44488.00000000,44489.00000000,1.00000000,/home/arash/Projects/DrywellDT/deployments/Bioretention_truth_drift/state/_current_input.json,/home/arash/Projects/DrywellDT/deployments/Bioretention_truth_drift/state/state_20211020_000000.json,ok,
657,forward_advance,657,2026-07-30T22:52:40.590Z,2026-07-30T22:52:53.275Z,12.68500000,44489.00000000,44490.00000000,1.00000000,/home/arash/Projects/DrywellDT/deployments/Bioretention_truth_drift/state/_current_input.json,/home/arash/Projects/DrywellDT/deployments/Bioretention_truth_drift/state/state_20211021_000000.json,ok,
658,forward_advance,658,2026-07-30T22:59:52.564Z,2026-07-30T23:00:04.510Z,11.94600000,44490.00000000,44491.00000000,1.00000000,/home/arash/Projects/DrywellDT/deployments/Bioretention_truth_drift/state/_current_input.json,/home/arash/Projects/DrywellDT/deployments/Bioretention_truth_drift/state/state_20211022_000000.json,ok,
659,forward_advance,659,2026-07-30T23:07:04.655Z,2026-07-30T23:07:15.176Z,10.52100000,44491.00000000,44492.00000000,1.00000000,/home/arash/Projects/DrywellDT/deployments/Bioretention_truth_drift/state/_current_input.json,/home/arash/Projects/DrywellDT/deployments/Bioretention_truth_drift/state/state_20211023_000000.json,ok,
660,forward_advance,660,2026-07-30T23:14:16.590Z,2026-07-30T23:14:27.671Z,11.08100000,44492.00000000,44493.00000000,1.00000000,/home/arash/Projects/DrywellDT/deployments/Bioretention_truth_drift/state/_current_input.json,/home/arash/Projects/DrywellDT/deployments/Bioretention_truth_drift/state/state_20211024_000000.json,ok,
661,forward_advance,661,2026-07-30T23:21:28.654Z,2026-07-30T23:21:41.198Z,12.54400000,44493.00000000,44494.00000000,1.00000000,/home/arash/Projects/DrywellDT/deployments/Bioretention_truth_drift/state/_current_input.json,/home/arash/Projects/DrywellDT/deployments/Bioretention_truth_drift/state/state_20211025_000000.json,ok,
662,forward_advance,662,2026-07-30T23:28:40.655Z,2026-07-30T23:28:52.703Z,12.04800000,44494.00000000,44495.00000000,1.00000000,/home/arash/Projects/DrywellDT/deployments/Bioretention_truth_drift/state/_current_input.json,/home/arash/Projects/DrywellDT/deployments/Bioretention_truth_drift/state/state_20211026_000000.json,ok,
663,forward_advance,663,2026-07-30T23:35:52.655Z,2026-07-30T23:36:04.175Z,11.52000000,44495.00000000,44496.00000000,1.00000000,/home/arash/Projects/DrywellDT/deployments/Bioretention_truth_drift/state/_current_input.json,/home/arash/Projects/DrywellDT/deployments/Bioretention_truth_drift/state/state_20211027_000000.json,ok,
664,forward_advance,664,2026-07-30T23:43:04.654Z,2026-07-30T23:43:16.635Z,11.98100000,44496.00000000,44497.00000000,1.00000000,/home/arash/Projects/DrywellDT/deployments/Bioretention_truth_drift/state/_current_input.json,/home/arash/Projects/DrywellDT/deployments/Bioretention_truth_drift/state/state_20211028_000000.json,ok,
665,forward_advance,665,2026-07-30T23:50:16.656Z,2026-07-30T23:50:26.721Z,10.06500000,44497.00000000,44498.00000000,1.00000000,/home/arash/Projects/DrywellDT/deployments/Bioretention_truth_drift/state/_current_input.json,/home/arash/Projects/DrywellDT/deployments/Bioretention_truth_drift/state/state_20211029_000000.json,ok,
666,forward_advance,666,2026-07-30T23:57:28.560Z,2026-07-30T23:57:39.943Z,11.38300000,44498.00000000,44499.00000000,1.00000000,/home/arash/Projects/DrywellDT/deployments/Bioretention_truth_drift/state/_current_input.json,/home/arash/Projects/DrywellDT/deployments/Bioretention_truth_drift/state/state_20211030_000000.json,ok,
667,forward_advance,667,2026-07-31T00:04:40.655Z,2026-07-31T00:04:47.760Z,7.10500000,44499.00000000,44500.00000000,1.00000000,/home/arash/Projects/DrywellDT/deployments/Bioretention_truth_drift/state/_current_input.json,/home/arash/Projects/DrywellDT/deployments/Bioretention_truth_drift/state/state_20211031_000000.json,ok,
668,forward_advance,668,2026-07-31T00:11:52.655Z,2026-07-31T00:12:05.086Z,12.43100000,44500.00000000,44501.00000000,1.00000000,/home/arash/Projects/DrywellDT/deployments/Bioretention_truth_drift/state/_current_input.json,/home/arash/Projects/DrywellDT/deployments/Bioretention_truth_drift/state/state_20211101_000000.json,ok,
669,forward_advance,669,2026-07-31T00:19:04.595Z,2026-07-31T00:19:11.786Z,7.19100000,44501.00000000,44502.00000000,1.00000000,/home/arash/Projects/DrywellDT/deployments/Bioretention_truth_drift/state/_current_input.json,/home/arash/Projects/DrywellDT/deployments/Bioretention_truth_drift/state/state_20211102_000000.json,ok,
670,forward_advance,670,2026-07-31T00:26:16.655Z,2026-07-31T00:26:26.213Z,9.55800000,44502.00000000,44503.00000000,1.00000000,/home/arash/Projects/DrywellDT/deployments/Bioretention_truth_drift/state/_current_input.json,/home/arash/Projects/DrywellDT/deployments/Bioretention_truth_drift/state/state_20211103_000000.json,ok,
671,forward_advance,671,2026-07-31T00:33:28.655Z,2026-07-31T00:33:40.515Z,11.86000000,44503.00000000,44504.00000000,1.00000000,/home/arash/Projects/DrywellDT/deployments/Bioretention_truth_drift/state/_current_input.json,/home/arash/Projects/DrywellDT/deployments/Bioretention_truth_drift/state/state_20211104_000000.json,ok,
672,forward_advance,672,2026-07-31T00:40:40.574Z,2026-07-31T00:40:49.616Z,9.04200000,44504.00000000,44505.00000000,1.00000000,/home/arash/Projects/DrywellDT/deployments/Bioretention_truth_drift/state/_current_input.json,/home/arash/Projects/DrywellDT/deployments/Bioretention_truth_drift/state/state_20211105_000000.json,ok,
673,forward_advance,673,2026-07-31T00:47:52.629Z,2026-07-31T00:48:01.778Z,9.14900000,44505.00000000,44506.00000000,1.00000000,/home/arash/Projects/DrywellDT/deployments/Bioretention_truth_drift/state/_current_input.json,/home/arash/Projects/DrywellDT/deployments/Bioretention_truth_drift/state/state_20211106_000000.json,ok,
674,forward_advance,674,2026-07-31T00:55:04.656Z,2026-07-31T00:55:15.221Z,10.56500000,44506.00000000,44507.00000000,1.00000000,/home/arash/Projects/DrywellDT/deployments/Bioretention_truth_drift/state/_current_input.json,/home/arash/Projects/DrywellDT/deployments/Bioretention_truth_drift/state/state_20211107_000000.json,ok,
675,forward_advance,675,2026-07-31T01:02:16.608Z,2026-07-31T01:02:23.671Z,7.06300000,44507.00000000,44508.00000000,1.00000000,/home/arash/Projects/DrywellDT/deployments/Bioretention_truth_drift/state/_current_input.json,/home/arash/Projects/DrywellDT/deployments/Bioretention_truth_drift/state/state_20211108_000000.json,ok,
676,forward_advance,676,2026-07-31T01:09:28.644Z,2026-07-31T01:09:38.478Z,9.83400000,44508.00000000,44509.00000000,1.00000000,/home/arash/Projects/DrywellDT/deployments/Bioretention_truth_drift/state/_current_input.json,/home/arash/Projects/DrywellDT/deployments/Bioretention_truth_drift/state/state_20211109_000000.json,ok,
677,forward_advance,677,2026-07-31T01:16:40.655Z,2026-07-31T01:16:52.479Z,11.82400000,44509.00000000,44510.00000000,1.00000000,/home/arash/Projects/DrywellDT/deployments/Bioretention_truth_drift/state/_current_input.json,/home/arash/Projects/DrywellDT/deployments/Bioretention_truth_drift/state/state_20211110_000000.json,ok,
678,forward_advance,678,2026-07-31T01:23:52.596Z,2026-07-31T01:24:04.037Z,11.44100000,44510.00000000,44511.00000000,1.00000000,/home/arash/Projects/DrywellDT/deployments/Bioretention_truth_drift/state/_current_input.json,/home/arash/Projects/DrywellDT/deployments/Bioretention_truth_drift/state/state_20211111_000000.json,ok,
679,forward_advance,679,2026-07-31T01:31:04.655Z,2026-07-31T01:31:13.573Z,8.91800000,44511.00000000,44512.00000000,1.00000000,/home/arash/Projects/DrywellDT/deployments/Bioretention_truth_drift/state/_current_input.json,/home/arash/Projects/DrywellDT/deployments/Bioretention_truth_drift/state/state_20211112_000000.json,ok,
680,forward_advance,680,2026-07-31T01:38:16.656Z,2026-07-31T01:38:24.775Z,8.11900000,44512.00000000,44513.00000000,1.00000000,/home/arash/Projects/DrywellDT/deployments/Bioretention_truth_drift/state/_current_input.json,/home/arash/Projects/DrywellDT/deployments/Bioretention_truth_drift/state/state_20211113_000000.json,ok,
681,forward_advance,681,2026-07-31T01:45:28.654Z,2026-07-31T01:45:40.468Z,11.81400000,44513.00000000,44514.00000000,1.00000000,/home/arash/Projects/DrywellDT/deployments/Bioretention_truth_drift/state/_current_input.json,/home/arash/Projects/DrywellDT/deployments/Bioretention_truth_drift/state/state_20211114_000000.json,ok,
682,forward_advance,682,2026-07-31T01:52:40.654Z,2026-07-31T01:52:50.164Z,9.51000000,44514.00000000,44515.00000000,1.00000000,/home/arash/Projects/DrywellDT/deployments/Bioretention_truth_drift/state/_current_input.json,/home/arash/Projects/DrywellDT/deployments/Bioretention_truth_drift/state/state_20211115_000000.json,ok,
683,forward_advance,683,2026-07-31T01:59:52.656Z,2026-07-31T02:00:01.305Z,8.64900000,44515.00000000,44516.00000000,1.00000000,/home/arash/Projects/DrywellDT/deployments/Bioretention_truth_drift/state/_current_input.json,/home/arash/Projects/DrywellDT/deployments/Bioretention_truth_drift/state/state_20211116_000000.json,ok,
684,forward_advance,684,2026-07-31T02:07:04.655Z,2026-07-31T02:07:15.298Z,10.64300000,44516.00000000,44517.00000000,1.00000000,/home/arash/Projects/DrywellDT/deployments/Bioretention_truth_drift/state/_current_input.json,/home/arash/Projects/DrywellDT/deployments/Bioretention_truth_drift/state/state_20211117_000000.json,ok,
685,forward_advance,685,2026-07-31T02:14:16.555Z,2026-07-31T02:14:25.683Z,9.12800000,44517.00000000,44518.00000000,1.00000000,/home/arash/Projects/DrywellDT/deployments/Bioretention_truth_drift/state/_current_input.json,/home/arash/Projects/DrywellDT/deployments/Bioretention_truth_drift/state/state_20211118_000000.json,ok,
686,forward_advance,686,2026-07-31T02:21:28.656Z,2026-07-31T02:21:36.696Z,8.04000000,44518.00000000,44519.00000000,1.00000000,/home/arash/Projects/DrywellDT/deployments/Bioretention_truth_drift/state/_current_input.json,/home/arash/Projects/DrywellDT/deployments/Bioretention_truth_drift/state/state_20211119_000000.json,ok,
687,forward_advance,687,2026-07-31T02:28:40.655Z,2026-07-31T02:28:50.017Z,9.36200000,44519.00000000,44520.00000000,1.00000000,/home/arash/Projects/DrywellDT/deployments/Bioretention_truth_drift/state/_current_input.json,/home/arash/Projects/DrywellDT/deployments/Bioretention_truth_drift/state/state_20211120_000000.json,ok,
688,forward_advance,688,2026-07-31T02:35:52.583Z,2026-07-31T02:36:00.792Z,8.20900000,44520.00000000,44521.00000000,1.00000000,/home/arash/Projects/DrywellDT/deployments/Bioretention_truth_drift/state/_current_input.json,/home/arash/Projects/DrywellDT/deployments/Bioretention_truth_drift/state/state_20211121_000000.json,ok,
689,forward_advance,689,2026-07-31T02:43:04.655Z,2026-07-31T02:43:15.243Z,10.58800000,44521.00000000,44522.00000000,1.00000000,/home/arash/Projects/DrywellDT/deployments/Bioretention_truth_drift/state/_current_input.json,/home/arash/Projects/DrywellDT/deployments/Bioretention_truth_drift/state/state_20211122_000000.json,ok,
690,forward_advance,690,2026-07-31T02:50:16.569Z,2026-07-31T02:50:29.668Z,13.09900000,44522.00000000,44523.00000000,1.00000000,/home/arash/Projects/DrywellDT/deployments/Bioretention_truth_drift/state/_current_input.json,/home/arash/Projects/DrywellDT/deployments/Bioretention_truth_drift/state/state_20211123_000000.json,ok,
691,forward_advance,691,2026-07-31T02:57:28.604Z,2026-07-31T02:57:41.512Z,12.90800000,44523.00000000,44524.00000000,1.00000000,/home/arash/Projects/DrywellDT/deployments/Bioretention_truth_drift/state/_current_input.json,/home/arash/Projects/DrywellDT/deployments/Bioretention_truth_drift/state/state_20211124_000000.json,ok,
692,forward_advance,692,2026-07-31T03:04:40.655Z,2026-07-31T03:04:50.494Z,9.83900000,44524.00000000,44525.00000000,1.00000000,/home/arash/Projects/DrywellDT/deployments/Bioretention_truth_drift/state/_current_input.json,/home/arash/Projects/DrywellDT/deployments/Bioretention_truth_drift/state/state_20211125_000000.json,ok,
693,forward_advance,693,2026-07-31T03:11:52.654Z,2026-07-31T03:12:06.496Z,13.84200000,44525.00000000,44526.00000000,1.00000000,/home/arash/Projects/DrywellDT/deployments/Bioretention_truth_drift/state/_current_input.json,/home/arash/Projects/DrywellDT/deployments/Bioretention_truth_drift/state/state_20211126_000000.json,ok,
694,forward_advance,694,2026-07-31T03:19:04.583Z,2026-07-31T03:19:14.406Z,9.82300000,44526.00000000,44527.00000000,1.00000000,/home/arash/Projects/DrywellDT/deployments/Bioretention_truth_drift/state/_current_input.json,/home/arash/Projects/DrywellDT/deployments/Bioretention_truth_drift/state/state_20211127_000000.json,ok,
695,forward_advance,695,2026-07-31T03:26:16.655Z,2026-07-31T03:26:24.911Z,8.25600000,44527.00000000,44528.00000000,1.00000000,/home/arash/Projects/DrywellDT/deployments/Bioretention_truth_drift/state/_current_input.json,/home/arash/Projects/DrywellDT/deployments/Bioretention_truth_drift/state/state_20211128_000000.json,ok,
696,forward_advance,696,2026-07-31T03:33:28.655Z,2026-07-31T03:33:40.476Z,11.82100000,44528.00000000,44529.00000000,1.00000000,/home/arash/Projects/DrywellDT/deployments/Bioretention_truth_drift/state/_current_input.json,/home/arash/Projects/DrywellDT/deployments/Bioretention_truth_drift/state/state_20211129_000000.json,ok,
697,forward_advance,697,2026-07-31T03:40:40.562Z,2026-07-31T03:40:51.072Z,10.51000000,44529.00000000,44530.00000000,1.00000000,/home/arash/Projects/DrywellDT/deployments/Bioretention_truth_drift/state/_current_input.json,/home/arash/Projects/DrywellDT/deployments/Bioretention_truth_drift/state/state_20211130_000000.json,ok,
698,forward_advance,698,2026-07-31T03:47:52.655Z,2026-07-31T03:48:01.914Z,9.25900000,44530.00000000,44531.00000000,1.00000000,/home/arash/Projects/DrywellDT/deployments/Bioretention_truth_drift/state/_current_input.json,/home/arash/Projects/DrywellDT/deployments/Bioretention_truth_drift/state/state_20211201_000000.json,ok,
699,forward_advance,699,2026-07-31T03:55:04.626Z,2026-07-31T03:55:15.686Z,11.06000000,44531.00000000,44532.00000000,1.00000000,/home/arash/Projects/DrywellDT/deployments/Bioretention_truth_drift/state/_current_input.json,/home/arash/Projects/DrywellDT/deployments/Bioretention_truth_drift/state/state_20211202_000000.json,ok,
700,forward_advance,700,2026-07-31T04:02:16.654Z,2026-07-31T04:02:23.309Z,6.65500000,44532.00000000,44533.00000000,1.00000000,/home/arash/Projects/DrywellDT/deployments/Bioretention_truth_drift/state/_current_input.json,/home/arash/Projects/DrywellDT/deployments/Bioretention_truth_drift/state/state_20211203_000000.json,ok,
701,forward_advance,701,2026-07-31T04:09:28.600Z,2026-07-31T04:09:36.614Z,8.01400000,44533.00000000,44534.00000000,1.00000000,/home/arash/Projects/DrywellDT/deployments/Bioretention_truth_drift/state/_current_input.json,/home/arash/Projects/DrywellDT/deployments/Bioretention_truth_drift/state/state_20211204_000000.json,ok,
702,forward_advance,702,2026-07-31T04:16:40.655Z,2026-07-31T04:16:52.255Z,11.60000000,44534.00000000,44535.00000000,1.00000000,/home/arash/Projects/DrywellDT/deployments/Bioretention_truth_drift/state/_current_input.json,/home/arash/Projects/DrywellDT/deployments/Bioretention_truth_drift/state/state_20211205_000000.json,ok,
703,forward_advance,703,2026-07-31T04:23:52.653Z,2026-07-31T04:24:04.366Z,11.71300000,44535.00000000,44536.00000000,1.00000000,/home/arash/Projects/DrywellDT/deployments/Bioretention_truth_drift/state/_current_input.json,/home/arash/Projects/DrywellDT/deployments/Bioretention_truth_drift/state/state_20211206_000000.json,ok,
704,forward_advance,704,2026-07-31T04:31:04.655Z,2026-07-31T04:31:15.876Z,11.22100000,44536.00000000,44537.00000000,1.00000000,/home/arash/Projects/DrywellDT/deployments/Bioretention_truth_drift/state/_current_input.json,/home/arash/Projects/DrywellDT/deployments/Bioretention_truth_drift/state/state_20211207_000000.json,ok,
705,forward_advance,705,2026-07-31T04:38:16.651Z,2026-07-31T04:38:24.894Z,8.24300000,44537.00000000,44538.00000000,1.00000000,/home/arash/Projects/DrywellDT/deployments/Bioretention_truth_drift/state/_current_input.json,/home/arash/Projects/DrywellDT/deployments/Bioretention_truth_drift/state/state_20211208_000000.json,ok,
706,forward_advance,706,2026-07-31T04:45:28.654Z,2026-07-31T04:45:40.378Z,11.72400000,44538.00000000,44539.00000000,1.00000000,/home/arash/Projects/DrywellDT/deployments/Bioretention_truth_drift/state/_current_input.json,/home/arash/Projects/DrywellDT/deployments/Bioretention_truth_drift/state/state_20211209_000000.json,ok,
707,forward_advance,707,2026-07-31T04:52:40.655Z,2026-07-31T04:52:50.908Z,10.25300000,44539.00000000,44540.00000000,1.00000000,/home/arash/Projects/DrywellDT/deployments/Bioretention_truth_drift/state/_current_input.json,/home/arash/Projects/DrywellDT/deployments/Bioretention_truth_drift/state/state_20211210_000000.json,ok,
708,forward_advance,708,2026-07-31T04:59:52.557Z,2026-07-31T05:00:01.124Z,8.56700000,44540.00000000,44541.00000000,1.00000000,/home/arash/Projects/DrywellDT/deployments/Bioretention_truth_drift/state/_current_input.json,/home/arash/Projects/DrywellDT/deployments/Bioretention_truth_drift/state/state_20211211_000000.json,ok,
709,forward_advance,709,2026-07-31T05:07:04.556Z,2026-07-31T05:07:16.388Z,11.83200000,44541.00000000,44542.00000000,1.00000000,/home/arash/Projects/DrywellDT/deployments/Bioretention_truth_drift/state/_current_input.json,/home/arash/Projects/DrywellDT/deployments/Bioretention_truth_drift/state/state_20211212_000000.json,ok,
710,forward_advance,710,2026-07-31T05:14:16.655Z,2026-07-31T05:14:26.366Z,9.71100000,44542.00000000,44543.00000000,1.00000000,/home/arash/Projects/DrywellDT/deployments/Bioretention_truth_drift/state/_current_input.json,/home/arash/Projects/DrywellDT/deployments/Bioretention_truth_drift/state/state_20211213_000000.json,ok,
711,forward_advance,711,2026-07-31T05:21:28.602Z,2026-07-31T05:21:41.659Z,13.05700000,44543.00000000,44544.00000000,1.00000000,/home/arash/Projects/DrywellDT/deployments/Bioretention_truth_drift/state/_current_input.json,/home/arash/Projects/DrywellDT/deployments/Bioretention_truth_drift/state/state_20211214_000000.json,ok,
712,forward_advance,712,2026-07-31T05:28:40.654Z,2026-07-31T05:28:50.994Z,10.34000000,44544.00000000,44545.00000000,1.00000000,/home/arash/Projects/DrywellDT/deployments/Bioretention_truth_drift/state/_current_input.json,/home/arash/Projects/DrywellDT/deployments/Bioretention_truth_drift/state/state_20211215_000000.json,ok,
713,forward_advance,713,2026-07-31T05:35:52.655Z,2026-07-31T05:36:02.743Z,10.08800000,44545.00000000,44546.00000000,1.00000000,/home/arash/Projects/DrywellDT/deployments/Bioretention_truth_drift/state/_current_input.json,/home/arash/Projects/DrywellDT/deployments/Bioretention_truth_drift/state/state_20211216_000000.json,ok,
714,forward_advance,714,2026-07-31T05:43:04.613Z,2026-07-31T05:43:14.299Z,9.68600000,44546.00000000,44547.00000000,1.00000000,/home/arash/Projects/DrywellDT/deployments/Bioretention_truth_drift/state/_current_input.json,/home/arash/Projects/DrywellDT/deployments/Bioretention_truth_drift/state/state_20211217_000000.json,ok,
715,forward_advance,715,2026-07-31T05:50:16.618Z,2026-07-31T05:50:23.880Z,7.26200000,44547.00000000,44548.00000000,1.00000000,/home/arash/Projects/DrywellDT/deployments/Bioretention_truth_drift/state/_current_input.json,/home/arash/Projects/DrywellDT/deployments/Bioretention_truth_drift/state/state_20211218_000000.json,ok,
716,forward_advance,716,2026-07-31T05:57:28.670Z,2026-07-31T05:57:37.075Z,8.40500000,44548.00000000,44549.00000000,1.00000000,/home/arash/Projects/DrywellDT/deployments/Bioretention_truth_drift/state/_current_input.json,/home/arash/Projects/DrywellDT/deployments/Bioretention_truth_drift/state/state_20211219_000000.json,ok,
717,forward_advance,717,2026-07-31T06:04:40.655Z,2026-07-31T06:04:50.584Z,9.92900000,44549.00000000,44550.00000000,1.00000000,/home/arash/Projects/DrywellDT/deployments/Bioretention_truth_drift/state/_current_input.json,/home/arash/Projects/DrywellDT/deployments/Bioretention_truth_drift/state/state_20211220_000000.json,ok,
718,forward_advance,718,2026-07-31T06:11:52.555Z,2026-07-31T06:12:00.800Z,8.24500000,44550.00000000,44551.00000000,1.00000000,/home/arash/Projects/DrywellDT/deployments/Bioretention_truth_drift/state/_current_input.json,/home/arash/Projects/DrywellDT/deployments/Bioretention_truth_drift/state/state_20211221_000000.json,ok,
719,forward_advance,719,2026-07-31T06:19:04.655Z,2026-07-31T06:19:15.199Z,10.54400000,44551.00000000,44552.00000000,1.00000000,/home/arash/Projects/DrywellDT/deployments/Bioretention_truth_drift/state/_current_input.json,/home/arash/Projects/DrywellDT/deployments/Bioretention_truth_drift/state/state_20211222_000000.json,ok,
720,forward_advance,720,2026-07-31T06:26:16.655Z,2026-07-31T06:26:25.138Z,8.48300000,44552.00000000,44553.00000000,1.00000000,/home/arash/Projects/DrywellDT/deployments/Bioretention_truth_drift/state/_current_input.json,/home/arash/Projects/DrywellDT/deployments/Bioretention_truth_drift/state/state_20211223_000000.json,ok,
721,forward_advance,721,2026-07-31T06:33:28.654Z,2026-07-31T06:33:37.912Z,9.25800000,44553.00000000,44554.00000000,1.00000000,/home/arash/Projects/DrywellDT/deployments/Bioretention_truth_drift/state/_current_input.json,/home/arash/Projects/DrywellDT/deployments/Bioretention_truth_drift/state/state_20211224_000000.json,ok,
722,forward_advance,722,2026-07-31T06:40:40.558Z,2026-07-31T06:40:48.335Z,7.77700000,44554.00000000,44555.00000000,1.00000000,/home/arash/Projects/DrywellDT/deployments/Bioretention_truth_drift/state/_current_input.json,/home/arash/Projects/DrywellDT/deployments/Bioretention_truth_drift/state/state_20211225_000000.json,ok,
723,forward_advance,723,2026-07-31T06:47:52.655Z,2026-07-31T06:47:59.731Z,7.07600000,44555.00000000,44556.00000000,1.00000000,/home/arash/Projects/DrywellDT/deployments/Bioretention_truth_drift/state/_current_input.json,/home/arash/Projects/DrywellDT/deployments/Bioretention_truth_drift/state/state_20211226_000000.json,ok,
724,forward_advance,724,2026-07-31T06:55:04.655Z,2026-07-31T06:55:14.934Z,10.27900000,44556.00000000,44557.00000000,1.00000000,/home/arash/Projects/DrywellDT/deployments/Bioretention_truth_drift/state/_current_input.json,/home/arash/Projects/DrywellDT/deployments/Bioretention_truth_drift/state/state_20211227_000000.json,ok,
725,forward_advance,725,2026-07-31T07:02:16.601Z,2026-07-31T07:02:26.177Z,9.57600000,44557.00000000,44558.00000000,1.00000000,/home/arash/Projects/DrywellDT/deployments/Bioretention_truth_drift/state/_current_input.json,/home/arash/Projects/DrywellDT/deployments/Bioretention_truth_drift/state/state_20211228_000000.json,ok,
726,forward_advance,726,2026-07-31T07:09:28.655Z,2026-07-31T07:09:39.367Z,10.71200000,44558.00000000,44559.00000000,1.00000000,/home/arash/Projects/DrywellDT/deployments/Bioretention_truth_drift/state/_current_input.json,/home/arash/Projects/DrywellDT/deployments/Bioretention_truth_drift/state/state_20211229_000000.json,ok,
727,forward_advance,727,2026-07-31T07:16:40.654Z,2026-07-31T07:16:50.639Z,9.98500000,44559.00000000,44560.00000000,1.00000000,/home/arash/Projects/DrywellDT/deployments/Bioretention_truth_drift/state/_current_input.json,/home/arash/Projects/DrywellDT/deployments/Bioretention_truth_drift/state/state_20211230_000000.json,ok,
728,forward_advance,728,2026-07-31T07:23:52.656Z,2026-07-31T07:24:00.334Z,7.67800000,44560.00000000,44561.00000000,1.00000000,/home/arash/Projects/DrywellDT/deployments/Bioretention_truth_drift/state/_current_input.json,/home/arash/Projects/DrywellDT/deployments/Bioretention_truth_drift/state/state_20211231_000000.json,ok,
729,forward_advance,729,2026-07-31T07:31:04.655Z,2026-07-31T07:31:11.873Z,7.21800000,44561.00000000,44562.00000000,1.00000000,/home/arash/Projects/DrywellDT/deployments/Bioretention_truth_drift/state/_current_input.json,/home/arash/Projects/DrywellDT/deployments/Bioretention_truth_drift/state/state_20220101_000000.json,ok,
730,forward_advance,730,2026-07-31T07:38:16.576Z,2026-07-31T07:38:26.434Z,9.85800000,44562.00000000,44563.00000000,1.00000000,/home/arash/Projects/DrywellDT/deployments/Bioretention_truth_drift/state/_current_input.json,/home/arash/Projects/DrywellDT/deployments/Bioretention_truth_drift/state/state_20220102_000000.json,ok,
731,forward_advance,731,2026-07-31T07:45:28.655Z,2026-07-31T07:45:38.658Z,10.00300000,44563.00000000,44564.00000000,1.00000000,/home/arash/Projects/DrywellDT/deployments/Bioretention_truth_drift/state/_current_input.json,/home/arash/Projects/DrywellDT/deployments/Bioretention_truth_drift/state/state_20220103_000000.json,ok,
732,forward_advance,732,2026-07-31T07:52:40.655Z,2026-07-31T07:52:49.681Z,9.02600000,44564.00000000,44565.00000000,1.00000000,/home/arash/Projects/DrywellDT/deployments/Bioretention_truth_drift/state/_current_input.json,/home/arash/Projects/DrywellDT/deployments/Bioretention_truth_drift/state/state_20220104_000000.json,ok,
