t, Obs_Soil Moisture_expression
40178.80000,0.324612
40178.81000,0.324606
40178.82000,0.324602
40178.83000,0.324598
40178.84000,0.324593
40178.85000,0.324589
40178.86000,0.324585
40178.87000,0.32458
40178.88000,0.324576
40178.89000,0.324572
40178.90000,0.324568
40178.91000,0.324565
40178.92000,0.324561
40178.93000,0.324558
40178.94000,0.324555
40178.95000,0.324552
40178.96000,0.324549
40178.97000,0.324545
40178.98000,0.324542
40178.99000,0.324539
40179.00000,0.324536
40179.01000,0.324533
40179.02000,0.324529
40179.03000,0.324526
40179.04000,0.324523
40179.05000,0.32452
40179.06000,0.324517
40179.07000,0.324513
40179.08000,0.32451
40179.09000,0.324507
40179.10000,0.324504
40179.11000,0.3245
40179.12000,0.324497
40179.13000,0.324494
40179.14000,0.324491
40179.15000,0.324488
40179.16000,0.324484
40179.17000,0.324481
40179.18000,0.324478
40179.19000,0.324475
40179.20000,0.324472
40179.21000,0.324468
40179.22000,0.324465
40179.23000,0.324462
40179.24000,0.324459
40179.25000,0.324456
40179.26000,0.324452
40179.27000,0.324449
40179.28000,0.324445
40179.29000,0.324439
40179.30000,0.324433
40179.31000,0.324428
40179.32000,0.324416
40179.33000,0.324386
40179.34000,0.324356
40179.35000,0.324326
40179.36000,0.324296
40179.37000,0.32425
40179.38000,0.324203
40179.39000,0.324156
40179.40000,0.324109
40179.41000,0.32406
40179.42000,0.32401
40179.43000,0.32396
40179.44000,0.32391
40179.45000,0.323864
40179.46000,0.323821
40179.47000,0.323778
40179.48000,0.323735
40179.49000,0.323697
40179.50000,0.323667
40179.51000,0.323638
40179.52000,0.323609
40179.53000,0.323583
40179.54000,0.323572
40179.55000,0.323562
40179.56000,0.323551
40179.57000,0.323541
40179.58000,0.323549
40179.59000,0.323559
40179.60000,0.323568
40179.61000,0.323578
40179.62000,0.3236
40179.63000,0.323627
40179.64000,0.323655
40179.65000,0.323682
40179.66000,0.323713
40179.67000,0.323747
40179.68000,0.323781
40179.69000,0.323814
40179.70000,0.323845
40179.71000,0.323865
40179.72000,0.323886
40179.73000,0.323907
40179.74000,0.323927
40179.75000,0.323936
40179.76000,0.323944
40179.77000,0.323952
40179.78000,0.323961
40179.79000,0.323964
40179.80000,0.323966
40179.81000,0.323969
40179.82000,0.323971
40179.83000,0.323972
40179.84000,0.323971
40179.85000,0.323971
40179.86000,0.323971
40179.87000,0.32397
40179.88000,0.323968
40179.89000,0.323966
40179.90000,0.323964
40179.91000,0.323962
40179.92000,0.32396
40179.93000,0.323958
40179.94000,0.323955
40179.95000,0.323953
40179.96000,0.32395
40179.97000,0.323947
40179.98000,0.323945
40179.99000,0.323942
40180.00000,0.323939
40180.01000,0.323936
40180.02000,0.323933
40180.03000,0.32393
40180.04000,0.323927
40180.05000,0.323924
40180.06000,0.323921
40180.07000,0.323919
40180.08000,0.323916
40180.09000,0.323913
40180.10000,0.32391
40180.11000,0.323907
40180.12000,0.323904
40180.13000,0.323901
40180.14000,0.323898
40180.15000,0.323895
40180.16000,0.323892
40180.17000,0.323889
40180.18000,0.323886
40180.19000,0.323883
40180.20000,0.32388
40180.21000,0.323877
40180.22000,0.323874
40180.23000,0.323871
40180.24000,0.323868
40180.25000,0.323865
40180.26000,0.323862
40180.27000,0.323859
40180.28000,0.323856
40180.29000,0.323851
40180.30000,0.32384
40180.31000,0.323829
40180.32000,0.323818
40180.33000,0.323804
40180.34000,0.323767
40180.35000,0.32373
40180.36000,0.323693
40180.37000,0.323655
40180.38000,0.323607
40180.39000,0.323557
40180.40000,0.323506
40180.41000,0.323456
40180.42000,0.323406
40180.43000,0.323355
40180.44000,0.323305
40180.45000,0.323254
40180.46000,0.323208
40180.47000,0.323167
40180.48000,0.323126
40180.49000,0.323085
40180.50000,0.323048
40180.51000,0.323023
40180.52000,0.322998
40180.53000,0.322974
40180.54000,0.322949
40180.55000,0.322944
40180.56000,0.322939
40180.57000,0.322934
40180.58000,0.322929
40180.59000,0.32294
40180.60000,0.322955
40180.61000,0.32297
40180.62000,0.322986
40180.63000,0.323011
40180.64000,0.323043
40180.65000,0.323075
40180.66000,0.323107
40180.67000,0.32314
40180.68000,0.323177
40180.69000,0.323214
40180.70000,0.323251
40180.71000,0.323284
40180.72000,0.323301
40180.73000,0.323318
40180.74000,0.323335
40180.75000,0.323351
40180.76000,0.323359
40180.77000,0.323366
40180.78000,0.323373
40180.79000,0.32338
40180.80000,0.323382
40180.81000,0.323382
40180.82000,0.323382
40180.83000,0.323382
40180.84000,0.323382
40180.85000,0.323381
40180.86000,0.323379
40180.87000,0.323376
40180.88000,0.323373
40180.89000,0.323371
40180.90000,0.323368
40180.91000,0.323366
40180.92000,0.323363
40180.93000,0.32336
40180.94000,0.323356
40180.95000,0.323353
40180.96000,0.323349
40180.97000,0.323346
40180.98000,0.323342
40180.99000,0.323339
40181.00000,0.323335
40181.01000,0.323332
40181.02000,0.323328
40181.03000,0.323324
40181.04000,0.323321
40181.05000,0.323317
40181.06000,0.323313
40181.07000,0.32331
40181.08000,0.323306
40181.09000,0.323302
40181.10000,0.323299
40181.11000,0.323295
40181.12000,0.323291
40181.13000,0.323288
40181.14000,0.323284
40181.15000,0.32328
40181.16000,0.323275
40181.17000,0.323267
40181.18000,0.323259
40181.19000,0.323251
40181.20000,0.323243
40181.21000,0.323236
40181.22000,0.323228
40181.23000,0.32322
40181.24000,0.323212
40181.25000,0.323204
40181.26000,0.323196
40181.27000,0.323188
40181.28000,0.32318
40181.29000,0.323172
40181.30000,0.323164
40181.31000,0.323156
40181.32000,0.323148
40181.33000,0.32314
40181.34000,0.323113
40181.35000,0.32307
40181.36000,0.323027
40181.37000,0.322984
40181.38000,0.322941
40181.39000,0.322898
40181.40000,0.322855
40181.41000,0.322812
40181.42000,0.322769
40181.43000,0.322726
40181.44000,0.322683
40181.45000,0.32264
40181.46000,0.322597
40181.47000,0.322554
40181.48000,0.322511
40181.49000,0.322467
40181.50000,0.322424
40181.51000,0.322381
40181.52000,0.322388
40181.53000,0.322406
40181.54000,0.322425
40181.55000,0.322444
40181.56000,0.322463
40181.57000,0.322481
40181.58000,0.3225
40181.59000,0.322519
40181.60000,0.322538
40181.61000,0.322557
40181.62000,0.322575
40181.63000,0.322594
40181.64000,0.322613
40181.65000,0.322632
40181.66000,0.32265
40181.67000,0.322669
40181.68000,0.322688
40181.69000,0.322706
40181.70000,0.322712
40181.71000,0.322717
40181.72000,0.322722
40181.73000,0.322727
40181.74000,0.322732
40181.75000,0.322738
40181.76000,0.322743
40181.77000,0.322748
40181.78000,0.322753
40181.79000,0.322759
40181.80000,0.322764
40181.81000,0.322769
40181.82000,0.322774
40181.83000,0.32278
40181.84000,0.322785
40181.85000,0.32279
40181.86000,0.322795
40181.87000,0.322799
40181.88000,0.322798
40181.89000,0.322796
40181.90000,0.322795
40181.91000,0.322794
40181.92000,0.322793
40181.93000,0.322792
40181.94000,0.322791
40181.95000,0.322789
40181.96000,0.322788
40181.97000,0.322787
40181.98000,0.322786
40181.99000,0.322785
40182.00000,0.322784
40182.01000,0.322783
40182.02000,0.322781
40182.03000,0.32278
40182.04000,0.322779
40182.05000,0.322777
40182.06000,0.322775
40182.07000,0.322773
40182.08000,0.322771
40182.09000,0.322768
40182.10000,0.322766
40182.11000,0.322764
40182.12000,0.322761
40182.13000,0.322759
40182.14000,0.322757
40182.15000,0.322755
40182.16000,0.322752
40182.17000,0.32275
40182.18000,0.322748
40182.19000,0.322746
40182.20000,0.322743
40182.21000,0.322741
40182.22000,0.322739
40182.23000,0.322717
40182.24000,0.322688
40182.25000,0.32266
40182.26000,0.322632
40182.27000,0.322604
40182.28000,0.322576
40182.29000,0.322548
40182.30000,0.322519
40182.31000,0.322491
40182.32000,0.322463
40182.33000,0.322435
40182.34000,0.322407
40182.35000,0.322379
40182.36000,0.32235
40182.37000,0.322322
40182.38000,0.322294
40182.39000,0.322266
40182.40000,0.322238
40182.41000,0.322214
40182.42000,0.322191
40182.43000,0.322167
40182.44000,0.322144
40182.45000,0.32212
40182.46000,0.322097
40182.47000,0.322073
40182.48000,0.32205
40182.49000,0.322027
40182.50000,0.322003
40182.51000,0.32198
40182.52000,0.321956
40182.53000,0.321933
40182.54000,0.321909
40182.55000,0.321886
40182.56000,0.321862
40182.57000,0.321839
40182.58000,0.321827
40182.59000,0.321849
40182.60000,0.321871
40182.61000,0.321893
40182.62000,0.321915
40182.63000,0.321937
40182.64000,0.321959
40182.65000,0.321981
40182.66000,0.322003
40182.67000,0.322025
40182.68000,0.322047
40182.69000,0.322069
40182.70000,0.322091
40182.71000,0.322113
40182.72000,0.322136
40182.73000,0.322158
40182.74000,0.32218
40182.75000,0.322202
40182.76000,0.322214
40182.77000,0.322216
40182.78000,0.322218
40182.79000,0.322221
40182.80000,0.322223
40182.81000,0.322225
40182.82000,0.322227
40182.83000,0.322229
40182.84000,0.322232
40182.85000,0.322234
40182.86000,0.322236
40182.87000,0.322238
40182.88000,0.32224
40182.89000,0.322242
40182.90000,0.322245
40182.91000,0.322247
40182.92000,0.322249
40182.93000,0.322251
40182.94000,0.322251
40182.95000,0.322249
40182.96000,0.322248
40182.97000,0.322246
40182.98000,0.322245
40182.99000,0.322243
40183.00000,0.322242
40183.01000,0.32224
40183.02000,0.322239
40183.03000,0.322237
40183.04000,0.322236
40183.05000,0.322234
40183.06000,0.322233
40183.07000,0.322231
40183.08000,0.32223
40183.09000,0.322228
40183.10000,0.322227
40183.11000,0.322225
40183.12000,0.322223
40183.13000,0.322221
40183.14000,0.322219
40183.15000,0.322216
40183.16000,0.322214
40183.17000,0.322212
40183.18000,0.32221
40183.19000,0.322208
40183.20000,0.322205
40183.21000,0.322203
40183.22000,0.322201
40183.23000,0.322199
40183.24000,0.322197
40183.25000,0.322194
40183.26000,0.322192
40183.27000,0.32219
40183.28000,0.322188
40183.29000,0.322177
40183.30000,0.322133
40183.31000,0.32209
40183.32000,0.322046
40183.33000,0.322003
40183.34000,0.321959
40183.35000,0.321916
40183.36000,0.321873
40183.37000,0.321829
40183.38000,0.321786
40183.39000,0.321742
40183.40000,0.321699
40183.41000,0.321655
40183.42000,0.321612
40183.43000,0.321568
40183.44000,0.321525
40183.45000,0.321482
40183.46000,0.321438
40183.47000,0.321416
40183.48000,0.321419
40183.49000,0.321422
40183.50000,0.321425
40183.51000,0.321428
40183.52000,0.321431
40183.53000,0.321434
40183.54000,0.321437
40183.55000,0.32144
40183.56000,0.321443
40183.57000,0.321446
40183.58000,0.321449
40183.59000,0.321452
40183.60000,0.321455
40183.61000,0.321458
40183.62000,0.321461
40183.63000,0.321464
40183.64000,0.321466
40183.65000,0.321477
40183.66000,0.321491
40183.67000,0.321505
40183.68000,0.321519
40183.69000,0.321533
40183.70000,0.321547
40183.71000,0.321561
40183.72000,0.321575
40183.73000,0.321589
40183.74000,0.321603
40183.75000,0.321617
40183.76000,0.321631
40183.77000,0.321645
40183.78000,0.321659
40183.79000,0.321673
40183.80000,0.321687
40183.81000,0.321701
40183.82000,0.321715
40183.83000,0.321717
40183.84000,0.321717
40183.85000,0.321718
40183.86000,0.321719
40183.87000,0.32172
40183.88000,0.321721
40183.89000,0.321722
40183.90000,0.321722
40183.91000,0.321723
40183.92000,0.321724
40183.93000,0.321725
40183.94000,0.321726
40183.95000,0.321727
40183.96000,0.321727
40183.97000,0.321728
40183.98000,0.321729
40183.99000,0.32173
40184.00000,0.32173
40184.01000,0.321729
40184.02000,0.321727
40184.03000,0.321726
40184.04000,0.321724
40184.05000,0.321722
40184.06000,0.321721
40184.07000,0.321719
40184.08000,0.321718
40184.09000,0.321716
40184.10000,0.321715
40184.11000,0.321713
40184.12000,0.321711
40184.13000,0.32171
40184.14000,0.321708
40184.15000,0.321707
40184.16000,0.321705
40184.17000,0.321703
40184.18000,0.321697
40184.19000,0.321684
40184.20000,0.321671
40184.21000,0.321658
40184.22000,0.321645
40184.23000,0.321632
40184.24000,0.321619
40184.25000,0.321606
40184.26000,0.321593
40184.27000,0.321579
40184.28000,0.321566
40184.29000,0.321553
40184.30000,0.32154
40184.31000,0.321527
40184.32000,0.321514
40184.33000,0.321501
40184.34000,0.321488
40184.35000,0.321475
40184.36000,0.321444
40184.37000,0.321404
40184.38000,0.321364
40184.39000,0.321324
40184.40000,0.321285
40184.41000,0.321245
40184.42000,0.321205
40184.43000,0.321165
40184.44000,0.321125
40184.45000,0.321085
40184.46000,0.321046
40184.47000,0.321006
40184.48000,0.320966
40184.49000,0.320926
40184.50000,0.320886
40184.51000,0.320846
40184.52000,0.320806
40184.53000,0.320767
40184.54000,0.320787
40184.55000,0.320812
40184.56000,0.320838
40184.57000,0.320863
40184.58000,0.320889
40184.59000,0.320914
40184.60000,0.32094
40184.61000,0.320966
40184.62000,0.320991
40184.63000,0.321017
40184.64000,0.321042
40184.65000,0.321068
40184.66000,0.321094
40184.67000,0.321119
40184.68000,0.321145
40184.69000,0.32117
40184.70000,0.321196
40184.71000,0.321218
40184.72000,0.321221
40184.73000,0.321225
40184.74000,0.321228
40184.75000,0.321232
40184.76000,0.321235
40184.77000,0.321238
40184.78000,0.321242
40184.79000,0.321245
40184.80000,0.321249
40184.81000,0.321252
40184.82000,0.321255
40184.83000,0.321259
40184.84000,0.321262
40184.85000,0.321266
40184.86000,0.321269
40184.87000,0.321272
40184.88000,0.321276
40184.89000,0.321278
40184.90000,0.321277
40184.91000,0.321276
40184.92000,0.321275
40184.93000,0.321274
40184.94000,0.321273
40184.95000,0.321272
40184.96000,0.321271
40184.97000,0.32127
40184.98000,0.321269
40184.99000,0.321268
40185.00000,0.321267
40185.01000,0.321266
40185.02000,0.321265
40185.03000,0.321264
40185.04000,0.321263
40185.05000,0.321262
40185.06000,0.321261
40185.07000,0.32126
40185.08000,0.321258
40185.09000,0.321256
40185.10000,0.321255
40185.11000,0.321253
40185.12000,0.321251
40185.13000,0.321249
40185.14000,0.321248
40185.15000,0.321246
40185.16000,0.321244
40185.17000,0.321242
40185.18000,0.321241
40185.19000,0.321239
40185.20000,0.321237
40185.21000,0.321235
40185.22000,0.321234
40185.23000,0.321232
40185.24000,0.32123
40185.25000,0.3212
40185.26000,0.321166
40185.27000,0.321132
40185.28000,0.321098
40185.29000,0.321064
40185.30000,0.32103
40185.31000,0.320996
40185.32000,0.320962
40185.33000,0.320928
40185.34000,0.320894
40185.35000,0.32086
40185.36000,0.320826
40185.37000,0.320792
40185.38000,0.320758
40185.39000,0.320724
40185.40000,0.32069
40185.41000,0.320656
40185.42000,0.320624
40185.43000,0.320608
40185.44000,0.320592
40185.45000,0.320576
40185.46000,0.32056
40185.47000,0.320544
40185.48000,0.320528
40185.49000,0.320512
40185.50000,0.320496
40185.51000,0.32048
40185.52000,0.320464
40185.53000,0.320448
40185.54000,0.320432
40185.55000,0.320416
40185.56000,0.3204
40185.57000,0.320384
40185.58000,0.320368
40185.59000,0.320352
40185.60000,0.32035
40185.61000,0.320372
40185.62000,0.320394
40185.63000,0.320416
40185.64000,0.320438
40185.65000,0.32046
40185.66000,0.320482
40185.67000,0.320504
40185.68000,0.320526
40185.69000,0.320548
40185.70000,0.32057
40185.71000,0.320592
40185.72000,0.320614
40185.73000,0.320636
40185.74000,0.320658
40185.75000,0.32068
40185.76000,0.320702
40185.77000,0.320724
40185.78000,0.320734
40185.79000,0.320737
40185.80000,0.32074
40185.81000,0.320742
40185.82000,0.320745
40185.83000,0.320748
40185.84000,0.320751
40185.85000,0.320754
40185.86000,0.320757
40185.87000,0.32076
40185.88000,0.320763
40185.89000,0.320765
40185.90000,0.320768
40185.91000,0.320771
40185.92000,0.320774
40185.93000,0.320777
40185.94000,0.32078
40185.95000,0.320783
40185.96000,0.320787
40185.97000,0.320791
40185.98000,0.320795
40185.99000,0.3208
40186.00000,0.320804
40186.01000,0.320808
40186.02000,0.320813
40186.03000,0.320817
40186.04000,0.320978
40186.05000,0.321362
40186.06000,0.322029
40186.07000,0.322854
40186.08000,0.323713
40186.09000,0.324535
40186.10000,0.325281
40186.11000,0.325827
40186.12000,0.326085
40186.13000,0.326063
40186.14000,0.325798
40186.15000,0.325451
40186.16000,0.325234
40186.17000,0.325218
40186.18000,0.325444
40186.19000,0.32584
40186.20000,0.326106
40186.21000,0.326167
40186.22000,0.32601
40186.23000,0.322342
40186.24000,0.322335
40186.25000,0.322328
40186.26000,0.322321
40186.27000,0.322314
40186.28000,0.322307
40186.29000,0.3223
40186.30000,0.322293
40186.31000,0.322286
40186.32000,0.322278
40186.33000,0.322271
40186.34000,0.322264
40186.35000,0.322257
40186.36000,0.32225
40186.37000,0.322243
40186.38000,0.322236
40186.39000,0.322229
40186.40000,0.322222
40186.41000,0.322215
40186.42000,0.322208
40186.43000,0.3222
40186.44000,0.322193
40186.45000,0.322186
40186.46000,0.322179
40186.47000,0.322172
40186.48000,0.322165
40186.49000,0.322158
40186.50000,0.322151
40186.51000,0.322144
40186.52000,0.322137
40186.53000,0.32213
40186.54000,0.322123
40186.55000,0.322115
40186.56000,0.322108
40186.57000,0.322101
40186.58000,0.322094
40186.59000,0.322087
40186.60000,0.32208
40186.61000,0.322073
40186.62000,0.322066
40186.63000,0.322059
40186.64000,0.322052
40186.65000,0.322045
40186.66000,0.322037
40186.67000,0.32203
40186.68000,0.322023
40186.69000,0.322016
40186.70000,0.322009
40186.71000,0.322002
40186.72000,0.321995
40186.73000,0.321988
40186.74000,0.321984
40186.75000,0.32198
40186.76000,0.321976
40186.77000,0.321973
40186.78000,0.321969
40186.79000,0.321965
40186.80000,0.321961
40186.81000,0.321957
40186.82000,0.321954
40186.83000,0.32195
40186.84000,0.321946
40186.85000,0.321942
40186.86000,0.321938
40186.87000,0.321934
40186.88000,0.321931
40186.89000,0.321927
40186.90000,0.321923
40186.91000,0.321919
40186.92000,0.321915
40186.93000,0.321912
40186.94000,0.321908
40186.95000,0.321904
40186.96000,0.3219
40186.97000,0.321896
40186.98000,0.321893
40186.99000,0.321889
40187.00000,0.321885
40187.01000,0.321881
40187.02000,0.321877
40187.03000,0.321873
40187.04000,0.32187
40187.05000,0.321866
40187.06000,0.321862
40187.07000,0.321858
40187.08000,0.321854
40187.09000,0.321851
40187.10000,0.321847
40187.11000,0.321835
40187.12000,0.321814
40187.13000,0.321794
40187.14000,0.321773
40187.15000,0.321753
40187.16000,0.321733
40187.17000,0.321712
40187.18000,0.321692
40187.19000,0.321671
40187.20000,0.321651
40187.21000,0.32163
40187.22000,0.32161
40187.23000,0.32159
40187.24000,0.321569
40187.25000,0.321549
40187.26000,0.321528
40187.27000,0.321508
40187.28000,0.321487
40187.29000,0.321467
40187.30000,0.321447
40187.31000,0.321426
40187.32000,0.321406
40187.33000,0.321385
40187.34000,0.321365
40187.35000,0.321344
40187.36000,0.321324
40187.37000,0.321304
40187.38000,0.321283
40187.39000,0.321263
40187.40000,0.321242
40187.41000,0.321222
40187.42000,0.321201
40187.43000,0.321181
40187.44000,0.321161
40187.45000,0.32114
40187.46000,0.32112
40187.47000,0.321099
40187.48000,0.321079
40187.49000,0.321058
40187.50000,0.321038
40187.51000,0.321018
40187.52000,0.320997
40187.53000,0.320977
40187.54000,0.320956
40187.55000,0.320936
40187.56000,0.320915
40187.57000,0.320895
40187.58000,0.320875
40187.59000,0.320854
40187.60000,0.320834
40187.61000,0.320827
40187.62000,0.320834
40187.63000,0.320841
40187.64000,0.320848
40187.65000,0.320855
40187.66000,0.320862
40187.67000,0.320869
40187.68000,0.320876
40187.69000,0.320883
40187.70000,0.32089
40187.71000,0.320897
40187.72000,0.320904
40187.73000,0.320911
40187.74000,0.320918
40187.75000,0.320925
40187.76000,0.320932
40187.77000,0.320939
40187.78000,0.320946
40187.79000,0.320953
40187.80000,0.32096
40187.81000,0.320967
40187.82000,0.320974
40187.83000,0.320981
40187.84000,0.320988
40187.85000,0.320995
40187.86000,0.321002
40187.87000,0.321009
40187.88000,0.321016
40187.89000,0.321023
40187.90000,0.32103
40187.91000,0.321037
40187.92000,0.321043
40187.93000,0.32105
40187.94000,0.321057
40187.95000,0.321064
40187.96000,0.321071
40187.97000,0.321078
40187.98000,0.321085
40187.99000,0.321092
40188.00000,0.321099
40188.01000,0.321106
40188.02000,0.321113
40188.03000,0.32112
40188.04000,0.321127
40188.05000,0.321134
40188.06000,0.321141
40188.07000,0.321148
40188.08000,0.321155
40188.09000,0.321162
40188.10000,0.321169
40188.11000,0.321163
40188.12000,0.321143
40188.13000,0.321124
40188.14000,0.321105
40188.15000,0.321085
40188.16000,0.321066
40188.17000,0.321046
40188.18000,0.321027
40188.19000,0.321007
40188.20000,0.320988
40188.21000,0.320969
40188.22000,0.320949
40188.23000,0.32093
40188.24000,0.32091
40188.25000,0.320891
40188.26000,0.320871
40188.27000,0.320852
40188.28000,0.320832
40188.29000,0.320813
40188.30000,0.320794
40188.31000,0.320774
40188.32000,0.320755
40188.33000,0.320735
40188.34000,0.320716
40188.35000,0.320696
40188.36000,0.320677
40188.37000,0.320657
40188.38000,0.320638
40188.39000,0.320619
40188.40000,0.320599
40188.41000,0.32058
40188.42000,0.32056
40188.43000,0.320541
40188.44000,0.320521
40188.45000,0.320502
40188.46000,0.320483
40188.47000,0.320463
40188.48000,0.320444
40188.49000,0.320424
40188.50000,0.320405
40188.51000,0.320385
40188.52000,0.320366
40188.53000,0.320346
40188.54000,0.320327
40188.55000,0.320308
40188.56000,0.320288
40188.57000,0.320269
40188.58000,0.320249
40188.59000,0.32023
40188.60000,0.32021
40188.61000,0.320204
40188.62000,0.320212
40188.63000,0.32022
40188.64000,0.320227
40188.65000,0.320235
40188.66000,0.320242
40188.67000,0.32025
40188.68000,0.320258
40188.69000,0.320265
40188.70000,0.320273
40188.71000,0.32028
40188.72000,0.320288
40188.73000,0.320296
40188.74000,0.320303
40188.75000,0.320311
40188.76000,0.320318
40188.77000,0.320326
40188.78000,0.320334
40188.79000,0.320341
40188.80000,0.320349
40188.81000,0.320356
40188.82000,0.320364
40188.83000,0.320372
40188.84000,0.320379
40188.85000,0.320387
40188.86000,0.320394
40188.87000,0.320402
40188.88000,0.32041
40188.89000,0.320417
40188.90000,0.320425
40188.91000,0.320432
40188.92000,0.32044
40188.93000,0.320448
40188.94000,0.320455
40188.95000,0.320463
40188.96000,0.32047
40188.97000,0.320478
40188.98000,0.320486
40188.99000,0.320493
40189.00000,0.320501
40189.01000,0.320508
40189.02000,0.320516
40189.03000,0.320524
40189.04000,0.320531
40189.05000,0.320539
40189.06000,0.320547
40189.07000,0.320554
40189.08000,0.320562
40189.09000,0.320569
40189.10000,0.320577
40189.11000,0.320571
40189.12000,0.320553
40189.13000,0.320534
40189.14000,0.320515
40189.15000,0.320496
40189.16000,0.320477
40189.17000,0.320459
40189.18000,0.32044
40189.19000,0.320421
40189.20000,0.320402
40189.21000,0.320383
40189.22000,0.320365
40189.23000,0.320346
40189.24000,0.320327
40189.25000,0.320308
40189.26000,0.320289
40189.27000,0.320271
40189.28000,0.320252
40189.29000,0.320233
40189.30000,0.320214
40189.31000,0.320196
40189.32000,0.320177
40189.33000,0.320158
40189.34000,0.320139
40189.35000,0.32012
40189.36000,0.320102
40189.37000,0.320083
40189.38000,0.320064
40189.39000,0.320045
40189.40000,0.320026
40189.41000,0.320008
40189.42000,0.319989
40189.43000,0.31997
40189.44000,0.319951
40189.45000,0.319932
40189.46000,0.319914
40189.47000,0.319895
40189.48000,0.319876
40189.49000,0.319857
40189.50000,0.319839
40189.51000,0.31982
40189.52000,0.319801
40189.53000,0.319782
40189.54000,0.319763
40189.55000,0.319745
40189.56000,0.319726
40189.57000,0.319707
40189.58000,0.319688
40189.59000,0.319669
40189.60000,0.319651
40189.61000,0.319645
40189.62000,0.319654
40189.63000,0.319662
40189.64000,0.31967
40189.65000,0.319678
40189.66000,0.319686
40189.67000,0.319694
40189.68000,0.319703
40189.69000,0.319711
40189.70000,0.319719
40189.71000,0.319727
40189.72000,0.319735
40189.73000,0.319744
40189.74000,0.319752
40189.75000,0.31976
40189.76000,0.319768
40189.77000,0.319776
40189.78000,0.319785
40189.79000,0.319793
40189.80000,0.319801
40189.81000,0.319809
40189.82000,0.319817
40189.83000,0.319825
40189.84000,0.319834
40189.85000,0.319842
40189.86000,0.31985
40189.87000,0.319858
40189.88000,0.319866
40189.89000,0.319875
40189.90000,0.319883
40189.91000,0.319891
40189.92000,0.319899
40189.93000,0.319907
40189.94000,0.319916
40189.95000,0.319924
40189.96000,0.319932
40189.97000,0.31994
40189.98000,0.319948
40189.99000,0.319957
40190.00000,0.319965
40190.01000,0.319973
40190.02000,0.319981
40190.03000,0.319989
40190.04000,0.319997
40190.05000,0.320006
40190.06000,0.320014
40190.07000,0.320022
40190.08000,0.32003
40190.09000,0.320038
40190.10000,0.320047
40190.11000,0.320028
40190.12000,0.319982
40190.13000,0.319937
40190.14000,0.319891
40190.15000,0.319846
40190.16000,0.3198
40190.17000,0.319755
40190.18000,0.319709
40190.19000,0.319663
40190.20000,0.319618
40190.21000,0.319572
40190.22000,0.319527
40190.23000,0.319481
40190.24000,0.319436
40190.25000,0.31939
40190.26000,0.319344
40190.27000,0.319299
40190.28000,0.319253
40190.29000,0.319208
40190.30000,0.319162
40190.31000,0.319117
40190.32000,0.319071
40190.33000,0.319025
40190.34000,0.31898
40190.35000,0.318934
40190.36000,0.318889
40190.37000,0.318843
40190.38000,0.318798
40190.39000,0.318752
40190.40000,0.318707
40190.41000,0.318661
40190.42000,0.318615
40190.43000,0.31857
40190.44000,0.318524
40190.45000,0.318479
40190.46000,0.318433
40190.47000,0.318388
40190.48000,0.318342
40190.49000,0.318296
40190.50000,0.318251
40190.51000,0.318205
40190.52000,0.31816
40190.53000,0.318114
40190.54000,0.318069
40190.55000,0.318023
40190.56000,0.317978
40190.57000,0.317932
40190.58000,0.317886
40190.59000,0.317841
40190.60000,0.317795
40190.61000,0.317772
40190.62000,0.317772
40190.63000,0.317772
40190.64000,0.317772
40190.65000,0.317772
40190.66000,0.317771
40190.67000,0.317771
40190.68000,0.317771
40190.69000,0.317771
40190.70000,0.31777
40190.71000,0.31777
40190.72000,0.31777
40190.73000,0.31777
40190.74000,0.31777
40190.75000,0.317769
40190.76000,0.317769
40190.77000,0.317769
40190.78000,0.317769
40190.79000,0.317769
40190.80000,0.317768
40190.81000,0.317768
40190.82000,0.317768
40190.83000,0.317768
40190.84000,0.317767
40190.85000,0.317767
40190.86000,0.317767
40190.87000,0.317767
40190.88000,0.317767
40190.89000,0.317766
40190.90000,0.317766
40190.91000,0.317766
40190.92000,0.317766
40190.93000,0.317766
40190.94000,0.317765
40190.95000,0.317765
40190.96000,0.317765
40190.97000,0.317765
40190.98000,0.317764
40190.99000,0.317764
40191.00000,0.317764
40191.01000,0.317764
40191.02000,0.317764
40191.03000,0.317763
40191.04000,0.317763
40191.05000,0.317763
40191.06000,0.317763
40191.07000,0.317762
40191.08000,0.317762
40191.09000,0.317762
40191.10000,0.317762
40191.11000,0.317696
40191.12000,0.317563
40191.13000,0.317431
40191.14000,0.317299
40191.15000,0.317167
40191.16000,0.317034
40191.17000,0.316902
40191.18000,0.31677
40191.19000,0.316638
40191.20000,0.316505
40191.21000,0.316373
40191.22000,0.316241
40191.23000,0.316109
40191.24000,0.315976
40191.25000,0.315844
40191.26000,0.315712
40191.27000,0.31558
40191.28000,0.315447
40191.29000,0.315315
40191.30000,0.315183
40191.31000,0.315051
40191.32000,0.314918
40191.33000,0.314786
40191.34000,0.314654
40191.35000,0.314522
40191.36000,0.314389
40191.37000,0.314257
40191.38000,0.314125
40191.39000,0.313993
40191.40000,0.31386
40191.41000,0.313728
40191.42000,0.313596
40191.43000,0.313464
40191.44000,0.313331
40191.45000,0.313199
40191.46000,0.313067
40191.47000,0.312935
40191.48000,0.312802
40191.49000,0.31267
40191.50000,0.312538
40191.51000,0.312406
40191.52000,0.312273
40191.53000,0.312141
40191.54000,0.312009
40191.55000,0.311877
40191.56000,0.311744
40191.57000,0.311612
40191.58000,0.31148
40191.59000,0.311348
40191.60000,0.311216
40191.61000,0.311149
40191.62000,0.311149
40191.63000,0.311149
40191.64000,0.311149
40191.65000,0.311149
40191.66000,0.311149
40191.67000,0.311149
40191.68000,0.311149
40191.69000,0.311149
40191.70000,0.311149
40191.71000,0.311149
40191.72000,0.311149
40191.73000,0.311149
40191.74000,0.311149
40191.75000,0.311149
40191.76000,0.311149
40191.77000,0.311149
40191.78000,0.311149
40191.79000,0.311149
40191.80000,0.311149
40191.81000,0.311149
40191.82000,0.311149
40191.83000,0.311149
40191.84000,0.311149
40191.85000,0.311149
40191.86000,0.311149
40191.87000,0.311149
40191.88000,0.311149
40191.89000,0.311149
40191.90000,0.311149
40191.91000,0.311149
40191.92000,0.311149
40191.93000,0.311149
40191.94000,0.311149
40191.95000,0.311149
40191.96000,0.311149
40191.97000,0.311149
40191.98000,0.311149
40191.99000,0.311149
40192.00000,0.311149
40192.01000,0.311149
40192.02000,0.311149
40192.03000,0.311149
40192.04000,0.311149
40192.05000,0.311149
40192.06000,0.311149
40192.07000,0.311149
40192.08000,0.311149
40192.09000,0.311149
40192.10000,0.311149
40192.11000,0.311083
40192.12000,0.310951
40192.13000,0.310818
40192.14000,0.310686
40192.15000,0.310553
40192.16000,0.31042
40192.17000,0.310288
40192.18000,0.310155
40192.19000,0.310023
40192.20000,0.30989
40192.21000,0.309758
40192.22000,0.309625
40192.23000,0.309493
40192.24000,0.30936
40192.25000,0.309228
40192.26000,0.309095
40192.27000,0.308963
40192.28000,0.30883
40192.29000,0.308697
40192.30000,0.308565
40192.31000,0.308432
40192.32000,0.3083
40192.33000,0.308167
40192.34000,0.308035
40192.35000,0.307902
40192.36000,0.30777
40192.37000,0.307637
40192.38000,0.307505
40192.39000,0.307372
40192.40000,0.30724
40192.41000,0.307107
40192.42000,0.306975
40192.43000,0.306842
40192.44000,0.306709
40192.45000,0.306577
40192.46000,0.306444
40192.47000,0.306312
40192.48000,0.306179
40192.49000,0.306047
40192.50000,0.305914
40192.51000,0.305782
40192.52000,0.305649
40192.53000,0.305517
40192.54000,0.305384
40192.55000,0.305252
40192.56000,0.305119
40192.57000,0.304986
40192.58000,0.304854
40192.59000,0.304721
40192.60000,0.304589
40192.61000,0.304523
40192.62000,0.304523
40192.63000,0.304523
40192.64000,0.304523
40192.65000,0.304523
40192.66000,0.304523
40192.67000,0.304523
40192.68000,0.304523
40192.69000,0.304523
40192.70000,0.304523
40192.71000,0.304523
40192.72000,0.304523
40192.73000,0.304523
40192.74000,0.304523
40192.75000,0.304523
40192.76000,0.304523
40192.77000,0.304523
40192.78000,0.304523
40192.79000,0.304523
40192.80000,0.304523
40192.81000,0.304523
40192.82000,0.304523
40192.83000,0.304523
40192.84000,0.304523
40192.85000,0.304523
40192.86000,0.304523
40192.87000,0.304523
40192.88000,0.304523
40192.89000,0.304523
40192.90000,0.304523
40192.91000,0.304523
40192.92000,0.304523
40192.93000,0.304523
40192.94000,0.304523
40192.95000,0.304523
40192.96000,0.304523
40192.97000,0.304523
40192.98000,0.304523
40192.99000,0.304523
40193.00000,0.304523
40193.01000,0.304523
40193.02000,0.304523
40193.03000,0.304523
40193.04000,0.304523
40193.05000,0.304523
40193.06000,0.304523
40193.07000,0.304523
40193.08000,0.304523
40193.09000,0.304523
40193.10000,0.304523
40193.11000,0.304459
40193.12000,0.304331
40193.13000,0.304204
40193.14000,0.304076
40193.15000,0.303949
40193.16000,0.303821
40193.17000,0.303694
40193.18000,0.303566
40193.19000,0.303439
40193.20000,0.303311
40193.21000,0.303184
40193.22000,0.303057
40193.23000,0.302929
40193.24000,0.302802
40193.25000,0.302674
40193.26000,0.302547
40193.27000,0.302419
40193.28000,0.302292
40193.29000,0.302164
40193.30000,0.302037
40193.31000,0.301909
40193.32000,0.301782
40193.33000,0.301654
40193.34000,0.301527
40193.35000,0.301399
40193.36000,0.301272
40193.37000,0.301144
40193.38000,0.301017
40193.39000,0.300889
40193.40000,0.300762
40193.41000,0.300634
40193.42000,0.300507
40193.43000,0.300379
40193.44000,0.300252
40193.45000,0.300124
40193.46000,0.299997
40193.47000,0.299869
40193.48000,0.299742
40193.49000,0.299614
40193.50000,0.299487
40193.51000,0.299359
40193.52000,0.299232
40193.53000,0.299104
40193.54000,0.298977
40193.55000,0.298849
40193.56000,0.298722
40193.57000,0.298594
40193.58000,0.298467
40193.59000,0.298339
40193.60000,0.298212
40193.61000,0.298148
40193.62000,0.298148
40193.63000,0.298148
40193.64000,0.298148
40193.65000,0.298148
40193.66000,0.298148
40193.67000,0.298148
40193.68000,0.298148
40193.69000,0.298148
40193.70000,0.298148
40193.71000,0.298148
40193.72000,0.298148
40193.73000,0.298148
40193.74000,0.298148
40193.75000,0.298148
40193.76000,0.298148
40193.77000,0.298148
40193.78000,0.298148
40193.79000,0.298148
40193.80000,0.298148
40193.81000,0.298148
40193.82000,0.298148
40193.83000,0.298148
40193.84000,0.298148
40193.85000,0.298148
40193.86000,0.298148
40193.87000,0.298148
40193.88000,0.298147
40193.89000,0.298147
40193.90000,0.298147
40193.91000,0.298147
40193.92000,0.298147
40193.93000,0.298147
40193.94000,0.298147
40193.95000,0.298147
40193.96000,0.298147
40193.97000,0.298147
40193.98000,0.298147
40193.99000,0.298147
40194.00000,0.298147
40194.01000,0.298147
40194.02000,0.298147
40194.03000,0.298147
40194.04000,0.298147
40194.05000,0.298147
40194.06000,0.298147
40194.07000,0.298147
40194.08000,0.298147
40194.09000,0.298147
40194.10000,0.298147
40194.11000,0.298084
40194.12000,0.297958
40194.13000,0.297831
40194.14000,0.297705
40194.15000,0.297579
40194.16000,0.297453
40194.17000,0.297327
40194.18000,0.297201
40194.19000,0.297075
40194.20000,0.296948
40194.21000,0.296822
40194.22000,0.296696
40194.23000,0.29657
40194.24000,0.296444
40194.25000,0.296318
40194.26000,0.296191
40194.27000,0.296065
40194.28000,0.295939
40194.29000,0.295813
40194.30000,0.295687
40194.31000,0.295561
40194.32000,0.295434
40194.33000,0.295308
40194.34000,0.295182
40194.35000,0.295056
40194.36000,0.29493
40194.37000,0.294804
40194.38000,0.294678
40194.39000,0.294551
40194.40000,0.294425
40194.41000,0.294299
40194.42000,0.294173
40194.43000,0.294047
40194.44000,0.293921
40194.45000,0.293794
40194.46000,0.293668
40194.47000,0.293542
40194.48000,0.293416
40194.49000,0.29329
40194.50000,0.293164
40194.51000,0.293038
40194.52000,0.292911
40194.53000,0.292785
40194.54000,0.292659
40194.55000,0.292533
40194.56000,0.292407
40194.57000,0.292281
40194.58000,0.292154
40194.59000,0.292028
40194.60000,0.291902
40194.61000,0.291839
40194.62000,0.291839
40194.63000,0.291839
40194.64000,0.291839
40194.65000,0.291839
40194.66000,0.291839
40194.67000,0.291839
40194.68000,0.291839
40194.69000,0.291839
40194.70000,0.291839
40194.71000,0.291839
40194.72000,0.291839
40194.73000,0.291839
40194.74000,0.291839
40194.75000,0.291839
40194.76000,0.291839
40194.77000,0.291839
40194.78000,0.291839
40194.79000,0.291839
40194.80000,0.291839
40194.81000,0.291839
40194.82000,0.291839
40194.83000,0.291839
40194.84000,0.291839
40194.85000,0.291839
40194.86000,0.291839
40194.87000,0.291839
40194.88000,0.291839
40194.89000,0.291839
40194.90000,0.291839
40194.91000,0.291839
40194.92000,0.291839
40194.93000,0.291839
40194.94000,0.291839
40194.95000,0.291839
40194.96000,0.291839
40194.97000,0.291839
40194.98000,0.291839
40194.99000,0.291839
40195.00000,0.291839
40195.01000,0.291839
40195.02000,0.291839
40195.03000,0.291839
40195.04000,0.291839
40195.05000,0.291839
40195.06000,0.291839
40195.07000,0.291839
40195.08000,0.291839
40195.09000,0.291839
40195.10000,0.291839
40195.11000,0.291839
40195.12000,0.291839
40195.13000,0.291839
40195.14000,0.291839
40195.15000,0.291839
40195.16000,0.291839
40195.17000,0.291839
40195.18000,0.291839
40195.19000,0.291839
40195.20000,0.291839
40195.21000,0.291839
40195.22000,0.291839
40195.23000,0.291839
40195.24000,0.291893
40195.25000,0.292135
40195.26000,0.292714
40195.27000,0.293746
40195.28000,0.295308
40195.29000,0.297438
40195.30000,0.300145
40195.31000,0.303422
40195.32000,0.307469
40195.33000,0.312433
40195.34000,0.318369
40195.35000,0.324221
40195.36000,0.329913
40195.37000,0.335581
40195.38000,0.340987
40195.39000,0.345922
40195.40000,0.3503
40195.41000,0.354154
40195.42000,0.357576
40195.43000,0.360674
40195.44000,0.363583
40195.45000,0.366463
40195.46000,0.369283
40195.47000,0.372034
40195.48000,0.374572
40195.49000,0.375518
40195.50000,0.375589
40195.51000,0.375143
40195.52000,0.374311
40195.53000,0.373239
40195.54000,0.371901
40195.55000,0.370232
40195.56000,0.36818
40195.57000,0.366411
40195.58000,0.36503
40195.59000,0.363875
40195.60000,0.362825
40195.61000,0.361142
40195.62000,0.361074
40195.63000,0.361005
40195.64000,0.360937
40195.65000,0.360868
40195.66000,0.360569
40195.67000,0.360218
40195.68000,0.359814
40195.69000,0.358034
40195.70000,0.358036
40195.71000,0.358038
40195.72000,0.35804
40195.73000,0.358042
40195.74000,0.358044
40195.75000,0.358047
40195.76000,0.358049
40195.77000,0.358051
40195.78000,0.358053
40195.79000,0.358378
40195.80000,0.359076
40195.81000,0.360136
40195.82000,0.360986
40195.83000,0.361378
40195.84000,0.361347
40195.85000,0.360987
40195.86000,0.358935
40195.87000,0.358868
40195.88000,0.3588
40195.89000,0.358733
40195.90000,0.358665
40195.91000,0.358598
40195.92000,0.358531
40195.93000,0.358463
40195.94000,0.358396
40195.95000,0.358328
40195.96000,0.358261
40195.97000,0.358228
40195.98000,0.358194
40195.99000,0.358161
40196.00000,0.358128
40196.01000,0.358095
40196.02000,0.358061
40196.03000,0.358028
40196.04000,0.357995
40196.05000,0.357962
40196.06000,0.357929
40196.07000,0.357895
40196.08000,0.357862
40196.09000,0.357829
40196.10000,0.357804
40196.11000,0.357784
40196.12000,0.357764
40196.13000,0.357743
40196.14000,0.357723
40196.15000,0.357703
40196.16000,0.357683
40196.17000,0.357662
40196.18000,0.357642
40196.19000,0.357622
40196.20000,0.357602
40196.21000,0.357581
40196.22000,0.357561
40196.23000,0.357541
40196.24000,0.35752
40196.25000,0.3575
40196.26000,0.35748
40196.27000,0.35746
40196.28000,0.357413
40196.29000,0.357364
40196.30000,0.357315
40196.31000,0.357265
40196.32000,0.357216
40196.33000,0.357167
40196.34000,0.357117
40196.35000,0.357068
40196.36000,0.357019
40196.37000,0.356969
40196.38000,0.35692
40196.39000,0.356871
40196.40000,0.356821
40196.41000,0.356772
40196.42000,0.356723
40196.43000,0.356673
40196.44000,0.356624
40196.45000,0.356577
40196.46000,0.356553
40196.47000,0.356529
40196.48000,0.356504
40196.49000,0.35648
40196.50000,0.356455
40196.51000,0.356431
40196.52000,0.356406
40196.53000,0.356382
40196.54000,0.356357
40196.55000,0.356333
40196.56000,0.356308
40196.57000,0.356284
40196.58000,0.356259
40196.59000,0.356235
40196.60000,0.356211
40196.61000,0.356186
40196.62000,0.356162
40196.63000,0.356144
40196.64000,0.356139
40196.65000,0.356134
40196.66000,0.35613
40196.67000,0.356125
40196.68000,0.356121
40196.69000,0.356116
40196.70000,0.356111
40196.71000,0.356107
40196.72000,0.356102
40196.73000,0.356097
40196.74000,0.356093
40196.75000,0.356088
40196.76000,0.356083
40196.77000,0.356079
40196.78000,0.356074
40196.79000,0.356069
40196.80000,0.356065
40196.81000,0.356052
40196.82000,0.356034
40196.83000,0.356016
40196.84000,0.355997
40196.85000,0.355979
40196.86000,0.355961
40196.87000,0.355942
40196.88000,0.355924
40196.89000,0.355906
40196.90000,0.355887
40196.91000,0.355869
40196.92000,0.355851
40196.93000,0.355832
40196.94000,0.355814
40196.95000,0.355795
40196.96000,0.355777
40196.97000,0.355759
40196.98000,0.35574
40196.99000,0.355726
40197.00000,0.355712
40197.01000,0.355699
40197.02000,0.355685
40197.03000,0.355672
40197.04000,0.355658
40197.05000,0.355644
40197.06000,0.355631
40197.07000,0.355617
40197.08000,0.355604
40197.09000,0.35559
40197.10000,0.355577
40197.11000,0.355563
40197.12000,0.355549
40197.13000,0.355536
40197.14000,0.355522
40197.15000,0.355509
40197.16000,0.355495
40197.17000,0.355482
40197.18000,0.355468
40197.19000,0.355454
40197.20000,0.355441
40197.21000,0.355427
40197.22000,0.355411
40197.23000,0.355361
40197.24000,0.35531
40197.25000,0.35526
40197.26000,0.35521
40197.27000,0.355159
40197.28000,0.355109
40197.29000,0.355059
40197.30000,0.355008
40197.31000,0.354958
40197.32000,0.354907
40197.33000,0.354857
40197.34000,0.354807
40197.35000,0.354756
40197.36000,0.354706
40197.37000,0.354656
40197.38000,0.354605
40197.39000,0.354555
40197.40000,0.354505
40197.41000,0.354454
40197.42000,0.354404
40197.43000,0.354354
40197.44000,0.354303
40197.45000,0.354253
40197.46000,0.35422
40197.47000,0.354218
40197.48000,0.354216
40197.49000,0.354214
40197.50000,0.354212
40197.51000,0.354209
40197.52000,0.354207
40197.53000,0.354205
40197.54000,0.354203
40197.55000,0.3542
40197.56000,0.354198
40197.57000,0.354196
40197.58000,0.354194
40197.59000,0.354192
40197.60000,0.354189
40197.61000,0.354187
40197.62000,0.354185
40197.63000,0.354183
40197.64000,0.354181
40197.65000,0.354178
40197.66000,0.354176
40197.67000,0.354174
40197.68000,0.354172
40197.69000,0.35417
40197.70000,0.354167
40197.71000,0.354165
40197.72000,0.354163
40197.73000,0.354161
40197.74000,0.354158
40197.75000,0.354156
40197.76000,0.354154
40197.77000,0.354152
40197.78000,0.354149
40197.79000,0.354146
40197.80000,0.354143
40197.81000,0.35414
40197.82000,0.354136
40197.83000,0.354133
40197.84000,0.35413
40197.85000,0.354127
40197.86000,0.354124
40197.87000,0.354121
40197.88000,0.354118
40197.89000,0.354115
40197.90000,0.354112
40197.91000,0.354108
40197.92000,0.354105
40197.93000,0.354102
40197.94000,0.354099
40197.95000,0.354096
40197.96000,0.354093
40197.97000,0.35409
40197.98000,0.354087
40197.99000,0.354084
40198.00000,0.35408
40198.01000,0.354077
40198.02000,0.354074
40198.03000,0.354071
40198.04000,0.354068
40198.05000,0.354065
40198.06000,0.354062
40198.07000,0.354059
40198.08000,0.354056
40198.09000,0.354053
40198.10000,0.354052
40198.11000,0.354051
40198.12000,0.35405
40198.13000,0.35405
40198.14000,0.354049
40198.15000,0.354048
40198.16000,0.354047
40198.17000,0.354046
40198.18000,0.354046
40198.19000,0.354045
40198.20000,0.354086
40198.21000,0.354255
40198.22000,0.354608
40198.23000,0.356918
40198.24000,0.356998
40198.25000,0.357078
40198.26000,0.357158
40198.27000,0.357238
40198.28000,0.357318
40198.29000,0.357656
40198.30000,0.357943
40198.31000,0.358189
40198.32000,0.358287
40198.33000,0.35821
40198.34000,0.357981
40198.35000,0.357634
40198.36000,0.354884
40198.37000,0.354877
40198.38000,0.35487
40198.39000,0.354863
40198.40000,0.354857
40198.41000,0.35485
40198.42000,0.354843
40198.43000,0.354836
40198.44000,0.354829
40198.45000,0.354823
40198.46000,0.354816
40198.47000,0.354809
40198.48000,0.354802
40198.49000,0.354795
40198.50000,0.354789
40198.51000,0.354782
40198.52000,0.354775
40198.53000,0.354768
40198.54000,0.354761
40198.55000,0.354755
40198.56000,0.354748
40198.57000,0.354741
40198.58000,0.354734
40198.59000,0.354727
40198.60000,0.354721
40198.61000,0.354714
40198.62000,0.354707
40198.63000,0.3547
40198.64000,0.354693
40198.65000,0.354686
40198.66000,0.35468
40198.67000,0.354673
40198.68000,0.354666
40198.69000,0.354659
40198.70000,0.354652
40198.71000,0.354646
40198.72000,0.354639
40198.73000,0.354632
40198.74000,0.354625
40198.75000,0.354618
40198.76000,0.354612
40198.77000,0.354605
40198.78000,0.354598
40198.79000,0.354591
40198.80000,0.354584
40198.81000,0.354578
40198.82000,0.354571
40198.83000,0.354564
40198.84000,0.354557
40198.85000,0.35455
40198.86000,0.354543
40198.87000,0.354531
40198.88000,0.354518
40198.89000,0.354505
40198.90000,0.354492
40198.91000,0.35448
40198.92000,0.354467
40198.93000,0.354454
40198.94000,0.354441
40198.95000,0.354429
40198.96000,0.354416
40198.97000,0.354403
40198.98000,0.35439
40198.99000,0.354378
40199.00000,0.354365
40199.01000,0.354352
40199.02000,0.354339
40199.03000,0.354327
40199.04000,0.354314
40199.05000,0.354301
40199.06000,0.354288
40199.07000,0.354276
40199.08000,0.354263
40199.09000,0.35425
40199.10000,0.354237
40199.11000,0.354225
40199.12000,0.354212
40199.13000,0.354199
40199.14000,0.354186
40199.15000,0.354173
40199.16000,0.354161
40199.17000,0.354148
40199.18000,0.354135
40199.19000,0.354122
40199.20000,0.35411
40199.21000,0.354097
40199.22000,0.354084
40199.23000,0.354071
40199.24000,0.354064
40199.25000,0.354063
40199.26000,0.354061
40199.27000,0.354059
40199.28000,0.354058
40199.29000,0.354056
40199.30000,0.354054
40199.31000,0.354053
40199.32000,0.354051
40199.33000,0.35405
40199.34000,0.354048
40199.35000,0.354046
40199.36000,0.354045
40199.37000,0.354043
40199.38000,0.354041
40199.39000,0.35404
40199.40000,0.354038
40199.41000,0.354037
40199.42000,0.354035
40199.43000,0.354033
40199.44000,0.354032
40199.45000,0.35403
40199.46000,0.354028
40199.47000,0.354027
40199.48000,0.354025
40199.49000,0.354024
40199.50000,0.354022
40199.51000,0.35402
40199.52000,0.354019
40199.53000,0.354017
40199.54000,0.354015
40199.55000,0.354014
40199.56000,0.354012
40199.57000,0.354011
40199.58000,0.354009
40199.59000,0.354007
40199.60000,0.354006
40199.61000,0.354004
40199.62000,0.354002
40199.63000,0.354001
40199.64000,0.353999
40199.65000,0.353998
40199.66000,0.353996
40199.67000,0.353994
40199.68000,0.353993
40199.69000,0.353991
40199.70000,0.353989
40199.71000,0.353988
40199.72000,0.353986
40199.73000,0.353985
40199.74000,0.353984
40199.75000,0.353985
40199.76000,0.353986
40199.77000,0.353986
40199.78000,0.353987
40199.79000,0.353988
40199.80000,0.353988
40199.81000,0.353989
40199.82000,0.35399
40199.83000,0.354084
40199.84000,0.35434
40199.85000,0.354794
40199.86000,0.355614
40199.87000,0.356957
40199.88000,0.35877
40199.89000,0.360902
40199.90000,0.362734
40199.91000,0.363616
40199.92000,0.363736
40199.93000,0.363315
40199.94000,0.362667
40199.95000,0.362327
40199.96000,0.362308
40199.97000,0.362559
40199.98000,0.362998
40199.99000,0.363275
40200.00000,0.363371
40200.01000,0.363316
40200.02000,0.363141
40200.03000,0.362874
40200.04000,0.362534
40200.05000,0.362138
40200.06000,0.361698
40200.07000,0.361388
40200.08000,0.361274
40200.09000,0.361357
40200.10000,0.361628
40200.11000,0.361907
40200.12000,0.362039
40200.13000,0.36201
40200.14000,0.361843
40200.15000,0.361657
40200.16000,0.361599
40200.17000,0.3617
40200.18000,0.361967
40200.19000,0.362324
40200.20000,0.36254
40200.21000,0.362584
40200.22000,0.362476
40200.23000,0.361275
40200.24000,0.361236
40200.25000,0.361197
40200.26000,0.361157
40200.27000,0.361118
40200.28000,0.361079
40200.29000,0.361039
40200.30000,0.361
40200.31000,0.360961
40200.32000,0.360921
40200.33000,0.360882
40200.34000,0.360825
40200.35000,0.360768
40200.36000,0.360712
40200.37000,0.360655
40200.38000,0.360598
40200.39000,0.360541
40200.40000,0.360485
40200.41000,0.360428
40200.42000,0.360371
40200.43000,0.360314
40200.44000,0.360258
40200.45000,0.360201
40200.46000,0.360144
40200.47000,0.360111
40200.48000,0.36009
40200.49000,0.360069
40200.50000,0.360048
40200.51000,0.360027
40200.52000,0.360007
40200.53000,0.359986
40200.54000,0.359965
40200.55000,0.359944
40200.56000,0.359923
40200.57000,0.359902
40200.58000,0.359881
40200.59000,0.35986
40200.60000,0.359839
40200.61000,0.359818
40200.62000,0.359797
40200.63000,0.359776
40200.64000,0.359755
40200.65000,0.35975
40200.66000,0.359748
40200.67000,0.359745
40200.68000,0.359742
40200.69000,0.359739
40200.70000,0.359736
40200.71000,0.359733
40200.72000,0.35973
40200.73000,0.359727
40200.74000,0.359725
40200.75000,0.359722
40200.76000,0.359719
40200.77000,0.359716
40200.78000,0.359713
40200.79000,0.35971
40200.80000,0.359707
40200.81000,0.359704
40200.82000,0.359702
40200.83000,0.359699
40200.84000,0.359696
40200.85000,0.359693
40200.86000,0.35969
40200.87000,0.359687
40200.88000,0.359683
40200.89000,0.35967
40200.90000,0.359658
40200.91000,0.359646
40200.92000,0.359634
40200.93000,0.359622
40200.94000,0.35961
40200.95000,0.359597
40200.96000,0.359585
40200.97000,0.359573
40200.98000,0.359561
40200.99000,0.359549
40201.00000,0.359537
40201.01000,0.359525
40201.02000,0.359512
40201.03000,0.3595
40201.04000,0.359488
40201.05000,0.359476
40201.06000,0.359464
40201.07000,0.359452
40201.08000,0.359439
40201.09000,0.359427
40201.10000,0.359415
40201.11000,0.359403
40201.12000,0.359377
40201.13000,0.359337
40201.14000,0.359296
40201.15000,0.359256
40201.16000,0.359215
40201.17000,0.359175
40201.18000,0.359134
40201.19000,0.359093
40201.20000,0.359053
40201.21000,0.359012
40201.22000,0.358972
40201.23000,0.358931
40201.24000,0.358891
40201.25000,0.35885
40201.26000,0.35881
40201.27000,0.358769
40201.28000,0.358729
40201.29000,0.358688
40201.30000,0.358648
40201.31000,0.358607
40201.32000,0.358567
40201.33000,0.358526
40201.34000,0.358486
40201.35000,0.358445
40201.36000,0.358405
40201.37000,0.358364
40201.38000,0.358323
40201.39000,0.358283
40201.40000,0.358242
40201.41000,0.358202
40201.42000,0.358161
40201.43000,0.358121
40201.44000,0.358112
40201.45000,0.358107
40201.46000,0.358103
40201.47000,0.358099
40201.48000,0.358094
40201.49000,0.35809
40201.50000,0.358085
40201.51000,0.358081
40201.52000,0.358076
40201.53000,0.358072
40201.54000,0.358067
40201.55000,0.358063
40201.56000,0.358059
40201.57000,0.358054
40201.58000,0.35805
40201.59000,0.358045
40201.60000,0.358041
40201.61000,0.358036
40201.62000,0.358032
40201.63000,0.358027
40201.64000,0.358023
40201.65000,0.358019
40201.66000,0.358014
40201.67000,0.35801
40201.68000,0.358005
40201.69000,0.358001
40201.70000,0.357996
40201.71000,0.357992
40201.72000,0.357987
40201.73000,0.357983
40201.74000,0.357979
40201.75000,0.357974
40201.76000,0.35797
40201.77000,0.357965
40201.78000,0.357961
40201.79000,0.357956
40201.80000,0.357952
40201.81000,0.357947
40201.82000,0.357943
40201.83000,0.357939
40201.84000,0.357934
40201.85000,0.35793
40201.86000,0.357917
40201.87000,0.357902
40201.88000,0.357887
40201.89000,0.357872
40201.90000,0.357857
40201.91000,0.357842
40201.92000,0.357826
40201.93000,0.357811
40201.94000,0.357796
40201.95000,0.357781
40201.96000,0.357766
40201.97000,0.357751
40201.98000,0.357736
40201.99000,0.35772
40202.00000,0.357705
40202.01000,0.35769
40202.02000,0.357675
40202.03000,0.35766
40202.04000,0.357645
40202.05000,0.35763
40202.06000,0.357614
40202.07000,0.357599
40202.08000,0.357584
40202.09000,0.357569
40202.10000,0.357554
40202.11000,0.357539
40202.12000,0.357524
40202.13000,0.357508
40202.14000,0.357493
40202.15000,0.357478
40202.16000,0.357463
40202.17000,0.357448
40202.18000,0.357433
40202.19000,0.357418
40202.20000,0.357402
40202.21000,0.357387
40202.22000,0.357372
40202.23000,0.357357
40202.24000,0.357342
40202.25000,0.357327
40202.26000,0.357311
40202.27000,0.357296
40202.28000,0.357281
40202.29000,0.357266
40202.30000,0.357251
40202.31000,0.357236
40202.32000,0.357221
40202.33000,0.357205
40202.34000,0.35719
40202.35000,0.357175
40202.36000,0.357172
40202.37000,0.357172
40202.38000,0.357173
40202.39000,0.357173
40202.40000,0.357174
40202.41000,0.357175
40202.42000,0.357175
40202.43000,0.357176
40202.44000,0.357177
40202.45000,0.357177
40202.46000,0.357178
40202.47000,0.357178
40202.48000,0.357179
40202.49000,0.35718
40202.50000,0.35718
40202.51000,0.357181
40202.52000,0.357182
40202.53000,0.357182
40202.54000,0.357183
40202.55000,0.357183
40202.56000,0.357184
40202.57000,0.357185
40202.58000,0.357185
40202.59000,0.357186
40202.60000,0.357186
40202.61000,0.357187
40202.62000,0.357188
40202.63000,0.357188
40202.64000,0.357189
40202.65000,0.35719
40202.66000,0.35719
40202.67000,0.357191
40202.68000,0.357191
40202.69000,0.357192
40202.70000,0.357193
40202.71000,0.357193
40202.72000,0.357194
40202.73000,0.357195
40202.74000,0.357195
40202.75000,0.357196
40202.76000,0.357196
40202.77000,0.357197
40202.78000,0.357198
40202.79000,0.357198
40202.80000,0.357199
40202.81000,0.3572
40202.82000,0.3572
40202.83000,0.357201
40202.84000,0.357201
40202.85000,0.357202
40202.86000,0.357323
40202.87000,0.357818
40202.88000,0.358876
40202.89000,0.36048
40202.90000,0.362416
40202.91000,0.364417
40202.92000,0.366343
40202.93000,0.368114
40202.94000,0.369504
40202.95000,0.370211
40202.96000,0.370316
40202.97000,0.370012
40202.98000,0.369459
40202.99000,0.368807
40203.00000,0.368104
40203.01000,0.367348
40203.02000,0.366631
40203.03000,0.366214
40203.04000,0.366201
40203.05000,0.366577
40203.06000,0.36736
40203.07000,0.36872
40203.08000,0.37068
40203.09000,0.373049
40203.10000,0.375488
40203.11000,0.377504
40203.12000,0.378911
40203.13000,0.379584
40203.14000,0.379714
40203.15000,0.37944
40203.16000,0.378784
40203.17000,0.377839
40203.18000,0.376746
40203.19000,0.375856
40203.20000,0.375663
40203.21000,0.376149
40203.22000,0.377057
40203.23000,0.377965
40203.24000,0.378298
40203.25000,0.378069
40203.26000,0.377489
40203.27000,0.376695
40203.28000,0.375762
40203.29000,0.374729
40203.30000,0.37362
40203.31000,0.372069
40203.32000,0.371031
40203.33000,0.370232
40203.34000,0.370104
40203.35000,0.370015
40203.36000,0.369926
40203.37000,0.36997
40203.38000,0.37032
40203.39000,0.370941
40203.40000,0.371537
40203.41000,0.371731
40203.42000,0.371565
40203.43000,0.371137
40203.44000,0.367705
40203.45000,0.3677
40203.46000,0.367696
40203.47000,0.367691
40203.48000,0.367686
40203.49000,0.367682
40203.50000,0.367677
40203.51000,0.367673
40203.52000,0.367668
40203.53000,0.367663
40203.54000,0.367659
40203.55000,0.367654
40203.56000,0.36765
40203.57000,0.367645
40203.58000,0.367641
40203.59000,0.367636
40203.60000,0.367631
40203.61000,0.367627
40203.62000,0.367622
40203.63000,0.367618
40203.64000,0.367613
40203.65000,0.367609
40203.66000,0.367604
40203.67000,0.367599
40203.68000,0.367595
40203.69000,0.36759
40203.70000,0.367586
40203.71000,0.367581
40203.72000,0.367576
40203.73000,0.367572
40203.74000,0.367567
40203.75000,0.367563
40203.76000,0.367558
40203.77000,0.367554
40203.78000,0.367549
40203.79000,0.367544
40203.80000,0.36754
40203.81000,0.367535
40203.82000,0.367531
40203.83000,0.367526
40203.84000,0.367522
40203.85000,0.367517
40203.86000,0.367512
40203.87000,0.367508
40203.88000,0.367503
40203.89000,0.367499
40203.90000,0.367494
40203.91000,0.36749
40203.92000,0.367485
40203.93000,0.36748
40203.94000,0.367476
40203.95000,0.367462
40203.96000,0.367447
40203.97000,0.367433
40203.98000,0.367419
40203.99000,0.367405
40204.00000,0.367391
40204.01000,0.367377
40204.02000,0.367362
40204.03000,0.367348
40204.04000,0.367334
40204.05000,0.36732
40204.06000,0.367306
40204.07000,0.367292
40204.08000,0.367277
40204.09000,0.367263
40204.10000,0.367249
40204.11000,0.367235
40204.12000,0.367221
40204.13000,0.367207
40204.14000,0.367192
40204.15000,0.367178
40204.16000,0.367164
40204.17000,0.36715
40204.18000,0.367136
40204.19000,0.367121
40204.20000,0.367107
40204.21000,0.367093
40204.22000,0.367079
40204.23000,0.367065
40204.24000,0.367051
40204.25000,0.367036
40204.26000,0.367022
40204.27000,0.367008
40204.28000,0.366994
40204.29000,0.36698
40204.30000,0.366966
40204.31000,0.366951
40204.32000,0.36694
40204.33000,0.36693
40204.34000,0.366921
40204.35000,0.366911
40204.36000,0.366902
40204.37000,0.366893
40204.38000,0.366883
40204.39000,0.366874
40204.40000,0.366864
40204.41000,0.366855
40204.42000,0.366846
40204.43000,0.366836
40204.44000,0.366827
40204.45000,0.366817
40204.46000,0.366808
40204.47000,0.366798
40204.48000,0.366789
40204.49000,0.36678
40204.50000,0.36677
40204.51000,0.366761
40204.52000,0.366751
40204.53000,0.366742
40204.54000,0.366733
40204.55000,0.366723
40204.56000,0.366714
40204.57000,0.366704
40204.58000,0.366695
40204.59000,0.366686
40204.60000,0.366676
40204.61000,0.366667
40204.62000,0.366657
40204.63000,0.366648
40204.64000,0.366639
40204.65000,0.366629
40204.66000,0.36662
40204.67000,0.36661
40204.68000,0.366601
40204.69000,0.366591
40204.70000,0.366582
40204.71000,0.366573
40204.72000,0.366563
40204.73000,0.366554
40204.74000,0.366544
40204.75000,0.366535
40204.76000,0.366526
40204.77000,0.366516
40204.78000,0.366507
40204.79000,0.366497
40204.80000,0.366488
40204.81000,0.366479
40204.82000,0.366469
40204.83000,0.366458
40204.84000,0.366448
40204.85000,0.366438
40204.86000,0.366427
40204.87000,0.366417
40204.88000,0.366407
40204.89000,0.366396
40204.90000,0.366386
40204.91000,0.366375
40204.92000,0.366365
40204.93000,0.366355
40204.94000,0.366344
40204.95000,0.366334
40204.96000,0.366324
40204.97000,0.366313
40204.98000,0.366303
40204.99000,0.366293
40205.00000,0.366282
40205.01000,0.366272
40205.02000,0.366261
40205.03000,0.366251
40205.04000,0.366241
40205.05000,0.36623
40205.06000,0.36622
40205.07000,0.36621
40205.08000,0.366199
40205.09000,0.366189
40205.10000,0.366179
40205.11000,0.366168
40205.12000,0.366158
40205.13000,0.366148
40205.14000,0.366137
40205.15000,0.366127
40205.16000,0.366116
40205.17000,0.366106
40205.18000,0.366096
40205.19000,0.366085
40205.20000,0.366075
40205.21000,0.366065
40205.22000,0.366054
40205.23000,0.366044
40205.24000,0.366034
40205.25000,0.366023
40205.26000,0.366013
40205.27000,0.366003
40205.28000,0.365992
40205.29000,0.365982
40205.30000,0.365971
40205.31000,0.365961
40205.32000,0.365951
40205.33000,0.365942
40205.34000,0.365933
40205.35000,0.365924
40205.36000,0.365915
40205.37000,0.365906
40205.38000,0.365897
40205.39000,0.365888
40205.40000,0.365879
40205.41000,0.36587
40205.42000,0.365861
40205.43000,0.365852
40205.44000,0.365843
40205.45000,0.365834
40205.46000,0.365825
40205.47000,0.365816
40205.48000,0.365807
40205.49000,0.365798
40205.50000,0.365789
40205.51000,0.36578
40205.52000,0.365771
40205.53000,0.365762
40205.54000,0.365753
40205.55000,0.365744
40205.56000,0.365735
40205.57000,0.365726
40205.58000,0.365717
40205.59000,0.365708
40205.60000,0.365699
40205.61000,0.36569
40205.62000,0.365681
40205.63000,0.365672
40205.64000,0.365663
40205.65000,0.365654
40205.66000,0.365645
40205.67000,0.365636
40205.68000,0.365627
40205.69000,0.365618
40205.70000,0.365609
40205.71000,0.3656
40205.72000,0.365591
40205.73000,0.365582
40205.74000,0.365573
40205.75000,0.365564
40205.76000,0.365555
40205.77000,0.365546
40205.78000,0.365537
40205.79000,0.365528
40205.80000,0.365519
40205.81000,0.36551
40205.82000,0.365501
40205.83000,0.365491
40205.84000,0.36548
40205.85000,0.36547
40205.86000,0.36546
40205.87000,0.36545
40205.88000,0.36544
40205.89000,0.36543
40205.90000,0.36542
40205.91000,0.36541
40205.92000,0.3654
40205.93000,0.36539
40205.94000,0.36538
40205.95000,0.36537
40205.96000,0.365359
40205.97000,0.365349
40205.98000,0.365339
40205.99000,0.365329
40206.00000,0.365319
40206.01000,0.365309
40206.02000,0.365299
40206.03000,0.365289
40206.04000,0.365279
40206.05000,0.365269
40206.06000,0.365259
40206.07000,0.365249
40206.08000,0.365239
40206.09000,0.365228
40206.10000,0.365218
40206.11000,0.365208
40206.12000,0.365198
40206.13000,0.365188
40206.14000,0.365178
40206.15000,0.365168
40206.16000,0.365158
40206.17000,0.365148
40206.18000,0.365138
40206.19000,0.365128
40206.20000,0.365118
40206.21000,0.365107
40206.22000,0.365097
40206.23000,0.365087
40206.24000,0.365077
40206.25000,0.365067
40206.26000,0.365057
40206.27000,0.365047
40206.28000,0.365037
40206.29000,0.365027
40206.30000,0.365017
40206.31000,0.365007
40206.32000,0.364997
40206.33000,0.364988
40206.34000,0.36498
40206.35000,0.364971
40206.36000,0.364962
40206.37000,0.364953
40206.38000,0.364944
40206.39000,0.364936
40206.40000,0.364927
40206.41000,0.364918
40206.42000,0.364909
40206.43000,0.3649
40206.44000,0.364892
40206.45000,0.364883
40206.46000,0.364874
40206.47000,0.364865
40206.48000,0.364856
40206.49000,0.364848
40206.50000,0.364839
40206.51000,0.36483
40206.52000,0.364821
40206.53000,0.364812
40206.54000,0.364804
40206.55000,0.364795
40206.56000,0.364786
40206.57000,0.364777
40206.58000,0.364768
40206.59000,0.36476
40206.60000,0.364751
40206.61000,0.364742
40206.62000,0.364733
40206.63000,0.364724
40206.64000,0.364716
40206.65000,0.364707
40206.66000,0.364698
40206.67000,0.364689
40206.68000,0.36468
40206.69000,0.364671
40206.70000,0.364663
40206.71000,0.364654
40206.72000,0.364645
40206.73000,0.364636
40206.74000,0.364627
40206.75000,0.364619
40206.76000,0.36461
40206.77000,0.364601
40206.78000,0.364592
40206.79000,0.364583
40206.80000,0.364575
40206.81000,0.364566
40206.82000,0.364556
40206.83000,0.364547
40206.84000,0.364537
40206.85000,0.364527
40206.86000,0.364517
40206.87000,0.364507
40206.88000,0.364497
40206.89000,0.364487
40206.90000,0.364477
40206.91000,0.364467
40206.92000,0.364457
40206.93000,0.364447
40206.94000,0.364437
40206.95000,0.364427
40206.96000,0.364417
40206.97000,0.364407
40206.98000,0.364397
40206.99000,0.364387
40207.00000,0.364377
40207.01000,0.364367
40207.02000,0.364357
40207.03000,0.364347
40207.04000,0.364337
40207.05000,0.364327
40207.06000,0.364317
40207.07000,0.364307
40207.08000,0.364297
40207.09000,0.364287
40207.10000,0.364277
40207.11000,0.364267
40207.12000,0.364257
40207.13000,0.364247
40207.14000,0.364238
40207.15000,0.364228
40207.16000,0.364218
40207.17000,0.364208
40207.18000,0.364198
40207.19000,0.364188
40207.20000,0.364178
40207.21000,0.364168
40207.22000,0.364158
40207.23000,0.364148
40207.24000,0.364138
40207.25000,0.364128
40207.26000,0.364118
40207.27000,0.364108
40207.28000,0.364098
40207.29000,0.364088
40207.30000,0.364078
40207.31000,0.364068
40207.32000,0.364059
40207.33000,0.36405
40207.34000,0.364042
40207.35000,0.364033
40207.36000,0.364025
40207.37000,0.364016
40207.38000,0.364008
40207.39000,0.363999
40207.40000,0.363991
40207.41000,0.363982
40207.42000,0.363974
40207.43000,0.363965
40207.44000,0.363957
40207.45000,0.363948
40207.46000,0.36394
40207.47000,0.363931
40207.48000,0.363923
40207.49000,0.363914
40207.50000,0.363906
40207.51000,0.363897
40207.52000,0.363889
40207.53000,0.36388
40207.54000,0.363872
40207.55000,0.363863
40207.56000,0.363855
40207.57000,0.363846
40207.58000,0.363838
40207.59000,0.363829
40207.60000,0.363821
40207.61000,0.363812
40207.62000,0.363804
40207.63000,0.363795
40207.64000,0.363787
40207.65000,0.363778
40207.66000,0.36377
40207.67000,0.363761
40207.68000,0.363753
40207.69000,0.363744
40207.70000,0.363736
40207.71000,0.363727
40207.72000,0.363719
40207.73000,0.36371
40207.74000,0.363702
40207.75000,0.363693
40207.76000,0.363685
40207.77000,0.363676
40207.78000,0.363668
40207.79000,0.363659
40207.80000,0.363651
40207.81000,0.363642
40207.82000,0.363637
40207.83000,0.363635
40207.84000,0.363633
40207.85000,0.363631
40207.86000,0.36363
40207.87000,0.363628
40207.88000,0.363626
40207.89000,0.363624
40207.90000,0.363622
40207.91000,0.36362
40207.92000,0.363618
40207.93000,0.363617
40207.94000,0.363615
40207.95000,0.363613
40207.96000,0.363611
40207.97000,0.363609
40207.98000,0.363607
40207.99000,0.363605
40208.00000,0.363604
40208.01000,0.363602
40208.02000,0.3636
40208.03000,0.363598
40208.04000,0.363596
40208.05000,0.363594
40208.06000,0.363592
40208.07000,0.363591
40208.08000,0.363589
40208.09000,0.363587
40208.10000,0.363585
40208.11000,0.363583
40208.12000,0.363581
40208.13000,0.363579
40208.14000,0.363577
40208.15000,0.363576
40208.16000,0.363574
40208.17000,0.363572
40208.18000,0.36357
40208.19000,0.363568
40208.20000,0.363566
40208.21000,0.363564
40208.22000,0.363563
40208.23000,0.363561
40208.24000,0.363559
40208.25000,0.363557
40208.26000,0.363555
40208.27000,0.363553
40208.28000,0.363551
40208.29000,0.36355
40208.30000,0.363548
40208.31000,0.363546
40208.32000,0.363543
40208.33000,0.363538
40208.34000,0.363534
40208.35000,0.363529
40208.36000,0.363525
40208.37000,0.363521
40208.38000,0.363516
40208.39000,0.363512
40208.40000,0.363507
40208.41000,0.36395
40208.42000,0.365158
40208.43000,0.367075
40208.44000,0.369229
40208.45000,0.370778
40208.46000,0.371771
40208.47000,0.372369
40208.48000,0.374131
40208.49000,0.374156
40208.50000,0.374182
40208.51000,0.374207
40208.52000,0.374232
40208.53000,0.374258
40208.54000,0.374079
40208.55000,0.373728
40208.56000,0.37298
40208.57000,0.372437
40208.58000,0.37203
40208.59000,0.371747
40208.60000,0.371545
40208.61000,0.371344
40208.62000,0.371086
40208.63000,0.370768
40208.64000,0.370422
40208.65000,0.370134
40208.66000,0.369993
40208.67000,0.370014
40208.68000,0.370174
40208.69000,0.370379
40208.70000,0.370482
40208.71000,0.37044
40208.72000,0.370078
40208.73000,0.369303
40208.74000,0.369288
40208.75000,0.369273
40208.76000,0.369258
40208.77000,0.369243
40208.78000,0.369228
40208.79000,0.369213
40208.80000,0.369197
40208.81000,0.369182
40208.82000,0.369167
40208.83000,0.369147
40208.84000,0.369112
40208.85000,0.369077
40208.86000,0.369051
40208.87000,0.369031
40208.88000,0.369011
40208.89000,0.368991
40208.90000,0.368976
40208.91000,0.368961
40208.92000,0.368946
40208.93000,0.368931
40208.94000,0.368916
40208.95000,0.368903
40208.96000,0.36889
40208.97000,0.368877
40208.98000,0.368863
40208.99000,0.36885
40209.00000,0.368837
40209.01000,0.368824
40209.02000,0.368811
40209.03000,0.368799
40209.04000,0.368786
40209.05000,0.368773
40209.06000,0.368761
40209.07000,0.368748
40209.08000,0.368735
40209.09000,0.368723
40209.10000,0.36871
40209.11000,0.368698
40209.12000,0.368686
40209.13000,0.368673
40209.14000,0.368661
40209.15000,0.368649
40209.16000,0.368636
40209.17000,0.368624
40209.18000,0.368612
40209.19000,0.368599
40209.20000,0.368585
40209.21000,0.368566
40209.22000,0.368547
40209.23000,0.368528
40209.24000,0.368509
40209.25000,0.36849
40209.26000,0.368471
40209.27000,0.368452
40209.28000,0.368433
40209.29000,0.368414
40209.30000,0.368395
40209.31000,0.368375
40209.32000,0.368356
40209.33000,0.368337
40209.34000,0.368318
40209.35000,0.368291
40209.36000,0.368247
40209.37000,0.368202
40209.38000,0.368158
40209.39000,0.368113
40209.40000,0.368069
40209.41000,0.368024
40209.42000,0.367979
40209.43000,0.367935
40209.44000,0.36789
40209.45000,0.367846
40209.46000,0.367801
40209.47000,0.367757
40209.48000,0.367712
40209.49000,0.367668
40209.50000,0.367634
40209.51000,0.367621
40209.52000,0.367608
40209.53000,0.367595
40209.54000,0.367582
40209.55000,0.367569
40209.56000,0.367556
40209.57000,0.367543
40209.58000,0.36753
40209.59000,0.367517
40209.60000,0.367504
40209.61000,0.367491
40209.62000,0.367478
40209.63000,0.367465
40209.64000,0.367452
40209.65000,0.367444
40209.66000,0.367445
40209.67000,0.367446
40209.68000,0.367447
40209.69000,0.367448
40209.70000,0.367449
40209.71000,0.367449
40209.72000,0.36745
40209.73000,0.367451
40209.74000,0.367452
40209.75000,0.367453
40209.76000,0.367454
40209.77000,0.367455
40209.78000,0.367455
40209.79000,0.367456
40209.80000,0.367454
40209.81000,0.367446
40209.82000,0.367438
40209.83000,0.367429
40209.84000,0.367421
40209.85000,0.367413
40209.86000,0.367405
40209.87000,0.367397
40209.88000,0.367389
40209.89000,0.36738
40209.90000,0.367372
40209.91000,0.367364
40209.92000,0.367356
40209.93000,0.367348
40209.94000,0.36734
40209.95000,0.367331
40209.96000,0.367322
40209.97000,0.367313
40209.98000,0.367305
40209.99000,0.367296
40210.00000,0.367287
40210.01000,0.367278
40210.02000,0.367269
40210.03000,0.36726
40210.04000,0.367251
40210.05000,0.367243
40210.06000,0.367234
40210.07000,0.367225
40210.08000,0.367216
40210.09000,0.367207
40210.10000,0.367198
40210.11000,0.367189
40210.12000,0.36718
40210.13000,0.367171
40210.14000,0.367162
40210.15000,0.367153
40210.16000,0.367145
40210.17000,0.367136
40210.18000,0.367127
40210.19000,0.367118
40210.20000,0.367109
40210.21000,0.3671
40210.22000,0.367091
40210.23000,0.367082
40210.24000,0.367073
40210.25000,0.367054
40210.26000,0.367022
40210.27000,0.366989
40210.28000,0.366957
40210.29000,0.366924
40210.30000,0.366891
40210.31000,0.366859
40210.32000,0.366826
40210.33000,0.366794
40210.34000,0.366761
40210.35000,0.366728
40210.36000,0.366696
40210.37000,0.366663
40210.38000,0.366631
40210.39000,0.366598
40210.40000,0.366563
40210.41000,0.366525
40210.42000,0.366487
40210.43000,0.366449
40210.44000,0.366411
40210.45000,0.366373
40210.46000,0.366335
40210.47000,0.366296
40210.48000,0.366258
40210.49000,0.36622
40210.50000,0.366182
40210.51000,0.366144
40210.52000,0.366106
40210.53000,0.366068
40210.54000,0.36603
40210.55000,0.366009
40210.56000,0.366011
40210.57000,0.366012
40210.58000,0.366013
40210.59000,0.366014
40210.60000,0.366015
40210.61000,0.366017
40210.62000,0.366018
40210.63000,0.366019
40210.64000,0.36602
40210.65000,0.366021
40210.66000,0.366022
40210.67000,0.366024
40210.68000,0.366025
40210.69000,0.366026
40210.70000,0.366025
40210.71000,0.366021
40210.72000,0.366016
40210.73000,0.366012
40210.74000,0.366008
40210.75000,0.366004
40210.76000,0.366
40210.77000,0.365996
40210.78000,0.365992
40210.79000,0.365987
40210.80000,0.365983
40210.81000,0.365979
40210.82000,0.365975
40210.83000,0.365971
40210.84000,0.365967
40210.85000,0.365961
40210.86000,0.365952
40210.87000,0.365944
40210.88000,0.365936
40210.89000,0.365927
40210.90000,0.365919
40210.91000,0.36591
40210.92000,0.365902
40210.93000,0.365894
40210.94000,0.365885
40210.95000,0.365877
40210.96000,0.365869
40210.97000,0.36586
40210.98000,0.365852
40210.99000,0.365844
40211.00000,0.365835
40211.01000,0.365826
40211.02000,0.365818
40211.03000,0.365809
40211.04000,0.3658
40211.05000,0.365791
40211.06000,0.365783
40211.07000,0.365774
40211.08000,0.365765
40211.09000,0.365757
40211.10000,0.365748
40211.11000,0.365739
40211.12000,0.36573
40211.13000,0.365722
40211.14000,0.365713
40211.15000,0.365704
40211.16000,0.365695
40211.17000,0.365686
40211.18000,0.365677
40211.19000,0.365668
40211.20000,0.365659
40211.21000,0.36565
40211.22000,0.365641
40211.23000,0.365632
40211.24000,0.365623
40211.25000,0.365615
40211.26000,0.365606
40211.27000,0.365597
40211.28000,0.365588
40211.29000,0.365579
40211.30000,0.365552
40211.31000,0.36551
40211.32000,0.365467
40211.33000,0.365425
40211.34000,0.365383
40211.35000,0.365341
40211.36000,0.365298
40211.37000,0.365256
40211.38000,0.365214
40211.39000,0.365172
40211.40000,0.365129
40211.41000,0.365087
40211.42000,0.365045
40211.43000,0.365002
40211.44000,0.36496
40211.45000,0.364928
40211.46000,0.364904
40211.47000,0.36488
40211.48000,0.364856
40211.49000,0.364832
40211.50000,0.364808
40211.51000,0.364784
40211.52000,0.36476
40211.53000,0.364736
40211.54000,0.364712
40211.55000,0.364688
40211.56000,0.364664
40211.57000,0.36464
40211.58000,0.364616
40211.59000,0.364592
40211.60000,0.364586
40211.61000,0.364593
40211.62000,0.3646
40211.63000,0.364607
40211.64000,0.364614
40211.65000,0.364621
40211.66000,0.364628
40211.67000,0.364635
40211.68000,0.364643
40211.69000,0.36465
40211.70000,0.364657
40211.71000,0.364664
40211.72000,0.364671
40211.73000,0.364678
40211.74000,0.36476
40211.75000,0.364918
40211.76000,0.365215
40211.77000,0.365673
40211.78000,0.366398
40211.79000,0.367396
40211.80000,0.368604
40211.81000,0.369948
40211.82000,0.371358
40211.83000,0.372789
40211.84000,0.374215
40211.85000,0.375627
40211.86000,0.377852
40211.87000,0.377874
40211.88000,0.377897
40211.89000,0.37792
40211.90000,0.377942
40211.91000,0.377555
40211.92000,0.376871
40211.93000,0.376002
40211.94000,0.375173
40211.95000,0.374876
40211.96000,0.375004
40211.97000,0.375416
40211.98000,0.376712
40211.99000,0.376661
40212.00000,0.37661
40212.01000,0.376559
40212.02000,0.376508
40212.03000,0.376457
40212.04000,0.37583
40212.05000,0.374971
40212.06000,0.373964
40212.07000,0.373133
40212.08000,0.372549
40212.09000,0.372154
40212.10000,0.37189
40212.11000,0.371644
40212.12000,0.371345
40212.13000,0.370994
40212.14000,0.370606
40212.15000,0.369304
40212.16000,0.369289
40212.17000,0.369273
40212.18000,0.369258
40212.19000,0.369243
40212.20000,0.369227
40212.21000,0.369212
40212.22000,0.369197
40212.23000,0.369181
40212.24000,0.369166
40212.25000,0.369151
40212.26000,0.369117
40212.27000,0.369083
40212.28000,0.369052
40212.29000,0.369029
40212.30000,0.369006
40212.31000,0.368982
40212.32000,0.368946
40212.33000,0.368906
40212.34000,0.368866
40212.35000,0.368826
40212.36000,0.368785
40212.37000,0.368733
40212.38000,0.36868
40212.39000,0.368628
40212.40000,0.368575
40212.41000,0.368523
40212.42000,0.36847
40212.43000,0.368419
40212.44000,0.368368
40212.45000,0.368316
40212.46000,0.368265
40212.47000,0.368214
40212.48000,0.368163
40212.49000,0.368112
40212.50000,0.36806
40212.51000,0.368017
40212.52000,0.367991
40212.53000,0.367965
40212.54000,0.367939
40212.55000,0.367913
40212.56000,0.367887
40212.57000,0.367862
40212.58000,0.367836
40212.59000,0.36781
40212.60000,0.367784
40212.61000,0.367758
40212.62000,0.367734
40212.63000,0.367738
40212.64000,0.367741
40212.65000,0.367745
40212.66000,0.367749
40212.67000,0.367752
40212.68000,0.367756
40212.69000,0.36776
40212.70000,0.367764
40212.71000,0.367767
40212.72000,0.367771
40212.73000,0.367775
40212.74000,0.367778
40212.75000,0.367782
40212.76000,0.367786
40212.77000,0.367788
40212.78000,0.367781
40212.79000,0.367773
40212.80000,0.367765
40212.81000,0.367757
40212.82000,0.367749
40212.83000,0.367741
40212.84000,0.367733
40212.85000,0.367725
40212.86000,0.367717
40212.87000,0.367709
40212.88000,0.367701
40212.89000,0.367693
40212.90000,0.367685
40212.91000,0.367677
40212.92000,0.367669
40212.93000,0.36766
40212.94000,0.367651
40212.95000,0.367643
40212.96000,0.367634
40212.97000,0.367625
40212.98000,0.367616
40212.99000,0.367607
40213.00000,0.367598
40213.01000,0.367589
40213.02000,0.36758
40213.03000,0.367572
40213.04000,0.367563
40213.05000,0.367554
40213.06000,0.367545
40213.07000,0.367536
40213.08000,0.367527
40213.09000,0.367518
40213.10000,0.367509
40213.11000,0.367501
40213.12000,0.367492
40213.13000,0.367483
40213.14000,0.367474
40213.15000,0.367465
40213.16000,0.367456
40213.17000,0.367447
40213.18000,0.367438
40213.19000,0.367429
40213.20000,0.36742
40213.21000,0.367411
40213.22000,0.3674
40213.23000,0.367374
40213.24000,0.367348
40213.25000,0.367322
40213.26000,0.367296
40213.27000,0.36727
40213.28000,0.367244
40213.29000,0.367218
40213.30000,0.367192
40213.31000,0.367166
40213.32000,0.36714
40213.33000,0.367114
40213.34000,0.367088
40213.35000,0.367062
40213.36000,0.367036
40213.37000,0.367008
40213.38000,0.366965
40213.39000,0.366922
40213.40000,0.366879
40213.41000,0.366836
40213.42000,0.366792
40213.43000,0.366749
40213.44000,0.366706
40213.45000,0.366663
40213.46000,0.36662
40213.47000,0.366577
40213.48000,0.366534
40213.49000,0.366491
40213.50000,0.366448
40213.51000,0.366405
40213.52000,0.366367
40213.53000,0.366361
40213.54000,0.366355
40213.55000,0.366349
40213.56000,0.366342
40213.57000,0.366336
40213.58000,0.36633
40213.59000,0.366324
40213.60000,0.366317
40213.61000,0.366311
40213.62000,0.366305
40213.63000,0.366299
40213.64000,0.366292
40213.65000,0.366286
40213.66000,0.36628
40213.67000,0.366275
40213.68000,0.366274
40213.69000,0.366273
40213.70000,0.366272
40213.71000,0.366272
40213.72000,0.366271
40213.73000,0.36627
40213.74000,0.36627
40213.75000,0.366269
40213.76000,0.366268
40213.77000,0.366267
40213.78000,0.366267
40213.79000,0.366266
40213.80000,0.366265
40213.81000,0.366264
40213.82000,0.366262
40213.83000,0.366254
40213.84000,0.366246
40213.85000,0.366238
40213.86000,0.36623
40213.87000,0.366222
40213.88000,0.366214
40213.89000,0.366206
40213.90000,0.366197
40213.91000,0.366189
40213.92000,0.366181
40213.93000,0.366173
40213.94000,0.366165
40213.95000,0.366157
40213.96000,0.366149
40213.97000,0.366141
40213.98000,0.366132
40213.99000,0.366123
40214.00000,0.366115
40214.01000,0.366106
40214.02000,0.366097
40214.03000,0.366089
40214.04000,0.36608
40214.05000,0.366071
40214.06000,0.366062
40214.07000,0.366054
40214.08000,0.366045
40214.09000,0.366036
40214.10000,0.366028
40214.11000,0.366019
40214.12000,0.36601
40214.13000,0.366002
40214.14000,0.365993
40214.15000,0.365984
40214.16000,0.365975
40214.17000,0.365967
40214.18000,0.365958
40214.19000,0.365949
40214.20000,0.36594
40214.21000,0.365932
40214.22000,0.365923
40214.23000,0.365914
40214.24000,0.365905
40214.25000,0.365897
40214.26000,0.365888
40214.27000,0.365878
40214.28000,0.365865
40214.29000,0.365852
40214.30000,0.36584
40214.31000,0.365827
40214.32000,0.365814
40214.33000,0.365801
40214.34000,0.365788
40214.35000,0.365775
40214.36000,0.365763
40214.37000,0.36575
40214.38000,0.365737
40214.39000,0.365724
40214.40000,0.365711
40214.41000,0.365698
40214.42000,0.365681
40214.43000,0.365648
40214.44000,0.365615
40214.45000,0.365598
40214.46000,0.365702
40214.47000,0.365969
40214.48000,0.366426
40214.49000,0.367309
40214.50000,0.368624
40214.51000,0.370265
40214.52000,0.372086
40214.53000,0.373547
40214.54000,0.374654
40214.55000,0.375519
40214.56000,0.376133
40214.57000,0.37643
40214.58000,0.376575
40214.59000,0.376648
40214.60000,0.376687
40214.61000,0.376789
40214.62000,0.376995
40214.63000,0.37727
40214.64000,0.377584
40214.65000,0.377862
40214.66000,0.378033
40214.67000,0.378133
40214.68000,0.378192
40214.69000,0.378292
40214.70000,0.378613
40214.71000,0.379078
40214.72000,0.379613
40214.73000,0.380181
40214.74000,0.380855
40214.75000,0.381573
40214.76000,0.382292
40214.77000,0.382988
40214.78000,0.382925
40214.79000,0.382316
40214.80000,0.381376
40214.81000,0.380218
40214.82000,0.379351
40214.83000,0.378851
40214.84000,0.378586
40214.85000,0.378446
40214.86000,0.378226
40214.87000,0.377829
40214.88000,0.377308
40214.89000,0.376702
40214.90000,0.376202
40214.91000,0.376018
40214.92000,0.376064
40214.93000,0.376255
40214.94000,0.376495
40214.95000,0.376656
40214.96000,0.376753
40214.97000,0.376808
40214.98000,0.376849
40214.99000,0.377005
40215.00000,0.377246
40215.01000,0.377535
40215.02000,0.377849
40215.03000,0.378172
40215.04000,0.378497
40215.05000,0.378818
40215.06000,0.379133
40215.07000,0.379349
40215.08000,0.379466
40215.09000,0.379527
40215.10000,0.379559
40215.11000,0.379433
40215.12000,0.379099
40215.13000,0.378631
40215.14000,0.378078
40215.15000,0.377737
40215.16000,0.37793
40215.17000,0.378483
40215.18000,0.379221
40215.19000,0.37979
40215.20000,0.379506
40215.21000,0.378649
40215.22000,0.377431
40215.23000,0.376009
40215.24000,0.374901
40215.25000,0.374041
40215.26000,0.373338
40215.27000,0.372728
40215.28000,0.372174
40215.29000,0.37165
40215.30000,0.371143
40215.31000,0.370648
40215.32000,0.370377
40215.33000,0.370412
40215.34000,0.370745
40215.35000,0.371336
40215.36000,0.371879
40215.37000,0.372151
40215.38000,0.372182
40215.39000,0.372032
40215.40000,0.37181
40215.41000,0.371623
40215.42000,0.371479
40215.43000,0.371373
40215.44000,0.371327
40215.45000,0.371427
40215.46000,0.371656
40215.47000,0.371986
40215.48000,0.37235
40215.49000,0.372358
40215.50000,0.372056
40215.51000,0.371537
40215.52000,0.37088
40215.53000,0.370422
40215.54000,0.370194
40215.55000,0.37017
40215.56000,0.370317
40215.57000,0.370422
40215.58000,0.370392
40215.59000,0.370239
40215.60000,0.369992
40215.61000,0.367605
40215.62000,0.367602
40215.63000,0.367599
40215.64000,0.367596
40215.65000,0.367593
40215.66000,0.36759
40215.67000,0.367587
40215.68000,0.367584
40215.69000,0.367581
40215.70000,0.367577
40215.71000,0.367574
40215.72000,0.367571
40215.73000,0.367568
40215.74000,0.367565
40215.75000,0.367562
40215.76000,0.367559
40215.77000,0.367556
40215.78000,0.367553
40215.79000,0.36755
40215.80000,0.367547
40215.81000,0.367543
40215.82000,0.36754
40215.83000,0.367537
40215.84000,0.367534
40215.85000,0.367531
40215.86000,0.367528
40215.87000,0.367525
40215.88000,0.367522
40215.89000,0.367519
40215.90000,0.367516
40215.91000,0.367513
40215.92000,0.36751
40215.93000,0.367506
40215.94000,0.367503
40215.95000,0.3675
40215.96000,0.367497
40215.97000,0.367494
40215.98000,0.367491
40215.99000,0.367488
40216.00000,0.367485
40216.01000,0.367482
40216.02000,0.367479
40216.03000,0.367476
40216.04000,0.367472
40216.05000,0.367469
40216.06000,0.367466
40216.07000,0.367463
40216.08000,0.36746
40216.09000,0.367457
40216.10000,0.367454
40216.11000,0.367451
40216.12000,0.367401
40216.13000,0.367352
40216.14000,0.367303
40216.15000,0.367253
40216.16000,0.367204
40216.17000,0.367155
40216.18000,0.367105
40216.19000,0.367056
40216.20000,0.367007
40216.21000,0.366957
40216.22000,0.366908
40216.23000,0.366859
40216.24000,0.366809
40216.25000,0.36676
40216.26000,0.366711
40216.27000,0.366661
40216.28000,0.366612
40216.29000,0.366563
40216.30000,0.366513
40216.31000,0.366464
40216.32000,0.366415
40216.33000,0.366365
40216.34000,0.366316
40216.35000,0.366266
40216.36000,0.366217
40216.37000,0.366168
40216.38000,0.366118
40216.39000,0.366069
40216.40000,0.36602
40216.41000,0.36597
40216.42000,0.365921
40216.43000,0.365872
40216.44000,0.365822
40216.45000,0.365773
40216.46000,0.365724
40216.47000,0.365674
40216.48000,0.365625
40216.49000,0.365599
40216.50000,0.365596
40216.51000,0.365593
40216.52000,0.365591
40216.53000,0.365588
40216.54000,0.365585
40216.55000,0.365583
40216.56000,0.36558
40216.57000,0.365577
40216.58000,0.365574
40216.59000,0.365572
40216.60000,0.365569
40216.61000,0.365566
40216.62000,0.365563
40216.63000,0.365561
40216.64000,0.365558
40216.65000,0.365555
40216.66000,0.365552
40216.67000,0.36555
40216.68000,0.365547
40216.69000,0.365544
40216.70000,0.365542
40216.71000,0.365539
40216.72000,0.365536
40216.73000,0.365533
40216.74000,0.365531
40216.75000,0.365528
40216.76000,0.365525
40216.77000,0.365522
40216.78000,0.36552
40216.79000,0.365517
40216.80000,0.365514
40216.81000,0.365512
40216.82000,0.365509
40216.83000,0.365506
40216.84000,0.365503
40216.85000,0.365501
40216.86000,0.365498
40216.87000,0.365495
40216.88000,0.365492
40216.89000,0.36549
40216.90000,0.365487
40216.91000,0.365484
40216.92000,0.365482
40216.93000,0.365479
40216.94000,0.365476
40216.95000,0.365473
40216.96000,0.365471
40216.97000,0.365468
40216.98000,0.365465
40216.99000,0.365445
40217.00000,0.365408
40217.01000,0.365371
40217.02000,0.365333
40217.03000,0.365296
40217.04000,0.365259
40217.05000,0.365221
40217.06000,0.365184
40217.07000,0.365147
40217.08000,0.365109
40217.09000,0.365072
40217.10000,0.365035
40217.11000,0.364998
40217.12000,0.36496
40217.13000,0.364923
40217.14000,0.364886
40217.15000,0.364848
40217.16000,0.364811
40217.17000,0.364774
40217.18000,0.364737
40217.19000,0.364699
40217.20000,0.364662
40217.21000,0.364625
40217.22000,0.364587
40217.23000,0.36455
40217.24000,0.364513
40217.25000,0.364475
40217.26000,0.364438
40217.27000,0.364401
40217.28000,0.364364
40217.29000,0.364326
40217.30000,0.364289
40217.31000,0.364252
40217.32000,0.364214
40217.33000,0.364177
40217.34000,0.36414
40217.35000,0.364103
40217.36000,0.364065
40217.37000,0.364028
40217.38000,0.363991
40217.39000,0.363953
40217.40000,0.363916
40217.41000,0.363879
40217.42000,0.363841
40217.43000,0.363804
40217.44000,0.363767
40217.45000,0.36373
40217.46000,0.363692
40217.47000,0.363655
40217.48000,0.363618
40217.49000,0.363598
40217.50000,0.363596
40217.51000,0.363594
40217.52000,0.363592
40217.53000,0.36359
40217.54000,0.363588
40217.55000,0.363586
40217.56000,0.363584
40217.57000,0.363582
40217.58000,0.363579
40217.59000,0.363577
40217.60000,0.363575
40217.61000,0.363573
40217.62000,0.363571
40217.63000,0.363569
40217.64000,0.363567
40217.65000,0.363565
40217.66000,0.363563
40217.67000,0.363561
40217.68000,0.363559
40217.69000,0.363557
40217.70000,0.363555
40217.71000,0.363553
40217.72000,0.363551
40217.73000,0.363549
40217.74000,0.363546
40217.75000,0.363544
40217.76000,0.363542
40217.77000,0.36354
40217.78000,0.363538
40217.79000,0.363536
40217.80000,0.363534
40217.81000,0.363532
40217.82000,0.36353
40217.83000,0.363528
40217.84000,0.363526
40217.85000,0.363524
40217.86000,0.363522
40217.87000,0.36352
40217.88000,0.363518
40217.89000,0.363516
40217.90000,0.363514
40217.91000,0.363511
40217.92000,0.363509
40217.93000,0.363507
40217.94000,0.363505
40217.95000,0.363503
40217.96000,0.363501
40217.97000,0.363499
40217.98000,0.363497
40217.99000,0.363488
40218.00000,0.363472
40218.01000,0.363457
40218.02000,0.363441
40218.03000,0.363425
40218.04000,0.36341
40218.05000,0.363394
40218.06000,0.363378
40218.07000,0.363362
40218.08000,0.363347
40218.09000,0.363331
40218.10000,0.363315
40218.11000,0.3633
40218.12000,0.363284
40218.13000,0.363268
40218.14000,0.363252
40218.15000,0.363237
40218.16000,0.363221
40218.17000,0.363205
40218.18000,0.363189
40218.19000,0.363174
40218.20000,0.363158
40218.21000,0.363142
40218.22000,0.363127
40218.23000,0.363111
40218.24000,0.363095
40218.25000,0.363079
40218.26000,0.363064
40218.27000,0.363048
40218.28000,0.363032
40218.29000,0.363017
40218.30000,0.363001
40218.31000,0.362985
40218.32000,0.362969
40218.33000,0.362954
40218.34000,0.362938
40218.35000,0.362922
40218.36000,0.362907
40218.37000,0.362891
40218.38000,0.362875
40218.39000,0.362859
40218.40000,0.362844
40218.41000,0.362828
40218.42000,0.362812
40218.43000,0.362797
40218.44000,0.362781
40218.45000,0.362765
40218.46000,0.362749
40218.47000,0.362734
40218.48000,0.362718
40218.49000,0.362711
40218.50000,0.362714
40218.51000,0.362716
40218.52000,0.362718
40218.53000,0.36272
40218.54000,0.362723
40218.55000,0.362725
40218.56000,0.362727
40218.57000,0.36273
40218.58000,0.362732
40218.59000,0.362734
40218.60000,0.362737
40218.61000,0.362739
40218.62000,0.362741
40218.63000,0.362744
40218.64000,0.362746
40218.65000,0.362748
40218.66000,0.362831
40218.67000,0.363035
40218.68000,0.363403
40218.69000,0.363879
40218.70000,0.364229
40218.71000,0.364403
40218.72000,0.364411
40218.73000,0.36436
40218.74000,0.365315
40218.75000,0.367663
40218.76000,0.371094
40218.77000,0.374943
40218.78000,0.377923
40218.79000,0.380175
40218.80000,0.381923
40218.81000,0.382869
40218.82000,0.383198
40218.83000,0.383124
40218.84000,0.382851
40218.85000,0.382472
40218.86000,0.381975
40218.87000,0.38135
40218.88000,0.380636
40218.89000,0.379854
40218.90000,0.379015
40218.91000,0.37812
40218.92000,0.377171
40218.93000,0.376164
40218.94000,0.375262
40218.95000,0.374926
40218.96000,0.375031
40218.97000,0.37543
40218.98000,0.37596
40218.99000,0.376051
40219.00000,0.375804
40219.01000,0.375337
40219.02000,0.37473
40219.03000,0.374031
40219.04000,0.373268
40219.05000,0.372461
40219.06000,0.371626
40219.07000,0.371013
40219.08000,0.370674
40219.09000,0.370568
40219.10000,0.37065
40219.11000,0.370955
40219.12000,0.371503
40219.13000,0.372245
40219.14000,0.373105
40219.15000,0.373903
40219.16000,0.374451
40219.17000,0.374795
40219.18000,0.375001
40219.19000,0.375155
40219.20000,0.375384
40219.21000,0.375678
40219.22000,0.376013
40219.23000,0.376337
40219.24000,0.376278
40219.25000,0.375935
40219.26000,0.375412
40219.27000,0.374773
40219.28000,0.374175
40219.29000,0.373628
40219.30000,0.373112
40219.31000,0.372614
40219.32000,0.37212
40219.33000,0.371625
40219.34000,0.371128
40219.35000,0.370633
40219.36000,0.368165
40219.37000,0.36816
40219.38000,0.368154
40219.39000,0.368149
40219.40000,0.368143
40219.41000,0.368138
40219.42000,0.368132
40219.43000,0.368127
40219.44000,0.368122
40219.45000,0.368116
40219.46000,0.368111
40219.47000,0.368105
40219.48000,0.3681
40219.49000,0.368094
40219.50000,0.368089
40219.51000,0.368083
40219.52000,0.368078
40219.53000,0.368072
40219.54000,0.368067
40219.55000,0.368061
40219.56000,0.368056
40219.57000,0.36805
40219.58000,0.368045
40219.59000,0.368039
40219.60000,0.368034
40219.61000,0.368028
40219.62000,0.368023
40219.63000,0.368017
40219.64000,0.368012
40219.65000,0.368006
40219.66000,0.368001
40219.67000,0.367995
40219.68000,0.36799
40219.69000,0.367984
40219.70000,0.367979
40219.71000,0.367973
40219.72000,0.367968
40219.73000,0.367963
40219.74000,0.367957
40219.75000,0.367952
40219.76000,0.367946
40219.77000,0.367941
40219.78000,0.367935
40219.79000,0.36793
40219.80000,0.367924
40219.81000,0.367919
40219.82000,0.367913
40219.83000,0.367908
40219.84000,0.367902
40219.85000,0.367897
40219.86000,0.367891
40219.87000,0.367879
40219.88000,0.367867
40219.89000,0.367855
40219.90000,0.367843
40219.91000,0.367832
40219.92000,0.36782
40219.93000,0.367808
40219.94000,0.367796
40219.95000,0.367784
40219.96000,0.367772
40219.97000,0.36776
40219.98000,0.367748
40219.99000,0.367736
40220.00000,0.367724
40220.01000,0.367712
40220.02000,0.3677
40220.03000,0.367688
40220.04000,0.367676
40220.05000,0.367664
40220.06000,0.367652
40220.07000,0.36764
40220.08000,0.367628
40220.09000,0.367616
40220.10000,0.367604
40220.11000,0.367593
40220.12000,0.367581
40220.13000,0.367569
40220.14000,0.367557
40220.15000,0.367545
40220.16000,0.367533
40220.17000,0.367521
40220.18000,0.367509
40220.19000,0.367497
40220.20000,0.367485
40220.21000,0.367473
40220.22000,0.367461
40220.23000,0.367449
40220.24000,0.367439
40220.25000,0.36743
40220.26000,0.367421
40220.27000,0.367412
40220.28000,0.367403
40220.29000,0.367394
40220.30000,0.367385
40220.31000,0.367376
40220.32000,0.367367
40220.33000,0.367358
40220.34000,0.367349
40220.35000,0.36734
40220.36000,0.367331
40220.37000,0.367322
40220.38000,0.367313
40220.39000,0.367304
40220.40000,0.367295
40220.41000,0.367286
40220.42000,0.367277
40220.43000,0.367268
40220.44000,0.367259
40220.45000,0.367251
40220.46000,0.367242
40220.47000,0.367233
40220.48000,0.367224
40220.49000,0.367215
40220.50000,0.367206
40220.51000,0.367197
40220.52000,0.367188
40220.53000,0.367179
40220.54000,0.36717
40220.55000,0.367161
40220.56000,0.367152
40220.57000,0.367143
40220.58000,0.367134
40220.59000,0.367125
40220.60000,0.367116
40220.61000,0.367107
40220.62000,0.367098
40220.63000,0.367089
40220.64000,0.36708
40220.65000,0.367071
40220.66000,0.367062
40220.67000,0.367053
40220.68000,0.367044
40220.69000,0.367035
40220.70000,0.367027
40220.71000,0.367018
40220.72000,0.367009
40220.73000,0.367
40220.74000,0.366991
40220.75000,0.366982
40220.76000,0.366973
40220.77000,0.366964
40220.78000,0.366955
40220.79000,0.366946
40220.80000,0.366937
40220.81000,0.366929
40220.82000,0.36692
40220.83000,0.366911
40220.84000,0.366902
40220.85000,0.366893
40220.86000,0.366884
40220.87000,0.366875
40220.88000,0.366866
40220.89000,0.366858
40220.90000,0.366849
40220.91000,0.36684
40220.92000,0.366831
40220.93000,0.366822
40220.94000,0.366813
40220.95000,0.366804
40220.96000,0.366795
40220.97000,0.366787
40220.98000,0.366778
40220.99000,0.366769
40221.00000,0.36676
40221.01000,0.366751
40221.02000,0.366742
40221.03000,0.366733
40221.04000,0.366724
40221.05000,0.366716
40221.06000,0.366707
40221.07000,0.366698
40221.08000,0.366689
40221.09000,0.36668
40221.10000,0.366671
40221.11000,0.366662
40221.12000,0.366653
40221.13000,0.366645
40221.14000,0.366636
40221.15000,0.366627
40221.16000,0.366618
40221.17000,0.366609
40221.18000,0.3666
40221.19000,0.366591
40221.20000,0.366582
40221.21000,0.366574
40221.22000,0.366565
40221.23000,0.366556
40221.24000,0.366547
40221.25000,0.366538
40221.26000,0.366529
40221.27000,0.36652
40221.28000,0.366512
40221.29000,0.366503
40221.30000,0.366494
40221.31000,0.366485
40221.32000,0.366476
40221.33000,0.366467
40221.34000,0.366459
40221.35000,0.36645
40221.36000,0.366441
40221.37000,0.366432
40221.38000,0.366423
40221.39000,0.366414
40221.40000,0.366406
40221.41000,0.366397
40221.42000,0.366388
40221.43000,0.366379
40221.44000,0.36637
40221.45000,0.366361
40221.46000,0.366353
40221.47000,0.366344
40221.48000,0.366335
40221.49000,0.366326
40221.50000,0.366317
40221.51000,0.366308
40221.52000,0.366299
40221.53000,0.366291
40221.54000,0.366282
40221.55000,0.366273
40221.56000,0.366264
40221.57000,0.366255
40221.58000,0.366246
40221.59000,0.366238
40221.60000,0.366229
40221.61000,0.36622
40221.62000,0.366211
40221.63000,0.366202
40221.64000,0.366193
40221.65000,0.366185
40221.66000,0.366176
40221.67000,0.366167
40221.68000,0.366158
40221.69000,0.366149
40221.70000,0.36614
40221.71000,0.366132
40221.72000,0.366123
40221.73000,0.366114
40221.74000,0.366105
40221.75000,0.366096
40221.76000,0.366087
40221.77000,0.366079
40221.78000,0.36607
40221.79000,0.366061
40221.80000,0.366052
40221.81000,0.366044
40221.82000,0.366035
40221.83000,0.366026
40221.84000,0.366017
40221.85000,0.366008
40221.86000,0.366
40221.87000,0.365991
40221.88000,0.365982
40221.89000,0.365973
40221.90000,0.365964
40221.91000,0.365956
40221.92000,0.365947
40221.93000,0.365938
40221.94000,0.365929
40221.95000,0.36592
40221.96000,0.365912
40221.97000,0.365903
40221.98000,0.365894
40221.99000,0.365885
40222.00000,0.365877
40222.01000,0.365868
40222.02000,0.365859
40222.03000,0.36585
40222.04000,0.365841
40222.05000,0.365833
40222.06000,0.365824
40222.07000,0.365815
40222.08000,0.365806
40222.09000,0.365797
40222.10000,0.365789
40222.11000,0.36578
40222.12000,0.365771
40222.13000,0.365762
40222.14000,0.365754
40222.15000,0.365745
40222.16000,0.365736
40222.17000,0.365727
40222.18000,0.365718
40222.19000,0.36571
40222.20000,0.365701
40222.21000,0.365692
40222.22000,0.365683
40222.23000,0.365674
40222.24000,0.365666
40222.25000,0.365657
40222.26000,0.365648
40222.27000,0.365639
40222.28000,0.36563
40222.29000,0.365622
40222.30000,0.365613
40222.31000,0.365604
40222.32000,0.365595
40222.33000,0.365587
40222.34000,0.365578
40222.35000,0.365569
40222.36000,0.36556
40222.37000,0.365551
40222.38000,0.365543
40222.39000,0.365534
40222.40000,0.365525
40222.41000,0.365516
40222.42000,0.365508
40222.43000,0.365499
40222.44000,0.36549
40222.45000,0.365481
40222.46000,0.365472
40222.47000,0.365464
40222.48000,0.365455
40222.49000,0.365446
40222.50000,0.365437
40222.51000,0.365429
40222.52000,0.36542
40222.53000,0.365411
40222.54000,0.365402
40222.55000,0.365393
40222.56000,0.365385
40222.57000,0.365376
40222.58000,0.365367
40222.59000,0.365358
40222.60000,0.365349
40222.61000,0.365341
40222.62000,0.365332
40222.63000,0.365323
40222.64000,0.365314
40222.65000,0.365306
40222.66000,0.365297
40222.67000,0.365288
40222.68000,0.365279
40222.69000,0.36527
40222.70000,0.365262
40222.71000,0.365253
40222.72000,0.365244
40222.73000,0.365235
40222.74000,0.365227
40222.75000,0.365218
40222.76000,0.365209
40222.77000,0.365201
40222.78000,0.365192
40222.79000,0.365183
40222.80000,0.365174
40222.81000,0.365166
40222.82000,0.365157
40222.83000,0.365148
40222.84000,0.36514
40222.85000,0.365131
40222.86000,0.365122
40222.87000,0.365114
40222.88000,0.365105
40222.89000,0.365096
40222.90000,0.365088
40222.91000,0.365079
40222.92000,0.36507
40222.93000,0.365062
40222.94000,0.365053
40222.95000,0.365044
40222.96000,0.365036
40222.97000,0.365027
40222.98000,0.365018
40222.99000,0.365009
40223.00000,0.365001
40223.01000,0.364992
40223.02000,0.364983
40223.03000,0.364975
40223.04000,0.364966
40223.05000,0.364957
40223.06000,0.364949
40223.07000,0.36494
40223.08000,0.364931
40223.09000,0.364923
40223.10000,0.364914
40223.11000,0.364905
40223.12000,0.364897
40223.13000,0.364888
40223.14000,0.364879
40223.15000,0.36487
40223.16000,0.364862
40223.17000,0.364853
40223.18000,0.364844
40223.19000,0.364836
40223.20000,0.364827
40223.21000,0.364818
40223.22000,0.36481
40223.23000,0.364801
40223.24000,0.364792
40223.25000,0.364784
40223.26000,0.364775
40223.27000,0.364766
40223.28000,0.364758
40223.29000,0.364749
40223.30000,0.36474
40223.31000,0.364732
40223.32000,0.364723
40223.33000,0.364714
40223.34000,0.364706
40223.35000,0.364697
40223.36000,0.364688
40223.37000,0.36468
40223.38000,0.364671
40223.39000,0.364662
40223.40000,0.364654
40223.41000,0.364645
40223.42000,0.364636
40223.43000,0.364628
40223.44000,0.364619
40223.45000,0.36461
40223.46000,0.364602
40223.47000,0.364593
40223.48000,0.364584
40223.49000,0.364576
40223.50000,0.364567
40223.51000,0.364558
40223.52000,0.36455
40223.53000,0.364541
40223.54000,0.364532
40223.55000,0.364524
40223.56000,0.364515
40223.57000,0.364506
40223.58000,0.364498
40223.59000,0.364489
40223.60000,0.36448
40223.61000,0.364472
40223.62000,0.364463
40223.63000,0.364454
40223.64000,0.364446
40223.65000,0.364437
40223.66000,0.364428
40223.67000,0.36442
40223.68000,0.364411
40223.69000,0.364402
40223.70000,0.364394
40223.71000,0.364385
40223.72000,0.364376
40223.73000,0.364368
40223.74000,0.36436
40223.75000,0.364354
40223.76000,0.364347
40223.77000,0.364341
40223.78000,0.364334
40223.79000,0.364328
40223.80000,0.364321
40223.81000,0.364315
40223.82000,0.364308
40223.83000,0.364302
40223.84000,0.364295
40223.85000,0.364289
40223.86000,0.364283
40223.87000,0.364276
40223.88000,0.36427
40223.89000,0.364263
40223.90000,0.364257
40223.91000,0.36425
40223.92000,0.364244
40223.93000,0.364237
40223.94000,0.364231
40223.95000,0.364225
40223.96000,0.364218
40223.97000,0.364212
40223.98000,0.364205
40223.99000,0.364199
40224.00000,0.364192
40224.01000,0.364186
40224.02000,0.364179
40224.03000,0.364173
40224.04000,0.364166
40224.05000,0.36416
40224.06000,0.364154
40224.07000,0.364147
40224.08000,0.364141
40224.09000,0.364134
40224.10000,0.364128
40224.11000,0.364121
40224.12000,0.364115
40224.13000,0.364108
40224.14000,0.364102
40224.15000,0.364096
40224.16000,0.364089
40224.17000,0.364083
40224.18000,0.364076
40224.19000,0.36407
40224.20000,0.364063
40224.21000,0.364057
40224.22000,0.36405
40224.23000,0.364044
40224.24000,0.364039
40224.25000,0.364036
40224.26000,0.364034
40224.27000,0.364031
40224.28000,0.364028
40224.29000,0.364025
40224.30000,0.364022
40224.31000,0.364019
40224.32000,0.364017
40224.33000,0.364014
40224.34000,0.364011
40224.35000,0.364008
40224.36000,0.364005
40224.37000,0.364002
40224.38000,0.363999
40224.39000,0.363997
40224.40000,0.363994
40224.41000,0.363991
40224.42000,0.363988
40224.43000,0.363985
40224.44000,0.363982
40224.45000,0.36398
40224.46000,0.363977
40224.47000,0.363974
40224.48000,0.363971
40224.49000,0.363968
40224.50000,0.363965
40224.51000,0.363962
40224.52000,0.36396
40224.53000,0.363957
40224.54000,0.363954
40224.55000,0.363951
40224.56000,0.363948
40224.57000,0.363945
40224.58000,0.363943
40224.59000,0.36394
40224.60000,0.363937
40224.61000,0.363934
40224.62000,0.364077
40224.63000,0.364587
40224.64000,0.36548
40224.65000,0.366495
40224.66000,0.36725
40224.67000,0.367713
40224.68000,0.36793
40224.69000,0.367992
40224.70000,0.368049
40224.71000,0.368127
40224.72000,0.36823
40224.73000,0.368344
40224.74000,0.368331
40224.75000,0.368202
40224.76000,0.367978
40224.77000,0.367685
40224.78000,0.366783
40224.79000,0.366753
40224.80000,0.366722
40224.81000,0.366692
40224.82000,0.366661
40224.83000,0.366631
40224.84000,0.366601
40224.85000,0.36657
40224.86000,0.36654
40224.87000,0.366509
40224.88000,0.366479
40224.89000,0.366464
40224.90000,0.36645
40224.91000,0.366435
40224.92000,0.366421
40224.93000,0.366406
40224.94000,0.366391
40224.95000,0.366377
40224.96000,0.366362
40224.97000,0.366347
40224.98000,0.366333
40224.99000,0.366318
40225.00000,0.366304
40225.01000,0.366289
40225.02000,0.366276
40225.03000,0.366264
40225.04000,0.366252
40225.05000,0.366239
40225.06000,0.366227
40225.07000,0.366215
40225.08000,0.366203
40225.09000,0.36619
40225.10000,0.366178
40225.11000,0.366166
40225.12000,0.366154
40225.13000,0.366142
40225.14000,0.366129
40225.15000,0.366117
40225.16000,0.366105
40225.17000,0.366093
40225.18000,0.36608
40225.19000,0.366068
40225.20000,0.366032
40225.21000,0.365993
40225.22000,0.365953
40225.23000,0.365914
40225.24000,0.365875
40225.25000,0.365835
40225.26000,0.365796
40225.27000,0.365757
40225.28000,0.365718
40225.29000,0.365678
40225.30000,0.365639
40225.31000,0.3656
40225.32000,0.36556
40225.33000,0.365521
40225.34000,0.365482
40225.35000,0.365442
40225.36000,0.365403
40225.37000,0.365364
40225.38000,0.365325
40225.39000,0.365285
40225.40000,0.365246
40225.41000,0.365207
40225.42000,0.365167
40225.43000,0.365132
40225.44000,0.365117
40225.45000,0.365102
40225.46000,0.365087
40225.47000,0.365072
40225.48000,0.365057
40225.49000,0.365042
40225.50000,0.365027
40225.51000,0.365012
40225.52000,0.364997
40225.53000,0.364981
40225.54000,0.364966
40225.55000,0.364951
40225.56000,0.364936
40225.57000,0.364921
40225.58000,0.364906
40225.59000,0.364891
40225.60000,0.364876
40225.61000,0.364861
40225.62000,0.364845
40225.63000,0.36483
40225.64000,0.364815
40225.65000,0.3648
40225.66000,0.364785
40225.67000,0.364775
40225.68000,0.36477
40225.69000,0.364765
40225.70000,0.36476
40225.71000,0.364755
40225.72000,0.36475
40225.73000,0.364745
40225.74000,0.36474
40225.75000,0.364735
40225.76000,0.36473
40225.77000,0.364725
40225.78000,0.36472
40225.79000,0.364715
40225.80000,0.36471
40225.81000,0.364705
40225.82000,0.3647
40225.83000,0.364695
40225.84000,0.36469
40225.85000,0.364686
40225.86000,0.364681
40225.87000,0.364676
40225.88000,0.364671
40225.89000,0.364666
40225.90000,0.364661
40225.91000,0.364651
40225.92000,0.36464
40225.93000,0.364628
40225.94000,0.364617
40225.95000,0.364606
40225.96000,0.364594
40225.97000,0.364583
40225.98000,0.364572
40225.99000,0.364561
40226.00000,0.364549
40226.01000,0.364538
40226.02000,0.364527
40226.03000,0.364515
40226.04000,0.364504
40226.05000,0.364493
40226.06000,0.364482
40226.07000,0.36447
40226.08000,0.364459
40226.09000,0.364448
40226.10000,0.364436
40226.11000,0.364425
40226.12000,0.364414
40226.13000,0.364403
40226.14000,0.364391
40226.15000,0.36438
40226.16000,0.364369
40226.17000,0.364357
40226.18000,0.364346
40226.19000,0.364335
40226.20000,0.364324
40226.21000,0.364312
40226.22000,0.364298
40226.23000,0.36427
40226.24000,0.364242
40226.25000,0.364214
40226.26000,0.364186
40226.27000,0.364157
40226.28000,0.364129
40226.29000,0.364101
40226.30000,0.364073
40226.31000,0.364045
40226.32000,0.364017
40226.33000,0.363989
40226.34000,0.36396
40226.35000,0.363932
40226.36000,0.363904
40226.37000,0.363876
40226.38000,0.363848
40226.39000,0.36382
40226.40000,0.363792
40226.41000,0.363763
40226.42000,0.363735
40226.43000,0.363707
40226.44000,0.363679
40226.45000,0.363651
40226.46000,0.363623
40226.47000,0.363595
40226.48000,0.363566
40226.49000,0.363538
40226.50000,0.36351
40226.51000,0.363482
40226.52000,0.363454
40226.53000,0.363426
40226.54000,0.363398
40226.55000,0.363369
40226.56000,0.363341
40226.57000,0.363313
40226.58000,0.363285
40226.59000,0.363257
40226.60000,0.363229
40226.61000,0.363201
40226.62000,0.363172
40226.63000,0.363144
40226.64000,0.363117
40226.65000,0.363113
40226.66000,0.36311
40226.67000,0.363106
40226.68000,0.363103
40226.69000,0.363099
40226.70000,0.363096
40226.71000,0.363092
40226.72000,0.363089
40226.73000,0.363085
40226.74000,0.363082
40226.75000,0.363078
40226.76000,0.363075
40226.77000,0.363071
40226.78000,0.363068
40226.79000,0.363064
40226.80000,0.363061
40226.81000,0.363057
40226.82000,0.363054
40226.83000,0.36305
40226.84000,0.363047
40226.85000,0.363044
40226.86000,0.36304
40226.87000,0.363037
40226.88000,0.363033
40226.89000,0.36303
40226.90000,0.363026
40226.91000,0.363023
40226.92000,0.363019
40226.93000,0.363016
40226.94000,0.363012
40226.95000,0.363009
40226.96000,0.363005
40226.97000,0.363002
40226.98000,0.362998
40226.99000,0.362995
40227.00000,0.362991
40227.01000,0.362988
40227.02000,0.362984
40227.03000,0.362981
40227.04000,0.362977
40227.05000,0.362974
40227.06000,0.36297
40227.07000,0.362934
40227.08000,0.362893
40227.09000,0.362853
40227.10000,0.362812
40227.11000,0.362772
40227.12000,0.362731
40227.13000,0.362691
40227.14000,0.36265
40227.15000,0.36261
40227.16000,0.362569
40227.17000,0.362529
40227.18000,0.362488
40227.19000,0.362448
40227.20000,0.362408
40227.21000,0.362367
40227.22000,0.362327
40227.23000,0.362286
40227.24000,0.362246
40227.25000,0.362205
40227.26000,0.362165
40227.27000,0.362124
40227.28000,0.362084
40227.29000,0.362043
40227.30000,0.362003
40227.31000,0.361962
40227.32000,0.361922
40227.33000,0.361882
40227.34000,0.361841
40227.35000,0.361801
40227.36000,0.36176
40227.37000,0.36172
40227.38000,0.361679
40227.39000,0.361639
40227.40000,0.361598
40227.41000,0.361558
40227.42000,0.361517
40227.43000,0.361477
40227.44000,0.361436
40227.45000,0.361396
40227.46000,0.361356
40227.47000,0.361315
40227.48000,0.361275
40227.49000,0.361265
40227.50000,0.361265
40227.51000,0.361265
40227.52000,0.361266
40227.53000,0.361266
40227.54000,0.361266
40227.55000,0.361267
40227.56000,0.361267
40227.57000,0.361267
40227.58000,0.361267
40227.59000,0.361268
40227.60000,0.361268
40227.61000,0.361268
40227.62000,0.361269
40227.63000,0.361269
40227.64000,0.361269
40227.65000,0.361269
40227.66000,0.36127
40227.67000,0.36127
40227.68000,0.36127
40227.69000,0.361271
40227.70000,0.361271
40227.71000,0.361271
40227.72000,0.361271
40227.73000,0.361272
40227.74000,0.361272
40227.75000,0.361272
40227.76000,0.361273
40227.77000,0.361273
40227.78000,0.361273
40227.79000,0.361273
40227.80000,0.361274
40227.81000,0.361274
40227.82000,0.361274
40227.83000,0.361274
40227.84000,0.361275
40227.85000,0.361275
40227.86000,0.361275
40227.87000,0.361276
40227.88000,0.361276
40227.89000,0.361276
40227.90000,0.361276
40227.91000,0.361268
40227.92000,0.361254
40227.93000,0.36124
40227.94000,0.361226
40227.95000,0.361212
40227.96000,0.361198
40227.97000,0.361184
40227.98000,0.361171
40227.99000,0.361157
40228.00000,0.361143
40228.01000,0.361129
40228.02000,0.361115
40228.03000,0.361101
40228.04000,0.361087
40228.05000,0.361073
40228.06000,0.361059
40228.07000,0.361045
40228.08000,0.361031
40228.09000,0.361017
40228.10000,0.361003
40228.11000,0.36099
40228.12000,0.360976
40228.13000,0.360962
40228.14000,0.360948
40228.15000,0.360934
40228.16000,0.36092
40228.17000,0.360906
40228.18000,0.360892
40228.19000,0.360878
40228.20000,0.360864
40228.21000,0.36085
40228.22000,0.360836
40228.23000,0.360822
40228.24000,0.360808
40228.25000,0.360795
40228.26000,0.360781
40228.27000,0.360767
40228.28000,0.360753
40228.29000,0.360739
40228.30000,0.360725
40228.31000,0.360711
40228.32000,0.360697
40228.33000,0.360687
40228.34000,0.36068
40228.35000,0.360673
40228.36000,0.360667
40228.37000,0.36066
40228.38000,0.360653
40228.39000,0.360647
40228.40000,0.36064
40228.41000,0.360634
40228.42000,0.360627
40228.43000,0.36062
40228.44000,0.360614
40228.45000,0.360607
40228.46000,0.360601
40228.47000,0.360594
40228.48000,0.360587
40228.49000,0.360581
40228.50000,0.360574
40228.51000,0.360567
40228.52000,0.360561
40228.53000,0.360554
40228.54000,0.360548
40228.55000,0.360541
40228.56000,0.360534
40228.57000,0.360528
40228.58000,0.360521
40228.59000,0.360515
40228.60000,0.360508
40228.61000,0.360501
40228.62000,0.360495
40228.63000,0.360488
40228.64000,0.360481
40228.65000,0.360475
40228.66000,0.360468
40228.67000,0.360462
40228.68000,0.360455
40228.69000,0.360448
40228.70000,0.360442
40228.71000,0.360435
40228.72000,0.360429
40228.73000,0.360422
40228.74000,0.360415
40228.75000,0.360408
40228.76000,0.3604
40228.77000,0.360392
40228.78000,0.360384
40228.79000,0.360376
40228.80000,0.360367
40228.81000,0.360359
40228.82000,0.360351
40228.83000,0.360343
40228.84000,0.360335
40228.85000,0.360327
40228.86000,0.360318
40228.87000,0.36031
40228.88000,0.360302
40228.89000,0.360294
40228.90000,0.360286
40228.91000,0.360278
40228.92000,0.36027
40228.93000,0.360261
40228.94000,0.360253
40228.95000,0.360245
40228.96000,0.360237
40228.97000,0.360229
40228.98000,0.360221
40228.99000,0.360212
40229.00000,0.360204
40229.01000,0.360196
40229.02000,0.360188
40229.03000,0.36018
40229.04000,0.360172
40229.05000,0.360164
40229.06000,0.360155
40229.07000,0.360147
40229.08000,0.360139
40229.09000,0.360131
40229.10000,0.360123
40229.11000,0.360115
40229.12000,0.360106
40229.13000,0.360098
40229.14000,0.36009
40229.15000,0.360082
40229.16000,0.360074
40229.17000,0.36006
40229.18000,0.360023
40229.19000,0.359986
40229.20000,0.359948
40229.21000,0.359911
40229.22000,0.359874
40229.23000,0.359837
40229.24000,0.359799
40229.25000,0.359762
40229.26000,0.359725
40229.27000,0.359688
40229.28000,0.359651
40229.29000,0.359613
40229.30000,0.359576
40229.31000,0.359539
40229.32000,0.359502
40229.33000,0.359464
40229.34000,0.359427
40229.35000,0.35939
40229.36000,0.359353
40229.37000,0.359315
40229.38000,0.359278
40229.39000,0.359241
40229.40000,0.359204
40229.41000,0.359167
40229.42000,0.359129
40229.43000,0.359092
40229.44000,0.359055
40229.45000,0.359018
40229.46000,0.35898
40229.47000,0.358943
40229.48000,0.358906
40229.49000,0.358869
40229.50000,0.358831
40229.51000,0.358794
40229.52000,0.358757
40229.53000,0.35872
40229.54000,0.358683
40229.55000,0.358645
40229.56000,0.358608
40229.57000,0.358571
40229.58000,0.358534
40229.59000,0.358498
40229.60000,0.358499
40229.61000,0.358499
40229.62000,0.358499
40229.63000,0.358499
40229.64000,0.3585
40229.65000,0.3585
40229.66000,0.3585
40229.67000,0.3585
40229.68000,0.358501
40229.69000,0.358501
40229.70000,0.358501
40229.71000,0.358501
40229.72000,0.358501
40229.73000,0.358502
40229.74000,0.358502
40229.75000,0.358502
40229.76000,0.358502
40229.77000,0.358503
40229.78000,0.358503
40229.79000,0.358503
40229.80000,0.358503
40229.81000,0.358504
40229.82000,0.358504
40229.83000,0.358504
40229.84000,0.358504
40229.85000,0.358505
40229.86000,0.358505
40229.87000,0.358505
40229.88000,0.358505
40229.89000,0.358506
40229.90000,0.358506
40229.91000,0.358506
40229.92000,0.358506
40229.93000,0.358507
40229.94000,0.358507
40229.95000,0.358507
40229.96000,0.358507
40229.97000,0.358507
40229.98000,0.358508
40229.99000,0.358508
40230.00000,0.358508
40230.01000,0.358508
40230.02000,0.358476
40230.03000,0.358441
40230.04000,0.358406
40230.05000,0.35837
40230.06000,0.358335
40230.07000,0.3583
40230.08000,0.358264
40230.09000,0.358229
40230.10000,0.358194
40230.11000,0.358158
40230.12000,0.358123
40230.13000,0.358088
40230.14000,0.358053
40230.15000,0.358017
40230.16000,0.357982
40230.17000,0.357947
40230.18000,0.357911
40230.19000,0.357876
40230.20000,0.357841
40230.21000,0.357805
40230.22000,0.35777
40230.23000,0.357735
40230.24000,0.357699
40230.25000,0.357664
40230.26000,0.357629
40230.27000,0.357593
40230.28000,0.357558
40230.29000,0.357523
40230.30000,0.357488
40230.31000,0.357452
40230.32000,0.357417
40230.33000,0.357382
40230.34000,0.357346
40230.35000,0.357311
40230.36000,0.357276
40230.37000,0.35724
40230.38000,0.357205
40230.39000,0.35717
40230.40000,0.357134
40230.41000,0.357099
40230.42000,0.357064
40230.43000,0.357029
40230.44000,0.357021
40230.45000,0.357021
40230.46000,0.357021
40230.47000,0.357022
40230.48000,0.357022
40230.49000,0.357022
40230.50000,0.357022
40230.51000,0.357023
40230.52000,0.357023
40230.53000,0.357023
40230.54000,0.357024
40230.55000,0.357024
40230.56000,0.357024
40230.57000,0.357024
40230.58000,0.357025
40230.59000,0.357025
40230.60000,0.357025
40230.61000,0.357026
40230.62000,0.357026
40230.63000,0.357026
40230.64000,0.357026
40230.65000,0.357027
40230.66000,0.357027
40230.67000,0.357027
40230.68000,0.357027
40230.69000,0.357028
40230.70000,0.357028
40230.71000,0.357028
40230.72000,0.357029
40230.73000,0.357029
40230.74000,0.357029
40230.75000,0.357029
40230.76000,0.35703
40230.77000,0.35703
40230.78000,0.35703
40230.79000,0.357031
40230.80000,0.357031
40230.81000,0.357031
40230.82000,0.357031
40230.83000,0.357032
40230.84000,0.357032
40230.85000,0.357032
40230.86000,0.357028
40230.87000,0.357021
40230.88000,0.357015
40230.89000,0.357008
40230.90000,0.357002
40230.91000,0.356995
40230.92000,0.356988
40230.93000,0.356982
40230.94000,0.356975
40230.95000,0.356968
40230.96000,0.356962
40230.97000,0.356955
40230.98000,0.356948
40230.99000,0.356942
40231.00000,0.356935
40231.01000,0.356928
40231.02000,0.356922
40231.03000,0.356915
40231.04000,0.356909
40231.05000,0.356902
40231.06000,0.356895
40231.07000,0.356889
40231.08000,0.356882
40231.09000,0.356875
40231.10000,0.356869
40231.11000,0.356862
40231.12000,0.356855
40231.13000,0.356849
40231.14000,0.356842
40231.15000,0.356835
40231.16000,0.356829
40231.17000,0.356822
40231.18000,0.356816
40231.19000,0.356809
40231.20000,0.356802
40231.21000,0.356796
40231.22000,0.356789
40231.23000,0.356782
40231.24000,0.356776
40231.25000,0.356769
40231.26000,0.356762
40231.27000,0.356756
40231.28000,0.356751
40231.29000,0.356749
40231.30000,0.356746
40231.31000,0.356744
40231.32000,0.356741
40231.33000,0.356738
40231.34000,0.356736
40231.35000,0.356733
40231.36000,0.356731
40231.37000,0.356728
40231.38000,0.356726
40231.39000,0.356723
40231.40000,0.356721
40231.41000,0.356718
40231.42000,0.356716
40231.43000,0.356713
40231.44000,0.35671
40231.45000,0.356708
40231.46000,0.356705
40231.47000,0.356703
40231.48000,0.3567
40231.49000,0.356698
40231.50000,0.356695
40231.51000,0.356693
40231.52000,0.35669
40231.53000,0.356688
40231.54000,0.356685
40231.55000,0.356683
40231.56000,0.35668
40231.57000,0.356677
40231.58000,0.356675
40231.59000,0.356672
40231.60000,0.35667
40231.61000,0.356667
40231.62000,0.356665
40231.63000,0.356662
40231.64000,0.35666
40231.65000,0.356657
40231.66000,0.356789
40231.67000,0.357301
40231.68000,0.358242
40231.69000,0.359511
40231.70000,0.360863
40231.71000,0.362192
40231.72000,0.363456
40231.73000,0.364731
40231.74000,0.366947
40231.75000,0.369897
40231.76000,0.373176
40231.77000,0.376455
40231.78000,0.378155
40231.79000,0.378785
40231.80000,0.378815
40231.81000,0.378472
40231.82000,0.378255
40231.83000,0.378149
40231.84000,0.377868
40231.85000,0.377533
40231.86000,0.377182
40231.87000,0.376825
40231.88000,0.376463
40231.89000,0.376095
40231.90000,0.37561
40231.91000,0.374876
40231.92000,0.373956
40231.93000,0.372906
40231.94000,0.369524
40231.95000,0.36947
40231.96000,0.369416
40231.97000,0.369362
40231.98000,0.369309
40231.99000,0.369255
40232.00000,0.369201
40232.01000,0.369148
40232.02000,0.369094
40232.03000,0.36904
40232.04000,0.368986
40232.05000,0.36897
40232.06000,0.368954
40232.07000,0.368937
40232.08000,0.368921
40232.09000,0.368905
40232.10000,0.368888
40232.11000,0.368872
40232.12000,0.368856
40232.13000,0.368839
40232.14000,0.368823
40232.15000,0.368807
40232.16000,0.36879
40232.17000,0.368774
40232.18000,0.368747
40232.19000,0.368716
40232.20000,0.368684
40232.21000,0.368652
40232.22000,0.36862
40232.23000,0.368589
40232.24000,0.368557
40232.25000,0.368525
40232.26000,0.368493
40232.27000,0.368461
40232.28000,0.36843
40232.29000,0.368398
40232.30000,0.368366
40232.31000,0.368334
40232.32000,0.368303
40232.33000,0.368271
40232.34000,0.368239
40232.35000,0.368207
40232.36000,0.36816
40232.37000,0.368111
40232.38000,0.368062
40232.39000,0.368014
40232.40000,0.367965
40232.41000,0.367916
40232.42000,0.367867
40232.43000,0.367818
40232.44000,0.367769
40232.45000,0.36772
40232.46000,0.367671
40232.47000,0.367622
40232.48000,0.367574
40232.49000,0.367525
40232.50000,0.367476
40232.51000,0.367427
40232.52000,0.367378
40232.53000,0.367329
40232.54000,0.36728
40232.55000,0.367231
40232.56000,0.367183
40232.57000,0.367134
40232.58000,0.367085
40232.59000,0.367044
40232.60000,0.367041
40232.61000,0.367038
40232.62000,0.367035
40232.63000,0.367032
40232.64000,0.367029
40232.65000,0.367026
40232.66000,0.367022
40232.67000,0.367019
40232.68000,0.367016
40232.69000,0.367013
40232.70000,0.36701
40232.71000,0.367007
40232.72000,0.367004
40232.73000,0.367
40232.74000,0.366997
40232.75000,0.366994
40232.76000,0.366991
40232.77000,0.366988
40232.78000,0.366985
40232.79000,0.366982
40232.80000,0.366978
40232.81000,0.366975
40232.82000,0.366972
40232.83000,0.366969
40232.84000,0.366966
40232.85000,0.366963
40232.86000,0.36696
40232.87000,0.366956
40232.88000,0.366953
40232.89000,0.36695
40232.90000,0.366947
40232.91000,0.366935
40232.92000,0.366917
40232.93000,0.366898
40232.94000,0.36688
40232.95000,0.366862
40232.96000,0.366843
40232.97000,0.366825
40232.98000,0.366806
40232.99000,0.366788
40233.00000,0.36677
40233.01000,0.366751
40233.02000,0.366733
40233.03000,0.366715
40233.04000,0.366696
40233.05000,0.366678
40233.06000,0.36666
40233.07000,0.366641
40233.08000,0.366623
40233.09000,0.366604
40233.10000,0.366586
40233.11000,0.366568
40233.12000,0.366549
40233.13000,0.366531
40233.14000,0.366513
40233.15000,0.366494
40233.16000,0.366476
40233.17000,0.366458
40233.18000,0.366439
40233.19000,0.366421
40233.20000,0.366402
40233.21000,0.366384
40233.22000,0.366366
40233.23000,0.366347
40233.24000,0.366329
40233.25000,0.366311
40233.26000,0.366292
40233.27000,0.366274
40233.28000,0.366256
40233.29000,0.366237
40233.30000,0.366219
40233.31000,0.3662
40233.32000,0.366182
40233.33000,0.36617
40233.34000,0.366167
40233.35000,0.366163
40233.36000,0.366159
40233.37000,0.366156
40233.38000,0.366152
40233.39000,0.366148
40233.40000,0.366145
40233.41000,0.366141
40233.42000,0.366137
40233.43000,0.366134
40233.44000,0.36613
40233.45000,0.366126
40233.46000,0.366123
40233.47000,0.366119
40233.48000,0.366116
40233.49000,0.366112
40233.50000,0.366108
40233.51000,0.366105
40233.52000,0.366101
40233.53000,0.366097
40233.54000,0.366094
40233.55000,0.36609
40233.56000,0.366086
40233.57000,0.366083
40233.58000,0.366079
40233.59000,0.366075
40233.60000,0.366072
40233.61000,0.366068
40233.62000,0.366065
40233.63000,0.366061
40233.64000,0.366057
40233.65000,0.366054
40233.66000,0.36605
40233.67000,0.366046
40233.68000,0.366043
40233.69000,0.366039
40233.70000,0.366035
40233.71000,0.366032
40233.72000,0.366028
40233.73000,0.366024
40233.74000,0.366021
40233.75000,0.366017
40233.76000,0.366013
40233.77000,0.36601
40233.78000,0.366006
40233.79000,0.366003
40233.80000,0.365999
40233.81000,0.365995
40233.82000,0.365992
40233.83000,0.36599
40233.84000,0.36599
40233.85000,0.36599
40233.86000,0.36599
40233.87000,0.36599
40233.88000,0.36599
40233.89000,0.36599
40233.90000,0.36599
40233.91000,0.36599
40233.92000,0.36599
40233.93000,0.36599
40233.94000,0.36599
40233.95000,0.365991
40233.96000,0.365991
40233.97000,0.365991
40233.98000,0.365991
40233.99000,0.365991
40234.00000,0.365991
40234.01000,0.365991
40234.02000,0.365991
40234.03000,0.365991
40234.04000,0.365991
40234.05000,0.365991
40234.06000,0.365991
40234.07000,0.365991
40234.08000,0.365992
40234.09000,0.365992
40234.10000,0.365992
40234.11000,0.365992
40234.12000,0.366059
40234.13000,0.366255
40234.14000,0.366611
40234.15000,0.367024
40234.16000,0.367303
40234.17000,0.367414
40234.18000,0.367374
40234.19000,0.366571
40234.20000,0.366546
40234.21000,0.366521
40234.22000,0.366495
40234.23000,0.36647
40234.24000,0.366445
40234.25000,0.366419
40234.26000,0.366394
40234.27000,0.366369
40234.28000,0.366344
40234.29000,0.366318
40234.30000,0.366258
40234.31000,0.366197
40234.32000,0.366136
40234.33000,0.366076
40234.34000,0.366015
40234.35000,0.365955
40234.36000,0.365894
40234.37000,0.365833
40234.38000,0.365773
40234.39000,0.365712
40234.40000,0.365651
40234.41000,0.365591
40234.42000,0.36553
40234.43000,0.365482
40234.44000,0.36544
40234.45000,0.365398
40234.46000,0.365356
40234.47000,0.365314
40234.48000,0.365271
40234.49000,0.365229
40234.50000,0.365187
40234.51000,0.365145
40234.52000,0.365103
40234.53000,0.365061
40234.54000,0.365019
40234.55000,0.364977
40234.56000,0.364935
40234.57000,0.364893
40234.58000,0.364851
40234.59000,0.364808
40234.60000,0.364766
40234.61000,0.364763
40234.62000,0.364764
40234.63000,0.364764
40234.64000,0.364765
40234.65000,0.364766
40234.66000,0.364767
40234.67000,0.364768
40234.68000,0.364769
40234.69000,0.36477
40234.70000,0.364771
40234.71000,0.364772
40234.72000,0.364773
40234.73000,0.364774
40234.74000,0.364775
40234.75000,0.364776
40234.76000,0.364777
40234.77000,0.364778
40234.78000,0.364779
40234.79000,0.36478
40234.80000,0.36478
40234.81000,0.364781
40234.82000,0.364782
40234.83000,0.364783
40234.84000,0.364782
40234.85000,0.364771
40234.86000,0.36476
40234.87000,0.364749
40234.88000,0.364737
40234.89000,0.364726
40234.90000,0.364715
40234.91000,0.364704
40234.92000,0.364693
40234.93000,0.364682
40234.94000,0.364671
40234.95000,0.36466
40234.96000,0.364648
40234.97000,0.364637
40234.98000,0.364626
40234.99000,0.364615
40235.00000,0.364604
40235.01000,0.364593
40235.02000,0.364582
40235.03000,0.36457
40235.04000,0.364559
40235.05000,0.364548
40235.06000,0.364537
40235.07000,0.364526
40235.08000,0.364515
40235.09000,0.364504
40235.10000,0.364493
40235.11000,0.364481
40235.12000,0.36447
40235.13000,0.364459
40235.14000,0.364448
40235.15000,0.364437
40235.16000,0.364409
40235.17000,0.364369
40235.18000,0.364329
40235.19000,0.364289
40235.20000,0.364249
40235.21000,0.364209
40235.22000,0.364169
40235.23000,0.364129
40235.24000,0.364089
40235.25000,0.364049
40235.26000,0.364009
40235.27000,0.363969
40235.28000,0.363929
40235.29000,0.363889
40235.30000,0.363849
40235.31000,0.363809
40235.32000,0.363769
40235.33000,0.363729
40235.34000,0.363689
40235.35000,0.363649
40235.36000,0.363609
40235.37000,0.363569
40235.38000,0.363529
40235.39000,0.363489
40235.40000,0.363449
40235.41000,0.363409
40235.42000,0.363369
40235.43000,0.363329
40235.44000,0.363289
40235.45000,0.363249
40235.46000,0.363209
40235.47000,0.363169
40235.48000,0.363129
40235.49000,0.363089
40235.50000,0.363049
40235.51000,0.363009
40235.52000,0.362969
40235.53000,0.362929
40235.54000,0.362889
40235.55000,0.362849
40235.56000,0.362809
40235.57000,0.362769
40235.58000,0.362749
40235.59000,0.362754
40235.60000,0.36276
40235.61000,0.362765
40235.62000,0.36277
40235.63000,0.362775
40235.64000,0.36278
40235.65000,0.362785
40235.66000,0.36279
40235.67000,0.362795
40235.68000,0.3628
40235.69000,0.362806
40235.70000,0.362811
40235.71000,0.362816
40235.72000,0.362821
40235.73000,0.362826
40235.74000,0.362831
40235.75000,0.362836
40235.76000,0.362841
40235.77000,0.362847
40235.78000,0.362852
40235.79000,0.362857
40235.80000,0.362862
40235.81000,0.362867
40235.82000,0.362872
40235.83000,0.362877
40235.84000,0.362882
40235.85000,0.362887
40235.86000,0.362893
40235.87000,0.362898
40235.88000,0.362903
40235.89000,0.362908
40235.90000,0.362913
40235.91000,0.362918
40235.92000,0.362923
40235.93000,0.362928
40235.94000,0.362933
40235.95000,0.362939
40235.96000,0.362944
40235.97000,0.362949
40235.98000,0.362954
40235.99000,0.362959
40236.00000,0.362963
40236.01000,0.362965
40236.02000,0.362966
40236.03000,0.362968
40236.04000,0.36297
40236.05000,0.362971
40236.06000,0.362973
40236.07000,0.362974
40236.08000,0.362976
40236.09000,0.362978
40236.10000,0.362979
40236.11000,0.362981
40236.12000,0.363061
40236.13000,0.363274
40236.14000,0.363651
40236.15000,0.364089
40236.16000,0.364389
40236.17000,0.364513
40236.18000,0.364477
40236.19000,0.363613
40236.20000,0.363585
40236.21000,0.363558
40236.22000,0.36353
40236.23000,0.363503
40236.24000,0.363475
40236.25000,0.363448
40236.26000,0.36342
40236.27000,0.363393
40236.28000,0.363365
40236.29000,0.363338
40236.30000,0.363275
40236.31000,0.363213
40236.32000,0.363151
40236.33000,0.363088
40236.34000,0.363026
40236.35000,0.362964
40236.36000,0.362902
40236.37000,0.362839
40236.38000,0.362777
40236.39000,0.362715
40236.40000,0.362652
40236.41000,0.36259
40236.42000,0.362528
40236.43000,0.362479
40236.44000,0.362438
40236.45000,0.362397
40236.46000,0.362355
40236.47000,0.362314
40236.48000,0.362272
40236.49000,0.362231
40236.50000,0.36219
40236.51000,0.362148
40236.52000,0.362107
40236.53000,0.362065
40236.54000,0.362024
40236.55000,0.361983
40236.56000,0.361941
40236.57000,0.3619
40236.58000,0.361859
40236.59000,0.361817
40236.60000,0.361776
40236.61000,0.361773
40236.62000,0.361776
40236.63000,0.361778
40236.64000,0.361781
40236.65000,0.361783
40236.66000,0.361786
40236.67000,0.361788
40236.68000,0.361791
40236.69000,0.361793
40236.70000,0.361796
40236.71000,0.361798
40236.72000,0.361801
40236.73000,0.361803
40236.74000,0.361806
40236.75000,0.361808
40236.76000,0.361811
40236.77000,0.361813
40236.78000,0.361816
40236.79000,0.361818
40236.80000,0.361821
40236.81000,0.361823
40236.82000,0.361826
40236.83000,0.361828
40236.84000,0.361828
40236.85000,0.361818
40236.86000,0.361807
40236.87000,0.361797
40236.88000,0.361786
40236.89000,0.361775
40236.90000,0.361765
40236.91000,0.361754
40236.92000,0.361744
40236.93000,0.361733
40236.94000,0.361723
40236.95000,0.361712
40236.96000,0.361701
40236.97000,0.361691
40236.98000,0.36168
40236.99000,0.36167
40237.00000,0.361659
40237.01000,0.361648
40237.02000,0.361638
40237.03000,0.361627
40237.04000,0.361617
40237.05000,0.361606
40237.06000,0.361596
40237.07000,0.361585
40237.08000,0.361574
40237.09000,0.361564
40237.10000,0.361553
40237.11000,0.361543
40237.12000,0.361532
40237.13000,0.361521
40237.14000,0.361511
40237.15000,0.3615
40237.16000,0.361472
40237.17000,0.361432
40237.18000,0.361391
40237.19000,0.36135
40237.20000,0.361309
40237.21000,0.361269
40237.22000,0.361228
40237.23000,0.361187
40237.24000,0.361147
40237.25000,0.361106
40237.26000,0.361065
40237.27000,0.361025
40237.28000,0.360984
40237.29000,0.360943
40237.30000,0.360903
40237.31000,0.360862
40237.32000,0.360821
40237.33000,0.36078
40237.34000,0.36074
40237.35000,0.360699
40237.36000,0.360658
40237.37000,0.360618
40237.38000,0.360577
40237.39000,0.360536
40237.40000,0.360496
40237.41000,0.360455
40237.42000,0.360414
40237.43000,0.360374
40237.44000,0.360333
40237.45000,0.360292
40237.46000,0.360251
40237.47000,0.360211
40237.48000,0.36017
40237.49000,0.360129
40237.50000,0.360089
40237.51000,0.360048
40237.52000,0.360007
40237.53000,0.359967
40237.54000,0.359926
40237.55000,0.359885
40237.56000,0.359845
40237.57000,0.359804
40237.58000,0.359781
40237.59000,0.359782
40237.60000,0.359783
40237.61000,0.359784
40237.62000,0.359785
40237.63000,0.359785
40237.64000,0.359786
40237.65000,0.359787
40237.66000,0.359788
40237.67000,0.359789
40237.68000,0.359789
40237.69000,0.35979
40237.70000,0.359791
40237.71000,0.359792
40237.72000,0.359793
40237.73000,0.359793
40237.74000,0.359794
40237.75000,0.359795
40237.76000,0.359796
40237.77000,0.359797
40237.78000,0.359797
40237.79000,0.359798
40237.80000,0.359799
40237.81000,0.3598
40237.82000,0.359801
40237.83000,0.359801
40237.84000,0.359802
40237.85000,0.359803
40237.86000,0.359804
40237.87000,0.359805
40237.88000,0.359805
40237.89000,0.359806
40237.90000,0.359807
40237.91000,0.359808
40237.92000,0.359809
40237.93000,0.359809
40237.94000,0.35981
40237.95000,0.359811
40237.96000,0.359812
40237.97000,0.359813
40237.98000,0.359813
40237.99000,0.359814
40238.00000,0.359804
40238.01000,0.359768
40238.02000,0.359732
40238.03000,0.359697
40238.04000,0.359661
40238.05000,0.359625
40238.06000,0.359589
40238.07000,0.359553
40238.08000,0.359517
40238.09000,0.359482
40238.10000,0.359446
40238.11000,0.35941
40238.12000,0.359374
40238.13000,0.359338
40238.14000,0.359302
40238.15000,0.359267
40238.16000,0.359231
40238.17000,0.359195
40238.18000,0.359159
40238.19000,0.359123
40238.20000,0.359087
40238.21000,0.359052
40238.22000,0.359016
40238.23000,0.35898
40238.24000,0.358944
40238.25000,0.358908
40238.26000,0.358873
40238.27000,0.358837
40238.28000,0.358801
40238.29000,0.358765
40238.30000,0.358729
40238.31000,0.358693
40238.32000,0.358658
40238.33000,0.358622
40238.34000,0.358586
40238.35000,0.35855
40238.36000,0.358514
40238.37000,0.358478
40238.38000,0.358443
40238.39000,0.358407
40238.40000,0.358371
40238.41000,0.358335
40238.42000,0.358305
40238.43000,0.358303
40238.44000,0.358302
40238.45000,0.3583
40238.46000,0.358299
40238.47000,0.358298
40238.48000,0.358296
40238.49000,0.358295
40238.50000,0.358293
40238.51000,0.358292
40238.52000,0.35829
40238.53000,0.358289
40238.54000,0.358287
40238.55000,0.358286
40238.56000,0.358284
40238.57000,0.358283
40238.58000,0.358282
40238.59000,0.35828
40238.60000,0.358279
40238.61000,0.358277
40238.62000,0.358276
40238.63000,0.358274
40238.64000,0.358273
40238.65000,0.358271
40238.66000,0.35827
40238.67000,0.358268
40238.68000,0.358267
40238.69000,0.358266
40238.70000,0.358264
40238.71000,0.358263
40238.72000,0.358261
40238.73000,0.35826
40238.74000,0.358258
40238.75000,0.358257
40238.76000,0.358255
40238.77000,0.358254
40238.78000,0.358252
40238.79000,0.358251
40238.80000,0.358249
40238.81000,0.358248
40238.82000,0.358247
40238.83000,0.358245
40238.84000,0.358243
40238.85000,0.358228
40238.86000,0.358213
40238.87000,0.358198
40238.88000,0.358182
40238.89000,0.358167
40238.90000,0.358152
40238.91000,0.358137
40238.92000,0.358122
40238.93000,0.358106
40238.94000,0.358091
40238.95000,0.358076
40238.96000,0.358061
40238.97000,0.358045
40238.98000,0.35803
40238.99000,0.358015
40239.00000,0.358
40239.01000,0.357984
40239.02000,0.357969
40239.03000,0.357954
40239.04000,0.357939
40239.05000,0.357924
40239.06000,0.357908
40239.07000,0.357893
40239.08000,0.357878
40239.09000,0.357863
40239.10000,0.357847
40239.11000,0.357832
40239.12000,0.357817
40239.13000,0.357802
40239.14000,0.357786
40239.15000,0.357771
40239.16000,0.357756
40239.17000,0.357741
40239.18000,0.357726
40239.19000,0.35771
40239.20000,0.357695
40239.21000,0.35768
40239.22000,0.357665
40239.23000,0.357649
40239.24000,0.357634
40239.25000,0.357619
40239.26000,0.357604
40239.27000,0.357588
40239.28000,0.357573
40239.29000,0.357558
40239.30000,0.357543
40239.31000,0.357528
40239.32000,0.357512
40239.33000,0.357497
40239.34000,0.357482
40239.35000,0.357483
40239.36000,0.357484
40239.37000,0.357484
40239.38000,0.357485
40239.39000,0.357486
40239.40000,0.357487
40239.41000,0.357487
40239.42000,0.357488
40239.43000,0.357489
40239.44000,0.357489
40239.45000,0.35749
40239.46000,0.357491
40239.47000,0.357492
40239.48000,0.357492
40239.49000,0.357493
40239.50000,0.357494
40239.51000,0.357494
40239.52000,0.357495
40239.53000,0.357496
40239.54000,0.357497
40239.55000,0.357497
40239.56000,0.357498
40239.57000,0.357499
40239.58000,0.357499
40239.59000,0.3575
40239.60000,0.357501
40239.61000,0.357502
40239.62000,0.357502
40239.63000,0.357503
40239.64000,0.357504
40239.65000,0.357505
40239.66000,0.357505
40239.67000,0.357506
40239.68000,0.357507
40239.69000,0.357507
40239.70000,0.357508
40239.71000,0.357509
40239.72000,0.35751
40239.73000,0.35751
40239.74000,0.357567
40239.75000,0.357731
40239.76000,0.358056
40239.77000,0.358565
40239.78000,0.359116
40239.79000,0.359635
40239.80000,0.360093
40239.81000,0.360483
40239.82000,0.360922
40239.83000,0.361467
40239.84000,0.362117
40239.85000,0.362858
40239.86000,0.364989
40239.87000,0.365068
40239.88000,0.365148
40239.89000,0.365227
40239.90000,0.365306
40239.91000,0.365267
40239.92000,0.364938
40239.93000,0.364394
40239.94000,0.360988
40239.95000,0.360955
40239.96000,0.360923
40239.97000,0.360891
40239.98000,0.360859
40239.99000,0.360826
40240.00000,0.360794
40240.01000,0.360762
40240.02000,0.360729
40240.03000,0.360697
40240.04000,0.360665
40240.05000,0.360633
40240.06000,0.3606
40240.07000,0.360568
40240.08000,0.360536
40240.09000,0.360503
40240.10000,0.360471
40240.11000,0.360439
40240.12000,0.360407
40240.13000,0.360374
40240.14000,0.360342
40240.15000,0.36031
40240.16000,0.360277
40240.17000,0.360245
40240.18000,0.360213
40240.19000,0.360181
40240.20000,0.360148
40240.21000,0.360116
40240.22000,0.360084
40240.23000,0.360051
40240.24000,0.360019
40240.25000,0.359987
40240.26000,0.359954
40240.27000,0.359922
40240.28000,0.35989
40240.29000,0.359858
40240.30000,0.359825
40240.31000,0.359793
40240.32000,0.359761
40240.33000,0.359728
40240.34000,0.359696
40240.35000,0.359664
40240.36000,0.359632
40240.37000,0.359599
40240.38000,0.359567
40240.39000,0.359535
40240.40000,0.359502
40240.41000,0.35947
40240.42000,0.359438
40240.43000,0.359406
40240.44000,0.359373
40240.45000,0.359372
40240.46000,0.359371
40240.47000,0.359369
40240.48000,0.359368
40240.49000,0.359366
40240.50000,0.359365
40240.51000,0.359364
40240.52000,0.359362
40240.53000,0.359361
40240.54000,0.35936
40240.55000,0.359358
40240.56000,0.359357
40240.57000,0.359355
40240.58000,0.359354
40240.59000,0.359353
40240.60000,0.359351
40240.61000,0.35935
40240.62000,0.359349
40240.63000,0.359347
40240.64000,0.359346
40240.65000,0.359344
40240.66000,0.359343
40240.67000,0.359342
40240.68000,0.35934
40240.69000,0.359339
40240.70000,0.359338
40240.71000,0.359336
40240.72000,0.359335
40240.73000,0.359334
40240.74000,0.359332
40240.75000,0.359331
40240.76000,0.359329
40240.77000,0.359328
40240.78000,0.359327
40240.79000,0.359325
40240.80000,0.359324
40240.81000,0.359323
40240.82000,0.359315
40240.83000,0.3593
40240.84000,0.359286
40240.85000,0.359272
40240.86000,0.359257
40240.87000,0.359243
40240.88000,0.359229
40240.89000,0.359215
40240.90000,0.3592
40240.91000,0.359186
40240.92000,0.359172
40240.93000,0.359157
40240.94000,0.359143
40240.95000,0.359129
40240.96000,0.359114
40240.97000,0.3591
40240.98000,0.359086
40240.99000,0.359071
40241.00000,0.359057
40241.01000,0.359043
40241.02000,0.359028
40241.03000,0.359014
40241.04000,0.359
40241.05000,0.358985
40241.06000,0.358971
40241.07000,0.358957
40241.08000,0.358943
40241.09000,0.358928
40241.10000,0.358914
40241.11000,0.3589
40241.12000,0.358885
40241.13000,0.358871
40241.14000,0.358857
40241.15000,0.358842
40241.16000,0.358828
40241.17000,0.358814
40241.18000,0.358799
40241.19000,0.358785
40241.20000,0.358771
40241.21000,0.358756
40241.22000,0.358742
40241.23000,0.358728
40241.24000,0.358714
40241.25000,0.358699
40241.26000,0.358685
40241.27000,0.358671
40241.28000,0.358656
40241.29000,0.358642
40241.30000,0.358628
40241.31000,0.358613
40241.32000,0.358603
40241.33000,0.358596
40241.34000,0.35859
40241.35000,0.358584
40241.36000,0.358577
40241.37000,0.358571
40241.38000,0.358564
40241.39000,0.358558
40241.40000,0.358551
40241.41000,0.358545
40241.42000,0.358538
40241.43000,0.358532
40241.44000,0.358525
40241.45000,0.358519
40241.46000,0.358512
40241.47000,0.358506
40241.48000,0.3585
40241.49000,0.358493
40241.50000,0.358487
40241.51000,0.35848
40241.52000,0.358474
40241.53000,0.358467
40241.54000,0.358461
40241.55000,0.358454
40241.56000,0.358448
40241.57000,0.358441
40241.58000,0.358435
40241.59000,0.358428
40241.60000,0.358422
40241.61000,0.358416
40241.62000,0.358409
40241.63000,0.358403
40241.64000,0.358396
40241.65000,0.35839
40241.66000,0.358383
40241.67000,0.358377
40241.68000,0.35837
40241.69000,0.358364
40241.70000,0.358357
40241.71000,0.358351
40241.72000,0.358344
40241.73000,0.358338
40241.74000,0.358332
40241.75000,0.358325
40241.76000,0.358319
40241.77000,0.358312
40241.78000,0.358306
40241.79000,0.358299
40241.80000,0.358293
40241.81000,0.358286
40241.82000,0.358276
40241.83000,0.358261
40241.84000,0.358247
40241.85000,0.358232
40241.86000,0.358218
40241.87000,0.358204
40241.88000,0.358189
40241.89000,0.358175
40241.90000,0.35816
40241.91000,0.358146
40241.92000,0.358131
40241.93000,0.358117
40241.94000,0.358102
40241.95000,0.358088
40241.96000,0.358073
40241.97000,0.358059
40241.98000,0.358044
40241.99000,0.35803
40242.00000,0.358015
40242.01000,0.358001
40242.02000,0.357986
40242.03000,0.357972
40242.04000,0.357958
40242.05000,0.357943
40242.06000,0.357929
40242.07000,0.357914
40242.08000,0.3579
40242.09000,0.357885
40242.10000,0.357871
40242.11000,0.357856
40242.12000,0.357842
40242.13000,0.357827
40242.14000,0.357813
40242.15000,0.357798
40242.16000,0.357784
40242.17000,0.357769
40242.18000,0.357755
40242.19000,0.35774
40242.20000,0.357726
40242.21000,0.357712
40242.22000,0.357697
40242.23000,0.357683
40242.24000,0.357668
40242.25000,0.357654
40242.26000,0.357639
40242.27000,0.357625
40242.28000,0.35761
40242.29000,0.357596
40242.30000,0.357581
40242.31000,0.357567
40242.32000,0.357556
40242.33000,0.35755
40242.34000,0.357544
40242.35000,0.357538
40242.36000,0.357531
40242.37000,0.357525
40242.38000,0.357519
40242.39000,0.357513
40242.40000,0.357506
40242.41000,0.3575
40242.42000,0.357494
40242.43000,0.357487
40242.44000,0.357481
40242.45000,0.357475
40242.46000,0.357469
40242.47000,0.357462
40242.48000,0.357456
40242.49000,0.35745
40242.50000,0.357443
40242.51000,0.357437
40242.52000,0.357431
40242.53000,0.357425
40242.54000,0.357418
40242.55000,0.357412
40242.56000,0.357406
40242.57000,0.3574
40242.58000,0.357393
40242.59000,0.357387
40242.60000,0.357381
40242.61000,0.357374
40242.62000,0.357368
40242.63000,0.357362
40242.64000,0.357356
40242.65000,0.357349
40242.66000,0.357343
40242.67000,0.357337
40242.68000,0.35733
40242.69000,0.357324
40242.70000,0.357318
40242.71000,0.357312
40242.72000,0.357305
40242.73000,0.357299
40242.74000,0.357293
40242.75000,0.357286
40242.76000,0.35728
40242.77000,0.357274
40242.78000,0.357268
40242.79000,0.357261
40242.80000,0.357255
40242.81000,0.357249
40242.82000,0.357238
40242.83000,0.357223
40242.84000,0.357208
40242.85000,0.357193
40242.86000,0.357178
40242.87000,0.357163
40242.88000,0.357148
40242.89000,0.357133
40242.90000,0.357118
40242.91000,0.357103
40242.92000,0.357088
40242.93000,0.357073
40242.94000,0.357058
40242.95000,0.357043
40242.96000,0.357028
40242.97000,0.357013
40242.98000,0.356998
40242.99000,0.356983
40243.00000,0.356968
40243.01000,0.356953
40243.02000,0.356938
40243.03000,0.356923
40243.04000,0.356908
40243.05000,0.356893
40243.06000,0.356878
40243.07000,0.356863
40243.08000,0.356848
40243.09000,0.356833
40243.10000,0.356818
40243.11000,0.356803
40243.12000,0.356788
40243.13000,0.356773
40243.14000,0.356758
40243.15000,0.356743
40243.16000,0.356728
40243.17000,0.356713
40243.18000,0.356698
40243.19000,0.356683
40243.20000,0.356668
40243.21000,0.356653
40243.22000,0.356638
40243.23000,0.356624
40243.24000,0.356609
40243.25000,0.356594
40243.26000,0.356579
40243.27000,0.356564
40243.28000,0.356549
40243.29000,0.356534
40243.30000,0.356519
40243.31000,0.356504
40243.32000,0.356493
40243.33000,0.356487
40243.34000,0.356481
40243.35000,0.356475
40243.36000,0.356469
40243.37000,0.356463
40243.38000,0.356458
40243.39000,0.356452
40243.40000,0.356446
40243.41000,0.35644
40243.42000,0.356434
40243.43000,0.356428
40243.44000,0.356422
40243.45000,0.356416
40243.46000,0.35641
40243.47000,0.356404
40243.48000,0.356398
40243.49000,0.356392
40243.50000,0.356386
40243.51000,0.356381
40243.52000,0.356375
40243.53000,0.356369
40243.54000,0.356363
40243.55000,0.356357
40243.56000,0.356351
40243.57000,0.356345
40243.58000,0.356339
40243.59000,0.356333
40243.60000,0.356327
40243.61000,0.356321
40243.62000,0.356315
40243.63000,0.356309
40243.64000,0.356304
40243.65000,0.356298
40243.66000,0.356292
40243.67000,0.356286
40243.68000,0.35628
40243.69000,0.356274
40243.70000,0.356268
40243.71000,0.356262
40243.72000,0.356256
40243.73000,0.35625
40243.74000,0.356244
40243.75000,0.356238
40243.76000,0.356232
40243.77000,0.356227
40243.78000,0.356221
40243.79000,0.356215
40243.80000,0.356209
40243.81000,0.356203
40243.82000,0.356192
40243.83000,0.356177
40243.84000,0.356162
40243.85000,0.356147
40243.86000,0.356132
40243.87000,0.356117
40243.88000,0.356102
40243.89000,0.356087
40243.90000,0.356072
40243.91000,0.356057
40243.92000,0.356042
40243.93000,0.356027
40243.94000,0.356012
40243.95000,0.355997
40243.96000,0.355982
40243.97000,0.355967
40243.98000,0.355952
40243.99000,0.355937
40244.00000,0.355922
40244.01000,0.355906
40244.02000,0.355891
40244.03000,0.355876
40244.04000,0.355861
40244.05000,0.355846
40244.06000,0.355831
40244.07000,0.355816
40244.08000,0.355801
40244.09000,0.355786
40244.10000,0.355771
40244.11000,0.355756
40244.12000,0.355741
40244.13000,0.355726
40244.14000,0.355711
40244.15000,0.355696
40244.16000,0.355681
40244.17000,0.355666
40244.18000,0.355651
40244.19000,0.355636
40244.20000,0.355621
40244.21000,0.355606
40244.22000,0.35559
40244.23000,0.355575
40244.24000,0.35556
40244.25000,0.355545
40244.26000,0.35553
40244.27000,0.355515
40244.28000,0.3555
40244.29000,0.355485
40244.30000,0.35547
40244.31000,0.355455
40244.32000,0.355445
40244.33000,0.355439
40244.34000,0.355433
40244.35000,0.355428
40244.36000,0.355422
40244.37000,0.355416
40244.38000,0.355411
40244.39000,0.355405
40244.40000,0.355399
40244.41000,0.355393
40244.42000,0.355388
40244.43000,0.355382
40244.44000,0.355376
40244.45000,0.355371
40244.46000,0.355365
40244.47000,0.355359
40244.48000,0.355354
40244.49000,0.355348
40244.50000,0.355342
40244.51000,0.355337
40244.52000,0.355331
40244.53000,0.355325
40244.54000,0.355319
40244.55000,0.355314
40244.56000,0.355308
40244.57000,0.355302
40244.58000,0.355297
40244.59000,0.355291
40244.60000,0.355285
40244.61000,0.35528
40244.62000,0.355274
40244.63000,0.355268
40244.64000,0.355263
40244.65000,0.355257
40244.66000,0.355251
40244.67000,0.355245
40244.68000,0.35524
40244.69000,0.355234
40244.70000,0.355228
40244.71000,0.355223
40244.72000,0.355217
40244.73000,0.355211
40244.74000,0.355206
40244.75000,0.3552
40244.76000,0.355194
40244.77000,0.355189
40244.78000,0.355183
40244.79000,0.355177
40244.80000,0.355171
40244.81000,0.355166
40244.82000,0.355155
40244.83000,0.35514
40244.84000,0.355125
40244.85000,0.35511
40244.86000,0.355094
40244.87000,0.355079
40244.88000,0.355064
40244.89000,0.355049
40244.90000,0.355034
40244.91000,0.355018
40244.92000,0.355003
40244.93000,0.354988
40244.94000,0.354973
40244.95000,0.354957
40244.96000,0.354942
40244.97000,0.354927
40244.98000,0.354912
40244.99000,0.354897
40245.00000,0.354881
40245.01000,0.354866
40245.02000,0.354851
40245.03000,0.354836
40245.04000,0.35482
40245.05000,0.354805
40245.06000,0.35479
40245.07000,0.354775
40245.08000,0.354759
40245.09000,0.354744
40245.10000,0.354729
40245.11000,0.354714
40245.12000,0.354699
40245.13000,0.354683
40245.14000,0.354668
40245.15000,0.354653
40245.16000,0.354638
40245.17000,0.354622
40245.18000,0.354607
40245.19000,0.354592
40245.20000,0.354577
40245.21000,0.354562
40245.22000,0.354546
40245.23000,0.354531
40245.24000,0.354516
40245.25000,0.354501
40245.26000,0.354485
40245.27000,0.35447
40245.28000,0.354455
40245.29000,0.35444
40245.30000,0.354425
40245.31000,0.354409
40245.32000,0.354399
40245.33000,0.354393
40245.34000,0.354388
40245.35000,0.354382
40245.36000,0.354377
40245.37000,0.354372
40245.38000,0.354366
40245.39000,0.354361
40245.40000,0.354355
40245.41000,0.35435
40245.42000,0.354344
40245.43000,0.354339
40245.44000,0.354333
40245.45000,0.354328
40245.46000,0.354322
40245.47000,0.354317
40245.48000,0.354311
40245.49000,0.354306
40245.50000,0.3543
40245.51000,0.354295
40245.52000,0.354289
40245.53000,0.354284
40245.54000,0.354278
40245.55000,0.354273
40245.56000,0.354267
40245.57000,0.354262
40245.58000,0.354256
40245.59000,0.354251
40245.60000,0.354245
40245.61000,0.35424
40245.62000,0.354234
40245.63000,0.354229
40245.64000,0.354223
40245.65000,0.354218
40245.66000,0.354212
40245.67000,0.354207
40245.68000,0.354201
40245.69000,0.354196
40245.70000,0.35419
40245.71000,0.354185
40245.72000,0.35418
40245.73000,0.354174
40245.74000,0.354169
40245.75000,0.354163
40245.76000,0.354158
40245.77000,0.354152
40245.78000,0.354147
40245.79000,0.354141
40245.80000,0.354136
40245.81000,0.35413
40245.82000,0.35412
40245.83000,0.354105
40245.84000,0.354089
40245.85000,0.354074
40245.86000,0.354059
40245.87000,0.354044
40245.88000,0.354029
40245.89000,0.354013
40245.90000,0.353998
40245.91000,0.353983
40245.92000,0.353968
40245.93000,0.353953
40245.94000,0.353937
40245.95000,0.353922
40245.96000,0.353907
40245.97000,0.353892
40245.98000,0.353877
40245.99000,0.353862
40246.00000,0.353846
40246.01000,0.353831
40246.02000,0.353816
40246.03000,0.353801
40246.04000,0.353786
40246.05000,0.35377
40246.06000,0.353755
40246.07000,0.35374
40246.08000,0.353725
40246.09000,0.35371
40246.10000,0.353694
40246.11000,0.353679
40246.12000,0.353664
40246.13000,0.353649
40246.14000,0.353634
40246.15000,0.353618
40246.16000,0.353603
40246.17000,0.353588
40246.18000,0.353573
40246.19000,0.353558
40246.20000,0.353542
40246.21000,0.353527
40246.22000,0.353512
40246.23000,0.353497
40246.24000,0.353482
40246.25000,0.353467
40246.26000,0.353451
40246.27000,0.353436
40246.28000,0.353421
40246.29000,0.353406
40246.30000,0.353391
40246.31000,0.353375
40246.32000,0.353365
40246.33000,0.35336
40246.34000,0.353355
40246.35000,0.353349
40246.36000,0.353344
40246.37000,0.353339
40246.38000,0.353333
40246.39000,0.353328
40246.40000,0.353323
40246.41000,0.353318
40246.42000,0.353312
40246.43000,0.353307
40246.44000,0.353302
40246.45000,0.353296
40246.46000,0.353291
40246.47000,0.353286
40246.48000,0.353281
40246.49000,0.353275
40246.50000,0.35327
40246.51000,0.353265
40246.52000,0.353259
40246.53000,0.353254
40246.54000,0.353249
40246.55000,0.353244
40246.56000,0.353238
40246.57000,0.353233
40246.58000,0.353228
40246.59000,0.353222
40246.60000,0.353217
40246.61000,0.353212
40246.62000,0.353207
40246.63000,0.353201
40246.64000,0.353196
40246.65000,0.353191
40246.66000,0.353185
40246.67000,0.35318
40246.68000,0.353175
40246.69000,0.35317
40246.70000,0.353164
40246.71000,0.353159
40246.72000,0.353154
40246.73000,0.353148
40246.74000,0.353143
40246.75000,0.353138
40246.76000,0.353133
40246.77000,0.353127
40246.78000,0.353122
40246.79000,0.353117
40246.80000,0.353111
40246.81000,0.353106
40246.82000,0.353096
40246.83000,0.353081
40246.84000,0.353066
40246.85000,0.353051
40246.86000,0.353037
40246.87000,0.353022
40246.88000,0.353007
40246.89000,0.352992
40246.90000,0.352977
40246.91000,0.352962
40246.92000,0.352947
40246.93000,0.352932
40246.94000,0.352918
40246.95000,0.352903
40246.96000,0.352888
40246.97000,0.352873
40246.98000,0.352858
40246.99000,0.352843
40247.00000,0.352828
40247.01000,0.352813
40247.02000,0.352799
40247.03000,0.352784
40247.04000,0.352769
40247.05000,0.352754
40247.06000,0.352739
40247.07000,0.352724
40247.08000,0.352709
40247.09000,0.352694
40247.10000,0.35268
40247.11000,0.352665
40247.12000,0.35265
40247.13000,0.352635
40247.14000,0.35262
40247.15000,0.352605
40247.16000,0.35259
40247.17000,0.352575
40247.18000,0.352561
40247.19000,0.352546
40247.20000,0.352531
40247.21000,0.352516
40247.22000,0.352501
40247.23000,0.352486
40247.24000,0.352471
40247.25000,0.352456
40247.26000,0.352442
40247.27000,0.352427
40247.28000,0.352412
40247.29000,0.352397
40247.30000,0.352382
40247.31000,0.352367
40247.32000,0.352357
40247.33000,0.352352
40247.34000,0.352347
40247.35000,0.352342
40247.36000,0.352336
40247.37000,0.352331
40247.38000,0.352326
40247.39000,0.352321
40247.40000,0.352316
40247.41000,0.35231
40247.42000,0.352305
40247.43000,0.3523
40247.44000,0.352295
40247.45000,0.35229
40247.46000,0.352285
40247.47000,0.352279
40247.48000,0.352274
40247.49000,0.352269
40247.50000,0.352264
40247.51000,0.352259
40247.52000,0.352253
40247.53000,0.352248
40247.54000,0.352243
40247.55000,0.352238
40247.56000,0.352233
40247.57000,0.352227
40247.58000,0.352222
40247.59000,0.352217
40247.60000,0.352212
40247.61000,0.352207
40247.62000,0.352202
40247.63000,0.352196
40247.64000,0.352191
40247.65000,0.352186
40247.66000,0.352181
40247.67000,0.352176
40247.68000,0.35217
40247.69000,0.352165
40247.70000,0.35216
40247.71000,0.352155
40247.72000,0.35215
40247.73000,0.352144
40247.74000,0.352139
40247.75000,0.352134
40247.76000,0.352129
40247.77000,0.352124
40247.78000,0.352118
40247.79000,0.352113
40247.80000,0.352108
40247.81000,0.352103
40247.82000,0.352093
40247.83000,0.352078
40247.84000,0.352063
40247.85000,0.352048
40247.86000,0.352033
40247.87000,0.352018
40247.88000,0.352003
40247.89000,0.351988
40247.90000,0.351974
40247.91000,0.351959
40247.92000,0.351944
40247.93000,0.351929
40247.94000,0.351914
40247.95000,0.351899
40247.96000,0.351884
40247.97000,0.351869
40247.98000,0.351854
40247.99000,0.351839
40248.00000,0.351824
40248.01000,0.351809
40248.02000,0.351794
40248.03000,0.35178
40248.04000,0.351765
40248.05000,0.35175
40248.06000,0.351735
40248.07000,0.35172
40248.08000,0.351705
40248.09000,0.35169
40248.10000,0.351675
40248.11000,0.35166
40248.12000,0.351645
40248.13000,0.35163
40248.14000,0.351615
40248.15000,0.3516
40248.16000,0.351586
40248.17000,0.351571
40248.18000,0.351556
40248.19000,0.351541
40248.20000,0.351526
40248.21000,0.351511
40248.22000,0.351496
40248.23000,0.351481
40248.24000,0.351466
40248.25000,0.351451
40248.26000,0.351436
40248.27000,0.351421
40248.28000,0.351406
40248.29000,0.351392
40248.30000,0.351377
40248.31000,0.351362
40248.32000,0.351354
40248.33000,0.351354
40248.34000,0.351354
40248.35000,0.351353
40248.36000,0.351353
40248.37000,0.351353
40248.38000,0.351352
40248.39000,0.351352
40248.40000,0.351352
40248.41000,0.351352
40248.42000,0.351351
40248.43000,0.351351
40248.44000,0.351351
40248.45000,0.35135
40248.46000,0.35135
40248.47000,0.35135
40248.48000,0.35135
40248.49000,0.351349
40248.50000,0.351349
40248.51000,0.351349
40248.52000,0.351348
40248.53000,0.351348
40248.54000,0.351348
40248.55000,0.351347
40248.56000,0.351347
40248.57000,0.351347
40248.58000,0.351347
40248.59000,0.351346
40248.60000,0.351346
40248.61000,0.351346
40248.62000,0.351345
40248.63000,0.351345
40248.64000,0.351345
40248.65000,0.351345
40248.66000,0.351344
40248.67000,0.351344
40248.68000,0.351344
40248.69000,0.351343
40248.70000,0.351343
40248.71000,0.351343
40248.72000,0.351343
40248.73000,0.351342
40248.74000,0.351342
40248.75000,0.351342
40248.76000,0.351341
40248.77000,0.351341
40248.78000,0.351341
40248.79000,0.351341
40248.80000,0.35134
40248.81000,0.35134
40248.82000,0.35134
40248.83000,0.351341
40248.84000,0.351341
40248.85000,0.351342
40248.86000,0.351342
40248.87000,0.351343
40248.88000,0.351344
40248.89000,0.351344
40248.90000,0.351345
40248.91000,0.351345
40248.92000,0.351346
40248.93000,0.351347
40248.94000,0.351347
40248.95000,0.351348
40248.96000,0.351348
40248.97000,0.351349
40248.98000,0.35135
40248.99000,0.352285
40249.00000,0.355076
40249.01000,0.359466
40249.02000,0.364537
40249.03000,0.369445
40249.04000,0.373791
40249.05000,0.377552
40249.06000,0.380858
40249.07000,0.382931
40249.08000,0.384111
40249.09000,0.384857
40249.10000,0.3852
40249.11000,0.385014
40249.12000,0.384944
40249.13000,0.384997
40249.14000,0.385121
40249.15000,0.384887
40249.16000,0.383819
40249.17000,0.382097
40249.18000,0.379856
40249.19000,0.377418
40249.20000,0.37554
40249.21000,0.37407
40249.22000,0.372841
40249.23000,0.371781
40249.24000,0.371114
40249.25000,0.370769
40249.26000,0.370677
40249.27000,0.370779
40249.28000,0.370804
40249.29000,0.370701
40249.30000,0.370483
40249.31000,0.370181
40249.32000,0.369238
40249.33000,0.36922
40249.34000,0.369202
40249.35000,0.369184
40249.36000,0.369166
40249.37000,0.369148
40249.38000,0.36913
40249.39000,0.369112
40249.40000,0.369095
40249.41000,0.369064
40249.42000,0.369207
40249.43000,0.369463
40249.44000,0.369839
40249.45000,0.37031
40249.46000,0.370843
40249.47000,0.371402
40249.48000,0.37187
40249.49000,0.372009
40249.50000,0.371804
40249.51000,0.371349
40249.52000,0.3706
40249.53000,0.36966
40249.54000,0.369576
40249.55000,0.369492
40249.56000,0.369408
40249.57000,0.369272
40249.58000,0.369284
40249.59000,0.369441
40249.60000,0.369732
40249.61000,0.370597
40249.62000,0.370659
40249.63000,0.370721
40249.64000,0.370782
40249.65000,0.370844
40249.66000,0.371163
40249.67000,0.371553
40249.68000,0.372
40249.69000,0.372416
40249.70000,0.37259
40249.71000,0.372556
40249.72000,0.372374
40249.73000,0.372122
40249.74000,0.372182
40249.75000,0.372538
40249.76000,0.373118
40249.77000,0.373844
40249.78000,0.374018
40249.79000,0.373679
40249.80000,0.372985
40249.81000,0.372068
40249.82000,0.369328
40249.83000,0.369322
40249.84000,0.369316
40249.85000,0.369311
40249.86000,0.369305
40249.87000,0.369299
40249.88000,0.369293
40249.89000,0.369288
40249.90000,0.369282
40249.91000,0.369276
40249.92000,0.369271
40249.93000,0.369265
40249.94000,0.369259
40249.95000,0.369254
40249.96000,0.369248
40249.97000,0.369242
40249.98000,0.369236
40249.99000,0.369512
40250.00000,0.370382
40250.01000,0.371819
40250.02000,0.373595
40250.03000,0.375059
40250.04000,0.376134
40250.05000,0.376913
40250.06000,0.377499
40250.07000,0.377578
40250.08000,0.377191
40250.09000,0.376506
40250.10000,0.375631
40250.11000,0.375162
40250.12000,0.375428
40250.13000,0.376231
40250.14000,0.37734
40250.15000,0.378192
40250.16000,0.378305
40250.17000,0.377926
40250.18000,0.377257
40250.19000,0.376569
40250.20000,0.376382
40250.21000,0.376576
40250.22000,0.377008
40250.23000,0.377513
40250.24000,0.377444
40250.25000,0.37696
40250.26000,0.376214
40250.27000,0.375298
40250.28000,0.374615
40250.29000,0.374163
40250.30000,0.373871
40250.31000,0.373682
40250.32000,0.373967
40250.33000,0.374773
40250.34000,0.375927
40250.35000,0.37724
40250.36000,0.37789
40250.37000,0.377582
40250.38000,0.376645
40250.39000,0.375306
40250.40000,0.373913
40250.41000,0.372783
40250.42000,0.371864
40250.43000,0.371092
40250.44000,0.369588
40250.45000,0.369529
40250.46000,0.36947
40250.47000,0.369411
40250.48000,0.369353
40250.49000,0.369952
40250.50000,0.371664
40250.51000,0.374196
40250.52000,0.376972
40250.53000,0.378258
40250.54000,0.3784
40250.55000,0.377874
40250.56000,0.376962
40250.57000,0.376004
40250.58000,0.375099
40250.59000,0.374227
40250.60000,0.373365
40250.61000,0.372795
40250.62000,0.372685
40250.63000,0.37295
40250.64000,0.373482
40250.65000,0.374183
40250.66000,0.374971
40250.67000,0.375787
40250.68000,0.376595
40250.69000,0.37724
40250.70000,0.377367
40250.71000,0.377144
40250.72000,0.376708
40250.73000,0.376155
40250.74000,0.37565
40250.75000,0.375189
40250.76000,0.374746
40250.77000,0.374311
40250.78000,0.373758
40250.79000,0.373095
40250.80000,0.372351
40250.81000,0.371556
40250.82000,0.369206
40250.83000,0.369304
40250.84000,0.369402
40250.85000,0.3695
40250.86000,0.369598
40250.87000,0.369696
40250.88000,0.369794
40250.89000,0.369892
40250.90000,0.369991
40250.91000,0.370089
40250.92000,0.370187
40250.93000,0.370285
40250.94000,0.370383
40250.95000,0.370481
40250.96000,0.370579
40250.97000,0.370677
40250.98000,0.370775
40250.99000,0.370873
40251.00000,0.370971
40251.01000,0.371069
40251.02000,0.371167
40251.03000,0.371265
40251.04000,0.376404
40251.05000,0.382084
40251.06000,0.386402
40251.07000,0.38784
40251.08000,0.387525
40251.09000,0.386196
40251.10000,0.384058
40251.11000,0.381723
40251.12000,0.379688
40251.13000,0.377846
40251.14000,0.376053
40251.15000,0.374486
40251.16000,0.373413
40251.17000,0.372705
40251.18000,0.372243
40251.19000,0.371911
40251.20000,0.371566
40251.21000,0.37119
40251.22000,0.370786
40251.23000,0.369299
40251.24000,0.369244
40251.25000,0.369189
40251.26000,0.369134
40251.27000,0.369079
40251.28000,0.369024
40251.29000,0.368969
40251.30000,0.368914
40251.31000,0.368859
40251.32000,0.368803
40251.33000,0.368748
40251.34000,0.368703
40251.35000,0.368658
40251.36000,0.368612
40251.37000,0.368567
40251.38000,0.368521
40251.39000,0.368476
40251.40000,0.36843
40251.41000,0.368385
40251.42000,0.368339
40251.43000,0.368294
40251.44000,0.368249
40251.45000,0.368203
40251.46000,0.368158
40251.47000,0.368108
40251.48000,0.368057
40251.49000,0.368005
40251.50000,0.367954
40251.51000,0.367902
40251.52000,0.367851
40251.53000,0.3678
40251.54000,0.367748
40251.55000,0.367697
40251.56000,0.367645
40251.57000,0.367625
40251.58000,0.367619
40251.59000,0.367614
40251.60000,0.367608
40251.61000,0.367603
40251.62000,0.367597
40251.63000,0.367592
40251.64000,0.367586
40251.65000,0.367581
40251.66000,0.367575
40251.67000,0.36757
40251.68000,0.367564
40251.69000,0.367559
40251.70000,0.367557
40251.71000,0.367562
40251.72000,0.367568
40251.73000,0.367573
40251.74000,0.367579
40251.75000,0.367584
40251.76000,0.36759
40251.77000,0.367595
40251.78000,0.367601
40251.79000,0.367606
40251.80000,0.367612
40251.81000,0.367618
40251.82000,0.367623
40251.83000,0.367629
40251.84000,0.367634
40251.85000,0.36764
40251.86000,0.367645
40251.87000,0.367896
40251.88000,0.368439
40251.89000,0.369302
40251.90000,0.370246
40251.91000,0.37093
40251.92000,0.371337
40251.93000,0.371519
40251.94000,0.371531
40251.95000,0.371396
40251.96000,0.371191
40251.97000,0.370725
40251.98000,0.370262
40251.99000,0.369898
40252.00000,0.369677
40252.01000,0.369484
40252.02000,0.369382
40252.03000,0.36928
40252.04000,0.369227
40252.05000,0.369188
40252.06000,0.369149
40252.07000,0.369126
40252.08000,0.369114
40252.09000,0.369102
40252.10000,0.369097
40252.11000,0.369102
40252.12000,0.369189
40252.13000,0.369386
40252.14000,0.369707
40252.15000,0.370043
40252.16000,0.370224
40252.17000,0.370237
40252.18000,0.37011
40252.19000,0.369492
40252.20000,0.369464
40252.21000,0.369436
40252.22000,0.369408
40252.23000,0.36938
40252.24000,0.369369
40252.25000,0.369475
40252.26000,0.369706
40252.27000,0.370055
40252.28000,0.370495
40252.29000,0.370999
40252.30000,0.371536
40252.31000,0.372083
40252.32000,0.372321
40252.33000,0.372188
40252.34000,0.371775
40252.35000,0.371179
40252.36000,0.369743
40252.37000,0.369677
40252.38000,0.369611
40252.39000,0.369545
40252.40000,0.369479
40252.41000,0.369383
40252.42000,0.369445
40252.43000,0.369652
40252.44000,0.369927
40252.45000,0.370058
40252.46000,0.370028
40252.47000,0.369865
40252.48000,0.366817
40252.49000,0.366818
40252.50000,0.366818
40252.51000,0.366818
40252.52000,0.366818
40252.53000,0.366819
40252.54000,0.366819
40252.55000,0.366819
40252.56000,0.366819
40252.57000,0.36682
40252.58000,0.36682
40252.59000,0.36682
40252.60000,0.36682
40252.61000,0.366821
40252.62000,0.366821
40252.63000,0.366821
40252.64000,0.366821
40252.65000,0.366822
40252.66000,0.366822
40252.67000,0.366822
40252.68000,0.366822
40252.69000,0.366823
40252.70000,0.366823
40252.71000,0.366823
40252.72000,0.366823
40252.73000,0.366824
40252.74000,0.366824
40252.75000,0.366824
40252.76000,0.366824
40252.77000,0.366825
40252.78000,0.366825
40252.79000,0.366825
40252.80000,0.366825
40252.81000,0.366826
40252.82000,0.366826
40252.83000,0.366826
40252.84000,0.366826
40252.85000,0.366827
40252.86000,0.366827
40252.87000,0.366827
40252.88000,0.366827
40252.89000,0.366828
40252.90000,0.366828
40252.91000,0.366828
40252.92000,0.366828
40252.93000,0.366829
40252.94000,0.366829
40252.95000,0.366829
40252.96000,0.366829
40252.97000,0.36683
40252.98000,0.36683
40252.99000,0.366795
40253.00000,0.366759
40253.01000,0.366724
40253.02000,0.366689
40253.03000,0.366653
40253.04000,0.366618
40253.05000,0.366583
40253.06000,0.366547
40253.07000,0.366512
40253.08000,0.366477
40253.09000,0.366442
40253.10000,0.366406
40253.11000,0.366371
40253.12000,0.366336
40253.13000,0.3663
40253.14000,0.366265
40253.15000,0.36623
40253.16000,0.366194
40253.17000,0.366159
40253.18000,0.366124
40253.19000,0.366088
40253.20000,0.366053
40253.21000,0.366018
40253.22000,0.365983
40253.23000,0.365947
40253.24000,0.365912
40253.25000,0.365877
40253.26000,0.365841
40253.27000,0.365806
40253.28000,0.365771
40253.29000,0.365735
40253.30000,0.3657
40253.31000,0.365665
40253.32000,0.36563
40253.33000,0.365594
40253.34000,0.365559
40253.35000,0.365524
40253.36000,0.365504
40253.37000,0.365499
40253.38000,0.365494
40253.39000,0.365489
40253.40000,0.365484
40253.41000,0.365479
40253.42000,0.365474
40253.43000,0.365469
40253.44000,0.365465
40253.45000,0.36546
40253.46000,0.365455
40253.47000,0.36545
40253.48000,0.365445
40253.49000,0.36544
40253.50000,0.365435
40253.51000,0.36543
40253.52000,0.365426
40253.53000,0.365421
40253.54000,0.365416
40253.55000,0.365411
40253.56000,0.365406
40253.57000,0.365401
40253.58000,0.365396
40253.59000,0.365391
40253.60000,0.365387
40253.61000,0.365382
40253.62000,0.365377
40253.63000,0.365372
40253.64000,0.365367
40253.65000,0.365362
40253.66000,0.365357
40253.67000,0.365352
40253.68000,0.365348
40253.69000,0.365343
40253.70000,0.365338
40253.71000,0.365333
40253.72000,0.365328
40253.73000,0.365323
40253.74000,0.365318
40253.75000,0.365313
40253.76000,0.365309
40253.77000,0.365304
40253.78000,0.365299
40253.79000,0.365294
40253.80000,0.365289
40253.81000,0.365284
40253.82000,0.365279
40253.83000,0.365274
40253.84000,0.36527
40253.85000,0.365265
40253.86000,0.365249
40253.87000,0.365221
40253.88000,0.365193
40253.89000,0.365166
40253.90000,0.365138
40253.91000,0.365111
40253.92000,0.365083
40253.93000,0.365055
40253.94000,0.365028
40253.95000,0.365
40253.96000,0.364973
40253.97000,0.364945
40253.98000,0.364918
40253.99000,0.36489
40254.00000,0.364862
40254.01000,0.364835
40254.02000,0.364807
40254.03000,0.36478
40254.04000,0.364752
40254.05000,0.364724
40254.06000,0.364697
40254.07000,0.364669
40254.08000,0.364642
40254.09000,0.364614
40254.10000,0.364587
40254.11000,0.364559
40254.12000,0.364531
40254.13000,0.364504
40254.14000,0.364476
40254.15000,0.364449
40254.16000,0.364421
40254.17000,0.364393
40254.18000,0.364366
40254.19000,0.364338
40254.20000,0.364311
40254.21000,0.364283
40254.22000,0.364256
40254.23000,0.364228
40254.24000,0.3642
40254.25000,0.364173
40254.26000,0.364145
40254.27000,0.364118
40254.28000,0.36409
40254.29000,0.364062
40254.30000,0.364035
40254.31000,0.364007
40254.32000,0.36398
40254.33000,0.363952
40254.34000,0.363925
40254.35000,0.363897
40254.36000,0.363881
40254.37000,0.363877
40254.38000,0.363872
40254.39000,0.363868
40254.40000,0.363864
40254.41000,0.363859
40254.42000,0.363855
40254.43000,0.363851
40254.44000,0.363846
40254.45000,0.363842
40254.46000,0.363838
40254.47000,0.363833
40254.48000,0.363829
40254.49000,0.363825
40254.50000,0.363821
40254.51000,0.363816
40254.52000,0.363812
40254.53000,0.363808
40254.54000,0.363803
40254.55000,0.363799
40254.56000,0.363795
40254.57000,0.36379
40254.58000,0.363786
40254.59000,0.363782
40254.60000,0.363777
40254.61000,0.363773
40254.62000,0.363769
40254.63000,0.363764
40254.64000,0.36376
40254.65000,0.363756
40254.66000,0.363751
40254.67000,0.363747
40254.68000,0.363743
40254.69000,0.363739
40254.70000,0.363734
40254.71000,0.36373
40254.72000,0.363726
40254.73000,0.363721
40254.74000,0.363717
40254.75000,0.363713
40254.76000,0.363708
40254.77000,0.363704
40254.78000,0.3637
40254.79000,0.363695
40254.80000,0.363691
40254.81000,0.363687
40254.82000,0.363682
40254.83000,0.363678
40254.84000,0.363674
40254.85000,0.363669
40254.86000,0.363654
40254.87000,0.363626
40254.88000,0.363598
40254.89000,0.363571
40254.90000,0.363543
40254.91000,0.363516
40254.92000,0.363488
40254.93000,0.363461
40254.94000,0.363433
40254.95000,0.363406
40254.96000,0.363378
40254.97000,0.363351
40254.98000,0.363323
40254.99000,0.363295
40255.00000,0.363268
40255.01000,0.36324
40255.02000,0.363213
40255.03000,0.363185
40255.04000,0.363158
40255.05000,0.36313
40255.06000,0.363103
40255.07000,0.363075
40255.08000,0.363048
40255.09000,0.36302
40255.10000,0.362993
40255.11000,0.362965
40255.12000,0.362937
40255.13000,0.36291
40255.14000,0.362882
40255.15000,0.362855
40255.16000,0.362827
40255.17000,0.3628
40255.18000,0.362772
40255.19000,0.362745
40255.20000,0.362717
40255.21000,0.36269
40255.22000,0.362662
40255.23000,0.362635
40255.24000,0.362607
40255.25000,0.362579
40255.26000,0.362552
40255.27000,0.362524
40255.28000,0.362497
40255.29000,0.362469
40255.30000,0.362442
40255.31000,0.362414
40255.32000,0.362387
40255.33000,0.362359
40255.34000,0.362332
40255.35000,0.362304
40255.36000,0.362288
40255.37000,0.362284
40255.38000,0.36228
40255.39000,0.362276
40255.40000,0.362273
40255.41000,0.362269
40255.42000,0.362265
40255.43000,0.362261
40255.44000,0.362257
40255.45000,0.362253
40255.46000,0.362249
40255.47000,0.362245
40255.48000,0.362241
40255.49000,0.362237
40255.50000,0.362233
40255.51000,0.362229
40255.52000,0.362225
40255.53000,0.362221
40255.54000,0.362217
40255.55000,0.362213
40255.56000,0.362209
40255.57000,0.362205
40255.58000,0.362202
40255.59000,0.362198
40255.60000,0.362194
40255.61000,0.36219
40255.62000,0.362186
40255.63000,0.362182
40255.64000,0.362178
40255.65000,0.362174
40255.66000,0.36217
40255.67000,0.362166
40255.68000,0.362162
40255.69000,0.362158
40255.70000,0.362154
40255.71000,0.36215
40255.72000,0.362146
40255.73000,0.362142
40255.74000,0.362138
40255.75000,0.362134
40255.76000,0.362131
40255.77000,0.362127
40255.78000,0.362123
40255.79000,0.362119
40255.80000,0.362115
40255.81000,0.362111
40255.82000,0.362107
40255.83000,0.362103
40255.84000,0.362099
40255.85000,0.362095
40255.86000,0.362079
40255.87000,0.362052
40255.88000,0.362024
40255.89000,0.361996
40255.90000,0.361969
40255.91000,0.361941
40255.92000,0.361913
40255.93000,0.361886
40255.94000,0.361858
40255.95000,0.36183
40255.96000,0.361803
40255.97000,0.361775
40255.98000,0.361747
40255.99000,0.36172
40256.00000,0.361692
40256.01000,0.361664
40256.02000,0.361637
40256.03000,0.361609
40256.04000,0.361581
40256.05000,0.361554
40256.06000,0.361526
40256.07000,0.361498
40256.08000,0.361471
40256.09000,0.361443
40256.10000,0.361416
40256.11000,0.361388
40256.12000,0.36136
40256.13000,0.361333
40256.14000,0.361305
40256.15000,0.361277
40256.16000,0.36125
40256.17000,0.361222
40256.18000,0.361194
40256.19000,0.361167
40256.20000,0.361139
40256.21000,0.361111
40256.22000,0.361084
40256.23000,0.361056
40256.24000,0.361028
40256.25000,0.361001
40256.26000,0.360973
40256.27000,0.360945
40256.28000,0.360918
40256.29000,0.36089
40256.30000,0.360862
40256.31000,0.360835
40256.32000,0.360807
40256.33000,0.360779
40256.34000,0.360752
40256.35000,0.360724
40256.36000,0.360709
40256.37000,0.360705
40256.38000,0.360701
40256.39000,0.360698
40256.40000,0.360694
40256.41000,0.360691
40256.42000,0.360687
40256.43000,0.360684
40256.44000,0.36068
40256.45000,0.360676
40256.46000,0.360673
40256.47000,0.360669
40256.48000,0.360666
40256.49000,0.360662
40256.50000,0.360659
40256.51000,0.360655
40256.52000,0.360652
40256.53000,0.360648
40256.54000,0.360644
40256.55000,0.360641
40256.56000,0.360637
40256.57000,0.360634
40256.58000,0.36063
40256.59000,0.360627
40256.60000,0.360623
40256.61000,0.360619
40256.62000,0.360616
40256.63000,0.360612
40256.64000,0.360609
40256.65000,0.360605
40256.66000,0.360602
40256.67000,0.360598
40256.68000,0.360595
40256.69000,0.360591
40256.70000,0.360587
40256.71000,0.360584
40256.72000,0.36058
40256.73000,0.360577
40256.74000,0.360573
40256.75000,0.36057
40256.76000,0.360566
40256.77000,0.360563
40256.78000,0.360559
40256.79000,0.360555
40256.80000,0.360552
40256.81000,0.360548
40256.82000,0.360545
40256.83000,0.360541
40256.84000,0.360538
40256.85000,0.360534
40256.86000,0.360518
40256.87000,0.360491
40256.88000,0.360463
40256.89000,0.360435
40256.90000,0.360407
40256.91000,0.360379
40256.92000,0.360352
40256.93000,0.360324
40256.94000,0.360296
40256.95000,0.360268
40256.96000,0.36024
40256.97000,0.360213
40256.98000,0.360185
40256.99000,0.360157
40257.00000,0.360129
40257.01000,0.360102
40257.02000,0.360074
40257.03000,0.360046
40257.04000,0.360018
40257.05000,0.35999
40257.06000,0.359963
40257.07000,0.359935
40257.08000,0.359907
40257.09000,0.359879
40257.10000,0.359851
40257.11000,0.359824
40257.12000,0.359796
40257.13000,0.359768
40257.14000,0.35974
40257.15000,0.359713
40257.16000,0.359685
40257.17000,0.359657
40257.18000,0.359629
40257.19000,0.359601
40257.20000,0.359574
40257.21000,0.359546
40257.22000,0.359518
40257.23000,0.35949
40257.24000,0.359462
40257.25000,0.359435
40257.26000,0.359407
40257.27000,0.359379
40257.28000,0.359351
40257.29000,0.359324
40257.30000,0.359296
40257.31000,0.359268
40257.32000,0.35924
40257.33000,0.359212
40257.34000,0.359185
40257.35000,0.359157
40257.36000,0.359141
40257.37000,0.359138
40257.38000,0.359135
40257.39000,0.359132
40257.40000,0.359129
40257.41000,0.359126
40257.42000,0.359122
40257.43000,0.359119
40257.44000,0.359116
40257.45000,0.359113
40257.46000,0.35911
40257.47000,0.359107
40257.48000,0.359104
40257.49000,0.3591
40257.50000,0.359097
40257.51000,0.359094
40257.52000,0.359091
40257.53000,0.359088
40257.54000,0.359085
40257.55000,0.359081
40257.56000,0.359078
40257.57000,0.359075
40257.58000,0.359072
40257.59000,0.359069
40257.60000,0.359066
40257.61000,0.359062
40257.62000,0.359059
40257.63000,0.359056
40257.64000,0.359053
40257.65000,0.35905
40257.66000,0.359047
40257.67000,0.359044
40257.68000,0.35904
40257.69000,0.359037
40257.70000,0.359034
40257.71000,0.359031
40257.72000,0.359028
40257.73000,0.359025
40257.74000,0.359021
40257.75000,0.359018
40257.76000,0.359015
40257.77000,0.359012
40257.78000,0.359009
40257.79000,0.359006
40257.80000,0.359003
40257.81000,0.358999
40257.82000,0.358996
40257.83000,0.358993
40257.84000,0.35899
40257.85000,0.358987
40257.86000,0.358972
40257.87000,0.358944
40257.88000,0.358917
40257.89000,0.358889
40257.90000,0.358862
40257.91000,0.358835
40257.92000,0.358807
40257.93000,0.35878
40257.94000,0.358753
40257.95000,0.358725
40257.96000,0.358698
40257.97000,0.358671
40257.98000,0.358643
40257.99000,0.358616
40258.00000,0.358588
40258.01000,0.358561
40258.02000,0.358534
40258.03000,0.358506
40258.04000,0.358479
40258.05000,0.358452
40258.06000,0.358424
40258.07000,0.358397
40258.08000,0.35837
40258.09000,0.358342
40258.10000,0.358315
40258.11000,0.358288
40258.12000,0.35826
40258.13000,0.358233
40258.14000,0.358205
40258.15000,0.358178
40258.16000,0.358151
40258.17000,0.358123
40258.18000,0.358096
40258.19000,0.358069
40258.20000,0.358041
40258.21000,0.358014
40258.22000,0.357987
40258.23000,0.357959
40258.24000,0.357932
40258.25000,0.357905
40258.26000,0.357877
40258.27000,0.35785
40258.28000,0.357822
40258.29000,0.357795
40258.30000,0.357768
40258.31000,0.35774
40258.32000,0.357713
40258.33000,0.357686
40258.34000,0.357658
40258.35000,0.357631
40258.36000,0.357616
40258.37000,0.357613
40258.38000,0.35761
40258.39000,0.357607
40258.40000,0.357604
40258.41000,0.357601
40258.42000,0.357598
40258.43000,0.357596
40258.44000,0.357593
40258.45000,0.35759
40258.46000,0.357587
40258.47000,0.357584
40258.48000,0.357581
40258.49000,0.357578
40258.50000,0.357575
40258.51000,0.357572
40258.52000,0.35757
40258.53000,0.357567
40258.54000,0.357564
40258.55000,0.357561
40258.56000,0.357558
40258.57000,0.357555
40258.58000,0.357552
40258.59000,0.357549
40258.60000,0.357546
40258.61000,0.357544
40258.62000,0.357541
40258.63000,0.357538
40258.64000,0.357535
40258.65000,0.357532
40258.66000,0.357529
40258.67000,0.357526
40258.68000,0.357523
40258.69000,0.35752
40258.70000,0.357518
40258.71000,0.357515
40258.72000,0.357512
40258.73000,0.357509
40258.74000,0.357506
40258.75000,0.357503
40258.76000,0.3575
40258.77000,0.357497
40258.78000,0.357494
40258.79000,0.357492
40258.80000,0.357489
40258.81000,0.357486
40258.82000,0.357483
40258.83000,0.35748
40258.84000,0.357477
40258.85000,0.357474
40258.86000,0.357472
40258.87000,0.357469
40258.88000,0.357467
40258.89000,0.357465
40258.90000,0.357463
40258.91000,0.357461
40258.92000,0.357459
40258.93000,0.357457
40258.94000,0.357454
40258.95000,0.357452
40258.96000,0.35745
40258.97000,0.357448
40258.98000,0.357446
40258.99000,0.357444
40259.00000,0.357442
40259.01000,0.357439
40259.02000,0.357437
40259.03000,0.357435
40259.04000,0.357433
40259.05000,0.357431
40259.06000,0.357429
40259.07000,0.357426
40259.08000,0.357424
40259.09000,0.357422
40259.10000,0.35742
40259.11000,0.357418
40259.12000,0.357416
40259.13000,0.357414
40259.14000,0.357411
40259.15000,0.357409
40259.16000,0.357407
40259.17000,0.357405
40259.18000,0.357403
40259.19000,0.357401
40259.20000,0.357398
40259.21000,0.357396
40259.22000,0.357394
40259.23000,0.357392
40259.24000,0.35739
40259.25000,0.357388
40259.26000,0.357386
40259.27000,0.357383
40259.28000,0.357381
40259.29000,0.357379
40259.30000,0.357377
40259.31000,0.357375
40259.32000,0.357373
40259.33000,0.357371
40259.34000,0.357368
40259.35000,0.357366
40259.36000,0.357381
40259.37000,0.357569
40259.38000,0.358116
40259.39000,0.359301
40259.40000,0.361976
40259.41000,0.366809
40259.42000,0.372976
40259.43000,0.378748
40259.44000,0.382653
40259.45000,0.384241
40259.46000,0.384062
40259.47000,0.382709
40259.48000,0.379958
40259.49000,0.377378
40259.50000,0.37547
40259.51000,0.373839
40259.52000,0.371927
40259.53000,0.370752
40259.54000,0.369861
40259.55000,0.369866
40259.56000,0.369871
40259.57000,0.369876
40259.58000,0.370655
40259.59000,0.372164
40259.60000,0.374135
40259.61000,0.377292
40259.62000,0.381399
40259.63000,0.385134
40259.64000,0.388012
40259.65000,0.389362
40259.66000,0.388865
40259.67000,0.387076
40259.68000,0.38397
40259.69000,0.379956
40259.70000,0.376955
40259.71000,0.374852
40259.72000,0.373276
40259.73000,0.369562
40259.74000,0.36953
40259.75000,0.369497
40259.76000,0.369464
40259.77000,0.369431
40259.78000,0.369399
40259.79000,0.369366
40259.80000,0.369333
40259.81000,0.369301
40259.82000,0.369268
40259.83000,0.369235
40259.84000,0.369178
40259.85000,0.369122
40259.86000,0.369076
40259.87000,0.369051
40259.88000,0.369027
40259.89000,0.369002
40259.90000,0.368984
40259.91000,0.368968
40259.92000,0.368952
40259.93000,0.368936
40259.94000,0.36892
40259.95000,0.368906
40259.96000,0.368893
40259.97000,0.368879
40259.98000,0.368865
40259.99000,0.368852
40260.00000,0.368838
40260.01000,0.368825
40260.02000,0.368812
40260.03000,0.368799
40260.04000,0.368786
40260.05000,0.368773
40260.06000,0.36876
40260.07000,0.368747
40260.08000,0.368735
40260.09000,0.368722
40260.10000,0.368709
40260.11000,0.368697
40260.12000,0.368684
40260.13000,0.368671
40260.14000,0.368659
40260.15000,0.368646
40260.16000,0.368634
40260.17000,0.368621
40260.18000,0.368608
40260.19000,0.368596
40260.20000,0.368582
40260.21000,0.368546
40260.22000,0.36851
40260.23000,0.368474
40260.24000,0.368438
40260.25000,0.368402
40260.26000,0.368366
40260.27000,0.36833
40260.28000,0.368294
40260.29000,0.368258
40260.30000,0.368222
40260.31000,0.368187
40260.32000,0.368151
40260.33000,0.368115
40260.34000,0.368079
40260.35000,0.368041
40260.36000,0.367987
40260.37000,0.367933
40260.38000,0.367879
40260.39000,0.367825
40260.40000,0.367771
40260.41000,0.367717
40260.42000,0.367663
40260.43000,0.367609
40260.44000,0.367554
40260.45000,0.3675
40260.46000,0.367446
40260.47000,0.367392
40260.48000,0.367338
40260.49000,0.367284
40260.50000,0.367234
40260.51000,0.367228
40260.52000,0.367221
40260.53000,0.367215
40260.54000,0.367209
40260.55000,0.367202
40260.56000,0.367196
40260.57000,0.36719
40260.58000,0.367184
40260.59000,0.367177
40260.60000,0.367171
40260.61000,0.367165
40260.62000,0.367158
40260.63000,0.367152
40260.64000,0.367146
40260.65000,0.367141
40260.66000,0.367151
40260.67000,0.367161
40260.68000,0.36717
40260.69000,0.36718
40260.70000,0.36719
40260.71000,0.3672
40260.72000,0.36721
40260.73000,0.367219
40260.74000,0.367305
40260.75000,0.367474
40260.76000,0.367769
40260.77000,0.368211
40260.78000,0.368563
40260.79000,0.368753
40260.80000,0.368782
40260.81000,0.368678
40260.82000,0.368051
40260.83000,0.368027
40260.84000,0.368003
40260.85000,0.36798
40260.86000,0.367956
40260.87000,0.367932
40260.88000,0.367909
40260.89000,0.367885
40260.90000,0.367861
40260.91000,0.367838
40260.92000,0.367814
40260.93000,0.3678
40260.94000,0.367787
40260.95000,0.367773
40260.96000,0.36776
40260.97000,0.367746
40260.98000,0.367733
40260.99000,0.367719
40261.00000,0.367705
40261.01000,0.367692
40261.02000,0.367678
40261.03000,0.367665
40261.04000,0.367651
40261.05000,0.367638
40261.06000,0.367625
40261.07000,0.367613
40261.08000,0.367601
40261.09000,0.367589
40261.10000,0.367577
40261.11000,0.367565
40261.12000,0.367552
40261.13000,0.36754
40261.14000,0.367528
40261.15000,0.367516
40261.16000,0.367504
40261.17000,0.367492
40261.18000,0.36748
40261.19000,0.367468
40261.20000,0.367456
40261.21000,0.367444
40261.22000,0.367432
40261.23000,0.367419
40261.24000,0.367368
40261.25000,0.367312
40261.26000,0.367256
40261.27000,0.3672
40261.28000,0.367144
40261.29000,0.367088
40261.30000,0.367031
40261.31000,0.366975
40261.32000,0.366919
40261.33000,0.366863
40261.34000,0.366807
40261.35000,0.366751
40261.36000,0.366694
40261.37000,0.366638
40261.38000,0.366582
40261.39000,0.366526
40261.40000,0.36647
40261.41000,0.366414
40261.42000,0.366358
40261.43000,0.366301
40261.44000,0.366245
40261.45000,0.366189
40261.46000,0.366133
40261.47000,0.366086
40261.48000,0.366079
40261.49000,0.366072
40261.50000,0.366066
40261.51000,0.366059
40261.52000,0.366052
40261.53000,0.366045
40261.54000,0.366039
40261.55000,0.366032
40261.56000,0.366025
40261.57000,0.366018
40261.58000,0.366012
40261.59000,0.366005
40261.60000,0.365998
40261.61000,0.365991
40261.62000,0.365985
40261.63000,0.365978
40261.64000,0.365971
40261.65000,0.365964
40261.66000,0.365958
40261.67000,0.365951
40261.68000,0.365944
40261.69000,0.365937
40261.70000,0.365931
40261.71000,0.365924
40261.72000,0.365918
40261.73000,0.365912
40261.74000,0.365907
40261.75000,0.365901
40261.76000,0.365895
40261.77000,0.365889
40261.78000,0.365883
40261.79000,0.365877
40261.80000,0.365871
40261.81000,0.365865
40261.82000,0.365859
40261.83000,0.365854
40261.84000,0.365848
40261.85000,0.365842
40261.86000,0.365836
40261.87000,0.36583
40261.88000,0.365824
40261.89000,0.365818
40261.90000,0.365812
40261.91000,0.365806
40261.92000,0.365801
40261.93000,0.365795
40261.94000,0.365789
40261.95000,0.365778
40261.96000,0.365765
40261.97000,0.365753
40261.98000,0.36574
40261.99000,0.365728
40262.00000,0.365715
40262.01000,0.365703
40262.02000,0.365691
40262.03000,0.365678
40262.04000,0.365666
40262.05000,0.365653
40262.06000,0.365641
40262.07000,0.365628
40262.08000,0.365616
40262.09000,0.365603
40262.10000,0.365591
40262.11000,0.365579
40262.12000,0.365566
40262.13000,0.365554
40262.14000,0.365541
40262.15000,0.365529
40262.16000,0.365516
40262.17000,0.365504
40262.18000,0.365491
40262.19000,0.365479
40262.20000,0.365466
40262.21000,0.365454
40262.22000,0.365442
40262.23000,0.365429
40262.24000,0.365417
40262.25000,0.365404
40262.26000,0.365392
40262.27000,0.365378
40262.28000,0.365365
40262.29000,0.365351
40262.30000,0.365338
40262.31000,0.365324
40262.32000,0.365311
40262.33000,0.365297
40262.34000,0.365284
40262.35000,0.36527
40262.36000,0.365257
40262.37000,0.365243
40262.38000,0.36523
40262.39000,0.365216
40262.40000,0.365203
40262.41000,0.365189
40262.42000,0.365176
40262.43000,0.365162
40262.44000,0.365149
40262.45000,0.365136
40262.46000,0.365122
40262.47000,0.365109
40262.48000,0.365095
40262.49000,0.365082
40262.50000,0.365068
40262.51000,0.365055
40262.52000,0.365041
40262.53000,0.365028
40262.54000,0.365014
40262.55000,0.365001
40262.56000,0.364987
40262.57000,0.364974
40262.58000,0.36496
40262.59000,0.364947
40262.60000,0.364933
40262.61000,0.36492
40262.62000,0.364906
40262.63000,0.364893
40262.64000,0.364879
40262.65000,0.364866
40262.66000,0.364853
40262.67000,0.364839
40262.68000,0.364826
40262.69000,0.36483
40262.70000,0.364835
40262.71000,0.364839
40262.72000,0.364843
40262.73000,0.364848
40262.74000,0.364852
40262.75000,0.364856
40262.76000,0.36486
40262.77000,0.364865
40262.78000,0.364869
40262.79000,0.364873
40262.80000,0.364877
40262.81000,0.364882
40262.82000,0.364886
40262.83000,0.36489
40262.84000,0.364894
40262.85000,0.364899
40262.86000,0.364903
40262.87000,0.365015
40262.88000,0.36524
40262.89000,0.365617
40262.90000,0.366045
40262.91000,0.366336
40262.92000,0.366454
40262.93000,0.366416
40262.94000,0.366304
40262.95000,0.366288
40262.96000,0.366404
40262.97000,0.366662
40262.98000,0.367072
40262.99000,0.367746
40263.00000,0.368674
40263.01000,0.369805
40263.02000,0.371071
40263.03000,0.372411
40263.04000,0.373785
40263.05000,0.375168
40263.06000,0.376547
40263.07000,0.377304
40263.08000,0.377535
40263.09000,0.377514
40263.10000,0.377364
40263.11000,0.377267
40263.12000,0.37732
40263.13000,0.377496
40263.14000,0.377698
40263.15000,0.377666
40263.16000,0.377176
40263.17000,0.376298
40263.18000,0.375209
40263.19000,0.374322
40263.20000,0.374219
40263.21000,0.374925
40263.22000,0.37616
40263.23000,0.377331
40263.24000,0.377514
40263.25000,0.376761
40263.26000,0.375397
40263.27000,0.373847
40263.28000,0.372905
40263.29000,0.37278
40263.30000,0.37335
40263.31000,0.374319
40263.32000,0.375138
40263.33000,0.375565
40263.34000,0.375666
40263.35000,0.37554
40263.36000,0.375213
40263.37000,0.374706
40263.38000,0.374064
40263.39000,0.373338
40263.40000,0.372602
40263.41000,0.371917
40263.42000,0.371287
40263.43000,0.36989
40263.44000,0.367038
40263.45000,0.367035
40263.46000,0.367032
40263.47000,0.367029
40263.48000,0.367026
40263.49000,0.367023
40263.50000,0.36702
40263.51000,0.367017
40263.52000,0.367014
40263.53000,0.367011
40263.54000,0.367008
40263.55000,0.367005
40263.56000,0.367002
40263.57000,0.366999
40263.58000,0.366996
40263.59000,0.366993
40263.60000,0.36699
40263.61000,0.366987
40263.62000,0.366984
40263.63000,0.366981
40263.64000,0.366978
40263.65000,0.366975
40263.66000,0.366972
40263.67000,0.366969
40263.68000,0.366966
40263.69000,0.366964
40263.70000,0.366961
40263.71000,0.366958
40263.72000,0.366955
40263.73000,0.366952
40263.74000,0.366949
40263.75000,0.366946
40263.76000,0.366943
40263.77000,0.36694
40263.78000,0.366937
40263.79000,0.366934
40263.80000,0.366931
40263.81000,0.366928
40263.82000,0.366925
40263.83000,0.366922
40263.84000,0.366919
40263.85000,0.366916
40263.86000,0.366913
40263.87000,0.36691
40263.88000,0.366907
40263.89000,0.366904
40263.90000,0.366901
40263.91000,0.366898
40263.92000,0.366895
40263.93000,0.366892
40263.94000,0.366881
40263.95000,0.366845
40263.96000,0.366809
40263.97000,0.366773
40263.98000,0.366737
40263.99000,0.366701
40264.00000,0.366665
40264.01000,0.366629
40264.02000,0.366593
40264.03000,0.366557
40264.04000,0.366521
40264.05000,0.366485
40264.06000,0.366449
40264.07000,0.366413
40264.08000,0.366377
40264.09000,0.366341
40264.10000,0.366305
40264.11000,0.366269
40264.12000,0.366233
40264.13000,0.366197
40264.14000,0.366161
40264.15000,0.366125
40264.16000,0.366089
40264.17000,0.366053
40264.18000,0.366017
40264.19000,0.365981
40264.20000,0.365945
40264.21000,0.365909
40264.22000,0.365873
40264.23000,0.365837
40264.24000,0.365801
40264.25000,0.365765
40264.26000,0.365729
40264.27000,0.365693
40264.28000,0.365657
40264.29000,0.365621
40264.30000,0.365585
40264.31000,0.365549
40264.32000,0.365513
40264.33000,0.365477
40264.34000,0.365441
40264.35000,0.365405
40264.36000,0.365369
40264.37000,0.365333
40264.38000,0.365297
40264.39000,0.365261
40264.40000,0.365225
40264.41000,0.365189
40264.42000,0.365153
40264.43000,0.365117
40264.44000,0.36509
40264.45000,0.365089
40264.46000,0.365088
40264.47000,0.365087
40264.48000,0.365086
40264.49000,0.365084
40264.50000,0.365083
40264.51000,0.365082
40264.52000,0.365081
40264.53000,0.36508
40264.54000,0.365079
40264.55000,0.365077
40264.56000,0.365076
40264.57000,0.365075
40264.58000,0.365074
40264.59000,0.365073
40264.60000,0.365072
40264.61000,0.36507
40264.62000,0.365069
40264.63000,0.365068
40264.64000,0.365067
40264.65000,0.365066
40264.66000,0.365065
40264.67000,0.365063
40264.68000,0.365062
40264.69000,0.365061
40264.70000,0.36506
40264.71000,0.365059
40264.72000,0.365058
40264.73000,0.365056
40264.74000,0.365055
40264.75000,0.365054
40264.76000,0.365053
40264.77000,0.365052
40264.78000,0.365051
40264.79000,0.36505
40264.80000,0.365048
40264.81000,0.365047
40264.82000,0.365033
40264.83000,0.365014
40264.84000,0.364995
40264.85000,0.364976
40264.86000,0.364957
40264.87000,0.364938
40264.88000,0.364919
40264.89000,0.364901
40264.90000,0.364882
40264.91000,0.364863
40264.92000,0.364844
40264.93000,0.364825
40264.94000,0.364806
40264.95000,0.364787
40264.96000,0.364768
40264.97000,0.364749
40264.98000,0.364731
40264.99000,0.364712
40265.00000,0.364693
40265.01000,0.364674
40265.02000,0.364655
40265.03000,0.364636
40265.04000,0.364617
40265.05000,0.364598
40265.06000,0.364579
40265.07000,0.364561
40265.08000,0.364542
40265.09000,0.364523
40265.10000,0.364504
40265.11000,0.364485
40265.12000,0.364466
40265.13000,0.364447
40265.14000,0.364428
40265.15000,0.364409
40265.16000,0.364391
40265.17000,0.364372
40265.18000,0.364353
40265.19000,0.364334
40265.20000,0.364315
40265.21000,0.364296
40265.22000,0.364277
40265.23000,0.364258
40265.24000,0.364239
40265.25000,0.364221
40265.26000,0.364202
40265.27000,0.364183
40265.28000,0.364164
40265.29000,0.364145
40265.30000,0.364126
40265.31000,0.364107
40265.32000,0.364121
40265.33000,0.364145
40265.34000,0.364169
40265.35000,0.364193
40265.36000,0.364217
40265.37000,0.364241
40265.38000,0.364265
40265.39000,0.364289
40265.40000,0.364313
40265.41000,0.364337
40265.42000,0.364362
40265.43000,0.364386
40265.44000,0.36441
40265.45000,0.364434
40265.46000,0.364458
40265.47000,0.364482
40265.48000,0.364506
40265.49000,0.36453
40265.50000,0.364554
40265.51000,0.364578
40265.52000,0.364603
40265.53000,0.364627
40265.54000,0.364651
40265.55000,0.364675
40265.56000,0.364699
40265.57000,0.364723
40265.58000,0.364747
40265.59000,0.364771
40265.60000,0.364795
40265.61000,0.364819
40265.62000,0.364844
40265.63000,0.364868
40265.64000,0.364892
40265.65000,0.364916
40265.66000,0.36494
40265.67000,0.364964
40265.68000,0.364988
40265.69000,0.365012
40265.70000,0.365036
40265.71000,0.36506
40265.72000,0.365085
40265.73000,0.365109
40265.74000,0.365133
40265.75000,0.365157
40265.76000,0.365181
40265.77000,0.365205
40265.78000,0.365229
40265.79000,0.368708
40265.80000,0.373784
40265.81000,0.378993
40265.82000,0.383658
40265.83000,0.386796
40265.84000,0.388922
40265.85000,0.390526
40265.86000,0.391173
40265.87000,0.390874
40265.88000,0.389928
40265.89000,0.388406
40265.90000,0.387068
40265.91000,0.387133
40265.92000,0.388074
40265.93000,0.38929
40265.94000,0.390173
40265.95000,0.389928
40265.96000,0.388906
40265.97000,0.387206
40265.98000,0.38486
40265.99000,0.382682
40266.00000,0.38072
40266.01000,0.378839
40266.02000,0.376918
40266.03000,0.375703
40266.04000,0.375096
40266.05000,0.374894
40266.06000,0.374947
40266.07000,0.374851
40266.08000,0.374508
40266.09000,0.373978
40266.10000,0.37332
40266.11000,0.371986
40266.12000,0.371919
40266.13000,0.371852
40266.14000,0.371785
40266.15000,0.371718
40266.16000,0.371413
40266.17000,0.371063
40266.18000,0.370676
40266.19000,0.370338
40266.20000,0.370274
40266.21000,0.370505
40266.22000,0.371013
40266.23000,0.371708
40266.24000,0.372143
40266.25000,0.372305
40266.26000,0.372249
40266.27000,0.372039
40266.28000,0.371952
40266.29000,0.372022
40266.30000,0.372225
40266.31000,0.372527
40266.32000,0.373
40266.33000,0.373637
40266.34000,0.374377
40266.35000,0.375165
40266.36000,0.375644
40266.37000,0.375648
40266.38000,0.375326
40266.39000,0.374795
40266.40000,0.374135
40266.41000,0.373391
40266.42000,0.372583
40266.43000,0.371735
40266.44000,0.370974
40266.45000,0.370612
40266.46000,0.370633
40266.47000,0.370988
40266.48000,0.371571
40266.49000,0.371925
40266.50000,0.37203
40266.51000,0.37194
40266.52000,0.371712
40266.53000,0.371504
40266.54000,0.371347
40266.55000,0.371237
40266.56000,0.371163
40266.57000,0.371023
40266.58000,0.37079
40266.59000,0.370482
40266.60000,0.370122
40266.61000,0.367108
40266.62000,0.367107
40266.63000,0.367105
40266.64000,0.367104
40266.65000,0.367103
40266.66000,0.367102
40266.67000,0.367101
40266.68000,0.3671
40266.69000,0.367099
40266.70000,0.367098
40266.71000,0.367097
40266.72000,0.367096
40266.73000,0.367095
40266.74000,0.367094
40266.75000,0.367093
40266.76000,0.367092
40266.77000,0.367091
40266.78000,0.36709
40266.79000,0.367089
40266.80000,0.367088
40266.81000,0.367087
40266.82000,0.367086
40266.83000,0.367085
40266.84000,0.367084
40266.85000,0.367083
40266.86000,0.367082
40266.87000,0.367081
40266.88000,0.36708
40266.89000,0.367079
40266.90000,0.367077
40266.91000,0.367076
40266.92000,0.367075
40266.93000,0.367074
40266.94000,0.367073
40266.95000,0.367072
40266.96000,0.367071
40266.97000,0.36707
40266.98000,0.367069
40266.99000,0.367068
40267.00000,0.367067
40267.01000,0.367066
40267.02000,0.367065
40267.03000,0.367064
40267.04000,0.367063
40267.05000,0.367062
40267.06000,0.367061
40267.07000,0.36706
40267.08000,0.367059
40267.09000,0.367058
40267.10000,0.367057
40267.11000,0.367056
40267.12000,0.367009
40267.13000,0.366962
40267.14000,0.366916
40267.15000,0.366869
40267.16000,0.366823
40267.17000,0.366776
40267.18000,0.36673
40267.19000,0.366683
40267.20000,0.366636
40267.21000,0.36659
40267.22000,0.366543
40267.23000,0.366497
40267.24000,0.36645
40267.25000,0.366403
40267.26000,0.366357
40267.27000,0.36631
40267.28000,0.366264
40267.29000,0.366217
40267.30000,0.36617
40267.31000,0.366124
40267.32000,0.366077
40267.33000,0.366031
40267.34000,0.365984
40267.35000,0.365937
40267.36000,0.365891
40267.37000,0.365844
40267.38000,0.365798
40267.39000,0.365751
40267.40000,0.365704
40267.41000,0.365658
40267.42000,0.365611
40267.43000,0.365565
40267.44000,0.365518
40267.45000,0.365472
40267.46000,0.365425
40267.47000,0.365378
40267.48000,0.365332
40267.49000,0.365311
40267.50000,0.365317
40267.51000,0.365322
40267.52000,0.365328
40267.53000,0.365333
40267.54000,0.365339
40267.55000,0.365345
40267.56000,0.36535
40267.57000,0.365356
40267.58000,0.365361
40267.59000,0.365367
40267.60000,0.365372
40267.61000,0.365378
40267.62000,0.365384
40267.63000,0.365389
40267.64000,0.365395
40267.65000,0.3654
40267.66000,0.365406
40267.67000,0.365411
40267.68000,0.365417
40267.69000,0.365422
40267.70000,0.365428
40267.71000,0.365434
40267.72000,0.365439
40267.73000,0.365445
40267.74000,0.36545
40267.75000,0.365456
40267.76000,0.365461
40267.77000,0.365467
40267.78000,0.365473
40267.79000,0.365478
40267.80000,0.365484
40267.81000,0.365489
40267.82000,0.365495
40267.83000,0.365681
40267.84000,0.36596
40267.85000,0.366379
40267.86000,0.367941
40267.87000,0.368012
40267.88000,0.368084
40267.89000,0.368156
40267.90000,0.368227
40267.91000,0.368337
40267.92000,0.368292
40267.93000,0.368125
40267.94000,0.367074
40267.95000,0.367046
40267.96000,0.367018
40267.97000,0.366989
40267.98000,0.366961
40267.99000,0.366933
40268.00000,0.366905
40268.01000,0.366877
40268.02000,0.366849
40268.03000,0.366821
40268.04000,0.366792
40268.05000,0.366779
40268.06000,0.366765
40268.07000,0.366751
40268.08000,0.366738
40268.09000,0.366724
40268.10000,0.36671
40268.11000,0.366697
40268.12000,0.366683
40268.13000,0.366669
40268.14000,0.366655
40268.15000,0.366642
40268.16000,0.366628
40268.17000,0.366614
40268.18000,0.366585
40268.19000,0.366547
40268.20000,0.36651
40268.21000,0.366472
40268.22000,0.366435
40268.23000,0.366397
40268.24000,0.36636
40268.25000,0.366322
40268.26000,0.366285
40268.27000,0.366247
40268.28000,0.36621
40268.29000,0.366173
40268.30000,0.366135
40268.31000,0.366098
40268.32000,0.36606
40268.33000,0.366023
40268.34000,0.365985
40268.35000,0.365948
40268.36000,0.365896
40268.37000,0.365843
40268.38000,0.36579
40268.39000,0.365737
40268.40000,0.365684
40268.41000,0.36563
40268.42000,0.365577
40268.43000,0.365524
40268.44000,0.365471
40268.45000,0.365418
40268.46000,0.365365
40268.47000,0.365311
40268.48000,0.365258
40268.49000,0.365205
40268.50000,0.365152
40268.51000,0.365099
40268.52000,0.365045
40268.53000,0.364998
40268.54000,0.364996
40268.55000,0.364994
40268.56000,0.364991
40268.57000,0.364989
40268.58000,0.364987
40268.59000,0.364985
40268.60000,0.364982
40268.61000,0.36498
40268.62000,0.364978
40268.63000,0.364976
40268.64000,0.364974
40268.65000,0.364971
40268.66000,0.364969
40268.67000,0.364967
40268.68000,0.364965
40268.69000,0.364963
40268.70000,0.36496
40268.71000,0.364958
40268.72000,0.364955
40268.73000,0.364952
40268.74000,0.364949
40268.75000,0.364946
40268.76000,0.364943
40268.77000,0.36494
40268.78000,0.364937
40268.79000,0.364934
40268.80000,0.364931
40268.81000,0.364928
40268.82000,0.364925
40268.83000,0.364922
40268.84000,0.364919
40268.85000,0.364917
40268.86000,0.364914
40268.87000,0.364911
40268.88000,0.364908
40268.89000,0.3649
40268.90000,0.364889
40268.91000,0.364878
40268.92000,0.364867
40268.93000,0.364856
40268.94000,0.364845
40268.95000,0.364834
40268.96000,0.364823
40268.97000,0.364811
40268.98000,0.3648
40268.99000,0.364789
40269.00000,0.364778
40269.01000,0.364767
40269.02000,0.364756
40269.03000,0.364745
40269.04000,0.364734
40269.05000,0.364723
40269.06000,0.364712
40269.07000,0.3647
40269.08000,0.364689
40269.09000,0.364678
40269.10000,0.364667
40269.11000,0.364656
40269.12000,0.364645
40269.13000,0.3646
40269.14000,0.36455
40269.15000,0.3645
40269.16000,0.364449
40269.17000,0.364399
40269.18000,0.364348
40269.19000,0.364298
40269.20000,0.364248
40269.21000,0.364197
40269.22000,0.364147
40269.23000,0.364096
40269.24000,0.364046
40269.25000,0.363995
40269.26000,0.363945
40269.27000,0.363895
40269.28000,0.363844
40269.29000,0.363794
40269.30000,0.363743
40269.31000,0.363693
40269.32000,0.363642
40269.33000,0.363592
40269.34000,0.363542
40269.35000,0.363491
40269.36000,0.363441
40269.37000,0.36339
40269.38000,0.36334
40269.39000,0.36329
40269.40000,0.363239
40269.41000,0.363189
40269.42000,0.363138
40269.43000,0.363088
40269.44000,0.36305
40269.45000,0.363052
40269.46000,0.363053
40269.47000,0.363054
40269.48000,0.363056
40269.49000,0.363057
40269.50000,0.363058
40269.51000,0.36306
40269.52000,0.363061
40269.53000,0.363062
40269.54000,0.363064
40269.55000,0.363065
40269.56000,0.363066
40269.57000,0.363068
40269.58000,0.363069
40269.59000,0.36307
40269.60000,0.363072
40269.61000,0.363073
40269.62000,0.363074
40269.63000,0.363076
40269.64000,0.363077
40269.65000,0.363078
40269.66000,0.36308
40269.67000,0.363081
40269.68000,0.363083
40269.69000,0.363084
40269.70000,0.363085
40269.71000,0.363087
40269.72000,0.363088
40269.73000,0.363089
40269.74000,0.363091
40269.75000,0.363092
40269.76000,0.363086
40269.77000,0.363076
40269.78000,0.363067
40269.79000,0.363057
40269.80000,0.363047
40269.81000,0.363038
40269.82000,0.363028
40269.83000,0.363018
40269.84000,0.363008
40269.85000,0.362999
40269.86000,0.362989
40269.87000,0.362979
40269.88000,0.36297
40269.89000,0.36296
40269.90000,0.36295
40269.91000,0.36294
40269.92000,0.362931
40269.93000,0.362921
40269.94000,0.362911
40269.95000,0.362902
40269.96000,0.362892
40269.97000,0.362882
40269.98000,0.362872
40269.99000,0.362863
40270.00000,0.362853
40270.01000,0.362843
40270.02000,0.362834
40270.03000,0.362824
40270.04000,0.362814
40270.05000,0.362804
40270.06000,0.362795
40270.07000,0.362783
40270.08000,0.362732
40270.09000,0.362681
40270.10000,0.36263
40270.11000,0.362578
40270.12000,0.362527
40270.13000,0.362476
40270.14000,0.362425
40270.15000,0.362373
40270.16000,0.362322
40270.17000,0.362271
40270.18000,0.36222
40270.19000,0.362168
40270.20000,0.362117
40270.21000,0.362066
40270.22000,0.362015
40270.23000,0.361963
40270.24000,0.361912
40270.25000,0.361861
40270.26000,0.36181
40270.27000,0.361758
40270.28000,0.361707
40270.29000,0.361656
40270.30000,0.361605
40270.31000,0.361553
40270.32000,0.361502
40270.33000,0.361451
40270.34000,0.3614
40270.35000,0.361348
40270.36000,0.361297
40270.37000,0.361246
40270.38000,0.361195
40270.39000,0.361143
40270.40000,0.361092
40270.41000,0.361041
40270.42000,0.36099
40270.43000,0.360938
40270.44000,0.360887
40270.45000,0.360836
40270.46000,0.360785
40270.47000,0.360733
40270.48000,0.360682
40270.49000,0.360631
40270.50000,0.360629
40270.51000,0.360632
40270.52000,0.360635
40270.53000,0.360639
40270.54000,0.360642
40270.55000,0.360646
40270.56000,0.360649
40270.57000,0.360652
40270.58000,0.360656
40270.59000,0.360659
40270.60000,0.360662
40270.61000,0.360666
40270.62000,0.360669
40270.63000,0.360673
40270.64000,0.360676
40270.65000,0.360679
40270.66000,0.360683
40270.67000,0.360686
40270.68000,0.360689
40270.69000,0.360693
40270.70000,0.360696
40270.71000,0.3607
40270.72000,0.360703
40270.73000,0.360706
40270.74000,0.36071
40270.75000,0.360713
40270.76000,0.360716
40270.77000,0.36072
40270.78000,0.360723
40270.79000,0.360727
40270.80000,0.36073
40270.81000,0.360733
40270.82000,0.360737
40270.83000,0.36074
40270.84000,0.360743
40270.85000,0.360747
40270.86000,0.36075
40270.87000,0.360754
40270.88000,0.360757
40270.89000,0.36076
40270.90000,0.360764
40270.91000,0.360767
40270.92000,0.360748
40270.93000,0.360722
40270.94000,0.360695
40270.95000,0.360669
40270.96000,0.360643
40270.97000,0.360617
40270.98000,0.36059
40270.99000,0.360564
40271.00000,0.360538
40271.01000,0.360511
40271.02000,0.360485
40271.03000,0.360459
40271.04000,0.360433
40271.05000,0.360406
40271.06000,0.36038
40271.07000,0.360354
40271.08000,0.360328
40271.09000,0.360301
40271.10000,0.360275
40271.11000,0.360249
40271.12000,0.360222
40271.13000,0.360196
40271.14000,0.36017
40271.15000,0.360144
40271.16000,0.360117
40271.17000,0.360091
40271.18000,0.360065
40271.19000,0.360038
40271.20000,0.360012
40271.21000,0.359986
40271.22000,0.35996
40271.23000,0.359933
40271.24000,0.359907
40271.25000,0.359881
40271.26000,0.359854
40271.27000,0.359828
40271.28000,0.359802
40271.29000,0.359776
40271.30000,0.359749
40271.31000,0.359723
40271.32000,0.359697
40271.33000,0.35967
40271.34000,0.359657
40271.35000,0.359651
40271.36000,0.359646
40271.37000,0.35964
40271.38000,0.359635
40271.39000,0.359629
40271.40000,0.359624
40271.41000,0.359618
40271.42000,0.359613
40271.43000,0.359607
40271.44000,0.359602
40271.45000,0.359596
40271.46000,0.359591
40271.47000,0.359585
40271.48000,0.35958
40271.49000,0.359574
40271.50000,0.359569
40271.51000,0.359563
40271.52000,0.359558
40271.53000,0.359552
40271.54000,0.359547
40271.55000,0.359541
40271.56000,0.359536
40271.57000,0.35953
40271.58000,0.359525
40271.59000,0.359519
40271.60000,0.359514
40271.61000,0.359508
40271.62000,0.359503
40271.63000,0.359497
40271.64000,0.359492
40271.65000,0.359486
40271.66000,0.359481
40271.67000,0.359475
40271.68000,0.35947
40271.69000,0.359464
40271.70000,0.359459
40271.71000,0.359453
40271.72000,0.359448
40271.73000,0.359442
40271.74000,0.359437
40271.75000,0.359431
40271.76000,0.359425
40271.77000,0.359418
40271.78000,0.359411
40271.79000,0.359403
40271.80000,0.359396
40271.81000,0.359389
40271.82000,0.359382
40271.83000,0.359375
40271.84000,0.359368
40271.85000,0.35936
40271.86000,0.359353
40271.87000,0.359346
40271.88000,0.359339
40271.89000,0.359332
40271.90000,0.359325
40271.91000,0.359317
40271.92000,0.35931
40271.93000,0.359303
40271.94000,0.359296
40271.95000,0.359289
40271.96000,0.359281
40271.97000,0.359274
40271.98000,0.359267
40271.99000,0.35926
40272.00000,0.359253
40272.01000,0.359246
40272.02000,0.359238
40272.03000,0.359231
40272.04000,0.359224
40272.05000,0.359217
40272.06000,0.35921
40272.07000,0.359203
40272.08000,0.359195
40272.09000,0.359188
40272.10000,0.359181
40272.11000,0.359174
40272.12000,0.359167
40272.13000,0.35916
40272.14000,0.359152
40272.15000,0.359145
40272.16000,0.359138
40272.17000,0.359131
40272.18000,0.359111
40272.19000,0.359067
40272.20000,0.359022
40272.21000,0.358978
40272.22000,0.358933
40272.23000,0.358889
40272.24000,0.358844
40272.25000,0.3588
40272.26000,0.358755
40272.27000,0.358711
40272.28000,0.358667
40272.29000,0.358622
40272.30000,0.358578
40272.31000,0.358533
40272.32000,0.358489
40272.33000,0.358444
40272.34000,0.3584
40272.35000,0.358355
40272.36000,0.358311
40272.37000,0.358266
40272.38000,0.358222
40272.39000,0.358177
40272.40000,0.358133
40272.41000,0.358089
40272.42000,0.358044
40272.43000,0.358
40272.44000,0.357955
40272.45000,0.357911
40272.46000,0.357866
40272.47000,0.357822
40272.48000,0.357777
40272.49000,0.357733
40272.50000,0.357688
40272.51000,0.357644
40272.52000,0.357599
40272.53000,0.357555
40272.54000,0.35751
40272.55000,0.357466
40272.56000,0.357422
40272.57000,0.357377
40272.58000,0.357333
40272.59000,0.357288
40272.60000,0.357253
40272.61000,0.357256
40272.62000,0.357259
40272.63000,0.357261
40272.64000,0.357264
40272.65000,0.357267
40272.66000,0.35727
40272.67000,0.357272
40272.68000,0.357275
40272.69000,0.357278
40272.70000,0.357281
40272.71000,0.357283
40272.72000,0.357286
40272.73000,0.357289
40272.74000,0.357292
40272.75000,0.357294
40272.76000,0.357297
40272.77000,0.3573
40272.78000,0.357303
40272.79000,0.357305
40272.80000,0.357308
40272.81000,0.357311
40272.82000,0.357314
40272.83000,0.357317
40272.84000,0.357319
40272.85000,0.357322
40272.86000,0.357325
40272.87000,0.357328
40272.88000,0.35733
40272.89000,0.357333
40272.90000,0.357336
40272.91000,0.357339
40272.92000,0.357341
40272.93000,0.357344
40272.94000,0.357347
40272.95000,0.35735
40272.96000,0.357352
40272.97000,0.357355
40272.98000,0.357358
40272.99000,0.357361
40273.00000,0.357363
40273.01000,0.357366
40273.02000,0.357366
40273.03000,0.357319
40273.04000,0.357272
40273.05000,0.357225
40273.06000,0.357178
40273.07000,0.357131
40273.08000,0.357084
40273.09000,0.357037
40273.10000,0.35699
40273.11000,0.356943
40273.12000,0.356896
40273.13000,0.356849
40273.14000,0.356802
40273.15000,0.356755
40273.16000,0.356708
40273.17000,0.356661
40273.18000,0.356614
40273.19000,0.356567
40273.20000,0.35652
40273.21000,0.356473
40273.22000,0.356426
40273.23000,0.356379
40273.24000,0.356332
40273.25000,0.356285
40273.26000,0.356238
40273.27000,0.356191
40273.28000,0.356144
40273.29000,0.356097
40273.30000,0.35605
40273.31000,0.356003
40273.32000,0.355956
40273.33000,0.355909
40273.34000,0.355862
40273.35000,0.355815
40273.36000,0.355768
40273.37000,0.355721
40273.38000,0.355674
40273.39000,0.355627
40273.40000,0.35558
40273.41000,0.355533
40273.42000,0.355486
40273.43000,0.355439
40273.44000,0.355392
40273.45000,0.355393
40273.46000,0.355397
40273.47000,0.355401
40273.48000,0.355406
40273.49000,0.35541
40273.50000,0.355414
40273.51000,0.355419
40273.52000,0.355423
40273.53000,0.355427
40273.54000,0.355432
40273.55000,0.355436
40273.56000,0.35544
40273.57000,0.355445
40273.58000,0.355449
40273.59000,0.355453
40273.60000,0.355458
40273.61000,0.355462
40273.62000,0.355466
40273.63000,0.355471
40273.64000,0.355475
40273.65000,0.355479
40273.66000,0.355484
40273.67000,0.355488
40273.68000,0.355492
40273.69000,0.355497
40273.70000,0.355501
40273.71000,0.355505
40273.72000,0.35551
40273.73000,0.355514
40273.74000,0.355518
40273.75000,0.355523
40273.76000,0.355527
40273.77000,0.355531
40273.78000,0.355536
40273.79000,0.35554
40273.80000,0.355544
40273.81000,0.355549
40273.82000,0.355553
40273.83000,0.355557
40273.84000,0.355562
40273.85000,0.355566
40273.86000,0.35557
40273.87000,0.35556
40273.88000,0.355546
40273.89000,0.355532
40273.90000,0.355518
40273.91000,0.355503
40273.92000,0.355489
40273.93000,0.355475
40273.94000,0.355461
40273.95000,0.355447
40273.96000,0.355432
40273.97000,0.355418
40273.98000,0.355404
40273.99000,0.35539
40274.00000,0.355376
40274.01000,0.355361
40274.02000,0.355347
40274.03000,0.355333
40274.04000,0.355319
40274.05000,0.355305
40274.06000,0.355291
40274.07000,0.355276
40274.08000,0.355262
40274.09000,0.355248
40274.10000,0.355234
40274.11000,0.35522
40274.12000,0.355205
40274.13000,0.355191
40274.14000,0.355177
40274.15000,0.355163
40274.16000,0.355149
40274.17000,0.355134
40274.18000,0.35512
40274.19000,0.355106
40274.20000,0.355092
40274.21000,0.355078
40274.22000,0.355064
40274.23000,0.355049
40274.24000,0.355035
40274.25000,0.355021
40274.26000,0.355007
40274.27000,0.354993
40274.28000,0.354978
40274.29000,0.354961
40274.30000,0.354942
40274.31000,0.354922
40274.32000,0.354903
40274.33000,0.354884
40274.34000,0.354864
40274.35000,0.354845
40274.36000,0.354826
40274.37000,0.354806
40274.38000,0.354787
40274.39000,0.354768
40274.40000,0.354749
40274.41000,0.354729
40274.42000,0.35471
40274.43000,0.354691
40274.44000,0.354671
40274.45000,0.354652
40274.46000,0.354633
40274.47000,0.354613
40274.48000,0.354594
40274.49000,0.354575
40274.50000,0.354556
40274.51000,0.354536
40274.52000,0.354517
40274.53000,0.354498
40274.54000,0.354478
40274.55000,0.354459
40274.56000,0.35444
40274.57000,0.35442
40274.58000,0.354401
40274.59000,0.354382
40274.60000,0.354362
40274.61000,0.354343
40274.62000,0.354324
40274.63000,0.354305
40274.64000,0.354285
40274.65000,0.354266
40274.66000,0.354247
40274.67000,0.354227
40274.68000,0.354208
40274.69000,0.354189
40274.70000,0.354169
40274.71000,0.354158
40274.72000,0.354155
40274.73000,0.354152
40274.74000,0.354149
40274.75000,0.354146
40274.76000,0.354142
40274.77000,0.354139
40274.78000,0.354136
40274.79000,0.354133
40274.80000,0.35413
40274.81000,0.354127
40274.82000,0.354123
40274.83000,0.35412
40274.84000,0.354117
40274.85000,0.354114
40274.86000,0.354111
40274.87000,0.354108
40274.88000,0.354104
40274.89000,0.354101
40274.90000,0.354098
40274.91000,0.354095
40274.92000,0.354092
40274.93000,0.354089
40274.94000,0.354086
40274.95000,0.354082
40274.96000,0.354079
40274.97000,0.354076
40274.98000,0.354073
40274.99000,0.35407
40275.00000,0.354067
40275.01000,0.354063
40275.02000,0.35406
40275.03000,0.354057
40275.04000,0.354054
40275.05000,0.354051
40275.06000,0.354048
40275.07000,0.354044
40275.08000,0.354041
40275.09000,0.354038
40275.10000,0.354035
40275.11000,0.354032
40275.12000,0.354029
40275.13000,0.354008
40275.14000,0.353957
40275.15000,0.353905
40275.16000,0.353854
40275.17000,0.353802
40275.18000,0.353751
40275.19000,0.353699
40275.20000,0.353648
40275.21000,0.353596
40275.22000,0.353545
40275.23000,0.353493
40275.24000,0.353442
40275.25000,0.35339
40275.26000,0.353338
40275.27000,0.353287
40275.28000,0.353235
40275.29000,0.353184
40275.30000,0.353132
40275.31000,0.353081
40275.32000,0.353029
40275.33000,0.352978
40275.34000,0.352926
40275.35000,0.352875
40275.36000,0.352823
40275.37000,0.352772
40275.38000,0.35272
40275.39000,0.352669
40275.40000,0.352617
40275.41000,0.352566
40275.42000,0.352514
40275.43000,0.352463
40275.44000,0.352411
40275.45000,0.35236
40275.46000,0.352308
40275.47000,0.352257
40275.48000,0.352205
40275.49000,0.352154
40275.50000,0.352102
40275.51000,0.352051
40275.52000,0.351999
40275.53000,0.351948
40275.54000,0.351896
40275.55000,0.351857
40275.56000,0.351864
40275.57000,0.351871
40275.58000,0.351878
40275.59000,0.351885
40275.60000,0.351892
40275.61000,0.351899
40275.62000,0.351906
40275.63000,0.351913
40275.64000,0.35192
40275.65000,0.351927
40275.66000,0.351934
40275.67000,0.351941
40275.68000,0.351948
40275.69000,0.351955
40275.70000,0.351962
40275.71000,0.351969
40275.72000,0.351977
40275.73000,0.351984
40275.74000,0.351991
40275.75000,0.351998
40275.76000,0.352005
40275.77000,0.352012
40275.78000,0.352019
40275.79000,0.352026
40275.80000,0.352033
40275.81000,0.35204
40275.82000,0.352047
40275.83000,0.352054
40275.84000,0.352061
40275.85000,0.352068
40275.86000,0.352075
40275.87000,0.352082
40275.88000,0.352089
40275.89000,0.352096
40275.90000,0.352103
40275.91000,0.35211
40275.92000,0.352117
40275.93000,0.352124
40275.94000,0.352131
40275.95000,0.352138
40275.96000,0.352145
40275.97000,0.352148
40275.98000,0.352111
40275.99000,0.352073
40276.00000,0.352036
40276.01000,0.351998
40276.02000,0.35196
40276.03000,0.351923
40276.04000,0.351885
40276.05000,0.351847
40276.06000,0.35181
40276.07000,0.351772
40276.08000,0.351735
40276.09000,0.351697
40276.10000,0.351659
40276.11000,0.351622
40276.12000,0.351584
40276.13000,0.351547
40276.14000,0.351509
40276.15000,0.351471
40276.16000,0.351434
40276.17000,0.351396
40276.18000,0.351358
40276.19000,0.351321
40276.20000,0.351283
40276.21000,0.351246
40276.22000,0.351208
40276.23000,0.35117
40276.24000,0.351133
40276.25000,0.351095
40276.26000,0.351058
40276.27000,0.35102
40276.28000,0.350982
40276.29000,0.350945
40276.30000,0.350907
40276.31000,0.350869
40276.32000,0.350832
40276.33000,0.350794
40276.34000,0.350757
40276.35000,0.350719
40276.36000,0.350681
40276.37000,0.350644
40276.38000,0.350606
40276.39000,0.350569
40276.40000,0.350603
40276.41000,0.350643
40276.42000,0.350682
40276.43000,0.350722
40276.44000,0.350761
40276.45000,0.350801
40276.46000,0.35084
40276.47000,0.35088
40276.48000,0.350919
40276.49000,0.350959
40276.50000,0.350998
40276.51000,0.351038
40276.52000,0.351077
40276.53000,0.351117
40276.54000,0.351156
40276.55000,0.351196
40276.56000,0.351235
40276.57000,0.351275
40276.58000,0.351314
40276.59000,0.351354
40276.60000,0.351393
40276.61000,0.351433
40276.62000,0.351472
40276.63000,0.351512
40276.64000,0.351551
40276.65000,0.351591
40276.66000,0.35163
40276.67000,0.35167
40276.68000,0.351709
40276.69000,0.351749
40276.70000,0.351788
40276.71000,0.351828
40276.72000,0.351867
40276.73000,0.351907
40276.74000,0.351946
40276.75000,0.351986
40276.76000,0.352025
40276.77000,0.352065
40276.78000,0.352104
40276.79000,0.356706
40276.80000,0.363476
40276.81000,0.370463
40276.82000,0.374602
40276.83000,0.376451
40276.84000,0.37716
40276.85000,0.377292
40276.86000,0.378309
40276.87000,0.380712
40276.88000,0.38372
40276.89000,0.386774
40276.90000,0.388216
40276.91000,0.388407
40276.92000,0.387994
40276.93000,0.387233
40276.94000,0.386324
40276.95000,0.385616
40276.96000,0.385061
40276.97000,0.384588
40276.98000,0.384132
40276.99000,0.3835
40277.00000,0.382725
40277.01000,0.381842
40277.02000,0.380873
40277.03000,0.379715
40277.04000,0.378379
40277.05000,0.376886
40277.06000,0.375253
40277.07000,0.373862
40277.08000,0.372777
40277.09000,0.371906
40277.10000,0.371178
40277.11000,0.368705
40277.12000,0.36867
40277.13000,0.368634
40277.14000,0.368599
40277.15000,0.368563
40277.16000,0.368528
40277.17000,0.368492
40277.18000,0.368457
40277.19000,0.368421
40277.20000,0.368386
40277.21000,0.36835
40277.22000,0.368315
40277.23000,0.368279
40277.24000,0.368244
40277.25000,0.368208
40277.26000,0.368173
40277.27000,0.368137
40277.28000,0.368102
40277.29000,0.368066
40277.30000,0.368031
40277.31000,0.367995
40277.32000,0.36796
40277.33000,0.367924
40277.34000,0.367889
40277.35000,0.367853
40277.36000,0.367818
40277.37000,0.367782
40277.38000,0.367747
40277.39000,0.367711
40277.40000,0.367676
40277.41000,0.36764
40277.42000,0.367605
40277.43000,0.367569
40277.44000,0.367534
40277.45000,0.367498
40277.46000,0.367463
40277.47000,0.367427
40277.48000,0.367392
40277.49000,0.367356
40277.50000,0.367321
40277.51000,0.367285
40277.52000,0.36725
40277.53000,0.367214
40277.54000,0.367179
40277.55000,0.367143
40277.56000,0.367108
40277.57000,0.367072
40277.58000,0.367037
40277.59000,0.367001
40277.60000,0.366966
40277.61000,0.36693
40277.62000,0.366927
40277.63000,0.366924
40277.64000,0.366921
40277.65000,0.366918
40277.66000,0.366915
40277.67000,0.366911
40277.68000,0.366908
40277.69000,0.366905
40277.70000,0.366902
40277.71000,0.366899
40277.72000,0.366896
40277.73000,0.366893
40277.74000,0.36689
40277.75000,0.366887
40277.76000,0.366883
40277.77000,0.36688
40277.78000,0.366877
40277.79000,0.366874
40277.80000,0.366871
40277.81000,0.366868
40277.82000,0.366865
40277.83000,0.366862
40277.84000,0.366858
40277.85000,0.366855
40277.86000,0.366852
40277.87000,0.366849
40277.88000,0.366846
40277.89000,0.366843
40277.90000,0.36684
40277.91000,0.366837
40277.92000,0.366834
40277.93000,0.36683
40277.94000,0.366827
40277.95000,0.366824
40277.96000,0.366821
40277.97000,0.366818
40277.98000,0.366815
40277.99000,0.366787
40278.00000,0.366735
40278.01000,0.366683
40278.02000,0.366631
40278.03000,0.366578
40278.04000,0.366526
40278.05000,0.366474
40278.06000,0.366422
40278.07000,0.366369
40278.08000,0.366317
40278.09000,0.366265
40278.10000,0.366213
40278.11000,0.366161
40278.12000,0.366108
40278.13000,0.366056
40278.14000,0.366004
40278.15000,0.365952
40278.16000,0.3659
40278.17000,0.365847
40278.18000,0.365795
40278.19000,0.365743
40278.20000,0.365691
40278.21000,0.365639
40278.22000,0.365586
40278.23000,0.365534
40278.24000,0.365482
40278.25000,0.36543
40278.26000,0.365377
40278.27000,0.365325
40278.28000,0.365273
40278.29000,0.365221
40278.30000,0.365169
40278.31000,0.365116
40278.32000,0.365064
40278.33000,0.365012
40278.34000,0.36496
40278.35000,0.364908
40278.36000,0.364855
40278.37000,0.364803
40278.38000,0.364751
40278.39000,0.364699
40278.40000,0.364647
40278.41000,0.364594
40278.42000,0.364542
40278.43000,0.36449
40278.44000,0.364438
40278.45000,0.364385
40278.46000,0.364333
40278.47000,0.364281
40278.48000,0.364229
40278.49000,0.364203
40278.50000,0.364204
40278.51000,0.364205
40278.52000,0.364206
40278.53000,0.364207
40278.54000,0.364208
40278.55000,0.364208
40278.56000,0.364209
40278.57000,0.36421
40278.58000,0.364211
40278.59000,0.364212
40278.60000,0.364213
40278.61000,0.364214
40278.62000,0.364215
40278.63000,0.364216
40278.64000,0.364216
40278.65000,0.364217
40278.66000,0.364218
40278.67000,0.364219
40278.68000,0.36422
40278.69000,0.364221
40278.70000,0.364222
40278.71000,0.364223
40278.72000,0.364224
40278.73000,0.364224
40278.74000,0.364225
40278.75000,0.364226
40278.76000,0.364227
40278.77000,0.364228
40278.78000,0.364229
40278.79000,0.36423
40278.80000,0.364231
40278.81000,0.364232
40278.82000,0.364232
40278.83000,0.364233
40278.84000,0.364234
40278.85000,0.364235
40278.86000,0.364236
40278.87000,0.364237
40278.88000,0.364238
40278.89000,0.364239
40278.90000,0.36424
40278.91000,0.36424
40278.92000,0.364241
40278.93000,0.364242
40278.94000,0.364243
40278.95000,0.364244
40278.96000,0.364245
40278.97000,0.364246
40278.98000,0.364247
40278.99000,0.364221
40279.00000,0.36417
40279.01000,0.364119
40279.02000,0.364067
40279.03000,0.364016
40279.04000,0.363964
40279.05000,0.363913
40279.06000,0.363862
40279.07000,0.36381
40279.08000,0.363759
40279.09000,0.363707
40279.10000,0.363656
40279.11000,0.363604
40279.12000,0.363553
40279.13000,0.363502
40279.14000,0.36345
40279.15000,0.363399
40279.16000,0.363347
40279.17000,0.363296
40279.18000,0.363245
40279.19000,0.363193
40279.20000,0.363142
40279.21000,0.36309
40279.22000,0.363039
40279.23000,0.362988
40279.24000,0.362936
40279.25000,0.362885
40279.26000,0.362833
40279.27000,0.362782
40279.28000,0.362731
40279.29000,0.362679
40279.30000,0.362628
40279.31000,0.362576
40279.32000,0.362525
40279.33000,0.362474
40279.34000,0.362422
40279.35000,0.362371
40279.36000,0.362319
40279.37000,0.362268
40279.38000,0.362216
40279.39000,0.362165
40279.40000,0.362114
40279.41000,0.362062
40279.42000,0.362011
40279.43000,0.361959
40279.44000,0.361908
40279.45000,0.361857
40279.46000,0.361805
40279.47000,0.361754
40279.48000,0.361702
40279.49000,0.361678
40279.50000,0.361679
40279.51000,0.361681
40279.52000,0.361683
40279.53000,0.361685
40279.54000,0.361686
40279.55000,0.361688
40279.56000,0.36169
40279.57000,0.361692
40279.58000,0.361693
40279.59000,0.361695
40279.60000,0.361697
40279.61000,0.361699
40279.62000,0.3617
40279.63000,0.361702
40279.64000,0.361704
40279.65000,0.361706
40279.66000,0.361707
40279.67000,0.361709
40279.68000,0.361711
40279.69000,0.361713
40279.70000,0.361714
40279.71000,0.361716
40279.72000,0.361718
40279.73000,0.36172
40279.74000,0.361722
40279.75000,0.361723
40279.76000,0.361725
40279.77000,0.361727
40279.78000,0.361729
40279.79000,0.36173
40279.80000,0.361732
40279.81000,0.361734
40279.82000,0.361736
40279.83000,0.361737
40279.84000,0.361739
40279.85000,0.361741
40279.86000,0.361743
40279.87000,0.361744
40279.88000,0.361746
40279.89000,0.361748
40279.90000,0.36175
40279.91000,0.361751
40279.92000,0.361753
40279.93000,0.361755
40279.94000,0.361757
40279.95000,0.361758
40279.96000,0.36176
40279.97000,0.361762
40279.98000,0.361764
40279.99000,0.361739
40280.00000,0.361687
40280.01000,0.361635
40280.02000,0.361583
40280.03000,0.361531
40280.04000,0.361479
40280.05000,0.361427
40280.06000,0.361375
40280.07000,0.361323
40280.08000,0.361271
40280.09000,0.361219
40280.10000,0.361168
40280.11000,0.361116
40280.12000,0.361064
40280.13000,0.361012
40280.14000,0.36096
40280.15000,0.360908
40280.16000,0.360856
40280.17000,0.360804
40280.18000,0.360752
40280.19000,0.3607
40280.20000,0.360648
40280.21000,0.360597
40280.22000,0.360545
40280.23000,0.360493
40280.24000,0.360441
40280.25000,0.360389
40280.26000,0.360337
40280.27000,0.360285
40280.28000,0.360233
40280.29000,0.360181
40280.30000,0.360129
40280.31000,0.360077
40280.32000,0.360026
40280.33000,0.359974
40280.34000,0.359922
40280.35000,0.35987
40280.36000,0.359818
40280.37000,0.359766
40280.38000,0.359714
40280.39000,0.359662
40280.40000,0.35961
40280.41000,0.359558
40280.42000,0.359506
40280.43000,0.359454
40280.44000,0.359403
40280.45000,0.359351
40280.46000,0.359299
40280.47000,0.359247
40280.48000,0.359195
40280.49000,0.359171
40280.50000,0.359174
40280.51000,0.359178
40280.52000,0.359181
40280.53000,0.359185
40280.54000,0.359189
40280.55000,0.359192
40280.56000,0.359196
40280.57000,0.359199
40280.58000,0.359203
40280.59000,0.359206
40280.60000,0.35921
40280.61000,0.359213
40280.62000,0.359217
40280.63000,0.35922
40280.64000,0.359224
40280.65000,0.359228
40280.66000,0.359231
40280.67000,0.359235
40280.68000,0.359238
40280.69000,0.359242
40280.70000,0.359245
40280.71000,0.359249
40280.72000,0.359252
40280.73000,0.359256
40280.74000,0.35926
40280.75000,0.359263
40280.76000,0.359267
40280.77000,0.35927
40280.78000,0.359274
40280.79000,0.359277
40280.80000,0.359281
40280.81000,0.359284
40280.82000,0.359288
40280.83000,0.359292
40280.84000,0.359295
40280.85000,0.359299
40280.86000,0.359302
40280.87000,0.359306
40280.88000,0.359309
40280.89000,0.359313
40280.90000,0.359316
40280.91000,0.35932
40280.92000,0.359324
40280.93000,0.359327
40280.94000,0.359331
40280.95000,0.359334
40280.96000,0.359338
40280.97000,0.359341
40280.98000,0.359345
40280.99000,0.359344
40281.00000,0.359339
40281.01000,0.359334
40281.02000,0.359329
40281.03000,0.359325
40281.04000,0.35932
40281.05000,0.359315
40281.06000,0.35931
40281.07000,0.359305
40281.08000,0.3593
40281.09000,0.359295
40281.10000,0.35929
40281.11000,0.359285
40281.12000,0.35928
40281.13000,0.359276
40281.14000,0.359271
40281.15000,0.359266
40281.16000,0.359261
40281.17000,0.359256
40281.18000,0.359251
40281.19000,0.359246
40281.20000,0.359241
40281.21000,0.359236
40281.22000,0.359231
40281.23000,0.359227
40281.24000,0.359222
40281.25000,0.359217
40281.26000,0.359212
40281.27000,0.359207
40281.28000,0.359202
40281.29000,0.359197
40281.30000,0.359192
40281.31000,0.359187
40281.32000,0.359182
40281.33000,0.359178
40281.34000,0.359173
40281.35000,0.359168
40281.36000,0.359163
40281.37000,0.359158
40281.38000,0.359153
40281.39000,0.359148
40281.40000,0.359143
40281.41000,0.359138
40281.42000,0.359133
40281.43000,0.359128
40281.44000,0.359124
40281.45000,0.359011
40281.46000,0.359062
40281.47000,0.359314
40281.48000,0.361281
40281.49000,0.361432
40281.50000,0.361583
40281.51000,0.361733
40281.52000,0.361884
40281.53000,0.362035
40281.54000,0.363234
40281.55000,0.36482
40281.56000,0.366669
40281.57000,0.368024
40281.58000,0.368725
40281.59000,0.368945
40281.60000,0.368838
40281.61000,0.368507
40281.62000,0.368013
40281.63000,0.367395
40281.64000,0.366678
40281.65000,0.366038
40281.66000,0.365668
40281.67000,0.365556
40281.68000,0.365668
40281.69000,0.365975
40281.70000,0.366444
40281.71000,0.367042
40281.72000,0.367738
40281.73000,0.36848
40281.74000,0.36897
40281.75000,0.369226
40281.76000,0.369301
40281.77000,0.369242
40281.78000,0.369077
40281.79000,0.368833
40281.80000,0.36853
40281.81000,0.368183
40281.82000,0.367102
40281.83000,0.367069
40281.84000,0.367036
40281.85000,0.367003
40281.86000,0.366971
40281.87000,0.366938
40281.88000,0.366905
40281.89000,0.366873
40281.90000,0.36684
40281.91000,0.366807
40281.92000,0.366774
40281.93000,0.366759
40281.94000,0.366744
40281.95000,0.366729
40281.96000,0.366714
40281.97000,0.366699
40281.98000,0.366684
40281.99000,0.366668
40282.00000,0.366653
40282.01000,0.366638
40282.02000,0.366623
40282.03000,0.366608
40282.04000,0.366593
40282.05000,0.366578
40282.06000,0.366564
40282.07000,0.366551
40282.08000,0.366538
40282.09000,0.366526
40282.10000,0.366513
40282.11000,0.3665
40282.12000,0.366487
40282.13000,0.366474
40282.14000,0.366462
40282.15000,0.366449
40282.16000,0.366436
40282.17000,0.366423
40282.18000,0.36641
40282.19000,0.366398
40282.20000,0.366385
40282.21000,0.366372
40282.22000,0.366359
40282.23000,0.366346
40282.24000,0.36629
40282.25000,0.366229
40282.26000,0.366168
40282.27000,0.366106
40282.28000,0.366045
40282.29000,0.365984
40282.30000,0.365922
40282.31000,0.365861
40282.32000,0.3658
40282.33000,0.365738
40282.34000,0.365677
40282.35000,0.365616
40282.36000,0.365554
40282.37000,0.365493
40282.38000,0.365432
40282.39000,0.36537
40282.40000,0.365309
40282.41000,0.365248
40282.42000,0.365186
40282.43000,0.365125
40282.44000,0.365064
40282.45000,0.365002
40282.46000,0.364941
40282.47000,0.364889
40282.48000,0.364881
40282.49000,0.364873
40282.50000,0.364864
40282.51000,0.364856
40282.52000,0.364848
40282.53000,0.364839
40282.54000,0.364831
40282.55000,0.364822
40282.56000,0.364814
40282.57000,0.364806
40282.58000,0.364797
40282.59000,0.364789
40282.60000,0.36478
40282.61000,0.364772
40282.62000,0.364764
40282.63000,0.364755
40282.64000,0.364747
40282.65000,0.364738
40282.66000,0.36473
40282.67000,0.364722
40282.68000,0.364713
40282.69000,0.364705
40282.70000,0.364696
40282.71000,0.36469
40282.72000,0.364686
40282.73000,0.364682
40282.74000,0.364677
40282.75000,0.364673
40282.76000,0.364669
40282.77000,0.364665
40282.78000,0.36466
40282.79000,0.364656
40282.80000,0.364652
40282.81000,0.364648
40282.82000,0.364643
40282.83000,0.364639
40282.84000,0.364635
40282.85000,0.364631
40282.86000,0.364627
40282.87000,0.364622
40282.88000,0.364618
40282.89000,0.364614
40282.90000,0.36461
40282.91000,0.364605
40282.92000,0.364601
40282.93000,0.364597
40282.94000,0.364593
40282.95000,0.364579
40282.96000,0.364563
40282.97000,0.364546
40282.98000,0.36453
40282.99000,0.364514
40283.00000,0.364498
40283.01000,0.364481
40283.02000,0.364465
40283.03000,0.364449
40283.04000,0.364432
40283.05000,0.364416
40283.06000,0.3644
40283.07000,0.364383
40283.08000,0.364367
40283.09000,0.364351
40283.10000,0.364335
40283.11000,0.364318
40283.12000,0.364302
40283.13000,0.364286
40283.14000,0.364269
40283.15000,0.364253
40283.16000,0.364237
40283.17000,0.36422
40283.18000,0.364204
40283.19000,0.364188
40283.20000,0.364172
40283.21000,0.364155
40283.22000,0.364139
40283.23000,0.364123
40283.24000,0.364106
40283.25000,0.36409
40283.26000,0.364072
40283.27000,0.364043
40283.28000,0.364015
40283.29000,0.363987
40283.30000,0.363958
40283.31000,0.36393
40283.32000,0.363902
40283.33000,0.363873
40283.34000,0.363845
40283.35000,0.363817
40283.36000,0.363789
40283.37000,0.36376
40283.38000,0.363732
40283.39000,0.363704
40283.40000,0.363675
40283.41000,0.363647
40283.42000,0.363619
40283.43000,0.36359
40283.44000,0.363562
40283.45000,0.363534
40283.46000,0.363505
40283.47000,0.363477
40283.48000,0.363449
40283.49000,0.36342
40283.50000,0.363392
40283.51000,0.363364
40283.52000,0.363335
40283.53000,0.363307
40283.54000,0.363279
40283.55000,0.363251
40283.56000,0.363222
40283.57000,0.363194
40283.58000,0.363166
40283.59000,0.363137
40283.60000,0.363109
40283.61000,0.363081
40283.62000,0.363052
40283.63000,0.363024
40283.64000,0.362996
40283.65000,0.362967
40283.66000,0.362939
40283.67000,0.362911
40283.68000,0.362883
40283.69000,0.36288
40283.70000,0.362877
40283.71000,0.362874
40283.72000,0.362871
40283.73000,0.362868
40283.74000,0.362865
40283.75000,0.362861
40283.76000,0.362858
40283.77000,0.362855
40283.78000,0.362852
40283.79000,0.362849
40283.80000,0.362846
40283.81000,0.362843
40283.82000,0.36284
40283.83000,0.362836
40283.84000,0.362833
40283.85000,0.36283
40283.86000,0.362827
40283.87000,0.362824
40283.88000,0.362821
40283.89000,0.362818
40283.90000,0.362815
40283.91000,0.362811
40283.92000,0.362808
40283.93000,0.362805
40283.94000,0.362802
40283.95000,0.362799
40283.96000,0.362796
40283.97000,0.362793
40283.98000,0.36279
40283.99000,0.362786
40284.00000,0.362783
40284.01000,0.36278
40284.02000,0.362777
40284.03000,0.362774
40284.04000,0.362771
40284.05000,0.362768
40284.06000,0.362765
40284.07000,0.362761
40284.08000,0.362758
40284.09000,0.362755
40284.10000,0.362752
40284.11000,0.362704
40284.12000,0.362651
40284.13000,0.362598
40284.14000,0.362545
40284.15000,0.362492
40284.16000,0.36244
40284.17000,0.362387
40284.18000,0.362334
40284.19000,0.362281
40284.20000,0.362228
40284.21000,0.362175
40284.22000,0.362122
40284.23000,0.362069
40284.24000,0.362016
40284.25000,0.361963
40284.26000,0.36191
40284.27000,0.361857
40284.28000,0.361804
40284.29000,0.361751
40284.30000,0.361698
40284.31000,0.361645
40284.32000,0.361592
40284.33000,0.361539
40284.34000,0.361486
40284.35000,0.361433
40284.36000,0.36138
40284.37000,0.361327
40284.38000,0.361274
40284.39000,0.361221
40284.40000,0.361168
40284.41000,0.361115
40284.42000,0.361062
40284.43000,0.361009
40284.44000,0.360956
40284.45000,0.360903
40284.46000,0.36085
40284.47000,0.360797
40284.48000,0.360744
40284.49000,0.360691
40284.50000,0.360638
40284.51000,0.360585
40284.52000,0.360532
40284.53000,0.360522
40284.54000,0.360526
40284.55000,0.36053
40284.56000,0.360534
40284.57000,0.360538
40284.58000,0.360541
40284.59000,0.360545
40284.60000,0.360549
40284.61000,0.360553
40284.62000,0.360557
40284.63000,0.360561
40284.64000,0.360565
40284.65000,0.360568
40284.66000,0.360572
40284.67000,0.360576
40284.68000,0.36058
40284.69000,0.360584
40284.70000,0.360588
40284.71000,0.360592
40284.72000,0.360595
40284.73000,0.360599
40284.74000,0.360603
40284.75000,0.360607
40284.76000,0.360611
40284.77000,0.360615
40284.78000,0.360618
40284.79000,0.360622
40284.80000,0.360626
40284.81000,0.36063
40284.82000,0.360634
40284.83000,0.360638
40284.84000,0.360642
40284.85000,0.360645
40284.86000,0.360649
40284.87000,0.360653
40284.88000,0.360657
40284.89000,0.360661
40284.90000,0.360665
40284.91000,0.360669
40284.92000,0.360672
40284.93000,0.360676
40284.94000,0.36068
40284.95000,0.360658
40284.96000,0.360621
40284.97000,0.360583
40284.98000,0.360545
40284.99000,0.360507
40285.00000,0.36047
40285.01000,0.360432
40285.02000,0.360394
40285.03000,0.360356
40285.04000,0.360319
40285.05000,0.360281
40285.06000,0.360243
40285.07000,0.360205
40285.08000,0.360167
40285.09000,0.36013
40285.10000,0.360092
40285.11000,0.360054
40285.12000,0.360016
40285.13000,0.359979
40285.14000,0.359941
40285.15000,0.359903
40285.16000,0.359865
40285.17000,0.359827
40285.18000,0.35979
40285.19000,0.359752
40285.20000,0.359714
40285.21000,0.359676
40285.22000,0.359639
40285.23000,0.359601
40285.24000,0.359563
40285.25000,0.359525
40285.26000,0.359488
40285.27000,0.35945
40285.28000,0.359412
40285.29000,0.359374
40285.30000,0.359336
40285.31000,0.359299
40285.32000,0.359261
40285.33000,0.359223
40285.34000,0.359185
40285.35000,0.359148
40285.36000,0.35911
40285.37000,0.35909
40285.38000,0.35909
40285.39000,0.359091
40285.40000,0.359091
40285.41000,0.359091
40285.42000,0.359092
40285.43000,0.359092
40285.44000,0.359092
40285.45000,0.359092
40285.46000,0.359093
40285.47000,0.359093
40285.48000,0.359093
40285.49000,0.359094
40285.50000,0.359094
40285.51000,0.359094
40285.52000,0.359094
40285.53000,0.359095
40285.54000,0.359095
40285.55000,0.359095
40285.56000,0.359096
40285.57000,0.359096
40285.58000,0.359096
40285.59000,0.359096
40285.60000,0.359097
40285.61000,0.359097
40285.62000,0.359097
40285.63000,0.359098
40285.64000,0.359098
40285.65000,0.359098
40285.66000,0.359098
40285.67000,0.359099
40285.68000,0.359099
40285.69000,0.359099
40285.70000,0.3591
40285.71000,0.3591
40285.72000,0.3591
40285.73000,0.359101
40285.74000,0.359101
40285.75000,0.359101
40285.76000,0.359101
40285.77000,0.359102
40285.78000,0.359102
40285.79000,0.3591
40285.80000,0.359092
40285.81000,0.359084
40285.82000,0.359077
40285.83000,0.359069
40285.84000,0.359061
40285.85000,0.359053
40285.86000,0.359046
40285.87000,0.359038
40285.88000,0.35903
40285.89000,0.359023
40285.90000,0.359015
40285.91000,0.359007
40285.92000,0.359
40285.93000,0.358992
40285.94000,0.358984
40285.95000,0.358976
40285.96000,0.358969
40285.97000,0.358961
40285.98000,0.358953
40285.99000,0.358946
40286.00000,0.358938
40286.01000,0.35893
40286.02000,0.358923
40286.03000,0.358915
40286.04000,0.358907
40286.05000,0.358899
40286.06000,0.358892
40286.07000,0.358884
40286.08000,0.358876
40286.09000,0.358869
40286.10000,0.358861
40286.11000,0.358853
40286.12000,0.358846
40286.13000,0.358838
40286.14000,0.35883
40286.15000,0.358823
40286.16000,0.358815
40286.17000,0.358807
40286.18000,0.358799
40286.19000,0.358792
40286.20000,0.358784
40286.21000,0.35877
40286.22000,0.358729
40286.23000,0.358687
40286.24000,0.358646
40286.25000,0.358605
40286.26000,0.358564
40286.27000,0.358523
40286.28000,0.358481
40286.29000,0.35844
40286.30000,0.358399
40286.31000,0.358358
40286.32000,0.358317
40286.33000,0.358275
40286.34000,0.358234
40286.35000,0.358193
40286.36000,0.358152
40286.37000,0.358111
40286.38000,0.358069
40286.39000,0.358028
40286.40000,0.357987
40286.41000,0.357946
40286.42000,0.357905
40286.43000,0.357863
40286.44000,0.357822
40286.45000,0.357781
40286.46000,0.35774
40286.47000,0.357698
40286.48000,0.357657
40286.49000,0.357616
40286.50000,0.357575
40286.51000,0.357534
40286.52000,0.357492
40286.53000,0.357451
40286.54000,0.35741
40286.55000,0.357369
40286.56000,0.357328
40286.57000,0.357286
40286.58000,0.357245
40286.59000,0.357204
40286.60000,0.357163
40286.61000,0.357122
40286.62000,0.35708
40286.63000,0.357041
40286.64000,0.357043
40286.65000,0.357045
40286.66000,0.357047
40286.67000,0.357049
40286.68000,0.357051
40286.69000,0.357053
40286.70000,0.357054
40286.71000,0.357056
40286.72000,0.357058
40286.73000,0.35706
40286.74000,0.357062
40286.75000,0.357064
40286.76000,0.357065
40286.77000,0.357067
40286.78000,0.357069
40286.79000,0.357071
40286.80000,0.357073
40286.81000,0.357075
40286.82000,0.357076
40286.83000,0.357078
40286.84000,0.35708
40286.85000,0.357082
40286.86000,0.357084
40286.87000,0.357086
40286.88000,0.357087
40286.89000,0.357089
40286.90000,0.357091
40286.91000,0.357093
40286.92000,0.357095
40286.93000,0.357097
40286.94000,0.357099
40286.95000,0.3571
40286.96000,0.357102
40286.97000,0.357104
40286.98000,0.357106
40286.99000,0.357108
40287.00000,0.35711
40287.01000,0.357111
40287.02000,0.357113
40287.03000,0.357115
40287.04000,0.357117
40287.05000,0.357119
40287.06000,0.35707
40287.07000,0.357016
40287.08000,0.356961
40287.09000,0.356907
40287.10000,0.356853
40287.11000,0.356799
40287.12000,0.356745
40287.13000,0.356691
40287.14000,0.356637
40287.15000,0.356583
40287.16000,0.356529
40287.17000,0.356475
40287.18000,0.356421
40287.19000,0.356367
40287.20000,0.356313
40287.21000,0.356259
40287.22000,0.356205
40287.23000,0.356151
40287.24000,0.356097
40287.25000,0.356043
40287.26000,0.355989
40287.27000,0.355935
40287.28000,0.355881
40287.29000,0.355827
40287.30000,0.355773
40287.31000,0.355719
40287.32000,0.355665
40287.33000,0.35561
40287.34000,0.355556
40287.35000,0.355502
40287.36000,0.355448
40287.37000,0.355394
40287.38000,0.35534
40287.39000,0.355286
40287.40000,0.355232
40287.41000,0.355178
40287.42000,0.355124
40287.43000,0.35507
40287.44000,0.355016
40287.45000,0.354962
40287.46000,0.354908
40287.47000,0.354854
40287.48000,0.354847
40287.49000,0.354854
40287.50000,0.35486
40287.51000,0.354867
40287.52000,0.354874
40287.53000,0.35488
40287.54000,0.354887
40287.55000,0.354894
40287.56000,0.3549
40287.57000,0.354907
40287.58000,0.354914
40287.59000,0.35492
40287.60000,0.354927
40287.61000,0.354934
40287.62000,0.35494
40287.63000,0.354947
40287.64000,0.354954
40287.65000,0.35496
40287.66000,0.354967
40287.67000,0.354974
40287.68000,0.35498
40287.69000,0.354987
40287.70000,0.354994
40287.71000,0.355
40287.72000,0.355007
40287.73000,0.355014
40287.74000,0.35502
40287.75000,0.355027
40287.76000,0.355034
40287.77000,0.35504
40287.78000,0.355047
40287.79000,0.355054
40287.80000,0.35506
40287.81000,0.355067
40287.82000,0.355074
40287.83000,0.35508
40287.84000,0.355087
40287.85000,0.355094
40287.86000,0.355101
40287.87000,0.355107
40287.88000,0.355114
40287.89000,0.355121
40287.90000,0.355107
40287.91000,0.355081
40287.92000,0.355055
40287.93000,0.35503
40287.94000,0.355004
40287.95000,0.354979
40287.96000,0.354953
40287.97000,0.354927
40287.98000,0.354902
40287.99000,0.354876
40288.00000,0.354851
40288.01000,0.354825
40288.02000,0.354799
40288.03000,0.354774
40288.04000,0.354748
40288.05000,0.354722
40288.06000,0.354697
40288.07000,0.354671
40288.08000,0.354646
40288.09000,0.35462
40288.10000,0.354594
40288.11000,0.354569
40288.12000,0.354543
40288.13000,0.354517
40288.14000,0.354492
40288.15000,0.354466
40288.16000,0.354441
40288.17000,0.354415
40288.18000,0.354389
40288.19000,0.354364
40288.20000,0.354338
40288.21000,0.354312
40288.22000,0.354287
40288.23000,0.354261
40288.24000,0.354236
40288.25000,0.35421
40288.26000,0.354184
40288.27000,0.354159
40288.28000,0.354133
40288.29000,0.354107
40288.30000,0.354082
40288.31000,0.354056
40288.32000,0.354038
40288.33000,0.354028
40288.34000,0.354018
40288.35000,0.354008
40288.36000,0.353998
40288.37000,0.353987
40288.38000,0.353977
40288.39000,0.353967
40288.40000,0.353957
40288.41000,0.353947
40288.42000,0.353936
40288.43000,0.353926
40288.44000,0.353916
40288.45000,0.353906
40288.46000,0.353896
40288.47000,0.353886
40288.48000,0.353875
40288.49000,0.353865
40288.50000,0.353855
40288.51000,0.353845
40288.52000,0.353835
40288.53000,0.353824
40288.54000,0.353814
40288.55000,0.353804
40288.56000,0.353794
40288.57000,0.353784
40288.58000,0.353774
40288.59000,0.353763
40288.60000,0.353753
40288.61000,0.353743
40288.62000,0.353733
40288.63000,0.353723
40288.64000,0.353712
40288.65000,0.353702
40288.66000,0.353692
40288.67000,0.353682
40288.68000,0.353672
40288.69000,0.353662
40288.70000,0.353651
40288.71000,0.353641
40288.72000,0.353631
40288.73000,0.353621
40288.74000,0.353614
40288.75000,0.353614
40288.76000,0.353614
40288.77000,0.353614
40288.78000,0.353614
40288.79000,0.353613
40288.80000,0.353613
40288.81000,0.353613
40288.82000,0.353613
40288.83000,0.353613
40288.84000,0.353613
40288.85000,0.353613
40288.86000,0.353613
40288.87000,0.353612
40288.88000,0.353612
40288.89000,0.353612
40288.90000,0.353612
40288.91000,0.353612
40288.92000,0.353612
40288.93000,0.353612
40288.94000,0.353611
40288.95000,0.353611
40288.96000,0.353611
40288.97000,0.353611
40288.98000,0.353611
40288.99000,0.353611
40289.00000,0.353611
40289.01000,0.35361
40289.02000,0.35361
40289.03000,0.35361
40289.04000,0.35361
40289.05000,0.35361
40289.06000,0.35361
40289.07000,0.35361
40289.08000,0.353609
40289.09000,0.353609
40289.10000,0.353609
40289.11000,0.353609
40289.12000,0.353609
40289.13000,0.353609
40289.14000,0.353609
40289.15000,0.353608
40289.16000,0.353608
40289.17000,0.353607
40289.18000,0.353606
40289.19000,0.353605
40289.20000,0.353604
40289.21000,0.353603
40289.22000,0.353602
40289.23000,0.353601
40289.24000,0.3536
40289.25000,0.353599
40289.26000,0.353598
40289.27000,0.353597
40289.28000,0.353596
40289.29000,0.353595
40289.30000,0.353594
40289.31000,0.353593
40289.32000,0.353592
40289.33000,0.354054
40289.34000,0.35518
40289.35000,0.356931
40289.36000,0.358694
40289.37000,0.359978
40289.38000,0.36078
40289.39000,0.361202
40289.40000,0.361628
40289.41000,0.362518
40289.42000,0.363844
40289.43000,0.365492
40289.44000,0.367206
40289.45000,0.36854
40289.46000,0.369575
40289.47000,0.37042
40289.48000,0.37109
40289.49000,0.370936
40289.50000,0.370151
40289.51000,0.368906
40289.52000,0.367319
40289.53000,0.364466
40289.54000,0.36436
40289.55000,0.364254
40289.56000,0.364149
40289.57000,0.364043
40289.58000,0.363875
40289.59000,0.363931
40289.60000,0.364186
40289.61000,0.364778
40289.62000,0.36583
40289.63000,0.367291
40289.64000,0.369035
40289.65000,0.370593
40289.66000,0.371486
40289.67000,0.371862
40289.68000,0.371888
40289.69000,0.371678
40289.70000,0.371303
40289.71000,0.370804
40289.72000,0.370206
40289.73000,0.366576
40289.74000,0.366569
40289.75000,0.366563
40289.76000,0.366556
40289.77000,0.366549
40289.78000,0.366542
40289.79000,0.366536
40289.80000,0.366529
40289.81000,0.366522
40289.82000,0.366515
40289.83000,0.366509
40289.84000,0.366502
40289.85000,0.366495
40289.86000,0.366488
40289.87000,0.366481
40289.88000,0.366475
40289.89000,0.366468
40289.90000,0.366461
40289.91000,0.366454
40289.92000,0.366448
40289.93000,0.366441
40289.94000,0.366434
40289.95000,0.366427
40289.96000,0.366421
40289.97000,0.366414
40289.98000,0.366407
40289.99000,0.3664
40290.00000,0.366393
40290.01000,0.366387
40290.02000,0.36638
40290.03000,0.366373
40290.04000,0.366366
40290.05000,0.36636
40290.06000,0.366353
40290.07000,0.366346
40290.08000,0.366339
40290.09000,0.366333
40290.10000,0.366326
40290.11000,0.366319
40290.12000,0.366312
40290.13000,0.366305
40290.14000,0.366299
40290.15000,0.366292
40290.16000,0.366285
40290.17000,0.366278
40290.18000,0.366272
40290.19000,0.366265
40290.20000,0.366258
40290.21000,0.366251
40290.22000,0.366245
40290.23000,0.366238
40290.24000,0.366178
40290.25000,0.366117
40290.26000,0.366057
40290.27000,0.365997
40290.28000,0.365937
40290.29000,0.365877
40290.30000,0.365817
40290.31000,0.365756
40290.32000,0.365696
40290.33000,0.365636
40290.34000,0.365576
40290.35000,0.365516
40290.36000,0.365456
40290.37000,0.365396
40290.38000,0.365335
40290.39000,0.365275
40290.40000,0.365215
40290.41000,0.365155
40290.42000,0.365095
40290.43000,0.365035
40290.44000,0.364974
40290.45000,0.364914
40290.46000,0.364854
40290.47000,0.364794
40290.48000,0.364734
40290.49000,0.364674
40290.50000,0.364613
40290.51000,0.364553
40290.52000,0.364493
40290.53000,0.364433
40290.54000,0.364373
40290.55000,0.364313
40290.56000,0.364252
40290.57000,0.364192
40290.58000,0.364132
40290.59000,0.364072
40290.60000,0.364012
40290.61000,0.363981
40290.62000,0.363981
40290.63000,0.36398
40290.64000,0.363979
40290.65000,0.363979
40290.66000,0.363978
40290.67000,0.363977
40290.68000,0.363976
40290.69000,0.363976
40290.70000,0.363975
40290.71000,0.363974
40290.72000,0.363973
40290.73000,0.363973
40290.74000,0.363972
40290.75000,0.363971
40290.76000,0.363971
40290.77000,0.36397
40290.78000,0.363969
40290.79000,0.363968
40290.80000,0.363968
40290.81000,0.363967
40290.82000,0.363966
40290.83000,0.363965
40290.84000,0.363965
40290.85000,0.363964
40290.86000,0.363963
40290.87000,0.363963
40290.88000,0.363962
40290.89000,0.363961
40290.90000,0.36396
40290.91000,0.36396
40290.92000,0.363959
40290.93000,0.363958
40290.94000,0.363957
40290.95000,0.363957
40290.96000,0.363956
40290.97000,0.363955
40290.98000,0.363955
40290.99000,0.363954
40291.00000,0.363953
40291.01000,0.363952
40291.02000,0.363952
40291.03000,0.363951
40291.04000,0.36395
40291.05000,0.36395
40291.06000,0.363949
40291.07000,0.363948
40291.08000,0.363947
40291.09000,0.363947
40291.10000,0.363946
40291.11000,0.363923
40291.12000,0.363878
40291.13000,0.363833
40291.14000,0.363788
40291.15000,0.363744
40291.16000,0.363699
40291.17000,0.363654
40291.18000,0.363609
40291.19000,0.363564
40291.20000,0.363519
40291.21000,0.363474
40291.22000,0.363429
40291.23000,0.363384
40291.24000,0.36334
40291.25000,0.363295
40291.26000,0.36325
40291.27000,0.363205
40291.28000,0.36316
40291.29000,0.363115
40291.30000,0.36307
40291.31000,0.363025
40291.32000,0.362981
40291.33000,0.362936
40291.34000,0.362891
40291.35000,0.362846
40291.36000,0.362801
40291.37000,0.362756
40291.38000,0.362711
40291.39000,0.362666
40291.40000,0.362621
40291.41000,0.362577
40291.42000,0.362532
40291.43000,0.362487
40291.44000,0.362442
40291.45000,0.362397
40291.46000,0.362352
40291.47000,0.362307
40291.48000,0.362262
40291.49000,0.362218
40291.50000,0.362173
40291.51000,0.362128
40291.52000,0.362083
40291.53000,0.362038
40291.54000,0.361993
40291.55000,0.361948
40291.56000,0.361903
40291.57000,0.361858
40291.58000,0.361814
40291.59000,0.361769
40291.60000,0.361724
40291.61000,0.361703
40291.62000,0.361706
40291.63000,0.361708
40291.64000,0.361711
40291.65000,0.361714
40291.66000,0.361717
40291.67000,0.36172
40291.68000,0.361723
40291.69000,0.361725
40291.70000,0.361728
40291.71000,0.361731
40291.72000,0.361734
40291.73000,0.361737
40291.74000,0.361739
40291.75000,0.361742
40291.76000,0.361745
40291.77000,0.361748
40291.78000,0.361751
40291.79000,0.361753
40291.80000,0.361756
40291.81000,0.361759
40291.82000,0.361762
40291.83000,0.361765
40291.84000,0.361768
40291.85000,0.36177
40291.86000,0.361773
40291.87000,0.361776
40291.88000,0.361779
40291.89000,0.361782
40291.90000,0.361784
40291.91000,0.361787
40291.92000,0.36179
40291.93000,0.361793
40291.94000,0.361796
40291.95000,0.361799
40291.96000,0.361801
40291.97000,0.361804
40291.98000,0.361807
40291.99000,0.36181
40292.00000,0.361813
40292.01000,0.361815
40292.02000,0.361818
40292.03000,0.361821
40292.04000,0.361824
40292.05000,0.361827
40292.06000,0.361829
40292.07000,0.361832
40292.08000,0.361835
40292.09000,0.361838
40292.10000,0.361841
40292.11000,0.361839
40292.12000,0.361832
40292.13000,0.361825
40292.14000,0.361818
40292.15000,0.361811
40292.16000,0.361805
40292.17000,0.361798
40292.18000,0.361791
40292.19000,0.361784
40292.20000,0.361777
40292.21000,0.361771
40292.22000,0.361764
40292.23000,0.361757
40292.24000,0.36175
40292.25000,0.361743
40292.26000,0.361736
40292.27000,0.36173
40292.28000,0.361723
40292.29000,0.361716
40292.30000,0.361709
40292.31000,0.361702
40292.32000,0.361695
40292.33000,0.361689
40292.34000,0.361682
40292.35000,0.361675
40292.36000,0.361668
40292.37000,0.361661
40292.38000,0.361655
40292.39000,0.361648
40292.40000,0.361641
40292.41000,0.361634
40292.42000,0.361627
40292.43000,0.36162
40292.44000,0.361614
40292.45000,0.361499
40292.46000,0.361546
40292.47000,0.361789
40292.48000,0.362209
40292.49000,0.362529
40292.50000,0.362679
40292.51000,0.362658
40292.52000,0.362493
40292.53000,0.359989
40292.54000,0.359995
40292.55000,0.360001
40292.56000,0.360007
40292.57000,0.360013
40292.58000,0.360019
40292.59000,0.360025
40292.60000,0.360031
40292.61000,0.360037
40292.62000,0.360043
40292.63000,0.360049
40292.64000,0.360055
40292.65000,0.360061
40292.66000,0.360067
40292.67000,0.360073
40292.68000,0.360079
40292.69000,0.360085
40292.70000,0.360091
40292.71000,0.360096
40292.72000,0.360102
40292.73000,0.360108
40292.74000,0.360114
40292.75000,0.36012
40292.76000,0.360126
40292.77000,0.360132
40292.78000,0.360138
40292.79000,0.360144
40292.80000,0.36015
40292.81000,0.360156
40292.82000,0.360162
40292.83000,0.360168
40292.84000,0.360174
40292.85000,0.36018
40292.86000,0.360186
40292.87000,0.360192
40292.88000,0.360198
40292.89000,0.360204
40292.90000,0.360209
40292.91000,0.360215
40292.92000,0.360221
40292.93000,0.360227
40292.94000,0.360233
40292.95000,0.360822
40292.96000,0.362096
40292.97000,0.364074
40292.98000,0.36649
40292.99000,0.368603
40293.00000,0.370347
40293.01000,0.371805
40293.02000,0.373073
40293.03000,0.373545
40293.04000,0.373378
40293.05000,0.372776
40293.06000,0.37186
40293.07000,0.371004
40293.08000,0.370297
40293.09000,0.369698
40293.10000,0.369163
40293.11000,0.368786
40293.12000,0.368628
40293.13000,0.368667
40293.14000,0.368882
40293.15000,0.369147
40293.16000,0.369281
40293.17000,0.369273
40293.18000,0.369143
40293.19000,0.368994
40293.20000,0.369074
40293.21000,0.369437
40293.22000,0.370089
40293.23000,0.370948
40293.24000,0.371429
40293.25000,0.371526
40293.26000,0.371309
40293.27000,0.370955
40293.28000,0.370367
40293.29000,0.369921
40293.30000,0.369596
40293.31000,0.36939
40293.32000,0.369206
40293.33000,0.369086
40293.34000,0.368967
40293.35000,0.368883
40293.36000,0.368809
40293.37000,0.368736
40293.38000,0.368658
40293.39000,0.368576
40293.40000,0.368494
40293.41000,0.368416
40293.42000,0.368341
40293.43000,0.368266
40293.44000,0.368192
40293.45000,0.368119
40293.46000,0.368052
40293.47000,0.367985
40293.48000,0.367918
40293.49000,0.367851
40293.50000,0.367784
40293.51000,0.367728
40293.52000,0.367678
40293.53000,0.367628
40293.54000,0.367578
40293.55000,0.367528
40293.56000,0.367479
40293.57000,0.367429
40293.58000,0.367383
40293.59000,0.367366
40293.60000,0.367349
40293.61000,0.367332
40293.62000,0.367315
40293.63000,0.367298
40293.64000,0.367281
40293.65000,0.367264
40293.66000,0.367247
40293.67000,0.36723
40293.68000,0.367217
40293.69000,0.367226
40293.70000,0.367236
40293.71000,0.367246
40293.72000,0.367255
40293.73000,0.367265
40293.74000,0.367274
40293.75000,0.367284
40293.76000,0.367294
40293.77000,0.367303
40293.78000,0.367313
40293.79000,0.367323
40293.80000,0.367332
40293.81000,0.367342
40293.82000,0.367346
40293.83000,0.367349
40293.84000,0.367352
40293.85000,0.367355
40293.86000,0.367358
40293.87000,0.367361
40293.88000,0.367365
40293.89000,0.367368
40293.90000,0.367371
40293.91000,0.367552
40293.92000,0.368027
40293.93000,0.368834
40293.94000,0.369813
40293.95000,0.370547
40293.96000,0.370998
40293.97000,0.371213
40293.98000,0.371372
40293.99000,0.371397
40294.00000,0.371422
40294.01000,0.371448
40294.02000,0.371473
40294.03000,0.371498
40294.04000,0.371737
40294.05000,0.372069
40294.06000,0.372467
40294.07000,0.372607
40294.08000,0.372415
40294.09000,0.371976
40294.10000,0.371373
40294.11000,0.369576
40294.12000,0.369515
40294.13000,0.369454
40294.14000,0.369393
40294.15000,0.369332
40294.16000,0.369271
40294.17000,0.36921
40294.18000,0.369149
40294.19000,0.369101
40294.20000,0.369064
40294.21000,0.369027
40294.22000,0.36899
40294.23000,0.368953
40294.24000,0.368916
40294.25000,0.368879
40294.26000,0.368842
40294.27000,0.368805
40294.28000,0.368768
40294.29000,0.368756
40294.30000,0.368768
40294.31000,0.36878
40294.32000,0.368792
40294.33000,0.368804
40294.34000,0.368816
40294.35000,0.368828
40294.36000,0.36884
40294.37000,0.368852
40294.38000,0.368863
40294.39000,0.368875
40294.40000,0.368887
40294.41000,0.369982
40294.42000,0.373794
40294.43000,0.377348
40294.44000,0.379892
40294.45000,0.380374
40294.46000,0.379291
40294.47000,0.376362
40294.48000,0.371655
40294.49000,0.371038
40294.50000,0.370421
40294.51000,0.369805
40294.52000,0.369207
40294.53000,0.369116
40294.54000,0.369025
40294.55000,0.368934
40294.56000,0.368843
40294.57000,0.368752
40294.58000,0.368697
40294.59000,0.368693
40294.60000,0.368689
40294.61000,0.368686
40294.62000,0.368895
40294.63000,0.369409
40294.64000,0.370233
40294.65000,0.371127
40294.66000,0.371842
40294.67000,0.372359
40294.68000,0.372713
40294.69000,0.372913
40294.70000,0.372905
40294.71000,0.372741
40294.72000,0.372472
40294.73000,0.372156
40294.74000,0.372041
40294.75000,0.372116
40294.76000,0.372338
40294.77000,0.372666
40294.78000,0.372815
40294.79000,0.372774
40294.80000,0.372584
40294.81000,0.372293
40294.82000,0.371934
40294.83000,0.37153
40294.84000,0.371098
40294.85000,0.370653
40294.86000,0.370314
40294.87000,0.370156
40294.88000,0.37017
40294.89000,0.370335
40294.90000,0.37094
40294.91000,0.372483
40294.92000,0.374763
40294.93000,0.377313
40294.94000,0.379267
40294.95000,0.379364
40294.96000,0.37828
40294.97000,0.376472
40294.98000,0.369864
40294.99000,0.369787
40295.00000,0.36971
40295.01000,0.369633
40295.02000,0.369556
40295.03000,0.369479
40295.04000,0.369401
40295.05000,0.369324
40295.06000,0.369247
40295.07000,0.36917
40295.08000,0.369093
40295.09000,0.369067
40295.10000,0.369041
40295.11000,0.369016
40295.12000,0.36899
40295.13000,0.368964
40295.14000,0.368938
40295.15000,0.368913
40295.16000,0.368888
40295.17000,0.368865
40295.18000,0.368841
40295.19000,0.368818
40295.20000,0.368795
40295.21000,0.368771
40295.22000,0.368748
40295.23000,0.368725
40295.24000,0.368701
40295.25000,0.368678
40295.26000,0.368631
40295.27000,0.36856
40295.28000,0.36849
40295.29000,0.368419
40295.30000,0.368349
40295.31000,0.368278
40295.32000,0.368208
40295.33000,0.368138
40295.34000,0.368067
40295.35000,0.367997
40295.36000,0.367926
40295.37000,0.367856
40295.38000,0.367785
40295.39000,0.367716
40295.40000,0.367654
40295.41000,0.367591
40295.42000,0.367529
40295.43000,0.367467
40295.44000,0.367405
40295.45000,0.367342
40295.46000,0.36728
40295.47000,0.367218
40295.48000,0.367155
40295.49000,0.367093
40295.50000,0.367031
40295.51000,0.366969
40295.52000,0.366906
40295.53000,0.366844
40295.54000,0.366782
40295.55000,0.366719
40295.56000,0.366657
40295.57000,0.366622
40295.58000,0.366628
40295.59000,0.366634
40295.60000,0.366641
40295.61000,0.366647
40295.62000,0.366654
40295.63000,0.36666
40295.64000,0.366666
40295.65000,0.366673
40295.66000,0.366679
40295.67000,0.366686
40295.68000,0.366692
40295.69000,0.366699
40295.70000,0.366705
40295.71000,0.366711
40295.72000,0.366718
40295.73000,0.366724
40295.74000,0.366731
40295.75000,0.366737
40295.76000,0.366744
40295.77000,0.36675
40295.78000,0.366756
40295.79000,0.366763
40295.80000,0.366769
40295.81000,0.366764
40295.82000,0.366752
40295.83000,0.366741
40295.84000,0.36673
40295.85000,0.366719
40295.86000,0.366708
40295.87000,0.366696
40295.88000,0.366685
40295.89000,0.366674
40295.90000,0.366663
40295.91000,0.366651
40295.92000,0.36664
40295.93000,0.366629
40295.94000,0.366618
40295.95000,0.366607
40295.96000,0.366595
40295.97000,0.366584
40295.98000,0.366573
40295.99000,0.366562
40296.00000,0.366551
40296.01000,0.366539
40296.02000,0.366528
40296.03000,0.366517
40296.04000,0.366506
40296.05000,0.366495
40296.06000,0.366483
40296.07000,0.366472
40296.08000,0.366461
40296.09000,0.36645
40296.10000,0.366438
40296.11000,0.366427
40296.12000,0.366413
40296.13000,0.366357
40296.14000,0.366302
40296.15000,0.366247
40296.16000,0.366192
40296.17000,0.366137
40296.18000,0.366082
40296.19000,0.366027
40296.20000,0.365972
40296.21000,0.365917
40296.22000,0.365861
40296.23000,0.365806
40296.24000,0.365751
40296.25000,0.365696
40296.26000,0.365641
40296.27000,0.365586
40296.28000,0.365531
40296.29000,0.365476
40296.30000,0.365421
40296.31000,0.365365
40296.32000,0.36531
40296.33000,0.365255
40296.34000,0.3652
40296.35000,0.365145
40296.36000,0.36509
40296.37000,0.365035
40296.38000,0.36498
40296.39000,0.364925
40296.40000,0.36487
40296.41000,0.364814
40296.42000,0.364759
40296.43000,0.364704
40296.44000,0.364649
40296.45000,0.364594
40296.46000,0.364539
40296.47000,0.364484
40296.48000,0.364429
40296.49000,0.364374
40296.50000,0.364318
40296.51000,0.364263
40296.52000,0.364208
40296.53000,0.364153
40296.54000,0.364098
40296.55000,0.364098
40296.56000,0.364101
40296.57000,0.364104
40296.58000,0.364107
40296.59000,0.36411
40296.60000,0.364113
40296.61000,0.364116
40296.62000,0.364119
40296.63000,0.364122
40296.64000,0.364125
40296.65000,0.364128
40296.66000,0.364131
40296.67000,0.364134
40296.68000,0.364137
40296.69000,0.36414
40296.70000,0.364143
40296.71000,0.364146
40296.72000,0.364149
40296.73000,0.364152
40296.74000,0.364155
40296.75000,0.364158
40296.76000,0.364161
40296.77000,0.364164
40296.78000,0.364167
40296.79000,0.36417
40296.80000,0.364173
40296.81000,0.364176
40296.82000,0.364179
40296.83000,0.364182
40296.84000,0.364185
40296.85000,0.364188
40296.86000,0.364191
40296.87000,0.364194
40296.88000,0.364197
40296.89000,0.3642
40296.90000,0.364203
40296.91000,0.364206
40296.92000,0.364209
40296.93000,0.364212
40296.94000,0.364215
40296.95000,0.364218
40296.96000,0.364221
40296.97000,0.364186
40296.98000,0.364142
40296.99000,0.364097
40297.00000,0.364053
40297.01000,0.364008
40297.02000,0.363964
40297.03000,0.36392
40297.04000,0.363875
40297.05000,0.363831
40297.06000,0.363786
40297.07000,0.363742
40297.08000,0.363698
40297.09000,0.363653
40297.10000,0.363609
40297.11000,0.363564
40297.12000,0.36352
40297.13000,0.363476
40297.14000,0.363431
40297.15000,0.363387
40297.16000,0.363342
40297.17000,0.363298
40297.18000,0.363254
40297.19000,0.363209
40297.20000,0.363165
40297.21000,0.36312
40297.22000,0.363076
40297.23000,0.363032
40297.24000,0.362987
40297.25000,0.362943
40297.26000,0.362898
40297.27000,0.362854
40297.28000,0.362809
40297.29000,0.362765
40297.30000,0.362721
40297.31000,0.362676
40297.32000,0.362632
40297.33000,0.362587
40297.34000,0.362543
40297.35000,0.362499
40297.36000,0.362454
40297.37000,0.36241
40297.38000,0.362365
40297.39000,0.362351
40297.40000,0.362352
40297.41000,0.362353
40297.42000,0.362354
40297.43000,0.362355
40297.44000,0.362356
40297.45000,0.362357
40297.46000,0.362358
40297.47000,0.362359
40297.48000,0.36236
40297.49000,0.362361
40297.50000,0.362362
40297.51000,0.362363
40297.52000,0.362364
40297.53000,0.362365
40297.54000,0.362366
40297.55000,0.362368
40297.56000,0.362369
40297.57000,0.36237
40297.58000,0.362371
40297.59000,0.362372
40297.60000,0.362373
40297.61000,0.362374
40297.62000,0.362375
40297.63000,0.362376
40297.64000,0.362377
40297.65000,0.362378
40297.66000,0.362379
40297.67000,0.36238
40297.68000,0.362381
40297.69000,0.362382
40297.70000,0.362383
40297.71000,0.362384
40297.72000,0.362385
40297.73000,0.362386
40297.74000,0.362387
40297.75000,0.362388
40297.76000,0.362389
40297.77000,0.36239
40297.78000,0.362391
40297.79000,0.362392
40297.80000,0.362393
40297.81000,0.362389
40297.82000,0.36238
40297.83000,0.362371
40297.84000,0.362363
40297.85000,0.362354
40297.86000,0.362345
40297.87000,0.362336
40297.88000,0.362327
40297.89000,0.362318
40297.90000,0.362309
40297.91000,0.3623
40297.92000,0.362291
40297.93000,0.362283
40297.94000,0.362274
40297.95000,0.362265
40297.96000,0.362256
40297.97000,0.362247
40297.98000,0.362238
40297.99000,0.362229
40298.00000,0.36222
40298.01000,0.362211
40298.02000,0.362203
40298.03000,0.362194
40298.04000,0.362185
40298.05000,0.362176
40298.06000,0.362167
40298.07000,0.362158
40298.08000,0.362149
40298.09000,0.36214
40298.10000,0.362132
40298.11000,0.362123
40298.12000,0.362114
40298.13000,0.362105
40298.14000,0.362096
40298.15000,0.362087
40298.16000,0.362078
40298.17000,0.362069
40298.18000,0.36206
40298.19000,0.362052
40298.20000,0.362043
40298.21000,0.362034
40298.22000,0.362025
40298.23000,0.362005
40298.24000,0.361966
40298.25000,0.361928
40298.26000,0.36189
40298.27000,0.361851
40298.28000,0.361813
40298.29000,0.361774
40298.30000,0.361736
40298.31000,0.361698
40298.32000,0.361659
40298.33000,0.361621
40298.34000,0.361583
40298.35000,0.361544
40298.36000,0.361506
40298.37000,0.361467
40298.38000,0.361429
40298.39000,0.361391
40298.40000,0.361352
40298.41000,0.361314
40298.42000,0.361275
40298.43000,0.361237
40298.44000,0.361199
40298.45000,0.36116
40298.46000,0.361122
40298.47000,0.361084
40298.48000,0.361045
40298.49000,0.361007
40298.50000,0.360968
40298.51000,0.36093
40298.52000,0.360892
40298.53000,0.360853
40298.54000,0.360815
40298.55000,0.360777
40298.56000,0.360738
40298.57000,0.3607
40298.58000,0.360661
40298.59000,0.360623
40298.60000,0.360585
40298.61000,0.360546
40298.62000,0.360508
40298.63000,0.360469
40298.64000,0.360431
40298.65000,0.360402
40298.66000,0.360402
40298.67000,0.360402
40298.68000,0.360402
40298.69000,0.360402
40298.70000,0.360402
40298.71000,0.360402
40298.72000,0.360402
40298.73000,0.360402
40298.74000,0.360402
40298.75000,0.360402
40298.76000,0.360403
40298.77000,0.360403
40298.78000,0.360403
40298.79000,0.360403
40298.80000,0.360403
40298.81000,0.360403
40298.82000,0.360403
40298.83000,0.360403
40298.84000,0.360403
40298.85000,0.360403
40298.86000,0.360403
40298.87000,0.360403
40298.88000,0.360403
40298.89000,0.360403
40298.90000,0.360403
40298.91000,0.360403
40298.92000,0.360403
40298.93000,0.360403
40298.94000,0.360403
40298.95000,0.360404
40298.96000,0.360404
40298.97000,0.360404
40298.98000,0.360404
40298.99000,0.360404
40299.00000,0.360404
40299.01000,0.360404
40299.02000,0.360404
40299.03000,0.360404
40299.04000,0.360404
40299.05000,0.360404
40299.06000,0.360404
40299.07000,0.360399
40299.08000,0.360343
40299.09000,0.360288
40299.10000,0.360233
40299.11000,0.360177
40299.12000,0.360122
40299.13000,0.360067
40299.14000,0.360011
40299.15000,0.359956
40299.16000,0.359901
40299.17000,0.359845
40299.18000,0.35979
40299.19000,0.359735
40299.20000,0.35968
40299.21000,0.359624
40299.22000,0.359569
40299.23000,0.359514
40299.24000,0.359458
40299.25000,0.359403
40299.26000,0.359348
40299.27000,0.359292
40299.28000,0.359237
40299.29000,0.359182
40299.30000,0.359126
40299.31000,0.359071
40299.32000,0.359016
40299.33000,0.35896
40299.34000,0.358905
40299.35000,0.35885
40299.36000,0.358795
40299.37000,0.358739
40299.38000,0.358684
40299.39000,0.358629
40299.40000,0.358573
40299.41000,0.358518
40299.42000,0.358463
40299.43000,0.358407
40299.44000,0.358352
40299.45000,0.358297
40299.46000,0.358241
40299.47000,0.358186
40299.48000,0.358131
40299.49000,0.358076
40299.50000,0.358079
40299.51000,0.358084
40299.52000,0.35809
40299.53000,0.358096
40299.54000,0.358101
40299.55000,0.358107
40299.56000,0.358113
40299.57000,0.358118
40299.58000,0.358124
40299.59000,0.358129
40299.60000,0.358135
40299.61000,0.358141
40299.62000,0.358146
40299.63000,0.358152
40299.64000,0.358158
40299.65000,0.358163
40299.66000,0.358169
40299.67000,0.358174
40299.68000,0.35818
40299.69000,0.358186
40299.70000,0.358191
40299.71000,0.358197
40299.72000,0.358203
40299.73000,0.358208
40299.74000,0.358214
40299.75000,0.358219
40299.76000,0.358225
40299.77000,0.358231
40299.78000,0.358236
40299.79000,0.358242
40299.80000,0.358248
40299.81000,0.358253
40299.82000,0.358259
40299.83000,0.358264
40299.84000,0.35827
40299.85000,0.358276
40299.86000,0.358281
40299.87000,0.358287
40299.88000,0.358293
40299.89000,0.358298
40299.90000,0.358304
40299.91000,0.358309
40299.92000,0.358285
40299.93000,0.358254
40299.94000,0.358223
40299.95000,0.358192
40299.96000,0.358161
40299.97000,0.35813
40299.98000,0.358099
40299.99000,0.358068
40300.00000,0.358037
40300.01000,0.358006
40300.02000,0.357975
40300.03000,0.357944
40300.04000,0.357913
40300.05000,0.357882
40300.06000,0.357851
40300.07000,0.35782
40300.08000,0.357789
40300.09000,0.357758
40300.10000,0.357727
40300.11000,0.357696
40300.12000,0.357665
40300.13000,0.357634
40300.14000,0.357603
40300.15000,0.357573
40300.16000,0.357542
40300.17000,0.357511
40300.18000,0.35748
40300.19000,0.357449
40300.20000,0.357418
40300.21000,0.357387
40300.22000,0.357356
40300.23000,0.357325
40300.24000,0.357294
40300.25000,0.357263
40300.26000,0.357232
40300.27000,0.357201
40300.28000,0.35717
40300.29000,0.357139
40300.30000,0.357108
40300.31000,0.357077
40300.32000,0.357046
40300.33000,0.357015
40300.34000,0.357001
40300.35000,0.356995
40300.36000,0.35699
40300.37000,0.356984
40300.38000,0.356978
40300.39000,0.356973
40300.40000,0.356967
40300.41000,0.356961
40300.42000,0.356956
40300.43000,0.35695
40300.44000,0.356944
40300.45000,0.356939
40300.46000,0.356933
40300.47000,0.356927
40300.48000,0.356922
40300.49000,0.356916
40300.50000,0.35691
40300.51000,0.356905
40300.52000,0.356899
40300.53000,0.356893
40300.54000,0.356888
40300.55000,0.356882
40300.56000,0.356876
40300.57000,0.35687
40300.58000,0.356865
40300.59000,0.356859
40300.60000,0.356853
40300.61000,0.356848
40300.62000,0.356842
40300.63000,0.356836
40300.64000,0.356831
40300.65000,0.356825
40300.66000,0.356819
40300.67000,0.356814
40300.68000,0.356808
40300.69000,0.356802
40300.70000,0.356797
40300.71000,0.356791
40300.72000,0.356785
40300.73000,0.35678
40300.74000,0.356774
40300.75000,0.356768
40300.76000,0.356766
40300.77000,0.356768
40300.78000,0.35677
40300.79000,0.356771
40300.80000,0.356773
40300.81000,0.356774
40300.82000,0.356776
40300.83000,0.356777
40300.84000,0.356779
40300.85000,0.35678
40300.86000,0.356782
40300.87000,0.356783
40300.88000,0.356785
40300.89000,0.356786
40300.90000,0.356788
40300.91000,0.356789
40300.92000,0.356791
40300.93000,0.356792
40300.94000,0.356794
40300.95000,0.356795
40300.96000,0.356797
40300.97000,0.356798
40300.98000,0.3568
40300.99000,0.356801
40301.00000,0.356803
40301.01000,0.356804
40301.02000,0.356806
40301.03000,0.356807
40301.04000,0.356809
40301.05000,0.35681
40301.06000,0.356812
40301.07000,0.356813
40301.08000,0.356815
40301.09000,0.356816
40301.10000,0.356818
40301.11000,0.356819
40301.12000,0.356821
40301.13000,0.356822
40301.14000,0.356824
40301.15000,0.356826
40301.16000,0.357201
40301.17000,0.35815
40301.18000,0.359707
40301.19000,0.362075
40301.20000,0.366088
40301.21000,0.371014
40301.22000,0.375915
40301.23000,0.380074
40301.24000,0.381597
40301.25000,0.381687
40301.26000,0.380927
40301.27000,0.379517
40301.28000,0.378069
40301.29000,0.376979
40301.30000,0.375393
40301.31000,0.374181
40301.32000,0.373113
40301.33000,0.372218
40301.34000,0.371455
40301.35000,0.370559
40301.36000,0.369387
40301.37000,0.369265
40301.38000,0.369143
40301.39000,0.369021
40301.40000,0.368899
40301.41000,0.368777
40301.42000,0.368685
40301.43000,0.36861
40301.44000,0.368536
40301.45000,0.368461
40301.46000,0.368386
40301.47000,0.368312
40301.48000,0.368242
40301.49000,0.368172
40301.50000,0.368103
40301.51000,0.368033
40301.52000,0.367963
40301.53000,0.367905
40301.54000,0.367865
40301.55000,0.367825
40301.56000,0.367785
40301.57000,0.367745
40301.58000,0.367705
40301.59000,0.367665
40301.60000,0.367624
40301.61000,0.367627
40301.62000,0.367634
40301.63000,0.367641
40301.64000,0.367648
40301.65000,0.367655
40301.66000,0.367662
40301.67000,0.367669
40301.68000,0.367676
40301.69000,0.367683
40301.70000,0.367775
40301.71000,0.367962
40301.72000,0.368286
40301.73000,0.368737
40301.74000,0.369068
40301.75000,0.369234
40301.76000,0.369244
40301.77000,0.369131
40301.78000,0.368567
40301.79000,0.368544
40301.80000,0.368521
40301.81000,0.368499
40301.82000,0.368476
40301.83000,0.368454
40301.84000,0.368431
40301.85000,0.368409
40301.86000,0.368386
40301.87000,0.368364
40301.88000,0.368341
40301.89000,0.368327
40301.90000,0.368313
40301.91000,0.368299
40301.92000,0.368285
40301.93000,0.368271
40301.94000,0.368257
40301.95000,0.368243
40301.96000,0.368229
40301.97000,0.368215
40301.98000,0.368201
40301.99000,0.368187
40302.00000,0.368173
40302.01000,0.368159
40302.02000,0.368146
40302.03000,0.368133
40302.04000,0.368121
40302.05000,0.368109
40302.06000,0.368096
40302.07000,0.368084
40302.08000,0.368071
40302.09000,0.368059
40302.10000,0.368046
40302.11000,0.368034
40302.12000,0.368022
40302.13000,0.368009
40302.14000,0.367997
40302.15000,0.367984
40302.16000,0.367972
40302.17000,0.367959
40302.18000,0.367947
40302.19000,0.367935
40302.20000,0.367881
40302.21000,0.367822
40302.22000,0.367764
40302.23000,0.367705
40302.24000,0.367647
40302.25000,0.367588
40302.26000,0.36753
40302.27000,0.367471
40302.28000,0.367412
40302.29000,0.367354
40302.30000,0.367295
40302.31000,0.367237
40302.32000,0.367178
40302.33000,0.36712
40302.34000,0.367061
40302.35000,0.367002
40302.36000,0.366944
40302.37000,0.366885
40302.38000,0.366827
40302.39000,0.366768
40302.40000,0.36671
40302.41000,0.366651
40302.42000,0.366592
40302.43000,0.36654
40302.44000,0.366517
40302.45000,0.366493
40302.46000,0.36647
40302.47000,0.366446
40302.48000,0.366423
40302.49000,0.366399
40302.50000,0.366376
40302.51000,0.366352
40302.52000,0.366329
40302.53000,0.366305
40302.54000,0.366282
40302.55000,0.366258
40302.56000,0.366235
40302.57000,0.366211
40302.58000,0.366188
40302.59000,0.366164
40302.60000,0.366141
40302.61000,0.366117
40302.62000,0.366094
40302.63000,0.36607
40302.64000,0.366047
40302.65000,0.366023
40302.66000,0.366
40302.67000,0.365988
40302.68000,0.365988
40302.69000,0.365988
40302.70000,0.365988
40302.71000,0.365988
40302.72000,0.365987
40302.73000,0.365987
40302.74000,0.365987
40302.75000,0.365987
40302.76000,0.365987
40302.77000,0.365987
40302.78000,0.365987
40302.79000,0.365987
40302.80000,0.365987
40302.81000,0.365987
40302.82000,0.365987
40302.83000,0.365987
40302.84000,0.365987
40302.85000,0.365987
40302.86000,0.365987
40302.87000,0.365987
40302.88000,0.365987
40302.89000,0.365987
40302.90000,0.365987
40302.91000,0.365977
40302.92000,0.365965
40302.93000,0.365952
40302.94000,0.36594
40302.95000,0.365928
40302.96000,0.365916
40302.97000,0.365903
40302.98000,0.365891
40302.99000,0.365879
40303.00000,0.365866
40303.01000,0.365854
40303.02000,0.365842
40303.03000,0.365829
40303.04000,0.365817
40303.05000,0.365805
40303.06000,0.365792
40303.07000,0.36578
40303.08000,0.365768
40303.09000,0.365756
40303.10000,0.365743
40303.11000,0.365731
40303.12000,0.365719
40303.13000,0.365706
40303.14000,0.365694
40303.15000,0.365682
40303.16000,0.365669
40303.17000,0.365657
40303.18000,0.365645
40303.19000,0.365632
40303.20000,0.36562
40303.21000,0.365608
40303.22000,0.365591
40303.23000,0.36555
40303.24000,0.365509
40303.25000,0.365468
40303.26000,0.365428
40303.27000,0.365387
40303.28000,0.365346
40303.29000,0.365305
40303.30000,0.365265
40303.31000,0.365224
40303.32000,0.365183
40303.33000,0.365143
40303.34000,0.365102
40303.35000,0.365061
40303.36000,0.36502
40303.37000,0.36498
40303.38000,0.364939
40303.39000,0.364898
40303.40000,0.364857
40303.41000,0.364817
40303.42000,0.364776
40303.43000,0.364735
40303.44000,0.364694
40303.45000,0.364654
40303.46000,0.364613
40303.47000,0.364572
40303.48000,0.364532
40303.49000,0.364491
40303.50000,0.36445
40303.51000,0.364409
40303.52000,0.364369
40303.53000,0.364328
40303.54000,0.364287
40303.55000,0.364246
40303.56000,0.364206
40303.57000,0.364165
40303.58000,0.364124
40303.59000,0.364083
40303.60000,0.364043
40303.61000,0.364002
40303.62000,0.363961
40303.63000,0.36392
40303.64000,0.363881
40303.65000,0.363881
40303.66000,0.36388
40303.67000,0.36388
40303.68000,0.363879
40303.69000,0.363879
40303.70000,0.363878
40303.71000,0.363878
40303.72000,0.363877
40303.73000,0.363877
40303.74000,0.363876
40303.75000,0.363876
40303.76000,0.363875
40303.77000,0.363875
40303.78000,0.363874
40303.79000,0.363874
40303.80000,0.363873
40303.81000,0.363873
40303.82000,0.363872
40303.83000,0.363872
40303.84000,0.363871
40303.85000,0.363871
40303.86000,0.36387
40303.87000,0.36387
40303.88000,0.363869
40303.89000,0.363869
40303.90000,0.363868
40303.91000,0.363868
40303.92000,0.363867
40303.93000,0.363867
40303.94000,0.363866
40303.95000,0.363866
40303.96000,0.363865
40303.97000,0.363865
40303.98000,0.363864
40303.99000,0.363864
40304.00000,0.363863
40304.01000,0.363863
40304.02000,0.363862
40304.03000,0.363862
40304.04000,0.363861
40304.05000,0.363861
40304.06000,0.36386
40304.07000,0.363811
40304.08000,0.363756
40304.09000,0.363701
40304.10000,0.363645
40304.11000,0.36359
40304.12000,0.363535
40304.13000,0.36348
40304.14000,0.363424
40304.15000,0.363369
40304.16000,0.363314
40304.17000,0.363259
40304.18000,0.363204
40304.19000,0.363148
40304.20000,0.363093
40304.21000,0.363038
40304.22000,0.362983
40304.23000,0.362927
40304.24000,0.362872
40304.25000,0.362817
40304.26000,0.362762
40304.27000,0.362707
40304.28000,0.362651
40304.29000,0.362596
40304.30000,0.362541
40304.31000,0.362486
40304.32000,0.36243
40304.33000,0.362375
40304.34000,0.36232
40304.35000,0.362265
40304.36000,0.36221
40304.37000,0.362154
40304.38000,0.362099
40304.39000,0.362044
40304.40000,0.361989
40304.41000,0.361933
40304.42000,0.361878
40304.43000,0.361823
40304.44000,0.361768
40304.45000,0.361713
40304.46000,0.361657
40304.47000,0.361602
40304.48000,0.361547
40304.49000,0.361536
40304.50000,0.361541
40304.51000,0.361545
40304.52000,0.361549
40304.53000,0.361553
40304.54000,0.361557
40304.55000,0.361561
40304.56000,0.361565
40304.57000,0.361569
40304.58000,0.361573
40304.59000,0.361577
40304.60000,0.361582
40304.61000,0.361586
40304.62000,0.36159
40304.63000,0.361594
40304.64000,0.361598
40304.65000,0.361602
40304.66000,0.361606
40304.67000,0.36161
40304.68000,0.361614
40304.69000,0.361618
40304.70000,0.361623
40304.71000,0.361627
40304.72000,0.361631
40304.73000,0.361635
40304.74000,0.361639
40304.75000,0.361643
40304.76000,0.361647
40304.77000,0.361651
40304.78000,0.361655
40304.79000,0.36166
40304.80000,0.361664
40304.81000,0.361668
40304.82000,0.361672
40304.83000,0.361676
40304.84000,0.36168
40304.85000,0.361684
40304.86000,0.361688
40304.87000,0.361692
40304.88000,0.361696
40304.89000,0.361701
40304.90000,0.361705
40304.91000,0.361687
40304.92000,0.361655
40304.93000,0.361624
40304.94000,0.361592
40304.95000,0.361561
40304.96000,0.361529
40304.97000,0.361498
40304.98000,0.361466
40304.99000,0.361434
40305.00000,0.361403
40305.01000,0.361371
40305.02000,0.36134
40305.03000,0.361308
40305.04000,0.361277
40305.05000,0.361245
40305.06000,0.361213
40305.07000,0.361182
40305.08000,0.36115
40305.09000,0.361119
40305.10000,0.361087
40305.11000,0.361056
40305.12000,0.361024
40305.13000,0.360992
40305.14000,0.360961
40305.15000,0.360929
40305.16000,0.360898
40305.17000,0.360866
40305.18000,0.360835
40305.19000,0.360803
40305.20000,0.360772
40305.21000,0.36074
40305.22000,0.360708
40305.23000,0.360677
40305.24000,0.360645
40305.25000,0.360614
40305.26000,0.360582
40305.27000,0.360551
40305.28000,0.360519
40305.29000,0.360487
40305.30000,0.360456
40305.31000,0.360424
40305.32000,0.360393
40305.33000,0.360371
40305.34000,0.360362
40305.35000,0.360352
40305.36000,0.360342
40305.37000,0.360332
40305.38000,0.360322
40305.39000,0.360312
40305.40000,0.360303
40305.41000,0.360293
40305.42000,0.360283
40305.43000,0.360273
40305.44000,0.360263
40305.45000,0.360253
40305.46000,0.360243
40305.47000,0.360234
40305.48000,0.360224
40305.49000,0.360214
40305.50000,0.360204
40305.51000,0.360194
40305.52000,0.360184
40305.53000,0.360175
40305.54000,0.360165
40305.55000,0.360155
40305.56000,0.360145
40305.57000,0.360135
40305.58000,0.360125
40305.59000,0.360115
40305.60000,0.360106
40305.61000,0.360096
40305.62000,0.360086
40305.63000,0.360076
40305.64000,0.360066
40305.65000,0.360056
40305.66000,0.360046
40305.67000,0.360037
40305.68000,0.360027
40305.69000,0.360017
40305.70000,0.360007
40305.71000,0.359997
40305.72000,0.359987
40305.73000,0.359978
40305.74000,0.359968
40305.75000,0.359959
40305.76000,0.359954
40305.77000,0.359948
40305.78000,0.359942
40305.79000,0.359937
40305.80000,0.359931
40305.81000,0.359925
40305.82000,0.35992
40305.83000,0.359914
40305.84000,0.359908
40305.85000,0.359903
40305.86000,0.359897
40305.87000,0.359891
40305.88000,0.359886
40305.89000,0.35988
40305.90000,0.359874
40305.91000,0.359869
40305.92000,0.359863
40305.93000,0.359857
40305.94000,0.359852
40305.95000,0.359846
40305.96000,0.35984
40305.97000,0.359835
40305.98000,0.359829
40305.99000,0.359823
40306.00000,0.359818
40306.01000,0.359812
40306.02000,0.359806
40306.03000,0.359801
40306.04000,0.359795
40306.05000,0.359789
40306.06000,0.359784
40306.07000,0.359778
40306.08000,0.359772
40306.09000,0.359767
40306.10000,0.359761
40306.11000,0.359755
40306.12000,0.35975
40306.13000,0.359744
40306.14000,0.359738
40306.15000,0.359733
40306.16000,0.359727
40306.17000,0.359713
40306.18000,0.359661
40306.19000,0.35961
40306.20000,0.359559
40306.21000,0.359507
40306.22000,0.359456
40306.23000,0.359405
40306.24000,0.359354
40306.25000,0.359302
40306.26000,0.359251
40306.27000,0.3592
40306.28000,0.359148
40306.29000,0.359097
40306.30000,0.359046
40306.31000,0.358995
40306.32000,0.358943
40306.33000,0.358892
40306.34000,0.358841
40306.35000,0.358789
40306.36000,0.358738
40306.37000,0.358687
40306.38000,0.358636
40306.39000,0.358584
40306.40000,0.358533
40306.41000,0.358482
40306.42000,0.35843
40306.43000,0.358379
40306.44000,0.358328
40306.45000,0.358277
40306.46000,0.358225
40306.47000,0.358174
40306.48000,0.358123
40306.49000,0.358071
40306.50000,0.35802
40306.51000,0.357969
40306.52000,0.357918
40306.53000,0.357866
40306.54000,0.357815
40306.55000,0.357764
40306.56000,0.357712
40306.57000,0.357661
40306.58000,0.35761
40306.59000,0.357562
40306.60000,0.357566
40306.61000,0.357571
40306.62000,0.357575
40306.63000,0.35758
40306.64000,0.357584
40306.65000,0.357589
40306.66000,0.357593
40306.67000,0.357598
40306.68000,0.357602
40306.69000,0.357607
40306.70000,0.357612
40306.71000,0.357616
40306.72000,0.357621
40306.73000,0.357625
40306.74000,0.35763
40306.75000,0.357634
40306.76000,0.357639
40306.77000,0.357643
40306.78000,0.357648
40306.79000,0.357653
40306.80000,0.357657
40306.81000,0.357662
40306.82000,0.357666
40306.83000,0.357671
40306.84000,0.357675
40306.85000,0.35768
40306.86000,0.357684
40306.87000,0.357689
40306.88000,0.357694
40306.89000,0.357698
40306.90000,0.357703
40306.91000,0.357707
40306.92000,0.357712
40306.93000,0.357716
40306.94000,0.357721
40306.95000,0.357725
40306.96000,0.35773
40306.97000,0.357734
40306.98000,0.357739
40306.99000,0.357744
40307.00000,0.357748
40307.01000,0.357753
40307.02000,0.357705
40307.03000,0.357652
40307.04000,0.3576
40307.05000,0.357547
40307.06000,0.357494
40307.07000,0.357442
40307.08000,0.357389
40307.09000,0.357336
40307.10000,0.357284
40307.11000,0.357231
40307.12000,0.357178
40307.13000,0.357126
40307.14000,0.357073
40307.15000,0.357021
40307.16000,0.356968
40307.17000,0.356915
40307.18000,0.356863
40307.19000,0.35681
40307.20000,0.356757
40307.21000,0.356705
40307.22000,0.356652
40307.23000,0.356599
40307.24000,0.356547
40307.25000,0.356494
40307.26000,0.356441
40307.27000,0.356389
40307.28000,0.356336
40307.29000,0.356283
40307.30000,0.356231
40307.31000,0.356178
40307.32000,0.356125
40307.33000,0.356073
40307.34000,0.35602
40307.35000,0.355968
40307.36000,0.355915
40307.37000,0.355862
40307.38000,0.35581
40307.39000,0.355757
40307.40000,0.355704
40307.41000,0.355652
40307.42000,0.355599
40307.43000,0.355546
40307.44000,0.355539
40307.45000,0.355545
40307.46000,0.355551
40307.47000,0.355557
40307.48000,0.355563
40307.49000,0.355569
40307.50000,0.355575
40307.51000,0.355581
40307.52000,0.355587
40307.53000,0.355593
40307.54000,0.355599
40307.55000,0.355605
40307.56000,0.355611
40307.57000,0.355617
40307.58000,0.355623
40307.59000,0.355629
40307.60000,0.355635
40307.61000,0.355641
40307.62000,0.355647
40307.63000,0.355653
40307.64000,0.355658
40307.65000,0.355664
40307.66000,0.35567
40307.67000,0.355676
40307.68000,0.355682
40307.69000,0.355688
40307.70000,0.355694
40307.71000,0.3557
40307.72000,0.355706
40307.73000,0.355712
40307.74000,0.355718
40307.75000,0.355724
40307.76000,0.35573
40307.77000,0.355736
40307.78000,0.355742
40307.79000,0.355748
40307.80000,0.355754
40307.81000,0.35576
40307.82000,0.355766
40307.83000,0.355772
40307.84000,0.355778
40307.85000,0.355784
40307.86000,0.355774
40307.87000,0.355754
40307.88000,0.355734
40307.89000,0.355715
40307.90000,0.355695
40307.91000,0.355675
40307.92000,0.355656
40307.93000,0.355636
40307.94000,0.355616
40307.95000,0.355597
40307.96000,0.355577
40307.97000,0.355557
40307.98000,0.355538
40307.99000,0.355518
40308.00000,0.355499
40308.01000,0.355479
40308.02000,0.355459
40308.03000,0.35544
40308.04000,0.35542
40308.05000,0.3554
40308.06000,0.355381
40308.07000,0.355361
40308.08000,0.355341
40308.09000,0.355322
40308.10000,0.355302
40308.11000,0.355282
40308.12000,0.355263
40308.13000,0.355243
40308.14000,0.355223
40308.15000,0.355204
40308.16000,0.355184
40308.17000,0.355164
40308.18000,0.355145
40308.19000,0.355125
40308.20000,0.355106
40308.21000,0.355086
40308.22000,0.355066
40308.23000,0.355047
40308.24000,0.355027
40308.25000,0.355007
40308.26000,0.354988
40308.27000,0.354968
40308.28000,0.354946
40308.29000,0.35492
40308.30000,0.354895
40308.31000,0.35487
40308.32000,0.354845
40308.33000,0.35482
40308.34000,0.354794
40308.35000,0.354769
40308.36000,0.354744
40308.37000,0.354719
40308.38000,0.354694
40308.39000,0.354668
40308.40000,0.354643
40308.41000,0.354618
40308.42000,0.354593
40308.43000,0.354568
40308.44000,0.354542
40308.45000,0.354517
40308.46000,0.354492
40308.47000,0.354467
40308.48000,0.354442
40308.49000,0.354416
40308.50000,0.354391
40308.51000,0.354366
40308.52000,0.354341
40308.53000,0.354316
40308.54000,0.35429
40308.55000,0.354265
40308.56000,0.35424
40308.57000,0.354215
40308.58000,0.35419
40308.59000,0.354164
40308.60000,0.354139
40308.61000,0.354114
40308.62000,0.354089
40308.63000,0.354063
40308.64000,0.354038
40308.65000,0.354013
40308.66000,0.353988
40308.67000,0.353963
40308.68000,0.353937
40308.69000,0.353912
40308.70000,0.353896
40308.71000,0.353897
40308.72000,0.353898
40308.73000,0.3539
40308.74000,0.353901
40308.75000,0.353902
40308.76000,0.353903
40308.77000,0.353904
40308.78000,0.353905
40308.79000,0.353906
40308.80000,0.353907
40308.81000,0.353908
40308.82000,0.353909
40308.83000,0.35391
40308.84000,0.353911
40308.85000,0.353912
40308.86000,0.353913
40308.87000,0.353914
40308.88000,0.353915
40308.89000,0.353916
40308.90000,0.353917
40308.91000,0.353918
40308.92000,0.353919
40308.93000,0.353921
40308.94000,0.353922
40308.95000,0.353923
40308.96000,0.353924
40308.97000,0.353925
40308.98000,0.353926
40308.99000,0.353927
40309.00000,0.353928
40309.01000,0.353929
40309.02000,0.35393
40309.03000,0.353931
40309.04000,0.353932
40309.05000,0.353933
40309.06000,0.353934
40309.07000,0.353935
40309.08000,0.353936
40309.09000,0.353937
40309.10000,0.353938
40309.11000,0.353939
40309.12000,0.353939
40309.13000,0.353931
40309.14000,0.353923
40309.15000,0.353915
40309.16000,0.353907
40309.17000,0.353899
40309.18000,0.353891
40309.19000,0.353883
40309.20000,0.353875
40309.21000,0.353867
40309.22000,0.353859
40309.23000,0.353852
40309.24000,0.353844
40309.25000,0.353836
40309.26000,0.353828
40309.27000,0.35382
40309.28000,0.353812
40309.29000,0.353804
40309.30000,0.353796
40309.31000,0.353788
40309.32000,0.35378
40309.33000,0.353773
40309.34000,0.353765
40309.35000,0.353757
40309.36000,0.353749
40309.37000,0.353741
40309.38000,0.353733
40309.39000,0.353725
40309.40000,0.353717
40309.41000,0.353709
40309.42000,0.353701
40309.43000,0.353694
40309.44000,0.353686
40309.45000,0.353545
40309.46000,0.353586
40309.47000,0.353849
40309.48000,0.35436
40309.49000,0.355395
40309.50000,0.356974
40309.51000,0.358982
40309.52000,0.361239
40309.53000,0.363415
40309.54000,0.365424
40309.55000,0.367274
40309.56000,0.369002
40309.57000,0.369674
40309.58000,0.369269
40309.59000,0.368108
40309.60000,0.366404
40309.61000,0.35839
40309.62000,0.358389
40309.63000,0.358388
40309.64000,0.358387
40309.65000,0.358386
40309.66000,0.358385
40309.67000,0.358384
40309.68000,0.358383
40309.69000,0.358381
40309.70000,0.35838
40309.71000,0.358379
40309.72000,0.358378
40309.73000,0.358377
40309.74000,0.358376
40309.75000,0.358375
40309.76000,0.358373
40309.77000,0.358372
40309.78000,0.358371
40309.79000,0.35837
40309.80000,0.358369
40309.81000,0.358368
40309.82000,0.358367
40309.83000,0.358366
40309.84000,0.358364
40309.85000,0.358363
40309.86000,0.358362
40309.87000,0.358361
40309.88000,0.35836
40309.89000,0.358359
40309.90000,0.358358
40309.91000,0.358357
40309.92000,0.358355
40309.93000,0.358354
40309.94000,0.358353
40309.95000,0.358352
40309.96000,0.358351
40309.97000,0.35835
40309.98000,0.358349
40309.99000,0.358348
40310.00000,0.358346
40310.01000,0.358345
40310.02000,0.358344
40310.03000,0.358343
40310.04000,0.358342
40310.05000,0.358341
40310.06000,0.35834
40310.07000,0.358338
40310.08000,0.358337
40310.09000,0.358336
40310.10000,0.358335
40310.11000,0.358334
40310.12000,0.358263
40310.13000,0.358193
40310.14000,0.358122
40310.15000,0.358051
40310.16000,0.35798
40310.17000,0.35791
40310.18000,0.357839
40310.19000,0.357768
40310.20000,0.357698
40310.21000,0.357627
40310.22000,0.357556
40310.23000,0.357485
40310.24000,0.357415
40310.25000,0.357344
40310.26000,0.357273
40310.27000,0.357203
40310.28000,0.357132
40310.29000,0.357061
40310.30000,0.35699
40310.31000,0.35692
40310.32000,0.356849
40310.33000,0.356778
40310.34000,0.356708
40310.35000,0.356637
40310.36000,0.356566
40310.37000,0.356495
40310.38000,0.356425
40310.39000,0.356354
40310.40000,0.356283
40310.41000,0.356213
40310.42000,0.356142
40310.43000,0.356071
40310.44000,0.356001
40310.45000,0.35593
40310.46000,0.355859
40310.47000,0.355788
40310.48000,0.355718
40310.49000,0.355684
40310.50000,0.355689
40310.51000,0.355693
40310.52000,0.355698
40310.53000,0.355702
40310.54000,0.355706
40310.55000,0.355711
40310.56000,0.355715
40310.57000,0.355719
40310.58000,0.355724
40310.59000,0.355728
40310.60000,0.355732
40310.61000,0.355737
40310.62000,0.355741
40310.63000,0.355745
40310.64000,0.35575
40310.65000,0.355754
40310.66000,0.355759
40310.67000,0.355763
40310.68000,0.355767
40310.69000,0.355772
40310.70000,0.355776
40310.71000,0.35578
40310.72000,0.355785
40310.73000,0.355789
40310.74000,0.355793
40310.75000,0.355798
40310.76000,0.355802
40310.77000,0.355806
40310.78000,0.355811
40310.79000,0.355815
40310.80000,0.35582
40310.81000,0.355824
40310.82000,0.355828
40310.83000,0.355833
40310.84000,0.355837
40310.85000,0.355841
40310.86000,0.355846
40310.87000,0.35585
40310.88000,0.355854
40310.89000,0.355859
40310.90000,0.355863
40310.91000,0.355867
40310.92000,0.355872
40310.93000,0.355876
40310.94000,0.35588
40310.95000,0.355885
40310.96000,0.355889
40310.97000,0.355894
40310.98000,0.355898
40310.99000,0.355874
40311.00000,0.355821
40311.01000,0.355769
40311.02000,0.355717
40311.03000,0.355664
40311.04000,0.355612
40311.05000,0.355559
40311.06000,0.355507
40311.07000,0.355454
40311.08000,0.355402
40311.09000,0.355349
40311.10000,0.355297
40311.11000,0.355245
40311.12000,0.355192
40311.13000,0.35514
40311.14000,0.355087
40311.15000,0.355035
40311.16000,0.354982
40311.17000,0.35493
40311.18000,0.354877
40311.19000,0.354825
40311.20000,0.354773
40311.21000,0.35472
40311.22000,0.354668
40311.23000,0.354615
40311.24000,0.354563
40311.25000,0.35451
40311.26000,0.354458
40311.27000,0.354406
40311.28000,0.354353
40311.29000,0.354301
40311.30000,0.354248
40311.31000,0.354196
40311.32000,0.354143
40311.33000,0.354091
40311.34000,0.354038
40311.35000,0.353986
40311.36000,0.353934
40311.37000,0.353881
40311.38000,0.353829
40311.39000,0.353776
40311.40000,0.353724
40311.41000,0.353671
40311.42000,0.353619
40311.43000,0.353566
40311.44000,0.353514
40311.45000,0.353462
40311.46000,0.353409
40311.47000,0.353357
40311.48000,0.353304
40311.49000,0.353281
40311.50000,0.353286
40311.51000,0.353291
40311.52000,0.353297
40311.53000,0.353302
40311.54000,0.353307
40311.55000,0.353313
40311.56000,0.353318
40311.57000,0.353323
40311.58000,0.353329
40311.59000,0.353334
40311.60000,0.353339
40311.61000,0.353345
40311.62000,0.35335
40311.63000,0.353355
40311.64000,0.353361
40311.65000,0.353366
40311.66000,0.353371
40311.67000,0.353377
40311.68000,0.353382
40311.69000,0.353387
40311.70000,0.353393
40311.71000,0.353398
40311.72000,0.353403
40311.73000,0.353409
40311.74000,0.353414
40311.75000,0.353419
40311.76000,0.353425
40311.77000,0.35343
40311.78000,0.353435
40311.79000,0.353441
40311.80000,0.353446
40311.81000,0.353451
40311.82000,0.353457
40311.83000,0.353462
40311.84000,0.353467
40311.85000,0.353473
40311.86000,0.353478
40311.87000,0.353484
40311.88000,0.353489
40311.89000,0.353494
40311.90000,0.3535
40311.91000,0.353505
40311.92000,0.35351
40311.93000,0.353516
40311.94000,0.353521
40311.95000,0.353526
40311.96000,0.353532
40311.97000,0.353537
40311.98000,0.353542
40311.99000,0.353531
40312.00000,0.353502
40312.01000,0.353474
40312.02000,0.353445
40312.03000,0.353417
40312.04000,0.353389
40312.05000,0.35336
40312.06000,0.353332
40312.07000,0.353303
40312.08000,0.353275
40312.09000,0.353247
40312.10000,0.353218
40312.11000,0.35319
40312.12000,0.353161
40312.13000,0.353133
40312.14000,0.353105
40312.15000,0.353076
40312.16000,0.353048
40312.17000,0.353019
40312.18000,0.352991
40312.19000,0.352963
40312.20000,0.352934
40312.21000,0.352906
40312.22000,0.352877
40312.23000,0.352849
40312.24000,0.352821
40312.25000,0.352792
40312.26000,0.352764
40312.27000,0.352735
40312.28000,0.352707
40312.29000,0.352679
40312.30000,0.35265
40312.31000,0.352622
40312.32000,0.352593
40312.33000,0.352565
40312.34000,0.352537
40312.35000,0.352508
40312.36000,0.35248
40312.37000,0.352451
40312.38000,0.352423
40312.39000,0.352395
40312.40000,0.352366
40312.41000,0.352338
40312.42000,0.352309
40312.43000,0.352281
40312.44000,0.352253
40312.45000,0.352224
40312.46000,0.352196
40312.47000,0.352167
40312.48000,0.352139
40312.49000,0.352131
40312.50000,0.352142
40312.51000,0.352153
40312.52000,0.352165
40312.53000,0.352176
40312.54000,0.352188
40312.55000,0.352199
40312.56000,0.352211
40312.57000,0.352222
40312.58000,0.352234
40312.59000,0.352245
40312.60000,0.352257
40312.61000,0.352268
40312.62000,0.35228
40312.63000,0.352291
40312.64000,0.352303
40312.65000,0.352314
40312.66000,0.352326
40312.67000,0.352337
40312.68000,0.352349
40312.69000,0.35236
40312.70000,0.354363
40312.71000,0.358887
40312.72000,0.364929
40312.73000,0.370714
40312.74000,0.372699
40312.75000,0.37232
40312.76000,0.370503
40312.77000,0.367691
40312.78000,0.365881
40312.79000,0.365137
40312.80000,0.365262
40312.81000,0.36607
40312.82000,0.366644
40312.83000,0.366678
40312.84000,0.366257
40312.85000,0.3655
40312.86000,0.362687
40312.87000,0.362627
40312.88000,0.362568
40312.89000,0.362508
40312.90000,0.362448
40312.91000,0.362389
40312.92000,0.362329
40312.93000,0.362269
40312.94000,0.362209
40312.95000,0.36215
40312.96000,0.36209
40312.97000,0.362072
40312.98000,0.362054
40312.99000,0.362037
40313.00000,0.362019
40313.01000,0.362001
40313.02000,0.361984
40313.03000,0.361966
40313.04000,0.361948
40313.05000,0.36193
40313.06000,0.361913
40313.07000,0.361895
40313.08000,0.361877
40313.09000,0.36186
40313.10000,0.361837
40313.11000,0.361812
40313.12000,0.361788
40313.13000,0.361763
40313.14000,0.361738
40313.15000,0.361714
40313.16000,0.361689
40313.17000,0.361664
40313.18000,0.36164
40313.19000,0.361615
40313.20000,0.36159
40313.21000,0.361566
40313.22000,0.361541
40313.23000,0.361516
40313.24000,0.361492
40313.25000,0.361467
40313.26000,0.361442
40313.27000,0.361417
40313.28000,0.361357
40313.29000,0.361291
40313.30000,0.361226
40313.31000,0.361161
40313.32000,0.361095
40313.33000,0.36103
40313.34000,0.360965
40313.35000,0.3609
40313.36000,0.360834
40313.37000,0.360769
40313.38000,0.360704
40313.39000,0.360638
40313.40000,0.360573
40313.41000,0.360508
40313.42000,0.360442
40313.43000,0.360377
40313.44000,0.360312
40313.45000,0.36025
40313.46000,0.36022
40313.47000,0.360189
40313.48000,0.360159
40313.49000,0.360128
40313.50000,0.360098
40313.51000,0.360067
40313.52000,0.360036
40313.53000,0.360006
40313.54000,0.359975
40313.55000,0.359945
40313.56000,0.359914
40313.57000,0.359884
40313.58000,0.359853
40313.59000,0.359822
40313.60000,0.359792
40313.61000,0.359761
40313.62000,0.359731
40313.63000,0.359716
40313.64000,0.359731
40313.65000,0.359747
40313.66000,0.359762
40313.67000,0.359778
40313.68000,0.359793
40313.69000,0.359809
40313.70000,0.359824
40313.71000,0.35984
40313.72000,0.359855
40313.73000,0.359871
40313.74000,0.359886
40313.75000,0.359902
40313.76000,0.359917
40313.77000,0.359933
40313.78000,0.359948
40313.79000,0.359964
40313.80000,0.359979
40313.81000,0.359981
40313.82000,0.359972
40313.83000,0.359963
40313.84000,0.359954
40313.85000,0.359945
40313.86000,0.359936
40313.87000,0.359927
40313.88000,0.359918
40313.89000,0.359909
40313.90000,0.3599
40313.91000,0.359891
40313.92000,0.359883
40313.93000,0.359874
40313.94000,0.359865
40313.95000,0.359856
40313.96000,0.359847
40313.97000,0.359838
40313.98000,0.359829
40313.99000,0.359819
40314.00000,0.359809
40314.01000,0.3598
40314.02000,0.35979
40314.03000,0.35978
40314.04000,0.35977
40314.05000,0.359761
40314.06000,0.359751
40314.07000,0.359741
40314.08000,0.359731
40314.09000,0.359722
40314.10000,0.359712
40314.11000,0.359702
40314.12000,0.359692
40314.13000,0.359683
40314.14000,0.359673
40314.15000,0.359663
40314.16000,0.359653
40314.17000,0.359644
40314.18000,0.359634
40314.19000,0.359624
40314.20000,0.359614
40314.21000,0.359605
40314.22000,0.359591
40314.23000,0.359528
40314.24000,0.359464
40314.25000,0.359401
40314.26000,0.359338
40314.27000,0.359275
40314.28000,0.359212
40314.29000,0.359148
40314.30000,0.359085
40314.31000,0.359022
40314.32000,0.358959
40314.33000,0.358895
40314.34000,0.358832
40314.35000,0.358769
40314.36000,0.358706
40314.37000,0.358642
40314.38000,0.358579
40314.39000,0.358516
40314.40000,0.358453
40314.41000,0.358389
40314.42000,0.358326
40314.43000,0.358263
40314.44000,0.3582
40314.45000,0.358136
40314.46000,0.358089
40314.47000,0.35807
40314.48000,0.35805
40314.49000,0.358031
40314.50000,0.358011
40314.51000,0.357992
40314.52000,0.357972
40314.53000,0.357953
40314.54000,0.357933
40314.55000,0.357914
40314.56000,0.357894
40314.57000,0.357874
40314.58000,0.357855
40314.59000,0.357835
40314.60000,0.357816
40314.61000,0.357796
40314.62000,0.357777
40314.63000,0.357757
40314.64000,0.357738
40314.65000,0.357718
40314.66000,0.357699
40314.67000,0.357679
40314.68000,0.35766
40314.69000,0.35764
40314.70000,0.357637
40314.71000,0.357641
40314.72000,0.357646
40314.73000,0.357651
40314.74000,0.357656
40314.75000,0.357661
40314.76000,0.357665
40314.77000,0.35767
40314.78000,0.357675
40314.79000,0.35768
40314.80000,0.357684
40314.81000,0.357689
40314.82000,0.357694
40314.83000,0.357699
40314.84000,0.357704
40314.85000,0.357708
40314.86000,0.357713
40314.87000,0.357718
40314.88000,0.357723
40314.89000,0.357728
40314.90000,0.357732
40314.91000,0.357737
40314.92000,0.357742
40314.93000,0.357747
40314.94000,0.357751
40314.95000,0.357756
40314.96000,0.357761
40314.97000,0.357766
40314.98000,0.357771
40314.99000,0.357775
40315.00000,0.35778
40315.01000,0.357785
40315.02000,0.357785
40315.03000,0.357786
40315.04000,0.357786
40315.05000,0.357787
40315.06000,0.357787
40315.07000,0.357788
40315.08000,0.357788
40315.09000,0.357789
40315.10000,0.35779
40315.11000,0.35779
40315.12000,0.357791
40315.13000,0.357791
40315.14000,0.357792
40315.15000,0.357792
40315.16000,0.357858
40315.17000,0.358055
40315.18000,0.35843
40315.19000,0.358991
40315.20000,0.359712
40315.21000,0.360551
40315.22000,0.36146
40315.23000,0.362366
40315.24000,0.362806
40315.25000,0.36281
40315.26000,0.362472
40315.27000,0.361889
40315.28000,0.35984
40315.29000,0.359826
40315.30000,0.359812
40315.31000,0.359798
40315.32000,0.359784
40315.33000,0.35977
40315.34000,0.359756
40315.35000,0.359742
40315.36000,0.359728
40315.37000,0.359714
40315.38000,0.359701
40315.39000,0.359687
40315.40000,0.359673
40315.41000,0.359934
40315.42000,0.360763
40315.43000,0.362153
40315.44000,0.363971
40315.45000,0.366029
40315.46000,0.368172
40315.47000,0.370294
40315.48000,0.372282
40315.49000,0.373451
40315.50000,0.374055
40315.51000,0.374316
40315.52000,0.374368
40315.53000,0.374146
40315.54000,0.373696
40315.55000,0.373065
40315.56000,0.372279
40315.57000,0.371653
40315.58000,0.371259
40315.59000,0.371041
40315.60000,0.370947
40315.61000,0.370859
40315.62000,0.370704
40315.63000,0.370479
40315.64000,0.370174
40315.65000,0.369316
40315.66000,0.369296
40315.67000,0.369275
40315.68000,0.369255
40315.69000,0.369235
40315.70000,0.369362
40315.71000,0.369755
40315.72000,0.370414
40315.73000,0.37131
40315.74000,0.372614
40315.75000,0.374193
40315.76000,0.37586
40315.77000,0.377471
40315.78000,0.379181
40315.79000,0.380868
40315.80000,0.382422
40315.81000,0.383811
40315.82000,0.384307
40315.83000,0.38405
40315.84000,0.383367
40315.85000,0.382428
40315.86000,0.381446
40315.87000,0.380524
40315.88000,0.379626
40315.89000,0.37872
40315.90000,0.377729
40315.91000,0.376577
40315.92000,0.375287
40315.93000,0.373883
40315.94000,0.3696
40315.95000,0.369539
40315.96000,0.369478
40315.97000,0.369416
40315.98000,0.369355
40315.99000,0.369294
40316.00000,0.369232
40316.01000,0.369171
40316.02000,0.36911
40316.03000,0.369048
40316.04000,0.368987
40316.05000,0.36898
40316.06000,0.368973
40316.07000,0.368966
40316.08000,0.36896
40316.09000,0.368953
40316.10000,0.368946
40316.11000,0.368939
40316.12000,0.368932
40316.13000,0.368925
40316.14000,0.368918
40316.15000,0.368911
40316.16000,0.368904
40316.17000,0.368898
40316.18000,0.368892
40316.19000,0.368888
40316.20000,0.368883
40316.21000,0.368879
40316.22000,0.368874
40316.23000,0.368869
40316.24000,0.368882
40316.25000,0.36899
40316.26000,0.369232
40316.27000,0.369622
40316.28000,0.370726
40316.29000,0.372599
40316.30000,0.374929
40316.31000,0.377322
40316.32000,0.378842
40316.33000,0.379525
40316.34000,0.379728
40316.35000,0.379675
40316.36000,0.379139
40316.37000,0.378013
40316.38000,0.376468
40316.39000,0.374627
40316.40000,0.367352
40316.41000,0.367349
40316.42000,0.367347
40316.43000,0.367345
40316.44000,0.367343
40316.45000,0.367341
40316.46000,0.367339
40316.47000,0.367337
40316.48000,0.367335
40316.49000,0.367333
40316.50000,0.36733
40316.51000,0.367328
40316.52000,0.367326
40316.53000,0.367324
40316.54000,0.367322
40316.55000,0.36732
40316.56000,0.367318
40316.57000,0.367316
40316.58000,0.367314
40316.59000,0.367311
40316.60000,0.367309
40316.61000,0.367307
40316.62000,0.367305
40316.63000,0.367303
40316.64000,0.367301
40316.65000,0.367299
40316.66000,0.367297
40316.67000,0.367295
40316.68000,0.367292
40316.69000,0.36729
40316.70000,0.367288
40316.71000,0.367286
40316.72000,0.367284
40316.73000,0.367282
40316.74000,0.36728
40316.75000,0.367278
40316.76000,0.367276
40316.77000,0.367273
40316.78000,0.367271
40316.79000,0.367269
40316.80000,0.367267
40316.81000,0.367265
40316.82000,0.367263
40316.83000,0.367261
40316.84000,0.367259
40316.85000,0.367256
40316.86000,0.367254
40316.87000,0.367252
40316.88000,0.36725
40316.89000,0.367248
40316.90000,0.367246
40316.91000,0.367218
40316.92000,0.367191
40316.93000,0.367163
40316.94000,0.367136
40316.95000,0.367109
40316.96000,0.367081
40316.97000,0.367054
40316.98000,0.367026
40316.99000,0.366999
40317.00000,0.366971
40317.01000,0.366944
40317.02000,0.366916
40317.03000,0.366889
40317.04000,0.366861
40317.05000,0.366834
40317.06000,0.366806
40317.07000,0.366779
40317.08000,0.366751
40317.09000,0.366724
40317.10000,0.366696
40317.11000,0.366669
40317.12000,0.366642
40317.13000,0.366614
40317.14000,0.366587
40317.15000,0.366559
40317.16000,0.366532
40317.17000,0.366504
40317.18000,0.366477
40317.19000,0.366449
40317.20000,0.366422
40317.21000,0.366394
40317.22000,0.366367
40317.23000,0.366339
40317.24000,0.366312
40317.25000,0.366284
40317.26000,0.366257
40317.27000,0.366229
40317.28000,0.366211
40317.29000,0.366201
40317.30000,0.366192
40317.31000,0.366182
40317.32000,0.366173
40317.33000,0.366163
40317.34000,0.366154
40317.35000,0.366144
40317.36000,0.366134
40317.37000,0.366125
40317.38000,0.366115
40317.39000,0.366106
40317.40000,0.366096
40317.41000,0.366087
40317.42000,0.366077
40317.43000,0.366067
40317.44000,0.366058
40317.45000,0.366048
40317.46000,0.366039
40317.47000,0.366029
40317.48000,0.36602
40317.49000,0.36601
40317.50000,0.366
40317.51000,0.365991
40317.52000,0.365981
40317.53000,0.365972
40317.54000,0.365962
40317.55000,0.365953
40317.56000,0.365943
40317.57000,0.365933
40317.58000,0.365924
40317.59000,0.365914
40317.60000,0.365905
40317.61000,0.365895
40317.62000,0.365886
40317.63000,0.365876
40317.64000,0.365867
40317.65000,0.365857
40317.66000,0.365847
40317.67000,0.365838
40317.68000,0.365828
40317.69000,0.365819
40317.70000,0.365809
40317.71000,0.3658
40317.72000,0.36579
40317.73000,0.36578
40317.74000,0.365771
40317.75000,0.365761
40317.76000,0.365752
40317.77000,0.365742
40317.78000,0.365727
40317.79000,0.365707
40317.80000,0.365687
40317.81000,0.365667
40317.82000,0.365647
40317.83000,0.365626
40317.84000,0.365606
40317.85000,0.365586
40317.86000,0.365566
40317.87000,0.365546
40317.88000,0.365526
40317.89000,0.365505
40317.90000,0.365485
40317.91000,0.365465
40317.92000,0.365445
40317.93000,0.365425
40317.94000,0.365405
40317.95000,0.365384
40317.96000,0.365364
40317.97000,0.365344
40317.98000,0.365324
40317.99000,0.365304
40318.00000,0.365283
40318.01000,0.365263
40318.02000,0.365243
40318.03000,0.365223
40318.04000,0.365203
40318.05000,0.365183
40318.06000,0.365162
40318.07000,0.365142
40318.08000,0.365122
40318.09000,0.365102
40318.10000,0.365082
40318.11000,0.365062
40318.12000,0.365041
40318.13000,0.365021
40318.14000,0.365001
40318.15000,0.364981
40318.16000,0.364961
40318.17000,0.364941
40318.18000,0.36492
40318.19000,0.3649
40318.20000,0.36488
40318.21000,0.36486
40318.22000,0.36484
40318.23000,0.364819
40318.24000,0.364799
40318.25000,0.364779
40318.26000,0.364759
40318.27000,0.364739
40318.28000,0.364724
40318.29000,0.364715
40318.30000,0.364705
40318.31000,0.364696
40318.32000,0.364686
40318.33000,0.364677
40318.34000,0.364667
40318.35000,0.364658
40318.36000,0.364648
40318.37000,0.364639
40318.38000,0.364629
40318.39000,0.36462
40318.40000,0.36461
40318.41000,0.364601
40318.42000,0.364592
40318.43000,0.364582
40318.44000,0.364573
40318.45000,0.364563
40318.46000,0.364554
40318.47000,0.364544
40318.48000,0.364535
40318.49000,0.364525
40318.50000,0.364516
40318.51000,0.364506
40318.52000,0.364497
40318.53000,0.364487
40318.54000,0.364478
40318.55000,0.364468
40318.56000,0.364459
40318.57000,0.36445
40318.58000,0.36444
40318.59000,0.364431
40318.60000,0.364421
40318.61000,0.364412
40318.62000,0.364402
40318.63000,0.364393
40318.64000,0.364383
40318.65000,0.364374
40318.66000,0.364364
40318.67000,0.364355
40318.68000,0.364345
40318.69000,0.364336
40318.70000,0.364327
40318.71000,0.364317
40318.72000,0.364308
40318.73000,0.364298
40318.74000,0.364289
40318.75000,0.364279
40318.76000,0.36427
40318.77000,0.36426
40318.78000,0.364246
40318.79000,0.364226
40318.80000,0.364205
40318.81000,0.364185
40318.82000,0.364165
40318.83000,0.364145
40318.84000,0.364125
40318.85000,0.364105
40318.86000,0.364085
40318.87000,0.364065
40318.88000,0.364045
40318.89000,0.364025
40318.90000,0.364005
40318.91000,0.363985
40318.92000,0.363965
40318.93000,0.363945
40318.94000,0.363925
40318.95000,0.363905
40318.96000,0.363885
40318.97000,0.363865
40318.98000,0.363845
40318.99000,0.363825
40319.00000,0.363805
40319.01000,0.363784
40319.02000,0.363764
40319.03000,0.363744
40319.04000,0.363724
40319.05000,0.363704
40319.06000,0.363684
40319.07000,0.363664
40319.08000,0.363644
40319.09000,0.363624
40319.10000,0.363604
40319.11000,0.363584
40319.12000,0.363564
40319.13000,0.363544
40319.14000,0.363524
40319.15000,0.363504
40319.16000,0.363484
40319.17000,0.363464
40319.18000,0.363444
40319.19000,0.363424
40319.20000,0.363404
40319.21000,0.363384
40319.22000,0.363364
40319.23000,0.363343
40319.24000,0.363323
40319.25000,0.363303
40319.26000,0.363283
40319.27000,0.363263
40319.28000,0.363249
40319.29000,0.36324
40319.30000,0.36323
40319.31000,0.363221
40319.32000,0.363212
40319.33000,0.363203
40319.34000,0.363194
40319.35000,0.363185
40319.36000,0.363175
40319.37000,0.363166
40319.38000,0.363157
40319.39000,0.363148
40319.40000,0.363139
40319.41000,0.36313
40319.42000,0.363121
40319.43000,0.363111
40319.44000,0.363102
40319.45000,0.363093
40319.46000,0.363084
40319.47000,0.363075
40319.48000,0.363066
40319.49000,0.363057
40319.50000,0.363047
40319.51000,0.363038
40319.52000,0.363029
40319.53000,0.36302
40319.54000,0.363011
40319.55000,0.363002
40319.56000,0.362992
40319.57000,0.362983
40319.58000,0.362974
40319.59000,0.362965
40319.60000,0.362956
40319.61000,0.362947
40319.62000,0.362938
40319.63000,0.362928
40319.64000,0.362919
40319.65000,0.36291
40319.66000,0.362901
40319.67000,0.362892
40319.68000,0.362883
40319.69000,0.362873
40319.70000,0.362864
40319.71000,0.362855
40319.72000,0.362846
40319.73000,0.362837
40319.74000,0.362828
40319.75000,0.362819
40319.76000,0.362809
40319.77000,0.3628
40319.78000,0.362788
40319.79000,0.362773
40319.80000,0.362757
40319.81000,0.362742
40319.82000,0.362727
40319.83000,0.362711
40319.84000,0.362696
40319.85000,0.362681
40319.86000,0.362665
40319.87000,0.36265
40319.88000,0.362635
40319.89000,0.36262
40319.90000,0.362604
40319.91000,0.362589
40319.92000,0.362574
40319.93000,0.362558
40319.94000,0.362543
40319.95000,0.362528
40319.96000,0.362512
40319.97000,0.362497
40319.98000,0.362482
40319.99000,0.362466
40320.00000,0.362451
40320.01000,0.362436
40320.02000,0.36242
40320.03000,0.362405
40320.04000,0.36239
40320.05000,0.362375
40320.06000,0.362359
40320.07000,0.362344
40320.08000,0.362329
40320.09000,0.362313
40320.10000,0.362298
40320.11000,0.362283
40320.12000,0.362267
40320.13000,0.362252
40320.14000,0.362237
40320.15000,0.362221
40320.16000,0.362206
40320.17000,0.362191
40320.18000,0.362175
40320.19000,0.36216
40320.20000,0.362145
40320.21000,0.36213
40320.22000,0.362114
40320.23000,0.362099
40320.24000,0.362084
40320.25000,0.362068
40320.26000,0.362053
40320.27000,0.362038
40320.28000,0.362029
40320.29000,0.362026
40320.30000,0.362023
40320.31000,0.362021
40320.32000,0.362018
40320.33000,0.362015
40320.34000,0.362013
40320.35000,0.36201
40320.36000,0.362007
40320.37000,0.362005
40320.38000,0.362002
40320.39000,0.362
40320.40000,0.361997
40320.41000,0.361994
40320.42000,0.361992
40320.43000,0.361989
40320.44000,0.361986
40320.45000,0.361984
40320.46000,0.361981
40320.47000,0.361978
40320.48000,0.361976
40320.49000,0.361973
40320.50000,0.36197
40320.51000,0.361968
40320.52000,0.361965
40320.53000,0.361962
40320.54000,0.36196
40320.55000,0.361957
40320.56000,0.361954
40320.57000,0.361952
40320.58000,0.361949
40320.59000,0.361947
40320.60000,0.361944
40320.61000,0.361941
40320.62000,0.361939
40320.63000,0.361936
40320.64000,0.361933
40320.65000,0.361931
40320.66000,0.362045
40320.67000,0.362516
40320.68000,0.363384
40320.69000,0.364548
40320.70000,0.365779
40320.71000,0.366982
40320.72000,0.368125
40320.73000,0.369153
40320.74000,0.369517
40320.75000,0.369344
40320.76000,0.368788
40320.77000,0.367969
40320.78000,0.365563
40320.79000,0.365559
40320.80000,0.365554
40320.81000,0.365549
40320.82000,0.365545
40320.83000,0.36554
40320.84000,0.365535
40320.85000,0.365531
40320.86000,0.365526
40320.87000,0.365521
40320.88000,0.365517
40320.89000,0.365512
40320.90000,0.365507
40320.91000,0.365503
40320.92000,0.365498
40320.93000,0.365493
40320.94000,0.365489
40320.95000,0.365517
40320.96000,0.365675
40320.97000,0.36598
40320.98000,0.366412
40320.99000,0.366714
40321.00000,0.366844
40321.01000,0.366815
40321.02000,0.366661
40321.03000,0.371192
40321.04000,0.380037
40321.05000,0.387377
40321.06000,0.391421
40321.07000,0.39283
40321.08000,0.393025
40321.09000,0.392622
40321.10000,0.391803
40321.11000,0.390601
40321.12000,0.388998
40321.13000,0.386911
40321.14000,0.384262
40321.15000,0.381464
40321.16000,0.379234
40321.17000,0.377413
40321.18000,0.375774
40321.19000,0.374404
40321.20000,0.373862
40321.21000,0.373991
40321.22000,0.374586
40321.23000,0.375387
40321.24000,0.375397
40321.25000,0.37479
40321.26000,0.373775
40321.27000,0.372508
40321.28000,0.369572
40321.29000,0.36946
40321.30000,0.369347
40321.31000,0.369234
40321.32000,0.369121
40321.33000,0.369009
40321.34000,0.368896
40321.35000,0.368783
40321.36000,0.368671
40321.37000,0.368558
40321.38000,0.368445
40321.39000,0.368386
40321.40000,0.368327
40321.41000,0.368267
40321.42000,0.368208
40321.43000,0.368149
40321.44000,0.368089
40321.45000,0.36803
40321.46000,0.367971
40321.47000,0.367912
40321.48000,0.367852
40321.49000,0.367793
40321.50000,0.367734
40321.51000,0.367674
40321.52000,0.367653
40321.53000,0.36765
40321.54000,0.367647
40321.55000,0.367644
40321.56000,0.367641
40321.57000,0.367638
40321.58000,0.367635
40321.59000,0.367632
40321.60000,0.367629
40321.61000,0.367626
40321.62000,0.367623
40321.63000,0.36762
40321.64000,0.367617
40321.65000,0.367618
40321.66000,0.367626
40321.67000,0.367634
40321.68000,0.367643
40321.69000,0.367651
40321.70000,0.367728
40321.71000,0.367906
40321.72000,0.368225
40321.73000,0.368674
40321.74000,0.369003
40321.75000,0.369167
40321.76000,0.369177
40321.77000,0.369064
40321.78000,0.368502
40321.79000,0.368481
40321.80000,0.36846
40321.81000,0.368438
40321.82000,0.368417
40321.83000,0.368396
40321.84000,0.368375
40321.85000,0.368354
40321.86000,0.368332
40321.87000,0.368311
40321.88000,0.36829
40321.89000,0.368277
40321.90000,0.368263
40321.91000,0.368249
40321.92000,0.368236
40321.93000,0.368222
40321.94000,0.368209
40321.95000,0.368195
40321.96000,0.368181
40321.97000,0.368168
40321.98000,0.368154
40321.99000,0.368141
40322.00000,0.368127
40322.01000,0.368113
40322.02000,0.368101
40322.03000,0.368088
40322.04000,0.368076
40322.05000,0.368064
40322.06000,0.368052
40322.07000,0.368039
40322.08000,0.368027
40322.09000,0.368015
40322.10000,0.368003
40322.11000,0.36799
40322.12000,0.367978
40322.13000,0.367966
40322.14000,0.367954
40322.15000,0.367941
40322.16000,0.367929
40322.17000,0.367917
40322.18000,0.367904
40322.19000,0.367892
40322.20000,0.367839
40322.21000,0.36778
40322.22000,0.367721
40322.23000,0.367663
40322.24000,0.367604
40322.25000,0.367545
40322.26000,0.367486
40322.27000,0.367428
40322.28000,0.367369
40322.29000,0.36731
40322.30000,0.367252
40322.31000,0.367193
40322.32000,0.367134
40322.33000,0.367076
40322.34000,0.367017
40322.35000,0.366958
40322.36000,0.3669
40322.37000,0.366841
40322.38000,0.366782
40322.39000,0.366723
40322.40000,0.366665
40322.41000,0.366606
40322.42000,0.366547
40322.43000,0.366495
40322.44000,0.366471
40322.45000,0.366446
40322.46000,0.366422
40322.47000,0.366397
40322.48000,0.366373
40322.49000,0.366349
40322.50000,0.366324
40322.51000,0.3663
40322.52000,0.366275
40322.53000,0.366251
40322.54000,0.366227
40322.55000,0.366202
40322.56000,0.366178
40322.57000,0.366153
40322.58000,0.366129
40322.59000,0.366105
40322.60000,0.36608
40322.61000,0.366056
40322.62000,0.366031
40322.63000,0.366007
40322.64000,0.365983
40322.65000,0.365958
40322.66000,0.365934
40322.67000,0.365921
40322.68000,0.365922
40322.69000,0.365922
40322.70000,0.365923
40322.71000,0.365923
40322.72000,0.365924
40322.73000,0.365924
40322.74000,0.365925
40322.75000,0.365925
40322.76000,0.365926
40322.77000,0.365926
40322.78000,0.365927
40322.79000,0.365927
40322.80000,0.365928
40322.81000,0.365928
40322.82000,0.365929
40322.83000,0.365929
40322.84000,0.36593
40322.85000,0.36593
40322.86000,0.365931
40322.87000,0.365931
40322.88000,0.365932
40322.89000,0.365932
40322.90000,0.365933
40322.91000,0.365922
40322.92000,0.365909
40322.93000,0.365895
40322.94000,0.365882
40322.95000,0.365868
40322.96000,0.365854
40322.97000,0.365841
40322.98000,0.365827
40322.99000,0.365814
40323.00000,0.3658
40323.01000,0.365787
40323.02000,0.365773
40323.03000,0.36576
40323.04000,0.365746
40323.05000,0.365733
40323.06000,0.365719
40323.07000,0.365705
40323.08000,0.365692
40323.09000,0.365678
40323.10000,0.365665
40323.11000,0.365651
40323.12000,0.365638
40323.13000,0.365624
40323.14000,0.365611
40323.15000,0.365597
40323.16000,0.365584
40323.17000,0.36557
40323.18000,0.365557
40323.19000,0.365543
40323.20000,0.365529
40323.21000,0.365516
40323.22000,0.365498
40323.23000,0.365456
40323.24000,0.365414
40323.25000,0.365373
40323.26000,0.365331
40323.27000,0.36529
40323.28000,0.365248
40323.29000,0.365206
40323.30000,0.365165
40323.31000,0.365123
40323.32000,0.365082
40323.33000,0.36504
40323.34000,0.364998
40323.35000,0.364957
40323.36000,0.364915
40323.37000,0.364874
40323.38000,0.364832
40323.39000,0.364791
40323.40000,0.364749
40323.41000,0.364707
40323.42000,0.364666
40323.43000,0.364624
40323.44000,0.364583
40323.45000,0.364541
40323.46000,0.364499
40323.47000,0.364458
40323.48000,0.364416
40323.49000,0.364375
40323.50000,0.364333
40323.51000,0.364292
40323.52000,0.36425
40323.53000,0.364208
40323.54000,0.364167
40323.55000,0.364125
40323.56000,0.364084
40323.57000,0.364042
40323.58000,0.364
40323.59000,0.363959
40323.60000,0.363917
40323.61000,0.363876
40323.62000,0.363834
40323.63000,0.363792
40323.64000,0.363752
40323.65000,0.363752
40323.66000,0.363752
40323.67000,0.363752
40323.68000,0.363752
40323.69000,0.363752
40323.70000,0.363751
40323.71000,0.363751
40323.72000,0.363751
40323.73000,0.363751
40323.74000,0.363751
40323.75000,0.363751
40323.76000,0.363751
40323.77000,0.36375
40323.78000,0.36375
40323.79000,0.36375
40323.80000,0.36375
40323.81000,0.36375
40323.82000,0.36375
40323.83000,0.36375
40323.84000,0.363749
40323.85000,0.363749
40323.86000,0.363749
40323.87000,0.363749
40323.88000,0.363749
40323.89000,0.363749
40323.90000,0.363749
40323.91000,0.363748
40323.92000,0.363748
40323.93000,0.363748
40323.94000,0.363748
40323.95000,0.363748
40323.96000,0.363748
40323.97000,0.363748
40323.98000,0.363747
40323.99000,0.363747
40324.00000,0.363747
40324.01000,0.363747
40324.02000,0.363747
40324.03000,0.363747
40324.04000,0.363747
40324.05000,0.363746
40324.06000,0.363746
40324.07000,0.363689
40324.08000,0.363625
40324.09000,0.363561
40324.10000,0.363498
40324.11000,0.363434
40324.12000,0.36337
40324.13000,0.363306
40324.14000,0.363242
40324.15000,0.363178
40324.16000,0.363114
40324.17000,0.36305
40324.18000,0.362986
40324.19000,0.362922
40324.20000,0.362859
40324.21000,0.362795
40324.22000,0.362731
40324.23000,0.362667
40324.24000,0.362603
40324.25000,0.362539
40324.26000,0.362475
40324.27000,0.362411
40324.28000,0.362347
40324.29000,0.362283
40324.30000,0.36222
40324.31000,0.362156
40324.32000,0.362092
40324.33000,0.362028
40324.34000,0.361964
40324.35000,0.3619
40324.36000,0.361836
40324.37000,0.361772
40324.38000,0.361708
40324.39000,0.361644
40324.40000,0.361581
40324.41000,0.361517
40324.42000,0.361453
40324.43000,0.361389
40324.44000,0.361325
40324.45000,0.361261
40324.46000,0.361197
40324.47000,0.361133
40324.48000,0.361069
40324.49000,0.361056
40324.50000,0.361058
40324.51000,0.361061
40324.52000,0.361063
40324.53000,0.361066
40324.54000,0.361069
40324.55000,0.361071
40324.56000,0.361074
40324.57000,0.361076
40324.58000,0.361079
40324.59000,0.361082
40324.60000,0.361084
40324.61000,0.361087
40324.62000,0.361089
40324.63000,0.361092
40324.64000,0.361095
40324.65000,0.361097
40324.66000,0.3611
40324.67000,0.361102
40324.68000,0.361105
40324.69000,0.361108
40324.70000,0.36111
40324.71000,0.361113
40324.72000,0.361115
40324.73000,0.361118
40324.74000,0.361121
40324.75000,0.361123
40324.76000,0.361126
40324.77000,0.361128
40324.78000,0.361131
40324.79000,0.361134
40324.80000,0.361136
40324.81000,0.361139
40324.82000,0.361141
40324.83000,0.361144
40324.84000,0.361147
40324.85000,0.361149
40324.86000,0.361152
40324.87000,0.361154
40324.88000,0.361157
40324.89000,0.36116
40324.90000,0.361162
40324.91000,0.361165
40324.92000,0.361167
40324.93000,0.36117
40324.94000,0.361173
40324.95000,0.361175
40324.96000,0.361178
40324.97000,0.36118
40324.98000,0.361183
40324.99000,0.361151
40325.00000,0.361108
40325.01000,0.361065
40325.02000,0.361022
40325.03000,0.360979
40325.04000,0.360936
40325.05000,0.360893
40325.06000,0.36085
40325.07000,0.360807
40325.08000,0.360764
40325.09000,0.360721
40325.10000,0.360678
40325.11000,0.360635
40325.12000,0.360592
40325.13000,0.360548
40325.14000,0.360505
40325.15000,0.360462
40325.16000,0.360419
40325.17000,0.360376
40325.18000,0.360333
40325.19000,0.36029
40325.20000,0.360247
40325.21000,0.360204
40325.22000,0.360161
40325.23000,0.360118
40325.24000,0.360075
40325.25000,0.360032
40325.26000,0.359989
40325.27000,0.359946
40325.28000,0.359903
40325.29000,0.35986
40325.30000,0.359817
40325.31000,0.359774
40325.32000,0.359731
40325.33000,0.359687
40325.34000,0.359644
40325.35000,0.359601
40325.36000,0.359558
40325.37000,0.359515
40325.38000,0.359472
40325.39000,0.359429
40325.40000,0.359386
40325.41000,0.359343
40325.42000,0.3593
40325.43000,0.359257
40325.44000,0.359214
40325.45000,0.359171
40325.46000,0.359128
40325.47000,0.359085
40325.48000,0.359042
40325.49000,0.359037
40325.50000,0.359044
40325.51000,0.359051
40325.52000,0.359059
40325.53000,0.359066
40325.54000,0.359074
40325.55000,0.359081
40325.56000,0.359088
40325.57000,0.359096
40325.58000,0.359103
40325.59000,0.35911
40325.60000,0.359118
40325.61000,0.359125
40325.62000,0.359133
40325.63000,0.35914
40325.64000,0.359147
40325.65000,0.359155
40325.66000,0.359162
40325.67000,0.35917
40325.68000,0.359177
40325.69000,0.359184
40325.70000,0.359192
40325.71000,0.359199
40325.72000,0.359207
40325.73000,0.359214
40325.74000,0.359221
40325.75000,0.359229
40325.76000,0.359236
40325.77000,0.359243
40325.78000,0.359251
40325.79000,0.359258
40325.80000,0.359266
40325.81000,0.359273
40325.82000,0.35928
40325.83000,0.359288
40325.84000,0.359295
40325.85000,0.359303
40325.86000,0.35931
40325.87000,0.359877
40325.88000,0.360972
40325.89000,0.362602
40325.90000,0.365774
40325.91000,0.371647
40325.92000,0.378294
40325.93000,0.384029
40325.94000,0.387856
40325.95000,0.388223
40325.96000,0.38711
40325.97000,0.383538
40325.98000,0.379721
40325.99000,0.376531
40326.00000,0.374341
40326.01000,0.372818
40326.02000,0.371788
40326.03000,0.371413
40326.04000,0.37174
40326.05000,0.372672
40326.06000,0.373865
40326.07000,0.374569
40326.08000,0.37451
40326.09000,0.373855
40326.10000,0.372275
40326.11000,0.369722
40326.12000,0.369681
40326.13000,0.36964
40326.14000,0.369599
40326.15000,0.369558
40326.16000,0.369516
40326.17000,0.369475
40326.18000,0.369434
40326.19000,0.369393
40326.20000,0.369352
40326.21000,0.3693
40326.22000,0.369215
40326.23000,0.36913
40326.24000,0.369069
40326.25000,0.369027
40326.26000,0.368985
40326.27000,0.368942
40326.28000,0.36888
40326.29000,0.368817
40326.30000,0.368753
40326.31000,0.368689
40326.32000,0.368625
40326.33000,0.36856
40326.34000,0.368491
40326.35000,0.368421
40326.36000,0.368351
40326.37000,0.368281
40326.38000,0.368211
40326.39000,0.368138
40326.40000,0.368065
40326.41000,0.367993
40326.42000,0.36792
40326.43000,0.367847
40326.44000,0.367774
40326.45000,0.367708
40326.46000,0.367643
40326.47000,0.367579
40326.48000,0.367515
40326.49000,0.367451
40326.50000,0.367386
40326.51000,0.367322
40326.52000,0.367258
40326.53000,0.367206
40326.54000,0.367183
40326.55000,0.367159
40326.56000,0.367136
40326.57000,0.367112
40326.58000,0.367089
40326.59000,0.367065
40326.60000,0.367042
40326.61000,0.367018
40326.62000,0.366995
40326.63000,0.366971
40326.64000,0.366951
40326.65000,0.366963
40326.66000,0.366975
40326.67000,0.366987
40326.68000,0.366999
40326.69000,0.367011
40326.70000,0.367023
40326.71000,0.367035
40326.72000,0.367047
40326.73000,0.367059
40326.74000,0.367071
40326.75000,0.367083
40326.76000,0.367108
40326.77000,0.367135
40326.78000,0.367162
40326.79000,0.367311
40326.80000,0.367583
40326.81000,0.368001
40326.82000,0.371513
40326.83000,0.378715
40326.84000,0.385183
40326.85000,0.38934
40326.86000,0.390724
40326.87000,0.390079
40326.88000,0.387932
40326.89000,0.383916
40326.90000,0.370884
40326.91000,0.37072
40326.92000,0.370556
40326.93000,0.370393
40326.94000,0.370229
40326.95000,0.370065
40326.96000,0.369901
40326.97000,0.369738
40326.98000,0.369574
40326.99000,0.36941
40327.00000,0.369246
40327.01000,0.369208
40327.02000,0.369169
40327.03000,0.369131
40327.04000,0.369093
40327.05000,0.369054
40327.06000,0.369016
40327.07000,0.368977
40327.08000,0.368952
40327.09000,0.368942
40327.10000,0.368931
40327.11000,0.36892
40327.12000,0.368909
40327.13000,0.368898
40327.14000,0.368887
40327.15000,0.368876
40327.16000,0.368861
40327.17000,0.368847
40327.18000,0.368832
40327.19000,0.368817
40327.20000,0.368803
40327.21000,0.368777
40327.22000,0.368734
40327.23000,0.368691
40327.24000,0.368648
40327.25000,0.368605
40327.26000,0.368562
40327.27000,0.368519
40327.28000,0.368477
40327.29000,0.36841
40327.30000,0.368341
40327.31000,0.368271
40327.32000,0.368202
40327.33000,0.368132
40327.34000,0.368063
40327.35000,0.367993
40327.36000,0.367924
40327.37000,0.367854
40327.38000,0.367785
40327.39000,0.367715
40327.40000,0.367645
40327.41000,0.367575
40327.42000,0.367505
40327.43000,0.367436
40327.44000,0.367366
40327.45000,0.367296
40327.46000,0.367226
40327.47000,0.367156
40327.48000,0.367086
40327.49000,0.367016
40327.50000,0.366946
40327.51000,0.366876
40327.52000,0.366833
40327.53000,0.366812
40327.54000,0.366791
40327.55000,0.36677
40327.56000,0.366749
40327.57000,0.366728
40327.58000,0.366707
40327.59000,0.366686
40327.60000,0.366665
40327.61000,0.366644
40327.62000,0.366624
40327.63000,0.366603
40327.64000,0.366582
40327.65000,0.366561
40327.66000,0.36654
40327.67000,0.366519
40327.68000,0.366498
40327.69000,0.366477
40327.70000,0.366473
40327.71000,0.366474
40327.72000,0.366475
40327.73000,0.366475
40327.74000,0.366476
40327.75000,0.366477
40327.76000,0.366478
40327.77000,0.366479
40327.78000,0.36648
40327.79000,0.366481
40327.80000,0.366482
40327.81000,0.366483
40327.82000,0.366484
40327.83000,0.366484
40327.84000,0.366485
40327.85000,0.366486
40327.86000,0.366487
40327.87000,0.366488
40327.88000,0.366489
40327.89000,0.36649
40327.90000,0.366491
40327.91000,0.366492
40327.92000,0.366493
40327.93000,0.366493
40327.94000,0.366485
40327.95000,0.366476
40327.96000,0.366468
40327.97000,0.36646
40327.98000,0.366452
40327.99000,0.366443
40328.00000,0.366435
40328.01000,0.366427
40328.02000,0.366418
40328.03000,0.36641
40328.04000,0.366402
40328.05000,0.366394
40328.06000,0.366385
40328.07000,0.366377
40328.08000,0.366369
40328.09000,0.36636
40328.10000,0.366352
40328.11000,0.366344
40328.12000,0.366336
40328.13000,0.366327
40328.14000,0.366319
40328.15000,0.366311
40328.16000,0.366302
40328.17000,0.366277
40328.18000,0.366221
40328.19000,0.366165
40328.20000,0.366109
40328.21000,0.366053
40328.22000,0.365997
40328.23000,0.365941
40328.24000,0.365885
40328.25000,0.365829
40328.26000,0.365773
40328.27000,0.365717
40328.28000,0.365661
40328.29000,0.365605
40328.30000,0.36555
40328.31000,0.365494
40328.32000,0.365438
40328.33000,0.365382
40328.34000,0.365326
40328.35000,0.36527
40328.36000,0.365214
40328.37000,0.365158
40328.38000,0.365102
40328.39000,0.365046
40328.40000,0.36499
40328.41000,0.364949
40328.42000,0.364917
40328.43000,0.364885
40328.44000,0.364853
40328.45000,0.364821
40328.46000,0.364789
40328.47000,0.364757
40328.48000,0.364724
40328.49000,0.364692
40328.50000,0.36466
40328.51000,0.364628
40328.52000,0.364596
40328.53000,0.364564
40328.54000,0.364532
40328.55000,0.3645
40328.56000,0.364467
40328.57000,0.364435
40328.58000,0.364403
40328.59000,0.364371
40328.60000,0.364339
40328.61000,0.364307
40328.62000,0.364275
40328.63000,0.364243
40328.64000,0.36421
40328.65000,0.364215
40328.66000,0.364221
40328.67000,0.364228
40328.68000,0.364234
40328.69000,0.364241
40328.70000,0.364247
40328.71000,0.364254
40328.72000,0.36426
40328.73000,0.364267
40328.74000,0.364273
40328.75000,0.364279
40328.76000,0.364286
40328.77000,0.364292
40328.78000,0.364299
40328.79000,0.364305
40328.80000,0.364312
40328.81000,0.364318
40328.82000,0.364325
40328.83000,0.364331
40328.84000,0.364338
40328.85000,0.364344
40328.86000,0.36435
40328.87000,0.364357
40328.88000,0.36436
40328.89000,0.364352
40328.90000,0.364344
40328.91000,0.364337
40328.92000,0.364329
40328.93000,0.364321
40328.94000,0.364314
40328.95000,0.364306
40328.96000,0.364298
40328.97000,0.364291
40328.98000,0.364283
40328.99000,0.364275
40329.00000,0.364267
40329.01000,0.36426
40329.02000,0.364252
40329.03000,0.364244
40329.04000,0.364237
40329.05000,0.364229
40329.06000,0.364221
40329.07000,0.364214
40329.08000,0.364206
40329.09000,0.364198
40329.10000,0.364191
40329.11000,0.364183
40329.12000,0.364156
40329.13000,0.364112
40329.14000,0.364068
40329.15000,0.364024
40329.16000,0.36398
40329.17000,0.363937
40329.18000,0.363893
40329.19000,0.363849
40329.20000,0.363805
40329.21000,0.363761
40329.22000,0.363718
40329.23000,0.363674
40329.24000,0.36363
40329.25000,0.363586
40329.26000,0.363542
40329.27000,0.363499
40329.28000,0.363455
40329.29000,0.363411
40329.30000,0.363367
40329.31000,0.363323
40329.32000,0.36328
40329.33000,0.363236
40329.34000,0.363192
40329.35000,0.363148
40329.36000,0.363103
40329.37000,0.363058
40329.38000,0.363012
40329.39000,0.362967
40329.40000,0.362922
40329.41000,0.362876
40329.42000,0.362831
40329.43000,0.362786
40329.44000,0.36274
40329.45000,0.362695
40329.46000,0.362649
40329.47000,0.362604
40329.48000,0.362559
40329.49000,0.362513
40329.50000,0.362468
40329.51000,0.362423
40329.52000,0.362377
40329.53000,0.362332
40329.54000,0.362286
40329.55000,0.362241
40329.56000,0.362196
40329.57000,0.36215
40329.58000,0.362105
40329.59000,0.362067
40329.60000,0.362078
40329.61000,0.362088
40329.62000,0.362099
40329.63000,0.36211
40329.64000,0.36212
40329.65000,0.362131
40329.66000,0.362141
40329.67000,0.362152
40329.68000,0.362163
40329.69000,0.362173
40329.70000,0.362184
40329.71000,0.362195
40329.72000,0.362205
40329.73000,0.362216
40329.74000,0.362226
40329.75000,0.362237
40329.76000,0.362248
40329.77000,0.362258
40329.78000,0.362269
40329.79000,0.36228
40329.80000,0.36229
40329.81000,0.362301
40329.82000,0.362311
40329.83000,0.362314
40329.84000,0.362307
40329.85000,0.3623
40329.86000,0.362293
40329.87000,0.362285
40329.88000,0.362278
40329.89000,0.362271
40329.90000,0.362264
40329.91000,0.362256
40329.92000,0.362249
40329.93000,0.362242
40329.94000,0.362235
40329.95000,0.362228
40329.96000,0.36222
40329.97000,0.362213
40329.98000,0.362206
40329.99000,0.362199
40330.00000,0.362191
40330.01000,0.362184
40330.02000,0.362177
40330.03000,0.36217
40330.04000,0.362162
40330.05000,0.362155
40330.06000,0.362148
40330.07000,0.362124
40330.08000,0.362095
40330.09000,0.362065
40330.10000,0.362035
40330.11000,0.362006
40330.12000,0.361976
40330.13000,0.361946
40330.14000,0.361916
40330.15000,0.361887
40330.16000,0.361857
40330.17000,0.361827
40330.18000,0.361798
40330.19000,0.361768
40330.20000,0.361738
40330.21000,0.361708
40330.22000,0.361679
40330.23000,0.361649
40330.24000,0.361619
40330.25000,0.36159
40330.26000,0.36156
40330.27000,0.36153
40330.28000,0.361501
40330.29000,0.361471
40330.30000,0.361442
40330.31000,0.361452
40330.32000,0.361461
40330.33000,0.361471
40330.34000,0.36148
40330.35000,0.36149
40330.36000,0.3615
40330.37000,0.361509
40330.38000,0.361519
40330.39000,0.361528
40330.40000,0.361538
40330.41000,0.361548
40330.42000,0.361557
40330.43000,0.361567
40330.44000,0.361576
40330.45000,0.361586
40330.46000,0.361595
40330.47000,0.361605
40330.48000,0.361615
40330.49000,0.361624
40330.50000,0.361634
40330.51000,0.361643
40330.52000,0.361653
40330.53000,0.361663
40330.54000,0.363073
40330.55000,0.3657
40330.56000,0.369064
40330.57000,0.371143
40330.58000,0.371658
40330.59000,0.371089
40330.60000,0.369803
40330.61000,0.362925
40330.62000,0.362924
40330.63000,0.362923
40330.64000,0.362922
40330.65000,0.362921
40330.66000,0.36292
40330.67000,0.362919
40330.68000,0.362918
40330.69000,0.362917
40330.70000,0.362916
40330.71000,0.362915
40330.72000,0.362914
40330.73000,0.362913
40330.74000,0.362912
40330.75000,0.362911
40330.76000,0.36291
40330.77000,0.362909
40330.78000,0.362908
40330.79000,0.362907
40330.80000,0.362906
40330.81000,0.362905
40330.82000,0.362904
40330.83000,0.362903
40330.84000,0.362902
40330.85000,0.362901
40330.86000,0.3629
40330.87000,0.362899
40330.88000,0.362898
40330.89000,0.362897
40330.90000,0.362896
40330.91000,0.362895
40330.92000,0.362894
40330.93000,0.362893
40330.94000,0.362892
40330.95000,0.362891
40330.96000,0.36289
40330.97000,0.36289
40330.98000,0.362889
40330.99000,0.362888
40331.00000,0.362887
40331.01000,0.362886
40331.02000,0.362885
40331.03000,0.362884
40331.04000,0.362883
40331.05000,0.362882
40331.06000,0.362881
40331.07000,0.36288
40331.08000,0.362879
40331.09000,0.362878
40331.10000,0.362877
40331.11000,0.362876
40331.12000,0.362803
40331.13000,0.36273
40331.14000,0.362657
40331.15000,0.362584
40331.16000,0.362512
40331.17000,0.362439
40331.18000,0.362366
40331.19000,0.362293
40331.20000,0.36222
40331.21000,0.362147
40331.22000,0.362075
40331.23000,0.362002
40331.24000,0.361929
40331.25000,0.361856
40331.26000,0.361783
40331.27000,0.361711
40331.28000,0.361638
40331.29000,0.361565
40331.30000,0.361492
40331.31000,0.361419
40331.32000,0.361346
40331.33000,0.361274
40331.34000,0.361201
40331.35000,0.361128
40331.36000,0.361055
40331.37000,0.360982
40331.38000,0.36091
40331.39000,0.360837
40331.40000,0.360764
40331.41000,0.360691
40331.42000,0.360618
40331.43000,0.360545
40331.44000,0.360473
40331.45000,0.3604
40331.46000,0.360327
40331.47000,0.360254
40331.48000,0.360181
40331.49000,0.360146
40331.50000,0.36015
40331.51000,0.360153
40331.52000,0.360156
40331.53000,0.360159
40331.54000,0.360162
40331.55000,0.360165
40331.56000,0.360168
40331.57000,0.360171
40331.58000,0.360174
40331.59000,0.360177
40331.60000,0.36018
40331.61000,0.360183
40331.62000,0.360186
40331.63000,0.360189
40331.64000,0.360192
40331.65000,0.360195
40331.66000,0.360199
40331.67000,0.360202
40331.68000,0.360205
40331.69000,0.360208
40331.70000,0.360211
40331.71000,0.360214
40331.72000,0.360217
40331.73000,0.36022
40331.74000,0.360223
40331.75000,0.360226
40331.76000,0.360229
40331.77000,0.360232
40331.78000,0.360235
40331.79000,0.360238
40331.80000,0.360241
40331.81000,0.360244
40331.82000,0.360248
40331.83000,0.360251
40331.84000,0.360254
40331.85000,0.360257
40331.86000,0.36026
40331.87000,0.360263
40331.88000,0.360266
40331.89000,0.360269
40331.90000,0.360272
40331.91000,0.360275
40331.92000,0.360278
40331.93000,0.360281
40331.94000,0.360284
40331.95000,0.360287
40331.96000,0.36029
40331.97000,0.360293
40331.98000,0.360297
40331.99000,0.360286
40332.00000,0.360261
40332.01000,0.360237
40332.02000,0.360212
40332.03000,0.360188
40332.04000,0.360163
40332.05000,0.360138
40332.06000,0.360114
40332.07000,0.360089
40332.08000,0.360065
40332.09000,0.36004
40332.10000,0.360016
40332.11000,0.359991
40332.12000,0.359967
40332.13000,0.359942
40332.14000,0.359917
40332.15000,0.359893
40332.16000,0.359868
40332.17000,0.359844
40332.18000,0.359819
40332.19000,0.359795
40332.20000,0.35977
40332.21000,0.359745
40332.22000,0.359721
40332.23000,0.359696
40332.24000,0.359672
40332.25000,0.359647
40332.26000,0.359623
40332.27000,0.359598
40332.28000,0.359574
40332.29000,0.359549
40332.30000,0.359524
40332.31000,0.3595
40332.32000,0.359475
40332.33000,0.359451
40332.34000,0.359426
40332.35000,0.359402
40332.36000,0.359377
40332.37000,0.359353
40332.38000,0.359328
40332.39000,0.359303
40332.40000,0.359279
40332.41000,0.359254
40332.42000,0.35923
40332.43000,0.359205
40332.44000,0.359181
40332.45000,0.359156
40332.46000,0.359131
40332.47000,0.359107
40332.48000,0.359082
40332.49000,0.359119
40332.50000,0.359216
40332.51000,0.359314
40332.52000,0.359411
40332.53000,0.359509
40332.54000,0.359607
40332.55000,0.359704
40332.56000,0.359802
40332.57000,0.359899
40332.58000,0.359997
40332.59000,0.360094
40332.60000,0.360192
40332.61000,0.360289
40332.62000,0.360387
40332.63000,0.360484
40332.64000,0.360582
40332.65000,0.36068
40332.66000,0.368866
40332.67000,0.379434
40332.68000,0.387296
40332.69000,0.391473
40332.70000,0.391822
40332.71000,0.3901
40332.72000,0.386156
40332.73000,0.379372
40332.74000,0.375589
40332.75000,0.373008
40332.76000,0.371771
40332.77000,0.370625
40332.78000,0.370278
40332.79000,0.369932
40332.80000,0.369585
40332.81000,0.369479
40332.82000,0.369388
40332.83000,0.369297
40332.84000,0.369206
40332.85000,0.36916
40332.86000,0.36913
40332.87000,0.3691
40332.88000,0.369071
40332.89000,0.369041
40332.90000,0.369013
40332.91000,0.368996
40332.92000,0.36898
40332.93000,0.368963
40332.94000,0.368947
40332.95000,0.36893
40332.96000,0.368914
40332.97000,0.368897
40332.98000,0.368882
40332.99000,0.368869
40333.00000,0.368855
40333.01000,0.368842
40333.02000,0.368828
40333.03000,0.368814
40333.04000,0.368801
40333.05000,0.368787
40333.06000,0.368774
40333.07000,0.36876
40333.08000,0.368746
40333.09000,0.368732
40333.10000,0.368719
40333.11000,0.368705
40333.12000,0.368691
40333.13000,0.368677
40333.14000,0.368663
40333.15000,0.368649
40333.16000,0.368635
40333.17000,0.368622
40333.18000,0.368608
40333.19000,0.368594
40333.20000,0.36858
40333.21000,0.368549
40333.22000,0.368481
40333.23000,0.368413
40333.24000,0.368344
40333.25000,0.368276
40333.26000,0.368208
40333.27000,0.36814
40333.28000,0.368071
40333.29000,0.368003
40333.30000,0.367935
40333.31000,0.367867
40333.32000,0.367798
40333.33000,0.36773
40333.34000,0.367662
40333.35000,0.367593
40333.36000,0.367525
40333.37000,0.367457
40333.38000,0.367389
40333.39000,0.36733
40333.40000,0.36728
40333.41000,0.36723
40333.42000,0.36718
40333.43000,0.36713
40333.44000,0.36708
40333.45000,0.36703
40333.46000,0.36698
40333.47000,0.36693
40333.48000,0.36688
40333.49000,0.36683
40333.50000,0.36678
40333.51000,0.36673
40333.52000,0.366679
40333.53000,0.366629
40333.54000,0.366579
40333.55000,0.366529
40333.56000,0.366479
40333.57000,0.366429
40333.58000,0.366379
40333.59000,0.366329
40333.60000,0.366279
40333.61000,0.366229
40333.62000,0.366179
40333.63000,0.366175
40333.64000,0.366178
40333.65000,0.366181
40333.66000,0.366183
40333.67000,0.366186
40333.68000,0.366189
40333.69000,0.366192
40333.70000,0.366195
40333.71000,0.366197
40333.72000,0.3662
40333.73000,0.366203
40333.74000,0.366206
40333.75000,0.366209
40333.76000,0.366211
40333.77000,0.366214
40333.78000,0.366217
40333.79000,0.36622
40333.80000,0.366223
40333.81000,0.366225
40333.82000,0.366228
40333.83000,0.366231
40333.84000,0.366234
40333.85000,0.366237
40333.86000,0.366239
40333.87000,0.366242
40333.88000,0.366245
40333.89000,0.366248
40333.90000,0.366251
40333.91000,0.366253
40333.92000,0.366256
40333.93000,0.366259
40333.94000,0.366256
40333.95000,0.366239
40333.96000,0.366222
40333.97000,0.366205
40333.98000,0.366188
40333.99000,0.366171
40334.00000,0.366154
40334.01000,0.366137
40334.02000,0.36612
40334.03000,0.366103
40334.04000,0.366086
40334.05000,0.366069
40334.06000,0.366052
40334.07000,0.366035
40334.08000,0.366018
40334.09000,0.366001
40334.10000,0.365984
40334.11000,0.365967
40334.12000,0.36595
40334.13000,0.365933
40334.14000,0.365916
40334.15000,0.365899
40334.16000,0.365882
40334.17000,0.365865
40334.18000,0.365848
40334.19000,0.365831
40334.20000,0.365814
40334.21000,0.365797
40334.22000,0.36578
40334.23000,0.365763
40334.24000,0.365746
40334.25000,0.365729
40334.26000,0.365685
40334.27000,0.365632
40334.28000,0.365578
40334.29000,0.365525
40334.30000,0.365471
40334.31000,0.365418
40334.32000,0.365364
40334.33000,0.365311
40334.34000,0.365257
40334.35000,0.365204
40334.36000,0.36515
40334.37000,0.365097
40334.38000,0.365043
40334.39000,0.364989
40334.40000,0.364936
40334.41000,0.364882
40334.42000,0.364829
40334.43000,0.364775
40334.44000,0.364722
40334.45000,0.364668
40334.46000,0.364615
40334.47000,0.364561
40334.48000,0.364508
40334.49000,0.364454
40334.50000,0.364401
40334.51000,0.364347
40334.52000,0.364294
40334.53000,0.36424
40334.54000,0.364187
40334.55000,0.364133
40334.56000,0.36408
40334.57000,0.364036
40334.58000,0.364042
40334.59000,0.364048
40334.60000,0.364053
40334.61000,0.364059
40334.62000,0.364065
40334.63000,0.364071
40334.64000,0.364077
40334.65000,0.364082
40334.66000,0.364088
40334.67000,0.364094
40334.68000,0.3641
40334.69000,0.364105
40334.70000,0.364111
40334.71000,0.364117
40334.72000,0.364123
40334.73000,0.364128
40334.74000,0.364134
40334.75000,0.36414
40334.76000,0.364146
40334.77000,0.364151
40334.78000,0.364157
40334.79000,0.364163
40334.80000,0.364169
40334.81000,0.364174
40334.82000,0.36418
40334.83000,0.364186
40334.84000,0.364192
40334.85000,0.364198
40334.86000,0.364203
40334.87000,0.364209
40334.88000,0.364215
40334.89000,0.364212
40334.90000,0.364204
40334.91000,0.364195
40334.92000,0.364187
40334.93000,0.364179
40334.94000,0.36417
40334.95000,0.364162
40334.96000,0.364154
40334.97000,0.364145
40334.98000,0.364137
40334.99000,0.364128
40335.00000,0.36412
40335.01000,0.364112
40335.02000,0.364103
40335.03000,0.364095
40335.04000,0.364087
40335.05000,0.364078
40335.06000,0.36407
40335.07000,0.364062
40335.08000,0.364053
40335.09000,0.364045
40335.10000,0.364036
40335.11000,0.364028
40335.12000,0.36402
40335.13000,0.364011
40335.14000,0.364003
40335.15000,0.363995
40335.16000,0.363986
40335.17000,0.363978
40335.18000,0.363969
40335.19000,0.363961
40335.20000,0.363952
40335.21000,0.363932
40335.22000,0.363911
40335.23000,0.36389
40335.24000,0.363869
40335.25000,0.363849
40335.26000,0.363828
40335.27000,0.363807
40335.28000,0.363786
40335.29000,0.363766
40335.30000,0.363745
40335.31000,0.363724
40335.32000,0.363703
40335.33000,0.363683
40335.34000,0.363662
40335.35000,0.363641
40335.36000,0.36362
40335.37000,0.3636
40335.38000,0.363579
40335.39000,0.363558
40335.40000,0.363537
40335.41000,0.363517
40335.42000,0.363496
40335.43000,0.363475
40335.44000,0.363454
40335.45000,0.363434
40335.46000,0.363413
40335.47000,0.363392
40335.48000,0.363371
40335.49000,0.363351
40335.50000,0.36333
40335.51000,0.363309
40335.52000,0.3633
40335.53000,0.363305
40335.54000,0.36331
40335.55000,0.363315
40335.56000,0.363321
40335.57000,0.363326
40335.58000,0.363775
40335.59000,0.364803
40335.60000,0.366359
40335.61000,0.367694
40335.62000,0.368303
40335.63000,0.368283
40335.64000,0.367804
40335.65000,0.363298
40335.66000,0.363296
40335.67000,0.363295
40335.68000,0.363294
40335.69000,0.363292
40335.70000,0.363291
40335.71000,0.36329
40335.72000,0.363288
40335.73000,0.363287
40335.74000,0.363285
40335.75000,0.363284
40335.76000,0.363283
40335.77000,0.363281
40335.78000,0.36328
40335.79000,0.363279
40335.80000,0.363277
40335.81000,0.363276
40335.82000,0.363275
40335.83000,0.363273
40335.84000,0.363272
40335.85000,0.363271
40335.86000,0.363269
40335.87000,0.363268
40335.88000,0.363267
40335.89000,0.363265
40335.90000,0.363264
40335.91000,0.363263
40335.92000,0.363261
40335.93000,0.36326
40335.94000,0.363259
40335.95000,0.363257
40335.96000,0.363256
40335.97000,0.363254
40335.98000,0.363253
40335.99000,0.363252
40336.00000,0.36325
40336.01000,0.363249
40336.02000,0.363248
40336.03000,0.363246
40336.04000,0.363245
40336.05000,0.363244
40336.06000,0.363242
40336.07000,0.363241
40336.08000,0.36324
40336.09000,0.363238
40336.10000,0.363237
40336.11000,0.363236
40336.12000,0.363234
40336.13000,0.363233
40336.14000,0.363232
40336.15000,0.36323
40336.16000,0.363157
40336.17000,0.363084
40336.18000,0.363011
40336.19000,0.362938
40336.20000,0.362864
40336.21000,0.362791
40336.22000,0.362718
40336.23000,0.362645
40336.24000,0.362572
40336.25000,0.362499
40336.26000,0.362425
40336.27000,0.362352
40336.28000,0.362279
40336.29000,0.362206
40336.30000,0.362133
40336.31000,0.36206
40336.32000,0.361986
40336.33000,0.361913
40336.34000,0.36184
40336.35000,0.361767
40336.36000,0.361694
40336.37000,0.361621
40336.38000,0.361548
40336.39000,0.361474
40336.40000,0.361401
40336.41000,0.361328
40336.42000,0.361255
40336.43000,0.361182
40336.44000,0.361109
40336.45000,0.361035
40336.46000,0.360962
40336.47000,0.360889
40336.48000,0.360816
40336.49000,0.360743
40336.50000,0.36067
40336.51000,0.360596
40336.52000,0.360523
40336.53000,0.360488
40336.54000,0.360491
40336.55000,0.360494
40336.56000,0.360497
40336.57000,0.3605
40336.58000,0.360503
40336.59000,0.360506
40336.60000,0.360509
40336.61000,0.360512
40336.62000,0.360515
40336.63000,0.360518
40336.64000,0.360521
40336.65000,0.360524
40336.66000,0.360527
40336.67000,0.36053
40336.68000,0.360533
40336.69000,0.360536
40336.70000,0.360539
40336.71000,0.360542
40336.72000,0.360545
40336.73000,0.360548
40336.74000,0.360551
40336.75000,0.360554
40336.76000,0.360557
40336.77000,0.36056
40336.78000,0.360563
40336.79000,0.360566
40336.80000,0.360569
40336.81000,0.360572
40336.82000,0.360575
40336.83000,0.360578
40336.84000,0.360581
40336.85000,0.360585
40336.86000,0.360588
40336.87000,0.360591
40336.88000,0.360594
40336.89000,0.360597
40336.90000,0.3606
40336.91000,0.360603
40336.92000,0.360606
40336.93000,0.360609
40336.94000,0.360612
40336.95000,0.360615
40336.96000,0.360618
40336.97000,0.360621
40336.98000,0.360624
40336.99000,0.360627
40337.00000,0.36063
40337.01000,0.360633
40337.02000,0.360636
40337.03000,0.360609
40337.04000,0.360554
40337.05000,0.360498
40337.06000,0.360443
40337.07000,0.360387
40337.08000,0.360331
40337.09000,0.360276
40337.10000,0.36022
40337.11000,0.360165
40337.12000,0.360109
40337.13000,0.360054
40337.14000,0.359998
40337.15000,0.359942
40337.16000,0.359887
40337.17000,0.359831
40337.18000,0.359776
40337.19000,0.35972
40337.20000,0.359664
40337.21000,0.359609
40337.22000,0.359553
40337.23000,0.359498
40337.24000,0.359442
40337.25000,0.359386
40337.26000,0.359331
40337.27000,0.359275
40337.28000,0.35922
40337.29000,0.359164
40337.30000,0.359108
40337.31000,0.359053
40337.32000,0.358997
40337.33000,0.358942
40337.34000,0.358886
40337.35000,0.358831
40337.36000,0.358775
40337.37000,0.358719
40337.38000,0.358664
40337.39000,0.358608
40337.40000,0.358553
40337.41000,0.358497
40337.42000,0.358441
40337.43000,0.358386
40337.44000,0.35833
40337.45000,0.358275
40337.46000,0.358219
40337.47000,0.358163
40337.48000,0.358108
40337.49000,0.358052
40337.50000,0.357997
40337.51000,0.357941
40337.52000,0.357886
40337.53000,0.35786
40337.54000,0.357864
40337.55000,0.357869
40337.56000,0.357873
40337.57000,0.357877
40337.58000,0.357882
40337.59000,0.357886
40337.60000,0.35789
40337.61000,0.357895
40337.62000,0.357899
40337.63000,0.357903
40337.64000,0.357908
40337.65000,0.357912
40337.66000,0.357916
40337.67000,0.357921
40337.68000,0.357925
40337.69000,0.357929
40337.70000,0.357934
40337.71000,0.357938
40337.72000,0.357942
40337.73000,0.357946
40337.74000,0.357951
40337.75000,0.357955
40337.76000,0.357959
40337.77000,0.357964
40337.78000,0.357968
40337.79000,0.357972
40337.80000,0.357977
40337.81000,0.357981
40337.82000,0.357985
40337.83000,0.35799
40337.84000,0.357994
40337.85000,0.357998
40337.86000,0.358003
40337.87000,0.358007
40337.88000,0.358011
40337.89000,0.358016
40337.90000,0.35802
40337.91000,0.358024
40337.92000,0.358029
40337.93000,0.358033
40337.94000,0.358037
40337.95000,0.358042
40337.96000,0.358046
40337.97000,0.35805
40337.98000,0.358055
40337.99000,0.358059
40338.00000,0.358063
40338.01000,0.358068
40338.02000,0.358072
40338.03000,0.358073
40338.04000,0.358071
40338.05000,0.358068
40338.06000,0.358066
40338.07000,0.358063
40338.08000,0.358061
40338.09000,0.358059
40338.10000,0.358056
40338.11000,0.358054
40338.12000,0.358051
40338.13000,0.358049
40338.14000,0.358047
40338.15000,0.358044
40338.16000,0.358042
40338.17000,0.358039
40338.18000,0.358037
40338.19000,0.358035
40338.20000,0.358032
40338.21000,0.35803
40338.22000,0.358028
40338.23000,0.358025
40338.24000,0.358023
40338.25000,0.35802
40338.26000,0.358018
40338.27000,0.358016
40338.28000,0.358013
40338.29000,0.358011
40338.30000,0.358008
40338.31000,0.358006
40338.32000,0.358004
40338.33000,0.358001
40338.34000,0.357999
40338.35000,0.357996
40338.36000,0.357994
40338.37000,0.357992
40338.38000,0.357989
40338.39000,0.357987
40338.40000,0.357984
40338.41000,0.357982
40338.42000,0.35798
40338.43000,0.357977
40338.44000,0.357975
40338.45000,0.357972
40338.46000,0.35797
40338.47000,0.357968
40338.48000,0.357965
40338.49000,0.357963
40338.50000,0.35796
40338.51000,0.357958
40338.52000,0.357956
40338.53000,0.358367
40338.54000,0.35986
40338.55000,0.362553
40338.56000,0.365625
40338.57000,0.367776
40338.58000,0.368459
40338.59000,0.367954
40338.60000,0.364834
40338.61000,0.362142
40338.62000,0.362009
40338.63000,0.361877
40338.64000,0.361744
40338.65000,0.361611
40338.66000,0.361479
40338.67000,0.361346
40338.68000,0.361214
40338.69000,0.361081
40338.70000,0.360949
40338.71000,0.360883
40338.72000,0.360884
40338.73000,0.360884
40338.74000,0.360885
40338.75000,0.360886
40338.76000,0.360886
40338.77000,0.360887
40338.78000,0.360888
40338.79000,0.360889
40338.80000,0.360889
40338.81000,0.36089
40338.82000,0.360891
40338.83000,0.360892
40338.84000,0.36089
40338.85000,0.36088
40338.86000,0.36087
40338.87000,0.36086
40338.88000,0.36085
40338.89000,0.36084
40338.90000,0.36083
40338.91000,0.36082
40338.92000,0.360809
40338.93000,0.360799
40338.94000,0.36079
40338.95000,0.360788
40338.96000,0.360786
40338.97000,0.360783
40338.98000,0.360781
40338.99000,0.360779
40339.00000,0.360776
40339.01000,0.360774
40339.02000,0.360772
40339.03000,0.360769
40339.04000,0.360767
40339.05000,0.360764
40339.06000,0.360762
40339.07000,0.36076
40339.08000,0.36079
40339.09000,0.360826
40339.10000,0.360863
40339.11000,0.3609
40339.12000,0.361782
40339.13000,0.363672
40339.14000,0.366364
40339.15000,0.368738
40339.16000,0.369703
40339.17000,0.369585
40339.18000,0.368727
40339.19000,0.363379
40339.20000,0.363352
40339.21000,0.363324
40339.22000,0.363296
40339.23000,0.363268
40339.24000,0.36324
40339.25000,0.363212
40339.26000,0.363184
40339.27000,0.363157
40339.28000,0.363129
40339.29000,0.363101
40339.30000,0.363073
40339.31000,0.363045
40339.32000,0.363017
40339.33000,0.362989
40339.34000,0.362962
40339.35000,0.362934
40339.36000,0.362906
40339.37000,0.362878
40339.38000,0.36285
40339.39000,0.362822
40339.40000,0.362794
40339.41000,0.362767
40339.42000,0.362739
40339.43000,0.362711
40339.44000,0.362683
40339.45000,0.362655
40339.46000,0.362627
40339.47000,0.362599
40339.48000,0.362572
40339.49000,0.362544
40339.50000,0.362516
40339.51000,0.362488
40339.52000,0.36246
40339.53000,0.362432
40339.54000,0.362404
40339.55000,0.362377
40339.56000,0.362349
40339.57000,0.362321
40339.58000,0.362293
40339.59000,0.362265
40339.60000,0.362237
40339.61000,0.362209
40339.62000,0.362182
40339.63000,0.362154
40339.64000,0.362126
40339.65000,0.362098
40339.66000,0.36207
40339.67000,0.362042
40339.68000,0.362014
40339.69000,0.361987
40339.70000,0.361982
40339.71000,0.361978
40339.72000,0.361973
40339.73000,0.361969
40339.74000,0.361964
40339.75000,0.36196
40339.76000,0.361955
40339.77000,0.361951
40339.78000,0.361946
40339.79000,0.361942
40339.80000,0.361937
40339.81000,0.361933
40339.82000,0.361929
40339.83000,0.361924
40339.84000,0.36192
40339.85000,0.361915
40339.86000,0.361911
40339.87000,0.361906
40339.88000,0.361902
40339.89000,0.361897
40339.90000,0.361893
40339.91000,0.361888
40339.92000,0.361884
40339.93000,0.361879
40339.94000,0.361875
40339.95000,0.36187
40339.96000,0.361866
40339.97000,0.361861
40339.98000,0.361857
40339.99000,0.361853
40340.00000,0.361848
40340.01000,0.361844
40340.02000,0.361839
40340.03000,0.361835
40340.04000,0.36183
40340.05000,0.361826
40340.06000,0.361821
40340.07000,0.361793
40340.08000,0.361742
40340.09000,0.361691
40340.10000,0.36164
40340.11000,0.361588
40340.12000,0.361537
40340.13000,0.361486
40340.14000,0.361435
40340.15000,0.361383
40340.16000,0.361332
40340.17000,0.361281
40340.18000,0.36123
40340.19000,0.361178
40340.20000,0.361127
40340.21000,0.361076
40340.22000,0.361025
40340.23000,0.360973
40340.24000,0.360922
40340.25000,0.360871
40340.26000,0.360819
40340.27000,0.360768
40340.28000,0.360717
40340.29000,0.360666
40340.30000,0.360614
40340.31000,0.360563
40340.32000,0.360512
40340.33000,0.360461
40340.34000,0.360409
40340.35000,0.360358
40340.36000,0.360307
40340.37000,0.360256
40340.38000,0.360204
40340.39000,0.360153
40340.40000,0.360102
40340.41000,0.360051
40340.42000,0.359999
40340.43000,0.359948
40340.44000,0.359897
40340.45000,0.359846
40340.46000,0.359794
40340.47000,0.359743
40340.48000,0.359692
40340.49000,0.359641
40340.50000,0.359589
40340.51000,0.359538
40340.52000,0.359487
40340.53000,0.359435
40340.54000,0.359384
40340.55000,0.359333
40340.56000,0.359282
40340.57000,0.359257
40340.58000,0.35926
40340.59000,0.359263
40340.60000,0.359265
40340.61000,0.359268
40340.62000,0.35927
40340.63000,0.359273
40340.64000,0.359275
40340.65000,0.359278
40340.66000,0.359281
40340.67000,0.359283
40340.68000,0.359286
40340.69000,0.359288
40340.70000,0.359291
40340.71000,0.359293
40340.72000,0.359296
40340.73000,0.359299
40340.74000,0.359301
40340.75000,0.359304
40340.76000,0.359306
40340.77000,0.359309
40340.78000,0.359311
40340.79000,0.359314
40340.80000,0.359317
40340.81000,0.359319
40340.82000,0.359322
40340.83000,0.359324
40340.84000,0.359327
40340.85000,0.359329
40340.86000,0.359332
40340.87000,0.359335
40340.88000,0.359337
40340.89000,0.35934
40340.90000,0.359342
40340.91000,0.359345
40340.92000,0.359347
40340.93000,0.35935
40340.94000,0.359353
40340.95000,0.359355
40340.96000,0.359358
40340.97000,0.35936
40340.98000,0.359363
40340.99000,0.359365
40341.00000,0.359368
40341.01000,0.359371
40341.02000,0.359373
40341.03000,0.359376
40341.04000,0.359378
40341.05000,0.359381
40341.06000,0.359384
40341.07000,0.35936
40341.08000,0.35931
40341.09000,0.359259
40341.10000,0.359209
40341.11000,0.359159
40341.12000,0.359109
40341.13000,0.359059
40341.14000,0.359009
40341.15000,0.358958
40341.16000,0.358908
40341.17000,0.358858
40341.18000,0.358808
40341.19000,0.358758
40341.20000,0.358708
40341.21000,0.358657
40341.22000,0.358607
40341.23000,0.358557
40341.24000,0.358507
40341.25000,0.358457
40341.26000,0.358407
40341.27000,0.358357
40341.28000,0.358306
40341.29000,0.358256
40341.30000,0.358206
40341.31000,0.358156
40341.32000,0.358106
40341.33000,0.358056
40341.34000,0.358005
40341.35000,0.357955
40341.36000,0.357905
40341.37000,0.357855
40341.38000,0.357805
40341.39000,0.357755
40341.40000,0.357704
40341.41000,0.357654
40341.42000,0.357604
40341.43000,0.357554
40341.44000,0.357504
40341.45000,0.357454
40341.46000,0.357404
40341.47000,0.357353
40341.48000,0.357303
40341.49000,0.357253
40341.50000,0.357203
40341.51000,0.357153
40341.52000,0.357103
40341.53000,0.357052
40341.54000,0.357002
40341.55000,0.356952
40341.56000,0.356902
40341.57000,0.356879
40341.58000,0.356882
40341.59000,0.356885
40341.60000,0.356888
40341.61000,0.356892
40341.62000,0.356895
40341.63000,0.356898
40341.64000,0.356902
40341.65000,0.356905
40341.66000,0.356908
40341.67000,0.356912
40341.68000,0.356915
40341.69000,0.356918
40341.70000,0.356922
40341.71000,0.356925
40341.72000,0.356928
40341.73000,0.356932
40341.74000,0.356935
40341.75000,0.356938
40341.76000,0.356942
40341.77000,0.356945
40341.78000,0.356948
40341.79000,0.356952
40341.80000,0.356955
40341.81000,0.356958
40341.82000,0.356961
40341.83000,0.356965
40341.84000,0.356968
40341.85000,0.356971
40341.86000,0.356975
40341.87000,0.356978
40341.88000,0.356981
40341.89000,0.356985
40341.90000,0.356988
40341.91000,0.356991
40341.92000,0.356995
40341.93000,0.356998
40341.94000,0.357001
40341.95000,0.357005
40341.96000,0.357008
40341.97000,0.357011
40341.98000,0.357015
40341.99000,0.357018
40342.00000,0.357021
40342.01000,0.357025
40342.02000,0.357028
40342.03000,0.357031
40342.04000,0.357035
40342.05000,0.357038
40342.06000,0.357041
40342.07000,0.357018
40342.08000,0.356968
40342.09000,0.356918
40342.10000,0.356868
40342.11000,0.356819
40342.12000,0.356769
40342.13000,0.356719
40342.14000,0.356669
40342.15000,0.356619
40342.16000,0.356569
40342.17000,0.35652
40342.18000,0.35647
40342.19000,0.35642
40342.20000,0.35637
40342.21000,0.35632
40342.22000,0.356271
40342.23000,0.356221
40342.24000,0.356171
40342.25000,0.356121
40342.26000,0.356071
40342.27000,0.356021
40342.28000,0.355972
40342.29000,0.355922
40342.30000,0.355872
40342.31000,0.355822
40342.32000,0.355772
40342.33000,0.355722
40342.34000,0.355673
40342.35000,0.355623
40342.36000,0.355573
40342.37000,0.355523
40342.38000,0.355473
40342.39000,0.355423
40342.40000,0.355374
40342.41000,0.355324
40342.42000,0.355274
40342.43000,0.355224
40342.44000,0.355174
40342.45000,0.355125
40342.46000,0.355075
40342.47000,0.355025
40342.48000,0.354975
40342.49000,0.354925
40342.50000,0.354875
40342.51000,0.354826
40342.52000,0.354776
40342.53000,0.354726
40342.54000,0.354676
40342.55000,0.354626
40342.56000,0.354576
40342.57000,0.354554
40342.58000,0.354558
40342.59000,0.354562
40342.60000,0.354566
40342.61000,0.35457
40342.62000,0.354574
40342.63000,0.354578
40342.64000,0.354583
40342.65000,0.354587
40342.66000,0.354591
40342.67000,0.354595
40342.68000,0.354599
40342.69000,0.354603
40342.70000,0.354607
40342.71000,0.354612
40342.72000,0.354616
40342.73000,0.35462
40342.74000,0.354624
40342.75000,0.354628
40342.76000,0.354632
40342.77000,0.354636
40342.78000,0.35464
40342.79000,0.354645
40342.80000,0.354649
40342.81000,0.354653
40342.82000,0.354657
40342.83000,0.354661
40342.84000,0.354665
40342.85000,0.354669
40342.86000,0.354674
40342.87000,0.354678
40342.88000,0.354682
40342.89000,0.354686
40342.90000,0.35469
40342.91000,0.354694
40342.92000,0.354698
40342.93000,0.354703
40342.94000,0.354707
40342.95000,0.354711
40342.96000,0.354715
40342.97000,0.354719
40342.98000,0.354723
40342.99000,0.354727
40343.00000,0.354731
40343.01000,0.354736
40343.02000,0.35474
40343.03000,0.354744
40343.04000,0.354748
40343.05000,0.354752
40343.06000,0.354756
40343.07000,0.354748
40343.08000,0.354728
40343.09000,0.354708
40343.10000,0.354688
40343.11000,0.354667
40343.12000,0.354647
40343.13000,0.354627
40343.14000,0.354607
40343.15000,0.354587
40343.16000,0.354566
40343.17000,0.354546
40343.18000,0.354526
40343.19000,0.354506
40343.20000,0.354486
40343.21000,0.354465
40343.22000,0.354445
40343.23000,0.354425
40343.24000,0.354405
40343.25000,0.354385
40343.26000,0.354364
40343.27000,0.354344
40343.28000,0.354324
40343.29000,0.354304
40343.30000,0.354284
40343.31000,0.354263
40343.32000,0.354243
40343.33000,0.354223
40343.34000,0.354203
40343.35000,0.354183
40343.36000,0.354162
40343.37000,0.354142
40343.38000,0.354122
40343.39000,0.354102
40343.40000,0.354082
40343.41000,0.354061
40343.42000,0.354041
40343.43000,0.354021
40343.44000,0.354001
40343.45000,0.353981
40343.46000,0.35396
40343.47000,0.35394
40343.48000,0.35392
40343.49000,0.3539
40343.50000,0.35388
40343.51000,0.353859
40343.52000,0.353839
40343.53000,0.353819
40343.54000,0.353799
40343.55000,0.353779
40343.56000,0.353758
40343.57000,0.353751
40343.58000,0.353757
40343.59000,0.353762
40343.60000,0.353768
40343.61000,0.353773
40343.62000,0.353779
40343.63000,0.353785
40343.64000,0.35379
40343.65000,0.353796
40343.66000,0.353801
40343.67000,0.353807
40343.68000,0.353812
40343.69000,0.353818
40343.70000,0.354149
40343.71000,0.355048
40343.72000,0.356597
40343.73000,0.358667
40343.74000,0.361038
40343.75000,0.363499
40343.76000,0.365913
40343.77000,0.368219
40343.78000,0.371732
40343.79000,0.375937
40343.80000,0.380121
40343.81000,0.383928
40343.82000,0.385535
40343.83000,0.385344
40343.84000,0.383135
40343.85000,0.379528
40343.86000,0.374195
40343.87000,0.372741
40343.88000,0.371288
40343.89000,0.370774
40343.90000,0.37026
40343.91000,0.369862
40343.92000,0.369699
40343.93000,0.369535
40343.94000,0.369372
40343.95000,0.369319
40343.96000,0.369298
40343.97000,0.369277
40343.98000,0.369256
40343.99000,0.369233
40344.00000,0.369169
40344.01000,0.369124
40344.02000,0.369086
40344.03000,0.369059
40344.04000,0.369033
40344.05000,0.369012
40344.06000,0.368992
40344.07000,0.368972
40344.08000,0.368955
40344.09000,0.368939
40344.10000,0.368923
40344.11000,0.368906
40344.12000,0.368891
40344.13000,0.368876
40344.14000,0.368862
40344.15000,0.368847
40344.16000,0.368832
40344.17000,0.368812
40344.18000,0.368788
40344.19000,0.368763
40344.20000,0.368739
40344.21000,0.368714
40344.22000,0.36869
40344.23000,0.368666
40344.24000,0.368631
40344.25000,0.368583
40344.26000,0.368536
40344.27000,0.368488
40344.28000,0.36844
40344.29000,0.368392
40344.30000,0.368344
40344.31000,0.368297
40344.32000,0.368249
40344.33000,0.368201
40344.34000,0.36816
40344.35000,0.36812
40344.36000,0.36808
40344.37000,0.368039
40344.38000,0.367999
40344.39000,0.367959
40344.40000,0.367919
40344.41000,0.367878
40344.42000,0.367838
40344.43000,0.36781
40344.44000,0.367795
40344.45000,0.367781
40344.46000,0.367766
40344.47000,0.367752
40344.48000,0.367737
40344.49000,0.367708
40344.50000,0.367786
40344.51000,0.368014
40344.52000,0.368405
40344.53000,0.368716
40344.54000,0.368869
40344.55000,0.368865
40344.56000,0.368731
40344.57000,0.365805
40344.58000,0.365809
40344.59000,0.365813
40344.60000,0.365817
40344.61000,0.36582
40344.62000,0.365824
40344.63000,0.365828
40344.64000,0.365831
40344.65000,0.365835
40344.66000,0.365839
40344.67000,0.365843
40344.68000,0.365846
40344.69000,0.36585
40344.70000,0.365854
40344.71000,0.365857
40344.72000,0.365861
40344.73000,0.365865
40344.74000,0.365869
40344.75000,0.365872
40344.76000,0.365876
40344.77000,0.36588
40344.78000,0.365884
40344.79000,0.365887
40344.80000,0.365891
40344.81000,0.365895
40344.82000,0.365898
40344.83000,0.365902
40344.84000,0.365906
40344.85000,0.36591
40344.86000,0.365913
40344.87000,0.365917
40344.88000,0.365921
40344.89000,0.365925
40344.90000,0.365928
40344.91000,0.365932
40344.92000,0.365936
40344.93000,0.365939
40344.94000,0.365943
40344.95000,0.365947
40344.96000,0.365951
40344.97000,0.365954
40344.98000,0.365958
40344.99000,0.365962
40345.00000,0.365966
40345.01000,0.365969
40345.02000,0.365973
40345.03000,0.365977
40345.04000,0.36598
40345.05000,0.365984
40345.06000,0.365988
40345.07000,0.365992
40345.08000,0.365988
40345.09000,0.365984
40345.10000,0.36598
40345.11000,0.365976
40345.12000,0.365972
40345.13000,0.365968
40345.14000,0.365963
40345.15000,0.365959
40345.16000,0.365955
40345.17000,0.365951
40345.18000,0.365947
40345.19000,0.365943
40345.20000,0.365939
40345.21000,0.365935
40345.22000,0.365931
40345.23000,0.365927
40345.24000,0.365923
40345.25000,0.365919
40345.26000,0.365915
40345.27000,0.365911
40345.28000,0.365907
40345.29000,0.365903
40345.30000,0.365899
40345.31000,0.365895
40345.32000,0.365891
40345.33000,0.365898
40345.34000,0.366057
40345.35000,0.366389
40345.36000,0.366737
40345.37000,0.366943
40345.38000,0.366983
40345.39000,0.366874
40345.40000,0.366261
40345.41000,0.366228
40345.42000,0.366195
40345.43000,0.366161
40345.44000,0.366128
40345.45000,0.366104
40345.46000,0.366214
40345.47000,0.366472
40345.48000,0.366856
40345.49000,0.367111
40345.50000,0.367195
40345.51000,0.367124
40345.52000,0.366929
40345.53000,0.363968
40345.54000,0.363968
40345.55000,0.363969
40345.56000,0.36397
40345.57000,0.36397
40345.58000,0.363971
40345.59000,0.363972
40345.60000,0.363972
40345.61000,0.363973
40345.62000,0.363974
40345.63000,0.363974
40345.64000,0.363975
40345.65000,0.363976
40345.66000,0.363976
40345.67000,0.363977
40345.68000,0.363978
40345.69000,0.363978
40345.70000,0.363979
40345.71000,0.36398
40345.72000,0.36398
40345.73000,0.363981
40345.74000,0.363982
40345.75000,0.363982
40345.76000,0.363983
40345.77000,0.363984
40345.78000,0.363984
40345.79000,0.363985
40345.80000,0.363986
40345.81000,0.363986
40345.82000,0.363987
40345.83000,0.363988
40345.84000,0.363988
40345.85000,0.363989
40345.86000,0.36399
40345.87000,0.36399
40345.88000,0.363991
40345.89000,0.363992
40345.90000,0.363992
40345.91000,0.363993
40345.92000,0.363994
40345.93000,0.363994
40345.94000,0.363995
40345.95000,0.363996
40345.96000,0.363996
40345.97000,0.363997
40345.98000,0.363998
40345.99000,0.363998
40346.00000,0.363999
40346.01000,0.364
40346.02000,0.364
40346.03000,0.364001
40346.04000,0.363946
40346.05000,0.363892
40346.06000,0.363837
40346.07000,0.363783
40346.08000,0.363728
40346.09000,0.363673
40346.10000,0.363619
40346.11000,0.363564
40346.12000,0.36351
40346.13000,0.363455
40346.14000,0.3634
40346.15000,0.363346
40346.16000,0.363291
40346.17000,0.363237
40346.18000,0.363182
40346.19000,0.363127
40346.20000,0.363073
40346.21000,0.363018
40346.22000,0.362964
40346.23000,0.362909
40346.24000,0.362855
40346.25000,0.3628
40346.26000,0.362745
40346.27000,0.362691
40346.28000,0.362636
40346.29000,0.362582
40346.30000,0.362527
40346.31000,0.362472
40346.32000,0.362418
40346.33000,0.362363
40346.34000,0.362309
40346.35000,0.362254
40346.36000,0.362199
40346.37000,0.362145
40346.38000,0.36209
40346.39000,0.362036
40346.40000,0.361981
40346.41000,0.361926
40346.42000,0.361872
40346.43000,0.361817
40346.44000,0.361763
40346.45000,0.361708
40346.46000,0.361653
40346.47000,0.361599
40346.48000,0.361544
40346.49000,0.36149
40346.50000,0.361435
40346.51000,0.36138
40346.52000,0.361326
40346.53000,0.361271
40346.54000,0.361274
40346.55000,0.361277
40346.56000,0.361279
40346.57000,0.361282
40346.58000,0.361285
40346.59000,0.361287
40346.60000,0.36129
40346.61000,0.361293
40346.62000,0.361295
40346.63000,0.361298
40346.64000,0.361301
40346.65000,0.361303
40346.66000,0.361306
40346.67000,0.361308
40346.68000,0.361311
40346.69000,0.361314
40346.70000,0.361316
40346.71000,0.361319
40346.72000,0.361322
40346.73000,0.361324
40346.74000,0.361327
40346.75000,0.36133
40346.76000,0.361332
40346.77000,0.361335
40346.78000,0.361338
40346.79000,0.36134
40346.80000,0.361343
40346.81000,0.361346
40346.82000,0.361348
40346.83000,0.361351
40346.84000,0.361354
40346.85000,0.361356
40346.86000,0.361359
40346.87000,0.361362
40346.88000,0.361364
40346.89000,0.361367
40346.90000,0.36137
40346.91000,0.361372
40346.92000,0.361375
40346.93000,0.361378
40346.94000,0.36138
40346.95000,0.361383
40346.96000,0.361386
40346.97000,0.361388
40346.98000,0.361391
40346.99000,0.361394
40347.00000,0.361396
40347.01000,0.361399
40347.02000,0.361402
40347.03000,0.361404
40347.04000,0.36135
40347.05000,0.361295
40347.06000,0.361241
40347.07000,0.361186
40347.08000,0.361132
40347.09000,0.361077
40347.10000,0.361023
40347.11000,0.360968
40347.12000,0.360914
40347.13000,0.360859
40347.14000,0.360805
40347.15000,0.36075
40347.16000,0.360695
40347.17000,0.360641
40347.18000,0.360586
40347.19000,0.360532
40347.20000,0.360477
40347.21000,0.360423
40347.22000,0.360368
40347.23000,0.360314
40347.24000,0.360259
40347.25000,0.360205
40347.26000,0.36015
40347.27000,0.360096
40347.28000,0.360041
40347.29000,0.359987
40347.30000,0.359932
40347.31000,0.359878
40347.32000,0.359823
40347.33000,0.359769
40347.34000,0.359714
40347.35000,0.35966
40347.36000,0.359605
40347.37000,0.35955
40347.38000,0.359496
40347.39000,0.359441
40347.40000,0.359387
40347.41000,0.359332
40347.42000,0.359278
40347.43000,0.359223
40347.44000,0.359169
40347.45000,0.359114
40347.46000,0.35906
40347.47000,0.359005
40347.48000,0.358951
40347.49000,0.358896
40347.50000,0.358842
40347.51000,0.358787
40347.52000,0.358733
40347.53000,0.358678
40347.54000,0.358682
40347.55000,0.358686
40347.56000,0.358689
40347.57000,0.358693
40347.58000,0.358697
40347.59000,0.3587
40347.60000,0.358704
40347.61000,0.358708
40347.62000,0.358712
40347.63000,0.358715
40347.64000,0.358719
40347.65000,0.358723
40347.66000,0.358727
40347.67000,0.35873
40347.68000,0.358734
40347.69000,0.358738
40347.70000,0.358741
40347.71000,0.358745
40347.72000,0.358749
40347.73000,0.358753
40347.74000,0.358756
40347.75000,0.35876
40347.76000,0.358764
40347.77000,0.358768
40347.78000,0.358771
40347.79000,0.358775
40347.80000,0.358779
40347.81000,0.358782
40347.82000,0.358786
40347.83000,0.35879
40347.84000,0.358794
40347.85000,0.358797
40347.86000,0.358801
40347.87000,0.358805
40347.88000,0.358809
40347.89000,0.358812
40347.90000,0.358816
40347.91000,0.35882
40347.92000,0.358823
40347.93000,0.358827
40347.94000,0.358831
40347.95000,0.358835
40347.96000,0.358838
40347.97000,0.358842
40347.98000,0.358846
40347.99000,0.35885
40348.00000,0.358853
40348.01000,0.358857
40348.02000,0.358861
40348.03000,0.358865
40348.04000,0.358811
40348.05000,0.358758
40348.06000,0.358705
40348.07000,0.358652
40348.08000,0.358599
40348.09000,0.358546
40348.10000,0.358492
40348.11000,0.358439
40348.12000,0.358386
40348.13000,0.358333
40348.14000,0.35828
40348.15000,0.358227
40348.16000,0.358173
40348.17000,0.35812
40348.18000,0.358067
40348.19000,0.358014
40348.20000,0.357961
40348.21000,0.357908
40348.22000,0.357854
40348.23000,0.357801
40348.24000,0.357748
40348.25000,0.357695
40348.26000,0.357642
40348.27000,0.357589
40348.28000,0.357535
40348.29000,0.357482
40348.30000,0.357429
40348.31000,0.357376
40348.32000,0.357323
40348.33000,0.35727
40348.34000,0.357216
40348.35000,0.357163
40348.36000,0.35711
40348.37000,0.357057
40348.38000,0.357004
40348.39000,0.356951
40348.40000,0.356897
40348.41000,0.356844
40348.42000,0.356791
40348.43000,0.356738
40348.44000,0.356685
40348.45000,0.356632
40348.46000,0.356578
40348.47000,0.356525
40348.48000,0.356472
40348.49000,0.356419
40348.50000,0.356366
40348.51000,0.356313
40348.52000,0.35626
40348.53000,0.356206
40348.54000,0.356211
40348.55000,0.356215
40348.56000,0.356219
40348.57000,0.356224
40348.58000,0.356228
40348.59000,0.356233
40348.60000,0.356237
40348.61000,0.356241
40348.62000,0.356246
40348.63000,0.35625
40348.64000,0.356255
40348.65000,0.356259
40348.66000,0.356263
40348.67000,0.356268
40348.68000,0.356272
40348.69000,0.356276
40348.70000,0.356281
40348.71000,0.356285
40348.72000,0.35629
40348.73000,0.356294
40348.74000,0.356298
40348.75000,0.356303
40348.76000,0.356307
40348.77000,0.356311
40348.78000,0.356316
40348.79000,0.35632
40348.80000,0.356325
40348.81000,0.356329
40348.82000,0.356333
40348.83000,0.356338
40348.84000,0.356342
40348.85000,0.356347
40348.86000,0.356351
40348.87000,0.356355
40348.88000,0.35636
40348.89000,0.356364
40348.90000,0.356368
40348.91000,0.356373
40348.92000,0.356377
40348.93000,0.356382
40348.94000,0.356386
40348.95000,0.35639
40348.96000,0.356395
40348.97000,0.356399
40348.98000,0.356403
40348.99000,0.356408
40349.00000,0.356412
40349.01000,0.356417
40349.02000,0.356421
40349.03000,0.356425
40349.04000,0.356372
40349.05000,0.356319
40349.06000,0.356266
40349.07000,0.356213
40349.08000,0.35616
40349.09000,0.356107
40349.10000,0.356054
40349.11000,0.356001
40349.12000,0.355948
40349.13000,0.355895
40349.14000,0.355842
40349.15000,0.355789
40349.16000,0.355736
40349.17000,0.355683
40349.18000,0.35563
40349.19000,0.355577
40349.20000,0.355524
40349.21000,0.355471
40349.22000,0.355418
40349.23000,0.355365
40349.24000,0.355312
40349.25000,0.355259
40349.26000,0.355206
40349.27000,0.355153
40349.28000,0.3551
40349.29000,0.355047
40349.30000,0.354994
40349.31000,0.354941
40349.32000,0.354888
40349.33000,0.354835
40349.34000,0.354782
40349.35000,0.354729
40349.36000,0.354676
40349.37000,0.354623
40349.38000,0.35457
40349.39000,0.354517
40349.40000,0.354464
40349.41000,0.354411
40349.42000,0.354358
40349.43000,0.354305
40349.44000,0.354252
40349.45000,0.354198
40349.46000,0.354145
40349.47000,0.354092
40349.48000,0.354039
40349.49000,0.353986
40349.50000,0.353933
40349.51000,0.35388
40349.52000,0.353827
40349.53000,0.353774
40349.54000,0.35378
40349.55000,0.353785
40349.56000,0.35379
40349.57000,0.353796
40349.58000,0.353801
40349.59000,0.353806
40349.60000,0.353812
40349.61000,0.353817
40349.62000,0.353822
40349.63000,0.353828
40349.64000,0.353833
40349.65000,0.353838
40349.66000,0.353844
40349.67000,0.353849
40349.68000,0.353854
40349.69000,0.35386
40349.70000,0.353865
40349.71000,0.35387
40349.72000,0.353876
40349.73000,0.353881
40349.74000,0.353886
40349.75000,0.353892
40349.76000,0.353897
40349.77000,0.353902
40349.78000,0.353908
40349.79000,0.353913
40349.80000,0.353919
40349.81000,0.353924
40349.82000,0.353929
40349.83000,0.353935
40349.84000,0.35394
40349.85000,0.353945
40349.86000,0.353951
40349.87000,0.353956
40349.88000,0.353961
40349.89000,0.353967
40349.90000,0.353972
40349.91000,0.353977
40349.92000,0.353983
40349.93000,0.353988
40349.94000,0.353993
40349.95000,0.353999
40349.96000,0.354004
40349.97000,0.354009
40349.98000,0.354015
40349.99000,0.35402
40350.00000,0.354025
40350.01000,0.354031
40350.02000,0.354036
40350.03000,0.354041
40350.04000,0.353989
40350.05000,0.353936
40350.06000,0.353883
40350.07000,0.35383
40350.08000,0.353777
40350.09000,0.353724
40350.10000,0.353672
40350.11000,0.353619
40350.12000,0.353566
40350.13000,0.353513
40350.14000,0.35346
40350.15000,0.353407
40350.16000,0.353355
40350.17000,0.353302
40350.18000,0.353249
40350.19000,0.353196
40350.20000,0.353143
40350.21000,0.353091
40350.22000,0.353038
40350.23000,0.352985
40350.24000,0.352932
40350.25000,0.352879
40350.26000,0.352826
40350.27000,0.352774
40350.28000,0.352721
40350.29000,0.352668
40350.30000,0.352615
40350.31000,0.352562
40350.32000,0.352509
40350.33000,0.352457
40350.34000,0.352404
40350.35000,0.352351
40350.36000,0.352298
40350.37000,0.352245
40350.38000,0.352193
40350.39000,0.35214
40350.40000,0.352087
40350.41000,0.352034
40350.42000,0.351981
40350.43000,0.351928
40350.44000,0.351876
40350.45000,0.351823
40350.46000,0.35177
40350.47000,0.351717
40350.48000,0.351664
40350.49000,0.351611
40350.50000,0.351559
40350.51000,0.351506
40350.52000,0.351453
40350.53000,0.3514
40350.54000,0.351406
40350.55000,0.351413
40350.56000,0.351419
40350.57000,0.351425
40350.58000,0.351432
40350.59000,0.351438
40350.60000,0.351444
40350.61000,0.351451
40350.62000,0.351457
40350.63000,0.351463
40350.64000,0.35147
40350.65000,0.351476
40350.66000,0.351482
40350.67000,0.351489
40350.68000,0.351495
40350.69000,0.351501
40350.70000,0.351507
40350.71000,0.351514
40350.72000,0.35152
40350.73000,0.351526
40350.74000,0.351533
40350.75000,0.351539
40350.76000,0.351545
40350.77000,0.351552
40350.78000,0.351558
40350.79000,0.351564
40350.80000,0.351571
40350.81000,0.351577
40350.82000,0.351583
40350.83000,0.351589
40350.84000,0.351596
40350.85000,0.351602
40350.86000,0.351608
40350.87000,0.351615
40350.88000,0.351621
40350.89000,0.351627
40350.90000,0.351634
40350.91000,0.35164
40350.92000,0.351646
40350.93000,0.351653
40350.94000,0.351659
40350.95000,0.351665
40350.96000,0.351671
40350.97000,0.351678
40350.98000,0.351684
40350.99000,0.35169
40351.00000,0.351697
40351.01000,0.351703
40351.02000,0.351709
40351.03000,0.351716
40351.04000,0.351683
40351.05000,0.351651
40351.06000,0.351619
40351.07000,0.351586
40351.08000,0.351554
40351.09000,0.351521
40351.10000,0.351489
40351.11000,0.351457
40351.12000,0.351424
40351.13000,0.351392
40351.14000,0.35136
40351.15000,0.351327
40351.16000,0.351295
40351.17000,0.351263
40351.18000,0.35123
40351.19000,0.351198
40351.20000,0.351165
40351.21000,0.351133
40351.22000,0.351101
40351.23000,0.351068
40351.24000,0.351036
40351.25000,0.351004
40351.26000,0.350971
40351.27000,0.350939
40351.28000,0.350907
40351.29000,0.350874
40351.30000,0.350842
40351.31000,0.350809
40351.32000,0.350777
40351.33000,0.350745
40351.34000,0.350712
40351.35000,0.35068
40351.36000,0.350648
40351.37000,0.350615
40351.38000,0.350583
40351.39000,0.350551
40351.40000,0.350518
40351.41000,0.350486
40351.42000,0.350453
40351.43000,0.350421
40351.44000,0.350389
40351.45000,0.350356
40351.46000,0.350324
40351.47000,0.350292
40351.48000,0.350259
40351.49000,0.350227
40351.50000,0.350195
40351.51000,0.350162
40351.52000,0.35013
40351.53000,0.350097
40351.54000,0.350244
40351.55000,0.35039
40351.56000,0.350536
40351.57000,0.350682
40351.58000,0.350829
40351.59000,0.350975
40351.60000,0.351121
40351.61000,0.351267
40351.62000,0.351413
40351.63000,0.35156
40351.64000,0.351706
40351.65000,0.351852
40351.66000,0.351998
40351.67000,0.352144
40351.68000,0.352291
40351.69000,0.352437
40351.70000,0.352583
40351.71000,0.352729
40351.72000,0.352876
40351.73000,0.353022
40351.74000,0.353168
40351.75000,0.353314
40351.76000,0.35346
40351.77000,0.353607
40351.78000,0.353753
40351.79000,0.363008
40351.80000,0.373572
40351.81000,0.381735
40351.82000,0.384804
40351.83000,0.384939
40351.84000,0.383162
40351.85000,0.379415
40351.86000,0.373414
40351.87000,0.371878
40351.88000,0.370342
40351.89000,0.369838
40351.90000,0.369334
40351.91000,0.368946
40351.92000,0.368791
40351.93000,0.368636
40351.94000,0.368481
40351.95000,0.368407
40351.96000,0.368356
40351.97000,0.368304
40351.98000,0.368253
40351.99000,0.368202
40352.00000,0.368179
40352.01000,0.368155
40352.02000,0.368132
40352.03000,0.368108
40352.04000,0.368084
40352.05000,0.368061
40352.06000,0.368042
40352.07000,0.368026
40352.08000,0.36801
40352.09000,0.367993
40352.10000,0.367977
40352.11000,0.367961
40352.12000,0.367944
40352.13000,0.367928
40352.14000,0.367908
40352.15000,0.367881
40352.16000,0.367853
40352.17000,0.367826
40352.18000,0.367798
40352.19000,0.367771
40352.20000,0.367743
40352.21000,0.367716
40352.22000,0.367688
40352.23000,0.367661
40352.24000,0.367633
40352.25000,0.367603
40352.26000,0.367531
40352.27000,0.367458
40352.28000,0.367386
40352.29000,0.367313
40352.30000,0.36724
40352.31000,0.367168
40352.32000,0.367095
40352.33000,0.367023
40352.34000,0.36695
40352.35000,0.366878
40352.36000,0.366805
40352.37000,0.366732
40352.38000,0.36666
40352.39000,0.366587
40352.40000,0.366516
40352.41000,0.36646
40352.42000,0.366404
40352.43000,0.366348
40352.44000,0.366292
40352.45000,0.366237
40352.46000,0.366181
40352.47000,0.366125
40352.48000,0.366069
40352.49000,0.366013
40352.50000,0.365957
40352.51000,0.365902
40352.52000,0.365846
40352.53000,0.36579
40352.54000,0.365734
40352.55000,0.365678
40352.56000,0.365622
40352.57000,0.365567
40352.58000,0.365511
40352.59000,0.365455
40352.60000,0.365404
40352.61000,0.365408
40352.62000,0.365412
40352.63000,0.365416
40352.64000,0.365419
40352.65000,0.365423
40352.66000,0.365427
40352.67000,0.365431
40352.68000,0.365434
40352.69000,0.365438
40352.70000,0.365442
40352.71000,0.365446
40352.72000,0.365449
40352.73000,0.365453
40352.74000,0.365457
40352.75000,0.365461
40352.76000,0.365464
40352.77000,0.365468
40352.78000,0.365472
40352.79000,0.365476
40352.80000,0.365479
40352.81000,0.365483
40352.82000,0.365487
40352.83000,0.365491
40352.84000,0.365494
40352.85000,0.365498
40352.86000,0.365502
40352.87000,0.365499
40352.88000,0.365488
40352.89000,0.365478
40352.90000,0.365467
40352.91000,0.365456
40352.92000,0.365445
40352.93000,0.365435
40352.94000,0.365424
40352.95000,0.365413
40352.96000,0.365402
40352.97000,0.365392
40352.98000,0.365381
40352.99000,0.36537
40353.00000,0.365359
40353.01000,0.365349
40353.02000,0.365338
40353.03000,0.365327
40353.04000,0.365316
40353.05000,0.365306
40353.06000,0.365295
40353.07000,0.365284
40353.08000,0.365273
40353.09000,0.365262
40353.10000,0.365252
40353.11000,0.365241
40353.12000,0.36523
40353.13000,0.365219
40353.14000,0.365209
40353.15000,0.365198
40353.16000,0.365187
40353.17000,0.365176
40353.18000,0.365166
40353.19000,0.365155
40353.20000,0.365144
40353.21000,0.365133
40353.22000,0.365123
40353.23000,0.365072
40353.24000,0.365019
40353.25000,0.364966
40353.26000,0.364913
40353.27000,0.364859
40353.28000,0.364806
40353.29000,0.364753
40353.30000,0.3647
40353.31000,0.364647
40353.32000,0.364593
40353.33000,0.36454
40353.34000,0.364487
40353.35000,0.364434
40353.36000,0.364381
40353.37000,0.364327
40353.38000,0.364274
40353.39000,0.364221
40353.40000,0.364168
40353.41000,0.364115
40353.42000,0.364061
40353.43000,0.364008
40353.44000,0.363955
40353.45000,0.363902
40353.46000,0.363849
40353.47000,0.363796
40353.48000,0.363742
40353.49000,0.363689
40353.50000,0.363636
40353.51000,0.363583
40353.52000,0.36353
40353.53000,0.363476
40353.54000,0.363423
40353.55000,0.36337
40353.56000,0.363317
40353.57000,0.363264
40353.58000,0.363235
40353.59000,0.363239
40353.60000,0.363243
40353.61000,0.363248
40353.62000,0.363252
40353.63000,0.363256
40353.64000,0.36326
40353.65000,0.363265
40353.66000,0.363269
40353.67000,0.363273
40353.68000,0.363278
40353.69000,0.363282
40353.70000,0.363286
40353.71000,0.36329
40353.72000,0.363295
40353.73000,0.363299
40353.74000,0.363303
40353.75000,0.363307
40353.76000,0.363312
40353.77000,0.363316
40353.78000,0.36332
40353.79000,0.363325
40353.80000,0.363329
40353.81000,0.363333
40353.82000,0.363337
40353.83000,0.363342
40353.84000,0.363346
40353.85000,0.36335
40353.86000,0.363355
40353.87000,0.363359
40353.88000,0.363363
40353.89000,0.363367
40353.90000,0.363372
40353.91000,0.363376
40353.92000,0.36338
40353.93000,0.363385
40353.94000,0.363363
40353.95000,0.363339
40353.96000,0.363315
40353.97000,0.36329
40353.98000,0.363266
40353.99000,0.363242
40354.00000,0.363218
40354.01000,0.363193
40354.02000,0.363169
40354.03000,0.363145
40354.04000,0.363121
40354.05000,0.363097
40354.06000,0.363072
40354.07000,0.363048
40354.08000,0.363024
40354.09000,0.363
40354.10000,0.362975
40354.11000,0.362951
40354.12000,0.362927
40354.13000,0.362903
40354.14000,0.362879
40354.15000,0.362854
40354.16000,0.36283
40354.17000,0.362806
40354.18000,0.362782
40354.19000,0.362758
40354.20000,0.362733
40354.21000,0.362709
40354.22000,0.362685
40354.23000,0.362661
40354.24000,0.362636
40354.25000,0.362612
40354.26000,0.362588
40354.27000,0.362564
40354.28000,0.36254
40354.29000,0.362509
40354.30000,0.362469
40354.31000,0.362429
40354.32000,0.362389
40354.33000,0.362349
40354.34000,0.362308
40354.35000,0.362268
40354.36000,0.362228
40354.37000,0.362188
40354.38000,0.362148
40354.39000,0.362108
40354.40000,0.362068
40354.41000,0.362027
40354.42000,0.361987
40354.43000,0.361947
40354.44000,0.361907
40354.45000,0.361867
40354.46000,0.361827
40354.47000,0.361787
40354.48000,0.361746
40354.49000,0.361706
40354.50000,0.361666
40354.51000,0.361626
40354.52000,0.361586
40354.53000,0.361546
40354.54000,0.361506
40354.55000,0.361465
40354.56000,0.361425
40354.57000,0.361385
40354.58000,0.361345
40354.59000,0.361305
40354.60000,0.361265
40354.61000,0.361225
40354.62000,0.361184
40354.63000,0.361144
40354.64000,0.361104
40354.65000,0.361102
40354.66000,0.361104
40354.67000,0.361107
40354.68000,0.36111
40354.69000,0.361113
40354.70000,0.361116
40354.71000,0.361118
40354.72000,0.361121
40354.73000,0.361124
40354.74000,0.361127
40354.75000,0.36113
40354.76000,0.361132
40354.77000,0.361135
40354.78000,0.361138
40354.79000,0.361141
40354.80000,0.361144
40354.81000,0.361146
40354.82000,0.361149
40354.83000,0.361152
40354.84000,0.361155
40354.85000,0.361158
40354.86000,0.36116
40354.87000,0.361163
40354.88000,0.361166
40354.89000,0.361169
40354.90000,0.361172
40354.91000,0.361174
40354.92000,0.361177
40354.93000,0.36118
40354.94000,0.361183
40354.95000,0.361186
40354.96000,0.361188
40354.97000,0.361191
40354.98000,0.361194
40354.99000,0.361197
40355.00000,0.361184
40355.01000,0.361145
40355.02000,0.361106
40355.03000,0.361067
40355.04000,0.361028
40355.05000,0.360989
40355.06000,0.360949
40355.07000,0.36091
40355.08000,0.360871
40355.09000,0.360832
40355.10000,0.360793
40355.11000,0.360754
40355.12000,0.360714
40355.13000,0.360675
40355.14000,0.360636
40355.15000,0.360597
40355.16000,0.360558
40355.17000,0.360519
40355.18000,0.360479
40355.19000,0.36044
40355.20000,0.360401
40355.21000,0.360362
40355.22000,0.360323
40355.23000,0.360283
40355.24000,0.360244
40355.25000,0.360205
40355.26000,0.360166
40355.27000,0.360127
40355.28000,0.360088
40355.29000,0.360048
40355.30000,0.360009
40355.31000,0.35997
40355.32000,0.359931
40355.33000,0.359892
40355.34000,0.359853
40355.35000,0.359813
40355.36000,0.359791
40355.37000,0.359771
40355.38000,0.359751
40355.39000,0.359731
40355.40000,0.359711
40355.41000,0.359691
40355.42000,0.359671
40355.43000,0.359652
40355.44000,0.359632
40355.45000,0.359612
40355.46000,0.359592
40355.47000,0.359572
40355.48000,0.359552
40355.49000,0.359532
40355.50000,0.359513
40355.51000,0.359493
40355.52000,0.359473
40355.53000,0.359453
40355.54000,0.359433
40355.55000,0.359413
40355.56000,0.359393
40355.57000,0.359374
40355.58000,0.359354
40355.59000,0.359334
40355.60000,0.359314
40355.61000,0.359294
40355.62000,0.359274
40355.63000,0.359254
40355.64000,0.359235
40355.65000,0.359215
40355.66000,0.359195
40355.67000,0.359175
40355.68000,0.359155
40355.69000,0.359135
40355.70000,0.359115
40355.71000,0.359102
40355.72000,0.359101
40355.73000,0.3591
40355.74000,0.359099
40355.75000,0.359098
40355.76000,0.359097
40355.77000,0.359096
40355.78000,0.359095
40355.79000,0.359094
40355.80000,0.359093
40355.81000,0.359092
40355.82000,0.359091
40355.83000,0.35909
40355.84000,0.359089
40355.85000,0.359088
40355.86000,0.359087
40355.87000,0.359086
40355.88000,0.359085
40355.89000,0.359085
40355.90000,0.359084
40355.91000,0.359083
40355.92000,0.359082
40355.93000,0.359081
40355.94000,0.35908
40355.95000,0.359079
40355.96000,0.359078
40355.97000,0.359077
40355.98000,0.359076
40355.99000,0.359075
40356.00000,0.359074
40356.01000,0.359073
40356.02000,0.359072
40356.03000,0.359071
40356.04000,0.35907
40356.05000,0.359069
40356.06000,0.359068
40356.07000,0.359026
40356.08000,0.358975
40356.09000,0.358924
40356.10000,0.358873
40356.11000,0.358822
40356.12000,0.358771
40356.13000,0.35872
40356.14000,0.358669
40356.15000,0.358618
40356.16000,0.358567
40356.17000,0.358516
40356.18000,0.358465
40356.19000,0.358414
40356.20000,0.358363
40356.21000,0.358312
40356.22000,0.358261
40356.23000,0.35821
40356.24000,0.358159
40356.25000,0.358108
40356.26000,0.358057
40356.27000,0.358006
40356.28000,0.357955
40356.29000,0.357904
40356.30000,0.357853
40356.31000,0.357802
40356.32000,0.357751
40356.33000,0.3577
40356.34000,0.357649
40356.35000,0.357598
40356.36000,0.357547
40356.37000,0.357496
40356.38000,0.357445
40356.39000,0.357394
40356.40000,0.357343
40356.41000,0.357292
40356.42000,0.357256
40356.43000,0.357256
40356.44000,0.357256
40356.45000,0.357256
40356.46000,0.357256
40356.47000,0.357256
40356.48000,0.357256
40356.49000,0.357256
40356.50000,0.357255
40356.51000,0.357255
40356.52000,0.357255
40356.53000,0.357255
40356.54000,0.357255
40356.55000,0.357255
40356.56000,0.357255
40356.57000,0.357255
40356.58000,0.357255
40356.59000,0.357254
40356.60000,0.357254
40356.61000,0.357254
40356.62000,0.357254
40356.63000,0.357254
40356.64000,0.357254
40356.65000,0.357254
40356.66000,0.357254
40356.67000,0.357253
40356.68000,0.357253
40356.69000,0.357253
40356.70000,0.357253
40356.71000,0.357253
40356.72000,0.357253
40356.73000,0.357253
40356.74000,0.357253
40356.75000,0.357253
40356.76000,0.357252
40356.77000,0.357252
40356.78000,0.357248
40356.79000,0.357243
40356.80000,0.357238
40356.81000,0.357233
40356.82000,0.357228
40356.83000,0.357222
40356.84000,0.357217
40356.85000,0.357212
40356.86000,0.357207
40356.87000,0.357202
40356.88000,0.357196
40356.89000,0.357191
40356.90000,0.357186
40356.91000,0.357181
40356.92000,0.357176
40356.93000,0.357171
40356.94000,0.357165
40356.95000,0.35716
40356.96000,0.357155
40356.97000,0.35715
40356.98000,0.357145
40356.99000,0.357139
40357.00000,0.357134
40357.01000,0.357129
40357.02000,0.357124
40357.03000,0.357119
40357.04000,0.357114
40357.05000,0.357108
40357.06000,0.357103
40357.07000,0.357098
40357.08000,0.357093
40357.09000,0.357088
40357.10000,0.357082
40357.11000,0.357077
40357.12000,0.357072
40357.13000,0.357062
40357.14000,0.357037
40357.15000,0.357012
40357.16000,0.356988
40357.17000,0.356963
40357.18000,0.356939
40357.19000,0.356914
40357.20000,0.356889
40357.21000,0.356865
40357.22000,0.35684
40357.23000,0.356816
40357.24000,0.356791
40357.25000,0.356766
40357.26000,0.356742
40357.27000,0.356717
40357.28000,0.356693
40357.29000,0.356668
40357.30000,0.356643
40357.31000,0.356619
40357.32000,0.356594
40357.33000,0.35657
40357.34000,0.356545
40357.35000,0.35652
40357.36000,0.356496
40357.37000,0.356471
40357.38000,0.356447
40357.39000,0.356422
40357.40000,0.356397
40357.41000,0.356373
40357.42000,0.356348
40357.43000,0.356324
40357.44000,0.356299
40357.45000,0.356274
40357.46000,0.35625
40357.47000,0.356225
40357.48000,0.356201
40357.49000,0.357089
40357.50000,0.358277
40357.51000,0.359466
40357.52000,0.360654
40357.53000,0.361842
40357.54000,0.363031
40357.55000,0.364219
40357.56000,0.365407
40357.57000,0.366596
40357.58000,0.383698
40357.59000,0.393137
40357.60000,0.397033
40357.61000,0.398048
40357.62000,0.397878
40357.63000,0.396919
40357.64000,0.394708
40357.65000,0.375524
40357.66000,0.374959
40357.67000,0.374394
40357.68000,0.373829
40357.69000,0.373264
40357.70000,0.372699
40357.71000,0.372133
40357.72000,0.371568
40357.73000,0.371003
40357.74000,0.370438
40357.75000,0.369873
40357.76000,0.369768
40357.77000,0.369662
40357.78000,0.369557
40357.79000,0.369452
40357.80000,0.369346
40357.81000,0.369241
40357.82000,0.369136
40357.83000,0.369069
40357.84000,0.369041
40357.85000,0.369014
40357.86000,0.368986
40357.87000,0.368958
40357.88000,0.368931
40357.89000,0.368903
40357.90000,0.368875
40357.91000,0.368861
40357.92000,0.368846
40357.93000,0.368831
40357.94000,0.368817
40357.95000,0.368802
40357.96000,0.368787
40357.97000,0.368773
40357.98000,0.368758
40357.99000,0.368743
40358.00000,0.368728
40358.01000,0.368715
40358.02000,0.368702
40358.03000,0.368689
40358.04000,0.368676
40358.05000,0.368663
40358.06000,0.36865
40358.07000,0.368637
40358.08000,0.368623
40358.09000,0.36861
40358.10000,0.368597
40358.11000,0.368584
40358.12000,0.368571
40358.13000,0.368558
40358.14000,0.368524
40358.15000,0.36848
40358.16000,0.368436
40358.17000,0.368392
40358.18000,0.368348
40358.19000,0.368303
40358.20000,0.368259
40358.21000,0.368215
40358.22000,0.368171
40358.23000,0.368127
40358.24000,0.368083
40358.25000,0.368039
40358.26000,0.367995
40358.27000,0.367951
40358.28000,0.367907
40358.29000,0.367863
40358.30000,0.367818
40358.31000,0.367774
40358.32000,0.367706
40358.33000,0.367635
40358.34000,0.367564
40358.35000,0.367493
40358.36000,0.367422
40358.37000,0.367351
40358.38000,0.36728
40358.39000,0.367209
40358.40000,0.367138
40358.41000,0.367067
40358.42000,0.366996
40358.43000,0.366925
40358.44000,0.366854
40358.45000,0.366783
40358.46000,0.366712
40358.47000,0.366641
40358.48000,0.36657
40358.49000,0.366499
40358.50000,0.366428
40358.51000,0.366357
40358.52000,0.366286
40358.53000,0.366215
40358.54000,0.366144
40358.55000,0.366088
40358.56000,0.366093
40358.57000,0.366099
40358.58000,0.366104
40358.59000,0.36611
40358.60000,0.366116
40358.61000,0.366121
40358.62000,0.366127
40358.63000,0.366132
40358.64000,0.366138
40358.65000,0.366144
40358.66000,0.366149
40358.67000,0.366155
40358.68000,0.36616
40358.69000,0.366166
40358.70000,0.366172
40358.71000,0.366177
40358.72000,0.366183
40358.73000,0.366188
40358.74000,0.366194
40358.75000,0.3662
40358.76000,0.366205
40358.77000,0.366211
40358.78000,0.366217
40358.79000,0.366222
40358.80000,0.366228
40358.81000,0.366233
40358.82000,0.366239
40358.83000,0.366245
40358.84000,0.36625
40358.85000,0.366256
40358.86000,0.366261
40358.87000,0.366259
40358.88000,0.366251
40358.89000,0.366242
40358.90000,0.366234
40358.91000,0.366226
40358.92000,0.366217
40358.93000,0.366209
40358.94000,0.366201
40358.95000,0.366192
40358.96000,0.366184
40358.97000,0.366176
40358.98000,0.366167
40358.99000,0.366159
40359.00000,0.366151
40359.01000,0.366142
40359.02000,0.366134
40359.03000,0.366126
40359.04000,0.366118
40359.05000,0.366109
40359.06000,0.366101
40359.07000,0.366093
40359.08000,0.366084
40359.09000,0.366076
40359.10000,0.366068
40359.11000,0.366059
40359.12000,0.366051
40359.13000,0.366043
40359.14000,0.366034
40359.15000,0.366026
40359.16000,0.366018
40359.17000,0.366009
40359.18000,0.366001
40359.19000,0.365941
40359.20000,0.36588
40359.21000,0.365819
40359.22000,0.365757
40359.23000,0.365696
40359.24000,0.365635
40359.25000,0.365574
40359.26000,0.365512
40359.27000,0.365451
40359.28000,0.36539
40359.29000,0.365329
40359.30000,0.365267
40359.31000,0.365206
40359.32000,0.365145
40359.33000,0.365084
40359.34000,0.365022
40359.35000,0.364961
40359.36000,0.3649
40359.37000,0.364839
40359.38000,0.364777
40359.39000,0.364716
40359.40000,0.364655
40359.41000,0.364594
40359.42000,0.364532
40359.43000,0.364471
40359.44000,0.36441
40359.45000,0.364349
40359.46000,0.364288
40359.47000,0.364226
40359.48000,0.364165
40359.49000,0.364104
40359.50000,0.364068
40359.51000,0.364075
40359.52000,0.364081
40359.53000,0.364088
40359.54000,0.364095
40359.55000,0.364102
40359.56000,0.364108
40359.57000,0.364115
40359.58000,0.364122
40359.59000,0.364129
40359.60000,0.364136
40359.61000,0.364142
40359.62000,0.364149
40359.63000,0.364156
40359.64000,0.364163
40359.65000,0.36417
40359.66000,0.364176
40359.67000,0.364183
40359.68000,0.36419
40359.69000,0.364197
40359.70000,0.364204
40359.71000,0.36421
40359.72000,0.364217
40359.73000,0.364224
40359.74000,0.364231
40359.75000,0.364237
40359.76000,0.364244
40359.77000,0.364251
40359.78000,0.364258
40359.79000,0.364265
40359.80000,0.364271
40359.81000,0.364278
40359.82000,0.364274
40359.83000,0.364266
40359.84000,0.364258
40359.85000,0.36425
40359.86000,0.364242
40359.87000,0.364235
40359.88000,0.364227
40359.89000,0.364219
40359.90000,0.364211
40359.91000,0.364203
40359.92000,0.364195
40359.93000,0.364187
40359.94000,0.36418
40359.95000,0.364172
40359.96000,0.364164
40359.97000,0.364156
40359.98000,0.364148
40359.99000,0.36414
40360.00000,0.364133
40360.01000,0.364125
40360.02000,0.364117
40360.03000,0.364109
40360.04000,0.364101
40360.05000,0.364093
40360.06000,0.364086
40360.07000,0.364078
40360.08000,0.36407
40360.09000,0.364062
40360.10000,0.364054
40360.11000,0.364046
40360.12000,0.364038
40360.13000,0.364022
40360.14000,0.363964
40360.15000,0.363905
40360.16000,0.363846
40360.17000,0.363788
40360.18000,0.363729
40360.19000,0.36367
40360.20000,0.363611
40360.21000,0.363553
40360.22000,0.363494
40360.23000,0.363435
40360.24000,0.363377
40360.25000,0.363318
40360.26000,0.363259
40360.27000,0.3632
40360.28000,0.363142
40360.29000,0.363083
40360.30000,0.363024
40360.31000,0.362965
40360.32000,0.362907
40360.33000,0.362848
40360.34000,0.362789
40360.35000,0.362731
40360.36000,0.362672
40360.37000,0.362613
40360.38000,0.362554
40360.39000,0.362496
40360.40000,0.362437
40360.41000,0.362378
40360.42000,0.362319
40360.43000,0.362261
40360.44000,0.362202
40360.45000,0.362175
40360.46000,0.362172
40360.47000,0.36217
40360.48000,0.362168
40360.49000,0.362166
40360.50000,0.362163
40360.51000,0.362161
40360.52000,0.362159
40360.53000,0.362156
40360.54000,0.362154
40360.55000,0.362152
40360.56000,0.36215
40360.57000,0.362147
40360.58000,0.362145
40360.59000,0.362143
40360.60000,0.36214
40360.61000,0.362138
40360.62000,0.362136
40360.63000,0.362134
40360.64000,0.362131
40360.65000,0.362129
40360.66000,0.362127
40360.67000,0.362124
40360.68000,0.362122
40360.69000,0.36212
40360.70000,0.362118
40360.71000,0.362115
40360.72000,0.362113
40360.73000,0.362111
40360.74000,0.362108
40360.75000,0.362106
40360.76000,0.362104
40360.77000,0.362099
40360.78000,0.362095
40360.79000,0.36209
40360.80000,0.362085
40360.81000,0.362081
40360.82000,0.362076
40360.83000,0.362072
40360.84000,0.362067
40360.85000,0.362062
40360.86000,0.362058
40360.87000,0.362053
40360.88000,0.362048
40360.89000,0.362044
40360.90000,0.362039
40360.91000,0.362035
40360.92000,0.36203
40360.93000,0.362025
40360.94000,0.362021
40360.95000,0.362016
40360.96000,0.362011
40360.97000,0.362007
40360.98000,0.362002
40360.99000,0.361998
40361.00000,0.361993
40361.01000,0.361988
40361.02000,0.361984
40361.03000,0.361979
40361.04000,0.361974
40361.05000,0.36197
40361.06000,0.361965
40361.07000,0.361961
40361.08000,0.36194
40361.09000,0.36189
40361.10000,0.36184
40361.11000,0.36179
40361.12000,0.361741
40361.13000,0.361691
40361.14000,0.361641
40361.15000,0.361591
40361.16000,0.361541
40361.17000,0.361491
40361.18000,0.361441
40361.19000,0.361391
40361.20000,0.361341
40361.21000,0.361291
40361.22000,0.361241
40361.23000,0.361191
40361.24000,0.361141
40361.25000,0.361091
40361.26000,0.361041
40361.27000,0.360991
40361.28000,0.360942
40361.29000,0.360892
40361.30000,0.360842
40361.31000,0.360792
40361.32000,0.360742
40361.33000,0.360692
40361.34000,0.360642
40361.35000,0.360592
40361.36000,0.360542
40361.37000,0.360492
40361.38000,0.360442
40361.39000,0.360392
40361.40000,0.360366
40361.41000,0.360349
40361.42000,0.360332
40361.43000,0.360315
40361.44000,0.360297
40361.45000,0.36028
40361.46000,0.360263
40361.47000,0.360246
40361.48000,0.360228
40361.49000,0.360211
40361.50000,0.360194
40361.51000,0.360177
40361.52000,0.360159
40361.53000,0.360142
40361.54000,0.360125
40361.55000,0.360108
40361.56000,0.36009
40361.57000,0.360073
40361.58000,0.360056
40361.59000,0.360039
40361.60000,0.360021
40361.61000,0.360004
40361.62000,0.359987
40361.63000,0.35997
40361.64000,0.359952
40361.65000,0.359935
40361.66000,0.359918
40361.67000,0.359901
40361.68000,0.359883
40361.69000,0.359866
40361.70000,0.359849
40361.71000,0.359834
40361.72000,0.359834
40361.73000,0.359834
40361.74000,0.359834
40361.75000,0.359834
40361.76000,0.359834
40361.77000,0.359834
40361.78000,0.359834
40361.79000,0.359834
40361.80000,0.359834
40361.81000,0.359834
40361.82000,0.359834
40361.83000,0.359834
40361.84000,0.359834
40361.85000,0.359834
40361.86000,0.359834
40361.87000,0.359834
40361.88000,0.359833
40361.89000,0.359833
40361.90000,0.359833
40361.91000,0.359833
40361.92000,0.359833
40361.93000,0.359833
40361.94000,0.359833
40361.95000,0.359833
40361.96000,0.359833
40361.97000,0.359833
40361.98000,0.359833
40361.99000,0.359833
40362.00000,0.359833
40362.01000,0.359833
40362.02000,0.359833
40362.03000,0.359813
40362.04000,0.359775
40362.05000,0.359737
40362.06000,0.359699
40362.07000,0.35966
40362.08000,0.359622
40362.09000,0.359584
40362.10000,0.359546
40362.11000,0.359508
40362.12000,0.35947
40362.13000,0.359432
40362.14000,0.359394
40362.15000,0.359355
40362.16000,0.359317
40362.17000,0.359279
40362.18000,0.359241
40362.19000,0.359203
40362.20000,0.359165
40362.21000,0.359127
40362.22000,0.359089
40362.23000,0.359051
40362.24000,0.359012
40362.25000,0.358974
40362.26000,0.358936
40362.27000,0.358898
40362.28000,0.35886
40362.29000,0.358822
40362.30000,0.358784
40362.31000,0.358746
40362.32000,0.358708
40362.33000,0.358669
40362.34000,0.358631
40362.35000,0.358598
40362.36000,0.358565
40362.37000,0.358532
40362.38000,0.358498
40362.39000,0.358465
40362.40000,0.358432
40362.41000,0.358399
40362.42000,0.358366
40362.43000,0.358333
40362.44000,0.3583
40362.45000,0.358267
40362.46000,0.358233
40362.47000,0.3582
40362.48000,0.358167
40362.49000,0.358134
40362.50000,0.358101
40362.51000,0.358068
40362.52000,0.358035
40362.53000,0.358002
40362.54000,0.357969
40362.55000,0.357935
40362.56000,0.357902
40362.57000,0.357869
40362.58000,0.357836
40362.59000,0.357803
40362.60000,0.35777
40362.61000,0.357737
40362.62000,0.357704
40362.63000,0.35767
40362.64000,0.357637
40362.65000,0.357604
40362.66000,0.357583
40362.67000,0.357588
40362.68000,0.357593
40362.69000,0.357597
40362.70000,0.357602
40362.71000,0.357607
40362.72000,0.357612
40362.73000,0.357617
40362.74000,0.357621
40362.75000,0.357626
40362.76000,0.357631
40362.77000,0.357636
40362.78000,0.35764
40362.79000,0.357645
40362.80000,0.35765
40362.81000,0.357655
40362.82000,0.357659
40362.83000,0.357664
40362.84000,0.357669
40362.85000,0.357674
40362.86000,0.357678
40362.87000,0.357683
40362.88000,0.357688
40362.89000,0.357693
40362.90000,0.357697
40362.91000,0.357702
40362.92000,0.357707
40362.93000,0.357712
40362.94000,0.357716
40362.95000,0.357721
40362.96000,0.357726
40362.97000,0.357731
40362.98000,0.357714
40362.99000,0.35769
40363.00000,0.357665
40363.01000,0.35764
40363.02000,0.357616
40363.03000,0.357591
40363.04000,0.357566
40363.05000,0.357542
40363.06000,0.357517
40363.07000,0.357492
40363.08000,0.357467
40363.09000,0.357443
40363.10000,0.357418
40363.11000,0.357393
40363.12000,0.357369
40363.13000,0.357344
40363.14000,0.357319
40363.15000,0.357295
40363.16000,0.35727
40363.17000,0.357245
40363.18000,0.357221
40363.19000,0.357196
40363.20000,0.357171
40363.21000,0.357146
40363.22000,0.357122
40363.23000,0.357097
40363.24000,0.357072
40363.25000,0.357048
40363.26000,0.357023
40363.27000,0.356998
40363.28000,0.356974
40363.29000,0.356945
40363.30000,0.356885
40363.31000,0.356824
40363.32000,0.356764
40363.33000,0.356704
40363.34000,0.356644
40363.35000,0.356583
40363.36000,0.356523
40363.37000,0.356463
40363.38000,0.356403
40363.39000,0.356342
40363.40000,0.356282
40363.41000,0.356222
40363.42000,0.356162
40363.43000,0.356101
40363.44000,0.356041
40363.45000,0.355981
40363.46000,0.355921
40363.47000,0.35586
40363.48000,0.3558
40363.49000,0.35574
40363.50000,0.35568
40363.51000,0.355619
40363.52000,0.355559
40363.53000,0.355499
40363.54000,0.355439
40363.55000,0.355378
40363.56000,0.355318
40363.57000,0.355258
40363.58000,0.355198
40363.59000,0.355137
40363.60000,0.355077
40363.61000,0.355049
40363.62000,0.355053
40363.63000,0.355057
40363.64000,0.355062
40363.65000,0.355066
40363.66000,0.35507
40363.67000,0.355074
40363.68000,0.355078
40363.69000,0.355082
40363.70000,0.355086
40363.71000,0.35509
40363.72000,0.355094
40363.73000,0.355098
40363.74000,0.355102
40363.75000,0.355106
40363.76000,0.35511
40363.77000,0.355114
40363.78000,0.355118
40363.79000,0.355122
40363.80000,0.355126
40363.81000,0.35513
40363.82000,0.355134
40363.83000,0.355138
40363.84000,0.355142
40363.85000,0.355146
40363.86000,0.35515
40363.87000,0.355154
40363.88000,0.355158
40363.89000,0.355162
40363.90000,0.355166
40363.91000,0.35517
40363.92000,0.355174
40363.93000,0.355178
40363.94000,0.355183
40363.95000,0.355187
40363.96000,0.355191
40363.97000,0.355195
40363.98000,0.355199
40363.99000,0.355203
40364.00000,0.355207
40364.01000,0.355211
40364.02000,0.355215
40364.03000,0.355198
40364.04000,0.355145
40364.05000,0.355092
40364.06000,0.355039
40364.07000,0.354986
40364.08000,0.354933
40364.09000,0.354879
40364.10000,0.354826
40364.11000,0.354773
40364.12000,0.35472
40364.13000,0.354667
40364.14000,0.354614
40364.15000,0.354561
40364.16000,0.354508
40364.17000,0.354455
40364.18000,0.354402
40364.19000,0.354349
40364.20000,0.354296
40364.21000,0.354243
40364.22000,0.354189
40364.23000,0.354136
40364.24000,0.354083
40364.25000,0.35403
40364.26000,0.353977
40364.27000,0.353924
40364.28000,0.353871
40364.29000,0.353818
40364.30000,0.353765
40364.31000,0.353712
40364.32000,0.353659
40364.33000,0.353606
40364.34000,0.353553
40364.35000,0.353499
40364.36000,0.353446
40364.37000,0.353393
40364.38000,0.35334
40364.39000,0.353287
40364.40000,0.353234
40364.41000,0.353181
40364.42000,0.353128
40364.43000,0.353075
40364.44000,0.353022
40364.45000,0.352969
40364.46000,0.352916
40364.47000,0.352863
40364.48000,0.35281
40364.49000,0.352756
40364.50000,0.352703
40364.51000,0.35265
40364.52000,0.352597
40364.53000,0.352566
40364.54000,0.352572
40364.55000,0.352578
40364.56000,0.352583
40364.57000,0.352589
40364.58000,0.352595
40364.59000,0.352601
40364.60000,0.352607
40364.61000,0.352613
40364.62000,0.352619
40364.63000,0.352625
40364.64000,0.352631
40364.65000,0.352636
40364.66000,0.352642
40364.67000,0.352648
40364.68000,0.352654
40364.69000,0.35266
40364.70000,0.352666
40364.71000,0.352672
40364.72000,0.352678
40364.73000,0.352684
40364.74000,0.35269
40364.75000,0.352695
40364.76000,0.352701
40364.77000,0.352707
40364.78000,0.352713
40364.79000,0.352719
40364.80000,0.352725
40364.81000,0.352731
40364.82000,0.352737
40364.83000,0.352743
40364.84000,0.352748
40364.85000,0.352754
40364.86000,0.35276
40364.87000,0.352766
40364.88000,0.352772
40364.89000,0.352778
40364.90000,0.352784
40364.91000,0.35279
40364.92000,0.352796
40364.93000,0.352802
40364.94000,0.352807
40364.95000,0.352813
40364.96000,0.352819
40364.97000,0.352825
40364.98000,0.352831
40364.99000,0.352837
40365.00000,0.352843
40365.01000,0.352849
40365.02000,0.352855
40365.03000,0.352839
40365.04000,0.352786
40365.05000,0.352732
40365.06000,0.352679
40365.07000,0.352626
40365.08000,0.352573
40365.09000,0.35252
40365.10000,0.352466
40365.11000,0.352413
40365.12000,0.35236
40365.13000,0.352307
40365.14000,0.352254
40365.15000,0.352201
40365.16000,0.352147
40365.17000,0.352094
40365.18000,0.352041
40365.19000,0.351988
40365.20000,0.351935
40365.21000,0.351881
40365.22000,0.351828
40365.23000,0.351775
40365.24000,0.351722
40365.25000,0.351669
40365.26000,0.351615
40365.27000,0.351562
40365.28000,0.351509
40365.29000,0.351456
40365.30000,0.351403
40365.31000,0.351349
40365.32000,0.351296
40365.33000,0.351243
40365.34000,0.35119
40365.35000,0.351137
40365.36000,0.351083
40365.37000,0.35103
40365.38000,0.350977
40365.39000,0.350924
40365.40000,0.350871
40365.41000,0.350817
40365.42000,0.350764
40365.43000,0.350711
40365.44000,0.350658
40365.45000,0.350605
40365.46000,0.350551
40365.47000,0.350498
40365.48000,0.350445
40365.49000,0.350392
40365.50000,0.350339
40365.51000,0.350286
40365.52000,0.350232
40365.53000,0.350201
40365.54000,0.350208
40365.55000,0.350215
40365.56000,0.350222
40365.57000,0.350229
40365.58000,0.350236
40365.59000,0.350243
40365.60000,0.35025
40365.61000,0.350257
40365.62000,0.350264
40365.63000,0.350271
40365.64000,0.350278
40365.65000,0.350285
40365.66000,0.350292
40365.67000,0.350299
40365.68000,0.350306
40365.69000,0.350313
40365.70000,0.350319
40365.71000,0.350326
40365.72000,0.350333
40365.73000,0.35034
40365.74000,0.350347
40365.75000,0.350354
40365.76000,0.350361
40365.77000,0.350368
40365.78000,0.350375
40365.79000,0.350382
40365.80000,0.350389
40365.81000,0.350396
40365.82000,0.350403
40365.83000,0.35041
40365.84000,0.350417
40365.85000,0.350424
40365.86000,0.350431
40365.87000,0.350438
40365.88000,0.350445
40365.89000,0.350452
40365.90000,0.350459
40365.91000,0.350466
40365.92000,0.350473
40365.93000,0.35048
40365.94000,0.350487
40365.95000,0.350494
40365.96000,0.3505
40365.97000,0.350507
40365.98000,0.350514
40365.99000,0.350521
40366.00000,0.350528
40366.01000,0.350535
40366.02000,0.350542
40366.03000,0.350527
40366.04000,0.350475
40366.05000,0.350422
40366.06000,0.350369
40366.07000,0.350316
40366.08000,0.350264
40366.09000,0.350211
40366.10000,0.350158
40366.11000,0.350106
40366.12000,0.350053
40366.13000,0.35
40366.14000,0.349947
40366.15000,0.349895
40366.16000,0.349842
40366.17000,0.349789
40366.18000,0.349737
40366.19000,0.349684
40366.20000,0.349631
40366.21000,0.349578
40366.22000,0.349526
40366.23000,0.349473
40366.24000,0.34942
40366.25000,0.349368
40366.26000,0.349315
40366.27000,0.349262
40366.28000,0.349209
40366.29000,0.349157
40366.30000,0.349104
40366.31000,0.349051
40366.32000,0.348999
40366.33000,0.348946
40366.34000,0.348893
40366.35000,0.34884
40366.36000,0.348788
40366.37000,0.348735
40366.38000,0.348682
40366.39000,0.34863
40366.40000,0.348577
40366.41000,0.348524
40366.42000,0.348471
40366.43000,0.348419
40366.44000,0.348366
40366.45000,0.348313
40366.46000,0.348261
40366.47000,0.348208
40366.48000,0.348155
40366.49000,0.348102
40366.50000,0.34805
40366.51000,0.347997
40366.52000,0.347944
40366.53000,0.347914
40366.54000,0.347922
40366.55000,0.34793
40366.56000,0.347937
40366.57000,0.347945
40366.58000,0.347953
40366.59000,0.347961
40366.60000,0.347969
40366.61000,0.347977
40366.62000,0.347985
40366.63000,0.347993
40366.64000,0.348001
40366.65000,0.348008
40366.66000,0.348016
40366.67000,0.348024
40366.68000,0.348032
40366.69000,0.34804
40366.70000,0.348048
40366.71000,0.348056
40366.72000,0.348064
40366.73000,0.348072
40366.74000,0.348079
40366.75000,0.348087
40366.76000,0.348095
40366.77000,0.348103
40366.78000,0.348111
40366.79000,0.348119
40366.80000,0.348127
40366.81000,0.348135
40366.82000,0.348143
40366.83000,0.34815
40366.84000,0.348158
40366.85000,0.348166
40366.86000,0.348174
40366.87000,0.348182
40366.88000,0.34819
40366.89000,0.348198
40366.90000,0.348206
40366.91000,0.348214
40366.92000,0.348221
40366.93000,0.348229
40366.94000,0.348237
40366.95000,0.348245
40366.96000,0.348253
40366.97000,0.348261
40366.98000,0.348269
40366.99000,0.348277
40367.00000,0.348285
40367.01000,0.348292
40367.02000,0.3483
40367.03000,0.348286
40367.04000,0.348235
40367.05000,0.348183
40367.06000,0.348132
40367.07000,0.348081
40367.08000,0.348029
40367.09000,0.347978
40367.10000,0.347926
40367.11000,0.347875
40367.12000,0.347823
40367.13000,0.347772
40367.14000,0.34772
40367.15000,0.347669
40367.16000,0.347617
40367.17000,0.347566
40367.18000,0.347514
40367.19000,0.347463
40367.20000,0.347411
40367.21000,0.34736
40367.22000,0.347308
40367.23000,0.347257
40367.24000,0.347206
40367.25000,0.347154
40367.26000,0.347103
40367.27000,0.347051
40367.28000,0.347
40367.29000,0.346948
40367.30000,0.346897
40367.31000,0.346845
40367.32000,0.346794
40367.33000,0.346742
40367.34000,0.346691
40367.35000,0.346639
40367.36000,0.346588
40367.37000,0.346536
40367.38000,0.346485
40367.39000,0.346433
40367.40000,0.346382
40367.41000,0.346331
40367.42000,0.346279
40367.43000,0.346228
40367.44000,0.346176
40367.45000,0.346125
40367.46000,0.346073
40367.47000,0.346022
40367.48000,0.34597
40367.49000,0.345919
40367.50000,0.345867
40367.51000,0.345816
40367.52000,0.345764
40367.53000,0.345735
40367.54000,0.345743
40367.55000,0.345752
40367.56000,0.345761
40367.57000,0.345769
40367.58000,0.345778
40367.59000,0.345786
40367.60000,0.345795
40367.61000,0.345803
40367.62000,0.345812
40367.63000,0.34582
40367.64000,0.345829
40367.65000,0.345838
40367.66000,0.345846
40367.67000,0.345855
40367.68000,0.345863
40367.69000,0.345872
40367.70000,0.34588
40367.71000,0.345889
40367.72000,0.345897
40367.73000,0.345906
40367.74000,0.345915
40367.75000,0.345923
40367.76000,0.345932
40367.77000,0.34594
40367.78000,0.345949
40367.79000,0.345957
40367.80000,0.345966
40367.81000,0.345974
40367.82000,0.345983
40367.83000,0.345992
40367.84000,0.346
40367.85000,0.346009
40367.86000,0.346017
40367.87000,0.346026
40367.88000,0.346034
40367.89000,0.346043
40367.90000,0.346051
40367.91000,0.34606
40367.92000,0.346069
40367.93000,0.346077
40367.94000,0.346086
40367.95000,0.346094
40367.96000,0.346103
40367.97000,0.346111
40367.98000,0.34612
40367.99000,0.346129
40368.00000,0.346137
40368.01000,0.346146
40368.02000,0.346154
40368.03000,0.346144
40368.04000,0.346102
40368.05000,0.346061
40368.06000,0.346019
40368.07000,0.345977
40368.08000,0.345935
40368.09000,0.345893
40368.10000,0.345851
40368.11000,0.34581
40368.12000,0.345768
40368.13000,0.345726
40368.14000,0.345684
40368.15000,0.345642
40368.16000,0.3456
40368.17000,0.345558
40368.18000,0.345517
40368.19000,0.345475
40368.20000,0.345433
40368.21000,0.345391
40368.22000,0.345349
40368.23000,0.345307
40368.24000,0.345265
40368.25000,0.345224
40368.26000,0.345182
40368.27000,0.34514
40368.28000,0.345098
40368.29000,0.345056
40368.30000,0.345014
40368.31000,0.344973
40368.32000,0.344931
40368.33000,0.344889
40368.34000,0.344847
40368.35000,0.344805
40368.36000,0.344763
40368.37000,0.344721
40368.38000,0.34468
40368.39000,0.344638
40368.40000,0.344596
40368.41000,0.344554
40368.42000,0.344512
40368.43000,0.34447
40368.44000,0.344429
40368.45000,0.344387
40368.46000,0.344345
40368.47000,0.344303
40368.48000,0.344261
40368.49000,0.344219
40368.50000,0.344177
40368.51000,0.344136
40368.52000,0.344094
40368.53000,0.34407
40368.54000,0.344076
40368.55000,0.344083
40368.56000,0.34409
40368.57000,0.344096
40368.58000,0.344103
40368.59000,0.34411
40368.60000,0.344116
40368.61000,0.344123
40368.62000,0.344129
40368.63000,0.344136
40368.64000,0.344143
40368.65000,0.344149
40368.66000,0.344156
40368.67000,0.344163
40368.68000,0.344169
40368.69000,0.344176
40368.70000,0.344183
40368.71000,0.344189
40368.72000,0.344196
40368.73000,0.344202
40368.74000,0.344209
40368.75000,0.344216
40368.76000,0.344222
40368.77000,0.344229
40368.78000,0.344236
40368.79000,0.344242
40368.80000,0.344249
40368.81000,0.344256
40368.82000,0.344262
40368.83000,0.344269
40368.84000,0.344275
40368.85000,0.344282
40368.86000,0.344289
40368.87000,0.344295
40368.88000,0.344302
40368.89000,0.344309
40368.90000,0.344315
40368.91000,0.344694
40368.92000,0.34542
40368.93000,0.346591
40368.94000,0.347991
40368.95000,0.34894
40368.96000,0.349344
40368.97000,0.349261
40368.98000,0.346226
40368.99000,0.346227
40369.00000,0.346228
40369.01000,0.346229
40369.02000,0.34623
40369.03000,0.346231
40369.04000,0.346232
40369.05000,0.346233
40369.06000,0.346234
40369.07000,0.346235
40369.08000,0.346236
40369.09000,0.346237
40369.10000,0.346238
40369.11000,0.346239
40369.12000,0.347157
40369.13000,0.349325
40369.14000,0.352567
40369.15000,0.357497
40369.16000,0.364647
40369.17000,0.372053
40369.18000,0.378355
40369.19000,0.383323
40369.20000,0.38722
40369.21000,0.390514
40369.22000,0.393203
40369.23000,0.394347
40369.24000,0.39411
40369.25000,0.392937
40369.26000,0.390622
40369.27000,0.386252
40369.28000,0.382608
40369.29000,0.38158
40369.30000,0.382407
40369.31000,0.383997
40369.32000,0.385699
40369.33000,0.387257
40369.34000,0.388622
40369.35000,0.3898
40369.36000,0.390071
40369.37000,0.389212
40369.38000,0.38738
40369.39000,0.384475
40369.40000,0.381402
40369.41000,0.379917
40369.42000,0.379688
40369.43000,0.38016
40369.44000,0.38061
40369.45000,0.379934
40369.46000,0.378452
40369.47000,0.37642
40369.48000,0.369423
40369.49000,0.36932
40369.50000,0.369218
40369.51000,0.369116
40369.52000,0.369013
40369.53000,0.368911
40369.54000,0.368808
40369.55000,0.368706
40369.56000,0.368603
40369.57000,0.368501
40369.58000,0.368398
40369.59000,0.368364
40369.60000,0.368329
40369.61000,0.368294
40369.62000,0.36826
40369.63000,0.368225
40369.64000,0.368191
40369.65000,0.368156
40369.66000,0.368134
40369.67000,0.368124
40369.68000,0.368114
40369.69000,0.368104
40369.70000,0.368094
40369.71000,0.368084
40369.72000,0.368074
40369.73000,0.368064
40369.74000,0.368064
40369.75000,0.368065
40369.76000,0.368066
40369.77000,0.368067
40369.78000,0.368068
40369.79000,0.368068
40369.80000,0.368069
40369.81000,0.36807
40369.82000,0.368071
40369.83000,0.368072
40369.84000,0.36806
40369.85000,0.368047
40369.86000,0.368035
40369.87000,0.368023
40369.88000,0.368011
40369.89000,0.367999
40369.90000,0.367987
40369.91000,0.367974
40369.92000,0.367962
40369.93000,0.36795
40369.94000,0.367938
40369.95000,0.367926
40369.96000,0.367914
40369.97000,0.367901
40369.98000,0.367888
40369.99000,0.367876
40370.00000,0.367863
40370.01000,0.36785
40370.02000,0.367838
40370.03000,0.367825
40370.04000,0.367812
40370.05000,0.3678
40370.06000,0.367787
40370.07000,0.367774
40370.08000,0.367762
40370.09000,0.367749
40370.10000,0.367736
40370.11000,0.367724
40370.12000,0.367711
40370.13000,0.367698
40370.14000,0.367686
40370.15000,0.36763
40370.16000,0.367569
40370.17000,0.367509
40370.18000,0.367448
40370.19000,0.367387
40370.20000,0.367326
40370.21000,0.367265
40370.22000,0.367205
40370.23000,0.367144
40370.24000,0.367083
40370.25000,0.367022
40370.26000,0.366961
40370.27000,0.366901
40370.28000,0.36684
40370.29000,0.366779
40370.30000,0.366718
40370.31000,0.366657
40370.32000,0.366597
40370.33000,0.366536
40370.34000,0.366475
40370.35000,0.366414
40370.36000,0.366354
40370.37000,0.366293
40370.38000,0.366239
40370.39000,0.366215
40370.40000,0.366192
40370.41000,0.366168
40370.42000,0.366144
40370.43000,0.366121
40370.44000,0.366097
40370.45000,0.366074
40370.46000,0.36605
40370.47000,0.366026
40370.48000,0.366003
40370.49000,0.365979
40370.50000,0.365956
40370.51000,0.365932
40370.52000,0.365908
40370.53000,0.365885
40370.54000,0.365861
40370.55000,0.365838
40370.56000,0.365814
40370.57000,0.36579
40370.58000,0.365767
40370.59000,0.365743
40370.60000,0.36572
40370.61000,0.365696
40370.62000,0.365672
40370.63000,0.365649
40370.64000,0.365625
40370.65000,0.365602
40370.66000,0.365578
40370.67000,0.365554
40370.68000,0.365531
40370.69000,0.365507
40370.70000,0.365497
40370.71000,0.365495
40370.72000,0.365494
40370.73000,0.365493
40370.74000,0.365492
40370.75000,0.365491
40370.76000,0.365489
40370.77000,0.365488
40370.78000,0.365487
40370.79000,0.365486
40370.80000,0.365485
40370.81000,0.365484
40370.82000,0.365482
40370.83000,0.365481
40370.84000,0.36548
40370.85000,0.365479
40370.86000,0.365478
40370.87000,0.365476
40370.88000,0.365475
40370.89000,0.365474
40370.90000,0.365473
40370.91000,0.365472
40370.92000,0.365471
40370.93000,0.365469
40370.94000,0.365468
40370.95000,0.365467
40370.96000,0.365466
40370.97000,0.365465
40370.98000,0.365463
40370.99000,0.365462
40371.00000,0.365461
40371.01000,0.36546
40371.02000,0.36543
40371.03000,0.3654
40371.04000,0.365369
40371.05000,0.365339
40371.06000,0.365309
40371.07000,0.365278
40371.08000,0.365248
40371.09000,0.365218
40371.10000,0.365187
40371.11000,0.365157
40371.12000,0.365126
40371.13000,0.365096
40371.14000,0.365066
40371.15000,0.365035
40371.16000,0.365005
40371.17000,0.364974
40371.18000,0.364944
40371.19000,0.364914
40371.20000,0.364883
40371.21000,0.364853
40371.22000,0.364823
40371.23000,0.364792
40371.24000,0.364762
40371.25000,0.364731
40371.26000,0.364701
40371.27000,0.364671
40371.28000,0.36464
40371.29000,0.36461
40371.30000,0.36458
40371.31000,0.364549
40371.32000,0.364519
40371.33000,0.364504
40371.34000,0.364515
40371.35000,0.364526
40371.36000,0.364536
40371.37000,0.364547
40371.38000,0.364558
40371.39000,0.364569
40371.40000,0.36458
40371.41000,0.364591
40371.42000,0.364602
40371.43000,0.364613
40371.44000,0.364624
40371.45000,0.364635
40371.46000,0.364646
40371.47000,0.364657
40371.48000,0.364668
40371.49000,0.364679
40371.50000,0.36469
40371.51000,0.364701
40371.52000,0.364711
40371.53000,0.364722
40371.54000,0.364733
40371.55000,0.364744
40371.56000,0.364755
40371.57000,0.364766
40371.58000,0.364777
40371.59000,0.364788
40371.60000,0.364799
40371.61000,0.36481
40371.62000,0.366902
40371.63000,0.370782
40371.64000,0.375438
40371.65000,0.37885
40371.66000,0.379935
40371.67000,0.3793
40371.68000,0.377992
40371.69000,0.375549
40371.70000,0.373922
40371.71000,0.37268
40371.72000,0.371501
40371.73000,0.370192
40371.74000,0.369934
40371.75000,0.369676
40371.76000,0.369436
40371.77000,0.369377
40371.78000,0.369317
40371.79000,0.369258
40371.80000,0.369198
40371.81000,0.369179
40371.82000,0.369165
40371.83000,0.369151
40371.84000,0.369138
40371.85000,0.369897
40371.86000,0.371051
40371.87000,0.377358
40371.88000,0.384218
40371.89000,0.388914
40371.90000,0.390905
40371.91000,0.390575
40371.92000,0.388726
40371.93000,0.385075
40371.94000,0.373281
40371.95000,0.372805
40371.96000,0.37233
40371.97000,0.371854
40371.98000,0.371378
40371.99000,0.3706
40372.00000,0.370878
40372.01000,0.372012
40372.02000,0.373651
40372.03000,0.374421
40372.04000,0.374329
40372.05000,0.37364
40372.06000,0.372575
40372.07000,0.36963
40372.08000,0.369576
40372.09000,0.369522
40372.10000,0.369468
40372.11000,0.369414
40372.12000,0.369361
40372.13000,0.369307
40372.14000,0.369253
40372.15000,0.369199
40372.16000,0.369145
40372.17000,0.369092
40372.18000,0.369054
40372.19000,0.369016
40372.20000,0.368978
40372.21000,0.368941
40372.22000,0.368903
40372.23000,0.368865
40372.24000,0.368828
40372.25000,0.36879
40372.26000,0.368752
40372.27000,0.368714
40372.28000,0.368677
40372.29000,0.368639
40372.30000,0.368601
40372.31000,0.36854
40372.32000,0.368466
40372.33000,0.368393
40372.34000,0.368319
40372.35000,0.368246
40372.36000,0.368172
40372.37000,0.368099
40372.38000,0.368026
40372.39000,0.367952
40372.40000,0.367879
40372.41000,0.367805
40372.42000,0.367732
40372.43000,0.367658
40372.44000,0.367602
40372.45000,0.367579
40372.46000,0.367556
40372.47000,0.367533
40372.48000,0.36751
40372.49000,0.367487
40372.50000,0.367464
40372.51000,0.367441
40372.52000,0.367418
40372.53000,0.367395
40372.54000,0.367372
40372.55000,0.367349
40372.56000,0.367326
40372.57000,0.367303
40372.58000,0.36728
40372.59000,0.367257
40372.60000,0.367234
40372.61000,0.367211
40372.62000,0.367206
40372.63000,0.367216
40372.64000,0.367225
40372.65000,0.367235
40372.66000,0.367244
40372.67000,0.367254
40372.68000,0.367263
40372.69000,0.367273
40372.70000,0.367283
40372.71000,0.367292
40372.72000,0.367302
40372.73000,0.367311
40372.74000,0.368475
40372.75000,0.371472
40372.76000,0.375676
40372.77000,0.379727
40372.78000,0.386695
40372.79000,0.393603
40372.80000,0.396696
40372.81000,0.398357
40372.82000,0.398811
40372.83000,0.398537
40372.84000,0.397544
40372.85000,0.392323
40372.86000,0.38034
40372.87000,0.379214
40372.88000,0.378089
40372.89000,0.376963
40372.90000,0.375838
40372.91000,0.374712
40372.92000,0.373587
40372.93000,0.373594
40372.94000,0.373602
40372.95000,0.384602
40372.96000,0.392461
40372.97000,0.396236
40372.98000,0.398167
40372.99000,0.398582
40373.00000,0.398501
40373.01000,0.398079
40373.02000,0.397257
40373.03000,0.396061
40373.04000,0.394295
40373.05000,0.391505
40373.06000,0.386598
40373.07000,0.371398
40373.08000,0.37119
40373.09000,0.370983
40373.10000,0.370776
40373.11000,0.370568
40373.12000,0.370361
40373.13000,0.370154
40373.14000,0.369946
40373.15000,0.369739
40373.16000,0.369531
40373.17000,0.369324
40373.18000,0.369269
40373.19000,0.369213
40373.20000,0.369157
40373.21000,0.369102
40373.22000,0.369046
40373.23000,0.368991
40373.24000,0.368935
40373.25000,0.368879
40373.26000,0.368821
40373.27000,0.368763
40373.28000,0.368706
40373.29000,0.368648
40373.30000,0.368591
40373.31000,0.368533
40373.32000,0.368475
40373.33000,0.368404
40373.34000,0.368333
40373.35000,0.368262
40373.36000,0.368191
40373.37000,0.36812
40373.38000,0.368049
40373.39000,0.367978
40373.40000,0.367907
40373.41000,0.367836
40373.42000,0.367765
40373.43000,0.367717
40373.44000,0.367669
40373.45000,0.36762
40373.46000,0.367572
40373.47000,0.367523
40373.48000,0.367475
40373.49000,0.367426
40373.50000,0.367378
40373.51000,0.36733
40373.52000,0.367281
40373.53000,0.367233
40373.54000,0.367184
40373.55000,0.367136
40373.56000,0.367123
40373.57000,0.367129
40373.58000,0.367134
40373.59000,0.367139
40373.60000,0.367144
40373.61000,0.36715
40373.62000,0.367155
40373.63000,0.36716
40373.64000,0.367166
40373.65000,0.367171
40373.66000,0.367176
40373.67000,0.367181
40373.68000,0.367187
40373.69000,0.367192
40373.70000,0.36736
40373.71000,0.367797
40373.72000,0.36857
40373.73000,0.369594
40373.74000,0.370247
40373.75000,0.370488
40373.76000,0.370392
40373.77000,0.370054
40373.78000,0.36891
40373.79000,0.36888
40373.80000,0.36885
40373.81000,0.36882
40373.82000,0.36879
40373.83000,0.36876
40373.84000,0.368729
40373.85000,0.368699
40373.86000,0.368669
40373.87000,0.368639
40373.88000,0.368609
40373.89000,0.368595
40373.90000,0.36858
40373.91000,0.368565
40373.92000,0.368551
40373.93000,0.368536
40373.94000,0.368522
40373.95000,0.368507
40373.96000,0.368492
40373.97000,0.368478
40373.98000,0.368463
40373.99000,0.368448
40374.00000,0.368434
40374.01000,0.368419
40374.02000,0.368408
40374.03000,0.368399
40374.04000,0.36839
40374.05000,0.36838
40374.06000,0.368371
40374.07000,0.368362
40374.08000,0.368353
40374.09000,0.368343
40374.10000,0.368334
40374.11000,0.368325
40374.12000,0.368315
40374.13000,0.368306
40374.14000,0.368297
40374.15000,0.368288
40374.16000,0.368278
40374.17000,0.368269
40374.18000,0.36826
40374.19000,0.368251
40374.20000,0.368206
40374.21000,0.368156
40374.22000,0.368107
40374.23000,0.368057
40374.24000,0.368008
40374.25000,0.367958
40374.26000,0.367909
40374.27000,0.367859
40374.28000,0.36781
40374.29000,0.36776
40374.30000,0.367711
40374.31000,0.367661
40374.32000,0.367612
40374.33000,0.367563
40374.34000,0.367513
40374.35000,0.367464
40374.36000,0.367414
40374.37000,0.367364
40374.38000,0.367312
40374.39000,0.36726
40374.40000,0.367208
40374.41000,0.367156
40374.42000,0.367104
40374.43000,0.367052
40374.44000,0.367
40374.45000,0.366948
40374.46000,0.366896
40374.47000,0.366843
40374.48000,0.366791
40374.49000,0.366739
40374.50000,0.366687
40374.51000,0.366635
40374.52000,0.366583
40374.53000,0.366531
40374.54000,0.366479
40374.55000,0.366442
40374.56000,0.366438
40374.57000,0.366433
40374.58000,0.366428
40374.59000,0.366424
40374.60000,0.366419
40374.61000,0.366414
40374.62000,0.36641
40374.63000,0.366405
40374.64000,0.3664
40374.65000,0.366396
40374.66000,0.366391
40374.67000,0.366386
40374.68000,0.366381
40374.69000,0.366377
40374.70000,0.366372
40374.71000,0.366367
40374.72000,0.366363
40374.73000,0.366359
40374.74000,0.366357
40374.75000,0.366355
40374.76000,0.366353
40374.77000,0.366351
40374.78000,0.366349
40374.79000,0.366347
40374.80000,0.366345
40374.81000,0.366343
40374.82000,0.366341
40374.83000,0.366339
40374.84000,0.366337
40374.85000,0.366335
40374.86000,0.366333
40374.87000,0.366331
40374.88000,0.366329
40374.89000,0.366327
40374.90000,0.366325
40374.91000,0.366316
40374.92000,0.366305
40374.93000,0.366294
40374.94000,0.366283
40374.95000,0.366271
40374.96000,0.36626
40374.97000,0.366249
40374.98000,0.366238
40374.99000,0.366226
40375.00000,0.366215
40375.01000,0.366204
40375.02000,0.366193
40375.03000,0.366181
40375.04000,0.36617
40375.05000,0.366159
40375.06000,0.366148
40375.07000,0.366136
40375.08000,0.366125
40375.09000,0.366114
40375.10000,0.366103
40375.11000,0.366091
40375.12000,0.36608
40375.13000,0.366069
40375.14000,0.366054
40375.15000,0.365998
40375.16000,0.365942
40375.17000,0.365886
40375.18000,0.365829
40375.19000,0.365773
40375.20000,0.365717
40375.21000,0.365661
40375.22000,0.365604
40375.23000,0.365548
40375.24000,0.365492
40375.25000,0.365436
40375.26000,0.365379
40375.27000,0.365323
40375.28000,0.365267
40375.29000,0.365211
40375.30000,0.365154
40375.31000,0.365098
40375.32000,0.365042
40375.33000,0.364986
40375.34000,0.364929
40375.35000,0.364873
40375.36000,0.364817
40375.37000,0.364761
40375.38000,0.364705
40375.39000,0.364648
40375.40000,0.364592
40375.41000,0.364536
40375.42000,0.36448
40375.43000,0.364423
40375.44000,0.364367
40375.45000,0.364311
40375.46000,0.364283
40375.47000,0.364289
40375.48000,0.364294
40375.49000,0.364299
40375.50000,0.364304
40375.51000,0.36431
40375.52000,0.364315
40375.53000,0.36432
40375.54000,0.364325
40375.55000,0.36433
40375.56000,0.364336
40375.57000,0.364341
40375.58000,0.364346
40375.59000,0.364351
40375.60000,0.364356
40375.61000,0.364362
40375.62000,0.364367
40375.63000,0.364372
40375.64000,0.364377
40375.65000,0.364383
40375.66000,0.364388
40375.67000,0.364393
40375.68000,0.364398
40375.69000,0.364403
40375.70000,0.364409
40375.71000,0.364414
40375.72000,0.364419
40375.73000,0.364424
40375.74000,0.36443
40375.75000,0.364435
40375.76000,0.36444
40375.77000,0.364445
40375.78000,0.364448
40375.79000,0.364449
40375.80000,0.364451
40375.81000,0.364453
40375.82000,0.364455
40375.83000,0.364457
40375.84000,0.364458
40375.85000,0.36446
40375.86000,0.364462
40375.87000,0.364464
40375.88000,0.364466
40375.89000,0.364468
40375.90000,0.364469
40375.91000,0.364471
40375.92000,0.364473
40375.93000,0.364475
40375.94000,0.364477
40375.95000,0.364536
40375.96000,0.364699
40375.97000,0.365014
40375.98000,0.365474
40375.99000,0.36582
40376.00000,0.365994
40376.01000,0.366002
40376.02000,0.365876
40376.03000,0.365251
40376.04000,0.365226
40376.05000,0.3652
40376.06000,0.365175
40376.07000,0.365149
40376.08000,0.365124
40376.09000,0.365099
40376.10000,0.365073
40376.11000,0.365048
40376.12000,0.365023
40376.13000,0.364997
40376.14000,0.364969
40376.15000,0.36494
40376.16000,0.364912
40376.17000,0.364883
40376.18000,0.364855
40376.19000,0.364826
40376.20000,0.364798
40376.21000,0.364769
40376.22000,0.364741
40376.23000,0.364712
40376.24000,0.364684
40376.25000,0.364655
40376.26000,0.364627
40376.27000,0.364567
40376.28000,0.364492
40376.29000,0.364417
40376.30000,0.364341
40376.31000,0.364266
40376.32000,0.36419
40376.33000,0.364115
40376.34000,0.36404
40376.35000,0.363964
40376.36000,0.363889
40376.37000,0.363813
40376.38000,0.363738
40376.39000,0.363663
40376.40000,0.363587
40376.41000,0.363512
40376.42000,0.363436
40376.43000,0.363361
40376.44000,0.363286
40376.45000,0.363251
40376.46000,0.363222
40376.47000,0.363192
40376.48000,0.363162
40376.49000,0.363133
40376.50000,0.363103
40376.51000,0.363074
40376.52000,0.363044
40376.53000,0.363015
40376.54000,0.362985
40376.55000,0.362956
40376.56000,0.362926
40376.57000,0.362897
40376.58000,0.362867
40376.59000,0.362837
40376.60000,0.362808
40376.61000,0.362778
40376.62000,0.362749
40376.63000,0.362719
40376.64000,0.36269
40376.65000,0.36266
40376.66000,0.362631
40376.67000,0.362601
40376.68000,0.362577
40376.69000,0.362575
40376.70000,0.362573
40376.71000,0.362571
40376.72000,0.36257
40376.73000,0.362568
40376.74000,0.362566
40376.75000,0.362564
40376.76000,0.362562
40376.77000,0.362561
40376.78000,0.362559
40376.79000,0.362557
40376.80000,0.362555
40376.81000,0.362553
40376.82000,0.362552
40376.83000,0.36255
40376.84000,0.362548
40376.85000,0.362546
40376.86000,0.362545
40376.87000,0.362543
40376.88000,0.362541
40376.89000,0.362539
40376.90000,0.362537
40376.91000,0.362536
40376.92000,0.362534
40376.93000,0.362532
40376.94000,0.36253
40376.95000,0.362529
40376.96000,0.362527
40376.97000,0.362525
40376.98000,0.362523
40376.99000,0.362521
40377.00000,0.362493
40377.01000,0.362445
40377.02000,0.362398
40377.03000,0.36235
40377.04000,0.362303
40377.05000,0.362255
40377.06000,0.362208
40377.07000,0.36216
40377.08000,0.362113
40377.09000,0.362065
40377.10000,0.362017
40377.11000,0.36197
40377.12000,0.361922
40377.13000,0.361875
40377.14000,0.361827
40377.15000,0.36178
40377.16000,0.361732
40377.17000,0.361685
40377.18000,0.361637
40377.19000,0.361589
40377.20000,0.361542
40377.21000,0.361494
40377.22000,0.361447
40377.23000,0.361399
40377.24000,0.361352
40377.25000,0.361304
40377.26000,0.361257
40377.27000,0.361209
40377.28000,0.361161
40377.29000,0.361114
40377.30000,0.361066
40377.31000,0.361019
40377.32000,0.360971
40377.33000,0.360924
40377.34000,0.360876
40377.35000,0.360829
40377.36000,0.360781
40377.37000,0.360733
40377.38000,0.360686
40377.39000,0.360638
40377.40000,0.360591
40377.41000,0.360543
40377.42000,0.360518
40377.43000,0.36052
40377.44000,0.360523
40377.45000,0.360525
40377.46000,0.360528
40377.47000,0.36053
40377.48000,0.360533
40377.49000,0.360535
40377.50000,0.360538
40377.51000,0.36054
40377.52000,0.360543
40377.53000,0.360545
40377.54000,0.360548
40377.55000,0.36055
40377.56000,0.360553
40377.57000,0.360555
40377.58000,0.360558
40377.59000,0.36056
40377.60000,0.360563
40377.61000,0.360565
40377.62000,0.360568
40377.63000,0.36057
40377.64000,0.360573
40377.65000,0.360575
40377.66000,0.360578
40377.67000,0.36058
40377.68000,0.360583
40377.69000,0.360585
40377.70000,0.360588
40377.71000,0.36059
40377.72000,0.360593
40377.73000,0.360596
40377.74000,0.360598
40377.75000,0.360601
40377.76000,0.360603
40377.77000,0.360606
40377.78000,0.360608
40377.79000,0.360611
40377.80000,0.360613
40377.81000,0.360616
40377.82000,0.360618
40377.83000,0.360621
40377.84000,0.360618
40377.85000,0.360603
40377.86000,0.360588
40377.87000,0.360573
40377.88000,0.360558
40377.89000,0.360543
40377.90000,0.360529
40377.91000,0.360514
40377.92000,0.360499
40377.93000,0.360484
40377.94000,0.360469
40377.95000,0.360454
40377.96000,0.360439
40377.97000,0.360424
40377.98000,0.360409
40377.99000,0.360395
40378.00000,0.36038
40378.01000,0.360365
40378.02000,0.36035
40378.03000,0.360335
40378.04000,0.36032
40378.05000,0.360305
40378.06000,0.36029
40378.07000,0.360275
40378.08000,0.360261
40378.09000,0.360246
40378.10000,0.360231
40378.11000,0.360216
40378.12000,0.360201
40378.13000,0.360186
40378.14000,0.360171
40378.15000,0.360156
40378.16000,0.360141
40378.17000,0.360127
40378.18000,0.360112
40378.19000,0.360097
40378.20000,0.360082
40378.21000,0.360067
40378.22000,0.360052
40378.23000,0.360037
40378.24000,0.360022
40378.25000,0.360007
40378.26000,0.359994
40378.27000,0.359992
40378.28000,0.359989
40378.29000,0.359986
40378.30000,0.359984
40378.31000,0.359981
40378.32000,0.359978
40378.33000,0.359975
40378.34000,0.359973
40378.35000,0.35997
40378.36000,0.359967
40378.37000,0.359965
40378.38000,0.359962
40378.39000,0.359959
40378.40000,0.359956
40378.41000,0.359954
40378.42000,0.359951
40378.43000,0.359948
40378.44000,0.359945
40378.45000,0.359943
40378.46000,0.35994
40378.47000,0.359937
40378.48000,0.359935
40378.49000,0.359932
40378.50000,0.359929
40378.51000,0.359926
40378.52000,0.359924
40378.53000,0.359921
40378.54000,0.359918
40378.55000,0.359916
40378.56000,0.359913
40378.57000,0.35991
40378.58000,0.359907
40378.59000,0.359905
40378.60000,0.359902
40378.61000,0.359899
40378.62000,0.359896
40378.63000,0.359894
40378.64000,0.359891
40378.65000,0.359888
40378.66000,0.359886
40378.67000,0.359883
40378.68000,0.359879
40378.69000,0.359829
40378.70000,0.360065
40378.71000,0.360858
40378.72000,0.362259
40378.73000,0.364049
40378.74000,0.365108
40378.75000,0.365422
40378.76000,0.365159
40378.77000,0.364492
40378.78000,0.362379
40378.79000,0.362327
40378.80000,0.362275
40378.81000,0.362223
40378.82000,0.362172
40378.83000,0.36212
40378.84000,0.362068
40378.85000,0.362016
40378.86000,0.361964
40378.87000,0.361912
40378.88000,0.36186
40378.89000,0.361843
40378.90000,0.361826
40378.91000,0.361809
40378.92000,0.361792
40378.93000,0.361774
40378.94000,0.361757
40378.95000,0.36174
40378.96000,0.361723
40378.97000,0.361705
40378.98000,0.361688
40378.99000,0.361671
40379.00000,0.361654
40379.01000,0.361637
40379.02000,0.361625
40379.03000,0.361616
40379.04000,0.361606
40379.05000,0.361597
40379.06000,0.361588
40379.07000,0.361579
40379.08000,0.36157
40379.09000,0.361561
40379.10000,0.361552
40379.11000,0.361543
40379.12000,0.361533
40379.13000,0.361524
40379.14000,0.361515
40379.15000,0.361506
40379.16000,0.361497
40379.17000,0.361488
40379.18000,0.361479
40379.19000,0.361469
40379.20000,0.361424
40379.21000,0.361374
40379.22000,0.361324
40379.23000,0.361274
40379.24000,0.361224
40379.25000,0.361173
40379.26000,0.361123
40379.27000,0.361073
40379.28000,0.361023
40379.29000,0.360973
40379.30000,0.360923
40379.31000,0.360873
40379.32000,0.360823
40379.33000,0.360773
40379.34000,0.360723
40379.35000,0.360672
40379.36000,0.360622
40379.37000,0.360571
40379.38000,0.360506
40379.39000,0.360441
40379.40000,0.360376
40379.41000,0.360311
40379.42000,0.360247
40379.43000,0.360182
40379.44000,0.360117
40379.45000,0.360052
40379.46000,0.359987
40379.47000,0.359923
40379.48000,0.359858
40379.49000,0.359793
40379.50000,0.359728
40379.51000,0.359663
40379.52000,0.359599
40379.53000,0.359534
40379.54000,0.359469
40379.55000,0.359428
40379.56000,0.359434
40379.57000,0.359441
40379.58000,0.359447
40379.59000,0.359454
40379.60000,0.359461
40379.61000,0.359467
40379.62000,0.359474
40379.63000,0.35948
40379.64000,0.359487
40379.65000,0.359493
40379.66000,0.3595
40379.67000,0.359506
40379.68000,0.359513
40379.69000,0.359519
40379.70000,0.359526
40379.71000,0.359532
40379.72000,0.359539
40379.73000,0.359545
40379.74000,0.359552
40379.75000,0.359558
40379.76000,0.359565
40379.77000,0.359571
40379.78000,0.359578
40379.79000,0.359575
40379.80000,0.359566
40379.81000,0.359557
40379.82000,0.359548
40379.83000,0.359539
40379.84000,0.359531
40379.85000,0.359522
40379.86000,0.359513
40379.87000,0.359504
40379.88000,0.359496
40379.89000,0.359487
40379.90000,0.359478
40379.91000,0.359469
40379.92000,0.35946
40379.93000,0.359452
40379.94000,0.359443
40379.95000,0.359434
40379.96000,0.359425
40379.97000,0.359417
40379.98000,0.359408
40379.99000,0.359399
40380.00000,0.35939
40380.01000,0.359381
40380.02000,0.359373
40380.03000,0.359364
40380.04000,0.359355
40380.05000,0.359346
40380.06000,0.359338
40380.07000,0.359329
40380.08000,0.35932
40380.09000,0.359311
40380.10000,0.359301
40380.11000,0.359239
40380.12000,0.359178
40380.13000,0.359116
40380.14000,0.359054
40380.15000,0.358992
40380.16000,0.35893
40380.17000,0.358869
40380.18000,0.358807
40380.19000,0.358745
40380.20000,0.358683
40380.21000,0.358622
40380.22000,0.35856
40380.23000,0.358498
40380.24000,0.358436
40380.25000,0.358374
40380.26000,0.358313
40380.27000,0.358251
40380.28000,0.358189
40380.29000,0.358127
40380.30000,0.358065
40380.31000,0.358004
40380.32000,0.357942
40380.33000,0.35788
40380.34000,0.357818
40380.35000,0.357757
40380.36000,0.357695
40380.37000,0.357633
40380.38000,0.357571
40380.39000,0.357509
40380.40000,0.357448
40380.41000,0.357386
40380.42000,0.357324
40380.43000,0.357262
40380.44000,0.357201
40380.45000,0.357139
40380.46000,0.357077
40380.47000,0.357015
40380.48000,0.356953
40380.49000,0.356892
40380.50000,0.35683
40380.51000,0.356768
40380.52000,0.356706
40380.53000,0.356702
40380.54000,0.356706
40380.55000,0.35671
40380.56000,0.356714
40380.57000,0.356718
40380.58000,0.356722
40380.59000,0.356725
40380.60000,0.356729
40380.61000,0.356733
40380.62000,0.356737
40380.63000,0.356741
40380.64000,0.356744
40380.65000,0.356748
40380.66000,0.356752
40380.67000,0.356756
40380.68000,0.35676
40380.69000,0.356763
40380.70000,0.356767
40380.71000,0.356771
40380.72000,0.356775
40380.73000,0.356779
40380.74000,0.356782
40380.75000,0.356786
40380.76000,0.35679
40380.77000,0.356794
40380.78000,0.356798
40380.79000,0.356801
40380.80000,0.356805
40380.81000,0.356809
40380.82000,0.356813
40380.83000,0.356817
40380.84000,0.356821
40380.85000,0.356824
40380.86000,0.356828
40380.87000,0.356832
40380.88000,0.356836
40380.89000,0.35684
40380.90000,0.356843
40380.91000,0.356847
40380.92000,0.356851
40380.93000,0.356855
40380.94000,0.356859
40380.95000,0.356862
40380.96000,0.356866
40380.97000,0.35687
40380.98000,0.356874
40380.99000,0.356878
40381.00000,0.356881
40381.01000,0.356885
40381.02000,0.356889
40381.03000,0.356843
40381.04000,0.35679
40381.05000,0.356738
40381.06000,0.356685
40381.07000,0.356632
40381.08000,0.35658
40381.09000,0.356527
40381.10000,0.356475
40381.11000,0.356422
40381.12000,0.356369
40381.13000,0.356317
40381.14000,0.356264
40381.15000,0.356211
40381.16000,0.356159
40381.17000,0.356106
40381.18000,0.356054
40381.19000,0.356001
40381.20000,0.355948
40381.21000,0.355896
40381.22000,0.355843
40381.23000,0.35579
40381.24000,0.355738
40381.25000,0.355685
40381.26000,0.355633
40381.27000,0.35558
40381.28000,0.355527
40381.29000,0.355475
40381.30000,0.355422
40381.31000,0.355369
40381.32000,0.355317
40381.33000,0.355264
40381.34000,0.355212
40381.35000,0.355159
40381.36000,0.355106
40381.37000,0.355054
40381.38000,0.355001
40381.39000,0.354948
40381.40000,0.354896
40381.41000,0.354843
40381.42000,0.354791
40381.43000,0.354738
40381.44000,0.354685
40381.45000,0.354633
40381.46000,0.35458
40381.47000,0.354527
40381.48000,0.354475
40381.49000,0.354422
40381.50000,0.35437
40381.51000,0.354317
40381.52000,0.354264
40381.53000,0.354263
40381.54000,0.354268
40381.55000,0.354273
40381.56000,0.354278
40381.57000,0.354283
40381.58000,0.354288
40381.59000,0.354293
40381.60000,0.354298
40381.61000,0.354303
40381.62000,0.354308
40381.63000,0.354314
40381.64000,0.354319
40381.65000,0.354324
40381.66000,0.354329
40381.67000,0.354334
40381.68000,0.354339
40381.69000,0.354344
40381.70000,0.354349
40381.71000,0.354354
40381.72000,0.354359
40381.73000,0.354364
40381.74000,0.354369
40381.75000,0.354374
40381.76000,0.35438
40381.77000,0.354385
40381.78000,0.35439
40381.79000,0.354395
40381.80000,0.3544
40381.81000,0.354405
40381.82000,0.35441
40381.83000,0.354415
40381.84000,0.35442
40381.85000,0.354425
40381.86000,0.35443
40381.87000,0.354435
40381.88000,0.35444
40381.89000,0.354446
40381.90000,0.354451
40381.91000,0.354456
40381.92000,0.354461
40381.93000,0.354466
40381.94000,0.354471
40381.95000,0.354476
40381.96000,0.354481
40381.97000,0.354486
40381.98000,0.354491
40381.99000,0.354496
40382.00000,0.354501
40382.01000,0.354506
40382.02000,0.354512
40382.03000,0.354467
40382.04000,0.354415
40382.05000,0.354364
40382.06000,0.354313
40382.07000,0.354261
40382.08000,0.35421
40382.09000,0.354158
40382.10000,0.354107
40382.11000,0.354056
40382.12000,0.354004
40382.13000,0.353953
40382.14000,0.353902
40382.15000,0.35385
40382.16000,0.353799
40382.17000,0.353747
40382.18000,0.353696
40382.19000,0.353645
40382.20000,0.353593
40382.21000,0.353542
40382.22000,0.353491
40382.23000,0.353439
40382.24000,0.353388
40382.25000,0.353336
40382.26000,0.353285
40382.27000,0.353234
40382.28000,0.353182
40382.29000,0.353131
40382.30000,0.35308
40382.31000,0.353028
40382.32000,0.352977
40382.33000,0.352925
40382.34000,0.352874
40382.35000,0.352823
40382.36000,0.352771
40382.37000,0.35272
40382.38000,0.352669
40382.39000,0.352617
40382.40000,0.352566
40382.41000,0.352514
40382.42000,0.352463
40382.43000,0.352412
40382.44000,0.35236
40382.45000,0.352309
40382.46000,0.352258
40382.47000,0.352206
40382.48000,0.352155
40382.49000,0.352103
40382.50000,0.352052
40382.51000,0.352001
40382.52000,0.351949
40382.53000,0.351948
40382.54000,0.351954
40382.55000,0.35196
40382.56000,0.351965
40382.57000,0.351971
40382.58000,0.351977
40382.59000,0.351982
40382.60000,0.351988
40382.61000,0.351994
40382.62000,0.352
40382.63000,0.352005
40382.64000,0.352011
40382.65000,0.352017
40382.66000,0.352022
40382.67000,0.352028
40382.68000,0.352034
40382.69000,0.352039
40382.70000,0.352045
40382.71000,0.352051
40382.72000,0.352056
40382.73000,0.352062
40382.74000,0.352068
40382.75000,0.352073
40382.76000,0.352079
40382.77000,0.352085
40382.78000,0.35209
40382.79000,0.352096
40382.80000,0.352102
40382.81000,0.352108
40382.82000,0.352113
40382.83000,0.352119
40382.84000,0.352125
40382.85000,0.35213
40382.86000,0.352136
40382.87000,0.352142
40382.88000,0.352147
40382.89000,0.352153
40382.90000,0.352159
40382.91000,0.352164
40382.92000,0.35217
40382.93000,0.352176
40382.94000,0.352181
40382.95000,0.352187
40382.96000,0.352193
40382.97000,0.352198
40382.98000,0.352204
40382.99000,0.35221
40383.00000,0.352216
40383.01000,0.352221
40383.02000,0.352227
40383.03000,0.352182
40383.04000,0.352131
40383.05000,0.35208
40383.06000,0.352029
40383.07000,0.351978
40383.08000,0.351927
40383.09000,0.351876
40383.10000,0.351825
40383.11000,0.351774
40383.12000,0.351722
40383.13000,0.351671
40383.14000,0.35162
40383.15000,0.351569
40383.16000,0.351518
40383.17000,0.351467
40383.18000,0.351416
40383.19000,0.351365
40383.20000,0.351314
40383.21000,0.351262
40383.22000,0.351211
40383.23000,0.35116
40383.24000,0.351109
40383.25000,0.351058
40383.26000,0.351007
40383.27000,0.350956
40383.28000,0.350905
40383.29000,0.350854
40383.30000,0.350803
40383.31000,0.350751
40383.32000,0.3507
40383.33000,0.350649
40383.34000,0.350598
40383.35000,0.350547
40383.36000,0.350496
40383.37000,0.350445
40383.38000,0.350394
40383.39000,0.350343
40383.40000,0.350292
40383.41000,0.35024
40383.42000,0.350189
40383.43000,0.350138
40383.44000,0.350087
40383.45000,0.350036
40383.46000,0.349985
40383.47000,0.349934
40383.48000,0.349883
40383.49000,0.349832
40383.50000,0.349781
40383.51000,0.349729
40383.52000,0.349678
40383.53000,0.349678
40383.54000,0.349685
40383.55000,0.349691
40383.56000,0.349698
40383.57000,0.349704
40383.58000,0.349711
40383.59000,0.349717
40383.60000,0.349724
40383.61000,0.349731
40383.62000,0.349737
40383.63000,0.349744
40383.64000,0.34975
40383.65000,0.349757
40383.66000,0.349763
40383.67000,0.34977
40383.68000,0.349776
40383.69000,0.349783
40383.70000,0.349789
40383.71000,0.349796
40383.72000,0.349802
40383.73000,0.349809
40383.74000,0.349815
40383.75000,0.349822
40383.76000,0.349829
40383.77000,0.349835
40383.78000,0.349842
40383.79000,0.349848
40383.80000,0.349855
40383.81000,0.349861
40383.82000,0.349868
40383.83000,0.349874
40383.84000,0.349881
40383.85000,0.349887
40383.86000,0.349894
40383.87000,0.3499
40383.88000,0.349907
40383.89000,0.349913
40383.90000,0.34992
40383.91000,0.349927
40383.92000,0.349933
40383.93000,0.34994
40383.94000,0.349946
40383.95000,0.349953
40383.96000,0.349959
40383.97000,0.349966
40383.98000,0.349972
40383.99000,0.349979
40384.00000,0.349985
40384.01000,0.349992
40384.02000,0.349998
40384.03000,0.349987
40384.04000,0.349974
40384.05000,0.34996
40384.06000,0.349947
40384.07000,0.349933
40384.08000,0.34992
40384.09000,0.349906
40384.10000,0.349893
40384.11000,0.349879
40384.12000,0.349866
40384.13000,0.349852
40384.14000,0.349839
40384.15000,0.349825
40384.16000,0.349812
40384.17000,0.349798
40384.18000,0.349785
40384.19000,0.349771
40384.20000,0.349758
40384.21000,0.349744
40384.22000,0.349731
40384.23000,0.349717
40384.24000,0.349704
40384.25000,0.34969
40384.26000,0.349677
40384.27000,0.349663
40384.28000,0.34965
40384.29000,0.349636
40384.30000,0.349622
40384.31000,0.349609
40384.32000,0.349595
40384.33000,0.349582
40384.34000,0.349568
40384.35000,0.349555
40384.36000,0.349541
40384.37000,0.349528
40384.38000,0.349514
40384.39000,0.349501
40384.40000,0.349487
40384.41000,0.349474
40384.42000,0.34946
40384.43000,0.349447
40384.44000,0.349433
40384.45000,0.34942
40384.46000,0.349406
40384.47000,0.349393
40384.48000,0.349379
40384.49000,0.349366
40384.50000,0.349352
40384.51000,0.349339
40384.52000,0.349325
40384.53000,0.350009
40384.54000,0.350784
40384.55000,0.351558
40384.56000,0.352333
40384.57000,0.353107
40384.58000,0.364214
40384.59000,0.376319
40384.60000,0.384804
40384.61000,0.389405
40384.62000,0.392081
40384.63000,0.393364
40384.64000,0.393742
40384.65000,0.393558
40384.66000,0.392494
40384.67000,0.390386
40384.68000,0.386589
40384.69000,0.371249
40384.70000,0.371053
40384.71000,0.370856
40384.72000,0.370659
40384.73000,0.370463
40384.74000,0.370266
40384.75000,0.37007
40384.76000,0.369873
40384.77000,0.369676
40384.78000,0.36948
40384.79000,0.369283
40384.80000,0.369239
40384.81000,0.369194
40384.82000,0.36915
40384.83000,0.369105
40384.84000,0.369061
40384.85000,0.369016
40384.86000,0.368972
40384.87000,0.36894
40384.88000,0.36892
40384.89000,0.3689
40384.90000,0.36888
40384.91000,0.36886
40384.92000,0.36884
40384.93000,0.36882
40384.94000,0.3688
40384.95000,0.368786
40384.96000,0.368771
40384.97000,0.368756
40384.98000,0.368742
40384.99000,0.368727
40385.00000,0.368712
40385.01000,0.368698
40385.02000,0.368683
40385.03000,0.368668
40385.04000,0.368654
40385.05000,0.36864
40385.06000,0.368626
40385.07000,0.368613
40385.08000,0.368599
40385.09000,0.368585
40385.10000,0.368572
40385.11000,0.368558
40385.12000,0.368545
40385.13000,0.368531
40385.14000,0.368517
40385.15000,0.368504
40385.16000,0.36849
40385.17000,0.368477
40385.18000,0.368434
40385.19000,0.368378
40385.20000,0.368322
40385.21000,0.368265
40385.22000,0.368209
40385.23000,0.368152
40385.24000,0.368096
40385.25000,0.36804
40385.26000,0.367983
40385.27000,0.367927
40385.28000,0.367871
40385.29000,0.367814
40385.30000,0.367758
40385.31000,0.367701
40385.32000,0.367645
40385.33000,0.367589
40385.34000,0.367532
40385.35000,0.367476
40385.36000,0.367415
40385.37000,0.367353
40385.38000,0.367291
40385.39000,0.367229
40385.40000,0.367167
40385.41000,0.367105
40385.42000,0.367043
40385.43000,0.366981
40385.44000,0.366919
40385.45000,0.366857
40385.46000,0.366795
40385.47000,0.366733
40385.48000,0.366671
40385.49000,0.366609
40385.50000,0.366547
40385.51000,0.366485
40385.52000,0.366423
40385.53000,0.366361
40385.54000,0.366299
40385.55000,0.366237
40385.56000,0.366175
40385.57000,0.366114
40385.58000,0.366052
40385.59000,0.366001
40385.60000,0.366003
40385.61000,0.366004
40385.62000,0.366006
40385.63000,0.366007
40385.64000,0.366009
40385.65000,0.36601
40385.66000,0.366012
40385.67000,0.366013
40385.68000,0.366015
40385.69000,0.366016
40385.70000,0.366018
40385.71000,0.366019
40385.72000,0.366021
40385.73000,0.366022
40385.74000,0.366024
40385.75000,0.366025
40385.76000,0.366027
40385.77000,0.366028
40385.78000,0.36603
40385.79000,0.366031
40385.80000,0.366033
40385.81000,0.366034
40385.82000,0.366036
40385.83000,0.366037
40385.84000,0.366039
40385.85000,0.36604
40385.86000,0.366042
40385.87000,0.366043
40385.88000,0.366045
40385.89000,0.366046
40385.90000,0.366048
40385.91000,0.366031
40385.92000,0.366001
40385.93000,0.365971
40385.94000,0.365941
40385.95000,0.365911
40385.96000,0.365881
40385.97000,0.365851
40385.98000,0.365821
40385.99000,0.365792
40386.00000,0.365762
40386.01000,0.365732
40386.02000,0.365702
40386.03000,0.365672
40386.04000,0.365642
40386.05000,0.365612
40386.06000,0.365582
40386.07000,0.365552
40386.08000,0.365522
40386.09000,0.365492
40386.10000,0.365462
40386.11000,0.365432
40386.12000,0.365402
40386.13000,0.365372
40386.14000,0.365342
40386.15000,0.365312
40386.16000,0.365282
40386.17000,0.365252
40386.18000,0.365222
40386.19000,0.365192
40386.20000,0.365162
40386.21000,0.365132
40386.22000,0.365103
40386.23000,0.365073
40386.24000,0.365043
40386.25000,0.365013
40386.26000,0.364983
40386.27000,0.364953
40386.28000,0.364923
40386.29000,0.364893
40386.30000,0.364863
40386.31000,0.364833
40386.32000,0.364803
40386.33000,0.364781
40386.34000,0.364768
40386.35000,0.364755
40386.36000,0.364742
40386.37000,0.364729
40386.38000,0.364716
40386.39000,0.364703
40386.40000,0.36469
40386.41000,0.364677
40386.42000,0.364664
40386.43000,0.364651
40386.44000,0.364638
40386.45000,0.364626
40386.46000,0.364613
40386.47000,0.3646
40386.48000,0.364587
40386.49000,0.364574
40386.50000,0.364561
40386.51000,0.364548
40386.52000,0.364535
40386.53000,0.364522
40386.54000,0.364509
40386.55000,0.364496
40386.56000,0.364484
40386.57000,0.364471
40386.58000,0.364458
40386.59000,0.364445
40386.60000,0.364432
40386.61000,0.364419
40386.62000,0.364406
40386.63000,0.364393
40386.64000,0.36438
40386.65000,0.364367
40386.66000,0.364354
40386.67000,0.364342
40386.68000,0.364329
40386.69000,0.364316
40386.70000,0.364303
40386.71000,0.36429
40386.72000,0.364277
40386.73000,0.364264
40386.74000,0.364251
40386.75000,0.36424
40386.76000,0.364234
40386.77000,0.364228
40386.78000,0.364222
40386.79000,0.364216
40386.80000,0.36421
40386.81000,0.364204
40386.82000,0.364198
40386.83000,0.364191
40386.84000,0.364185
40386.85000,0.364179
40386.86000,0.364173
40386.87000,0.364167
40386.88000,0.364161
40386.89000,0.364155
40386.90000,0.364149
40386.91000,0.364143
40386.92000,0.364137
40386.93000,0.36413
40386.94000,0.364124
40386.95000,0.364118
40386.96000,0.364112
40386.97000,0.364106
40386.98000,0.3641
40386.99000,0.364094
40387.00000,0.364088
40387.01000,0.364082
40387.02000,0.364076
40387.03000,0.364069
40387.04000,0.364063
40387.05000,0.364057
40387.06000,0.364051
40387.07000,0.364045
40387.08000,0.364039
40387.09000,0.364033
40387.10000,0.364027
40387.11000,0.364021
40387.12000,0.364015
40387.13000,0.364008
40387.14000,0.364002
40387.15000,0.363996
40387.16000,0.36399
40387.17000,0.363977
40387.18000,0.363928
40387.19000,0.363879
40387.20000,0.36383
40387.21000,0.363781
40387.22000,0.363732
40387.23000,0.363683
40387.24000,0.363633
40387.25000,0.363584
40387.26000,0.363535
40387.27000,0.363486
40387.28000,0.363437
40387.29000,0.363388
40387.30000,0.363339
40387.31000,0.36329
40387.32000,0.363241
40387.33000,0.363191
40387.34000,0.363142
40387.35000,0.363093
40387.36000,0.363044
40387.37000,0.362995
40387.38000,0.362946
40387.39000,0.362897
40387.40000,0.362848
40387.41000,0.362799
40387.42000,0.36275
40387.43000,0.3627
40387.44000,0.362651
40387.45000,0.362602
40387.46000,0.362553
40387.47000,0.362504
40387.48000,0.362455
40387.49000,0.362406
40387.50000,0.362357
40387.51000,0.362308
40387.52000,0.362259
40387.53000,0.362209
40387.54000,0.36216
40387.55000,0.362111
40387.56000,0.362062
40387.57000,0.362013
40387.58000,0.361964
40387.59000,0.361916
40387.60000,0.361918
40387.61000,0.36192
40387.62000,0.361923
40387.63000,0.361925
40387.64000,0.361927
40387.65000,0.36193
40387.66000,0.361932
40387.67000,0.361934
40387.68000,0.361937
40387.69000,0.361939
40387.70000,0.361941
40387.71000,0.361943
40387.72000,0.361946
40387.73000,0.361948
40387.74000,0.36195
40387.75000,0.361953
40387.76000,0.361955
40387.77000,0.361957
40387.78000,0.361959
40387.79000,0.361962
40387.80000,0.361964
40387.81000,0.361966
40387.82000,0.361969
40387.83000,0.361971
40387.84000,0.361973
40387.85000,0.361975
40387.86000,0.361978
40387.87000,0.36198
40387.88000,0.361982
40387.89000,0.361985
40387.90000,0.361987
40387.91000,0.361989
40387.92000,0.361992
40387.93000,0.361994
40387.94000,0.361996
40387.95000,0.361998
40387.96000,0.362001
40387.97000,0.362003
40387.98000,0.362005
40387.99000,0.362008
40388.00000,0.36201
40388.01000,0.362012
40388.02000,0.361996
40388.03000,0.361978
40388.04000,0.36196
40388.05000,0.361942
40388.06000,0.361923
40388.07000,0.361905
40388.08000,0.361887
40388.09000,0.361868
40388.10000,0.36185
40388.11000,0.361832
40388.12000,0.361814
40388.13000,0.361795
40388.14000,0.361777
40388.15000,0.361759
40388.16000,0.361741
40388.17000,0.361722
40388.18000,0.361704
40388.19000,0.361686
40388.20000,0.361667
40388.21000,0.361649
40388.22000,0.361631
40388.23000,0.361613
40388.24000,0.361594
40388.25000,0.361576
40388.26000,0.361558
40388.27000,0.36154
40388.28000,0.361521
40388.29000,0.361503
40388.30000,0.361485
40388.31000,0.361467
40388.32000,0.361448
40388.33000,0.36143
40388.34000,0.361412
40388.35000,0.361393
40388.36000,0.361375
40388.37000,0.361357
40388.38000,0.361339
40388.39000,0.36132
40388.40000,0.361302
40388.41000,0.361284
40388.42000,0.361266
40388.43000,0.361247
40388.44000,0.361911
40388.45000,0.362812
40388.46000,0.363714
40388.47000,0.364616
40388.48000,0.365518
40388.49000,0.36642
40388.50000,0.367322
40388.51000,0.368224
40388.52000,0.369125
40388.53000,0.370027
40388.54000,0.383837
40388.55000,0.392178
40388.56000,0.395126
40388.57000,0.396376
40388.58000,0.396221
40388.59000,0.395266
40388.60000,0.393413
40388.61000,0.390606
40388.62000,0.386981
40388.63000,0.38288
40388.64000,0.377397
40388.65000,0.370241
40388.66000,0.370174
40388.67000,0.370107
40388.68000,0.370041
40388.69000,0.369974
40388.70000,0.369907
40388.71000,0.369841
40388.72000,0.369774
40388.73000,0.369707
40388.74000,0.369641
40388.75000,0.369529
40388.76000,0.369291
40388.77000,0.369177
40388.78000,0.369102
40388.79000,0.369065
40388.80000,0.369038
40388.81000,0.369013
40388.82000,0.368996
40388.83000,0.368979
40388.84000,0.368962
40388.85000,0.368946
40388.86000,0.368932
40388.87000,0.368917
40388.88000,0.368903
40388.89000,0.368889
40388.90000,0.368875
40388.91000,0.368862
40388.92000,0.368849
40388.93000,0.368835
40388.94000,0.368822
40388.95000,0.368809
40388.96000,0.368796
40388.97000,0.368783
40388.98000,0.36877
40388.99000,0.368758
40389.00000,0.368745
40389.01000,0.368732
40389.02000,0.36872
40389.03000,0.368707
40389.04000,0.368694
40389.05000,0.368685
40389.06000,0.368676
40389.07000,0.368666
40389.08000,0.368657
40389.09000,0.368648
40389.10000,0.368638
40389.11000,0.368629
40389.12000,0.368619
40389.13000,0.36861
40389.14000,0.368601
40389.15000,0.368591
40389.16000,0.368572
40389.17000,0.368551
40389.18000,0.36853
40389.19000,0.368509
40389.20000,0.368488
40389.21000,0.368467
40389.22000,0.368446
40389.23000,0.368425
40389.24000,0.368404
40389.25000,0.368383
40389.26000,0.368362
40389.27000,0.36832
40389.28000,0.368265
40389.29000,0.368211
40389.30000,0.368156
40389.31000,0.368101
40389.32000,0.368047
40389.33000,0.367992
40389.34000,0.367937
40389.35000,0.367883
40389.36000,0.367828
40389.37000,0.367773
40389.38000,0.367717
40389.39000,0.367659
40389.40000,0.367601
40389.41000,0.367543
40389.42000,0.367485
40389.43000,0.367427
40389.44000,0.367369
40389.45000,0.367311
40389.46000,0.367252
40389.47000,0.367194
40389.48000,0.367136
40389.49000,0.367082
40389.50000,0.367047
40389.51000,0.367011
40389.52000,0.366975
40389.53000,0.366939
40389.54000,0.366904
40389.55000,0.366868
40389.56000,0.366832
40389.57000,0.366796
40389.58000,0.366761
40389.59000,0.366725
40389.60000,0.366689
40389.61000,0.366685
40389.62000,0.366682
40389.63000,0.366679
40389.64000,0.366676
40389.65000,0.366674
40389.66000,0.366671
40389.67000,0.366668
40389.68000,0.366665
40389.69000,0.366662
40389.70000,0.366659
40389.71000,0.366657
40389.72000,0.366661
40389.73000,0.366669
40389.74000,0.366676
40389.75000,0.366683
40389.76000,0.366691
40389.77000,0.366698
40389.78000,0.366706
40389.79000,0.366713
40389.80000,0.36672
40389.81000,0.366728
40389.82000,0.366735
40389.83000,0.366735
40389.84000,0.366728
40389.85000,0.366721
40389.86000,0.366714
40389.87000,0.366707
40389.88000,0.3667
40389.89000,0.366692
40389.90000,0.366685
40389.91000,0.366678
40389.92000,0.366671
40389.93000,0.366664
40389.94000,0.366656
40389.95000,0.366648
40389.96000,0.366639
40389.97000,0.36663
40389.98000,0.366622
40389.99000,0.366613
40390.00000,0.366605
40390.01000,0.366596
40390.02000,0.366587
40390.03000,0.366579
40390.04000,0.36657
40390.05000,0.366561
40390.06000,0.366553
40390.07000,0.366544
40390.08000,0.366535
40390.09000,0.366526
40390.10000,0.366517
40390.11000,0.366509
40390.12000,0.3665
40390.13000,0.366491
40390.14000,0.366482
40390.15000,0.366473
40390.16000,0.366465
40390.17000,0.366443
40390.18000,0.36642
40390.19000,0.366396
40390.20000,0.366373
40390.21000,0.366349
40390.22000,0.366325
40390.23000,0.366302
40390.24000,0.366278
40390.25000,0.366254
40390.26000,0.366231
40390.27000,0.366207
40390.28000,0.366164
40390.29000,0.366109
40390.30000,0.366053
40390.31000,0.365998
40390.32000,0.365942
40390.33000,0.365887
40390.34000,0.365831
40390.35000,0.365776
40390.36000,0.36572
40390.37000,0.365665
40390.38000,0.36561
40390.39000,0.365554
40390.40000,0.365498
40390.41000,0.365442
40390.42000,0.365386
40390.43000,0.36533
40390.44000,0.365274
40390.45000,0.365218
40390.46000,0.365162
40390.47000,0.365106
40390.48000,0.36505
40390.49000,0.364994
40390.50000,0.364942
40390.51000,0.364911
40390.52000,0.36488
40390.53000,0.364849
40390.54000,0.364818
40390.55000,0.364787
40390.56000,0.364756
40390.57000,0.364725
40390.58000,0.364694
40390.59000,0.364663
40390.60000,0.364632
40390.61000,0.364601
40390.62000,0.3646
40390.63000,0.364602
40390.64000,0.364603
40390.65000,0.364604
40390.66000,0.364605
40390.67000,0.364607
40390.68000,0.364608
40390.69000,0.364609
40390.70000,0.36461
40390.71000,0.364612
40390.72000,0.364613
40390.73000,0.364618
40390.74000,0.364624
40390.75000,0.36463
40390.76000,0.364636
40390.77000,0.364642
40390.78000,0.364649
40390.79000,0.364655
40390.80000,0.364661
40390.81000,0.364667
40390.82000,0.364673
40390.83000,0.364679
40390.84000,0.364682
40390.85000,0.364681
40390.86000,0.36468
40390.87000,0.364678
40390.88000,0.364677
40390.89000,0.364676
40390.90000,0.364675
40390.91000,0.364673
40390.92000,0.364672
40390.93000,0.364671
40390.94000,0.36467
40390.95000,0.364668
40390.96000,0.364666
40390.97000,0.364665
40390.98000,0.364663
40390.99000,0.364686
40391.00000,0.364811
40391.01000,0.365089
40391.02000,0.365536
40391.03000,0.366016
40391.04000,0.366464
40391.05000,0.366857
40391.06000,0.367193
40391.07000,0.367685
40391.08000,0.368426
40391.09000,0.369395
40391.10000,0.370541
40391.11000,0.37136
40391.12000,0.37157
40391.13000,0.371302
40391.14000,0.370697
40391.15000,0.367316
40391.16000,0.367285
40391.17000,0.367254
40391.18000,0.367223
40391.19000,0.367192
40391.20000,0.367161
40391.21000,0.367129
40391.22000,0.367098
40391.23000,0.367067
40391.24000,0.367036
40391.25000,0.367005
40391.26000,0.366973
40391.27000,0.366942
40391.28000,0.366911
40391.29000,0.36688
40391.30000,0.366849
40391.31000,0.366818
40391.32000,0.366786
40391.33000,0.366755
40391.34000,0.366724
40391.35000,0.366693
40391.36000,0.366662
40391.37000,0.36663
40391.38000,0.366599
40391.39000,0.366568
40391.40000,0.366537
40391.41000,0.366506
40391.42000,0.366475
40391.43000,0.366443
40391.44000,0.366412
40391.45000,0.366381
40391.46000,0.36635
40391.47000,0.366319
40391.48000,0.366287
40391.49000,0.366256
40391.50000,0.366225
40391.51000,0.366194
40391.52000,0.366163
40391.53000,0.366132
40391.54000,0.3661
40391.55000,0.366069
40391.56000,0.366038
40391.57000,0.366007
40391.58000,0.365976
40391.59000,0.365944
40391.60000,0.365913
40391.61000,0.365882
40391.62000,0.365851
40391.63000,0.36582
40391.64000,0.365789
40391.65000,0.365757
40391.66000,0.365753
40391.67000,0.36575
40391.68000,0.365746
40391.69000,0.365742
40391.70000,0.365738
40391.71000,0.365734
40391.72000,0.36573
40391.73000,0.365726
40391.74000,0.365723
40391.75000,0.365719
40391.76000,0.365715
40391.77000,0.365711
40391.78000,0.365707
40391.79000,0.365703
40391.80000,0.365699
40391.81000,0.365696
40391.82000,0.365692
40391.83000,0.365688
40391.84000,0.365684
40391.85000,0.36568
40391.86000,0.365676
40391.87000,0.365672
40391.88000,0.365669
40391.89000,0.365665
40391.90000,0.365661
40391.91000,0.365657
40391.92000,0.365653
40391.93000,0.365649
40391.94000,0.365645
40391.95000,0.365642
40391.96000,0.365638
40391.97000,0.365634
40391.98000,0.36563
40391.99000,0.365626
40392.00000,0.365622
40392.01000,0.365618
40392.02000,0.365615
40392.03000,0.365587
40392.04000,0.365536
40392.05000,0.365484
40392.06000,0.365433
40392.07000,0.365382
40392.08000,0.365331
40392.09000,0.365279
40392.10000,0.365228
40392.11000,0.365177
40392.12000,0.365126
40392.13000,0.365074
40392.14000,0.365023
40392.15000,0.364972
40392.16000,0.364921
40392.17000,0.364869
40392.18000,0.364818
40392.19000,0.364767
40392.20000,0.364716
40392.21000,0.364664
40392.22000,0.364613
40392.23000,0.364562
40392.24000,0.36451
40392.25000,0.364459
40392.26000,0.364408
40392.27000,0.364357
40392.28000,0.364305
40392.29000,0.364254
40392.30000,0.364203
40392.31000,0.364152
40392.32000,0.3641
40392.33000,0.364049
40392.34000,0.363998
40392.35000,0.363947
40392.36000,0.363895
40392.37000,0.363844
40392.38000,0.363793
40392.39000,0.363742
40392.40000,0.36369
40392.41000,0.363639
40392.42000,0.363588
40392.43000,0.363537
40392.44000,0.363485
40392.45000,0.363434
40392.46000,0.363383
40392.47000,0.363331
40392.48000,0.36328
40392.49000,0.363229
40392.50000,0.363178
40392.51000,0.363126
40392.52000,0.363075
40392.53000,0.36305
40392.54000,0.363051
40392.55000,0.363052
40392.56000,0.363054
40392.57000,0.363055
40392.58000,0.363056
40392.59000,0.363057
40392.60000,0.363058
40392.61000,0.36306
40392.62000,0.363061
40392.63000,0.363062
40392.64000,0.363063
40392.65000,0.363064
40392.66000,0.363065
40392.67000,0.363067
40392.68000,0.363068
40392.69000,0.363069
40392.70000,0.36307
40392.71000,0.363071
40392.72000,0.363073
40392.73000,0.363074
40392.74000,0.363075
40392.75000,0.363076
40392.76000,0.363077
40392.77000,0.363078
40392.78000,0.36308
40392.79000,0.363081
40392.80000,0.363082
40392.81000,0.363083
40392.82000,0.363084
40392.83000,0.363086
40392.84000,0.363087
40392.85000,0.363088
40392.86000,0.363089
40392.87000,0.36309
40392.88000,0.363091
40392.89000,0.363093
40392.90000,0.363094
40392.91000,0.363095
40392.92000,0.363096
40392.93000,0.363097
40392.94000,0.363099
40392.95000,0.3631
40392.96000,0.363101
40392.97000,0.363102
40392.98000,0.363103
40392.99000,0.363104
40393.00000,0.363106
40393.01000,0.363107
40393.02000,0.363108
40393.03000,0.363083
40393.04000,0.363033
40393.05000,0.362982
40393.06000,0.362931
40393.07000,0.362881
40393.08000,0.36283
40393.09000,0.362779
40393.10000,0.362729
40393.11000,0.362678
40393.12000,0.362627
40393.13000,0.362577
40393.14000,0.362526
40393.15000,0.362475
40393.16000,0.362425
40393.17000,0.362374
40393.18000,0.362323
40393.19000,0.362273
40393.20000,0.362222
40393.21000,0.362171
40393.22000,0.362121
40393.23000,0.36207
40393.24000,0.36202
40393.25000,0.361969
40393.26000,0.361918
40393.27000,0.361868
40393.28000,0.361817
40393.29000,0.361766
40393.30000,0.361716
40393.31000,0.361665
40393.32000,0.361614
40393.33000,0.361564
40393.34000,0.361513
40393.35000,0.361462
40393.36000,0.361412
40393.37000,0.361361
40393.38000,0.36131
40393.39000,0.36126
40393.40000,0.361209
40393.41000,0.361158
40393.42000,0.361108
40393.43000,0.361057
40393.44000,0.361006
40393.45000,0.360956
40393.46000,0.360905
40393.47000,0.360854
40393.48000,0.360804
40393.49000,0.360753
40393.50000,0.360703
40393.51000,0.360652
40393.52000,0.360601
40393.53000,0.36058
40393.54000,0.360587
40393.55000,0.360595
40393.56000,0.360602
40393.57000,0.36061
40393.58000,0.360617
40393.59000,0.360625
40393.60000,0.360632
40393.61000,0.36064
40393.62000,0.360647
40393.63000,0.360655
40393.64000,0.360662
40393.65000,0.36067
40393.66000,0.360677
40393.67000,0.360685
40393.68000,0.360692
40393.69000,0.3607
40393.70000,0.360707
40393.71000,0.360715
40393.72000,0.360722
40393.73000,0.36073
40393.74000,0.360737
40393.75000,0.360745
40393.76000,0.360752
40393.77000,0.36076
40393.78000,0.360767
40393.79000,0.360775
40393.80000,0.360782
40393.81000,0.36079
40393.82000,0.360798
40393.83000,0.360805
40393.84000,0.360813
40393.85000,0.36082
40393.86000,0.360828
40393.87000,0.360835
40393.88000,0.360843
40393.89000,0.36085
40393.90000,0.360858
40393.91000,0.360865
40393.92000,0.360873
40393.93000,0.36088
40393.94000,0.360888
40393.95000,0.360895
40393.96000,0.360903
40393.97000,0.36091
40393.98000,0.360918
40393.99000,0.360925
40394.00000,0.360933
40394.01000,0.36094
40394.02000,0.360948
40394.03000,0.360971
40394.04000,0.361011
40394.05000,0.36105
40394.06000,0.36109
40394.07000,0.361129
40394.08000,0.361169
40394.09000,0.361208
40394.10000,0.361248
40394.11000,0.361287
40394.12000,0.362981
40394.13000,0.366239
40394.14000,0.370398
40394.15000,0.373627
40394.16000,0.374631
40394.17000,0.374163
40394.18000,0.372745
40394.19000,0.366731
40394.20000,0.366637
40394.21000,0.366543
40394.22000,0.366449
40394.23000,0.366355
40394.24000,0.366261
40394.25000,0.366168
40394.26000,0.366074
40394.27000,0.36598
40394.28000,0.365886
40394.29000,0.365792
40394.30000,0.365713
40394.31000,0.365635
40394.32000,0.365556
40394.33000,0.365478
40394.34000,0.365399
40394.35000,0.365321
40394.36000,0.365242
40394.37000,0.365167
40394.38000,0.365094
40394.39000,0.365021
40394.40000,0.364948
40394.41000,0.364875
40394.42000,0.364802
40394.43000,0.36473
40394.44000,0.364657
40394.45000,0.364584
40394.46000,0.364511
40394.47000,0.364451
40394.48000,0.364403
40394.49000,0.364355
40394.50000,0.364307
40394.51000,0.364259
40394.52000,0.364211
40394.53000,0.364163
40394.54000,0.364115
40394.55000,0.364068
40394.56000,0.36402
40394.57000,0.363972
40394.58000,0.363924
40394.59000,0.363876
40394.60000,0.363837
40394.61000,0.363844
40394.62000,0.363851
40394.63000,0.363857
40394.64000,0.363864
40394.65000,0.363871
40394.66000,0.363877
40394.67000,0.363884
40394.68000,0.363891
40394.69000,0.363897
40394.70000,0.363904
40394.71000,0.363911
40394.72000,0.363917
40394.73000,0.363924
40394.74000,0.363931
40394.75000,0.363937
40394.76000,0.363944
40394.77000,0.363951
40394.78000,0.363951
40394.79000,0.363942
40394.80000,0.363932
40394.81000,0.363923
40394.82000,0.363914
40394.83000,0.363904
40394.84000,0.363895
40394.85000,0.363886
40394.86000,0.363876
40394.87000,0.363867
40394.88000,0.363858
40394.89000,0.363848
40394.90000,0.363839
40394.91000,0.363829
40394.92000,0.36382
40394.93000,0.363811
40394.94000,0.363801
40394.95000,0.363792
40394.96000,0.363783
40394.97000,0.363773
40394.98000,0.363764
40394.99000,0.363755
40395.00000,0.363745
40395.01000,0.363736
40395.02000,0.363716
40395.03000,0.363691
40395.04000,0.363665
40395.05000,0.36364
40395.06000,0.363615
40395.07000,0.36359
40395.08000,0.363564
40395.09000,0.363539
40395.10000,0.363514
40395.11000,0.363489
40395.12000,0.363464
40395.13000,0.363438
40395.14000,0.363413
40395.15000,0.363388
40395.16000,0.363363
40395.17000,0.363337
40395.18000,0.363312
40395.19000,0.363287
40395.20000,0.363262
40395.21000,0.363236
40395.22000,0.363211
40395.23000,0.363186
40395.24000,0.363161
40395.25000,0.363136
40395.26000,0.36311
40395.27000,0.363085
40395.28000,0.36306
40395.29000,0.363035
40395.30000,0.363009
40395.31000,0.362984
40395.32000,0.362959
40395.33000,0.362943
40395.34000,0.363028
40395.35000,0.363113
40395.36000,0.363198
40395.37000,0.363284
40395.38000,0.363369
40395.39000,0.363454
40395.40000,0.363539
40395.41000,0.363625
40395.42000,0.36371
40395.43000,0.363795
40395.44000,0.36388
40395.45000,0.363966
40395.46000,0.364051
40395.47000,0.364136
40395.48000,0.364221
40395.49000,0.364306
40395.50000,0.364392
40395.51000,0.364477
40395.52000,0.364562
40395.53000,0.364647
40395.54000,0.364733
40395.55000,0.364818
40395.56000,0.364903
40395.57000,0.364988
40395.58000,0.371737
40395.59000,0.379964
40395.60000,0.386536
40395.61000,0.38922
40395.62000,0.389572
40395.63000,0.38893
40395.64000,0.387648
40395.65000,0.386084
40395.66000,0.384744
40395.67000,0.383607
40395.68000,0.382571
40395.69000,0.381559
40395.70000,0.380521
40395.71000,0.379429
40395.72000,0.378269
40395.73000,0.377062
40395.74000,0.37615
40395.75000,0.375451
40395.76000,0.374879
40395.77000,0.374377
40395.78000,0.373791
40395.79000,0.373115
40395.80000,0.372364
40395.81000,0.371565
40395.82000,0.369497
40395.83000,0.369473
40395.84000,0.369448
40395.85000,0.369424
40395.86000,0.369399
40395.87000,0.369374
40395.88000,0.36935
40395.89000,0.369325
40395.90000,0.3693
40395.91000,0.369276
40395.92000,0.369251
40395.93000,0.3692
40395.94000,0.369149
40395.95000,0.369106
40395.96000,0.369082
40395.97000,0.369057
40395.98000,0.369032
40395.99000,0.369013
40396.00000,0.368997
40396.01000,0.368981
40396.02000,0.368964
40396.03000,0.368948
40396.04000,0.368934
40396.05000,0.368921
40396.06000,0.368907
40396.07000,0.368894
40396.08000,0.36888
40396.09000,0.368866
40396.10000,0.368854
40396.11000,0.368841
40396.12000,0.368828
40396.13000,0.368816
40396.14000,0.368803
40396.15000,0.36879
40396.16000,0.368778
40396.17000,0.368765
40396.18000,0.368746
40396.19000,0.368712
40396.20000,0.368678
40396.21000,0.368643
40396.22000,0.368609
40396.23000,0.368575
40396.24000,0.368541
40396.25000,0.368506
40396.26000,0.368472
40396.27000,0.368438
40396.28000,0.368403
40396.29000,0.368367
40396.30000,0.368294
40396.31000,0.368221
40396.32000,0.368148
40396.33000,0.368075
40396.34000,0.368002
40396.35000,0.367929
40396.36000,0.367856
40396.37000,0.367783
40396.38000,0.36771
40396.39000,0.367637
40396.40000,0.367564
40396.41000,0.367491
40396.42000,0.367418
40396.43000,0.367345
40396.44000,0.367275
40396.45000,0.367245
40396.46000,0.367215
40396.47000,0.367185
40396.48000,0.367155
40396.49000,0.367125
40396.50000,0.367095
40396.51000,0.367065
40396.52000,0.367035
40396.53000,0.367005
40396.54000,0.366975
40396.55000,0.366945
40396.56000,0.366915
40396.57000,0.366885
40396.58000,0.366855
40396.59000,0.366825
40396.60000,0.366794
40396.61000,0.366764
40396.62000,0.366734
40396.63000,0.366704
40396.64000,0.366678
40396.65000,0.366685
40396.66000,0.366692
40396.67000,0.366699
40396.68000,0.366705
40396.69000,0.366712
40396.70000,0.366719
40396.71000,0.366726
40396.72000,0.366733
40396.73000,0.36674
40396.74000,0.366747
40396.75000,0.366754
40396.76000,0.366761
40396.77000,0.366768
40396.78000,0.366775
40396.79000,0.366782
40396.80000,0.366789
40396.81000,0.366796
40396.82000,0.366803
40396.83000,0.36681
40396.84000,0.366815
40396.85000,0.366808
40396.86000,0.3668
40396.87000,0.366792
40396.88000,0.366784
40396.89000,0.366776
40396.90000,0.366768
40396.91000,0.366761
40396.92000,0.366753
40396.93000,0.366745
40396.94000,0.366737
40396.95000,0.366729
40396.96000,0.366721
40396.97000,0.366714
40396.98000,0.366706
40396.99000,0.366698
40397.00000,0.36669
40397.01000,0.366682
40397.02000,0.366674
40397.03000,0.366667
40397.04000,0.366658
40397.05000,0.366647
40397.06000,0.366636
40397.07000,0.366624
40397.08000,0.366613
40397.09000,0.366602
40397.10000,0.36659
40397.11000,0.366579
40397.12000,0.366568
40397.13000,0.366556
40397.14000,0.366545
40397.15000,0.366534
40397.16000,0.366522
40397.17000,0.366511
40397.18000,0.3665
40397.19000,0.366488
40397.20000,0.366477
40397.21000,0.366466
40397.22000,0.366454
40397.23000,0.366443
40397.24000,0.366424
40397.25000,0.366364
40397.26000,0.366304
40397.27000,0.366244
40397.28000,0.366184
40397.29000,0.366124
40397.30000,0.366064
40397.31000,0.366004
40397.32000,0.365944
40397.33000,0.365884
40397.34000,0.365824
40397.35000,0.365764
40397.36000,0.365704
40397.37000,0.365644
40397.38000,0.365584
40397.39000,0.365524
40397.40000,0.365464
40397.41000,0.365404
40397.42000,0.365344
40397.43000,0.365284
40397.44000,0.365229
40397.45000,0.365199
40397.46000,0.36517
40397.47000,0.36514
40397.48000,0.36511
40397.49000,0.36508
40397.50000,0.36505
40397.51000,0.365021
40397.52000,0.364991
40397.53000,0.364961
40397.54000,0.364931
40397.55000,0.364901
40397.56000,0.364871
40397.57000,0.364842
40397.58000,0.364812
40397.59000,0.364782
40397.60000,0.364752
40397.61000,0.364722
40397.62000,0.364692
40397.63000,0.364663
40397.64000,0.36464
40397.65000,0.364649
40397.66000,0.364657
40397.67000,0.364665
40397.68000,0.364674
40397.69000,0.364682
40397.70000,0.36469
40397.71000,0.364699
40397.72000,0.364707
40397.73000,0.364715
40397.74000,0.364724
40397.75000,0.364732
40397.76000,0.36474
40397.77000,0.364749
40397.78000,0.364757
40397.79000,0.364765
40397.80000,0.364773
40397.81000,0.364782
40397.82000,0.36479
40397.83000,0.364798
40397.84000,0.364803
40397.85000,0.364796
40397.86000,0.364788
40397.87000,0.364781
40397.88000,0.364773
40397.89000,0.364766
40397.90000,0.364758
40397.91000,0.364751
40397.92000,0.364743
40397.93000,0.364736
40397.94000,0.364728
40397.95000,0.364721
40397.96000,0.364713
40397.97000,0.364706
40397.98000,0.364698
40397.99000,0.364691
40398.00000,0.364683
40398.01000,0.364676
40398.02000,0.364668
40398.03000,0.364661
40398.04000,0.364653
40398.05000,0.364642
40398.06000,0.364631
40398.07000,0.36462
40398.08000,0.364609
40398.09000,0.364599
40398.10000,0.364588
40398.11000,0.364577
40398.12000,0.364566
40398.13000,0.364556
40398.14000,0.364545
40398.15000,0.364534
40398.16000,0.364523
40398.17000,0.364512
40398.18000,0.364502
40398.19000,0.364491
40398.20000,0.36448
40398.21000,0.364469
40398.22000,0.364459
40398.23000,0.364448
40398.24000,0.364424
40398.25000,0.364364
40398.26000,0.364305
40398.27000,0.364246
40398.28000,0.364186
40398.29000,0.364127
40398.30000,0.364067
40398.31000,0.364008
40398.32000,0.363948
40398.33000,0.363889
40398.34000,0.363829
40398.35000,0.36377
40398.36000,0.363711
40398.37000,0.363651
40398.38000,0.363592
40398.39000,0.363532
40398.40000,0.363473
40398.41000,0.363413
40398.42000,0.363354
40398.43000,0.363294
40398.44000,0.363244
40398.45000,0.363215
40398.46000,0.363186
40398.47000,0.363156
40398.48000,0.363127
40398.49000,0.363098
40398.50000,0.363069
40398.51000,0.36304
40398.52000,0.363011
40398.53000,0.362982
40398.54000,0.362952
40398.55000,0.362923
40398.56000,0.362894
40398.57000,0.362865
40398.58000,0.362836
40398.59000,0.362807
40398.60000,0.362778
40398.61000,0.362748
40398.62000,0.362719
40398.63000,0.36269
40398.64000,0.362673
40398.65000,0.362682
40398.66000,0.362691
40398.67000,0.362701
40398.68000,0.36271
40398.69000,0.362719
40398.70000,0.362728
40398.71000,0.362737
40398.72000,0.362746
40398.73000,0.362756
40398.74000,0.362765
40398.75000,0.362774
40398.76000,0.362783
40398.77000,0.362792
40398.78000,0.362801
40398.79000,0.362811
40398.80000,0.36282
40398.81000,0.362829
40398.82000,0.362838
40398.83000,0.362847
40398.84000,0.362851
40398.85000,0.362844
40398.86000,0.362837
40398.87000,0.362829
40398.88000,0.362822
40398.89000,0.362815
40398.90000,0.362808
40398.91000,0.362801
40398.92000,0.362793
40398.93000,0.362786
40398.94000,0.362779
40398.95000,0.362772
40398.96000,0.362765
40398.97000,0.362758
40398.98000,0.36275
40398.99000,0.362743
40399.00000,0.362736
40399.01000,0.362729
40399.02000,0.362722
40399.03000,0.362714
40399.04000,0.362706
40399.05000,0.362696
40399.06000,0.362686
40399.07000,0.362676
40399.08000,0.362665
40399.09000,0.362655
40399.10000,0.362645
40399.11000,0.362635
40399.12000,0.362625
40399.13000,0.362614
40399.14000,0.362604
40399.15000,0.362594
40399.16000,0.362584
40399.17000,0.362573
40399.18000,0.362563
40399.19000,0.362553
40399.20000,0.362543
40399.21000,0.362533
40399.22000,0.362522
40399.23000,0.362512
40399.24000,0.362483
40399.25000,0.362424
40399.26000,0.362365
40399.27000,0.362306
40399.28000,0.362247
40399.29000,0.362188
40399.30000,0.362129
40399.31000,0.362069
40399.32000,0.36201
40399.33000,0.361951
40399.34000,0.361892
40399.35000,0.361833
40399.36000,0.361774
40399.37000,0.361715
40399.38000,0.361656
40399.39000,0.361597
40399.40000,0.361538
40399.41000,0.361478
40399.42000,0.361419
40399.43000,0.36136
40399.44000,0.361314
40399.45000,0.361285
40399.46000,0.361257
40399.47000,0.361229
40399.48000,0.361201
40399.49000,0.361172
40399.50000,0.361144
40399.51000,0.361116
40399.52000,0.361088
40399.53000,0.36106
40399.54000,0.361031
40399.55000,0.361003
40399.56000,0.360975
40399.57000,0.360947
40399.58000,0.360918
40399.59000,0.36089
40399.60000,0.360862
40399.61000,0.360834
40399.62000,0.360806
40399.63000,0.360777
40399.64000,0.360765
40399.65000,0.360775
40399.66000,0.360785
40399.67000,0.360795
40399.68000,0.360805
40399.69000,0.360815
40399.70000,0.360825
40399.71000,0.360835
40399.72000,0.360845
40399.73000,0.360855
40399.74000,0.360864
40399.75000,0.360874
40399.76000,0.360884
40399.77000,0.360894
40399.78000,0.360904
40399.79000,0.360914
40399.80000,0.360924
40399.81000,0.360934
40399.82000,0.360944
40399.83000,0.360954
40399.84000,0.360956
40399.85000,0.360949
40399.86000,0.360942
40399.87000,0.360935
40399.88000,0.360928
40399.89000,0.360921
40399.90000,0.360915
40399.91000,0.360908
40399.92000,0.360901
40399.93000,0.360894
40399.94000,0.360887
40399.95000,0.36088
40399.96000,0.360873
40399.97000,0.360866
40399.98000,0.360859
40399.99000,0.360853
40400.00000,0.360846
40400.01000,0.360839
40400.02000,0.360832
40400.03000,0.360825
40400.04000,0.360817
40400.05000,0.360807
40400.06000,0.360797
40400.07000,0.360788
40400.08000,0.360778
40400.09000,0.360768
40400.10000,0.360758
40400.11000,0.360749
40400.12000,0.360739
40400.13000,0.360729
40400.14000,0.360719
40400.15000,0.36071
40400.16000,0.3607
40400.17000,0.36069
40400.18000,0.360681
40400.19000,0.360671
40400.20000,0.360661
40400.21000,0.360651
40400.22000,0.360642
40400.23000,0.360632
40400.24000,0.360597
40400.25000,0.360538
40400.26000,0.360478
40400.27000,0.360419
40400.28000,0.360359
40400.29000,0.3603
40400.30000,0.36024
40400.31000,0.36018
40400.32000,0.360121
40400.33000,0.360061
40400.34000,0.360002
40400.35000,0.359942
40400.36000,0.359883
40400.37000,0.359823
40400.38000,0.359763
40400.39000,0.359704
40400.40000,0.359644
40400.41000,0.359585
40400.42000,0.359525
40400.43000,0.359465
40400.44000,0.359422
40400.45000,0.359394
40400.46000,0.359366
40400.47000,0.359338
40400.48000,0.35931
40400.49000,0.359281
40400.50000,0.359253
40400.51000,0.359225
40400.52000,0.359197
40400.53000,0.359169
40400.54000,0.359141
40400.55000,0.359113
40400.56000,0.359084
40400.57000,0.359056
40400.58000,0.359028
40400.59000,0.359
40400.60000,0.358972
40400.61000,0.358944
40400.62000,0.358916
40400.63000,0.358887
40400.64000,0.358881
40400.65000,0.358892
40400.66000,0.358903
40400.67000,0.358914
40400.68000,0.358925
40400.69000,0.358936
40400.70000,0.358947
40400.71000,0.358959
40400.72000,0.35897
40400.73000,0.358981
40400.74000,0.358992
40400.75000,0.359003
40400.76000,0.359014
40400.77000,0.359025
40400.78000,0.359037
40400.79000,0.359048
40400.80000,0.359059
40400.81000,0.35907
40400.82000,0.359081
40400.83000,0.359092
40400.84000,0.359094
40400.85000,0.359087
40400.86000,0.359081
40400.87000,0.359074
40400.88000,0.359067
40400.89000,0.359061
40400.90000,0.359054
40400.91000,0.359048
40400.92000,0.359041
40400.93000,0.359035
40400.94000,0.359028
40400.95000,0.359022
40400.96000,0.359015
40400.97000,0.359009
40400.98000,0.359002
40400.99000,0.358996
40401.00000,0.358989
40401.01000,0.358982
40401.02000,0.358976
40401.03000,0.358969
40401.04000,0.358961
40401.05000,0.358952
40401.06000,0.358943
40401.07000,0.358933
40401.08000,0.358924
40401.09000,0.358915
40401.10000,0.358905
40401.11000,0.358896
40401.12000,0.358887
40401.13000,0.358878
40401.14000,0.358868
40401.15000,0.358859
40401.16000,0.35885
40401.17000,0.35884
40401.18000,0.358831
40401.19000,0.358822
40401.20000,0.358813
40401.21000,0.358803
40401.22000,0.358794
40401.23000,0.358785
40401.24000,0.358745
40401.25000,0.358685
40401.26000,0.358625
40401.27000,0.358565
40401.28000,0.358505
40401.29000,0.358444
40401.30000,0.358384
40401.31000,0.358324
40401.32000,0.358264
40401.33000,0.358204
40401.34000,0.358144
40401.35000,0.358084
40401.36000,0.358024
40401.37000,0.357964
40401.38000,0.357904
40401.39000,0.357844
40401.40000,0.357784
40401.41000,0.357724
40401.42000,0.357664
40401.43000,0.357604
40401.44000,0.357565
40401.45000,0.357537
40401.46000,0.357509
40401.47000,0.357482
40401.48000,0.357454
40401.49000,0.357426
40401.50000,0.357399
40401.51000,0.357371
40401.52000,0.357343
40401.53000,0.357316
40401.54000,0.357288
40401.55000,0.35726
40401.56000,0.357233
40401.57000,0.357205
40401.58000,0.357177
40401.59000,0.357149
40401.60000,0.357122
40401.61000,0.357094
40401.62000,0.357066
40401.63000,0.357039
40401.64000,0.357037
40401.65000,0.357049
40401.66000,0.357062
40401.67000,0.357074
40401.68000,0.357086
40401.69000,0.357098
40401.70000,0.357111
40401.71000,0.357123
40401.72000,0.357135
40401.73000,0.357147
40401.74000,0.357159
40401.75000,0.357172
40401.76000,0.357184
40401.77000,0.357196
40401.78000,0.357208
40401.79000,0.357221
40401.80000,0.357233
40401.81000,0.357245
40401.82000,0.357257
40401.83000,0.35727
40401.84000,0.357269
40401.85000,0.357263
40401.86000,0.357257
40401.87000,0.357251
40401.88000,0.357245
40401.89000,0.357239
40401.90000,0.357233
40401.91000,0.357227
40401.92000,0.35722
40401.93000,0.357214
40401.94000,0.357208
40401.95000,0.357202
40401.96000,0.357196
40401.97000,0.35719
40401.98000,0.357184
40401.99000,0.357178
40402.00000,0.357171
40402.01000,0.357165
40402.02000,0.357159
40402.03000,0.357153
40402.04000,0.357155
40402.05000,0.35716
40402.06000,0.357166
40402.07000,0.357171
40402.08000,0.357176
40402.09000,0.357182
40402.10000,0.357187
40402.11000,0.357192
40402.12000,0.357198
40402.13000,0.357203
40402.14000,0.357208
40402.15000,0.357214
40402.16000,0.357219
40402.17000,0.357224
40402.18000,0.35723
40402.19000,0.357235
40402.20000,0.35724
40402.21000,0.357246
40402.22000,0.357251
40402.23000,0.357256
40402.24000,0.362335
40402.25000,0.372319
40402.26000,0.381692
40402.27000,0.388178
40402.28000,0.392303
40402.29000,0.39424
40402.30000,0.395541
40402.31000,0.396541
40402.32000,0.396634
40402.33000,0.395897
40402.34000,0.394218
40402.35000,0.390779
40402.36000,0.372634
40402.37000,0.37226
40402.38000,0.371886
40402.39000,0.371512
40402.40000,0.371137
40402.41000,0.370763
40402.42000,0.370389
40402.43000,0.370015
40402.44000,0.369641
40402.45000,0.369266
40402.46000,0.368892
40402.47000,0.368812
40402.48000,0.368732
40402.49000,0.368653
40402.50000,0.368573
40402.51000,0.368493
40402.52000,0.368413
40402.53000,0.368333
40402.54000,0.368253
40402.55000,0.368173
40402.56000,0.368093
40402.57000,0.368092
40402.58000,0.36809
40402.59000,0.368088
40402.60000,0.368087
40402.61000,0.368085
40402.62000,0.368084
40402.63000,0.368082
40402.64000,0.36808
40402.65000,0.368079
40402.66000,0.368077
40402.67000,0.368112
40402.68000,0.368147
40402.69000,0.368182
40402.70000,0.369413
40402.71000,0.372269
40402.72000,0.37597
40402.73000,0.37934
40402.74000,0.380921
40402.75000,0.381441
40402.76000,0.381432
40402.77000,0.381163
40402.78000,0.380227
40402.79000,0.378766
40402.80000,0.376918
40402.81000,0.374783
40402.82000,0.369902
40402.83000,0.369824
40402.84000,0.369745
40402.85000,0.369667
40402.86000,0.369589
40402.87000,0.369511
40402.88000,0.369433
40402.89000,0.369354
40402.90000,0.369276
40402.91000,0.369198
40402.92000,0.36912
40402.93000,0.369111
40402.94000,0.369103
40402.95000,0.369094
40402.96000,0.369086
40402.97000,0.369077
40402.98000,0.369068
40402.99000,0.36906
40403.00000,0.369051
40403.01000,0.369043
40403.02000,0.369034
40403.03000,0.369025
40403.04000,0.369017
40403.05000,0.369008
40403.06000,0.369073
40403.07000,0.369175
40403.08000,0.369277
40403.09000,0.369379
40403.10000,0.36948
40403.11000,0.369582
40403.12000,0.372025
40403.13000,0.375951
40403.14000,0.380042
40403.15000,0.38267
40403.16000,0.38333
40403.17000,0.382956
40403.18000,0.382035
40403.19000,0.380778
40403.20000,0.379282
40403.21000,0.377585
40403.22000,0.375705
40403.23000,0.369764
40403.24000,0.369667
40403.25000,0.369569
40403.26000,0.369471
40403.27000,0.369374
40403.28000,0.369276
40403.29000,0.369178
40403.30000,0.36908
40403.31000,0.368983
40403.32000,0.368885
40403.33000,0.368787
40403.34000,0.36872
40403.35000,0.368652
40403.36000,0.368584
40403.37000,0.368517
40403.38000,0.368449
40403.39000,0.368382
40403.40000,0.368314
40403.41000,0.368245
40403.42000,0.368174
40403.43000,0.368103
40403.44000,0.368032
40403.45000,0.367961
40403.46000,0.36789
40403.47000,0.367819
40403.48000,0.367748
40403.49000,0.367697
40403.50000,0.367647
40403.51000,0.367596
40403.52000,0.367545
40403.53000,0.367494
40403.54000,0.367444
40403.55000,0.367393
40403.56000,0.367342
40403.57000,0.367292
40403.58000,0.367241
40403.59000,0.367232
40403.60000,0.367223
40403.61000,0.367214
40403.62000,0.367206
40403.63000,0.367197
40403.64000,0.367188
40403.65000,0.367179
40403.66000,0.36717
40403.67000,0.367161
40403.68000,0.367153
40403.69000,0.367144
40403.70000,0.367135
40403.71000,0.367126
40403.72000,0.367121
40403.73000,0.367118
40403.74000,0.367115
40403.75000,0.367112
40403.76000,0.367109
40403.77000,0.367106
40403.78000,0.367103
40403.79000,0.3671
40403.80000,0.367096
40403.81000,0.367093
40403.82000,0.36709
40403.83000,0.367087
40403.84000,0.367084
40403.85000,0.367081
40403.86000,0.367078
40403.87000,0.367075
40403.88000,0.367072
40403.89000,0.367069
40403.90000,0.367058
40403.91000,0.367046
40403.92000,0.367035
40403.93000,0.367023
40403.94000,0.367012
40403.95000,0.367
40403.96000,0.366989
40403.97000,0.366978
40403.98000,0.366966
40403.99000,0.366955
40404.00000,0.366943
40404.01000,0.366932
40404.02000,0.36692
40404.03000,0.366909
40404.04000,0.366897
40404.05000,0.366886
40404.06000,0.366874
40404.07000,0.366863
40404.08000,0.366851
40404.09000,0.36684
40404.10000,0.366828
40404.11000,0.366817
40404.12000,0.366805
40404.13000,0.366786
40404.14000,0.366733
40404.15000,0.366681
40404.16000,0.366628
40404.17000,0.366576
40404.18000,0.366524
40404.19000,0.366471
40404.20000,0.366419
40404.21000,0.366366
40404.22000,0.366314
40404.23000,0.366261
40404.24000,0.366209
40404.25000,0.366156
40404.26000,0.366104
40404.27000,0.366051
40404.28000,0.365999
40404.29000,0.365946
40404.30000,0.365894
40404.31000,0.365841
40404.32000,0.365789
40404.33000,0.365736
40404.34000,0.365684
40404.35000,0.365631
40404.36000,0.365579
40404.37000,0.365526
40404.38000,0.365474
40404.39000,0.365421
40404.40000,0.365369
40404.41000,0.365316
40404.42000,0.365264
40404.43000,0.365211
40404.44000,0.365159
40404.45000,0.365136
40404.46000,0.365136
40404.47000,0.365135
40404.48000,0.365134
40404.49000,0.365134
40404.50000,0.365133
40404.51000,0.365132
40404.52000,0.365131
40404.53000,0.365131
40404.54000,0.36513
40404.55000,0.365129
40404.56000,0.365129
40404.57000,0.365128
40404.58000,0.365127
40404.59000,0.365127
40404.60000,0.365126
40404.61000,0.365125
40404.62000,0.365124
40404.63000,0.365124
40404.64000,0.365123
40404.65000,0.365122
40404.66000,0.365122
40404.67000,0.365121
40404.68000,0.36512
40404.69000,0.36512
40404.70000,0.365119
40404.71000,0.365118
40404.72000,0.365117
40404.73000,0.365117
40404.74000,0.365116
40404.75000,0.365115
40404.76000,0.365115
40404.77000,0.365109
40404.78000,0.365103
40404.79000,0.365097
40404.80000,0.365091
40404.81000,0.365086
40404.82000,0.36508
40404.83000,0.365074
40404.84000,0.365068
40404.85000,0.365062
40404.86000,0.365056
40404.87000,0.365051
40404.88000,0.365045
40404.89000,0.365039
40404.90000,0.365033
40404.91000,0.365027
40404.92000,0.365021
40404.93000,0.365016
40404.94000,0.36501
40404.95000,0.365004
40404.96000,0.364998
40404.97000,0.364992
40404.98000,0.364986
40404.99000,0.364981
40405.00000,0.364975
40405.01000,0.364969
40405.02000,0.364963
40405.03000,0.364957
40405.04000,0.364951
40405.05000,0.364946
40405.06000,0.36494
40405.07000,0.364934
40405.08000,0.364929
40405.09000,0.364926
40405.10000,0.364923
40405.11000,0.36492
40405.12000,0.364917
40405.13000,0.364914
40405.14000,0.364911
40405.15000,0.364908
40405.16000,0.364904
40405.17000,0.364901
40405.18000,0.364898
40405.19000,0.364895
40405.20000,0.364892
40405.21000,0.364889
40405.22000,0.364886
40405.23000,0.364883
40405.24000,0.36488
40405.25000,0.364877
40405.26000,0.364874
40405.27000,0.364871
40405.28000,0.364868
40405.29000,0.364865
40405.30000,0.364862
40405.31000,0.364858
40405.32000,0.364855
40405.33000,0.364852
40405.34000,0.364849
40405.35000,0.364846
40405.36000,0.364843
40405.37000,0.365143
40405.38000,0.366009
40405.39000,0.36741
40405.40000,0.369116
40405.41000,0.37085
40405.42000,0.372513
40405.43000,0.374087
40405.44000,0.37562
40405.45000,0.377232
40405.46000,0.378672
40405.47000,0.379789
40405.48000,0.380626
40405.49000,0.38014
40405.50000,0.378767
40405.51000,0.376809
40405.52000,0.374449
40405.53000,0.36711
40405.54000,0.367107
40405.55000,0.367104
40405.56000,0.367101
40405.57000,0.367097
40405.58000,0.367094
40405.59000,0.367091
40405.60000,0.367088
40405.61000,0.367085
40405.62000,0.367082
40405.63000,0.367078
40405.64000,0.367075
40405.65000,0.367072
40405.66000,0.367069
40405.67000,0.367066
40405.68000,0.367063
40405.69000,0.367059
40405.70000,0.367056
40405.71000,0.367053
40405.72000,0.36705
40405.73000,0.367047
40405.74000,0.367044
40405.75000,0.36704
40405.76000,0.367037
40405.77000,0.367034
40405.78000,0.367031
40405.79000,0.367028
40405.80000,0.367024
40405.81000,0.367021
40405.82000,0.367018
40405.83000,0.367015
40405.84000,0.367012
40405.85000,0.367009
40405.86000,0.367005
40405.87000,0.367002
40405.88000,0.366999
40405.89000,0.366996
40405.90000,0.366993
40405.91000,0.36699
40405.92000,0.366986
40405.93000,0.366983
40405.94000,0.36698
40405.95000,0.366977
40405.96000,0.366974
40405.97000,0.366971
40405.98000,0.366967
40405.99000,0.366964
40406.00000,0.366961
40406.01000,0.366958
40406.02000,0.366955
40406.03000,0.366952
40406.04000,0.366902
40406.05000,0.366852
40406.06000,0.366802
40406.07000,0.366752
40406.08000,0.366703
40406.09000,0.366653
40406.10000,0.366603
40406.11000,0.366553
40406.12000,0.366503
40406.13000,0.366454
40406.14000,0.366404
40406.15000,0.366354
40406.16000,0.366304
40406.17000,0.366254
40406.18000,0.366204
40406.19000,0.366155
40406.20000,0.366105
40406.21000,0.366055
40406.22000,0.366005
40406.23000,0.365955
40406.24000,0.365906
40406.25000,0.365856
40406.26000,0.365806
40406.27000,0.365756
40406.28000,0.365706
40406.29000,0.365657
40406.30000,0.365607
40406.31000,0.365557
40406.32000,0.365507
40406.33000,0.365457
40406.34000,0.365407
40406.35000,0.365358
40406.36000,0.365308
40406.37000,0.365258
40406.38000,0.365208
40406.39000,0.365158
40406.40000,0.365109
40406.41000,0.365059
40406.42000,0.365009
40406.43000,0.364959
40406.44000,0.364909
40406.45000,0.36486
40406.46000,0.36481
40406.47000,0.36476
40406.48000,0.36471
40406.49000,0.36466
40406.50000,0.364611
40406.51000,0.364561
40406.52000,0.364511
40406.53000,0.364461
40406.54000,0.364461
40406.55000,0.364462
40406.56000,0.364462
40406.57000,0.364463
40406.58000,0.364463
40406.59000,0.364463
40406.60000,0.364464
40406.61000,0.364464
40406.62000,0.364464
40406.63000,0.364465
40406.64000,0.364465
40406.65000,0.364465
40406.66000,0.364466
40406.67000,0.364466
40406.68000,0.364466
40406.69000,0.364467
40406.70000,0.364467
40406.71000,0.364468
40406.72000,0.364468
40406.73000,0.364468
40406.74000,0.364469
40406.75000,0.364469
40406.76000,0.364469
40406.77000,0.36447
40406.78000,0.36447
40406.79000,0.36447
40406.80000,0.364471
40406.81000,0.364471
40406.82000,0.364471
40406.83000,0.364472
40406.84000,0.364472
40406.85000,0.364473
40406.86000,0.364473
40406.87000,0.364473
40406.88000,0.364474
40406.89000,0.364474
40406.90000,0.364474
40406.91000,0.364475
40406.92000,0.364475
40406.93000,0.364475
40406.94000,0.364476
40406.95000,0.364476
40406.96000,0.364476
40406.97000,0.364477
40406.98000,0.364477
40406.99000,0.364478
40407.00000,0.364478
40407.01000,0.364478
40407.02000,0.364479
40407.03000,0.364479
40407.04000,0.364429
40407.05000,0.36438
40407.06000,0.36433
40407.07000,0.36428
40407.08000,0.36423
40407.09000,0.364181
40407.10000,0.364131
40407.11000,0.364081
40407.12000,0.364032
40407.13000,0.363982
40407.14000,0.363932
40407.15000,0.363882
40407.16000,0.363833
40407.17000,0.363783
40407.18000,0.363733
40407.19000,0.363684
40407.20000,0.363634
40407.21000,0.363584
40407.22000,0.363534
40407.23000,0.363485
40407.24000,0.363435
40407.25000,0.363385
40407.26000,0.363336
40407.27000,0.363286
40407.28000,0.363236
40407.29000,0.363186
40407.30000,0.363137
40407.31000,0.363087
40407.32000,0.363037
40407.33000,0.362988
40407.34000,0.362938
40407.35000,0.362888
40407.36000,0.362838
40407.37000,0.362789
40407.38000,0.362739
40407.39000,0.362689
40407.40000,0.36264
40407.41000,0.36259
40407.42000,0.36254
40407.43000,0.36249
40407.44000,0.362441
40407.45000,0.362391
40407.46000,0.362341
40407.47000,0.362292
40407.48000,0.362242
40407.49000,0.362192
40407.50000,0.362142
40407.51000,0.362093
40407.52000,0.362043
40407.53000,0.361993
40407.54000,0.362
40407.55000,0.362007
40407.56000,0.362014
40407.57000,0.362021
40407.58000,0.362028
40407.59000,0.362035
40407.60000,0.362042
40407.61000,0.362049
40407.62000,0.362056
40407.63000,0.362063
40407.64000,0.36207
40407.65000,0.362077
40407.66000,0.362084
40407.67000,0.362091
40407.68000,0.362098
40407.69000,0.362106
40407.70000,0.362113
40407.71000,0.36212
40407.72000,0.362127
40407.73000,0.362134
40407.74000,0.362141
40407.75000,0.362148
40407.76000,0.362155
40407.77000,0.362162
40407.78000,0.362169
40407.79000,0.362176
40407.80000,0.362183
40407.81000,0.36219
40407.82000,0.362197
40407.83000,0.362204
40407.84000,0.362211
40407.85000,0.362218
40407.86000,0.362225
40407.87000,0.362232
40407.88000,0.362239
40407.89000,0.362246
40407.90000,0.362253
40407.91000,0.36226
40407.92000,0.362267
40407.93000,0.362274
40407.94000,0.362281
40407.95000,0.362288
40407.96000,0.362295
40407.97000,0.362302
40407.98000,0.362309
40407.99000,0.362316
40408.00000,0.362323
40408.01000,0.36233
40408.02000,0.362337
40408.03000,0.362344
40408.04000,0.362402
40408.05000,0.36246
40408.06000,0.362517
40408.07000,0.362575
40408.08000,0.362633
40408.09000,0.362691
40408.10000,0.362748
40408.11000,0.362806
40408.12000,0.36503
40408.13000,0.369062
40408.14000,0.373886
40408.15000,0.377428
40408.16000,0.378544
40408.17000,0.37818
40408.18000,0.376882
40408.19000,0.375332
40408.20000,0.374708
40408.21000,0.374796
40408.22000,0.375721
40408.23000,0.377207
40408.24000,0.379907
40408.25000,0.383146
40408.26000,0.386074
40408.27000,0.388101
40408.28000,0.388374
40408.29000,0.387199
40408.30000,0.384799
40408.31000,0.381461
40408.32000,0.378322
40408.33000,0.376068
40408.34000,0.37453
40408.35000,0.373463
40408.36000,0.372849
40408.37000,0.372699
40408.38000,0.372932
40408.39000,0.373435
40408.40000,0.374109
40408.41000,0.374872
40408.42000,0.375667
40408.43000,0.376418
40408.44000,0.376879
40408.45000,0.376719
40408.46000,0.376021
40408.47000,0.374977
40408.48000,0.373789
40408.49000,0.372733
40408.50000,0.371854
40408.51000,0.371106
40408.52000,0.370239
40408.53000,0.369149
40408.54000,0.369138
40408.55000,0.369128
40408.56000,0.369117
40408.57000,0.369107
40408.58000,0.369096
40408.59000,0.369086
40408.60000,0.368935
40408.61000,0.369026
40408.62000,0.369463
40408.63000,0.370303
40408.64000,0.371411
40408.65000,0.372359
40408.66000,0.372752
40408.67000,0.37257
40408.68000,0.371208
40408.69000,0.369604
40408.70000,0.369548
40408.71000,0.369493
40408.72000,0.369437
40408.73000,0.369382
40408.74000,0.369326
40408.75000,0.369271
40408.76000,0.369215
40408.77000,0.36916
40408.78000,0.369104
40408.79000,0.36908
40408.80000,0.369058
40408.81000,0.369035
40408.82000,0.369013
40408.83000,0.368991
40408.84000,0.368968
40408.85000,0.368946
40408.86000,0.368931
40408.87000,0.368918
40408.88000,0.368904
40408.89000,0.368891
40408.90000,0.368878
40408.91000,0.368864
40408.92000,0.368851
40408.93000,0.368837
40408.94000,0.368824
40408.95000,0.368811
40408.96000,0.368799
40408.97000,0.368787
40408.98000,0.368774
40408.99000,0.368762
40409.00000,0.36875
40409.01000,0.368737
40409.02000,0.368725
40409.03000,0.368713
40409.04000,0.368701
40409.05000,0.368688
40409.06000,0.368676
40409.07000,0.368664
40409.08000,0.36865
40409.09000,0.368636
40409.10000,0.368621
40409.11000,0.368607
40409.12000,0.368593
40409.13000,0.368578
40409.14000,0.368564
40409.15000,0.36855
40409.16000,0.368535
40409.17000,0.368521
40409.18000,0.368507
40409.19000,0.368492
40409.20000,0.368478
40409.21000,0.368464
40409.22000,0.368449
40409.23000,0.368435
40409.24000,0.368421
40409.25000,0.368354
40409.26000,0.368281
40409.27000,0.368209
40409.28000,0.368136
40409.29000,0.368063
40409.30000,0.36799
40409.31000,0.367918
40409.32000,0.367845
40409.33000,0.367772
40409.34000,0.3677
40409.35000,0.367627
40409.36000,0.367554
40409.37000,0.367482
40409.38000,0.367409
40409.39000,0.367336
40409.40000,0.367264
40409.41000,0.367191
40409.42000,0.367118
40409.43000,0.367046
40409.44000,0.366973
40409.45000,0.3669
40409.46000,0.366828
40409.47000,0.366786
40409.48000,0.366784
40409.49000,0.366781
40409.50000,0.366779
40409.51000,0.366777
40409.52000,0.366774
40409.53000,0.366772
40409.54000,0.366769
40409.55000,0.366767
40409.56000,0.366764
40409.57000,0.366762
40409.58000,0.36676
40409.59000,0.366757
40409.60000,0.366755
40409.61000,0.366752
40409.62000,0.36675
40409.63000,0.366747
40409.64000,0.366745
40409.65000,0.366742
40409.66000,0.36674
40409.67000,0.366738
40409.68000,0.366735
40409.69000,0.366733
40409.70000,0.36673
40409.71000,0.366728
40409.72000,0.366725
40409.73000,0.366723
40409.74000,0.36672
40409.75000,0.366718
40409.76000,0.366716
40409.77000,0.36671
40409.78000,0.366703
40409.79000,0.366695
40409.80000,0.366687
40409.81000,0.36668
40409.82000,0.366672
40409.83000,0.366664
40409.84000,0.366657
40409.85000,0.366649
40409.86000,0.366641
40409.87000,0.366634
40409.88000,0.366626
40409.89000,0.366618
40409.90000,0.36661
40409.91000,0.366603
40409.92000,0.366595
40409.93000,0.366587
40409.94000,0.36658
40409.95000,0.366572
40409.96000,0.366564
40409.97000,0.366557
40409.98000,0.366549
40409.99000,0.366541
40410.00000,0.366534
40410.01000,0.366526
40410.02000,0.366518
40410.03000,0.36651
40410.04000,0.366503
40410.05000,0.366495
40410.06000,0.366487
40410.07000,0.36648
40410.08000,0.366472
40410.09000,0.366464
40410.10000,0.366457
40410.11000,0.366449
40410.12000,0.366441
40410.13000,0.366434
40410.14000,0.366426
40410.15000,0.366418
40410.16000,0.366411
40410.17000,0.366377
40410.18000,0.366327
40410.19000,0.366277
40410.20000,0.366227
40410.21000,0.366177
40410.22000,0.366126
40410.23000,0.366076
40410.24000,0.366026
40410.25000,0.365976
40410.26000,0.365926
40410.27000,0.365876
40410.28000,0.365826
40410.29000,0.365775
40410.30000,0.365725
40410.31000,0.365675
40410.32000,0.365625
40410.33000,0.365575
40410.34000,0.365525
40410.35000,0.365475
40410.36000,0.365424
40410.37000,0.365374
40410.38000,0.365324
40410.39000,0.365274
40410.40000,0.365224
40410.41000,0.365174
40410.42000,0.365124
40410.43000,0.365074
40410.44000,0.365023
40410.45000,0.364973
40410.46000,0.364923
40410.47000,0.364873
40410.48000,0.364823
40410.49000,0.364773
40410.50000,0.364723
40410.51000,0.364672
40410.52000,0.364622
40410.53000,0.364572
40410.54000,0.364522
40410.55000,0.364472
40410.56000,0.364422
40410.57000,0.364408
40410.58000,0.36441
40410.59000,0.364412
40410.60000,0.364414
40410.61000,0.364416
40410.62000,0.364418
40410.63000,0.36442
40410.64000,0.364422
40410.65000,0.364424
40410.66000,0.364427
40410.67000,0.364429
40410.68000,0.364431
40410.69000,0.364433
40410.70000,0.364435
40410.71000,0.364437
40410.72000,0.364439
40410.73000,0.364441
40410.74000,0.364443
40410.75000,0.364445
40410.76000,0.364447
40410.77000,0.364449
40410.78000,0.364451
40410.79000,0.364453
40410.80000,0.364455
40410.81000,0.364457
40410.82000,0.364459
40410.83000,0.364461
40410.84000,0.364464
40410.85000,0.364466
40410.86000,0.364468
40410.87000,0.36447
40410.88000,0.364472
40410.89000,0.364474
40410.90000,0.364476
40410.91000,0.364478
40410.92000,0.36448
40410.93000,0.364482
40410.94000,0.364484
40410.95000,0.364486
40410.96000,0.364488
40410.97000,0.364461
40410.98000,0.364426
40410.99000,0.364391
40411.00000,0.364356
40411.01000,0.364322
40411.02000,0.364287
40411.03000,0.364252
40411.04000,0.364217
40411.05000,0.364182
40411.06000,0.364147
40411.07000,0.364112
40411.08000,0.364077
40411.09000,0.364042
40411.10000,0.364007
40411.11000,0.363972
40411.12000,0.363937
40411.13000,0.363903
40411.14000,0.363868
40411.15000,0.363833
40411.16000,0.363798
40411.17000,0.363763
40411.18000,0.363728
40411.19000,0.363693
40411.20000,0.363658
40411.21000,0.363623
40411.22000,0.363588
40411.23000,0.363553
40411.24000,0.363519
40411.25000,0.363484
40411.26000,0.363449
40411.27000,0.363414
40411.28000,0.363379
40411.29000,0.363344
40411.30000,0.363309
40411.31000,0.363274
40411.32000,0.363239
40411.33000,0.363204
40411.34000,0.363169
40411.35000,0.363135
40411.36000,0.3631
40411.37000,0.363091
40411.38000,0.363086
40411.39000,0.363081
40411.40000,0.363076
40411.41000,0.363071
40411.42000,0.363066
40411.43000,0.363061
40411.44000,0.363056
40411.45000,0.363051
40411.46000,0.363046
40411.47000,0.363041
40411.48000,0.363036
40411.49000,0.363031
40411.50000,0.363026
40411.51000,0.363021
40411.52000,0.363016
40411.53000,0.363011
40411.54000,0.363006
40411.55000,0.363
40411.56000,0.362995
40411.57000,0.36299
40411.58000,0.362985
40411.59000,0.36298
40411.60000,0.362975
40411.61000,0.36297
40411.62000,0.362965
40411.63000,0.36296
40411.64000,0.362955
40411.65000,0.36295
40411.66000,0.362945
40411.67000,0.36294
40411.68000,0.362935
40411.69000,0.36293
40411.70000,0.362925
40411.71000,0.36292
40411.72000,0.362915
40411.73000,0.36291
40411.74000,0.362905
40411.75000,0.3629
40411.76000,0.362895
40411.77000,0.362893
40411.78000,0.362892
40411.79000,0.362891
40411.80000,0.362889
40411.81000,0.362888
40411.82000,0.362886
40411.83000,0.362885
40411.84000,0.362884
40411.85000,0.362882
40411.86000,0.362881
40411.87000,0.362879
40411.88000,0.362878
40411.89000,0.362876
40411.90000,0.362875
40411.91000,0.362874
40411.92000,0.362872
40411.93000,0.362871
40411.94000,0.362869
40411.95000,0.362868
40411.96000,0.362867
40411.97000,0.362865
40411.98000,0.362864
40411.99000,0.362862
40412.00000,0.362861
40412.01000,0.362859
40412.02000,0.362858
40412.03000,0.362857
40412.04000,0.362855
40412.05000,0.362854
40412.06000,0.362852
40412.07000,0.362851
40412.08000,0.36285
40412.09000,0.362848
40412.10000,0.362847
40412.11000,0.362845
40412.12000,0.362844
40412.13000,0.362842
40412.14000,0.362841
40412.15000,0.36284
40412.16000,0.362841
40412.17000,0.362888
40412.18000,0.362934
40412.19000,0.362981
40412.20000,0.363027
40412.21000,0.363074
40412.22000,0.36312
40412.23000,0.363167
40412.24000,0.363213
40412.25000,0.36326
40412.26000,0.363306
40412.27000,0.363353
40412.28000,0.363399
40412.29000,0.365515
40412.30000,0.369032
40412.31000,0.373165
40412.32000,0.375449
40412.33000,0.375838
40412.34000,0.37501
40412.35000,0.373373
40412.36000,0.368097
40412.37000,0.367998
40412.38000,0.367899
40412.39000,0.367801
40412.40000,0.367702
40412.41000,0.367603
40412.42000,0.367505
40412.43000,0.367406
40412.44000,0.367307
40412.45000,0.367209
40412.46000,0.36711
40412.47000,0.367132
40412.48000,0.367153
40412.49000,0.367175
40412.50000,0.367196
40412.51000,0.367218
40412.52000,0.36724
40412.53000,0.367261
40412.54000,0.36805
40412.55000,0.369551
40412.56000,0.371584
40412.57000,0.373299
40412.58000,0.374449
40412.59000,0.37504
40412.60000,0.375187
40412.61000,0.37493
40412.62000,0.374305
40412.63000,0.373435
40412.64000,0.372409
40412.65000,0.36763
40412.66000,0.367626
40412.67000,0.367623
40412.68000,0.367619
40412.69000,0.367616
40412.70000,0.367613
40412.71000,0.367609
40412.72000,0.367606
40412.73000,0.367602
40412.74000,0.367599
40412.75000,0.367596
40412.76000,0.367592
40412.77000,0.367589
40412.78000,0.367585
40412.79000,0.367582
40412.80000,0.367579
40412.81000,0.367575
40412.82000,0.367572
40412.83000,0.367568
40412.84000,0.367565
40412.85000,0.367562
40412.86000,0.367558
40412.87000,0.367555
40412.88000,0.367551
40412.89000,0.367548
40412.90000,0.367545
40412.91000,0.367541
40412.92000,0.367538
40412.93000,0.367534
40412.94000,0.367531
40412.95000,0.367528
40412.96000,0.367524
40412.97000,0.367521
40412.98000,0.367517
40412.99000,0.367514
40413.00000,0.367511
40413.01000,0.367507
40413.02000,0.367504
40413.03000,0.3675
40413.04000,0.367497
40413.05000,0.367494
40413.06000,0.36749
40413.07000,0.367487
40413.08000,0.367483
40413.09000,0.36748
40413.10000,0.367477
40413.11000,0.367473
40413.12000,0.36747
40413.13000,0.367466
40413.14000,0.367463
40413.15000,0.36746
40413.16000,0.367393
40413.17000,0.367327
40413.18000,0.367261
40413.19000,0.367194
40413.20000,0.367128
40413.21000,0.367062
40413.22000,0.366995
40413.23000,0.366929
40413.24000,0.366863
40413.25000,0.366796
40413.26000,0.36673
40413.27000,0.366664
40413.28000,0.366597
40413.29000,0.366531
40413.30000,0.366465
40413.31000,0.366398
40413.32000,0.366332
40413.33000,0.366266
40413.34000,0.366199
40413.35000,0.366133
40413.36000,0.366067
40413.37000,0.366
40413.38000,0.365934
40413.39000,0.365868
40413.40000,0.365801
40413.41000,0.365735
40413.42000,0.365669
40413.43000,0.365602
40413.44000,0.365536
40413.45000,0.36547
40413.46000,0.365403
40413.47000,0.365337
40413.48000,0.365271
40413.49000,0.365204
40413.50000,0.365138
40413.51000,0.365072
40413.52000,0.365005
40413.53000,0.364972
40413.54000,0.364972
40413.55000,0.364973
40413.56000,0.364973
40413.57000,0.364973
40413.58000,0.364973
40413.59000,0.364973
40413.60000,0.364973
40413.61000,0.364973
40413.62000,0.364973
40413.63000,0.364974
40413.64000,0.364974
40413.65000,0.364974
40413.66000,0.364974
40413.67000,0.364974
40413.68000,0.364974
40413.69000,0.364974
40413.70000,0.364974
40413.71000,0.364974
40413.72000,0.364975
40413.73000,0.364975
40413.74000,0.364975
40413.75000,0.364975
40413.76000,0.364975
40413.77000,0.364975
40413.78000,0.364975
40413.79000,0.364975
40413.80000,0.364976
40413.81000,0.364976
40413.82000,0.364976
40413.83000,0.364976
40413.84000,0.364976
40413.85000,0.364976
40413.86000,0.364976
40413.87000,0.364976
40413.88000,0.364977
40413.89000,0.364977
40413.90000,0.364977
40413.91000,0.364977
40413.92000,0.364977
40413.93000,0.364977
40413.94000,0.364977
40413.95000,0.364977
40413.96000,0.364978
40413.97000,0.364978
40413.98000,0.364978
40413.99000,0.364978
40414.00000,0.364978
40414.01000,0.364978
40414.02000,0.364978
40414.03000,0.364954
40414.04000,0.364905
40414.05000,0.364856
40414.06000,0.364808
40414.07000,0.364759
40414.08000,0.36471
40414.09000,0.364661
40414.10000,0.364613
40414.11000,0.364564
40414.12000,0.364515
40414.13000,0.364466
40414.14000,0.364418
40414.15000,0.364369
40414.16000,0.36432
40414.17000,0.364271
40414.18000,0.364222
40414.19000,0.364174
40414.20000,0.364125
40414.21000,0.364076
40414.22000,0.364027
40414.23000,0.363979
40414.24000,0.36393
40414.25000,0.363881
40414.26000,0.363832
40414.27000,0.363784
40414.28000,0.363735
40414.29000,0.363686
40414.30000,0.363637
40414.31000,0.363588
40414.32000,0.36354
40414.33000,0.363491
40414.34000,0.363442
40414.35000,0.363393
40414.36000,0.363345
40414.37000,0.363296
40414.38000,0.363247
40414.39000,0.363198
40414.40000,0.363149
40414.41000,0.363101
40414.42000,0.363052
40414.43000,0.363003
40414.44000,0.362954
40414.45000,0.362906
40414.46000,0.362857
40414.47000,0.362808
40414.48000,0.362759
40414.49000,0.362711
40414.50000,0.362662
40414.51000,0.362613
40414.52000,0.362564
40414.53000,0.36254
40414.54000,0.362541
40414.55000,0.362542
40414.56000,0.362543
40414.57000,0.362544
40414.58000,0.362545
40414.59000,0.362545
40414.60000,0.362546
40414.61000,0.362547
40414.62000,0.362548
40414.63000,0.362549
40414.64000,0.36255
40414.65000,0.362551
40414.66000,0.362552
40414.67000,0.362552
40414.68000,0.362553
40414.69000,0.362554
40414.70000,0.362555
40414.71000,0.362556
40414.72000,0.362557
40414.73000,0.362558
40414.74000,0.362558
40414.75000,0.362559
40414.76000,0.36256
40414.77000,0.362561
40414.78000,0.362562
40414.79000,0.362563
40414.80000,0.362564
40414.81000,0.362564
40414.82000,0.362565
40414.83000,0.362566
40414.84000,0.362567
40414.85000,0.362568
40414.86000,0.362569
40414.87000,0.36257
40414.88000,0.362571
40414.89000,0.362571
40414.90000,0.362572
40414.91000,0.362573
40414.92000,0.362574
40414.93000,0.362575
40414.94000,0.362576
40414.95000,0.362577
40414.96000,0.362577
40414.97000,0.362578
40414.98000,0.362579
40414.99000,0.36258
40415.00000,0.362581
40415.01000,0.362582
40415.02000,0.362583
40415.03000,0.362559
40415.04000,0.36251
40415.05000,0.362461
40415.06000,0.362412
40415.07000,0.362363
40415.08000,0.362314
40415.09000,0.362265
40415.10000,0.362216
40415.11000,0.362168
40415.12000,0.362119
40415.13000,0.36207
40415.14000,0.362021
40415.15000,0.361972
40415.16000,0.361923
40415.17000,0.361874
40415.18000,0.361825
40415.19000,0.361776
40415.20000,0.361728
40415.21000,0.361679
40415.22000,0.36163
40415.23000,0.361581
40415.24000,0.361532
40415.25000,0.361483
40415.26000,0.361434
40415.27000,0.361385
40415.28000,0.361336
40415.29000,0.361287
40415.30000,0.361239
40415.31000,0.36119
40415.32000,0.361141
40415.33000,0.361092
40415.34000,0.361043
40415.35000,0.360994
40415.36000,0.360945
40415.37000,0.360896
40415.38000,0.360847
40415.39000,0.360799
40415.40000,0.36075
40415.41000,0.360701
40415.42000,0.360652
40415.43000,0.360603
40415.44000,0.360554
40415.45000,0.360505
40415.46000,0.360456
40415.47000,0.360407
40415.48000,0.360359
40415.49000,0.36031
40415.50000,0.360261
40415.51000,0.360212
40415.52000,0.360163
40415.53000,0.360139
40415.54000,0.360141
40415.55000,0.360143
40415.56000,0.360145
40415.57000,0.360147
40415.58000,0.360148
40415.59000,0.36015
40415.60000,0.360152
40415.61000,0.360154
40415.62000,0.360155
40415.63000,0.360157
40415.64000,0.360159
40415.65000,0.360161
40415.66000,0.360162
40415.67000,0.360164
40415.68000,0.360166
40415.69000,0.360168
40415.70000,0.36017
40415.71000,0.360171
40415.72000,0.360173
40415.73000,0.360175
40415.74000,0.360177
40415.75000,0.360178
40415.76000,0.36018
40415.77000,0.360182
40415.78000,0.360184
40415.79000,0.360186
40415.80000,0.360187
40415.81000,0.360189
40415.82000,0.360191
40415.83000,0.360193
40415.84000,0.360194
40415.85000,0.360196
40415.86000,0.360198
40415.87000,0.3602
40415.88000,0.360201
40415.89000,0.360203
40415.90000,0.360205
40415.91000,0.360207
40415.92000,0.360209
40415.93000,0.36021
40415.94000,0.360212
40415.95000,0.360214
40415.96000,0.360216
40415.97000,0.360217
40415.98000,0.360219
40415.99000,0.360221
40416.00000,0.360223
40416.01000,0.360224
40416.02000,0.360226
40416.03000,0.360203
40416.04000,0.360153
40416.05000,0.360104
40416.06000,0.360055
40416.07000,0.360006
40416.08000,0.359957
40416.09000,0.359908
40416.10000,0.359859
40416.11000,0.359809
40416.12000,0.35976
40416.13000,0.359711
40416.14000,0.359662
40416.15000,0.359613
40416.16000,0.359564
40416.17000,0.359515
40416.18000,0.359465
40416.19000,0.359416
40416.20000,0.359367
40416.21000,0.359318
40416.22000,0.359269
40416.23000,0.35922
40416.24000,0.359171
40416.25000,0.359121
40416.26000,0.359072
40416.27000,0.359023
40416.28000,0.358974
40416.29000,0.358925
40416.30000,0.358876
40416.31000,0.358827
40416.32000,0.358778
40416.33000,0.358728
40416.34000,0.358679
40416.35000,0.35863
40416.36000,0.358581
40416.37000,0.358532
40416.38000,0.358483
40416.39000,0.358434
40416.40000,0.358384
40416.41000,0.358335
40416.42000,0.358286
40416.43000,0.358237
40416.44000,0.358188
40416.45000,0.358139
40416.46000,0.35809
40416.47000,0.35804
40416.48000,0.357991
40416.49000,0.357942
40416.50000,0.357893
40416.51000,0.357844
40416.52000,0.357795
40416.53000,0.357772
40416.54000,0.357774
40416.55000,0.357777
40416.56000,0.35778
40416.57000,0.357782
40416.58000,0.357785
40416.59000,0.357788
40416.60000,0.35779
40416.61000,0.357793
40416.62000,0.357796
40416.63000,0.357799
40416.64000,0.357801
40416.65000,0.357804
40416.66000,0.357807
40416.67000,0.357809
40416.68000,0.357812
40416.69000,0.357815
40416.70000,0.357817
40416.71000,0.35782
40416.72000,0.357823
40416.73000,0.357826
40416.74000,0.357828
40416.75000,0.357831
40416.76000,0.357834
40416.77000,0.357836
40416.78000,0.357839
40416.79000,0.357842
40416.80000,0.357844
40416.81000,0.357847
40416.82000,0.35785
40416.83000,0.357853
40416.84000,0.357855
40416.85000,0.357858
40416.86000,0.357861
40416.87000,0.357863
40416.88000,0.357866
40416.89000,0.357869
40416.90000,0.357872
40416.91000,0.357874
40416.92000,0.357877
40416.93000,0.35788
40416.94000,0.357882
40416.95000,0.357885
40416.96000,0.357888
40416.97000,0.35789
40416.98000,0.357893
40416.99000,0.357896
40417.00000,0.357899
40417.01000,0.357901
40417.02000,0.357904
40417.03000,0.35788
40417.04000,0.357831
40417.05000,0.357781
40417.06000,0.357731
40417.07000,0.357682
40417.08000,0.357632
40417.09000,0.357582
40417.10000,0.357533
40417.11000,0.357483
40417.12000,0.357433
40417.13000,0.357384
40417.14000,0.357334
40417.15000,0.357284
40417.16000,0.357235
40417.17000,0.357185
40417.18000,0.357135
40417.19000,0.357085
40417.20000,0.357036
40417.21000,0.356986
40417.22000,0.356936
40417.23000,0.356887
40417.24000,0.356837
40417.25000,0.356787
40417.26000,0.356738
40417.27000,0.356688
40417.28000,0.356638
40417.29000,0.356589
40417.30000,0.356539
40417.31000,0.356489
40417.32000,0.35644
40417.33000,0.35639
40417.34000,0.35634
40417.35000,0.35629
40417.36000,0.356241
40417.37000,0.356191
40417.38000,0.356141
40417.39000,0.356092
40417.40000,0.356042
40417.41000,0.355992
40417.42000,0.355943
40417.43000,0.355893
40417.44000,0.355843
40417.45000,0.355794
40417.46000,0.355744
40417.47000,0.355694
40417.48000,0.355645
40417.49000,0.355595
40417.50000,0.355545
40417.51000,0.355496
40417.52000,0.355446
40417.53000,0.355423
40417.54000,0.355427
40417.55000,0.35543
40417.56000,0.355434
40417.57000,0.355438
40417.58000,0.355442
40417.59000,0.355446
40417.60000,0.355449
40417.61000,0.355453
40417.62000,0.355457
40417.63000,0.355461
40417.64000,0.355464
40417.65000,0.355468
40417.66000,0.355472
40417.67000,0.355476
40417.68000,0.355479
40417.69000,0.355483
40417.70000,0.355487
40417.71000,0.355491
40417.72000,0.355495
40417.73000,0.355498
40417.74000,0.355502
40417.75000,0.355506
40417.76000,0.35551
40417.77000,0.355513
40417.78000,0.355517
40417.79000,0.355521
40417.80000,0.355525
40417.81000,0.355529
40417.82000,0.355532
40417.83000,0.355536
40417.84000,0.35554
40417.85000,0.355544
40417.86000,0.355547
40417.87000,0.355551
40417.88000,0.355555
40417.89000,0.355559
40417.90000,0.355562
40417.91000,0.355566
40417.92000,0.35557
40417.93000,0.355574
40417.94000,0.355578
40417.95000,0.355581
40417.96000,0.355585
40417.97000,0.355589
40417.98000,0.355593
40417.99000,0.355596
40418.00000,0.3556
40418.01000,0.355604
40418.02000,0.355608
40418.03000,0.355585
40418.04000,0.355536
40418.05000,0.355487
40418.06000,0.355438
40418.07000,0.355389
40418.08000,0.35534
40418.09000,0.355291
40418.10000,0.355242
40418.11000,0.355193
40418.12000,0.355144
40418.13000,0.355095
40418.14000,0.355046
40418.15000,0.354997
40418.16000,0.354947
40418.17000,0.354898
40418.18000,0.354849
40418.19000,0.3548
40418.20000,0.354751
40418.21000,0.354702
40418.22000,0.354653
40418.23000,0.354604
40418.24000,0.354555
40418.25000,0.354506
40418.26000,0.354457
40418.27000,0.354408
40418.28000,0.354359
40418.29000,0.35431
40418.30000,0.354261
40418.31000,0.354212
40418.32000,0.354163
40418.33000,0.354114
40418.34000,0.354065
40418.35000,0.354016
40418.36000,0.353967
40418.37000,0.353917
40418.38000,0.353868
40418.39000,0.353819
40418.40000,0.35377
40418.41000,0.353721
40418.42000,0.353672
40418.43000,0.353623
40418.44000,0.353574
40418.45000,0.353525
40418.46000,0.353476
40418.47000,0.353427
40418.48000,0.353378
40418.49000,0.353329
40418.50000,0.35328
40418.51000,0.353231
40418.52000,0.353182
40418.53000,0.353159
40418.54000,0.353164
40418.55000,0.353168
40418.56000,0.353173
40418.57000,0.353177
40418.58000,0.353182
40418.59000,0.353186
40418.60000,0.353191
40418.61000,0.353195
40418.62000,0.3532
40418.63000,0.353204
40418.64000,0.353209
40418.65000,0.353213
40418.66000,0.353218
40418.67000,0.353222
40418.68000,0.353227
40418.69000,0.353231
40418.70000,0.353236
40418.71000,0.35324
40418.72000,0.353245
40418.73000,0.353249
40418.74000,0.353254
40418.75000,0.353258
40418.76000,0.353263
40418.77000,0.353267
40418.78000,0.353272
40418.79000,0.353276
40418.80000,0.353281
40418.81000,0.353285
40418.82000,0.35329
40418.83000,0.353294
40418.84000,0.353299
40418.85000,0.353303
40418.86000,0.353308
40418.87000,0.353312
40418.88000,0.353317
40418.89000,0.353321
40418.90000,0.353326
40418.91000,0.35333
40418.92000,0.353335
40418.93000,0.353339
40418.94000,0.353344
40418.95000,0.353348
40418.96000,0.353353
40418.97000,0.353357
40418.98000,0.353362
40418.99000,0.353366
40419.00000,0.353371
40419.01000,0.353375
40419.02000,0.35338
40419.03000,0.353358
40419.04000,0.353309
40419.05000,0.353261
40419.06000,0.353212
40419.07000,0.353164
40419.08000,0.353115
40419.09000,0.353066
40419.10000,0.353018
40419.11000,0.352969
40419.12000,0.352921
40419.13000,0.352872
40419.14000,0.352824
40419.15000,0.352775
40419.16000,0.352726
40419.17000,0.352678
40419.18000,0.352629
40419.19000,0.352581
40419.20000,0.352532
40419.21000,0.352484
40419.22000,0.352435
40419.23000,0.352386
40419.24000,0.352338
40419.25000,0.352289
40419.26000,0.352241
40419.27000,0.352192
40419.28000,0.352144
40419.29000,0.352095
40419.30000,0.352047
40419.31000,0.351998
40419.32000,0.351949
40419.33000,0.351901
40419.34000,0.351852
40419.35000,0.351804
40419.36000,0.351755
40419.37000,0.351707
40419.38000,0.351658
40419.39000,0.351609
40419.40000,0.351561
40419.41000,0.351512
40419.42000,0.351464
40419.43000,0.351415
40419.44000,0.351367
40419.45000,0.351318
40419.46000,0.35127
40419.47000,0.351221
40419.48000,0.351172
40419.49000,0.351124
40419.50000,0.351075
40419.51000,0.351027
40419.52000,0.350978
40419.53000,0.350957
40419.54000,0.350962
40419.55000,0.350967
40419.56000,0.350972
40419.57000,0.350977
40419.58000,0.350983
40419.59000,0.350988
40419.60000,0.350993
40419.61000,0.350998
40419.62000,0.351004
40419.63000,0.351009
40419.64000,0.351014
40419.65000,0.351019
40419.66000,0.351025
40419.67000,0.35103
40419.68000,0.351035
40419.69000,0.35104
40419.70000,0.351046
40419.71000,0.351051
40419.72000,0.351056
40419.73000,0.351061
40419.74000,0.351067
40419.75000,0.351072
40419.76000,0.351077
40419.77000,0.351082
40419.78000,0.351088
40419.79000,0.351093
40419.80000,0.351098
40419.81000,0.351103
40419.82000,0.351108
40419.83000,0.351114
40419.84000,0.351119
40419.85000,0.351124
40419.86000,0.351129
40419.87000,0.351135
40419.88000,0.35114
40419.89000,0.351145
40419.90000,0.35115
40419.91000,0.351156
40419.92000,0.351161
40419.93000,0.351166
40419.94000,0.351171
40419.95000,0.351177
40419.96000,0.351182
40419.97000,0.351187
40419.98000,0.351192
40419.99000,0.351198
40420.00000,0.351203
40420.01000,0.351208
40420.02000,0.351213
40420.03000,0.351191
40420.04000,0.351142
40420.05000,0.351093
40420.06000,0.351044
40420.07000,0.350994
40420.08000,0.350945
40420.09000,0.350896
40420.10000,0.350847
40420.11000,0.350797
40420.12000,0.350748
40420.13000,0.350699
40420.14000,0.35065
40420.15000,0.350601
40420.16000,0.350551
40420.17000,0.350502
40420.18000,0.350453
40420.19000,0.350404
40420.20000,0.350354
40420.21000,0.350305
40420.22000,0.350256
40420.23000,0.350207
40420.24000,0.350158
40420.25000,0.350108
40420.26000,0.350059
40420.27000,0.35001
40420.28000,0.349961
40420.29000,0.349911
40420.30000,0.349862
40420.31000,0.349813
40420.32000,0.349764
40420.33000,0.349714
40420.34000,0.349665
40420.35000,0.349616
40420.36000,0.349567
40420.37000,0.349518
40420.38000,0.349468
40420.39000,0.349419
40420.40000,0.34937
40420.41000,0.349321
40420.42000,0.349271
40420.43000,0.349222
40420.44000,0.349173
40420.45000,0.349124
40420.46000,0.349075
40420.47000,0.349025
40420.48000,0.348976
40420.49000,0.348927
40420.50000,0.348878
40420.51000,0.348828
40420.52000,0.348779
40420.53000,0.348758
40420.54000,0.348764
40420.55000,0.34877
40420.56000,0.348777
40420.57000,0.348783
40420.58000,0.34879
40420.59000,0.348796
40420.60000,0.348802
40420.61000,0.348809
40420.62000,0.348815
40420.63000,0.348821
40420.64000,0.348828
40420.65000,0.348834
40420.66000,0.34884
40420.67000,0.348847
40420.68000,0.348853
40420.69000,0.348859
40420.70000,0.348866
40420.71000,0.348872
40420.72000,0.348879
40420.73000,0.348885
40420.74000,0.348891
40420.75000,0.348898
40420.76000,0.348904
40420.77000,0.34891
40420.78000,0.348917
40420.79000,0.348923
40420.80000,0.348929
40420.81000,0.348936
40420.82000,0.348942
40420.83000,0.348949
40420.84000,0.348955
40420.85000,0.348961
40420.86000,0.348968
40420.87000,0.348974
40420.88000,0.34898
40420.89000,0.348987
40420.90000,0.348993
40420.91000,0.348999
40420.92000,0.349006
40420.93000,0.349012
40420.94000,0.349018
40420.95000,0.349025
40420.96000,0.349031
40420.97000,0.349038
40420.98000,0.349044
40420.99000,0.34905
40421.00000,0.349057
40421.01000,0.349063
40421.02000,0.349069
40421.03000,0.349049
40421.04000,0.349001
40421.05000,0.348953
40421.06000,0.348905
40421.07000,0.348857
40421.08000,0.34881
40421.09000,0.348762
40421.10000,0.348714
40421.11000,0.348666
40421.12000,0.348618
40421.13000,0.34857
40421.14000,0.348523
40421.15000,0.348475
40421.16000,0.348427
40421.17000,0.348379
40421.18000,0.348331
40421.19000,0.348284
40421.20000,0.348236
40421.21000,0.348188
40421.22000,0.34814
40421.23000,0.348092
40421.24000,0.348044
40421.25000,0.347997
40421.26000,0.347949
40421.27000,0.347901
40421.28000,0.347853
40421.29000,0.347805
40421.30000,0.347758
40421.31000,0.34771
40421.32000,0.347662
40421.33000,0.347614
40421.34000,0.347566
40421.35000,0.347519
40421.36000,0.347471
40421.37000,0.347423
40421.38000,0.347375
40421.39000,0.347327
40421.40000,0.347279
40421.41000,0.347232
40421.42000,0.347184
40421.43000,0.347136
40421.44000,0.347088
40421.45000,0.34704
40421.46000,0.346993
40421.47000,0.346945
40421.48000,0.346897
40421.49000,0.346849
40421.50000,0.346801
40421.51000,0.346753
40421.52000,0.346706
40421.53000,0.346685
40421.54000,0.346692
40421.55000,0.346699
40421.56000,0.346706
40421.57000,0.346713
40421.58000,0.34672
40421.59000,0.346726
40421.60000,0.346733
40421.61000,0.34674
40421.62000,0.346747
40421.63000,0.346754
40421.64000,0.346761
40421.65000,0.346768
40421.66000,0.346775
40421.67000,0.346782
40421.68000,0.346788
40421.69000,0.346795
40421.70000,0.346802
40421.71000,0.346809
40421.72000,0.346816
40421.73000,0.346823
40421.74000,0.34683
40421.75000,0.346837
40421.76000,0.346843
40421.77000,0.34685
40421.78000,0.346857
40421.79000,0.346864
40421.80000,0.346871
40421.81000,0.346878
40421.82000,0.346885
40421.83000,0.346892
40421.84000,0.346898
40421.85000,0.346905
40421.86000,0.346912
40421.87000,0.346919
40421.88000,0.346926
40421.89000,0.346933
40421.90000,0.34694
40421.91000,0.346947
40421.92000,0.346953
40421.93000,0.34696
40421.94000,0.346967
40421.95000,0.346974
40421.96000,0.346981
40421.97000,0.346988
40421.98000,0.346995
40421.99000,0.347002
40422.00000,0.347009
40422.01000,0.347015
40422.02000,0.347022
40422.03000,0.347002
40422.04000,0.346955
40422.05000,0.346907
40422.06000,0.34686
40422.07000,0.346813
40422.08000,0.346765
40422.09000,0.346718
40422.10000,0.346671
40422.11000,0.346624
40422.12000,0.346576
40422.13000,0.346529
40422.14000,0.346482
40422.15000,0.346434
40422.16000,0.346387
40422.17000,0.34634
40422.18000,0.346292
40422.19000,0.346245
40422.20000,0.346198
40422.21000,0.34615
40422.22000,0.346103
40422.23000,0.346056
40422.24000,0.346008
40422.25000,0.345961
40422.26000,0.345914
40422.27000,0.345867
40422.28000,0.345819
40422.29000,0.345772
40422.30000,0.345725
40422.31000,0.345677
40422.32000,0.34563
40422.33000,0.345583
40422.34000,0.345535
40422.35000,0.345488
40422.36000,0.345441
40422.37000,0.345393
40422.38000,0.345346
40422.39000,0.345299
40422.40000,0.345251
40422.41000,0.345204
40422.42000,0.345157
40422.43000,0.34511
40422.44000,0.345062
40422.45000,0.345015
40422.46000,0.344968
40422.47000,0.34492
40422.48000,0.344873
40422.49000,0.344826
40422.50000,0.344778
40422.51000,0.344731
40422.52000,0.344684
40422.53000,0.344664
40422.54000,0.344672
40422.55000,0.344679
40422.56000,0.344687
40422.57000,0.344694
40422.58000,0.344702
40422.59000,0.34471
40422.60000,0.344717
40422.61000,0.344725
40422.62000,0.344733
40422.63000,0.34474
40422.64000,0.344748
40422.65000,0.344756
40422.66000,0.344763
40422.67000,0.344771
40422.68000,0.344779
40422.69000,0.344786
40422.70000,0.344794
40422.71000,0.344802
40422.72000,0.344809
40422.73000,0.344817
40422.74000,0.344825
40422.75000,0.344832
40422.76000,0.34484
40422.77000,0.344848
40422.78000,0.344855
40422.79000,0.344863
40422.80000,0.344871
40422.81000,0.344878
40422.82000,0.344886
40422.83000,0.344893
40422.84000,0.344901
40422.85000,0.344909
40422.86000,0.344916
40422.87000,0.344924
40422.88000,0.344932
40422.89000,0.344939
40422.90000,0.344947
40422.91000,0.344955
40422.92000,0.344962
40422.93000,0.34497
40422.94000,0.344978
40422.95000,0.344985
40422.96000,0.344993
40422.97000,0.345001
40422.98000,0.345008
40422.99000,0.345016
40423.00000,0.345024
40423.01000,0.345031
40423.02000,0.345039
40423.03000,0.345019
40423.04000,0.344972
40423.05000,0.344925
40423.06000,0.344878
40423.07000,0.344831
40423.08000,0.344784
40423.09000,0.344737
40423.10000,0.34469
40423.11000,0.344643
40423.12000,0.344595
40423.13000,0.344548
40423.14000,0.344501
40423.15000,0.344454
40423.16000,0.344407
40423.17000,0.34436
40423.18000,0.344313
40423.19000,0.344266
40423.20000,0.344219
40423.21000,0.344172
40423.22000,0.344125
40423.23000,0.344078
40423.24000,0.34403
40423.25000,0.343983
40423.26000,0.343936
40423.27000,0.343889
40423.28000,0.343842
40423.29000,0.343795
40423.30000,0.343748
40423.31000,0.343701
40423.32000,0.343654
40423.33000,0.343607
40423.34000,0.34356
40423.35000,0.343513
40423.36000,0.343465
40423.37000,0.343418
40423.38000,0.343371
40423.39000,0.343324
40423.40000,0.343277
40423.41000,0.34323
40423.42000,0.343183
40423.43000,0.343136
40423.44000,0.343089
40423.45000,0.343042
40423.46000,0.342995
40423.47000,0.342948
40423.48000,0.3429
40423.49000,0.342853
40423.50000,0.342806
40423.51000,0.342759
40423.52000,0.342712
40423.53000,0.342693
40423.54000,0.342701
40423.55000,0.34271
40423.56000,0.342718
40423.57000,0.342727
40423.58000,0.342736
40423.59000,0.342744
40423.60000,0.342753
40423.61000,0.342761
40423.62000,0.34277
40423.63000,0.342778
40423.64000,0.342787
40423.65000,0.342795
40423.66000,0.342804
40423.67000,0.342813
40423.68000,0.342821
40423.69000,0.34283
40423.70000,0.342838
40423.71000,0.342847
40423.72000,0.342855
40423.73000,0.342864
40423.74000,0.342872
40423.75000,0.342881
40423.76000,0.342889
40423.77000,0.342898
40423.78000,0.342907
40423.79000,0.342915
40423.80000,0.342924
40423.81000,0.342932
40423.82000,0.342941
40423.83000,0.342949
40423.84000,0.342958
40423.85000,0.342966
40423.86000,0.342975
40423.87000,0.342984
40423.88000,0.342992
40423.89000,0.343001
40423.90000,0.343009
40423.91000,0.343018
40423.92000,0.343026
40423.93000,0.343035
40423.94000,0.343043
40423.95000,0.343052
40423.96000,0.34306
40423.97000,0.343069
40423.98000,0.343078
40423.99000,0.343086
40424.00000,0.343095
40424.01000,0.343103
40424.02000,0.343112
40424.03000,0.343093
40424.04000,0.343047
40424.05000,0.343
40424.06000,0.342954
40424.07000,0.342908
40424.08000,0.342861
40424.09000,0.342815
40424.10000,0.342769
40424.11000,0.342722
40424.12000,0.342676
40424.13000,0.34263
40424.14000,0.342583
40424.15000,0.342537
40424.16000,0.342491
40424.17000,0.342444
40424.18000,0.342398
40424.19000,0.342352
40424.20000,0.342305
40424.21000,0.342259
40424.22000,0.342213
40424.23000,0.342166
40424.24000,0.34212
40424.25000,0.342074
40424.26000,0.342027
40424.27000,0.341981
40424.28000,0.341935
40424.29000,0.341888
40424.30000,0.341842
40424.31000,0.341796
40424.32000,0.341749
40424.33000,0.341703
40424.34000,0.341657
40424.35000,0.34161
40424.36000,0.341564
40424.37000,0.341518
40424.38000,0.341471
40424.39000,0.341425
40424.40000,0.341379
40424.41000,0.341332
40424.42000,0.341286
40424.43000,0.34124
40424.44000,0.341193
40424.45000,0.341147
40424.46000,0.341101
40424.47000,0.341054
40424.48000,0.341008
40424.49000,0.340962
40424.50000,0.340915
40424.51000,0.340869
40424.52000,0.340823
40424.53000,0.340804
40424.54000,0.340814
40424.55000,0.340823
40424.56000,0.340833
40424.57000,0.340842
40424.58000,0.340851
40424.59000,0.340861
40424.60000,0.34087
40424.61000,0.34088
40424.62000,0.340889
40424.63000,0.340899
40424.64000,0.340908
40424.65000,0.340918
40424.66000,0.340927
40424.67000,0.340936
40424.68000,0.340946
40424.69000,0.340955
40424.70000,0.340965
40424.71000,0.340974
40424.72000,0.340984
40424.73000,0.340993
40424.74000,0.341003
40424.75000,0.341012
40424.76000,0.341022
40424.77000,0.341031
40424.78000,0.34104
40424.79000,0.34105
40424.80000,0.341059
40424.81000,0.341069
40424.82000,0.341078
40424.83000,0.341088
40424.84000,0.341097
40424.85000,0.341107
40424.86000,0.341116
40424.87000,0.341125
40424.88000,0.341135
40424.89000,0.341144
40424.90000,0.341154
40424.91000,0.341163
40424.92000,0.341173
40424.93000,0.341182
40424.94000,0.341192
40424.95000,0.341201
40424.96000,0.34121
40424.97000,0.34122
40424.98000,0.341229
40424.99000,0.341239
40425.00000,0.341248
40425.01000,0.341258
40425.02000,0.341267
40425.03000,0.341248
40425.04000,0.341202
40425.05000,0.341155
40425.06000,0.341108
40425.07000,0.341061
40425.08000,0.341014
40425.09000,0.340967
40425.10000,0.34092
40425.11000,0.340873
40425.12000,0.340826
40425.13000,0.34078
40425.14000,0.340733
40425.15000,0.340686
40425.16000,0.340639
40425.17000,0.340592
40425.18000,0.340545
40425.19000,0.340498
40425.20000,0.340451
40425.21000,0.340404
40425.22000,0.340357
40425.23000,0.340311
40425.24000,0.340264
40425.25000,0.340217
40425.26000,0.34017
40425.27000,0.340123
40425.28000,0.340076
40425.29000,0.340029
40425.30000,0.339982
40425.31000,0.339935
40425.32000,0.339889
40425.33000,0.339842
40425.34000,0.339795
40425.35000,0.339748
40425.36000,0.339701
40425.37000,0.339654
40425.38000,0.339607
40425.39000,0.33956
40425.40000,0.339513
40425.41000,0.339467
40425.42000,0.33942
40425.43000,0.339373
40425.44000,0.339326
40425.45000,0.339279
40425.46000,0.339232
40425.47000,0.339185
40425.48000,0.339138
40425.49000,0.339091
40425.50000,0.339044
40425.51000,0.338998
40425.52000,0.338951
40425.53000,0.338933
40425.54000,0.338944
40425.55000,0.338955
40425.56000,0.338966
40425.57000,0.338977
40425.58000,0.338988
40425.59000,0.338999
40425.60000,0.339011
40425.61000,0.339022
40425.62000,0.339033
40425.63000,0.339044
40425.64000,0.339055
40425.65000,0.339066
40425.66000,0.339077
40425.67000,0.339088
40425.68000,0.339099
40425.69000,0.339111
40425.70000,0.339122
40425.71000,0.339133
40425.72000,0.339144
40425.73000,0.339155
40425.74000,0.339166
40425.75000,0.339177
40425.76000,0.339188
40425.77000,0.339199
40425.78000,0.339211
40425.79000,0.339222
40425.80000,0.339233
40425.81000,0.339244
40425.82000,0.339255
40425.83000,0.339266
40425.84000,0.339277
40425.85000,0.339288
40425.86000,0.339299
40425.87000,0.33931
40425.88000,0.339322
40425.89000,0.339333
40425.90000,0.339344
40425.91000,0.339355
40425.92000,0.339366
40425.93000,0.339377
40425.94000,0.339388
40425.95000,0.339399
40425.96000,0.33941
40425.97000,0.339422
40425.98000,0.339433
40425.99000,0.339444
40426.00000,0.339455
40426.01000,0.339466
40426.02000,0.339477
40426.03000,0.339459
40426.04000,0.339413
40426.05000,0.339366
40426.06000,0.339319
40426.07000,0.339272
40426.08000,0.339226
40426.09000,0.339179
40426.10000,0.339132
40426.11000,0.339086
40426.12000,0.339039
40426.13000,0.338992
40426.14000,0.338945
40426.15000,0.338899
40426.16000,0.338852
40426.17000,0.338805
40426.18000,0.338759
40426.19000,0.338712
40426.20000,0.338665
40426.21000,0.338618
40426.22000,0.338572
40426.23000,0.338525
40426.24000,0.338478
40426.25000,0.338432
40426.26000,0.338385
40426.27000,0.338338
40426.28000,0.338291
40426.29000,0.338245
40426.30000,0.338198
40426.31000,0.338151
40426.32000,0.338105
40426.33000,0.338058
40426.34000,0.338011
40426.35000,0.337964
40426.36000,0.337918
40426.37000,0.337871
40426.38000,0.337824
40426.39000,0.337778
40426.40000,0.337731
40426.41000,0.337684
40426.42000,0.337637
40426.43000,0.337591
40426.44000,0.337544
40426.45000,0.337497
40426.46000,0.337451
40426.47000,0.337404
40426.48000,0.337357
40426.49000,0.33731
40426.50000,0.337264
40426.51000,0.337217
40426.52000,0.33717
40426.53000,0.337153
40426.54000,0.337166
40426.55000,0.337178
40426.56000,0.33719
40426.57000,0.337203
40426.58000,0.337215
40426.59000,0.337228
40426.60000,0.33724
40426.61000,0.337252
40426.62000,0.337265
40426.63000,0.337277
40426.64000,0.33729
40426.65000,0.337302
40426.66000,0.337314
40426.67000,0.337327
40426.68000,0.337339
40426.69000,0.337352
40426.70000,0.337364
40426.71000,0.337377
40426.72000,0.337389
40426.73000,0.337401
40426.74000,0.337414
40426.75000,0.337426
40426.76000,0.337439
40426.77000,0.337451
40426.78000,0.337463
40426.79000,0.337476
40426.80000,0.337488
40426.81000,0.337501
40426.82000,0.337513
40426.83000,0.337526
40426.84000,0.337538
40426.85000,0.33755
40426.86000,0.337563
40426.87000,0.337575
40426.88000,0.337588
40426.89000,0.3376
40426.90000,0.337612
40426.91000,0.337625
40426.92000,0.337637
40426.93000,0.33765
40426.94000,0.337662
40426.95000,0.337674
40426.96000,0.337687
40426.97000,0.337699
40426.98000,0.337712
40426.99000,0.337724
40427.00000,0.337737
40427.01000,0.337749
40427.02000,0.337761
40427.03000,0.337745
40427.04000,0.337701
40427.05000,0.337656
40427.06000,0.337612
40427.07000,0.337567
40427.08000,0.337522
40427.09000,0.337478
40427.10000,0.337433
40427.11000,0.337389
40427.12000,0.337344
40427.13000,0.3373
40427.14000,0.337255
40427.15000,0.33721
40427.16000,0.337166
40427.17000,0.337121
40427.18000,0.337077
40427.19000,0.337032
40427.20000,0.336988
40427.21000,0.336943
40427.22000,0.336898
40427.23000,0.336854
40427.24000,0.336809
40427.25000,0.336765
40427.26000,0.33672
40427.27000,0.336676
40427.28000,0.336631
40427.29000,0.336586
40427.30000,0.336542
40427.31000,0.336497
40427.32000,0.336453
40427.33000,0.336408
40427.34000,0.336364
40427.35000,0.336319
40427.36000,0.336274
40427.37000,0.33623
40427.38000,0.336185
40427.39000,0.336141
40427.40000,0.336096
40427.41000,0.336052
40427.42000,0.336007
40427.43000,0.335962
40427.44000,0.335918
40427.45000,0.335873
40427.46000,0.335829
40427.47000,0.335784
40427.48000,0.33574
40427.49000,0.335695
40427.50000,0.335651
40427.51000,0.335606
40427.52000,0.335561
40427.53000,0.335545
40427.54000,0.335558
40427.55000,0.335571
40427.56000,0.335584
40427.57000,0.335596
40427.58000,0.335609
40427.59000,0.335622
40427.60000,0.335635
40427.61000,0.335647
40427.62000,0.33566
40427.63000,0.335673
40427.64000,0.335686
40427.65000,0.335698
40427.66000,0.335711
40427.67000,0.335724
40427.68000,0.335736
40427.69000,0.335749
40427.70000,0.335762
40427.71000,0.335775
40427.72000,0.335787
40427.73000,0.3358
40427.74000,0.335813
40427.75000,0.335826
40427.76000,0.335838
40427.77000,0.335851
40427.78000,0.335864
40427.79000,0.335877
40427.80000,0.335889
40427.81000,0.335902
40427.82000,0.335915
40427.83000,0.335928
40427.84000,0.33594
40427.85000,0.335953
40427.86000,0.335966
40427.87000,0.335978
40427.88000,0.335991
40427.89000,0.336004
40427.90000,0.336017
40427.91000,0.336029
40427.92000,0.336042
40427.93000,0.336055
40427.94000,0.336068
40427.95000,0.33608
40427.96000,0.336093
40427.97000,0.336106
40427.98000,0.336119
40427.99000,0.336131
40428.00000,0.336144
40428.01000,0.336157
40428.02000,0.336169
40428.03000,0.336154
40428.04000,0.33611
40428.05000,0.336066
40428.06000,0.336022
40428.07000,0.335977
40428.08000,0.335933
40428.09000,0.335889
40428.10000,0.335845
40428.11000,0.335801
40428.12000,0.335757
40428.13000,0.335713
40428.14000,0.335669
40428.15000,0.335625
40428.16000,0.335581
40428.17000,0.335537
40428.18000,0.335492
40428.19000,0.335448
40428.20000,0.335404
40428.21000,0.33536
40428.22000,0.335316
40428.23000,0.335272
40428.24000,0.335228
40428.25000,0.335184
40428.26000,0.33514
40428.27000,0.335096
40428.28000,0.335052
40428.29000,0.335007
40428.30000,0.334963
40428.31000,0.334919
40428.32000,0.334875
40428.33000,0.334831
40428.34000,0.334787
40428.35000,0.334743
40428.36000,0.334699
40428.37000,0.334655
40428.38000,0.334611
40428.39000,0.334567
40428.40000,0.334522
40428.41000,0.334478
40428.42000,0.334434
40428.43000,0.33439
40428.44000,0.334346
40428.45000,0.334302
40428.46000,0.334258
40428.47000,0.334214
40428.48000,0.33417
40428.49000,0.334126
40428.50000,0.334082
40428.51000,0.334037
40428.52000,0.333993
40428.53000,0.333978
40428.54000,0.333992
40428.55000,0.334005
40428.56000,0.334019
40428.57000,0.334032
40428.58000,0.334046
40428.59000,0.33406
40428.60000,0.334073
40428.61000,0.334087
40428.62000,0.3341
40428.63000,0.334114
40428.64000,0.334127
40428.65000,0.334141
40428.66000,0.334155
40428.67000,0.334168
40428.68000,0.334182
40428.69000,0.334195
40428.70000,0.334209
40428.71000,0.334222
40428.72000,0.334236
40428.73000,0.33425
40428.74000,0.334263
40428.75000,0.334277
40428.76000,0.33429
40428.77000,0.334304
40428.78000,0.334318
40428.79000,0.334331
40428.80000,0.334345
40428.81000,0.334358
40428.82000,0.334372
40428.83000,0.334385
40428.84000,0.334399
40428.85000,0.334413
40428.86000,0.334426
40428.87000,0.33444
40428.88000,0.334453
40428.89000,0.334467
40428.90000,0.33448
40428.91000,0.334494
40428.92000,0.334508
40428.93000,0.334521
40428.94000,0.334535
40428.95000,0.334548
40428.96000,0.334562
40428.97000,0.334575
40428.98000,0.334589
40428.99000,0.334603
40429.00000,0.334616
40429.01000,0.33463
40429.02000,0.334643
40429.03000,0.334628
40429.04000,0.334583
40429.05000,0.334538
40429.06000,0.334493
40429.07000,0.334448
40429.08000,0.334403
40429.09000,0.334358
40429.10000,0.334313
40429.11000,0.334268
40429.12000,0.334223
40429.13000,0.334178
40429.14000,0.334133
40429.15000,0.334088
40429.16000,0.334043
40429.17000,0.333998
40429.18000,0.333953
40429.19000,0.333908
40429.20000,0.333863
40429.21000,0.333818
40429.22000,0.333773
40429.23000,0.333728
40429.24000,0.333683
40429.25000,0.333638
40429.26000,0.333594
40429.27000,0.333549
40429.28000,0.333504
40429.29000,0.333459
40429.30000,0.333414
40429.31000,0.333369
40429.32000,0.333324
40429.33000,0.333279
40429.34000,0.333234
40429.35000,0.333189
40429.36000,0.333144
40429.37000,0.333099
40429.38000,0.333054
40429.39000,0.333009
40429.40000,0.332964
40429.41000,0.332919
40429.42000,0.332874
40429.43000,0.332829
40429.44000,0.332784
40429.45000,0.332739
40429.46000,0.332694
40429.47000,0.332649
40429.48000,0.332604
40429.49000,0.332559
40429.50000,0.332514
40429.51000,0.332469
40429.52000,0.332424
40429.53000,0.332409
40429.54000,0.332424
40429.55000,0.332439
40429.56000,0.332454
40429.57000,0.332469
40429.58000,0.332484
40429.59000,0.332499
40429.60000,0.332514
40429.61000,0.332529
40429.62000,0.332544
40429.63000,0.332559
40429.64000,0.332574
40429.65000,0.332589
40429.66000,0.332604
40429.67000,0.332619
40429.68000,0.332634
40429.69000,0.332649
40429.70000,0.332664
40429.71000,0.332679
40429.72000,0.332694
40429.73000,0.332709
40429.74000,0.332723
40429.75000,0.332738
40429.76000,0.332753
40429.77000,0.332768
40429.78000,0.332783
40429.79000,0.332798
40429.80000,0.332813
40429.81000,0.332828
40429.82000,0.332843
40429.83000,0.332858
40429.84000,0.332873
40429.85000,0.332888
40429.86000,0.332903
40429.87000,0.332918
40429.88000,0.332933
40429.89000,0.332948
40429.90000,0.332963
40429.91000,0.332978
40429.92000,0.332993
40429.93000,0.333008
40429.94000,0.333023
40429.95000,0.333037
40429.96000,0.333052
40429.97000,0.333067
40429.98000,0.333082
40429.99000,0.333097
40430.00000,0.333112
40430.01000,0.333127
40430.02000,0.333142
40430.03000,0.333127
40430.04000,0.333083
40430.05000,0.333039
40430.06000,0.332995
40430.07000,0.332951
40430.08000,0.332906
40430.09000,0.332862
40430.10000,0.332818
40430.11000,0.332774
40430.12000,0.332729
40430.13000,0.332685
40430.14000,0.332641
40430.15000,0.332597
40430.16000,0.332552
40430.17000,0.332508
40430.18000,0.332464
40430.19000,0.33242
40430.20000,0.332376
40430.21000,0.332331
40430.22000,0.332287
40430.23000,0.332243
40430.24000,0.332199
40430.25000,0.332154
40430.26000,0.33211
40430.27000,0.332066
40430.28000,0.332022
40430.29000,0.331977
40430.30000,0.331933
40430.31000,0.331889
40430.32000,0.331845
40430.33000,0.3318
40430.34000,0.331756
40430.35000,0.331712
40430.36000,0.331668
40430.37000,0.331624
40430.38000,0.331579
40430.39000,0.331535
40430.40000,0.331491
40430.41000,0.331447
40430.42000,0.331402
40430.43000,0.331358
40430.44000,0.331314
40430.45000,0.33127
40430.46000,0.331225
40430.47000,0.331181
40430.48000,0.331137
40430.49000,0.331093
40430.50000,0.331048
40430.51000,0.331004
40430.52000,0.33096
40430.53000,0.330946
40430.54000,0.330961
40430.55000,0.330977
40430.56000,0.330992
40430.57000,0.331008
40430.58000,0.331024
40430.59000,0.331039
40430.60000,0.331055
40430.61000,0.33107
40430.62000,0.331086
40430.63000,0.331102
40430.64000,0.331117
40430.65000,0.331133
40430.66000,0.331148
40430.67000,0.331164
40430.68000,0.33118
40430.69000,0.331195
40430.70000,0.331211
40430.71000,0.331226
40430.72000,0.331242
40430.73000,0.331257
40430.74000,0.331273
40430.75000,0.331289
40430.76000,0.331304
40430.77000,0.33132
40430.78000,0.331335
40430.79000,0.331351
40430.80000,0.331367
40430.81000,0.331382
40430.82000,0.331398
40430.83000,0.331413
40430.84000,0.331429
40430.85000,0.331445
40430.86000,0.33146
40430.87000,0.331476
40430.88000,0.331491
40430.89000,0.331507
40430.90000,0.331523
40430.91000,0.331538
40430.92000,0.331554
40430.93000,0.331569
40430.94000,0.331585
40430.95000,0.3316
40430.96000,0.331616
40430.97000,0.331632
40430.98000,0.331647
40430.99000,0.331663
40431.00000,0.331678
40431.01000,0.331694
40431.02000,0.33171
40431.03000,0.331696
40431.04000,0.331652
40431.05000,0.331609
40431.06000,0.331566
40431.07000,0.331523
40431.08000,0.331479
40431.09000,0.331436
40431.10000,0.331393
40431.11000,0.33135
40431.12000,0.331306
40431.13000,0.331263
40431.14000,0.33122
40431.15000,0.331176
40431.16000,0.331133
40431.17000,0.33109
40431.18000,0.331047
40431.19000,0.331003
40431.20000,0.33096
40431.21000,0.330917
40431.22000,0.330874
40431.23000,0.33083
40431.24000,0.330787
40431.25000,0.330744
40431.26000,0.3307
40431.27000,0.330657
40431.28000,0.330614
40431.29000,0.330571
40431.30000,0.330527
40431.31000,0.330484
40431.32000,0.330441
40431.33000,0.330397
40431.34000,0.330354
40431.35000,0.330311
40431.36000,0.330268
40431.37000,0.330224
40431.38000,0.330181
40431.39000,0.330138
40431.40000,0.330095
40431.41000,0.330051
40431.42000,0.330008
40431.43000,0.329965
40431.44000,0.329921
40431.45000,0.329878
40431.46000,0.329835
40431.47000,0.329792
40431.48000,0.329748
40431.49000,0.329705
40431.50000,0.329662
40431.51000,0.329619
40431.52000,0.329575
40431.53000,0.329562
40431.54000,0.329578
40431.55000,0.329594
40431.56000,0.32961
40431.57000,0.329626
40431.58000,0.329642
40431.59000,0.329658
40431.60000,0.329674
40431.61000,0.32969
40431.62000,0.329706
40431.63000,0.329722
40431.64000,0.329738
40431.65000,0.329754
40431.66000,0.32977
40431.67000,0.329787
40431.68000,0.329803
40431.69000,0.329819
40431.70000,0.329835
40431.71000,0.329851
40431.72000,0.329867
40431.73000,0.329883
40431.74000,0.329899
40431.75000,0.329915
40431.76000,0.329931
40431.77000,0.329947
40431.78000,0.329963
40431.79000,0.329979
40431.80000,0.329995
40431.81000,0.330011
40431.82000,0.330027
40431.83000,0.330044
40431.84000,0.33006
40431.85000,0.330076
40431.86000,0.330092
40431.87000,0.330108
40431.88000,0.330124
40431.89000,0.33014
40431.90000,0.330156
40431.91000,0.330172
40431.92000,0.330188
40431.93000,0.330204
40431.94000,0.33022
40431.95000,0.330236
40431.96000,0.330252
40431.97000,0.330268
40431.98000,0.330285
40431.99000,0.330301
40432.00000,0.330317
40432.01000,0.330333
40432.02000,0.330349
40432.03000,0.330335
40432.04000,0.330292
40432.05000,0.330248
40432.06000,0.330205
40432.07000,0.330162
40432.08000,0.330119
40432.09000,0.330075
40432.10000,0.330032
40432.11000,0.329989
40432.12000,0.329945
40432.13000,0.329902
40432.14000,0.329859
40432.15000,0.329815
40432.16000,0.329772
40432.17000,0.329729
40432.18000,0.329685
40432.19000,0.329642
40432.20000,0.329599
40432.21000,0.329555
40432.22000,0.329512
40432.23000,0.329469
40432.24000,0.329425
40432.25000,0.329382
40432.26000,0.329339
40432.27000,0.329295
40432.28000,0.329252
40432.29000,0.329209
40432.30000,0.329165
40432.31000,0.329122
40432.32000,0.329079
40432.33000,0.329035
40432.34000,0.328992
40432.35000,0.328949
40432.36000,0.328905
40432.37000,0.328862
40432.38000,0.328819
40432.39000,0.328775
40432.40000,0.328732
40432.41000,0.328689
40432.42000,0.328645
40432.43000,0.328602
40432.44000,0.328559
40432.45000,0.328515
40432.46000,0.328472
40432.47000,0.328429
40432.48000,0.328385
40432.49000,0.328342
40432.50000,0.328299
40432.51000,0.328255
40432.52000,0.328212
40432.53000,0.328196
40432.54000,0.328207
40432.55000,0.328218
40432.56000,0.32823
40432.57000,0.328241
40432.58000,0.328252
40432.59000,0.328263
40432.60000,0.328274
40432.61000,0.328285
40432.62000,0.328297
40432.63000,0.328308
40432.64000,0.328319
40432.65000,0.32833
40432.66000,0.328341
40432.67000,0.328353
40432.68000,0.328364
40432.69000,0.328375
40432.70000,0.328386
40432.71000,0.328397
40432.72000,0.328409
40432.73000,0.32842
40432.74000,0.328431
40432.75000,0.328442
40432.76000,0.328453
40432.77000,0.328465
40432.78000,0.328476
40432.79000,0.328487
40432.80000,0.328498
40432.81000,0.328509
40432.82000,0.32852
40432.83000,0.328532
40432.84000,0.328543
40432.85000,0.328554
40432.86000,0.328565
40432.87000,0.328576
40432.88000,0.328588
40432.89000,0.328599
40432.90000,0.32861
40432.91000,0.328621
40432.92000,0.328632
40432.93000,0.328644
40432.94000,0.328655
40432.95000,0.328666
40432.96000,0.328677
40432.97000,0.328688
40432.98000,0.3287
40432.99000,0.328711
40433.00000,0.328722
40433.01000,0.328733
40433.02000,0.328744
40433.03000,0.328866
40433.04000,0.329097
40433.05000,0.329328
40433.06000,0.32956
40433.07000,0.329791
40433.08000,0.333743
40433.09000,0.340676
40433.10000,0.349044
40433.11000,0.356615
40433.12000,0.362468
40433.13000,0.366972
40433.14000,0.370648
40433.15000,0.372841
40433.16000,0.372887
40433.17000,0.37162
40433.18000,0.369403
40433.19000,0.367741
40433.20000,0.370699
40433.21000,0.376118
40433.22000,0.381711
40433.23000,0.386247
40433.24000,0.387468
40433.25000,0.386878
40433.26000,0.384573
40433.27000,0.380067
40433.28000,0.376404
40433.29000,0.374123
40433.30000,0.372811
40433.31000,0.372119
40433.32000,0.371931
40433.33000,0.372146
40433.34000,0.372653
40433.35000,0.373349
40433.36000,0.373742
40433.37000,0.373573
40433.38000,0.372984
40433.39000,0.37212
40433.40000,0.371274
40433.41000,0.370726
40433.42000,0.370451
40433.43000,0.370402
40433.44000,0.370474
40433.45000,0.370443
40433.46000,0.370291
40433.47000,0.37004
40433.48000,0.366492
40433.49000,0.36649
40433.50000,0.366489
40433.51000,0.366488
40433.52000,0.366486
40433.53000,0.366485
40433.54000,0.366484
40433.55000,0.366482
40433.56000,0.366481
40433.57000,0.366479
40433.58000,0.366478
40433.59000,0.366477
40433.60000,0.366475
40433.61000,0.366474
40433.62000,0.366473
40433.63000,0.366471
40433.64000,0.36647
40433.65000,0.366469
40433.66000,0.366467
40433.67000,0.366466
40433.68000,0.366464
40433.69000,0.366463
40433.70000,0.366462
40433.71000,0.36646
40433.72000,0.366459
40433.73000,0.366458
40433.74000,0.366456
40433.75000,0.366455
40433.76000,0.366454
40433.77000,0.366452
40433.78000,0.366451
40433.79000,0.366449
40433.80000,0.366448
40433.81000,0.366447
40433.82000,0.366445
40433.83000,0.366444
40433.84000,0.366443
40433.85000,0.366441
40433.86000,0.36644
40433.87000,0.366439
40433.88000,0.366437
40433.89000,0.366436
40433.90000,0.366434
40433.91000,0.366433
40433.92000,0.366432
40433.93000,0.36643
40433.94000,0.366429
40433.95000,0.366428
40433.96000,0.366426
40433.97000,0.366425
40433.98000,0.366424
40433.99000,0.366381
40434.00000,0.366338
40434.01000,0.366295
40434.02000,0.366252
40434.03000,0.366209
40434.04000,0.366166
40434.05000,0.366123
40434.06000,0.36608
40434.07000,0.366037
40434.08000,0.365994
40434.09000,0.365951
40434.10000,0.365909
40434.11000,0.365866
40434.12000,0.365823
40434.13000,0.36578
40434.14000,0.365737
40434.15000,0.365694
40434.16000,0.365651
40434.17000,0.365608
40434.18000,0.365565
40434.19000,0.365522
40434.20000,0.365479
40434.21000,0.365436
40434.22000,0.365393
40434.23000,0.365351
40434.24000,0.365308
40434.25000,0.365265
40434.26000,0.365222
40434.27000,0.365179
40434.28000,0.365136
40434.29000,0.365093
40434.30000,0.36505
40434.31000,0.365007
40434.32000,0.364964
40434.33000,0.364921
40434.34000,0.364878
40434.35000,0.364836
40434.36000,0.364812
40434.37000,0.364807
40434.38000,0.364802
40434.39000,0.364797
40434.40000,0.364792
40434.41000,0.364787
40434.42000,0.364782
40434.43000,0.364778
40434.44000,0.364773
40434.45000,0.364768
40434.46000,0.364763
40434.47000,0.364758
40434.48000,0.364753
40434.49000,0.364748
40434.50000,0.364744
40434.51000,0.364739
40434.52000,0.364734
40434.53000,0.364729
40434.54000,0.364724
40434.55000,0.364719
40434.56000,0.364714
40434.57000,0.36471
40434.58000,0.364705
40434.59000,0.3647
40434.60000,0.364695
40434.61000,0.36469
40434.62000,0.364685
40434.63000,0.36468
40434.64000,0.364676
40434.65000,0.364671
40434.66000,0.364666
40434.67000,0.364661
40434.68000,0.364656
40434.69000,0.364651
40434.70000,0.364646
40434.71000,0.364642
40434.72000,0.364637
40434.73000,0.364632
40434.74000,0.364627
40434.75000,0.364622
40434.76000,0.364617
40434.77000,0.364612
40434.78000,0.364607
40434.79000,0.364603
40434.80000,0.364598
40434.81000,0.364593
40434.82000,0.364588
40434.83000,0.364583
40434.84000,0.364578
40434.85000,0.364573
40434.86000,0.364555
40434.87000,0.364524
40434.88000,0.364493
40434.89000,0.364461
40434.90000,0.36443
40434.91000,0.364399
40434.92000,0.364367
40434.93000,0.364336
40434.94000,0.364305
40434.95000,0.364273
40434.96000,0.364242
40434.97000,0.364211
40434.98000,0.364179
40434.99000,0.364148
40435.00000,0.364117
40435.01000,0.364085
40435.02000,0.364054
40435.03000,0.364023
40435.04000,0.363991
40435.05000,0.36396
40435.06000,0.363928
40435.07000,0.363897
40435.08000,0.363866
40435.09000,0.363834
40435.10000,0.363803
40435.11000,0.363772
40435.12000,0.36374
40435.13000,0.363709
40435.14000,0.363678
40435.15000,0.363646
40435.16000,0.363615
40435.17000,0.363584
40435.18000,0.363552
40435.19000,0.363521
40435.20000,0.36349
40435.21000,0.363458
40435.22000,0.363427
40435.23000,0.363396
40435.24000,0.363364
40435.25000,0.363333
40435.26000,0.363302
40435.27000,0.36327
40435.28000,0.363239
40435.29000,0.363208
40435.30000,0.363176
40435.31000,0.363145
40435.32000,0.363114
40435.33000,0.363082
40435.34000,0.363051
40435.35000,0.36302
40435.36000,0.363002
40435.37000,0.362998
40435.38000,0.362994
40435.39000,0.36299
40435.40000,0.362986
40435.41000,0.362982
40435.42000,0.362978
40435.43000,0.362975
40435.44000,0.362971
40435.45000,0.362967
40435.46000,0.362963
40435.47000,0.362959
40435.48000,0.362955
40435.49000,0.362951
40435.50000,0.362947
40435.51000,0.362943
40435.52000,0.362939
40435.53000,0.362935
40435.54000,0.362931
40435.55000,0.362928
40435.56000,0.362924
40435.57000,0.36292
40435.58000,0.362916
40435.59000,0.362912
40435.60000,0.362908
40435.61000,0.362904
40435.62000,0.3629
40435.63000,0.362896
40435.64000,0.362892
40435.65000,0.362888
40435.66000,0.362884
40435.67000,0.362881
40435.68000,0.362877
40435.69000,0.362873
40435.70000,0.362869
40435.71000,0.362865
40435.72000,0.362861
40435.73000,0.362857
40435.74000,0.362853
40435.75000,0.362849
40435.76000,0.362845
40435.77000,0.362841
40435.78000,0.362838
40435.79000,0.362834
40435.80000,0.36283
40435.81000,0.362826
40435.82000,0.362822
40435.83000,0.362818
40435.84000,0.362814
40435.85000,0.36281
40435.86000,0.362793
40435.87000,0.362762
40435.88000,0.362732
40435.89000,0.362702
40435.90000,0.362671
40435.91000,0.362641
40435.92000,0.36261
40435.93000,0.36258
40435.94000,0.362549
40435.95000,0.362519
40435.96000,0.362488
40435.97000,0.362458
40435.98000,0.362427
40435.99000,0.362397
40436.00000,0.362366
40436.01000,0.362336
40436.02000,0.362305
40436.03000,0.362275
40436.04000,0.362245
40436.05000,0.362214
40436.06000,0.362184
40436.07000,0.362153
40436.08000,0.362123
40436.09000,0.362092
40436.10000,0.362062
40436.11000,0.362031
40436.12000,0.362001
40436.13000,0.36197
40436.14000,0.36194
40436.15000,0.361909
40436.16000,0.361879
40436.17000,0.361848
40436.18000,0.361818
40436.19000,0.361788
40436.20000,0.361757
40436.21000,0.361727
40436.22000,0.361696
40436.23000,0.361666
40436.24000,0.361635
40436.25000,0.361605
40436.26000,0.361574
40436.27000,0.361544
40436.28000,0.361513
40436.29000,0.361483
40436.30000,0.361452
40436.31000,0.361422
40436.32000,0.361392
40436.33000,0.361361
40436.34000,0.361331
40436.35000,0.3613
40436.36000,0.361283
40436.37000,0.36128
40436.38000,0.361277
40436.39000,0.361273
40436.40000,0.36127
40436.41000,0.361267
40436.42000,0.361263
40436.43000,0.36126
40436.44000,0.361256
40436.45000,0.361253
40436.46000,0.36125
40436.47000,0.361246
40436.48000,0.361243
40436.49000,0.36124
40436.50000,0.361236
40436.51000,0.361233
40436.52000,0.36123
40436.53000,0.361226
40436.54000,0.361223
40436.55000,0.36122
40436.56000,0.361216
40436.57000,0.361213
40436.58000,0.36121
40436.59000,0.361206
40436.60000,0.361203
40436.61000,0.3612
40436.62000,0.361196
40436.63000,0.361193
40436.64000,0.36119
40436.65000,0.361186
40436.66000,0.361183
40436.67000,0.36118
40436.68000,0.361176
40436.69000,0.361173
40436.70000,0.36117
40436.71000,0.361166
40436.72000,0.361163
40436.73000,0.36116
40436.74000,0.361156
40436.75000,0.361153
40436.76000,0.36115
40436.77000,0.361146
40436.78000,0.361143
40436.79000,0.36114
40436.80000,0.361136
40436.81000,0.361133
40436.82000,0.36113
40436.83000,0.361126
40436.84000,0.361123
40436.85000,0.36112
40436.86000,0.361107
40436.87000,0.361086
40436.88000,0.361064
40436.89000,0.361043
40436.90000,0.361022
40436.91000,0.361
40436.92000,0.360979
40436.93000,0.360957
40436.94000,0.360936
40436.95000,0.360915
40436.96000,0.360893
40436.97000,0.360872
40436.98000,0.36085
40436.99000,0.360829
40437.00000,0.360808
40437.01000,0.360786
40437.02000,0.360765
40437.03000,0.360743
40437.04000,0.360722
40437.05000,0.3607
40437.06000,0.360679
40437.07000,0.360658
40437.08000,0.360636
40437.09000,0.360615
40437.10000,0.360593
40437.11000,0.360572
40437.12000,0.360551
40437.13000,0.360529
40437.14000,0.360508
40437.15000,0.360486
40437.16000,0.360465
40437.17000,0.360444
40437.18000,0.360422
40437.19000,0.360401
40437.20000,0.360379
40437.21000,0.360358
40437.22000,0.360336
40437.23000,0.360315
40437.24000,0.360294
40437.25000,0.360272
40437.26000,0.360251
40437.27000,0.360229
40437.28000,0.360208
40437.29000,0.360187
40437.30000,0.360165
40437.31000,0.360144
40437.32000,0.360122
40437.33000,0.360101
40437.34000,0.36008
40437.35000,0.360058
40437.36000,0.360048
40437.37000,0.360049
40437.38000,0.360049
40437.39000,0.36005
40437.40000,0.360051
40437.41000,0.360051
40437.42000,0.360052
40437.43000,0.360053
40437.44000,0.360054
40437.45000,0.360054
40437.46000,0.360055
40437.47000,0.360056
40437.48000,0.360057
40437.49000,0.360057
40437.50000,0.360058
40437.51000,0.360059
40437.52000,0.360059
40437.53000,0.36006
40437.54000,0.360061
40437.55000,0.360062
40437.56000,0.360062
40437.57000,0.360063
40437.58000,0.360064
40437.59000,0.360065
40437.60000,0.360065
40437.61000,0.360066
40437.62000,0.360067
40437.63000,0.360067
40437.64000,0.360068
40437.65000,0.360069
40437.66000,0.36007
40437.67000,0.36007
40437.68000,0.360071
40437.69000,0.360072
40437.70000,0.360137
40437.71000,0.360321
40437.72000,0.360675
40437.73000,0.362825
40437.74000,0.362903
40437.75000,0.362981
40437.76000,0.363059
40437.77000,0.363137
40437.78000,0.363215
40437.79000,0.363538
40437.80000,0.363809
40437.81000,0.364044
40437.82000,0.364147
40437.83000,0.364095
40437.84000,0.363914
40437.85000,0.363634
40437.86000,0.36238
40437.87000,0.362375
40437.88000,0.362369
40437.89000,0.362363
40437.90000,0.362357
40437.91000,0.362352
40437.92000,0.362346
40437.93000,0.36234
40437.94000,0.362334
40437.95000,0.362329
40437.96000,0.362323
40437.97000,0.362317
40437.98000,0.362311
40437.99000,0.36233
40438.00000,0.362474
40438.01000,0.362771
40438.02000,0.363229
40438.03000,0.363589
40438.04000,0.363772
40438.05000,0.363783
40438.06000,0.363649
40438.07000,0.362865
40438.08000,0.362837
40438.09000,0.362809
40438.10000,0.36278
40438.11000,0.362752
40438.12000,0.362724
40438.13000,0.362695
40438.14000,0.362667
40438.15000,0.362639
40438.16000,0.36261
40438.17000,0.362582
40438.18000,0.362549
40438.19000,0.362515
40438.20000,0.362482
40438.21000,0.362449
40438.22000,0.362416
40438.23000,0.362383
40438.24000,0.36235
40438.25000,0.362317
40438.26000,0.362283
40438.27000,0.36225
40438.28000,0.362217
40438.29000,0.362184
40438.30000,0.362151
40438.31000,0.362093
40438.32000,0.362023
40438.33000,0.361953
40438.34000,0.361882
40438.35000,0.361812
40438.36000,0.361742
40438.37000,0.361672
40438.38000,0.361602
40438.39000,0.361532
40438.40000,0.361461
40438.41000,0.361391
40438.42000,0.361321
40438.43000,0.361251
40438.44000,0.361181
40438.45000,0.361111
40438.46000,0.36104
40438.47000,0.36097
40438.48000,0.3609
40438.49000,0.36089
40438.50000,0.360887
40438.51000,0.360885
40438.52000,0.360882
40438.53000,0.360879
40438.54000,0.360877
40438.55000,0.360874
40438.56000,0.360871
40438.57000,0.360869
40438.58000,0.360866
40438.59000,0.360864
40438.60000,0.360861
40438.61000,0.360858
40438.62000,0.360856
40438.63000,0.360853
40438.64000,0.36085
40438.65000,0.360848
40438.66000,0.360845
40438.67000,0.360842
40438.68000,0.36084
40438.69000,0.360837
40438.70000,0.360835
40438.71000,0.360832
40438.72000,0.360828
40438.73000,0.36082
40438.74000,0.360812
40438.75000,0.360805
40438.76000,0.360797
40438.77000,0.360789
40438.78000,0.360781
40438.79000,0.360773
40438.80000,0.360765
40438.81000,0.360757
40438.82000,0.360749
40438.83000,0.360741
40438.84000,0.360733
40438.85000,0.360726
40438.86000,0.360718
40438.87000,0.36071
40438.88000,0.360702
40438.89000,0.360694
40438.90000,0.360686
40438.91000,0.360678
40438.92000,0.36067
40438.93000,0.360662
40438.94000,0.360654
40438.95000,0.360646
40438.96000,0.360639
40438.97000,0.360631
40438.98000,0.360623
40438.99000,0.360615
40439.00000,0.360607
40439.01000,0.360599
40439.02000,0.360591
40439.03000,0.360583
40439.04000,0.360553
40439.05000,0.360506
40439.06000,0.360459
40439.07000,0.360413
40439.08000,0.360366
40439.09000,0.360319
40439.10000,0.360272
40439.11000,0.360226
40439.12000,0.360179
40439.13000,0.360132
40439.14000,0.360085
40439.15000,0.360039
40439.16000,0.359992
40439.17000,0.359945
40439.18000,0.359898
40439.19000,0.359852
40439.20000,0.359805
40439.21000,0.359758
40439.22000,0.359711
40439.23000,0.359665
40439.24000,0.359618
40439.25000,0.359571
40439.26000,0.359524
40439.27000,0.359478
40439.28000,0.359431
40439.29000,0.359384
40439.30000,0.359337
40439.31000,0.359291
40439.32000,0.359244
40439.33000,0.359197
40439.34000,0.35915
40439.35000,0.359104
40439.36000,0.359057
40439.37000,0.35901
40439.38000,0.358963
40439.39000,0.358917
40439.40000,0.35887
40439.41000,0.358823
40439.42000,0.358777
40439.43000,0.35873
40439.44000,0.358683
40439.45000,0.358636
40439.46000,0.358611
40439.47000,0.358614
40439.48000,0.358617
40439.49000,0.35862
40439.50000,0.358623
40439.51000,0.358626
40439.52000,0.358629
40439.53000,0.358632
40439.54000,0.358634
40439.55000,0.358637
40439.56000,0.35864
40439.57000,0.358643
40439.58000,0.358646
40439.59000,0.358649
40439.60000,0.358652
40439.61000,0.358655
40439.62000,0.358658
40439.63000,0.35866
40439.64000,0.358663
40439.65000,0.358666
40439.66000,0.358669
40439.67000,0.358672
40439.68000,0.358675
40439.69000,0.358678
40439.70000,0.358681
40439.71000,0.358684
40439.72000,0.358686
40439.73000,0.358689
40439.74000,0.358692
40439.75000,0.358695
40439.76000,0.358698
40439.77000,0.358701
40439.78000,0.358704
40439.79000,0.358707
40439.80000,0.35871
40439.81000,0.358712
40439.82000,0.358715
40439.83000,0.358718
40439.84000,0.358721
40439.85000,0.358724
40439.86000,0.358727
40439.87000,0.35873
40439.88000,0.358727
40439.89000,0.35871
40439.90000,0.358693
40439.91000,0.358676
40439.92000,0.35866
40439.93000,0.358643
40439.94000,0.358626
40439.95000,0.358609
40439.96000,0.358592
40439.97000,0.358576
40439.98000,0.358559
40439.99000,0.358542
40440.00000,0.358525
40440.01000,0.358508
40440.02000,0.358492
40440.03000,0.358475
40440.04000,0.358458
40440.05000,0.358441
40440.06000,0.358424
40440.07000,0.358408
40440.08000,0.358391
40440.09000,0.358374
40440.10000,0.358357
40440.11000,0.35834
40440.12000,0.358324
40440.13000,0.358307
40440.14000,0.35829
40440.15000,0.358273
40440.16000,0.358256
40440.17000,0.35824
40440.18000,0.358223
40440.19000,0.358206
40440.20000,0.358189
40440.21000,0.358172
40440.22000,0.358156
40440.23000,0.358139
40440.24000,0.358122
40440.25000,0.358105
40440.26000,0.358088
40440.27000,0.358072
40440.28000,0.358055
40440.29000,0.358038
40440.30000,0.358022
40440.31000,0.358011
40440.32000,0.358
40440.33000,0.357989
40440.34000,0.357978
40440.35000,0.357966
40440.36000,0.357955
40440.37000,0.357944
40440.38000,0.357933
40440.39000,0.357922
40440.40000,0.357911
40440.41000,0.357899
40440.42000,0.357888
40440.43000,0.357877
40440.44000,0.357866
40440.45000,0.357855
40440.46000,0.357844
40440.47000,0.357833
40440.48000,0.357821
40440.49000,0.35781
40440.50000,0.357799
40440.51000,0.357788
40440.52000,0.357777
40440.53000,0.357766
40440.54000,0.357754
40440.55000,0.357743
40440.56000,0.357732
40440.57000,0.357721
40440.58000,0.35771
40440.59000,0.357699
40440.60000,0.357688
40440.61000,0.357676
40440.62000,0.357665
40440.63000,0.357654
40440.64000,0.357643
40440.65000,0.357632
40440.66000,0.357621
40440.67000,0.357609
40440.68000,0.357598
40440.69000,0.357587
40440.70000,0.357576
40440.71000,0.357565
40440.72000,0.357554
40440.73000,0.357548
40440.74000,0.357542
40440.75000,0.357535
40440.76000,0.357529
40440.77000,0.357523
40440.78000,0.357517
40440.79000,0.357511
40440.80000,0.357505
40440.81000,0.357499
40440.82000,0.357493
40440.83000,0.357486
40440.84000,0.35748
40440.85000,0.357474
40440.86000,0.357468
40440.87000,0.357462
40440.88000,0.357456
40440.89000,0.35745
40440.90000,0.357444
40440.91000,0.357437
40440.92000,0.357431
40440.93000,0.357425
40440.94000,0.357419
40440.95000,0.357413
40440.96000,0.357407
40440.97000,0.357401
40440.98000,0.357395
40440.99000,0.357389
40441.00000,0.357382
40441.01000,0.357376
40441.02000,0.35737
40441.03000,0.357364
40441.04000,0.357358
40441.05000,0.357352
40441.06000,0.357346
40441.07000,0.35734
40441.08000,0.357333
40441.09000,0.357327
40441.10000,0.357321
40441.11000,0.357315
40441.12000,0.357309
40441.13000,0.357303
40441.14000,0.357297
40441.15000,0.357256
40441.16000,0.357211
40441.17000,0.357166
40441.18000,0.357121
40441.19000,0.357076
40441.20000,0.35703
40441.21000,0.356985
40441.22000,0.35694
40441.23000,0.356895
40441.24000,0.35685
40441.25000,0.356805
40441.26000,0.35676
40441.27000,0.356714
40441.28000,0.356669
40441.29000,0.356624
40441.30000,0.356579
40441.31000,0.356534
40441.32000,0.356489
40441.33000,0.356443
40441.34000,0.356398
40441.35000,0.356353
40441.36000,0.356308
40441.37000,0.356263
40441.38000,0.356218
40441.39000,0.356173
40441.40000,0.356127
40441.41000,0.356082
40441.42000,0.356037
40441.43000,0.355992
40441.44000,0.355947
40441.45000,0.355902
40441.46000,0.355856
40441.47000,0.355811
40441.48000,0.355766
40441.49000,0.355721
40441.50000,0.355676
40441.51000,0.355631
40441.52000,0.355586
40441.53000,0.35554
40441.54000,0.355495
40441.55000,0.35545
40441.56000,0.355405
40441.57000,0.355396
40441.58000,0.3554
40441.59000,0.355403
40441.60000,0.355407
40441.61000,0.35541
40441.62000,0.355414
40441.63000,0.355418
40441.64000,0.355421
40441.65000,0.355425
40441.66000,0.355429
40441.67000,0.355432
40441.68000,0.355436
40441.69000,0.35544
40441.70000,0.355443
40441.71000,0.355447
40441.72000,0.35545
40441.73000,0.355454
40441.74000,0.355458
40441.75000,0.355461
40441.76000,0.355465
40441.77000,0.355469
40441.78000,0.355472
40441.79000,0.355476
40441.80000,0.35548
40441.81000,0.355483
40441.82000,0.355487
40441.83000,0.35549
40441.84000,0.355494
40441.85000,0.355498
40441.86000,0.355501
40441.87000,0.355505
40441.88000,0.355509
40441.89000,0.355512
40441.90000,0.355516
40441.91000,0.35552
40441.92000,0.355523
40441.93000,0.355527
40441.94000,0.35553
40441.95000,0.355534
40441.96000,0.355538
40441.97000,0.355541
40441.98000,0.355545
40441.99000,0.355523
40442.00000,0.355483
40442.01000,0.355443
40442.02000,0.355404
40442.03000,0.355364
40442.04000,0.355324
40442.05000,0.355285
40442.06000,0.355245
40442.07000,0.355205
40442.08000,0.355166
40442.09000,0.355126
40442.10000,0.355086
40442.11000,0.355046
40442.12000,0.355007
40442.13000,0.354967
40442.14000,0.354927
40442.15000,0.354888
40442.16000,0.354848
40442.17000,0.354808
40442.18000,0.354769
40442.19000,0.354729
40442.20000,0.354689
40442.21000,0.35465
40442.22000,0.35461
40442.23000,0.35457
40442.24000,0.354531
40442.25000,0.354491
40442.26000,0.354451
40442.27000,0.354412
40442.28000,0.354372
40442.29000,0.354332
40442.30000,0.354293
40442.31000,0.354253
40442.32000,0.354213
40442.33000,0.354174
40442.34000,0.354134
40442.35000,0.354094
40442.36000,0.354055
40442.37000,0.354015
40442.38000,0.353975
40442.39000,0.353936
40442.40000,0.353896
40442.41000,0.353876
40442.42000,0.353878
40442.43000,0.353881
40442.44000,0.353884
40442.45000,0.353886
40442.46000,0.353889
40442.47000,0.353892
40442.48000,0.353894
40442.49000,0.353897
40442.50000,0.3539
40442.51000,0.353902
40442.52000,0.353905
40442.53000,0.353907
40442.54000,0.35391
40442.55000,0.353913
40442.56000,0.353915
40442.57000,0.353918
40442.58000,0.353921
40442.59000,0.353923
40442.60000,0.353926
40442.61000,0.353929
40442.62000,0.353931
40442.63000,0.353934
40442.64000,0.353937
40442.65000,0.353939
40442.66000,0.353942
40442.67000,0.353944
40442.68000,0.353947
40442.69000,0.35395
40442.70000,0.353952
40442.71000,0.353955
40442.72000,0.353958
40442.73000,0.35396
40442.74000,0.353963
40442.75000,0.353966
40442.76000,0.353968
40442.77000,0.353971
40442.78000,0.353974
40442.79000,0.353976
40442.80000,0.353979
40442.81000,0.353982
40442.82000,0.353984
40442.83000,0.353984
40442.84000,0.353977
40442.85000,0.35397
40442.86000,0.353963
40442.87000,0.353955
40442.88000,0.353948
40442.89000,0.353941
40442.90000,0.353934
40442.91000,0.353927
40442.92000,0.35392
40442.93000,0.353913
40442.94000,0.353906
40442.95000,0.353899
40442.96000,0.353892
40442.97000,0.353885
40442.98000,0.353878
40442.99000,0.353871
40443.00000,0.353864
40443.01000,0.353857
40443.02000,0.353849
40443.03000,0.353842
40443.04000,0.353835
40443.05000,0.353828
40443.06000,0.353821
40443.07000,0.353814
40443.08000,0.353807
40443.09000,0.3538
40443.10000,0.353793
40443.11000,0.353786
40443.12000,0.353779
40443.13000,0.353772
40443.14000,0.353765
40443.15000,0.353758
40443.16000,0.353751
40443.17000,0.353743
40443.18000,0.353736
40443.19000,0.353729
40443.20000,0.353722
40443.21000,0.353715
40443.22000,0.353708
40443.23000,0.353701
40443.24000,0.353694
40443.25000,0.353684
40443.26000,0.35366
40443.27000,0.353637
40443.28000,0.353613
40443.29000,0.353589
40443.30000,0.353566
40443.31000,0.353542
40443.32000,0.353518
40443.33000,0.353495
40443.34000,0.353471
40443.35000,0.353447
40443.36000,0.353424
40443.37000,0.3534
40443.38000,0.353376
40443.39000,0.353353
40443.40000,0.353329
40443.41000,0.353305
40443.42000,0.353282
40443.43000,0.353258
40443.44000,0.353234
40443.45000,0.353211
40443.46000,0.353187
40443.47000,0.353163
40443.48000,0.35314
40443.49000,0.353116
40443.50000,0.353093
40443.51000,0.353069
40443.52000,0.353045
40443.53000,0.353022
40443.54000,0.352998
40443.55000,0.352974
40443.56000,0.352951
40443.57000,0.352927
40443.58000,0.352903
40443.59000,0.35288
40443.60000,0.352856
40443.61000,0.352832
40443.62000,0.352809
40443.63000,0.352785
40443.64000,0.352761
40443.65000,0.352738
40443.66000,0.352714
40443.67000,0.352691
40443.68000,0.352689
40443.69000,0.352687
40443.70000,0.352685
40443.71000,0.352682
40443.72000,0.35268
40443.73000,0.352678
40443.74000,0.352676
40443.75000,0.352674
40443.76000,0.352671
40443.77000,0.352669
40443.78000,0.352667
40443.79000,0.352665
40443.80000,0.352663
40443.81000,0.35266
40443.82000,0.352658
40443.83000,0.352656
40443.84000,0.352654
40443.85000,0.352652
40443.86000,0.352649
40443.87000,0.352647
40443.88000,0.352645
40443.89000,0.352643
40443.90000,0.352641
40443.91000,0.352638
40443.92000,0.352636
40443.93000,0.352634
40443.94000,0.352632
40443.95000,0.35263
40443.96000,0.352627
40443.97000,0.352625
40443.98000,0.352623
40443.99000,0.352621
40444.00000,0.352619
40444.01000,0.352616
40444.02000,0.352614
40444.03000,0.352612
40444.04000,0.35261
40444.05000,0.352608
40444.06000,0.352605
40444.07000,0.352603
40444.08000,0.352601
40444.09000,0.352599
40444.10000,0.352557
40444.11000,0.352512
40444.12000,0.352466
40444.13000,0.35242
40444.14000,0.352374
40444.15000,0.352328
40444.16000,0.352283
40444.17000,0.352237
40444.18000,0.352191
40444.19000,0.352145
40444.20000,0.352099
40444.21000,0.352054
40444.22000,0.352008
40444.23000,0.351962
40444.24000,0.351916
40444.25000,0.35187
40444.26000,0.351825
40444.27000,0.351779
40444.28000,0.351733
40444.29000,0.351687
40444.30000,0.351641
40444.31000,0.351596
40444.32000,0.35155
40444.33000,0.351504
40444.34000,0.351458
40444.35000,0.351412
40444.36000,0.351367
40444.37000,0.351321
40444.38000,0.351275
40444.39000,0.351229
40444.40000,0.351183
40444.41000,0.351137
40444.42000,0.351092
40444.43000,0.351046
40444.44000,0.351
40444.45000,0.350954
40444.46000,0.350908
40444.47000,0.350863
40444.48000,0.350817
40444.49000,0.350771
40444.50000,0.350725
40444.51000,0.350679
40444.52000,0.350673
40444.53000,0.350679
40444.54000,0.350684
40444.55000,0.35069
40444.56000,0.350696
40444.57000,0.350701
40444.58000,0.350707
40444.59000,0.350713
40444.60000,0.350719
40444.61000,0.350724
40444.62000,0.35073
40444.63000,0.350736
40444.64000,0.350741
40444.65000,0.350747
40444.66000,0.350753
40444.67000,0.350759
40444.68000,0.350764
40444.69000,0.35077
40444.70000,0.350776
40444.71000,0.350781
40444.72000,0.350787
40444.73000,0.350793
40444.74000,0.350798
40444.75000,0.350804
40444.76000,0.35081
40444.77000,0.350816
40444.78000,0.350821
40444.79000,0.350827
40444.80000,0.350833
40444.81000,0.350838
40444.82000,0.350844
40444.83000,0.35085
40444.84000,0.350856
40444.85000,0.350861
40444.86000,0.350867
40444.87000,0.350873
40444.88000,0.350878
40444.89000,0.350884
40444.90000,0.35089
40444.91000,0.350895
40444.92000,0.350901
40444.93000,0.350907
40444.94000,0.350892
40444.95000,0.350864
40444.96000,0.350836
40444.97000,0.350808
40444.98000,0.35078
40444.99000,0.350752
40445.00000,0.350724
40445.01000,0.350696
40445.02000,0.350668
40445.03000,0.35064
40445.04000,0.350612
40445.05000,0.350584
40445.06000,0.350556
40445.07000,0.350528
40445.08000,0.3505
40445.09000,0.350471
40445.10000,0.350443
40445.11000,0.350415
40445.12000,0.350387
40445.13000,0.350359
40445.14000,0.350331
40445.15000,0.350303
40445.16000,0.350275
40445.17000,0.350247
40445.18000,0.350219
40445.19000,0.350191
40445.20000,0.350163
40445.21000,0.350135
40445.22000,0.350107
40445.23000,0.350079
40445.24000,0.350051
40445.25000,0.350023
40445.26000,0.349995
40445.27000,0.349967
40445.28000,0.349939
40445.29000,0.349911
40445.30000,0.349883
40445.31000,0.349855
40445.32000,0.349827
40445.33000,0.349799
40445.34000,0.349771
40445.35000,0.349743
40445.36000,0.349729
40445.37000,0.349729
40445.38000,0.349729
40445.39000,0.349729
40445.40000,0.34973
40445.41000,0.34973
40445.42000,0.34973
40445.43000,0.34973
40445.44000,0.34973
40445.45000,0.349731
40445.46000,0.349731
40445.47000,0.349731
40445.48000,0.349731
40445.49000,0.349731
40445.50000,0.349732
40445.51000,0.349732
40445.52000,0.349732
40445.53000,0.349732
40445.54000,0.349732
40445.55000,0.349733
40445.56000,0.349733
40445.57000,0.349733
40445.58000,0.349733
40445.59000,0.349733
40445.60000,0.349734
40445.61000,0.349734
40445.62000,0.349734
40445.63000,0.349734
40445.64000,0.349734
40445.65000,0.349735
40445.66000,0.349735
40445.67000,0.349735
40445.68000,0.349735
40445.69000,0.349736
40445.70000,0.349736
40445.71000,0.349736
40445.72000,0.349736
40445.73000,0.349736
40445.74000,0.349737
40445.75000,0.349737
40445.76000,0.349737
40445.77000,0.349737
40445.78000,0.349735
40445.79000,0.349728
40445.80000,0.349722
40445.81000,0.349715
40445.82000,0.349708
40445.83000,0.349702
40445.84000,0.349695
40445.85000,0.349688
40445.86000,0.349682
40445.87000,0.349675
40445.88000,0.349668
40445.89000,0.349662
40445.90000,0.349655
40445.91000,0.349649
40445.92000,0.349642
40445.93000,0.349635
40445.94000,0.349629
40445.95000,0.349622
40445.96000,0.349615
40445.97000,0.349609
40445.98000,0.349602
40445.99000,0.349595
40446.00000,0.349589
40446.01000,0.349582
40446.02000,0.349575
40446.03000,0.349569
40446.04000,0.349562
40446.05000,0.349555
40446.06000,0.349549
40446.07000,0.349542
40446.08000,0.349535
40446.09000,0.349529
40446.10000,0.349522
40446.11000,0.349515
40446.12000,0.349509
40446.13000,0.349502
40446.14000,0.349496
40446.15000,0.349489
40446.16000,0.349482
40446.17000,0.349476
40446.18000,0.349469
40446.19000,0.349462
40446.20000,0.34945
40446.21000,0.349415
40446.22000,0.349381
40446.23000,0.349347
40446.24000,0.349312
40446.25000,0.349278
40446.26000,0.349243
40446.27000,0.349209
40446.28000,0.349174
40446.29000,0.34914
40446.30000,0.349105
40446.31000,0.349071
40446.32000,0.349036
40446.33000,0.349002
40446.34000,0.348967
40446.35000,0.348933
40446.36000,0.348898
40446.37000,0.348864
40446.38000,0.348829
40446.39000,0.348795
40446.40000,0.34876
40446.41000,0.348726
40446.42000,0.348692
40446.43000,0.348657
40446.44000,0.348623
40446.45000,0.348588
40446.46000,0.348554
40446.47000,0.348519
40446.48000,0.348485
40446.49000,0.34845
40446.50000,0.348416
40446.51000,0.348381
40446.52000,0.348347
40446.53000,0.348312
40446.54000,0.348278
40446.55000,0.348243
40446.56000,0.348209
40446.57000,0.348174
40446.58000,0.34814
40446.59000,0.348105
40446.60000,0.348071
40446.61000,0.348037
40446.62000,0.348004
40446.63000,0.348009
40446.64000,0.348013
40446.65000,0.348017
40446.66000,0.348021
40446.67000,0.348026
40446.68000,0.34803
40446.69000,0.348034
40446.70000,0.348039
40446.71000,0.348043
40446.72000,0.348047
40446.73000,0.348051
40446.74000,0.348056
40446.75000,0.34806
40446.76000,0.348064
40446.77000,0.348068
40446.78000,0.348073
40446.79000,0.348077
40446.80000,0.348081
40446.81000,0.348085
40446.82000,0.34809
40446.83000,0.348094
40446.84000,0.348098
40446.85000,0.348102
40446.86000,0.348107
40446.87000,0.348111
40446.88000,0.348115
40446.89000,0.348119
40446.90000,0.348124
40446.91000,0.348128
40446.92000,0.348132
40446.93000,0.348136
40446.94000,0.348141
40446.95000,0.348145
40446.96000,0.348149
40446.97000,0.348154
40446.98000,0.348158
40446.99000,0.348162
40447.00000,0.348166
40447.01000,0.348171
40447.02000,0.348175
40447.03000,0.348179
40447.04000,0.348183
40447.05000,0.34818
40447.06000,0.348177
40447.07000,0.348173
40447.08000,0.348169
40447.09000,0.348165
40447.10000,0.348162
40447.11000,0.348158
40447.12000,0.348154
40447.13000,0.34815
40447.14000,0.348147
40447.15000,0.348143
40447.16000,0.348139
40447.17000,0.348135
40447.18000,0.348132
40447.19000,0.348128
40447.20000,0.348124
40447.21000,0.348121
40447.22000,0.348117
40447.23000,0.348113
40447.24000,0.348109
40447.25000,0.348106
40447.26000,0.348102
40447.27000,0.348098
40447.28000,0.348094
40447.29000,0.348091
40447.30000,0.348087
40447.31000,0.348083
40447.32000,0.348079
40447.33000,0.348076
40447.34000,0.348072
40447.35000,0.348068
40447.36000,0.348065
40447.37000,0.348051
40447.38000,0.348214
40447.39000,0.348599
40447.40000,0.349086
40447.41000,0.349438
40447.42000,0.349589
40447.43000,0.349538
40447.44000,0.346489
40447.45000,0.346494
40447.46000,0.346499
40447.47000,0.346504
40447.48000,0.34651
40447.49000,0.346515
40447.50000,0.34652
40447.51000,0.346526
40447.52000,0.346531
40447.53000,0.346536
40447.54000,0.346541
40447.55000,0.346547
40447.56000,0.346552
40447.57000,0.346557
40447.58000,0.346563
40447.59000,0.346568
40447.60000,0.346573
40447.61000,0.346578
40447.62000,0.346584
40447.63000,0.346589
40447.64000,0.346594
40447.65000,0.346599
40447.66000,0.346605
40447.67000,0.34661
40447.68000,0.346615
40447.69000,0.346621
40447.70000,0.346626
40447.71000,0.346631
40447.72000,0.346636
40447.73000,0.346642
40447.74000,0.346647
40447.75000,0.346652
40447.76000,0.346658
40447.77000,0.346663
40447.78000,0.346668
40447.79000,0.346673
40447.80000,0.346679
40447.81000,0.346684
40447.82000,0.346689
40447.83000,0.346694
40447.84000,0.3467
40447.85000,0.346705
40447.86000,0.34671
40447.87000,0.346716
40447.88000,0.346721
40447.89000,0.346726
40447.90000,0.346731
40447.91000,0.346737
40447.92000,0.346742
40447.93000,0.346747
40447.94000,0.346753
40447.95000,0.348395
40447.96000,0.352229
40447.97000,0.357682
40447.98000,0.363302
40447.99000,0.365527
40448.00000,0.36539
40448.01000,0.363767
40448.02000,0.361153
40448.03000,0.359275
40448.04000,0.358233
40448.05000,0.357904
40448.06000,0.358166
40448.07000,0.35852
40448.08000,0.358729
40448.09000,0.358767
40448.10000,0.358653
40448.11000,0.358686
40448.12000,0.359093
40448.13000,0.359867
40448.14000,0.360946
40448.15000,0.361886
40448.16000,0.362156
40448.17000,0.361855
40448.18000,0.361128
40448.19000,0.360369
40448.20000,0.360481
40448.21000,0.361591
40448.22000,0.363591
40448.23000,0.366077
40448.24000,0.367516
40448.25000,0.368068
40448.26000,0.368007
40448.27000,0.367534
40448.28000,0.366907
40448.29000,0.366188
40448.30000,0.365393
40448.31000,0.364531
40448.32000,0.362222
40448.33000,0.36219
40448.34000,0.362158
40448.35000,0.362125
40448.36000,0.362093
40448.37000,0.362061
40448.38000,0.362028
40448.39000,0.361996
40448.40000,0.361964
40448.41000,0.361877
40448.42000,0.361968
40448.43000,0.362238
40448.44000,0.362643
40448.45000,0.363048
40448.46000,0.363414
40448.47000,0.363729
40448.48000,0.364691
40448.49000,0.3647
40448.50000,0.36471
40448.51000,0.36472
40448.52000,0.36473
40448.53000,0.36474
40448.54000,0.364642
40448.55000,0.364422
40448.56000,0.364113
40448.57000,0.362471
40448.58000,0.362476
40448.59000,0.362481
40448.60000,0.362486
40448.61000,0.362491
40448.62000,0.362497
40448.63000,0.362502
40448.64000,0.362507
40448.65000,0.362512
40448.66000,0.362518
40448.67000,0.362523
40448.68000,0.362528
40448.69000,0.362533
40448.70000,0.362538
40448.71000,0.362544
40448.72000,0.362549
40448.73000,0.362554
40448.74000,0.362668
40448.75000,0.362872
40448.76000,0.363205
40448.77000,0.363683
40448.78000,0.364054
40448.79000,0.364245
40448.80000,0.364261
40448.81000,0.364133
40448.82000,0.364121
40448.83000,0.364372
40448.84000,0.364933
40448.85000,0.365796
40448.86000,0.366642
40448.87000,0.367214
40448.88000,0.367521
40448.89000,0.367616
40448.90000,0.367553
40448.91000,0.367373
40448.92000,0.367109
40448.93000,0.366781
40448.94000,0.365398
40448.95000,0.365363
40448.96000,0.365327
40448.97000,0.365292
40448.98000,0.365257
40448.99000,0.365222
40449.00000,0.365187
40449.01000,0.365152
40449.02000,0.365117
40449.03000,0.365081
40449.04000,0.365046
40449.05000,0.365031
40449.06000,0.365016
40449.07000,0.365001
40449.08000,0.364986
40449.09000,0.364971
40449.10000,0.364956
40449.11000,0.364941
40449.12000,0.364926
40449.13000,0.364911
40449.14000,0.364896
40449.15000,0.364881
40449.16000,0.364866
40449.17000,0.36485
40449.18000,0.364822
40449.19000,0.364787
40449.20000,0.364753
40449.21000,0.364718
40449.22000,0.364683
40449.23000,0.364648
40449.24000,0.364614
40449.25000,0.364579
40449.26000,0.364544
40449.27000,0.364509
40449.28000,0.364474
40449.29000,0.36444
40449.30000,0.364405
40449.31000,0.36437
40449.32000,0.364335
40449.33000,0.364301
40449.34000,0.364266
40449.35000,0.364231
40449.36000,0.364185
40449.37000,0.364137
40449.38000,0.364089
40449.39000,0.364042
40449.40000,0.363994
40449.41000,0.363946
40449.42000,0.363899
40449.43000,0.363851
40449.44000,0.363803
40449.45000,0.363756
40449.46000,0.363708
40449.47000,0.36366
40449.48000,0.363612
40449.49000,0.363565
40449.50000,0.363517
40449.51000,0.363469
40449.52000,0.363422
40449.53000,0.36338
40449.54000,0.363383
40449.55000,0.363386
40449.56000,0.36339
40449.57000,0.363393
40449.58000,0.363396
40449.59000,0.3634
40449.60000,0.363403
40449.61000,0.363407
40449.62000,0.36341
40449.63000,0.363413
40449.64000,0.363417
40449.65000,0.36342
40449.66000,0.363423
40449.67000,0.363427
40449.68000,0.36343
40449.69000,0.363433
40449.70000,0.363437
40449.71000,0.363437
40449.72000,0.363431
40449.73000,0.363424
40449.74000,0.363418
40449.75000,0.363412
40449.76000,0.363405
40449.77000,0.363399
40449.78000,0.363393
40449.79000,0.363386
40449.80000,0.36338
40449.81000,0.363374
40449.82000,0.363368
40449.83000,0.363361
40449.84000,0.363355
40449.85000,0.363349
40449.86000,0.363342
40449.87000,0.363336
40449.88000,0.36333
40449.89000,0.363321
40449.90000,0.363309
40449.91000,0.363298
40449.92000,0.363287
40449.93000,0.363276
40449.94000,0.363264
40449.95000,0.363253
40449.96000,0.363242
40449.97000,0.363231
40449.98000,0.363219
40449.99000,0.363208
40450.00000,0.363197
40450.01000,0.363186
40450.02000,0.363174
40450.03000,0.363163
40450.04000,0.363152
40450.05000,0.363141
40450.06000,0.363129
40450.07000,0.363118
40450.08000,0.363107
40450.09000,0.363096
40450.10000,0.363085
40450.11000,0.363073
40450.12000,0.363062
40450.13000,0.363049
40450.14000,0.363036
40450.15000,0.363022
40450.16000,0.363009
40450.17000,0.362995
40450.18000,0.362982
40450.19000,0.362969
40450.20000,0.362955
40450.21000,0.362942
40450.22000,0.362928
40450.23000,0.362915
40450.24000,0.362902
40450.25000,0.362888
40450.26000,0.362875
40450.27000,0.362862
40450.28000,0.362848
40450.29000,0.362835
40450.30000,0.362821
40450.31000,0.362808
40450.32000,0.362795
40450.33000,0.362781
40450.34000,0.362768
40450.35000,0.362754
40450.36000,0.362741
40450.37000,0.362728
40450.38000,0.362714
40450.39000,0.362701
40450.40000,0.362688
40450.41000,0.362674
40450.42000,0.362661
40450.43000,0.362647
40450.44000,0.362632
40450.45000,0.362612
40450.46000,0.362591
40450.47000,0.362571
40450.48000,0.36255
40450.49000,0.362585
40450.50000,0.362917
40450.51000,0.363632
40450.52000,0.364703
40450.53000,0.365606
40450.54000,0.366205
40450.55000,0.366521
40450.56000,0.366611
40450.57000,0.366639
40450.58000,0.366677
40450.59000,0.366739
40450.60000,0.366825
40450.61000,0.366852
40450.62000,0.366763
40450.63000,0.36657
40450.64000,0.366297
40450.65000,0.365002
40450.66000,0.364989
40450.67000,0.364977
40450.68000,0.364965
40450.69000,0.364953
40450.70000,0.36494
40450.71000,0.364928
40450.72000,0.364916
40450.73000,0.364904
40450.74000,0.364891
40450.75000,0.364879
40450.76000,0.364884
40450.77000,0.364888
40450.78000,0.364893
40450.79000,0.364897
40450.80000,0.364902
40450.81000,0.364906
40450.82000,0.364911
40450.83000,0.364915
40450.84000,0.36492
40450.85000,0.364924
40450.86000,0.364929
40450.87000,0.365182
40450.88000,0.365747
40450.89000,0.366641
40450.90000,0.368784
40450.91000,0.373464
40450.92000,0.379257
40450.93000,0.384447
40450.94000,0.387294
40450.95000,0.387909
40450.96000,0.387513
40450.97000,0.386563
40450.98000,0.385249
40450.99000,0.384063
40451.00000,0.382993
40451.01000,0.381967
40451.02000,0.380931
40451.03000,0.381639
40451.04000,0.383492
40451.05000,0.385616
40451.06000,0.387563
40451.07000,0.389883
40451.08000,0.392118
40451.09000,0.393963
40451.10000,0.395433
40451.11000,0.396138
40451.12000,0.396179
40451.13000,0.395829
40451.14000,0.395153
40451.15000,0.394404
40451.16000,0.394042
40451.17000,0.394019
40451.18000,0.39421
40451.19000,0.394365
40451.20000,0.393992
40451.21000,0.393166
40451.22000,0.391866
40451.23000,0.390008
40451.24000,0.388245
40451.25000,0.386709
40451.26000,0.385388
40451.27000,0.384185
40451.28000,0.38407
40451.29000,0.384733
40451.30000,0.385719
40451.31000,0.386765
40451.32000,0.387213
40451.33000,0.387135
40451.34000,0.386761
40451.35000,0.386221
40451.36000,0.387823
40451.37000,0.391121
40451.38000,0.393965
40451.39000,0.396038
40451.40000,0.397055
40451.41000,0.397041
40451.42000,0.396405
40451.43000,0.39508
40451.44000,0.392863
40451.45000,0.390058
40451.46000,0.38665
40451.47000,0.382839
40451.48000,0.374494
40451.49000,0.374279
40451.50000,0.374063
40451.51000,0.373848
40451.52000,0.373633
40451.53000,0.373418
40451.54000,0.372607
40451.55000,0.371854
40451.56000,0.371089
40451.57000,0.368992
40451.58000,0.368992
40451.59000,0.368993
40451.60000,0.368993
40451.61000,0.368994
40451.62000,0.368995
40451.63000,0.368995
40451.64000,0.368996
40451.65000,0.368996
40451.66000,0.368997
40451.67000,0.368997
40451.68000,0.368998
40451.69000,0.368999
40451.70000,0.369077
40451.71000,0.369264
40451.72000,0.369583
40451.73000,0.370105
40451.74000,0.372099
40451.75000,0.375416
40451.76000,0.379098
40451.77000,0.382351
40451.78000,0.385852
40451.79000,0.388848
40451.80000,0.39116
40451.81000,0.392945
40451.82000,0.394796
40451.83000,0.396456
40451.84000,0.397754
40451.85000,0.398689
40451.86000,0.39897
40451.87000,0.398959
40451.88000,0.398736
40451.89000,0.398078
40451.90000,0.397177
40451.91000,0.396392
40451.92000,0.395789
40451.93000,0.395377
40451.94000,0.394989
40451.95000,0.394112
40451.96000,0.392641
40451.97000,0.390286
40451.98000,0.386546
40451.99000,0.382694
40452.00000,0.379494
40452.01000,0.376853
40452.02000,0.374465
40452.03000,0.369844
40452.04000,0.369831
40452.05000,0.369818
40452.06000,0.369804
40452.07000,0.369791
40452.08000,0.369778
40452.09000,0.369765
40452.10000,0.369752
40452.11000,0.369739
40452.12000,0.369725
40452.13000,0.369712
40452.14000,0.369699
40452.15000,0.369686
40452.16000,0.369918
40452.17000,0.3706
40452.18000,0.371675
40452.19000,0.372788
40452.20000,0.373196
40452.21000,0.373006
40452.22000,0.372405
40452.23000,0.3694
40452.24000,0.369327
40452.25000,0.369254
40452.26000,0.369181
40452.27000,0.369109
40452.28000,0.369036
40452.29000,0.368963
40452.30000,0.368891
40452.31000,0.368818
40452.32000,0.368745
40452.33000,0.368672
40452.34000,0.368606
40452.35000,0.368541
40452.36000,0.368475
40452.37000,0.368409
40452.38000,0.368343
40452.39000,0.368277
40452.40000,0.368211
40452.41000,0.368145
40452.42000,0.368079
40452.43000,0.368013
40452.44000,0.367947
40452.45000,0.367882
40452.46000,0.367816
40452.47000,0.367776
40452.48000,0.36775
40452.49000,0.367724
40452.50000,0.367698
40452.51000,0.367672
40452.52000,0.367646
40452.53000,0.36762
40452.54000,0.367594
40452.55000,0.367568
40452.56000,0.367542
40452.57000,0.367515
40452.58000,0.367489
40452.59000,0.367463
40452.60000,0.367437
40452.61000,0.367411
40452.62000,0.367385
40452.63000,0.367359
40452.64000,0.367333
40452.65000,0.367327
40452.66000,0.367324
40452.67000,0.367321
40452.68000,0.367318
40452.69000,0.367315
40452.70000,0.367312
40452.71000,0.367309
40452.72000,0.367306
40452.73000,0.367303
40452.74000,0.3673
40452.75000,0.367297
40452.76000,0.367294
40452.77000,0.367291
40452.78000,0.367288
40452.79000,0.367285
40452.80000,0.367281
40452.81000,0.367278
40452.82000,0.367275
40452.83000,0.367272
40452.84000,0.367269
40452.85000,0.367266
40452.86000,0.367263
40452.87000,0.36726
40452.88000,0.367255
40452.89000,0.367244
40452.90000,0.367232
40452.91000,0.367221
40452.92000,0.367209
40452.93000,0.367198
40452.94000,0.367186
40452.95000,0.367175
40452.96000,0.367163
40452.97000,0.367152
40452.98000,0.36714
40452.99000,0.367129
40453.00000,0.367117
40453.01000,0.367106
40453.02000,0.367094
40453.03000,0.367083
40453.04000,0.367071
40453.05000,0.36706
40453.06000,0.367048
40453.07000,0.367036
40453.08000,0.367025
40453.09000,0.367013
40453.10000,0.367002
40453.11000,0.36699
40453.12000,0.366979
40453.13000,0.366967
40453.14000,0.366956
40453.15000,0.366944
40453.16000,0.366933
40453.17000,0.366921
40453.18000,0.36691
40453.19000,0.366898
40453.20000,0.36687
40453.21000,0.366831
40453.22000,0.366792
40453.23000,0.366752
40453.24000,0.366713
40453.25000,0.366673
40453.26000,0.366634
40453.27000,0.366594
40453.28000,0.366555
40453.29000,0.366516
40453.30000,0.366476
40453.31000,0.366437
40453.32000,0.366397
40453.33000,0.366358
40453.34000,0.366319
40453.35000,0.366279
40453.36000,0.36624
40453.37000,0.3662
40453.38000,0.366161
40453.39000,0.366121
40453.40000,0.366082
40453.41000,0.366043
40453.42000,0.366003
40453.43000,0.365964
40453.44000,0.365924
40453.45000,0.365885
40453.46000,0.365845
40453.47000,0.365806
40453.48000,0.365767
40453.49000,0.365727
40453.50000,0.365688
40453.51000,0.365648
40453.52000,0.365609
40453.53000,0.36557
40453.54000,0.36553
40453.55000,0.365491
40453.56000,0.365451
40453.57000,0.365412
40453.58000,0.365372
40453.59000,0.365333
40453.60000,0.365294
40453.61000,0.365254
40453.62000,0.365231
40453.63000,0.365227
40453.64000,0.365224
40453.65000,0.36522
40453.66000,0.365217
40453.67000,0.365214
40453.68000,0.36521
40453.69000,0.365207
40453.70000,0.365203
40453.71000,0.3652
40453.72000,0.365196
40453.73000,0.365193
40453.74000,0.36519
40453.75000,0.365186
40453.76000,0.365183
40453.77000,0.365179
40453.78000,0.365176
40453.79000,0.365173
40453.80000,0.365169
40453.81000,0.365166
40453.82000,0.365162
40453.83000,0.365159
40453.84000,0.365156
40453.85000,0.365152
40453.86000,0.365149
40453.87000,0.365145
40453.88000,0.365142
40453.89000,0.365139
40453.90000,0.365135
40453.91000,0.365132
40453.92000,0.365128
40453.93000,0.365125
40453.94000,0.365122
40453.95000,0.365118
40453.96000,0.365115
40453.97000,0.365111
40453.98000,0.365108
40453.99000,0.365104
40454.00000,0.365101
40454.01000,0.365098
40454.02000,0.365094
40454.03000,0.365091
40454.04000,0.365087
40454.05000,0.365084
40454.06000,0.365081
40454.07000,0.365077
40454.08000,0.365074
40454.09000,0.36507
40454.10000,0.365067
40454.11000,0.365064
40454.12000,0.365058
40454.13000,0.36505
40454.14000,0.365041
40454.15000,0.365033
40454.16000,0.365024
40454.17000,0.365016
40454.18000,0.365008
40454.19000,0.364999
40454.20000,0.364991
40454.21000,0.364983
40454.22000,0.364974
40454.23000,0.364966
40454.24000,0.364957
40454.25000,0.364949
40454.26000,0.364941
40454.27000,0.364932
40454.28000,0.364924
40454.29000,0.364915
40454.30000,0.364907
40454.31000,0.364899
40454.32000,0.36489
40454.33000,0.364882
40454.34000,0.364874
40454.35000,0.364865
40454.36000,0.364857
40454.37000,0.364848
40454.38000,0.36484
40454.39000,0.364832
40454.40000,0.364823
40454.41000,0.364815
40454.42000,0.364806
40454.43000,0.364798
40454.44000,0.36479
40454.45000,0.364781
40454.46000,0.364773
40454.47000,0.364765
40454.48000,0.364756
40454.49000,0.364748
40454.50000,0.364739
40454.51000,0.364731
40454.52000,0.364723
40454.53000,0.364714
40454.54000,0.364706
40454.55000,0.364697
40454.56000,0.364689
40454.57000,0.364681
40454.58000,0.364672
40454.59000,0.364664
40454.60000,0.364656
40454.61000,0.364647
40454.62000,0.364648
40454.63000,0.36466
40454.64000,0.364671
40454.65000,0.364683
40454.66000,0.364695
40454.67000,0.364707
40454.68000,0.364719
40454.69000,0.36473
40454.70000,0.365483
40454.71000,0.367363
40454.72000,0.370193
40454.73000,0.373394
40454.74000,0.375865
40454.75000,0.377728
40454.76000,0.379221
40454.77000,0.380033
40454.78000,0.380641
40454.79000,0.381185
40454.80000,0.381701
40454.81000,0.382196
40454.82000,0.381882
40454.83000,0.380745
40454.84000,0.379036
40454.85000,0.37691
40454.86000,0.375699
40454.87000,0.376189
40454.88000,0.377894
40454.89000,0.380136
40454.90000,0.381708
40454.91000,0.381868
40454.92000,0.38119
40454.93000,0.380027
40454.94000,0.378697
40454.95000,0.377725
40454.96000,0.377013
40454.97000,0.376453
40454.98000,0.376007
40454.99000,0.375995
40455.00000,0.376302
40455.01000,0.376802
40455.02000,0.377402
40455.03000,0.377688
40455.04000,0.377709
40455.05000,0.377567
40455.06000,0.377332
40455.07000,0.376749
40455.08000,0.375814
40455.09000,0.374629
40455.10000,0.373278
40455.11000,0.372491
40455.12000,0.372756
40455.13000,0.373953
40455.14000,0.375761
40455.15000,0.377289
40455.16000,0.377815
40455.17000,0.377665
40455.18000,0.377117
40455.19000,0.37643
40455.20000,0.375961
40455.21000,0.375672
40455.22000,0.375501
40455.23000,0.375321
40455.24000,0.375363
40455.25000,0.375406
40455.26000,0.375449
40455.27000,0.375492
40455.28000,0.375535
40455.29000,0.37597
40455.30000,0.376543
40455.31000,0.377182
40455.32000,0.377841
40455.33000,0.378495
40455.34000,0.379129
40455.35000,0.379739
40455.36000,0.379835
40455.37000,0.379236
40455.38000,0.378184
40455.39000,0.376832
40455.40000,0.375424
40455.41000,0.374194
40455.42000,0.373092
40455.43000,0.372066
40455.44000,0.367297
40455.45000,0.367295
40455.46000,0.367293
40455.47000,0.367291
40455.48000,0.367289
40455.49000,0.367288
40455.50000,0.367286
40455.51000,0.367284
40455.52000,0.367282
40455.53000,0.36728
40455.54000,0.367278
40455.55000,0.367277
40455.56000,0.367275
40455.57000,0.367273
40455.58000,0.367271
40455.59000,0.367269
40455.60000,0.367268
40455.61000,0.367266
40455.62000,0.367264
40455.63000,0.367262
40455.64000,0.36726
40455.65000,0.367259
40455.66000,0.367257
40455.67000,0.367255
40455.68000,0.367253
40455.69000,0.367251
40455.70000,0.367249
40455.71000,0.367248
40455.72000,0.367246
40455.73000,0.367244
40455.74000,0.367242
40455.75000,0.36724
40455.76000,0.367239
40455.77000,0.367237
40455.78000,0.367235
40455.79000,0.367233
40455.80000,0.367231
40455.81000,0.36723
40455.82000,0.367228
40455.83000,0.367226
40455.84000,0.367224
40455.85000,0.367222
40455.86000,0.36722
40455.87000,0.367219
40455.88000,0.367217
40455.89000,0.367215
40455.90000,0.367213
40455.91000,0.367211
40455.92000,0.36721
40455.93000,0.367208
40455.94000,0.367206
40455.95000,0.367181
40455.96000,0.367155
40455.97000,0.36713
40455.98000,0.367105
40455.99000,0.367079
40456.00000,0.367054
40456.01000,0.367029
40456.02000,0.367003
40456.03000,0.366978
40456.04000,0.366953
40456.05000,0.366927
40456.06000,0.366902
40456.07000,0.366877
40456.08000,0.366852
40456.09000,0.366826
40456.10000,0.366801
40456.11000,0.366776
40456.12000,0.36675
40456.13000,0.366725
40456.14000,0.3667
40456.15000,0.366674
40456.16000,0.366649
40456.17000,0.366624
40456.18000,0.366598
40456.19000,0.366573
40456.20000,0.366548
40456.21000,0.366522
40456.22000,0.366497
40456.23000,0.366472
40456.24000,0.366446
40456.25000,0.366421
40456.26000,0.366396
40456.27000,0.36637
40456.28000,0.366345
40456.29000,0.36632
40456.30000,0.366295
40456.31000,0.366269
40456.32000,0.366253
40456.33000,0.366247
40456.34000,0.36624
40456.35000,0.366233
40456.36000,0.366227
40456.37000,0.36622
40456.38000,0.366213
40456.39000,0.366207
40456.40000,0.3662
40456.41000,0.366194
40456.42000,0.366187
40456.43000,0.36618
40456.44000,0.366174
40456.45000,0.366167
40456.46000,0.36616
40456.47000,0.366154
40456.48000,0.366147
40456.49000,0.36614
40456.50000,0.366134
40456.51000,0.366127
40456.52000,0.366121
40456.53000,0.366114
40456.54000,0.366107
40456.55000,0.366101
40456.56000,0.366094
40456.57000,0.366087
40456.58000,0.366081
40456.59000,0.366074
40456.60000,0.366067
40456.61000,0.366061
40456.62000,0.366054
40456.63000,0.366047
40456.64000,0.366041
40456.65000,0.366034
40456.66000,0.366028
40456.67000,0.366021
40456.68000,0.366014
40456.69000,0.366008
40456.70000,0.366001
40456.71000,0.365994
40456.72000,0.365988
40456.73000,0.365981
40456.74000,0.365974
40456.75000,0.365968
40456.76000,0.365961
40456.77000,0.365955
40456.78000,0.365948
40456.79000,0.365941
40456.80000,0.365935
40456.81000,0.365928
40456.82000,0.365915
40456.83000,0.365897
40456.84000,0.365878
40456.85000,0.365859
40456.86000,0.365841
40456.87000,0.365822
40456.88000,0.365803
40456.89000,0.365784
40456.90000,0.365766
40456.91000,0.365747
40456.92000,0.365728
40456.93000,0.36571
40456.94000,0.365691
40456.95000,0.365672
40456.96000,0.365654
40456.97000,0.365635
40456.98000,0.365616
40456.99000,0.365598
40457.00000,0.365579
40457.01000,0.36556
40457.02000,0.365541
40457.03000,0.365523
40457.04000,0.365504
40457.05000,0.365485
40457.06000,0.365467
40457.07000,0.365448
40457.08000,0.365429
40457.09000,0.365411
40457.10000,0.365392
40457.11000,0.365373
40457.12000,0.365355
40457.13000,0.365336
40457.14000,0.365317
40457.15000,0.365298
40457.16000,0.36528
40457.17000,0.365261
40457.18000,0.365242
40457.19000,0.365224
40457.20000,0.365205
40457.21000,0.365186
40457.22000,0.365168
40457.23000,0.365149
40457.24000,0.36513
40457.25000,0.365112
40457.26000,0.365093
40457.27000,0.365074
40457.28000,0.365055
40457.29000,0.365037
40457.30000,0.365018
40457.31000,0.364999
40457.32000,0.36499
40457.33000,0.364991
40457.34000,0.364992
40457.35000,0.364993
40457.36000,0.364994
40457.37000,0.364995
40457.38000,0.364996
40457.39000,0.364997
40457.40000,0.364998
40457.41000,0.364999
40457.42000,0.365
40457.43000,0.365001
40457.44000,0.365001
40457.45000,0.365002
40457.46000,0.365003
40457.47000,0.365004
40457.48000,0.365005
40457.49000,0.365006
40457.50000,0.365007
40457.51000,0.365008
40457.52000,0.365009
40457.53000,0.36501
40457.54000,0.365011
40457.55000,0.365012
40457.56000,0.365012
40457.57000,0.365013
40457.58000,0.365014
40457.59000,0.365015
40457.60000,0.365016
40457.61000,0.365017
40457.62000,0.365018
40457.63000,0.365019
40457.64000,0.36502
40457.65000,0.365021
40457.66000,0.365022
40457.67000,0.365023
40457.68000,0.365024
40457.69000,0.365024
40457.70000,0.365025
40457.71000,0.365026
40457.72000,0.365027
40457.73000,0.365028
40457.74000,0.365029
40457.75000,0.36503
40457.76000,0.365031
40457.77000,0.365032
40457.78000,0.365033
40457.79000,0.365034
40457.80000,0.365035
40457.81000,0.365035
40457.82000,0.365043
40457.83000,0.365057
40457.84000,0.365071
40457.85000,0.365084
40457.86000,0.365098
40457.87000,0.365501
40457.88000,0.366436
40457.89000,0.367881
40457.90000,0.369285
40457.91000,0.369979
40457.92000,0.370045
40457.93000,0.369647
40457.94000,0.366328
40457.95000,0.366294
40457.96000,0.366261
40457.97000,0.366227
40457.98000,0.366194
40457.99000,0.36616
40458.00000,0.366127
40458.01000,0.366093
40458.02000,0.36606
40458.03000,0.366026
40458.04000,0.365993
40458.05000,0.365959
40458.06000,0.365926
40458.07000,0.365892
40458.08000,0.365859
40458.09000,0.365825
40458.10000,0.365792
40458.11000,0.365758
40458.12000,0.365725
40458.13000,0.365692
40458.14000,0.365658
40458.15000,0.365625
40458.16000,0.365591
40458.17000,0.365558
40458.18000,0.365524
40458.19000,0.365491
40458.20000,0.365457
40458.21000,0.365424
40458.22000,0.36539
40458.23000,0.365357
40458.24000,0.365323
40458.25000,0.36529
40458.26000,0.365256
40458.27000,0.365223
40458.28000,0.365189
40458.29000,0.365156
40458.30000,0.365122
40458.31000,0.365089
40458.32000,0.365055
40458.33000,0.365022
40458.34000,0.364988
40458.35000,0.364955
40458.36000,0.364921
40458.37000,0.364888
40458.38000,0.364854
40458.39000,0.364821
40458.40000,0.364787
40458.41000,0.364754
40458.42000,0.36472
40458.43000,0.364687
40458.44000,0.364653
40458.45000,0.364651
40458.46000,0.364648
40458.47000,0.364645
40458.48000,0.364643
40458.49000,0.36464
40458.50000,0.364638
40458.51000,0.364635
40458.52000,0.364632
40458.53000,0.36463
40458.54000,0.364627
40458.55000,0.364624
40458.56000,0.364622
40458.57000,0.364619
40458.58000,0.364617
40458.59000,0.364614
40458.60000,0.364611
40458.61000,0.364609
40458.62000,0.364606
40458.63000,0.364604
40458.64000,0.364601
40458.65000,0.364598
40458.66000,0.364596
40458.67000,0.364593
40458.68000,0.36459
40458.69000,0.364588
40458.70000,0.364585
40458.71000,0.364583
40458.72000,0.36458
40458.73000,0.364577
40458.74000,0.364575
40458.75000,0.364572
40458.76000,0.364569
40458.77000,0.364567
40458.78000,0.364564
40458.79000,0.364562
40458.80000,0.364559
40458.81000,0.364556
40458.82000,0.364546
40458.83000,0.364527
40458.84000,0.364509
40458.85000,0.364491
40458.86000,0.364472
40458.87000,0.364454
40458.88000,0.364435
40458.89000,0.364417
40458.90000,0.364399
40458.91000,0.36438
40458.92000,0.364362
40458.93000,0.364343
40458.94000,0.364325
40458.95000,0.364306
40458.96000,0.364288
40458.97000,0.36427
40458.98000,0.364251
40458.99000,0.364233
40459.00000,0.364214
40459.01000,0.364196
40459.02000,0.364178
40459.03000,0.364159
40459.04000,0.364141
40459.05000,0.364122
40459.06000,0.364104
40459.07000,0.364086
40459.08000,0.364067
40459.09000,0.364049
40459.10000,0.36403
40459.11000,0.364012
40459.12000,0.363994
40459.13000,0.363975
40459.14000,0.363957
40459.15000,0.363938
40459.16000,0.36392
40459.17000,0.363902
40459.18000,0.363883
40459.19000,0.363865
40459.20000,0.363846
40459.21000,0.363828
40459.22000,0.363809
40459.23000,0.363791
40459.24000,0.363773
40459.25000,0.363754
40459.26000,0.363736
40459.27000,0.363717
40459.28000,0.363699
40459.29000,0.363681
40459.30000,0.363662
40459.31000,0.363644
40459.32000,0.363631
40459.33000,0.363625
40459.34000,0.363619
40459.35000,0.363613
40459.36000,0.363606
40459.37000,0.3636
40459.38000,0.363594
40459.39000,0.363587
40459.40000,0.363581
40459.41000,0.363575
40459.42000,0.363569
40459.43000,0.363562
40459.44000,0.363556
40459.45000,0.36355
40459.46000,0.363543
40459.47000,0.363537
40459.48000,0.363531
40459.49000,0.363525
40459.50000,0.363518
40459.51000,0.363512
40459.52000,0.363506
40459.53000,0.363499
40459.54000,0.363493
40459.55000,0.363487
40459.56000,0.36348
40459.57000,0.363474
40459.58000,0.363468
40459.59000,0.363462
40459.60000,0.363455
40459.61000,0.363449
40459.62000,0.363443
40459.63000,0.363436
40459.64000,0.36343
40459.65000,0.363424
40459.66000,0.363418
40459.67000,0.363411
40459.68000,0.363405
40459.69000,0.363399
40459.70000,0.363392
40459.71000,0.363386
40459.72000,0.36338
40459.73000,0.363373
40459.74000,0.363367
40459.75000,0.363361
40459.76000,0.363355
40459.77000,0.363348
40459.78000,0.363342
40459.79000,0.363336
40459.80000,0.363329
40459.81000,0.363323
40459.82000,0.363311
40459.83000,0.363293
40459.84000,0.363275
40459.85000,0.363257
40459.86000,0.363239
40459.87000,0.363221
40459.88000,0.363203
40459.89000,0.363185
40459.90000,0.363168
40459.91000,0.36315
40459.92000,0.363132
40459.93000,0.363114
40459.94000,0.363096
40459.95000,0.363078
40459.96000,0.36306
40459.97000,0.363042
40459.98000,0.363024
40459.99000,0.363006
40460.00000,0.362988
40460.01000,0.36297
40460.02000,0.362952
40460.03000,0.362934
40460.04000,0.362916
40460.05000,0.362898
40460.06000,0.362881
40460.07000,0.362863
40460.08000,0.362845
40460.09000,0.362827
40460.10000,0.362809
40460.11000,0.362791
40460.12000,0.362773
40460.13000,0.362755
40460.14000,0.362737
40460.15000,0.362719
40460.16000,0.362701
40460.17000,0.362683
40460.18000,0.362665
40460.19000,0.362647
40460.20000,0.362629
40460.21000,0.362611
40460.22000,0.362594
40460.23000,0.362576
40460.24000,0.362558
40460.25000,0.36254
40460.26000,0.362522
40460.27000,0.362504
40460.28000,0.362486
40460.29000,0.362468
40460.30000,0.36245
40460.31000,0.362432
40460.32000,0.36242
40460.33000,0.362414
40460.34000,0.362408
40460.35000,0.362401
40460.36000,0.362395
40460.37000,0.362389
40460.38000,0.362383
40460.39000,0.362377
40460.40000,0.36237
40460.41000,0.362364
40460.42000,0.362358
40460.43000,0.362352
40460.44000,0.362346
40460.45000,0.362339
40460.46000,0.362333
40460.47000,0.362327
40460.48000,0.362321
40460.49000,0.362315
40460.50000,0.362308
40460.51000,0.362302
40460.52000,0.362296
40460.53000,0.36229
40460.54000,0.362284
40460.55000,0.362277
40460.56000,0.362271
40460.57000,0.362265
40460.58000,0.362259
40460.59000,0.362253
40460.60000,0.362246
40460.61000,0.36224
40460.62000,0.362234
40460.63000,0.362228
40460.64000,0.362222
40460.65000,0.362215
40460.66000,0.362209
40460.67000,0.362203
40460.68000,0.362197
40460.69000,0.362191
40460.70000,0.362184
40460.71000,0.362178
40460.72000,0.362172
40460.73000,0.362166
40460.74000,0.362159
40460.75000,0.362153
40460.76000,0.362147
40460.77000,0.362141
40460.78000,0.362135
40460.79000,0.362128
40460.80000,0.362122
40460.81000,0.362116
40460.82000,0.362104
40460.83000,0.362086
40460.84000,0.362069
40460.85000,0.362051
40460.86000,0.362033
40460.87000,0.362016
40460.88000,0.361998
40460.89000,0.36198
40460.90000,0.361963
40460.91000,0.361945
40460.92000,0.361927
40460.93000,0.36191
40460.94000,0.361892
40460.95000,0.361874
40460.96000,0.361857
40460.97000,0.361839
40460.98000,0.361821
40460.99000,0.361803
40461.00000,0.361786
40461.01000,0.361768
40461.02000,0.36175
40461.03000,0.361733
40461.04000,0.361715
40461.05000,0.361697
40461.06000,0.36168
40461.07000,0.361662
40461.08000,0.361644
40461.09000,0.361627
40461.10000,0.361609
40461.11000,0.361591
40461.12000,0.361574
40461.13000,0.361556
40461.14000,0.361538
40461.15000,0.361521
40461.16000,0.361503
40461.17000,0.361485
40461.18000,0.361467
40461.19000,0.36145
40461.20000,0.361432
40461.21000,0.361414
40461.22000,0.361397
40461.23000,0.361379
40461.24000,0.361361
40461.25000,0.361344
40461.26000,0.361326
40461.27000,0.361308
40461.28000,0.361291
40461.29000,0.361273
40461.30000,0.361255
40461.31000,0.361238
40461.32000,0.361226
40461.33000,0.36122
40461.34000,0.361214
40461.35000,0.361207
40461.36000,0.361201
40461.37000,0.361195
40461.38000,0.361189
40461.39000,0.361183
40461.40000,0.361177
40461.41000,0.361171
40461.42000,0.361165
40461.43000,0.361159
40461.44000,0.361153
40461.45000,0.361147
40461.46000,0.361141
40461.47000,0.361135
40461.48000,0.361129
40461.49000,0.361123
40461.50000,0.361117
40461.51000,0.361111
40461.52000,0.361104
40461.53000,0.361098
40461.54000,0.361092
40461.55000,0.361086
40461.56000,0.36108
40461.57000,0.361074
40461.58000,0.361068
40461.59000,0.361062
40461.60000,0.361056
40461.61000,0.36105
40461.62000,0.361044
40461.63000,0.361038
40461.64000,0.361032
40461.65000,0.361026
40461.66000,0.36102
40461.67000,0.361014
40461.68000,0.361008
40461.69000,0.361001
40461.70000,0.360995
40461.71000,0.360989
40461.72000,0.360983
40461.73000,0.360977
40461.74000,0.360971
40461.75000,0.360965
40461.76000,0.360959
40461.77000,0.360953
40461.78000,0.360947
40461.79000,0.360941
40461.80000,0.360935
40461.81000,0.360929
40461.82000,0.360917
40461.83000,0.3609
40461.84000,0.360882
40461.85000,0.360865
40461.86000,0.360848
40461.87000,0.360831
40461.88000,0.360813
40461.89000,0.360796
40461.90000,0.360779
40461.91000,0.360761
40461.92000,0.360744
40461.93000,0.360727
40461.94000,0.360709
40461.95000,0.360692
40461.96000,0.360675
40461.97000,0.360657
40461.98000,0.36064
40461.99000,0.360623
40462.00000,0.360606
40462.01000,0.360588
40462.02000,0.360571
40462.03000,0.360554
40462.04000,0.360536
40462.05000,0.360519
40462.06000,0.360502
40462.07000,0.360484
40462.08000,0.360467
40462.09000,0.36045
40462.10000,0.360433
40462.11000,0.360415
40462.12000,0.360398
40462.13000,0.360381
40462.14000,0.360363
40462.15000,0.360346
40462.16000,0.360329
40462.17000,0.360311
40462.18000,0.360294
40462.19000,0.360277
40462.20000,0.360259
40462.21000,0.360242
40462.22000,0.360225
40462.23000,0.360208
40462.24000,0.36019
40462.25000,0.360173
40462.26000,0.360156
40462.27000,0.360138
40462.28000,0.360121
40462.29000,0.360104
40462.30000,0.360086
40462.31000,0.360069
40462.32000,0.360058
40462.33000,0.360052
40462.34000,0.360046
40462.35000,0.36004
40462.36000,0.360034
40462.37000,0.360028
40462.38000,0.360022
40462.39000,0.360016
40462.40000,0.36001
40462.41000,0.360004
40462.42000,0.359998
40462.43000,0.359992
40462.44000,0.359986
40462.45000,0.35998
40462.46000,0.359974
40462.47000,0.359968
40462.48000,0.359963
40462.49000,0.359957
40462.50000,0.359951
40462.51000,0.359945
40462.52000,0.359939
40462.53000,0.359933
40462.54000,0.359927
40462.55000,0.359921
40462.56000,0.359915
40462.57000,0.359909
40462.58000,0.359903
40462.59000,0.359897
40462.60000,0.359891
40462.61000,0.359885
40462.62000,0.359879
40462.63000,0.359874
40462.64000,0.359868
40462.65000,0.359862
40462.66000,0.359856
40462.67000,0.35985
40462.68000,0.359844
40462.69000,0.359838
40462.70000,0.359832
40462.71000,0.359826
40462.72000,0.35982
40462.73000,0.359814
40462.74000,0.359808
40462.75000,0.359802
40462.76000,0.359796
40462.77000,0.35979
40462.78000,0.359785
40462.79000,0.359779
40462.80000,0.359773
40462.81000,0.359767
40462.82000,0.359755
40462.83000,0.359738
40462.84000,0.359721
40462.85000,0.359704
40462.86000,0.359687
40462.87000,0.35967
40462.88000,0.359653
40462.89000,0.359636
40462.90000,0.359619
40462.91000,0.359602
40462.92000,0.359585
40462.93000,0.359568
40462.94000,0.359551
40462.95000,0.359534
40462.96000,0.359517
40462.97000,0.3595
40462.98000,0.359483
40462.99000,0.359466
40463.00000,0.359449
40463.01000,0.359432
40463.02000,0.359415
40463.03000,0.359398
40463.04000,0.359381
40463.05000,0.359364
40463.06000,0.359347
40463.07000,0.35933
40463.08000,0.359313
40463.09000,0.359296
40463.10000,0.359279
40463.11000,0.359262
40463.12000,0.359245
40463.13000,0.359228
40463.14000,0.359211
40463.15000,0.359194
40463.16000,0.359176
40463.17000,0.359159
40463.18000,0.359142
40463.19000,0.359125
40463.20000,0.359108
40463.21000,0.359091
40463.22000,0.359074
40463.23000,0.359057
40463.24000,0.35904
40463.25000,0.359023
40463.26000,0.359006
40463.27000,0.358989
40463.28000,0.358972
40463.29000,0.358955
40463.30000,0.358938
40463.31000,0.358921
40463.32000,0.35891
40463.33000,0.358904
40463.34000,0.358898
40463.35000,0.358892
40463.36000,0.358886
40463.37000,0.358881
40463.38000,0.358875
40463.39000,0.358869
40463.40000,0.358863
40463.41000,0.358857
40463.42000,0.358852
40463.43000,0.358846
40463.44000,0.35884
40463.45000,0.358834
40463.46000,0.358828
40463.47000,0.358822
40463.48000,0.358817
40463.49000,0.358811
40463.50000,0.358805
40463.51000,0.358799
40463.52000,0.358793
40463.53000,0.358787
40463.54000,0.358782
40463.55000,0.358776
40463.56000,0.35877
40463.57000,0.358764
40463.58000,0.358758
40463.59000,0.358753
40463.60000,0.358747
40463.61000,0.358741
40463.62000,0.358735
40463.63000,0.358729
40463.64000,0.358723
40463.65000,0.358718
40463.66000,0.358712
40463.67000,0.358706
40463.68000,0.3587
40463.69000,0.358694
40463.70000,0.358688
40463.71000,0.358683
40463.72000,0.358677
40463.73000,0.358671
40463.74000,0.358665
40463.75000,0.358659
40463.76000,0.358654
40463.77000,0.358648
40463.78000,0.358642
40463.79000,0.358636
40463.80000,0.35863
40463.81000,0.358624
40463.82000,0.358613
40463.83000,0.358596
40463.84000,0.358579
40463.85000,0.358562
40463.86000,0.358545
40463.87000,0.358528
40463.88000,0.358511
40463.89000,0.358494
40463.90000,0.358477
40463.91000,0.35846
40463.92000,0.358442
40463.93000,0.358425
40463.94000,0.358408
40463.95000,0.358391
40463.96000,0.358374
40463.97000,0.358357
40463.98000,0.35834
40463.99000,0.358323
40464.00000,0.358306
40464.01000,0.358289
40464.02000,0.358272
40464.03000,0.358255
40464.04000,0.358238
40464.05000,0.358221
40464.06000,0.358204
40464.07000,0.358187
40464.08000,0.35817
40464.09000,0.358153
40464.10000,0.358136
40464.11000,0.358118
40464.12000,0.358101
40464.13000,0.358084
40464.14000,0.358067
40464.15000,0.35805
40464.16000,0.358033
40464.17000,0.358016
40464.18000,0.357999
40464.19000,0.357982
40464.20000,0.357965
40464.21000,0.357948
40464.22000,0.357931
40464.23000,0.357914
40464.24000,0.357897
40464.25000,0.35788
40464.26000,0.357863
40464.27000,0.357846
40464.28000,0.357829
40464.29000,0.357812
40464.30000,0.357794
40464.31000,0.357777
40464.32000,0.357767
40464.33000,0.357763
40464.34000,0.357758
40464.35000,0.357754
40464.36000,0.35775
40464.37000,0.357746
40464.38000,0.357741
40464.39000,0.357737
40464.40000,0.357733
40464.41000,0.357729
40464.42000,0.357724
40464.43000,0.35772
40464.44000,0.357716
40464.45000,0.357712
40464.46000,0.357707
40464.47000,0.357703
40464.48000,0.357699
40464.49000,0.357694
40464.50000,0.35769
40464.51000,0.357686
40464.52000,0.357682
40464.53000,0.357677
40464.54000,0.357673
40464.55000,0.357669
40464.56000,0.357665
40464.57000,0.35766
40464.58000,0.357656
40464.59000,0.357652
40464.60000,0.357648
40464.61000,0.357643
40464.62000,0.357639
40464.63000,0.357635
40464.64000,0.357631
40464.65000,0.357626
40464.66000,0.357622
40464.67000,0.357618
40464.68000,0.357614
40464.69000,0.357609
40464.70000,0.357605
40464.71000,0.357601
40464.72000,0.357597
40464.73000,0.357592
40464.74000,0.357588
40464.75000,0.357584
40464.76000,0.35758
40464.77000,0.357575
40464.78000,0.357571
40464.79000,0.357567
40464.80000,0.357563
40464.81000,0.357558
40464.82000,0.357556
40464.83000,0.357556
40464.84000,0.357556
40464.85000,0.357556
40464.86000,0.357556
40464.87000,0.357556
40464.88000,0.357555
40464.89000,0.357555
40464.90000,0.357555
40464.91000,0.357555
40464.92000,0.357555
40464.93000,0.357555
40464.94000,0.357555
40464.95000,0.357555
40464.96000,0.357554
40464.97000,0.357554
40464.98000,0.357554
40464.99000,0.357554
40465.00000,0.357554
40465.01000,0.357554
40465.02000,0.357554
40465.03000,0.357553
40465.04000,0.357553
40465.05000,0.357553
40465.06000,0.357553
40465.07000,0.357553
40465.08000,0.357553
40465.09000,0.357553
40465.10000,0.357553
40465.11000,0.357552
40465.12000,0.357552
40465.13000,0.357552
40465.14000,0.357552
40465.15000,0.357552
40465.16000,0.357552
40465.17000,0.357552
40465.18000,0.357552
40465.19000,0.357551
40465.20000,0.357551
40465.21000,0.357551
40465.22000,0.357551
40465.23000,0.357551
40465.24000,0.357648
40465.25000,0.358044
40465.26000,0.35884
40465.27000,0.360016
40465.28000,0.363762
40465.29000,0.369797
40465.30000,0.376277
40465.31000,0.381863
40465.32000,0.385175
40465.33000,0.387125
40465.34000,0.387762
40465.35000,0.387735
40465.36000,0.387146
40465.37000,0.385922
40465.38000,0.384151
40465.39000,0.381886
40465.40000,0.381085
40465.41000,0.383829
40465.42000,0.387521
40465.43000,0.390574
40465.44000,0.392645
40465.45000,0.393695
40465.46000,0.394311
40465.47000,0.394733
40465.48000,0.395017
40465.49000,0.394742
40465.50000,0.394024
40465.51000,0.392854
40465.52000,0.391096
40465.53000,0.388924
40465.54000,0.386338
40465.55000,0.383322
40465.56000,0.379899
40465.57000,0.377081
40465.58000,0.375049
40465.59000,0.373504
40465.60000,0.372236
40465.61000,0.367801
40465.62000,0.367797
40465.63000,0.367792
40465.64000,0.367788
40465.65000,0.367784
40465.66000,0.36778
40465.67000,0.367775
40465.68000,0.367771
40465.69000,0.367767
40465.70000,0.367762
40465.71000,0.367758
40465.72000,0.367754
40465.73000,0.36775
40465.74000,0.367745
40465.75000,0.367741
40465.76000,0.367737
40465.77000,0.367732
40465.78000,0.367728
40465.79000,0.367724
40465.80000,0.367719
40465.81000,0.367715
40465.82000,0.367711
40465.83000,0.367707
40465.84000,0.367702
40465.85000,0.367698
40465.86000,0.367694
40465.87000,0.367689
40465.88000,0.367685
40465.89000,0.367681
40465.90000,0.367676
40465.91000,0.367672
40465.92000,0.367668
40465.93000,0.367664
40465.94000,0.367659
40465.95000,0.367655
40465.96000,0.367651
40465.97000,0.367646
40465.98000,0.367642
40465.99000,0.367638
40466.00000,0.367634
40466.01000,0.367629
40466.02000,0.367625
40466.03000,0.367621
40466.04000,0.367616
40466.05000,0.367612
40466.06000,0.367608
40466.07000,0.367603
40466.08000,0.367599
40466.09000,0.367595
40466.10000,0.367591
40466.11000,0.367586
40466.12000,0.367531
40466.13000,0.367476
40466.14000,0.367421
40466.15000,0.367365
40466.16000,0.36731
40466.17000,0.367255
40466.18000,0.3672
40466.19000,0.367145
40466.20000,0.367089
40466.21000,0.367034
40466.22000,0.366979
40466.23000,0.366924
40466.24000,0.366868
40466.25000,0.366813
40466.26000,0.366758
40466.27000,0.366703
40466.28000,0.366648
40466.29000,0.366592
40466.30000,0.366537
40466.31000,0.366482
40466.32000,0.366427
40466.33000,0.366372
40466.34000,0.366316
40466.35000,0.366261
40466.36000,0.366206
40466.37000,0.366151
40466.38000,0.366095
40466.39000,0.36604
40466.40000,0.365985
40466.41000,0.36593
40466.42000,0.365875
40466.43000,0.365819
40466.44000,0.365764
40466.45000,0.365709
40466.46000,0.365654
40466.47000,0.365599
40466.48000,0.365543
40466.49000,0.365515
40466.50000,0.365513
40466.51000,0.365511
40466.52000,0.365509
40466.53000,0.365507
40466.54000,0.365505
40466.55000,0.365503
40466.56000,0.365501
40466.57000,0.365499
40466.58000,0.365497
40466.59000,0.365495
40466.60000,0.365493
40466.61000,0.365491
40466.62000,0.36549
40466.63000,0.365488
40466.64000,0.365486
40466.65000,0.365484
40466.66000,0.365482
40466.67000,0.36548
40466.68000,0.365478
40466.69000,0.365476
40466.70000,0.365474
40466.71000,0.365472
40466.72000,0.36547
40466.73000,0.365468
40466.74000,0.365466
40466.75000,0.365464
40466.76000,0.365462
40466.77000,0.36546
40466.78000,0.365458
40466.79000,0.365456
40466.80000,0.365454
40466.81000,0.365453
40466.82000,0.365451
40466.83000,0.365449
40466.84000,0.365447
40466.85000,0.365445
40466.86000,0.365443
40466.87000,0.365441
40466.88000,0.365439
40466.89000,0.365437
40466.90000,0.365435
40466.91000,0.365433
40466.92000,0.365431
40466.93000,0.365429
40466.94000,0.365427
40466.95000,0.365425
40466.96000,0.365423
40466.97000,0.365421
40466.98000,0.365419
40466.99000,0.365398
40467.00000,0.365356
40467.01000,0.365315
40467.02000,0.365274
40467.03000,0.365232
40467.04000,0.365191
40467.05000,0.365149
40467.06000,0.365108
40467.07000,0.365067
40467.08000,0.365025
40467.09000,0.364984
40467.10000,0.364943
40467.11000,0.364901
40467.12000,0.36486
40467.13000,0.364818
40467.14000,0.364777
40467.15000,0.364736
40467.16000,0.364694
40467.17000,0.364653
40467.18000,0.364611
40467.19000,0.36457
40467.20000,0.364529
40467.21000,0.364487
40467.22000,0.364446
40467.23000,0.364405
40467.24000,0.364363
40467.25000,0.364322
40467.26000,0.36428
40467.27000,0.364239
40467.28000,0.364198
40467.29000,0.364156
40467.30000,0.364115
40467.31000,0.364073
40467.32000,0.364032
40467.33000,0.363991
40467.34000,0.363949
40467.35000,0.363908
40467.36000,0.363867
40467.37000,0.363825
40467.38000,0.363784
40467.39000,0.363742
40467.40000,0.363701
40467.41000,0.36366
40467.42000,0.363618
40467.43000,0.363577
40467.44000,0.363535
40467.45000,0.363494
40467.46000,0.363453
40467.47000,0.363411
40467.48000,0.36337
40467.49000,0.363349
40467.50000,0.363347
40467.51000,0.363346
40467.52000,0.363345
40467.53000,0.363344
40467.54000,0.363343
40467.55000,0.363342
40467.56000,0.363341
40467.57000,0.36334
40467.58000,0.363339
40467.59000,0.363337
40467.60000,0.363336
40467.61000,0.363335
40467.62000,0.363334
40467.63000,0.363333
40467.64000,0.363332
40467.65000,0.363331
40467.66000,0.36333
40467.67000,0.363329
40467.68000,0.363327
40467.69000,0.363326
40467.70000,0.363325
40467.71000,0.363324
40467.72000,0.363323
40467.73000,0.363322
40467.74000,0.363321
40467.75000,0.36332
40467.76000,0.363318
40467.77000,0.363317
40467.78000,0.363316
40467.79000,0.363315
40467.80000,0.363314
40467.81000,0.363313
40467.82000,0.363312
40467.83000,0.363311
40467.84000,0.36331
40467.85000,0.363308
40467.86000,0.363307
40467.87000,0.363306
40467.88000,0.363305
40467.89000,0.363304
40467.90000,0.363303
40467.91000,0.363302
40467.92000,0.363301
40467.93000,0.3633
40467.94000,0.363298
40467.95000,0.363297
40467.96000,0.363296
40467.97000,0.363295
40467.98000,0.363294
40467.99000,0.363273
40468.00000,0.363233
40468.01000,0.363192
40468.02000,0.363152
40468.03000,0.363111
40468.04000,0.363071
40468.05000,0.36303
40468.06000,0.36299
40468.07000,0.362949
40468.08000,0.362909
40468.09000,0.362868
40468.10000,0.362828
40468.11000,0.362787
40468.12000,0.362747
40468.13000,0.362707
40468.14000,0.362666
40468.15000,0.362626
40468.16000,0.362585
40468.17000,0.362545
40468.18000,0.362504
40468.19000,0.362464
40468.20000,0.362423
40468.21000,0.362383
40468.22000,0.362342
40468.23000,0.362302
40468.24000,0.362261
40468.25000,0.362221
40468.26000,0.36218
40468.27000,0.36214
40468.28000,0.362099
40468.29000,0.362059
40468.30000,0.362018
40468.31000,0.361978
40468.32000,0.361937
40468.33000,0.361897
40468.34000,0.361857
40468.35000,0.361816
40468.36000,0.361776
40468.37000,0.361735
40468.38000,0.361695
40468.39000,0.361654
40468.40000,0.361614
40468.41000,0.361573
40468.42000,0.361533
40468.43000,0.361492
40468.44000,0.361452
40468.45000,0.361411
40468.46000,0.361371
40468.47000,0.36133
40468.48000,0.36129
40468.49000,0.361269
40468.50000,0.361269
40468.51000,0.361268
40468.52000,0.361267
40468.53000,0.361267
40468.54000,0.361266
40468.55000,0.361265
40468.56000,0.361265
40468.57000,0.361264
40468.58000,0.361264
40468.59000,0.361263
40468.60000,0.361262
40468.61000,0.361262
40468.62000,0.361261
40468.63000,0.36126
40468.64000,0.36126
40468.65000,0.361259
40468.66000,0.361258
40468.67000,0.361258
40468.68000,0.361257
40468.69000,0.361256
40468.70000,0.361256
40468.71000,0.361255
40468.72000,0.361254
40468.73000,0.361254
40468.74000,0.361253
40468.75000,0.361253
40468.76000,0.361252
40468.77000,0.361251
40468.78000,0.361251
40468.79000,0.36125
40468.80000,0.361249
40468.81000,0.361249
40468.82000,0.361248
40468.83000,0.361247
40468.84000,0.361247
40468.85000,0.361246
40468.86000,0.361245
40468.87000,0.361245
40468.88000,0.361244
40468.89000,0.361244
40468.90000,0.361243
40468.91000,0.361242
40468.92000,0.361242
40468.93000,0.361241
40468.94000,0.36124
40468.95000,0.36124
40468.96000,0.361239
40468.97000,0.361238
40468.98000,0.361238
40468.99000,0.36122
40469.00000,0.361186
40469.01000,0.361152
40469.02000,0.361118
40469.03000,0.361084
40469.04000,0.36105
40469.05000,0.361016
40469.06000,0.360982
40469.07000,0.360948
40469.08000,0.360914
40469.09000,0.36088
40469.10000,0.360846
40469.11000,0.360812
40469.12000,0.360778
40469.13000,0.360744
40469.14000,0.36071
40469.15000,0.360676
40469.16000,0.360642
40469.17000,0.360608
40469.18000,0.360574
40469.19000,0.36054
40469.20000,0.360506
40469.21000,0.360472
40469.22000,0.360438
40469.23000,0.360404
40469.24000,0.36037
40469.25000,0.360336
40469.26000,0.360302
40469.27000,0.360268
40469.28000,0.360234
40469.29000,0.3602
40469.30000,0.360167
40469.31000,0.360133
40469.32000,0.360099
40469.33000,0.360065
40469.34000,0.360031
40469.35000,0.359997
40469.36000,0.359963
40469.37000,0.359929
40469.38000,0.359895
40469.39000,0.359861
40469.40000,0.359827
40469.41000,0.359793
40469.42000,0.359759
40469.43000,0.359725
40469.44000,0.359691
40469.45000,0.359657
40469.46000,0.359623
40469.47000,0.359589
40469.48000,0.359555
40469.49000,0.359539
40469.50000,0.359543
40469.51000,0.359547
40469.52000,0.35955
40469.53000,0.359554
40469.54000,0.359557
40469.55000,0.359561
40469.56000,0.359564
40469.57000,0.359568
40469.58000,0.359572
40469.59000,0.359575
40469.60000,0.359579
40469.61000,0.359582
40469.62000,0.359586
40469.63000,0.35959
40469.64000,0.359593
40469.65000,0.359597
40469.66000,0.3596
40469.67000,0.359604
40469.68000,0.359608
40469.69000,0.359611
40469.70000,0.359615
40469.71000,0.359618
40469.72000,0.359622
40469.73000,0.359625
40469.74000,0.359629
40469.75000,0.359633
40469.76000,0.359636
40469.77000,0.35964
40469.78000,0.359643
40469.79000,0.359647
40469.80000,0.359651
40469.81000,0.359654
40469.82000,0.359658
40469.83000,0.359661
40469.84000,0.359665
40469.85000,0.359669
40469.86000,0.359672
40469.87000,0.359676
40469.88000,0.359679
40469.89000,0.359683
40469.90000,0.359686
40469.91000,0.359835
40469.92000,0.360078
40469.93000,0.360474
40469.94000,0.360972
40469.95000,0.361335
40469.96000,0.361512
40469.97000,0.36151
40469.98000,0.359944
40469.99000,0.359912
40470.00000,0.35988
40470.01000,0.359848
40470.02000,0.359815
40470.03000,0.359783
40470.04000,0.359751
40470.05000,0.359719
40470.06000,0.359686
40470.07000,0.359654
40470.08000,0.359622
40470.09000,0.35959
40470.10000,0.359558
40470.11000,0.359525
40470.12000,0.359493
40470.13000,0.359461
40470.14000,0.359429
40470.15000,0.359396
40470.16000,0.359364
40470.17000,0.359332
40470.18000,0.3593
40470.19000,0.359268
40470.20000,0.359235
40470.21000,0.359203
40470.22000,0.359171
40470.23000,0.359139
40470.24000,0.359106
40470.25000,0.359074
40470.26000,0.359042
40470.27000,0.35901
40470.28000,0.358978
40470.29000,0.358945
40470.30000,0.358913
40470.31000,0.358881
40470.32000,0.358849
40470.33000,0.358816
40470.34000,0.358784
40470.35000,0.358752
40470.36000,0.35872
40470.37000,0.358688
40470.38000,0.358655
40470.39000,0.358623
40470.40000,0.358591
40470.41000,0.358559
40470.42000,0.358526
40470.43000,0.358494
40470.44000,0.358462
40470.45000,0.35843
40470.46000,0.358397
40470.47000,0.358365
40470.48000,0.358333
40470.49000,0.358333
40470.50000,0.358333
40470.51000,0.358332
40470.52000,0.358332
40470.53000,0.358332
40470.54000,0.358332
40470.55000,0.358331
40470.56000,0.358331
40470.57000,0.358331
40470.58000,0.358331
40470.59000,0.35833
40470.60000,0.35833
40470.61000,0.35833
40470.62000,0.35833
40470.63000,0.358329
40470.64000,0.358329
40470.65000,0.358329
40470.66000,0.358329
40470.67000,0.358328
40470.68000,0.358328
40470.69000,0.358328
40470.70000,0.358328
40470.71000,0.358327
40470.72000,0.358327
40470.73000,0.358327
40470.74000,0.358327
40470.75000,0.358326
40470.76000,0.358326
40470.77000,0.358326
40470.78000,0.358326
40470.79000,0.358325
40470.80000,0.358325
40470.81000,0.358325
40470.82000,0.358325
40470.83000,0.358324
40470.84000,0.358324
40470.85000,0.358324
40470.86000,0.358319
40470.87000,0.358311
40470.88000,0.358302
40470.89000,0.358294
40470.90000,0.358285
40470.91000,0.358277
40470.92000,0.358268
40470.93000,0.35826
40470.94000,0.358251
40470.95000,0.358243
40470.96000,0.358234
40470.97000,0.358226
40470.98000,0.358217
40470.99000,0.358209
40471.00000,0.3582
40471.01000,0.358192
40471.02000,0.358183
40471.03000,0.358175
40471.04000,0.358166
40471.05000,0.358158
40471.06000,0.358149
40471.07000,0.358141
40471.08000,0.358132
40471.09000,0.358124
40471.10000,0.358115
40471.11000,0.358107
40471.12000,0.358098
40471.13000,0.35809
40471.14000,0.358081
40471.15000,0.358073
40471.16000,0.358064
40471.17000,0.358056
40471.18000,0.358047
40471.19000,0.358039
40471.20000,0.35803
40471.21000,0.358022
40471.22000,0.358013
40471.23000,0.358005
40471.24000,0.357996
40471.25000,0.357988
40471.26000,0.357979
40471.27000,0.357971
40471.28000,0.357962
40471.29000,0.357953
40471.30000,0.357945
40471.31000,0.357936
40471.32000,0.357928
40471.33000,0.357919
40471.34000,0.357911
40471.35000,0.357902
40471.36000,0.357894
40471.37000,0.357884
40471.38000,0.357875
40471.39000,0.357866
40471.40000,0.357856
40471.41000,0.357847
40471.42000,0.357838
40471.43000,0.357829
40471.44000,0.357819
40471.45000,0.35781
40471.46000,0.357801
40471.47000,0.357791
40471.48000,0.357782
40471.49000,0.357729
40471.50000,0.357807
40471.51000,0.358071
40471.52000,0.358539
40471.53000,0.359062
40471.54000,0.359562
40471.55000,0.360007
40471.56000,0.360389
40471.57000,0.360605
40471.58000,0.36063
40471.59000,0.360493
40471.60000,0.360233
40471.61000,0.357481
40471.62000,0.357479
40471.63000,0.357477
40471.64000,0.357476
40471.65000,0.357474
40471.66000,0.357472
40471.67000,0.357471
40471.68000,0.357469
40471.69000,0.357467
40471.70000,0.357466
40471.71000,0.357464
40471.72000,0.357462
40471.73000,0.357461
40471.74000,0.357459
40471.75000,0.357458
40471.76000,0.357456
40471.77000,0.357454
40471.78000,0.357453
40471.79000,0.357451
40471.80000,0.357449
40471.81000,0.357448
40471.82000,0.357446
40471.83000,0.357444
40471.84000,0.357443
40471.85000,0.357441
40471.86000,0.357439
40471.87000,0.357438
40471.88000,0.357436
40471.89000,0.357434
40471.90000,0.357433
40471.91000,0.357431
40471.92000,0.357429
40471.93000,0.357428
40471.94000,0.357426
40471.95000,0.357424
40471.96000,0.357423
40471.97000,0.357421
40471.98000,0.357419
40471.99000,0.357418
40472.00000,0.357416
40472.01000,0.357414
40472.02000,0.357413
40472.03000,0.357411
40472.04000,0.357409
40472.05000,0.357408
40472.06000,0.357406
40472.07000,0.357404
40472.08000,0.357403
40472.09000,0.357401
40472.10000,0.357399
40472.11000,0.357398
40472.12000,0.357345
40472.13000,0.357292
40472.14000,0.35724
40472.15000,0.357187
40472.16000,0.357134
40472.17000,0.357082
40472.18000,0.357029
40472.19000,0.356976
40472.20000,0.356924
40472.21000,0.356871
40472.22000,0.356818
40472.23000,0.356766
40472.24000,0.356713
40472.25000,0.35666
40472.26000,0.356608
40472.27000,0.356555
40472.28000,0.356502
40472.29000,0.35645
40472.30000,0.356397
40472.31000,0.356344
40472.32000,0.356292
40472.33000,0.356239
40472.34000,0.356186
40472.35000,0.356134
40472.36000,0.356081
40472.37000,0.356028
40472.38000,0.355976
40472.39000,0.355923
40472.40000,0.35587
40472.41000,0.355818
40472.42000,0.355765
40472.43000,0.355712
40472.44000,0.35566
40472.45000,0.355607
40472.46000,0.355554
40472.47000,0.355502
40472.48000,0.355449
40472.49000,0.355423
40472.50000,0.355424
40472.51000,0.355425
40472.52000,0.355426
40472.53000,0.355427
40472.54000,0.355428
40472.55000,0.355429
40472.56000,0.35543
40472.57000,0.35543
40472.58000,0.355431
40472.59000,0.355432
40472.60000,0.355433
40472.61000,0.355434
40472.62000,0.355435
40472.63000,0.355436
40472.64000,0.355437
40472.65000,0.355438
40472.66000,0.355439
40472.67000,0.35544
40472.68000,0.355441
40472.69000,0.355442
40472.70000,0.355442
40472.71000,0.355443
40472.72000,0.355444
40472.73000,0.355445
40472.74000,0.355446
40472.75000,0.355447
40472.76000,0.355448
40472.77000,0.355449
40472.78000,0.35545
40472.79000,0.355451
40472.80000,0.355452
40472.81000,0.355453
40472.82000,0.355454
40472.83000,0.355454
40472.84000,0.355455
40472.85000,0.355456
40472.86000,0.355457
40472.87000,0.355458
40472.88000,0.355459
40472.89000,0.35546
40472.90000,0.355461
40472.91000,0.355462
40472.92000,0.355463
40472.93000,0.355464
40472.94000,0.355465
40472.95000,0.355466
40472.96000,0.355466
40472.97000,0.355467
40472.98000,0.355468
40472.99000,0.355449
40473.00000,0.35541
40473.01000,0.35537
40473.02000,0.355331
40473.03000,0.355292
40473.04000,0.355252
40473.05000,0.355213
40473.06000,0.355174
40473.07000,0.355134
40473.08000,0.355095
40473.09000,0.355055
40473.10000,0.355016
40473.11000,0.354977
40473.12000,0.354937
40473.13000,0.354898
40473.14000,0.354859
40473.15000,0.354819
40473.16000,0.35478
40473.17000,0.354741
40473.18000,0.354701
40473.19000,0.354662
40473.20000,0.354622
40473.21000,0.354583
40473.22000,0.354544
40473.23000,0.354504
40473.24000,0.354465
40473.25000,0.354426
40473.26000,0.354386
40473.27000,0.354347
40473.28000,0.354308
40473.29000,0.354268
40473.30000,0.354229
40473.31000,0.354189
40473.32000,0.35415
40473.33000,0.354111
40473.34000,0.354071
40473.35000,0.354032
40473.36000,0.353993
40473.37000,0.353953
40473.38000,0.353914
40473.39000,0.353875
40473.40000,0.353835
40473.41000,0.353796
40473.42000,0.353756
40473.43000,0.353717
40473.44000,0.353678
40473.45000,0.353638
40473.46000,0.353599
40473.47000,0.35356
40473.48000,0.35352
40473.49000,0.353501
40473.50000,0.353503
40473.51000,0.353505
40473.52000,0.353506
40473.53000,0.353508
40473.54000,0.353509
40473.55000,0.353511
40473.56000,0.353513
40473.57000,0.353514
40473.58000,0.353516
40473.59000,0.353517
40473.60000,0.353519
40473.61000,0.353521
40473.62000,0.353522
40473.63000,0.353524
40473.64000,0.353525
40473.65000,0.353527
40473.66000,0.353528
40473.67000,0.35353
40473.68000,0.353532
40473.69000,0.353533
40473.70000,0.353535
40473.71000,0.353536
40473.72000,0.353538
40473.73000,0.35354
40473.74000,0.353541
40473.75000,0.353543
40473.76000,0.353544
40473.77000,0.353546
40473.78000,0.353548
40473.79000,0.353549
40473.80000,0.353551
40473.81000,0.353552
40473.82000,0.353554
40473.83000,0.353556
40473.84000,0.353557
40473.85000,0.353559
40473.86000,0.35356
40473.87000,0.353562
40473.88000,0.353564
40473.89000,0.353565
40473.90000,0.353567
40473.91000,0.353568
40473.92000,0.35357
40473.93000,0.353572
40473.94000,0.353573
40473.95000,0.353575
40473.96000,0.353576
40473.97000,0.353578
40473.98000,0.35358
40473.99000,0.353561
40474.00000,0.353523
40474.01000,0.353485
40474.02000,0.353447
40474.03000,0.353409
40474.04000,0.353371
40474.05000,0.353333
40474.06000,0.353295
40474.07000,0.353257
40474.08000,0.353219
40474.09000,0.353181
40474.10000,0.353143
40474.11000,0.353105
40474.12000,0.353066
40474.13000,0.353028
40474.14000,0.35299
40474.15000,0.352952
40474.16000,0.352914
40474.17000,0.352876
40474.18000,0.352838
40474.19000,0.3528
40474.20000,0.352762
40474.21000,0.352724
40474.22000,0.352686
40474.23000,0.352648
40474.24000,0.35261
40474.25000,0.352572
40474.26000,0.352534
40474.27000,0.352496
40474.28000,0.352457
40474.29000,0.352419
40474.30000,0.352381
40474.31000,0.352343
40474.32000,0.352305
40474.33000,0.352267
40474.34000,0.352229
40474.35000,0.352191
40474.36000,0.352153
40474.37000,0.352115
40474.38000,0.352077
40474.39000,0.352039
40474.40000,0.352001
40474.41000,0.351963
40474.42000,0.351925
40474.43000,0.351887
40474.44000,0.351848
40474.45000,0.35181
40474.46000,0.351772
40474.47000,0.351734
40474.48000,0.351696
40474.49000,0.351678
40474.50000,0.35168
40474.51000,0.351682
40474.52000,0.351684
40474.53000,0.351685
40474.54000,0.351687
40474.55000,0.351689
40474.56000,0.351691
40474.57000,0.351693
40474.58000,0.351695
40474.59000,0.351696
40474.60000,0.351698
40474.61000,0.3517
40474.62000,0.351702
40474.63000,0.351704
40474.64000,0.351706
40474.65000,0.351707
40474.66000,0.351709
40474.67000,0.351711
40474.68000,0.351713
40474.69000,0.351715
40474.70000,0.351717
40474.71000,0.351718
40474.72000,0.35172
40474.73000,0.351722
40474.74000,0.351724
40474.75000,0.351726
40474.76000,0.351728
40474.77000,0.351729
40474.78000,0.351731
40474.79000,0.351733
40474.80000,0.351735
40474.81000,0.351737
40474.82000,0.351739
40474.83000,0.35174
40474.84000,0.351742
40474.85000,0.351744
40474.86000,0.351746
40474.87000,0.351748
40474.88000,0.35175
40474.89000,0.351751
40474.90000,0.351753
40474.91000,0.351755
40474.92000,0.351757
40474.93000,0.351759
40474.94000,0.351761
40474.95000,0.351762
40474.96000,0.351764
40474.97000,0.351766
40474.98000,0.351768
40474.99000,0.35175
40475.00000,0.351712
40475.01000,0.351675
40475.02000,0.351637
40475.03000,0.351599
40475.04000,0.351561
40475.05000,0.351524
40475.06000,0.351486
40475.07000,0.351448
40475.08000,0.351411
40475.09000,0.351373
40475.10000,0.351335
40475.11000,0.351298
40475.12000,0.35126
40475.13000,0.351222
40475.14000,0.351184
40475.15000,0.351147
40475.16000,0.351109
40475.17000,0.351071
40475.18000,0.351034
40475.19000,0.350996
40475.20000,0.350958
40475.21000,0.35092
40475.22000,0.350883
40475.23000,0.350845
40475.24000,0.350807
40475.25000,0.35077
40475.26000,0.350732
40475.27000,0.350694
40475.28000,0.350657
40475.29000,0.350619
40475.30000,0.350581
40475.31000,0.350543
40475.32000,0.350506
40475.33000,0.350468
40475.34000,0.35043
40475.35000,0.350393
40475.36000,0.350355
40475.37000,0.350317
40475.38000,0.350279
40475.39000,0.350242
40475.40000,0.350204
40475.41000,0.350166
40475.42000,0.350129
40475.43000,0.350091
40475.44000,0.350053
40475.45000,0.350016
40475.46000,0.349978
40475.47000,0.34994
40475.48000,0.349902
40475.49000,0.349885
40475.50000,0.349887
40475.51000,0.349889
40475.52000,0.349892
40475.53000,0.349894
40475.54000,0.349896
40475.55000,0.349899
40475.56000,0.349901
40475.57000,0.349903
40475.58000,0.349906
40475.59000,0.349908
40475.60000,0.349911
40475.61000,0.349913
40475.62000,0.349915
40475.63000,0.349918
40475.64000,0.34992
40475.65000,0.349922
40475.66000,0.349925
40475.67000,0.349927
40475.68000,0.349929
40475.69000,0.349932
40475.70000,0.349934
40475.71000,0.349936
40475.72000,0.349939
40475.73000,0.349941
40475.74000,0.349943
40475.75000,0.349946
40475.76000,0.349948
40475.77000,0.34995
40475.78000,0.349953
40475.79000,0.349955
40475.80000,0.349957
40475.81000,0.34996
40475.82000,0.349962
40475.83000,0.349964
40475.84000,0.349967
40475.85000,0.349969
40475.86000,0.349971
40475.87000,0.349974
40475.88000,0.349976
40475.89000,0.349978
40475.90000,0.349981
40475.91000,0.349983
40475.92000,0.349985
40475.93000,0.349988
40475.94000,0.34999
40475.95000,0.349992
40475.96000,0.349995
40475.97000,0.349997
40475.98000,0.35
40475.99000,0.349983
40476.00000,0.349946
40476.01000,0.34991
40476.02000,0.349874
40476.03000,0.349838
40476.04000,0.349802
40476.05000,0.349766
40476.06000,0.34973
40476.07000,0.349693
40476.08000,0.349657
40476.09000,0.349621
40476.10000,0.349585
40476.11000,0.349549
40476.12000,0.349513
40476.13000,0.349477
40476.14000,0.34944
40476.15000,0.349404
40476.16000,0.349368
40476.17000,0.349332
40476.18000,0.349296
40476.19000,0.34926
40476.20000,0.349223
40476.21000,0.349187
40476.22000,0.349151
40476.23000,0.349115
40476.24000,0.349079
40476.25000,0.349043
40476.26000,0.349007
40476.27000,0.34897
40476.28000,0.348934
40476.29000,0.348898
40476.30000,0.348862
40476.31000,0.348826
40476.32000,0.34879
40476.33000,0.348753
40476.34000,0.348717
40476.35000,0.348681
40476.36000,0.348645
40476.37000,0.348609
40476.38000,0.348573
40476.39000,0.348537
40476.40000,0.3485
40476.41000,0.348464
40476.42000,0.348428
40476.43000,0.348392
40476.44000,0.348356
40476.45000,0.34832
40476.46000,0.348284
40476.47000,0.348247
40476.48000,0.348211
40476.49000,0.348194
40476.50000,0.348197
40476.51000,0.348199
40476.52000,0.348202
40476.53000,0.348204
40476.54000,0.348207
40476.55000,0.348209
40476.56000,0.348212
40476.57000,0.348214
40476.58000,0.348217
40476.59000,0.348219
40476.60000,0.348222
40476.61000,0.348225
40476.62000,0.348227
40476.63000,0.34823
40476.64000,0.348232
40476.65000,0.348235
40476.66000,0.348237
40476.67000,0.34824
40476.68000,0.348242
40476.69000,0.348245
40476.70000,0.348247
40476.71000,0.34825
40476.72000,0.348252
40476.73000,0.348255
40476.74000,0.348257
40476.75000,0.34826
40476.76000,0.348262
40476.77000,0.348265
40476.78000,0.348267
40476.79000,0.34827
40476.80000,0.348272
40476.81000,0.348275
40476.82000,0.348277
40476.83000,0.34828
40476.84000,0.348282
40476.85000,0.348285
40476.86000,0.348287
40476.87000,0.34829
40476.88000,0.348292
40476.89000,0.348295
40476.90000,0.348297
40476.91000,0.3483
40476.92000,0.348302
40476.93000,0.348305
40476.94000,0.348307
40476.95000,0.34831
40476.96000,0.348312
40476.97000,0.348315
40476.98000,0.348317
40476.99000,0.348301
40477.00000,0.348266
40477.01000,0.348231
40477.02000,0.348196
40477.03000,0.34816
40477.04000,0.348125
40477.05000,0.34809
40477.06000,0.348055
40477.07000,0.34802
40477.08000,0.347985
40477.09000,0.34795
40477.10000,0.347915
40477.11000,0.347879
40477.12000,0.347844
40477.13000,0.347809
40477.14000,0.347774
40477.15000,0.347739
40477.16000,0.347704
40477.17000,0.347669
40477.18000,0.347634
40477.19000,0.347598
40477.20000,0.347563
40477.21000,0.347528
40477.22000,0.347493
40477.23000,0.347458
40477.24000,0.347423
40477.25000,0.347388
40477.26000,0.347352
40477.27000,0.347317
40477.28000,0.347282
40477.29000,0.347247
40477.30000,0.347212
40477.31000,0.347177
40477.32000,0.347142
40477.33000,0.347107
40477.34000,0.347071
40477.35000,0.347036
40477.36000,0.347001
40477.37000,0.346966
40477.38000,0.346931
40477.39000,0.346896
40477.40000,0.346861
40477.41000,0.346825
40477.42000,0.34679
40477.43000,0.346755
40477.44000,0.34672
40477.45000,0.346685
40477.46000,0.34665
40477.47000,0.346615
40477.48000,0.34658
40477.49000,0.346563
40477.50000,0.346566
40477.51000,0.346569
40477.52000,0.346572
40477.53000,0.346575
40477.54000,0.346578
40477.55000,0.346581
40477.56000,0.346584
40477.57000,0.346587
40477.58000,0.34659
40477.59000,0.346593
40477.60000,0.346596
40477.61000,0.346599
40477.62000,0.346602
40477.63000,0.346605
40477.64000,0.346608
40477.65000,0.346611
40477.66000,0.346614
40477.67000,0.346617
40477.68000,0.34662
40477.69000,0.346623
40477.70000,0.346626
40477.71000,0.346629
40477.72000,0.346632
40477.73000,0.346635
40477.74000,0.346638
40477.75000,0.346641
40477.76000,0.346644
40477.77000,0.346647
40477.78000,0.34665
40477.79000,0.346653
40477.80000,0.346656
40477.81000,0.346659
40477.82000,0.346662
40477.83000,0.346665
40477.84000,0.346668
40477.85000,0.346671
40477.86000,0.346674
40477.87000,0.346677
40477.88000,0.34668
40477.89000,0.346683
40477.90000,0.346686
40477.91000,0.346689
40477.92000,0.346692
40477.93000,0.346695
40477.94000,0.346698
40477.95000,0.346701
40477.96000,0.346704
40477.97000,0.346707
40477.98000,0.34671
40477.99000,0.347155
40478.00000,0.348409
40478.01000,0.350613
40478.02000,0.353553
40478.03000,0.356143
40478.04000,0.35814
40478.05000,0.359617
40478.06000,0.360716
40478.07000,0.361167
40478.08000,0.361005
40478.09000,0.3604
40478.10000,0.359471
40478.11000,0.358946
40478.12000,0.359327
40478.13000,0.360548
40478.14000,0.362411
40478.15000,0.365273
40478.16000,0.3695
40478.17000,0.374216
40478.18000,0.378705
40478.19000,0.382173
40478.20000,0.383651
40478.21000,0.384114
40478.22000,0.383999
40478.23000,0.383183
40478.24000,0.382311
40478.25000,0.381577
40478.26000,0.380938
40478.27000,0.380343
40478.28000,0.379975
40478.29000,0.379776
40478.30000,0.37967
40478.31000,0.379611
40478.32000,0.379028
40478.33000,0.37787
40478.34000,0.376305
40478.35000,0.374452
40478.36000,0.369858
40478.37000,0.369898
40478.38000,0.369938
40478.39000,0.369978
40478.40000,0.370019
40478.41000,0.370059
40478.42000,0.370099
40478.43000,0.370139
40478.44000,0.370179
40478.45000,0.375237
40478.46000,0.382442
40478.47000,0.387875
40478.48000,0.391221
40478.49000,0.393056
40478.50000,0.394284
40478.51000,0.395227
40478.52000,0.396002
40478.53000,0.395792
40478.54000,0.394753
40478.55000,0.392625
40478.56000,0.388292
40478.57000,0.371662
40478.58000,0.371494
40478.59000,0.371327
40478.60000,0.371159
40478.61000,0.370991
40478.62000,0.370823
40478.63000,0.370655
40478.64000,0.370487
40478.65000,0.37032
40478.66000,0.370152
40478.67000,0.369984
40478.68000,0.369625
40478.69000,0.369267
40478.70000,0.369177
40478.71000,0.369087
40478.72000,0.369019
40478.73000,0.368994
40478.74000,0.368969
40478.75000,0.368944
40478.76000,0.368925
40478.77000,0.368907
40478.78000,0.368889
40478.79000,0.368872
40478.80000,0.368858
40478.81000,0.368844
40478.82000,0.368829
40478.83000,0.368815
40478.84000,0.368801
40478.85000,0.368788
40478.86000,0.368774
40478.87000,0.368761
40478.88000,0.368747
40478.89000,0.368734
40478.90000,0.36872
40478.91000,0.368707
40478.92000,0.368694
40478.93000,0.368681
40478.94000,0.368668
40478.95000,0.368654
40478.96000,0.368641
40478.97000,0.368628
40478.98000,0.368615
40478.99000,0.368602
40479.00000,0.368589
40479.01000,0.368576
40479.02000,0.368563
40479.03000,0.368551
40479.04000,0.368538
40479.05000,0.368525
40479.06000,0.368512
40479.07000,0.368499
40479.08000,0.368486
40479.09000,0.368473
40479.10000,0.368462
40479.11000,0.368453
40479.12000,0.368443
40479.13000,0.368434
40479.14000,0.368424
40479.15000,0.368415
40479.16000,0.368405
40479.17000,0.368396
40479.18000,0.368386
40479.19000,0.368377
40479.20000,0.368367
40479.21000,0.368357
40479.22000,0.368348
40479.23000,0.368338
40479.24000,0.368329
40479.25000,0.368304
40479.26000,0.368264
40479.27000,0.368224
40479.28000,0.368184
40479.29000,0.368144
40479.30000,0.368104
40479.31000,0.368064
40479.32000,0.368024
40479.33000,0.367984
40479.34000,0.367944
40479.35000,0.367904
40479.36000,0.367864
40479.37000,0.367824
40479.38000,0.367784
40479.39000,0.367744
40479.40000,0.367706
40479.41000,0.367669
40479.42000,0.367633
40479.43000,0.367596
40479.44000,0.36756
40479.45000,0.367523
40479.46000,0.367487
40479.47000,0.36745
40479.48000,0.367414
40479.49000,0.367377
40479.50000,0.367341
40479.51000,0.367304
40479.52000,0.367268
40479.53000,0.367231
40479.54000,0.367195
40479.55000,0.367181
40479.56000,0.367185
40479.57000,0.367189
40479.58000,0.367193
40479.59000,0.367197
40479.60000,0.367201
40479.61000,0.367206
40479.62000,0.36721
40479.63000,0.367214
40479.64000,0.367218
40479.65000,0.367222
40479.66000,0.367226
40479.67000,0.367231
40479.68000,0.367235
40479.69000,0.367239
40479.70000,0.367237
40479.71000,0.367231
40479.72000,0.367225
40479.73000,0.367219
40479.74000,0.367213
40479.75000,0.367207
40479.76000,0.367201
40479.77000,0.367196
40479.78000,0.36719
40479.79000,0.367184
40479.80000,0.367178
40479.81000,0.367172
40479.82000,0.367166
40479.83000,0.36716
40479.84000,0.367154
40479.85000,0.367146
40479.86000,0.367137
40479.87000,0.367128
40479.88000,0.36712
40479.89000,0.367111
40479.90000,0.367102
40479.91000,0.367093
40479.92000,0.367084
40479.93000,0.367075
40479.94000,0.367067
40479.95000,0.367058
40479.96000,0.367049
40479.97000,0.36704
40479.98000,0.367031
40479.99000,0.367023
40480.00000,0.367014
40480.01000,0.367005
40480.02000,0.366996
40480.03000,0.366987
40480.04000,0.366978
40480.05000,0.366969
40480.06000,0.36696
40480.07000,0.366951
40480.08000,0.366942
40480.09000,0.366933
40480.10000,0.366924
40480.11000,0.366915
40480.12000,0.366906
40480.13000,0.366897
40480.14000,0.366888
40480.15000,0.366876
40480.16000,0.366864
40480.17000,0.366851
40480.18000,0.366838
40480.19000,0.366826
40480.20000,0.366813
40480.21000,0.3668
40480.22000,0.366788
40480.23000,0.366775
40480.24000,0.366762
40480.25000,0.36675
40480.26000,0.366737
40480.27000,0.366724
40480.28000,0.366712
40480.29000,0.366699
40480.30000,0.366664
40480.31000,0.366616
40480.32000,0.366569
40480.33000,0.366521
40480.34000,0.366473
40480.35000,0.366425
40480.36000,0.366377
40480.37000,0.366329
40480.38000,0.366282
40480.39000,0.366234
40480.40000,0.366186
40480.41000,0.366138
40480.42000,0.36609
40480.43000,0.366042
40480.44000,0.365995
40480.45000,0.365962
40480.46000,0.365939
40480.47000,0.365915
40480.48000,0.365891
40480.49000,0.365867
40480.50000,0.365843
40480.51000,0.36582
40480.52000,0.365796
40480.53000,0.365772
40480.54000,0.365748
40480.55000,0.365724
40480.56000,0.365701
40480.57000,0.365677
40480.58000,0.365653
40480.59000,0.365629
40480.60000,0.365625
40480.61000,0.365632
40480.62000,0.365638
40480.63000,0.365645
40480.64000,0.365651
40480.65000,0.365657
40480.66000,0.365664
40480.67000,0.36567
40480.68000,0.365676
40480.69000,0.365683
40480.70000,0.365689
40480.71000,0.365695
40480.72000,0.365702
40480.73000,0.365708
40480.74000,0.365715
40480.75000,0.365711
40480.76000,0.365704
40480.77000,0.365696
40480.78000,0.365689
40480.79000,0.365681
40480.80000,0.365674
40480.81000,0.365666
40480.82000,0.365659
40480.83000,0.365651
40480.84000,0.365644
40480.85000,0.365636
40480.86000,0.365629
40480.87000,0.365621
40480.88000,0.365614
40480.89000,0.365606
40480.90000,0.365598
40480.91000,0.365589
40480.92000,0.365581
40480.93000,0.365572
40480.94000,0.365563
40480.95000,0.365555
40480.96000,0.365546
40480.97000,0.365538
40480.98000,0.365529
40480.99000,0.36552
40481.00000,0.365512
40481.01000,0.365503
40481.02000,0.365494
40481.03000,0.365486
40481.04000,0.365477
40481.05000,0.365468
40481.06000,0.36546
40481.07000,0.365451
40481.08000,0.365442
40481.09000,0.365434
40481.10000,0.365425
40481.11000,0.365416
40481.12000,0.365407
40481.13000,0.365399
40481.14000,0.36539
40481.15000,0.365381
40481.16000,0.365372
40481.17000,0.365364
40481.18000,0.365355
40481.19000,0.365346
40481.20000,0.365325
40481.21000,0.365298
40481.22000,0.365272
40481.23000,0.365246
40481.24000,0.365219
40481.25000,0.365193
40481.26000,0.365167
40481.27000,0.36514
40481.28000,0.365114
40481.29000,0.365088
40481.30000,0.365062
40481.31000,0.365035
40481.32000,0.365009
40481.33000,0.364983
40481.34000,0.364956
40481.35000,0.364916
40481.36000,0.364871
40481.37000,0.364826
40481.38000,0.36478
40481.39000,0.364735
40481.40000,0.36469
40481.41000,0.364645
40481.42000,0.3646
40481.43000,0.364555
40481.44000,0.36451
40481.45000,0.364464
40481.46000,0.364419
40481.47000,0.364374
40481.48000,0.364329
40481.49000,0.364284
40481.50000,0.364262
40481.51000,0.364248
40481.52000,0.364234
40481.53000,0.36422
40481.54000,0.364206
40481.55000,0.364192
40481.56000,0.364177
40481.57000,0.364163
40481.58000,0.364149
40481.59000,0.364135
40481.60000,0.364121
40481.61000,0.364107
40481.62000,0.364092
40481.63000,0.364078
40481.64000,0.364064
40481.65000,0.364058
40481.66000,0.364054
40481.67000,0.364051
40481.68000,0.364047
40481.69000,0.364043
40481.70000,0.36404
40481.71000,0.364036
40481.72000,0.364032
40481.73000,0.364028
40481.74000,0.364025
40481.75000,0.364021
40481.76000,0.364017
40481.77000,0.364014
40481.78000,0.36401
40481.79000,0.364006
40481.80000,0.364002
40481.81000,0.363999
40481.82000,0.363995
40481.83000,0.363991
40481.84000,0.363988
40481.85000,0.363978
40481.86000,0.363967
40481.87000,0.363956
40481.88000,0.363945
40481.89000,0.363934
40481.90000,0.363923
40481.91000,0.363911
40481.92000,0.3639
40481.93000,0.363889
40481.94000,0.363878
40481.95000,0.363867
40481.96000,0.363856
40481.97000,0.363845
40481.98000,0.363834
40481.99000,0.363823
40482.00000,0.363812
40482.01000,0.363801
40482.02000,0.363789
40482.03000,0.363778
40482.04000,0.363767
40482.05000,0.363756
40482.06000,0.363745
40482.07000,0.363734
40482.08000,0.363723
40482.09000,0.363712
40482.10000,0.363701
40482.11000,0.363683
40482.12000,0.363633
40482.13000,0.363584
40482.14000,0.363534
40482.15000,0.363484
40482.16000,0.363434
40482.17000,0.363385
40482.18000,0.363335
40482.19000,0.363285
40482.20000,0.363235
40482.21000,0.363186
40482.22000,0.363136
40482.23000,0.363086
40482.24000,0.363037
40482.25000,0.362987
40482.26000,0.362937
40482.27000,0.362887
40482.28000,0.362838
40482.29000,0.362788
40482.30000,0.362738
40482.31000,0.362688
40482.32000,0.362639
40482.33000,0.362589
40482.34000,0.362539
40482.35000,0.362489
40482.36000,0.36244
40482.37000,0.36239
40482.38000,0.36234
40482.39000,0.36229
40482.40000,0.362241
40482.41000,0.362191
40482.42000,0.362141
40482.43000,0.362092
40482.44000,0.362042
40482.45000,0.361992
40482.46000,0.361942
40482.47000,0.361924
40482.48000,0.361922
40482.49000,0.36192
40482.50000,0.361918
40482.51000,0.361917
40482.52000,0.361915
40482.53000,0.361913
40482.54000,0.361911
40482.55000,0.361909
40482.56000,0.361907
40482.57000,0.361906
40482.58000,0.361904
40482.59000,0.361902
40482.60000,0.3619
40482.61000,0.361898
40482.62000,0.361896
40482.63000,0.361895
40482.64000,0.361893
40482.65000,0.361891
40482.66000,0.361889
40482.67000,0.361887
40482.68000,0.361885
40482.69000,0.361884
40482.70000,0.361882
40482.71000,0.36188
40482.72000,0.361878
40482.73000,0.361876
40482.74000,0.361874
40482.75000,0.361873
40482.76000,0.361871
40482.77000,0.361869
40482.78000,0.361867
40482.79000,0.361865
40482.80000,0.361863
40482.81000,0.361862
40482.82000,0.36186
40482.83000,0.361858
40482.84000,0.361856
40482.85000,0.361854
40482.86000,0.361852
40482.87000,0.361851
40482.88000,0.361849
40482.89000,0.361847
40482.90000,0.361845
40482.91000,0.361843
40482.92000,0.361841
40482.93000,0.36184
40482.94000,0.361828
40482.95000,0.361793
40482.96000,0.361759
40482.97000,0.361724
40482.98000,0.361689
40482.99000,0.361654
40483.00000,0.36162
40483.01000,0.361585
40483.02000,0.36155
40483.03000,0.361516
40483.04000,0.361481
40483.05000,0.361446
40483.06000,0.361412
40483.07000,0.361377
40483.08000,0.361342
40483.09000,0.361308
40483.10000,0.361273
40483.11000,0.361238
40483.12000,0.361204
40483.13000,0.361169
40483.14000,0.361134
40483.15000,0.361099
40483.16000,0.361065
40483.17000,0.36103
40483.18000,0.360995
40483.19000,0.360961
40483.20000,0.360926
40483.21000,0.360891
40483.22000,0.360857
40483.23000,0.360822
40483.24000,0.360787
40483.25000,0.360753
40483.26000,0.360718
40483.27000,0.360683
40483.28000,0.360648
40483.29000,0.360614
40483.30000,0.360579
40483.31000,0.360544
40483.32000,0.36051
40483.33000,0.360475
40483.34000,0.36044
40483.35000,0.360406
40483.36000,0.360371
40483.37000,0.360336
40483.38000,0.360302
40483.39000,0.360267
40483.40000,0.360232
40483.41000,0.360198
40483.42000,0.360163
40483.43000,0.360128
40483.44000,0.360103
40483.45000,0.360102
40483.46000,0.3601
40483.47000,0.360098
40483.48000,0.360097
40483.49000,0.360095
40483.50000,0.360093
40483.51000,0.360092
40483.52000,0.36009
40483.53000,0.360088
40483.54000,0.360087
40483.55000,0.360085
40483.56000,0.360083
40483.57000,0.360082
40483.58000,0.36008
40483.59000,0.360078
40483.60000,0.360077
40483.61000,0.360075
40483.62000,0.360073
40483.63000,0.360072
40483.64000,0.36007
40483.65000,0.360068
40483.66000,0.360066
40483.67000,0.360065
40483.68000,0.360063
40483.69000,0.360061
40483.70000,0.36006
40483.71000,0.360058
40483.72000,0.360056
40483.73000,0.360055
40483.74000,0.360053
40483.75000,0.360051
40483.76000,0.36005
40483.77000,0.360048
40483.78000,0.360046
40483.79000,0.360045
40483.80000,0.360043
40483.81000,0.360041
40483.82000,0.36004
40483.83000,0.360038
40483.84000,0.360036
40483.85000,0.360035
40483.86000,0.360033
40483.87000,0.360031
40483.88000,0.36003
40483.89000,0.360028
40483.90000,0.360026
40483.91000,0.360025
40483.92000,0.360023
40483.93000,0.360021
40483.94000,0.36001
40483.95000,0.359976
40483.96000,0.359941
40483.97000,0.359907
40483.98000,0.359873
40483.99000,0.359839
40484.00000,0.359805
40484.01000,0.35977
40484.02000,0.359736
40484.03000,0.359702
40484.04000,0.359668
40484.05000,0.359634
40484.06000,0.359599
40484.07000,0.359565
40484.08000,0.359531
40484.09000,0.359497
40484.10000,0.359463
40484.11000,0.359428
40484.12000,0.359394
40484.13000,0.35936
40484.14000,0.359326
40484.15000,0.359292
40484.16000,0.359257
40484.17000,0.359223
40484.18000,0.359189
40484.19000,0.359155
40484.20000,0.359121
40484.21000,0.359086
40484.22000,0.359052
40484.23000,0.359018
40484.24000,0.358984
40484.25000,0.35895
40484.26000,0.358915
40484.27000,0.358881
40484.28000,0.358847
40484.29000,0.358813
40484.30000,0.358778
40484.31000,0.358744
40484.32000,0.35871
40484.33000,0.358676
40484.34000,0.358642
40484.35000,0.358607
40484.36000,0.358573
40484.37000,0.358539
40484.38000,0.358505
40484.39000,0.358471
40484.40000,0.358436
40484.41000,0.358402
40484.42000,0.358368
40484.43000,0.358334
40484.44000,0.358309
40484.45000,0.358308
40484.46000,0.358307
40484.47000,0.358306
40484.48000,0.358304
40484.49000,0.358303
40484.50000,0.358302
40484.51000,0.358301
40484.52000,0.358299
40484.53000,0.358298
40484.54000,0.358297
40484.55000,0.358296
40484.56000,0.358294
40484.57000,0.358293
40484.58000,0.358292
40484.59000,0.358291
40484.60000,0.358289
40484.61000,0.358288
40484.62000,0.358287
40484.63000,0.358286
40484.64000,0.358284
40484.65000,0.358283
40484.66000,0.358282
40484.67000,0.35828
40484.68000,0.358279
40484.69000,0.358278
40484.70000,0.358277
40484.71000,0.358275
40484.72000,0.358274
40484.73000,0.358273
40484.74000,0.358272
40484.75000,0.35827
40484.76000,0.358269
40484.77000,0.358268
40484.78000,0.358267
40484.79000,0.358265
40484.80000,0.358264
40484.81000,0.358263
40484.82000,0.358262
40484.83000,0.35826
40484.84000,0.358259
40484.85000,0.358258
40484.86000,0.358256
40484.87000,0.358255
40484.88000,0.358254
40484.89000,0.358253
40484.90000,0.358251
40484.91000,0.35825
40484.92000,0.358249
40484.93000,0.358248
40484.94000,0.358238
40484.95000,0.358208
40484.96000,0.358179
40484.97000,0.358149
40484.98000,0.35812
40484.99000,0.35809
40485.00000,0.358061
40485.01000,0.358031
40485.02000,0.358002
40485.03000,0.357972
40485.04000,0.357942
40485.05000,0.357913
40485.06000,0.357883
40485.07000,0.357854
40485.08000,0.357824
40485.09000,0.357795
40485.10000,0.357765
40485.11000,0.357736
40485.12000,0.357706
40485.13000,0.357676
40485.14000,0.357647
40485.15000,0.357617
40485.16000,0.357588
40485.17000,0.357558
40485.18000,0.357529
40485.19000,0.357499
40485.20000,0.35747
40485.21000,0.35744
40485.22000,0.357411
40485.23000,0.357381
40485.24000,0.357351
40485.25000,0.357322
40485.26000,0.357292
40485.27000,0.357263
40485.28000,0.357233
40485.29000,0.357204
40485.30000,0.357174
40485.31000,0.357145
40485.32000,0.357115
40485.33000,0.357085
40485.34000,0.357056
40485.35000,0.357026
40485.36000,0.356997
40485.37000,0.356967
40485.38000,0.356938
40485.39000,0.356908
40485.40000,0.356879
40485.41000,0.356849
40485.42000,0.356819
40485.43000,0.35679
40485.44000,0.356771
40485.45000,0.356776
40485.46000,0.356782
40485.47000,0.356787
40485.48000,0.356792
40485.49000,0.356798
40485.50000,0.356803
40485.51000,0.356809
40485.52000,0.356814
40485.53000,0.356819
40485.54000,0.356825
40485.55000,0.35683
40485.56000,0.356836
40485.57000,0.356841
40485.58000,0.356846
40485.59000,0.356852
40485.60000,0.356857
40485.61000,0.356863
40485.62000,0.356868
40485.63000,0.356873
40485.64000,0.356879
40485.65000,0.356884
40485.66000,0.35689
40485.67000,0.356895
40485.68000,0.3569
40485.69000,0.356906
40485.70000,0.356911
40485.71000,0.356917
40485.72000,0.356922
40485.73000,0.356927
40485.74000,0.356933
40485.75000,0.356938
40485.76000,0.356944
40485.77000,0.356949
40485.78000,0.356954
40485.79000,0.35696
40485.80000,0.356965
40485.81000,0.356971
40485.82000,0.356976
40485.83000,0.356981
40485.84000,0.356987
40485.85000,0.356992
40485.86000,0.356998
40485.87000,0.35775
40485.88000,0.359311
40485.89000,0.361598
40485.90000,0.364176
40485.91000,0.366563
40485.92000,0.368677
40485.93000,0.370558
40485.94000,0.372077
40485.95000,0.372788
40485.96000,0.372948
40485.97000,0.37276
40485.98000,0.372824
40485.99000,0.372872
40486.00000,0.37292
40486.01000,0.372968
40486.02000,0.373016
40486.03000,0.373064
40486.04000,0.373416
40486.05000,0.373817
40486.06000,0.374236
40486.07000,0.374882
40486.08000,0.375633
40486.09000,0.376356
40486.10000,0.37707
40486.11000,0.37853
40486.12000,0.380881
40486.13000,0.383419
40486.14000,0.385699
40486.15000,0.38718
40486.16000,0.387674
40486.17000,0.387678
40486.18000,0.387444
40486.19000,0.387067
40486.20000,0.386547
40486.21000,0.38593
40486.22000,0.385236
40486.23000,0.383786
40486.24000,0.383698
40486.25000,0.38361
40486.26000,0.383522
40486.27000,0.383434
40486.28000,0.383346
40486.29000,0.382707
40486.30000,0.381907
40486.31000,0.380982
40486.32000,0.380656
40486.33000,0.380975
40486.34000,0.38165
40486.35000,0.382469
40486.36000,0.383318
40486.37000,0.384143
40486.38000,0.384922
40486.39000,0.385652
40486.40000,0.386173
40486.41000,0.38636
40486.42000,0.386356
40486.43000,0.386262
40486.44000,0.38599
40486.45000,0.385166
40486.46000,0.383912
40486.47000,0.382322
40486.48000,0.378408
40486.49000,0.378422
40486.50000,0.378436
40486.51000,0.37845
40486.52000,0.378464
40486.53000,0.378478
40486.54000,0.379043
40486.55000,0.379809
40486.56000,0.380627
40486.57000,0.381093
40486.58000,0.38122
40486.59000,0.381154
40486.60000,0.38099
40486.61000,0.380373
40486.62000,0.379136
40486.63000,0.377437
40486.64000,0.375406
40486.65000,0.369643
40486.66000,0.369585
40486.67000,0.369527
40486.68000,0.369469
40486.69000,0.369411
40486.70000,0.369353
40486.71000,0.369295
40486.72000,0.369237
40486.73000,0.369179
40486.74000,0.369121
40486.75000,0.369063
40486.76000,0.369059
40486.77000,0.369055
40486.78000,0.369051
40486.79000,0.369047
40486.80000,0.369043
40486.81000,0.369039
40486.82000,0.369035
40486.83000,0.369102
40486.84000,0.369306
40486.85000,0.369648
40486.86000,0.369978
40486.87000,0.370151
40486.88000,0.370159
40486.89000,0.37003
40486.90000,0.369198
40486.91000,0.369173
40486.92000,0.369149
40486.93000,0.369125
40486.94000,0.369101
40486.95000,0.369076
40486.96000,0.369052
40486.97000,0.369028
40486.98000,0.369004
40486.99000,0.368979
40487.00000,0.368955
40487.01000,0.368947
40487.02000,0.368939
40487.03000,0.368931
40487.04000,0.368923
40487.05000,0.368915
40487.06000,0.368907
40487.07000,0.368899
40487.08000,0.36889
40487.09000,0.368882
40487.10000,0.368874
40487.11000,0.368866
40487.12000,0.368858
40487.13000,0.36885
40487.14000,0.368839
40487.15000,0.368826
40487.16000,0.368814
40487.17000,0.368801
40487.18000,0.368789
40487.19000,0.368776
40487.20000,0.368764
40487.21000,0.368751
40487.22000,0.368739
40487.23000,0.368726
40487.24000,0.368696
40487.25000,0.368656
40487.26000,0.368617
40487.27000,0.368578
40487.28000,0.368538
40487.29000,0.368499
40487.30000,0.36846
40487.31000,0.36842
40487.32000,0.368381
40487.33000,0.368342
40487.34000,0.368302
40487.35000,0.368263
40487.36000,0.368224
40487.37000,0.368182
40487.38000,0.368136
40487.39000,0.36809
40487.40000,0.368044
40487.41000,0.367998
40487.42000,0.367952
40487.43000,0.367906
40487.44000,0.36786
40487.45000,0.367814
40487.46000,0.367768
40487.47000,0.367722
40487.48000,0.367676
40487.49000,0.36763
40487.50000,0.367584
40487.51000,0.367538
40487.52000,0.367492
40487.53000,0.367446
40487.54000,0.3674
40487.55000,0.367379
40487.56000,0.367378
40487.57000,0.367377
40487.58000,0.367376
40487.59000,0.367375
40487.60000,0.367374
40487.61000,0.367373
40487.62000,0.367372
40487.63000,0.367371
40487.64000,0.36737
40487.65000,0.367369
40487.66000,0.367368
40487.67000,0.367367
40487.68000,0.367365
40487.69000,0.367364
40487.70000,0.367363
40487.71000,0.367362
40487.72000,0.367361
40487.73000,0.36736
40487.74000,0.367359
40487.75000,0.367358
40487.76000,0.367357
40487.77000,0.367356
40487.78000,0.367355
40487.79000,0.367345
40487.80000,0.367333
40487.81000,0.367322
40487.82000,0.36731
40487.83000,0.367299
40487.84000,0.367287
40487.85000,0.367276
40487.86000,0.367264
40487.87000,0.367252
40487.88000,0.367241
40487.89000,0.367229
40487.90000,0.367218
40487.91000,0.367206
40487.92000,0.367195
40487.93000,0.367183
40487.94000,0.367172
40487.95000,0.36716
40487.96000,0.367149
40487.97000,0.367137
40487.98000,0.367126
40487.99000,0.367114
40488.00000,0.367103
40488.01000,0.367091
40488.02000,0.36708
40488.03000,0.367068
40488.04000,0.367056
40488.05000,0.367045
40488.06000,0.367033
40488.07000,0.367022
40488.08000,0.36701
40488.09000,0.366999
40488.10000,0.366981
40488.11000,0.366944
40488.12000,0.366906
40488.13000,0.366869
40488.14000,0.366832
40488.15000,0.366795
40488.16000,0.366757
40488.17000,0.36672
40488.18000,0.366683
40488.19000,0.366646
40488.20000,0.366608
40488.21000,0.366571
40488.22000,0.366534
40488.23000,0.366497
40488.24000,0.36646
40488.25000,0.366422
40488.26000,0.366385
40488.27000,0.366348
40488.28000,0.366311
40488.29000,0.366273
40488.30000,0.366236
40488.31000,0.366199
40488.32000,0.366162
40488.33000,0.366124
40488.34000,0.366087
40488.35000,0.36605
40488.36000,0.366013
40488.37000,0.365975
40488.38000,0.365938
40488.39000,0.365901
40488.40000,0.365864
40488.41000,0.365826
40488.42000,0.365789
40488.43000,0.365752
40488.44000,0.365715
40488.45000,0.365677
40488.46000,0.36564
40488.47000,0.365603
40488.48000,0.365566
40488.49000,0.365528
40488.50000,0.365491
40488.51000,0.365454
40488.52000,0.365421
40488.53000,0.365419
40488.54000,0.365417
40488.55000,0.365415
40488.56000,0.365413
40488.57000,0.365411
40488.58000,0.365409
40488.59000,0.365408
40488.60000,0.365406
40488.61000,0.365404
40488.62000,0.365402
40488.63000,0.3654
40488.64000,0.365398
40488.65000,0.365396
40488.66000,0.365395
40488.67000,0.365393
40488.68000,0.365391
40488.69000,0.365389
40488.70000,0.365387
40488.71000,0.365385
40488.72000,0.365383
40488.73000,0.365381
40488.74000,0.36538
40488.75000,0.365378
40488.76000,0.365376
40488.77000,0.365374
40488.78000,0.365372
40488.79000,0.36537
40488.80000,0.365368
40488.81000,0.365367
40488.82000,0.365365
40488.83000,0.365363
40488.84000,0.365361
40488.85000,0.365359
40488.86000,0.365357
40488.87000,0.365355
40488.88000,0.365354
40488.89000,0.365352
40488.90000,0.36535
40488.91000,0.365348
40488.92000,0.365346
40488.93000,0.365344
40488.94000,0.365342
40488.95000,0.36532
40488.96000,0.365297
40488.97000,0.365274
40488.98000,0.36525
40488.99000,0.365227
40489.00000,0.365204
40489.01000,0.365181
40489.02000,0.365157
40489.03000,0.365134
40489.04000,0.365111
40489.05000,0.365088
40489.06000,0.365065
40489.07000,0.365041
40489.08000,0.365018
40489.09000,0.364995
40489.10000,0.364972
40489.11000,0.364948
40489.12000,0.364925
40489.13000,0.364902
40489.14000,0.364879
40489.15000,0.364856
40489.16000,0.364832
40489.17000,0.364809
40489.18000,0.364786
40489.19000,0.364763
40489.20000,0.36474
40489.21000,0.364716
40489.22000,0.364693
40489.23000,0.36467
40489.24000,0.364647
40489.25000,0.364623
40489.26000,0.3646
40489.27000,0.364577
40489.28000,0.364554
40489.29000,0.364531
40489.30000,0.364507
40489.31000,0.364484
40489.32000,0.364461
40489.33000,0.364438
40489.34000,0.364414
40489.35000,0.364391
40489.36000,0.364368
40489.37000,0.364359
40489.38000,0.364352
40489.39000,0.364346
40489.40000,0.364339
40489.41000,0.364333
40489.42000,0.364326
40489.43000,0.364319
40489.44000,0.364313
40489.45000,0.364306
40489.46000,0.3643
40489.47000,0.364293
40489.48000,0.364287
40489.49000,0.36428
40489.50000,0.364274
40489.51000,0.364267
40489.52000,0.364261
40489.53000,0.364254
40489.54000,0.364248
40489.55000,0.364241
40489.56000,0.364235
40489.57000,0.364228
40489.58000,0.364222
40489.59000,0.364215
40489.60000,0.364209
40489.61000,0.364202
40489.62000,0.364196
40489.63000,0.364189
40489.64000,0.364182
40489.65000,0.364176
40489.66000,0.364169
40489.67000,0.364163
40489.68000,0.364156
40489.69000,0.36415
40489.70000,0.364143
40489.71000,0.364137
40489.72000,0.36413
40489.73000,0.364124
40489.74000,0.364117
40489.75000,0.364111
40489.76000,0.364104
40489.77000,0.364098
40489.78000,0.364091
40489.79000,0.364083
40489.80000,0.364074
40489.81000,0.364065
40489.82000,0.364056
40489.83000,0.364047
40489.84000,0.364038
40489.85000,0.364029
40489.86000,0.36402
40489.87000,0.364011
40489.88000,0.364002
40489.89000,0.363993
40489.90000,0.363984
40489.91000,0.363975
40489.92000,0.363966
40489.93000,0.363957
40489.94000,0.363948
40489.95000,0.363939
40489.96000,0.36393
40489.97000,0.363921
40489.98000,0.363912
40489.99000,0.363903
40490.00000,0.363894
40490.01000,0.363885
40490.02000,0.363876
40490.03000,0.363867
40490.04000,0.363858
40490.05000,0.363849
40490.06000,0.36384
40490.07000,0.363831
40490.08000,0.363822
40490.09000,0.363813
40490.10000,0.363804
40490.11000,0.363795
40490.12000,0.363786
40490.13000,0.363777
40490.14000,0.363768
40490.15000,0.363759
40490.16000,0.36375
40490.17000,0.363741
40490.18000,0.363732
40490.19000,0.363723
40490.20000,0.363714
40490.21000,0.363705
40490.22000,0.363696
40490.23000,0.363687
40490.24000,0.363678
40490.25000,0.363669
40490.26000,0.36366
40490.27000,0.363651
40490.28000,0.363642
40490.29000,0.363634
40490.30000,0.363625
40490.31000,0.363617
40490.32000,0.363608
40490.33000,0.3636
40490.34000,0.363591
40490.35000,0.363583
40490.36000,0.363574
40490.37000,0.363566
40490.38000,0.363557
40490.39000,0.363549
40490.40000,0.363541
40490.41000,0.363532
40490.42000,0.363524
40490.43000,0.363515
40490.44000,0.363507
40490.45000,0.363498
40490.46000,0.36349
40490.47000,0.363481
40490.48000,0.363473
40490.49000,0.363465
40490.50000,0.363456
40490.51000,0.363448
40490.52000,0.363439
40490.53000,0.363431
40490.54000,0.363422
40490.55000,0.363414
40490.56000,0.363405
40490.57000,0.363397
40490.58000,0.363388
40490.59000,0.36338
40490.60000,0.363372
40490.61000,0.363363
40490.62000,0.363355
40490.63000,0.363346
40490.64000,0.363338
40490.65000,0.363329
40490.66000,0.363321
40490.67000,0.363312
40490.68000,0.363304
40490.69000,0.363296
40490.70000,0.363287
40490.71000,0.363279
40490.72000,0.36327
40490.73000,0.363262
40490.74000,0.363253
40490.75000,0.363245
40490.76000,0.363236
40490.77000,0.363228
40490.78000,0.363219
40490.79000,0.363211
40490.80000,0.363202
40490.81000,0.363193
40490.82000,0.363184
40490.83000,0.363175
40490.84000,0.363166
40490.85000,0.363157
40490.86000,0.363148
40490.87000,0.363139
40490.88000,0.36313
40490.89000,0.363121
40490.90000,0.363113
40490.91000,0.363104
40490.92000,0.363095
40490.93000,0.363086
40490.94000,0.363077
40490.95000,0.363068
40490.96000,0.363059
40490.97000,0.36305
40490.98000,0.363041
40490.99000,0.363032
40491.00000,0.363023
40491.01000,0.363014
40491.02000,0.363005
40491.03000,0.362997
40491.04000,0.362988
40491.05000,0.362979
40491.06000,0.36297
40491.07000,0.362961
40491.08000,0.362952
40491.09000,0.362943
40491.10000,0.362934
40491.11000,0.362925
40491.12000,0.362916
40491.13000,0.362907
40491.14000,0.362898
40491.15000,0.362889
40491.16000,0.362881
40491.17000,0.362872
40491.18000,0.362863
40491.19000,0.362854
40491.20000,0.362845
40491.21000,0.362836
40491.22000,0.362827
40491.23000,0.362818
40491.24000,0.362809
40491.25000,0.3628
40491.26000,0.362791
40491.27000,0.362782
40491.28000,0.362773
40491.29000,0.362765
40491.30000,0.362757
40491.31000,0.362748
40491.32000,0.36274
40491.33000,0.362732
40491.34000,0.362723
40491.35000,0.362715
40491.36000,0.362706
40491.37000,0.362698
40491.38000,0.36269
40491.39000,0.362681
40491.40000,0.362673
40491.41000,0.362665
40491.42000,0.362656
40491.43000,0.362648
40491.44000,0.36264
40491.45000,0.362631
40491.46000,0.362623
40491.47000,0.362615
40491.48000,0.362606
40491.49000,0.362598
40491.50000,0.362589
40491.51000,0.362581
40491.52000,0.362573
40491.53000,0.362564
40491.54000,0.362556
40491.55000,0.362548
40491.56000,0.362539
40491.57000,0.362531
40491.58000,0.362523
40491.59000,0.362514
40491.60000,0.362506
40491.61000,0.362498
40491.62000,0.362489
40491.63000,0.362481
40491.64000,0.362472
40491.65000,0.362464
40491.66000,0.362456
40491.67000,0.362447
40491.68000,0.362439
40491.69000,0.362431
40491.70000,0.362422
40491.71000,0.362414
40491.72000,0.362406
40491.73000,0.362397
40491.74000,0.362389
40491.75000,0.362381
40491.76000,0.362372
40491.77000,0.362364
40491.78000,0.362355
40491.79000,0.362347
40491.80000,0.362338
40491.81000,0.362329
40491.82000,0.36232
40491.83000,0.362312
40491.84000,0.362303
40491.85000,0.362294
40491.86000,0.362285
40491.87000,0.362277
40491.88000,0.362268
40491.89000,0.362259
40491.90000,0.36225
40491.91000,0.362241
40491.92000,0.362233
40491.93000,0.362224
40491.94000,0.362215
40491.95000,0.362206
40491.96000,0.362198
40491.97000,0.362189
40491.98000,0.36218
40491.99000,0.362171
40492.00000,0.362162
40492.01000,0.362154
40492.02000,0.362145
40492.03000,0.362136
40492.04000,0.362127
40492.05000,0.362119
40492.06000,0.36211
40492.07000,0.362101
40492.08000,0.362092
40492.09000,0.362083
40492.10000,0.362075
40492.11000,0.362066
40492.12000,0.362057
40492.13000,0.362048
40492.14000,0.36204
40492.15000,0.362031
40492.16000,0.362022
40492.17000,0.362013
40492.18000,0.362004
40492.19000,0.361996
40492.20000,0.361987
40492.21000,0.361978
40492.22000,0.361969
40492.23000,0.361961
40492.24000,0.361952
40492.25000,0.361943
40492.26000,0.361934
40492.27000,0.361925
40492.28000,0.361917
40492.29000,0.361908
40492.30000,0.3619
40492.31000,0.361892
40492.32000,0.361883
40492.33000,0.361875
40492.34000,0.361867
40492.35000,0.361859
40492.36000,0.36185
40492.37000,0.361842
40492.38000,0.361834
40492.39000,0.361825
40492.40000,0.361817
40492.41000,0.361809
40492.42000,0.361801
40492.43000,0.361792
40492.44000,0.361784
40492.45000,0.361776
40492.46000,0.361767
40492.47000,0.361759
40492.48000,0.361751
40492.49000,0.361743
40492.50000,0.361734
40492.51000,0.361726
40492.52000,0.361718
40492.53000,0.36171
40492.54000,0.361701
40492.55000,0.361693
40492.56000,0.361685
40492.57000,0.361676
40492.58000,0.361668
40492.59000,0.36166
40492.60000,0.361652
40492.61000,0.361643
40492.62000,0.361635
40492.63000,0.361627
40492.64000,0.361618
40492.65000,0.36161
40492.66000,0.361602
40492.67000,0.361594
40492.68000,0.361585
40492.69000,0.361577
40492.70000,0.361569
40492.71000,0.36156
40492.72000,0.361552
40492.73000,0.361544
40492.74000,0.361536
40492.75000,0.361527
40492.76000,0.361519
40492.77000,0.361511
40492.78000,0.361502
40492.79000,0.361494
40492.80000,0.361485
40492.81000,0.361477
40492.82000,0.361468
40492.83000,0.361459
40492.84000,0.361451
40492.85000,0.361442
40492.86000,0.361433
40492.87000,0.361425
40492.88000,0.361416
40492.89000,0.361407
40492.90000,0.361399
40492.91000,0.36139
40492.92000,0.361381
40492.93000,0.361373
40492.94000,0.361364
40492.95000,0.361355
40492.96000,0.361347
40492.97000,0.361338
40492.98000,0.361329
40492.99000,0.36132
40493.00000,0.361312
40493.01000,0.361303
40493.02000,0.361294
40493.03000,0.361286
40493.04000,0.361277
40493.05000,0.361268
40493.06000,0.36126
40493.07000,0.361251
40493.08000,0.361242
40493.09000,0.361234
40493.10000,0.361225
40493.11000,0.361216
40493.12000,0.361208
40493.13000,0.361199
40493.14000,0.36119
40493.15000,0.361182
40493.16000,0.361173
40493.17000,0.361164
40493.18000,0.361156
40493.19000,0.361147
40493.20000,0.361138
40493.21000,0.36113
40493.22000,0.361121
40493.23000,0.361112
40493.24000,0.361104
40493.25000,0.361095
40493.26000,0.361086
40493.27000,0.361078
40493.28000,0.361069
40493.29000,0.361061
40493.30000,0.361052
40493.31000,0.361044
40493.32000,0.361036
40493.33000,0.361028
40493.34000,0.36102
40493.35000,0.361012
40493.36000,0.361003
40493.37000,0.360995
40493.38000,0.360987
40493.39000,0.360979
40493.40000,0.360971
40493.41000,0.360962
40493.42000,0.360954
40493.43000,0.360946
40493.44000,0.360938
40493.45000,0.36093
40493.46000,0.360922
40493.47000,0.360913
40493.48000,0.360905
40493.49000,0.360897
40493.50000,0.360889
40493.51000,0.360881
40493.52000,0.360872
40493.53000,0.360864
40493.54000,0.360856
40493.55000,0.360848
40493.56000,0.36084
40493.57000,0.360832
40493.58000,0.360823
40493.59000,0.360815
40493.60000,0.360807
40493.61000,0.360799
40493.62000,0.360791
40493.63000,0.360782
40493.64000,0.360774
40493.65000,0.360766
40493.66000,0.360758
40493.67000,0.36075
40493.68000,0.360742
40493.69000,0.360733
40493.70000,0.360725
40493.71000,0.360717
40493.72000,0.360709
40493.73000,0.360701
40493.74000,0.360692
40493.75000,0.360684
40493.76000,0.360676
40493.77000,0.360668
40493.78000,0.36066
40493.79000,0.360651
40493.80000,0.360643
40493.81000,0.360634
40493.82000,0.360626
40493.83000,0.360617
40493.84000,0.360608
40493.85000,0.3606
40493.86000,0.360591
40493.87000,0.360583
40493.88000,0.360574
40493.89000,0.360566
40493.90000,0.360557
40493.91000,0.360548
40493.92000,0.36054
40493.93000,0.360531
40493.94000,0.360523
40493.95000,0.360514
40493.96000,0.360506
40493.97000,0.360497
40493.98000,0.360488
40493.99000,0.36048
40494.00000,0.360471
40494.01000,0.360463
40494.02000,0.360454
40494.03000,0.360446
40494.04000,0.360437
40494.05000,0.360428
40494.06000,0.36042
40494.07000,0.360411
40494.08000,0.360403
40494.09000,0.360394
40494.10000,0.360386
40494.11000,0.360377
40494.12000,0.360368
40494.13000,0.36036
40494.14000,0.360351
40494.15000,0.360343
40494.16000,0.360334
40494.17000,0.360326
40494.18000,0.360317
40494.19000,0.360308
40494.20000,0.3603
40494.21000,0.360291
40494.22000,0.360283
40494.23000,0.360274
40494.24000,0.360266
40494.25000,0.360257
40494.26000,0.360248
40494.27000,0.36024
40494.28000,0.360231
40494.29000,0.360223
40494.30000,0.360215
40494.31000,0.360207
40494.32000,0.360199
40494.33000,0.360191
40494.34000,0.360183
40494.35000,0.360174
40494.36000,0.360166
40494.37000,0.360158
40494.38000,0.36015
40494.39000,0.360142
40494.40000,0.360134
40494.41000,0.360126
40494.42000,0.360118
40494.43000,0.36011
40494.44000,0.360101
40494.45000,0.360093
40494.46000,0.360085
40494.47000,0.360077
40494.48000,0.360069
40494.49000,0.360061
40494.50000,0.360053
40494.51000,0.360045
40494.52000,0.360037
40494.53000,0.360029
40494.54000,0.36002
40494.55000,0.360012
40494.56000,0.360004
40494.57000,0.359996
40494.58000,0.359988
40494.59000,0.35998
40494.60000,0.359972
40494.61000,0.359964
40494.62000,0.359956
40494.63000,0.359947
40494.64000,0.359939
40494.65000,0.359931
40494.66000,0.359923
40494.67000,0.359915
40494.68000,0.359907
40494.69000,0.359899
40494.70000,0.359891
40494.71000,0.359883
40494.72000,0.359875
40494.73000,0.359866
40494.74000,0.359858
40494.75000,0.35985
40494.76000,0.359842
40494.77000,0.359834
40494.78000,0.359826
40494.79000,0.359818
40494.80000,0.359809
40494.81000,0.359801
40494.82000,0.359792
40494.83000,0.359784
40494.84000,0.359776
40494.85000,0.359767
40494.86000,0.359759
40494.87000,0.35975
40494.88000,0.359742
40494.89000,0.359734
40494.90000,0.359725
40494.91000,0.359717
40494.92000,0.359708
40494.93000,0.3597
40494.94000,0.359692
40494.95000,0.359683
40494.96000,0.359675
40494.97000,0.359666
40494.98000,0.359658
40494.99000,0.35965
40495.00000,0.359641
40495.01000,0.359633
40495.02000,0.359624
40495.03000,0.359616
40495.04000,0.359608
40495.05000,0.359599
40495.06000,0.359591
40495.07000,0.359582
40495.08000,0.359574
40495.09000,0.359566
40495.10000,0.359557
40495.11000,0.359549
40495.12000,0.35954
40495.13000,0.359532
40495.14000,0.359524
40495.15000,0.359515
40495.16000,0.359507
40495.17000,0.359498
40495.18000,0.35949
40495.19000,0.359482
40495.20000,0.359473
40495.21000,0.359465
40495.22000,0.359456
40495.23000,0.359448
40495.24000,0.35944
40495.25000,0.359431
40495.26000,0.359423
40495.27000,0.359414
40495.28000,0.359406
40495.29000,0.359398
40495.30000,0.35939
40495.31000,0.359382
40495.32000,0.359374
40495.33000,0.359366
40495.34000,0.359357
40495.35000,0.359349
40495.36000,0.359341
40495.37000,0.359333
40495.38000,0.359325
40495.39000,0.359317
40495.40000,0.359309
40495.41000,0.359301
40495.42000,0.359293
40495.43000,0.359285
40495.44000,0.359277
40495.45000,0.359269
40495.46000,0.359261
40495.47000,0.359253
40495.48000,0.359245
40495.49000,0.359237
40495.50000,0.359229
40495.51000,0.359221
40495.52000,0.359213
40495.53000,0.359204
40495.54000,0.359196
40495.55000,0.359188
40495.56000,0.35918
40495.57000,0.359172
40495.58000,0.359164
40495.59000,0.359156
40495.60000,0.359148
40495.61000,0.35914
40495.62000,0.359132
40495.63000,0.359124
40495.64000,0.359116
40495.65000,0.359108
40495.66000,0.3591
40495.67000,0.359092
40495.68000,0.359084
40495.69000,0.359076
40495.70000,0.359068
40495.71000,0.359059
40495.72000,0.359051
40495.73000,0.359043
40495.74000,0.359035
40495.75000,0.359027
40495.76000,0.359019
40495.77000,0.359011
40495.78000,0.359003
40495.79000,0.358995
40495.80000,0.358987
40495.81000,0.358979
40495.82000,0.358971
40495.83000,0.358963
40495.84000,0.358955
40495.85000,0.358947
40495.86000,0.358939
40495.87000,0.358931
40495.88000,0.358922
40495.89000,0.358914
40495.90000,0.358906
40495.91000,0.358898
40495.92000,0.35889
40495.93000,0.358882
40495.94000,0.358874
40495.95000,0.358866
40495.96000,0.358858
40495.97000,0.35885
40495.98000,0.358842
40495.99000,0.358834
40496.00000,0.358826
40496.01000,0.358818
40496.02000,0.35881
40496.03000,0.358802
40496.04000,0.358794
40496.05000,0.358785
40496.06000,0.358777
40496.07000,0.358769
40496.08000,0.358761
40496.09000,0.358753
40496.10000,0.358745
40496.11000,0.358737
40496.12000,0.358729
40496.13000,0.358721
40496.14000,0.358713
40496.15000,0.358705
40496.16000,0.358697
40496.17000,0.358689
40496.18000,0.358681
40496.19000,0.358673
40496.20000,0.358665
40496.21000,0.358656
40496.22000,0.358648
40496.23000,0.35864
40496.24000,0.358632
40496.25000,0.358624
40496.26000,0.358616
40496.27000,0.358608
40496.28000,0.3586
40496.29000,0.358592
40496.30000,0.358584
40496.31000,0.358576
40496.32000,0.358568
40496.33000,0.35856
40496.34000,0.358552
40496.35000,0.358544
40496.36000,0.358536
40496.37000,0.358528
40496.38000,0.35852
40496.39000,0.358512
40496.40000,0.358504
40496.41000,0.358495
40496.42000,0.358487
40496.43000,0.358479
40496.44000,0.358471
40496.45000,0.358463
40496.46000,0.358455
40496.47000,0.358447
40496.48000,0.358439
40496.49000,0.358431
40496.50000,0.358423
40496.51000,0.358415
40496.52000,0.358407
40496.53000,0.358399
40496.54000,0.358391
40496.55000,0.358383
40496.56000,0.358375
40496.57000,0.358367
40496.58000,0.358359
40496.59000,0.358351
40496.60000,0.358343
40496.61000,0.358335
40496.62000,0.358327
40496.63000,0.358319
40496.64000,0.35831
40496.65000,0.358302
40496.66000,0.358294
40496.67000,0.358286
40496.68000,0.358278
40496.69000,0.35827
40496.70000,0.358262
40496.71000,0.358254
40496.72000,0.358246
40496.73000,0.358238
40496.74000,0.35823
40496.75000,0.358222
40496.76000,0.358214
40496.77000,0.358206
40496.78000,0.358198
40496.79000,0.35819
40496.80000,0.358182
40496.81000,0.358174
40496.82000,0.358166
40496.83000,0.358158
40496.84000,0.35815
40496.85000,0.358142
40496.86000,0.358134
40496.87000,0.358126
40496.88000,0.358118
40496.89000,0.35811
40496.90000,0.358102
40496.91000,0.358094
40496.92000,0.358086
40496.93000,0.358078
40496.94000,0.35807
40496.95000,0.358062
40496.96000,0.358054
40496.97000,0.358046
40496.98000,0.358038
40496.99000,0.35803
40497.00000,0.358022
40497.01000,0.358014
40497.02000,0.358006
40497.03000,0.357998
40497.04000,0.35799
40497.05000,0.357982
40497.06000,0.357974
40497.07000,0.357966
40497.08000,0.357958
40497.09000,0.35795
40497.10000,0.357942
40497.11000,0.357935
40497.12000,0.357927
40497.13000,0.357919
40497.14000,0.357911
40497.15000,0.357903
40497.16000,0.357895
40497.17000,0.357887
40497.18000,0.357879
40497.19000,0.357871
40497.20000,0.357863
40497.21000,0.357855
40497.22000,0.357847
40497.23000,0.357839
40497.24000,0.357831
40497.25000,0.357823
40497.26000,0.357815
40497.27000,0.357807
40497.28000,0.357799
40497.29000,0.357796
40497.30000,0.357794
40497.31000,0.357793
40497.32000,0.357792
40497.33000,0.357791
40497.34000,0.357789
40497.35000,0.357788
40497.36000,0.357787
40497.37000,0.357786
40497.38000,0.357785
40497.39000,0.357783
40497.40000,0.357782
40497.41000,0.357781
40497.42000,0.35778
40497.43000,0.357778
40497.44000,0.357777
40497.45000,0.357776
40497.46000,0.357775
40497.47000,0.357773
40497.48000,0.357772
40497.49000,0.357771
40497.50000,0.35777
40497.51000,0.357769
40497.52000,0.357767
40497.53000,0.357766
40497.54000,0.357765
40497.55000,0.357764
40497.56000,0.357762
40497.57000,0.357761
40497.58000,0.35776
40497.59000,0.357759
40497.60000,0.357758
40497.61000,0.357756
40497.62000,0.357755
40497.63000,0.357754
40497.64000,0.357753
40497.65000,0.357751
40497.66000,0.35775
40497.67000,0.357749
40497.68000,0.357748
40497.69000,0.357747
40497.70000,0.357745
40497.71000,0.357744
40497.72000,0.357743
40497.73000,0.357742
40497.74000,0.35774
40497.75000,0.357739
40497.76000,0.357738
40497.77000,0.357737
40497.78000,0.357736
40497.79000,0.357737
40497.80000,0.357741
40497.81000,0.357744
40497.82000,0.357747
40497.83000,0.35775
40497.84000,0.357754
40497.85000,0.357757
40497.86000,0.35776
40497.87000,0.357994
40497.88000,0.35859
40497.89000,0.359586
40497.90000,0.361192
40497.91000,0.363721
40497.92000,0.366896
40497.93000,0.370313
40497.94000,0.373384
40497.95000,0.375341
40497.96000,0.376609
40497.97000,0.377512
40497.98000,0.378167
40497.99000,0.377948
40498.00000,0.377073
40498.01000,0.375702
40498.02000,0.373932
40498.03000,0.372745
40498.04000,0.372153
40498.05000,0.372048
40498.06000,0.372321
40498.07000,0.372562
40498.08000,0.372616
40498.09000,0.372502
40498.10000,0.372265
40498.11000,0.371943
40498.12000,0.371564
40498.13000,0.371149
40498.14000,0.370713
40498.15000,0.370389
40498.16000,0.370353
40498.17000,0.370617
40498.18000,0.371154
40498.19000,0.371869
40498.20000,0.372583
40498.21000,0.373249
40498.22000,0.373855
40498.23000,0.37436
40498.24000,0.374282
40498.25000,0.373765
40498.26000,0.372959
40498.27000,0.371974
40498.28000,0.370195
40498.29000,0.370161
40498.30000,0.370127
40498.31000,0.370093
40498.32000,0.37006
40498.33000,0.370363
40498.34000,0.371108
40498.35000,0.372204
40498.36000,0.373419
40498.37000,0.374574
40498.38000,0.375619
40498.39000,0.37655
40498.40000,0.377106
40498.41000,0.377021
40498.42000,0.376507
40498.43000,0.375724
40498.44000,0.374805
40498.45000,0.373891
40498.46000,0.372985
40498.47000,0.372083
40498.48000,0.371213
40498.49000,0.370654
40498.50000,0.370376
40498.51000,0.370325
40498.52000,0.370459
40498.53000,0.370514
40498.54000,0.37044
40498.55000,0.370251
40498.56000,0.369978
40498.57000,0.369938
40498.58000,0.370296
40498.59000,0.371071
40498.60000,0.372184
40498.61000,0.374419
40498.62000,0.374537
40498.63000,0.374655
40498.64000,0.374773
40498.65000,0.374891
40498.66000,0.37546
40498.67000,0.376113
40498.68000,0.376815
40498.69000,0.377295
40498.70000,0.37692
40498.71000,0.375942
40498.72000,0.37458
40498.73000,0.370473
40498.74000,0.370385
40498.75000,0.370296
40498.76000,0.370207
40498.77000,0.370118
40498.78000,0.370029
40498.79000,0.369876
40498.80000,0.369944
40498.81000,0.370186
40498.82000,0.370382
40498.83000,0.370431
40498.84000,0.370337
40498.85000,0.370132
40498.86000,0.36919
40498.87000,0.369194
40498.88000,0.369197
40498.89000,0.369201
40498.90000,0.369204
40498.91000,0.369208
40498.92000,0.369211
40498.93000,0.369215
40498.94000,0.369218
40498.95000,0.369222
40498.96000,0.369226
40498.97000,0.369229
40498.98000,0.369233
40498.99000,0.371761
40499.00000,0.376977
40499.01000,0.382395
40499.02000,0.386462
40499.03000,0.38737
40499.04000,0.386618
40499.05000,0.384801
40499.06000,0.382071
40499.07000,0.37946
40499.08000,0.377332
40499.09000,0.375493
40499.10000,0.373782
40499.11000,0.369733
40499.12000,0.369669
40499.13000,0.369605
40499.14000,0.369541
40499.15000,0.369477
40499.16000,0.369413
40499.17000,0.369349
40499.18000,0.369284
40499.19000,0.36922
40499.20000,0.369156
40499.21000,0.369092
40499.22000,0.369066
40499.23000,0.36904
40499.24000,0.369014
40499.25000,0.368987
40499.26000,0.368961
40499.27000,0.368935
40499.28000,0.368909
40499.29000,0.368882
40499.30000,0.368856
40499.31000,0.36883
40499.32000,0.368804
40499.33000,0.368777
40499.34000,0.368751
40499.35000,0.368707
40499.36000,0.368655
40499.37000,0.368603
40499.38000,0.36855
40499.39000,0.368498
40499.40000,0.368445
40499.41000,0.368393
40499.42000,0.36834
40499.43000,0.368288
40499.44000,0.368235
40499.45000,0.368183
40499.46000,0.368131
40499.47000,0.368078
40499.48000,0.36804
40499.49000,0.368028
40499.50000,0.368017
40499.51000,0.368006
40499.52000,0.367995
40499.53000,0.367984
40499.54000,0.367973
40499.55000,0.367962
40499.56000,0.367951
40499.57000,0.36794
40499.58000,0.367929
40499.59000,0.367918
40499.60000,0.367907
40499.61000,0.367896
40499.62000,0.367885
40499.63000,0.367874
40499.64000,0.367863
40499.65000,0.367852
40499.66000,0.367842
40499.67000,0.367834
40499.68000,0.367826
40499.69000,0.367817
40499.70000,0.367809
40499.71000,0.367801
40499.72000,0.367792
40499.73000,0.367784
40499.74000,0.367776
40499.75000,0.367767
40499.76000,0.367759
40499.77000,0.367751
40499.78000,0.367743
40499.79000,0.367734
40499.80000,0.367726
40499.81000,0.367718
40499.82000,0.367709
40499.83000,0.367701
40499.84000,0.367693
40499.85000,0.367684
40499.86000,0.367676
40499.87000,0.367668
40499.88000,0.367659
40499.89000,0.367651
40499.90000,0.36764
40499.91000,0.367628
40499.92000,0.367616
40499.93000,0.367605
40499.94000,0.367593
40499.95000,0.367581
40499.96000,0.367569
40499.97000,0.367558
40499.98000,0.367546
40499.99000,0.367534
40500.00000,0.367522
40500.01000,0.367511
40500.02000,0.367499
40500.03000,0.367487
40500.04000,0.367475
40500.05000,0.367463
40500.06000,0.367452
40500.07000,0.36744
40500.08000,0.367428
40500.09000,0.367416
40500.10000,0.367405
40500.11000,0.367393
40500.12000,0.367381
40500.13000,0.367369
40500.14000,0.367358
40500.15000,0.367346
40500.16000,0.367334
40500.17000,0.367322
40500.18000,0.367311
40500.19000,0.367299
40500.20000,0.367287
40500.21000,0.367272
40500.22000,0.367247
40500.23000,0.367223
40500.24000,0.367198
40500.25000,0.367173
40500.26000,0.367149
40500.27000,0.367124
40500.28000,0.367099
40500.29000,0.367075
40500.30000,0.36705
40500.31000,0.367025
40500.32000,0.367001
40500.33000,0.366976
40500.34000,0.366951
40500.35000,0.366927
40500.36000,0.366902
40500.37000,0.366877
40500.38000,0.366853
40500.39000,0.366828
40500.40000,0.366803
40500.41000,0.366778
40500.42000,0.366754
40500.43000,0.366729
40500.44000,0.366704
40500.45000,0.36668
40500.46000,0.366655
40500.47000,0.36663
40500.48000,0.366606
40500.49000,0.366581
40500.50000,0.366556
40500.51000,0.366532
40500.52000,0.366507
40500.53000,0.366482
40500.54000,0.366458
40500.55000,0.366433
40500.56000,0.366408
40500.57000,0.366384
40500.58000,0.366359
40500.59000,0.366334
40500.60000,0.366309
40500.61000,0.366285
40500.62000,0.36626
40500.63000,0.366237
40500.64000,0.366231
40500.65000,0.366225
40500.66000,0.366219
40500.67000,0.366212
40500.68000,0.366206
40500.69000,0.3662
40500.70000,0.366194
40500.71000,0.366187
40500.72000,0.366181
40500.73000,0.366175
40500.74000,0.366169
40500.75000,0.366162
40500.76000,0.366156
40500.77000,0.36615
40500.78000,0.366144
40500.79000,0.366137
40500.80000,0.366131
40500.81000,0.366125
40500.82000,0.366118
40500.83000,0.366112
40500.84000,0.366106
40500.85000,0.3661
40500.86000,0.366093
40500.87000,0.366087
40500.88000,0.366081
40500.89000,0.366075
40500.90000,0.366068
40500.91000,0.366062
40500.92000,0.366056
40500.93000,0.36605
40500.94000,0.366043
40500.95000,0.366037
40500.96000,0.366031
40500.97000,0.366025
40500.98000,0.366018
40500.99000,0.366012
40501.00000,0.366006
40501.01000,0.366
40501.02000,0.365993
40501.03000,0.365987
40501.04000,0.365981
40501.05000,0.365974
40501.06000,0.365968
40501.07000,0.365962
40501.08000,0.365956
40501.09000,0.365949
40501.10000,0.365943
40501.11000,0.365937
40501.12000,0.365931
40501.13000,0.365923
40501.14000,0.365902
40501.15000,0.365882
40501.16000,0.365861
40501.17000,0.365841
40501.18000,0.36582
40501.19000,0.365799
40501.20000,0.365779
40501.21000,0.365758
40501.22000,0.365738
40501.23000,0.365717
40501.24000,0.365697
40501.25000,0.365676
40501.26000,0.365655
40501.27000,0.365635
40501.28000,0.365614
40501.29000,0.365594
40501.30000,0.365573
40501.31000,0.365552
40501.32000,0.365532
40501.33000,0.365511
40501.34000,0.365491
40501.35000,0.36547
40501.36000,0.36545
40501.37000,0.365429
40501.38000,0.365408
40501.39000,0.365388
40501.40000,0.365367
40501.41000,0.365347
40501.42000,0.365326
40501.43000,0.365306
40501.44000,0.365285
40501.45000,0.365264
40501.46000,0.365244
40501.47000,0.365223
40501.48000,0.365203
40501.49000,0.365182
40501.50000,0.365162
40501.51000,0.365141
40501.52000,0.36512
40501.53000,0.3651
40501.54000,0.365079
40501.55000,0.365059
40501.56000,0.365038
40501.57000,0.365017
40501.58000,0.364997
40501.59000,0.364976
40501.60000,0.364956
40501.61000,0.364935
40501.62000,0.364915
40501.63000,0.364896
40501.64000,0.36489
40501.65000,0.364883
40501.66000,0.364877
40501.67000,0.364871
40501.68000,0.364865
40501.69000,0.364859
40501.70000,0.364853
40501.71000,0.364847
40501.72000,0.364841
40501.73000,0.364835
40501.74000,0.364829
40501.75000,0.364823
40501.76000,0.364817
40501.77000,0.364811
40501.78000,0.364805
40501.79000,0.364799
40501.80000,0.364793
40501.81000,0.364787
40501.82000,0.364781
40501.83000,0.364775
40501.84000,0.364768
40501.85000,0.364762
40501.86000,0.364756
40501.87000,0.36475
40501.88000,0.364744
40501.89000,0.364738
40501.90000,0.364732
40501.91000,0.364726
40501.92000,0.36472
40501.93000,0.364714
40501.94000,0.364708
40501.95000,0.364702
40501.96000,0.364696
40501.97000,0.36469
40501.98000,0.364684
40501.99000,0.364678
40502.00000,0.364672
40502.01000,0.364666
40502.02000,0.36466
40502.03000,0.364653
40502.04000,0.364647
40502.05000,0.364641
40502.06000,0.364635
40502.07000,0.364629
40502.08000,0.364623
40502.09000,0.364617
40502.10000,0.364611
40502.11000,0.364605
40502.12000,0.364599
40502.13000,0.364591
40502.14000,0.364571
40502.15000,0.364551
40502.16000,0.36453
40502.17000,0.36451
40502.18000,0.36449
40502.19000,0.364469
40502.20000,0.364449
40502.21000,0.364429
40502.22000,0.364408
40502.23000,0.364388
40502.24000,0.364368
40502.25000,0.364347
40502.26000,0.364327
40502.27000,0.364307
40502.28000,0.364287
40502.29000,0.364266
40502.30000,0.364246
40502.31000,0.364226
40502.32000,0.364205
40502.33000,0.364185
40502.34000,0.364165
40502.35000,0.364144
40502.36000,0.364124
40502.37000,0.364104
40502.38000,0.364083
40502.39000,0.364063
40502.40000,0.364043
40502.41000,0.364022
40502.42000,0.364002
40502.43000,0.363982
40502.44000,0.363961
40502.45000,0.363941
40502.46000,0.363921
40502.47000,0.3639
40502.48000,0.36388
40502.49000,0.36386
40502.50000,0.363839
40502.51000,0.363819
40502.52000,0.363799
40502.53000,0.363778
40502.54000,0.363758
40502.55000,0.363738
40502.56000,0.363717
40502.57000,0.363697
40502.58000,0.363677
40502.59000,0.363656
40502.60000,0.363636
40502.61000,0.363616
40502.62000,0.363595
40502.63000,0.363577
40502.64000,0.363571
40502.65000,0.363565
40502.66000,0.363559
40502.67000,0.363553
40502.68000,0.363547
40502.69000,0.363541
40502.70000,0.363536
40502.71000,0.36353
40502.72000,0.363524
40502.73000,0.363518
40502.74000,0.363512
40502.75000,0.363506
40502.76000,0.3635
40502.77000,0.363495
40502.78000,0.363489
40502.79000,0.363483
40502.80000,0.363477
40502.81000,0.363471
40502.82000,0.363465
40502.83000,0.363459
40502.84000,0.363454
40502.85000,0.363448
40502.86000,0.363442
40502.87000,0.363436
40502.88000,0.36343
40502.89000,0.363424
40502.90000,0.363418
40502.91000,0.363413
40502.92000,0.363407
40502.93000,0.363401
40502.94000,0.363395
40502.95000,0.363389
40502.96000,0.363383
40502.97000,0.363377
40502.98000,0.363372
40502.99000,0.363366
40503.00000,0.36336
40503.01000,0.363354
40503.02000,0.363348
40503.03000,0.363342
40503.04000,0.363336
40503.05000,0.363331
40503.06000,0.363325
40503.07000,0.363319
40503.08000,0.363313
40503.09000,0.363307
40503.10000,0.363301
40503.11000,0.363295
40503.12000,0.36329
40503.13000,0.363282
40503.14000,0.363262
40503.15000,0.363242
40503.16000,0.363222
40503.17000,0.363202
40503.18000,0.363182
40503.19000,0.363162
40503.20000,0.363142
40503.21000,0.363122
40503.22000,0.363102
40503.23000,0.363083
40503.24000,0.363063
40503.25000,0.363043
40503.26000,0.363023
40503.27000,0.363003
40503.28000,0.362983
40503.29000,0.362963
40503.30000,0.362943
40503.31000,0.362923
40503.32000,0.362903
40503.33000,0.362883
40503.34000,0.362863
40503.35000,0.362843
40503.36000,0.362823
40503.37000,0.362803
40503.38000,0.362783
40503.39000,0.362763
40503.40000,0.362743
40503.41000,0.362723
40503.42000,0.362703
40503.43000,0.362683
40503.44000,0.362663
40503.45000,0.362643
40503.46000,0.362623
40503.47000,0.362603
40503.48000,0.362583
40503.49000,0.362563
40503.50000,0.362543
40503.51000,0.362524
40503.52000,0.362504
40503.53000,0.362484
40503.54000,0.362464
40503.55000,0.362444
40503.56000,0.362424
40503.57000,0.362404
40503.58000,0.362384
40503.59000,0.362364
40503.60000,0.362344
40503.61000,0.362324
40503.62000,0.362304
40503.63000,0.362285
40503.64000,0.36228
40503.65000,0.362274
40503.66000,0.362268
40503.67000,0.362263
40503.68000,0.362257
40503.69000,0.362251
40503.70000,0.362246
40503.71000,0.36224
40503.72000,0.362234
40503.73000,0.362229
40503.74000,0.362223
40503.75000,0.362217
40503.76000,0.362212
40503.77000,0.362206
40503.78000,0.3622
40503.79000,0.362194
40503.80000,0.362189
40503.81000,0.362183
40503.82000,0.362177
40503.83000,0.362172
40503.84000,0.362166
40503.85000,0.36216
40503.86000,0.362155
40503.87000,0.362149
40503.88000,0.362143
40503.89000,0.362138
40503.90000,0.362132
40503.91000,0.362126
40503.92000,0.36212
40503.93000,0.362115
40503.94000,0.362109
40503.95000,0.362103
40503.96000,0.362098
40503.97000,0.362092
40503.98000,0.362086
40503.99000,0.362081
40504.00000,0.362075
40504.01000,0.362069
40504.02000,0.362064
40504.03000,0.362058
40504.04000,0.362052
40504.05000,0.362046
40504.06000,0.362041
40504.07000,0.362035
40504.08000,0.362029
40504.09000,0.362024
40504.10000,0.362018
40504.11000,0.362012
40504.12000,0.362007
40504.13000,0.361999
40504.14000,0.36198
40504.15000,0.36196
40504.16000,0.361941
40504.17000,0.361921
40504.18000,0.361902
40504.19000,0.361882
40504.20000,0.361862
40504.21000,0.361843
40504.22000,0.361823
40504.23000,0.361804
40504.24000,0.361784
40504.25000,0.361764
40504.26000,0.361745
40504.27000,0.361725
40504.28000,0.361706
40504.29000,0.361686
40504.30000,0.361667
40504.31000,0.361647
40504.32000,0.361627
40504.33000,0.361608
40504.34000,0.361588
40504.35000,0.361569
40504.36000,0.361549
40504.37000,0.361529
40504.38000,0.36151
40504.39000,0.36149
40504.40000,0.361471
40504.41000,0.361451
40504.42000,0.361432
40504.43000,0.361412
40504.44000,0.361392
40504.45000,0.361373
40504.46000,0.361353
40504.47000,0.361334
40504.48000,0.361314
40504.49000,0.361295
40504.50000,0.361275
40504.51000,0.361255
40504.52000,0.361236
40504.53000,0.361216
40504.54000,0.361197
40504.55000,0.361177
40504.56000,0.361157
40504.57000,0.361138
40504.58000,0.361118
40504.59000,0.361099
40504.60000,0.361079
40504.61000,0.36106
40504.62000,0.36104
40504.63000,0.361022
40504.64000,0.361016
40504.65000,0.361011
40504.66000,0.361005
40504.67000,0.361
40504.68000,0.360994
40504.69000,0.360989
40504.70000,0.360983
40504.71000,0.360977
40504.72000,0.360972
40504.73000,0.360966
40504.74000,0.360961
40504.75000,0.360955
40504.76000,0.36095
40504.77000,0.360944
40504.78000,0.360939
40504.79000,0.360933
40504.80000,0.360927
40504.81000,0.360922
40504.82000,0.360916
40504.83000,0.360911
40504.84000,0.360905
40504.85000,0.3609
40504.86000,0.360894
40504.87000,0.360889
40504.88000,0.360883
40504.89000,0.360878
40504.90000,0.360872
40504.91000,0.360866
40504.92000,0.360861
40504.93000,0.360855
40504.94000,0.36085
40504.95000,0.360844
40504.96000,0.360839
40504.97000,0.360833
40504.98000,0.360828
40504.99000,0.360822
40505.00000,0.360816
40505.01000,0.360811
40505.02000,0.360805
40505.03000,0.3608
40505.04000,0.360794
40505.05000,0.360789
40505.06000,0.360783
40505.07000,0.360778
40505.08000,0.360772
40505.09000,0.360766
40505.10000,0.360761
40505.11000,0.360755
40505.12000,0.36075
40505.13000,0.360743
40505.14000,0.360724
40505.15000,0.360705
40505.16000,0.360686
40505.17000,0.360667
40505.18000,0.360648
40505.19000,0.360629
40505.20000,0.36061
40505.21000,0.360591
40505.22000,0.360572
40505.23000,0.360553
40505.24000,0.360534
40505.25000,0.360515
40505.26000,0.360496
40505.27000,0.360477
40505.28000,0.360458
40505.29000,0.360439
40505.30000,0.36042
40505.31000,0.360401
40505.32000,0.360382
40505.33000,0.360363
40505.34000,0.360344
40505.35000,0.360325
40505.36000,0.360306
40505.37000,0.360287
40505.38000,0.360268
40505.39000,0.360249
40505.40000,0.36023
40505.41000,0.360211
40505.42000,0.360192
40505.43000,0.360173
40505.44000,0.360154
40505.45000,0.360135
40505.46000,0.360116
40505.47000,0.360097
40505.48000,0.360078
40505.49000,0.360059
40505.50000,0.36004
40505.51000,0.360021
40505.52000,0.360002
40505.53000,0.359983
40505.54000,0.359964
40505.55000,0.359945
40505.56000,0.359926
40505.57000,0.359907
40505.58000,0.359888
40505.59000,0.359869
40505.60000,0.35985
40505.61000,0.359831
40505.62000,0.359812
40505.63000,0.359795
40505.64000,0.359789
40505.65000,0.359784
40505.66000,0.359778
40505.67000,0.359773
40505.68000,0.359767
40505.69000,0.359762
40505.70000,0.359756
40505.71000,0.359751
40505.72000,0.359745
40505.73000,0.35974
40505.74000,0.359734
40505.75000,0.359729
40505.76000,0.359723
40505.77000,0.359718
40505.78000,0.359712
40505.79000,0.359707
40505.80000,0.359701
40505.81000,0.359696
40505.82000,0.35969
40505.83000,0.359685
40505.84000,0.359679
40505.85000,0.359674
40505.86000,0.359668
40505.87000,0.359663
40505.88000,0.359657
40505.89000,0.359652
40505.90000,0.359646
40505.91000,0.359641
40505.92000,0.359635
40505.93000,0.35963
40505.94000,0.359624
40505.95000,0.359619
40505.96000,0.359613
40505.97000,0.359608
40505.98000,0.359602
40505.99000,0.359597
40506.00000,0.359591
40506.01000,0.359586
40506.02000,0.35958
40506.03000,0.359574
40506.04000,0.359569
40506.05000,0.359563
40506.06000,0.359558
40506.07000,0.359552
40506.08000,0.359547
40506.09000,0.359541
40506.10000,0.359536
40506.11000,0.35953
40506.12000,0.359525
40506.13000,0.359518
40506.14000,0.359498
40506.15000,0.359479
40506.16000,0.359459
40506.17000,0.35944
40506.18000,0.35942
40506.19000,0.3594
40506.20000,0.359381
40506.21000,0.359361
40506.22000,0.359342
40506.23000,0.359322
40506.24000,0.359302
40506.25000,0.359283
40506.26000,0.359263
40506.27000,0.359244
40506.28000,0.359224
40506.29000,0.359205
40506.30000,0.359185
40506.31000,0.359165
40506.32000,0.359146
40506.33000,0.359126
40506.34000,0.359107
40506.35000,0.359087
40506.36000,0.359068
40506.37000,0.359048
40506.38000,0.359028
40506.39000,0.359009
40506.40000,0.358989
40506.41000,0.35897
40506.42000,0.35895
40506.43000,0.35893
40506.44000,0.358911
40506.45000,0.358891
40506.46000,0.358872
40506.47000,0.358852
40506.48000,0.358833
40506.49000,0.358813
40506.50000,0.358793
40506.51000,0.358774
40506.52000,0.358754
40506.53000,0.358735
40506.54000,0.358715
40506.55000,0.358695
40506.56000,0.358676
40506.57000,0.358656
40506.58000,0.358637
40506.59000,0.358617
40506.60000,0.358598
40506.61000,0.358578
40506.62000,0.358558
40506.63000,0.358541
40506.64000,0.358542
40506.65000,0.358544
40506.66000,0.358545
40506.67000,0.358546
40506.68000,0.358548
40506.69000,0.358549
40506.70000,0.358551
40506.71000,0.358552
40506.72000,0.358553
40506.73000,0.358555
40506.74000,0.358556
40506.75000,0.358557
40506.76000,0.358559
40506.77000,0.35856
40506.78000,0.358561
40506.79000,0.358563
40506.80000,0.358564
40506.81000,0.358565
40506.82000,0.358567
40506.83000,0.358568
40506.84000,0.35857
40506.85000,0.358571
40506.86000,0.358572
40506.87000,0.358574
40506.88000,0.358575
40506.89000,0.358576
40506.90000,0.358578
40506.91000,0.358579
40506.92000,0.35858
40506.93000,0.358582
40506.94000,0.358583
40506.95000,0.358585
40506.96000,0.358586
40506.97000,0.358587
40506.98000,0.358589
40506.99000,0.35859
40507.00000,0.358591
40507.01000,0.358593
40507.02000,0.358594
40507.03000,0.358595
40507.04000,0.358597
40507.05000,0.358598
40507.06000,0.358599
40507.07000,0.358601
40507.08000,0.358602
40507.09000,0.358604
40507.10000,0.358605
40507.11000,0.358606
40507.12000,0.358608
40507.13000,0.358611
40507.14000,0.358627
40507.15000,0.358643
40507.16000,0.358843
40507.17000,0.359377
40507.18000,0.360304
40507.19000,0.361412
40507.20000,0.362107
40507.21000,0.362342
40507.22000,0.362191
40507.23000,0.361785
40507.24000,0.361517
40507.25000,0.361439
40507.26000,0.361556
40507.27000,0.361857
40507.28000,0.362066
40507.29000,0.362118
40507.30000,0.362016
40507.31000,0.361788
40507.32000,0.360749
40507.33000,0.360679
40507.34000,0.360608
40507.35000,0.360538
40507.36000,0.360468
40507.37000,0.360398
40507.38000,0.360328
40507.39000,0.360257
40507.40000,0.360187
40507.41000,0.360117
40507.42000,0.360047
40507.43000,0.360008
40507.44000,0.35997
40507.45000,0.359931
40507.46000,0.359892
40507.47000,0.359854
40507.48000,0.359815
40507.49000,0.359777
40507.50000,0.359738
40507.51000,0.3597
40507.52000,0.359661
40507.53000,0.359622
40507.54000,0.359584
40507.55000,0.359545
40507.56000,0.359534
40507.57000,0.359537
40507.58000,0.359539
40507.59000,0.359542
40507.60000,0.359545
40507.61000,0.359547
40507.62000,0.35955
40507.63000,0.359552
40507.64000,0.359555
40507.65000,0.359558
40507.66000,0.35956
40507.67000,0.359563
40507.68000,0.359565
40507.69000,0.359568
40507.70000,0.359571
40507.71000,0.359573
40507.72000,0.359576
40507.73000,0.359578
40507.74000,0.35957
40507.75000,0.35956
40507.76000,0.359549
40507.77000,0.359539
40507.78000,0.359529
40507.79000,0.359519
40507.80000,0.359509
40507.81000,0.359499
40507.82000,0.359489
40507.83000,0.359479
40507.84000,0.359469
40507.85000,0.359459
40507.86000,0.359448
40507.87000,0.359438
40507.88000,0.359428
40507.89000,0.359418
40507.90000,0.359408
40507.91000,0.359398
40507.92000,0.359388
40507.93000,0.359378
40507.94000,0.359368
40507.95000,0.359358
40507.96000,0.359347
40507.97000,0.359339
40507.98000,0.35934
40507.99000,0.359341
40508.00000,0.359341
40508.01000,0.359342
40508.02000,0.359343
40508.03000,0.359343
40508.04000,0.359344
40508.05000,0.359344
40508.06000,0.359345
40508.07000,0.359346
40508.08000,0.359346
40508.09000,0.359347
40508.10000,0.359348
40508.11000,0.359348
40508.12000,0.359349
40508.13000,0.35935
40508.14000,0.35935
40508.15000,0.359351
40508.16000,0.359352
40508.17000,0.359352
40508.18000,0.359353
40508.19000,0.359353
40508.20000,0.359354
40508.21000,0.359355
40508.22000,0.359355
40508.23000,0.359356
40508.24000,0.359357
40508.25000,0.359357
40508.26000,0.359358
40508.27000,0.359359
40508.28000,0.359359
40508.29000,0.359477
40508.30000,0.359748
40508.31000,0.360198
40508.32000,0.360612
40508.33000,0.360857
40508.34000,0.360914
40508.35000,0.360804
40508.36000,0.359846
40508.37000,0.359778
40508.38000,0.35971
40508.39000,0.359643
40508.40000,0.359575
40508.41000,0.359508
40508.42000,0.35944
40508.43000,0.359373
40508.44000,0.359305
40508.45000,0.359237
40508.46000,0.35917
40508.47000,0.359143
40508.48000,0.359116
40508.49000,0.359088
40508.50000,0.359061
40508.51000,0.359034
40508.52000,0.359007
40508.53000,0.35898
40508.54000,0.358953
40508.55000,0.358926
40508.56000,0.358899
40508.57000,0.358872
40508.58000,0.358844
40508.59000,0.358817
40508.60000,0.358809
40508.61000,0.35881
40508.62000,0.358811
40508.63000,0.358812
40508.64000,0.358814
40508.65000,0.358815
40508.66000,0.358816
40508.67000,0.358817
40508.68000,0.358818
40508.69000,0.358819
40508.70000,0.35882
40508.71000,0.358821
40508.72000,0.358822
40508.73000,0.358824
40508.74000,0.358825
40508.75000,0.358826
40508.76000,0.358827
40508.77000,0.358828
40508.78000,0.358819
40508.79000,0.358809
40508.80000,0.358799
40508.81000,0.358789
40508.82000,0.358778
40508.83000,0.358768
40508.84000,0.358758
40508.85000,0.358748
40508.86000,0.358738
40508.87000,0.358727
40508.88000,0.358717
40508.89000,0.358707
40508.90000,0.358697
40508.91000,0.358687
40508.92000,0.358677
40508.93000,0.358666
40508.94000,0.358656
40508.95000,0.358646
40508.96000,0.358636
40508.97000,0.358626
40508.98000,0.358615
40508.99000,0.358605
40509.00000,0.358595
40509.01000,0.358585
40509.02000,0.358572
40509.03000,0.35856
40509.04000,0.358547
40509.05000,0.358535
40509.06000,0.358523
40509.07000,0.35851
40509.08000,0.358498
40509.09000,0.358486
40509.10000,0.358473
40509.11000,0.358461
40509.12000,0.358449
40509.13000,0.358436
40509.14000,0.358424
40509.15000,0.358412
40509.16000,0.358399
40509.17000,0.358387
40509.18000,0.358374
40509.19000,0.358362
40509.20000,0.35835
40509.21000,0.358337
40509.22000,0.358325
40509.23000,0.358313
40509.24000,0.3583
40509.25000,0.358288
40509.26000,0.358276
40509.27000,0.358263
40509.28000,0.358251
40509.29000,0.358239
40509.30000,0.358226
40509.31000,0.358214
40509.32000,0.358202
40509.33000,0.358186
40509.34000,0.358169
40509.35000,0.358152
40509.36000,0.358134
40509.37000,0.358117
40509.38000,0.3581
40509.39000,0.358082
40509.40000,0.358065
40509.41000,0.358048
40509.42000,0.35803
40509.43000,0.358013
40509.44000,0.357996
40509.45000,0.357978
40509.46000,0.357961
40509.47000,0.357944
40509.48000,0.357926
40509.49000,0.357909
40509.50000,0.357892
40509.51000,0.357874
40509.52000,0.357857
40509.53000,0.35784
40509.54000,0.357822
40509.55000,0.357805
40509.56000,0.357788
40509.57000,0.35777
40509.58000,0.357753
40509.59000,0.357736
40509.60000,0.357718
40509.61000,0.357701
40509.62000,0.357684
40509.63000,0.357666
40509.64000,0.357649
40509.65000,0.357644
40509.66000,0.35764
40509.67000,0.357636
40509.68000,0.357632
40509.69000,0.357628
40509.70000,0.357624
40509.71000,0.357619
40509.72000,0.357615
40509.73000,0.357611
40509.74000,0.357607
40509.75000,0.357603
40509.76000,0.357599
40509.77000,0.357595
40509.78000,0.35759
40509.79000,0.357586
40509.80000,0.357582
40509.81000,0.357578
40509.82000,0.357574
40509.83000,0.35757
40509.84000,0.357565
40509.85000,0.357561
40509.86000,0.357557
40509.87000,0.357553
40509.88000,0.357549
40509.89000,0.357545
40509.90000,0.35754
40509.91000,0.357536
40509.92000,0.357532
40509.93000,0.357528
40509.94000,0.357524
40509.95000,0.35752
40509.96000,0.357513
40509.97000,0.357503
40509.98000,0.357493
40509.99000,0.357482
40510.00000,0.357472
40510.01000,0.357462
40510.02000,0.357451
40510.03000,0.357441
40510.04000,0.357431
40510.05000,0.35742
40510.06000,0.35741
40510.07000,0.357399
40510.08000,0.357389
40510.09000,0.357379
40510.10000,0.357368
40510.11000,0.357358
40510.12000,0.357348
40510.13000,0.357337
40510.14000,0.357327
40510.15000,0.357317
40510.16000,0.357306
40510.17000,0.357296
40510.18000,0.357286
40510.19000,0.357275
40510.20000,0.357265
40510.21000,0.357255
40510.22000,0.357244
40510.23000,0.357234
40510.24000,0.357224
40510.25000,0.357213
40510.26000,0.357203
40510.27000,0.357193
40510.28000,0.357184
40510.29000,0.357176
40510.30000,0.357168
40510.31000,0.357161
40510.32000,0.357153
40510.33000,0.357145
40510.34000,0.357137
40510.35000,0.357129
40510.36000,0.357121
40510.37000,0.357113
40510.38000,0.357105
40510.39000,0.357098
40510.40000,0.35709
40510.41000,0.357082
40510.42000,0.357074
40510.43000,0.357066
40510.44000,0.357058
40510.45000,0.35705
40510.46000,0.357043
40510.47000,0.357035
40510.48000,0.357027
40510.49000,0.357019
40510.50000,0.357011
40510.51000,0.357003
40510.52000,0.356995
40510.53000,0.356988
40510.54000,0.35698
40510.55000,0.356972
40510.56000,0.356964
40510.57000,0.356956
40510.58000,0.356948
40510.59000,0.35694
40510.60000,0.356932
40510.61000,0.356925
40510.62000,0.356917
40510.63000,0.356909
40510.64000,0.356901
40510.65000,0.356893
40510.66000,0.356885
40510.67000,0.356877
40510.68000,0.35687
40510.69000,0.356862
40510.70000,0.356854
40510.71000,0.356846
40510.72000,0.356838
40510.73000,0.35683
40510.74000,0.356823
40510.75000,0.356815
40510.76000,0.356807
40510.77000,0.356799
40510.78000,0.356791
40510.79000,0.356783
40510.80000,0.356775
40510.81000,0.356768
40510.82000,0.35676
40510.83000,0.356752
40510.84000,0.356744
40510.85000,0.356736
40510.86000,0.356728
40510.87000,0.356721
40510.88000,0.356713
40510.89000,0.356705
40510.90000,0.356697
40510.91000,0.356689
40510.92000,0.356681
40510.93000,0.356674
40510.94000,0.356666
40510.95000,0.356658
40510.96000,0.35665
40510.97000,0.356642
40510.98000,0.356634
40510.99000,0.356627
40511.00000,0.356619
40511.01000,0.356611
40511.02000,0.356603
40511.03000,0.356595
40511.04000,0.356587
40511.05000,0.35658
40511.06000,0.356572
40511.07000,0.356564
40511.08000,0.356556
40511.09000,0.356548
40511.10000,0.35654
40511.11000,0.356533
40511.12000,0.356513
40511.13000,0.356482
40511.14000,0.35645
40511.15000,0.356418
40511.16000,0.356387
40511.17000,0.356355
40511.18000,0.356323
40511.19000,0.356292
40511.20000,0.35626
40511.21000,0.356229
40511.22000,0.356197
40511.23000,0.356165
40511.24000,0.356134
40511.25000,0.356102
40511.26000,0.35607
40511.27000,0.356039
40511.28000,0.356007
40511.29000,0.355976
40511.30000,0.355944
40511.31000,0.355912
40511.32000,0.355881
40511.33000,0.355849
40511.34000,0.355817
40511.35000,0.355786
40511.36000,0.355754
40511.37000,0.355723
40511.38000,0.355691
40511.39000,0.355659
40511.40000,0.355628
40511.41000,0.355596
40511.42000,0.355564
40511.43000,0.355533
40511.44000,0.355501
40511.45000,0.35547
40511.46000,0.355438
40511.47000,0.355406
40511.48000,0.355375
40511.49000,0.355343
40511.50000,0.355311
40511.51000,0.35528
40511.52000,0.355248
40511.53000,0.355217
40511.54000,0.355196
40511.55000,0.355198
40511.56000,0.355199
40511.57000,0.3552
40511.58000,0.355201
40511.59000,0.355203
40511.60000,0.355204
40511.61000,0.355205
40511.62000,0.355207
40511.63000,0.355208
40511.64000,0.355209
40511.65000,0.35521
40511.66000,0.355212
40511.67000,0.355213
40511.68000,0.355214
40511.69000,0.355216
40511.70000,0.355217
40511.71000,0.355218
40511.72000,0.35522
40511.73000,0.355221
40511.74000,0.355222
40511.75000,0.355223
40511.76000,0.355225
40511.77000,0.355226
40511.78000,0.355227
40511.79000,0.355229
40511.80000,0.35523
40511.81000,0.355231
40511.82000,0.355232
40511.83000,0.355234
40511.84000,0.355235
40511.85000,0.355236
40511.86000,0.355238
40511.87000,0.355239
40511.88000,0.35524
40511.89000,0.355241
40511.90000,0.355243
40511.91000,0.355244
40511.92000,0.355245
40511.93000,0.355247
40511.94000,0.355248
40511.95000,0.355249
40511.96000,0.35525
40511.97000,0.355251
40511.98000,0.355252
40511.99000,0.355252
40512.00000,0.355253
40512.01000,0.355253
40512.02000,0.355254
40512.03000,0.355255
40512.04000,0.355255
40512.05000,0.355256
40512.06000,0.355257
40512.07000,0.355257
40512.08000,0.355258
40512.09000,0.355259
40512.10000,0.355259
40512.11000,0.35526
40512.12000,0.35526
40512.13000,0.355261
40512.14000,0.355262
40512.15000,0.355262
40512.16000,0.355263
40512.17000,0.355264
40512.18000,0.355264
40512.19000,0.355265
40512.20000,0.355266
40512.21000,0.355266
40512.22000,0.355267
40512.23000,0.355267
40512.24000,0.355268
40512.25000,0.355269
40512.26000,0.355269
40512.27000,0.35527
40512.28000,0.355271
40512.29000,0.35539
40512.30000,0.355674
40512.31000,0.356152
40512.32000,0.356703
40512.33000,0.357232
40512.34000,0.357701
40512.35000,0.358098
40512.36000,0.358341
40512.37000,0.35838
40512.38000,0.358241
40512.39000,0.357961
40512.40000,0.356401
40512.41000,0.356329
40512.42000,0.356257
40512.43000,0.356185
40512.44000,0.356113
40512.45000,0.356041
40512.46000,0.355969
40512.47000,0.355897
40512.48000,0.355825
40512.49000,0.355753
40512.50000,0.355681
40512.51000,0.355672
40512.52000,0.355663
40512.53000,0.355654
40512.54000,0.355645
40512.55000,0.355636
40512.56000,0.355627
40512.57000,0.355618
40512.58000,0.355609
40512.59000,0.3556
40512.60000,0.355591
40512.61000,0.355581
40512.62000,0.355572
40512.63000,0.355563
40512.64000,0.355564
40512.65000,0.35557
40512.66000,0.355576
40512.67000,0.355581
40512.68000,0.355587
40512.69000,0.355593
40512.70000,0.355599
40512.71000,0.355605
40512.72000,0.35561
40512.73000,0.355616
40512.74000,0.355622
40512.75000,0.355628
40512.76000,0.355633
40512.77000,0.355639
40512.78000,0.355645
40512.79000,0.355816
40512.80000,0.356137
40512.81000,0.356636
40512.82000,0.357097
40512.83000,0.357381
40512.84000,0.357469
40512.85000,0.357382
40512.86000,0.35646
40512.87000,0.356428
40512.88000,0.356397
40512.89000,0.356365
40512.90000,0.356333
40512.91000,0.356301
40512.92000,0.356269
40512.93000,0.356238
40512.94000,0.356206
40512.95000,0.356174
40512.96000,0.356142
40512.97000,0.356133
40512.98000,0.356125
40512.99000,0.356116
40513.00000,0.356107
40513.01000,0.356099
40513.02000,0.35609
40513.03000,0.356081
40513.04000,0.356073
40513.05000,0.356064
40513.06000,0.356055
40513.07000,0.356046
40513.08000,0.356038
40513.09000,0.356029
40513.10000,0.356033
40513.11000,0.356044
40513.12000,0.356055
40513.13000,0.356066
40513.14000,0.356077
40513.15000,0.356088
40513.16000,0.356099
40513.17000,0.35611
40513.18000,0.356121
40513.19000,0.356132
40513.20000,0.357369
40513.21000,0.360332
40513.22000,0.364586
40513.23000,0.369276
40513.24000,0.373853
40513.25000,0.37796
40513.26000,0.381554
40513.27000,0.384732
40513.28000,0.386632
40513.29000,0.387158
40513.30000,0.386982
40513.31000,0.386258
40513.32000,0.385369
40513.33000,0.384206
40513.34000,0.382807
40513.35000,0.381594
40513.36000,0.382038
40513.37000,0.384549
40513.38000,0.387677
40513.39000,0.390212
40513.40000,0.391465
40513.41000,0.391326
40513.42000,0.390082
40513.43000,0.387768
40513.44000,0.384569
40513.45000,0.381355
40513.46000,0.378602
40513.47000,0.374632
40513.48000,0.369592
40513.49000,0.369509
40513.50000,0.369425
40513.51000,0.369342
40513.52000,0.369258
40513.53000,0.369175
40513.54000,0.369091
40513.55000,0.369008
40513.56000,0.368924
40513.57000,0.368841
40513.58000,0.368757
40513.59000,0.368743
40513.60000,0.368728
40513.61000,0.368714
40513.62000,0.368699
40513.63000,0.368685
40513.64000,0.36867
40513.65000,0.368656
40513.66000,0.368646
40513.67000,0.36864
40513.68000,0.368635
40513.69000,0.36863
40513.70000,0.368624
40513.71000,0.368619
40513.72000,0.368613
40513.73000,0.368608
40513.74000,0.368595
40513.75000,0.368583
40513.76000,0.36857
40513.77000,0.368558
40513.78000,0.368545
40513.79000,0.368533
40513.80000,0.36852
40513.81000,0.368508
40513.82000,0.368495
40513.83000,0.368483
40513.84000,0.36847
40513.85000,0.368457
40513.86000,0.368444
40513.87000,0.368432
40513.88000,0.368419
40513.89000,0.368406
40513.90000,0.368393
40513.91000,0.36838
40513.92000,0.368368
40513.93000,0.368355
40513.94000,0.368342
40513.95000,0.368329
40513.96000,0.368316
40513.97000,0.368304
40513.98000,0.368291
40513.99000,0.368279
40514.00000,0.368266
40514.01000,0.368254
40514.02000,0.368241
40514.03000,0.368229
40514.04000,0.368216
40514.05000,0.368204
40514.06000,0.368191
40514.07000,0.368178
40514.08000,0.368166
40514.09000,0.368153
40514.10000,0.368141
40514.11000,0.368128
40514.12000,0.368116
40514.13000,0.368103
40514.14000,0.368091
40514.15000,0.368062
40514.16000,0.368031
40514.17000,0.368
40514.18000,0.36797
40514.19000,0.367939
40514.20000,0.367908
40514.21000,0.367877
40514.22000,0.367847
40514.23000,0.367816
40514.24000,0.367785
40514.25000,0.367754
40514.26000,0.367724
40514.27000,0.367693
40514.28000,0.367662
40514.29000,0.367631
40514.30000,0.3676
40514.31000,0.36757
40514.32000,0.367539
40514.33000,0.367508
40514.34000,0.367477
40514.35000,0.367447
40514.36000,0.367416
40514.37000,0.367385
40514.38000,0.367359
40514.39000,0.367354
40514.40000,0.367349
40514.41000,0.367343
40514.42000,0.367338
40514.43000,0.367333
40514.44000,0.367328
40514.45000,0.367322
40514.46000,0.367317
40514.47000,0.367312
40514.48000,0.367307
40514.49000,0.367302
40514.50000,0.367296
40514.51000,0.367291
40514.52000,0.367286
40514.53000,0.367281
40514.54000,0.367275
40514.55000,0.36727
40514.56000,0.367265
40514.57000,0.36726
40514.58000,0.367255
40514.59000,0.367249
40514.60000,0.367244
40514.61000,0.367239
40514.62000,0.367234
40514.63000,0.367228
40514.64000,0.367223
40514.65000,0.367218
40514.66000,0.367213
40514.67000,0.367208
40514.68000,0.367202
40514.69000,0.367197
40514.70000,0.36719
40514.71000,0.367181
40514.72000,0.367172
40514.73000,0.367163
40514.74000,0.367154
40514.75000,0.367146
40514.76000,0.367137
40514.77000,0.367128
40514.78000,0.367119
40514.79000,0.36711
40514.80000,0.367101
40514.81000,0.367093
40514.82000,0.367084
40514.83000,0.367075
40514.84000,0.367066
40514.85000,0.367057
40514.86000,0.367048
40514.87000,0.367039
40514.88000,0.367031
40514.89000,0.367022
40514.90000,0.367013
40514.91000,0.367004
40514.92000,0.366995
40514.93000,0.366986
40514.94000,0.366978
40514.95000,0.366969
40514.96000,0.36696
40514.97000,0.366951
40514.98000,0.366942
40514.99000,0.366933
40515.00000,0.366924
40515.01000,0.366916
40515.02000,0.366903
40515.03000,0.366891
40515.04000,0.366878
40515.05000,0.366865
40515.06000,0.366853
40515.07000,0.36684
40515.08000,0.366828
40515.09000,0.366815
40515.10000,0.366802
40515.11000,0.36679
40515.12000,0.366777
40515.13000,0.366765
40515.14000,0.366752
40515.15000,0.366739
40515.16000,0.366727
40515.17000,0.366714
40515.18000,0.366702
40515.19000,0.366689
40515.20000,0.366677
40515.21000,0.366664
40515.22000,0.366651
40515.23000,0.366639
40515.24000,0.366626
40515.25000,0.366614
40515.26000,0.366601
40515.27000,0.366588
40515.28000,0.366576
40515.29000,0.366563
40515.30000,0.366551
40515.31000,0.366538
40515.32000,0.366525
40515.33000,0.366511
40515.34000,0.366494
40515.35000,0.366476
40515.36000,0.366459
40515.37000,0.366442
40515.38000,0.366424
40515.39000,0.366407
40515.40000,0.366389
40515.41000,0.366372
40515.42000,0.366355
40515.43000,0.366337
40515.44000,0.36632
40515.45000,0.366303
40515.46000,0.366285
40515.47000,0.366268
40515.48000,0.366251
40515.49000,0.366233
40515.50000,0.366216
40515.51000,0.366198
40515.52000,0.366181
40515.53000,0.366164
40515.54000,0.366146
40515.55000,0.366129
40515.56000,0.366112
40515.57000,0.366094
40515.58000,0.366077
40515.59000,0.366059
40515.60000,0.366042
40515.61000,0.366025
40515.62000,0.366007
40515.63000,0.36599
40515.64000,0.365973
40515.65000,0.365964
40515.66000,0.365958
40515.67000,0.365952
40515.68000,0.365946
40515.69000,0.36594
40515.70000,0.365934
40515.71000,0.365928
40515.72000,0.365922
40515.73000,0.365916
40515.74000,0.36591
40515.75000,0.365904
40515.76000,0.365898
40515.77000,0.365892
40515.78000,0.365885
40515.79000,0.365879
40515.80000,0.365873
40515.81000,0.365867
40515.82000,0.365861
40515.83000,0.365855
40515.84000,0.365849
40515.85000,0.365843
40515.86000,0.365837
40515.87000,0.365831
40515.88000,0.365825
40515.89000,0.365819
40515.90000,0.365813
40515.91000,0.365807
40515.92000,0.365801
40515.93000,0.365795
40515.94000,0.365789
40515.95000,0.365783
40515.96000,0.365777
40515.97000,0.365768
40515.98000,0.365759
40515.99000,0.365751
40516.00000,0.365742
40516.01000,0.365733
40516.02000,0.365725
40516.03000,0.365716
40516.04000,0.365707
40516.05000,0.365699
40516.06000,0.36569
40516.07000,0.365681
40516.08000,0.365673
40516.09000,0.365664
40516.10000,0.365655
40516.11000,0.365647
40516.12000,0.365638
40516.13000,0.365629
40516.14000,0.365621
40516.15000,0.365612
40516.16000,0.365603
40516.17000,0.365595
40516.18000,0.365586
40516.19000,0.365577
40516.20000,0.365569
40516.21000,0.36556
40516.22000,0.365551
40516.23000,0.365543
40516.24000,0.365534
40516.25000,0.365525
40516.26000,0.365517
40516.27000,0.365508
40516.28000,0.365489
40516.29000,0.365461
40516.30000,0.365434
40516.31000,0.365406
40516.32000,0.365379
40516.33000,0.365351
40516.34000,0.365324
40516.35000,0.365296
40516.36000,0.365268
40516.37000,0.365241
40516.38000,0.365213
40516.39000,0.365186
40516.40000,0.365158
40516.41000,0.365131
40516.42000,0.365103
40516.43000,0.365076
40516.44000,0.365048
40516.45000,0.365021
40516.46000,0.364993
40516.47000,0.364965
40516.48000,0.364938
40516.49000,0.36491
40516.50000,0.364883
40516.51000,0.364855
40516.52000,0.364828
40516.53000,0.3648
40516.54000,0.364773
40516.55000,0.364745
40516.56000,0.364718
40516.57000,0.36469
40516.58000,0.364662
40516.59000,0.364635
40516.60000,0.364631
40516.61000,0.364628
40516.62000,0.364624
40516.63000,0.364621
40516.64000,0.364618
40516.65000,0.364615
40516.66000,0.364612
40516.67000,0.364609
40516.68000,0.364606
40516.69000,0.364603
40516.70000,0.3646
40516.71000,0.364597
40516.72000,0.364594
40516.73000,0.364591
40516.74000,0.364588
40516.75000,0.364584
40516.76000,0.364581
40516.77000,0.364578
40516.78000,0.364575
40516.79000,0.364572
40516.80000,0.364569
40516.81000,0.364566
40516.82000,0.364563
40516.83000,0.36456
40516.84000,0.364557
40516.85000,0.364554
40516.86000,0.364551
40516.87000,0.364548
40516.88000,0.364545
40516.89000,0.364541
40516.90000,0.364538
40516.91000,0.364533
40516.92000,0.364525
40516.93000,0.364517
40516.94000,0.364508
40516.95000,0.3645
40516.96000,0.364491
40516.97000,0.364483
40516.98000,0.364475
40516.99000,0.364466
40517.00000,0.364458
40517.01000,0.364449
40517.02000,0.364441
40517.03000,0.364432
40517.04000,0.364424
40517.05000,0.364416
40517.06000,0.364407
40517.07000,0.364399
40517.08000,0.36439
40517.09000,0.364382
40517.10000,0.364374
40517.11000,0.364365
40517.12000,0.364357
40517.13000,0.364348
40517.14000,0.36434
40517.15000,0.364332
40517.16000,0.364323
40517.17000,0.364315
40517.18000,0.364306
40517.19000,0.364298
40517.20000,0.364289
40517.21000,0.364281
40517.22000,0.364273
40517.23000,0.364246
40517.24000,0.364212
40517.25000,0.364178
40517.26000,0.364145
40517.27000,0.364111
40517.28000,0.364078
40517.29000,0.364044
40517.30000,0.364011
40517.31000,0.363977
40517.32000,0.363944
40517.33000,0.36391
40517.34000,0.363876
40517.35000,0.363843
40517.36000,0.363809
40517.37000,0.363776
40517.38000,0.363742
40517.39000,0.363709
40517.40000,0.363675
40517.41000,0.363641
40517.42000,0.363608
40517.43000,0.363574
40517.44000,0.363541
40517.45000,0.363507
40517.46000,0.363474
40517.47000,0.36344
40517.48000,0.363406
40517.49000,0.363373
40517.50000,0.363339
40517.51000,0.363306
40517.52000,0.363272
40517.53000,0.363239
40517.54000,0.36321
40517.55000,0.363209
40517.56000,0.363208
40517.57000,0.363207
40517.58000,0.363206
40517.59000,0.363205
40517.60000,0.363204
40517.61000,0.363203
40517.62000,0.363202
40517.63000,0.363201
40517.64000,0.3632
40517.65000,0.3632
40517.66000,0.363199
40517.67000,0.363198
40517.68000,0.363197
40517.69000,0.363196
40517.70000,0.363195
40517.71000,0.363194
40517.72000,0.363193
40517.73000,0.363192
40517.74000,0.363191
40517.75000,0.363191
40517.76000,0.36319
40517.77000,0.363189
40517.78000,0.363188
40517.79000,0.363187
40517.80000,0.363186
40517.81000,0.363185
40517.82000,0.363184
40517.83000,0.363183
40517.84000,0.363182
40517.85000,0.363182
40517.86000,0.363177
40517.87000,0.363169
40517.88000,0.363161
40517.89000,0.363152
40517.90000,0.363144
40517.91000,0.363136
40517.92000,0.363128
40517.93000,0.36312
40517.94000,0.363112
40517.95000,0.363104
40517.96000,0.363095
40517.97000,0.363087
40517.98000,0.363079
40517.99000,0.363071
40518.00000,0.363063
40518.01000,0.363055
40518.02000,0.363047
40518.03000,0.363038
40518.04000,0.36303
40518.05000,0.363022
40518.06000,0.363014
40518.07000,0.363006
40518.08000,0.362998
40518.09000,0.36299
40518.10000,0.362982
40518.11000,0.362973
40518.12000,0.362965
40518.13000,0.362957
40518.14000,0.362949
40518.15000,0.362941
40518.16000,0.362933
40518.17000,0.362925
40518.18000,0.362892
40518.19000,0.362857
40518.20000,0.362823
40518.21000,0.362788
40518.22000,0.362754
40518.23000,0.362719
40518.24000,0.362685
40518.25000,0.36265
40518.26000,0.362615
40518.27000,0.362581
40518.28000,0.362546
40518.29000,0.362512
40518.30000,0.362477
40518.31000,0.362443
40518.32000,0.362408
40518.33000,0.362374
40518.34000,0.362339
40518.35000,0.362304
40518.36000,0.36227
40518.37000,0.362235
40518.38000,0.362201
40518.39000,0.362166
40518.40000,0.362132
40518.41000,0.362097
40518.42000,0.362063
40518.43000,0.362028
40518.44000,0.361993
40518.45000,0.361959
40518.46000,0.361924
40518.47000,0.36189
40518.48000,0.361855
40518.49000,0.361832
40518.50000,0.361831
40518.51000,0.361831
40518.52000,0.361831
40518.53000,0.361831
40518.54000,0.361831
40518.55000,0.361831
40518.56000,0.36183
40518.57000,0.36183
40518.58000,0.36183
40518.59000,0.36183
40518.60000,0.36183
40518.61000,0.36183
40518.62000,0.361829
40518.63000,0.361829
40518.64000,0.361829
40518.65000,0.361829
40518.66000,0.361829
40518.67000,0.361829
40518.68000,0.361828
40518.69000,0.361828
40518.70000,0.361828
40518.71000,0.361828
40518.72000,0.361828
40518.73000,0.361828
40518.74000,0.361827
40518.75000,0.361827
40518.76000,0.361827
40518.77000,0.361827
40518.78000,0.361827
40518.79000,0.361827
40518.80000,0.361826
40518.81000,0.361821
40518.82000,0.361813
40518.83000,0.361805
40518.84000,0.361797
40518.85000,0.361789
40518.86000,0.361781
40518.87000,0.361773
40518.88000,0.361765
40518.89000,0.361757
40518.90000,0.361749
40518.91000,0.361741
40518.92000,0.361733
40518.93000,0.361725
40518.94000,0.361717
40518.95000,0.361709
40518.96000,0.361701
40518.97000,0.361693
40518.98000,0.361685
40518.99000,0.361677
40519.00000,0.361669
40519.01000,0.361661
40519.02000,0.361653
40519.03000,0.361645
40519.04000,0.361637
40519.05000,0.361629
40519.06000,0.361621
40519.07000,0.361613
40519.08000,0.361605
40519.09000,0.361597
40519.10000,0.36159
40519.11000,0.361582
40519.12000,0.361571
40519.13000,0.36154
40519.14000,0.361509
40519.15000,0.361479
40519.16000,0.361448
40519.17000,0.361417
40519.18000,0.361386
40519.19000,0.361355
40519.20000,0.361324
40519.21000,0.361293
40519.22000,0.361263
40519.23000,0.361232
40519.24000,0.361201
40519.25000,0.36117
40519.26000,0.361139
40519.27000,0.361108
40519.28000,0.361078
40519.29000,0.361047
40519.30000,0.361016
40519.31000,0.360985
40519.32000,0.360954
40519.33000,0.360923
40519.34000,0.360893
40519.35000,0.360862
40519.36000,0.360831
40519.37000,0.3608
40519.38000,0.360769
40519.39000,0.360738
40519.40000,0.360708
40519.41000,0.360677
40519.42000,0.360646
40519.43000,0.360615
40519.44000,0.360599
40519.45000,0.360598
40519.46000,0.360597
40519.47000,0.360596
40519.48000,0.360595
40519.49000,0.360594
40519.50000,0.360593
40519.51000,0.360592
40519.52000,0.360591
40519.53000,0.36059
40519.54000,0.360589
40519.55000,0.360588
40519.56000,0.360587
40519.57000,0.360586
40519.58000,0.360585
40519.59000,0.360584
40519.60000,0.360583
40519.61000,0.360582
40519.62000,0.360581
40519.63000,0.36058
40519.64000,0.360579
40519.65000,0.360578
40519.66000,0.360577
40519.67000,0.360576
40519.68000,0.360575
40519.69000,0.360574
40519.70000,0.360573
40519.71000,0.360572
40519.72000,0.360571
40519.73000,0.36057
40519.74000,0.360569
40519.75000,0.360568
40519.76000,0.360561
40519.77000,0.360553
40519.78000,0.360545
40519.79000,0.360538
40519.80000,0.36053
40519.81000,0.360522
40519.82000,0.360514
40519.83000,0.360506
40519.84000,0.360498
40519.85000,0.36049
40519.86000,0.360482
40519.87000,0.360475
40519.88000,0.360467
40519.89000,0.360459
40519.90000,0.360451
40519.91000,0.360443
40519.92000,0.360435
40519.93000,0.360427
40519.94000,0.360419
40519.95000,0.360411
40519.96000,0.360404
40519.97000,0.360396
40519.98000,0.360388
40519.99000,0.36038
40520.00000,0.360372
40520.01000,0.360364
40520.02000,0.360356
40520.03000,0.360348
40520.04000,0.360341
40520.05000,0.360333
40520.06000,0.360325
40520.07000,0.360313
40520.08000,0.36029
40520.09000,0.360267
40520.10000,0.360244
40520.11000,0.360222
40520.12000,0.360199
40520.13000,0.360176
40520.14000,0.360154
40520.15000,0.360131
40520.16000,0.360108
40520.17000,0.360085
40520.18000,0.360063
40520.19000,0.36004
40520.20000,0.360017
40520.21000,0.359994
40520.22000,0.359972
40520.23000,0.359949
40520.24000,0.359926
40520.25000,0.359904
40520.26000,0.359881
40520.27000,0.359858
40520.28000,0.359835
40520.29000,0.359813
40520.30000,0.35979
40520.31000,0.359767
40520.32000,0.359744
40520.33000,0.359722
40520.34000,0.359699
40520.35000,0.359676
40520.36000,0.359654
40520.37000,0.359631
40520.38000,0.359608
40520.39000,0.359599
40520.40000,0.359595
40520.41000,0.359592
40520.42000,0.359589
40520.43000,0.359585
40520.44000,0.359582
40520.45000,0.359579
40520.46000,0.359575
40520.47000,0.359572
40520.48000,0.359569
40520.49000,0.359565
40520.50000,0.359562
40520.51000,0.359558
40520.52000,0.359555
40520.53000,0.359552
40520.54000,0.359548
40520.55000,0.359545
40520.56000,0.359542
40520.57000,0.359538
40520.58000,0.359535
40520.59000,0.359532
40520.60000,0.359528
40520.61000,0.359525
40520.62000,0.359521
40520.63000,0.359518
40520.64000,0.359515
40520.65000,0.359511
40520.66000,0.359508
40520.67000,0.359505
40520.68000,0.359501
40520.69000,0.359498
40520.70000,0.359494
40520.71000,0.359486
40520.72000,0.359478
40520.73000,0.359471
40520.74000,0.359463
40520.75000,0.359455
40520.76000,0.359447
40520.77000,0.359439
40520.78000,0.359431
40520.79000,0.359423
40520.80000,0.359415
40520.81000,0.359408
40520.82000,0.3594
40520.83000,0.359392
40520.84000,0.359384
40520.85000,0.359376
40520.86000,0.359368
40520.87000,0.35936
40520.88000,0.359352
40520.89000,0.359345
40520.90000,0.359337
40520.91000,0.359329
40520.92000,0.359321
40520.93000,0.359313
40520.94000,0.359305
40520.95000,0.359297
40520.96000,0.359289
40520.97000,0.359282
40520.98000,0.359274
40520.99000,0.359266
40521.00000,0.359258
40521.01000,0.35925
40521.02000,0.35924
40521.03000,0.359228
40521.04000,0.359216
40521.05000,0.359204
40521.06000,0.359191
40521.07000,0.359179
40521.08000,0.359167
40521.09000,0.359155
40521.10000,0.359143
40521.11000,0.359131
40521.12000,0.359118
40521.13000,0.359106
40521.14000,0.359094
40521.15000,0.359082
40521.16000,0.35907
40521.17000,0.359058
40521.18000,0.359045
40521.19000,0.359033
40521.20000,0.359021
40521.21000,0.359009
40521.22000,0.358997
40521.23000,0.358985
40521.24000,0.358972
40521.25000,0.35896
40521.26000,0.358948
40521.27000,0.358936
40521.28000,0.358924
40521.29000,0.358912
40521.30000,0.358899
40521.31000,0.358887
40521.32000,0.358875
40521.33000,0.358863
40521.34000,0.358848
40521.35000,0.358832
40521.36000,0.358817
40521.37000,0.358801
40521.38000,0.358785
40521.39000,0.35877
40521.40000,0.358754
40521.41000,0.358739
40521.42000,0.358723
40521.43000,0.358707
40521.44000,0.358692
40521.45000,0.358676
40521.46000,0.358661
40521.47000,0.358645
40521.48000,0.358629
40521.49000,0.358614
40521.50000,0.358598
40521.51000,0.358583
40521.52000,0.358567
40521.53000,0.358552
40521.54000,0.358536
40521.55000,0.35852
40521.56000,0.358505
40521.57000,0.358489
40521.58000,0.358474
40521.59000,0.358458
40521.60000,0.358442
40521.61000,0.358427
40521.62000,0.358411
40521.63000,0.358396
40521.64000,0.35838
40521.65000,0.358367
40521.66000,0.358362
40521.67000,0.358357
40521.68000,0.358353
40521.69000,0.358348
40521.70000,0.358343
40521.71000,0.358338
40521.72000,0.358333
40521.73000,0.358328
40521.74000,0.358323
40521.75000,0.358318
40521.76000,0.358313
40521.77000,0.358308
40521.78000,0.358303
40521.79000,0.358298
40521.80000,0.358293
40521.81000,0.358289
40521.82000,0.358284
40521.83000,0.358279
40521.84000,0.358274
40521.85000,0.358269
40521.86000,0.358264
40521.87000,0.358259
40521.88000,0.358254
40521.89000,0.358249
40521.90000,0.358244
40521.91000,0.358239
40521.92000,0.358234
40521.93000,0.358229
40521.94000,0.358225
40521.95000,0.35822
40521.96000,0.358215
40521.97000,0.358208
40521.98000,0.3582
40521.99000,0.358192
40522.00000,0.358184
40522.01000,0.358177
40522.02000,0.358169
40522.03000,0.358161
40522.04000,0.358153
40522.05000,0.358145
40522.06000,0.358137
40522.07000,0.35813
40522.08000,0.358122
40522.09000,0.358114
40522.10000,0.358106
40522.11000,0.358098
40522.12000,0.35809
40522.13000,0.358083
40522.14000,0.358075
40522.15000,0.358067
40522.16000,0.358059
40522.17000,0.358051
40522.18000,0.358043
40522.19000,0.358036
40522.20000,0.358028
40522.21000,0.35802
40522.22000,0.358012
40522.23000,0.358004
40522.24000,0.357996
40522.25000,0.357989
40522.26000,0.357981
40522.27000,0.357973
40522.28000,0.357964
40522.29000,0.357938
40522.30000,0.357912
40522.31000,0.357886
40522.32000,0.35786
40522.33000,0.357834
40522.34000,0.357808
40522.35000,0.357782
40522.36000,0.357756
40522.37000,0.35773
40522.38000,0.357704
40522.39000,0.357678
40522.40000,0.357652
40522.41000,0.357626
40522.42000,0.3576
40522.43000,0.357574
40522.44000,0.357548
40522.45000,0.357522
40522.46000,0.357496
40522.47000,0.35747
40522.48000,0.357444
40522.49000,0.357418
40522.50000,0.357392
40522.51000,0.357366
40522.52000,0.35734
40522.53000,0.357314
40522.54000,0.357288
40522.55000,0.357262
40522.56000,0.357236
40522.57000,0.35721
40522.58000,0.357184
40522.59000,0.357158
40522.60000,0.357143
40522.61000,0.357141
40522.62000,0.357139
40522.63000,0.357138
40522.64000,0.357136
40522.65000,0.357135
40522.66000,0.357133
40522.67000,0.357131
40522.68000,0.35713
40522.69000,0.357128
40522.70000,0.357126
40522.71000,0.357125
40522.72000,0.357123
40522.73000,0.357122
40522.74000,0.35712
40522.75000,0.357118
40522.76000,0.357117
40522.77000,0.357115
40522.78000,0.357113
40522.79000,0.357112
40522.80000,0.35711
40522.81000,0.357108
40522.82000,0.357107
40522.83000,0.357105
40522.84000,0.357104
40522.85000,0.357102
40522.86000,0.3571
40522.87000,0.357099
40522.88000,0.357097
40522.89000,0.357095
40522.90000,0.357094
40522.91000,0.357092
40522.92000,0.357086
40522.93000,0.357078
40522.94000,0.357071
40522.95000,0.357063
40522.96000,0.357055
40522.97000,0.357048
40522.98000,0.35704
40522.99000,0.357033
40523.00000,0.357025
40523.01000,0.357018
40523.02000,0.35701
40523.03000,0.357003
40523.04000,0.356995
40523.05000,0.356988
40523.06000,0.35698
40523.07000,0.356973
40523.08000,0.356965
40523.09000,0.356958
40523.10000,0.35695
40523.11000,0.356943
40523.12000,0.356935
40523.13000,0.356928
40523.14000,0.35692
40523.15000,0.356912
40523.16000,0.356905
40523.17000,0.356897
40523.18000,0.35689
40523.19000,0.356882
40523.20000,0.356875
40523.21000,0.356867
40523.22000,0.35686
40523.23000,0.356846
40523.24000,0.356814
40523.25000,0.356782
40523.26000,0.356749
40523.27000,0.356717
40523.28000,0.356685
40523.29000,0.356653
40523.30000,0.35662
40523.31000,0.356588
40523.32000,0.356556
40523.33000,0.356524
40523.34000,0.356492
40523.35000,0.356459
40523.36000,0.356427
40523.37000,0.356395
40523.38000,0.356363
40523.39000,0.35633
40523.40000,0.356298
40523.41000,0.356266
40523.42000,0.356234
40523.43000,0.356201
40523.44000,0.356169
40523.45000,0.356137
40523.46000,0.356105
40523.47000,0.356072
40523.48000,0.35604
40523.49000,0.356008
40523.50000,0.355976
40523.51000,0.355943
40523.52000,0.355911
40523.53000,0.355879
40523.54000,0.355847
40523.55000,0.355838
40523.56000,0.355842
40523.57000,0.355846
40523.58000,0.35585
40523.59000,0.355854
40523.60000,0.355858
40523.61000,0.355862
40523.62000,0.355866
40523.63000,0.35587
40523.64000,0.355874
40523.65000,0.355878
40523.66000,0.355882
40523.67000,0.355886
40523.68000,0.35589
40523.69000,0.355894
40523.70000,0.355898
40523.71000,0.355902
40523.72000,0.355906
40523.73000,0.35591
40523.74000,0.355914
40523.75000,0.355918
40523.76000,0.355922
40523.77000,0.355926
40523.78000,0.35593
40523.79000,0.355934
40523.80000,0.355938
40523.81000,0.355942
40523.82000,0.355946
40523.83000,0.35595
40523.84000,0.355954
40523.85000,0.355958
40523.86000,0.355973
40523.87000,0.356281
40523.88000,0.356934
40523.89000,0.357974
40523.90000,0.359206
40523.91000,0.360327
40523.92000,0.361257
40523.93000,0.362003
40523.94000,0.362558
40523.95000,0.36285
40523.96000,0.362928
40523.97000,0.362845
40523.98000,0.362678
40523.99000,0.362707
40524.00000,0.362951
40524.01000,0.363386
40524.02000,0.363978
40524.03000,0.36483
40524.04000,0.365919
40524.05000,0.367181
40524.06000,0.36854
40524.07000,0.369605
40524.08000,0.370301
40524.09000,0.370732
40524.10000,0.371016
40524.11000,0.37207
40524.12000,0.374379
40524.13000,0.377467
40524.14000,0.380759
40524.15000,0.383274
40524.16000,0.384079
40524.17000,0.384094
40524.18000,0.383749
40524.19000,0.383098
40524.20000,0.381878
40524.21000,0.380194
40524.22000,0.378028
40524.23000,0.372742
40524.24000,0.372608
40524.25000,0.372475
40524.26000,0.372341
40524.27000,0.372208
40524.28000,0.372036
40524.29000,0.371727
40524.30000,0.371565
40524.31000,0.371479
40524.32000,0.37143
40524.33000,0.371397
40524.34000,0.371373
40524.35000,0.371342
40524.36000,0.371245
40524.37000,0.371044
40524.38000,0.370753
40524.39000,0.370258
40524.40000,0.369325
40524.41000,0.369294
40524.42000,0.369263
40524.43000,0.369232
40524.44000,0.369201
40524.45000,0.36917
40524.46000,0.369139
40524.47000,0.369091
40524.48000,0.369026
40524.49000,0.36901
40524.50000,0.369145
40524.51000,0.369391
40524.52000,0.369867
40524.53000,0.370945
40524.54000,0.372745
40524.55000,0.375003
40524.56000,0.37724
40524.57000,0.378853
40524.58000,0.379771
40524.59000,0.380243
40524.60000,0.380541
40524.61000,0.381013
40524.62000,0.381801
40524.63000,0.382778
40524.64000,0.383777
40524.65000,0.384634
40524.66000,0.385269
40524.67000,0.385753
40524.68000,0.386106
40524.69000,0.386067
40524.70000,0.385191
40524.71000,0.383496
40524.72000,0.381133
40524.73000,0.378465
40524.74000,0.376241
40524.75000,0.374548
40524.76000,0.373187
40524.77000,0.371621
40524.78000,0.369604
40524.79000,0.369551
40524.80000,0.369498
40524.81000,0.369445
40524.82000,0.369393
40524.83000,0.36934
40524.84000,0.369287
40524.85000,0.369234
40524.86000,0.369181
40524.87000,0.369128
40524.88000,0.369086
40524.89000,0.369072
40524.90000,0.369059
40524.91000,0.369046
40524.92000,0.369033
40524.93000,0.36902
40524.94000,0.369006
40524.95000,0.368993
40524.96000,0.36898
40524.97000,0.368967
40524.98000,0.368954
40524.99000,0.368941
40525.00000,0.368927
40525.01000,0.368914
40525.02000,0.368901
40525.03000,0.368888
40525.04000,0.368875
40525.05000,0.368862
40525.06000,0.368849
40525.07000,0.368836
40525.08000,0.368823
40525.09000,0.36881
40525.10000,0.368797
40525.11000,0.368784
40525.12000,0.368772
40525.13000,0.368759
40525.14000,0.368746
40525.15000,0.368731
40525.16000,0.368716
40525.17000,0.368701
40525.18000,0.368686
40525.19000,0.368671
40525.20000,0.368656
40525.21000,0.368641
40525.22000,0.368626
40525.23000,0.368611
40525.24000,0.368595
40525.25000,0.36858
40525.26000,0.368565
40525.27000,0.36855
40525.28000,0.368535
40525.29000,0.36852
40525.30000,0.368505
40525.31000,0.36849
40525.32000,0.368475
40525.33000,0.368439
40525.34000,0.368398
40525.35000,0.368357
40525.36000,0.368316
40525.37000,0.368275
40525.38000,0.368233
40525.39000,0.368192
40525.40000,0.368151
40525.41000,0.36811
40525.42000,0.368069
40525.43000,0.368028
40525.44000,0.367987
40525.45000,0.367946
40525.46000,0.367905
40525.47000,0.367864
40525.48000,0.367823
40525.49000,0.367782
40525.50000,0.367741
40525.51000,0.3677
40525.52000,0.367659
40525.53000,0.367618
40525.54000,0.367577
40525.55000,0.367536
40525.56000,0.367498
40525.57000,0.367493
40525.58000,0.367487
40525.59000,0.367481
40525.60000,0.367475
40525.61000,0.367469
40525.62000,0.367464
40525.63000,0.367458
40525.64000,0.367452
40525.65000,0.367446
40525.66000,0.367441
40525.67000,0.367435
40525.68000,0.367429
40525.69000,0.367423
40525.70000,0.367417
40525.71000,0.367412
40525.72000,0.367406
40525.73000,0.3674
40525.74000,0.367394
40525.75000,0.367389
40525.76000,0.367383
40525.77000,0.367377
40525.78000,0.367371
40525.79000,0.367365
40525.80000,0.36736
40525.81000,0.367354
40525.82000,0.367348
40525.83000,0.367342
40525.84000,0.367337
40525.85000,0.367331
40525.86000,0.367325
40525.87000,0.367319
40525.88000,0.367311
40525.89000,0.367301
40525.90000,0.36729
40525.91000,0.36728
40525.92000,0.367269
40525.93000,0.367259
40525.94000,0.367248
40525.95000,0.367238
40525.96000,0.367227
40525.97000,0.367217
40525.98000,0.367207
40525.99000,0.367196
40526.00000,0.367186
40526.01000,0.367175
40526.02000,0.367165
40526.03000,0.367154
40526.04000,0.367144
40526.05000,0.367133
40526.06000,0.367123
40526.07000,0.367112
40526.08000,0.367102
40526.09000,0.367092
40526.10000,0.367081
40526.11000,0.367071
40526.12000,0.36706
40526.13000,0.36705
40526.14000,0.367039
40526.15000,0.367029
40526.16000,0.367018
40526.17000,0.367008
40526.18000,0.366997
40526.19000,0.366987
40526.20000,0.366976
40526.21000,0.366966
40526.22000,0.366956
40526.23000,0.366945
40526.24000,0.366935
40526.25000,0.366924
40526.26000,0.366914
40526.27000,0.366903
40526.28000,0.366893
40526.29000,0.366882
40526.30000,0.366872
40526.31000,0.366864
40526.32000,0.366855
40526.33000,0.366846
40526.34000,0.366837
40526.35000,0.366828
40526.36000,0.366819
40526.37000,0.36681
40526.38000,0.366801
40526.39000,0.366792
40526.40000,0.366783
40526.41000,0.366774
40526.42000,0.366766
40526.43000,0.366757
40526.44000,0.366748
40526.45000,0.366739
40526.46000,0.36673
40526.47000,0.366721
40526.48000,0.366712
40526.49000,0.366703
40526.50000,0.366694
40526.51000,0.366685
40526.52000,0.366677
40526.53000,0.366668
40526.54000,0.366659
40526.55000,0.36665
40526.56000,0.366641
40526.57000,0.366632
40526.58000,0.366623
40526.59000,0.366614
40526.60000,0.366605
40526.61000,0.366596
40526.62000,0.366588
40526.63000,0.366579
40526.64000,0.36657
40526.65000,0.366561
40526.66000,0.366552
40526.67000,0.366543
40526.68000,0.366534
40526.69000,0.366525
40526.70000,0.366516
40526.71000,0.366507
40526.72000,0.366498
40526.73000,0.36649
40526.74000,0.366481
40526.75000,0.366472
40526.76000,0.366463
40526.77000,0.366454
40526.78000,0.366445
40526.79000,0.366436
40526.80000,0.366427
40526.81000,0.366418
40526.82000,0.36641
40526.83000,0.366401
40526.84000,0.366392
40526.85000,0.366383
40526.86000,0.366374
40526.87000,0.366366
40526.88000,0.366357
40526.89000,0.366348
40526.90000,0.366339
40526.91000,0.36633
40526.92000,0.366322
40526.93000,0.366313
40526.94000,0.366304
40526.95000,0.366295
40526.96000,0.366286
40526.97000,0.366278
40526.98000,0.366269
40526.99000,0.36626
40527.00000,0.366251
40527.01000,0.366242
40527.02000,0.366234
40527.03000,0.366225
40527.04000,0.366216
40527.05000,0.366207
40527.06000,0.366198
40527.07000,0.366189
40527.08000,0.366181
40527.09000,0.366172
40527.10000,0.366163
40527.11000,0.366154
40527.12000,0.366145
40527.13000,0.366137
40527.14000,0.366128
40527.15000,0.366119
40527.16000,0.36611
40527.17000,0.366101
40527.18000,0.366093
40527.19000,0.366084
40527.20000,0.366075
40527.21000,0.366066
40527.22000,0.366057
40527.23000,0.366049
40527.24000,0.36604
40527.25000,0.366031
40527.26000,0.366022
40527.27000,0.366013
40527.28000,0.366004
40527.29000,0.365996
40527.30000,0.365987
40527.31000,0.365978
40527.32000,0.365969
40527.33000,0.36596
40527.34000,0.365952
40527.35000,0.365943
40527.36000,0.365934
40527.37000,0.365925
40527.38000,0.365917
40527.39000,0.365908
40527.40000,0.365899
40527.41000,0.36589
40527.42000,0.365881
40527.43000,0.365873
40527.44000,0.365864
40527.45000,0.365855
40527.46000,0.365846
40527.47000,0.365837
40527.48000,0.365829
40527.49000,0.36582
40527.50000,0.365811
40527.51000,0.365802
40527.52000,0.365793
40527.53000,0.365785
40527.54000,0.365776
40527.55000,0.365767
40527.56000,0.365758
40527.57000,0.365749
40527.58000,0.365741
40527.59000,0.365732
40527.60000,0.365723
40527.61000,0.365714
40527.62000,0.365705
40527.63000,0.365697
40527.64000,0.365688
40527.65000,0.365679
40527.66000,0.36567
40527.67000,0.365661
40527.68000,0.365653
40527.69000,0.365644
40527.70000,0.365635
40527.71000,0.365626
40527.72000,0.365617
40527.73000,0.365609
40527.74000,0.3656
40527.75000,0.365591
40527.76000,0.365582
40527.77000,0.365574
40527.78000,0.365565
40527.79000,0.365556
40527.80000,0.36555
40527.81000,0.365548
40527.82000,0.365546
40527.83000,0.365544
40527.84000,0.365542
40527.85000,0.365541
40527.86000,0.365539
40527.87000,0.365537
40527.88000,0.365535
40527.89000,0.365533
40527.90000,0.365532
40527.91000,0.36553
40527.92000,0.365528
40527.93000,0.365526
40527.94000,0.365524
40527.95000,0.365523
40527.96000,0.365521
40527.97000,0.365519
40527.98000,0.365517
40527.99000,0.365515
40528.00000,0.365514
40528.01000,0.365512
40528.02000,0.36551
40528.03000,0.365508
40528.04000,0.365506
40528.05000,0.365505
40528.06000,0.365503
40528.07000,0.365501
40528.08000,0.365499
40528.09000,0.365497
40528.10000,0.365496
40528.11000,0.365494
40528.12000,0.365492
40528.13000,0.36549
40528.14000,0.365488
40528.15000,0.365486
40528.16000,0.365485
40528.17000,0.365483
40528.18000,0.365481
40528.19000,0.365479
40528.20000,0.365477
40528.21000,0.365476
40528.22000,0.365474
40528.23000,0.365472
40528.24000,0.36547
40528.25000,0.365468
40528.26000,0.365467
40528.27000,0.365465
40528.28000,0.365463
40528.29000,0.365461
40528.30000,0.365458
40528.31000,0.365453
40528.32000,0.365448
40528.33000,0.365443
40528.34000,0.365438
40528.35000,0.365433
40528.36000,0.365428
40528.37000,0.365423
40528.38000,0.365418
40528.39000,0.365413
40528.40000,0.365408
40528.41000,0.365673
40528.42000,0.366467
40528.43000,0.367796
40528.44000,0.369437
40528.45000,0.370971
40528.46000,0.372327
40528.47000,0.373526
40528.48000,0.376274
40528.49000,0.376349
40528.50000,0.376424
40528.51000,0.3765
40528.52000,0.376575
40528.53000,0.37665
40528.54000,0.376985
40528.55000,0.377318
40528.56000,0.377655
40528.57000,0.377508
40528.58000,0.376852
40528.59000,0.375857
40528.60000,0.374636
40528.61000,0.373476
40528.62000,0.372528
40528.63000,0.371744
40528.64000,0.371074
40528.65000,0.368403
40528.66000,0.368397
40528.67000,0.36839
40528.68000,0.368384
40528.69000,0.368377
40528.70000,0.368371
40528.71000,0.368364
40528.72000,0.368358
40528.73000,0.368351
40528.74000,0.368345
40528.75000,0.368338
40528.76000,0.368332
40528.77000,0.368325
40528.78000,0.368319
40528.79000,0.368312
40528.80000,0.368306
40528.81000,0.368299
40528.82000,0.368293
40528.83000,0.368287
40528.84000,0.36828
40528.85000,0.368274
40528.86000,0.368267
40528.87000,0.368261
40528.88000,0.368254
40528.89000,0.368248
40528.90000,0.368241
40528.91000,0.368235
40528.92000,0.368228
40528.93000,0.368222
40528.94000,0.368215
40528.95000,0.368209
40528.96000,0.368202
40528.97000,0.368196
40528.98000,0.368189
40528.99000,0.368183
40529.00000,0.368176
40529.01000,0.36817
40529.02000,0.368163
40529.03000,0.368157
40529.04000,0.368151
40529.05000,0.368144
40529.06000,0.368138
40529.07000,0.368131
40529.08000,0.368125
40529.09000,0.368118
40529.10000,0.368112
40529.11000,0.368105
40529.12000,0.368099
40529.13000,0.368092
40529.14000,0.368086
40529.15000,0.368079
40529.16000,0.368038
40529.17000,0.367996
40529.18000,0.367955
40529.19000,0.367914
40529.20000,0.367872
40529.21000,0.367831
40529.22000,0.367789
40529.23000,0.367748
40529.24000,0.367707
40529.25000,0.367665
40529.26000,0.367624
40529.27000,0.367582
40529.28000,0.367541
40529.29000,0.367499
40529.30000,0.367458
40529.31000,0.367417
40529.32000,0.367375
40529.33000,0.367334
40529.34000,0.367292
40529.35000,0.367251
40529.36000,0.36721
40529.37000,0.367168
40529.38000,0.367127
40529.39000,0.367085
40529.40000,0.367044
40529.41000,0.367003
40529.42000,0.366961
40529.43000,0.36692
40529.44000,0.366878
40529.45000,0.366837
40529.46000,0.366795
40529.47000,0.366754
40529.48000,0.366713
40529.49000,0.366671
40529.50000,0.36663
40529.51000,0.366588
40529.52000,0.366547
40529.53000,0.366524
40529.54000,0.36652
40529.55000,0.366516
40529.56000,0.366511
40529.57000,0.366507
40529.58000,0.366503
40529.59000,0.366499
40529.60000,0.366494
40529.61000,0.36649
40529.62000,0.366486
40529.63000,0.366482
40529.64000,0.366477
40529.65000,0.366473
40529.66000,0.366469
40529.67000,0.366465
40529.68000,0.36646
40529.69000,0.366456
40529.70000,0.366452
40529.71000,0.366448
40529.72000,0.366443
40529.73000,0.366439
40529.74000,0.366435
40529.75000,0.36643
40529.76000,0.366426
40529.77000,0.366422
40529.78000,0.366418
40529.79000,0.366413
40529.80000,0.366409
40529.81000,0.366405
40529.82000,0.366401
40529.83000,0.366396
40529.84000,0.366392
40529.85000,0.366388
40529.86000,0.366384
40529.87000,0.366379
40529.88000,0.366375
40529.89000,0.366371
40529.90000,0.366367
40529.91000,0.366362
40529.92000,0.366358
40529.93000,0.366354
40529.94000,0.36635
40529.95000,0.366345
40529.96000,0.366341
40529.97000,0.366337
40529.98000,0.366333
40529.99000,0.366328
40530.00000,0.366324
40530.01000,0.36632
40530.02000,0.366316
40530.03000,0.366298
40530.04000,0.366268
40530.05000,0.366238
40530.06000,0.366208
40530.07000,0.366178
40530.08000,0.366148
40530.09000,0.366118
40530.10000,0.366088
40530.11000,0.366058
40530.12000,0.366028
40530.13000,0.365998
40530.14000,0.365968
40530.15000,0.365938
40530.16000,0.365908
40530.17000,0.365878
40530.18000,0.365848
40530.19000,0.365818
40530.20000,0.365788
40530.21000,0.365757
40530.22000,0.365727
40530.23000,0.365697
40530.24000,0.365667
40530.25000,0.365637
40530.26000,0.365607
40530.27000,0.365577
40530.28000,0.365547
40530.29000,0.365517
40530.30000,0.365487
40530.31000,0.365457
40530.32000,0.365427
40530.33000,0.365397
40530.34000,0.365367
40530.35000,0.365337
40530.36000,0.365307
40530.37000,0.365277
40530.38000,0.365247
40530.39000,0.365217
40530.40000,0.365187
40530.41000,0.365156
40530.42000,0.365126
40530.43000,0.365096
40530.44000,0.365066
40530.45000,0.365036
40530.46000,0.365006
40530.47000,0.364976
40530.48000,0.364946
40530.49000,0.364916
40530.50000,0.364886
40530.51000,0.364856
40530.52000,0.364826
40530.53000,0.364809
40530.54000,0.364805
40530.55000,0.364801
40530.56000,0.364797
40530.57000,0.364793
40530.58000,0.364789
40530.59000,0.364785
40530.60000,0.364781
40530.61000,0.364777
40530.62000,0.364773
40530.63000,0.364769
40530.64000,0.364765
40530.65000,0.364761
40530.66000,0.364757
40530.67000,0.364753
40530.68000,0.364749
40530.69000,0.364745
40530.70000,0.364741
40530.71000,0.364737
40530.72000,0.364733
40530.73000,0.364729
40530.74000,0.364725
40530.75000,0.364721
40530.76000,0.364717
40530.77000,0.364713
40530.78000,0.364709
40530.79000,0.364705
40530.80000,0.364701
40530.81000,0.364697
40530.82000,0.364693
40530.83000,0.364689
40530.84000,0.364686
40530.85000,0.364682
40530.86000,0.364678
40530.87000,0.364674
40530.88000,0.36467
40530.89000,0.364666
40530.90000,0.364662
40530.91000,0.364658
40530.92000,0.364654
40530.93000,0.36465
40530.94000,0.364646
40530.95000,0.364642
40530.96000,0.364638
40530.97000,0.364634
40530.98000,0.36463
40530.99000,0.364626
40531.00000,0.364622
40531.01000,0.364618
40531.02000,0.364614
40531.03000,0.364597
40531.04000,0.364566
40531.05000,0.364536
40531.06000,0.364505
40531.07000,0.364475
40531.08000,0.364444
40531.09000,0.364414
40531.10000,0.364384
40531.11000,0.364353
40531.12000,0.364323
40531.13000,0.364292
40531.14000,0.364262
40531.15000,0.364231
40531.16000,0.364201
40531.17000,0.36417
40531.18000,0.36414
40531.19000,0.36411
40531.20000,0.364079
40531.21000,0.364049
40531.22000,0.364018
40531.23000,0.363988
40531.24000,0.363957
40531.25000,0.363927
40531.26000,0.363896
40531.27000,0.363866
40531.28000,0.363836
40531.29000,0.363805
40531.30000,0.363775
40531.31000,0.363744
40531.32000,0.363714
40531.33000,0.363683
40531.34000,0.363653
40531.35000,0.363623
40531.36000,0.363592
40531.37000,0.363562
40531.38000,0.363531
40531.39000,0.363501
40531.40000,0.36347
40531.41000,0.36344
40531.42000,0.363409
40531.43000,0.363379
40531.44000,0.363349
40531.45000,0.363318
40531.46000,0.363288
40531.47000,0.363257
40531.48000,0.363227
40531.49000,0.363196
40531.50000,0.363166
40531.51000,0.363135
40531.52000,0.363105
40531.53000,0.363088
40531.54000,0.363085
40531.55000,0.363081
40531.56000,0.363078
40531.57000,0.363074
40531.58000,0.363071
40531.59000,0.363067
40531.60000,0.363064
40531.61000,0.36306
40531.62000,0.363057
40531.63000,0.363053
40531.64000,0.36305
40531.65000,0.363046
40531.66000,0.363043
40531.67000,0.363039
40531.68000,0.363036
40531.69000,0.363032
40531.70000,0.363029
40531.71000,0.363025
40531.72000,0.363022
40531.73000,0.363018
40531.74000,0.363015
40531.75000,0.363011
40531.76000,0.363008
40531.77000,0.363004
40531.78000,0.363001
40531.79000,0.362997
40531.80000,0.362994
40531.81000,0.36299
40531.82000,0.362987
40531.83000,0.362983
40531.84000,0.36298
40531.85000,0.362976
40531.86000,0.362973
40531.87000,0.362969
40531.88000,0.362966
40531.89000,0.362962
40531.90000,0.362959
40531.91000,0.362955
40531.92000,0.362952
40531.93000,0.362948
40531.94000,0.362945
40531.95000,0.362941
40531.96000,0.362938
40531.97000,0.362934
40531.98000,0.362931
40531.99000,0.362927
40532.00000,0.362924
40532.01000,0.36292
40532.02000,0.362917
40532.03000,0.3629
40532.04000,0.36287
40532.05000,0.362839
40532.06000,0.362809
40532.07000,0.362778
40532.08000,0.362748
40532.09000,0.362718
40532.10000,0.362687
40532.11000,0.362657
40532.12000,0.362627
40532.13000,0.362596
40532.14000,0.362566
40532.15000,0.362535
40532.16000,0.362505
40532.17000,0.362475
40532.18000,0.362444
40532.19000,0.362414
40532.20000,0.362384
40532.21000,0.362353
40532.22000,0.362323
40532.23000,0.362293
40532.24000,0.362262
40532.25000,0.362232
40532.26000,0.362201
40532.27000,0.362171
40532.28000,0.362141
40532.29000,0.36211
40532.30000,0.36208
40532.31000,0.36205
40532.32000,0.362019
40532.33000,0.361989
40532.34000,0.361958
40532.35000,0.361928
40532.36000,0.361898
40532.37000,0.361867
40532.38000,0.361837
40532.39000,0.361807
40532.40000,0.361776
40532.41000,0.361746
40532.42000,0.361716
40532.43000,0.361685
40532.44000,0.361655
40532.45000,0.361624
40532.46000,0.361594
40532.47000,0.361564
40532.48000,0.361533
40532.49000,0.361503
40532.50000,0.361473
40532.51000,0.361442
40532.52000,0.361412
40532.53000,0.361395
40532.54000,0.361392
40532.55000,0.361389
40532.56000,0.361386
40532.57000,0.361383
40532.58000,0.36138
40532.59000,0.361377
40532.60000,0.361374
40532.61000,0.36137
40532.62000,0.361367
40532.63000,0.361364
40532.64000,0.361361
40532.65000,0.361358
40532.66000,0.361355
40532.67000,0.361352
40532.68000,0.361349
40532.69000,0.361346
40532.70000,0.361343
40532.71000,0.36134
40532.72000,0.361337
40532.73000,0.361333
40532.74000,0.36133
40532.75000,0.361327
40532.76000,0.361324
40532.77000,0.361321
40532.78000,0.361318
40532.79000,0.361315
40532.80000,0.361312
40532.81000,0.361309
40532.82000,0.361306
40532.83000,0.361303
40532.84000,0.3613
40532.85000,0.361297
40532.86000,0.361293
40532.87000,0.36129
40532.88000,0.361287
40532.89000,0.361284
40532.90000,0.361281
40532.91000,0.361278
40532.92000,0.361275
40532.93000,0.361272
40532.94000,0.361269
40532.95000,0.361266
40532.96000,0.361263
40532.97000,0.36126
40532.98000,0.361256
40532.99000,0.361253
40533.00000,0.36125
40533.01000,0.361247
40533.02000,0.361244
40533.03000,0.361227
40533.04000,0.361197
40533.05000,0.361167
40533.06000,0.361137
40533.07000,0.361107
40533.08000,0.361076
40533.09000,0.361046
40533.10000,0.361016
40533.11000,0.360986
40533.12000,0.360956
40533.13000,0.360925
40533.14000,0.360895
40533.15000,0.360865
40533.16000,0.360835
40533.17000,0.360805
40533.18000,0.360774
40533.19000,0.360744
40533.20000,0.360714
40533.21000,0.360684
40533.22000,0.360654
40533.23000,0.360623
40533.24000,0.360593
40533.25000,0.360563
40533.26000,0.360533
40533.27000,0.360503
40533.28000,0.360472
40533.29000,0.360442
40533.30000,0.360412
40533.31000,0.360382
40533.32000,0.360351
40533.33000,0.360321
40533.34000,0.360291
40533.35000,0.360261
40533.36000,0.360231
40533.37000,0.3602
40533.38000,0.36017
40533.39000,0.36014
40533.40000,0.36011
40533.41000,0.36008
40533.42000,0.360049
40533.43000,0.360019
40533.44000,0.359989
40533.45000,0.359959
40533.46000,0.359929
40533.47000,0.359898
40533.48000,0.359868
40533.49000,0.359838
40533.50000,0.359808
40533.51000,0.359778
40533.52000,0.359747
40533.53000,0.359731
40533.54000,0.359728
40533.55000,0.359725
40533.56000,0.359723
40533.57000,0.35972
40533.58000,0.359717
40533.59000,0.359715
40533.60000,0.359712
40533.61000,0.359709
40533.62000,0.359706
40533.63000,0.359704
40533.64000,0.359701
40533.65000,0.359698
40533.66000,0.359696
40533.67000,0.359693
40533.68000,0.35969
40533.69000,0.359688
40533.70000,0.359685
40533.71000,0.359682
40533.72000,0.359679
40533.73000,0.359677
40533.74000,0.359674
40533.75000,0.359671
40533.76000,0.359669
40533.77000,0.359666
40533.78000,0.359663
40533.79000,0.35966
40533.80000,0.359658
40533.81000,0.359655
40533.82000,0.359652
40533.83000,0.35965
40533.84000,0.359647
40533.85000,0.359644
40533.86000,0.359642
40533.87000,0.359639
40533.88000,0.359636
40533.89000,0.359633
40533.90000,0.359631
40533.91000,0.359628
40533.92000,0.359625
40533.93000,0.359623
40533.94000,0.35962
40533.95000,0.359617
40533.96000,0.359614
40533.97000,0.359612
40533.98000,0.359609
40533.99000,0.359606
40534.00000,0.359604
40534.01000,0.359601
40534.02000,0.359598
40534.03000,0.359582
40534.04000,0.359552
40534.05000,0.359522
40534.06000,0.359492
40534.07000,0.359462
40534.08000,0.359432
40534.09000,0.359402
40534.10000,0.359372
40534.11000,0.359343
40534.12000,0.359313
40534.13000,0.359283
40534.14000,0.359253
40534.15000,0.359223
40534.16000,0.359193
40534.17000,0.359163
40534.18000,0.359133
40534.19000,0.359103
40534.20000,0.359073
40534.21000,0.359043
40534.22000,0.359013
40534.23000,0.358984
40534.24000,0.358954
40534.25000,0.358924
40534.26000,0.358894
40534.27000,0.358864
40534.28000,0.358834
40534.29000,0.358804
40534.30000,0.358774
40534.31000,0.358744
40534.32000,0.358714
40534.33000,0.358684
40534.34000,0.358654
40534.35000,0.358625
40534.36000,0.358595
40534.37000,0.358565
40534.38000,0.358535
40534.39000,0.358505
40534.40000,0.358475
40534.41000,0.358445
40534.42000,0.358415
40534.43000,0.358385
40534.44000,0.358355
40534.45000,0.358325
40534.46000,0.358296
40534.47000,0.358266
40534.48000,0.358236
40534.49000,0.358206
40534.50000,0.358176
40534.51000,0.358146
40534.52000,0.358116
40534.53000,0.3581
40534.54000,0.358097
40534.55000,0.358095
40534.56000,0.358093
40534.57000,0.35809
40534.58000,0.358088
40534.59000,0.358085
40534.60000,0.358083
40534.61000,0.358081
40534.62000,0.358078
40534.63000,0.358076
40534.64000,0.358073
40534.65000,0.358071
40534.66000,0.358069
40534.67000,0.358066
40534.68000,0.358064
40534.69000,0.358061
40534.70000,0.358059
40534.71000,0.358057
40534.72000,0.358054
40534.73000,0.358052
40534.74000,0.358049
40534.75000,0.358047
40534.76000,0.358045
40534.77000,0.358042
40534.78000,0.35804
40534.79000,0.358037
40534.80000,0.358035
40534.81000,0.358033
40534.82000,0.35803
40534.83000,0.358028
40534.84000,0.358025
40534.85000,0.358023
40534.86000,0.358021
40534.87000,0.358018
40534.88000,0.358016
40534.89000,0.358013
40534.90000,0.358011
40534.91000,0.358009
40534.92000,0.358006
40534.93000,0.358004
40534.94000,0.358001
40534.95000,0.357999
40534.96000,0.357997
40534.97000,0.357994
40534.98000,0.357992
40534.99000,0.357989
40535.00000,0.357987
40535.01000,0.357985
40535.02000,0.357982
40535.03000,0.357966
40535.04000,0.357936
40535.05000,0.357906
40535.06000,0.357876
40535.07000,0.357846
40535.08000,0.357816
40535.09000,0.357786
40535.10000,0.357756
40535.11000,0.357726
40535.12000,0.357696
40535.13000,0.357666
40535.14000,0.357636
40535.15000,0.357606
40535.16000,0.357575
40535.17000,0.357545
40535.18000,0.357515
40535.19000,0.357485
40535.20000,0.357455
40535.21000,0.357425
40535.22000,0.357395
40535.23000,0.357365
40535.24000,0.357335
40535.25000,0.357305
40535.26000,0.357275
40535.27000,0.357245
40535.28000,0.357215
40535.29000,0.357185
40535.30000,0.357155
40535.31000,0.357125
40535.32000,0.357095
40535.33000,0.357065
40535.34000,0.357035
40535.35000,0.357005
40535.36000,0.356975
40535.37000,0.356945
40535.38000,0.356915
40535.39000,0.356884
40535.40000,0.356854
40535.41000,0.356824
40535.42000,0.356794
40535.43000,0.356764
40535.44000,0.356734
40535.45000,0.356704
40535.46000,0.356674
40535.47000,0.356644
40535.48000,0.356614
40535.49000,0.356584
40535.50000,0.356554
40535.51000,0.356524
40535.52000,0.356494
40535.53000,0.356478
40535.54000,0.356476
40535.55000,0.356474
40535.56000,0.356472
40535.57000,0.35647
40535.58000,0.356468
40535.59000,0.356466
40535.60000,0.356465
40535.61000,0.356463
40535.62000,0.356461
40535.63000,0.356459
40535.64000,0.356457
40535.65000,0.356455
40535.66000,0.356453
40535.67000,0.356451
40535.68000,0.356449
40535.69000,0.356447
40535.70000,0.356445
40535.71000,0.356444
40535.72000,0.356442
40535.73000,0.35644
40535.74000,0.356438
40535.75000,0.356436
40535.76000,0.356434
40535.77000,0.356432
40535.78000,0.35643
40535.79000,0.356428
40535.80000,0.356426
40535.81000,0.356424
40535.82000,0.356423
40535.83000,0.356421
40535.84000,0.356419
40535.85000,0.356417
40535.86000,0.356415
40535.87000,0.356413
40535.88000,0.356411
40535.89000,0.356409
40535.90000,0.356407
40535.91000,0.356405
40535.92000,0.356404
40535.93000,0.356402
40535.94000,0.3564
40535.95000,0.356398
40535.96000,0.356396
40535.97000,0.356394
40535.98000,0.356392
40535.99000,0.35639
40536.00000,0.356388
40536.01000,0.356386
40536.02000,0.356384
40536.03000,0.356368
40536.04000,0.356339
40536.05000,0.356309
40536.06000,0.356279
40536.07000,0.356249
40536.08000,0.356219
40536.09000,0.356189
40536.10000,0.356159
40536.11000,0.356129
40536.12000,0.356099
40536.13000,0.356069
40536.14000,0.356039
40536.15000,0.356009
40536.16000,0.355979
40536.17000,0.355949
40536.18000,0.355919
40536.19000,0.355889
40536.20000,0.355859
40536.21000,0.355829
40536.22000,0.355799
40536.23000,0.355769
40536.24000,0.355739
40536.25000,0.355709
40536.26000,0.355679
40536.27000,0.355649
40536.28000,0.35562
40536.29000,0.35559
40536.30000,0.35556
40536.31000,0.35553
40536.32000,0.3555
40536.33000,0.35547
40536.34000,0.35544
40536.35000,0.35541
40536.36000,0.35538
40536.37000,0.35535
40536.38000,0.35532
40536.39000,0.35529
40536.40000,0.35526
40536.41000,0.35523
40536.42000,0.3552
40536.43000,0.35517
40536.44000,0.35514
40536.45000,0.35511
40536.46000,0.35508
40536.47000,0.35505
40536.48000,0.35502
40536.49000,0.35499
40536.50000,0.35496
40536.51000,0.35493
40536.52000,0.3549
40536.53000,0.354885
40536.54000,0.354883
40536.55000,0.354882
40536.56000,0.35488
40536.57000,0.354879
40536.58000,0.354877
40536.59000,0.354876
40536.60000,0.354874
40536.61000,0.354873
40536.62000,0.354871
40536.63000,0.35487
40536.64000,0.354868
40536.65000,0.354867
40536.66000,0.354865
40536.67000,0.354864
40536.68000,0.354863
40536.69000,0.354861
40536.70000,0.35486
40536.71000,0.354858
40536.72000,0.354857
40536.73000,0.354855
40536.74000,0.354854
40536.75000,0.354852
40536.76000,0.354851
40536.77000,0.354849
40536.78000,0.354848
40536.79000,0.354846
40536.80000,0.354845
40536.81000,0.354843
40536.82000,0.354842
40536.83000,0.35484
40536.84000,0.354839
40536.85000,0.354837
40536.86000,0.354836
40536.87000,0.354834
40536.88000,0.354833
40536.89000,0.354831
40536.90000,0.35483
40536.91000,0.354828
40536.92000,0.354827
40536.93000,0.354826
40536.94000,0.354824
40536.95000,0.354823
40536.96000,0.354821
40536.97000,0.35482
40536.98000,0.354818
40536.99000,0.354817
40537.00000,0.354815
40537.01000,0.354814
40537.02000,0.354812
40537.03000,0.354797
40537.04000,0.354768
40537.05000,0.354739
40537.06000,0.354709
40537.07000,0.35468
40537.08000,0.354651
40537.09000,0.354622
40537.10000,0.354593
40537.11000,0.354564
40537.12000,0.354535
40537.13000,0.354505
40537.14000,0.354476
40537.15000,0.354447
40537.16000,0.354418
40537.17000,0.354389
40537.18000,0.35436
40537.19000,0.354331
40537.20000,0.354301
40537.21000,0.354272
40537.22000,0.354243
40537.23000,0.354214
40537.24000,0.354185
40537.25000,0.354156
40537.26000,0.354126
40537.27000,0.354097
40537.28000,0.354068
40537.29000,0.354039
40537.30000,0.35401
40537.31000,0.353981
40537.32000,0.353952
40537.33000,0.353922
40537.34000,0.353893
40537.35000,0.353864
40537.36000,0.353835
40537.37000,0.353806
40537.38000,0.353777
40537.39000,0.353748
40537.40000,0.353718
40537.41000,0.353689
40537.42000,0.35366
40537.43000,0.353631
40537.44000,0.353602
40537.45000,0.353573
40537.46000,0.353544
40537.47000,0.353514
40537.48000,0.353485
40537.49000,0.353456
40537.50000,0.353427
40537.51000,0.353398
40537.52000,0.353369
40537.53000,0.353353
40537.54000,0.353352
40537.55000,0.353351
40537.56000,0.35335
40537.57000,0.353348
40537.58000,0.353347
40537.59000,0.353346
40537.60000,0.353345
40537.61000,0.353343
40537.62000,0.353342
40537.63000,0.353341
40537.64000,0.353339
40537.65000,0.353338
40537.66000,0.353337
40537.67000,0.353336
40537.68000,0.353334
40537.69000,0.353333
40537.70000,0.353332
40537.71000,0.353331
40537.72000,0.353329
40537.73000,0.353328
40537.74000,0.353327
40537.75000,0.353325
40537.76000,0.353324
40537.77000,0.353323
40537.78000,0.353322
40537.79000,0.35332
40537.80000,0.353319
40537.81000,0.353318
40537.82000,0.353317
40537.83000,0.353315
40537.84000,0.353314
40537.85000,0.353313
40537.86000,0.353311
40537.87000,0.35331
40537.88000,0.353309
40537.89000,0.353308
40537.90000,0.353306
40537.91000,0.353305
40537.92000,0.353304
40537.93000,0.353303
40537.94000,0.353301
40537.95000,0.3533
40537.96000,0.353299
40537.97000,0.353297
40537.98000,0.353296
40537.99000,0.353295
40538.00000,0.353294
40538.01000,0.353292
40538.02000,0.353291
40538.03000,0.353283
40538.04000,0.353268
40538.05000,0.353252
40538.06000,0.353237
40538.07000,0.353222
40538.08000,0.353206
40538.09000,0.353191
40538.10000,0.353176
40538.11000,0.35316
40538.12000,0.353145
40538.13000,0.35313
40538.14000,0.353114
40538.15000,0.353099
40538.16000,0.353084
40538.17000,0.353068
40538.18000,0.353053
40538.19000,0.353038
40538.20000,0.353022
40538.21000,0.353007
40538.22000,0.352992
40538.23000,0.352976
40538.24000,0.352961
40538.25000,0.352946
40538.26000,0.35293
40538.27000,0.352915
40538.28000,0.3529
40538.29000,0.352884
40538.30000,0.352869
40538.31000,0.352854
40538.32000,0.352838
40538.33000,0.352823
40538.34000,0.352808
40538.35000,0.352792
40538.36000,0.352777
40538.37000,0.352762
40538.38000,0.352746
40538.39000,0.352731
40538.40000,0.352716
40538.41000,0.352701
40538.42000,0.352685
40538.43000,0.35267
40538.44000,0.352655
40538.45000,0.352639
40538.46000,0.352624
40538.47000,0.352609
40538.48000,0.352593
40538.49000,0.352578
40538.50000,0.352563
40538.51000,0.352547
40538.52000,0.352532
40538.53000,0.352527
40538.54000,0.352531
40538.55000,0.352536
40538.56000,0.352541
40538.57000,0.352546
40538.58000,0.352551
40538.59000,0.352555
40538.60000,0.35256
40538.61000,0.352565
40538.62000,0.35257
40538.63000,0.352575
40538.64000,0.352579
40538.65000,0.352584
40538.66000,0.352589
40538.67000,0.352594
40538.68000,0.352599
40538.69000,0.352603
40538.70000,0.352608
40538.71000,0.352613
40538.72000,0.352618
40538.73000,0.352622
40538.74000,0.352719
40538.75000,0.352908
40538.76000,0.353264
40538.77000,0.353814
40538.78000,0.354284
40538.79000,0.354567
40538.80000,0.354646
40538.81000,0.354545
40538.82000,0.353651
40538.83000,0.353617
40538.84000,0.353583
40538.85000,0.353549
40538.86000,0.353515
40538.87000,0.353481
40538.88000,0.353447
40538.89000,0.353413
40538.90000,0.353379
40538.91000,0.353345
40538.92000,0.353311
40538.93000,0.353297
40538.94000,0.353283
40538.95000,0.353268
40538.96000,0.353254
40538.97000,0.353239
40538.98000,0.353225
40538.99000,0.353211
40539.00000,0.353196
40539.01000,0.353182
40539.02000,0.353167
40539.03000,0.353153
40539.04000,0.353139
40539.05000,0.353124
40539.06000,0.353112
40539.07000,0.353102
40539.08000,0.353091
40539.09000,0.35308
40539.10000,0.353069
40539.11000,0.353059
40539.12000,0.353048
40539.13000,0.353037
40539.14000,0.353026
40539.15000,0.353016
40539.16000,0.353005
40539.17000,0.352994
40539.18000,0.352983
40539.19000,0.352972
40539.20000,0.352962
40539.21000,0.352951
40539.22000,0.35294
40539.23000,0.352929
40539.24000,0.352896
40539.25000,0.352859
40539.26000,0.352823
40539.27000,0.352786
40539.28000,0.35275
40539.29000,0.352713
40539.30000,0.352676
40539.31000,0.35264
40539.32000,0.352603
40539.33000,0.352567
40539.34000,0.35253
40539.35000,0.352494
40539.36000,0.352457
40539.37000,0.352421
40539.38000,0.352384
40539.39000,0.352348
40539.40000,0.352311
40539.41000,0.352274
40539.42000,0.352238
40539.43000,0.352201
40539.44000,0.352165
40539.45000,0.352128
40539.46000,0.352092
40539.47000,0.352062
40539.48000,0.352065
40539.49000,0.352068
40539.50000,0.352071
40539.51000,0.352074
40539.52000,0.352077
40539.53000,0.35208
40539.54000,0.352082
40539.55000,0.352085
40539.56000,0.352088
40539.57000,0.352091
40539.58000,0.352094
40539.59000,0.352097
40539.60000,0.352099
40539.61000,0.352102
40539.62000,0.352105
40539.63000,0.352108
40539.64000,0.352111
40539.65000,0.352114
40539.66000,0.352117
40539.67000,0.352119
40539.68000,0.352122
40539.69000,0.352125
40539.70000,0.352128
40539.71000,0.352125
40539.72000,0.352116
40539.73000,0.352107
40539.74000,0.352098
40539.75000,0.352088
40539.76000,0.352079
40539.77000,0.35207
40539.78000,0.352061
40539.79000,0.352052
40539.80000,0.352042
40539.81000,0.352033
40539.82000,0.352024
40539.83000,0.352015
40539.84000,0.352006
40539.85000,0.351997
40539.86000,0.351987
40539.87000,0.351978
40539.88000,0.351969
40539.89000,0.35196
40539.90000,0.351951
40539.91000,0.351941
40539.92000,0.351932
40539.93000,0.351923
40539.94000,0.351914
40539.95000,0.351905
40539.96000,0.351896
40539.97000,0.351886
40539.98000,0.351877
40539.99000,0.351868
40540.00000,0.351859
40540.01000,0.35185
40540.02000,0.35184
40540.03000,0.351815
40540.04000,0.351787
40540.05000,0.351759
40540.06000,0.351731
40540.07000,0.351703
40540.08000,0.351676
40540.09000,0.351648
40540.10000,0.35162
40540.11000,0.351592
40540.12000,0.351564
40540.13000,0.351536
40540.14000,0.351508
40540.15000,0.35148
40540.16000,0.351453
40540.17000,0.351425
40540.18000,0.351397
40540.19000,0.351369
40540.20000,0.351341
40540.21000,0.351313
40540.22000,0.351285
40540.23000,0.351258
40540.24000,0.35123
40540.25000,0.351202
40540.26000,0.351174
40540.27000,0.351146
40540.28000,0.351118
40540.29000,0.35109
40540.30000,0.351062
40540.31000,0.351035
40540.32000,0.351007
40540.33000,0.350979
40540.34000,0.350951
40540.35000,0.350923
40540.36000,0.350895
40540.37000,0.350867
40540.38000,0.350839
40540.39000,0.350812
40540.40000,0.350784
40540.41000,0.350756
40540.42000,0.350728
40540.43000,0.3507
40540.44000,0.350672
40540.45000,0.350665
40540.46000,0.350664
40540.47000,0.350664
40540.48000,0.350664
40540.49000,0.350663
40540.50000,0.350663
40540.51000,0.350663
40540.52000,0.350662
40540.53000,0.350662
40540.54000,0.350661
40540.55000,0.350661
40540.56000,0.350661
40540.57000,0.35066
40540.58000,0.35066
40540.59000,0.35066
40540.60000,0.350659
40540.61000,0.350659
40540.62000,0.350659
40540.63000,0.350658
40540.64000,0.350658
40540.65000,0.350658
40540.66000,0.350657
40540.67000,0.350657
40540.68000,0.350657
40540.69000,0.350656
40540.70000,0.350656
40540.71000,0.350655
40540.72000,0.350655
40540.73000,0.350655
40540.74000,0.350654
40540.75000,0.350654
40540.76000,0.350654
40540.77000,0.350653
40540.78000,0.350653
40540.79000,0.350653
40540.80000,0.350652
40540.81000,0.350652
40540.82000,0.350652
40540.83000,0.350651
40540.84000,0.350651
40540.85000,0.350651
40540.86000,0.35065
40540.87000,0.350646
40540.88000,0.350639
40540.89000,0.350632
40540.90000,0.350626
40540.91000,0.350619
40540.92000,0.350612
40540.93000,0.350605
40540.94000,0.350598
40540.95000,0.350591
40540.96000,0.350585
40540.97000,0.350578
40540.98000,0.350571
40540.99000,0.350564
40541.00000,0.350557
40541.01000,0.350551
40541.02000,0.350544
40541.03000,0.350537
40541.04000,0.35053
40541.05000,0.350523
40541.06000,0.350516
40541.07000,0.35051
40541.08000,0.350503
40541.09000,0.350496
40541.10000,0.350489
40541.11000,0.350482
40541.12000,0.350476
40541.13000,0.350469
40541.14000,0.350462
40541.15000,0.350455
40541.16000,0.350448
40541.17000,0.350441
40541.18000,0.350435
40541.19000,0.350428
40541.20000,0.350421
40541.21000,0.350414
40541.22000,0.350407
40541.23000,0.350401
40541.24000,0.350394
40541.25000,0.350387
40541.26000,0.35038
40541.27000,0.350373
40541.28000,0.350367
40541.29000,0.35036
40541.30000,0.350352
40541.31000,0.350345
40541.32000,0.350338
40541.33000,0.350331
40541.34000,0.350324
40541.35000,0.350317
40541.36000,0.35031
40541.37000,0.350303
40541.38000,0.350296
40541.39000,0.350288
40541.40000,0.350281
40541.41000,0.350274
40541.42000,0.350267
40541.43000,0.35026
40541.44000,0.350253
40541.45000,0.350246
40541.46000,0.350239
40541.47000,0.350232
40541.48000,0.350224
40541.49000,0.350217
40541.50000,0.35021
40541.51000,0.350203
40541.52000,0.350196
40541.53000,0.350189
40541.54000,0.350182
40541.55000,0.350175
40541.56000,0.350168
40541.57000,0.35016
40541.58000,0.350153
40541.59000,0.350146
40541.60000,0.350139
40541.61000,0.350132
40541.62000,0.350125
40541.63000,0.350118
40541.64000,0.350111
40541.65000,0.350103
40541.66000,0.350096
40541.67000,0.350089
40541.68000,0.350082
40541.69000,0.350075
40541.70000,0.350068
40541.71000,0.350061
40541.72000,0.350054
40541.73000,0.350047
40541.74000,0.35004
40541.75000,0.350033
40541.76000,0.350026
40541.77000,0.350019
40541.78000,0.350011
40541.79000,0.350004
40541.80000,0.349997
40541.81000,0.34999
40541.82000,0.349983
40541.83000,0.349976
40541.84000,0.349969
40541.85000,0.349962
40541.86000,0.349955
40541.87000,0.349948
40541.88000,0.349941
40541.89000,0.349934
40541.90000,0.349927
40541.91000,0.34992
40541.92000,0.349913
40541.93000,0.349906
40541.94000,0.349899
40541.95000,0.349892
40541.96000,0.349885
40541.97000,0.349877
40541.98000,0.34987
40541.99000,0.349863
40542.00000,0.349856
40542.01000,0.349849
40542.02000,0.349842
40542.03000,0.349835
40542.04000,0.349828
40542.05000,0.349821
40542.06000,0.349814
40542.07000,0.349807
40542.08000,0.3498
40542.09000,0.349793
40542.10000,0.349786
40542.11000,0.349779
40542.12000,0.349772
