t,Obs_Underdrain flow (m3/day)_expression_noisy
40178.8,0
40178.81,0
40178.82,0
40178.83,0
40178.84,0
40178.85,0
40178.86,0
40178.87,0
40178.88,0
40178.89,0
40178.9,0
40178.91,0
40178.92,0
40178.93,0
40178.94,0
40178.95,0
40178.96,0
40178.97,0
40178.98,0
40178.99,0
40179,0
40179.01,0
40179.02,0
40179.03,0
40179.04,0
40179.05,0
40179.06,0
40179.07,0
40179.08,0
40179.09,0
40179.1,0
40179.11,0
40179.12,0
40179.13,0
40179.14,0
40179.15,0
40179.16,0
40179.17,0
40179.18,0
40179.19,0
40179.2,0
40179.21,0
40179.22,0
40179.23,0
40179.24,0
40179.25,0
40179.26,0
40179.27,0
40179.28,0
40179.29,0
40179.3,0
40179.31,0
40179.32,0
40179.33,0
40179.34,0
40179.35,0
40179.36,0
40179.37,0
40179.38,0
40179.39,0
40179.4,0
40179.41,0
40179.42,0
40179.43,0
40179.44,0
40179.45,0
40179.46,0
40179.47,0
40179.48,0
40179.49,0
40179.5,0
40179.51,0
40179.52,0
40179.53,0
40179.54,0
40179.55,0
40179.56,0
40179.57,0
40179.58,0
40179.59,0
40179.6,0
40179.61,0
40179.62,0
40179.63,0
40179.64,0
40179.65,0
40179.66,0
40179.67,0
40179.68,0
40179.69,0
40179.7,0
40179.71,0
40179.72,0
40179.73,0
40179.74,0
40179.75,0
40179.76,0
40179.77,0
40179.78,0
40179.79,0
40179.8,0
40179.81,0
40179.82,0
40179.83,0
40179.84,0
40179.85,0
40179.86,0
40179.87,0
40179.88,0
40179.89,0
40179.9,0
40179.91,0
40179.92,0
40179.93,0
40179.94,0
40179.95,0
40179.96,0
40179.97,0
40179.98,0
40179.99,0
40180,0
40180.01,0
40180.02,0
40180.03,0
40180.04,0
40180.05,0
40180.06,0
40180.07,0
40180.08,0
40180.09,0
40180.1,0
40180.11,0
40180.12,0
40180.13,0
40180.14,0
40180.15,0
40180.16,0
40180.17,0
40180.18,0
40180.19,0
40180.2,0
40180.21,0
40180.22,0
40180.23,0
40180.24,0
40180.25,0
40180.26,0
40180.27,0
40180.28,0
40180.29,0
40180.3,0
40180.31,0
40180.32,0
40180.33,0
40180.34,0
40180.35,0
40180.36,0
40180.37,0
40180.38,0
40180.39,0
40180.4,0
40180.41,0
40180.42,0
40180.43,0
40180.44,0
40180.45,0
40180.46,0
40180.47,0
40180.48,0
40180.49,0
40180.5,0
40180.51,0
40180.52,0
40180.53,0
40180.54,0
40180.55,0
40180.56,0
40180.57,0
40180.58,0
40180.59,0
40180.6,0
40180.61,0
40180.62,0
40180.63,0
40180.64,0
40180.65,0
40180.66,0
40180.67,0
40180.68,0
40180.69,0
40180.7,0
40180.71,0
40180.72,0
40180.73,0
40180.74,0
40180.75,0
40180.76,0
40180.77,0
40180.78,0
40180.79,0
40180.8,0
40180.81,0
40180.82,0
40180.83,0
40180.84,0
40180.85,0
40180.86,0
40180.87,0
40180.88,0
40180.89,0
40180.9,0
40180.91,0
40180.92,0
40180.93,0
40180.94,0
40180.95,0
40180.96,0
40180.97,0
40180.98,0
40180.99,0
40181,0
40181.01,0
40181.02,0
40181.03,0
40181.04,0
40181.05,0
40181.06,0
40181.07,0
40181.08,0
40181.09,0
40181.1,0
40181.11,0
40181.12,0
40181.13,0
40181.14,0
40181.15,0
40181.16,0
40181.17,0
40181.18,0
40181.19,0
40181.2,0
40181.21,0
40181.22,0
40181.23,0
40181.24,0
40181.25,0
40181.26,0
40181.27,0
40181.28,0
40181.29,0
40181.3,0
40181.31,0
40181.32,0
40181.33,0
40181.34,0
40181.35,0
40181.36,0
40181.37,0
40181.38,0
40181.39,0
40181.4,0
40181.41,0
40181.42,0
40181.43,0
40181.44,0
40181.45,0
40181.46,0
40181.47,0
40181.48,0
40181.49,0
40181.5,0
40181.51,0
40181.52,0
40181.53,0
40181.54,0
40181.55,0
40181.56,0
40181.57,0
40181.58,0
40181.59,0
40181.6,0
40181.61,0
40181.62,0
40181.63,0
40181.64,0
40181.65,0
40181.66,0
40181.67,0
40181.68,0
40181.69,0
40181.7,0
40181.71,0
40181.72,0
40181.73,0
40181.74,0
40181.75,0
40181.76,0
40181.77,0
40181.78,0
40181.79,0
40181.8,0
40181.81,0
40181.82,0
40181.83,0
40181.84,0
40181.85,0
40181.86,0
40181.87,0
40181.88,0
40181.89,0
40181.9,0
40181.91,0
40181.92,0
40181.93,0
40181.94,0
40181.95,0
40181.96,0
40181.97,0
40181.98,0
40181.99,0
40182,0
40182.01,0
40182.02,0
40182.03,0
40182.04,0
40182.05,0
40182.06,0
40182.07,0
40182.08,0
40182.09,0
40182.1,0
40182.11,0
40182.12,0
40182.13,0
40182.14,0
40182.15,0
40182.16,0
40182.17,0
40182.18,0
40182.19,0
40182.2,0
40182.21,0
40182.22,0
40182.23,0
40182.24,0
40182.25,0
40182.26,0
40182.27,0
40182.28,0
40182.29,0
40182.3,0
40182.31,0
40182.32,0
40182.33,0
40182.34,0
40182.35,0
40182.36,0
40182.37,0
40182.38,0
40182.39,0
40182.4,0
40182.41,0
40182.42,0
40182.43,0
40182.44,0
40182.45,0
40182.46,0
40182.47,0
40182.48,0
40182.49,0
40182.5,0
40182.51,0
40182.52,0
40182.53,0
40182.54,0
40182.55,0
40182.56,0
40182.57,0
40182.58,0
40182.59,0
40182.6,0
40182.61,0
40182.62,0
40182.63,0
40182.64,0
40182.65,0
40182.66,0
40182.67,0
40182.68,0
40182.69,0
40182.7,0
40182.71,0
40182.72,0
40182.73,0
40182.74,0
40182.75,0
40182.76,0
40182.77,0
40182.78,0
40182.79,0
40182.8,0
40182.81,0
40182.82,0
40182.83,0
40182.84,0
40182.85,0
40182.86,0
40182.87,0
40182.88,0
40182.89,0
40182.9,0
40182.91,0
40182.92,0
40182.93,0
40182.94,0
40182.95,0
40182.96,0
40182.97,0
40182.98,0
40182.99,0
40183,0
40183.01,0
40183.02,0
40183.03,0
40183.04,0
40183.05,0
40183.06,0
40183.07,0
40183.08,0
40183.09,0
40183.1,0
40183.11,0
40183.12,0
40183.13,0
40183.14,0
40183.15,0
40183.16,0
40183.17,0
40183.18,0
40183.19,0
40183.2,0
40183.21,0
40183.22,0
40183.23,0
40183.24,0
40183.25,0
40183.26,0
40183.27,0
40183.28,0
40183.29,0
40183.3,0
40183.31,0
40183.32,0
40183.33,0
40183.34,0
40183.35,0
40183.36,0
40183.37,0
40183.38,0
40183.39,0
40183.4,0
40183.41,0
40183.42,0
40183.43,0
40183.44,0
40183.45,0
40183.46,0
40183.47,0
40183.48,0
40183.49,0
40183.5,0
40183.51,0
40183.52,0
40183.53,0
40183.54,0
40183.55,0
40183.56,0
40183.57,0
40183.58,0
40183.59,0
40183.6,0
40183.61,0
40183.62,0
40183.63,0
40183.64,0
40183.65,0
40183.66,0
40183.67,0
40183.68,0
40183.69,0
40183.7,0
40183.71,0
40183.72,0
40183.73,0
40183.74,0
40183.75,0
40183.76,0
40183.77,0
40183.78,0
40183.79,0
40183.8,0
40183.81,0
40183.82,0
40183.83,0
40183.84,0
40183.85,0
40183.86,0
40183.87,0
40183.88,0
40183.89,0
40183.9,0
40183.91,0
40183.92,0
40183.93,0
40183.94,0
40183.95,0
40183.96,0
40183.97,0
40183.98,0
40183.99,0
40184,0
40184.01,0
40184.02,0
40184.03,0
40184.04,0
40184.05,0
40184.06,0
40184.07,0
40184.08,0
40184.09,0
40184.1,0
40184.11,0
40184.12,0
40184.13,0
40184.14,0
40184.15,0
40184.16,0
40184.17,0
40184.18,0
40184.19,0
40184.2,0
40184.21,0
40184.22,0
40184.23,0
40184.24,0
40184.25,0
40184.26,0
40184.27,0
40184.28,0
40184.29,0
40184.3,0
40184.31,0
40184.32,0
40184.33,0
40184.34,0
40184.35,0
40184.36,0
40184.37,0
40184.38,0
40184.39,0
40184.4,0
40184.41,0
40184.42,0
40184.43,0
40184.44,0
40184.45,0
40184.46,0
40184.47,0
40184.48,0
40184.49,0
40184.5,0
40184.51,0
40184.52,0
40184.53,0
40184.54,0
40184.55,0
40184.56,0
40184.57,0
40184.58,0
40184.59,0
40184.6,0
40184.61,0
40184.62,0
40184.63,0
40184.64,0
40184.65,0
40184.66,0
40184.67,0
40184.68,0
40184.69,0
40184.7,0
40184.71,0
40184.72,0
40184.73,0
40184.74,0
40184.75,0
40184.76,0
40184.77,0
40184.78,0
40184.79,0
40184.8,0
40184.81,0
40184.82,0
40184.83,0
40184.84,0
40184.85,0
40184.86,0
40184.87,0
40184.88,0
40184.89,0
40184.9,0
40184.91,0
40184.92,0
40184.93,0
40184.94,0
40184.95,0
40184.96,0
40184.97,0
40184.98,0
40184.99,0
40185,0
40185.01,0
40185.02,0
40185.03,0
40185.04,0
40185.05,0
40185.06,0
40185.07,0
40185.08,0
40185.09,0
40185.1,0
40185.11,0
40185.12,0
40185.13,0
40185.14,0
40185.15,0
40185.16,0
40185.17,0
40185.18,0
40185.19,0
40185.2,0
40185.21,0
40185.22,0
40185.23,0
40185.24,0
40185.25,0
40185.26,0
40185.27,0
40185.28,0
40185.29,0
40185.3,0
40185.31,0
40185.32,0
40185.33,0
40185.34,0
40185.35,0
40185.36,0
40185.37,0
40185.38,0
40185.39,0
40185.4,0
40185.41,0
40185.42,0
40185.43,0
40185.44,0
40185.45,0
40185.46,0
40185.47,0
40185.48,0
40185.49,0
40185.5,0
40185.51,0
40185.52,0
40185.53,0
40185.54,0
40185.55,0
40185.56,0
40185.57,0
40185.58,0
40185.59,0
40185.6,0
40185.61,0
40185.62,0
40185.63,0
40185.64,0
40185.65,0
40185.66,0
40185.67,0
40185.68,0
40185.69,0
40185.7,0
40185.71,0
40185.72,0
40185.73,0
40185.74,0
40185.75,0
40185.76,0
40185.77,0
40185.78,0
40185.79,0
40185.8,0
40185.81,0
40185.82,0
40185.83,0
40185.84,0
40185.85,0
40185.86,0
40185.87,0
40185.88,0
40185.89,0
40185.9,0
40185.91,0
40185.92,0
40185.93,0
40185.94,0
40185.95,0
40185.96,0
40185.97,0
40185.98,0
40185.99,0
40186,0
40186.01,0
40186.02,0
40186.03,0
40186.04,0
40186.05,0
40186.06,0
40186.07,0
40186.08,0
40186.09,0
40186.1,0
40186.11,0
40186.12,0
40186.13,0
40186.14,0
40186.15,0
40186.16,0
40186.17,0
40186.18,0
40186.19,0
40186.2,0
40186.21,0
40186.22,0
40186.23,0
40186.24,0
40186.25,0
40186.26,0
40186.27,0
40186.28,0
40186.29,0
40186.3,0
40186.31,0
40186.32,0
40186.33,0
40186.34,0
40186.35,0
40186.36,0
40186.37,0
40186.38,0
40186.39,0
40186.4,0
40186.41,0
40186.42,0
40186.43,0
40186.44,0
40186.45,0
40186.46,0
40186.47,0
40186.48,0
40186.49,0
40186.5,0
40186.51,0
40186.52,0
40186.53,0
40186.54,0
40186.55,0
40186.56,0
40186.57,0
40186.58,0
40186.59,0
40186.6,0
40186.61,0
40186.62,0
40186.63,0
40186.64,0
40186.65,0
40186.66,0
40186.67,0
40186.68,0
40186.69,0
40186.7,0
40186.71,0
40186.72,0
40186.73,0
40186.74,0
40186.75,0
40186.76,0
40186.77,0
40186.78,0
40186.79,0
40186.8,0
40186.81,0
40186.82,0
40186.83,0
40186.84,0
40186.85,0
40186.86,0
40186.87,0
40186.88,0
40186.89,0
40186.9,0
40186.91,0
40186.92,0
40186.93,0
40186.94,0
40186.95,0
40186.96,0
40186.97,0
40186.98,0
40186.99,0
40187,0
40187.01,0
40187.02,0
40187.03,0
40187.04,0
40187.05,0
40187.06,0
40187.07,0
40187.08,0
40187.09,0
40187.1,0
40187.11,0
40187.12,0
40187.13,0
40187.14,0
40187.15,0
40187.16,0
40187.17,0
40187.18,0
40187.19,0
40187.2,0
40187.21,0
40187.22,0
40187.23,0
40187.24,0
40187.25,0
40187.26,0
40187.27,0
40187.28,0
40187.29,0
40187.3,0
40187.31,0
40187.32,0
40187.33,0
40187.34,0
40187.35,0
40187.36,0
40187.37,0
40187.38,0
40187.39,0
40187.4,0
40187.41,0
40187.42,0
40187.43,0
40187.44,0
40187.45,0
40187.46,0
40187.47,0
40187.48,0
40187.49,0
40187.5,0
40187.51,0
40187.52,0
40187.53,0
40187.54,0
40187.55,0
40187.56,0
40187.57,0
40187.58,0
40187.59,0
40187.6,0
40187.61,0
40187.62,0
40187.63,0
40187.64,0
40187.65,0
40187.66,0
40187.67,0
40187.68,0
40187.69,0
40187.7,0
40187.71,0
40187.72,0
40187.73,0
40187.74,0
40187.75,0
40187.76,0
40187.77,0
40187.78,0
40187.79,0
40187.8,0
40187.81,0
40187.82,0
40187.83,0
40187.84,0
40187.85,0
40187.86,0
40187.87,0
40187.88,0
40187.89,0
40187.9,0
40187.91,0
40187.92,0
40187.93,0
40187.94,0
40187.95,0
40187.96,0
40187.97,0
40187.98,0
40187.99,0
40188,0
40188.01,0
40188.02,0
40188.03,0
40188.04,0
40188.05,0
40188.06,0
40188.07,0
40188.08,0
40188.09,0
40188.1,0
40188.11,0
40188.12,0
40188.13,0
40188.14,0
40188.15,0
40188.16,0
40188.17,0
40188.18,0
40188.19,0
40188.2,0
40188.21,0
40188.22,0
40188.23,0
40188.24,0
40188.25,0
40188.26,0
40188.27,0
40188.28,0
40188.29,0
40188.3,0
40188.31,0
40188.32,0
40188.33,0
40188.34,0
40188.35,0
40188.36,0
40188.37,0
40188.38,0
40188.39,0
40188.4,0
40188.41,0
40188.42,0
40188.43,0
40188.44,0
40188.45,0
40188.46,0
40188.47,0
40188.48,0
40188.49,0
40188.5,0
40188.51,0
40188.52,0
40188.53,0
40188.54,0
40188.55,0
40188.56,0
40188.57,0
40188.58,0
40188.59,0
40188.6,0
40188.61,0
40188.62,0
40188.63,0
40188.64,0
40188.65,0
40188.66,0
40188.67,0
40188.68,0
40188.69,0
40188.7,0
40188.71,0
40188.72,0
40188.73,0
40188.74,0
40188.75,0
40188.76,0
40188.77,0
40188.78,0
40188.79,0
40188.8,0
40188.81,0
40188.82,0
40188.83,0
40188.84,0
40188.85,0
40188.86,0
40188.87,0
40188.88,0
40188.89,0
40188.9,0
40188.91,0
40188.92,0
40188.93,0
40188.94,0
40188.95,0
40188.96,0
40188.97,0
40188.98,0
40188.99,0
40189,0
40189.01,0
40189.02,0
40189.03,0
40189.04,0
40189.05,0
40189.06,0
40189.07,0
40189.08,0
40189.09,0
40189.1,0
40189.11,0
40189.12,0
40189.13,0
40189.14,0
40189.15,0
40189.16,0
40189.17,0
40189.18,0
40189.19,0
40189.2,0
40189.21,0
40189.22,0
40189.23,0
40189.24,0
40189.25,0
40189.26,0
40189.27,0
40189.28,0
40189.29,0
40189.3,0
40189.31,0
40189.32,0
40189.33,0
40189.34,0
40189.35,0
40189.36,0
40189.37,0
40189.38,0
40189.39,0
40189.4,0
40189.41,0
40189.42,0
40189.43,0
40189.44,0
40189.45,0
40189.46,0
40189.47,0
40189.48,0
40189.49,0
40189.5,0
40189.51,0
40189.52,0
40189.53,0
40189.54,0
40189.55,0
40189.56,0
40189.57,0
40189.58,0
40189.59,0
40189.6,0
40189.61,0
40189.62,0
40189.63,0
40189.64,0
40189.65,0
40189.66,0
40189.67,0
40189.68,0
40189.69,0
40189.7,0
40189.71,0
40189.72,0
40189.73,0
40189.74,0
40189.75,0
40189.76,0
40189.77,0
40189.78,0
40189.79,0
40189.8,0
40189.81,0
40189.82,0
40189.83,0
40189.84,0
40189.85,0
40189.86,0
40189.87,0
40189.88,0
40189.89,0
40189.9,0
40189.91,0
40189.92,0
40189.93,0
40189.94,0
40189.95,0
40189.96,0
40189.97,0
40189.98,0
40189.99,0
40190,0
40190.01,0
40190.02,0
40190.03,0
40190.04,0
40190.05,0
40190.06,0
40190.07,0
40190.08,0
40190.09,0
40190.1,0
40190.11,0
40190.12,0
40190.13,0
40190.14,0
40190.15,0
40190.16,0
40190.17,0
40190.18,0
40190.19,0
40190.2,0
40190.21,0
40190.22,0
40190.23,0
40190.24,0
40190.25,0
40190.26,0
40190.27,0
40190.28,0
40190.29,0
40190.3,0
40190.31,0
40190.32,0
40190.33,0
40190.34,0
40190.35,0
40190.36,0
40190.37,0
40190.38,0
40190.39,0
40190.4,0
40190.41,0
40190.42,0
40190.43,0
40190.44,0
40190.45,0
40190.46,0
40190.47,0
40190.48,0
40190.49,0
40190.5,0
40190.51,0
40190.52,0
40190.53,0
40190.54,0
40190.55,0
40190.56,0
40190.57,0
40190.58,0
40190.59,0
40190.6,0
40190.61,0
40190.62,0
40190.63,0
40190.64,0
40190.65,0
40190.66,0
40190.67,0
40190.68,0
40190.69,0
40190.7,0
40190.71,0
40190.72,0
40190.73,0
40190.74,0
40190.75,0
40190.76,0
40190.77,0
40190.78,0
40190.79,0
40190.8,0
40190.81,0
40190.82,0
40190.83,0
40190.84,0
40190.85,0
40190.86,0
40190.87,0
40190.88,0
40190.89,0
40190.9,0
40190.91,0
40190.92,0
40190.93,0
40190.94,0
40190.95,0
40190.96,0
40190.97,0
40190.98,0
40190.99,0
40191,0
40191.01,0
40191.02,0
40191.03,0
40191.04,0
40191.05,0
40191.06,0
40191.07,0
40191.08,0
40191.09,0
40191.1,0
40191.11,0
40191.12,0
40191.13,0
40191.14,0
40191.15,0
40191.16,0
40191.17,0
40191.18,0
40191.19,0
40191.2,0
40191.21,0
40191.22,0
40191.23,0
40191.24,0
40191.25,0
40191.26,0
40191.27,0
40191.28,0
40191.29,0
40191.3,0
40191.31,0
40191.32,0
40191.33,0
40191.34,0
40191.35,0
40191.36,0
40191.37,0
40191.38,0
40191.39,0
40191.4,0
40191.41,0
40191.42,0
40191.43,0
40191.44,0
40191.45,0
40191.46,0
40191.47,0
40191.48,0
40191.49,0
40191.5,0
40191.51,0
40191.52,0
40191.53,0
40191.54,0
40191.55,0
40191.56,0
40191.57,0
40191.58,0
40191.59,0
40191.6,0
40191.61,0
40191.62,0
40191.63,0
40191.64,0
40191.65,0
40191.66,0
40191.67,0
40191.68,0
40191.69,0
40191.7,0
40191.71,0
40191.72,0
40191.73,0
40191.74,0
40191.75,0
40191.76,0
40191.77,0
40191.78,0
40191.79,0
40191.8,0
40191.81,0
40191.82,0
40191.83,0
40191.84,0
40191.85,0
40191.86,0
40191.87,0
40191.88,0
40191.89,0
40191.9,0
40191.91,0
40191.92,0
40191.93,0
40191.94,0
40191.95,0
40191.96,0
40191.97,0
40191.98,0
40191.99,0
40192,0
40192.01,0
40192.02,0
40192.03,0
40192.04,0
40192.05,0
40192.06,0
40192.07,0
40192.08,0
40192.09,0
40192.1,0
40192.11,0
40192.12,0
40192.13,0
40192.14,0
40192.15,0
40192.16,0
40192.17,0
40192.18,0
40192.19,0
40192.2,0
40192.21,0
40192.22,0
40192.23,0
40192.24,0
40192.25,0
40192.26,0
40192.27,0
40192.28,0
40192.29,0
40192.3,0
40192.31,0
40192.32,0
40192.33,0
40192.34,0
40192.35,0
40192.36,0
40192.37,0
40192.38,0
40192.39,0
40192.4,0
40192.41,0
40192.42,0
40192.43,0
40192.44,0
40192.45,0
40192.46,0
40192.47,0
40192.48,0
40192.49,0
40192.5,0
40192.51,0
40192.52,0
40192.53,0
40192.54,0
40192.55,0
40192.56,0
40192.57,0
40192.58,0
40192.59,0
40192.6,0
40192.61,0
40192.62,0
40192.63,0
40192.64,0
40192.65,0
40192.66,0
40192.67,0
40192.68,0
40192.69,0
40192.7,0
40192.71,0
40192.72,0
40192.73,0
40192.74,0
40192.75,0
40192.76,0
40192.77,0
40192.78,0
40192.79,0
40192.8,0
40192.81,0
40192.82,0
40192.83,0
40192.84,0
40192.85,0
40192.86,0
40192.87,0
40192.88,0
40192.89,0
40192.9,0
40192.91,0
40192.92,0
40192.93,0
40192.94,0
40192.95,0
40192.96,0
40192.97,0
40192.98,0
40192.99,0
40193,0
40193.01,0
40193.02,0
40193.03,0
40193.04,0
40193.05,0
40193.06,0
40193.07,0
40193.08,0
40193.09,0
40193.1,0
40193.11,0
40193.12,0
40193.13,0
40193.14,0
40193.15,0
40193.16,0
40193.17,0
40193.18,0
40193.19,0
40193.2,0
40193.21,0
40193.22,0
40193.23,0
40193.24,0
40193.25,0
40193.26,0
40193.27,0
40193.28,0
40193.29,0
40193.3,0
40193.31,0
40193.32,0
40193.33,0
40193.34,0
40193.35,0
40193.36,0
40193.37,0
40193.38,0
40193.39,0
40193.4,0
40193.41,0
40193.42,0
40193.43,0
40193.44,0
40193.45,0
40193.46,0
40193.47,0
40193.48,0
40193.49,0
40193.5,0
40193.51,0
40193.52,0
40193.53,0
40193.54,0
40193.55,0
40193.56,0
40193.57,0
40193.58,0
40193.59,0
40193.6,0
40193.61,0
40193.62,0
40193.63,0
40193.64,0
40193.65,0
40193.66,0
40193.67,0
40193.68,0
40193.69,0
40193.7,0
40193.71,0
40193.72,0
40193.73,0
40193.74,0
40193.75,0
40193.76,0
40193.77,0
40193.78,0
40193.79,0
40193.8,0
40193.81,0
40193.82,0
40193.83,0
40193.84,0
40193.85,0
40193.86,0
40193.87,0
40193.88,0
40193.89,0
40193.9,0
40193.91,0
40193.92,0
40193.93,0
40193.94,0
40193.95,0
40193.96,0
40193.97,0
40193.98,0
40193.99,0
40194,0
40194.01,0
40194.02,0
40194.03,0
40194.04,0
40194.05,0
40194.06,0
40194.07,0
40194.08,0
40194.09,0
40194.1,0
40194.11,0
40194.12,0
40194.13,0
40194.14,0
40194.15,0
40194.16,0
40194.17,0
40194.18,0
40194.19,0
40194.2,0
40194.21,0
40194.22,0
40194.23,0
40194.24,0
40194.25,0
40194.26,0
40194.27,0
40194.28,0
40194.29,0
40194.3,0
40194.31,0
40194.32,0
40194.33,0
40194.34,0
40194.35,0
40194.36,0
40194.37,0
40194.38,0
40194.39,0
40194.4,0
40194.41,0
40194.42,0
40194.43,0
40194.44,0
40194.45,0
40194.46,0
40194.47,0
40194.48,0
40194.49,0
40194.5,0
40194.51,0
40194.52,0
40194.53,0
40194.54,0
40194.55,0
40194.56,0
40194.57,0
40194.58,0
40194.59,0
40194.6,0
40194.61,0
40194.62,0
40194.63,0
40194.64,0
40194.65,0
40194.66,0
40194.67,0
40194.68,0
40194.69,0
40194.7,0
40194.71,0
40194.72,0
40194.73,0
40194.74,0
40194.75,0
40194.76,0
40194.77,0
40194.78,0
40194.79,0
40194.8,0
40194.81,0
40194.82,0
40194.83,0
40194.84,0
40194.85,0
40194.86,0
40194.87,0
40194.88,0
40194.89,0
40194.9,0
40194.91,0
40194.92,0
40194.93,0
40194.94,0
40194.95,0
40194.96,0
40194.97,0
40194.98,0
40194.99,0
40195,0
40195.01,0
40195.02,0
40195.03,0
40195.04,0
40195.05,0
40195.06,0
40195.07,0
40195.08,0
40195.09,0
40195.1,0
40195.11,0
40195.12,0
40195.13,0
40195.14,0
40195.15,0
40195.16,0
40195.17,0
40195.18,0
40195.19,0
40195.2,0
40195.21,0
40195.22,0
40195.23,0
40195.24,0
40195.25,0
40195.26,0
40195.27,0
40195.28,0
40195.29,0
40195.3,0
40195.31,0
40195.32,0
40195.33,0
40195.34,0
40195.35,0
40195.36,0
40195.37,0
40195.38,0
40195.39,0
40195.4,0
40195.41,0
40195.42,0
40195.43,0
40195.44,0
40195.45,0
40195.46,0
40195.47,0
40195.48,0
40195.49,0
40195.5,0
40195.51,0
40195.52,0
40195.53,0
40195.54,0
40195.55,0
40195.56,0
40195.57,0
40195.58,0
40195.59,0
40195.6,0
40195.61,0
40195.62,0
40195.63,0
40195.64,0
40195.65,0
40195.66,0
40195.67,0
40195.68,0
40195.69,0
40195.7,0
40195.71,0
40195.72,0
40195.73,0
40195.74,0
40195.75,0
40195.76,0
40195.77,0
40195.78,0
40195.79,0
40195.8,0
40195.81,0
40195.82,0
40195.83,0
40195.84,0
40195.85,0
40195.86,0
40195.87,0
40195.88,0
40195.89,0
40195.9,0
40195.91,0
40195.92,0
40195.93,0
40195.94,0
40195.95,0
40195.96,0
40195.97,0
40195.98,0
40195.99,0
40196,0
40196.01,0
40196.02,0
40196.03,0
40196.04,0
40196.05,0
40196.06,0
40196.07,0
40196.08,0
40196.09,0
40196.1,0
40196.11,0
40196.12,0
40196.13,0
40196.14,0
40196.15,0
40196.16,0
40196.17,0
40196.18,0
40196.19,0
40196.2,0
40196.21,0
40196.22,0
40196.23,0
40196.24,0
40196.25,0
40196.26,0
40196.27,0
40196.28,0
40196.29,0
40196.3,0
40196.31,0
40196.32,0
40196.33,0
40196.34,0
40196.35,0
40196.36,0
40196.37,0
40196.38,0
40196.39,0
40196.4,0
40196.41,0
40196.42,0
40196.43,0
40196.44,0
40196.45,0
40196.46,0
40196.47,0
40196.48,0
40196.49,0
40196.5,0
40196.51,0
40196.52,0
40196.53,0
40196.54,0
40196.55,0
40196.56,0
40196.57,0
40196.58,0
40196.59,0
40196.6,0
40196.61,0
40196.62,0
40196.63,0
40196.64,0
40196.65,0
40196.66,0
40196.67,0
40196.68,0
40196.69,0
40196.7,0
40196.71,0
40196.72,0
40196.73,0
40196.74,0
40196.75,0
40196.76,0
40196.77,0
40196.78,0
40196.79,0
40196.8,0
40196.81,0
40196.82,0
40196.83,0
40196.84,0
40196.85,0
40196.86,0
40196.87,0
40196.88,0
40196.89,0
40196.9,0
40196.91,0
40196.92,0
40196.93,0
40196.94,0
40196.95,0
40196.96,0
40196.97,0
40196.98,0
40196.99,0
40197,0
40197.01,0
40197.02,0
40197.03,0
40197.04,0
40197.05,0
40197.06,0
40197.07,0
40197.08,0
40197.09,0
40197.1,0
40197.11,0
40197.12,0
40197.13,0
40197.14,0
40197.15,0
40197.16,0
40197.17,0
40197.18,0
40197.19,0
40197.2,0
40197.21,0
40197.22,0
40197.23,0
40197.24,0
40197.25,0
40197.26,0
40197.27,0
40197.28,0
40197.29,0
40197.3,0
40197.31,0
40197.32,0
40197.33,0
40197.34,0
40197.35,0
40197.36,0
40197.37,0
40197.38,0
40197.39,0
40197.4,0
40197.41,0
40197.42,0
40197.43,0
40197.44,0
40197.45,0
40197.46,0
40197.47,0
40197.48,0
40197.49,0
40197.5,0
40197.51,0
40197.52,0
40197.53,0
40197.54,0
40197.55,0
40197.56,0
40197.57,0
40197.58,0
40197.59,0
40197.6,0
40197.61,0
40197.62,0
40197.63,0
40197.64,0
40197.65,0
40197.66,0
40197.67,0
40197.68,0
40197.69,0
40197.7,0
40197.71,0
40197.72,0
40197.73,0
40197.74,0
40197.75,0
40197.76,0
40197.77,0
40197.78,0
40197.79,0
40197.8,0
40197.81,0
40197.82,0
40197.83,0
40197.84,0
40197.85,0
40197.86,0
40197.87,0
40197.88,0
40197.89,0
40197.9,0
40197.91,0
40197.92,0
40197.93,0
40197.94,0
40197.95,0
40197.96,0
40197.97,0
40197.98,0
40197.99,0
40198,0
40198.01,0
40198.02,0
40198.03,0
40198.04,0
40198.05,0
40198.06,0
40198.07,0
40198.08,0
40198.09,0
40198.1,0
40198.11,0
40198.12,0
40198.13,0
40198.14,0
40198.15,0
40198.16,0
40198.17,0
40198.18,0
40198.19,0
40198.2,0
40198.21,0
40198.22,0
40198.23,0
40198.24,0
40198.25,0
40198.26,0
40198.27,0
40198.28,0
40198.29,0
40198.3,0
40198.31,0
40198.32,0
40198.33,0
40198.34,0
40198.35,0
40198.36,0
40198.37,0
40198.38,0
40198.39,0
40198.4,0
40198.41,0
40198.42,0
40198.43,0
40198.44,0
40198.45,0
40198.46,0
40198.47,0
40198.48,0
40198.49,0
40198.5,0
40198.51,0
40198.52,0
40198.53,0
40198.54,0
40198.55,0
40198.56,0
40198.57,0
40198.58,0
40198.59,0
40198.6,0
40198.61,0
40198.62,0
40198.63,0
40198.64,0
40198.65,0
40198.66,0
40198.67,0
40198.68,0
40198.69,0
40198.7,0
40198.71,0
40198.72,0
40198.73,0
40198.74,0
40198.75,0
40198.76,0
40198.77,0
40198.78,0
40198.79,0
40198.8,0
40198.81,0
40198.82,0
40198.83,0
40198.84,0
40198.85,0
40198.86,0
40198.87,0
40198.88,0
40198.89,0
40198.9,0
40198.91,0
40198.92,0
40198.93,0
40198.94,0
40198.95,0
40198.96,0
40198.97,0
40198.98,0
40198.99,0
40199,0
40199.01,0
40199.02,0
40199.03,0
40199.04,0
40199.05,0
40199.06,0
40199.07,0
40199.08,0
40199.09,0
40199.1,0
40199.11,0
40199.12,0
40199.13,0
40199.14,0
40199.15,0
40199.16,0
40199.17,0
40199.18,0
40199.19,0
40199.2,0
40199.21,0
40199.22,0
40199.23,0
40199.24,0
40199.25,0
40199.26,0
40199.27,0
40199.28,0
40199.29,0
40199.3,0
40199.31,0
40199.32,0
40199.33,0
40199.34,0
40199.35,0
40199.36,0
40199.37,0
40199.38,0
40199.39,0
40199.4,0
40199.41,0
40199.42,0
40199.43,0
40199.44,0
40199.45,0
40199.46,0
40199.47,0
40199.48,0
40199.49,0
40199.5,0
40199.51,0
40199.52,0
40199.53,0
40199.54,0
40199.55,0
40199.56,0
40199.57,0
40199.58,0
40199.59,0
40199.6,0
40199.61,0
40199.62,0
40199.63,0
40199.64,0
40199.65,0
40199.66,0
40199.67,0
40199.68,0
40199.69,0
40199.7,0
40199.71,0
40199.72,0
40199.73,0
40199.74,0
40199.75,0
40199.76,0
40199.77,0
40199.78,0
40199.79,0
40199.8,0
40199.81,0
40199.82,0
40199.83,0
40199.84,0
40199.85,0
40199.86,0
40199.87,0
40199.88,0
40199.89,0
40199.9,0
40199.91,0
40199.92,0
40199.93,0
40199.94,0
40199.95,0
40199.96,0
40199.97,0
40199.98,0
40199.99,0
40200,0
40200.01,0
40200.02,0
40200.03,0
40200.04,0
40200.05,0
40200.06,0
40200.07,0
40200.08,0
40200.09,0
40200.1,0
40200.11,0
40200.12,0
40200.13,0
40200.14,0
40200.15,0
40200.16,0
40200.17,0
40200.18,0
40200.19,0
40200.2,0
40200.21,0
40200.22,0
40200.23,0
40200.24,0
40200.25,0
40200.26,0
40200.27,0
40200.28,0
40200.29,0
40200.3,0
40200.31,0
40200.32,0
40200.33,0
40200.34,0
40200.35,0
40200.36,0
40200.37,0
40200.38,0
40200.39,0
40200.4,0
40200.41,0
40200.42,0
40200.43,0
40200.44,0
40200.45,0
40200.46,0
40200.47,0
40200.48,0
40200.49,0
40200.5,0
40200.51,0
40200.52,0
40200.53,0
40200.54,0
40200.55,0
40200.56,0
40200.57,0
40200.58,0
40200.59,0
40200.6,0
40200.61,0
40200.62,0
40200.63,0
40200.64,0
40200.65,0
40200.66,0
40200.67,0
40200.68,0
40200.69,0
40200.7,0
40200.71,0
40200.72,0
40200.73,0
40200.74,0
40200.75,0
40200.76,0
40200.77,0
40200.78,0
40200.79,0
40200.8,0
40200.81,0
40200.82,0
40200.83,0
40200.84,0
40200.85,0
40200.86,0
40200.87,0
40200.88,0
40200.89,0
40200.9,0
40200.91,0
40200.92,0
40200.93,0
40200.94,0
40200.95,0
40200.96,0
40200.97,0
40200.98,0
40200.99,0
40201,0
40201.01,0
40201.02,0
40201.03,0
40201.04,0
40201.05,0
40201.06,0
40201.07,0
40201.08,0
40201.09,0
40201.1,0
40201.11,0
40201.12,0
40201.13,0
40201.14,0
40201.15,0
40201.16,0
40201.17,0
40201.18,0
40201.19,0
40201.2,0
40201.21,0
40201.22,0
40201.23,0
40201.24,0
40201.25,0
40201.26,0
40201.27,0
40201.28,0
40201.29,0
40201.3,0
40201.31,0
40201.32,0
40201.33,0
40201.34,0
40201.35,0
40201.36,0
40201.37,0
40201.38,0
40201.39,0
40201.4,0
40201.41,0
40201.42,0
40201.43,0
40201.44,0
40201.45,0
40201.46,0
40201.47,0
40201.48,0
40201.49,0
40201.5,0
40201.51,0
40201.52,0
40201.53,0
40201.54,0
40201.55,0
40201.56,0
40201.57,0
40201.58,0
40201.59,0
40201.6,0
40201.61,0
40201.62,0
40201.63,0
40201.64,0
40201.65,0
40201.66,0
40201.67,0
40201.68,0
40201.69,0
40201.7,0
40201.71,0
40201.72,0
40201.73,0
40201.74,0
40201.75,0
40201.76,0
40201.77,0
40201.78,0
40201.79,0
40201.8,0
40201.81,0
40201.82,0
40201.83,0
40201.84,0
40201.85,0
40201.86,0
40201.87,0
40201.88,0
40201.89,0
40201.9,0
40201.91,0
40201.92,0
40201.93,0
40201.94,0
40201.95,0
40201.96,0
40201.97,0
40201.98,0
40201.99,0
40202,0
40202.01,0
40202.02,0
40202.03,0
40202.04,0
40202.05,0
40202.06,0
40202.07,0
40202.08,0
40202.09,0
40202.1,0
40202.11,0
40202.12,0
40202.13,0
40202.14,0
40202.15,0
40202.16,0
40202.17,0
40202.18,0
40202.19,0
40202.2,0
40202.21,0
40202.22,0
40202.23,0
40202.24,0
40202.25,0
40202.26,0
40202.27,0
40202.28,0
40202.29,0
40202.3,0
40202.31,0
40202.32,0
40202.33,0
40202.34,0
40202.35,0
40202.36,0
40202.37,0
40202.38,0
40202.39,0
40202.4,0
40202.41,0
40202.42,0
40202.43,0
40202.44,0
40202.45,0
40202.46,0
40202.47,0
40202.48,0
40202.49,0
40202.5,0
40202.51,0
40202.52,0
40202.53,0
40202.54,0
40202.55,0
40202.56,0
40202.57,0
40202.58,0
40202.59,0
40202.6,0
40202.61,0
40202.62,0
40202.63,0
40202.64,0
40202.65,0
40202.66,0
40202.67,0
40202.68,0
40202.69,0
40202.7,0
40202.71,0
40202.72,0
40202.73,0
40202.74,0
40202.75,0
40202.76,0
40202.77,0
40202.78,0
40202.79,0
40202.8,0
40202.81,0
40202.82,0
40202.83,0
40202.84,0
40202.85,0
40202.86,0
40202.87,0
40202.88,0
40202.89,0
40202.9,0
40202.91,0
40202.92,0
40202.93,0
40202.94,0
40202.95,0
40202.96,0
40202.97,0
40202.98,0
40202.99,0
40203,0
40203.01,0
40203.02,0
40203.03,0
40203.04,0
40203.05,0
40203.06,0
40203.07,0
40203.08,0
40203.09,0
40203.1,0
40203.11,0
40203.12,0
40203.13,46.8435923856373
40203.14,68.8926554029256
40203.15,68.5069018872658
40203.16,62.0926702749043
40203.17,54.6516885725376
40203.18,45.2461355948194
40203.19,37.7383431992729
40203.2,36.0280745055055
40203.21,40.2072670250153
40203.22,46.6507633296445
40203.23,52.8956950284047
40203.24,54.0739336693268
40203.25,52.3922800954546
40203.26,49.4554501804921
40203.27,43.9034593143074
40203.28,39.567679681338
40203.29,32.003557184157
40203.3,25.8111305052463
40203.31,16.5962259498476
40203.32,10.3304391761876
40203.33,5.76908336469359
40203.34,5.15128401602362
40203.35,4.50080762369362
40203.36,3.98728637317775
40203.37,4.24342165355941
40203.38,6.08284491080679
40203.39,9.414936629296
40203.4,12.4274368179163
40203.41,13.2762236055075
40203.42,12.1424268751669
40203.43,9.69482283608856
40203.44,0
40203.45,0
40203.46,0
40203.47,0
40203.48,0
40203.49,0
40203.5,0
40203.51,0
40203.52,0
40203.53,0
40203.54,0
40203.55,0
40203.56,0
40203.57,0
40203.58,0
40203.59,0
40203.6,0
40203.61,0
40203.62,0
40203.63,0
40203.64,0
40203.65,0
40203.66,0
40203.67,0
40203.68,0
40203.69,0
40203.7,0
40203.71,0
40203.72,0
40203.73,0
40203.74,0
40203.75,0
40203.76,0
40203.77,0
40203.78,0
40203.79,0
40203.8,0
40203.81,0
40203.82,0
40203.83,0
40203.84,0
40203.85,0
40203.86,0
40203.87,0
40203.88,0
40203.89,0
40203.9,0
40203.91,0
40203.92,0
40203.93,0
40203.94,0
40203.95,0
40203.96,0
40203.97,0
40203.98,0
40203.99,0
40204,0
40204.01,0
40204.02,0
40204.03,0
40204.04,0
40204.05,0
40204.06,0
40204.07,0
40204.08,0
40204.09,0
40204.1,0
40204.11,0
40204.12,0
40204.13,0
40204.14,0
40204.15,0
40204.16,0
40204.17,0
40204.18,0
40204.19,0
40204.2,0
40204.21,0
40204.22,0
40204.23,0
40204.24,0
40204.25,0
40204.26,0
40204.27,0
40204.28,0
40204.29,0
40204.3,0
40204.31,0
40204.32,0
40204.33,0
40204.34,0
40204.35,0
40204.36,0
40204.37,0
40204.38,0
40204.39,0
40204.4,0
40204.41,0
40204.42,0
40204.43,0
40204.44,0
40204.45,0
40204.46,0
40204.47,0
40204.48,0
40204.49,0
40204.5,0
40204.51,0
40204.52,0
40204.53,0
40204.54,0
40204.55,0
40204.56,0
40204.57,0
40204.58,0
40204.59,0
40204.6,0
40204.61,0
40204.62,0
40204.63,0
40204.64,0
40204.65,0
40204.66,0
40204.67,0
40204.68,0
40204.69,0
40204.7,0
40204.71,0
40204.72,0
40204.73,0
40204.74,0
40204.75,0
40204.76,0
40204.77,0
40204.78,0
40204.79,0
40204.8,0
40204.81,0
40204.82,0
40204.83,0
40204.84,0
40204.85,0
40204.86,0
40204.87,0
40204.88,0
40204.89,0
40204.9,0
40204.91,0
40204.92,0
40204.93,0
40204.94,0
40204.95,0
40204.96,0
40204.97,0
40204.98,0
40204.99,0
40205,0
40205.01,0
40205.02,0
40205.03,0
40205.04,0
40205.05,0
40205.06,0
40205.07,0
40205.08,0
40205.09,0
40205.1,0
40205.11,0
40205.12,0
40205.13,0
40205.14,0
40205.15,0
40205.16,0
40205.17,0
40205.18,0
40205.19,0
40205.2,0
40205.21,0
40205.22,0
40205.23,0
40205.24,0
40205.25,0
40205.26,0
40205.27,0
40205.28,0
40205.29,0
40205.3,0
40205.31,0
40205.32,0
40205.33,0
40205.34,0
40205.35,0
40205.36,0
40205.37,0
40205.38,0
40205.39,0
40205.4,0
40205.41,0
40205.42,0
40205.43,0
40205.44,0
40205.45,0
40205.46,0
40205.47,0
40205.48,0
40205.49,0
40205.5,0
40205.51,0
40205.52,0
40205.53,0
40205.54,0
40205.55,0
40205.56,0
40205.57,0
40205.58,0
40205.59,0
40205.6,0
40205.61,0
40205.62,0
40205.63,0
40205.64,0
40205.65,0
40205.66,0
40205.67,0
40205.68,0
40205.69,0
40205.7,0
40205.71,0
40205.72,0
40205.73,0
40205.74,0
40205.75,0
40205.76,0
40205.77,0
40205.78,0
40205.79,0
40205.8,0
40205.81,0
40205.82,0
40205.83,0
40205.84,0
40205.85,0
40205.86,0
40205.87,0
40205.88,0
40205.89,0
40205.9,0
40205.91,0
40205.92,0
40205.93,0
40205.94,0
40205.95,0
40205.96,0
40205.97,0
40205.98,0
40205.99,0
40206,0
40206.01,0
40206.02,0
40206.03,0
40206.04,0
40206.05,0
40206.06,0
40206.07,0
40206.08,0
40206.09,0
40206.1,0
40206.11,0
40206.12,0
40206.13,0
40206.14,0
40206.15,0
40206.16,0
40206.17,0
40206.18,0
40206.19,0
40206.2,0
40206.21,0
40206.22,0
40206.23,0
40206.24,0
40206.25,0
40206.26,0
40206.27,0
40206.28,0
40206.29,0
40206.3,0
40206.31,0
40206.32,0
40206.33,0
40206.34,0
40206.35,0
40206.36,0
40206.37,0
40206.38,0
40206.39,0
40206.4,0
40206.41,0
40206.42,0
40206.43,0
40206.44,0
40206.45,0
40206.46,0
40206.47,0
40206.48,0
40206.49,0
40206.5,0
40206.51,0
40206.52,0
40206.53,0
40206.54,0
40206.55,0
40206.56,0
40206.57,0
40206.58,0
40206.59,0
40206.6,0
40206.61,0
40206.62,0
40206.63,0
40206.64,0
40206.65,0
40206.66,0
40206.67,0
40206.68,0
40206.69,0
40206.7,0
40206.71,0
40206.72,0
40206.73,0
40206.74,0
40206.75,0
40206.76,0
40206.77,0
40206.78,0
40206.79,0
40206.8,0
40206.81,0
40206.82,0
40206.83,0
40206.84,0
40206.85,0
40206.86,0
40206.87,0
40206.88,0
40206.89,0
40206.9,0
40206.91,0
40206.92,0
40206.93,0
40206.94,0
40206.95,0
40206.96,0
40206.97,0
40206.98,0
40206.99,0
40207,0
40207.01,0
40207.02,0
40207.03,0
40207.04,0
40207.05,0
40207.06,0
40207.07,0
40207.08,0
40207.09,0
40207.1,0
40207.11,0
40207.12,0
40207.13,0
40207.14,0
40207.15,0
40207.16,0
40207.17,0
40207.18,0
40207.19,0
40207.2,0
40207.21,0
40207.22,0
40207.23,0
40207.24,0
40207.25,0
40207.26,0
40207.27,0
40207.28,0
40207.29,0
40207.3,0
40207.31,0
40207.32,0
40207.33,0
40207.34,0
40207.35,0
40207.36,0
40207.37,0
40207.38,0
40207.39,0
40207.4,0
40207.41,0
40207.42,0
40207.43,0
40207.44,0
40207.45,0
40207.46,0
40207.47,0
40207.48,0
40207.49,0
40207.5,0
40207.51,0
40207.52,0
40207.53,0
40207.54,0
40207.55,0
40207.56,0
40207.57,0
40207.58,0
40207.59,0
40207.6,0
40207.61,0
40207.62,0
40207.63,0
40207.64,0
40207.65,0
40207.66,0
40207.67,0
40207.68,0
40207.69,0
40207.7,0
40207.71,0
40207.72,0
40207.73,0
40207.74,0
40207.75,0
40207.76,0
40207.77,0
40207.78,0
40207.79,0
40207.8,0
40207.81,0
40207.82,0
40207.83,0
40207.84,0
40207.85,0
40207.86,0
40207.87,0
40207.88,0
40207.89,0
40207.9,0
40207.91,0
40207.92,0
40207.93,0
40207.94,0
40207.95,0
40207.96,0
40207.97,0
40207.98,0
40207.99,0
40208,0
40208.01,0
40208.02,0
40208.03,0
40208.04,0
40208.05,0
40208.06,0
40208.07,0
40208.08,0
40208.09,0
40208.1,0
40208.11,0
40208.12,0
40208.13,0
40208.14,0
40208.15,0
40208.16,0
40208.17,0
40208.18,0
40208.19,0
40208.2,0
40208.21,0
40208.22,0
40208.23,0
40208.24,0
40208.25,0
40208.26,0
40208.27,0
40208.28,0
40208.29,0
40208.3,0
40208.31,0
40208.32,0
40208.33,0
40208.34,0
40208.35,0
40208.36,0
40208.37,0
40208.38,0
40208.39,0
40208.4,0
40208.41,0
40208.42,0
40208.43,0
40208.44,0
40208.45,0
40208.46,0
40208.47,0
40208.48,0
40208.49,0
40208.5,0
40208.51,0
40208.52,0
40208.53,6.20882547555858E-08
40208.54,11.8783292561656
40208.55,24.5998588276311
40208.56,20.1724913027384
40208.57,16.7435243735501
40208.58,14.2381875897922
40208.59,12.9587808732835
40208.6,11.1910869102135
40208.61,10.6507756680937
40208.62,9.01998463448205
40208.63,7.83529022320322
40208.64,6.59480561580569
40208.65,5.25165884369246
40208.66,4.47862736288698
40208.67,4.69085038911629
40208.68,5.60797215919781
40208.69,6.82666269008617
40208.7,7.22758172866818
40208.71,6.70245469439309
40208.72,4.82646633914316
40208.73,0.964461139392048
40208.74,0.91293707898415
40208.75,0.815299215364044
40208.76,0.770049963148535
40208.77,0.704746881172296
40208.78,0.650471607507509
40208.79,0.562921691266451
40208.8,0.482176814738258
40208.81,0.40433500514865
40208.82,0.319124400785073
40208.83,0.237055162314073
40208.84,0.137589103371537
40208.85,0.0397981995441577
40208.86,0
40208.87,0
40208.88,0
40208.89,0
40208.9,0
40208.91,0
40208.92,0
40208.93,0
40208.94,0
40208.95,0
40208.96,0
40208.97,0
40208.98,0
40208.99,0
40209,0
40209.01,0
40209.02,0
40209.03,0
40209.04,0
40209.05,0
40209.06,0
40209.07,0
40209.08,0
40209.09,0
40209.1,0
40209.11,0
40209.12,0
40209.13,0
40209.14,0
40209.15,0
40209.16,0
40209.17,0
40209.18,0
40209.19,0
40209.2,0
40209.21,0
40209.22,0
40209.23,0
40209.24,0
40209.25,0
40209.26,0
40209.27,0
40209.28,0
40209.29,0
40209.3,0
40209.31,0
40209.32,0
40209.33,0
40209.34,0
40209.35,0
40209.36,0
40209.37,0
40209.38,0
40209.39,0
40209.4,0
40209.41,0
40209.42,0
40209.43,0
40209.44,0
40209.45,0
40209.46,0
40209.47,0
40209.48,0
40209.49,0
40209.5,0
40209.51,0
40209.52,0
40209.53,0
40209.54,0
40209.55,0
40209.56,0
40209.57,0
40209.58,0
40209.59,0
40209.6,0
40209.61,0
40209.62,0
40209.63,0
40209.64,0
40209.65,0
40209.66,0
40209.67,0
40209.68,0
40209.69,0
40209.7,0
40209.71,0
40209.72,0
40209.73,0
40209.74,0
40209.75,0
40209.76,0
40209.77,0
40209.78,0
40209.79,0
40209.8,0
40209.81,0
40209.82,0
40209.83,0
40209.84,0
40209.85,0
40209.86,0
40209.87,0
40209.88,0
40209.89,0
40209.9,0
40209.91,0
40209.92,0
40209.93,0
40209.94,0
40209.95,0
40209.96,0
40209.97,0
40209.98,0
40209.99,0
40210,0
40210.01,0
40210.02,0
40210.03,0
40210.04,0
40210.05,0
40210.06,0
40210.07,0
40210.08,0
40210.09,0
40210.1,0
40210.11,0
40210.12,0
40210.13,0
40210.14,0
40210.15,0
40210.16,0
40210.17,0
40210.18,0
40210.19,0
40210.2,0
40210.21,0
40210.22,0
40210.23,0
40210.24,0
40210.25,0
40210.26,0
40210.27,0
40210.28,0
40210.29,0
40210.3,0
40210.31,0
40210.32,0
40210.33,0
40210.34,0
40210.35,0
40210.36,0
40210.37,0
40210.38,0
40210.39,0
40210.4,0
40210.41,0
40210.42,0
40210.43,0
40210.44,0
40210.45,0
40210.46,0
40210.47,0
40210.48,0
40210.49,0
40210.5,0
40210.51,0
40210.52,0
40210.53,0
40210.54,0
40210.55,0
40210.56,0
40210.57,0
40210.58,0
40210.59,0
40210.6,0
40210.61,0
40210.62,0
40210.63,0
40210.64,0
40210.65,0
40210.66,0
40210.67,0
40210.68,0
40210.69,0
40210.7,0
40210.71,0
40210.72,0
40210.73,0
40210.74,0
40210.75,0
40210.76,0
40210.77,0
40210.78,0
40210.79,0
40210.8,0
40210.81,0
40210.82,0
40210.83,0
40210.84,0
40210.85,0
40210.86,0
40210.87,0
40210.88,0
40210.89,0
40210.9,0
40210.91,0
40210.92,0
40210.93,0
40210.94,0
40210.95,0
40210.96,0
40210.97,0
40210.98,0
40210.99,0
40211,0
40211.01,0
40211.02,0
40211.03,0
40211.04,0
40211.05,0
40211.06,0
40211.07,0
40211.08,0
40211.09,0
40211.1,0
40211.11,0
40211.12,0
40211.13,0
40211.14,0
40211.15,0
40211.16,0
40211.17,0
40211.18,0
40211.19,0
40211.2,0
40211.21,0
40211.22,0
40211.23,0
40211.24,0
40211.25,0
40211.26,0
40211.27,0
40211.28,0
40211.29,0
40211.3,0
40211.31,0
40211.32,0
40211.33,0
40211.34,0
40211.35,0
40211.36,0
40211.37,0
40211.38,0
40211.39,0
40211.4,0
40211.41,0
40211.42,0
40211.43,0
40211.44,0
40211.45,0
40211.46,0
40211.47,0
40211.48,0
40211.49,0
40211.5,0
40211.51,0
40211.52,0
40211.53,0
40211.54,0
40211.55,0
40211.56,0
40211.57,0
40211.58,0
40211.59,0
40211.6,0
40211.61,0
40211.62,0
40211.63,0
40211.64,0
40211.65,0
40211.66,0
40211.67,0
40211.68,0
40211.69,0
40211.7,0
40211.71,0
40211.72,0
40211.73,0
40211.74,0
40211.75,0
40211.76,0
40211.77,0
40211.78,0
40211.79,0
40211.8,0
40211.81,0
40211.82,0
40211.83,0
40211.84,0
40211.85,1.90442349676726E-07
40211.86,36.3621877375118
40211.87,39.8112970069238
40211.88,43.7905688119367
40211.89,47.9437481469465
40211.9,51.7247951543867
40211.91,49.5055599188378
40211.92,43.8704749752591
40211.93,39.0325215022835
40211.94,33.4056438774416
40211.95,31.3049262222326
40211.96,33.5897717165601
40211.97,37.9768526063033
40211.98,47.5978056046517
40211.99,46.5682664327453
40212,48.2666456060938
40212.01,47.5436111000433
40212.02,46.9911462003878
40212.03,44.4862736498638
40212.04,39.6559910833751
40212.05,32.5603242974057
40212.06,26.9197865671656
40212.07,22.1825463258315
40212.08,18.7508192047774
40212.09,16.7272130391937
40212.1,14.7653820936083
40212.11,13.2368587058476
40212.12,11.7061069003588
40212.13,9.42084792939767
40212.14,7.73532718605247
40212.15,1.01528435063622
40212.16,0.94875894734155
40212.17,0.852069087425282
40212.18,0.791520834952064
40212.19,0.752760666094859
40212.2,0.64314338869698
40212.21,0.550636844705201
40212.22,0.501546382036987
40212.23,0.421633251091335
40212.24,0.361679561728179
40212.25,0.274928187139476
40212.26,0.167807969608556
40212.27,0.0664510962067419
40212.28,0
40212.29,0
40212.3,0
40212.31,0
40212.32,0
40212.33,0
40212.34,0
40212.35,0
40212.36,0
40212.37,0
40212.38,0
40212.39,0
40212.4,0
40212.41,0
40212.42,0
40212.43,0
40212.44,0
40212.45,0
40212.46,0
40212.47,0
40212.48,0
40212.49,0
40212.5,0
40212.51,0
40212.52,0
40212.53,0
40212.54,0
40212.55,0
40212.56,0
40212.57,0
40212.58,0
40212.59,0
40212.6,0
40212.61,0
40212.62,0
40212.63,0
40212.64,0
40212.65,0
40212.66,0
40212.67,0
40212.68,0
40212.69,0
40212.7,0
40212.71,0
40212.72,0
40212.73,0
40212.74,0
40212.75,0
40212.76,0
40212.77,0
40212.78,0
40212.79,0
40212.8,0
40212.81,0
40212.82,0
40212.83,0
40212.84,0
40212.85,0
40212.86,0
40212.87,0
40212.88,0
40212.89,0
40212.9,0
40212.91,0
40212.92,0
40212.93,0
40212.94,0
40212.95,0
40212.96,0
40212.97,0
40212.98,0
40212.99,0
40213,0
40213.01,0
40213.02,0
40213.03,0
40213.04,0
40213.05,0
40213.06,0
40213.07,0
40213.08,0
40213.09,0
40213.1,0
40213.11,0
40213.12,0
40213.13,0
40213.14,0
40213.15,0
40213.16,0
40213.17,0
40213.18,0
40213.19,0
40213.2,0
40213.21,0
40213.22,0
40213.23,0
40213.24,0
40213.25,0
40213.26,0
40213.27,0
40213.28,0
40213.29,0
40213.3,0
40213.31,0
40213.32,0
40213.33,0
40213.34,0
40213.35,0
40213.36,0
40213.37,0
40213.38,0
40213.39,0
40213.4,0
40213.41,0
40213.42,0
40213.43,0
40213.44,0
40213.45,0
40213.46,0
40213.47,0
40213.48,0
40213.49,0
40213.5,0
40213.51,0
40213.52,0
40213.53,0
40213.54,0
40213.55,0
40213.56,0
40213.57,0
40213.58,0
40213.59,0
40213.6,0
40213.61,0
40213.62,0
40213.63,0
40213.64,0
40213.65,0
40213.66,0
40213.67,0
40213.68,0
40213.69,0
40213.7,0
40213.71,0
40213.72,0
40213.73,0
40213.74,0
40213.75,0
40213.76,0
40213.77,0
40213.78,0
40213.79,0
40213.8,0
40213.81,0
40213.82,0
40213.83,0
40213.84,0
40213.85,0
40213.86,0
40213.87,0
40213.88,0
40213.89,0
40213.9,0
40213.91,0
40213.92,0
40213.93,0
40213.94,0
40213.95,0
40213.96,0
40213.97,0
40213.98,0
40213.99,0
40214,0
40214.01,0
40214.02,0
40214.03,0
40214.04,0
40214.05,0
40214.06,0
40214.07,0
40214.08,0
40214.09,0
40214.1,0
40214.11,0
40214.12,0
40214.13,0
40214.14,0
40214.15,0
40214.16,0
40214.17,0
40214.18,0
40214.19,0
40214.2,0
40214.21,0
40214.22,0
40214.23,0
40214.24,0
40214.25,0
40214.26,0
40214.27,0
40214.28,0
40214.29,0
40214.3,0
40214.31,0
40214.32,0
40214.33,0
40214.34,0
40214.35,0
40214.36,0
40214.37,0
40214.38,0
40214.39,0
40214.4,0
40214.41,0
40214.42,0
40214.43,0
40214.44,0
40214.45,0
40214.46,0
40214.47,0
40214.48,0
40214.49,0
40214.5,0
40214.51,0
40214.52,0
40214.53,0
40214.54,0
40214.55,6.3789911069215E-08
40214.56,12.386596536309
40214.57,35.2007863546836
40214.58,34.9417805293211
40214.59,36.8411379959074
40214.6,35.6403347736654
40214.61,36.1289393095554
40214.62,35.9709515198651
40214.63,37.4884892422733
40214.64,40.8997452829161
40214.65,44.1295035064311
40214.66,47.2341264570234
40214.67,49.670305061382
40214.68,49.3904226822809
40214.69,50.9817599074216
40214.7,51.4616178644442
40214.71,55.3491726400491
40214.72,58.48543005373
40214.73,63.6256053993914
40214.74,69.6012195027934
40214.75,79.9746541720091
40214.76,88.4223519013319
40214.77,101.106672319272
40214.78,101.336527285286
40214.79,88.5329069964405
40214.8,77.3641342673175
40214.81,65.3299197319323
40214.82,56.5142929895473
40214.83,55.8383428435085
40214.84,54.7389043529019
40214.85,54.8447193200723
40214.86,53.0923417772527
40214.87,50.9260810244812
40214.88,46.6579300777846
40214.89,42.6133101496575
40214.9,39.5236764348901
40214.91,36.8860753346022
40214.92,38.179288763871
40214.93,41.6964795707194
40214.94,44.1515736288751
40214.95,44.6902317953585
40214.96,47.320810679898
40214.97,49.4069565949039
40214.98,48.3468997766349
40214.99,49.2225907908156
40215,50.7873965910558
40215.01,54.3092097513601
40215.02,57.3204901114587
40215.03,60.8993524850111
40215.04,65.1709987060929
40215.05,69.960956061185
40215.06,73.1360075518908
40215.07,75.4839029210545
40215.08,76.3998285686275
40215.09,77.1826312534306
40215.1,75.7566338436809
40215.11,68.9484990103076
40215.12,65.2742373372666
40215.13,60.5488213826685
40215.14,55.7180951199101
40215.15,51.4979946619855
40215.16,53.6178966104689
40215.17,58.1966366390144
40215.18,63.526619620089
40215.19,71.6290157426845
40215.2,71.431103014734
40215.21,60.357537360631
40215.22,49.7667557846985
40215.23,39.2855538194624
40215.24,32.6590225991689
40215.25,27.5751891467362
40215.26,23.5703110782415
40215.27,19.1079370656654
40215.28,15.2054356915812
40215.29,12.3304767858511
40215.3,10.3072821852403
40215.31,8.03630520321726
40215.32,6.80580640065442
40215.33,7.07018608626494
40215.34,8.62404858129285
40215.35,12.1366442911402
40215.36,14.709565374254
40215.37,15.6708468027305
40215.38,15.4407015803447
40215.39,14.316163998811
40215.4,13.8449317939304
40215.41,12.8923468680729
40215.42,12.244925484161
40215.43,11.9761514513458
40215.44,11.4249826194608
40215.45,11.6751579896594
40215.46,12.8847357194036
40215.47,14.5838064785328
40215.48,17.3026503182419
40215.49,16.7952878521168
40215.5,15.2221502369296
40215.51,12.1453860051338
40215.52,8.35082509179525
40215.53,6.32195296337171
40215.54,5.01805944317524
40215.55,4.78630609417547
40215.56,5.39577873140339
40215.57,5.82811019289696
40215.58,5.69412845936324
40215.59,4.97723848998065
40215.6,3.94479676368261
40215.61,0
40215.62,0
40215.63,0
40215.64,0
40215.65,0
40215.66,0
40215.67,0
40215.68,0
40215.69,0
40215.7,0
40215.71,0
40215.72,0
40215.73,0
40215.74,0
40215.75,0
40215.76,0
40215.77,0
40215.78,0
40215.79,0
40215.8,0
40215.81,0
40215.82,0
40215.83,0
40215.84,0
40215.85,0
40215.86,0
40215.87,0
40215.88,0
40215.89,0
40215.9,0
40215.91,0
40215.92,0
40215.93,0
40215.94,0
40215.95,0
40215.96,0
40215.97,0
40215.98,0
40215.99,0
40216,0
40216.01,0
40216.02,0
40216.03,0
40216.04,0
40216.05,0
40216.06,0
40216.07,0
40216.08,0
40216.09,0
40216.1,0
40216.11,0
40216.12,0
40216.13,0
40216.14,0
40216.15,0
40216.16,0
40216.17,0
40216.18,0
40216.19,0
40216.2,0
40216.21,0
40216.22,0
40216.23,0
40216.24,0
40216.25,0
40216.26,0
40216.27,0
40216.28,0
40216.29,0
40216.3,0
40216.31,0
40216.32,0
40216.33,0
40216.34,0
40216.35,0
40216.36,0
40216.37,0
40216.38,0
40216.39,0
40216.4,0
40216.41,0
40216.42,0
40216.43,0
40216.44,0
40216.45,0
40216.46,0
40216.47,0
40216.48,0
40216.49,0
40216.5,0
40216.51,0
40216.52,0
40216.53,0
40216.54,0
40216.55,0
40216.56,0
40216.57,0
40216.58,0
40216.59,0
40216.6,0
40216.61,0
40216.62,0
40216.63,0
40216.64,0
40216.65,0
40216.66,0
40216.67,0
40216.68,0
40216.69,0
40216.7,0
40216.71,0
40216.72,0
40216.73,0
40216.74,0
40216.75,0
40216.76,0
40216.77,0
40216.78,0
40216.79,0
40216.8,0
40216.81,0
40216.82,0
40216.83,0
40216.84,0
40216.85,0
40216.86,0
40216.87,0
40216.88,0
40216.89,0
40216.9,0
40216.91,0
40216.92,0
40216.93,0
40216.94,0
40216.95,0
40216.96,0
40216.97,0
40216.98,0
40216.99,0
40217,0
40217.01,0
40217.02,0
40217.03,0
40217.04,0
40217.05,0
40217.06,0
40217.07,0
40217.08,0
40217.09,0
40217.1,0
40217.11,0
40217.12,0
40217.13,0
40217.14,0
40217.15,0
40217.16,0
40217.17,0
40217.18,0
40217.19,0
40217.2,0
40217.21,0
40217.22,0
40217.23,0
40217.24,0
40217.25,0
40217.26,0
40217.27,0
40217.28,0
40217.29,0
40217.3,0
40217.31,0
40217.32,0
40217.33,0
40217.34,0
40217.35,0
40217.36,0
40217.37,0
40217.38,0
40217.39,0
40217.4,0
40217.41,0
40217.42,0
40217.43,0
40217.44,0
40217.45,0
40217.46,0
40217.47,0
40217.48,0
40217.49,0
40217.5,0
40217.51,0
40217.52,0
40217.53,0
40217.54,0
40217.55,0
40217.56,0
40217.57,0
40217.58,0
40217.59,0
40217.6,0
40217.61,0
40217.62,0
40217.63,0
40217.64,0
40217.65,0
40217.66,0
40217.67,0
40217.68,0
40217.69,0
40217.7,0
40217.71,0
40217.72,0
40217.73,0
40217.74,0
40217.75,0
40217.76,0
40217.77,0
40217.78,0
40217.79,0
40217.8,0
40217.81,0
40217.82,0
40217.83,0
40217.84,0
40217.85,0
40217.86,0
40217.87,0
40217.88,0
40217.89,0
40217.9,0
40217.91,0
40217.92,0
40217.93,0
40217.94,0
40217.95,0
40217.96,0
40217.97,0
40217.98,0
40217.99,0
40218,0
40218.01,0
40218.02,0
40218.03,0
40218.04,0
40218.05,0
40218.06,0
40218.07,0
40218.08,0
40218.09,0
40218.1,0
40218.11,0
40218.12,0
40218.13,0
40218.14,0
40218.15,0
40218.16,0
40218.17,0
40218.18,0
40218.19,0
40218.2,0
40218.21,0
40218.22,0
40218.23,0
40218.24,0
40218.25,0
40218.26,0
40218.27,0
40218.28,0
40218.29,0
40218.3,0
40218.31,0
40218.32,0
40218.33,0
40218.34,0
40218.35,0
40218.36,0
40218.37,0
40218.38,0
40218.39,0
40218.4,0
40218.41,0
40218.42,0
40218.43,0
40218.44,0
40218.45,0
40218.46,0
40218.47,0
40218.48,0
40218.49,0
40218.5,0
40218.51,0
40218.52,0
40218.53,0
40218.54,0
40218.55,0
40218.56,0
40218.57,0
40218.58,0
40218.59,0
40218.6,0
40218.61,0
40218.62,0
40218.63,0
40218.64,0
40218.65,0
40218.66,0
40218.67,0
40218.68,0
40218.69,0
40218.7,0
40218.71,0
40218.72,0
40218.73,0
40218.74,0
40218.75,0
40218.76,0
40218.77,0
40218.78,0
40218.79,7.43845877807542E-08
40218.8,14.4199027453749
40218.81,104.4229291435
40218.82,111.028873711447
40218.83,108.509300047111
40218.84,98.7656128255192
40218.85,91.4641877172044
40218.86,90.9947873568292
40218.87,85.935103001956
40218.88,81.4736034248445
40218.89,73.7064340989337
40218.9,65.6237214736071
40218.91,57.1254436242881
40218.92,48.6242361863898
40218.93,38.6335874027669
40218.94,32.7311231992001
40218.95,31.1146233025239
40218.96,32.0326074282942
40218.97,34.6093400197084
40218.98,38.757022340978
40218.99,39.3739648730304
40219,37.4634462673226
40219.01,33.6973547011322
40219.02,30.5603810029564
40219.03,26.4420572634567
40219.04,20.8813730516393
40219.05,16.6312305729775
40219.06,12.859868348119
40219.07,9.47545409836366
40219.08,7.87900380768711
40219.09,7.24934738389864
40219.1,7.79580879803783
40219.11,9.98325153966787
40219.12,12.8165882935474
40219.13,17.5839273590573
40219.14,22.9191750657773
40219.15,28.0688371801056
40219.16,31.833077943822
40219.17,33.2738784223302
40219.18,33.9779292879294
40219.19,36.6781755262131
40219.2,37.3891374939646
40219.21,40.6262173951066
40219.22,42.1752157702498
40219.23,42.7767545597526
40219.24,43.4405124980553
40219.25,41.2880306568599
40219.26,38.4223019159055
40219.27,33.272759195698
40219.28,28.5294623130473
40219.29,25.9166448624666
40219.3,22.2948289839999
40219.31,18.6180162550923
40219.32,16.3116011353014
40219.33,13.2412077063765
40219.34,10.4360815693415
40219.35,7.55139425881237
40219.36,0
40219.37,0
40219.38,0
40219.39,0
40219.4,0
40219.41,0
40219.42,0
40219.43,0
40219.44,0
40219.45,0
40219.46,0
40219.47,0
40219.48,0
40219.49,0
40219.5,0
40219.51,0
40219.52,0
40219.53,0
40219.54,0
40219.55,0
40219.56,0
40219.57,0
40219.58,0
40219.59,0
40219.6,0
40219.61,0
40219.62,0
40219.63,0
40219.64,0
40219.65,0
40219.66,0
40219.67,0
40219.68,0
40219.69,0
40219.7,0
40219.71,0
40219.72,0
40219.73,0
40219.74,0
40219.75,0
40219.76,0
40219.77,0
40219.78,0
40219.79,0
40219.8,0
40219.81,0
40219.82,0
40219.83,0
40219.84,0
40219.85,0
40219.86,0
40219.87,0
40219.88,0
40219.89,0
40219.9,0
40219.91,0
40219.92,0
40219.93,0
40219.94,0
40219.95,0
40219.96,0
40219.97,0
40219.98,0
40219.99,0
40220,0
40220.01,0
40220.02,0
40220.03,0
40220.04,0
40220.05,0
40220.06,0
40220.07,0
40220.08,0
40220.09,0
40220.1,0
40220.11,0
40220.12,0
40220.13,0
40220.14,0
40220.15,0
40220.16,0
40220.17,0
40220.18,0
40220.19,0
40220.2,0
40220.21,0
40220.22,0
40220.23,0
40220.24,0
40220.25,0
40220.26,0
40220.27,0
40220.28,0
40220.29,0
40220.3,0
40220.31,0
40220.32,0
40220.33,0
40220.34,0
40220.35,0
40220.36,0
40220.37,0
40220.38,0
40220.39,0
40220.4,0
40220.41,0
40220.42,0
40220.43,0
40220.44,0
40220.45,0
40220.46,0
40220.47,0
40220.48,0
40220.49,0
40220.5,0
40220.51,0
40220.52,0
40220.53,0
40220.54,0
40220.55,0
40220.56,0
40220.57,0
40220.58,0
40220.59,0
40220.6,0
40220.61,0
40220.62,0
40220.63,0
40220.64,0
40220.65,0
40220.66,0
40220.67,0
40220.68,0
40220.69,0
40220.7,0
40220.71,0
40220.72,0
40220.73,0
40220.74,0
40220.75,0
40220.76,0
40220.77,0
40220.78,0
40220.79,0
40220.8,0
40220.81,0
40220.82,0
40220.83,0
40220.84,0
40220.85,0
40220.86,0
40220.87,0
40220.88,0
40220.89,0
40220.9,0
40220.91,0
40220.92,0
40220.93,0
40220.94,0
40220.95,0
40220.96,0
40220.97,0
40220.98,0
40220.99,0
40221,0
40221.01,0
40221.02,0
40221.03,0
40221.04,0
40221.05,0
40221.06,0
40221.07,0
40221.08,0
40221.09,0
40221.1,0
40221.11,0
40221.12,0
40221.13,0
40221.14,0
40221.15,0
40221.16,0
40221.17,0
40221.18,0
40221.19,0
40221.2,0
40221.21,0
40221.22,0
40221.23,0
40221.24,0
40221.25,0
40221.26,0
40221.27,0
40221.28,0
40221.29,0
40221.3,0
40221.31,0
40221.32,0
40221.33,0
40221.34,0
40221.35,0
40221.36,0
40221.37,0
40221.38,0
40221.39,0
40221.4,0
40221.41,0
40221.42,0
40221.43,0
40221.44,0
40221.45,0
40221.46,0
40221.47,0
40221.48,0
40221.49,0
40221.5,0
40221.51,0
40221.52,0
40221.53,0
40221.54,0
40221.55,0
40221.56,0
40221.57,0
40221.58,0
40221.59,0
40221.6,0
40221.61,0
40221.62,0
40221.63,0
40221.64,0
40221.65,0
40221.66,0
40221.67,0
40221.68,0
40221.69,0
40221.7,0
40221.71,0
40221.72,0
40221.73,0
40221.74,0
40221.75,0
40221.76,0
40221.77,0
40221.78,0
40221.79,0
40221.8,0
40221.81,0
40221.82,0
40221.83,0
40221.84,0
40221.85,0
40221.86,0
40221.87,0
40221.88,0
40221.89,0
40221.9,0
40221.91,0
40221.92,0
40221.93,0
40221.94,0
40221.95,0
40221.96,0
40221.97,0
40221.98,0
40221.99,0
40222,0
40222.01,0
40222.02,0
40222.03,0
40222.04,0
40222.05,0
40222.06,0
40222.07,0
40222.08,0
40222.09,0
40222.1,0
40222.11,0
40222.12,0
40222.13,0
40222.14,0
40222.15,0
40222.16,0
40222.17,0
40222.18,0
40222.19,0
40222.2,0
40222.21,0
40222.22,0
40222.23,0
40222.24,0
40222.25,0
40222.26,0
40222.27,0
40222.28,0
40222.29,0
40222.3,0
40222.31,0
40222.32,0
40222.33,0
40222.34,0
40222.35,0
40222.36,0
40222.37,0
40222.38,0
40222.39,0
40222.4,0
40222.41,0
40222.42,0
40222.43,0
40222.44,0
40222.45,0
40222.46,0
40222.47,0
40222.48,0
40222.49,0
40222.5,0
40222.51,0
40222.52,0
40222.53,0
40222.54,0
40222.55,0
40222.56,0
40222.57,0
40222.58,0
40222.59,0
40222.6,0
40222.61,0
40222.62,0
40222.63,0
40222.64,0
40222.65,0
40222.66,0
40222.67,0
40222.68,0
40222.69,0
40222.7,0
40222.71,0
40222.72,0
40222.73,0
40222.74,0
40222.75,0
40222.76,0
40222.77,0
40222.78,0
40222.79,0
40222.8,0
40222.81,0
40222.82,0
40222.83,0
40222.84,0
40222.85,0
40222.86,0
40222.87,0
40222.88,0
40222.89,0
40222.9,0
40222.91,0
40222.92,0
40222.93,0
40222.94,0
40222.95,0
40222.96,0
40222.97,0
40222.98,0
40222.99,0
40223,0
40223.01,0
40223.02,0
40223.03,0
40223.04,0
40223.05,0
40223.06,0
40223.07,0
40223.08,0
40223.09,0
40223.1,0
40223.11,0
40223.12,0
40223.13,0
40223.14,0
40223.15,0
40223.16,0
40223.17,0
40223.18,0
40223.19,0
40223.2,0
40223.21,0
40223.22,0
40223.23,0
40223.24,0
40223.25,0
40223.26,0
40223.27,0
40223.28,0
40223.29,0
40223.3,0
40223.31,0
40223.32,0
40223.33,0
40223.34,0
40223.35,0
40223.36,0
40223.37,0
40223.38,0
40223.39,0
40223.4,0
40223.41,0
40223.42,0
40223.43,0
40223.44,0
40223.45,0
40223.46,0
40223.47,0
40223.48,0
40223.49,0
40223.5,0
40223.51,0
40223.52,0
40223.53,0
40223.54,0
40223.55,0
40223.56,0
40223.57,0
40223.58,0
40223.59,0
40223.6,0
40223.61,0
40223.62,0
40223.63,0
40223.64,0
40223.65,0
40223.66,0
40223.67,0
40223.68,0
40223.69,0
40223.7,0
40223.71,0
40223.72,0
40223.73,0
40223.74,0
40223.75,0
40223.76,0
40223.77,0
40223.78,0
40223.79,0
40223.8,0
40223.81,0
40223.82,0
40223.83,0
40223.84,0
40223.85,0
40223.86,0
40223.87,0
40223.88,0
40223.89,0
40223.9,0
40223.91,0
40223.92,0
40223.93,0
40223.94,0
40223.95,0
40223.96,0
40223.97,0
40223.98,0
40223.99,0
40224,0
40224.01,0
40224.02,0
40224.03,0
40224.04,0
40224.05,0
40224.06,0
40224.07,0
40224.08,0
40224.09,0
40224.1,0
40224.11,0
40224.12,0
40224.13,0
40224.14,0
40224.15,0
40224.16,0
40224.17,0
40224.18,0
40224.19,0
40224.2,0
40224.21,0
40224.22,0
40224.23,0
40224.24,0
40224.25,0
40224.26,0
40224.27,0
40224.28,0
40224.29,0
40224.3,0
40224.31,0
40224.32,0
40224.33,0
40224.34,0
40224.35,0
40224.36,0
40224.37,0
40224.38,0
40224.39,0
40224.4,0
40224.41,0
40224.42,0
40224.43,0
40224.44,0
40224.45,0
40224.46,0
40224.47,0
40224.48,0
40224.49,0
40224.5,0
40224.51,0
40224.52,0
40224.53,0
40224.54,0
40224.55,0
40224.56,0
40224.57,0
40224.58,0
40224.59,0
40224.6,0
40224.61,0
40224.62,0
40224.63,0
40224.64,0
40224.65,0
40224.66,0
40224.67,0
40224.68,0
40224.69,0
40224.7,0
40224.71,0
40224.72,0
40224.73,0
40224.74,0
40224.75,0
40224.76,0
40224.77,0
40224.78,0
40224.79,0
40224.8,0
40224.81,0
40224.82,0
40224.83,0
40224.84,0
40224.85,0
40224.86,0
40224.87,0
40224.88,0
40224.89,0
40224.9,0
40224.91,0
40224.92,0
40224.93,0
40224.94,0
40224.95,0
40224.96,0
40224.97,0
40224.98,0
40224.99,0
40225,0
40225.01,0
40225.02,0
40225.03,0
40225.04,0
40225.05,0
40225.06,0
40225.07,0
40225.08,0
40225.09,0
40225.1,0
40225.11,0
40225.12,0
40225.13,0
40225.14,0
40225.15,0
40225.16,0
40225.17,0
40225.18,0
40225.19,0
40225.2,0
40225.21,0
40225.22,0
40225.23,0
40225.24,0
40225.25,0
40225.26,0
40225.27,0
40225.28,0
40225.29,0
40225.3,0
40225.31,0
40225.32,0
40225.33,0
40225.34,0
40225.35,0
40225.36,0
40225.37,0
40225.38,0
40225.39,0
40225.4,0
40225.41,0
40225.42,0
40225.43,0
40225.44,0
40225.45,0
40225.46,0
40225.47,0
40225.48,0
40225.49,0
40225.5,0
40225.51,0
40225.52,0
40225.53,0
40225.54,0
40225.55,0
40225.56,0
40225.57,0
40225.58,0
40225.59,0
40225.6,0
40225.61,0
40225.62,0
40225.63,0
40225.64,0
40225.65,0
40225.66,0
40225.67,0
40225.68,0
40225.69,0
40225.7,0
40225.71,0
40225.72,0
40225.73,0
40225.74,0
40225.75,0
40225.76,0
40225.77,0
40225.78,0
40225.79,0
40225.8,0
40225.81,0
40225.82,0
40225.83,0
40225.84,0
40225.85,0
40225.86,0
40225.87,0
40225.88,0
40225.89,0
40225.9,0
40225.91,0
40225.92,0
40225.93,0
40225.94,0
40225.95,0
40225.96,0
40225.97,0
40225.98,0
40225.99,0
40226,0
40226.01,0
40226.02,0
40226.03,0
40226.04,0
40226.05,0
40226.06,0
40226.07,0
40226.08,0
40226.09,0
40226.1,0
40226.11,0
40226.12,0
40226.13,0
40226.14,0
40226.15,0
40226.16,0
40226.17,0
40226.18,0
40226.19,0
40226.2,0
40226.21,0
40226.22,0
40226.23,0
40226.24,0
40226.25,0
40226.26,0
40226.27,0
40226.28,0
40226.29,0
40226.3,0
40226.31,0
40226.32,0
40226.33,0
40226.34,0
40226.35,0
40226.36,0
40226.37,0
40226.38,0
40226.39,0
40226.4,0
40226.41,0
40226.42,0
40226.43,0
40226.44,0
40226.45,0
40226.46,0
40226.47,0
40226.48,0
40226.49,0
40226.5,0
40226.51,0
40226.52,0
40226.53,0
40226.54,0
40226.55,0
40226.56,0
40226.57,0
40226.58,0
40226.59,0
40226.6,0
40226.61,0
40226.62,0
40226.63,0
40226.64,0
40226.65,0
40226.66,0
40226.67,0
40226.68,0
40226.69,0
40226.7,0
40226.71,0
40226.72,0
40226.73,0
40226.74,0
40226.75,0
40226.76,0
40226.77,0
40226.78,0
40226.79,0
40226.8,0
40226.81,0
40226.82,0
40226.83,0
40226.84,0
40226.85,0
40226.86,0
40226.87,0
40226.88,0
40226.89,0
40226.9,0
40226.91,0
40226.92,0
40226.93,0
40226.94,0
40226.95,0
40226.96,0
40226.97,0
40226.98,0
40226.99,0
40227,0
40227.01,0
40227.02,0
40227.03,0
40227.04,0
40227.05,0
40227.06,0
40227.07,0
40227.08,0
40227.09,0
40227.1,0
40227.11,0
40227.12,0
40227.13,0
40227.14,0
40227.15,0
40227.16,0
40227.17,0
40227.18,0
40227.19,0
40227.2,0
40227.21,0
40227.22,0
40227.23,0
40227.24,0
40227.25,0
40227.26,0
40227.27,0
40227.28,0
40227.29,0
40227.3,0
40227.31,0
40227.32,0
40227.33,0
40227.34,0
40227.35,0
40227.36,0
40227.37,0
40227.38,0
40227.39,0
40227.4,0
40227.41,0
40227.42,0
40227.43,0
40227.44,0
40227.45,0
40227.46,0
40227.47,0
40227.48,0
40227.49,0
40227.5,0
40227.51,0
40227.52,0
40227.53,0
40227.54,0
40227.55,0
40227.56,0
40227.57,0
40227.58,0
40227.59,0
40227.6,0
40227.61,0
40227.62,0
40227.63,0
40227.64,0
40227.65,0
40227.66,0
40227.67,0
40227.68,0
40227.69,0
40227.7,0
40227.71,0
40227.72,0
40227.73,0
40227.74,0
40227.75,0
40227.76,0
40227.77,0
40227.78,0
40227.79,0
40227.8,0
40227.81,0
40227.82,0
40227.83,0
40227.84,0
40227.85,0
40227.86,0
40227.87,0
40227.88,0
40227.89,0
40227.9,0
40227.91,0
40227.92,0
40227.93,0
40227.94,0
40227.95,0
40227.96,0
40227.97,0
40227.98,0
40227.99,0
40228,0
40228.01,0
40228.02,0
40228.03,0
40228.04,0
40228.05,0
40228.06,0
40228.07,0
40228.08,0
40228.09,0
40228.1,0
40228.11,0
40228.12,0
40228.13,0
40228.14,0
40228.15,0
40228.16,0
40228.17,0
40228.18,0
40228.19,0
40228.2,0
40228.21,0
40228.22,0
40228.23,0
40228.24,0
40228.25,0
40228.26,0
40228.27,0
40228.28,0
40228.29,0
40228.3,0
40228.31,0
40228.32,0
40228.33,0
40228.34,0
40228.35,0
40228.36,0
40228.37,0
40228.38,0
40228.39,0
40228.4,0
40228.41,0
40228.42,0
40228.43,0
40228.44,0
40228.45,0
40228.46,0
40228.47,0
40228.48,0
40228.49,0
40228.5,0
40228.51,0
40228.52,0
40228.53,0
40228.54,0
40228.55,0
40228.56,0
40228.57,0
40228.58,0
40228.59,0
40228.6,0
40228.61,0
40228.62,0
40228.63,0
40228.64,0
40228.65,0
40228.66,0
40228.67,0
40228.68,0
40228.69,0
40228.7,0
40228.71,0
40228.72,0
40228.73,0
40228.74,0
40228.75,0
40228.76,0
40228.77,0
40228.78,0
40228.79,0
40228.8,0
40228.81,0
40228.82,0
40228.83,0
40228.84,0
40228.85,0
40228.86,0
40228.87,0
40228.88,0
40228.89,0
40228.9,0
40228.91,0
40228.92,0
40228.93,0
40228.94,0
40228.95,0
40228.96,0
40228.97,0
40228.98,0
40228.99,0
40229,0
40229.01,0
40229.02,0
40229.03,0
40229.04,0
40229.05,0
40229.06,0
40229.07,0
40229.08,0
40229.09,0
40229.1,0
40229.11,0
40229.12,0
40229.13,0
40229.14,0
40229.15,0
40229.16,0
40229.17,0
40229.18,0
40229.19,0
40229.2,0
40229.21,0
40229.22,0
40229.23,0
40229.24,0
40229.25,0
40229.26,0
40229.27,0
40229.28,0
40229.29,0
40229.3,0
40229.31,0
40229.32,0
40229.33,0
40229.34,0
40229.35,0
40229.36,0
40229.37,0
40229.38,0
40229.39,0
40229.4,0
40229.41,0
40229.42,0
40229.43,0
40229.44,0
40229.45,0
40229.46,0
40229.47,0
40229.48,0
40229.49,0
40229.5,0
40229.51,0
40229.52,0
40229.53,0
40229.54,0
40229.55,0
40229.56,0
40229.57,0
40229.58,0
40229.59,0
40229.6,0
40229.61,0
40229.62,0
40229.63,0
40229.64,0
40229.65,0
40229.66,0
40229.67,0
40229.68,0
40229.69,0
40229.7,0
40229.71,0
40229.72,0
40229.73,0
40229.74,0
40229.75,0
40229.76,0
40229.77,0
40229.78,0
40229.79,0
40229.8,0
40229.81,0
40229.82,0
40229.83,0
40229.84,0
40229.85,0
40229.86,0
40229.87,0
40229.88,0
40229.89,0
40229.9,0
40229.91,0
40229.92,0
40229.93,0
40229.94,0
40229.95,0
40229.96,0
40229.97,0
40229.98,0
40229.99,0
40230,0
40230.01,0
40230.02,0
40230.03,0
40230.04,0
40230.05,0
40230.06,0
40230.07,0
40230.08,0
40230.09,0
40230.1,0
40230.11,0
40230.12,0
40230.13,0
40230.14,0
40230.15,0
40230.16,0
40230.17,0
40230.18,0
40230.19,0
40230.2,0
40230.21,0
40230.22,0
40230.23,0
40230.24,0
40230.25,0
40230.26,0
40230.27,0
40230.28,0
40230.29,0
40230.3,0
40230.31,0
40230.32,0
40230.33,0
40230.34,0
40230.35,0
40230.36,0
40230.37,0
40230.38,0
40230.39,0
40230.4,0
40230.41,0
40230.42,0
40230.43,0
40230.44,0
40230.45,0
40230.46,0
40230.47,0
40230.48,0
40230.49,0
40230.5,0
40230.51,0
40230.52,0
40230.53,0
40230.54,0
40230.55,0
40230.56,0
40230.57,0
40230.58,0
40230.59,0
40230.6,0
40230.61,0
40230.62,0
40230.63,0
40230.64,0
40230.65,0
40230.66,0
40230.67,0
40230.68,0
40230.69,0
40230.7,0
40230.71,0
40230.72,0
40230.73,0
40230.74,0
40230.75,0
40230.76,0
40230.77,0
40230.78,0
40230.79,0
40230.8,0
40230.81,0
40230.82,0
40230.83,0
40230.84,0
40230.85,0
40230.86,0
40230.87,0
40230.88,0
40230.89,0
40230.9,0
40230.91,0
40230.92,0
40230.93,0
40230.94,0
40230.95,0
40230.96,0
40230.97,0
40230.98,0
40230.99,0
40231,0
40231.01,0
40231.02,0
40231.03,0
40231.04,0
40231.05,0
40231.06,0
40231.07,0
40231.08,0
40231.09,0
40231.1,0
40231.11,0
40231.12,0
40231.13,0
40231.14,0
40231.15,0
40231.16,0
40231.17,0
40231.18,0
40231.19,0
40231.2,0
40231.21,0
40231.22,0
40231.23,0
40231.24,0
40231.25,0
40231.26,0
40231.27,0
40231.28,0
40231.29,0
40231.3,0
40231.31,0
40231.32,0
40231.33,0
40231.34,0
40231.35,0
40231.36,0
40231.37,0
40231.38,0
40231.39,0
40231.4,0
40231.41,0
40231.42,0
40231.43,0
40231.44,0
40231.45,0
40231.46,0
40231.47,0
40231.48,0
40231.49,0
40231.5,0
40231.51,0
40231.52,0
40231.53,0
40231.54,0
40231.55,0
40231.56,0
40231.57,0
40231.58,0
40231.59,0
40231.6,0
40231.61,0
40231.62,0
40231.63,0
40231.64,0
40231.65,0
40231.66,0
40231.67,0
40231.68,0
40231.69,0
40231.7,0
40231.71,0
40231.72,0
40231.73,0
40231.74,0
40231.75,0
40231.76,0
40231.77,0
40231.78,0
40231.79,0
40231.8,0
40231.81,0
40231.82,7.8796513224289E-08
40231.83,15.9453660828323
40231.84,54.0786022240222
40231.85,51.133769280663
40231.86,48.879314552943
40231.87,45.0276437227161
40231.88,41.1171036148626
40231.89,37.4553214605949
40231.9,33.9962100558616
40231.91,29.8091296993824
40231.92,24.4036818776714
40231.93,18.7378572664358
40231.94,1.80375069044149
40231.95,1.60503471061932
40231.96,1.44295222184883
40231.97,1.28708191638411
40231.98,1.06005251773057
40231.99,0.903839782523443
40232,0.709699149992583
40232.01,0.555493136227641
40232.02,0.362369384421067
40232.03,0.176144465572413
40232.04,0
40232.05,0
40232.06,0
40232.07,0
40232.08,0
40232.09,0
40232.1,0
40232.11,0
40232.12,0
40232.13,0
40232.14,0
40232.15,0
40232.16,0
40232.17,0
40232.18,0
40232.19,0
40232.2,0
40232.21,0
40232.22,0
40232.23,0
40232.24,0
40232.25,0
40232.26,0
40232.27,0
40232.28,0
40232.29,0
40232.3,0
40232.31,0
40232.32,0
40232.33,0
40232.34,0
40232.35,0
40232.36,0
40232.37,0
40232.38,0
40232.39,0
40232.4,0
40232.41,0
40232.42,0
40232.43,0
40232.44,0
40232.45,0
40232.46,0
40232.47,0
40232.48,0
40232.49,0
40232.5,0
40232.51,0
40232.52,0
40232.53,0
40232.54,0
40232.55,0
40232.56,0
40232.57,0
40232.58,0
40232.59,0
40232.6,0
40232.61,0
40232.62,0
40232.63,0
40232.64,0
40232.65,0
40232.66,0
40232.67,0
40232.68,0
40232.69,0
40232.7,0
40232.71,0
40232.72,0
40232.73,0
40232.74,0
40232.75,0
40232.76,0
40232.77,0
40232.78,0
40232.79,0
40232.8,0
40232.81,0
40232.82,0
40232.83,0
40232.84,0
40232.85,0
40232.86,0
40232.87,0
40232.88,0
40232.89,0
40232.9,0
40232.91,0
40232.92,0
40232.93,0
40232.94,0
40232.95,0
40232.96,0
40232.97,0
40232.98,0
40232.99,0
40233,0
40233.01,0
40233.02,0
40233.03,0
40233.04,0
40233.05,0
40233.06,0
40233.07,0
40233.08,0
40233.09,0
40233.1,0
40233.11,0
40233.12,0
40233.13,0
40233.14,0
40233.15,0
40233.16,0
40233.17,0
40233.18,0
40233.19,0
40233.2,0
40233.21,0
40233.22,0
40233.23,0
40233.24,0
40233.25,0
40233.26,0
40233.27,0
40233.28,0
40233.29,0
40233.3,0
40233.31,0
40233.32,0
40233.33,0
40233.34,0
40233.35,0
40233.36,0
40233.37,0
40233.38,0
40233.39,0
40233.4,0
40233.41,0
40233.42,0
40233.43,0
40233.44,0
40233.45,0
40233.46,0
40233.47,0
40233.48,0
40233.49,0
40233.5,0
40233.51,0
40233.52,0
40233.53,0
40233.54,0
40233.55,0
40233.56,0
40233.57,0
40233.58,0
40233.59,0
40233.6,0
40233.61,0
40233.62,0
40233.63,0
40233.64,0
40233.65,0
40233.66,0
40233.67,0
40233.68,0
40233.69,0
40233.7,0
40233.71,0
40233.72,0
40233.73,0
40233.74,0
40233.75,0
40233.76,0
40233.77,0
40233.78,0
40233.79,0
40233.8,0
40233.81,0
40233.82,0
40233.83,0
40233.84,0
40233.85,0
40233.86,0
40233.87,0
40233.88,0
40233.89,0
40233.9,0
40233.91,0
40233.92,0
40233.93,0
40233.94,0
40233.95,0
40233.96,0
40233.97,0
40233.98,0
40233.99,0
40234,0
40234.01,0
40234.02,0
40234.03,0
40234.04,0
40234.05,0
40234.06,0
40234.07,0
40234.08,0
40234.09,0
40234.1,0
40234.11,0
40234.12,0
40234.13,0
40234.14,0
40234.15,0
40234.16,0
40234.17,0
40234.18,0
40234.19,0
40234.2,0
40234.21,0
40234.22,0
40234.23,0
40234.24,0
40234.25,0
40234.26,0
40234.27,0
40234.28,0
40234.29,0
40234.3,0
40234.31,0
40234.32,0
40234.33,0
40234.34,0
40234.35,0
40234.36,0
40234.37,0
40234.38,0
40234.39,0
40234.4,0
40234.41,0
40234.42,0
40234.43,0
40234.44,0
40234.45,0
40234.46,0
40234.47,0
40234.48,0
40234.49,0
40234.5,0
40234.51,0
40234.52,0
40234.53,0
40234.54,0
40234.55,0
40234.56,0
40234.57,0
40234.58,0
40234.59,0
40234.6,0
40234.61,0
40234.62,0
40234.63,0
40234.64,0
40234.65,0
40234.66,0
40234.67,0
40234.68,0
40234.69,0
40234.7,0
40234.71,0
40234.72,0
40234.73,0
40234.74,0
40234.75,0
40234.76,0
40234.77,0
40234.78,0
40234.79,0
40234.8,0
40234.81,0
40234.82,0
40234.83,0
40234.84,0
40234.85,0
40234.86,0
40234.87,0
40234.88,0
40234.89,0
40234.9,0
40234.91,0
40234.92,0
40234.93,0
40234.94,0
40234.95,0
40234.96,0
40234.97,0
40234.98,0
40234.99,0
40235,0
40235.01,0
40235.02,0
40235.03,0
40235.04,0
40235.05,0
40235.06,0
40235.07,0
40235.08,0
40235.09,0
40235.1,0
40235.11,0
40235.12,0
40235.13,0
40235.14,0
40235.15,0
40235.16,0
40235.17,0
40235.18,0
40235.19,0
40235.2,0
40235.21,0
40235.22,0
40235.23,0
40235.24,0
40235.25,0
40235.26,0
40235.27,0
40235.28,0
40235.29,0
40235.3,0
40235.31,0
40235.32,0
40235.33,0
40235.34,0
40235.35,0
40235.36,0
40235.37,0
40235.38,0
40235.39,0
40235.4,0
40235.41,0
40235.42,0
40235.43,0
40235.44,0
40235.45,0
40235.46,0
40235.47,0
40235.48,0
40235.49,0
40235.5,0
40235.51,0
40235.52,0
40235.53,0
40235.54,0
40235.55,0
40235.56,0
40235.57,0
40235.58,0
40235.59,0
40235.6,0
40235.61,0
40235.62,0
40235.63,0
40235.64,0
40235.65,0
40235.66,0
40235.67,0
40235.68,0
40235.69,0
40235.7,0
40235.71,0
40235.72,0
40235.73,0
40235.74,0
40235.75,0
40235.76,0
40235.77,0
40235.78,0
40235.79,0
40235.8,0
40235.81,0
40235.82,0
40235.83,0
40235.84,0
40235.85,0
40235.86,0
40235.87,0
40235.88,0
40235.89,0
40235.9,0
40235.91,0
40235.92,0
40235.93,0
40235.94,0
40235.95,0
40235.96,0
40235.97,0
40235.98,0
40235.99,0
40236,0
40236.01,0
40236.02,0
40236.03,0
40236.04,0
40236.05,0
40236.06,0
40236.07,0
40236.08,0
40236.09,0
40236.1,0
40236.11,0
40236.12,0
40236.13,0
40236.14,0
40236.15,0
40236.16,0
40236.17,0
40236.18,0
40236.19,0
40236.2,0
40236.21,0
40236.22,0
40236.23,0
40236.24,0
40236.25,0
40236.26,0
40236.27,0
40236.28,0
40236.29,0
40236.3,0
40236.31,0
40236.32,0
40236.33,0
40236.34,0
40236.35,0
40236.36,0
40236.37,0
40236.38,0
40236.39,0
40236.4,0
40236.41,0
40236.42,0
40236.43,0
40236.44,0
40236.45,0
40236.46,0
40236.47,0
40236.48,0
40236.49,0
40236.5,0
40236.51,0
40236.52,0
40236.53,0
40236.54,0
40236.55,0
40236.56,0
40236.57,0
40236.58,0
40236.59,0
40236.6,0
40236.61,0
40236.62,0
40236.63,0
40236.64,0
40236.65,0
40236.66,0
40236.67,0
40236.68,0
40236.69,0
40236.7,0
40236.71,0
40236.72,0
40236.73,0
40236.74,0
40236.75,0
40236.76,0
40236.77,0
40236.78,0
40236.79,0
40236.8,0
40236.81,0
40236.82,0
40236.83,0
40236.84,0
40236.85,0
40236.86,0
40236.87,0
40236.88,0
40236.89,0
40236.9,0
40236.91,0
40236.92,0
40236.93,0
40236.94,0
40236.95,0
40236.96,0
40236.97,0
40236.98,0
40236.99,0
40237,0
40237.01,0
40237.02,0
40237.03,0
40237.04,0
40237.05,0
40237.06,0
40237.07,0
40237.08,0
40237.09,0
40237.1,0
40237.11,0
40237.12,0
40237.13,0
40237.14,0
40237.15,0
40237.16,0
40237.17,0
40237.18,0
40237.19,0
40237.2,0
40237.21,0
40237.22,0
40237.23,0
40237.24,0
40237.25,0
40237.26,0
40237.27,0
40237.28,0
40237.29,0
40237.3,0
40237.31,0
40237.32,0
40237.33,0
40237.34,0
40237.35,0
40237.36,0
40237.37,0
40237.38,0
40237.39,0
40237.4,0
40237.41,0
40237.42,0
40237.43,0
40237.44,0
40237.45,0
40237.46,0
40237.47,0
40237.48,0
40237.49,0
40237.5,0
40237.51,0
40237.52,0
40237.53,0
40237.54,0
40237.55,0
40237.56,0
40237.57,0
40237.58,0
40237.59,0
40237.6,0
40237.61,0
40237.62,0
40237.63,0
40237.64,0
40237.65,0
40237.66,0
40237.67,0
40237.68,0
40237.69,0
40237.7,0
40237.71,0
40237.72,0
40237.73,0
40237.74,0
40237.75,0
40237.76,0
40237.77,0
40237.78,0
40237.79,0
40237.8,0
40237.81,0
40237.82,0
40237.83,0
40237.84,0
40237.85,0
40237.86,0
40237.87,0
40237.88,0
40237.89,0
40237.9,0
40237.91,0
40237.92,0
40237.93,0
40237.94,0
40237.95,0
40237.96,0
40237.97,0
40237.98,0
40237.99,0
40238,0
40238.01,0
40238.02,0
40238.03,0
40238.04,0
40238.05,0
40238.06,0
40238.07,0
40238.08,0
40238.09,0
40238.1,0
40238.11,0
40238.12,0
40238.13,0
40238.14,0
40238.15,0
40238.16,0
40238.17,0
40238.18,0
40238.19,0
40238.2,0
40238.21,0
40238.22,0
40238.23,0
40238.24,0
40238.25,0
40238.26,0
40238.27,0
40238.28,0
40238.29,0
40238.3,0
40238.31,0
40238.32,0
40238.33,0
40238.34,0
40238.35,0
40238.36,0
40238.37,0
40238.38,0
40238.39,0
40238.4,0
40238.41,0
40238.42,0
40238.43,0
40238.44,0
40238.45,0
40238.46,0
40238.47,0
40238.48,0
40238.49,0
40238.5,0
40238.51,0
40238.52,0
40238.53,0
40238.54,0
40238.55,0
40238.56,0
40238.57,0
40238.58,0
40238.59,0
40238.6,0
40238.61,0
40238.62,0
40238.63,0
40238.64,0
40238.65,0
40238.66,0
40238.67,0
40238.68,0
40238.69,0
40238.7,0
40238.71,0
40238.72,0
40238.73,0
40238.74,0
40238.75,0
40238.76,0
40238.77,0
40238.78,0
40238.79,0
40238.8,0
40238.81,0
40238.82,0
40238.83,0
40238.84,0
40238.85,0
40238.86,0
40238.87,0
40238.88,0
40238.89,0
40238.9,0
40238.91,0
40238.92,0
40238.93,0
40238.94,0
40238.95,0
40238.96,0
40238.97,0
40238.98,0
40238.99,0
40239,0
40239.01,0
40239.02,0
40239.03,0
40239.04,0
40239.05,0
40239.06,0
40239.07,0
40239.08,0
40239.09,0
40239.1,0
40239.11,0
40239.12,0
40239.13,0
40239.14,0
40239.15,0
40239.16,0
40239.17,0
40239.18,0
40239.19,0
40239.2,0
40239.21,0
40239.22,0
40239.23,0
40239.24,0
40239.25,0
40239.26,0
40239.27,0
40239.28,0
40239.29,0
40239.3,0
40239.31,0
40239.32,0
40239.33,0
40239.34,0
40239.35,0
40239.36,0
40239.37,0
40239.38,0
40239.39,0
40239.4,0
40239.41,0
40239.42,0
40239.43,0
40239.44,0
40239.45,0
40239.46,0
40239.47,0
40239.48,0
40239.49,0
40239.5,0
40239.51,0
40239.52,0
40239.53,0
40239.54,0
40239.55,0
40239.56,0
40239.57,0
40239.58,0
40239.59,0
40239.6,0
40239.61,0
40239.62,0
40239.63,0
40239.64,0
40239.65,0
40239.66,0
40239.67,0
40239.68,0
40239.69,0
40239.7,0
40239.71,0
40239.72,0
40239.73,0
40239.74,0
40239.75,0
40239.76,0
40239.77,0
40239.78,0
40239.79,0
40239.8,0
40239.81,0
40239.82,0
40239.83,0
40239.84,0
40239.85,0
40239.86,0
40239.87,0
40239.88,0
40239.89,0
40239.9,0
40239.91,0
40239.92,0
40239.93,0
40239.94,0
40239.95,0
40239.96,0
40239.97,0
40239.98,0
40239.99,0
40240,0
40240.01,0
40240.02,0
40240.03,0
40240.04,0
40240.05,0
40240.06,0
40240.07,0
40240.08,0
40240.09,0
40240.1,0
40240.11,0
40240.12,0
40240.13,0
40240.14,0
40240.15,0
40240.16,0
40240.17,0
40240.18,0
40240.19,0
40240.2,0
40240.21,0
40240.22,0
40240.23,0
40240.24,0
40240.25,0
40240.26,0
40240.27,0
40240.28,0
40240.29,0
40240.3,0
40240.31,0
40240.32,0
40240.33,0
40240.34,0
40240.35,0
40240.36,0
40240.37,0
40240.38,0
40240.39,0
40240.4,0
40240.41,0
40240.42,0
40240.43,0
40240.44,0
40240.45,0
40240.46,0
40240.47,0
40240.48,0
40240.49,0
40240.5,0
40240.51,0
40240.52,0
40240.53,0
40240.54,0
40240.55,0
40240.56,0
40240.57,0
40240.58,0
40240.59,0
40240.6,0
40240.61,0
40240.62,0
40240.63,0
40240.64,0
40240.65,0
40240.66,0
40240.67,0
40240.68,0
40240.69,0
40240.7,0
40240.71,0
40240.72,0
40240.73,0
40240.74,0
40240.75,0
40240.76,0
40240.77,0
40240.78,0
40240.79,0
40240.8,0
40240.81,0
40240.82,0
40240.83,0
40240.84,0
40240.85,0
40240.86,0
40240.87,0
40240.88,0
40240.89,0
40240.9,0
40240.91,0
40240.92,0
40240.93,0
40240.94,0
40240.95,0
40240.96,0
40240.97,0
40240.98,0
40240.99,0
40241,0
40241.01,0
40241.02,0
40241.03,0
40241.04,0
40241.05,0
40241.06,0
40241.07,0
40241.08,0
40241.09,0
40241.1,0
40241.11,0
40241.12,0
40241.13,0
40241.14,0
40241.15,0
40241.16,0
40241.17,0
40241.18,0
40241.19,0
40241.2,0
40241.21,0
40241.22,0
40241.23,0
40241.24,0
40241.25,0
40241.26,0
40241.27,0
40241.28,0
40241.29,0
40241.3,0
40241.31,0
40241.32,0
40241.33,0
40241.34,0
40241.35,0
40241.36,0
40241.37,0
40241.38,0
40241.39,0
40241.4,0
40241.41,0
40241.42,0
40241.43,0
40241.44,0
40241.45,0
40241.46,0
40241.47,0
40241.48,0
40241.49,0
40241.5,0
40241.51,0
40241.52,0
40241.53,0
40241.54,0
40241.55,0
40241.56,0
40241.57,0
40241.58,0
40241.59,0
40241.6,0
40241.61,0
40241.62,0
40241.63,0
40241.64,0
40241.65,0
40241.66,0
40241.67,0
40241.68,0
40241.69,0
40241.7,0
40241.71,0
40241.72,0
40241.73,0
40241.74,0
40241.75,0
40241.76,0
40241.77,0
40241.78,0
40241.79,0
40241.8,0
40241.81,0
40241.82,0
40241.83,0
40241.84,0
40241.85,0
40241.86,0
40241.87,0
40241.88,0
40241.89,0
40241.9,0
40241.91,0
40241.92,0
40241.93,0
40241.94,0
40241.95,0
40241.96,0
40241.97,0
40241.98,0
40241.99,0
40242,0
40242.01,0
40242.02,0
40242.03,0
40242.04,0
40242.05,0
40242.06,0
40242.07,0
40242.08,0
40242.09,0
40242.1,0
40242.11,0
40242.12,0
40242.13,0
40242.14,0
40242.15,0
40242.16,0
40242.17,0
40242.18,0
40242.19,0
40242.2,0
40242.21,0
40242.22,0
40242.23,0
40242.24,0
40242.25,0
40242.26,0
40242.27,0
40242.28,0
40242.29,0
40242.3,0
40242.31,0
40242.32,0
40242.33,0
40242.34,0
40242.35,0
40242.36,0
40242.37,0
40242.38,0
40242.39,0
40242.4,0
40242.41,0
40242.42,0
40242.43,0
40242.44,0
40242.45,0
40242.46,0
40242.47,0
40242.48,0
40242.49,0
40242.5,0
40242.51,0
40242.52,0
40242.53,0
40242.54,0
40242.55,0
40242.56,0
40242.57,0
40242.58,0
40242.59,0
40242.6,0
40242.61,0
40242.62,0
40242.63,0
40242.64,0
40242.65,0
40242.66,0
40242.67,0
40242.68,0
40242.69,0
40242.7,0
40242.71,0
40242.72,0
40242.73,0
40242.74,0
40242.75,0
40242.76,0
40242.77,0
40242.78,0
40242.79,0
40242.8,0
40242.81,0
40242.82,0
40242.83,0
40242.84,0
40242.85,0
40242.86,0
40242.87,0
40242.88,0
40242.89,0
40242.9,0
40242.91,0
40242.92,0
40242.93,0
40242.94,0
40242.95,0
40242.96,0
40242.97,0
40242.98,0
40242.99,0
40243,0
40243.01,0
40243.02,0
40243.03,0
40243.04,0
40243.05,0
40243.06,0
40243.07,0
40243.08,0
40243.09,0
40243.1,0
40243.11,0
40243.12,0
40243.13,0
40243.14,0
40243.15,0
40243.16,0
40243.17,0
40243.18,0
40243.19,0
40243.2,0
40243.21,0
40243.22,0
40243.23,0
40243.24,0
40243.25,0
40243.26,0
40243.27,0
40243.28,0
40243.29,0
40243.3,0
40243.31,0
40243.32,0
40243.33,0
40243.34,0
40243.35,0
40243.36,0
40243.37,0
40243.38,0
40243.39,0
40243.4,0
40243.41,0
40243.42,0
40243.43,0
40243.44,0
40243.45,0
40243.46,0
40243.47,0
40243.48,0
40243.49,0
40243.5,0
40243.51,0
40243.52,0
40243.53,0
40243.54,0
40243.55,0
40243.56,0
40243.57,0
40243.58,0
40243.59,0
40243.6,0
40243.61,0
40243.62,0
40243.63,0
40243.64,0
40243.65,0
40243.66,0
40243.67,0
40243.68,0
40243.69,0
40243.7,0
40243.71,0
40243.72,0
40243.73,0
40243.74,0
40243.75,0
40243.76,0
40243.77,0
40243.78,0
40243.79,0
40243.8,0
40243.81,0
40243.82,0
40243.83,0
40243.84,0
40243.85,0
40243.86,0
40243.87,0
40243.88,0
40243.89,0
40243.9,0
40243.91,0
40243.92,0
40243.93,0
40243.94,0
40243.95,0
40243.96,0
40243.97,0
40243.98,0
40243.99,0
40244,0
40244.01,0
40244.02,0
40244.03,0
40244.04,0
40244.05,0
40244.06,0
40244.07,0
40244.08,0
40244.09,0
40244.1,0
40244.11,0
40244.12,0
40244.13,0
40244.14,0
40244.15,0
40244.16,0
40244.17,0
40244.18,0
40244.19,0
40244.2,0
40244.21,0
40244.22,0
40244.23,0
40244.24,0
40244.25,0
40244.26,0
40244.27,0
40244.28,0
40244.29,0
40244.3,0
40244.31,0
40244.32,0
40244.33,0
40244.34,0
40244.35,0
40244.36,0
40244.37,0
40244.38,0
40244.39,0
40244.4,0
40244.41,0
40244.42,0
40244.43,0
40244.44,0
40244.45,0
40244.46,0
40244.47,0
40244.48,0
40244.49,0
40244.5,0
40244.51,0
40244.52,0
40244.53,0
40244.54,0
40244.55,0
40244.56,0
40244.57,0
40244.58,0
40244.59,0
40244.6,0
40244.61,0
40244.62,0
40244.63,0
40244.64,0
40244.65,0
40244.66,0
40244.67,0
40244.68,0
40244.69,0
40244.7,0
40244.71,0
40244.72,0
40244.73,0
40244.74,0
40244.75,0
40244.76,0
40244.77,0
40244.78,0
40244.79,0
40244.8,0
40244.81,0
40244.82,0
40244.83,0
40244.84,0
40244.85,0
40244.86,0
40244.87,0
40244.88,0
40244.89,0
40244.9,0
40244.91,0
40244.92,0
40244.93,0
40244.94,0
40244.95,0
40244.96,0
40244.97,0
40244.98,0
40244.99,0
40245,0
40245.01,0
40245.02,0
40245.03,0
40245.04,0
40245.05,0
40245.06,0
40245.07,0
40245.08,0
40245.09,0
40245.1,0
40245.11,0
40245.12,0
40245.13,0
40245.14,0
40245.15,0
40245.16,0
40245.17,0
40245.18,0
40245.19,0
40245.2,0
40245.21,0
40245.22,0
40245.23,0
40245.24,0
40245.25,0
40245.26,0
40245.27,0
40245.28,0
40245.29,0
40245.3,0
40245.31,0
40245.32,0
40245.33,0
40245.34,0
40245.35,0
40245.36,0
40245.37,0
40245.38,0
40245.39,0
40245.4,0
40245.41,0
40245.42,0
40245.43,0
40245.44,0
40245.45,0
40245.46,0
40245.47,0
40245.48,0
40245.49,0
40245.5,0
40245.51,0
40245.52,0
40245.53,0
40245.54,0
40245.55,0
40245.56,0
40245.57,0
40245.58,0
40245.59,0
40245.6,0
40245.61,0
40245.62,0
40245.63,0
40245.64,0
40245.65,0
40245.66,0
40245.67,0
40245.68,0
40245.69,0
40245.7,0
40245.71,0
40245.72,0
40245.73,0
40245.74,0
40245.75,0
40245.76,0
40245.77,0
40245.78,0
40245.79,0
40245.8,0
40245.81,0
40245.82,0
40245.83,0
40245.84,0
40245.85,0
40245.86,0
40245.87,0
40245.88,0
40245.89,0
40245.9,0
40245.91,0
40245.92,0
40245.93,0
40245.94,0
40245.95,0
40245.96,0
40245.97,0
40245.98,0
40245.99,0
40246,0
40246.01,0
40246.02,0
40246.03,0
40246.04,0
40246.05,0
40246.06,0
40246.07,0
40246.08,0
40246.09,0
40246.1,0
40246.11,0
40246.12,0
40246.13,0
40246.14,0
40246.15,0
40246.16,0
40246.17,0
40246.18,0
40246.19,0
40246.2,0
40246.21,0
40246.22,0
40246.23,0
40246.24,0
40246.25,0
40246.26,0
40246.27,0
40246.28,0
40246.29,0
40246.3,0
40246.31,0
40246.32,0
40246.33,0
40246.34,0
40246.35,0
40246.36,0
40246.37,0
40246.38,0
40246.39,0
40246.4,0
40246.41,0
40246.42,0
40246.43,0
40246.44,0
40246.45,0
40246.46,0
40246.47,0
40246.48,0
40246.49,0
40246.5,0
40246.51,0
40246.52,0
40246.53,0
40246.54,0
40246.55,0
40246.56,0
40246.57,0
40246.58,0
40246.59,0
40246.6,0
40246.61,0
40246.62,0
40246.63,0
40246.64,0
40246.65,0
40246.66,0
40246.67,0
40246.68,0
40246.69,0
40246.7,0
40246.71,0
40246.72,0
40246.73,0
40246.74,0
40246.75,0
40246.76,0
40246.77,0
40246.78,0
40246.79,0
40246.8,0
40246.81,0
40246.82,0
40246.83,0
40246.84,0
40246.85,0
40246.86,0
40246.87,0
40246.88,0
40246.89,0
40246.9,0
40246.91,0
40246.92,0
40246.93,0
40246.94,0
40246.95,0
40246.96,0
40246.97,0
40246.98,0
40246.99,0
40247,0
40247.01,0
40247.02,0
40247.03,0
40247.04,0
40247.05,0
40247.06,0
40247.07,0
40247.08,0
40247.09,0
40247.1,0
40247.11,0
40247.12,0
40247.13,0
40247.14,0
40247.15,0
40247.16,0
40247.17,0
40247.18,0
40247.19,0
40247.2,0
40247.21,0
40247.22,0
40247.23,0
40247.24,0
40247.25,0
40247.26,0
40247.27,0
40247.28,0
40247.29,0
40247.3,0
40247.31,0
40247.32,0
40247.33,0
40247.34,0
40247.35,0
40247.36,0
40247.37,0
40247.38,0
40247.39,0
40247.4,0
40247.41,0
40247.42,0
40247.43,0
40247.44,0
40247.45,0
40247.46,0
40247.47,0
40247.48,0
40247.49,0
40247.5,0
40247.51,0
40247.52,0
40247.53,0
40247.54,0
40247.55,0
40247.56,0
40247.57,0
40247.58,0
40247.59,0
40247.6,0
40247.61,0
40247.62,0
40247.63,0
40247.64,0
40247.65,0
40247.66,0
40247.67,0
40247.68,0
40247.69,0
40247.7,0
40247.71,0
40247.72,0
40247.73,0
40247.74,0
40247.75,0
40247.76,0
40247.77,0
40247.78,0
40247.79,0
40247.8,0
40247.81,0
40247.82,0
40247.83,0
40247.84,0
40247.85,0
40247.86,0
40247.87,0
40247.88,0
40247.89,0
40247.9,0
40247.91,0
40247.92,0
40247.93,0
40247.94,0
40247.95,0
40247.96,0
40247.97,0
40247.98,0
40247.99,0
40248,0
40248.01,0
40248.02,0
40248.03,0
40248.04,0
40248.05,0
40248.06,0
40248.07,0
40248.08,0
40248.09,0
40248.1,0
40248.11,0
40248.12,0
40248.13,0
40248.14,0
40248.15,0
40248.16,0
40248.17,0
40248.18,0
40248.19,0
40248.2,0
40248.21,0
40248.22,0
40248.23,0
40248.24,0
40248.25,0
40248.26,0
40248.27,0
40248.28,0
40248.29,0
40248.3,0
40248.31,0
40248.32,0
40248.33,0
40248.34,0
40248.35,0
40248.36,0
40248.37,0
40248.38,0
40248.39,0
40248.4,0
40248.41,0
40248.42,0
40248.43,0
40248.44,0
40248.45,0
40248.46,0
40248.47,0
40248.48,0
40248.49,0
40248.5,0
40248.51,0
40248.52,0
40248.53,0
40248.54,0
40248.55,0
40248.56,0
40248.57,0
40248.58,0
40248.59,0
40248.6,0
40248.61,0
40248.62,0
40248.63,0
40248.64,0
40248.65,0
40248.66,0
40248.67,0
40248.68,0
40248.69,0
40248.7,0
40248.71,0
40248.72,0
40248.73,0
40248.74,0
40248.75,0
40248.76,0
40248.77,0
40248.78,0
40248.79,0
40248.8,0
40248.81,0
40248.82,0
40248.83,0
40248.84,0
40248.85,0
40248.86,0
40248.87,0
40248.88,0
40248.89,0
40248.9,0
40248.91,0
40248.92,0
40248.93,0
40248.94,0
40248.95,0
40248.96,0
40248.97,0
40248.98,0
40248.99,0
40249,0
40249.01,0
40249.02,0
40249.03,0
40249.04,0
40249.05,0
40249.06,0
40249.07,0
40249.08,0
40249.09,1.49142674664686E-07
40249.1,29.2673899402518
40249.11,132.748426460073
40249.12,129.765179250627
40249.13,134.970762135825
40249.14,136.649890236538
40249.15,134.728390545661
40249.16,119.201136420706
40249.17,98.2603545311977
40249.18,73.4978489818014
40249.19,50.8283582604963
40249.2,33.8897207754329
40249.21,24.7886377386975
40249.22,17.1732179985809
40249.23,12.0258180975165
40249.24,8.68877967145621
40249.25,6.91892844938243
40249.26,6.54713383483428
40249.27,7.00803312501717
40249.28,6.97801359320491
40249.29,6.55517994974244
40249.3,5.74039710134423
40249.31,4.32682807324961
40249.32,0.451288362062685
40249.33,0.386954992014693
40249.34,0.334864914738349
40249.35,0.259050553540125
40249.36,0.208494798528805
40249.37,0.165221129427134
40249.38,0.111297149992447
40249.39,0.051861228988911
40249.4,0
40249.41,0
40249.42,0.19502286394645
40249.43,1.13503910313573
40249.44,2.87245048318409
40249.45,5.01665007107974
40249.46,7.43509102723819
40249.47,9.64740889459847
40249.48,11.9601961977602
40249.49,12.9285677686388
40249.5,11.7806304663061
40249.51,9.62984850724123
40249.52,6.5117845321217
40249.53,2.37886101783284
40249.54,1.96498793070919
40249.55,1.64241043774451
40249.56,1.31778014923403
40249.57,0.669846040238392
40249.58,0.722146939579148
40249.59,1.39851210962188
40249.6,2.724625398298
40249.61,6.68706595469715
40249.62,7.15056553751489
40249.63,7.53521132476695
40249.64,8.24825122775854
40249.65,8.65341560796101
40249.66,10.3792153260299
40249.67,13.0265956686225
40249.68,15.9977255251504
40249.69,19.3237627769243
40249.7,20.5366596855961
40249.71,20.3781342526925
40249.72,19.8799946608961
40249.73,18.0669009671653
40249.74,18.0199228946988
40249.75,20.4234575972704
40249.76,25.0687199496447
40249.77,30.6879993441189
40249.78,32.4733381006519
40249.79,28.8501780821835
40249.8,24.4393709929604
40249.81,18.1525654413989
40249.82,1.23787457297619
40249.83,1.18365045288631
40249.84,1.08784425769357
40249.85,1.06107229980069
40249.86,1.04850497123849
40249.87,0.954849124669492
40249.88,0.906649116646721
40249.89,0.846656669503294
40249.9,0.815745461852299
40249.91,0.797131594594296
40249.92,0.777149133366659
40249.93,0.75939827189709
40249.94,0.761940205199386
40249.95,0.787552332826552
40249.96,0.746973524000752
40249.97,0.726862432133743
40249.98,0.70619119795085
40249.99,2.18287618042181
40250,6.73343684294972
40250.01,14.7639853506609
40250.02,23.9810819689832
40250.03,32.9546187543632
40250.04,40.6645824260861
40250.05,45.145011698912
40250.06,50.7750458674167
40250.07,53.5743883171615
40250.08,49.2968327899152
40250.09,43.0657286217956
40250.1,34.2768752497986
40250.11,32.9963468883162
40250.12,36.7833243612755
40250.13,42.4218262137596
40250.14,50.075010800791
40250.15,55.5305211016495
40250.16,56.0088839220333
40250.17,53.5374088593642
40250.18,47.4192873521492
40250.19,41.683239073941
40250.2,41.1445686086723
40250.21,42.5723948994572
40250.22,45.7416266464143
40250.23,51.6301970321659
40250.24,52.3823043977697
40250.25,47.6705584607699
40250.26,40.5594828784317
40250.27,33.1225112438235
40250.28,28.5821380495902
40250.29,25.7791337223528
40250.3,24.4010206342429
40250.31,23.9650514837697
40250.32,25.8356805032624
40250.33,31.7357817375453
40250.34,41.8722850922657
40250.35,53.9499626077112
40250.36,58.5648677243203
40250.37,55.7786636050331
40250.38,46.8590492605431
40250.39,35.6341473587906
40250.4,27.1773000923828
40250.41,21.4857936486701
40250.42,15.3155076033407
40250.43,10.496388757781
40250.44,2.49014898521142
40250.45,2.21257541232118
40250.46,1.96530095628618
40250.47,1.61003907817237
40250.48,1.31227131293778
40250.49,4.42189529712133
40250.5,13.7804123372002
40250.51,30.0113850637337
40250.52,52.2664770510451
40250.53,65.4370908972947
40250.54,67.6366866755324
40250.55,63.6239170070748
40250.56,54.2821715729032
40250.57,42.8470542900086
40250.58,34.6088186153598
40250.59,27.8522290046619
40250.6,22.2558193628799
40250.61,19.8393527271526
40250.62,18.4281250901378
40250.63,20.1131811706563
40250.64,23.0065119876729
40250.65,27.2663617134001
40250.66,33.6350066850966
40250.67,38.945940954119
40250.68,44.9523419031114
40250.69,51.4905159413657
40250.7,52.2566246284442
40250.71,51.421215761787
40250.72,47.7918863950524
40250.73,43.7170180425156
40250.74,40.1026037287994
40250.75,36.4798566887453
40250.76,32.8977343747727
40250.77,29.0335165370758
40250.78,25.1917880902517
40250.79,22.3173661748018
40250.8,17.9239371111444
40250.81,13.6511886797802
40250.82,0.565073731240468
40250.83,1.10407109568256
40250.84,1.57544610589707
40250.85,2.06763026900657
40250.86,2.52547176712965
40250.87,3.04710011093839
40250.88,3.50737393413379
40250.89,4.03213544047748
40250.9,4.5810868725063
40250.91,5.18974476052185
40250.92,5.52711581966098
40250.93,5.9445633120805
40250.94,6.38442866739844
40250.95,6.79477983258538
40250.96,7.32295367441388
40250.97,8.11789319024322
40250.98,8.60355227098311
40250.99,9.11630318288483
40251,9.3295056354036
40251.01,9.918991286157
40251.02,10.4089278680687
40251.03,10.5483759155643
40251.04,44.3203578037513
40251.05,97.397806720761
40251.06,166.835938753539
40251.07,184.39576752939
40251.08,180.829044350547
40251.09,160.803190789992
40251.1,120.855873902821
40251.11,87.5398414428087
40251.12,66.1311500694701
40251.13,52.7959658111027
40251.14,39.2284701065676
40251.15,28.145351419364
40251.16,21.9895078713852
40251.17,17.4684693126018
40251.18,14.4540263134326
40251.19,12.4747471921018
40251.2,11.3922802980704
40251.21,9.54159181029093
40251.22,7.62769423988216
40251.23,0.913920906243989
40251.24,0.824766916417443
40251.25,0.724508522409971
40251.26,0.654523787636452
40251.27,0.559963332079726
40251.28,0.474527256576437
40251.29,0.395045837486548
40251.3,0.292578180217695
40251.31,0.191909301377101
40251.32,0.0969863021920998
40251.33,0
40251.34,0
40251.35,0
40251.36,0
40251.37,0
40251.38,0
40251.39,0
40251.4,0
40251.41,0
40251.42,0
40251.43,0
40251.44,0
40251.45,0
40251.46,0
40251.47,0
40251.48,0
40251.49,0
40251.5,0
40251.51,0
40251.52,0
40251.53,0
40251.54,0
40251.55,0
40251.56,0
40251.57,0
40251.58,0
40251.59,0
40251.6,0
40251.61,0
40251.62,0
40251.63,0
40251.64,0
40251.65,0
40251.66,0
40251.67,0
40251.68,0
40251.69,0
40251.7,0
40251.71,0
40251.72,0
40251.73,0
40251.74,0
40251.75,0
40251.76,0
40251.77,0
40251.78,0
40251.79,0
40251.8,0
40251.81,0
40251.82,0
40251.83,0
40251.84,0
40251.85,0
40251.86,0
40251.87,0
40251.88,0
40251.89,0
40251.9,0
40251.91,0
40251.92,0
40251.93,0
40251.94,1.953386432822E-08
40251.95,3.79858375492981
40251.96,10.147119938056
40251.97,7.84683490031479
40251.98,5.32288147391997
40251.99,3.52225278948479
40252,2.64840826441951
40252.01,1.71976202230966
40252.02,1.28974884857264
40252.03,0.789006030450877
40252.04,0.566631080422119
40252.05,0.393056624131202
40252.06,0.226215576156351
40252.07,0.130680170349833
40252.08,0.0819719795681459
40252.09,0.0289164665701645
40252.1,0.00749083900770181
40252.11,0.0254013052916029
40252.12,0.443024045776518
40252.13,1.39914719955434
40252.14,2.84576649647614
40252.15,4.44806008679324
40252.16,5.11195680749587
40252.17,4.96142293134784
40252.18,4.55212630067893
40252.19,1.76899299815225
40252.2,1.67424445897428
40252.21,1.58425150751778
40252.22,1.45432537160952
40252.23,1.34509684198041
40252.24,1.26772023486779
40252.25,1.65842827427365
40252.26,2.71414609893161
40252.27,4.28573708192026
40252.28,6.30510751550133
40252.29,9.11588900123953
40252.3,12.309325330169
40252.31,15.5579921552671
40252.32,17.2105559642125
40252.33,16.1642989947606
40252.34,13.3310539640963
40252.35,10.5221903087187
40252.36,3.05150141016353
40252.37,2.67986656387637
40252.38,2.27315543204963
40252.39,1.99020623871214
40252.4,1.71362842317276
40252.41,1.17947237550784
40252.42,1.45809671159601
40252.43,2.36919446287884
40252.44,3.54779149580843
40252.45,4.24584241965518
40252.46,4.23620238168093
40252.47,3.45297245994917
40252.48,0
40252.49,0
40252.5,0
40252.51,0
40252.52,0
40252.53,0
40252.54,0
40252.55,0
40252.56,0
40252.57,0
40252.58,0
40252.59,0
40252.6,0
40252.61,0
40252.62,0
40252.63,0
40252.64,0
40252.65,0
40252.66,0
40252.67,0
40252.68,0
40252.69,0
40252.7,0
40252.71,0
40252.72,0
40252.73,0
40252.74,0
40252.75,0
40252.76,0
40252.77,0
40252.78,0
40252.79,0
40252.8,0
40252.81,0
40252.82,0
40252.83,0
40252.84,0
40252.85,0
40252.86,0
40252.87,0
40252.88,0
40252.89,0
40252.9,0
40252.91,0
40252.92,0
40252.93,0
40252.94,0
40252.95,0
40252.96,0
40252.97,0
40252.98,0
40252.99,0
40253,0
40253.01,0
40253.02,0
40253.03,0
40253.04,0
40253.05,0
40253.06,0
40253.07,0
40253.08,0
40253.09,0
40253.1,0
40253.11,0
40253.12,0
40253.13,0
40253.14,0
40253.15,0
40253.16,0
40253.17,0
40253.18,0
40253.19,0
40253.2,0
40253.21,0
40253.22,0
40253.23,0
40253.24,0
40253.25,0
40253.26,0
40253.27,0
40253.28,0
40253.29,0
40253.3,0
40253.31,0
40253.32,0
40253.33,0
40253.34,0
40253.35,0
40253.36,0
40253.37,0
40253.38,0
40253.39,0
40253.4,0
40253.41,0
40253.42,0
40253.43,0
40253.44,0
40253.45,0
40253.46,0
40253.47,0
40253.48,0
40253.49,0
40253.5,0
40253.51,0
40253.52,0
40253.53,0
40253.54,0
40253.55,0
40253.56,0
40253.57,0
40253.58,0
40253.59,0
40253.6,0
40253.61,0
40253.62,0
40253.63,0
40253.64,0
40253.65,0
40253.66,0
40253.67,0
40253.68,0
40253.69,0
40253.7,0
40253.71,0
40253.72,0
40253.73,0
40253.74,0
40253.75,0
40253.76,0
40253.77,0
40253.78,0
40253.79,0
40253.8,0
40253.81,0
40253.82,0
40253.83,0
40253.84,0
40253.85,0
40253.86,0
40253.87,0
40253.88,0
40253.89,0
40253.9,0
40253.91,0
40253.92,0
40253.93,0
40253.94,0
40253.95,0
40253.96,0
40253.97,0
40253.98,0
40253.99,0
40254,0
40254.01,0
40254.02,0
40254.03,0
40254.04,0
40254.05,0
40254.06,0
40254.07,0
40254.08,0
40254.09,0
40254.1,0
40254.11,0
40254.12,0
40254.13,0
40254.14,0
40254.15,0
40254.16,0
40254.17,0
40254.18,0
40254.19,0
40254.2,0
40254.21,0
40254.22,0
40254.23,0
40254.24,0
40254.25,0
40254.26,0
40254.27,0
40254.28,0
40254.29,0
40254.3,0
40254.31,0
40254.32,0
40254.33,0
40254.34,0
40254.35,0
40254.36,0
40254.37,0
40254.38,0
40254.39,0
40254.4,0
40254.41,0
40254.42,0
40254.43,0
40254.44,0
40254.45,0
40254.46,0
40254.47,0
40254.48,0
40254.49,0
40254.5,0
40254.51,0
40254.52,0
40254.53,0
40254.54,0
40254.55,0
40254.56,0
40254.57,0
40254.58,0
40254.59,0
40254.6,0
40254.61,0
40254.62,0
40254.63,0
40254.64,0
40254.65,0
40254.66,0
40254.67,0
40254.68,0
40254.69,0
40254.7,0
40254.71,0
40254.72,0
40254.73,0
40254.74,0
40254.75,0
40254.76,0
40254.77,0
40254.78,0
40254.79,0
40254.8,0
40254.81,0
40254.82,0
40254.83,0
40254.84,0
40254.85,0
40254.86,0
40254.87,0
40254.88,0
40254.89,0
40254.9,0
40254.91,0
40254.92,0
40254.93,0
40254.94,0
40254.95,0
40254.96,0
40254.97,0
40254.98,0
40254.99,0
40255,0
40255.01,0
40255.02,0
40255.03,0
40255.04,0
40255.05,0
40255.06,0
40255.07,0
40255.08,0
40255.09,0
40255.1,0
40255.11,0
40255.12,0
40255.13,0
40255.14,0
40255.15,0
40255.16,0
40255.17,0
40255.18,0
40255.19,0
40255.2,0
40255.21,0
40255.22,0
40255.23,0
40255.24,0
40255.25,0
40255.26,0
40255.27,0
40255.28,0
40255.29,0
40255.3,0
40255.31,0
40255.32,0
40255.33,0
40255.34,0
40255.35,0
40255.36,0
40255.37,0
40255.38,0
40255.39,0
40255.4,0
40255.41,0
40255.42,0
40255.43,0
40255.44,0
40255.45,0
40255.46,0
40255.47,0
40255.48,0
40255.49,0
40255.5,0
40255.51,0
40255.52,0
40255.53,0
40255.54,0
40255.55,0
40255.56,0
40255.57,0
40255.58,0
40255.59,0
40255.6,0
40255.61,0
40255.62,0
40255.63,0
40255.64,0
40255.65,0
40255.66,0
40255.67,0
40255.68,0
40255.69,0
40255.7,0
40255.71,0
40255.72,0
40255.73,0
40255.74,0
40255.75,0
40255.76,0
40255.77,0
40255.78,0
40255.79,0
40255.8,0
40255.81,0
40255.82,0
40255.83,0
40255.84,0
40255.85,0
40255.86,0
40255.87,0
40255.88,0
40255.89,0
40255.9,0
40255.91,0
40255.92,0
40255.93,0
40255.94,0
40255.95,0
40255.96,0
40255.97,0
40255.98,0
40255.99,0
40256,0
40256.01,0
40256.02,0
40256.03,0
40256.04,0
40256.05,0
40256.06,0
40256.07,0
40256.08,0
40256.09,0
40256.1,0
40256.11,0
40256.12,0
40256.13,0
40256.14,0
40256.15,0
40256.16,0
40256.17,0
40256.18,0
40256.19,0
40256.2,0
40256.21,0
40256.22,0
40256.23,0
40256.24,0
40256.25,0
40256.26,0
40256.27,0
40256.28,0
40256.29,0
40256.3,0
40256.31,0
40256.32,0
40256.33,0
40256.34,0
40256.35,0
40256.36,0
40256.37,0
40256.38,0
40256.39,0
40256.4,0
40256.41,0
40256.42,0
40256.43,0
40256.44,0
40256.45,0
40256.46,0
40256.47,0
40256.48,0
40256.49,0
40256.5,0
40256.51,0
40256.52,0
40256.53,0
40256.54,0
40256.55,0
40256.56,0
40256.57,0
40256.58,0
40256.59,0
40256.6,0
40256.61,0
40256.62,0
40256.63,0
40256.64,0
40256.65,0
40256.66,0
40256.67,0
40256.68,0
40256.69,0
40256.7,0
40256.71,0
40256.72,0
40256.73,0
40256.74,0
40256.75,0
40256.76,0
40256.77,0
40256.78,0
40256.79,0
40256.8,0
40256.81,0
40256.82,0
40256.83,0
40256.84,0
40256.85,0
40256.86,0
40256.87,0
40256.88,0
40256.89,0
40256.9,0
40256.91,0
40256.92,0
40256.93,0
40256.94,0
40256.95,0
40256.96,0
40256.97,0
40256.98,0
40256.99,0
40257,0
40257.01,0
40257.02,0
40257.03,0
40257.04,0
40257.05,0
40257.06,0
40257.07,0
40257.08,0
40257.09,0
40257.1,0
40257.11,0
40257.12,0
40257.13,0
40257.14,0
40257.15,0
40257.16,0
40257.17,0
40257.18,0
40257.19,0
40257.2,0
40257.21,0
40257.22,0
40257.23,0
40257.24,0
40257.25,0
40257.26,0
40257.27,0
40257.28,0
40257.29,0
40257.3,0
40257.31,0
40257.32,0
40257.33,0
40257.34,0
40257.35,0
40257.36,0
40257.37,0
40257.38,0
40257.39,0
40257.4,0
40257.41,0
40257.42,0
40257.43,0
40257.44,0
40257.45,0
40257.46,0
40257.47,0
40257.48,0
40257.49,0
40257.5,0
40257.51,0
40257.52,0
40257.53,0
40257.54,0
40257.55,0
40257.56,0
40257.57,0
40257.58,0
40257.59,0
40257.6,0
40257.61,0
40257.62,0
40257.63,0
40257.64,0
40257.65,0
40257.66,0
40257.67,0
40257.68,0
40257.69,0
40257.7,0
40257.71,0
40257.72,0
40257.73,0
40257.74,0
40257.75,0
40257.76,0
40257.77,0
40257.78,0
40257.79,0
40257.8,0
40257.81,0
40257.82,0
40257.83,0
40257.84,0
40257.85,0
40257.86,0
40257.87,0
40257.88,0
40257.89,0
40257.9,0
40257.91,0
40257.92,0
40257.93,0
40257.94,0
40257.95,0
40257.96,0
40257.97,0
40257.98,0
40257.99,0
40258,0
40258.01,0
40258.02,0
40258.03,0
40258.04,0
40258.05,0
40258.06,0
40258.07,0
40258.08,0
40258.09,0
40258.1,0
40258.11,0
40258.12,0
40258.13,0
40258.14,0
40258.15,0
40258.16,0
40258.17,0
40258.18,0
40258.19,0
40258.2,0
40258.21,0
40258.22,0
40258.23,0
40258.24,0
40258.25,0
40258.26,0
40258.27,0
40258.28,0
40258.29,0
40258.3,0
40258.31,0
40258.32,0
40258.33,0
40258.34,0
40258.35,0
40258.36,0
40258.37,0
40258.38,0
40258.39,0
40258.4,0
40258.41,0
40258.42,0
40258.43,0
40258.44,0
40258.45,0
40258.46,0
40258.47,0
40258.48,0
40258.49,0
40258.5,0
40258.51,0
40258.52,0
40258.53,0
40258.54,0
40258.55,0
40258.56,0
40258.57,0
40258.58,0
40258.59,0
40258.6,0
40258.61,0
40258.62,0
40258.63,0
40258.64,0
40258.65,0
40258.66,0
40258.67,0
40258.68,0
40258.69,0
40258.7,0
40258.71,0
40258.72,0
40258.73,0
40258.74,0
40258.75,0
40258.76,0
40258.77,0
40258.78,0
40258.79,0
40258.8,0
40258.81,0
40258.82,0
40258.83,0
40258.84,0
40258.85,0
40258.86,0
40258.87,0
40258.88,0
40258.89,0
40258.9,0
40258.91,0
40258.92,0
40258.93,0
40258.94,0
40258.95,0
40258.96,0
40258.97,0
40258.98,0
40258.99,0
40259,0
40259.01,0
40259.02,0
40259.03,0
40259.04,0
40259.05,0
40259.06,0
40259.07,0
40259.08,0
40259.09,0
40259.1,0
40259.11,0
40259.12,0
40259.13,0
40259.14,0
40259.15,0
40259.16,0
40259.17,0
40259.18,0
40259.19,0
40259.2,0
40259.21,0
40259.22,0
40259.23,0
40259.24,0
40259.25,0
40259.26,0
40259.27,0
40259.28,0
40259.29,0
40259.3,0
40259.31,0
40259.32,0
40259.33,0
40259.34,0
40259.35,0
40259.36,0
40259.37,0
40259.38,0
40259.39,0
40259.4,0
40259.41,0
40259.42,0
40259.43,0
40259.44,0
40259.45,0
40259.46,5.64593077768893
40259.47,50.6691596258017
40259.48,73.7888742955059
40259.49,48.4335094188358
40259.5,34.6351440032993
40259.51,23.9278822154114
40259.52,13.5254879526955
40259.53,7.54688082805164
40259.54,3.4069764937753
40259.55,3.58375810512992
40259.56,3.64292908679998
40259.57,3.76317161949615
40259.58,7.54387219849281
40259.59,15.8607516214716
40259.6,28.0011112537021
40259.61,51.1459266931634
40259.62,91.3508966259225
40259.63,137.669722954565
40259.64,179.189038416541
40259.65,208.593978116946
40259.66,194.100208000966
40259.67,159.532334217883
40259.68,111.984934211117
40259.69,68.9282659655825
40259.7,43.6248236368644
40259.71,29.3361260518079
40259.72,21.186207820029
40259.73,2.06034629377889
40259.74,1.91257652404989
40259.75,1.75017231939554
40259.76,1.50508780962706
40259.77,1.41193929252989
40259.78,1.22455541602576
40259.79,1.11431941803947
40259.8,0.950930082688768
40259.81,0.811175935252946
40259.82,0.623793777240915
40259.83,0.500648016234512
40259.84,0.2994937628102
40259.85,0.118857216333432
40259.86,0
40259.87,0
40259.88,0
40259.89,0
40259.9,0
40259.91,0
40259.92,0
40259.93,0
40259.94,0
40259.95,0
40259.96,0
40259.97,0
40259.98,0
40259.99,0
40260,0
40260.01,0
40260.02,0
40260.03,0
40260.04,0
40260.05,0
40260.06,0
40260.07,0
40260.08,0
40260.09,0
40260.1,0
40260.11,0
40260.12,0
40260.13,0
40260.14,0
40260.15,0
40260.16,0
40260.17,0
40260.18,0
40260.19,0
40260.2,0
40260.21,0
40260.22,0
40260.23,0
40260.24,0
40260.25,0
40260.26,0
40260.27,0
40260.28,0
40260.29,0
40260.3,0
40260.31,0
40260.32,0
40260.33,0
40260.34,0
40260.35,0
40260.36,0
40260.37,0
40260.38,0
40260.39,0
40260.4,0
40260.41,0
40260.42,0
40260.43,0
40260.44,0
40260.45,0
40260.46,0
40260.47,0
40260.48,0
40260.49,0
40260.5,0
40260.51,0
40260.52,0
40260.53,0
40260.54,0
40260.55,0
40260.56,0
40260.57,0
40260.58,0
40260.59,0
40260.6,0
40260.61,0
40260.62,0
40260.63,0
40260.64,0
40260.65,0
40260.66,0
40260.67,0
40260.68,0
40260.69,0
40260.7,0
40260.71,0
40260.72,0
40260.73,0
40260.74,0
40260.75,0
40260.76,0
40260.77,0
40260.78,0
40260.79,0
40260.8,0
40260.81,0
40260.82,0
40260.83,0
40260.84,0
40260.85,0
40260.86,0
40260.87,0
40260.88,0
40260.89,0
40260.9,0
40260.91,0
40260.92,0
40260.93,0
40260.94,0
40260.95,0
40260.96,0
40260.97,0
40260.98,0
40260.99,0
40261,0
40261.01,0
40261.02,0
40261.03,0
40261.04,0
40261.05,0
40261.06,0
40261.07,0
40261.08,0
40261.09,0
40261.1,0
40261.11,0
40261.12,0
40261.13,0
40261.14,0
40261.15,0
40261.16,0
40261.17,0
40261.18,0
40261.19,0
40261.2,0
40261.21,0
40261.22,0
40261.23,0
40261.24,0
40261.25,0
40261.26,0
40261.27,0
40261.28,0
40261.29,0
40261.3,0
40261.31,0
40261.32,0
40261.33,0
40261.34,0
40261.35,0
40261.36,0
40261.37,0
40261.38,0
40261.39,0
40261.4,0
40261.41,0
40261.42,0
40261.43,0
40261.44,0
40261.45,0
40261.46,0
40261.47,0
40261.48,0
40261.49,0
40261.5,0
40261.51,0
40261.52,0
40261.53,0
40261.54,0
40261.55,0
40261.56,0
40261.57,0
40261.58,0
40261.59,0
40261.6,0
40261.61,0
40261.62,0
40261.63,0
40261.64,0
40261.65,0
40261.66,0
40261.67,0
40261.68,0
40261.69,0
40261.7,0
40261.71,0
40261.72,0
40261.73,0
40261.74,0
40261.75,0
40261.76,0
40261.77,0
40261.78,0
40261.79,0
40261.8,0
40261.81,0
40261.82,0
40261.83,0
40261.84,0
40261.85,0
40261.86,0
40261.87,0
40261.88,0
40261.89,0
40261.9,0
40261.91,0
40261.92,0
40261.93,0
40261.94,0
40261.95,0
40261.96,0
40261.97,0
40261.98,0
40261.99,0
40262,0
40262.01,0
40262.02,0
40262.03,0
40262.04,0
40262.05,0
40262.06,0
40262.07,0
40262.08,0
40262.09,0
40262.1,0
40262.11,0
40262.12,0
40262.13,0
40262.14,0
40262.15,0
40262.16,0
40262.17,0
40262.18,0
40262.19,0
40262.2,0
40262.21,0
40262.22,0
40262.23,0
40262.24,0
40262.25,0
40262.26,0
40262.27,0
40262.28,0
40262.29,0
40262.3,0
40262.31,0
40262.32,0
40262.33,0
40262.34,0
40262.35,0
40262.36,0
40262.37,0
40262.38,0
40262.39,0
40262.4,0
40262.41,0
40262.42,0
40262.43,0
40262.44,0
40262.45,0
40262.46,0
40262.47,0
40262.48,0
40262.49,0
40262.5,0
40262.51,0
40262.52,0
40262.53,0
40262.54,0
40262.55,0
40262.56,0
40262.57,0
40262.58,0
40262.59,0
40262.6,0
40262.61,0
40262.62,0
40262.63,0
40262.64,0
40262.65,0
40262.66,0
40262.67,0
40262.68,0
40262.69,0
40262.7,0
40262.71,0
40262.72,0
40262.73,0
40262.74,0
40262.75,0
40262.76,0
40262.77,0
40262.78,0
40262.79,0
40262.8,0
40262.81,0
40262.82,0
40262.83,0
40262.84,0
40262.85,0
40262.86,0
40262.87,0
40262.88,0
40262.89,0
40262.9,0
40262.91,0
40262.92,0
40262.93,0
40262.94,0
40262.95,0
40262.96,0
40262.97,0
40262.98,0
40262.99,0
40263,0
40263.01,0
40263.02,0
40263.03,0
40263.04,0
40263.05,0
40263.06,2.19241417860132E-07
40263.07,43.7135784594293
40263.08,51.4678240623612
40263.09,51.12725393103
40263.1,49.4733213964928
40263.11,49.713928033556
40263.12,47.6947204702635
40263.13,50.5864041732458
40263.14,51.1870298674211
40263.15,49.8767034518953
40263.16,46.5930464586845
40263.17,40.8088725523825
40263.18,33.7968580990586
40263.19,28.0074786530308
40263.2,27.7590395196651
40263.21,32.4547490684765
40263.22,43.0462550617165
40263.23,55.3107300685
40263.24,57.3109737175161
40263.25,49.2768528375345
40263.26,37.8459784598282
40263.27,27.3881603945212
40263.28,20.0781054228739
40263.29,19.3768358710738
40263.3,22.3576040484367
40263.31,28.4923192669711
40263.32,33.1916120417803
40263.33,35.8369815652311
40263.34,39.22483584458
40263.35,38.2656456337616
40263.36,35.6140564182689
40263.37,32.5161526880069
40263.38,28.8069326020079
40263.39,24.1235737357078
40263.4,19.1739332585215
40263.41,15.258823036728
40263.42,11.37049142463
40263.43,6.82979739531906
40263.44,0
40263.45,0
40263.46,0
40263.47,0
40263.48,0
40263.49,0
40263.5,0
40263.51,0
40263.52,0
40263.53,0
40263.54,0
40263.55,0
40263.56,0
40263.57,0
40263.58,0
40263.59,0
40263.6,0
40263.61,0
40263.62,0
40263.63,0
40263.64,0
40263.65,0
40263.66,0
40263.67,0
40263.68,0
40263.69,0
40263.7,0
40263.71,0
40263.72,0
40263.73,0
40263.74,0
40263.75,0
40263.76,0
40263.77,0
40263.78,0
40263.79,0
40263.8,0
40263.81,0
40263.82,0
40263.83,0
40263.84,0
40263.85,0
40263.86,0
40263.87,0
40263.88,0
40263.89,0
40263.9,0
40263.91,0
40263.92,0
40263.93,0
40263.94,0
40263.95,0
40263.96,0
40263.97,0
40263.98,0
40263.99,0
40264,0
40264.01,0
40264.02,0
40264.03,0
40264.04,0
40264.05,0
40264.06,0
40264.07,0
40264.08,0
40264.09,0
40264.1,0
40264.11,0
40264.12,0
40264.13,0
40264.14,0
40264.15,0
40264.16,0
40264.17,0
40264.18,0
40264.19,0
40264.2,0
40264.21,0
40264.22,0
40264.23,0
40264.24,0
40264.25,0
40264.26,0
40264.27,0
40264.28,0
40264.29,0
40264.3,0
40264.31,0
40264.32,0
40264.33,0
40264.34,0
40264.35,0
40264.36,0
40264.37,0
40264.38,0
40264.39,0
40264.4,0
40264.41,0
40264.42,0
40264.43,0
40264.44,0
40264.45,0
40264.46,0
40264.47,0
40264.48,0
40264.49,0
40264.5,0
40264.51,0
40264.52,0
40264.53,0
40264.54,0
40264.55,0
40264.56,0
40264.57,0
40264.58,0
40264.59,0
40264.6,0
40264.61,0
40264.62,0
40264.63,0
40264.64,0
40264.65,0
40264.66,0
40264.67,0
40264.68,0
40264.69,0
40264.7,0
40264.71,0
40264.72,0
40264.73,0
40264.74,0
40264.75,0
40264.76,0
40264.77,0
40264.78,0
40264.79,0
40264.8,0
40264.81,0
40264.82,0
40264.83,0
40264.84,0
40264.85,0
40264.86,0
40264.87,0
40264.88,0
40264.89,0
40264.9,0
40264.91,0
40264.92,0
40264.93,0
40264.94,0
40264.95,0
40264.96,0
40264.97,0
40264.98,0
40264.99,0
40265,0
40265.01,0
40265.02,0
40265.03,0
40265.04,0
40265.05,0
40265.06,0
40265.07,0
40265.08,0
40265.09,0
40265.1,0
40265.11,0
40265.12,0
40265.13,0
40265.14,0
40265.15,0
40265.16,0
40265.17,0
40265.18,0
40265.19,0
40265.2,0
40265.21,0
40265.22,0
40265.23,0
40265.24,0
40265.25,0
40265.26,0
40265.27,0
40265.28,0
40265.29,0
40265.3,0
40265.31,0
40265.32,0
40265.33,0
40265.34,0
40265.35,0
40265.36,0
40265.37,0
40265.38,0
40265.39,0
40265.4,0
40265.41,0
40265.42,0
40265.43,0
40265.44,0
40265.45,0
40265.46,0
40265.47,0
40265.48,0
40265.49,0
40265.5,0
40265.51,0
40265.52,0
40265.53,0
40265.54,0
40265.55,0
40265.56,0
40265.57,0
40265.58,0
40265.59,0
40265.6,0
40265.61,0
40265.62,0
40265.63,0
40265.64,0
40265.65,0
40265.66,0
40265.67,0
40265.68,0
40265.69,0
40265.7,0
40265.71,0
40265.72,0
40265.73,0
40265.74,0
40265.75,0
40265.76,0
40265.77,0
40265.78,0
40265.79,0
40265.8,0
40265.81,0
40265.82,7.40009188974494E-07
40265.83,141.615606855758
40265.84,205.664224857703
40265.85,250.020761924234
40265.86,268.82128235351
40265.87,254.681881509036
40265.88,223.373157045824
40265.89,193.446620544467
40265.9,173.829689908193
40265.91,170.481883123059
40265.92,187.76942114284
40265.93,212.301933359796
40265.94,232.476706741593
40265.95,234.657661109034
40265.96,216.362261181679
40265.97,189.488305042064
40265.98,150.912625579959
40265.99,116.95517240925
40266,89.4099921532002
40266.01,68.0701095676709
40266.02,52.315960967019
40266.03,41.3154638046434
40266.04,37.8516173654096
40266.05,34.6806976361198
40266.06,33.3663239286463
40266.07,32.8274235137922
40266.08,30.9912156289307
40266.09,26.4399285607026
40266.1,22.6727122176405
40266.11,15.016717112055
40266.12,13.9030482175233
40266.13,13.0239399089018
40266.14,13.177945310581
40266.15,12.8067379194487
40266.16,11.4900662090054
40266.17,9.75328726190097
40266.18,7.76756555270776
40266.19,6.42427352014344
40266.2,5.95825305415659
40266.21,7.33407379429063
40266.22,10.4470870658573
40266.23,13.9595935099707
40266.24,16.8804496848779
40266.25,17.9525229442413
40266.26,17.8192119436031
40266.27,15.9734363254205
40266.28,14.6324077659743
40266.29,15.6241242974103
40266.3,16.8814187630044
40266.31,18.7602970663224
40266.32,21.8874111436769
40266.33,26.8649344088605
40266.34,32.5855371082804
40266.35,37.9023944308001
40266.36,42.4283857319462
40266.37,43.0051234433382
40266.38,40.6721540240615
40266.39,37.6211082041948
40266.4,31.7541686798177
40266.41,25.7976655515081
40266.42,19.7958387465351
40266.43,15.3273075785273
40266.44,10.0752857598878
40266.45,7.94902087618101
40266.46,8.2569726933232
40266.47,9.89263561308053
40266.48,13.4787149493407
40266.49,15.9387520115295
40266.5,16.7689135519374
40266.51,16.1919357576471
40266.52,14.9662348341092
40266.53,13.7268246033623
40266.54,13.0125187116108
40266.55,12.005973495507
40266.56,11.4464830110637
40266.57,10.8124252446323
40266.58,9.0957287680632
40266.59,7.48000792525512
40266.6,5.34913768462204
40266.61,0
40266.62,0
40266.63,0
40266.64,0
40266.65,0
40266.66,0
40266.67,0
40266.68,0
40266.69,0
40266.7,0
40266.71,0
40266.72,0
40266.73,0
40266.74,0
40266.75,0
40266.76,0
40266.77,0
40266.78,0
40266.79,0
40266.8,0
40266.81,0
40266.82,0
40266.83,0
40266.84,0
40266.85,0
40266.86,0
40266.87,0
40266.88,0
40266.89,0
40266.9,0
40266.91,0
40266.92,0
40266.93,0
40266.94,0
40266.95,0
40266.96,0
40266.97,0
40266.98,0
40266.99,0
40267,0
40267.01,0
40267.02,0
40267.03,0
40267.04,0
40267.05,0
40267.06,0
40267.07,0
40267.08,0
40267.09,0
40267.1,0
40267.11,0
40267.12,0
40267.13,0
40267.14,0
40267.15,0
40267.16,0
40267.17,0
40267.18,0
40267.19,0
40267.2,0
40267.21,0
40267.22,0
40267.23,0
40267.24,0
40267.25,0
40267.26,0
40267.27,0
40267.28,0
40267.29,0
40267.3,0
40267.31,0
40267.32,0
40267.33,0
40267.34,0
40267.35,0
40267.36,0
40267.37,0
40267.38,0
40267.39,0
40267.4,0
40267.41,0
40267.42,0
40267.43,0
40267.44,0
40267.45,0
40267.46,0
40267.47,0
40267.48,0
40267.49,0
40267.5,0
40267.51,0
40267.52,0
40267.53,0
40267.54,0
40267.55,0
40267.56,0
40267.57,0
40267.58,0
40267.59,0
40267.6,0
40267.61,0
40267.62,0
40267.63,0
40267.64,0
40267.65,0
40267.66,0
40267.67,0
40267.68,0
40267.69,0
40267.7,0
40267.71,0
40267.72,0
40267.73,0
40267.74,0
40267.75,0
40267.76,0
40267.77,0
40267.78,0
40267.79,0
40267.8,0
40267.81,0
40267.82,0
40267.83,0
40267.84,0
40267.85,0
40267.86,0
40267.87,0
40267.88,0
40267.89,0
40267.9,0
40267.91,0
40267.92,0
40267.93,0
40267.94,0
40267.95,0
40267.96,0
40267.97,0
40267.98,0
40267.99,0
40268,0
40268.01,0
40268.02,0
40268.03,0
40268.04,0
40268.05,0
40268.06,0
40268.07,0
40268.08,0
40268.09,0
40268.1,0
40268.11,0
40268.12,0
40268.13,0
40268.14,0
40268.15,0
40268.16,0
40268.17,0
40268.18,0
40268.19,0
40268.2,0
40268.21,0
40268.22,0
40268.23,0
40268.24,0
40268.25,0
40268.26,0
40268.27,0
40268.28,0
40268.29,0
40268.3,0
40268.31,0
40268.32,0
40268.33,0
40268.34,0
40268.35,0
40268.36,0
40268.37,0
40268.38,0
40268.39,0
40268.4,0
40268.41,0
40268.42,0
40268.43,0
40268.44,0
40268.45,0
40268.46,0
40268.47,0
40268.48,0
40268.49,0
40268.5,0
40268.51,0
40268.52,0
40268.53,0
40268.54,0
40268.55,0
40268.56,0
40268.57,0
40268.58,0
40268.59,0
40268.6,0
40268.61,0
40268.62,0
40268.63,0
40268.64,0
40268.65,0
40268.66,0
40268.67,0
40268.68,0
40268.69,0
40268.7,0
40268.71,0
40268.72,0
40268.73,0
40268.74,0
40268.75,0
40268.76,0
40268.77,0
40268.78,0
40268.79,0
40268.8,0
40268.81,0
40268.82,0
40268.83,0
40268.84,0
40268.85,0
40268.86,0
40268.87,0
40268.88,0
40268.89,0
40268.9,0
40268.91,0
40268.92,0
40268.93,0
40268.94,0
40268.95,0
40268.96,0
40268.97,0
40268.98,0
40268.99,0
40269,0
40269.01,0
40269.02,0
40269.03,0
40269.04,0
40269.05,0
40269.06,0
40269.07,0
40269.08,0
40269.09,0
40269.1,0
40269.11,0
40269.12,0
40269.13,0
40269.14,0
40269.15,0
40269.16,0
40269.17,0
40269.18,0
40269.19,0
40269.2,0
40269.21,0
40269.22,0
40269.23,0
40269.24,0
40269.25,0
40269.26,0
40269.27,0
40269.28,0
40269.29,0
40269.3,0
40269.31,0
40269.32,0
40269.33,0
40269.34,0
40269.35,0
40269.36,0
40269.37,0
40269.38,0
40269.39,0
40269.4,0
40269.41,0
40269.42,0
40269.43,0
40269.44,0
40269.45,0
40269.46,0
40269.47,0
40269.48,0
40269.49,0
40269.5,0
40269.51,0
40269.52,0
40269.53,0
40269.54,0
40269.55,0
40269.56,0
40269.57,0
40269.58,0
40269.59,0
40269.6,0
40269.61,0
40269.62,0
40269.63,0
40269.64,0
40269.65,0
40269.66,0
40269.67,0
40269.68,0
40269.69,0
40269.7,0
40269.71,0
40269.72,0
40269.73,0
40269.74,0
40269.75,0
40269.76,0
40269.77,0
40269.78,0
40269.79,0
40269.8,0
40269.81,0
40269.82,0
40269.83,0
40269.84,0
40269.85,0
40269.86,0
40269.87,0
40269.88,0
40269.89,0
40269.9,0
40269.91,0
40269.92,0
40269.93,0
40269.94,0
40269.95,0
40269.96,0
40269.97,0
40269.98,0
40269.99,0
40270,0
40270.01,0
40270.02,0
40270.03,0
40270.04,0
40270.05,0
40270.06,0
40270.07,0
40270.08,0
40270.09,0
40270.1,0
40270.11,0
40270.12,0
40270.13,0
40270.14,0
40270.15,0
40270.16,0
40270.17,0
40270.18,0
40270.19,0
40270.2,0
40270.21,0
40270.22,0
40270.23,0
40270.24,0
40270.25,0
40270.26,0
40270.27,0
40270.28,0
40270.29,0
40270.3,0
40270.31,0
40270.32,0
40270.33,0
40270.34,0
40270.35,0
40270.36,0
40270.37,0
40270.38,0
40270.39,0
40270.4,0
40270.41,0
40270.42,0
40270.43,0
40270.44,0
40270.45,0
40270.46,0
40270.47,0
40270.48,0
40270.49,0
40270.5,0
40270.51,0
40270.52,0
40270.53,0
40270.54,0
40270.55,0
40270.56,0
40270.57,0
40270.58,0
40270.59,0
40270.6,0
40270.61,0
40270.62,0
40270.63,0
40270.64,0
40270.65,0
40270.66,0
40270.67,0
40270.68,0
40270.69,0
40270.7,0
40270.71,0
40270.72,0
40270.73,0
40270.74,0
40270.75,0
40270.76,0
40270.77,0
40270.78,0
40270.79,0
40270.8,0
40270.81,0
40270.82,0
40270.83,0
40270.84,0
40270.85,0
40270.86,0
40270.87,0
40270.88,0
40270.89,0
40270.9,0
40270.91,0
40270.92,0
40270.93,0
40270.94,0
40270.95,0
40270.96,0
40270.97,0
40270.98,0
40270.99,0
40271,0
40271.01,0
40271.02,0
40271.03,0
40271.04,0
40271.05,0
40271.06,0
40271.07,0
40271.08,0
40271.09,0
40271.1,0
40271.11,0
40271.12,0
40271.13,0
40271.14,0
40271.15,0
40271.16,0
40271.17,0
40271.18,0
40271.19,0
40271.2,0
40271.21,0
40271.22,0
40271.23,0
40271.24,0
40271.25,0
40271.26,0
40271.27,0
40271.28,0
40271.29,0
40271.3,0
40271.31,0
40271.32,0
40271.33,0
40271.34,0
40271.35,0
40271.36,0
40271.37,0
40271.38,0
40271.39,0
40271.4,0
40271.41,0
40271.42,0
40271.43,0
40271.44,0
40271.45,0
40271.46,0
40271.47,0
40271.48,0
40271.49,0
40271.5,0
40271.51,0
40271.52,0
40271.53,0
40271.54,0
40271.55,0
40271.56,0
40271.57,0
40271.58,0
40271.59,0
40271.6,0
40271.61,0
40271.62,0
40271.63,0
40271.64,0
40271.65,0
40271.66,0
40271.67,0
40271.68,0
40271.69,0
40271.7,0
40271.71,0
40271.72,0
40271.73,0
40271.74,0
40271.75,0
40271.76,0
40271.77,0
40271.78,0
40271.79,0
40271.8,0
40271.81,0
40271.82,0
40271.83,0
40271.84,0
40271.85,0
40271.86,0
40271.87,0
40271.88,0
40271.89,0
40271.9,0
40271.91,0
40271.92,0
40271.93,0
40271.94,0
40271.95,0
40271.96,0
40271.97,0
40271.98,0
40271.99,0
40272,0
40272.01,0
40272.02,0
40272.03,0
40272.04,0
40272.05,0
40272.06,0
40272.07,0
40272.08,0
40272.09,0
40272.1,0
40272.11,0
40272.12,0
40272.13,0
40272.14,0
40272.15,0
40272.16,0
40272.17,0
40272.18,0
40272.19,0
40272.2,0
40272.21,0
40272.22,0
40272.23,0
40272.24,0
40272.25,0
40272.26,0
40272.27,0
40272.28,0
40272.29,0
40272.3,0
40272.31,0
40272.32,0
40272.33,0
40272.34,0
40272.35,0
40272.36,0
40272.37,0
40272.38,0
40272.39,0
40272.4,0
40272.41,0
40272.42,0
40272.43,0
40272.44,0
40272.45,0
40272.46,0
40272.47,0
40272.48,0
40272.49,0
40272.5,0
40272.51,0
40272.52,0
40272.53,0
40272.54,0
40272.55,0
40272.56,0
40272.57,0
40272.58,0
40272.59,0
40272.6,0
40272.61,0
40272.62,0
40272.63,0
40272.64,0
40272.65,0
40272.66,0
40272.67,0
40272.68,0
40272.69,0
40272.7,0
40272.71,0
40272.72,0
40272.73,0
40272.74,0
40272.75,0
40272.76,0
40272.77,0
40272.78,0
40272.79,0
40272.8,0
40272.81,0
40272.82,0
40272.83,0
40272.84,0
40272.85,0
40272.86,0
40272.87,0
40272.88,0
40272.89,0
40272.9,0
40272.91,0
40272.92,0
40272.93,0
40272.94,0
40272.95,0
40272.96,0
40272.97,0
40272.98,0
40272.99,0
40273,0
40273.01,0
40273.02,0
40273.03,0
40273.04,0
40273.05,0
40273.06,0
40273.07,0
40273.08,0
40273.09,0
40273.1,0
40273.11,0
40273.12,0
40273.13,0
40273.14,0
40273.15,0
40273.16,0
40273.17,0
40273.18,0
40273.19,0
40273.2,0
40273.21,0
40273.22,0
40273.23,0
40273.24,0
40273.25,0
40273.26,0
40273.27,0
40273.28,0
40273.29,0
40273.3,0
40273.31,0
40273.32,0
40273.33,0
40273.34,0
40273.35,0
40273.36,0
40273.37,0
40273.38,0
40273.39,0
40273.4,0
40273.41,0
40273.42,0
40273.43,0
40273.44,0
40273.45,0
40273.46,0
40273.47,0
40273.48,0
40273.49,0
40273.5,0
40273.51,0
40273.52,0
40273.53,0
40273.54,0
40273.55,0
40273.56,0
40273.57,0
40273.58,0
40273.59,0
40273.6,0
40273.61,0
40273.62,0
40273.63,0
40273.64,0
40273.65,0
40273.66,0
40273.67,0
40273.68,0
40273.69,0
40273.7,0
40273.71,0
40273.72,0
40273.73,0
40273.74,0
40273.75,0
40273.76,0
40273.77,0
40273.78,0
40273.79,0
40273.8,0
40273.81,0
40273.82,0
40273.83,0
40273.84,0
40273.85,0
40273.86,0
40273.87,0
40273.88,0
40273.89,0
40273.9,0
40273.91,0
40273.92,0
40273.93,0
40273.94,0
40273.95,0
40273.96,0
40273.97,0
40273.98,0
40273.99,0
40274,0
40274.01,0
40274.02,0
40274.03,0
40274.04,0
40274.05,0
40274.06,0
40274.07,0
40274.08,0
40274.09,0
40274.1,0
40274.11,0
40274.12,0
40274.13,0
40274.14,0
40274.15,0
40274.16,0
40274.17,0
40274.18,0
40274.19,0
40274.2,0
40274.21,0
40274.22,0
40274.23,0
40274.24,0
40274.25,0
40274.26,0
40274.27,0
40274.28,0
40274.29,0
40274.3,0
40274.31,0
40274.32,0
40274.33,0
40274.34,0
40274.35,0
40274.36,0
40274.37,0
40274.38,0
40274.39,0
40274.4,0
40274.41,0
40274.42,0
40274.43,0
40274.44,0
40274.45,0
40274.46,0
40274.47,0
40274.48,0
40274.49,0
40274.5,0
40274.51,0
40274.52,0
40274.53,0
40274.54,0
40274.55,0
40274.56,0
40274.57,0
40274.58,0
40274.59,0
40274.6,0
40274.61,0
40274.62,0
40274.63,0
40274.64,0
40274.65,0
40274.66,0
40274.67,0
40274.68,0
40274.69,0
40274.7,0
40274.71,0
40274.72,0
40274.73,0
40274.74,0
40274.75,0
40274.76,0
40274.77,0
40274.78,0
40274.79,0
40274.8,0
40274.81,0
40274.82,0
40274.83,0
40274.84,0
40274.85,0
40274.86,0
40274.87,0
40274.88,0
40274.89,0
40274.9,0
40274.91,0
40274.92,0
40274.93,0
40274.94,0
40274.95,0
40274.96,0
40274.97,0
40274.98,0
40274.99,0
40275,0
40275.01,0
40275.02,0
40275.03,0
40275.04,0
40275.05,0
40275.06,0
40275.07,0
40275.08,0
40275.09,0
40275.1,0
40275.11,0
40275.12,0
40275.13,0
40275.14,0
40275.15,0
40275.16,0
40275.17,0
40275.18,0
40275.19,0
40275.2,0
40275.21,0
40275.22,0
40275.23,0
40275.24,0
40275.25,0
40275.26,0
40275.27,0
40275.28,0
40275.29,0
40275.3,0
40275.31,0
40275.32,0
40275.33,0
40275.34,0
40275.35,0
40275.36,0
40275.37,0
40275.38,0
40275.39,0
40275.4,0
40275.41,0
40275.42,0
40275.43,0
40275.44,0
40275.45,0
40275.46,0
40275.47,0
40275.48,0
40275.49,0
40275.5,0
40275.51,0
40275.52,0
40275.53,0
40275.54,0
40275.55,0
40275.56,0
40275.57,0
40275.58,0
40275.59,0
40275.6,0
40275.61,0
40275.62,0
40275.63,0
40275.64,0
40275.65,0
40275.66,0
40275.67,0
40275.68,0
40275.69,0
40275.7,0
40275.71,0
40275.72,0
40275.73,0
40275.74,0
40275.75,0
40275.76,0
40275.77,0
40275.78,0
40275.79,0
40275.8,0
40275.81,0
40275.82,0
40275.83,0
40275.84,0
40275.85,0
40275.86,0
40275.87,0
40275.88,0
40275.89,0
40275.9,0
40275.91,0
40275.92,0
40275.93,0
40275.94,0
40275.95,0
40275.96,0
40275.97,0
40275.98,0
40275.99,0
40276,0
40276.01,0
40276.02,0
40276.03,0
40276.04,0
40276.05,0
40276.06,0
40276.07,0
40276.08,0
40276.09,0
40276.1,0
40276.11,0
40276.12,0
40276.13,0
40276.14,0
40276.15,0
40276.16,0
40276.17,0
40276.18,0
40276.19,0
40276.2,0
40276.21,0
40276.22,0
40276.23,0
40276.24,0
40276.25,0
40276.26,0
40276.27,0
40276.28,0
40276.29,0
40276.3,0
40276.31,0
40276.32,0
40276.33,0
40276.34,0
40276.35,0
40276.36,0
40276.37,0
40276.38,0
40276.39,0
40276.4,0
40276.41,0
40276.42,0
40276.43,0
40276.44,0
40276.45,0
40276.46,0
40276.47,0
40276.48,0
40276.49,0
40276.5,0
40276.51,0
40276.52,0
40276.53,0
40276.54,0
40276.55,0
40276.56,0
40276.57,0
40276.58,0
40276.59,0
40276.6,0
40276.61,0
40276.62,0
40276.63,0
40276.64,0
40276.65,0
40276.66,0
40276.67,0
40276.68,0
40276.69,0
40276.7,0
40276.71,0
40276.72,0
40276.73,0
40276.74,0
40276.75,0
40276.76,0
40276.77,0
40276.78,0
40276.79,0
40276.8,0
40276.81,0
40276.82,0
40276.83,0
40276.84,0
40276.85,0
40276.86,0
40276.87,0
40276.88,0
40276.89,9.41714054729498E-07
40276.9,197.689670282734
40276.91,222.523359872745
40276.92,211.822610669028
40276.93,190.099536656696
40276.94,168.459270902768
40276.95,156.326174539522
40276.96,147.645046638477
40276.97,139.020353352229
40276.98,133.506122136002
40276.99,124.695801976708
40277,117.375267335853
40277.01,113.08490970884
40277.02,97.9983478968586
40277.03,83.0669628175316
40277.04,63.2590756303357
40277.05,48.4814472845548
40277.06,35.9965936575016
40277.07,26.4458812724196
40277.08,19.2848735558735
40277.09,14.568574644096
40277.1,10.4173007170588
40277.11,0
40277.12,0
40277.13,0
40277.14,0
40277.15,0
40277.16,0
40277.17,0
40277.18,0
40277.19,0
40277.2,0
40277.21,0
40277.22,0
40277.23,0
40277.24,0
40277.25,0
40277.26,0
40277.27,0
40277.28,0
40277.29,0
40277.3,0
40277.31,0
40277.32,0
40277.33,0
40277.34,0
40277.35,0
40277.36,0
40277.37,0
40277.38,0
40277.39,0
40277.4,0
40277.41,0
40277.42,0
40277.43,0
40277.44,0
40277.45,0
40277.46,0
40277.47,0
40277.48,0
40277.49,0
40277.5,0
40277.51,0
40277.52,0
40277.53,0
40277.54,0
40277.55,0
40277.56,0
40277.57,0
40277.58,0
40277.59,0
40277.6,0
40277.61,0
40277.62,0
40277.63,0
40277.64,0
40277.65,0
40277.66,0
40277.67,0
40277.68,0
40277.69,0
40277.7,0
40277.71,0
40277.72,0
40277.73,0
40277.74,0
40277.75,0
40277.76,0
40277.77,0
40277.78,0
40277.79,0
40277.8,0
40277.81,0
40277.82,0
40277.83,0
40277.84,0
40277.85,0
40277.86,0
40277.87,0
40277.88,0
40277.89,0
40277.9,0
40277.91,0
40277.92,0
40277.93,0
40277.94,0
40277.95,0
40277.96,0
40277.97,0
40277.98,0
40277.99,0
40278,0
40278.01,0
40278.02,0
40278.03,0
40278.04,0
40278.05,0
40278.06,0
40278.07,0
40278.08,0
40278.09,0
40278.1,0
40278.11,0
40278.12,0
40278.13,0
40278.14,0
40278.15,0
40278.16,0
40278.17,0
40278.18,0
40278.19,0
40278.2,0
40278.21,0
40278.22,0
40278.23,0
40278.24,0
40278.25,0
40278.26,0
40278.27,0
40278.28,0
40278.29,0
40278.3,0
40278.31,0
40278.32,0
40278.33,0
40278.34,0
40278.35,0
40278.36,0
40278.37,0
40278.38,0
40278.39,0
40278.4,0
40278.41,0
40278.42,0
40278.43,0
40278.44,0
40278.45,0
40278.46,0
40278.47,0
40278.48,0
40278.49,0
40278.5,0
40278.51,0
40278.52,0
40278.53,0
40278.54,0
40278.55,0
40278.56,0
40278.57,0
40278.58,0
40278.59,0
40278.6,0
40278.61,0
40278.62,0
40278.63,0
40278.64,0
40278.65,0
40278.66,0
40278.67,0
40278.68,0
40278.69,0
40278.7,0
40278.71,0
40278.72,0
40278.73,0
40278.74,0
40278.75,0
40278.76,0
40278.77,0
40278.78,0
40278.79,0
40278.8,0
40278.81,0
40278.82,0
40278.83,0
40278.84,0
40278.85,0
40278.86,0
40278.87,0
40278.88,0
40278.89,0
40278.9,0
40278.91,0
40278.92,0
40278.93,0
40278.94,0
40278.95,0
40278.96,0
40278.97,0
40278.98,0
40278.99,0
40279,0
40279.01,0
40279.02,0
40279.03,0
40279.04,0
40279.05,0
40279.06,0
40279.07,0
40279.08,0
40279.09,0
40279.1,0
40279.11,0
40279.12,0
40279.13,0
40279.14,0
40279.15,0
40279.16,0
40279.17,0
40279.18,0
40279.19,0
40279.2,0
40279.21,0
40279.22,0
40279.23,0
40279.24,0
40279.25,0
40279.26,0
40279.27,0
40279.28,0
40279.29,0
40279.3,0
40279.31,0
40279.32,0
40279.33,0
40279.34,0
40279.35,0
40279.36,0
40279.37,0
40279.38,0
40279.39,0
40279.4,0
40279.41,0
40279.42,0
40279.43,0
40279.44,0
40279.45,0
40279.46,0
40279.47,0
40279.48,0
40279.49,0
40279.5,0
40279.51,0
40279.52,0
40279.53,0
40279.54,0
40279.55,0
40279.56,0
40279.57,0
40279.58,0
40279.59,0
40279.6,0
40279.61,0
40279.62,0
40279.63,0
40279.64,0
40279.65,0
40279.66,0
40279.67,0
40279.68,0
40279.69,0
40279.7,0
40279.71,0
40279.72,0
40279.73,0
40279.74,0
40279.75,0
40279.76,0
40279.77,0
40279.78,0
40279.79,0
40279.8,0
40279.81,0
40279.82,0
40279.83,0
40279.84,0
40279.85,0
40279.86,0
40279.87,0
40279.88,0
40279.89,0
40279.9,0
40279.91,0
40279.92,0
40279.93,0
40279.94,0
40279.95,0
40279.96,0
40279.97,0
40279.98,0
40279.99,0
40280,0
40280.01,0
40280.02,0
40280.03,0
40280.04,0
40280.05,0
40280.06,0
40280.07,0
40280.08,0
40280.09,0
40280.1,0
40280.11,0
40280.12,0
40280.13,0
40280.14,0
40280.15,0
40280.16,0
40280.17,0
40280.18,0
40280.19,0
40280.2,0
40280.21,0
40280.22,0
40280.23,0
40280.24,0
40280.25,0
40280.26,0
40280.27,0
40280.28,0
40280.29,0
40280.3,0
40280.31,0
40280.32,0
40280.33,0
40280.34,0
40280.35,0
40280.36,0
40280.37,0
40280.38,0
40280.39,0
40280.4,0
40280.41,0
40280.42,0
40280.43,0
40280.44,0
40280.45,0
40280.46,0
40280.47,0
40280.48,0
40280.49,0
40280.5,0
40280.51,0
40280.52,0
40280.53,0
40280.54,0
40280.55,0
40280.56,0
40280.57,0
40280.58,0
40280.59,0
40280.6,0
40280.61,0
40280.62,0
40280.63,0
40280.64,0
40280.65,0
40280.66,0
40280.67,0
40280.68,0
40280.69,0
40280.7,0
40280.71,0
40280.72,0
40280.73,0
40280.74,0
40280.75,0
40280.76,0
40280.77,0
40280.78,0
40280.79,0
40280.8,0
40280.81,0
40280.82,0
40280.83,0
40280.84,0
40280.85,0
40280.86,0
40280.87,0
40280.88,0
40280.89,0
40280.9,0
40280.91,0
40280.92,0
40280.93,0
40280.94,0
40280.95,0
40280.96,0
40280.97,0
40280.98,0
40280.99,0
40281,0
40281.01,0
40281.02,0
40281.03,0
40281.04,0
40281.05,0
40281.06,0
40281.07,0
40281.08,0
40281.09,0
40281.1,0
40281.11,0
40281.12,0
40281.13,0
40281.14,0
40281.15,0
40281.16,0
40281.17,0
40281.18,0
40281.19,0
40281.2,0
40281.21,0
40281.22,0
40281.23,0
40281.24,0
40281.25,0
40281.26,0
40281.27,0
40281.28,0
40281.29,0
40281.3,0
40281.31,0
40281.32,0
40281.33,0
40281.34,0
40281.35,0
40281.36,0
40281.37,0
40281.38,0
40281.39,0
40281.4,0
40281.41,0
40281.42,0
40281.43,0
40281.44,0
40281.45,0
40281.46,0
40281.47,0
40281.48,0
40281.49,0
40281.5,0
40281.51,0
40281.52,0
40281.53,0
40281.54,0
40281.55,0
40281.56,0
40281.57,0
40281.58,0
40281.59,0
40281.6,0
40281.61,0
40281.62,0
40281.63,0
40281.64,0
40281.65,0
40281.66,0
40281.67,0
40281.68,0
40281.69,0
40281.7,0
40281.71,0
40281.72,0
40281.73,0
40281.74,0
40281.75,0
40281.76,0
40281.77,0
40281.78,0
40281.79,0
40281.8,0
40281.81,0
40281.82,0
40281.83,0
40281.84,0
40281.85,0
40281.86,0
40281.87,0
40281.88,0
40281.89,0
40281.9,0
40281.91,0
40281.92,0
40281.93,0
40281.94,0
40281.95,0
40281.96,0
40281.97,0
40281.98,0
40281.99,0
40282,0
40282.01,0
40282.02,0
40282.03,0
40282.04,0
40282.05,0
40282.06,0
40282.07,0
40282.08,0
40282.09,0
40282.1,0
40282.11,0
40282.12,0
40282.13,0
40282.14,0
40282.15,0
40282.16,0
40282.17,0
40282.18,0
40282.19,0
40282.2,0
40282.21,0
40282.22,0
40282.23,0
40282.24,0
40282.25,0
40282.26,0
40282.27,0
40282.28,0
40282.29,0
40282.3,0
40282.31,0
40282.32,0
40282.33,0
40282.34,0
40282.35,0
40282.36,0
40282.37,0
40282.38,0
40282.39,0
40282.4,0
40282.41,0
40282.42,0
40282.43,0
40282.44,0
40282.45,0
40282.46,0
40282.47,0
40282.48,0
40282.49,0
40282.5,0
40282.51,0
40282.52,0
40282.53,0
40282.54,0
40282.55,0
40282.56,0
40282.57,0
40282.58,0
40282.59,0
40282.6,0
40282.61,0
40282.62,0
40282.63,0
40282.64,0
40282.65,0
40282.66,0
40282.67,0
40282.68,0
40282.69,0
40282.7,0
40282.71,0
40282.72,0
40282.73,0
40282.74,0
40282.75,0
40282.76,0
40282.77,0
40282.78,0
40282.79,0
40282.8,0
40282.81,0
40282.82,0
40282.83,0
40282.84,0
40282.85,0
40282.86,0
40282.87,0
40282.88,0
40282.89,0
40282.9,0
40282.91,0
40282.92,0
40282.93,0
40282.94,0
40282.95,0
40282.96,0
40282.97,0
40282.98,0
40282.99,0
40283,0
40283.01,0
40283.02,0
40283.03,0
40283.04,0
40283.05,0
40283.06,0
40283.07,0
40283.08,0
40283.09,0
40283.1,0
40283.11,0
40283.12,0
40283.13,0
40283.14,0
40283.15,0
40283.16,0
40283.17,0
40283.18,0
40283.19,0
40283.2,0
40283.21,0
40283.22,0
40283.23,0
40283.24,0
40283.25,0
40283.26,0
40283.27,0
40283.28,0
40283.29,0
40283.3,0
40283.31,0
40283.32,0
40283.33,0
40283.34,0
40283.35,0
40283.36,0
40283.37,0
40283.38,0
40283.39,0
40283.4,0
40283.41,0
40283.42,0
40283.43,0
40283.44,0
40283.45,0
40283.46,0
40283.47,0
40283.48,0
40283.49,0
40283.5,0
40283.51,0
40283.52,0
40283.53,0
40283.54,0
40283.55,0
40283.56,0
40283.57,0
40283.58,0
40283.59,0
40283.6,0
40283.61,0
40283.62,0
40283.63,0
40283.64,0
40283.65,0
40283.66,0
40283.67,0
40283.68,0
40283.69,0
40283.7,0
40283.71,0
40283.72,0
40283.73,0
40283.74,0
40283.75,0
40283.76,0
40283.77,0
40283.78,0
40283.79,0
40283.8,0
40283.81,0
40283.82,0
40283.83,0
40283.84,0
40283.85,0
40283.86,0
40283.87,0
40283.88,0
40283.89,0
40283.9,0
40283.91,0
40283.92,0
40283.93,0
40283.94,0
40283.95,0
40283.96,0
40283.97,0
40283.98,0
40283.99,0
40284,0
40284.01,0
40284.02,0
40284.03,0
40284.04,0
40284.05,0
40284.06,0
40284.07,0
40284.08,0
40284.09,0
40284.1,0
40284.11,0
40284.12,0
40284.13,0
40284.14,0
40284.15,0
40284.16,0
40284.17,0
40284.18,0
40284.19,0
40284.2,0
40284.21,0
40284.22,0
40284.23,0
40284.24,0
40284.25,0
40284.26,0
40284.27,0
40284.28,0
40284.29,0
40284.3,0
40284.31,0
40284.32,0
40284.33,0
40284.34,0
40284.35,0
40284.36,0
40284.37,0
40284.38,0
40284.39,0
40284.4,0
40284.41,0
40284.42,0
40284.43,0
40284.44,0
40284.45,0
40284.46,0
40284.47,0
40284.48,0
40284.49,0
40284.5,0
40284.51,0
40284.52,0
40284.53,0
40284.54,0
40284.55,0
40284.56,0
40284.57,0
40284.58,0
40284.59,0
40284.6,0
40284.61,0
40284.62,0
40284.63,0
40284.64,0
40284.65,0
40284.66,0
40284.67,0
40284.68,0
40284.69,0
40284.7,0
40284.71,0
40284.72,0
40284.73,0
40284.74,0
40284.75,0
40284.76,0
40284.77,0
40284.78,0
40284.79,0
40284.8,0
40284.81,0
40284.82,0
40284.83,0
40284.84,0
40284.85,0
40284.86,0
40284.87,0
40284.88,0
40284.89,0
40284.9,0
40284.91,0
40284.92,0
40284.93,0
40284.94,0
40284.95,0
40284.96,0
40284.97,0
40284.98,0
40284.99,0
40285,0
40285.01,0
40285.02,0
40285.03,0
40285.04,0
40285.05,0
40285.06,0
40285.07,0
40285.08,0
40285.09,0
40285.1,0
40285.11,0
40285.12,0
40285.13,0
40285.14,0
40285.15,0
40285.16,0
40285.17,0
40285.18,0
40285.19,0
40285.2,0
40285.21,0
40285.22,0
40285.23,0
40285.24,0
40285.25,0
40285.26,0
40285.27,0
40285.28,0
40285.29,0
40285.3,0
40285.31,0
40285.32,0
40285.33,0
40285.34,0
40285.35,0
40285.36,0
40285.37,0
40285.38,0
40285.39,0
40285.4,0
40285.41,0
40285.42,0
40285.43,0
40285.44,0
40285.45,0
40285.46,0
40285.47,0
40285.48,0
40285.49,0
40285.5,0
40285.51,0
40285.52,0
40285.53,0
40285.54,0
40285.55,0
40285.56,0
40285.57,0
40285.58,0
40285.59,0
40285.6,0
40285.61,0
40285.62,0
40285.63,0
40285.64,0
40285.65,0
40285.66,0
40285.67,0
40285.68,0
40285.69,0
40285.7,0
40285.71,0
40285.72,0
40285.73,0
40285.74,0
40285.75,0
40285.76,0
40285.77,0
40285.78,0
40285.79,0
40285.8,0
40285.81,0
40285.82,0
40285.83,0
40285.84,0
40285.85,0
40285.86,0
40285.87,0
40285.88,0
40285.89,0
40285.9,0
40285.91,0
40285.92,0
40285.93,0
40285.94,0
40285.95,0
40285.96,0
40285.97,0
40285.98,0
40285.99,0
40286,0
40286.01,0
40286.02,0
40286.03,0
40286.04,0
40286.05,0
40286.06,0
40286.07,0
40286.08,0
40286.09,0
40286.1,0
40286.11,0
40286.12,0
40286.13,0
40286.14,0
40286.15,0
40286.16,0
40286.17,0
40286.18,0
40286.19,0
40286.2,0
40286.21,0
40286.22,0
40286.23,0
40286.24,0
40286.25,0
40286.26,0
40286.27,0
40286.28,0
40286.29,0
40286.3,0
40286.31,0
40286.32,0
40286.33,0
40286.34,0
40286.35,0
40286.36,0
40286.37,0
40286.38,0
40286.39,0
40286.4,0
40286.41,0
40286.42,0
40286.43,0
40286.44,0
40286.45,0
40286.46,0
40286.47,0
40286.48,0
40286.49,0
40286.5,0
40286.51,0
40286.52,0
40286.53,0
40286.54,0
40286.55,0
40286.56,0
40286.57,0
40286.58,0
40286.59,0
40286.6,0
40286.61,0
40286.62,0
40286.63,0
40286.64,0
40286.65,0
40286.66,0
40286.67,0
40286.68,0
40286.69,0
40286.7,0
40286.71,0
40286.72,0
40286.73,0
40286.74,0
40286.75,0
40286.76,0
40286.77,0
40286.78,0
40286.79,0
40286.8,0
40286.81,0
40286.82,0
40286.83,0
40286.84,0
40286.85,0
40286.86,0
40286.87,0
40286.88,0
40286.89,0
40286.9,0
40286.91,0
40286.92,0
40286.93,0
40286.94,0
40286.95,0
40286.96,0
40286.97,0
40286.98,0
40286.99,0
40287,0
40287.01,0
40287.02,0
40287.03,0
40287.04,0
40287.05,0
40287.06,0
40287.07,0
40287.08,0
40287.09,0
40287.1,0
40287.11,0
40287.12,0
40287.13,0
40287.14,0
40287.15,0
40287.16,0
40287.17,0
40287.18,0
40287.19,0
40287.2,0
40287.21,0
40287.22,0
40287.23,0
40287.24,0
40287.25,0
40287.26,0
40287.27,0
40287.28,0
40287.29,0
40287.3,0
40287.31,0
40287.32,0
40287.33,0
40287.34,0
40287.35,0
40287.36,0
40287.37,0
40287.38,0
40287.39,0
40287.4,0
40287.41,0
40287.42,0
40287.43,0
40287.44,0
40287.45,0
40287.46,0
40287.47,0
40287.48,0
40287.49,0
40287.5,0
40287.51,0
40287.52,0
40287.53,0
40287.54,0
40287.55,0
40287.56,0
40287.57,0
40287.58,0
40287.59,0
40287.6,0
40287.61,0
40287.62,0
40287.63,0
40287.64,0
40287.65,0
40287.66,0
40287.67,0
40287.68,0
40287.69,0
40287.7,0
40287.71,0
40287.72,0
40287.73,0
40287.74,0
40287.75,0
40287.76,0
40287.77,0
40287.78,0
40287.79,0
40287.8,0
40287.81,0
40287.82,0
40287.83,0
40287.84,0
40287.85,0
40287.86,0
40287.87,0
40287.88,0
40287.89,0
40287.9,0
40287.91,0
40287.92,0
40287.93,0
40287.94,0
40287.95,0
40287.96,0
40287.97,0
40287.98,0
40287.99,0
40288,0
40288.01,0
40288.02,0
40288.03,0
40288.04,0
40288.05,0
40288.06,0
40288.07,0
40288.08,0
40288.09,0
40288.1,0
40288.11,0
40288.12,0
40288.13,0
40288.14,0
40288.15,0
40288.16,0
40288.17,0
40288.18,0
40288.19,0
40288.2,0
40288.21,0
40288.22,0
40288.23,0
40288.24,0
40288.25,0
40288.26,0
40288.27,0
40288.28,0
40288.29,0
40288.3,0
40288.31,0
40288.32,0
40288.33,0
40288.34,0
40288.35,0
40288.36,0
40288.37,0
40288.38,0
40288.39,0
40288.4,0
40288.41,0
40288.42,0
40288.43,0
40288.44,0
40288.45,0
40288.46,0
40288.47,0
40288.48,0
40288.49,0
40288.5,0
40288.51,0
40288.52,0
40288.53,0
40288.54,0
40288.55,0
40288.56,0
40288.57,0
40288.58,0
40288.59,0
40288.6,0
40288.61,0
40288.62,0
40288.63,0
40288.64,0
40288.65,0
40288.66,0
40288.67,0
40288.68,0
40288.69,0
40288.7,0
40288.71,0
40288.72,0
40288.73,0
40288.74,0
40288.75,0
40288.76,0
40288.77,0
40288.78,0
40288.79,0
40288.8,0
40288.81,0
40288.82,0
40288.83,0
40288.84,0
40288.85,0
40288.86,0
40288.87,0
40288.88,0
40288.89,0
40288.9,0
40288.91,0
40288.92,0
40288.93,0
40288.94,0
40288.95,0
40288.96,0
40288.97,0
40288.98,0
40288.99,0
40289,0
40289.01,0
40289.02,0
40289.03,0
40289.04,0
40289.05,0
40289.06,0
40289.07,0
40289.08,0
40289.09,0
40289.1,0
40289.11,0
40289.12,0
40289.13,0
40289.14,0
40289.15,0
40289.16,0
40289.17,0
40289.18,0
40289.19,0
40289.2,0
40289.21,0
40289.22,0
40289.23,0
40289.24,0
40289.25,0
40289.26,0
40289.27,0
40289.28,0
40289.29,0
40289.3,0
40289.31,0
40289.32,0
40289.33,0
40289.34,0
40289.35,0
40289.36,0
40289.37,0
40289.38,0
40289.39,0
40289.4,0
40289.41,0
40289.42,0
40289.43,0
40289.44,0
40289.45,0
40289.46,0
40289.47,0
40289.48,0
40289.49,0
40289.5,0
40289.51,0
40289.52,0
40289.53,0
40289.54,0
40289.55,0
40289.56,0
40289.57,0
40289.58,0
40289.59,0
40289.6,0
40289.61,0
40289.62,0
40289.63,0
40289.64,0
40289.65,0
40289.66,0
40289.67,0
40289.68,0
40289.69,0
40289.7,0
40289.71,0
40289.72,0
40289.73,0
40289.74,0
40289.75,0
40289.76,0
40289.77,0
40289.78,0
40289.79,0
40289.8,0
40289.81,0
40289.82,0
40289.83,0
40289.84,0
40289.85,0
40289.86,0
40289.87,0
40289.88,0
40289.89,0
40289.9,0
40289.91,0
40289.92,0
40289.93,0
40289.94,0
40289.95,0
40289.96,0
40289.97,0
40289.98,0
40289.99,0
40290,0
40290.01,0
40290.02,0
40290.03,0
40290.04,0
40290.05,0
40290.06,0
40290.07,0
40290.08,0
40290.09,0
40290.1,0
40290.11,0
40290.12,0
40290.13,0
40290.14,0
40290.15,0
40290.16,0
40290.17,0
40290.18,0
40290.19,0
40290.2,0
40290.21,0
40290.22,0
40290.23,0
40290.24,0
40290.25,0
40290.26,0
40290.27,0
40290.28,0
40290.29,0
40290.3,0
40290.31,0
40290.32,0
40290.33,0
40290.34,0
40290.35,0
40290.36,0
40290.37,0
40290.38,0
40290.39,0
40290.4,0
40290.41,0
40290.42,0
40290.43,0
40290.44,0
40290.45,0
40290.46,0
40290.47,0
40290.48,0
40290.49,0
40290.5,0
40290.51,0
40290.52,0
40290.53,0
40290.54,0
40290.55,0
40290.56,0
40290.57,0
40290.58,0
40290.59,0
40290.6,0
40290.61,0
40290.62,0
40290.63,0
40290.64,0
40290.65,0
40290.66,0
40290.67,0
40290.68,0
40290.69,0
40290.7,0
40290.71,0
40290.72,0
40290.73,0
40290.74,0
40290.75,0
40290.76,0
40290.77,0
40290.78,0
40290.79,0
40290.8,0
40290.81,0
40290.82,0
40290.83,0
40290.84,0
40290.85,0
40290.86,0
40290.87,0
40290.88,0
40290.89,0
40290.9,0
40290.91,0
40290.92,0
40290.93,0
40290.94,0
40290.95,0
40290.96,0
40290.97,0
40290.98,0
40290.99,0
40291,0
40291.01,0
40291.02,0
40291.03,0
40291.04,0
40291.05,0
40291.06,0
40291.07,0
40291.08,0
40291.09,0
40291.1,0
40291.11,0
40291.12,0
40291.13,0
40291.14,0
40291.15,0
40291.16,0
40291.17,0
40291.18,0
40291.19,0
40291.2,0
40291.21,0
40291.22,0
40291.23,0
40291.24,0
40291.25,0
40291.26,0
40291.27,0
40291.28,0
40291.29,0
40291.3,0
40291.31,0
40291.32,0
40291.33,0
40291.34,0
40291.35,0
40291.36,0
40291.37,0
40291.38,0
40291.39,0
40291.4,0
40291.41,0
40291.42,0
40291.43,0
40291.44,0
40291.45,0
40291.46,0
40291.47,0
40291.48,0
40291.49,0
40291.5,0
40291.51,0
40291.52,0
40291.53,0
40291.54,0
40291.55,0
40291.56,0
40291.57,0
40291.58,0
40291.59,0
40291.6,0
40291.61,0
40291.62,0
40291.63,0
40291.64,0
40291.65,0
40291.66,0
40291.67,0
40291.68,0
40291.69,0
40291.7,0
40291.71,0
40291.72,0
40291.73,0
40291.74,0
40291.75,0
40291.76,0
40291.77,0
40291.78,0
40291.79,0
40291.8,0
40291.81,0
40291.82,0
40291.83,0
40291.84,0
40291.85,0
40291.86,0
40291.87,0
40291.88,0
40291.89,0
40291.9,0
40291.91,0
40291.92,0
40291.93,0
40291.94,0
40291.95,0
40291.96,0
40291.97,0
40291.98,0
40291.99,0
40292,0
40292.01,0
40292.02,0
40292.03,0
40292.04,0
40292.05,0
40292.06,0
40292.07,0
40292.08,0
40292.09,0
40292.1,0
40292.11,0
40292.12,0
40292.13,0
40292.14,0
40292.15,0
40292.16,0
40292.17,0
40292.18,0
40292.19,0
40292.2,0
40292.21,0
40292.22,0
40292.23,0
40292.24,0
40292.25,0
40292.26,0
40292.27,0
40292.28,0
40292.29,0
40292.3,0
40292.31,0
40292.32,0
40292.33,0
40292.34,0
40292.35,0
40292.36,0
40292.37,0
40292.38,0
40292.39,0
40292.4,0
40292.41,0
40292.42,0
40292.43,0
40292.44,0
40292.45,0
40292.46,0
40292.47,0
40292.48,0
40292.49,0
40292.5,0
40292.51,0
40292.52,0
40292.53,0
40292.54,0
40292.55,0
40292.56,0
40292.57,0
40292.58,0
40292.59,0
40292.6,0
40292.61,0
40292.62,0
40292.63,0
40292.64,0
40292.65,0
40292.66,0
40292.67,0
40292.68,0
40292.69,0
40292.7,0
40292.71,0
40292.72,0
40292.73,0
40292.74,0
40292.75,0
40292.76,0
40292.77,0
40292.78,0
40292.79,0
40292.8,0
40292.81,0
40292.82,0
40292.83,0
40292.84,0
40292.85,0
40292.86,0
40292.87,0
40292.88,0
40292.89,0
40292.9,0
40292.91,0
40292.92,0
40292.93,0
40292.94,0
40292.95,0
40292.96,0
40292.97,0
40292.98,0
40292.99,0
40293,0
40293.01,0
40293.02,0
40293.03,0
40293.04,0
40293.05,0
40293.06,0
40293.07,0
40293.08,0
40293.09,0
40293.1,0
40293.11,0
40293.12,0
40293.13,0
40293.14,0
40293.15,0
40293.16,0
40293.17,0
40293.18,0
40293.19,0
40293.2,0
40293.21,0
40293.22,0
40293.23,0
40293.24,0
40293.25,9.77864218005915E-09
40293.26,1.97178187720631
40293.27,9.56141696402288
40293.28,6.33801587028895
40293.29,4.25203851848392
40293.3,2.57487378651899
40293.31,1.46716050523772
40293.32,0.520765457671947
40293.33,0.29245059283878
40293.34,0.0546765641759718
40293.35,0
40293.36,0
40293.37,0
40293.38,0
40293.39,0
40293.4,0
40293.41,0
40293.42,0
40293.43,0
40293.44,0
40293.45,0
40293.46,0
40293.47,0
40293.48,0
40293.49,0
40293.5,0
40293.51,0
40293.52,0
40293.53,0
40293.54,0
40293.55,0
40293.56,0
40293.57,0
40293.58,0
40293.59,0
40293.6,0
40293.61,0
40293.62,0
40293.63,0
40293.64,0
40293.65,0
40293.66,0
40293.67,0
40293.68,0
40293.69,0
40293.7,0
40293.71,0
40293.72,0
40293.73,0
40293.74,0
40293.75,0
40293.76,0
40293.77,0
40293.78,0
40293.79,0
40293.8,0
40293.81,0
40293.82,0
40293.83,0
40293.84,0
40293.85,0
40293.86,0
40293.87,0
40293.88,0
40293.89,0
40293.9,0
40293.91,0
40293.92,0
40293.93,0
40293.94,0
40293.95,0
40293.96,0
40293.97,1.46978812828538E-08
40293.98,2.84107637688302
40293.99,4.64661072240855
40294,6.49037873696632
40294.01,8.1476526544692
40294.02,9.91488147861128
40294.03,12.0747856197268
40294.04,12.8899501455377
40294.05,14.9459873372376
40294.06,17.9245549346429
40294.07,19.1683036839679
40294.08,17.7977331913216
40294.09,15.929206588963
40294.1,11.8170650513582
40294.11,2.38803992322103
40294.12,2.04938020689965
40294.13,1.6944161944985
40294.14,1.30235635790239
40294.15,1.0746116402202
40294.16,0.777460315910468
40294.17,0.488286397909141
40294.18,0.21861413732192
40294.19,0.0867062536445373
40294.2,0.0762884706243983
40294.21,0.0666473644510237
40294.22,0.0607551734672757
40294.23,0.0517648558423677
40294.24,0.0408250419415634
40294.25,0.0325108233961598
40294.26,0.0230812667582669
40294.27,0.0139126859310476
40294.28,0.00434672293837554
40294.29,0
40294.3,0
40294.31,0
40294.32,0
40294.33,0
40294.34,0
40294.35,0
40294.36,0
40294.37,0
40294.38,0
40294.39,0
40294.4,0
40294.41,8.96843114443872E-08
40294.42,21.4543961554792
40294.43,49.3357318842289
40294.44,71.7896741485058
40294.45,72.7047008562872
40294.46,60.9848985902247
40294.47,39.5017130223483
40294.48,11.0168877689991
40294.49,8.58366239677339
40294.5,5.61340784045044
40294.51,2.97513050710156
40294.52,0.460934244265343
40294.53,0.378164692198431
40294.54,0.285782565798143
40294.55,0.215280790577962
40294.56,0.140055717070395
40294.57,0.0510085296454411
40294.58,0
40294.59,0
40294.6,0
40294.61,0
40294.62,0
40294.63,2.28656820666393E-09
40294.64,0.436024683574337
40294.65,8.61826060723717
40294.66,11.7360641007071
40294.67,14.6994320777352
40294.68,16.9037325903057
40294.69,19.0798591950056
40294.7,18.8157596340786
40294.71,16.8761346961854
40294.72,15.4611754582012
40294.73,14.7754643596677
40294.74,14.7799618347521
40294.75,14.9685338403185
40294.76,16.0134890098176
40294.77,17.9516405437473
40294.78,18.2180839903658
40294.79,18.1366270060753
40294.8,16.4043959026906
40294.81,15.016061991903
40294.82,13.040983698051
40294.83,11.3174148439162
40294.84,9.49120347686993
40294.85,7.25394620352453
40294.86,5.77839305836119
40294.87,4.9032109048691
40294.88,5.14792223199006
40294.89,5.62171687164528
40294.9,8.60857383329701
40294.91,16.6617687826531
40294.92,30.3838620274987
40294.93,50.1264064551416
40294.94,65.4002478340086
40294.95,67.2357144276159
40294.96,60.1277762522345
40294.97,45.7936742982462
40294.98,3.87901312736549
40294.99,3.37343877110555
40295,3.10907760376755
40295.01,2.73595972790784
40295.02,2.38380399506602
40295.03,1.93928949752949
40295.04,1.46170678546315
40295.05,1.06490980001292
40295.06,0.723371101377034
40295.07,0.373680808965177
40295.08,0
40295.09,0
40295.1,0
40295.11,0
40295.12,0
40295.13,0
40295.14,0
40295.15,0
40295.16,0
40295.17,0
40295.18,0
40295.19,0
40295.2,0
40295.21,0
40295.22,0
40295.23,0
40295.24,0
40295.25,0
40295.26,0
40295.27,0
40295.28,0
40295.29,0
40295.3,0
40295.31,0
40295.32,0
40295.33,0
40295.34,0
40295.35,0
40295.36,0
40295.37,0
40295.38,0
40295.39,0
40295.4,0
40295.41,0
40295.42,0
40295.43,0
40295.44,0
40295.45,0
40295.46,0
40295.47,0
40295.48,0
40295.49,0
40295.5,0
40295.51,0
40295.52,0
40295.53,0
40295.54,0
40295.55,0
40295.56,0
40295.57,0
40295.58,0
40295.59,0
40295.6,0
40295.61,0
40295.62,0
40295.63,0
40295.64,0
40295.65,0
40295.66,0
40295.67,0
40295.68,0
40295.69,0
40295.7,0
40295.71,0
40295.72,0
40295.73,0
40295.74,0
40295.75,0
40295.76,0
40295.77,0
40295.78,0
40295.79,0
40295.8,0
40295.81,0
40295.82,0
40295.83,0
40295.84,0
40295.85,0
40295.86,0
40295.87,0
40295.88,0
40295.89,0
40295.9,0
40295.91,0
40295.92,0
40295.93,0
40295.94,0
40295.95,0
40295.96,0
40295.97,0
40295.98,0
40295.99,0
40296,0
40296.01,0
40296.02,0
40296.03,0
40296.04,0
40296.05,0
40296.06,0
40296.07,0
40296.08,0
40296.09,0
40296.1,0
40296.11,0
40296.12,0
40296.13,0
40296.14,0
40296.15,0
40296.16,0
40296.17,0
40296.18,0
40296.19,0
40296.2,0
40296.21,0
40296.22,0
40296.23,0
40296.24,0
40296.25,0
40296.26,0
40296.27,0
40296.28,0
40296.29,0
40296.3,0
40296.31,0
40296.32,0
40296.33,0
40296.34,0
40296.35,0
40296.36,0
40296.37,0
40296.38,0
40296.39,0
40296.4,0
40296.41,0
40296.42,0
40296.43,0
40296.44,0
40296.45,0
40296.46,0
40296.47,0
40296.48,0
40296.49,0
40296.5,0
40296.51,0
40296.52,0
40296.53,0
40296.54,0
40296.55,0
40296.56,0
40296.57,0
40296.58,0
40296.59,0
40296.6,0
40296.61,0
40296.62,0
40296.63,0
40296.64,0
40296.65,0
40296.66,0
40296.67,0
40296.68,0
40296.69,0
40296.7,0
40296.71,0
40296.72,0
40296.73,0
40296.74,0
40296.75,0
40296.76,0
40296.77,0
40296.78,0
40296.79,0
40296.8,0
40296.81,0
40296.82,0
40296.83,0
40296.84,0
40296.85,0
40296.86,0
40296.87,0
40296.88,0
40296.89,0
40296.9,0
40296.91,0
40296.92,0
40296.93,0
40296.94,0
40296.95,0
40296.96,0
40296.97,0
40296.98,0
40296.99,0
40297,0
40297.01,0
40297.02,0
40297.03,0
40297.04,0
40297.05,0
40297.06,0
40297.07,0
40297.08,0
40297.09,0
40297.1,0
40297.11,0
40297.12,0
40297.13,0
40297.14,0
40297.15,0
40297.16,0
40297.17,0
40297.18,0
40297.19,0
40297.2,0
40297.21,0
40297.22,0
40297.23,0
40297.24,0
40297.25,0
40297.26,0
40297.27,0
40297.28,0
40297.29,0
40297.3,0
40297.31,0
40297.32,0
40297.33,0
40297.34,0
40297.35,0
40297.36,0
40297.37,0
40297.38,0
40297.39,0
40297.4,0
40297.41,0
40297.42,0
40297.43,0
40297.44,0
40297.45,0
40297.46,0
40297.47,0
40297.48,0
40297.49,0
40297.5,0
40297.51,0
40297.52,0
40297.53,0
40297.54,0
40297.55,0
40297.56,0
40297.57,0
40297.58,0
40297.59,0
40297.6,0
40297.61,0
40297.62,0
40297.63,0
40297.64,0
40297.65,0
40297.66,0
40297.67,0
40297.68,0
40297.69,0
40297.7,0
40297.71,0
40297.72,0
40297.73,0
40297.74,0
40297.75,0
40297.76,0
40297.77,0
40297.78,0
40297.79,0
40297.8,0
40297.81,0
40297.82,0
40297.83,0
40297.84,0
40297.85,0
40297.86,0
40297.87,0
40297.88,0
40297.89,0
40297.9,0
40297.91,0
40297.92,0
40297.93,0
40297.94,0
40297.95,0
40297.96,0
40297.97,0
40297.98,0
40297.99,0
40298,0
40298.01,0
40298.02,0
40298.03,0
40298.04,0
40298.05,0
40298.06,0
40298.07,0
40298.08,0
40298.09,0
40298.1,0
40298.11,0
40298.12,0
40298.13,0
40298.14,0
40298.15,0
40298.16,0
40298.17,0
40298.18,0
40298.19,0
40298.2,0
40298.21,0
40298.22,0
40298.23,0
40298.24,0
40298.25,0
40298.26,0
40298.27,0
40298.28,0
40298.29,0
40298.3,0
40298.31,0
40298.32,0
40298.33,0
40298.34,0
40298.35,0
40298.36,0
40298.37,0
40298.38,0
40298.39,0
40298.4,0
40298.41,0
40298.42,0
40298.43,0
40298.44,0
40298.45,0
40298.46,0
40298.47,0
40298.48,0
40298.49,0
40298.5,0
40298.51,0
40298.52,0
40298.53,0
40298.54,0
40298.55,0
40298.56,0
40298.57,0
40298.58,0
40298.59,0
40298.6,0
40298.61,0
40298.62,0
40298.63,0
40298.64,0
40298.65,0
40298.66,0
40298.67,0
40298.68,0
40298.69,0
40298.7,0
40298.71,0
40298.72,0
40298.73,0
40298.74,0
40298.75,0
40298.76,0
40298.77,0
40298.78,0
40298.79,0
40298.8,0
40298.81,0
40298.82,0
40298.83,0
40298.84,0
40298.85,0
40298.86,0
40298.87,0
40298.88,0
40298.89,0
40298.9,0
40298.91,0
40298.92,0
40298.93,0
40298.94,0
40298.95,0
40298.96,0
40298.97,0
40298.98,0
40298.99,0
40299,0
40299.01,0
40299.02,0
40299.03,0
40299.04,0
40299.05,0
40299.06,0
40299.07,0
40299.08,0
40299.09,0
40299.1,0
40299.11,0
40299.12,0
40299.13,0
40299.14,0
40299.15,0
40299.16,0
40299.17,0
40299.18,0
40299.19,0
40299.2,0
40299.21,0
40299.22,0
40299.23,0
40299.24,0
40299.25,0
40299.26,0
40299.27,0
40299.28,0
40299.29,0
40299.3,0
40299.31,0
40299.32,0
40299.33,0
40299.34,0
40299.35,0
40299.36,0
40299.37,0
40299.38,0
40299.39,0
40299.4,0
40299.41,0
40299.42,0
40299.43,0
40299.44,0
40299.45,0
40299.46,0
40299.47,0
40299.48,0
40299.49,0
40299.5,0
40299.51,0
40299.52,0
40299.53,0
40299.54,0
40299.55,0
40299.56,0
40299.57,0
40299.58,0
40299.59,0
40299.6,0
40299.61,0
40299.62,0
40299.63,0
40299.64,0
40299.65,0
40299.66,0
40299.67,0
40299.68,0
40299.69,0
40299.7,0
40299.71,0
40299.72,0
40299.73,0
40299.74,0
40299.75,0
40299.76,0
40299.77,0
40299.78,0
40299.79,0
40299.8,0
40299.81,0
40299.82,0
40299.83,0
40299.84,0
40299.85,0
40299.86,0
40299.87,0
40299.88,0
40299.89,0
40299.9,0
40299.91,0
40299.92,0
40299.93,0
40299.94,0
40299.95,0
40299.96,0
40299.97,0
40299.98,0
40299.99,0
40300,0
40300.01,0
40300.02,0
40300.03,0
40300.04,0
40300.05,0
40300.06,0
40300.07,0
40300.08,0
40300.09,0
40300.1,0
40300.11,0
40300.12,0
40300.13,0
40300.14,0
40300.15,0
40300.16,0
40300.17,0
40300.18,0
40300.19,0
40300.2,0
40300.21,0
40300.22,0
40300.23,0
40300.24,0
40300.25,0
40300.26,0
40300.27,0
40300.28,0
40300.29,0
40300.3,0
40300.31,0
40300.32,0
40300.33,0
40300.34,0
40300.35,0
40300.36,0
40300.37,0
40300.38,0
40300.39,0
40300.4,0
40300.41,0
40300.42,0
40300.43,0
40300.44,0
40300.45,0
40300.46,0
40300.47,0
40300.48,0
40300.49,0
40300.5,0
40300.51,0
40300.52,0
40300.53,0
40300.54,0
40300.55,0
40300.56,0
40300.57,0
40300.58,0
40300.59,0
40300.6,0
40300.61,0
40300.62,0
40300.63,0
40300.64,0
40300.65,0
40300.66,0
40300.67,0
40300.68,0
40300.69,0
40300.7,0
40300.71,0
40300.72,0
40300.73,0
40300.74,0
40300.75,0
40300.76,0
40300.77,0
40300.78,0
40300.79,0
40300.8,0
40300.81,0
40300.82,0
40300.83,0
40300.84,0
40300.85,0
40300.86,0
40300.87,0
40300.88,0
40300.89,0
40300.9,0
40300.91,0
40300.92,0
40300.93,0
40300.94,0
40300.95,0
40300.96,0
40300.97,0
40300.98,0
40300.99,0
40301,0
40301.01,0
40301.02,0
40301.03,0
40301.04,0
40301.05,0
40301.06,0
40301.07,0
40301.08,0
40301.09,0
40301.1,0
40301.11,0
40301.12,0
40301.13,0
40301.14,0
40301.15,0
40301.16,0
40301.17,0
40301.18,0
40301.19,0
40301.2,0
40301.21,0
40301.22,0
40301.23,0
40301.24,0
40301.25,0
40301.26,0
40301.27,2.04963480964663E-07
40301.28,40.0888893702449
40301.29,46.2209691458604
40301.3,35.8432817587614
40301.31,27.2953035683925
40301.32,20.4301484206595
40301.33,14.8702388877715
40301.34,11.1701408641175
40301.35,6.74087738474536
40301.36,1.22772274460926
40301.37,0.992948271290055
40301.38,0.777332858676598
40301.39,0.564161444039141
40301.4,0.317127494517629
40301.41,0.0853346245731356
40301.42,0
40301.43,0
40301.44,0
40301.45,0
40301.46,0
40301.47,0
40301.48,0
40301.49,0
40301.5,0
40301.51,0
40301.52,0
40301.53,0
40301.54,0
40301.55,0
40301.56,0
40301.57,0
40301.58,0
40301.59,0
40301.6,0
40301.61,0
40301.62,0
40301.63,0
40301.64,0
40301.65,0
40301.66,0
40301.67,0
40301.68,0
40301.69,0
40301.7,0
40301.71,0
40301.72,0
40301.73,0
40301.74,0
40301.75,0
40301.76,0
40301.77,0
40301.78,0
40301.79,0
40301.8,0
40301.81,0
40301.82,0
40301.83,0
40301.84,0
40301.85,0
40301.86,0
40301.87,0
40301.88,0
40301.89,0
40301.9,0
40301.91,0
40301.92,0
40301.93,0
40301.94,0
40301.95,0
40301.96,0
40301.97,0
40301.98,0
40301.99,0
40302,0
40302.01,0
40302.02,0
40302.03,0
40302.04,0
40302.05,0
40302.06,0
40302.07,0
40302.08,0
40302.09,0
40302.1,0
40302.11,0
40302.12,0
40302.13,0
40302.14,0
40302.15,0
40302.16,0
40302.17,0
40302.18,0
40302.19,0
40302.2,0
40302.21,0
40302.22,0
40302.23,0
40302.24,0
40302.25,0
40302.26,0
40302.27,0
40302.28,0
40302.29,0
40302.3,0
40302.31,0
40302.32,0
40302.33,0
40302.34,0
40302.35,0
40302.36,0
40302.37,0
40302.38,0
40302.39,0
40302.4,0
40302.41,0
40302.42,0
40302.43,0
40302.44,0
40302.45,0
40302.46,0
40302.47,0
40302.48,0
40302.49,0
40302.5,0
40302.51,0
40302.52,0
40302.53,0
40302.54,0
40302.55,0
40302.56,0
40302.57,0
40302.58,0
40302.59,0
40302.6,0
40302.61,0
40302.62,0
40302.63,0
40302.64,0
40302.65,0
40302.66,0
40302.67,0
40302.68,0
40302.69,0
40302.7,0
40302.71,0
40302.72,0
40302.73,0
40302.74,0
40302.75,0
40302.76,0
40302.77,0
40302.78,0
40302.79,0
40302.8,0
40302.81,0
40302.82,0
40302.83,0
40302.84,0
40302.85,0
40302.86,0
40302.87,0
40302.88,0
40302.89,0
40302.9,0
40302.91,0
40302.92,0
40302.93,0
40302.94,0
40302.95,0
40302.96,0
40302.97,0
40302.98,0
40302.99,0
40303,0
40303.01,0
40303.02,0
40303.03,0
40303.04,0
40303.05,0
40303.06,0
40303.07,0
40303.08,0
40303.09,0
40303.1,0
40303.11,0
40303.12,0
40303.13,0
40303.14,0
40303.15,0
40303.16,0
40303.17,0
40303.18,0
40303.19,0
40303.2,0
40303.21,0
40303.22,0
40303.23,0
40303.24,0
40303.25,0
40303.26,0
40303.27,0
40303.28,0
40303.29,0
40303.3,0
40303.31,0
40303.32,0
40303.33,0
40303.34,0
40303.35,0
40303.36,0
40303.37,0
40303.38,0
40303.39,0
40303.4,0
40303.41,0
40303.42,0
40303.43,0
40303.44,0
40303.45,0
40303.46,0
40303.47,0
40303.48,0
40303.49,0
40303.5,0
40303.51,0
40303.52,0
40303.53,0
40303.54,0
40303.55,0
40303.56,0
40303.57,0
40303.58,0
40303.59,0
40303.6,0
40303.61,0
40303.62,0
40303.63,0
40303.64,0
40303.65,0
40303.66,0
40303.67,0
40303.68,0
40303.69,0
40303.7,0
40303.71,0
40303.72,0
40303.73,0
40303.74,0
40303.75,0
40303.76,0
40303.77,0
40303.78,0
40303.79,0
40303.8,0
40303.81,0
40303.82,0
40303.83,0
40303.84,0
40303.85,0
40303.86,0
40303.87,0
40303.88,0
40303.89,0
40303.9,0
40303.91,0
40303.92,0
40303.93,0
40303.94,0
40303.95,0
40303.96,0
40303.97,0
40303.98,0
40303.99,0
40304,0
40304.01,0
40304.02,0
40304.03,0
40304.04,0
40304.05,0
40304.06,0
40304.07,0
40304.08,0
40304.09,0
40304.1,0
40304.11,0
40304.12,0
40304.13,0
40304.14,0
40304.15,0
40304.16,0
40304.17,0
40304.18,0
40304.19,0
40304.2,0
40304.21,0
40304.22,0
40304.23,0
40304.24,0
40304.25,0
40304.26,0
40304.27,0
40304.28,0
40304.29,0
40304.3,0
40304.31,0
40304.32,0
40304.33,0
40304.34,0
40304.35,0
40304.36,0
40304.37,0
40304.38,0
40304.39,0
40304.4,0
40304.41,0
40304.42,0
40304.43,0
40304.44,0
40304.45,0
40304.46,0
40304.47,0
40304.48,0
40304.49,0
40304.5,0
40304.51,0
40304.52,0
40304.53,0
40304.54,0
40304.55,0
40304.56,0
40304.57,0
40304.58,0
40304.59,0
40304.6,0
40304.61,0
40304.62,0
40304.63,0
40304.64,0
40304.65,0
40304.66,0
40304.67,0
40304.68,0
40304.69,0
40304.7,0
40304.71,0
40304.72,0
40304.73,0
40304.74,0
40304.75,0
40304.76,0
40304.77,0
40304.78,0
40304.79,0
40304.8,0
40304.81,0
40304.82,0
40304.83,0
40304.84,0
40304.85,0
40304.86,0
40304.87,0
40304.88,0
40304.89,0
40304.9,0
40304.91,0
40304.92,0
40304.93,0
40304.94,0
40304.95,0
40304.96,0
40304.97,0
40304.98,0
40304.99,0
40305,0
40305.01,0
40305.02,0
40305.03,0
40305.04,0
40305.05,0
40305.06,0
40305.07,0
40305.08,0
40305.09,0
40305.1,0
40305.11,0
40305.12,0
40305.13,0
40305.14,0
40305.15,0
40305.16,0
40305.17,0
40305.18,0
40305.19,0
40305.2,0
40305.21,0
40305.22,0
40305.23,0
40305.24,0
40305.25,0
40305.26,0
40305.27,0
40305.28,0
40305.29,0
40305.3,0
40305.31,0
40305.32,0
40305.33,0
40305.34,0
40305.35,0
40305.36,0
40305.37,0
40305.38,0
40305.39,0
40305.4,0
40305.41,0
40305.42,0
40305.43,0
40305.44,0
40305.45,0
40305.46,0
40305.47,0
40305.48,0
40305.49,0
40305.5,0
40305.51,0
40305.52,0
40305.53,0
40305.54,0
40305.55,0
40305.56,0
40305.57,0
40305.58,0
40305.59,0
40305.6,0
40305.61,0
40305.62,0
40305.63,0
40305.64,0
40305.65,0
40305.66,0
40305.67,0
40305.68,0
40305.69,0
40305.7,0
40305.71,0
40305.72,0
40305.73,0
40305.74,0
40305.75,0
40305.76,0
40305.77,0
40305.78,0
40305.79,0
40305.8,0
40305.81,0
40305.82,0
40305.83,0
40305.84,0
40305.85,0
40305.86,0
40305.87,0
40305.88,0
40305.89,0
40305.9,0
40305.91,0
40305.92,0
40305.93,0
40305.94,0
40305.95,0
40305.96,0
40305.97,0
40305.98,0
40305.99,0
40306,0
40306.01,0
40306.02,0
40306.03,0
40306.04,0
40306.05,0
40306.06,0
40306.07,0
40306.08,0
40306.09,0
40306.1,0
40306.11,0
40306.12,0
40306.13,0
40306.14,0
40306.15,0
40306.16,0
40306.17,0
40306.18,0
40306.19,0
40306.2,0
40306.21,0
40306.22,0
40306.23,0
40306.24,0
40306.25,0
40306.26,0
40306.27,0
40306.28,0
40306.29,0
40306.3,0
40306.31,0
40306.32,0
40306.33,0
40306.34,0
40306.35,0
40306.36,0
40306.37,0
40306.38,0
40306.39,0
40306.4,0
40306.41,0
40306.42,0
40306.43,0
40306.44,0
40306.45,0
40306.46,0
40306.47,0
40306.48,0
40306.49,0
40306.5,0
40306.51,0
40306.52,0
40306.53,0
40306.54,0
40306.55,0
40306.56,0
40306.57,0
40306.58,0
40306.59,0
40306.6,0
40306.61,0
40306.62,0
40306.63,0
40306.64,0
40306.65,0
40306.66,0
40306.67,0
40306.68,0
40306.69,0
40306.7,0
40306.71,0
40306.72,0
40306.73,0
40306.74,0
40306.75,0
40306.76,0
40306.77,0
40306.78,0
40306.79,0
40306.8,0
40306.81,0
40306.82,0
40306.83,0
40306.84,0
40306.85,0
40306.86,0
40306.87,0
40306.88,0
40306.89,0
40306.9,0
40306.91,0
40306.92,0
40306.93,0
40306.94,0
40306.95,0
40306.96,0
40306.97,0
40306.98,0
40306.99,0
40307,0
40307.01,0
40307.02,0
40307.03,0
40307.04,0
40307.05,0
40307.06,0
40307.07,0
40307.08,0
40307.09,0
40307.1,0
40307.11,0
40307.12,0
40307.13,0
40307.14,0
40307.15,0
40307.16,0
40307.17,0
40307.18,0
40307.19,0
40307.2,0
40307.21,0
40307.22,0
40307.23,0
40307.24,0
40307.25,0
40307.26,0
40307.27,0
40307.28,0
40307.29,0
40307.3,0
40307.31,0
40307.32,0
40307.33,0
40307.34,0
40307.35,0
40307.36,0
40307.37,0
40307.38,0
40307.39,0
40307.4,0
40307.41,0
40307.42,0
40307.43,0
40307.44,0
40307.45,0
40307.46,0
40307.47,0
40307.48,0
40307.49,0
40307.5,0
40307.51,0
40307.52,0
40307.53,0
40307.54,0
40307.55,0
40307.56,0
40307.57,0
40307.58,0
40307.59,0
40307.6,0
40307.61,0
40307.62,0
40307.63,0
40307.64,0
40307.65,0
40307.66,0
40307.67,0
40307.68,0
40307.69,0
40307.7,0
40307.71,0
40307.72,0
40307.73,0
40307.74,0
40307.75,0
40307.76,0
40307.77,0
40307.78,0
40307.79,0
40307.8,0
40307.81,0
40307.82,0
40307.83,0
40307.84,0
40307.85,0
40307.86,0
40307.87,0
40307.88,0
40307.89,0
40307.9,0
40307.91,0
40307.92,0
40307.93,0
40307.94,0
40307.95,0
40307.96,0
40307.97,0
40307.98,0
40307.99,0
40308,0
40308.01,0
40308.02,0
40308.03,0
40308.04,0
40308.05,0
40308.06,0
40308.07,0
40308.08,0
40308.09,0
40308.1,0
40308.11,0
40308.12,0
40308.13,0
40308.14,0
40308.15,0
40308.16,0
40308.17,0
40308.18,0
40308.19,0
40308.2,0
40308.21,0
40308.22,0
40308.23,0
40308.24,0
40308.25,0
40308.26,0
40308.27,0
40308.28,0
40308.29,0
40308.3,0
40308.31,0
40308.32,0
40308.33,0
40308.34,0
40308.35,0
40308.36,0
40308.37,0
40308.38,0
40308.39,0
40308.4,0
40308.41,0
40308.42,0
40308.43,0
40308.44,0
40308.45,0
40308.46,0
40308.47,0
40308.48,0
40308.49,0
40308.5,0
40308.51,0
40308.52,0
40308.53,0
40308.54,0
40308.55,0
40308.56,0
40308.57,0
40308.58,0
40308.59,0
40308.6,0
40308.61,0
40308.62,0
40308.63,0
40308.64,0
40308.65,0
40308.66,0
40308.67,0
40308.68,0
40308.69,0
40308.7,0
40308.71,0
40308.72,0
40308.73,0
40308.74,0
40308.75,0
40308.76,0
40308.77,0
40308.78,0
40308.79,0
40308.8,0
40308.81,0
40308.82,0
40308.83,0
40308.84,0
40308.85,0
40308.86,0
40308.87,0
40308.88,0
40308.89,0
40308.9,0
40308.91,0
40308.92,0
40308.93,0
40308.94,0
40308.95,0
40308.96,0
40308.97,0
40308.98,0
40308.99,0
40309,0
40309.01,0
40309.02,0
40309.03,0
40309.04,0
40309.05,0
40309.06,0
40309.07,0
40309.08,0
40309.09,0
40309.1,0
40309.11,0
40309.12,0
40309.13,0
40309.14,0
40309.15,0
40309.16,0
40309.17,0
40309.18,0
40309.19,0
40309.2,0
40309.21,0
40309.22,0
40309.23,0
40309.24,0
40309.25,0
40309.26,0
40309.27,0
40309.28,0
40309.29,0
40309.3,0
40309.31,0
40309.32,0
40309.33,0
40309.34,0
40309.35,0
40309.36,0
40309.37,0
40309.38,0
40309.39,0
40309.4,0
40309.41,0
40309.42,0
40309.43,0
40309.44,0
40309.45,0
40309.46,0
40309.47,0
40309.48,0
40309.49,0
40309.5,0
40309.51,0
40309.52,0
40309.53,0
40309.54,0
40309.55,0
40309.56,0
40309.57,0
40309.58,0
40309.59,0
40309.6,0
40309.61,0
40309.62,0
40309.63,0
40309.64,0
40309.65,0
40309.66,0
40309.67,0
40309.68,0
40309.69,0
40309.7,0
40309.71,0
40309.72,0
40309.73,0
40309.74,0
40309.75,0
40309.76,0
40309.77,0
40309.78,0
40309.79,0
40309.8,0
40309.81,0
40309.82,0
40309.83,0
40309.84,0
40309.85,0
40309.86,0
40309.87,0
40309.88,0
40309.89,0
40309.9,0
40309.91,0
40309.92,0
40309.93,0
40309.94,0
40309.95,0
40309.96,0
40309.97,0
40309.98,0
40309.99,0
40310,0
40310.01,0
40310.02,0
40310.03,0
40310.04,0
40310.05,0
40310.06,0
40310.07,0
40310.08,0
40310.09,0
40310.1,0
40310.11,0
40310.12,0
40310.13,0
40310.14,0
40310.15,0
40310.16,0
40310.17,0
40310.18,0
40310.19,0
40310.2,0
40310.21,0
40310.22,0
40310.23,0
40310.24,0
40310.25,0
40310.26,0
40310.27,0
40310.28,0
40310.29,0
40310.3,0
40310.31,0
40310.32,0
40310.33,0
40310.34,0
40310.35,0
40310.36,0
40310.37,0
40310.38,0
40310.39,0
40310.4,0
40310.41,0
40310.42,0
40310.43,0
40310.44,0
40310.45,0
40310.46,0
40310.47,0
40310.48,0
40310.49,0
40310.5,0
40310.51,0
40310.52,0
40310.53,0
40310.54,0
40310.55,0
40310.56,0
40310.57,0
40310.58,0
40310.59,0
40310.6,0
40310.61,0
40310.62,0
40310.63,0
40310.64,0
40310.65,0
40310.66,0
40310.67,0
40310.68,0
40310.69,0
40310.7,0
40310.71,0
40310.72,0
40310.73,0
40310.74,0
40310.75,0
40310.76,0
40310.77,0
40310.78,0
40310.79,0
40310.8,0
40310.81,0
40310.82,0
40310.83,0
40310.84,0
40310.85,0
40310.86,0
40310.87,0
40310.88,0
40310.89,0
40310.9,0
40310.91,0
40310.92,0
40310.93,0
40310.94,0
40310.95,0
40310.96,0
40310.97,0
40310.98,0
40310.99,0
40311,0
40311.01,0
40311.02,0
40311.03,0
40311.04,0
40311.05,0
40311.06,0
40311.07,0
40311.08,0
40311.09,0
40311.1,0
40311.11,0
40311.12,0
40311.13,0
40311.14,0
40311.15,0
40311.16,0
40311.17,0
40311.18,0
40311.19,0
40311.2,0
40311.21,0
40311.22,0
40311.23,0
40311.24,0
40311.25,0
40311.26,0
40311.27,0
40311.28,0
40311.29,0
40311.3,0
40311.31,0
40311.32,0
40311.33,0
40311.34,0
40311.35,0
40311.36,0
40311.37,0
40311.38,0
40311.39,0
40311.4,0
40311.41,0
40311.42,0
40311.43,0
40311.44,0
40311.45,0
40311.46,0
40311.47,0
40311.48,0
40311.49,0
40311.5,0
40311.51,0
40311.52,0
40311.53,0
40311.54,0
40311.55,0
40311.56,0
40311.57,0
40311.58,0
40311.59,0
40311.6,0
40311.61,0
40311.62,0
40311.63,0
40311.64,0
40311.65,0
40311.66,0
40311.67,0
40311.68,0
40311.69,0
40311.7,0
40311.71,0
40311.72,0
40311.73,0
40311.74,0
40311.75,0
40311.76,0
40311.77,0
40311.78,0
40311.79,0
40311.8,0
40311.81,0
40311.82,0
40311.83,0
40311.84,0
40311.85,0
40311.86,0
40311.87,0
40311.88,0
40311.89,0
40311.9,0
40311.91,0
40311.92,0
40311.93,0
40311.94,0
40311.95,0
40311.96,0
40311.97,0
40311.98,0
40311.99,0
40312,0
40312.01,0
40312.02,0
40312.03,0
40312.04,0
40312.05,0
40312.06,0
40312.07,0
40312.08,0
40312.09,0
40312.1,0
40312.11,0
40312.12,0
40312.13,0
40312.14,0
40312.15,0
40312.16,0
40312.17,0
40312.18,0
40312.19,0
40312.2,0
40312.21,0
40312.22,0
40312.23,0
40312.24,0
40312.25,0
40312.26,0
40312.27,0
40312.28,0
40312.29,0
40312.3,0
40312.31,0
40312.32,0
40312.33,0
40312.34,0
40312.35,0
40312.36,0
40312.37,0
40312.38,0
40312.39,0
40312.4,0
40312.41,0
40312.42,0
40312.43,0
40312.44,0
40312.45,0
40312.46,0
40312.47,0
40312.48,0
40312.49,0
40312.5,0
40312.51,0
40312.52,0
40312.53,0
40312.54,0
40312.55,0
40312.56,0
40312.57,0
40312.58,0
40312.59,0
40312.6,0
40312.61,0
40312.62,0
40312.63,0
40312.64,0
40312.65,0
40312.66,0
40312.67,0
40312.68,0
40312.69,0
40312.7,0
40312.71,0
40312.72,0
40312.73,0
40312.74,0
40312.75,0
40312.76,0
40312.77,0
40312.78,0
40312.79,0
40312.8,0
40312.81,0
40312.82,0
40312.83,0
40312.84,0
40312.85,0
40312.86,0
40312.87,0
40312.88,0
40312.89,0
40312.9,0
40312.91,0
40312.92,0
40312.93,0
40312.94,0
40312.95,0
40312.96,0
40312.97,0
40312.98,0
40312.99,0
40313,0
40313.01,0
40313.02,0
40313.03,0
40313.04,0
40313.05,0
40313.06,0
40313.07,0
40313.08,0
40313.09,0
40313.1,0
40313.11,0
40313.12,0
40313.13,0
40313.14,0
40313.15,0
40313.16,0
40313.17,0
40313.18,0
40313.19,0
40313.2,0
40313.21,0
40313.22,0
40313.23,0
40313.24,0
40313.25,0
40313.26,0
40313.27,0
40313.28,0
40313.29,0
40313.3,0
40313.31,0
40313.32,0
40313.33,0
40313.34,0
40313.35,0
40313.36,0
40313.37,0
40313.38,0
40313.39,0
40313.4,0
40313.41,0
40313.42,0
40313.43,0
40313.44,0
40313.45,0
40313.46,0
40313.47,0
40313.48,0
40313.49,0
40313.5,0
40313.51,0
40313.52,0
40313.53,0
40313.54,0
40313.55,0
40313.56,0
40313.57,0
40313.58,0
40313.59,0
40313.6,0
40313.61,0
40313.62,0
40313.63,0
40313.64,0
40313.65,0
40313.66,0
40313.67,0
40313.68,0
40313.69,0
40313.7,0
40313.71,0
40313.72,0
40313.73,0
40313.74,0
40313.75,0
40313.76,0
40313.77,0
40313.78,0
40313.79,0
40313.8,0
40313.81,0
40313.82,0
40313.83,0
40313.84,0
40313.85,0
40313.86,0
40313.87,0
40313.88,0
40313.89,0
40313.9,0
40313.91,0
40313.92,0
40313.93,0
40313.94,0
40313.95,0
40313.96,0
40313.97,0
40313.98,0
40313.99,0
40314,0
40314.01,0
40314.02,0
40314.03,0
40314.04,0
40314.05,0
40314.06,0
40314.07,0
40314.08,0
40314.09,0
40314.1,0
40314.11,0
40314.12,0
40314.13,0
40314.14,0
40314.15,0
40314.16,0
40314.17,0
40314.18,0
40314.19,0
40314.2,0
40314.21,0
40314.22,0
40314.23,0
40314.24,0
40314.25,0
40314.26,0
40314.27,0
40314.28,0
40314.29,0
40314.3,0
40314.31,0
40314.32,0
40314.33,0
40314.34,0
40314.35,0
40314.36,0
40314.37,0
40314.38,0
40314.39,0
40314.4,0
40314.41,0
40314.42,0
40314.43,0
40314.44,0
40314.45,0
40314.46,0
40314.47,0
40314.48,0
40314.49,0
40314.5,0
40314.51,0
40314.52,0
40314.53,0
40314.54,0
40314.55,0
40314.56,0
40314.57,0
40314.58,0
40314.59,0
40314.6,0
40314.61,0
40314.62,0
40314.63,0
40314.64,0
40314.65,0
40314.66,0
40314.67,0
40314.68,0
40314.69,0
40314.7,0
40314.71,0
40314.72,0
40314.73,0
40314.74,0
40314.75,0
40314.76,0
40314.77,0
40314.78,0
40314.79,0
40314.8,0
40314.81,0
40314.82,0
40314.83,0
40314.84,0
40314.85,0
40314.86,0
40314.87,0
40314.88,0
40314.89,0
40314.9,0
40314.91,0
40314.92,0
40314.93,0
40314.94,0
40314.95,0
40314.96,0
40314.97,0
40314.98,0
40314.99,0
40315,0
40315.01,0
40315.02,0
40315.03,0
40315.04,0
40315.05,0
40315.06,0
40315.07,0
40315.08,0
40315.09,0
40315.1,0
40315.11,0
40315.12,0
40315.13,0
40315.14,0
40315.15,0
40315.16,0
40315.17,0
40315.18,0
40315.19,0
40315.2,0
40315.21,0
40315.22,0
40315.23,0
40315.24,0
40315.25,0
40315.26,0
40315.27,0
40315.28,0
40315.29,0
40315.3,0
40315.31,0
40315.32,0
40315.33,0
40315.34,0
40315.35,0
40315.36,0
40315.37,0
40315.38,0
40315.39,0
40315.4,0
40315.41,0
40315.42,0
40315.43,0
40315.44,0
40315.45,0
40315.46,0
40315.47,0
40315.48,0
40315.49,0
40315.5,0
40315.51,0
40315.52,0
40315.53,0
40315.54,0
40315.55,0
40315.56,0
40315.57,0
40315.58,0
40315.59,0
40315.6,0
40315.61,0
40315.62,0
40315.63,2.01049402380366E-08
40315.64,3.84937334640637
40315.65,0.949561345446331
40315.66,0.851138967336755
40315.67,0.760110544655671
40315.68,0.638372817783886
40315.69,0.551424017749496
40315.7,1.19279063602366
40315.71,3.27071337952514
40315.72,6.83883199874359
40315.73,12.0873685545645
40315.74,19.2729888912163
40315.75,30.2068736119629
40315.76,41.9883621007621
40315.77,52.1612512472551
40315.78,68.5525998881884
40315.79,86.9196125212427
40315.8,103.651886723016
40315.81,117.48294422624
40315.82,127.781602446078
40315.83,120.529776927083
40315.84,110.374198388324
40315.85,102.382421587925
40315.86,91.573091766428
40315.87,79.8303242642553
40315.88,71.9293196597094
40315.89,62.3157828813524
40315.9,54.1197599641384
40315.91,46.4081466687352
40315.92,38.5370921810517
40315.93,26.7375356074429
40315.94,2.43632223566028
40315.95,2.22987199002087
40315.96,1.91151748058156
40315.97,1.63932601111959
40315.98,1.43495406165699
40315.99,1.16293914635126
40316,0.954727151008598
40316.01,0.711910126799833
40316.02,0.471225516709222
40316.03,0.247893887284599
40316.04,0
40316.05,0
40316.06,0
40316.07,0
40316.08,0
40316.09,0
40316.1,0
40316.11,0
40316.12,0
40316.13,0
40316.14,0
40316.15,0
40316.16,0
40316.17,0
40316.18,0
40316.19,0
40316.2,0
40316.21,0
40316.22,0
40316.23,0
40316.24,0
40316.25,0
40316.26,0
40316.27,2.38523701796196E-08
40316.28,4.66599891098469
40316.29,19.7993289962599
40316.3,37.51600781756
40316.31,54.7069205270079
40316.32,66.5645905919455
40316.33,73.675588402965
40316.34,75.2924584359776
40316.35,78.2289320088642
40316.36,72.1066828093419
40316.37,61.1287794240513
40316.38,49.1581895626342
40316.39,33.3070290150911
40316.4,0
40316.41,0
40316.42,0
40316.43,0
40316.44,0
40316.45,0
40316.46,0
40316.47,0
40316.48,0
40316.49,0
40316.5,0
40316.51,0
40316.52,0
40316.53,0
40316.54,0
40316.55,0
40316.56,0
40316.57,0
40316.58,0
40316.59,0
40316.6,0
40316.61,0
40316.62,0
40316.63,0
40316.64,0
40316.65,0
40316.66,0
40316.67,0
40316.68,0
40316.69,0
40316.7,0
40316.71,0
40316.72,0
40316.73,0
40316.74,0
40316.75,0
40316.76,0
40316.77,0
40316.78,0
40316.79,0
40316.8,0
40316.81,0
40316.82,0
40316.83,0
40316.84,0
40316.85,0
40316.86,0
40316.87,0
40316.88,0
40316.89,0
40316.9,0
40316.91,0
40316.92,0
40316.93,0
40316.94,0
40316.95,0
40316.96,0
40316.97,0
40316.98,0
40316.99,0
40317,0
40317.01,0
40317.02,0
40317.03,0
40317.04,0
40317.05,0
40317.06,0
40317.07,0
40317.08,0
40317.09,0
40317.1,0
40317.11,0
40317.12,0
40317.13,0
40317.14,0
40317.15,0
40317.16,0
40317.17,0
40317.18,0
40317.19,0
40317.2,0
40317.21,0
40317.22,0
40317.23,0
40317.24,0
40317.25,0
40317.26,0
40317.27,0
40317.28,0
40317.29,0
40317.3,0
40317.31,0
40317.32,0
40317.33,0
40317.34,0
40317.35,0
40317.36,0
40317.37,0
40317.38,0
40317.39,0
40317.4,0
40317.41,0
40317.42,0
40317.43,0
40317.44,0
40317.45,0
40317.46,0
40317.47,0
40317.48,0
40317.49,0
40317.5,0
40317.51,0
40317.52,0
40317.53,0
40317.54,0
40317.55,0
40317.56,0
40317.57,0
40317.58,0
40317.59,0
40317.6,0
40317.61,0
40317.62,0
40317.63,0
40317.64,0
40317.65,0
40317.66,0
40317.67,0
40317.68,0
40317.69,0
40317.7,0
40317.71,0
40317.72,0
40317.73,0
40317.74,0
40317.75,0
40317.76,0
40317.77,0
40317.78,0
40317.79,0
40317.8,0
40317.81,0
40317.82,0
40317.83,0
40317.84,0
40317.85,0
40317.86,0
40317.87,0
40317.88,0
40317.89,0
40317.9,0
40317.91,0
40317.92,0
40317.93,0
40317.94,0
40317.95,0
40317.96,0
40317.97,0
40317.98,0
40317.99,0
40318,0
40318.01,0
40318.02,0
40318.03,0
40318.04,0
40318.05,0
40318.06,0
40318.07,0
40318.08,0
40318.09,0
40318.1,0
40318.11,0
40318.12,0
40318.13,0
40318.14,0
40318.15,0
40318.16,0
40318.17,0
40318.18,0
40318.19,0
40318.2,0
40318.21,0
40318.22,0
40318.23,0
40318.24,0
40318.25,0
40318.26,0
40318.27,0
40318.28,0
40318.29,0
40318.3,0
40318.31,0
40318.32,0
40318.33,0
40318.34,0
40318.35,0
40318.36,0
40318.37,0
40318.38,0
40318.39,0
40318.4,0
40318.41,0
40318.42,0
40318.43,0
40318.44,0
40318.45,0
40318.46,0
40318.47,0
40318.48,0
40318.49,0
40318.5,0
40318.51,0
40318.52,0
40318.53,0
40318.54,0
40318.55,0
40318.56,0
40318.57,0
40318.58,0
40318.59,0
40318.6,0
40318.61,0
40318.62,0
40318.63,0
40318.64,0
40318.65,0
40318.66,0
40318.67,0
40318.68,0
40318.69,0
40318.7,0
40318.71,0
40318.72,0
40318.73,0
40318.74,0
40318.75,0
40318.76,0
40318.77,0
40318.78,0
40318.79,0
40318.8,0
40318.81,0
40318.82,0
40318.83,0
40318.84,0
40318.85,0
40318.86,0
40318.87,0
40318.88,0
40318.89,0
40318.9,0
40318.91,0
40318.92,0
40318.93,0
40318.94,0
40318.95,0
40318.96,0
40318.97,0
40318.98,0
40318.99,0
40319,0
40319.01,0
40319.02,0
40319.03,0
40319.04,0
40319.05,0
40319.06,0
40319.07,0
40319.08,0
40319.09,0
40319.1,0
40319.11,0
40319.12,0
40319.13,0
40319.14,0
40319.15,0
40319.16,0
40319.17,0
40319.18,0
40319.19,0
40319.2,0
40319.21,0
40319.22,0
40319.23,0
40319.24,0
40319.25,0
40319.26,0
40319.27,0
40319.28,0
40319.29,0
40319.3,0
40319.31,0
40319.32,0
40319.33,0
40319.34,0
40319.35,0
40319.36,0
40319.37,0
40319.38,0
40319.39,0
40319.4,0
40319.41,0
40319.42,0
40319.43,0
40319.44,0
40319.45,0
40319.46,0
40319.47,0
40319.48,0
40319.49,0
40319.5,0
40319.51,0
40319.52,0
40319.53,0
40319.54,0
40319.55,0
40319.56,0
40319.57,0
40319.58,0
40319.59,0
40319.6,0
40319.61,0
40319.62,0
40319.63,0
40319.64,0
40319.65,0
40319.66,0
40319.67,0
40319.68,0
40319.69,0
40319.7,0
40319.71,0
40319.72,0
40319.73,0
40319.74,0
40319.75,0
40319.76,0
40319.77,0
40319.78,0
40319.79,0
40319.8,0
40319.81,0
40319.82,0
40319.83,0
40319.84,0
40319.85,0
40319.86,0
40319.87,0
40319.88,0
40319.89,0
40319.9,0
40319.91,0
40319.92,0
40319.93,0
40319.94,0
40319.95,0
40319.96,0
40319.97,0
40319.98,0
40319.99,0
40320,0
40320.01,0
40320.02,0
40320.03,0
40320.04,0
40320.05,0
40320.06,0
40320.07,0
40320.08,0
40320.09,0
40320.1,0
40320.11,0
40320.12,0
40320.13,0
40320.14,0
40320.15,0
40320.16,0
40320.17,0
40320.18,0
40320.19,0
40320.2,0
40320.21,0
40320.22,0
40320.23,0
40320.24,0
40320.25,0
40320.26,0
40320.27,0
40320.28,0
40320.29,0
40320.3,0
40320.31,0
40320.32,0
40320.33,0
40320.34,0
40320.35,0
40320.36,0
40320.37,0
40320.38,0
40320.39,0
40320.4,0
40320.41,0
40320.42,0
40320.43,0
40320.44,0
40320.45,0
40320.46,0
40320.47,0
40320.48,0
40320.49,0
40320.5,0
40320.51,0
40320.52,0
40320.53,0
40320.54,0
40320.55,0
40320.56,0
40320.57,0
40320.58,0
40320.59,0
40320.6,0
40320.61,0
40320.62,0
40320.63,0
40320.64,0
40320.65,0
40320.66,0
40320.67,0
40320.68,0
40320.69,0
40320.7,0
40320.71,0
40320.72,0
40320.73,0
40320.74,0
40320.75,0
40320.76,0
40320.77,0
40320.78,0
40320.79,0
40320.8,0
40320.81,0
40320.82,0
40320.83,0
40320.84,0
40320.85,0
40320.86,0
40320.87,0
40320.88,0
40320.89,0
40320.9,0
40320.91,0
40320.92,0
40320.93,0
40320.94,0
40320.95,0
40320.96,0
40320.97,0
40320.98,0
40320.99,0
40321,0
40321.01,0
40321.02,0
40321.03,0
40321.04,4.40126273892193E-07
40321.05,86.4690286921665
40321.06,301.266888873117
40321.07,370.79149299453
40321.08,393.528813632357
40321.09,388.898947116392
40321.1,342.552918371404
40321.11,302.850657020402
40321.12,240.799700097666
40321.13,197.943731247487
40321.14,143.513125131254
40321.15,102.545893643266
40321.16,77.4685147102386
40321.17,58.7553418069575
40321.18,46.0601245241989
40321.19,32.6520147355682
40321.2,27.0362807500672
40321.21,27.2097617474715
40321.22,31.2908796990547
40321.23,36.8420228099985
40321.24,34.4842327192
40321.25,30.4964666749145
40321.26,25.6119055645852
40321.27,18.2812656177242
40321.28,2.32990971448873
40321.29,2.06899608340415
40321.3,1.82487894808152
40321.31,1.61349925059026
40321.32,1.34579661844
40321.33,1.12752024396518
40321.34,0.853085035580285
40321.35,0.647569982950902
40321.36,0.43423985469597
40321.37,0.222352168439235
40321.38,0
40321.39,0
40321.4,0
40321.41,0
40321.42,0
40321.43,0
40321.44,0
40321.45,0
40321.46,0
40321.47,0
40321.48,0
40321.49,0
40321.5,0
40321.51,0
40321.52,0
40321.53,0
40321.54,0
40321.55,0
40321.56,0
40321.57,0
40321.58,0
40321.59,0
40321.6,0
40321.61,0
40321.62,0
40321.63,0
40321.64,0
40321.65,0
40321.66,0
40321.67,0
40321.68,0
40321.69,0
40321.7,0
40321.71,0
40321.72,0
40321.73,0
40321.74,0
40321.75,0
40321.76,0
40321.77,0
40321.78,0
40321.79,0
40321.8,0
40321.81,0
40321.82,0
40321.83,0
40321.84,0
40321.85,0
40321.86,0
40321.87,0
40321.88,0
40321.89,0
40321.9,0
40321.91,0
40321.92,0
40321.93,0
40321.94,0
40321.95,0
40321.96,0
40321.97,0
40321.98,0
40321.99,0
40322,0
40322.01,0
40322.02,0
40322.03,0
40322.04,0
40322.05,0
40322.06,0
40322.07,0
40322.08,0
40322.09,0
40322.1,0
40322.11,0
40322.12,0
40322.13,0
40322.14,0
40322.15,0
40322.16,0
40322.17,0
40322.18,0
40322.19,0
40322.2,0
40322.21,0
40322.22,0
40322.23,0
40322.24,0
40322.25,0
40322.26,0
40322.27,0
40322.28,0
40322.29,0
40322.3,0
40322.31,0
40322.32,0
40322.33,0
40322.34,0
40322.35,0
40322.36,0
40322.37,0
40322.38,0
40322.39,0
40322.4,0
40322.41,0
40322.42,0
40322.43,0
40322.44,0
40322.45,0
40322.46,0
40322.47,0
40322.48,0
40322.49,0
40322.5,0
40322.51,0
40322.52,0
40322.53,0
40322.54,0
40322.55,0
40322.56,0
40322.57,0
40322.58,0
40322.59,0
40322.6,0
40322.61,0
40322.62,0
40322.63,0
40322.64,0
40322.65,0
40322.66,0
40322.67,0
40322.68,0
40322.69,0
40322.7,0
40322.71,0
40322.72,0
40322.73,0
40322.74,0
40322.75,0
40322.76,0
40322.77,0
40322.78,0
40322.79,0
40322.8,0
40322.81,0
40322.82,0
40322.83,0
40322.84,0
40322.85,0
40322.86,0
40322.87,0
40322.88,0
40322.89,0
40322.9,0
40322.91,0
40322.92,0
40322.93,0
40322.94,0
40322.95,0
40322.96,0
40322.97,0
40322.98,0
40322.99,0
40323,0
40323.01,0
40323.02,0
40323.03,0
40323.04,0
40323.05,0
40323.06,0
40323.07,0
40323.08,0
40323.09,0
40323.1,0
40323.11,0
40323.12,0
40323.13,0
40323.14,0
40323.15,0
40323.16,0
40323.17,0
40323.18,0
40323.19,0
40323.2,0
40323.21,0
40323.22,0
40323.23,0
40323.24,0
40323.25,0
40323.26,0
40323.27,0
40323.28,0
40323.29,0
40323.3,0
40323.31,0
40323.32,0
40323.33,0
40323.34,0
40323.35,0
40323.36,0
40323.37,0
40323.38,0
40323.39,0
40323.4,0
40323.41,0
40323.42,0
40323.43,0
40323.44,0
40323.45,0
40323.46,0
40323.47,0
40323.48,0
40323.49,0
40323.5,0
40323.51,0
40323.52,0
40323.53,0
40323.54,0
40323.55,0
40323.56,0
40323.57,0
40323.58,0
40323.59,0
40323.6,0
40323.61,0
40323.62,0
40323.63,0
40323.64,0
40323.65,0
40323.66,0
40323.67,0
40323.68,0
40323.69,0
40323.7,0
40323.71,0
40323.72,0
40323.73,0
40323.74,0
40323.75,0
40323.76,0
40323.77,0
40323.78,0
40323.79,0
40323.8,0
40323.81,0
40323.82,0
40323.83,0
40323.84,0
40323.85,0
40323.86,0
40323.87,0
40323.88,0
40323.89,0
40323.9,0
40323.91,0
40323.92,0
40323.93,0
40323.94,0
40323.95,0
40323.96,0
40323.97,0
40323.98,0
40323.99,0
40324,0
40324.01,0
40324.02,0
40324.03,0
40324.04,0
40324.05,0
40324.06,0
40324.07,0
40324.08,0
40324.09,0
40324.1,0
40324.11,0
40324.12,0
40324.13,0
40324.14,0
40324.15,0
40324.16,0
40324.17,0
40324.18,0
40324.19,0
40324.2,0
40324.21,0
40324.22,0
40324.23,0
40324.24,0
40324.25,0
40324.26,0
40324.27,0
40324.28,0
40324.29,0
40324.3,0
40324.31,0
40324.32,0
40324.33,0
40324.34,0
40324.35,0
40324.36,0
40324.37,0
40324.38,0
40324.39,0
40324.4,0
40324.41,0
40324.42,0
40324.43,0
40324.44,0
40324.45,0
40324.46,0
40324.47,0
40324.48,0
40324.49,0
40324.5,0
40324.51,0
40324.52,0
40324.53,0
40324.54,0
40324.55,0
40324.56,0
40324.57,0
40324.58,0
40324.59,0
40324.6,0
40324.61,0
40324.62,0
40324.63,0
40324.64,0
40324.65,0
40324.66,0
40324.67,0
40324.68,0
40324.69,0
40324.7,0
40324.71,0
40324.72,0
40324.73,0
40324.74,0
40324.75,0
40324.76,0
40324.77,0
40324.78,0
40324.79,0
40324.8,0
40324.81,0
40324.82,0
40324.83,0
40324.84,0
40324.85,0
40324.86,0
40324.87,0
40324.88,0
40324.89,0
40324.9,0
40324.91,0
40324.92,0
40324.93,0
40324.94,0
40324.95,0
40324.96,0
40324.97,0
40324.98,0
40324.99,0
40325,0
40325.01,0
40325.02,0
40325.03,0
40325.04,0
40325.05,0
40325.06,0
40325.07,0
40325.08,0
40325.09,0
40325.1,0
40325.11,0
40325.12,0
40325.13,0
40325.14,0
40325.15,0
40325.16,0
40325.17,0
40325.18,0
40325.19,0
40325.2,0
40325.21,0
40325.22,0
40325.23,0
40325.24,0
40325.25,0
40325.26,0
40325.27,0
40325.28,0
40325.29,0
40325.3,0
40325.31,0
40325.32,0
40325.33,0
40325.34,0
40325.35,0
40325.36,0
40325.37,0
40325.38,0
40325.39,0
40325.4,0
40325.41,0
40325.42,0
40325.43,0
40325.44,0
40325.45,0
40325.46,0
40325.47,0
40325.48,0
40325.49,0
40325.5,0
40325.51,0
40325.52,0
40325.53,0
40325.54,0
40325.55,0
40325.56,0
40325.57,0
40325.58,0
40325.59,0
40325.6,0
40325.61,0
40325.62,0
40325.63,0
40325.64,0
40325.65,0
40325.66,0
40325.67,0
40325.68,0
40325.69,0
40325.7,0
40325.71,0
40325.72,0
40325.73,0
40325.74,0
40325.75,0
40325.76,0
40325.77,0
40325.78,0
40325.79,0
40325.8,0
40325.81,0
40325.82,0
40325.83,0
40325.84,0
40325.85,0
40325.86,0
40325.87,0
40325.88,0
40325.89,0
40325.9,0
40325.91,0
40325.92,0
40325.93,0
40325.94,8.14930619161527E-07
40325.95,161.228175284524
40325.96,178.827642570259
40325.97,122.760650187283
40325.98,75.1295999572227
40325.99,46.5777393672754
40326,29.661841995151
40326.01,19.9528928184331
40326.02,13.4805231624097
40326.03,11.9388895570482
40326.04,12.9818559913013
40326.05,17.9797785095096
40326.06,24.6349006899537
40326.07,29.0983118249726
40326.08,28.5089729947616
40326.09,25.0560807753946
40326.1,15.8087397324261
40326.11,2.69329039647087
40326.12,2.49588755026017
40326.13,2.34393716337102
40326.14,2.15312994183149
40326.15,2.00546667480288
40326.16,1.74700231430119
40326.17,1.58537389070518
40326.18,1.42016298832842
40326.19,1.28169214243683
40326.2,1.1423326464904
40326.21,0.93773471501311
40326.22,0.549553443889351
40326.23,0.156200509251392
40326.24,0
40326.25,0
40326.26,0
40326.27,0
40326.28,0
40326.29,0
40326.3,0
40326.31,0
40326.32,0
40326.33,0
40326.34,0
40326.35,0
40326.36,0
40326.37,0
40326.38,0
40326.39,0
40326.4,0
40326.41,0
40326.42,0
40326.43,0
40326.44,0
40326.45,0
40326.46,0
40326.47,0
40326.48,0
40326.49,0
40326.5,0
40326.51,0
40326.52,0
40326.53,0
40326.54,0
40326.55,0
40326.56,0
40326.57,0
40326.58,0
40326.59,0
40326.6,0
40326.61,0
40326.62,0
40326.63,0
40326.64,0
40326.65,0
40326.66,0
40326.67,0
40326.68,0
40326.69,0
40326.7,0
40326.71,0
40326.72,0
40326.73,0
40326.74,0
40326.75,0
40326.76,0
40326.77,0
40326.78,0
40326.79,0
40326.8,0
40326.81,0
40326.82,0
40326.83,6.65177029254618E-07
40326.84,128.831280248274
40326.85,240.36446439235
40326.86,291.089369523818
40326.87,272.993212621689
40326.88,219.733837474309
40326.89,139.238254626473
40326.9,9.94894948291686
40326.91,9.13757894972869
40326.92,8.33687971212372
40326.93,7.2305959093725
40326.94,5.91558418433317
40326.95,4.84056227850771
40326.96,3.95225127496187
40326.97,3.27728134402954
40326.98,2.35265555178138
40326.99,1.53984420032291
40327,0.675896600904778
40327.01,0.587492016311724
40327.02,0.507202267214638
40327.03,0.399078506754689
40327.04,0.309930354757677
40327.05,0.218455675641777
40327.06,0.131720111731077
40327.07,0.0453262531107037
40327.08,0
40327.09,0
40327.1,0
40327.11,0
40327.12,0
40327.13,0
40327.14,0
40327.15,0
40327.16,0
40327.17,0
40327.18,0
40327.19,0
40327.2,0
40327.21,0
40327.22,0
40327.23,0
40327.24,0
40327.25,0
40327.26,0
40327.27,0
40327.28,0
40327.29,0
40327.3,0
40327.31,0
40327.32,0
40327.33,0
40327.34,0
40327.35,0
40327.36,0
40327.37,0
40327.38,0
40327.39,0
40327.4,0
40327.41,0
40327.42,0
40327.43,0
40327.44,0
40327.45,0
40327.46,0
40327.47,0
40327.48,0
40327.49,0
40327.5,0
40327.51,0
40327.52,0
40327.53,0
40327.54,0
40327.55,0
40327.56,0
40327.57,0
40327.58,0
40327.59,0
40327.6,0
40327.61,0
40327.62,0
40327.63,0
40327.64,0
40327.65,0
40327.66,0
40327.67,0
40327.68,0
40327.69,0
40327.7,0
40327.71,0
40327.72,0
40327.73,0
40327.74,0
40327.75,0
40327.76,0
40327.77,0
40327.78,0
40327.79,0
40327.8,0
40327.81,0
40327.82,0
40327.83,0
40327.84,0
40327.85,0
40327.86,0
40327.87,0
40327.88,0
40327.89,0
40327.9,0
40327.91,0
40327.92,0
40327.93,0
40327.94,0
40327.95,0
40327.96,0
40327.97,0
40327.98,0
40327.99,0
40328,0
40328.01,0
40328.02,0
40328.03,0
40328.04,0
40328.05,0
40328.06,0
40328.07,0
40328.08,0
40328.09,0
40328.1,0
40328.11,0
40328.12,0
40328.13,0
40328.14,0
40328.15,0
40328.16,0
40328.17,0
40328.18,0
40328.19,0
40328.2,0
40328.21,0
40328.22,0
40328.23,0
40328.24,0
40328.25,0
40328.26,0
40328.27,0
40328.28,0
40328.29,0
40328.3,0
40328.31,0
40328.32,0
40328.33,0
40328.34,0
40328.35,0
40328.36,0
40328.37,0
40328.38,0
40328.39,0
40328.4,0
40328.41,0
40328.42,0
40328.43,0
40328.44,0
40328.45,0
40328.46,0
40328.47,0
40328.48,0
40328.49,0
40328.5,0
40328.51,0
40328.52,0
40328.53,0
40328.54,0
40328.55,0
40328.56,0
40328.57,0
40328.58,0
40328.59,0
40328.6,0
40328.61,0
40328.62,0
40328.63,0
40328.64,0
40328.65,0
40328.66,0
40328.67,0
40328.68,0
40328.69,0
40328.7,0
40328.71,0
40328.72,0
40328.73,0
40328.74,0
40328.75,0
40328.76,0
40328.77,0
40328.78,0
40328.79,0
40328.8,0
40328.81,0
40328.82,0
40328.83,0
40328.84,0
40328.85,0
40328.86,0
40328.87,0
40328.88,0
40328.89,0
40328.9,0
40328.91,0
40328.92,0
40328.93,0
40328.94,0
40328.95,0
40328.96,0
40328.97,0
40328.98,0
40328.99,0
40329,0
40329.01,0
40329.02,0
40329.03,0
40329.04,0
40329.05,0
40329.06,0
40329.07,0
40329.08,0
40329.09,0
40329.1,0
40329.11,0
40329.12,0
40329.13,0
40329.14,0
40329.15,0
40329.16,0
40329.17,0
40329.18,0
40329.19,0
40329.2,0
40329.21,0
40329.22,0
40329.23,0
40329.24,0
40329.25,0
40329.26,0
40329.27,0
40329.28,0
40329.29,0
40329.3,0
40329.31,0
40329.32,0
40329.33,0
40329.34,0
40329.35,0
40329.36,0
40329.37,0
40329.38,0
40329.39,0
40329.4,0
40329.41,0
40329.42,0
40329.43,0
40329.44,0
40329.45,0
40329.46,0
40329.47,0
40329.48,0
40329.49,0
40329.5,0
40329.51,0
40329.52,0
40329.53,0
40329.54,0
40329.55,0
40329.56,0
40329.57,0
40329.58,0
40329.59,0
40329.6,0
40329.61,0
40329.62,0
40329.63,0
40329.64,0
40329.65,0
40329.66,0
40329.67,0
40329.68,0
40329.69,0
40329.7,0
40329.71,0
40329.72,0
40329.73,0
40329.74,0
40329.75,0
40329.76,0
40329.77,0
40329.78,0
40329.79,0
40329.8,0
40329.81,0
40329.82,0
40329.83,0
40329.84,0
40329.85,0
40329.86,0
40329.87,0
40329.88,0
40329.89,0
40329.9,0
40329.91,0
40329.92,0
40329.93,0
40329.94,0
40329.95,0
40329.96,0
40329.97,0
40329.98,0
40329.99,0
40330,0
40330.01,0
40330.02,0
40330.03,0
40330.04,0
40330.05,0
40330.06,0
40330.07,0
40330.08,0
40330.09,0
40330.1,0
40330.11,0
40330.12,0
40330.13,0
40330.14,0
40330.15,0
40330.16,0
40330.17,0
40330.18,0
40330.19,0
40330.2,0
40330.21,0
40330.22,0
40330.23,0
40330.24,0
40330.25,0
40330.26,0
40330.27,0
40330.28,0
40330.29,0
40330.3,0
40330.31,0
40330.32,0
40330.33,0
40330.34,0
40330.35,0
40330.36,0
40330.37,0
40330.38,0
40330.39,0
40330.4,0
40330.41,0
40330.42,0
40330.43,0
40330.44,0
40330.45,0
40330.46,0
40330.47,0
40330.48,0
40330.49,0
40330.5,0
40330.51,0
40330.52,0
40330.53,0
40330.54,0
40330.55,0
40330.56,0
40330.57,0
40330.58,0
40330.59,0
40330.6,0
40330.61,0
40330.62,0
40330.63,0
40330.64,0
40330.65,0
40330.66,0
40330.67,0
40330.68,0
40330.69,0
40330.7,0
40330.71,0
40330.72,0
40330.73,0
40330.74,0
40330.75,0
40330.76,0
40330.77,0
40330.78,0
40330.79,0
40330.8,0
40330.81,0
40330.82,0
40330.83,0
40330.84,0
40330.85,0
40330.86,0
40330.87,0
40330.88,0
40330.89,0
40330.9,0
40330.91,0
40330.92,0
40330.93,0
40330.94,0
40330.95,0
40330.96,0
40330.97,0
40330.98,0
40330.99,0
40331,0
40331.01,0
40331.02,0
40331.03,0
40331.04,0
40331.05,0
40331.06,0
40331.07,0
40331.08,0
40331.09,0
40331.1,0
40331.11,0
40331.12,0
40331.13,0
40331.14,0
40331.15,0
40331.16,0
40331.17,0
40331.18,0
40331.19,0
40331.2,0
40331.21,0
40331.22,0
40331.23,0
40331.24,0
40331.25,0
40331.26,0
40331.27,0
40331.28,0
40331.29,0
40331.3,0
40331.31,0
40331.32,0
40331.33,0
40331.34,0
40331.35,0
40331.36,0
40331.37,0
40331.38,0
40331.39,0
40331.4,0
40331.41,0
40331.42,0
40331.43,0
40331.44,0
40331.45,0
40331.46,0
40331.47,0
40331.48,0
40331.49,0
40331.5,0
40331.51,0
40331.52,0
40331.53,0
40331.54,0
40331.55,0
40331.56,0
40331.57,0
40331.58,0
40331.59,0
40331.6,0
40331.61,0
40331.62,0
40331.63,0
40331.64,0
40331.65,0
40331.66,0
40331.67,0
40331.68,0
40331.69,0
40331.7,0
40331.71,0
40331.72,0
40331.73,0
40331.74,0
40331.75,0
40331.76,0
40331.77,0
40331.78,0
40331.79,0
40331.8,0
40331.81,0
40331.82,0
40331.83,0
40331.84,0
40331.85,0
40331.86,0
40331.87,0
40331.88,0
40331.89,0
40331.9,0
40331.91,0
40331.92,0
40331.93,0
40331.94,0
40331.95,0
40331.96,0
40331.97,0
40331.98,0
40331.99,0
40332,0
40332.01,0
40332.02,0
40332.03,0
40332.04,0
40332.05,0
40332.06,0
40332.07,0
40332.08,0
40332.09,0
40332.1,0
40332.11,0
40332.12,0
40332.13,0
40332.14,0
40332.15,0
40332.16,0
40332.17,0
40332.18,0
40332.19,0
40332.2,0
40332.21,0
40332.22,0
40332.23,0
40332.24,0
40332.25,0
40332.26,0
40332.27,0
40332.28,0
40332.29,0
40332.3,0
40332.31,0
40332.32,0
40332.33,0
40332.34,0
40332.35,0
40332.36,0
40332.37,0
40332.38,0
40332.39,0
40332.4,0
40332.41,0
40332.42,0
40332.43,0
40332.44,0
40332.45,0
40332.46,0
40332.47,0
40332.48,0
40332.49,0
40332.5,0
40332.51,0
40332.52,0
40332.53,0
40332.54,0
40332.55,0
40332.56,0
40332.57,0
40332.58,0
40332.59,0
40332.6,0
40332.61,0
40332.62,0
40332.63,0
40332.64,0
40332.65,0
40332.66,0
40332.67,0
40332.68,3.09239114634716E-07
40332.69,59.268982867543
40332.7,254.598889170576
40332.71,217.835652076296
40332.72,150.759970485167
40332.73,65.2184252828187
40332.74,37.5904438731339
40332.75,19.8380083492895
40332.76,13.1364924488185
40332.77,7.0016017294498
40332.78,5.29590179492881
40332.79,3.71178427685673
40332.8,2.05360160081476
40332.81,1.50650579315693
40332.82,1.13359168341449
40332.83,0.760753435132098
40332.84,0.372524513775936
40332.85,0.23363661018256
40332.86,0.19683192406261
40332.87,0.151807246567663
40332.88,0.102197286689626
40332.89,0.0480104706358995
40332.9,0
40332.91,0
40332.92,0
40332.93,0
40332.94,0
40332.95,0
40332.96,0
40332.97,0
40332.98,0
40332.99,0
40333,0
40333.01,0
40333.02,0
40333.03,0
40333.04,0
40333.05,0
40333.06,0
40333.07,0
40333.08,0
40333.09,0
40333.1,0
40333.11,0
40333.12,0
40333.13,0
40333.14,0
40333.15,0
40333.16,0
40333.17,0
40333.18,0
40333.19,0
40333.2,0
40333.21,0
40333.22,0
40333.23,0
40333.24,0
40333.25,0
40333.26,0
40333.27,0
40333.28,0
40333.29,0
40333.3,0
40333.31,0
40333.32,0
40333.33,0
40333.34,0
40333.35,0
40333.36,0
40333.37,0
40333.38,0
40333.39,0
40333.4,0
40333.41,0
40333.42,0
40333.43,0
40333.44,0
40333.45,0
40333.46,0
40333.47,0
40333.48,0
40333.49,0
40333.5,0
40333.51,0
40333.52,0
40333.53,0
40333.54,0
40333.55,0
40333.56,0
40333.57,0
40333.58,0
40333.59,0
40333.6,0
40333.61,0
40333.62,0
40333.63,0
40333.64,0
40333.65,0
40333.66,0
40333.67,0
40333.68,0
40333.69,0
40333.7,0
40333.71,0
40333.72,0
40333.73,0
40333.74,0
40333.75,0
40333.76,0
40333.77,0
40333.78,0
40333.79,0
40333.8,0
40333.81,0
40333.82,0
40333.83,0
40333.84,0
40333.85,0
40333.86,0
40333.87,0
40333.88,0
40333.89,0
40333.9,0
40333.91,0
40333.92,0
40333.93,0
40333.94,0
40333.95,0
40333.96,0
40333.97,0
40333.98,0
40333.99,0
40334,0
40334.01,0
40334.02,0
40334.03,0
40334.04,0
40334.05,0
40334.06,0
40334.07,0
40334.08,0
40334.09,0
40334.1,0
40334.11,0
40334.12,0
40334.13,0
40334.14,0
40334.15,0
40334.16,0
40334.17,0
40334.18,0
40334.19,0
40334.2,0
40334.21,0
40334.22,0
40334.23,0
40334.24,0
40334.25,0
40334.26,0
40334.27,0
40334.28,0
40334.29,0
40334.3,0
40334.31,0
40334.32,0
40334.33,0
40334.34,0
40334.35,0
40334.36,0
40334.37,0
40334.38,0
40334.39,0
40334.4,0
40334.41,0
40334.42,0
40334.43,0
40334.44,0
40334.45,0
40334.46,0
40334.47,0
40334.48,0
40334.49,0
40334.5,0
40334.51,0
40334.52,0
40334.53,0
40334.54,0
40334.55,0
40334.56,0
40334.57,0
40334.58,0
40334.59,0
40334.6,0
40334.61,0
40334.62,0
40334.63,0
40334.64,0
40334.65,0
40334.66,0
40334.67,0
40334.68,0
40334.69,0
40334.7,0
40334.71,0
40334.72,0
40334.73,0
40334.74,0
40334.75,0
40334.76,0
40334.77,0
40334.78,0
40334.79,0
40334.8,0
40334.81,0
40334.82,0
40334.83,0
40334.84,0
40334.85,0
40334.86,0
40334.87,0
40334.88,0
40334.89,0
40334.9,0
40334.91,0
40334.92,0
40334.93,0
40334.94,0
40334.95,0
40334.96,0
40334.97,0
40334.98,0
40334.99,0
40335,0
40335.01,0
40335.02,0
40335.03,0
40335.04,0
40335.05,0
40335.06,0
40335.07,0
40335.08,0
40335.09,0
40335.1,0
40335.11,0
40335.12,0
40335.13,0
40335.14,0
40335.15,0
40335.16,0
40335.17,0
40335.18,0
40335.19,0
40335.2,0
40335.21,0
40335.22,0
40335.23,0
40335.24,0
40335.25,0
40335.26,0
40335.27,0
40335.28,0
40335.29,0
40335.3,0
40335.31,0
40335.32,0
40335.33,0
40335.34,0
40335.35,0
40335.36,0
40335.37,0
40335.38,0
40335.39,0
40335.4,0
40335.41,0
40335.42,0
40335.43,0
40335.44,0
40335.45,0
40335.46,0
40335.47,0
40335.48,0
40335.49,0
40335.5,0
40335.51,0
40335.52,0
40335.53,0
40335.54,0
40335.55,0
40335.56,0
40335.57,0
40335.58,0
40335.59,0
40335.6,0
40335.61,0
40335.62,0
40335.63,0
40335.64,0
40335.65,0
40335.66,0
40335.67,0
40335.68,0
40335.69,0
40335.7,0
40335.71,0
40335.72,0
40335.73,0
40335.74,0
40335.75,0
40335.76,0
40335.77,0
40335.78,0
40335.79,0
40335.8,0
40335.81,0
40335.82,0
40335.83,0
40335.84,0
40335.85,0
40335.86,0
40335.87,0
40335.88,0
40335.89,0
40335.9,0
40335.91,0
40335.92,0
40335.93,0
40335.94,0
40335.95,0
40335.96,0
40335.97,0
40335.98,0
40335.99,0
40336,0
40336.01,0
40336.02,0
40336.03,0
40336.04,0
40336.05,0
40336.06,0
40336.07,0
40336.08,0
40336.09,0
40336.1,0
40336.11,0
40336.12,0
40336.13,0
40336.14,0
40336.15,0
40336.16,0
40336.17,0
40336.18,0
40336.19,0
40336.2,0
40336.21,0
40336.22,0
40336.23,0
40336.24,0
40336.25,0
40336.26,0
40336.27,0
40336.28,0
40336.29,0
40336.3,0
40336.31,0
40336.32,0
40336.33,0
40336.34,0
40336.35,0
40336.36,0
40336.37,0
40336.38,0
40336.39,0
40336.4,0
40336.41,0
40336.42,0
40336.43,0
40336.44,0
40336.45,0
40336.46,0
40336.47,0
40336.48,0
40336.49,0
40336.5,0
40336.51,0
40336.52,0
40336.53,0
40336.54,0
40336.55,0
40336.56,0
40336.57,0
40336.58,0
40336.59,0
40336.6,0
40336.61,0
40336.62,0
40336.63,0
40336.64,0
40336.65,0
40336.66,0
40336.67,0
40336.68,0
40336.69,0
40336.7,0
40336.71,0
40336.72,0
40336.73,0
40336.74,0
40336.75,0
40336.76,0
40336.77,0
40336.78,0
40336.79,0
40336.8,0
40336.81,0
40336.82,0
40336.83,0
40336.84,0
40336.85,0
40336.86,0
40336.87,0
40336.88,0
40336.89,0
40336.9,0
40336.91,0
40336.92,0
40336.93,0
40336.94,0
40336.95,0
40336.96,0
40336.97,0
40336.98,0
40336.99,0
40337,0
40337.01,0
40337.02,0
40337.03,0
40337.04,0
40337.05,0
40337.06,0
40337.07,0
40337.08,0
40337.09,0
40337.1,0
40337.11,0
40337.12,0
40337.13,0
40337.14,0
40337.15,0
40337.16,0
40337.17,0
40337.18,0
40337.19,0
40337.2,0
40337.21,0
40337.22,0
40337.23,0
40337.24,0
40337.25,0
40337.26,0
40337.27,0
40337.28,0
40337.29,0
40337.3,0
40337.31,0
40337.32,0
40337.33,0
40337.34,0
40337.35,0
40337.36,0
40337.37,0
40337.38,0
40337.39,0
40337.4,0
40337.41,0
40337.42,0
40337.43,0
40337.44,0
40337.45,0
40337.46,0
40337.47,0
40337.48,0
40337.49,0
40337.5,0
40337.51,0
40337.52,0
40337.53,0
40337.54,0
40337.55,0
40337.56,0
40337.57,0
40337.58,0
40337.59,0
40337.6,0
40337.61,0
40337.62,0
40337.63,0
40337.64,0
40337.65,0
40337.66,0
40337.67,0
40337.68,0
40337.69,0
40337.7,0
40337.71,0
40337.72,0
40337.73,0
40337.74,0
40337.75,0
40337.76,0
40337.77,0
40337.78,0
40337.79,0
40337.8,0
40337.81,0
40337.82,0
40337.83,0
40337.84,0
40337.85,0
40337.86,0
40337.87,0
40337.88,0
40337.89,0
40337.9,0
40337.91,0
40337.92,0
40337.93,0
40337.94,0
40337.95,0
40337.96,0
40337.97,0
40337.98,0
40337.99,0
40338,0
40338.01,0
40338.02,0
40338.03,0
40338.04,0
40338.05,0
40338.06,0
40338.07,0
40338.08,0
40338.09,0
40338.1,0
40338.11,0
40338.12,0
40338.13,0
40338.14,0
40338.15,0
40338.16,0
40338.17,0
40338.18,0
40338.19,0
40338.2,0
40338.21,0
40338.22,0
40338.23,0
40338.24,0
40338.25,0
40338.26,0
40338.27,0
40338.28,0
40338.29,0
40338.3,0
40338.31,0
40338.32,0
40338.33,0
40338.34,0
40338.35,0
40338.36,0
40338.37,0
40338.38,0
40338.39,0
40338.4,0
40338.41,0
40338.42,0
40338.43,0
40338.44,0
40338.45,0
40338.46,0
40338.47,0
40338.48,0
40338.49,0
40338.5,0
40338.51,0
40338.52,0
40338.53,0
40338.54,0
40338.55,0
40338.56,0
40338.57,0
40338.58,0
40338.59,0
40338.6,0
40338.61,0
40338.62,0
40338.63,0
40338.64,0
40338.65,0
40338.66,0
40338.67,0
40338.68,0
40338.69,0
40338.7,0
40338.71,0
40338.72,0
40338.73,0
40338.74,0
40338.75,0
40338.76,0
40338.77,0
40338.78,0
40338.79,0
40338.8,0
40338.81,0
40338.82,0
40338.83,0
40338.84,0
40338.85,0
40338.86,0
40338.87,0
40338.88,0
40338.89,0
40338.9,0
40338.91,0
40338.92,0
40338.93,0
40338.94,0
40338.95,0
40338.96,0
40338.97,0
40338.98,0
40338.99,0
40339,0
40339.01,0
40339.02,0
40339.03,0
40339.04,0
40339.05,0
40339.06,0
40339.07,0
40339.08,0
40339.09,0
40339.1,0
40339.11,0
40339.12,0
40339.13,0
40339.14,0
40339.15,0
40339.16,0
40339.17,0
40339.18,0
40339.19,0
40339.2,0
40339.21,0
40339.22,0
40339.23,0
40339.24,0
40339.25,0
40339.26,0
40339.27,0
40339.28,0
40339.29,0
40339.3,0
40339.31,0
40339.32,0
40339.33,0
40339.34,0
40339.35,0
40339.36,0
40339.37,0
40339.38,0
40339.39,0
40339.4,0
40339.41,0
40339.42,0
40339.43,0
40339.44,0
40339.45,0
40339.46,0
40339.47,0
40339.48,0
40339.49,0
40339.5,0
40339.51,0
40339.52,0
40339.53,0
40339.54,0
40339.55,0
40339.56,0
40339.57,0
40339.58,0
40339.59,0
40339.6,0
40339.61,0
40339.62,0
40339.63,0
40339.64,0
40339.65,0
40339.66,0
40339.67,0
40339.68,0
40339.69,0
40339.7,0
40339.71,0
40339.72,0
40339.73,0
40339.74,0
40339.75,0
40339.76,0
40339.77,0
40339.78,0
40339.79,0
40339.8,0
40339.81,0
40339.82,0
40339.83,0
40339.84,0
40339.85,0
40339.86,0
40339.87,0
40339.88,0
40339.89,0
40339.9,0
40339.91,0
40339.92,0
40339.93,0
40339.94,0
40339.95,0
40339.96,0
40339.97,0
40339.98,0
40339.99,0
40340,0
40340.01,0
40340.02,0
40340.03,0
40340.04,0
40340.05,0
40340.06,0
40340.07,0
40340.08,0
40340.09,0
40340.1,0
40340.11,0
40340.12,0
40340.13,0
40340.14,0
40340.15,0
40340.16,0
40340.17,0
40340.18,0
40340.19,0
40340.2,0
40340.21,0
40340.22,0
40340.23,0
40340.24,0
40340.25,0
40340.26,0
40340.27,0
40340.28,0
40340.29,0
40340.3,0
40340.31,0
40340.32,0
40340.33,0
40340.34,0
40340.35,0
40340.36,0
40340.37,0
40340.38,0
40340.39,0
40340.4,0
40340.41,0
40340.42,0
40340.43,0
40340.44,0
40340.45,0
40340.46,0
40340.47,0
40340.48,0
40340.49,0
40340.5,0
40340.51,0
40340.52,0
40340.53,0
40340.54,0
40340.55,0
40340.56,0
40340.57,0
40340.58,0
40340.59,0
40340.6,0
40340.61,0
40340.62,0
40340.63,0
40340.64,0
40340.65,0
40340.66,0
40340.67,0
40340.68,0
40340.69,0
40340.7,0
40340.71,0
40340.72,0
40340.73,0
40340.74,0
40340.75,0
40340.76,0
40340.77,0
40340.78,0
40340.79,0
40340.8,0
40340.81,0
40340.82,0
40340.83,0
40340.84,0
40340.85,0
40340.86,0
40340.87,0
40340.88,0
40340.89,0
40340.9,0
40340.91,0
40340.92,0
40340.93,0
40340.94,0
40340.95,0
40340.96,0
40340.97,0
40340.98,0
40340.99,0
40341,0
40341.01,0
40341.02,0
40341.03,0
40341.04,0
40341.05,0
40341.06,0
40341.07,0
40341.08,0
40341.09,0
40341.1,0
40341.11,0
40341.12,0
40341.13,0
40341.14,0
40341.15,0
40341.16,0
40341.17,0
40341.18,0
40341.19,0
40341.2,0
40341.21,0
40341.22,0
40341.23,0
40341.24,0
40341.25,0
40341.26,0
40341.27,0
40341.28,0
40341.29,0
40341.3,0
40341.31,0
40341.32,0
40341.33,0
40341.34,0
40341.35,0
40341.36,0
40341.37,0
40341.38,0
40341.39,0
40341.4,0
40341.41,0
40341.42,0
40341.43,0
40341.44,0
40341.45,0
40341.46,0
40341.47,0
40341.48,0
40341.49,0
40341.5,0
40341.51,0
40341.52,0
40341.53,0
40341.54,0
40341.55,0
40341.56,0
40341.57,0
40341.58,0
40341.59,0
40341.6,0
40341.61,0
40341.62,0
40341.63,0
40341.64,0
40341.65,0
40341.66,0
40341.67,0
40341.68,0
40341.69,0
40341.7,0
40341.71,0
40341.72,0
40341.73,0
40341.74,0
40341.75,0
40341.76,0
40341.77,0
40341.78,0
40341.79,0
40341.8,0
40341.81,0
40341.82,0
40341.83,0
40341.84,0
40341.85,0
40341.86,0
40341.87,0
40341.88,0
40341.89,0
40341.9,0
40341.91,0
40341.92,0
40341.93,0
40341.94,0
40341.95,0
40341.96,0
40341.97,0
40341.98,0
40341.99,0
40342,0
40342.01,0
40342.02,0
40342.03,0
40342.04,0
40342.05,0
40342.06,0
40342.07,0
40342.08,0
40342.09,0
40342.1,0
40342.11,0
40342.12,0
40342.13,0
40342.14,0
40342.15,0
40342.16,0
40342.17,0
40342.18,0
40342.19,0
40342.2,0
40342.21,0
40342.22,0
40342.23,0
40342.24,0
40342.25,0
40342.26,0
40342.27,0
40342.28,0
40342.29,0
40342.3,0
40342.31,0
40342.32,0
40342.33,0
40342.34,0
40342.35,0
40342.36,0
40342.37,0
40342.38,0
40342.39,0
40342.4,0
40342.41,0
40342.42,0
40342.43,0
40342.44,0
40342.45,0
40342.46,0
40342.47,0
40342.48,0
40342.49,0
40342.5,0
40342.51,0
40342.52,0
40342.53,0
40342.54,0
40342.55,0
40342.56,0
40342.57,0
40342.58,0
40342.59,0
40342.6,0
40342.61,0
40342.62,0
40342.63,0
40342.64,0
40342.65,0
40342.66,0
40342.67,0
40342.68,0
40342.69,0
40342.7,0
40342.71,0
40342.72,0
40342.73,0
40342.74,0
40342.75,0
40342.76,0
40342.77,0
40342.78,0
40342.79,0
40342.8,0
40342.81,0
40342.82,0
40342.83,0
40342.84,0
40342.85,0
40342.86,0
40342.87,0
40342.88,0
40342.89,0
40342.9,0
40342.91,0
40342.92,0
40342.93,0
40342.94,0
40342.95,0
40342.96,0
40342.97,0
40342.98,0
40342.99,0
40343,0
40343.01,0
40343.02,0
40343.03,0
40343.04,0
40343.05,0
40343.06,0
40343.07,0
40343.08,0
40343.09,0
40343.1,0
40343.11,0
40343.12,0
40343.13,0
40343.14,0
40343.15,0
40343.16,0
40343.17,0
40343.18,0
40343.19,0
40343.2,0
40343.21,0
40343.22,0
40343.23,0
40343.24,0
40343.25,0
40343.26,0
40343.27,0
40343.28,0
40343.29,0
40343.3,0
40343.31,0
40343.32,0
40343.33,0
40343.34,0
40343.35,0
40343.36,0
40343.37,0
40343.38,0
40343.39,0
40343.4,0
40343.41,0
40343.42,0
40343.43,0
40343.44,0
40343.45,0
40343.46,0
40343.47,0
40343.48,0
40343.49,0
40343.5,0
40343.51,0
40343.52,0
40343.53,0
40343.54,0
40343.55,0
40343.56,0
40343.57,0
40343.58,0
40343.59,0
40343.6,0
40343.61,0
40343.62,0
40343.63,0
40343.64,0
40343.65,0
40343.66,0
40343.67,0
40343.68,0
40343.69,0
40343.7,0
40343.71,0
40343.72,0
40343.73,0
40343.74,0
40343.75,0
40343.76,0
40343.77,0
40343.78,0
40343.79,0
40343.8,0
40343.81,0
40343.82,1.88521601160846E-08
40343.83,3.84603062191556
40343.84,106.892210664963
40343.85,67.4402739779688
40343.86,27.238092872096
40343.87,18.3963475934805
40343.88,10.2213792075255
40343.89,7.4172379203029
40343.9,4.86136980369324
40343.91,3.09296079916891
40343.92,2.32776076496827
40343.93,1.71532461653409
40343.94,1.02439942764051
40343.95,0.773925348937092
40343.96,0.673605305918807
40343.97,0.581857189186316
40343.98,0.489330047192715
40343.99,0.395527377968662
40344,0.136060759853391
40344.01,0.0413036837254289
40344.02,0
40344.03,0
40344.04,0
40344.05,0
40344.06,0
40344.07,0
40344.08,0
40344.09,0
40344.1,0
40344.11,0
40344.12,0
40344.13,0
40344.14,0
40344.15,0
40344.16,0
40344.17,0
40344.18,0
40344.19,0
40344.2,0
40344.21,0
40344.22,0
40344.23,0
40344.24,0
40344.25,0
40344.26,0
40344.27,0
40344.28,0
40344.29,0
40344.3,0
40344.31,0
40344.32,0
40344.33,0
40344.34,0
40344.35,0
40344.36,0
40344.37,0
40344.38,0
40344.39,0
40344.4,0
40344.41,0
40344.42,0
40344.43,0
40344.44,0
40344.45,0
40344.46,0
40344.47,0
40344.48,0
40344.49,0
40344.5,0
40344.51,0
40344.52,0
40344.53,0
40344.54,0
40344.55,0
40344.56,0
40344.57,0
40344.58,0
40344.59,0
40344.6,0
40344.61,0
40344.62,0
40344.63,0
40344.64,0
40344.65,0
40344.66,0
40344.67,0
40344.68,0
40344.69,0
40344.7,0
40344.71,0
40344.72,0
40344.73,0
40344.74,0
40344.75,0
40344.76,0
40344.77,0
40344.78,0
40344.79,0
40344.8,0
40344.81,0
40344.82,0
40344.83,0
40344.84,0
40344.85,0
40344.86,0
40344.87,0
40344.88,0
40344.89,0
40344.9,0
40344.91,0
40344.92,0
40344.93,0
40344.94,0
40344.95,0
40344.96,0
40344.97,0
40344.98,0
40344.99,0
40345,0
40345.01,0
40345.02,0
40345.03,0
40345.04,0
40345.05,0
40345.06,0
40345.07,0
40345.08,0
40345.09,0
40345.1,0
40345.11,0
40345.12,0
40345.13,0
40345.14,0
40345.15,0
40345.16,0
40345.17,0
40345.18,0
40345.19,0
40345.2,0
40345.21,0
40345.22,0
40345.23,0
40345.24,0
40345.25,0
40345.26,0
40345.27,0
40345.28,0
40345.29,0
40345.3,0
40345.31,0
40345.32,0
40345.33,0
40345.34,0
40345.35,0
40345.36,0
40345.37,0
40345.38,0
40345.39,0
40345.4,0
40345.41,0
40345.42,0
40345.43,0
40345.44,0
40345.45,0
40345.46,0
40345.47,0
40345.48,0
40345.49,0
40345.5,0
40345.51,0
40345.52,0
40345.53,0
40345.54,0
40345.55,0
40345.56,0
40345.57,0
40345.58,0
40345.59,0
40345.6,0
40345.61,0
40345.62,0
40345.63,0
40345.64,0
40345.65,0
40345.66,0
40345.67,0
40345.68,0
40345.69,0
40345.7,0
40345.71,0
40345.72,0
40345.73,0
40345.74,0
40345.75,0
40345.76,0
40345.77,0
40345.78,0
40345.79,0
40345.8,0
40345.81,0
40345.82,0
40345.83,0
40345.84,0
40345.85,0
40345.86,0
40345.87,0
40345.88,0
40345.89,0
40345.9,0
40345.91,0
40345.92,0
40345.93,0
40345.94,0
40345.95,0
40345.96,0
40345.97,0
40345.98,0
40345.99,0
40346,0
40346.01,0
40346.02,0
40346.03,0
40346.04,0
40346.05,0
40346.06,0
40346.07,0
40346.08,0
40346.09,0
40346.1,0
40346.11,0
40346.12,0
40346.13,0
40346.14,0
40346.15,0
40346.16,0
40346.17,0
40346.18,0
40346.19,0
40346.2,0
40346.21,0
40346.22,0
40346.23,0
40346.24,0
40346.25,0
40346.26,0
40346.27,0
40346.28,0
40346.29,0
40346.3,0
40346.31,0
40346.32,0
40346.33,0
40346.34,0
40346.35,0
40346.36,0
40346.37,0
40346.38,0
40346.39,0
40346.4,0
40346.41,0
40346.42,0
40346.43,0
40346.44,0
40346.45,0
40346.46,0
40346.47,0
40346.48,0
40346.49,0
40346.5,0
40346.51,0
40346.52,0
40346.53,0
40346.54,0
40346.55,0
40346.56,0
40346.57,0
40346.58,0
40346.59,0
40346.6,0
40346.61,0
40346.62,0
40346.63,0
40346.64,0
40346.65,0
40346.66,0
40346.67,0
40346.68,0
40346.69,0
40346.7,0
40346.71,0
40346.72,0
40346.73,0
40346.74,0
40346.75,0
40346.76,0
40346.77,0
40346.78,0
40346.79,0
40346.8,0
40346.81,0
40346.82,0
40346.83,0
40346.84,0
40346.85,0
40346.86,0
40346.87,0
40346.88,0
40346.89,0
40346.9,0
40346.91,0
40346.92,0
40346.93,0
40346.94,0
40346.95,0
40346.96,0
40346.97,0
40346.98,0
40346.99,0
40347,0
40347.01,0
40347.02,0
40347.03,0
40347.04,0
40347.05,0
40347.06,0
40347.07,0
40347.08,0
40347.09,0
40347.1,0
40347.11,0
40347.12,0
40347.13,0
40347.14,0
40347.15,0
40347.16,0
40347.17,0
40347.18,0
40347.19,0
40347.2,0
40347.21,0
40347.22,0
40347.23,0
40347.24,0
40347.25,0
40347.26,0
40347.27,0
40347.28,0
40347.29,0
40347.3,0
40347.31,0
40347.32,0
40347.33,0
40347.34,0
40347.35,0
40347.36,0
40347.37,0
40347.38,0
40347.39,0
40347.4,0
40347.41,0
40347.42,0
40347.43,0
40347.44,0
40347.45,0
40347.46,0
40347.47,0
40347.48,0
40347.49,0
40347.5,0
40347.51,0
40347.52,0
40347.53,0
40347.54,0
40347.55,0
40347.56,0
40347.57,0
40347.58,0
40347.59,0
40347.6,0
40347.61,0
40347.62,0
40347.63,0
40347.64,0
40347.65,0
40347.66,0
40347.67,0
40347.68,0
40347.69,0
40347.7,0
40347.71,0
40347.72,0
40347.73,0
40347.74,0
40347.75,0
40347.76,0
40347.77,0
40347.78,0
40347.79,0
40347.8,0
40347.81,0
40347.82,0
40347.83,0
40347.84,0
40347.85,0
40347.86,0
40347.87,0
40347.88,0
40347.89,0
40347.9,0
40347.91,0
40347.92,0
40347.93,0
40347.94,0
40347.95,0
40347.96,0
40347.97,0
40347.98,0
40347.99,0
40348,0
40348.01,0
40348.02,0
40348.03,0
40348.04,0
40348.05,0
40348.06,0
40348.07,0
40348.08,0
40348.09,0
40348.1,0
40348.11,0
40348.12,0
40348.13,0
40348.14,0
40348.15,0
40348.16,0
40348.17,0
40348.18,0
40348.19,0
40348.2,0
40348.21,0
40348.22,0
40348.23,0
40348.24,0
40348.25,0
40348.26,0
40348.27,0
40348.28,0
40348.29,0
40348.3,0
40348.31,0
40348.32,0
40348.33,0
40348.34,0
40348.35,0
40348.36,0
40348.37,0
40348.38,0
40348.39,0
40348.4,0
40348.41,0
40348.42,0
40348.43,0
40348.44,0
40348.45,0
40348.46,0
40348.47,0
40348.48,0
40348.49,0
40348.5,0
40348.51,0
40348.52,0
40348.53,0
40348.54,0
40348.55,0
40348.56,0
40348.57,0
40348.58,0
40348.59,0
40348.6,0
40348.61,0
40348.62,0
40348.63,0
40348.64,0
40348.65,0
40348.66,0
40348.67,0
40348.68,0
40348.69,0
40348.7,0
40348.71,0
40348.72,0
40348.73,0
40348.74,0
40348.75,0
40348.76,0
40348.77,0
40348.78,0
40348.79,0
40348.8,0
40348.81,0
40348.82,0
40348.83,0
40348.84,0
40348.85,0
40348.86,0
40348.87,0
40348.88,0
40348.89,0
40348.9,0
40348.91,0
40348.92,0
40348.93,0
40348.94,0
40348.95,0
40348.96,0
40348.97,0
40348.98,0
40348.99,0
40349,0
40349.01,0
40349.02,0
40349.03,0
40349.04,0
40349.05,0
40349.06,0
40349.07,0
40349.08,0
40349.09,0
40349.1,0
40349.11,0
40349.12,0
40349.13,0
40349.14,0
40349.15,0
40349.16,0
40349.17,0
40349.18,0
40349.19,0
40349.2,0
40349.21,0
40349.22,0
40349.23,0
40349.24,0
40349.25,0
40349.26,0
40349.27,0
40349.28,0
40349.29,0
40349.3,0
40349.31,0
40349.32,0
40349.33,0
40349.34,0
40349.35,0
40349.36,0
40349.37,0
40349.38,0
40349.39,0
40349.4,0
40349.41,0
40349.42,0
40349.43,0
40349.44,0
40349.45,0
40349.46,0
40349.47,0
40349.48,0
40349.49,0
40349.5,0
40349.51,0
40349.52,0
40349.53,0
40349.54,0
40349.55,0
40349.56,0
40349.57,0
40349.58,0
40349.59,0
40349.6,0
40349.61,0
40349.62,0
40349.63,0
40349.64,0
40349.65,0
40349.66,0
40349.67,0
40349.68,0
40349.69,0
40349.7,0
40349.71,0
40349.72,0
40349.73,0
40349.74,0
40349.75,0
40349.76,0
40349.77,0
40349.78,0
40349.79,0
40349.8,0
40349.81,0
40349.82,0
40349.83,0
40349.84,0
40349.85,0
40349.86,0
40349.87,0
40349.88,0
40349.89,0
40349.9,0
40349.91,0
40349.92,0
40349.93,0
40349.94,0
40349.95,0
40349.96,0
40349.97,0
40349.98,0
40349.99,0
40350,0
40350.01,0
40350.02,0
40350.03,0
40350.04,0
40350.05,0
40350.06,0
40350.07,0
40350.08,0
40350.09,0
40350.1,0
40350.11,0
40350.12,0
40350.13,0
40350.14,0
40350.15,0
40350.16,0
40350.17,0
40350.18,0
40350.19,0
40350.2,0
40350.21,0
40350.22,0
40350.23,0
40350.24,0
40350.25,0
40350.26,0
40350.27,0
40350.28,0
40350.29,0
40350.3,0
40350.31,0
40350.32,0
40350.33,0
40350.34,0
40350.35,0
40350.36,0
40350.37,0
40350.38,0
40350.39,0
40350.4,0
40350.41,0
40350.42,0
40350.43,0
40350.44,0
40350.45,0
40350.46,0
40350.47,0
40350.48,0
40350.49,0
40350.5,0
40350.51,0
40350.52,0
40350.53,0
40350.54,0
40350.55,0
40350.56,0
40350.57,0
40350.58,0
40350.59,0
40350.6,0
40350.61,0
40350.62,0
40350.63,0
40350.64,0
40350.65,0
40350.66,0
40350.67,0
40350.68,0
40350.69,0
40350.7,0
40350.71,0
40350.72,0
40350.73,0
40350.74,0
40350.75,0
40350.76,0
40350.77,0
40350.78,0
40350.79,0
40350.8,0
40350.81,0
40350.82,0
40350.83,0
40350.84,0
40350.85,0
40350.86,0
40350.87,0
40350.88,0
40350.89,0
40350.9,0
40350.91,0
40350.92,0
40350.93,0
40350.94,0
40350.95,0
40350.96,0
40350.97,0
40350.98,0
40350.99,0
40351,0
40351.01,0
40351.02,0
40351.03,0
40351.04,0
40351.05,0
40351.06,0
40351.07,0
40351.08,0
40351.09,0
40351.1,0
40351.11,0
40351.12,0
40351.13,0
40351.14,0
40351.15,0
40351.16,0
40351.17,0
40351.18,0
40351.19,0
40351.2,0
40351.21,0
40351.22,0
40351.23,0
40351.24,0
40351.25,0
40351.26,0
40351.27,0
40351.28,0
40351.29,0
40351.3,0
40351.31,0
40351.32,0
40351.33,0
40351.34,0
40351.35,0
40351.36,0
40351.37,0
40351.38,0
40351.39,0
40351.4,0
40351.41,0
40351.42,0
40351.43,0
40351.44,0
40351.45,0
40351.46,0
40351.47,0
40351.48,0
40351.49,0
40351.5,0
40351.51,0
40351.52,0
40351.53,0
40351.54,0
40351.55,0
40351.56,0
40351.57,0
40351.58,0
40351.59,0
40351.6,0
40351.61,0
40351.62,0
40351.63,0
40351.64,0
40351.65,0
40351.66,0
40351.67,0
40351.68,0
40351.69,0
40351.7,0
40351.71,0
40351.72,0
40351.73,0
40351.74,0
40351.75,0
40351.76,0
40351.77,0
40351.78,0
40351.79,0
40351.8,0
40351.81,0
40351.82,0
40351.83,0
40351.84,0
40351.85,0
40351.86,0
40351.87,0
40351.88,0
40351.89,0
40351.9,0
40351.91,0
40351.92,0
40351.93,0
40351.94,0
40351.95,0
40351.96,0
40351.97,0
40351.98,0
40351.99,0
40352,0
40352.01,0
40352.02,0
40352.03,0
40352.04,0
40352.05,0
40352.06,0
40352.07,0
40352.08,0
40352.09,0
40352.1,0
40352.11,0
40352.12,0
40352.13,0
40352.14,0
40352.15,0
40352.16,0
40352.17,0
40352.18,0
40352.19,0
40352.2,0
40352.21,0
40352.22,0
40352.23,0
40352.24,0
40352.25,0
40352.26,0
40352.27,0
40352.28,0
40352.29,0
40352.3,0
40352.31,0
40352.32,0
40352.33,0
40352.34,0
40352.35,0
40352.36,0
40352.37,0
40352.38,0
40352.39,0
40352.4,0
40352.41,0
40352.42,0
40352.43,0
40352.44,0
40352.45,0
40352.46,0
40352.47,0
40352.48,0
40352.49,0
40352.5,0
40352.51,0
40352.52,0
40352.53,0
40352.54,0
40352.55,0
40352.56,0
40352.57,0
40352.58,0
40352.59,0
40352.6,0
40352.61,0
40352.62,0
40352.63,0
40352.64,0
40352.65,0
40352.66,0
40352.67,0
40352.68,0
40352.69,0
40352.7,0
40352.71,0
40352.72,0
40352.73,0
40352.74,0
40352.75,0
40352.76,0
40352.77,0
40352.78,0
40352.79,0
40352.8,0
40352.81,0
40352.82,0
40352.83,0
40352.84,0
40352.85,0
40352.86,0
40352.87,0
40352.88,0
40352.89,0
40352.9,0
40352.91,0
40352.92,0
40352.93,0
40352.94,0
40352.95,0
40352.96,0
40352.97,0
40352.98,0
40352.99,0
40353,0
40353.01,0
40353.02,0
40353.03,0
40353.04,0
40353.05,0
40353.06,0
40353.07,0
40353.08,0
40353.09,0
40353.1,0
40353.11,0
40353.12,0
40353.13,0
40353.14,0
40353.15,0
40353.16,0
40353.17,0
40353.18,0
40353.19,0
40353.2,0
40353.21,0
40353.22,0
40353.23,0
40353.24,0
40353.25,0
40353.26,0
40353.27,0
40353.28,0
40353.29,0
40353.3,0
40353.31,0
40353.32,0
40353.33,0
40353.34,0
40353.35,0
40353.36,0
40353.37,0
40353.38,0
40353.39,0
40353.4,0
40353.41,0
40353.42,0
40353.43,0
40353.44,0
40353.45,0
40353.46,0
40353.47,0
40353.48,0
40353.49,0
40353.5,0
40353.51,0
40353.52,0
40353.53,0
40353.54,0
40353.55,0
40353.56,0
40353.57,0
40353.58,0
40353.59,0
40353.6,0
40353.61,0
40353.62,0
40353.63,0
40353.64,0
40353.65,0
40353.66,0
40353.67,0
40353.68,0
40353.69,0
40353.7,0
40353.71,0
40353.72,0
40353.73,0
40353.74,0
40353.75,0
40353.76,0
40353.77,0
40353.78,0
40353.79,0
40353.8,0
40353.81,0
40353.82,0
40353.83,0
40353.84,0
40353.85,0
40353.86,0
40353.87,0
40353.88,0
40353.89,0
40353.9,0
40353.91,0
40353.92,0
40353.93,0
40353.94,0
40353.95,0
40353.96,0
40353.97,0
40353.98,0
40353.99,0
40354,0
40354.01,0
40354.02,0
40354.03,0
40354.04,0
40354.05,0
40354.06,0
40354.07,0
40354.08,0
40354.09,0
40354.1,0
40354.11,0
40354.12,0
40354.13,0
40354.14,0
40354.15,0
40354.16,0
40354.17,0
40354.18,0
40354.19,0
40354.2,0
40354.21,0
40354.22,0
40354.23,0
40354.24,0
40354.25,0
40354.26,0
40354.27,0
40354.28,0
40354.29,0
40354.3,0
40354.31,0
40354.32,0
40354.33,0
40354.34,0
40354.35,0
40354.36,0
40354.37,0
40354.38,0
40354.39,0
40354.4,0
40354.41,0
40354.42,0
40354.43,0
40354.44,0
40354.45,0
40354.46,0
40354.47,0
40354.48,0
40354.49,0
40354.5,0
40354.51,0
40354.52,0
40354.53,0
40354.54,0
40354.55,0
40354.56,0
40354.57,0
40354.58,0
40354.59,0
40354.6,0
40354.61,0
40354.62,0
40354.63,0
40354.64,0
40354.65,0
40354.66,0
40354.67,0
40354.68,0
40354.69,0
40354.7,0
40354.71,0
40354.72,0
40354.73,0
40354.74,0
40354.75,0
40354.76,0
40354.77,0
40354.78,0
40354.79,0
40354.8,0
40354.81,0
40354.82,0
40354.83,0
40354.84,0
40354.85,0
40354.86,0
40354.87,0
40354.88,0
40354.89,0
40354.9,0
40354.91,0
40354.92,0
40354.93,0
40354.94,0
40354.95,0
40354.96,0
40354.97,0
40354.98,0
40354.99,0
40355,0
40355.01,0
40355.02,0
40355.03,0
40355.04,0
40355.05,0
40355.06,0
40355.07,0
40355.08,0
40355.09,0
40355.1,0
40355.11,0
40355.12,0
40355.13,0
40355.14,0
40355.15,0
40355.16,0
40355.17,0
40355.18,0
40355.19,0
40355.2,0
40355.21,0
40355.22,0
40355.23,0
40355.24,0
40355.25,0
40355.26,0
40355.27,0
40355.28,0
40355.29,0
40355.3,0
40355.31,0
40355.32,0
40355.33,0
40355.34,0
40355.35,0
40355.36,0
40355.37,0
40355.38,0
40355.39,0
40355.4,0
40355.41,0
40355.42,0
40355.43,0
40355.44,0
40355.45,0
40355.46,0
40355.47,0
40355.48,0
40355.49,0
40355.5,0
40355.51,0
40355.52,0
40355.53,0
40355.54,0
40355.55,0
40355.56,0
40355.57,0
40355.58,0
40355.59,0
40355.6,0
40355.61,0
40355.62,0
40355.63,0
40355.64,0
40355.65,0
40355.66,0
40355.67,0
40355.68,0
40355.69,0
40355.7,0
40355.71,0
40355.72,0
40355.73,0
40355.74,0
40355.75,0
40355.76,0
40355.77,0
40355.78,0
40355.79,0
40355.8,0
40355.81,0
40355.82,0
40355.83,0
40355.84,0
40355.85,0
40355.86,0
40355.87,0
40355.88,0
40355.89,0
40355.9,0
40355.91,0
40355.92,0
40355.93,0
40355.94,0
40355.95,0
40355.96,0
40355.97,0
40355.98,0
40355.99,0
40356,0
40356.01,0
40356.02,0
40356.03,0
40356.04,0
40356.05,0
40356.06,0
40356.07,0
40356.08,0
40356.09,0
40356.1,0
40356.11,0
40356.12,0
40356.13,0
40356.14,0
40356.15,0
40356.16,0
40356.17,0
40356.18,0
40356.19,0
40356.2,0
40356.21,0
40356.22,0
40356.23,0
40356.24,0
40356.25,0
40356.26,0
40356.27,0
40356.28,0
40356.29,0
40356.3,0
40356.31,0
40356.32,0
40356.33,0
40356.34,0
40356.35,0
40356.36,0
40356.37,0
40356.38,0
40356.39,0
40356.4,0
40356.41,0
40356.42,0
40356.43,0
40356.44,0
40356.45,0
40356.46,0
40356.47,0
40356.48,0
40356.49,0
40356.5,0
40356.51,0
40356.52,0
40356.53,0
40356.54,0
40356.55,0
40356.56,0
40356.57,0
40356.58,0
40356.59,0
40356.6,0
40356.61,0
40356.62,0
40356.63,0
40356.64,0
40356.65,0
40356.66,0
40356.67,0
40356.68,0
40356.69,0
40356.7,0
40356.71,0
40356.72,0
40356.73,0
40356.74,0
40356.75,0
40356.76,0
40356.77,0
40356.78,0
40356.79,0
40356.8,0
40356.81,0
40356.82,0
40356.83,0
40356.84,0
40356.85,0
40356.86,0
40356.87,0
40356.88,0
40356.89,0
40356.9,0
40356.91,0
40356.92,0
40356.93,0
40356.94,0
40356.95,0
40356.96,0
40356.97,0
40356.98,0
40356.99,0
40357,0
40357.01,0
40357.02,0
40357.03,0
40357.04,0
40357.05,0
40357.06,0
40357.07,0
40357.08,0
40357.09,0
40357.1,0
40357.11,0
40357.12,0
40357.13,0
40357.14,0
40357.15,0
40357.16,0
40357.17,0
40357.18,0
40357.19,0
40357.2,0
40357.21,0
40357.22,0
40357.23,0
40357.24,0
40357.25,0
40357.26,0
40357.27,0
40357.28,0
40357.29,0
40357.3,0
40357.31,0
40357.32,0
40357.33,0
40357.34,0
40357.35,0
40357.36,0
40357.37,0
40357.38,0
40357.39,0
40357.4,0
40357.41,0
40357.42,0
40357.43,0
40357.44,0
40357.45,0
40357.46,0
40357.47,0
40357.48,0
40357.49,0
40357.5,0
40357.51,0
40357.52,0
40357.53,0
40357.54,0
40357.55,0
40357.56,0
40357.57,0
40357.58,0
40357.59,2.10707733843144E-06
40357.6,413.725167831245
40357.61,683.636177272372
40357.62,680.583707830244
40357.63,569.996109841529
40357.64,428.803934872776
40357.65,38.4332067526473
40357.66,34.1896868342209
40357.67,31.9114444957736
40357.68,28.5799557436066
40357.69,25.0212411112582
40357.7,21.8004295583347
40357.71,17.3693999835013
40357.72,13.6866945899618
40357.73,10.7499513914643
40357.74,7.13396260322104
40357.75,3.54871151196461
40357.76,3.27472250016816
40357.77,2.54606899724095
40357.78,2.20234137464009
40357.79,1.66871602482725
40357.8,1.18374437100361
40357.81,0.741345625188973
40357.82,0.250331455857203
40357.83,0
40357.84,0
40357.85,0
40357.86,0
40357.87,0
40357.88,0
40357.89,0
40357.9,0
40357.91,0
40357.92,0
40357.93,0
40357.94,0
40357.95,0
40357.96,0
40357.97,0
40357.98,0
40357.99,0
40358,0
40358.01,0
40358.02,0
40358.03,0
40358.04,0
40358.05,0
40358.06,0
40358.07,0
40358.08,0
40358.09,0
40358.1,0
40358.11,0
40358.12,0
40358.13,0
40358.14,0
40358.15,0
40358.16,0
40358.17,0
40358.18,0
40358.19,0
40358.2,0
40358.21,0
40358.22,0
40358.23,0
40358.24,0
40358.25,0
40358.26,0
40358.27,0
40358.28,0
40358.29,0
40358.3,0
40358.31,0
40358.32,0
40358.33,0
40358.34,0
40358.35,0
40358.36,0
40358.37,0
40358.38,0
40358.39,0
40358.4,0
40358.41,0
40358.42,0
40358.43,0
40358.44,0
40358.45,0
40358.46,0
40358.47,0
40358.48,0
40358.49,0
40358.5,0
40358.51,0
40358.52,0
40358.53,0
40358.54,0
40358.55,0
40358.56,0
40358.57,0
40358.58,0
40358.59,0
40358.6,0
40358.61,0
40358.62,0
40358.63,0
40358.64,0
40358.65,0
40358.66,0
40358.67,0
40358.68,0
40358.69,0
40358.7,0
40358.71,0
40358.72,0
40358.73,0
40358.74,0
40358.75,0
40358.76,0
40358.77,0
40358.78,0
40358.79,0
40358.8,0
40358.81,0
40358.82,0
40358.83,0
40358.84,0
40358.85,0
40358.86,0
40358.87,0
40358.88,0
40358.89,0
40358.9,0
40358.91,0
40358.92,0
40358.93,0
40358.94,0
40358.95,0
40358.96,0
40358.97,0
40358.98,0
40358.99,0
40359,0
40359.01,0
40359.02,0
40359.03,0
40359.04,0
40359.05,0
40359.06,0
40359.07,0
40359.08,0
40359.09,0
40359.1,0
40359.11,0
40359.12,0
40359.13,0
40359.14,0
40359.15,0
40359.16,0
40359.17,0
40359.18,0
40359.19,0
40359.2,0
40359.21,0
40359.22,0
40359.23,0
40359.24,0
40359.25,0
40359.26,0
40359.27,0
40359.28,0
40359.29,0
40359.3,0
40359.31,0
40359.32,0
40359.33,0
40359.34,0
40359.35,0
40359.36,0
40359.37,0
40359.38,0
40359.39,0
40359.4,0
40359.41,0
40359.42,0
40359.43,0
40359.44,0
40359.45,0
40359.46,0
40359.47,0
40359.48,0
40359.49,0
40359.5,0
40359.51,0
40359.52,0
40359.53,0
40359.54,0
40359.55,0
40359.56,0
40359.57,0
40359.58,0
40359.59,0
40359.6,0
40359.61,0
40359.62,0
40359.63,0
40359.64,0
40359.65,0
40359.66,0
40359.67,0
40359.68,0
40359.69,0
40359.7,0
40359.71,0
40359.72,0
40359.73,0
40359.74,0
40359.75,0
40359.76,0
40359.77,0
40359.78,0
40359.79,0
40359.8,0
40359.81,0
40359.82,0
40359.83,0
40359.84,0
40359.85,0
40359.86,0
40359.87,0
40359.88,0
40359.89,0
40359.9,0
40359.91,0
40359.92,0
40359.93,0
40359.94,0
40359.95,0
40359.96,0
40359.97,0
40359.98,0
40359.99,0
40360,0
40360.01,0
40360.02,0
40360.03,0
40360.04,0
40360.05,0
40360.06,0
40360.07,0
40360.08,0
40360.09,0
40360.1,0
40360.11,0
40360.12,0
40360.13,0
40360.14,0
40360.15,0
40360.16,0
40360.17,0
40360.18,0
40360.19,0
40360.2,0
40360.21,0
40360.22,0
40360.23,0
40360.24,0
40360.25,0
40360.26,0
40360.27,0
40360.28,0
40360.29,0
40360.3,0
40360.31,0
40360.32,0
40360.33,0
40360.34,0
40360.35,0
40360.36,0
40360.37,0
40360.38,0
40360.39,0
40360.4,0
40360.41,0
40360.42,0
40360.43,0
40360.44,0
40360.45,0
40360.46,0
40360.47,0
40360.48,0
40360.49,0
40360.5,0
40360.51,0
40360.52,0
40360.53,0
40360.54,0
40360.55,0
40360.56,0
40360.57,0
40360.58,0
40360.59,0
40360.6,0
40360.61,0
40360.62,0
40360.63,0
40360.64,0
40360.65,0
40360.66,0
40360.67,0
40360.68,0
40360.69,0
40360.7,0
40360.71,0
40360.72,0
40360.73,0
40360.74,0
40360.75,0
40360.76,0
40360.77,0
40360.78,0
40360.79,0
40360.8,0
40360.81,0
40360.82,0
40360.83,0
40360.84,0
40360.85,0
40360.86,0
40360.87,0
40360.88,0
40360.89,0
40360.9,0
40360.91,0
40360.92,0
40360.93,0
40360.94,0
40360.95,0
40360.96,0
40360.97,0
40360.98,0
40360.99,0
40361,0
40361.01,0
40361.02,0
40361.03,0
40361.04,0
40361.05,0
40361.06,0
40361.07,0
40361.08,0
40361.09,0
40361.1,0
40361.11,0
40361.12,0
40361.13,0
40361.14,0
40361.15,0
40361.16,0
40361.17,0
40361.18,0
40361.19,0
40361.2,0
40361.21,0
40361.22,0
40361.23,0
40361.24,0
40361.25,0
40361.26,0
40361.27,0
40361.28,0
40361.29,0
40361.3,0
40361.31,0
40361.32,0
40361.33,0
40361.34,0
40361.35,0
40361.36,0
40361.37,0
40361.38,0
40361.39,0
40361.4,0
40361.41,0
40361.42,0
40361.43,0
40361.44,0
40361.45,0
40361.46,0
40361.47,0
40361.48,0
40361.49,0
40361.5,0
40361.51,0
40361.52,0
40361.53,0
40361.54,0
40361.55,0
40361.56,0
40361.57,0
40361.58,0
40361.59,0
40361.6,0
40361.61,0
40361.62,0
40361.63,0
40361.64,0
40361.65,0
40361.66,0
40361.67,0
40361.68,0
40361.69,0
40361.7,0
40361.71,0
40361.72,0
40361.73,0
40361.74,0
40361.75,0
40361.76,0
40361.77,0
40361.78,0
40361.79,0
40361.8,0
40361.81,0
40361.82,0
40361.83,0
40361.84,0
40361.85,0
40361.86,0
40361.87,0
40361.88,0
40361.89,0
40361.9,0
40361.91,0
40361.92,0
40361.93,0
40361.94,0
40361.95,0
40361.96,0
40361.97,0
40361.98,0
40361.99,0
40362,0
40362.01,0
40362.02,0
40362.03,0
40362.04,0
40362.05,0
40362.06,0
40362.07,0
40362.08,0
40362.09,0
40362.1,0
40362.11,0
40362.12,0
40362.13,0
40362.14,0
40362.15,0
40362.16,0
40362.17,0
40362.18,0
40362.19,0
40362.2,0
40362.21,0
40362.22,0
40362.23,0
40362.24,0
40362.25,0
40362.26,0
40362.27,0
40362.28,0
40362.29,0
40362.3,0
40362.31,0
40362.32,0
40362.33,0
40362.34,0
40362.35,0
40362.36,0
40362.37,0
40362.38,0
40362.39,0
40362.4,0
40362.41,0
40362.42,0
40362.43,0
40362.44,0
40362.45,0
40362.46,0
40362.47,0
40362.48,0
40362.49,0
40362.5,0
40362.51,0
40362.52,0
40362.53,0
40362.54,0
40362.55,0
40362.56,0
40362.57,0
40362.58,0
40362.59,0
40362.6,0
40362.61,0
40362.62,0
40362.63,0
40362.64,0
40362.65,0
40362.66,0
40362.67,0
40362.68,0
40362.69,0
40362.7,0
40362.71,0
40362.72,0
40362.73,0
40362.74,0
40362.75,0
40362.76,0
40362.77,0
40362.78,0
40362.79,0
40362.8,0
40362.81,0
40362.82,0
40362.83,0
40362.84,0
40362.85,0
40362.86,0
40362.87,0
40362.88,0
40362.89,0
40362.9,0
40362.91,0
40362.92,0
40362.93,0
40362.94,0
40362.95,0
40362.96,0
40362.97,0
40362.98,0
40362.99,0
40363,0
40363.01,0
40363.02,0
40363.03,0
40363.04,0
40363.05,0
40363.06,0
40363.07,0
40363.08,0
40363.09,0
40363.1,0
40363.11,0
40363.12,0
40363.13,0
40363.14,0
40363.15,0
40363.16,0
40363.17,0
40363.18,0
40363.19,0
40363.2,0
40363.21,0
40363.22,0
40363.23,0
40363.24,0
40363.25,0
40363.26,0
40363.27,0
40363.28,0
40363.29,0
40363.3,0
40363.31,0
40363.32,0
40363.33,0
40363.34,0
40363.35,0
40363.36,0
40363.37,0
40363.38,0
40363.39,0
40363.4,0
40363.41,0
40363.42,0
40363.43,0
40363.44,0
40363.45,0
40363.46,0
40363.47,0
40363.48,0
40363.49,0
40363.5,0
40363.51,0
40363.52,0
40363.53,0
40363.54,0
40363.55,0
40363.56,0
40363.57,0
40363.58,0
40363.59,0
40363.6,0
40363.61,0
40363.62,0
40363.63,0
40363.64,0
40363.65,0
40363.66,0
40363.67,0
40363.68,0
40363.69,0
40363.7,0
40363.71,0
40363.72,0
40363.73,0
40363.74,0
40363.75,0
40363.76,0
40363.77,0
40363.78,0
40363.79,0
40363.8,0
40363.81,0
40363.82,0
40363.83,0
40363.84,0
40363.85,0
40363.86,0
40363.87,0
40363.88,0
40363.89,0
40363.9,0
40363.91,0
40363.92,0
40363.93,0
40363.94,0
40363.95,0
40363.96,0
40363.97,0
40363.98,0
40363.99,0
40364,0
40364.01,0
40364.02,0
40364.03,0
40364.04,0
40364.05,0
40364.06,0
40364.07,0
40364.08,0
40364.09,0
40364.1,0
40364.11,0
40364.12,0
40364.13,0
40364.14,0
40364.15,0
40364.16,0
40364.17,0
40364.18,0
40364.19,0
40364.2,0
40364.21,0
40364.22,0
40364.23,0
40364.24,0
40364.25,0
40364.26,0
40364.27,0
40364.28,0
40364.29,0
40364.3,0
40364.31,0
40364.32,0
40364.33,0
40364.34,0
40364.35,0
40364.36,0
40364.37,0
40364.38,0
40364.39,0
40364.4,0
40364.41,0
40364.42,0
40364.43,0
40364.44,0
40364.45,0
40364.46,0
40364.47,0
40364.48,0
40364.49,0
40364.5,0
40364.51,0
40364.52,0
40364.53,0
40364.54,0
40364.55,0
40364.56,0
40364.57,0
40364.58,0
40364.59,0
40364.6,0
40364.61,0
40364.62,0
40364.63,0
40364.64,0
40364.65,0
40364.66,0
40364.67,0
40364.68,0
40364.69,0
40364.7,0
40364.71,0
40364.72,0
40364.73,0
40364.74,0
40364.75,0
40364.76,0
40364.77,0
40364.78,0
40364.79,0
40364.8,0
40364.81,0
40364.82,0
40364.83,0
40364.84,0
40364.85,0
40364.86,0
40364.87,0
40364.88,0
40364.89,0
40364.9,0
40364.91,0
40364.92,0
40364.93,0
40364.94,0
40364.95,0
40364.96,0
40364.97,0
40364.98,0
40364.99,0
40365,0
40365.01,0
40365.02,0
40365.03,0
40365.04,0
40365.05,0
40365.06,0
40365.07,0
40365.08,0
40365.09,0
40365.1,0
40365.11,0
40365.12,0
40365.13,0
40365.14,0
40365.15,0
40365.16,0
40365.17,0
40365.18,0
40365.19,0
40365.2,0
40365.21,0
40365.22,0
40365.23,0
40365.24,0
40365.25,0
40365.26,0
40365.27,0
40365.28,0
40365.29,0
40365.3,0
40365.31,0
40365.32,0
40365.33,0
40365.34,0
40365.35,0
40365.36,0
40365.37,0
40365.38,0
40365.39,0
40365.4,0
40365.41,0
40365.42,0
40365.43,0
40365.44,0
40365.45,0
40365.46,0
40365.47,0
40365.48,0
40365.49,0
40365.5,0
40365.51,0
40365.52,0
40365.53,0
40365.54,0
40365.55,0
40365.56,0
40365.57,0
40365.58,0
40365.59,0
40365.6,0
40365.61,0
40365.62,0
40365.63,0
40365.64,0
40365.65,0
40365.66,0
40365.67,0
40365.68,0
40365.69,0
40365.7,0
40365.71,0
40365.72,0
40365.73,0
40365.74,0
40365.75,0
40365.76,0
40365.77,0
40365.78,0
40365.79,0
40365.8,0
40365.81,0
40365.82,0
40365.83,0
40365.84,0
40365.85,0
40365.86,0
40365.87,0
40365.88,0
40365.89,0
40365.9,0
40365.91,0
40365.92,0
40365.93,0
40365.94,0
40365.95,0
40365.96,0
40365.97,0
40365.98,0
40365.99,0
40366,0
40366.01,0
40366.02,0
40366.03,0
40366.04,0
40366.05,0
40366.06,0
40366.07,0
40366.08,0
40366.09,0
40366.1,0
40366.11,0
40366.12,0
40366.13,0
40366.14,0
40366.15,0
40366.16,0
40366.17,0
40366.18,0
40366.19,0
40366.2,0
40366.21,0
40366.22,0
40366.23,0
40366.24,0
40366.25,0
40366.26,0
40366.27,0
40366.28,0
40366.29,0
40366.3,0
40366.31,0
40366.32,0
40366.33,0
40366.34,0
40366.35,0
40366.36,0
40366.37,0
40366.38,0
40366.39,0
40366.4,0
40366.41,0
40366.42,0
40366.43,0
40366.44,0
40366.45,0
40366.46,0
40366.47,0
40366.48,0
40366.49,0
40366.5,0
40366.51,0
40366.52,0
40366.53,0
40366.54,0
40366.55,0
40366.56,0
40366.57,0
40366.58,0
40366.59,0
40366.6,0
40366.61,0
40366.62,0
40366.63,0
40366.64,0
40366.65,0
40366.66,0
40366.67,0
40366.68,0
40366.69,0
40366.7,0
40366.71,0
40366.72,0
40366.73,0
40366.74,0
40366.75,0
40366.76,0
40366.77,0
40366.78,0
40366.79,0
40366.8,0
40366.81,0
40366.82,0
40366.83,0
40366.84,0
40366.85,0
40366.86,0
40366.87,0
40366.88,0
40366.89,0
40366.9,0
40366.91,0
40366.92,0
40366.93,0
40366.94,0
40366.95,0
40366.96,0
40366.97,0
40366.98,0
40366.99,0
40367,0
40367.01,0
40367.02,0
40367.03,0
40367.04,0
40367.05,0
40367.06,0
40367.07,0
40367.08,0
40367.09,0
40367.1,0
40367.11,0
40367.12,0
40367.13,0
40367.14,0
40367.15,0
40367.16,0
40367.17,0
40367.18,0
40367.19,0
40367.2,0
40367.21,0
40367.22,0
40367.23,0
40367.24,0
40367.25,0
40367.26,0
40367.27,0
40367.28,0
40367.29,0
40367.3,0
40367.31,0
40367.32,0
40367.33,0
40367.34,0
40367.35,0
40367.36,0
40367.37,0
40367.38,0
40367.39,0
40367.4,0
40367.41,0
40367.42,0
40367.43,0
40367.44,0
40367.45,0
40367.46,0
40367.47,0
40367.48,0
40367.49,0
40367.5,0
40367.51,0
40367.52,0
40367.53,0
40367.54,0
40367.55,0
40367.56,0
40367.57,0
40367.58,0
40367.59,0
40367.6,0
40367.61,0
40367.62,0
40367.63,0
40367.64,0
40367.65,0
40367.66,0
40367.67,0
40367.68,0
40367.69,0
40367.7,0
40367.71,0
40367.72,0
40367.73,0
40367.74,0
40367.75,0
40367.76,0
40367.77,0
40367.78,0
40367.79,0
40367.8,0
40367.81,0
40367.82,0
40367.83,0
40367.84,0
40367.85,0
40367.86,0
40367.87,0
40367.88,0
40367.89,0
40367.9,0
40367.91,0
40367.92,0
40367.93,0
40367.94,0
40367.95,0
40367.96,0
40367.97,0
40367.98,0
40367.99,0
40368,0
40368.01,0
40368.02,0
40368.03,0
40368.04,0
40368.05,0
40368.06,0
40368.07,0
40368.08,0
40368.09,0
40368.1,0
40368.11,0
40368.12,0
40368.13,0
40368.14,0
40368.15,0
40368.16,0
40368.17,0
40368.18,0
40368.19,0
40368.2,0
40368.21,0
40368.22,0
40368.23,0
40368.24,0
40368.25,0
40368.26,0
40368.27,0
40368.28,0
40368.29,0
40368.3,0
40368.31,0
40368.32,0
40368.33,0
40368.34,0
40368.35,0
40368.36,0
40368.37,0
40368.38,0
40368.39,0
40368.4,0
40368.41,0
40368.42,0
40368.43,0
40368.44,0
40368.45,0
40368.46,0
40368.47,0
40368.48,0
40368.49,0
40368.5,0
40368.51,0
40368.52,0
40368.53,0
40368.54,0
40368.55,0
40368.56,0
40368.57,0
40368.58,0
40368.59,0
40368.6,0
40368.61,0
40368.62,0
40368.63,0
40368.64,0
40368.65,0
40368.66,0
40368.67,0
40368.68,0
40368.69,0
40368.7,0
40368.71,0
40368.72,0
40368.73,0
40368.74,0
40368.75,0
40368.76,0
40368.77,0
40368.78,0
40368.79,0
40368.8,0
40368.81,0
40368.82,0
40368.83,0
40368.84,0
40368.85,0
40368.86,0
40368.87,0
40368.88,0
40368.89,0
40368.9,0
40368.91,0
40368.92,0
40368.93,0
40368.94,0
40368.95,0
40368.96,0
40368.97,0
40368.98,0
40368.99,0
40369,0
40369.01,0
40369.02,0
40369.03,0
40369.04,0
40369.05,0
40369.06,0
40369.07,0
40369.08,0
40369.09,0
40369.1,0
40369.11,0
40369.12,0
40369.13,0
40369.14,0
40369.15,0
40369.16,0
40369.17,0
40369.18,0
40369.19,0
40369.2,0
40369.21,3.09890298673534E-07
40369.22,60.8253254766523
40369.23,435.097428050498
40369.24,439.947964524496
40369.25,378.210639499256
40369.26,290.963231169812
40369.27,177.332980986951
40369.28,121.356904357153
40369.29,105.918335640146
40369.3,119.857517575013
40369.31,141.514789054811
40369.32,169.133876103048
40369.33,204.81701060616
40369.34,239.226377908611
40369.35,264.82047810887
40369.36,276.805351743511
40369.37,246.175985249034
40369.38,205.800922901675
40369.39,143.485648613426
40369.4,99.7003712972965
40369.41,80.6078694407277
40369.42,76.9326820687634
40369.43,81.7000617269178
40369.44,86.5383155892354
40369.45,81.5894743047024
40369.46,67.1843872236508
40369.47,47.2744835382352
40369.48,1.43479337660606
40369.49,1.30232660705562
40369.5,1.18234775668551
40369.51,0.954963484366367
40369.52,0.798360823677161
40369.53,0.670001127678194
40369.54,0.515791166993571
40369.55,0.393649862958964
40369.56,0.26485906457946
40369.57,0.126668568882943
40369.58,0
40369.59,0
40369.6,0
40369.61,0
40369.62,0
40369.63,0
40369.64,0
40369.65,0
40369.66,0
40369.67,0
40369.68,0
40369.69,0
40369.7,0
40369.71,0
40369.72,0
40369.73,0
40369.74,0
40369.75,0
40369.76,0
40369.77,0
40369.78,0
40369.79,0
40369.8,0
40369.81,0
40369.82,0
40369.83,0
40369.84,0
40369.85,0
40369.86,0
40369.87,0
40369.88,0
40369.89,0
40369.9,0
40369.91,0
40369.92,0
40369.93,0
40369.94,0
40369.95,0
40369.96,0
40369.97,0
40369.98,0
40369.99,0
40370,0
40370.01,0
40370.02,0
40370.03,0
40370.04,0
40370.05,0
40370.06,0
40370.07,0
40370.08,0
40370.09,0
40370.1,0
40370.11,0
40370.12,0
40370.13,0
40370.14,0
40370.15,0
40370.16,0
40370.17,0
40370.18,0
40370.19,0
40370.2,0
40370.21,0
40370.22,0
40370.23,0
40370.24,0
40370.25,0
40370.26,0
40370.27,0
40370.28,0
40370.29,0
40370.3,0
40370.31,0
40370.32,0
40370.33,0
40370.34,0
40370.35,0
40370.36,0
40370.37,0
40370.38,0
40370.39,0
40370.4,0
40370.41,0
40370.42,0
40370.43,0
40370.44,0
40370.45,0
40370.46,0
40370.47,0
40370.48,0
40370.49,0
40370.5,0
40370.51,0
40370.52,0
40370.53,0
40370.54,0
40370.55,0
40370.56,0
40370.57,0
40370.58,0
40370.59,0
40370.6,0
40370.61,0
40370.62,0
40370.63,0
40370.64,0
40370.65,0
40370.66,0
40370.67,0
40370.68,0
40370.69,0
40370.7,0
40370.71,0
40370.72,0
40370.73,0
40370.74,0
40370.75,0
40370.76,0
40370.77,0
40370.78,0
40370.79,0
40370.8,0
40370.81,0
40370.82,0
40370.83,0
40370.84,0
40370.85,0
40370.86,0
40370.87,0
40370.88,0
40370.89,0
40370.9,0
40370.91,0
40370.92,0
40370.93,0
40370.94,0
40370.95,0
40370.96,0
40370.97,0
40370.98,0
40370.99,0
40371,0
40371.01,0
40371.02,0
40371.03,0
40371.04,0
40371.05,0
40371.06,0
40371.07,0
40371.08,0
40371.09,0
40371.1,0
40371.11,0
40371.12,0
40371.13,0
40371.14,0
40371.15,0
40371.16,0
40371.17,0
40371.18,0
40371.19,0
40371.2,0
40371.21,0
40371.22,0
40371.23,0
40371.24,0
40371.25,0
40371.26,0
40371.27,0
40371.28,0
40371.29,0
40371.3,0
40371.31,0
40371.32,0
40371.33,0
40371.34,0
40371.35,0
40371.36,0
40371.37,0
40371.38,0
40371.39,0
40371.4,0
40371.41,0
40371.42,0
40371.43,0
40371.44,0
40371.45,0
40371.46,0
40371.47,0
40371.48,0
40371.49,0
40371.5,0
40371.51,0
40371.52,0
40371.53,0
40371.54,0
40371.55,0
40371.56,0
40371.57,0
40371.58,0
40371.59,0
40371.6,0
40371.61,0
40371.62,0
40371.63,0
40371.64,0
40371.65,0
40371.66,2.38635203765186E-07
40371.67,47.001066997141
40371.68,57.1743397751207
40371.69,37.4421022839563
40371.7,26.5960893865283
40371.71,19.2605924413449
40371.72,12.5337948919455
40371.73,5.43045367141249
40371.74,4.1262049718559
40371.75,2.85001489127842
40371.76,1.61116441783252
40371.77,1.39694884203707
40371.78,1.07402000317567
40371.79,0.745225544715699
40371.8,0.433628365268414
40371.81,0.349724155683744
40371.82,0.279645903725877
40371.83,0.211322452667148
40371.84,0.144244443595422
40371.85,3.82261776831786
40371.86,9.40791283496394
40371.87,50.1845956575117
40371.88,128.153589622654
40371.89,208.059224506437
40371.9,249.820157834276
40371.91,228.964260607244
40371.92,186.949102835335
40371.93,122.931110911171
40371.94,19.3628497368617
40371.95,17.1356159855247
40371.96,14.6773222699778
40371.97,12.2194698192494
40371.98,10.5007102880305
40371.99,6.47623663081742
40372,7.40053806923019
40372.01,12.8346538424857
40372.02,21.8362107643436
40372.03,26.3166825370417
40372.04,26.6303568555445
40372.05,22.1526138471492
40372.06,16.83153880043
40372.07,2.34171874974976
40372.08,2.07993869842779
40372.09,1.83518842734749
40372.1,1.70250196592954
40372.11,1.38770650750247
40372.12,1.19024006483902
40372.13,0.939407880180566
40372.14,0.696821679021096
40372.15,0.451173475724703
40372.16,0.232710383677021
40372.17,0
40372.18,0
40372.19,0
40372.2,0
40372.21,0
40372.22,0
40372.23,0
40372.24,0
40372.25,0
40372.26,0
40372.27,0
40372.28,0
40372.29,0
40372.3,0
40372.31,0
40372.32,0
40372.33,0
40372.34,0
40372.35,0
40372.36,0
40372.37,0
40372.38,0
40372.39,0
40372.4,0
40372.41,0
40372.42,0
40372.43,0
40372.44,0
40372.45,0
40372.46,0
40372.47,0
40372.48,0
40372.49,0
40372.5,0
40372.51,0
40372.52,0
40372.53,0
40372.54,0
40372.55,0
40372.56,0
40372.57,0
40372.58,0
40372.59,0
40372.6,0
40372.61,0
40372.62,0
40372.63,0
40372.64,0
40372.65,0
40372.66,0
40372.67,0
40372.68,0
40372.69,0
40372.7,0
40372.71,0
40372.72,0
40372.73,0
40372.74,0
40372.75,0
40372.76,2.70234248561273E-07
40372.77,52.2390452027124
40372.78,180.682594168998
40372.79,383.929548721992
40372.8,581.57721497072
40372.81,788.186979072856
40372.82,866.941019684375
40372.83,793.606027114183
40372.84,710.079892834918
40372.85,446.930991206815
40372.86,89.014224398685
40372.87,74.4653559012236
40372.88,64.1469078750713
40372.89,52.9205006873315
40372.9,44.1967784013129
40372.91,33.2466935646337
40372.92,23.6822573942004
40372.93,24.3877785909311
40372.94,24.1787747119586
40372.95,134.249330620302
40372.96,325.224942547918
40372.97,522.404683910541
40372.98,717.479349689434
40372.99,832.055990069777
40373,819.571301825276
40373.01,752.899323742811
40373.02,655.060054996734
40373.03,552.079552207138
40373.04,444.534505938308
40373.05,326.32900455283
40373.06,193.815376427031
40373.07,12.5521689119087
40373.08,12.0280567741537
40373.09,10.9373173000244
40373.1,9.62210843071379
40373.11,8.38605314889405
40373.12,7.28278351742956
40373.13,6.11444446435478
40373.14,4.75092346030095
40373.15,3.59968038190582
40373.16,2.40238096876355
40373.17,1.14991602483086
40373.18,0.981903060130819
40373.19,0.811494249156132
40373.2,0.681089252453573
40373.21,0.521672668153088
40373.22,0.372146334760798
40373.23,0.225263578318576
40373.24,0.0766403584968141
40373.25,0
40373.26,0
40373.27,0
40373.28,0
40373.29,0
40373.3,0
40373.31,0
40373.32,0
40373.33,0
40373.34,0
40373.35,0
40373.36,0
40373.37,0
40373.38,0
40373.39,0
40373.4,0
40373.41,0
40373.42,0
40373.43,0
40373.44,0
40373.45,0
40373.46,0
40373.47,0
40373.48,0
40373.49,0
40373.5,0
40373.51,0
40373.52,0
40373.53,0
40373.54,0
40373.55,0
40373.56,0
40373.57,0
40373.58,0
40373.59,0
40373.6,0
40373.61,0
40373.62,0
40373.63,0
40373.64,0
40373.65,0
40373.66,0
40373.67,0
40373.68,0
40373.69,0
40373.7,0
40373.71,0
40373.72,0
40373.73,0
40373.74,0
40373.75,0
40373.76,0
40373.77,0
40373.78,0
40373.79,0
40373.8,0
40373.81,0
40373.82,0
40373.83,0
40373.84,0
40373.85,0
40373.86,0
40373.87,0
40373.88,0
40373.89,0
40373.9,0
40373.91,0
40373.92,0
40373.93,0
40373.94,0
40373.95,0
40373.96,0
40373.97,0
40373.98,0
40373.99,0
40374,0
40374.01,0
40374.02,0
40374.03,0
40374.04,0
40374.05,0
40374.06,0
40374.07,0
40374.08,0
40374.09,0
40374.1,0
40374.11,0
40374.12,0
40374.13,0
40374.14,0
40374.15,0
40374.16,0
40374.17,0
40374.18,0
40374.19,0
40374.2,0
40374.21,0
40374.22,0
40374.23,0
40374.24,0
40374.25,0
40374.26,0
40374.27,0
40374.28,0
40374.29,0
40374.3,0
40374.31,0
40374.32,0
40374.33,0
40374.34,0
40374.35,0
40374.36,0
40374.37,0
40374.38,0
40374.39,0
40374.4,0
40374.41,0
40374.42,0
40374.43,0
40374.44,0
40374.45,0
40374.46,0
40374.47,0
40374.48,0
40374.49,0
40374.5,0
40374.51,0
40374.52,0
40374.53,0
40374.54,0
40374.55,0
40374.56,0
40374.57,0
40374.58,0
40374.59,0
40374.6,0
40374.61,0
40374.62,0
40374.63,0
40374.64,0
40374.65,0
40374.66,0
40374.67,0
40374.68,0
40374.69,0
40374.7,0
40374.71,0
40374.72,0
40374.73,0
40374.74,0
40374.75,0
40374.76,0
40374.77,0
40374.78,0
40374.79,0
40374.8,0
40374.81,0
40374.82,0
40374.83,0
40374.84,0
40374.85,0
40374.86,0
40374.87,0
40374.88,0
40374.89,0
40374.9,0
40374.91,0
40374.92,0
40374.93,0
40374.94,0
40374.95,0
40374.96,0
40374.97,0
40374.98,0
40374.99,0
40375,0
40375.01,0
40375.02,0
40375.03,0
40375.04,0
40375.05,0
40375.06,0
40375.07,0
40375.08,0
40375.09,0
40375.1,0
40375.11,0
40375.12,0
40375.13,0
40375.14,0
40375.15,0
40375.16,0
40375.17,0
40375.18,0
40375.19,0
40375.2,0
40375.21,0
40375.22,0
40375.23,0
40375.24,0
40375.25,0
40375.26,0
40375.27,0
40375.28,0
40375.29,0
40375.3,0
40375.31,0
40375.32,0
40375.33,0
40375.34,0
40375.35,0
40375.36,0
40375.37,0
40375.38,0
40375.39,0
40375.4,0
40375.41,0
40375.42,0
40375.43,0
40375.44,0
40375.45,0
40375.46,0
40375.47,0
40375.48,0
40375.49,0
40375.5,0
40375.51,0
40375.52,0
40375.53,0
40375.54,0
40375.55,0
40375.56,0
40375.57,0
40375.58,0
40375.59,0
40375.6,0
40375.61,0
40375.62,0
40375.63,0
40375.64,0
40375.65,0
40375.66,0
40375.67,0
40375.68,0
40375.69,0
40375.7,0
40375.71,0
40375.72,0
40375.73,0
40375.74,0
40375.75,0
40375.76,0
40375.77,0
40375.78,0
40375.79,0
40375.8,0
40375.81,0
40375.82,0
40375.83,0
40375.84,0
40375.85,0
40375.86,0
40375.87,0
40375.88,0
40375.89,0
40375.9,0
40375.91,0
40375.92,0
40375.93,0
40375.94,0
40375.95,0
40375.96,0
40375.97,0
40375.98,0
40375.99,0
40376,0
40376.01,0
40376.02,0
40376.03,0
40376.04,0
40376.05,0
40376.06,0
40376.07,0
40376.08,0
40376.09,0
40376.1,0
40376.11,0
40376.12,0
40376.13,0
40376.14,0
40376.15,0
40376.16,0
40376.17,0
40376.18,0
40376.19,0
40376.2,0
40376.21,0
40376.22,0
40376.23,0
40376.24,0
40376.25,0
40376.26,0
40376.27,0
40376.28,0
40376.29,0
40376.3,0
40376.31,0
40376.32,0
40376.33,0
40376.34,0
40376.35,0
40376.36,0
40376.37,0
40376.38,0
40376.39,0
40376.4,0
40376.41,0
40376.42,0
40376.43,0
40376.44,0
40376.45,0
40376.46,0
40376.47,0
40376.48,0
40376.49,0
40376.5,0
40376.51,0
40376.52,0
40376.53,0
40376.54,0
40376.55,0
40376.56,0
40376.57,0
40376.58,0
40376.59,0
40376.6,0
40376.61,0
40376.62,0
40376.63,0
40376.64,0
40376.65,0
40376.66,0
40376.67,0
40376.68,0
40376.69,0
40376.7,0
40376.71,0
40376.72,0
40376.73,0
40376.74,0
40376.75,0
40376.76,0
40376.77,0
40376.78,0
40376.79,0
40376.8,0
40376.81,0
40376.82,0
40376.83,0
40376.84,0
40376.85,0
40376.86,0
40376.87,0
40376.88,0
40376.89,0
40376.9,0
40376.91,0
40376.92,0
40376.93,0
40376.94,0
40376.95,0
40376.96,0
40376.97,0
40376.98,0
40376.99,0
40377,0
40377.01,0
40377.02,0
40377.03,0
40377.04,0
40377.05,0
40377.06,0
40377.07,0
40377.08,0
40377.09,0
40377.1,0
40377.11,0
40377.12,0
40377.13,0
40377.14,0
40377.15,0
40377.16,0
40377.17,0
40377.18,0
40377.19,0
40377.2,0
40377.21,0
40377.22,0
40377.23,0
40377.24,0
40377.25,0
40377.26,0
40377.27,0
40377.28,0
40377.29,0
40377.3,0
40377.31,0
40377.32,0
40377.33,0
40377.34,0
40377.35,0
40377.36,0
40377.37,0
40377.38,0
40377.39,0
40377.4,0
40377.41,0
40377.42,0
40377.43,0
40377.44,0
40377.45,0
40377.46,0
40377.47,0
40377.48,0
40377.49,0
40377.5,0
40377.51,0
40377.52,0
40377.53,0
40377.54,0
40377.55,0
40377.56,0
40377.57,0
40377.58,0
40377.59,0
40377.6,0
40377.61,0
40377.62,0
40377.63,0
40377.64,0
40377.65,0
40377.66,0
40377.67,0
40377.68,0
40377.69,0
40377.7,0
40377.71,0
40377.72,0
40377.73,0
40377.74,0
40377.75,0
40377.76,0
40377.77,0
40377.78,0
40377.79,0
40377.8,0
40377.81,0
40377.82,0
40377.83,0
40377.84,0
40377.85,0
40377.86,0
40377.87,0
40377.88,0
40377.89,0
40377.9,0
40377.91,0
40377.92,0
40377.93,0
40377.94,0
40377.95,0
40377.96,0
40377.97,0
40377.98,0
40377.99,0
40378,0
40378.01,0
40378.02,0
40378.03,0
40378.04,0
40378.05,0
40378.06,0
40378.07,0
40378.08,0
40378.09,0
40378.1,0
40378.11,0
40378.12,0
40378.13,0
40378.14,0
40378.15,0
40378.16,0
40378.17,0
40378.18,0
40378.19,0
40378.2,0
40378.21,0
40378.22,0
40378.23,0
40378.24,0
40378.25,0
40378.26,0
40378.27,0
40378.28,0
40378.29,0
40378.3,0
40378.31,0
40378.32,0
40378.33,0
40378.34,0
40378.35,0
40378.36,0
40378.37,0
40378.38,0
40378.39,0
40378.4,0
40378.41,0
40378.42,0
40378.43,0
40378.44,0
40378.45,0
40378.46,0
40378.47,0
40378.48,0
40378.49,0
40378.5,0
40378.51,0
40378.52,0
40378.53,0
40378.54,0
40378.55,0
40378.56,0
40378.57,0
40378.58,0
40378.59,0
40378.6,0
40378.61,0
40378.62,0
40378.63,0
40378.64,0
40378.65,0
40378.66,0
40378.67,0
40378.68,0
40378.69,0
40378.7,0
40378.71,0
40378.72,0
40378.73,0
40378.74,0
40378.75,0
40378.76,0
40378.77,0
40378.78,0
40378.79,0
40378.8,0
40378.81,0
40378.82,0
40378.83,0
40378.84,0
40378.85,0
40378.86,0
40378.87,0
40378.88,0
40378.89,0
40378.9,0
40378.91,0
40378.92,0
40378.93,0
40378.94,0
40378.95,0
40378.96,0
40378.97,0
40378.98,0
40378.99,0
40379,0
40379.01,0
40379.02,0
40379.03,0
40379.04,0
40379.05,0
40379.06,0
40379.07,0
40379.08,0
40379.09,0
40379.1,0
40379.11,0
40379.12,0
40379.13,0
40379.14,0
40379.15,0
40379.16,0
40379.17,0
40379.18,0
40379.19,0
40379.2,0
40379.21,0
40379.22,0
40379.23,0
40379.24,0
40379.25,0
40379.26,0
40379.27,0
40379.28,0
40379.29,0
40379.3,0
40379.31,0
40379.32,0
40379.33,0
40379.34,0
40379.35,0
40379.36,0
40379.37,0
40379.38,0
40379.39,0
40379.4,0
40379.41,0
40379.42,0
40379.43,0
40379.44,0
40379.45,0
40379.46,0
40379.47,0
40379.48,0
40379.49,0
40379.5,0
40379.51,0
40379.52,0
40379.53,0
40379.54,0
40379.55,0
40379.56,0
40379.57,0
40379.58,0
40379.59,0
40379.6,0
40379.61,0
40379.62,0
40379.63,0
40379.64,0
40379.65,0
40379.66,0
40379.67,0
40379.68,0
40379.69,0
40379.7,0
40379.71,0
40379.72,0
40379.73,0
40379.74,0
40379.75,0
40379.76,0
40379.77,0
40379.78,0
40379.79,0
40379.8,0
40379.81,0
40379.82,0
40379.83,0
40379.84,0
40379.85,0
40379.86,0
40379.87,0
40379.88,0
40379.89,0
40379.9,0
40379.91,0
40379.92,0
40379.93,0
40379.94,0
40379.95,0
40379.96,0
40379.97,0
40379.98,0
40379.99,0
40380,0
40380.01,0
40380.02,0
40380.03,0
40380.04,0
40380.05,0
40380.06,0
40380.07,0
40380.08,0
40380.09,0
40380.1,0
40380.11,0
40380.12,0
40380.13,0
40380.14,0
40380.15,0
40380.16,0
40380.17,0
40380.18,0
40380.19,0
40380.2,0
40380.21,0
40380.22,0
40380.23,0
40380.24,0
40380.25,0
40380.26,0
40380.27,0
40380.28,0
40380.29,0
40380.3,0
40380.31,0
40380.32,0
40380.33,0
40380.34,0
40380.35,0
40380.36,0
40380.37,0
40380.38,0
40380.39,0
40380.4,0
40380.41,0
40380.42,0
40380.43,0
40380.44,0
40380.45,0
40380.46,0
40380.47,0
40380.48,0
40380.49,0
40380.5,0
40380.51,0
40380.52,0
40380.53,0
40380.54,0
40380.55,0
40380.56,0
40380.57,0
40380.58,0
40380.59,0
40380.6,0
40380.61,0
40380.62,0
40380.63,0
40380.64,0
40380.65,0
40380.66,0
40380.67,0
40380.68,0
40380.69,0
40380.7,0
40380.71,0
40380.72,0
40380.73,0
40380.74,0
40380.75,0
40380.76,0
40380.77,0
40380.78,0
40380.79,0
40380.8,0
40380.81,0
40380.82,0
40380.83,0
40380.84,0
40380.85,0
40380.86,0
40380.87,0
40380.88,0
40380.89,0
40380.9,0
40380.91,0
40380.92,0
40380.93,0
40380.94,0
40380.95,0
40380.96,0
40380.97,0
40380.98,0
40380.99,0
40381,0
40381.01,0
40381.02,0
40381.03,0
40381.04,0
40381.05,0
40381.06,0
40381.07,0
40381.08,0
40381.09,0
40381.1,0
40381.11,0
40381.12,0
40381.13,0
40381.14,0
40381.15,0
40381.16,0
40381.17,0
40381.18,0
40381.19,0
40381.2,0
40381.21,0
40381.22,0
40381.23,0
40381.24,0
40381.25,0
40381.26,0
40381.27,0
40381.28,0
40381.29,0
40381.3,0
40381.31,0
40381.32,0
40381.33,0
40381.34,0
40381.35,0
40381.36,0
40381.37,0
40381.38,0
40381.39,0
40381.4,0
40381.41,0
40381.42,0
40381.43,0
40381.44,0
40381.45,0
40381.46,0
40381.47,0
40381.48,0
40381.49,0
40381.5,0
40381.51,0
40381.52,0
40381.53,0
40381.54,0
40381.55,0
40381.56,0
40381.57,0
40381.58,0
40381.59,0
40381.6,0
40381.61,0
40381.62,0
40381.63,0
40381.64,0
40381.65,0
40381.66,0
40381.67,0
40381.68,0
40381.69,0
40381.7,0
40381.71,0
40381.72,0
40381.73,0
40381.74,0
40381.75,0
40381.76,0
40381.77,0
40381.78,0
40381.79,0
40381.8,0
40381.81,0
40381.82,0
40381.83,0
40381.84,0
40381.85,0
40381.86,0
40381.87,0
40381.88,0
40381.89,0
40381.9,0
40381.91,0
40381.92,0
40381.93,0
40381.94,0
40381.95,0
40381.96,0
40381.97,0
40381.98,0
40381.99,0
40382,0
40382.01,0
40382.02,0
40382.03,0
40382.04,0
40382.05,0
40382.06,0
40382.07,0
40382.08,0
40382.09,0
40382.1,0
40382.11,0
40382.12,0
40382.13,0
40382.14,0
40382.15,0
40382.16,0
40382.17,0
40382.18,0
40382.19,0
40382.2,0
40382.21,0
40382.22,0
40382.23,0
40382.24,0
40382.25,0
40382.26,0
40382.27,0
40382.28,0
40382.29,0
40382.3,0
40382.31,0
40382.32,0
40382.33,0
40382.34,0
40382.35,0
40382.36,0
40382.37,0
40382.38,0
40382.39,0
40382.4,0
40382.41,0
40382.42,0
40382.43,0
40382.44,0
40382.45,0
40382.46,0
40382.47,0
40382.48,0
40382.49,0
40382.5,0
40382.51,0
40382.52,0
40382.53,0
40382.54,0
40382.55,0
40382.56,0
40382.57,0
40382.58,0
40382.59,0
40382.6,0
40382.61,0
40382.62,0
40382.63,0
40382.64,0
40382.65,0
40382.66,0
40382.67,0
40382.68,0
40382.69,0
40382.7,0
40382.71,0
40382.72,0
40382.73,0
40382.74,0
40382.75,0
40382.76,0
40382.77,0
40382.78,0
40382.79,0
40382.8,0
40382.81,0
40382.82,0
40382.83,0
40382.84,0
40382.85,0
40382.86,0
40382.87,0
40382.88,0
40382.89,0
40382.9,0
40382.91,0
40382.92,0
40382.93,0
40382.94,0
40382.95,0
40382.96,0
40382.97,0
40382.98,0
40382.99,0
40383,0
40383.01,0
40383.02,0
40383.03,0
40383.04,0
40383.05,0
40383.06,0
40383.07,0
40383.08,0
40383.09,0
40383.1,0
40383.11,0
40383.12,0
40383.13,0
40383.14,0
40383.15,0
40383.16,0
40383.17,0
40383.18,0
40383.19,0
40383.2,0
40383.21,0
40383.22,0
40383.23,0
40383.24,0
40383.25,0
40383.26,0
40383.27,0
40383.28,0
40383.29,0
40383.3,0
40383.31,0
40383.32,0
40383.33,0
40383.34,0
40383.35,0
40383.36,0
40383.37,0
40383.38,0
40383.39,0
40383.4,0
40383.41,0
40383.42,0
40383.43,0
40383.44,0
40383.45,0
40383.46,0
40383.47,0
40383.48,0
40383.49,0
40383.5,0
40383.51,0
40383.52,0
40383.53,0
40383.54,0
40383.55,0
40383.56,0
40383.57,0
40383.58,0
40383.59,0
40383.6,0
40383.61,0
40383.62,0
40383.63,0
40383.64,0
40383.65,0
40383.66,0
40383.67,0
40383.68,0
40383.69,0
40383.7,0
40383.71,0
40383.72,0
40383.73,0
40383.74,0
40383.75,0
40383.76,0
40383.77,0
40383.78,0
40383.79,0
40383.8,0
40383.81,0
40383.82,0
40383.83,0
40383.84,0
40383.85,0
40383.86,0
40383.87,0
40383.88,0
40383.89,0
40383.9,0
40383.91,0
40383.92,0
40383.93,0
40383.94,0
40383.95,0
40383.96,0
40383.97,0
40383.98,0
40383.99,0
40384,0
40384.01,0
40384.02,0
40384.03,0
40384.04,0
40384.05,0
40384.06,0
40384.07,0
40384.08,0
40384.09,0
40384.1,0
40384.11,0
40384.12,0
40384.13,0
40384.14,0
40384.15,0
40384.16,0
40384.17,0
40384.18,0
40384.19,0
40384.2,0
40384.21,0
40384.22,0
40384.23,0
40384.24,0
40384.25,0
40384.26,0
40384.27,0
40384.28,0
40384.29,0
40384.3,0
40384.31,0
40384.32,0
40384.33,0
40384.34,0
40384.35,0
40384.36,0
40384.37,0
40384.38,0
40384.39,0
40384.4,0
40384.41,0
40384.42,0
40384.43,0
40384.44,0
40384.45,0
40384.46,0
40384.47,0
40384.48,0
40384.49,0
40384.5,0
40384.51,0
40384.52,0
40384.53,0
40384.54,0
40384.55,0
40384.56,0
40384.57,0
40384.58,0
40384.59,0
40384.6,0
40384.61,0
40384.62,1.12203201601857E-06
40384.63,222.64228782567
40384.64,404.976902668501
40384.65,401.019880984384
40384.66,355.319339413352
40384.67,268.760955643182
40384.68,182.434533588552
40384.69,11.5787136044907
40384.7,10.2924766140524
40384.71,8.69388191723163
40384.72,7.81302202657783
40384.73,7.02285548573468
40384.74,6.00965507855824
40384.75,4.96566042478672
40384.76,3.87414164629639
40384.77,2.87794038093012
40384.78,1.78065336045119
40384.79,0.704645294100889
40384.8,0.625201835510171
40384.81,0.514136431538255
40384.82,0.431338661860208
40384.83,0.326033045995393
40384.84,0.238042472337735
40384.85,0.140726384572665
40384.86,0.0459487083797247
40384.87,0
40384.88,0
40384.89,0
40384.9,0
40384.91,0
40384.92,0
40384.93,0
40384.94,0
40384.95,0
40384.96,0
40384.97,0
40384.98,0
40384.99,0
40385,0
40385.01,0
40385.02,0
40385.03,0
40385.04,0
40385.05,0
40385.06,0
40385.07,0
40385.08,0
40385.09,0
40385.1,0
40385.11,0
40385.12,0
40385.13,0
40385.14,0
40385.15,0
40385.16,0
40385.17,0
40385.18,0
40385.19,0
40385.2,0
40385.21,0
40385.22,0
40385.23,0
40385.24,0
40385.25,0
40385.26,0
40385.27,0
40385.28,0
40385.29,0
40385.3,0
40385.31,0
40385.32,0
40385.33,0
40385.34,0
40385.35,0
40385.36,0
40385.37,0
40385.38,0
40385.39,0
40385.4,0
40385.41,0
40385.42,0
40385.43,0
40385.44,0
40385.45,0
40385.46,0
40385.47,0
40385.48,0
40385.49,0
40385.5,0
40385.51,0
40385.52,0
40385.53,0
40385.54,0
40385.55,0
40385.56,0
40385.57,0
40385.58,0
40385.59,0
40385.6,0
40385.61,0
40385.62,0
40385.63,0
40385.64,0
40385.65,0
40385.66,0
40385.67,0
40385.68,0
40385.69,0
40385.7,0
40385.71,0
40385.72,0
40385.73,0
40385.74,0
40385.75,0
40385.76,0
40385.77,0
40385.78,0
40385.79,0
40385.8,0
40385.81,0
40385.82,0
40385.83,0
40385.84,0
40385.85,0
40385.86,0
40385.87,0
40385.88,0
40385.89,0
40385.9,0
40385.91,0
40385.92,0
40385.93,0
40385.94,0
40385.95,0
40385.96,0
40385.97,0
40385.98,0
40385.99,0
40386,0
40386.01,0
40386.02,0
40386.03,0
40386.04,0
40386.05,0
40386.06,0
40386.07,0
40386.08,0
40386.09,0
40386.1,0
40386.11,0
40386.12,0
40386.13,0
40386.14,0
40386.15,0
40386.16,0
40386.17,0
40386.18,0
40386.19,0
40386.2,0
40386.21,0
40386.22,0
40386.23,0
40386.24,0
40386.25,0
40386.26,0
40386.27,0
40386.28,0
40386.29,0
40386.3,0
40386.31,0
40386.32,0
40386.33,0
40386.34,0
40386.35,0
40386.36,0
40386.37,0
40386.38,0
40386.39,0
40386.4,0
40386.41,0
40386.42,0
40386.43,0
40386.44,0
40386.45,0
40386.46,0
40386.47,0
40386.48,0
40386.49,0
40386.5,0
40386.51,0
40386.52,0
40386.53,0
40386.54,0
40386.55,0
40386.56,0
40386.57,0
40386.58,0
40386.59,0
40386.6,0
40386.61,0
40386.62,0
40386.63,0
40386.64,0
40386.65,0
40386.66,0
40386.67,0
40386.68,0
40386.69,0
40386.7,0
40386.71,0
40386.72,0
40386.73,0
40386.74,0
40386.75,0
40386.76,0
40386.77,0
40386.78,0
40386.79,0
40386.8,0
40386.81,0
40386.82,0
40386.83,0
40386.84,0
40386.85,0
40386.86,0
40386.87,0
40386.88,0
40386.89,0
40386.9,0
40386.91,0
40386.92,0
40386.93,0
40386.94,0
40386.95,0
40386.96,0
40386.97,0
40386.98,0
40386.99,0
40387,0
40387.01,0
40387.02,0
40387.03,0
40387.04,0
40387.05,0
40387.06,0
40387.07,0
40387.08,0
40387.09,0
40387.1,0
40387.11,0
40387.12,0
40387.13,0
40387.14,0
40387.15,0
40387.16,0
40387.17,0
40387.18,0
40387.19,0
40387.2,0
40387.21,0
40387.22,0
40387.23,0
40387.24,0
40387.25,0
40387.26,0
40387.27,0
40387.28,0
40387.29,0
40387.3,0
40387.31,0
40387.32,0
40387.33,0
40387.34,0
40387.35,0
40387.36,0
40387.37,0
40387.38,0
40387.39,0
40387.4,0
40387.41,0
40387.42,0
40387.43,0
40387.44,0
40387.45,0
40387.46,0
40387.47,0
40387.48,0
40387.49,0
40387.5,0
40387.51,0
40387.52,0
40387.53,0
40387.54,0
40387.55,0
40387.56,0
40387.57,0
40387.58,0
40387.59,0
40387.6,0
40387.61,0
40387.62,0
40387.63,0
40387.64,0
40387.65,0
40387.66,0
40387.67,0
40387.68,0
40387.69,0
40387.7,0
40387.71,0
40387.72,0
40387.73,0
40387.74,0
40387.75,0
40387.76,0
40387.77,0
40387.78,0
40387.79,0
40387.8,0
40387.81,0
40387.82,0
40387.83,0
40387.84,0
40387.85,0
40387.86,0
40387.87,0
40387.88,0
40387.89,0
40387.9,0
40387.91,0
40387.92,0
40387.93,0
40387.94,0
40387.95,0
40387.96,0
40387.97,0
40387.98,0
40387.99,0
40388,0
40388.01,0
40388.02,0
40388.03,0
40388.04,0
40388.05,0
40388.06,0
40388.07,0
40388.08,0
40388.09,0
40388.1,0
40388.11,0
40388.12,0
40388.13,0
40388.14,0
40388.15,0
40388.16,0
40388.17,0
40388.18,0
40388.19,0
40388.2,0
40388.21,0
40388.22,0
40388.23,0
40388.24,0
40388.25,0
40388.26,0
40388.27,0
40388.28,0
40388.29,0
40388.3,0
40388.31,0
40388.32,0
40388.33,0
40388.34,0
40388.35,0
40388.36,0
40388.37,0
40388.38,0
40388.39,0
40388.4,0
40388.41,0
40388.42,0
40388.43,0
40388.44,0
40388.45,0
40388.46,0
40388.47,0
40388.48,0
40388.49,0
40388.5,0
40388.51,0
40388.52,0
40388.53,0
40388.54,2.15736035830778E-07
40388.55,44.0265415227355
40388.56,483.499006711145
40388.57,615.257011535789
40388.58,583.492259806941
40388.59,501.601156799844
40388.6,412.442124126466
40388.61,297.611565322947
40388.62,200.528747181528
40388.63,122.497702115739
40388.64,60.5260908715639
40388.65,5.65111800664236
40388.66,5.0047686874749
40388.67,4.90686415864807
40388.68,4.65711252553998
40388.69,4.19080598884082
40388.7,3.9111123157659
40388.71,3.41182801977663
40388.72,3.15285835350299
40388.73,2.8181600888574
40388.74,2.38021006454273
40388.75,1.91439661287164
40388.76,0.817673014184644
40388.77,0.356917338770931
40388.78,0.0665144115608765
40388.79,0
40388.8,0
40388.81,0
40388.82,0
40388.83,0
40388.84,0
40388.85,0
40388.86,0
40388.87,0
40388.88,0
40388.89,0
40388.9,0
40388.91,0
40388.92,0
40388.93,0
40388.94,0
40388.95,0
40388.96,0
40388.97,0
40388.98,0
40388.99,0
40389,0
40389.01,0
40389.02,0
40389.03,0
40389.04,0
40389.05,0
40389.06,0
40389.07,0
40389.08,0
40389.09,0
40389.1,0
40389.11,0
40389.12,0
40389.13,0
40389.14,0
40389.15,0
40389.16,0
40389.17,0
40389.18,0
40389.19,0
40389.2,0
40389.21,0
40389.22,0
40389.23,0
40389.24,0
40389.25,0
40389.26,0
40389.27,0
40389.28,0
40389.29,0
40389.3,0
40389.31,0
40389.32,0
40389.33,0
40389.34,0
40389.35,0
40389.36,0
40389.37,0
40389.38,0
40389.39,0
40389.4,0
40389.41,0
40389.42,0
40389.43,0
40389.44,0
40389.45,0
40389.46,0
40389.47,0
40389.48,0
40389.49,0
40389.5,0
40389.51,0
40389.52,0
40389.53,0
40389.54,0
40389.55,0
40389.56,0
40389.57,0
40389.58,0
40389.59,0
40389.6,0
40389.61,0
40389.62,0
40389.63,0
40389.64,0
40389.65,0
40389.66,0
40389.67,0
40389.68,0
40389.69,0
40389.7,0
40389.71,0
40389.72,0
40389.73,0
40389.74,0
40389.75,0
40389.76,0
40389.77,0
40389.78,0
40389.79,0
40389.8,0
40389.81,0
40389.82,0
40389.83,0
40389.84,0
40389.85,0
40389.86,0
40389.87,0
40389.88,0
40389.89,0
40389.9,0
40389.91,0
40389.92,0
40389.93,0
40389.94,0
40389.95,0
40389.96,0
40389.97,0
40389.98,0
40389.99,0
40390,0
40390.01,0
40390.02,0
40390.03,0
40390.04,0
40390.05,0
40390.06,0
40390.07,0
40390.08,0
40390.09,0
40390.1,0
40390.11,0
40390.12,0
40390.13,0
40390.14,0
40390.15,0
40390.16,0
40390.17,0
40390.18,0
40390.19,0
40390.2,0
40390.21,0
40390.22,0
40390.23,0
40390.24,0
40390.25,0
40390.26,0
40390.27,0
40390.28,0
40390.29,0
40390.3,0
40390.31,0
40390.32,0
40390.33,0
40390.34,0
40390.35,0
40390.36,0
40390.37,0
40390.38,0
40390.39,0
40390.4,0
40390.41,0
40390.42,0
40390.43,0
40390.44,0
40390.45,0
40390.46,0
40390.47,0
40390.48,0
40390.49,0
40390.5,0
40390.51,0
40390.52,0
40390.53,0
40390.54,0
40390.55,0
40390.56,0
40390.57,0
40390.58,0
40390.59,0
40390.6,0
40390.61,0
40390.62,0
40390.63,0
40390.64,0
40390.65,0
40390.66,0
40390.67,0
40390.68,0
40390.69,0
40390.7,0
40390.71,0
40390.72,0
40390.73,0
40390.74,0
40390.75,0
40390.76,0
40390.77,0
40390.78,0
40390.79,0
40390.8,0
40390.81,0
40390.82,0
40390.83,0
40390.84,0
40390.85,0
40390.86,0
40390.87,0
40390.88,0
40390.89,0
40390.9,0
40390.91,0
40390.92,0
40390.93,0
40390.94,0
40390.95,0
40390.96,0
40390.97,0
40390.98,0
40390.99,0
40391,0
40391.01,0
40391.02,0
40391.03,0
40391.04,0
40391.05,0
40391.06,0
40391.07,0
40391.08,0
40391.09,0
40391.1,0
40391.11,0
40391.12,0
40391.13,0
40391.14,0
40391.15,0
40391.16,0
40391.17,0
40391.18,0
40391.19,0
40391.2,0
40391.21,0
40391.22,0
40391.23,0
40391.24,0
40391.25,0
40391.26,0
40391.27,0
40391.28,0
40391.29,0
40391.3,0
40391.31,0
40391.32,0
40391.33,0
40391.34,0
40391.35,0
40391.36,0
40391.37,0
40391.38,0
40391.39,0
40391.4,0
40391.41,0
40391.42,0
40391.43,0
40391.44,0
40391.45,0
40391.46,0
40391.47,0
40391.48,0
40391.49,0
40391.5,0
40391.51,0
40391.52,0
40391.53,0
40391.54,0
40391.55,0
40391.56,0
40391.57,0
40391.58,0
40391.59,0
40391.6,0
40391.61,0
40391.62,0
40391.63,0
40391.64,0
40391.65,0
40391.66,0
40391.67,0
40391.68,0
40391.69,0
40391.7,0
40391.71,0
40391.72,0
40391.73,0
40391.74,0
40391.75,0
40391.76,0
40391.77,0
40391.78,0
40391.79,0
40391.8,0
40391.81,0
40391.82,0
40391.83,0
40391.84,0
40391.85,0
40391.86,0
40391.87,0
40391.88,0
40391.89,0
40391.9,0
40391.91,0
40391.92,0
40391.93,0
40391.94,0
40391.95,0
40391.96,0
40391.97,0
40391.98,0
40391.99,0
40392,0
40392.01,0
40392.02,0
40392.03,0
40392.04,0
40392.05,0
40392.06,0
40392.07,0
40392.08,0
40392.09,0
40392.1,0
40392.11,0
40392.12,0
40392.13,0
40392.14,0
40392.15,0
40392.16,0
40392.17,0
40392.18,0
40392.19,0
40392.2,0
40392.21,0
40392.22,0
40392.23,0
40392.24,0
40392.25,0
40392.26,0
40392.27,0
40392.28,0
40392.29,0
40392.3,0
40392.31,0
40392.32,0
40392.33,0
40392.34,0
40392.35,0
40392.36,0
40392.37,0
40392.38,0
40392.39,0
40392.4,0
40392.41,0
40392.42,0
40392.43,0
40392.44,0
40392.45,0
40392.46,0
40392.47,0
40392.48,0
40392.49,0
40392.5,0
40392.51,0
40392.52,0
40392.53,0
40392.54,0
40392.55,0
40392.56,0
40392.57,0
40392.58,0
40392.59,0
40392.6,0
40392.61,0
40392.62,0
40392.63,0
40392.64,0
40392.65,0
40392.66,0
40392.67,0
40392.68,0
40392.69,0
40392.7,0
40392.71,0
40392.72,0
40392.73,0
40392.74,0
40392.75,0
40392.76,0
40392.77,0
40392.78,0
40392.79,0
40392.8,0
40392.81,0
40392.82,0
40392.83,0
40392.84,0
40392.85,0
40392.86,0
40392.87,0
40392.88,0
40392.89,0
40392.9,0
40392.91,0
40392.92,0
40392.93,0
40392.94,0
40392.95,0
40392.96,0
40392.97,0
40392.98,0
40392.99,0
40393,0
40393.01,0
40393.02,0
40393.03,0
40393.04,0
40393.05,0
40393.06,0
40393.07,0
40393.08,0
40393.09,0
40393.1,0
40393.11,0
40393.12,0
40393.13,0
40393.14,0
40393.15,0
40393.16,0
40393.17,0
40393.18,0
40393.19,0
40393.2,0
40393.21,0
40393.22,0
40393.23,0
40393.24,0
40393.25,0
40393.26,0
40393.27,0
40393.28,0
40393.29,0
40393.3,0
40393.31,0
40393.32,0
40393.33,0
40393.34,0
40393.35,0
40393.36,0
40393.37,0
40393.38,0
40393.39,0
40393.4,0
40393.41,0
40393.42,0
40393.43,0
40393.44,0
40393.45,0
40393.46,0
40393.47,0
40393.48,0
40393.49,0
40393.5,0
40393.51,0
40393.52,0
40393.53,0
40393.54,0
40393.55,0
40393.56,0
40393.57,0
40393.58,0
40393.59,0
40393.6,0
40393.61,0
40393.62,0
40393.63,0
40393.64,0
40393.65,0
40393.66,0
40393.67,0
40393.68,0
40393.69,0
40393.7,0
40393.71,0
40393.72,0
40393.73,0
40393.74,0
40393.75,0
40393.76,0
40393.77,0
40393.78,0
40393.79,0
40393.8,0
40393.81,0
40393.82,0
40393.83,0
40393.84,0
40393.85,0
40393.86,0
40393.87,0
40393.88,0
40393.89,0
40393.9,0
40393.91,0
40393.92,0
40393.93,0
40393.94,0
40393.95,0
40393.96,0
40393.97,0
40393.98,0
40393.99,0
40394,0
40394.01,0
40394.02,0
40394.03,0
40394.04,0
40394.05,0
40394.06,0
40394.07,0
40394.08,0
40394.09,0
40394.1,0
40394.11,0
40394.12,0
40394.13,0
40394.14,0
40394.15,0
40394.16,0
40394.17,0
40394.18,0
40394.19,0
40394.2,0
40394.21,0
40394.22,0
40394.23,0
40394.24,0
40394.25,0
40394.26,0
40394.27,0
40394.28,0
40394.29,0
40394.3,0
40394.31,0
40394.32,0
40394.33,0
40394.34,0
40394.35,0
40394.36,0
40394.37,0
40394.38,0
40394.39,0
40394.4,0
40394.41,0
40394.42,0
40394.43,0
40394.44,0
40394.45,0
40394.46,0
40394.47,0
40394.48,0
40394.49,0
40394.5,0
40394.51,0
40394.52,0
40394.53,0
40394.54,0
40394.55,0
40394.56,0
40394.57,0
40394.58,0
40394.59,0
40394.6,0
40394.61,0
40394.62,0
40394.63,0
40394.64,0
40394.65,0
40394.66,0
40394.67,0
40394.68,0
40394.69,0
40394.7,0
40394.71,0
40394.72,0
40394.73,0
40394.74,0
40394.75,0
40394.76,0
40394.77,0
40394.78,0
40394.79,0
40394.8,0
40394.81,0
40394.82,0
40394.83,0
40394.84,0
40394.85,0
40394.86,0
40394.87,0
40394.88,0
40394.89,0
40394.9,0
40394.91,0
40394.92,0
40394.93,0
40394.94,0
40394.95,0
40394.96,0
40394.97,0
40394.98,0
40394.99,0
40395,0
40395.01,0
40395.02,0
40395.03,0
40395.04,0
40395.05,0
40395.06,0
40395.07,0
40395.08,0
40395.09,0
40395.1,0
40395.11,0
40395.12,0
40395.13,0
40395.14,0
40395.15,0
40395.16,0
40395.17,0
40395.18,0
40395.19,0
40395.2,0
40395.21,0
40395.22,0
40395.23,0
40395.24,0
40395.25,0
40395.26,0
40395.27,0
40395.28,0
40395.29,0
40395.3,0
40395.31,0
40395.32,0
40395.33,0
40395.34,0
40395.35,0
40395.36,0
40395.37,0
40395.38,0
40395.39,0
40395.4,0
40395.41,0
40395.42,0
40395.43,0
40395.44,0
40395.45,0
40395.46,0
40395.47,0
40395.48,0
40395.49,0
40395.5,0
40395.51,0
40395.52,0
40395.53,0
40395.54,0
40395.55,0
40395.56,0
40395.57,0
40395.58,0
40395.59,0
40395.6,7.31307075042455E-07
40395.61,147.543520590251
40395.62,193.54285959667
40395.63,184.758244765245
40395.64,155.773162082306
40395.65,135.172090879103
40395.66,116.662781093396
40395.67,102.531344476838
40395.68,90.6335970617311
40395.69,81.0042564434309
40395.7,72.6623047779403
40395.71,63.0963100415416
40395.72,54.8650227148616
40395.73,43.9803298546404
40395.74,38.6609603849786
40395.75,33.1369988901586
40395.76,27.9607584392458
40395.77,24.9333532996674
40395.78,22.4394618112785
40395.79,18.4590536309499
40395.8,14.1322855595702
40395.81,10.3436008185146
40395.82,1.55293823975538
40395.83,1.45817554686516
40395.84,1.40092691475511
40395.85,1.25798714007475
40395.86,1.18935188207864
40395.87,1.0837978967238
40395.88,1.00479362138241
40395.89,0.872761924191635
40395.9,0.786126382053784
40395.91,0.662823275097963
40395.92,0.572620638647862
40395.93,0.375966463484626
40395.94,0.182609696139357
40395.95,0.0426908100840527
40395.96,0.0294118737517234
40395.97,0.0172795040188301
40395.98,0.00311885617372118
40395.99,0
40396,0
40396.01,0
40396.02,0
40396.03,0
40396.04,0
40396.05,0
40396.06,0
40396.07,0
40396.08,0
40396.09,0
40396.1,0
40396.11,0
40396.12,0
40396.13,0
40396.14,0
40396.15,0
40396.16,0
40396.17,0
40396.18,0
40396.19,0
40396.2,0
40396.21,0
40396.22,0
40396.23,0
40396.24,0
40396.25,0
40396.26,0
40396.27,0
40396.28,0
40396.29,0
40396.3,0
40396.31,0
40396.32,0
40396.33,0
40396.34,0
40396.35,0
40396.36,0
40396.37,0
40396.38,0
40396.39,0
40396.4,0
40396.41,0
40396.42,0
40396.43,0
40396.44,0
40396.45,0
40396.46,0
40396.47,0
40396.48,0
40396.49,0
40396.5,0
40396.51,0
40396.52,0
40396.53,0
40396.54,0
40396.55,0
40396.56,0
40396.57,0
40396.58,0
40396.59,0
40396.6,0
40396.61,0
40396.62,0
40396.63,0
40396.64,0
40396.65,0
40396.66,0
40396.67,0
40396.68,0
40396.69,0
40396.7,0
40396.71,0
40396.72,0
40396.73,0
40396.74,0
40396.75,0
40396.76,0
40396.77,0
40396.78,0
40396.79,0
40396.8,0
40396.81,0
40396.82,0
40396.83,0
40396.84,0
40396.85,0
40396.86,0
40396.87,0
40396.88,0
40396.89,0
40396.9,0
40396.91,0
40396.92,0
40396.93,0
40396.94,0
40396.95,0
40396.96,0
40396.97,0
40396.98,0
40396.99,0
40397,0
40397.01,0
40397.02,0
40397.03,0
40397.04,0
40397.05,0
40397.06,0
40397.07,0
40397.08,0
40397.09,0
40397.1,0
40397.11,0
40397.12,0
40397.13,0
40397.14,0
40397.15,0
40397.16,0
40397.17,0
40397.18,0
40397.19,0
40397.2,0
40397.21,0
40397.22,0
40397.23,0
40397.24,0
40397.25,0
40397.26,0
40397.27,0
40397.28,0
40397.29,0
40397.3,0
40397.31,0
40397.32,0
40397.33,0
40397.34,0
40397.35,0
40397.36,0
40397.37,0
40397.38,0
40397.39,0
40397.4,0
40397.41,0
40397.42,0
40397.43,0
40397.44,0
40397.45,0
40397.46,0
40397.47,0
40397.48,0
40397.49,0
40397.5,0
40397.51,0
40397.52,0
40397.53,0
40397.54,0
40397.55,0
40397.56,0
40397.57,0
40397.58,0
40397.59,0
40397.6,0
40397.61,0
40397.62,0
40397.63,0
40397.64,0
40397.65,0
40397.66,0
40397.67,0
40397.68,0
40397.69,0
40397.7,0
40397.71,0
40397.72,0
40397.73,0
40397.74,0
40397.75,0
40397.76,0
40397.77,0
40397.78,0
40397.79,0
40397.8,0
40397.81,0
40397.82,0
40397.83,0
40397.84,0
40397.85,0
40397.86,0
40397.87,0
40397.88,0
40397.89,0
40397.9,0
40397.91,0
40397.92,0
40397.93,0
40397.94,0
40397.95,0
40397.96,0
40397.97,0
40397.98,0
40397.99,0
40398,0
40398.01,0
40398.02,0
40398.03,0
40398.04,0
40398.05,0
40398.06,0
40398.07,0
40398.08,0
40398.09,0
40398.1,0
40398.11,0
40398.12,0
40398.13,0
40398.14,0
40398.15,0
40398.16,0
40398.17,0
40398.18,0
40398.19,0
40398.2,0
40398.21,0
40398.22,0
40398.23,0
40398.24,0
40398.25,0
40398.26,0
40398.27,0
40398.28,0
40398.29,0
40398.3,0
40398.31,0
40398.32,0
40398.33,0
40398.34,0
40398.35,0
40398.36,0
40398.37,0
40398.38,0
40398.39,0
40398.4,0
40398.41,0
40398.42,0
40398.43,0
40398.44,0
40398.45,0
40398.46,0
40398.47,0
40398.48,0
40398.49,0
40398.5,0
40398.51,0
40398.52,0
40398.53,0
40398.54,0
40398.55,0
40398.56,0
40398.57,0
40398.58,0
40398.59,0
40398.6,0
40398.61,0
40398.62,0
40398.63,0
40398.64,0
40398.65,0
40398.66,0
40398.67,0
40398.68,0
40398.69,0
40398.7,0
40398.71,0
40398.72,0
40398.73,0
40398.74,0
40398.75,0
40398.76,0
40398.77,0
40398.78,0
40398.79,0
40398.8,0
40398.81,0
40398.82,0
40398.83,0
40398.84,0
40398.85,0
40398.86,0
40398.87,0
40398.88,0
40398.89,0
40398.9,0
40398.91,0
40398.92,0
40398.93,0
40398.94,0
40398.95,0
40398.96,0
40398.97,0
40398.98,0
40398.99,0
40399,0
40399.01,0
40399.02,0
40399.03,0
40399.04,0
40399.05,0
40399.06,0
40399.07,0
40399.08,0
40399.09,0
40399.1,0
40399.11,0
40399.12,0
40399.13,0
40399.14,0
40399.15,0
40399.16,0
40399.17,0
40399.18,0
40399.19,0
40399.2,0
40399.21,0
40399.22,0
40399.23,0
40399.24,0
40399.25,0
40399.26,0
40399.27,0
40399.28,0
40399.29,0
40399.3,0
40399.31,0
40399.32,0
40399.33,0
40399.34,0
40399.35,0
40399.36,0
40399.37,0
40399.38,0
40399.39,0
40399.4,0
40399.41,0
40399.42,0
40399.43,0
40399.44,0
40399.45,0
40399.46,0
40399.47,0
40399.48,0
40399.49,0
40399.5,0
40399.51,0
40399.52,0
40399.53,0
40399.54,0
40399.55,0
40399.56,0
40399.57,0
40399.58,0
40399.59,0
40399.6,0
40399.61,0
40399.62,0
40399.63,0
40399.64,0
40399.65,0
40399.66,0
40399.67,0
40399.68,0
40399.69,0
40399.7,0
40399.71,0
40399.72,0
40399.73,0
40399.74,0
40399.75,0
40399.76,0
40399.77,0
40399.78,0
40399.79,0
40399.8,0
40399.81,0
40399.82,0
40399.83,0
40399.84,0
40399.85,0
40399.86,0
40399.87,0
40399.88,0
40399.89,0
40399.9,0
40399.91,0
40399.92,0
40399.93,0
40399.94,0
40399.95,0
40399.96,0
40399.97,0
40399.98,0
40399.99,0
40400,0
40400.01,0
40400.02,0
40400.03,0
40400.04,0
40400.05,0
40400.06,0
40400.07,0
40400.08,0
40400.09,0
40400.1,0
40400.11,0
40400.12,0
40400.13,0
40400.14,0
40400.15,0
40400.16,0
40400.17,0
40400.18,0
40400.19,0
40400.2,0
40400.21,0
40400.22,0
40400.23,0
40400.24,0
40400.25,0
40400.26,0
40400.27,0
40400.28,0
40400.29,0
40400.3,0
40400.31,0
40400.32,0
40400.33,0
40400.34,0
40400.35,0
40400.36,0
40400.37,0
40400.38,0
40400.39,0
40400.4,0
40400.41,0
40400.42,0
40400.43,0
40400.44,0
40400.45,0
40400.46,0
40400.47,0
40400.48,0
40400.49,0
40400.5,0
40400.51,0
40400.52,0
40400.53,0
40400.54,0
40400.55,0
40400.56,0
40400.57,0
40400.58,0
40400.59,0
40400.6,0
40400.61,0
40400.62,0
40400.63,0
40400.64,0
40400.65,0
40400.66,0
40400.67,0
40400.68,0
40400.69,0
40400.7,0
40400.71,0
40400.72,0
40400.73,0
40400.74,0
40400.75,0
40400.76,0
40400.77,0
40400.78,0
40400.79,0
40400.8,0
40400.81,0
40400.82,0
40400.83,0
40400.84,0
40400.85,0
40400.86,0
40400.87,0
40400.88,0
40400.89,0
40400.9,0
40400.91,0
40400.92,0
40400.93,0
40400.94,0
40400.95,0
40400.96,0
40400.97,0
40400.98,0
40400.99,0
40401,0
40401.01,0
40401.02,0
40401.03,0
40401.04,0
40401.05,0
40401.06,0
40401.07,0
40401.08,0
40401.09,0
40401.1,0
40401.11,0
40401.12,0
40401.13,0
40401.14,0
40401.15,0
40401.16,0
40401.17,0
40401.18,0
40401.19,0
40401.2,0
40401.21,0
40401.22,0
40401.23,0
40401.24,0
40401.25,0
40401.26,0
40401.27,0
40401.28,0
40401.29,0
40401.3,0
40401.31,0
40401.32,0
40401.33,0
40401.34,0
40401.35,0
40401.36,0
40401.37,0
40401.38,0
40401.39,0
40401.4,0
40401.41,0
40401.42,0
40401.43,0
40401.44,0
40401.45,0
40401.46,0
40401.47,0
40401.48,0
40401.49,0
40401.5,0
40401.51,0
40401.52,0
40401.53,0
40401.54,0
40401.55,0
40401.56,0
40401.57,0
40401.58,0
40401.59,0
40401.6,0
40401.61,0
40401.62,0
40401.63,0
40401.64,0
40401.65,0
40401.66,0
40401.67,0
40401.68,0
40401.69,0
40401.7,0
40401.71,0
40401.72,0
40401.73,0
40401.74,0
40401.75,0
40401.76,0
40401.77,0
40401.78,0
40401.79,0
40401.8,0
40401.81,0
40401.82,0
40401.83,0
40401.84,0
40401.85,0
40401.86,0
40401.87,0
40401.88,0
40401.89,0
40401.9,0
40401.91,0
40401.92,0
40401.93,0
40401.94,0
40401.95,0
40401.96,0
40401.97,0
40401.98,0
40401.99,0
40402,0
40402.01,0
40402.02,0
40402.03,0
40402.04,0
40402.05,0
40402.06,0
40402.07,0
40402.08,0
40402.09,0
40402.1,0
40402.11,0
40402.12,0
40402.13,0
40402.14,0
40402.15,0
40402.16,0
40402.17,0
40402.18,0
40402.19,0
40402.2,0
40402.21,0
40402.22,0
40402.23,0
40402.24,0
40402.25,0
40402.26,0
40402.27,2.56524677027099E-07
40402.28,53.3305799020961
40402.29,436.16759368402
40402.3,520.782598861584
40402.31,588.762386898895
40402.32,577.166949127691
40402.33,518.103987556849
40402.34,425.021662870668
40402.35,269.021017726449
40402.36,19.4151744607226
40402.37,16.8105648483814
40402.38,15.3551536803316
40402.39,13.8179514840903
40402.4,11.796773772696
40402.41,9.8884249336392
40402.42,8.01231796320244
40402.43,5.79670725010066
40402.44,3.9157450025317
40402.45,2.00451457165805
40402.46,0
40402.47,0
40402.48,0
40402.49,0
40402.5,0
40402.51,0
40402.52,0
40402.53,0
40402.54,0
40402.55,0
40402.56,0
40402.57,0
40402.58,0
40402.59,0
40402.6,0
40402.61,0
40402.62,0
40402.63,0
40402.64,0
40402.65,0
40402.66,0
40402.67,0
40402.68,0
40402.69,0
40402.7,0
40402.71,1.25248448237218E-07
40402.72,24.567621482286
40402.73,70.6521753205878
40402.74,89.743492952886
40402.75,95.8494702523954
40402.76,95.413793546235
40402.77,95.16930895276
40402.78,83.1817828856542
40402.79,68.4365487514812
40402.8,51.3579105385893
40402.81,36.3621812480739
40402.82,4.32227362197071
40402.83,4.08775575244039
40402.84,3.444485306217
40402.85,2.97674041235101
40402.86,2.59130875554243
40402.87,2.18686785425242
40402.88,1.76378551724448
40402.89,1.36288739746135
40402.9,0.882609067113896
40402.91,0.474060868763777
40402.92,0.087955879132709
40402.93,0.0830228446075533
40402.94,0.0730163255598845
40402.95,0.0692374437089474
40402.96,0.0652452691923554
40402.97,0.0593591708872091
40402.98,0.0523591566551167
40402.99,0.0446112947920205
40403,0.037463215310123
40403.01,0.0300426841390063
40403.02,0.0225264346740854
40403.03,0.0161181931676037
40403.04,0.00842242654868108
40403.05,0.00214950775762344
40403.06,0.0602183749112472
40403.07,0.147199407374359
40403.08,0.230095315216274
40403.09,0.3055177623063
40403.1,0.390305071589609
40403.11,0.474999711683768
40403.12,14.3778722758423
40403.13,40.2778653322919
40403.14,77.111424434337
40403.15,109.743901403663
40403.16,116.562467401509
40403.17,111.394022280208
40403.18,96.2251604944581
40403.19,78.985612426535
40403.2,61.2807824248009
40403.21,45.4409204749042
40403.22,32.1629582137621
40403.23,2.61686609914592
40403.24,2.43157957306621
40403.25,2.1950646331263
40403.26,1.87438706838532
40403.27,1.56974534680062
40403.28,1.26800871307032
40403.29,1.02742456543386
40403.3,0.728838290811826
40403.31,0.492929219827095
40403.32,0.252953677609279
40403.33,0
40403.34,0
40403.35,0
40403.36,0
40403.37,0
40403.38,0
40403.39,0
40403.4,0
40403.41,0
40403.42,0
40403.43,0
40403.44,0
40403.45,0
40403.46,0
40403.47,0
40403.48,0
40403.49,0
40403.5,0
40403.51,0
40403.52,0
40403.53,0
40403.54,0
40403.55,0
40403.56,0
40403.57,0
40403.58,0
40403.59,0
40403.6,0
40403.61,0
40403.62,0
40403.63,0
40403.64,0
40403.65,0
40403.66,0
40403.67,0
40403.68,0
40403.69,0
40403.7,0
40403.71,0
40403.72,0
40403.73,0
40403.74,0
40403.75,0
40403.76,0
40403.77,0
40403.78,0
40403.79,0
40403.8,0
40403.81,0
40403.82,0
40403.83,0
40403.84,0
40403.85,0
40403.86,0
40403.87,0
40403.88,0
40403.89,0
40403.9,0
40403.91,0
40403.92,0
40403.93,0
40403.94,0
40403.95,0
40403.96,0
40403.97,0
40403.98,0
40403.99,0
40404,0
40404.01,0
40404.02,0
40404.03,0
40404.04,0
40404.05,0
40404.06,0
40404.07,0
40404.08,0
40404.09,0
40404.1,0
40404.11,0
40404.12,0
40404.13,0
40404.14,0
40404.15,0
40404.16,0
40404.17,0
40404.18,0
40404.19,0
40404.2,0
40404.21,0
40404.22,0
40404.23,0
40404.24,0
40404.25,0
40404.26,0
40404.27,0
40404.28,0
40404.29,0
40404.3,0
40404.31,0
40404.32,0
40404.33,0
40404.34,0
40404.35,0
40404.36,0
40404.37,0
40404.38,0
40404.39,0
40404.4,0
40404.41,0
40404.42,0
40404.43,0
40404.44,0
40404.45,0
40404.46,0
40404.47,0
40404.48,0
40404.49,0
40404.5,0
40404.51,0
40404.52,0
40404.53,0
40404.54,0
40404.55,0
40404.56,0
40404.57,0
40404.58,0
40404.59,0
40404.6,0
40404.61,0
40404.62,0
40404.63,0
40404.64,0
40404.65,0
40404.66,0
40404.67,0
40404.68,0
40404.69,0
40404.7,0
40404.71,0
40404.72,0
40404.73,0
40404.74,0
40404.75,0
40404.76,0
40404.77,0
40404.78,0
40404.79,0
40404.8,0
40404.81,0
40404.82,0
40404.83,0
40404.84,0
40404.85,0
40404.86,0
40404.87,0
40404.88,0
40404.89,0
40404.9,0
40404.91,0
40404.92,0
40404.93,0
40404.94,0
40404.95,0
40404.96,0
40404.97,0
40404.98,0
40404.99,0
40405,0
40405.01,0
40405.02,0
40405.03,0
40405.04,0
40405.05,0
40405.06,0
40405.07,0
40405.08,0
40405.09,0
40405.1,0
40405.11,0
40405.12,0
40405.13,0
40405.14,0
40405.15,0
40405.16,0
40405.17,0
40405.18,0
40405.19,0
40405.2,0
40405.21,0
40405.22,0
40405.23,0
40405.24,0
40405.25,0
40405.26,0
40405.27,0
40405.28,0
40405.29,0
40405.3,0
40405.31,0
40405.32,0
40405.33,0
40405.34,0
40405.35,0
40405.36,0
40405.37,0
40405.38,0
40405.39,0
40405.4,0
40405.41,0
40405.42,0
40405.43,0
40405.44,0
40405.45,1.90097152334678E-07
40405.46,35.8169155742642
40405.47,78.1469996039122
40405.48,88.4103406395276
40405.49,84.2310041111353
40405.5,69.7917599336042
40405.51,51.2517476464107
40405.52,31.9224136563696
40405.53,0
40405.54,0
40405.55,0
40405.56,0
40405.57,0
40405.58,0
40405.59,0
40405.6,0
40405.61,0
40405.62,0
40405.63,0
40405.64,0
40405.65,0
40405.66,0
40405.67,0
40405.68,0
40405.69,0
40405.7,0
40405.71,0
40405.72,0
40405.73,0
40405.74,0
40405.75,0
40405.76,0
40405.77,0
40405.78,0
40405.79,0
40405.8,0
40405.81,0
40405.82,0
40405.83,0
40405.84,0
40405.85,0
40405.86,0
40405.87,0
40405.88,0
40405.89,0
40405.9,0
40405.91,0
40405.92,0
40405.93,0
40405.94,0
40405.95,0
40405.96,0
40405.97,0
40405.98,0
40405.99,0
40406,0
40406.01,0
40406.02,0
40406.03,0
40406.04,0
40406.05,0
40406.06,0
40406.07,0
40406.08,0
40406.09,0
40406.1,0
40406.11,0
40406.12,0
40406.13,0
40406.14,0
40406.15,0
40406.16,0
40406.17,0
40406.18,0
40406.19,0
40406.2,0
40406.21,0
40406.22,0
40406.23,0
40406.24,0
40406.25,0
40406.26,0
40406.27,0
40406.28,0
40406.29,0
40406.3,0
40406.31,0
40406.32,0
40406.33,0
40406.34,0
40406.35,0
40406.36,0
40406.37,0
40406.38,0
40406.39,0
40406.4,0
40406.41,0
40406.42,0
40406.43,0
40406.44,0
40406.45,0
40406.46,0
40406.47,0
40406.48,0
40406.49,0
40406.5,0
40406.51,0
40406.52,0
40406.53,0
40406.54,0
40406.55,0
40406.56,0
40406.57,0
40406.58,0
40406.59,0
40406.6,0
40406.61,0
40406.62,0
40406.63,0
40406.64,0
40406.65,0
40406.66,0
40406.67,0
40406.68,0
40406.69,0
40406.7,0
40406.71,0
40406.72,0
40406.73,0
40406.74,0
40406.75,0
40406.76,0
40406.77,0
40406.78,0
40406.79,0
40406.8,0
40406.81,0
40406.82,0
40406.83,0
40406.84,0
40406.85,0
40406.86,0
40406.87,0
40406.88,0
40406.89,0
40406.9,0
40406.91,0
40406.92,0
40406.93,0
40406.94,0
40406.95,0
40406.96,0
40406.97,0
40406.98,0
40406.99,0
40407,0
40407.01,0
40407.02,0
40407.03,0
40407.04,0
40407.05,0
40407.06,0
40407.07,0
40407.08,0
40407.09,0
40407.1,0
40407.11,0
40407.12,0
40407.13,0
40407.14,0
40407.15,0
40407.16,0
40407.17,0
40407.18,0
40407.19,0
40407.2,0
40407.21,0
40407.22,0
40407.23,0
40407.24,0
40407.25,0
40407.26,0
40407.27,0
40407.28,0
40407.29,0
40407.3,0
40407.31,0
40407.32,0
40407.33,0
40407.34,0
40407.35,0
40407.36,0
40407.37,0
40407.38,0
40407.39,0
40407.4,0
40407.41,0
40407.42,0
40407.43,0
40407.44,0
40407.45,0
40407.46,0
40407.47,0
40407.48,0
40407.49,0
40407.5,0
40407.51,0
40407.52,0
40407.53,0
40407.54,0
40407.55,0
40407.56,0
40407.57,0
40407.58,0
40407.59,0
40407.6,0
40407.61,0
40407.62,0
40407.63,0
40407.64,0
40407.65,0
40407.66,0
40407.67,0
40407.68,0
40407.69,0
40407.7,0
40407.71,0
40407.72,0
40407.73,0
40407.74,0
40407.75,0
40407.76,0
40407.77,0
40407.78,0
40407.79,0
40407.8,0
40407.81,0
40407.82,0
40407.83,0
40407.84,0
40407.85,0
40407.86,0
40407.87,0
40407.88,0
40407.89,0
40407.9,0
40407.91,0
40407.92,0
40407.93,0
40407.94,0
40407.95,0
40407.96,0
40407.97,0
40407.98,0
40407.99,0
40408,0
40408.01,0
40408.02,0
40408.03,0
40408.04,0
40408.05,0
40408.06,0
40408.07,0
40408.08,0
40408.09,0
40408.1,0
40408.11,0
40408.12,0
40408.13,0
40408.14,0
40408.15,0
40408.16,0
40408.17,0
40408.18,0
40408.19,1.40358422485602E-07
40408.2,28.7053803024927
40408.21,39.0039145121861
40408.22,46.9256199409713
40408.23,60.7022352268924
40408.24,91.3598957590279
40408.25,135.260504675269
40408.26,177.290660245821
40408.27,219.349733566689
40408.28,231.614664288509
40408.29,206.634414543872
40408.3,153.819395897704
40408.31,104.554028445298
40408.32,69.4078648004408
40408.33,48.460975838553
40408.34,34.7805858696727
40408.35,26.0191852311573
40408.36,21.0464965709925
40408.37,19.6793196352319
40408.38,20.1815514287782
40408.39,23.8336383203159
40408.4,28.1961446005031
40408.41,33.3914389558972
40408.42,39.3738043750866
40408.43,46.8809034905791
40408.44,52.5586290631661
40408.45,49.4288007667606
40408.46,43.7067831291466
40408.47,35.1307766321359
40408.48,27.6524658945957
40408.49,20.3819617676526
40408.5,14.9606059157028
40408.51,10.3096864251666
40408.52,6.00540959084487
40408.53,0.261982219437395
40408.54,0.213318759834841
40408.55,0.165577388643919
40408.56,0.123356947216797
40408.57,0.082590279937612
40408.58,0.0397426535804485
40408.59,0
40408.6,0
40408.61,0
40408.62,1.12450829676564
40408.63,5.60587943251732
40408.64,12.5443842360231
40408.65,18.3109630148399
40408.66,20.4954340879876
40408.67,20.1616439865245
40408.68,12.3631808112587
40408.69,2.65827217246221
40408.7,2.41613193795046
40408.71,2.07767357971239
40408.72,1.80622884371104
40408.73,1.447306562966
40408.74,1.15286269979445
40408.75,0.848118758262878
40408.76,0.55248773915171
40408.77,0.303609128738686
40408.78,0.0349237684425928
40408.79,0.0157007070208034
40408.8,0.0134782610497347
40408.81,0.0105211888667585
40408.82,0.00776287960355046
40408.83,0.00532898879084794
40408.84,0.00291376280215483
40408.85,0.000417126114883533
40408.86,0
40408.87,0
40408.88,0
40408.89,0
40408.9,0
40408.91,0
40408.92,0
40408.93,0
40408.94,0
40408.95,0
40408.96,0
40408.97,0
40408.98,0
40408.99,0
40409,0
40409.01,0
40409.02,0
40409.03,0
40409.04,0
40409.05,0
40409.06,0
40409.07,0
40409.08,0
40409.09,0
40409.1,0
40409.11,0
40409.12,0
40409.13,0
40409.14,0
40409.15,0
40409.16,0
40409.17,0
40409.18,0
40409.19,0
40409.2,0
40409.21,0
40409.22,0
40409.23,0
40409.24,0
40409.25,0
40409.26,0
40409.27,0
40409.28,0
40409.29,0
40409.3,0
40409.31,0
40409.32,0
40409.33,0
40409.34,0
40409.35,0
40409.36,0
40409.37,0
40409.38,0
40409.39,0
40409.4,0
40409.41,0
40409.42,0
40409.43,0
40409.44,0
40409.45,0
40409.46,0
40409.47,0
40409.48,0
40409.49,0
40409.5,0
40409.51,0
40409.52,0
40409.53,0
40409.54,0
40409.55,0
40409.56,0
40409.57,0
40409.58,0
40409.59,0
40409.6,0
40409.61,0
40409.62,0
40409.63,0
40409.64,0
40409.65,0
40409.66,0
40409.67,0
40409.68,0
40409.69,0
40409.7,0
40409.71,0
40409.72,0
40409.73,0
40409.74,0
40409.75,0
40409.76,0
40409.77,0
40409.78,0
40409.79,0
40409.8,0
40409.81,0
40409.82,0
40409.83,0
40409.84,0
40409.85,0
40409.86,0
40409.87,0
40409.88,0
40409.89,0
40409.9,0
40409.91,0
40409.92,0
40409.93,0
40409.94,0
40409.95,0
40409.96,0
40409.97,0
40409.98,0
40409.99,0
40410,0
40410.01,0
40410.02,0
40410.03,0
40410.04,0
40410.05,0
40410.06,0
40410.07,0
40410.08,0
40410.09,0
40410.1,0
40410.11,0
40410.12,0
40410.13,0
40410.14,0
40410.15,0
40410.16,0
40410.17,0
40410.18,0
40410.19,0
40410.2,0
40410.21,0
40410.22,0
40410.23,0
40410.24,0
40410.25,0
40410.26,0
40410.27,0
40410.28,0
40410.29,0
40410.3,0
40410.31,0
40410.32,0
40410.33,0
40410.34,0
40410.35,0
40410.36,0
40410.37,0
40410.38,0
40410.39,0
40410.4,0
40410.41,0
40410.42,0
40410.43,0
40410.44,0
40410.45,0
40410.46,0
40410.47,0
40410.48,0
40410.49,0
40410.5,0
40410.51,0
40410.52,0
40410.53,0
40410.54,0
40410.55,0
40410.56,0
40410.57,0
40410.58,0
40410.59,0
40410.6,0
40410.61,0
40410.62,0
40410.63,0
40410.64,0
40410.65,0
40410.66,0
40410.67,0
40410.68,0
40410.69,0
40410.7,0
40410.71,0
40410.72,0
40410.73,0
40410.74,0
40410.75,0
40410.76,0
40410.77,0
40410.78,0
40410.79,0
40410.8,0
40410.81,0
40410.82,0
40410.83,0
40410.84,0
40410.85,0
40410.86,0
40410.87,0
40410.88,0
40410.89,0
40410.9,0
40410.91,0
40410.92,0
40410.93,0
40410.94,0
40410.95,0
40410.96,0
40410.97,0
40410.98,0
40410.99,0
40411,0
40411.01,0
40411.02,0
40411.03,0
40411.04,0
40411.05,0
40411.06,0
40411.07,0
40411.08,0
40411.09,0
40411.1,0
40411.11,0
40411.12,0
40411.13,0
40411.14,0
40411.15,0
40411.16,0
40411.17,0
40411.18,0
40411.19,0
40411.2,0
40411.21,0
40411.22,0
40411.23,0
40411.24,0
40411.25,0
40411.26,0
40411.27,0
40411.28,0
40411.29,0
40411.3,0
40411.31,0
40411.32,0
40411.33,0
40411.34,0
40411.35,0
40411.36,0
40411.37,0
40411.38,0
40411.39,0
40411.4,0
40411.41,0
40411.42,0
40411.43,0
40411.44,0
40411.45,0
40411.46,0
40411.47,0
40411.48,0
40411.49,0
40411.5,0
40411.51,0
40411.52,0
40411.53,0
40411.54,0
40411.55,0
40411.56,0
40411.57,0
40411.58,0
40411.59,0
40411.6,0
40411.61,0
40411.62,0
40411.63,0
40411.64,0
40411.65,0
40411.66,0
40411.67,0
40411.68,0
40411.69,0
40411.7,0
40411.71,0
40411.72,0
40411.73,0
40411.74,0
40411.75,0
40411.76,0
40411.77,0
40411.78,0
40411.79,0
40411.8,0
40411.81,0
40411.82,0
40411.83,0
40411.84,0
40411.85,0
40411.86,0
40411.87,0
40411.88,0
40411.89,0
40411.9,0
40411.91,0
40411.92,0
40411.93,0
40411.94,0
40411.95,0
40411.96,0
40411.97,0
40411.98,0
40411.99,0
40412,0
40412.01,0
40412.02,0
40412.03,0
40412.04,0
40412.05,0
40412.06,0
40412.07,0
40412.08,0
40412.09,0
40412.1,0
40412.11,0
40412.12,0
40412.13,0
40412.14,0
40412.15,0
40412.16,0
40412.17,0
40412.18,0
40412.19,0
40412.2,0
40412.21,0
40412.22,0
40412.23,0
40412.24,0
40412.25,0
40412.26,0
40412.27,0
40412.28,0
40412.29,0
40412.3,0
40412.31,0
40412.32,0
40412.33,0
40412.34,0
40412.35,0
40412.36,0
40412.37,0
40412.38,0
40412.39,0
40412.4,0
40412.41,0
40412.42,0
40412.43,0
40412.44,0
40412.45,0
40412.46,0
40412.47,0
40412.48,0
40412.49,0
40412.5,0
40412.51,0
40412.52,0
40412.53,0
40412.54,0
40412.55,0
40412.56,0
40412.57,0
40412.58,1.07348092107213E-07
40412.59,20.633598453576
40412.6,37.5628692340994
40412.61,34.9175375801936
40412.62,31.2796227460659
40412.63,25.0096342256887
40412.64,18.0287006620311
40412.65,0
40412.66,0
40412.67,0
40412.68,0
40412.69,0
40412.7,0
40412.71,0
40412.72,0
40412.73,0
40412.74,0
40412.75,0
40412.76,0
40412.77,0
40412.78,0
40412.79,0
40412.8,0
40412.81,0
40412.82,0
40412.83,0
40412.84,0
40412.85,0
40412.86,0
40412.87,0
40412.88,0
40412.89,0
40412.9,0
40412.91,0
40412.92,0
40412.93,0
40412.94,0
40412.95,0
40412.96,0
40412.97,0
40412.98,0
40412.99,0
40413,0
40413.01,0
40413.02,0
40413.03,0
40413.04,0
40413.05,0
40413.06,0
40413.07,0
40413.08,0
40413.09,0
40413.1,0
40413.11,0
40413.12,0
40413.13,0
40413.14,0
40413.15,0
40413.16,0
40413.17,0
40413.18,0
40413.19,0
40413.2,0
40413.21,0
40413.22,0
40413.23,0
40413.24,0
40413.25,0
40413.26,0
40413.27,0
40413.28,0
40413.29,0
40413.3,0
40413.31,0
40413.32,0
40413.33,0
40413.34,0
40413.35,0
40413.36,0
40413.37,0
40413.38,0
40413.39,0
40413.4,0
40413.41,0
40413.42,0
40413.43,0
40413.44,0
40413.45,0
40413.46,0
40413.47,0
40413.48,0
40413.49,0
40413.5,0
40413.51,0
40413.52,0
40413.53,0
40413.54,0
40413.55,0
40413.56,0
40413.57,0
40413.58,0
40413.59,0
40413.6,0
40413.61,0
40413.62,0
40413.63,0
40413.64,0
40413.65,0
40413.66,0
40413.67,0
40413.68,0
40413.69,0
40413.7,0
40413.71,0
40413.72,0
40413.73,0
40413.74,0
40413.75,0
40413.76,0
40413.77,0
40413.78,0
40413.79,0
40413.8,0
40413.81,0
40413.82,0
40413.83,0
40413.84,0
40413.85,0
40413.86,0
40413.87,0
40413.88,0
40413.89,0
40413.9,0
40413.91,0
40413.92,0
40413.93,0
40413.94,0
40413.95,0
40413.96,0
40413.97,0
40413.98,0
40413.99,0
40414,0
40414.01,0
40414.02,0
40414.03,0
40414.04,0
40414.05,0
40414.06,0
40414.07,0
40414.08,0
40414.09,0
40414.1,0
40414.11,0
40414.12,0
40414.13,0
40414.14,0
40414.15,0
40414.16,0
40414.17,0
40414.18,0
40414.19,0
40414.2,0
40414.21,0
40414.22,0
40414.23,0
40414.24,0
40414.25,0
40414.26,0
40414.27,0
40414.28,0
40414.29,0
40414.3,0
40414.31,0
40414.32,0
40414.33,0
40414.34,0
40414.35,0
40414.36,0
40414.37,0
40414.38,0
40414.39,0
40414.4,0
40414.41,0
40414.42,0
40414.43,0
40414.44,0
40414.45,0
40414.46,0
40414.47,0
40414.48,0
40414.49,0
40414.5,0
40414.51,0
40414.52,0
40414.53,0
40414.54,0
40414.55,0
40414.56,0
40414.57,0
40414.58,0
40414.59,0
40414.6,0
40414.61,0
40414.62,0
40414.63,0
40414.64,0
40414.65,0
40414.66,0
40414.67,0
40414.68,0
40414.69,0
40414.7,0
40414.71,0
40414.72,0
40414.73,0
40414.74,0
40414.75,0
40414.76,0
40414.77,0
40414.78,0
40414.79,0
40414.8,0
40414.81,0
40414.82,0
40414.83,0
40414.84,0
40414.85,0
40414.86,0
40414.87,0
40414.88,0
40414.89,0
40414.9,0
40414.91,0
40414.92,0
40414.93,0
40414.94,0
40414.95,0
40414.96,0
40414.97,0
40414.98,0
40414.99,0
40415,0
40415.01,0
40415.02,0
40415.03,0
40415.04,0
40415.05,0
40415.06,0
40415.07,0
40415.08,0
40415.09,0
40415.1,0
40415.11,0
40415.12,0
40415.13,0
40415.14,0
40415.15,0
40415.16,0
40415.17,0
40415.18,0
40415.19,0
40415.2,0
40415.21,0
40415.22,0
40415.23,0
40415.24,0
40415.25,0
40415.26,0
40415.27,0
40415.28,0
40415.29,0
40415.3,0
40415.31,0
40415.32,0
40415.33,0
40415.34,0
40415.35,0
40415.36,0
40415.37,0
40415.38,0
40415.39,0
40415.4,0
40415.41,0
40415.42,0
40415.43,0
40415.44,0
40415.45,0
40415.46,0
40415.47,0
40415.48,0
40415.49,0
40415.5,0
40415.51,0
40415.52,0
40415.53,0
40415.54,0
40415.55,0
40415.56,0
40415.57,0
40415.58,0
40415.59,0
40415.6,0
40415.61,0
40415.62,0
40415.63,0
40415.64,0
40415.65,0
40415.66,0
40415.67,0
40415.68,0
40415.69,0
40415.7,0
40415.71,0
40415.72,0
40415.73,0
40415.74,0
40415.75,0
40415.76,0
40415.77,0
40415.78,0
40415.79,0
40415.8,0
40415.81,0
40415.82,0
40415.83,0
40415.84,0
40415.85,0
40415.86,0
40415.87,0
40415.88,0
40415.89,0
40415.9,0
40415.91,0
40415.92,0
40415.93,0
40415.94,0
40415.95,0
40415.96,0
40415.97,0
40415.98,0
40415.99,0
40416,0
40416.01,0
40416.02,0
40416.03,0
40416.04,0
40416.05,0
40416.06,0
40416.07,0
40416.08,0
40416.09,0
40416.1,0
40416.11,0
40416.12,0
40416.13,0
40416.14,0
40416.15,0
40416.16,0
40416.17,0
40416.18,0
40416.19,0
40416.2,0
40416.21,0
40416.22,0
40416.23,0
40416.24,0
40416.25,0
40416.26,0
40416.27,0
40416.28,0
40416.29,0
40416.3,0
40416.31,0
40416.32,0
40416.33,0
40416.34,0
40416.35,0
40416.36,0
40416.37,0
40416.38,0
40416.39,0
40416.4,0
40416.41,0
40416.42,0
40416.43,0
40416.44,0
40416.45,0
40416.46,0
40416.47,0
40416.48,0
40416.49,0
40416.5,0
40416.51,0
40416.52,0
40416.53,0
40416.54,0
40416.55,0
40416.56,0
40416.57,0
40416.58,0
40416.59,0
40416.6,0
40416.61,0
40416.62,0
40416.63,0
40416.64,0
40416.65,0
40416.66,0
40416.67,0
40416.68,0
40416.69,0
40416.7,0
40416.71,0
40416.72,0
40416.73,0
40416.74,0
40416.75,0
40416.76,0
40416.77,0
40416.78,0
40416.79,0
40416.8,0
40416.81,0
40416.82,0
40416.83,0
40416.84,0
40416.85,0
40416.86,0
40416.87,0
40416.88,0
40416.89,0
40416.9,0
40416.91,0
40416.92,0
40416.93,0
40416.94,0
40416.95,0
40416.96,0
40416.97,0
40416.98,0
40416.99,0
40417,0
40417.01,0
40417.02,0
40417.03,0
40417.04,0
40417.05,0
40417.06,0
40417.07,0
40417.08,0
40417.09,0
40417.1,0
40417.11,0
40417.12,0
40417.13,0
40417.14,0
40417.15,0
40417.16,0
40417.17,0
40417.18,0
40417.19,0
40417.2,0
40417.21,0
40417.22,0
40417.23,0
40417.24,0
40417.25,0
40417.26,0
40417.27,0
40417.28,0
40417.29,0
40417.3,0
40417.31,0
40417.32,0
40417.33,0
40417.34,0
40417.35,0
40417.36,0
40417.37,0
40417.38,0
40417.39,0
40417.4,0
40417.41,0
40417.42,0
40417.43,0
40417.44,0
40417.45,0
40417.46,0
40417.47,0
40417.48,0
40417.49,0
40417.5,0
40417.51,0
40417.52,0
40417.53,0
40417.54,0
40417.55,0
40417.56,0
40417.57,0
40417.58,0
40417.59,0
40417.6,0
40417.61,0
40417.62,0
40417.63,0
40417.64,0
40417.65,0
40417.66,0
40417.67,0
40417.68,0
40417.69,0
40417.7,0
40417.71,0
40417.72,0
40417.73,0
40417.74,0
40417.75,0
40417.76,0
40417.77,0
40417.78,0
40417.79,0
40417.8,0
40417.81,0
40417.82,0
40417.83,0
40417.84,0
40417.85,0
40417.86,0
40417.87,0
40417.88,0
40417.89,0
40417.9,0
40417.91,0
40417.92,0
40417.93,0
40417.94,0
40417.95,0
40417.96,0
40417.97,0
40417.98,0
40417.99,0
40418,0
40418.01,0
40418.02,0
40418.03,0
40418.04,0
40418.05,0
40418.06,0
40418.07,0
40418.08,0
40418.09,0
40418.1,0
40418.11,0
40418.12,0
40418.13,0
40418.14,0
40418.15,0
40418.16,0
40418.17,0
40418.18,0
40418.19,0
40418.2,0
40418.21,0
40418.22,0
40418.23,0
40418.24,0
40418.25,0
40418.26,0
40418.27,0
40418.28,0
40418.29,0
40418.3,0
40418.31,0
40418.32,0
40418.33,0
40418.34,0
40418.35,0
40418.36,0
40418.37,0
40418.38,0
40418.39,0
40418.4,0
40418.41,0
40418.42,0
40418.43,0
40418.44,0
40418.45,0
40418.46,0
40418.47,0
40418.48,0
40418.49,0
40418.5,0
40418.51,0
40418.52,0
40418.53,0
40418.54,0
40418.55,0
40418.56,0
40418.57,0
40418.58,0
40418.59,0
40418.6,0
40418.61,0
40418.62,0
40418.63,0
40418.64,0
40418.65,0
40418.66,0
40418.67,0
40418.68,0
40418.69,0
40418.7,0
40418.71,0
40418.72,0
40418.73,0
40418.74,0
40418.75,0
40418.76,0
40418.77,0
40418.78,0
40418.79,0
40418.8,0
40418.81,0
40418.82,0
40418.83,0
40418.84,0
40418.85,0
40418.86,0
40418.87,0
40418.88,0
40418.89,0
40418.9,0
40418.91,0
40418.92,0
40418.93,0
40418.94,0
40418.95,0
40418.96,0
40418.97,0
40418.98,0
40418.99,0
40419,0
40419.01,0
40419.02,0
40419.03,0
40419.04,0
40419.05,0
40419.06,0
40419.07,0
40419.08,0
40419.09,0
40419.1,0
40419.11,0
40419.12,0
40419.13,0
40419.14,0
40419.15,0
40419.16,0
40419.17,0
40419.18,0
40419.19,0
40419.2,0
40419.21,0
40419.22,0
40419.23,0
40419.24,0
40419.25,0
40419.26,0
40419.27,0
40419.28,0
40419.29,0
40419.3,0
40419.31,0
40419.32,0
40419.33,0
40419.34,0
40419.35,0
40419.36,0
40419.37,0
40419.38,0
40419.39,0
40419.4,0
40419.41,0
40419.42,0
40419.43,0
40419.44,0
40419.45,0
40419.46,0
40419.47,0
40419.48,0
40419.49,0
40419.5,0
40419.51,0
40419.52,0
40419.53,0
40419.54,0
40419.55,0
40419.56,0
40419.57,0
40419.58,0
40419.59,0
40419.6,0
40419.61,0
40419.62,0
40419.63,0
40419.64,0
40419.65,0
40419.66,0
40419.67,0
40419.68,0
40419.69,0
40419.7,0
40419.71,0
40419.72,0
40419.73,0
40419.74,0
40419.75,0
40419.76,0
40419.77,0
40419.78,0
40419.79,0
40419.8,0
40419.81,0
40419.82,0
40419.83,0
40419.84,0
40419.85,0
40419.86,0
40419.87,0
40419.88,0
40419.89,0
40419.9,0
40419.91,0
40419.92,0
40419.93,0
40419.94,0
40419.95,0
40419.96,0
40419.97,0
40419.98,0
40419.99,0
40420,0
40420.01,0
40420.02,0
40420.03,0
40420.04,0
40420.05,0
40420.06,0
40420.07,0
40420.08,0
40420.09,0
40420.1,0
40420.11,0
40420.12,0
40420.13,0
40420.14,0
40420.15,0
40420.16,0
40420.17,0
40420.18,0
40420.19,0
40420.2,0
40420.21,0
40420.22,0
40420.23,0
40420.24,0
40420.25,0
40420.26,0
40420.27,0
40420.28,0
40420.29,0
40420.3,0
40420.31,0
40420.32,0
40420.33,0
40420.34,0
40420.35,0
40420.36,0
40420.37,0
40420.38,0
40420.39,0
40420.4,0
40420.41,0
40420.42,0
40420.43,0
40420.44,0
40420.45,0
40420.46,0
40420.47,0
40420.48,0
40420.49,0
40420.5,0
40420.51,0
40420.52,0
40420.53,0
40420.54,0
40420.55,0
40420.56,0
40420.57,0
40420.58,0
40420.59,0
40420.6,0
40420.61,0
40420.62,0
40420.63,0
40420.64,0
40420.65,0
40420.66,0
40420.67,0
40420.68,0
40420.69,0
40420.7,0
40420.71,0
40420.72,0
40420.73,0
40420.74,0
40420.75,0
40420.76,0
40420.77,0
40420.78,0
40420.79,0
40420.8,0
40420.81,0
40420.82,0
40420.83,0
40420.84,0
40420.85,0
40420.86,0
40420.87,0
40420.88,0
40420.89,0
40420.9,0
40420.91,0
40420.92,0
40420.93,0
40420.94,0
40420.95,0
40420.96,0
40420.97,0
40420.98,0
40420.99,0
40421,0
40421.01,0
40421.02,0
40421.03,0
40421.04,0
40421.05,0
40421.06,0
40421.07,0
40421.08,0
40421.09,0
40421.1,0
40421.11,0
40421.12,0
40421.13,0
40421.14,0
40421.15,0
40421.16,0
40421.17,0
40421.18,0
40421.19,0
40421.2,0
40421.21,0
40421.22,0
40421.23,0
40421.24,0
40421.25,0
40421.26,0
40421.27,0
40421.28,0
40421.29,0
40421.3,0
40421.31,0
40421.32,0
40421.33,0
40421.34,0
40421.35,0
40421.36,0
40421.37,0
40421.38,0
40421.39,0
40421.4,0
40421.41,0
40421.42,0
40421.43,0
40421.44,0
40421.45,0
40421.46,0
40421.47,0
40421.48,0
40421.49,0
40421.5,0
40421.51,0
40421.52,0
40421.53,0
40421.54,0
40421.55,0
40421.56,0
40421.57,0
40421.58,0
40421.59,0
40421.6,0
40421.61,0
40421.62,0
40421.63,0
40421.64,0
40421.65,0
40421.66,0
40421.67,0
40421.68,0
40421.69,0
40421.7,0
40421.71,0
40421.72,0
40421.73,0
40421.74,0
40421.75,0
40421.76,0
40421.77,0
40421.78,0
40421.79,0
40421.8,0
40421.81,0
40421.82,0
40421.83,0
40421.84,0
40421.85,0
40421.86,0
40421.87,0
40421.88,0
40421.89,0
40421.9,0
40421.91,0
40421.92,0
40421.93,0
40421.94,0
40421.95,0
40421.96,0
40421.97,0
40421.98,0
40421.99,0
40422,0
40422.01,0
40422.02,0
40422.03,0
40422.04,0
40422.05,0
40422.06,0
40422.07,0
40422.08,0
40422.09,0
40422.1,0
40422.11,0
40422.12,0
40422.13,0
40422.14,0
40422.15,0
40422.16,0
40422.17,0
40422.18,0
40422.19,0
40422.2,0
40422.21,0
40422.22,0
40422.23,0
40422.24,0
40422.25,0
40422.26,0
40422.27,0
40422.28,0
40422.29,0
40422.3,0
40422.31,0
40422.32,0
40422.33,0
40422.34,0
40422.35,0
40422.36,0
40422.37,0
40422.38,0
40422.39,0
40422.4,0
40422.41,0
40422.42,0
40422.43,0
40422.44,0
40422.45,0
40422.46,0
40422.47,0
40422.48,0
40422.49,0
40422.5,0
40422.51,0
40422.52,0
40422.53,0
40422.54,0
40422.55,0
40422.56,0
40422.57,0
40422.58,0
40422.59,0
40422.6,0
40422.61,0
40422.62,0
40422.63,0
40422.64,0
40422.65,0
40422.66,0
40422.67,0
40422.68,0
40422.69,0
40422.7,0
40422.71,0
40422.72,0
40422.73,0
40422.74,0
40422.75,0
40422.76,0
40422.77,0
40422.78,0
40422.79,0
40422.8,0
40422.81,0
40422.82,0
40422.83,0
40422.84,0
40422.85,0
40422.86,0
40422.87,0
40422.88,0
40422.89,0
40422.9,0
40422.91,0
40422.92,0
40422.93,0
40422.94,0
40422.95,0
40422.96,0
40422.97,0
40422.98,0
40422.99,0
40423,0
40423.01,0
40423.02,0
40423.03,0
40423.04,0
40423.05,0
40423.06,0
40423.07,0
40423.08,0
40423.09,0
40423.1,0
40423.11,0
40423.12,0
40423.13,0
40423.14,0
40423.15,0
40423.16,0
40423.17,0
40423.18,0
40423.19,0
40423.2,0
40423.21,0
40423.22,0
40423.23,0
40423.24,0
40423.25,0
40423.26,0
40423.27,0
40423.28,0
40423.29,0
40423.3,0
40423.31,0
40423.32,0
40423.33,0
40423.34,0
40423.35,0
40423.36,0
40423.37,0
40423.38,0
40423.39,0
40423.4,0
40423.41,0
40423.42,0
40423.43,0
40423.44,0
40423.45,0
40423.46,0
40423.47,0
40423.48,0
40423.49,0
40423.5,0
40423.51,0
40423.52,0
40423.53,0
40423.54,0
40423.55,0
40423.56,0
40423.57,0
40423.58,0
40423.59,0
40423.6,0
40423.61,0
40423.62,0
40423.63,0
40423.64,0
40423.65,0
40423.66,0
40423.67,0
40423.68,0
40423.69,0
40423.7,0
40423.71,0
40423.72,0
40423.73,0
40423.74,0
40423.75,0
40423.76,0
40423.77,0
40423.78,0
40423.79,0
40423.8,0
40423.81,0
40423.82,0
40423.83,0
40423.84,0
40423.85,0
40423.86,0
40423.87,0
40423.88,0
40423.89,0
40423.9,0
40423.91,0
40423.92,0
40423.93,0
40423.94,0
40423.95,0
40423.96,0
40423.97,0
40423.98,0
40423.99,0
40424,0
40424.01,0
40424.02,0
40424.03,0
40424.04,0
40424.05,0
40424.06,0
40424.07,0
40424.08,0
40424.09,0
40424.1,0
40424.11,0
40424.12,0
40424.13,0
40424.14,0
40424.15,0
40424.16,0
40424.17,0
40424.18,0
40424.19,0
40424.2,0
40424.21,0
40424.22,0
40424.23,0
40424.24,0
40424.25,0
40424.26,0
40424.27,0
40424.28,0
40424.29,0
40424.3,0
40424.31,0
40424.32,0
40424.33,0
40424.34,0
40424.35,0
40424.36,0
40424.37,0
40424.38,0
40424.39,0
40424.4,0
40424.41,0
40424.42,0
40424.43,0
40424.44,0
40424.45,0
40424.46,0
40424.47,0
40424.48,0
40424.49,0
40424.5,0
40424.51,0
40424.52,0
40424.53,0
40424.54,0
40424.55,0
40424.56,0
40424.57,0
40424.58,0
40424.59,0
40424.6,0
40424.61,0
40424.62,0
40424.63,0
40424.64,0
40424.65,0
40424.66,0
40424.67,0
40424.68,0
40424.69,0
40424.7,0
40424.71,0
40424.72,0
40424.73,0
40424.74,0
40424.75,0
40424.76,0
40424.77,0
40424.78,0
40424.79,0
40424.8,0
40424.81,0
40424.82,0
40424.83,0
40424.84,0
40424.85,0
40424.86,0
40424.87,0
40424.88,0
40424.89,0
40424.9,0
40424.91,0
40424.92,0
40424.93,0
40424.94,0
40424.95,0
40424.96,0
40424.97,0
40424.98,0
40424.99,0
40425,0
40425.01,0
40425.02,0
40425.03,0
40425.04,0
40425.05,0
40425.06,0
40425.07,0
40425.08,0
40425.09,0
40425.1,0
40425.11,0
40425.12,0
40425.13,0
40425.14,0
40425.15,0
40425.16,0
40425.17,0
40425.18,0
40425.19,0
40425.2,0
40425.21,0
40425.22,0
40425.23,0
40425.24,0
40425.25,0
40425.26,0
40425.27,0
40425.28,0
40425.29,0
40425.3,0
40425.31,0
40425.32,0
40425.33,0
40425.34,0
40425.35,0
40425.36,0
40425.37,0
40425.38,0
40425.39,0
40425.4,0
40425.41,0
40425.42,0
40425.43,0
40425.44,0
40425.45,0
40425.46,0
40425.47,0
40425.48,0
40425.49,0
40425.5,0
40425.51,0
40425.52,0
40425.53,0
40425.54,0
40425.55,0
40425.56,0
40425.57,0
40425.58,0
40425.59,0
40425.6,0
40425.61,0
40425.62,0
40425.63,0
40425.64,0
40425.65,0
40425.66,0
40425.67,0
40425.68,0
40425.69,0
40425.7,0
40425.71,0
40425.72,0
40425.73,0
40425.74,0
40425.75,0
40425.76,0
40425.77,0
40425.78,0
40425.79,0
40425.8,0
40425.81,0
40425.82,0
40425.83,0
40425.84,0
40425.85,0
40425.86,0
40425.87,0
40425.88,0
40425.89,0
40425.9,0
40425.91,0
40425.92,0
40425.93,0
40425.94,0
40425.95,0
40425.96,0
40425.97,0
40425.98,0
40425.99,0
40426,0
40426.01,0
40426.02,0
40426.03,0
40426.04,0
40426.05,0
40426.06,0
40426.07,0
40426.08,0
40426.09,0
40426.1,0
40426.11,0
40426.12,0
40426.13,0
40426.14,0
40426.15,0
40426.16,0
40426.17,0
40426.18,0
40426.19,0
40426.2,0
40426.21,0
40426.22,0
40426.23,0
40426.24,0
40426.25,0
40426.26,0
40426.27,0
40426.28,0
40426.29,0
40426.3,0
40426.31,0
40426.32,0
40426.33,0
40426.34,0
40426.35,0
40426.36,0
40426.37,0
40426.38,0
40426.39,0
40426.4,0
40426.41,0
40426.42,0
40426.43,0
40426.44,0
40426.45,0
40426.46,0
40426.47,0
40426.48,0
40426.49,0
40426.5,0
40426.51,0
40426.52,0
40426.53,0
40426.54,0
40426.55,0
40426.56,0
40426.57,0
40426.58,0
40426.59,0
40426.6,0
40426.61,0
40426.62,0
40426.63,0
40426.64,0
40426.65,0
40426.66,0
40426.67,0
40426.68,0
40426.69,0
40426.7,0
40426.71,0
40426.72,0
40426.73,0
40426.74,0
40426.75,0
40426.76,0
40426.77,0
40426.78,0
40426.79,0
40426.8,0
40426.81,0
40426.82,0
40426.83,0
40426.84,0
40426.85,0
40426.86,0
40426.87,0
40426.88,0
40426.89,0
40426.9,0
40426.91,0
40426.92,0
40426.93,0
40426.94,0
40426.95,0
40426.96,0
40426.97,0
40426.98,0
40426.99,0
40427,0
40427.01,0
40427.02,0
40427.03,0
40427.04,0
40427.05,0
40427.06,0
40427.07,0
40427.08,0
40427.09,0
40427.1,0
40427.11,0
40427.12,0
40427.13,0
40427.14,0
40427.15,0
40427.16,0
40427.17,0
40427.18,0
40427.19,0
40427.2,0
40427.21,0
40427.22,0
40427.23,0
40427.24,0
40427.25,0
40427.26,0
40427.27,0
40427.28,0
40427.29,0
40427.3,0
40427.31,0
40427.32,0
40427.33,0
40427.34,0
40427.35,0
40427.36,0
40427.37,0
40427.38,0
40427.39,0
40427.4,0
40427.41,0
40427.42,0
40427.43,0
40427.44,0
40427.45,0
40427.46,0
40427.47,0
40427.48,0
40427.49,0
40427.5,0
40427.51,0
40427.52,0
40427.53,0
40427.54,0
40427.55,0
40427.56,0
40427.57,0
40427.58,0
40427.59,0
40427.6,0
40427.61,0
40427.62,0
40427.63,0
40427.64,0
40427.65,0
40427.66,0
40427.67,0
40427.68,0
40427.69,0
40427.7,0
40427.71,0
40427.72,0
40427.73,0
40427.74,0
40427.75,0
40427.76,0
40427.77,0
40427.78,0
40427.79,0
40427.8,0
40427.81,0
40427.82,0
40427.83,0
40427.84,0
40427.85,0
40427.86,0
40427.87,0
40427.88,0
40427.89,0
40427.9,0
40427.91,0
40427.92,0
40427.93,0
40427.94,0
40427.95,0
40427.96,0
40427.97,0
40427.98,0
40427.99,0
40428,0
40428.01,0
40428.02,0
40428.03,0
40428.04,0
40428.05,0
40428.06,0
40428.07,0
40428.08,0
40428.09,0
40428.1,0
40428.11,0
40428.12,0
40428.13,0
40428.14,0
40428.15,0
40428.16,0
40428.17,0
40428.18,0
40428.19,0
40428.2,0
40428.21,0
40428.22,0
40428.23,0
40428.24,0
40428.25,0
40428.26,0
40428.27,0
40428.28,0
40428.29,0
40428.3,0
40428.31,0
40428.32,0
40428.33,0
40428.34,0
40428.35,0
40428.36,0
40428.37,0
40428.38,0
40428.39,0
40428.4,0
40428.41,0
40428.42,0
40428.43,0
40428.44,0
40428.45,0
40428.46,0
40428.47,0
40428.48,0
40428.49,0
40428.5,0
40428.51,0
40428.52,0
40428.53,0
40428.54,0
40428.55,0
40428.56,0
40428.57,0
40428.58,0
40428.59,0
40428.6,0
40428.61,0
40428.62,0
40428.63,0
40428.64,0
40428.65,0
40428.66,0
40428.67,0
40428.68,0
40428.69,0
40428.7,0
40428.71,0
40428.72,0
40428.73,0
40428.74,0
40428.75,0
40428.76,0
40428.77,0
40428.78,0
40428.79,0
40428.8,0
40428.81,0
40428.82,0
40428.83,0
40428.84,0
40428.85,0
40428.86,0
40428.87,0
40428.88,0
40428.89,0
40428.9,0
40428.91,0
40428.92,0
40428.93,0
40428.94,0
40428.95,0
40428.96,0
40428.97,0
40428.98,0
40428.99,0
40429,0
40429.01,0
40429.02,0
40429.03,0
40429.04,0
40429.05,0
40429.06,0
40429.07,0
40429.08,0
40429.09,0
40429.1,0
40429.11,0
40429.12,0
40429.13,0
40429.14,0
40429.15,0
40429.16,0
40429.17,0
40429.18,0
40429.19,0
40429.2,0
40429.21,0
40429.22,0
40429.23,0
40429.24,0
40429.25,0
40429.26,0
40429.27,0
40429.28,0
40429.29,0
40429.3,0
40429.31,0
40429.32,0
40429.33,0
40429.34,0
40429.35,0
40429.36,0
40429.37,0
40429.38,0
40429.39,0
40429.4,0
40429.41,0
40429.42,0
40429.43,0
40429.44,0
40429.45,0
40429.46,0
40429.47,0
40429.48,0
40429.49,0
40429.5,0
40429.51,0
40429.52,0
40429.53,0
40429.54,0
40429.55,0
40429.56,0
40429.57,0
40429.58,0
40429.59,0
40429.6,0
40429.61,0
40429.62,0
40429.63,0
40429.64,0
40429.65,0
40429.66,0
40429.67,0
40429.68,0
40429.69,0
40429.7,0
40429.71,0
40429.72,0
40429.73,0
40429.74,0
40429.75,0
40429.76,0
40429.77,0
40429.78,0
40429.79,0
40429.8,0
40429.81,0
40429.82,0
40429.83,0
40429.84,0
40429.85,0
40429.86,0
40429.87,0
40429.88,0
40429.89,0
40429.9,0
40429.91,0
40429.92,0
40429.93,0
40429.94,0
40429.95,0
40429.96,0
40429.97,0
40429.98,0
40429.99,0
40430,0
40430.01,0
40430.02,0
40430.03,0
40430.04,0
40430.05,0
40430.06,0
40430.07,0
40430.08,0
40430.09,0
40430.1,0
40430.11,0
40430.12,0
40430.13,0
40430.14,0
40430.15,0
40430.16,0
40430.17,0
40430.18,0
40430.19,0
40430.2,0
40430.21,0
40430.22,0
40430.23,0
40430.24,0
40430.25,0
40430.26,0
40430.27,0
40430.28,0
40430.29,0
40430.3,0
40430.31,0
40430.32,0
40430.33,0
40430.34,0
40430.35,0
40430.36,0
40430.37,0
40430.38,0
40430.39,0
40430.4,0
40430.41,0
40430.42,0
40430.43,0
40430.44,0
40430.45,0
40430.46,0
40430.47,0
40430.48,0
40430.49,0
40430.5,0
40430.51,0
40430.52,0
40430.53,0
40430.54,0
40430.55,0
40430.56,0
40430.57,0
40430.58,0
40430.59,0
40430.6,0
40430.61,0
40430.62,0
40430.63,0
40430.64,0
40430.65,0
40430.66,0
40430.67,0
40430.68,0
40430.69,0
40430.7,0
40430.71,0
40430.72,0
40430.73,0
40430.74,0
40430.75,0
40430.76,0
40430.77,0
40430.78,0
40430.79,0
40430.8,0
40430.81,0
40430.82,0
40430.83,0
40430.84,0
40430.85,0
40430.86,0
40430.87,0
40430.88,0
40430.89,0
40430.9,0
40430.91,0
40430.92,0
40430.93,0
40430.94,0
40430.95,0
40430.96,0
40430.97,0
40430.98,0
40430.99,0
40431,0
40431.01,0
40431.02,0
40431.03,0
40431.04,0
40431.05,0
40431.06,0
40431.07,0
40431.08,0
40431.09,0
40431.1,0
40431.11,0
40431.12,0
40431.13,0
40431.14,0
40431.15,0
40431.16,0
40431.17,0
40431.18,0
40431.19,0
40431.2,0
40431.21,0
40431.22,0
40431.23,0
40431.24,0
40431.25,0
40431.26,0
40431.27,0
40431.28,0
40431.29,0
40431.3,0
40431.31,0
40431.32,0
40431.33,0
40431.34,0
40431.35,0
40431.36,0
40431.37,0
40431.38,0
40431.39,0
40431.4,0
40431.41,0
40431.42,0
40431.43,0
40431.44,0
40431.45,0
40431.46,0
40431.47,0
40431.48,0
40431.49,0
40431.5,0
40431.51,0
40431.52,0
40431.53,0
40431.54,0
40431.55,0
40431.56,0
40431.57,0
40431.58,0
40431.59,0
40431.6,0
40431.61,0
40431.62,0
40431.63,0
40431.64,0
40431.65,0
40431.66,0
40431.67,0
40431.68,0
40431.69,0
40431.7,0
40431.71,0
40431.72,0
40431.73,0
40431.74,0
40431.75,0
40431.76,0
40431.77,0
40431.78,0
40431.79,0
40431.8,0
40431.81,0
40431.82,0
40431.83,0
40431.84,0
40431.85,0
40431.86,0
40431.87,0
40431.88,0
40431.89,0
40431.9,0
40431.91,0
40431.92,0
40431.93,0
40431.94,0
40431.95,0
40431.96,0
40431.97,0
40431.98,0
40431.99,0
40432,0
40432.01,0
40432.02,0
40432.03,0
40432.04,0
40432.05,0
40432.06,0
40432.07,0
40432.08,0
40432.09,0
40432.1,0
40432.11,0
40432.12,0
40432.13,0
40432.14,0
40432.15,0
40432.16,0
40432.17,0
40432.18,0
40432.19,0
40432.2,0
40432.21,0
40432.22,0
40432.23,0
40432.24,0
40432.25,0
40432.26,0
40432.27,0
40432.28,0
40432.29,0
40432.3,0
40432.31,0
40432.32,0
40432.33,0
40432.34,0
40432.35,0
40432.36,0
40432.37,0
40432.38,0
40432.39,0
40432.4,0
40432.41,0
40432.42,0
40432.43,0
40432.44,0
40432.45,0
40432.46,0
40432.47,0
40432.48,0
40432.49,0
40432.5,0
40432.51,0
40432.52,0
40432.53,0
40432.54,0
40432.55,0
40432.56,0
40432.57,0
40432.58,0
40432.59,0
40432.6,0
40432.61,0
40432.62,0
40432.63,0
40432.64,0
40432.65,0
40432.66,0
40432.67,0
40432.68,0
40432.69,0
40432.7,0
40432.71,0
40432.72,0
40432.73,0
40432.74,0
40432.75,0
40432.76,0
40432.77,0
40432.78,0
40432.79,0
40432.8,0
40432.81,0
40432.82,0
40432.83,0
40432.84,0
40432.85,0
40432.86,0
40432.87,0
40432.88,0
40432.89,0
40432.9,0
40432.91,0
40432.92,0
40432.93,0
40432.94,0
40432.95,0
40432.96,0
40432.97,0
40432.98,0
40432.99,0
40433,0
40433.01,0
40433.02,0
40433.03,0
40433.04,0
40433.05,0
40433.06,0
40433.07,0
40433.08,0
40433.09,0
40433.1,0
40433.11,0
40433.12,0
40433.13,0
40433.14,0
40433.15,0
40433.16,0
40433.17,0
40433.18,0
40433.19,0
40433.2,0
40433.21,0
40433.22,0
40433.23,0
40433.24,0
40433.25,0
40433.26,0
40433.27,1.64156691314617E-07
40433.28,31.4535188117602
40433.29,31.9602617286374
40433.3,21.4244065954198
40433.31,17.0397066737904
40433.32,15.9505401620695
40433.33,17.0146557677383
40433.34,20.6909111974068
40433.35,25.4408671403471
40433.36,27.404691628348
40433.37,26.8264625820823
40433.38,21.8969490202785
40433.39,16.306531743823
40433.4,10.901708741829
40433.41,8.02799375687194
40433.42,6.48903183377984
40433.43,6.0841559470884
40433.44,6.68415739997668
40433.45,6.26006147987675
40433.46,5.33565556334425
40433.47,3.94174087329989
40433.48,0
40433.49,0
40433.5,0
40433.51,0
40433.52,0
40433.53,0
40433.54,0
40433.55,0
40433.56,0
40433.57,0
40433.58,0
40433.59,0
40433.6,0
40433.61,0
40433.62,0
40433.63,0
40433.64,0
40433.65,0
40433.66,0
40433.67,0
40433.68,0
40433.69,0
40433.7,0
40433.71,0
40433.72,0
40433.73,0
40433.74,0
40433.75,0
40433.76,0
40433.77,0
40433.78,0
40433.79,0
40433.8,0
40433.81,0
40433.82,0
40433.83,0
40433.84,0
40433.85,0
40433.86,0
40433.87,0
40433.88,0
40433.89,0
40433.9,0
40433.91,0
40433.92,0
40433.93,0
40433.94,0
40433.95,0
40433.96,0
40433.97,0
40433.98,0
40433.99,0
40434,0
40434.01,0
40434.02,0
40434.03,0
40434.04,0
40434.05,0
40434.06,0
40434.07,0
40434.08,0
40434.09,0
40434.1,0
40434.11,0
40434.12,0
40434.13,0
40434.14,0
40434.15,0
40434.16,0
40434.17,0
40434.18,0
40434.19,0
40434.2,0
40434.21,0
40434.22,0
40434.23,0
40434.24,0
40434.25,0
40434.26,0
40434.27,0
40434.28,0
40434.29,0
40434.3,0
40434.31,0
40434.32,0
40434.33,0
40434.34,0
40434.35,0
40434.36,0
40434.37,0
40434.38,0
40434.39,0
40434.4,0
40434.41,0
40434.42,0
40434.43,0
40434.44,0
40434.45,0
40434.46,0
40434.47,0
40434.48,0
40434.49,0
40434.5,0
40434.51,0
40434.52,0
40434.53,0
40434.54,0
40434.55,0
40434.56,0
40434.57,0
40434.58,0
40434.59,0
40434.6,0
40434.61,0
40434.62,0
40434.63,0
40434.64,0
40434.65,0
40434.66,0
40434.67,0
40434.68,0
40434.69,0
40434.7,0
40434.71,0
40434.72,0
40434.73,0
40434.74,0
40434.75,0
40434.76,0
40434.77,0
40434.78,0
40434.79,0
40434.8,0
40434.81,0
40434.82,0
40434.83,0
40434.84,0
40434.85,0
40434.86,0
40434.87,0
40434.88,0
40434.89,0
40434.9,0
40434.91,0
40434.92,0
40434.93,0
40434.94,0
40434.95,0
40434.96,0
40434.97,0
40434.98,0
40434.99,0
40435,0
40435.01,0
40435.02,0
40435.03,0
40435.04,0
40435.05,0
40435.06,0
40435.07,0
40435.08,0
40435.09,0
40435.1,0
40435.11,0
40435.12,0
40435.13,0
40435.14,0
40435.15,0
40435.16,0
40435.17,0
40435.18,0
40435.19,0
40435.2,0
40435.21,0
40435.22,0
40435.23,0
40435.24,0
40435.25,0
40435.26,0
40435.27,0
40435.28,0
40435.29,0
40435.3,0
40435.31,0
40435.32,0
40435.33,0
40435.34,0
40435.35,0
40435.36,0
40435.37,0
40435.38,0
40435.39,0
40435.4,0
40435.41,0
40435.42,0
40435.43,0
40435.44,0
40435.45,0
40435.46,0
40435.47,0
40435.48,0
40435.49,0
40435.5,0
40435.51,0
40435.52,0
40435.53,0
40435.54,0
40435.55,0
40435.56,0
40435.57,0
40435.58,0
40435.59,0
40435.6,0
40435.61,0
40435.62,0
40435.63,0
40435.64,0
40435.65,0
40435.66,0
40435.67,0
40435.68,0
40435.69,0
40435.7,0
40435.71,0
40435.72,0
40435.73,0
40435.74,0
40435.75,0
40435.76,0
40435.77,0
40435.78,0
40435.79,0
40435.8,0
40435.81,0
40435.82,0
40435.83,0
40435.84,0
40435.85,0
40435.86,0
40435.87,0
40435.88,0
40435.89,0
40435.9,0
40435.91,0
40435.92,0
40435.93,0
40435.94,0
40435.95,0
40435.96,0
40435.97,0
40435.98,0
40435.99,0
40436,0
40436.01,0
40436.02,0
40436.03,0
40436.04,0
40436.05,0
40436.06,0
40436.07,0
40436.08,0
40436.09,0
40436.1,0
40436.11,0
40436.12,0
40436.13,0
40436.14,0
40436.15,0
40436.16,0
40436.17,0
40436.18,0
40436.19,0
40436.2,0
40436.21,0
40436.22,0
40436.23,0
40436.24,0
40436.25,0
40436.26,0
40436.27,0
40436.28,0
40436.29,0
40436.3,0
40436.31,0
40436.32,0
40436.33,0
40436.34,0
40436.35,0
40436.36,0
40436.37,0
40436.38,0
40436.39,0
40436.4,0
40436.41,0
40436.42,0
40436.43,0
40436.44,0
40436.45,0
40436.46,0
40436.47,0
40436.48,0
40436.49,0
40436.5,0
40436.51,0
40436.52,0
40436.53,0
40436.54,0
40436.55,0
40436.56,0
40436.57,0
40436.58,0
40436.59,0
40436.6,0
40436.61,0
40436.62,0
40436.63,0
40436.64,0
40436.65,0
40436.66,0
40436.67,0
40436.68,0
40436.69,0
40436.7,0
40436.71,0
40436.72,0
40436.73,0
40436.74,0
40436.75,0
40436.76,0
40436.77,0
40436.78,0
40436.79,0
40436.8,0
40436.81,0
40436.82,0
40436.83,0
40436.84,0
40436.85,0
40436.86,0
40436.87,0
40436.88,0
40436.89,0
40436.9,0
40436.91,0
40436.92,0
40436.93,0
40436.94,0
40436.95,0
40436.96,0
40436.97,0
40436.98,0
40436.99,0
40437,0
40437.01,0
40437.02,0
40437.03,0
40437.04,0
40437.05,0
40437.06,0
40437.07,0
40437.08,0
40437.09,0
40437.1,0
40437.11,0
40437.12,0
40437.13,0
40437.14,0
40437.15,0
40437.16,0
40437.17,0
40437.18,0
40437.19,0
40437.2,0
40437.21,0
40437.22,0
40437.23,0
40437.24,0
40437.25,0
40437.26,0
40437.27,0
40437.28,0
40437.29,0
40437.3,0
40437.31,0
40437.32,0
40437.33,0
40437.34,0
40437.35,0
40437.36,0
40437.37,0
40437.38,0
40437.39,0
40437.4,0
40437.41,0
40437.42,0
40437.43,0
40437.44,0
40437.45,0
40437.46,0
40437.47,0
40437.48,0
40437.49,0
40437.5,0
40437.51,0
40437.52,0
40437.53,0
40437.54,0
40437.55,0
40437.56,0
40437.57,0
40437.58,0
40437.59,0
40437.6,0
40437.61,0
40437.62,0
40437.63,0
40437.64,0
40437.65,0
40437.66,0
40437.67,0
40437.68,0
40437.69,0
40437.7,0
40437.71,0
40437.72,0
40437.73,0
40437.74,0
40437.75,0
40437.76,0
40437.77,0
40437.78,0
40437.79,0
40437.8,0
40437.81,0
40437.82,0
40437.83,0
40437.84,0
40437.85,0
40437.86,0
40437.87,0
40437.88,0
40437.89,0
40437.9,0
40437.91,0
40437.92,0
40437.93,0
40437.94,0
40437.95,0
40437.96,0
40437.97,0
40437.98,0
40437.99,0
40438,0
40438.01,0
40438.02,0
40438.03,0
40438.04,0
40438.05,0
40438.06,0
40438.07,0
40438.08,0
40438.09,0
40438.1,0
40438.11,0
40438.12,0
40438.13,0
40438.14,0
40438.15,0
40438.16,0
40438.17,0
40438.18,0
40438.19,0
40438.2,0
40438.21,0
40438.22,0
40438.23,0
40438.24,0
40438.25,0
40438.26,0
40438.27,0
40438.28,0
40438.29,0
40438.3,0
40438.31,0
40438.32,0
40438.33,0
40438.34,0
40438.35,0
40438.36,0
40438.37,0
40438.38,0
40438.39,0
40438.4,0
40438.41,0
40438.42,0
40438.43,0
40438.44,0
40438.45,0
40438.46,0
40438.47,0
40438.48,0
40438.49,0
40438.5,0
40438.51,0
40438.52,0
40438.53,0
40438.54,0
40438.55,0
40438.56,0
40438.57,0
40438.58,0
40438.59,0
40438.6,0
40438.61,0
40438.62,0
40438.63,0
40438.64,0
40438.65,0
40438.66,0
40438.67,0
40438.68,0
40438.69,0
40438.7,0
40438.71,0
40438.72,0
40438.73,0
40438.74,0
40438.75,0
40438.76,0
40438.77,0
40438.78,0
40438.79,0
40438.8,0
40438.81,0
40438.82,0
40438.83,0
40438.84,0
40438.85,0
40438.86,0
40438.87,0
40438.88,0
40438.89,0
40438.9,0
40438.91,0
40438.92,0
40438.93,0
40438.94,0
40438.95,0
40438.96,0
40438.97,0
40438.98,0
40438.99,0
40439,0
40439.01,0
40439.02,0
40439.03,0
40439.04,0
40439.05,0
40439.06,0
40439.07,0
40439.08,0
40439.09,0
40439.1,0
40439.11,0
40439.12,0
40439.13,0
40439.14,0
40439.15,0
40439.16,0
40439.17,0
40439.18,0
40439.19,0
40439.2,0
40439.21,0
40439.22,0
40439.23,0
40439.24,0
40439.25,0
40439.26,0
40439.27,0
40439.28,0
40439.29,0
40439.3,0
40439.31,0
40439.32,0
40439.33,0
40439.34,0
40439.35,0
40439.36,0
40439.37,0
40439.38,0
40439.39,0
40439.4,0
40439.41,0
40439.42,0
40439.43,0
40439.44,0
40439.45,0
40439.46,0
40439.47,0
40439.48,0
40439.49,0
40439.5,0
40439.51,0
40439.52,0
40439.53,0
40439.54,0
40439.55,0
40439.56,0
40439.57,0
40439.58,0
40439.59,0
40439.6,0
40439.61,0
40439.62,0
40439.63,0
40439.64,0
40439.65,0
40439.66,0
40439.67,0
40439.68,0
40439.69,0
40439.7,0
40439.71,0
40439.72,0
40439.73,0
40439.74,0
40439.75,0
40439.76,0
40439.77,0
40439.78,0
40439.79,0
40439.8,0
40439.81,0
40439.82,0
40439.83,0
40439.84,0
40439.85,0
40439.86,0
40439.87,0
40439.88,0
40439.89,0
40439.9,0
40439.91,0
40439.92,0
40439.93,0
40439.94,0
40439.95,0
40439.96,0
40439.97,0
40439.98,0
40439.99,0
40440,0
40440.01,0
40440.02,0
40440.03,0
40440.04,0
40440.05,0
40440.06,0
40440.07,0
40440.08,0
40440.09,0
40440.1,0
40440.11,0
40440.12,0
40440.13,0
40440.14,0
40440.15,0
40440.16,0
40440.17,0
40440.18,0
40440.19,0
40440.2,0
40440.21,0
40440.22,0
40440.23,0
40440.24,0
40440.25,0
40440.26,0
40440.27,0
40440.28,0
40440.29,0
40440.3,0
40440.31,0
40440.32,0
40440.33,0
40440.34,0
40440.35,0
40440.36,0
40440.37,0
40440.38,0
40440.39,0
40440.4,0
40440.41,0
40440.42,0
40440.43,0
40440.44,0
40440.45,0
40440.46,0
40440.47,0
40440.48,0
40440.49,0
40440.5,0
40440.51,0
40440.52,0
40440.53,0
40440.54,0
40440.55,0
40440.56,0
40440.57,0
40440.58,0
40440.59,0
40440.6,0
40440.61,0
40440.62,0
40440.63,0
40440.64,0
40440.65,0
40440.66,0
40440.67,0
40440.68,0
40440.69,0
40440.7,0
40440.71,0
40440.72,0
40440.73,0
40440.74,0
40440.75,0
40440.76,0
40440.77,0
40440.78,0
40440.79,0
40440.8,0
40440.81,0
40440.82,0
40440.83,0
40440.84,0
40440.85,0
40440.86,0
40440.87,0
40440.88,0
40440.89,0
40440.9,0
40440.91,0
40440.92,0
40440.93,0
40440.94,0
40440.95,0
40440.96,0
40440.97,0
40440.98,0
40440.99,0
40441,0
40441.01,0
40441.02,0
40441.03,0
40441.04,0
40441.05,0
40441.06,0
40441.07,0
40441.08,0
40441.09,0
40441.1,0
40441.11,0
40441.12,0
40441.13,0
40441.14,0
40441.15,0
40441.16,0
40441.17,0
40441.18,0
40441.19,0
40441.2,0
40441.21,0
40441.22,0
40441.23,0
40441.24,0
40441.25,0
40441.26,0
40441.27,0
40441.28,0
40441.29,0
40441.3,0
40441.31,0
40441.32,0
40441.33,0
40441.34,0
40441.35,0
40441.36,0
40441.37,0
40441.38,0
40441.39,0
40441.4,0
40441.41,0
40441.42,0
40441.43,0
40441.44,0
40441.45,0
40441.46,0
40441.47,0
40441.48,0
40441.49,0
40441.5,0
40441.51,0
40441.52,0
40441.53,0
40441.54,0
40441.55,0
40441.56,0
40441.57,0
40441.58,0
40441.59,0
40441.6,0
40441.61,0
40441.62,0
40441.63,0
40441.64,0
40441.65,0
40441.66,0
40441.67,0
40441.68,0
40441.69,0
40441.7,0
40441.71,0
40441.72,0
40441.73,0
40441.74,0
40441.75,0
40441.76,0
40441.77,0
40441.78,0
40441.79,0
40441.8,0
40441.81,0
40441.82,0
40441.83,0
40441.84,0
40441.85,0
40441.86,0
40441.87,0
40441.88,0
40441.89,0
40441.9,0
40441.91,0
40441.92,0
40441.93,0
40441.94,0
40441.95,0
40441.96,0
40441.97,0
40441.98,0
40441.99,0
40442,0
40442.01,0
40442.02,0
40442.03,0
40442.04,0
40442.05,0
40442.06,0
40442.07,0
40442.08,0
40442.09,0
40442.1,0
40442.11,0
40442.12,0
40442.13,0
40442.14,0
40442.15,0
40442.16,0
40442.17,0
40442.18,0
40442.19,0
40442.2,0
40442.21,0
40442.22,0
40442.23,0
40442.24,0
40442.25,0
40442.26,0
40442.27,0
40442.28,0
40442.29,0
40442.3,0
40442.31,0
40442.32,0
40442.33,0
40442.34,0
40442.35,0
40442.36,0
40442.37,0
40442.38,0
40442.39,0
40442.4,0
40442.41,0
40442.42,0
40442.43,0
40442.44,0
40442.45,0
40442.46,0
40442.47,0
40442.48,0
40442.49,0
40442.5,0
40442.51,0
40442.52,0
40442.53,0
40442.54,0
40442.55,0
40442.56,0
40442.57,0
40442.58,0
40442.59,0
40442.6,0
40442.61,0
40442.62,0
40442.63,0
40442.64,0
40442.65,0
40442.66,0
40442.67,0
40442.68,0
40442.69,0
40442.7,0
40442.71,0
40442.72,0
40442.73,0
40442.74,0
40442.75,0
40442.76,0
40442.77,0
40442.78,0
40442.79,0
40442.8,0
40442.81,0
40442.82,0
40442.83,0
40442.84,0
40442.85,0
40442.86,0
40442.87,0
40442.88,0
40442.89,0
40442.9,0
40442.91,0
40442.92,0
40442.93,0
40442.94,0
40442.95,0
40442.96,0
40442.97,0
40442.98,0
40442.99,0
40443,0
40443.01,0
40443.02,0
40443.03,0
40443.04,0
40443.05,0
40443.06,0
40443.07,0
40443.08,0
40443.09,0
40443.1,0
40443.11,0
40443.12,0
40443.13,0
40443.14,0
40443.15,0
40443.16,0
40443.17,0
40443.18,0
40443.19,0
40443.2,0
40443.21,0
40443.22,0
40443.23,0
40443.24,0
40443.25,0
40443.26,0
40443.27,0
40443.28,0
40443.29,0
40443.3,0
40443.31,0
40443.32,0
40443.33,0
40443.34,0
40443.35,0
40443.36,0
40443.37,0
40443.38,0
40443.39,0
40443.4,0
40443.41,0
40443.42,0
40443.43,0
40443.44,0
40443.45,0
40443.46,0
40443.47,0
40443.48,0
40443.49,0
40443.5,0
40443.51,0
40443.52,0
40443.53,0
40443.54,0
40443.55,0
40443.56,0
40443.57,0
40443.58,0
40443.59,0
40443.6,0
40443.61,0
40443.62,0
40443.63,0
40443.64,0
40443.65,0
40443.66,0
40443.67,0
40443.68,0
40443.69,0
40443.7,0
40443.71,0
40443.72,0
40443.73,0
40443.74,0
40443.75,0
40443.76,0
40443.77,0
40443.78,0
40443.79,0
40443.8,0
40443.81,0
40443.82,0
40443.83,0
40443.84,0
40443.85,0
40443.86,0
40443.87,0
40443.88,0
40443.89,0
40443.9,0
40443.91,0
40443.92,0
40443.93,0
40443.94,0
40443.95,0
40443.96,0
40443.97,0
40443.98,0
40443.99,0
40444,0
40444.01,0
40444.02,0
40444.03,0
40444.04,0
40444.05,0
40444.06,0
40444.07,0
40444.08,0
40444.09,0
40444.1,0
40444.11,0
40444.12,0
40444.13,0
40444.14,0
40444.15,0
40444.16,0
40444.17,0
40444.18,0
40444.19,0
40444.2,0
40444.21,0
40444.22,0
40444.23,0
40444.24,0
40444.25,0
40444.26,0
40444.27,0
40444.28,0
40444.29,0
40444.3,0
40444.31,0
40444.32,0
40444.33,0
40444.34,0
40444.35,0
40444.36,0
40444.37,0
40444.38,0
40444.39,0
40444.4,0
40444.41,0
40444.42,0
40444.43,0
40444.44,0
40444.45,0
40444.46,0
40444.47,0
40444.48,0
40444.49,0
40444.5,0
40444.51,0
40444.52,0
40444.53,0
40444.54,0
40444.55,0
40444.56,0
40444.57,0
40444.58,0
40444.59,0
40444.6,0
40444.61,0
40444.62,0
40444.63,0
40444.64,0
40444.65,0
40444.66,0
40444.67,0
40444.68,0
40444.69,0
40444.7,0
40444.71,0
40444.72,0
40444.73,0
40444.74,0
40444.75,0
40444.76,0
40444.77,0
40444.78,0
40444.79,0
40444.8,0
40444.81,0
40444.82,0
40444.83,0
40444.84,0
40444.85,0
40444.86,0
40444.87,0
40444.88,0
40444.89,0
40444.9,0
40444.91,0
40444.92,0
40444.93,0
40444.94,0
40444.95,0
40444.96,0
40444.97,0
40444.98,0
40444.99,0
40445,0
40445.01,0
40445.02,0
40445.03,0
40445.04,0
40445.05,0
40445.06,0
40445.07,0
40445.08,0
40445.09,0
40445.1,0
40445.11,0
40445.12,0
40445.13,0
40445.14,0
40445.15,0
40445.16,0
40445.17,0
40445.18,0
40445.19,0
40445.2,0
40445.21,0
40445.22,0
40445.23,0
40445.24,0
40445.25,0
40445.26,0
40445.27,0
40445.28,0
40445.29,0
40445.3,0
40445.31,0
40445.32,0
40445.33,0
40445.34,0
40445.35,0
40445.36,0
40445.37,0
40445.38,0
40445.39,0
40445.4,0
40445.41,0
40445.42,0
40445.43,0
40445.44,0
40445.45,0
40445.46,0
40445.47,0
40445.48,0
40445.49,0
40445.5,0
40445.51,0
40445.52,0
40445.53,0
40445.54,0
40445.55,0
40445.56,0
40445.57,0
40445.58,0
40445.59,0
40445.6,0
40445.61,0
40445.62,0
40445.63,0
40445.64,0
40445.65,0
40445.66,0
40445.67,0
40445.68,0
40445.69,0
40445.7,0
40445.71,0
40445.72,0
40445.73,0
40445.74,0
40445.75,0
40445.76,0
40445.77,0
40445.78,0
40445.79,0
40445.8,0
40445.81,0
40445.82,0
40445.83,0
40445.84,0
40445.85,0
40445.86,0
40445.87,0
40445.88,0
40445.89,0
40445.9,0
40445.91,0
40445.92,0
40445.93,0
40445.94,0
40445.95,0
40445.96,0
40445.97,0
40445.98,0
40445.99,0
40446,0
40446.01,0
40446.02,0
40446.03,0
40446.04,0
40446.05,0
40446.06,0
40446.07,0
40446.08,0
40446.09,0
40446.1,0
40446.11,0
40446.12,0
40446.13,0
40446.14,0
40446.15,0
40446.16,0
40446.17,0
40446.18,0
40446.19,0
40446.2,0
40446.21,0
40446.22,0
40446.23,0
40446.24,0
40446.25,0
40446.26,0
40446.27,0
40446.28,0
40446.29,0
40446.3,0
40446.31,0
40446.32,0
40446.33,0
40446.34,0
40446.35,0
40446.36,0
40446.37,0
40446.38,0
40446.39,0
40446.4,0
40446.41,0
40446.42,0
40446.43,0
40446.44,0
40446.45,0
40446.46,0
40446.47,0
40446.48,0
40446.49,0
40446.5,0
40446.51,0
40446.52,0
40446.53,0
40446.54,0
40446.55,0
40446.56,0
40446.57,0
40446.58,0
40446.59,0
40446.6,0
40446.61,0
40446.62,0
40446.63,0
40446.64,0
40446.65,0
40446.66,0
40446.67,0
40446.68,0
40446.69,0
40446.7,0
40446.71,0
40446.72,0
40446.73,0
40446.74,0
40446.75,0
40446.76,0
40446.77,0
40446.78,0
40446.79,0
40446.8,0
40446.81,0
40446.82,0
40446.83,0
40446.84,0
40446.85,0
40446.86,0
40446.87,0
40446.88,0
40446.89,0
40446.9,0
40446.91,0
40446.92,0
40446.93,0
40446.94,0
40446.95,0
40446.96,0
40446.97,0
40446.98,0
40446.99,0
40447,0
40447.01,0
40447.02,0
40447.03,0
40447.04,0
40447.05,0
40447.06,0
40447.07,0
40447.08,0
40447.09,0
40447.1,0
40447.11,0
40447.12,0
40447.13,0
40447.14,0
40447.15,0
40447.16,0
40447.17,0
40447.18,0
40447.19,0
40447.2,0
40447.21,0
40447.22,0
40447.23,0
40447.24,0
40447.25,0
40447.26,0
40447.27,0
40447.28,0
40447.29,0
40447.3,0
40447.31,0
40447.32,0
40447.33,0
40447.34,0
40447.35,0
40447.36,0
40447.37,0
40447.38,0
40447.39,0
40447.4,0
40447.41,0
40447.42,0
40447.43,0
40447.44,0
40447.45,0
40447.46,0
40447.47,0
40447.48,0
40447.49,0
40447.5,0
40447.51,0
40447.52,0
40447.53,0
40447.54,0
40447.55,0
40447.56,0
40447.57,0
40447.58,0
40447.59,0
40447.6,0
40447.61,0
40447.62,0
40447.63,0
40447.64,0
40447.65,0
40447.66,0
40447.67,0
40447.68,0
40447.69,0
40447.7,0
40447.71,0
40447.72,0
40447.73,0
40447.74,0
40447.75,0
40447.76,0
40447.77,0
40447.78,0
40447.79,0
40447.8,0
40447.81,0
40447.82,0
40447.83,0
40447.84,0
40447.85,0
40447.86,0
40447.87,0
40447.88,0
40447.89,0
40447.9,0
40447.91,0
40447.92,0
40447.93,0
40447.94,0
40447.95,0
40447.96,0
40447.97,0
40447.98,0
40447.99,0
40448,0
40448.01,0
40448.02,0
40448.03,0
40448.04,0
40448.05,0
40448.06,0
40448.07,0
40448.08,0
40448.09,0
40448.1,0
40448.11,0
40448.12,0
40448.13,0
40448.14,0
40448.15,0
40448.16,0
40448.17,0
40448.18,0
40448.19,0
40448.2,0
40448.21,0
40448.22,0
40448.23,0
40448.24,0
40448.25,0
40448.26,0
40448.27,0
40448.28,0
40448.29,0
40448.3,0
40448.31,0
40448.32,0
40448.33,0
40448.34,0
40448.35,0
40448.36,0
40448.37,0
40448.38,0
40448.39,0
40448.4,0
40448.41,0
40448.42,0
40448.43,0
40448.44,0
40448.45,0
40448.46,0
40448.47,0
40448.48,0
40448.49,0
40448.5,0
40448.51,0
40448.52,0
40448.53,0
40448.54,0
40448.55,0
40448.56,0
40448.57,0
40448.58,0
40448.59,0
40448.6,0
40448.61,0
40448.62,0
40448.63,0
40448.64,0
40448.65,0
40448.66,0
40448.67,0
40448.68,0
40448.69,0
40448.7,0
40448.71,0
40448.72,0
40448.73,0
40448.74,0
40448.75,0
40448.76,0
40448.77,0
40448.78,0
40448.79,0
40448.8,0
40448.81,0
40448.82,0
40448.83,0
40448.84,0
40448.85,0
40448.86,0
40448.87,0
40448.88,0
40448.89,0
40448.9,0
40448.91,0
40448.92,0
40448.93,0
40448.94,0
40448.95,0
40448.96,0
40448.97,0
40448.98,0
40448.99,0
40449,0
40449.01,0
40449.02,0
40449.03,0
40449.04,0
40449.05,0
40449.06,0
40449.07,0
40449.08,0
40449.09,0
40449.1,0
40449.11,0
40449.12,0
40449.13,0
40449.14,0
40449.15,0
40449.16,0
40449.17,0
40449.18,0
40449.19,0
40449.2,0
40449.21,0
40449.22,0
40449.23,0
40449.24,0
40449.25,0
40449.26,0
40449.27,0
40449.28,0
40449.29,0
40449.3,0
40449.31,0
40449.32,0
40449.33,0
40449.34,0
40449.35,0
40449.36,0
40449.37,0
40449.38,0
40449.39,0
40449.4,0
40449.41,0
40449.42,0
40449.43,0
40449.44,0
40449.45,0
40449.46,0
40449.47,0
40449.48,0
40449.49,0
40449.5,0
40449.51,0
40449.52,0
40449.53,0
40449.54,0
40449.55,0
40449.56,0
40449.57,0
40449.58,0
40449.59,0
40449.6,0
40449.61,0
40449.62,0
40449.63,0
40449.64,0
40449.65,0
40449.66,0
40449.67,0
40449.68,0
40449.69,0
40449.7,0
40449.71,0
40449.72,0
40449.73,0
40449.74,0
40449.75,0
40449.76,0
40449.77,0
40449.78,0
40449.79,0
40449.8,0
40449.81,0
40449.82,0
40449.83,0
40449.84,0
40449.85,0
40449.86,0
40449.87,0
40449.88,0
40449.89,0
40449.9,0
40449.91,0
40449.92,0
40449.93,0
40449.94,0
40449.95,0
40449.96,0
40449.97,0
40449.98,0
40449.99,0
40450,0
40450.01,0
40450.02,0
40450.03,0
40450.04,0
40450.05,0
40450.06,0
40450.07,0
40450.08,0
40450.09,0
40450.1,0
40450.11,0
40450.12,0
40450.13,0
40450.14,0
40450.15,0
40450.16,0
40450.17,0
40450.18,0
40450.19,0
40450.2,0
40450.21,0
40450.22,0
40450.23,0
40450.24,0
40450.25,0
40450.26,0
40450.27,0
40450.28,0
40450.29,0
40450.3,0
40450.31,0
40450.32,0
40450.33,0
40450.34,0
40450.35,0
40450.36,0
40450.37,0
40450.38,0
40450.39,0
40450.4,0
40450.41,0
40450.42,0
40450.43,0
40450.44,0
40450.45,0
40450.46,0
40450.47,0
40450.48,0
40450.49,0
40450.5,0
40450.51,0
40450.52,0
40450.53,0
40450.54,0
40450.55,0
40450.56,0
40450.57,0
40450.58,0
40450.59,0
40450.6,0
40450.61,0
40450.62,0
40450.63,0
40450.64,0
40450.65,0
40450.66,0
40450.67,0
40450.68,0
40450.69,0
40450.7,0
40450.71,0
40450.72,0
40450.73,0
40450.74,0
40450.75,0
40450.76,0
40450.77,0
40450.78,0
40450.79,0
40450.8,0
40450.81,0
40450.82,0
40450.83,0
40450.84,0
40450.85,0
40450.86,0
40450.87,0
40450.88,0
40450.89,0
40450.9,0
40450.91,0
40450.92,9.77477058440957E-08
40450.93,19.4326520025831
40450.94,205.058020517818
40450.95,219.145727875491
40450.96,208.925277023283
40450.97,193.607937090596
40450.98,161.362203083786
40450.99,146.385465473638
40451,128.082795096329
40451.01,114.180225902218
40451.02,101.775395168813
40451.03,112.469524192333
40451.04,137.880210031954
40451.05,180.958621282551
40451.06,213.460239613552
40451.07,278.774911706665
40451.08,343.621022809375
40451.09,441.320623670615
40451.1,538.502837506294
40451.11,584.381034401027
40451.12,563.70203477724
40451.13,525.207204777363
40451.14,480.201560673752
40451.15,435.362963686728
40451.16,403.012772824846
40451.17,402.966021800861
40451.18,396.979371126268
40451.19,392.299551976001
40451.2,364.440191704431
40451.21,341.55227905938
40451.22,294.033272559814
40451.23,239.722983742701
40451.24,198.695355022124
40451.25,169.31997612023
40451.26,146.263891575007
40451.27,126.512686147779
40451.28,125.43601028803
40451.29,135.510973674909
40451.3,150.858858386621
40451.31,171.461921795872
40451.32,182.361432568933
40451.33,185.611504228119
40451.34,174.246231159392
40451.35,160.292404434416
40451.36,189.020740785484
40451.37,269.329806332809
40451.38,373.564189447763
40451.39,476.714893257495
40451.4,551.850231425196
40451.41,505.985993589001
40451.42,472.323471365141
40451.43,398.424063320032
40451.44,312.242690745767
40451.45,228.854172242682
40451.46,162.403458289537
40451.47,102.660650695662
40451.48,28.6558719963016
40451.49,27.493000483803
40451.5,25.8088113836718
40451.51,25.4048667221721
40451.52,26.4007752359468
40451.53,24.4912847349737
40451.54,19.5353496260912
40451.55,14.5252727485036
40451.56,10.0523061049035
40451.57,0
40451.58,0
40451.59,0
40451.6,0
40451.61,0
40451.62,0
40451.63,0
40451.64,0
40451.65,0
40451.66,0
40451.67,0
40451.68,0
40451.69,0
40451.7,0
40451.71,1.23131128681517E-09
40451.72,0.236785316547272
40451.73,4.50793099893405
40451.74,14.4108561859543
40451.75,33.5454357239693
40451.76,62.7106314037221
40451.77,97.5766692867211
40451.78,146.677051587893
40451.79,215.282098329244
40451.8,272.119462672083
40451.81,331.478502449495
40451.82,433.668124598042
40451.83,538.212489247349
40451.84,684.826505395114
40451.85,847.065599480539
40451.86,926.721010839909
40451.87,898.955060707709
40451.88,831.418636792794
40451.89,742.264948745344
40451.9,626.443582146048
40451.91,548.955379386247
40451.92,504.829392694417
40451.93,506.529626737809
40451.94,477.339803557666
40451.95,413.111513464053
40451.96,356.442700929425
40451.97,288.102143142461
40451.98,190.941524689705
40451.99,119.203478930797
40452,79.2485898848449
40452.01,51.3934564272029
40452.02,31.735000007416
40452.03,3.70493552455296
40452.04,3.70198330673009
40452.05,3.49033913102682
40452.06,3.56878317552898
40452.07,3.39648977692193
40452.08,3.32233900382468
40452.09,3.2699439003702
40452.1,3.16518240347552
40452.11,3.1296692044628
40452.12,3.18512033560903
40452.13,3.14635762253818
40452.14,3.01471071750483
40452.15,2.94061142970502
40452.16,4.01851029970428
40452.17,7.47638013530557
40452.18,12.9493612961143
40452.19,20.0653345018633
40452.2,22.1148828506485
40452.21,20.933687435439
40452.22,16.9235001115164
40452.23,1.37936552177379
40452.24,1.28367757160714
40452.25,1.14992448466266
40452.26,1.01918731579902
40452.27,0.806391231303611
40452.28,0.687368004176781
40452.29,0.534646789434602
40452.3,0.398765305767445
40452.31,0.262571487310469
40452.32,0.130698720013414
40452.33,0
40452.34,0
40452.35,0
40452.36,0
40452.37,0
40452.38,0
40452.39,0
40452.4,0
40452.41,0
40452.42,0
40452.43,0
40452.44,0
40452.45,0
40452.46,0
40452.47,0
40452.48,0
40452.49,0
40452.5,0
40452.51,0
40452.52,0
40452.53,0
40452.54,0
40452.55,0
40452.56,0
40452.57,0
40452.58,0
40452.59,0
40452.6,0
40452.61,0
40452.62,0
40452.63,0
40452.64,0
40452.65,0
40452.66,0
40452.67,0
40452.68,0
40452.69,0
40452.7,0
40452.71,0
40452.72,0
40452.73,0
40452.74,0
40452.75,0
40452.76,0
40452.77,0
40452.78,0
40452.79,0
40452.8,0
40452.81,0
40452.82,0
40452.83,0
40452.84,0
40452.85,0
40452.86,0
40452.87,0
40452.88,0
40452.89,0
40452.9,0
40452.91,0
40452.92,0
40452.93,0
40452.94,0
40452.95,0
40452.96,0
40452.97,0
40452.98,0
40452.99,0
40453,0
40453.01,0
40453.02,0
40453.03,0
40453.04,0
40453.05,0
40453.06,0
40453.07,0
40453.08,0
40453.09,0
40453.1,0
40453.11,0
40453.12,0
40453.13,0
40453.14,0
40453.15,0
40453.16,0
40453.17,0
40453.18,0
40453.19,0
40453.2,0
40453.21,0
40453.22,0
40453.23,0
40453.24,0
40453.25,0
40453.26,0
40453.27,0
40453.28,0
40453.29,0
40453.3,0
40453.31,0
40453.32,0
40453.33,0
40453.34,0
40453.35,0
40453.36,0
40453.37,0
40453.38,0
40453.39,0
40453.4,0
40453.41,0
40453.42,0
40453.43,0
40453.44,0
40453.45,0
40453.46,0
40453.47,0
40453.48,0
40453.49,0
40453.5,0
40453.51,0
40453.52,0
40453.53,0
40453.54,0
40453.55,0
40453.56,0
40453.57,0
40453.58,0
40453.59,0
40453.6,0
40453.61,0
40453.62,0
40453.63,0
40453.64,0
40453.65,0
40453.66,0
40453.67,0
40453.68,0
40453.69,0
40453.7,0
40453.71,0
40453.72,0
40453.73,0
40453.74,0
40453.75,0
40453.76,0
40453.77,0
40453.78,0
40453.79,0
40453.8,0
40453.81,0
40453.82,0
40453.83,0
40453.84,0
40453.85,0
40453.86,0
40453.87,0
40453.88,0
40453.89,0
40453.9,0
40453.91,0
40453.92,0
40453.93,0
40453.94,0
40453.95,0
40453.96,0
40453.97,0
40453.98,0
40453.99,0
40454,0
40454.01,0
40454.02,0
40454.03,0
40454.04,0
40454.05,0
40454.06,0
40454.07,0
40454.08,0
40454.09,0
40454.1,0
40454.11,0
40454.12,0
40454.13,0
40454.14,0
40454.15,0
40454.16,0
40454.17,0
40454.18,0
40454.19,0
40454.2,0
40454.21,0
40454.22,0
40454.23,0
40454.24,0
40454.25,0
40454.26,0
40454.27,0
40454.28,0
40454.29,0
40454.3,0
40454.31,0
40454.32,0
40454.33,0
40454.34,0
40454.35,0
40454.36,0
40454.37,0
40454.38,0
40454.39,0
40454.4,0
40454.41,0
40454.42,0
40454.43,0
40454.44,0
40454.45,0
40454.46,0
40454.47,0
40454.48,0
40454.49,0
40454.5,0
40454.51,0
40454.52,0
40454.53,0
40454.54,0
40454.55,0
40454.56,0
40454.57,0
40454.58,0
40454.59,0
40454.6,0
40454.61,0
40454.62,0
40454.63,0
40454.64,0
40454.65,0
40454.66,0
40454.67,0
40454.68,0
40454.69,0
40454.7,0
40454.71,0
40454.72,0
40454.73,0
40454.74,0
40454.75,0
40454.76,3.23853808703481E-07
40454.77,62.0354267680014
40454.78,69.4674829536763
40454.79,73.150769727609
40454.8,78.5464488024005
40454.81,80.9976133815586
40454.82,79.8905260252416
40454.83,67.9739791955037
40454.84,52.4438720523965
40454.85,36.3477957949666
40454.86,30.1149981858157
40454.87,33.5865540718039
40454.88,46.3149329832593
40454.89,68.1622625085754
40454.9,84.070725682855
40454.91,87.0506615794933
40454.92,75.9036374635989
40454.93,65.9768949491856
40454.94,57.1325765145281
40454.95,52.5866544715603
40454.96,46.6082692402429
40454.97,41.0511694773672
40454.98,38.3451800886386
40454.99,38.8857042271945
40455,39.6413686324627
40455.01,42.8708555046469
40455.02,47.6294075794297
40455.03,49.5789661515161
40455.04,47.6125715911112
40455.05,48.0303988999521
40455.06,47.149146066284
40455.07,42.4814704589602
40455.08,34.6694129869284
40455.09,25.8726425030854
40455.1,19.1176227274094
40455.11,15.4916538539108
40455.12,17.776133663169
40455.13,24.6134604162757
40455.14,36.2847581096991
40455.15,49.0373569665962
40455.16,54.2330832257573
40455.17,53.3806423891235
40455.18,51.6289059289852
40455.19,46.9659895409449
40455.2,43.1317676272481
40455.21,40.214563590515
40455.22,39.0541197433447
40455.23,39.0694863684601
40455.24,38.5244503287337
40455.25,39.7343233503759
40455.26,38.5454433606496
40455.27,38.7374899161302
40455.28,38.5904126852001
40455.29,43.0230327500797
40455.3,45.8712340266561
40455.31,51.3522527843809
40455.32,58.0164969373317
40455.33,65.9963161876331
40455.34,72.5598057187927
40455.35,75.2868048444433
40455.36,74.5167496948741
40455.37,71.6357097377044
40455.38,59.7332920363338
40455.39,48.4650206421381
40455.4,37.6900563959073
40455.41,28.0101587410227
40455.42,21.0308976367191
40455.43,14.7233267216014
40455.44,0
40455.45,0
40455.46,0
40455.47,0
40455.48,0
40455.49,0
40455.5,0
40455.51,0
40455.52,0
40455.53,0
40455.54,0
40455.55,0
40455.56,0
40455.57,0
40455.58,0
40455.59,0
40455.6,0
40455.61,0
40455.62,0
40455.63,0
40455.64,0
40455.65,0
40455.66,0
40455.67,0
40455.68,0
40455.69,0
40455.7,0
40455.71,0
40455.72,0
40455.73,0
40455.74,0
40455.75,0
40455.76,0
40455.77,0
40455.78,0
40455.79,0
40455.8,0
40455.81,0
40455.82,0
40455.83,0
40455.84,0
40455.85,0
40455.86,0
40455.87,0
40455.88,0
40455.89,0
40455.9,0
40455.91,0
40455.92,0
40455.93,0
40455.94,0
40455.95,0
40455.96,0
40455.97,0
40455.98,0
40455.99,0
40456,0
40456.01,0
40456.02,0
40456.03,0
40456.04,0
40456.05,0
40456.06,0
40456.07,0
40456.08,0
40456.09,0
40456.1,0
40456.11,0
40456.12,0
40456.13,0
40456.14,0
40456.15,0
40456.16,0
40456.17,0
40456.18,0
40456.19,0
40456.2,0
40456.21,0
40456.22,0
40456.23,0
40456.24,0
40456.25,0
40456.26,0
40456.27,0
40456.28,0
40456.29,0
40456.3,0
40456.31,0
40456.32,0
40456.33,0
40456.34,0
40456.35,0
40456.36,0
40456.37,0
40456.38,0
40456.39,0
40456.4,0
40456.41,0
40456.42,0
40456.43,0
40456.44,0
40456.45,0
40456.46,0
40456.47,0
40456.48,0
40456.49,0
40456.5,0
40456.51,0
40456.52,0
40456.53,0
40456.54,0
40456.55,0
40456.56,0
40456.57,0
40456.58,0
40456.59,0
40456.6,0
40456.61,0
40456.62,0
40456.63,0
40456.64,0
40456.65,0
40456.66,0
40456.67,0
40456.68,0
40456.69,0
40456.7,0
40456.71,0
40456.72,0
40456.73,0
40456.74,0
40456.75,0
40456.76,0
40456.77,0
40456.78,0
40456.79,0
40456.8,0
40456.81,0
40456.82,0
40456.83,0
40456.84,0
40456.85,0
40456.86,0
40456.87,0
40456.88,0
40456.89,0
40456.9,0
40456.91,0
40456.92,0
40456.93,0
40456.94,0
40456.95,0
40456.96,0
40456.97,0
40456.98,0
40456.99,0
40457,0
40457.01,0
40457.02,0
40457.03,0
40457.04,0
40457.05,0
40457.06,0
40457.07,0
40457.08,0
40457.09,0
40457.1,0
40457.11,0
40457.12,0
40457.13,0
40457.14,0
40457.15,0
40457.16,0
40457.17,0
40457.18,0
40457.19,0
40457.2,0
40457.21,0
40457.22,0
40457.23,0
40457.24,0
40457.25,0
40457.26,0
40457.27,0
40457.28,0
40457.29,0
40457.3,0
40457.31,0
40457.32,0
40457.33,0
40457.34,0
40457.35,0
40457.36,0
40457.37,0
40457.38,0
40457.39,0
40457.4,0
40457.41,0
40457.42,0
40457.43,0
40457.44,0
40457.45,0
40457.46,0
40457.47,0
40457.48,0
40457.49,0
40457.5,0
40457.51,0
40457.52,0
40457.53,0
40457.54,0
40457.55,0
40457.56,0
40457.57,0
40457.58,0
40457.59,0
40457.6,0
40457.61,0
40457.62,0
40457.63,0
40457.64,0
40457.65,0
40457.66,0
40457.67,0
40457.68,0
40457.69,0
40457.7,0
40457.71,0
40457.72,0
40457.73,0
40457.74,0
40457.75,0
40457.76,0
40457.77,0
40457.78,0
40457.79,0
40457.8,0
40457.81,0
40457.82,0
40457.83,0
40457.84,0
40457.85,0
40457.86,0
40457.87,0
40457.88,0
40457.89,0
40457.9,0
40457.91,0
40457.92,0
40457.93,0
40457.94,0
40457.95,0
40457.96,0
40457.97,0
40457.98,0
40457.99,0
40458,0
40458.01,0
40458.02,0
40458.03,0
40458.04,0
40458.05,0
40458.06,0
40458.07,0
40458.08,0
40458.09,0
40458.1,0
40458.11,0
40458.12,0
40458.13,0
40458.14,0
40458.15,0
40458.16,0
40458.17,0
40458.18,0
40458.19,0
40458.2,0
40458.21,0
40458.22,0
40458.23,0
40458.24,0
40458.25,0
40458.26,0
40458.27,0
40458.28,0
40458.29,0
40458.3,0
40458.31,0
40458.32,0
40458.33,0
40458.34,0
40458.35,0
40458.36,0
40458.37,0
40458.38,0
40458.39,0
40458.4,0
40458.41,0
40458.42,0
40458.43,0
40458.44,0
40458.45,0
40458.46,0
40458.47,0
40458.48,0
40458.49,0
40458.5,0
40458.51,0
40458.52,0
40458.53,0
40458.54,0
40458.55,0
40458.56,0
40458.57,0
40458.58,0
40458.59,0
40458.6,0
40458.61,0
40458.62,0
40458.63,0
40458.64,0
40458.65,0
40458.66,0
40458.67,0
40458.68,0
40458.69,0
40458.7,0
40458.71,0
40458.72,0
40458.73,0
40458.74,0
40458.75,0
40458.76,0
40458.77,0
40458.78,0
40458.79,0
40458.8,0
40458.81,0
40458.82,0
40458.83,0
40458.84,0
40458.85,0
40458.86,0
40458.87,0
40458.88,0
40458.89,0
40458.9,0
40458.91,0
40458.92,0
40458.93,0
40458.94,0
40458.95,0
40458.96,0
40458.97,0
40458.98,0
40458.99,0
40459,0
40459.01,0
40459.02,0
40459.03,0
40459.04,0
40459.05,0
40459.06,0
40459.07,0
40459.08,0
40459.09,0
40459.1,0
40459.11,0
40459.12,0
40459.13,0
40459.14,0
40459.15,0
40459.16,0
40459.17,0
40459.18,0
40459.19,0
40459.2,0
40459.21,0
40459.22,0
40459.23,0
40459.24,0
40459.25,0
40459.26,0
40459.27,0
40459.28,0
40459.29,0
40459.3,0
40459.31,0
40459.32,0
40459.33,0
40459.34,0
40459.35,0
40459.36,0
40459.37,0
40459.38,0
40459.39,0
40459.4,0
40459.41,0
40459.42,0
40459.43,0
40459.44,0
40459.45,0
40459.46,0
40459.47,0
40459.48,0
40459.49,0
40459.5,0
40459.51,0
40459.52,0
40459.53,0
40459.54,0
40459.55,0
40459.56,0
40459.57,0
40459.58,0
40459.59,0
40459.6,0
40459.61,0
40459.62,0
40459.63,0
40459.64,0
40459.65,0
40459.66,0
40459.67,0
40459.68,0
40459.69,0
40459.7,0
40459.71,0
40459.72,0
40459.73,0
40459.74,0
40459.75,0
40459.76,0
40459.77,0
40459.78,0
40459.79,0
40459.8,0
40459.81,0
40459.82,0
40459.83,0
40459.84,0
40459.85,0
40459.86,0
40459.87,0
40459.88,0
40459.89,0
40459.9,0
40459.91,0
40459.92,0
40459.93,0
40459.94,0
40459.95,0
40459.96,0
40459.97,0
40459.98,0
40459.99,0
40460,0
40460.01,0
40460.02,0
40460.03,0
40460.04,0
40460.05,0
40460.06,0
40460.07,0
40460.08,0
40460.09,0
40460.1,0
40460.11,0
40460.12,0
40460.13,0
40460.14,0
40460.15,0
40460.16,0
40460.17,0
40460.18,0
40460.19,0
40460.2,0
40460.21,0
40460.22,0
40460.23,0
40460.24,0
40460.25,0
40460.26,0
40460.27,0
40460.28,0
40460.29,0
40460.3,0
40460.31,0
40460.32,0
40460.33,0
40460.34,0
40460.35,0
40460.36,0
40460.37,0
40460.38,0
40460.39,0
40460.4,0
40460.41,0
40460.42,0
40460.43,0
40460.44,0
40460.45,0
40460.46,0
40460.47,0
40460.48,0
40460.49,0
40460.5,0
40460.51,0
40460.52,0
40460.53,0
40460.54,0
40460.55,0
40460.56,0
40460.57,0
40460.58,0
40460.59,0
40460.6,0
40460.61,0
40460.62,0
40460.63,0
40460.64,0
40460.65,0
40460.66,0
40460.67,0
40460.68,0
40460.69,0
40460.7,0
40460.71,0
40460.72,0
40460.73,0
40460.74,0
40460.75,0
40460.76,0
40460.77,0
40460.78,0
40460.79,0
40460.8,0
40460.81,0
40460.82,0
40460.83,0
40460.84,0
40460.85,0
40460.86,0
40460.87,0
40460.88,0
40460.89,0
40460.9,0
40460.91,0
40460.92,0
40460.93,0
40460.94,0
40460.95,0
40460.96,0
40460.97,0
40460.98,0
40460.99,0
40461,0
40461.01,0
40461.02,0
40461.03,0
40461.04,0
40461.05,0
40461.06,0
40461.07,0
40461.08,0
40461.09,0
40461.1,0
40461.11,0
40461.12,0
40461.13,0
40461.14,0
40461.15,0
40461.16,0
40461.17,0
40461.18,0
40461.19,0
40461.2,0
40461.21,0
40461.22,0
40461.23,0
40461.24,0
40461.25,0
40461.26,0
40461.27,0
40461.28,0
40461.29,0
40461.3,0
40461.31,0
40461.32,0
40461.33,0
40461.34,0
40461.35,0
40461.36,0
40461.37,0
40461.38,0
40461.39,0
40461.4,0
40461.41,0
40461.42,0
40461.43,0
40461.44,0
40461.45,0
40461.46,0
40461.47,0
40461.48,0
40461.49,0
40461.5,0
40461.51,0
40461.52,0
40461.53,0
40461.54,0
40461.55,0
40461.56,0
40461.57,0
40461.58,0
40461.59,0
40461.6,0
40461.61,0
40461.62,0
40461.63,0
40461.64,0
40461.65,0
40461.66,0
40461.67,0
40461.68,0
40461.69,0
40461.7,0
40461.71,0
40461.72,0
40461.73,0
40461.74,0
40461.75,0
40461.76,0
40461.77,0
40461.78,0
40461.79,0
40461.8,0
40461.81,0
40461.82,0
40461.83,0
40461.84,0
40461.85,0
40461.86,0
40461.87,0
40461.88,0
40461.89,0
40461.9,0
40461.91,0
40461.92,0
40461.93,0
40461.94,0
40461.95,0
40461.96,0
40461.97,0
40461.98,0
40461.99,0
40462,0
40462.01,0
40462.02,0
40462.03,0
40462.04,0
40462.05,0
40462.06,0
40462.07,0
40462.08,0
40462.09,0
40462.1,0
40462.11,0
40462.12,0
40462.13,0
40462.14,0
40462.15,0
40462.16,0
40462.17,0
40462.18,0
40462.19,0
40462.2,0
40462.21,0
40462.22,0
40462.23,0
40462.24,0
40462.25,0
40462.26,0
40462.27,0
40462.28,0
40462.29,0
40462.3,0
40462.31,0
40462.32,0
40462.33,0
40462.34,0
40462.35,0
40462.36,0
40462.37,0
40462.38,0
40462.39,0
40462.4,0
40462.41,0
40462.42,0
40462.43,0
40462.44,0
40462.45,0
40462.46,0
40462.47,0
40462.48,0
40462.49,0
40462.5,0
40462.51,0
40462.52,0
40462.53,0
40462.54,0
40462.55,0
40462.56,0
40462.57,0
40462.58,0
40462.59,0
40462.6,0
40462.61,0
40462.62,0
40462.63,0
40462.64,0
40462.65,0
40462.66,0
40462.67,0
40462.68,0
40462.69,0
40462.7,0
40462.71,0
40462.72,0
40462.73,0
40462.74,0
40462.75,0
40462.76,0
40462.77,0
40462.78,0
40462.79,0
40462.8,0
40462.81,0
40462.82,0
40462.83,0
40462.84,0
40462.85,0
40462.86,0
40462.87,0
40462.88,0
40462.89,0
40462.9,0
40462.91,0
40462.92,0
40462.93,0
40462.94,0
40462.95,0
40462.96,0
40462.97,0
40462.98,0
40462.99,0
40463,0
40463.01,0
40463.02,0
40463.03,0
40463.04,0
40463.05,0
40463.06,0
40463.07,0
40463.08,0
40463.09,0
40463.1,0
40463.11,0
40463.12,0
40463.13,0
40463.14,0
40463.15,0
40463.16,0
40463.17,0
40463.18,0
40463.19,0
40463.2,0
40463.21,0
40463.22,0
40463.23,0
40463.24,0
40463.25,0
40463.26,0
40463.27,0
40463.28,0
40463.29,0
40463.3,0
40463.31,0
40463.32,0
40463.33,0
40463.34,0
40463.35,0
40463.36,0
40463.37,0
40463.38,0
40463.39,0
40463.4,0
40463.41,0
40463.42,0
40463.43,0
40463.44,0
40463.45,0
40463.46,0
40463.47,0
40463.48,0
40463.49,0
40463.5,0
40463.51,0
40463.52,0
40463.53,0
40463.54,0
40463.55,0
40463.56,0
40463.57,0
40463.58,0
40463.59,0
40463.6,0
40463.61,0
40463.62,0
40463.63,0
40463.64,0
40463.65,0
40463.66,0
40463.67,0
40463.68,0
40463.69,0
40463.7,0
40463.71,0
40463.72,0
40463.73,0
40463.74,0
40463.75,0
40463.76,0
40463.77,0
40463.78,0
40463.79,0
40463.8,0
40463.81,0
40463.82,0
40463.83,0
40463.84,0
40463.85,0
40463.86,0
40463.87,0
40463.88,0
40463.89,0
40463.9,0
40463.91,0
40463.92,0
40463.93,0
40463.94,0
40463.95,0
40463.96,0
40463.97,0
40463.98,0
40463.99,0
40464,0
40464.01,0
40464.02,0
40464.03,0
40464.04,0
40464.05,0
40464.06,0
40464.07,0
40464.08,0
40464.09,0
40464.1,0
40464.11,0
40464.12,0
40464.13,0
40464.14,0
40464.15,0
40464.16,0
40464.17,0
40464.18,0
40464.19,0
40464.2,0
40464.21,0
40464.22,0
40464.23,0
40464.24,0
40464.25,0
40464.26,0
40464.27,0
40464.28,0
40464.29,0
40464.3,0
40464.31,0
40464.32,0
40464.33,0
40464.34,0
40464.35,0
40464.36,0
40464.37,0
40464.38,0
40464.39,0
40464.4,0
40464.41,0
40464.42,0
40464.43,0
40464.44,0
40464.45,0
40464.46,0
40464.47,0
40464.48,0
40464.49,0
40464.5,0
40464.51,0
40464.52,0
40464.53,0
40464.54,0
40464.55,0
40464.56,0
40464.57,0
40464.58,0
40464.59,0
40464.6,0
40464.61,0
40464.62,0
40464.63,0
40464.64,0
40464.65,0
40464.66,0
40464.67,0
40464.68,0
40464.69,0
40464.7,0
40464.71,0
40464.72,0
40464.73,0
40464.74,0
40464.75,0
40464.76,0
40464.77,0
40464.78,0
40464.79,0
40464.8,0
40464.81,0
40464.82,0
40464.83,0
40464.84,0
40464.85,0
40464.86,0
40464.87,0
40464.88,0
40464.89,0
40464.9,0
40464.91,0
40464.92,0
40464.93,0
40464.94,0
40464.95,0
40464.96,0
40464.97,0
40464.98,0
40464.99,0
40465,0
40465.01,0
40465.02,0
40465.03,0
40465.04,0
40465.05,0
40465.06,0
40465.07,0
40465.08,0
40465.09,0
40465.1,0
40465.11,0
40465.12,0
40465.13,0
40465.14,0
40465.15,0
40465.16,0
40465.17,0
40465.18,0
40465.19,0
40465.2,0
40465.21,0
40465.22,0
40465.23,0
40465.24,0
40465.25,0
40465.26,0
40465.27,0
40465.28,0
40465.29,0
40465.3,0
40465.31,0
40465.32,0
40465.33,7.36226768363779E-07
40465.34,148.015568423496
40465.35,190.577423649311
40465.36,178.330283484017
40465.37,153.266143866687
40465.38,126.044759819616
40465.39,100.478425166223
40465.4,93.2727788011015
40465.41,126.926905174115
40465.42,189.250118113992
40465.43,272.483599340561
40465.44,358.984026799498
40465.45,401.081484156237
40465.46,441.816251506097
40465.47,459.804018389109
40465.48,447.152476870944
40465.49,433.901997108134
40465.5,408.403543061259
40465.51,369.045981136546
40465.52,294.756006918263
40465.53,226.716030007846
40465.54,170.564175214464
40465.55,119.88192574523
40465.56,80.1264518067002
40465.57,51.7411402636873
40465.58,36.3000684154742
40465.59,24.8248668218251
40465.6,16.619675950222
40465.61,0
40465.62,0
40465.63,0
40465.64,0
40465.65,0
40465.66,0
40465.67,0
40465.68,0
40465.69,0
40465.7,0
40465.71,0
40465.72,0
40465.73,0
40465.74,0
40465.75,0
40465.76,0
40465.77,0
40465.78,0
40465.79,0
40465.8,0
40465.81,0
40465.82,0
40465.83,0
40465.84,0
40465.85,0
40465.86,0
40465.87,0
40465.88,0
40465.89,0
40465.9,0
40465.91,0
40465.92,0
40465.93,0
40465.94,0
40465.95,0
40465.96,0
40465.97,0
40465.98,0
40465.99,0
40466,0
40466.01,0
40466.02,0
40466.03,0
40466.04,0
40466.05,0
40466.06,0
40466.07,0
40466.08,0
40466.09,0
40466.1,0
40466.11,0
40466.12,0
40466.13,0
40466.14,0
40466.15,0
40466.16,0
40466.17,0
40466.18,0
40466.19,0
40466.2,0
40466.21,0
40466.22,0
40466.23,0
40466.24,0
40466.25,0
40466.26,0
40466.27,0
40466.28,0
40466.29,0
40466.3,0
40466.31,0
40466.32,0
40466.33,0
40466.34,0
40466.35,0
40466.36,0
40466.37,0
40466.38,0
40466.39,0
40466.4,0
40466.41,0
40466.42,0
40466.43,0
40466.44,0
40466.45,0
40466.46,0
40466.47,0
40466.48,0
40466.49,0
40466.5,0
40466.51,0
40466.52,0
40466.53,0
40466.54,0
40466.55,0
40466.56,0
40466.57,0
40466.58,0
40466.59,0
40466.6,0
40466.61,0
40466.62,0
40466.63,0
40466.64,0
40466.65,0
40466.66,0
40466.67,0
40466.68,0
40466.69,0
40466.7,0
40466.71,0
40466.72,0
40466.73,0
40466.74,0
40466.75,0
40466.76,0
40466.77,0
40466.78,0
40466.79,0
40466.8,0
40466.81,0
40466.82,0
40466.83,0
40466.84,0
40466.85,0
40466.86,0
40466.87,0
40466.88,0
40466.89,0
40466.9,0
40466.91,0
40466.92,0
40466.93,0
40466.94,0
40466.95,0
40466.96,0
40466.97,0
40466.98,0
40466.99,0
40467,0
40467.01,0
40467.02,0
40467.03,0
40467.04,0
40467.05,0
40467.06,0
40467.07,0
40467.08,0
40467.09,0
40467.1,0
40467.11,0
40467.12,0
40467.13,0
40467.14,0
40467.15,0
40467.16,0
40467.17,0
40467.18,0
40467.19,0
40467.2,0
40467.21,0
40467.22,0
40467.23,0
40467.24,0
40467.25,0
40467.26,0
40467.27,0
40467.28,0
40467.29,0
40467.3,0
40467.31,0
40467.32,0
40467.33,0
40467.34,0
40467.35,0
40467.36,0
40467.37,0
40467.38,0
40467.39,0
40467.4,0
40467.41,0
40467.42,0
40467.43,0
40467.44,0
40467.45,0
40467.46,0
40467.47,0
40467.48,0
40467.49,0
40467.5,0
40467.51,0
40467.52,0
40467.53,0
40467.54,0
40467.55,0
40467.56,0
40467.57,0
40467.58,0
40467.59,0
40467.6,0
40467.61,0
40467.62,0
40467.63,0
40467.64,0
40467.65,0
40467.66,0
40467.67,0
40467.68,0
40467.69,0
40467.7,0
40467.71,0
40467.72,0
40467.73,0
40467.74,0
40467.75,0
40467.76,0
40467.77,0
40467.78,0
40467.79,0
40467.8,0
40467.81,0
40467.82,0
40467.83,0
40467.84,0
40467.85,0
40467.86,0
40467.87,0
40467.88,0
40467.89,0
40467.9,0
40467.91,0
40467.92,0
40467.93,0
40467.94,0
40467.95,0
40467.96,0
40467.97,0
40467.98,0
40467.99,0
40468,0
40468.01,0
40468.02,0
40468.03,0
40468.04,0
40468.05,0
40468.06,0
40468.07,0
40468.08,0
40468.09,0
40468.1,0
40468.11,0
40468.12,0
40468.13,0
40468.14,0
40468.15,0
40468.16,0
40468.17,0
40468.18,0
40468.19,0
40468.2,0
40468.21,0
40468.22,0
40468.23,0
40468.24,0
40468.25,0
40468.26,0
40468.27,0
40468.28,0
40468.29,0
40468.3,0
40468.31,0
40468.32,0
40468.33,0
40468.34,0
40468.35,0
40468.36,0
40468.37,0
40468.38,0
40468.39,0
40468.4,0
40468.41,0
40468.42,0
40468.43,0
40468.44,0
40468.45,0
40468.46,0
40468.47,0
40468.48,0
40468.49,0
40468.5,0
40468.51,0
40468.52,0
40468.53,0
40468.54,0
40468.55,0
40468.56,0
40468.57,0
40468.58,0
40468.59,0
40468.6,0
40468.61,0
40468.62,0
40468.63,0
40468.64,0
40468.65,0
40468.66,0
40468.67,0
40468.68,0
40468.69,0
40468.7,0
40468.71,0
40468.72,0
40468.73,0
40468.74,0
40468.75,0
40468.76,0
40468.77,0
40468.78,0
40468.79,0
40468.8,0
40468.81,0
40468.82,0
40468.83,0
40468.84,0
40468.85,0
40468.86,0
40468.87,0
40468.88,0
40468.89,0
40468.9,0
40468.91,0
40468.92,0
40468.93,0
40468.94,0
40468.95,0
40468.96,0
40468.97,0
40468.98,0
40468.99,0
40469,0
40469.01,0
40469.02,0
40469.03,0
40469.04,0
40469.05,0
40469.06,0
40469.07,0
40469.08,0
40469.09,0
40469.1,0
40469.11,0
40469.12,0
40469.13,0
40469.14,0
40469.15,0
40469.16,0
40469.17,0
40469.18,0
40469.19,0
40469.2,0
40469.21,0
40469.22,0
40469.23,0
40469.24,0
40469.25,0
40469.26,0
40469.27,0
40469.28,0
40469.29,0
40469.3,0
40469.31,0
40469.32,0
40469.33,0
40469.34,0
40469.35,0
40469.36,0
40469.37,0
40469.38,0
40469.39,0
40469.4,0
40469.41,0
40469.42,0
40469.43,0
40469.44,0
40469.45,0
40469.46,0
40469.47,0
40469.48,0
40469.49,0
40469.5,0
40469.51,0
40469.52,0
40469.53,0
40469.54,0
40469.55,0
40469.56,0
40469.57,0
40469.58,0
40469.59,0
40469.6,0
40469.61,0
40469.62,0
40469.63,0
40469.64,0
40469.65,0
40469.66,0
40469.67,0
40469.68,0
40469.69,0
40469.7,0
40469.71,0
40469.72,0
40469.73,0
40469.74,0
40469.75,0
40469.76,0
40469.77,0
40469.78,0
40469.79,0
40469.8,0
40469.81,0
40469.82,0
40469.83,0
40469.84,0
40469.85,0
40469.86,0
40469.87,0
40469.88,0
40469.89,0
40469.9,0
40469.91,0
40469.92,0
40469.93,0
40469.94,0
40469.95,0
40469.96,0
40469.97,0
40469.98,0
40469.99,0
40470,0
40470.01,0
40470.02,0
40470.03,0
40470.04,0
40470.05,0
40470.06,0
40470.07,0
40470.08,0
40470.09,0
40470.1,0
40470.11,0
40470.12,0
40470.13,0
40470.14,0
40470.15,0
40470.16,0
40470.17,0
40470.18,0
40470.19,0
40470.2,0
40470.21,0
40470.22,0
40470.23,0
40470.24,0
40470.25,0
40470.26,0
40470.27,0
40470.28,0
40470.29,0
40470.3,0
40470.31,0
40470.32,0
40470.33,0
40470.34,0
40470.35,0
40470.36,0
40470.37,0
40470.38,0
40470.39,0
40470.4,0
40470.41,0
40470.42,0
40470.43,0
40470.44,0
40470.45,0
40470.46,0
40470.47,0
40470.48,0
40470.49,0
40470.5,0
40470.51,0
40470.52,0
40470.53,0
40470.54,0
40470.55,0
40470.56,0
40470.57,0
40470.58,0
40470.59,0
40470.6,0
40470.61,0
40470.62,0
40470.63,0
40470.64,0
40470.65,0
40470.66,0
40470.67,0
40470.68,0
40470.69,0
40470.7,0
40470.71,0
40470.72,0
40470.73,0
40470.74,0
40470.75,0
40470.76,0
40470.77,0
40470.78,0
40470.79,0
40470.8,0
40470.81,0
40470.82,0
40470.83,0
40470.84,0
40470.85,0
40470.86,0
40470.87,0
40470.88,0
40470.89,0
40470.9,0
40470.91,0
40470.92,0
40470.93,0
40470.94,0
40470.95,0
40470.96,0
40470.97,0
40470.98,0
40470.99,0
40471,0
40471.01,0
40471.02,0
40471.03,0
40471.04,0
40471.05,0
40471.06,0
40471.07,0
40471.08,0
40471.09,0
40471.1,0
40471.11,0
40471.12,0
40471.13,0
40471.14,0
40471.15,0
40471.16,0
40471.17,0
40471.18,0
40471.19,0
40471.2,0
40471.21,0
40471.22,0
40471.23,0
40471.24,0
40471.25,0
40471.26,0
40471.27,0
40471.28,0
40471.29,0
40471.3,0
40471.31,0
40471.32,0
40471.33,0
40471.34,0
40471.35,0
40471.36,0
40471.37,0
40471.38,0
40471.39,0
40471.4,0
40471.41,0
40471.42,0
40471.43,0
40471.44,0
40471.45,0
40471.46,0
40471.47,0
40471.48,0
40471.49,0
40471.5,0
40471.51,0
40471.52,0
40471.53,0
40471.54,0
40471.55,0
40471.56,0
40471.57,0
40471.58,0
40471.59,0
40471.6,0
40471.61,0
40471.62,0
40471.63,0
40471.64,0
40471.65,0
40471.66,0
40471.67,0
40471.68,0
40471.69,0
40471.7,0
40471.71,0
40471.72,0
40471.73,0
40471.74,0
40471.75,0
40471.76,0
40471.77,0
40471.78,0
40471.79,0
40471.8,0
40471.81,0
40471.82,0
40471.83,0
40471.84,0
40471.85,0
40471.86,0
40471.87,0
40471.88,0
40471.89,0
40471.9,0
40471.91,0
40471.92,0
40471.93,0
40471.94,0
40471.95,0
40471.96,0
40471.97,0
40471.98,0
40471.99,0
40472,0
40472.01,0
40472.02,0
40472.03,0
40472.04,0
40472.05,0
40472.06,0
40472.07,0
40472.08,0
40472.09,0
40472.1,0
40472.11,0
40472.12,0
40472.13,0
40472.14,0
40472.15,0
40472.16,0
40472.17,0
40472.18,0
40472.19,0
40472.2,0
40472.21,0
40472.22,0
40472.23,0
40472.24,0
40472.25,0
40472.26,0
40472.27,0
40472.28,0
40472.29,0
40472.3,0
40472.31,0
40472.32,0
40472.33,0
40472.34,0
40472.35,0
40472.36,0
40472.37,0
40472.38,0
40472.39,0
40472.4,0
40472.41,0
40472.42,0
40472.43,0
40472.44,0
40472.45,0
40472.46,0
40472.47,0
40472.48,0
40472.49,0
40472.5,0
40472.51,0
40472.52,0
40472.53,0
40472.54,0
40472.55,0
40472.56,0
40472.57,0
40472.58,0
40472.59,0
40472.6,0
40472.61,0
40472.62,0
40472.63,0
40472.64,0
40472.65,0
40472.66,0
40472.67,0
40472.68,0
40472.69,0
40472.7,0
40472.71,0
40472.72,0
40472.73,0
40472.74,0
40472.75,0
40472.76,0
40472.77,0
40472.78,0
40472.79,0
40472.8,0
40472.81,0
40472.82,0
40472.83,0
40472.84,0
40472.85,0
40472.86,0
40472.87,0
40472.88,0
40472.89,0
40472.9,0
40472.91,0
40472.92,0
40472.93,0
40472.94,0
40472.95,0
40472.96,0
40472.97,0
40472.98,0
40472.99,0
40473,0
40473.01,0
40473.02,0
40473.03,0
40473.04,0
40473.05,0
40473.06,0
40473.07,0
40473.08,0
40473.09,0
40473.1,0
40473.11,0
40473.12,0
40473.13,0
40473.14,0
40473.15,0
40473.16,0
40473.17,0
40473.18,0
40473.19,0
40473.2,0
40473.21,0
40473.22,0
40473.23,0
40473.24,0
40473.25,0
40473.26,0
40473.27,0
40473.28,0
40473.29,0
40473.3,0
40473.31,0
40473.32,0
40473.33,0
40473.34,0
40473.35,0
40473.36,0
40473.37,0
40473.38,0
40473.39,0
40473.4,0
40473.41,0
40473.42,0
40473.43,0
40473.44,0
40473.45,0
40473.46,0
40473.47,0
40473.48,0
40473.49,0
40473.5,0
40473.51,0
40473.52,0
40473.53,0
40473.54,0
40473.55,0
40473.56,0
40473.57,0
40473.58,0
40473.59,0
40473.6,0
40473.61,0
40473.62,0
40473.63,0
40473.64,0
40473.65,0
40473.66,0
40473.67,0
40473.68,0
40473.69,0
40473.7,0
40473.71,0
40473.72,0
40473.73,0
40473.74,0
40473.75,0
40473.76,0
40473.77,0
40473.78,0
40473.79,0
40473.8,0
40473.81,0
40473.82,0
40473.83,0
40473.84,0
40473.85,0
40473.86,0
40473.87,0
40473.88,0
40473.89,0
40473.9,0
40473.91,0
40473.92,0
40473.93,0
40473.94,0
40473.95,0
40473.96,0
40473.97,0
40473.98,0
40473.99,0
40474,0
40474.01,0
40474.02,0
40474.03,0
40474.04,0
40474.05,0
40474.06,0
40474.07,0
40474.08,0
40474.09,0
40474.1,0
40474.11,0
40474.12,0
40474.13,0
40474.14,0
40474.15,0
40474.16,0
40474.17,0
40474.18,0
40474.19,0
40474.2,0
40474.21,0
40474.22,0
40474.23,0
40474.24,0
40474.25,0
40474.26,0
40474.27,0
40474.28,0
40474.29,0
40474.3,0
40474.31,0
40474.32,0
40474.33,0
40474.34,0
40474.35,0
40474.36,0
40474.37,0
40474.38,0
40474.39,0
40474.4,0
40474.41,0
40474.42,0
40474.43,0
40474.44,0
40474.45,0
40474.46,0
40474.47,0
40474.48,0
40474.49,0
40474.5,0
40474.51,0
40474.52,0
40474.53,0
40474.54,0
40474.55,0
40474.56,0
40474.57,0
40474.58,0
40474.59,0
40474.6,0
40474.61,0
40474.62,0
40474.63,0
40474.64,0
40474.65,0
40474.66,0
40474.67,0
40474.68,0
40474.69,0
40474.7,0
40474.71,0
40474.72,0
40474.73,0
40474.74,0
40474.75,0
40474.76,0
40474.77,0
40474.78,0
40474.79,0
40474.8,0
40474.81,0
40474.82,0
40474.83,0
40474.84,0
40474.85,0
40474.86,0
40474.87,0
40474.88,0
40474.89,0
40474.9,0
40474.91,0
40474.92,0
40474.93,0
40474.94,0
40474.95,0
40474.96,0
40474.97,0
40474.98,0
40474.99,0
40475,0
40475.01,0
40475.02,0
40475.03,0
40475.04,0
40475.05,0
40475.06,0
40475.07,0
40475.08,0
40475.09,0
40475.1,0
40475.11,0
40475.12,0
40475.13,0
40475.14,0
40475.15,0
40475.16,0
40475.17,0
40475.18,0
40475.19,0
40475.2,0
40475.21,0
40475.22,0
40475.23,0
40475.24,0
40475.25,0
40475.26,0
40475.27,0
40475.28,0
40475.29,0
40475.3,0
40475.31,0
40475.32,0
40475.33,0
40475.34,0
40475.35,0
40475.36,0
40475.37,0
40475.38,0
40475.39,0
40475.4,0
40475.41,0
40475.42,0
40475.43,0
40475.44,0
40475.45,0
40475.46,0
40475.47,0
40475.48,0
40475.49,0
40475.5,0
40475.51,0
40475.52,0
40475.53,0
40475.54,0
40475.55,0
40475.56,0
40475.57,0
40475.58,0
40475.59,0
40475.6,0
40475.61,0
40475.62,0
40475.63,0
40475.64,0
40475.65,0
40475.66,0
40475.67,0
40475.68,0
40475.69,0
40475.7,0
40475.71,0
40475.72,0
40475.73,0
40475.74,0
40475.75,0
40475.76,0
40475.77,0
40475.78,0
40475.79,0
40475.8,0
40475.81,0
40475.82,0
40475.83,0
40475.84,0
40475.85,0
40475.86,0
40475.87,0
40475.88,0
40475.89,0
40475.9,0
40475.91,0
40475.92,0
40475.93,0
40475.94,0
40475.95,0
40475.96,0
40475.97,0
40475.98,0
40475.99,0
40476,0
40476.01,0
40476.02,0
40476.03,0
40476.04,0
40476.05,0
40476.06,0
40476.07,0
40476.08,0
40476.09,0
40476.1,0
40476.11,0
40476.12,0
40476.13,0
40476.14,0
40476.15,0
40476.16,0
40476.17,0
40476.18,0
40476.19,0
40476.2,0
40476.21,0
40476.22,0
40476.23,0
40476.24,0
40476.25,0
40476.26,0
40476.27,0
40476.28,0
40476.29,0
40476.3,0
40476.31,0
40476.32,0
40476.33,0
40476.34,0
40476.35,0
40476.36,0
40476.37,0
40476.38,0
40476.39,0
40476.4,0
40476.41,0
40476.42,0
40476.43,0
40476.44,0
40476.45,0
40476.46,0
40476.47,0
40476.48,0
40476.49,0
40476.5,0
40476.51,0
40476.52,0
40476.53,0
40476.54,0
40476.55,0
40476.56,0
40476.57,0
40476.58,0
40476.59,0
40476.6,0
40476.61,0
40476.62,0
40476.63,0
40476.64,0
40476.65,0
40476.66,0
40476.67,0
40476.68,0
40476.69,0
40476.7,0
40476.71,0
40476.72,0
40476.73,0
40476.74,0
40476.75,0
40476.76,0
40476.77,0
40476.78,0
40476.79,0
40476.8,0
40476.81,0
40476.82,0
40476.83,0
40476.84,0
40476.85,0
40476.86,0
40476.87,0
40476.88,0
40476.89,0
40476.9,0
40476.91,0
40476.92,0
40476.93,0
40476.94,0
40476.95,0
40476.96,0
40476.97,0
40476.98,0
40476.99,0
40477,0
40477.01,0
40477.02,0
40477.03,0
40477.04,0
40477.05,0
40477.06,0
40477.07,0
40477.08,0
40477.09,0
40477.1,0
40477.11,0
40477.12,0
40477.13,0
40477.14,0
40477.15,0
40477.16,0
40477.17,0
40477.18,0
40477.19,0
40477.2,0
40477.21,0
40477.22,0
40477.23,0
40477.24,0
40477.25,0
40477.26,0
40477.27,0
40477.28,0
40477.29,0
40477.3,0
40477.31,0
40477.32,0
40477.33,0
40477.34,0
40477.35,0
40477.36,0
40477.37,0
40477.38,0
40477.39,0
40477.4,0
40477.41,0
40477.42,0
40477.43,0
40477.44,0
40477.45,0
40477.46,0
40477.47,0
40477.48,0
40477.49,0
40477.5,0
40477.51,0
40477.52,0
40477.53,0
40477.54,0
40477.55,0
40477.56,0
40477.57,0
40477.58,0
40477.59,0
40477.6,0
40477.61,0
40477.62,0
40477.63,0
40477.64,0
40477.65,0
40477.66,0
40477.67,0
40477.68,0
40477.69,0
40477.7,0
40477.71,0
40477.72,0
40477.73,0
40477.74,0
40477.75,0
40477.76,0
40477.77,0
40477.78,0
40477.79,0
40477.8,0
40477.81,0
40477.82,0
40477.83,0
40477.84,0
40477.85,0
40477.86,0
40477.87,0
40477.88,0
40477.89,0
40477.9,0
40477.91,0
40477.92,0
40477.93,0
40477.94,0
40477.95,0
40477.96,0
40477.97,0
40477.98,0
40477.99,0
40478,0
40478.01,0
40478.02,0
40478.03,0
40478.04,0
40478.05,0
40478.06,0
40478.07,0
40478.08,0
40478.09,0
40478.1,0
40478.11,0
40478.12,0
40478.13,0
40478.14,0
40478.15,0
40478.16,0
40478.17,0
40478.18,0
40478.19,0
40478.2,0
40478.21,0
40478.22,2.99629117542202E-07
40478.23,57.5485578409243
40478.24,105.131494954459
40478.25,93.6293649657732
40478.26,85.4030047907932
40478.27,78.3216233461874
40478.28,71.0658931408804
40478.29,70.8349117500721
40478.3,67.8272792540556
40478.31,67.5518845289812
40478.32,63.5371688785843
40478.33,54.0496140631182
40478.34,40.0576537281438
40478.35,27.2045202961646
40478.36,2.96597782188166
40478.37,3.23850371240901
40478.38,3.39670423271468
40478.39,3.77288393466856
40478.4,4.14665766537817
40478.41,4.38997182030288
40478.42,4.60890837042073
40478.43,4.77387979638724
40478.44,5.15120361483935
40478.45,37.4649815986722
40478.46,113.245121563385
40478.47,207.280328753676
40478.48,294.963192662058
40478.49,385.713699089274
40478.5,466.778137821568
40478.51,523.493244091827
40478.52,553.04125955824
40478.53,512.676331383205
40478.54,452.650622225438
40478.55,385.524744241281
40478.56,239.018892232068
40478.57,15.4976341079847
40478.58,13.5078883342476
40478.59,12.3140044867491
40478.6,11.4067186303848
40478.61,10.6142456768997
40478.62,9.25365393290011
40478.63,8.59055114362025
40478.64,7.65204205590681
40478.65,7.06773327728167
40478.66,6.23010707771992
40478.67,5.03131051041234
40478.68,2.94175263996298
40478.69,0.832972369082582
40478.7,0.504271605520669
40478.71,0.204374104032392
40478.72,0
40478.73,0
40478.74,0
40478.75,0
40478.76,0
40478.77,0
40478.78,0
40478.79,0
40478.8,0
40478.81,0
40478.82,0
40478.83,0
40478.84,0
40478.85,0
40478.86,0
40478.87,0
40478.88,0
40478.89,0
40478.9,0
40478.91,0
40478.92,0
40478.93,0
40478.94,0
40478.95,0
40478.96,0
40478.97,0
40478.98,0
40478.99,0
40479,0
40479.01,0
40479.02,0
40479.03,0
40479.04,0
40479.05,0
40479.06,0
40479.07,0
40479.08,0
40479.09,0
40479.1,0
40479.11,0
40479.12,0
40479.13,0
40479.14,0
40479.15,0
40479.16,0
40479.17,0
40479.18,0
40479.19,0
40479.2,0
40479.21,0
40479.22,0
40479.23,0
40479.24,0
40479.25,0
40479.26,0
40479.27,0
40479.28,0
40479.29,0
40479.3,0
40479.31,0
40479.32,0
40479.33,0
40479.34,0
40479.35,0
40479.36,0
40479.37,0
40479.38,0
40479.39,0
40479.4,0
40479.41,0
40479.42,0
40479.43,0
40479.44,0
40479.45,0
40479.46,0
40479.47,0
40479.48,0
40479.49,0
40479.5,0
40479.51,0
40479.52,0
40479.53,0
40479.54,0
40479.55,0
40479.56,0
40479.57,0
40479.58,0
40479.59,0
40479.6,0
40479.61,0
40479.62,0
40479.63,0
40479.64,0
40479.65,0
40479.66,0
40479.67,0
40479.68,0
40479.69,0
40479.7,0
40479.71,0
40479.72,0
40479.73,0
40479.74,0
40479.75,0
40479.76,0
40479.77,0
40479.78,0
40479.79,0
40479.8,0
40479.81,0
40479.82,0
40479.83,0
40479.84,0
40479.85,0
40479.86,0
40479.87,0
40479.88,0
40479.89,0
40479.9,0
40479.91,0
40479.92,0
40479.93,0
40479.94,0
40479.95,0
40479.96,0
40479.97,0
40479.98,0
40479.99,0
40480,0
40480.01,0
40480.02,0
40480.03,0
40480.04,0
40480.05,0
40480.06,0
40480.07,0
40480.08,0
40480.09,0
40480.1,0
40480.11,0
40480.12,0
40480.13,0
40480.14,0
40480.15,0
40480.16,0
40480.17,0
40480.18,0
40480.19,0
40480.2,0
40480.21,0
40480.22,0
40480.23,0
40480.24,0
40480.25,0
40480.26,0
40480.27,0
40480.28,0
40480.29,0
40480.3,0
40480.31,0
40480.32,0
40480.33,0
40480.34,0
40480.35,0
40480.36,0
40480.37,0
40480.38,0
40480.39,0
40480.4,0
40480.41,0
40480.42,0
40480.43,0
40480.44,0
40480.45,0
40480.46,0
40480.47,0
40480.48,0
40480.49,0
40480.5,0
40480.51,0
40480.52,0
40480.53,0
40480.54,0
40480.55,0
40480.56,0
40480.57,0
40480.58,0
40480.59,0
40480.6,0
40480.61,0
40480.62,0
40480.63,0
40480.64,0
40480.65,0
40480.66,0
40480.67,0
40480.68,0
40480.69,0
40480.7,0
40480.71,0
40480.72,0
40480.73,0
40480.74,0
40480.75,0
40480.76,0
40480.77,0
40480.78,0
40480.79,0
40480.8,0
40480.81,0
40480.82,0
40480.83,0
40480.84,0
40480.85,0
40480.86,0
40480.87,0
40480.88,0
40480.89,0
40480.9,0
40480.91,0
40480.92,0
40480.93,0
40480.94,0
40480.95,0
40480.96,0
40480.97,0
40480.98,0
40480.99,0
40481,0
40481.01,0
40481.02,0
40481.03,0
40481.04,0
40481.05,0
40481.06,0
40481.07,0
40481.08,0
40481.09,0
40481.1,0
40481.11,0
40481.12,0
40481.13,0
40481.14,0
40481.15,0
40481.16,0
40481.17,0
40481.18,0
40481.19,0
40481.2,0
40481.21,0
40481.22,0
40481.23,0
40481.24,0
40481.25,0
40481.26,0
40481.27,0
40481.28,0
40481.29,0
40481.3,0
40481.31,0
40481.32,0
40481.33,0
40481.34,0
40481.35,0
40481.36,0
40481.37,0
40481.38,0
40481.39,0
40481.4,0
40481.41,0
40481.42,0
40481.43,0
40481.44,0
40481.45,0
40481.46,0
40481.47,0
40481.48,0
40481.49,0
40481.5,0
40481.51,0
40481.52,0
40481.53,0
40481.54,0
40481.55,0
40481.56,0
40481.57,0
40481.58,0
40481.59,0
40481.6,0
40481.61,0
40481.62,0
40481.63,0
40481.64,0
40481.65,0
40481.66,0
40481.67,0
40481.68,0
40481.69,0
40481.7,0
40481.71,0
40481.72,0
40481.73,0
40481.74,0
40481.75,0
40481.76,0
40481.77,0
40481.78,0
40481.79,0
40481.8,0
40481.81,0
40481.82,0
40481.83,0
40481.84,0
40481.85,0
40481.86,0
40481.87,0
40481.88,0
40481.89,0
40481.9,0
40481.91,0
40481.92,0
40481.93,0
40481.94,0
40481.95,0
40481.96,0
40481.97,0
40481.98,0
40481.99,0
40482,0
40482.01,0
40482.02,0
40482.03,0
40482.04,0
40482.05,0
40482.06,0
40482.07,0
40482.08,0
40482.09,0
40482.1,0
40482.11,0
40482.12,0
40482.13,0
40482.14,0
40482.15,0
40482.16,0
40482.17,0
40482.18,0
40482.19,0
40482.2,0
40482.21,0
40482.22,0
40482.23,0
40482.24,0
40482.25,0
40482.26,0
40482.27,0
40482.28,0
40482.29,0
40482.3,0
40482.31,0
40482.32,0
40482.33,0
40482.34,0
40482.35,0
40482.36,0
40482.37,0
40482.38,0
40482.39,0
40482.4,0
40482.41,0
40482.42,0
40482.43,0
40482.44,0
40482.45,0
40482.46,0
40482.47,0
40482.48,0
40482.49,0
40482.5,0
40482.51,0
40482.52,0
40482.53,0
40482.54,0
40482.55,0
40482.56,0
40482.57,0
40482.58,0
40482.59,0
40482.6,0
40482.61,0
40482.62,0
40482.63,0
40482.64,0
40482.65,0
40482.66,0
40482.67,0
40482.68,0
40482.69,0
40482.7,0
40482.71,0
40482.72,0
40482.73,0
40482.74,0
40482.75,0
40482.76,0
40482.77,0
40482.78,0
40482.79,0
40482.8,0
40482.81,0
40482.82,0
40482.83,0
40482.84,0
40482.85,0
40482.86,0
40482.87,0
40482.88,0
40482.89,0
40482.9,0
40482.91,0
40482.92,0
40482.93,0
40482.94,0
40482.95,0
40482.96,0
40482.97,0
40482.98,0
40482.99,0
40483,0
40483.01,0
40483.02,0
40483.03,0
40483.04,0
40483.05,0
40483.06,0
40483.07,0
40483.08,0
40483.09,0
40483.1,0
40483.11,0
40483.12,0
40483.13,0
40483.14,0
40483.15,0
40483.16,0
40483.17,0
40483.18,0
40483.19,0
40483.2,0
40483.21,0
40483.22,0
40483.23,0
40483.24,0
40483.25,0
40483.26,0
40483.27,0
40483.28,0
40483.29,0
40483.3,0
40483.31,0
40483.32,0
40483.33,0
40483.34,0
40483.35,0
40483.36,0
40483.37,0
40483.38,0
40483.39,0
40483.4,0
40483.41,0
40483.42,0
40483.43,0
40483.44,0
40483.45,0
40483.46,0
40483.47,0
40483.48,0
40483.49,0
40483.5,0
40483.51,0
40483.52,0
40483.53,0
40483.54,0
40483.55,0
40483.56,0
40483.57,0
40483.58,0
40483.59,0
40483.6,0
40483.61,0
40483.62,0
40483.63,0
40483.64,0
40483.65,0
40483.66,0
40483.67,0
40483.68,0
40483.69,0
40483.7,0
40483.71,0
40483.72,0
40483.73,0
40483.74,0
40483.75,0
40483.76,0
40483.77,0
40483.78,0
40483.79,0
40483.8,0
40483.81,0
40483.82,0
40483.83,0
40483.84,0
40483.85,0
40483.86,0
40483.87,0
40483.88,0
40483.89,0
40483.9,0
40483.91,0
40483.92,0
40483.93,0
40483.94,0
40483.95,0
40483.96,0
40483.97,0
40483.98,0
40483.99,0
40484,0
40484.01,0
40484.02,0
40484.03,0
40484.04,0
40484.05,0
40484.06,0
40484.07,0
40484.08,0
40484.09,0
40484.1,0
40484.11,0
40484.12,0
40484.13,0
40484.14,0
40484.15,0
40484.16,0
40484.17,0
40484.18,0
40484.19,0
40484.2,0
40484.21,0
40484.22,0
40484.23,0
40484.24,0
40484.25,0
40484.26,0
40484.27,0
40484.28,0
40484.29,0
40484.3,0
40484.31,0
40484.32,0
40484.33,0
40484.34,0
40484.35,0
40484.36,0
40484.37,0
40484.38,0
40484.39,0
40484.4,0
40484.41,0
40484.42,0
40484.43,0
40484.44,0
40484.45,0
40484.46,0
40484.47,0
40484.48,0
40484.49,0
40484.5,0
40484.51,0
40484.52,0
40484.53,0
40484.54,0
40484.55,0
40484.56,0
40484.57,0
40484.58,0
40484.59,0
40484.6,0
40484.61,0
40484.62,0
40484.63,0
40484.64,0
40484.65,0
40484.66,0
40484.67,0
40484.68,0
40484.69,0
40484.7,0
40484.71,0
40484.72,0
40484.73,0
40484.74,0
40484.75,0
40484.76,0
40484.77,0
40484.78,0
40484.79,0
40484.8,0
40484.81,0
40484.82,0
40484.83,0
40484.84,0
40484.85,0
40484.86,0
40484.87,0
40484.88,0
40484.89,0
40484.9,0
40484.91,0
40484.92,0
40484.93,0
40484.94,0
40484.95,0
40484.96,0
40484.97,0
40484.98,0
40484.99,0
40485,0
40485.01,0
40485.02,0
40485.03,0
40485.04,0
40485.05,0
40485.06,0
40485.07,0
40485.08,0
40485.09,0
40485.1,0
40485.11,0
40485.12,0
40485.13,0
40485.14,0
40485.15,0
40485.16,0
40485.17,0
40485.18,0
40485.19,0
40485.2,0
40485.21,0
40485.22,0
40485.23,0
40485.24,0
40485.25,0
40485.26,0
40485.27,0
40485.28,0
40485.29,0
40485.3,0
40485.31,0
40485.32,0
40485.33,0
40485.34,0
40485.35,0
40485.36,0
40485.37,0
40485.38,0
40485.39,0
40485.4,0
40485.41,0
40485.42,0
40485.43,0
40485.44,0
40485.45,0
40485.46,0
40485.47,0
40485.48,0
40485.49,0
40485.5,0
40485.51,0
40485.52,0
40485.53,0
40485.54,0
40485.55,0
40485.56,0
40485.57,0
40485.58,0
40485.59,0
40485.6,0
40485.61,0
40485.62,0
40485.63,0
40485.64,0
40485.65,0
40485.66,0
40485.67,0
40485.68,0
40485.69,0
40485.7,0
40485.71,0
40485.72,0
40485.73,0
40485.74,0
40485.75,0
40485.76,0
40485.77,0
40485.78,0
40485.79,0
40485.8,0
40485.81,0
40485.82,0
40485.83,0
40485.84,0
40485.85,0
40485.86,0
40485.87,0
40485.88,0
40485.89,0
40485.9,0
40485.91,0
40485.92,0
40485.93,0
40485.94,0
40485.95,0
40485.96,0
40485.97,0
40485.98,0
40485.99,0
40486,0
40486.01,0
40486.02,0
40486.03,0
40486.04,0
40486.05,0
40486.06,0
40486.07,9.95927327087038E-08
40486.08,19.8246211072776
40486.09,38.2274899537391
40486.1,45.3127726342677
40486.11,57.1841690927733
40486.12,83.3422913743611
40486.13,114.538233454827
40486.14,149.624104010443
40486.15,173.906711320422
40486.16,190.786284157897
40486.17,191.291061140032
40486.18,184.434992182083
40486.19,185.210304382704
40486.2,174.535478126629
40486.21,165.953466376503
40486.22,152.825837800275
40486.23,129.38358970823
40486.24,133.323029464936
40486.25,130.202103574729
40486.26,133.395118583709
40486.27,132.880248876745
40486.28,134.272041928332
40486.29,126.320240001149
40486.3,113.543338258392
40486.31,101.45173614502
40486.32,94.2210292929781
40486.33,101.703235432653
40486.34,108.996167116683
40486.35,121.632782118096
40486.36,130.746696634974
40486.37,139.333011221301
40486.38,145.226370120285
40486.39,158.592035043724
40486.4,165.233756414814
40486.41,164.943898136512
40486.42,171.542410917593
40486.43,173.606035402164
40486.44,171.687421744145
40486.45,151.720748777321
40486.46,129.113857084447
40486.47,102.386332803989
40486.48,61.7413889583727
40486.49,60.3470669456672
40486.5,62.984599008649
40486.51,63.5952393795001
40486.52,65.7764712189373
40486.53,64.4430368437193
40486.54,68.193272909119
40486.55,77.8512241787755
40486.56,81.4638249030609
40486.57,85.0876732309867
40486.58,88.6199303175037
40486.59,86.1509172840936
40486.6,83.4201901620894
40486.61,74.7186671808229
40486.62,63.42117382211
40486.63,48.81356485929
40486.64,35.1026798999014
40486.65,2.44073543324942
40486.66,2.21242273685874
40486.67,1.99742841737871
40486.68,1.76759590620877
40486.69,1.55224986172927
40486.7,1.2915353289113
40486.71,1.05030757971078
40486.72,0.799587493454949
40486.73,0.52122880547569
40486.74,0.240356260865521
40486.75,0
40486.76,0
40486.77,0
40486.78,0
40486.79,0
40486.8,0
40486.81,0
40486.82,0
40486.83,3.56564585367742E-10
40486.84,0.0673415515917424
40486.85,2.43779583926885
40486.86,3.95983567358875
40486.87,4.7363824254227
40486.88,5.013645482137
40486.89,4.44784971226882
40486.9,0.462023228553253
40486.91,0.419301860434541
40486.92,0.363548535729093
40486.93,0.322771669540957
40486.94,0.286003399476466
40486.95,0.23853145932508
40486.96,0.204417888064922
40486.97,0.152259293604743
40486.98,0.0972502943689401
40486.99,0.0478795056088692
40487,0
40487.01,0
40487.02,0
40487.03,0
40487.04,0
40487.05,0
40487.06,0
40487.07,0
40487.08,0
40487.09,0
40487.1,0
40487.11,0
40487.12,0
40487.13,0
40487.14,0
40487.15,0
40487.16,0
40487.17,0
40487.18,0
40487.19,0
40487.2,0
40487.21,0
40487.22,0
40487.23,0
40487.24,0
40487.25,0
40487.26,0
40487.27,0
40487.28,0
40487.29,0
40487.3,0
40487.31,0
40487.32,0
40487.33,0
40487.34,0
40487.35,0
40487.36,0
40487.37,0
40487.38,0
40487.39,0
40487.4,0
40487.41,0
40487.42,0
40487.43,0
40487.44,0
40487.45,0
40487.46,0
40487.47,0
40487.48,0
40487.49,0
40487.5,0
40487.51,0
40487.52,0
40487.53,0
40487.54,0
40487.55,0
40487.56,0
40487.57,0
40487.58,0
40487.59,0
40487.6,0
40487.61,0
40487.62,0
40487.63,0
40487.64,0
40487.65,0
40487.66,0
40487.67,0
40487.68,0
40487.69,0
40487.7,0
40487.71,0
40487.72,0
40487.73,0
40487.74,0
40487.75,0
40487.76,0
40487.77,0
40487.78,0
40487.79,0
40487.8,0
40487.81,0
40487.82,0
40487.83,0
40487.84,0
40487.85,0
40487.86,0
40487.87,0
40487.88,0
40487.89,0
40487.9,0
40487.91,0
40487.92,0
40487.93,0
40487.94,0
40487.95,0
40487.96,0
40487.97,0
40487.98,0
40487.99,0
40488,0
40488.01,0
40488.02,0
40488.03,0
40488.04,0
40488.05,0
40488.06,0
40488.07,0
40488.08,0
40488.09,0
40488.1,0
40488.11,0
40488.12,0
40488.13,0
40488.14,0
40488.15,0
40488.16,0
40488.17,0
40488.18,0
40488.19,0
40488.2,0
40488.21,0
40488.22,0
40488.23,0
40488.24,0
40488.25,0
40488.26,0
40488.27,0
40488.28,0
40488.29,0
40488.3,0
40488.31,0
40488.32,0
40488.33,0
40488.34,0
40488.35,0
40488.36,0
40488.37,0
40488.38,0
40488.39,0
40488.4,0
40488.41,0
40488.42,0
40488.43,0
40488.44,0
40488.45,0
40488.46,0
40488.47,0
40488.48,0
40488.49,0
40488.5,0
40488.51,0
40488.52,0
40488.53,0
40488.54,0
40488.55,0
40488.56,0
40488.57,0
40488.58,0
40488.59,0
40488.6,0
40488.61,0
40488.62,0
40488.63,0
40488.64,0
40488.65,0
40488.66,0
40488.67,0
40488.68,0
40488.69,0
40488.7,0
40488.71,0
40488.72,0
40488.73,0
40488.74,0
40488.75,0
40488.76,0
40488.77,0
40488.78,0
40488.79,0
40488.8,0
40488.81,0
40488.82,0
40488.83,0
40488.84,0
40488.85,0
40488.86,0
40488.87,0
40488.88,0
40488.89,0
40488.9,0
40488.91,0
40488.92,0
40488.93,0
40488.94,0
40488.95,0
40488.96,0
40488.97,0
40488.98,0
40488.99,0
40489,0
40489.01,0
40489.02,0
40489.03,0
40489.04,0
40489.05,0
40489.06,0
40489.07,0
40489.08,0
40489.09,0
40489.1,0
40489.11,0
40489.12,0
40489.13,0
40489.14,0
40489.15,0
40489.16,0
40489.17,0
40489.18,0
40489.19,0
40489.2,0
40489.21,0
40489.22,0
40489.23,0
40489.24,0
40489.25,0
40489.26,0
40489.27,0
40489.28,0
40489.29,0
40489.3,0
40489.31,0
40489.32,0
40489.33,0
40489.34,0
40489.35,0
40489.36,0
40489.37,0
40489.38,0
40489.39,0
40489.4,0
40489.41,0
40489.42,0
40489.43,0
40489.44,0
40489.45,0
40489.46,0
40489.47,0
40489.48,0
40489.49,0
40489.5,0
40489.51,0
40489.52,0
40489.53,0
40489.54,0
40489.55,0
40489.56,0
40489.57,0
40489.58,0
40489.59,0
40489.6,0
40489.61,0
40489.62,0
40489.63,0
40489.64,0
40489.65,0
40489.66,0
40489.67,0
40489.68,0
40489.69,0
40489.7,0
40489.71,0
40489.72,0
40489.73,0
40489.74,0
40489.75,0
40489.76,0
40489.77,0
40489.78,0
40489.79,0
40489.8,0
40489.81,0
40489.82,0
40489.83,0
40489.84,0
40489.85,0
40489.86,0
40489.87,0
40489.88,0
40489.89,0
40489.9,0
40489.91,0
40489.92,0
40489.93,0
40489.94,0
40489.95,0
40489.96,0
40489.97,0
40489.98,0
40489.99,0
40490,0
40490.01,0
40490.02,0
40490.03,0
40490.04,0
40490.05,0
40490.06,0
40490.07,0
40490.08,0
40490.09,0
40490.1,0
40490.11,0
40490.12,0
40490.13,0
40490.14,0
40490.15,0
40490.16,0
40490.17,0
40490.18,0
40490.19,0
40490.2,0
40490.21,0
40490.22,0
40490.23,0
40490.24,0
40490.25,0
40490.26,0
40490.27,0
40490.28,0
40490.29,0
40490.3,0
40490.31,0
40490.32,0
40490.33,0
40490.34,0
40490.35,0
40490.36,0
40490.37,0
40490.38,0
40490.39,0
40490.4,0
40490.41,0
40490.42,0
40490.43,0
40490.44,0
40490.45,0
40490.46,0
40490.47,0
40490.48,0
40490.49,0
40490.5,0
40490.51,0
40490.52,0
40490.53,0
40490.54,0
40490.55,0
40490.56,0
40490.57,0
40490.58,0
40490.59,0
40490.6,0
40490.61,0
40490.62,0
40490.63,0
40490.64,0
40490.65,0
40490.66,0
40490.67,0
40490.68,0
40490.69,0
40490.7,0
40490.71,0
40490.72,0
40490.73,0
40490.74,0
40490.75,0
40490.76,0
40490.77,0
40490.78,0
40490.79,0
40490.8,0
40490.81,0
40490.82,0
40490.83,0
40490.84,0
40490.85,0
40490.86,0
40490.87,0
40490.88,0
40490.89,0
40490.9,0
40490.91,0
40490.92,0
40490.93,0
40490.94,0
40490.95,0
40490.96,0
40490.97,0
40490.98,0
40490.99,0
40491,0
40491.01,0
40491.02,0
40491.03,0
40491.04,0
40491.05,0
40491.06,0
40491.07,0
40491.08,0
40491.09,0
40491.1,0
40491.11,0
40491.12,0
40491.13,0
40491.14,0
40491.15,0
40491.16,0
40491.17,0
40491.18,0
40491.19,0
40491.2,0
40491.21,0
40491.22,0
40491.23,0
40491.24,0
40491.25,0
40491.26,0
40491.27,0
40491.28,0
40491.29,0
40491.3,0
40491.31,0
40491.32,0
40491.33,0
40491.34,0
40491.35,0
40491.36,0
40491.37,0
40491.38,0
40491.39,0
40491.4,0
40491.41,0
40491.42,0
40491.43,0
40491.44,0
40491.45,0
40491.46,0
40491.47,0
40491.48,0
40491.49,0
40491.5,0
40491.51,0
40491.52,0
40491.53,0
40491.54,0
40491.55,0
40491.56,0
40491.57,0
40491.58,0
40491.59,0
40491.6,0
40491.61,0
40491.62,0
40491.63,0
40491.64,0
40491.65,0
40491.66,0
40491.67,0
40491.68,0
40491.69,0
40491.7,0
40491.71,0
40491.72,0
40491.73,0
40491.74,0
40491.75,0
40491.76,0
40491.77,0
40491.78,0
40491.79,0
40491.8,0
40491.81,0
40491.82,0
40491.83,0
40491.84,0
40491.85,0
40491.86,0
40491.87,0
40491.88,0
40491.89,0
40491.9,0
40491.91,0
40491.92,0
40491.93,0
40491.94,0
40491.95,0
40491.96,0
40491.97,0
40491.98,0
40491.99,0
40492,0
40492.01,0
40492.02,0
40492.03,0
40492.04,0
40492.05,0
40492.06,0
40492.07,0
40492.08,0
40492.09,0
40492.1,0
40492.11,0
40492.12,0
40492.13,0
40492.14,0
40492.15,0
40492.16,0
40492.17,0
40492.18,0
40492.19,0
40492.2,0
40492.21,0
40492.22,0
40492.23,0
40492.24,0
40492.25,0
40492.26,0
40492.27,0
40492.28,0
40492.29,0
40492.3,0
40492.31,0
40492.32,0
40492.33,0
40492.34,0
40492.35,0
40492.36,0
40492.37,0
40492.38,0
40492.39,0
40492.4,0
40492.41,0
40492.42,0
40492.43,0
40492.44,0
40492.45,0
40492.46,0
40492.47,0
40492.48,0
40492.49,0
40492.5,0
40492.51,0
40492.52,0
40492.53,0
40492.54,0
40492.55,0
40492.56,0
40492.57,0
40492.58,0
40492.59,0
40492.6,0
40492.61,0
40492.62,0
40492.63,0
40492.64,0
40492.65,0
40492.66,0
40492.67,0
40492.68,0
40492.69,0
40492.7,0
40492.71,0
40492.72,0
40492.73,0
40492.74,0
40492.75,0
40492.76,0
40492.77,0
40492.78,0
40492.79,0
40492.8,0
40492.81,0
40492.82,0
40492.83,0
40492.84,0
40492.85,0
40492.86,0
40492.87,0
40492.88,0
40492.89,0
40492.9,0
40492.91,0
40492.92,0
40492.93,0
40492.94,0
40492.95,0
40492.96,0
40492.97,0
40492.98,0
40492.99,0
40493,0
40493.01,0
40493.02,0
40493.03,0
40493.04,0
40493.05,0
40493.06,0
40493.07,0
40493.08,0
40493.09,0
40493.1,0
40493.11,0
40493.12,0
40493.13,0
40493.14,0
40493.15,0
40493.16,0
40493.17,0
40493.18,0
40493.19,0
40493.2,0
40493.21,0
40493.22,0
40493.23,0
40493.24,0
40493.25,0
40493.26,0
40493.27,0
40493.28,0
40493.29,0
40493.3,0
40493.31,0
40493.32,0
40493.33,0
40493.34,0
40493.35,0
40493.36,0
40493.37,0
40493.38,0
40493.39,0
40493.4,0
40493.41,0
40493.42,0
40493.43,0
40493.44,0
40493.45,0
40493.46,0
40493.47,0
40493.48,0
40493.49,0
40493.5,0
40493.51,0
40493.52,0
40493.53,0
40493.54,0
40493.55,0
40493.56,0
40493.57,0
40493.58,0
40493.59,0
40493.6,0
40493.61,0
40493.62,0
40493.63,0
40493.64,0
40493.65,0
40493.66,0
40493.67,0
40493.68,0
40493.69,0
40493.7,0
40493.71,0
40493.72,0
40493.73,0
40493.74,0
40493.75,0
40493.76,0
40493.77,0
40493.78,0
40493.79,0
40493.8,0
40493.81,0
40493.82,0
40493.83,0
40493.84,0
40493.85,0
40493.86,0
40493.87,0
40493.88,0
40493.89,0
40493.9,0
40493.91,0
40493.92,0
40493.93,0
40493.94,0
40493.95,0
40493.96,0
40493.97,0
40493.98,0
40493.99,0
40494,0
40494.01,0
40494.02,0
40494.03,0
40494.04,0
40494.05,0
40494.06,0
40494.07,0
40494.08,0
40494.09,0
40494.1,0
40494.11,0
40494.12,0
40494.13,0
40494.14,0
40494.15,0
40494.16,0
40494.17,0
40494.18,0
40494.19,0
40494.2,0
40494.21,0
40494.22,0
40494.23,0
40494.24,0
40494.25,0
40494.26,0
40494.27,0
40494.28,0
40494.29,0
40494.3,0
40494.31,0
40494.32,0
40494.33,0
40494.34,0
40494.35,0
40494.36,0
40494.37,0
40494.38,0
40494.39,0
40494.4,0
40494.41,0
40494.42,0
40494.43,0
40494.44,0
40494.45,0
40494.46,0
40494.47,0
40494.48,0
40494.49,0
40494.5,0
40494.51,0
40494.52,0
40494.53,0
40494.54,0
40494.55,0
40494.56,0
40494.57,0
40494.58,0
40494.59,0
40494.6,0
40494.61,0
40494.62,0
40494.63,0
40494.64,0
40494.65,0
40494.66,0
40494.67,0
40494.68,0
40494.69,0
40494.7,0
40494.71,0
40494.72,0
40494.73,0
40494.74,0
40494.75,0
40494.76,0
40494.77,0
40494.78,0
40494.79,0
40494.8,0
40494.81,0
40494.82,0
40494.83,0
40494.84,0
40494.85,0
40494.86,0
40494.87,0
40494.88,0
40494.89,0
40494.9,0
40494.91,0
40494.92,0
40494.93,0
40494.94,0
40494.95,0
40494.96,0
40494.97,0
40494.98,0
40494.99,0
40495,0
40495.01,0
40495.02,0
40495.03,0
40495.04,0
40495.05,0
40495.06,0
40495.07,0
40495.08,0
40495.09,0
40495.1,0
40495.11,0
40495.12,0
40495.13,0
40495.14,0
40495.15,0
40495.16,0
40495.17,0
40495.18,0
40495.19,0
40495.2,0
40495.21,0
40495.22,0
40495.23,0
40495.24,0
40495.25,0
40495.26,0
40495.27,0
40495.28,0
40495.29,0
40495.3,0
40495.31,0
40495.32,0
40495.33,0
40495.34,0
40495.35,0
40495.36,0
40495.37,0
40495.38,0
40495.39,0
40495.4,0
40495.41,0
40495.42,0
40495.43,0
40495.44,0
40495.45,0
40495.46,0
40495.47,0
40495.48,0
40495.49,0
40495.5,0
40495.51,0
40495.52,0
40495.53,0
40495.54,0
40495.55,0
40495.56,0
40495.57,0
40495.58,0
40495.59,0
40495.6,0
40495.61,0
40495.62,0
40495.63,0
40495.64,0
40495.65,0
40495.66,0
40495.67,0
40495.68,0
40495.69,0
40495.7,0
40495.71,0
40495.72,0
40495.73,0
40495.74,0
40495.75,0
40495.76,0
40495.77,0
40495.78,0
40495.79,0
40495.8,0
40495.81,0
40495.82,0
40495.83,0
40495.84,0
40495.85,0
40495.86,0
40495.87,0
40495.88,0
40495.89,0
40495.9,0
40495.91,0
40495.92,0
40495.93,0
40495.94,0
40495.95,0
40495.96,0
40495.97,0
40495.98,0
40495.99,0
40496,0
40496.01,0
40496.02,0
40496.03,0
40496.04,0
40496.05,0
40496.06,0
40496.07,0
40496.08,0
40496.09,0
40496.1,0
40496.11,0
40496.12,0
40496.13,0
40496.14,0
40496.15,0
40496.16,0
40496.17,0
40496.18,0
40496.19,0
40496.2,0
40496.21,0
40496.22,0
40496.23,0
40496.24,0
40496.25,0
40496.26,0
40496.27,0
40496.28,0
40496.29,0
40496.3,0
40496.31,0
40496.32,0
40496.33,0
40496.34,0
40496.35,0
40496.36,0
40496.37,0
40496.38,0
40496.39,0
40496.4,0
40496.41,0
40496.42,0
40496.43,0
40496.44,0
40496.45,0
40496.46,0
40496.47,0
40496.48,0
40496.49,0
40496.5,0
40496.51,0
40496.52,0
40496.53,0
40496.54,0
40496.55,0
40496.56,0
40496.57,0
40496.58,0
40496.59,0
40496.6,0
40496.61,0
40496.62,0
40496.63,0
40496.64,0
40496.65,0
40496.66,0
40496.67,0
40496.68,0
40496.69,0
40496.7,0
40496.71,0
40496.72,0
40496.73,0
40496.74,0
40496.75,0
40496.76,0
40496.77,0
40496.78,0
40496.79,0
40496.8,0
40496.81,0
40496.82,0
40496.83,0
40496.84,0
40496.85,0
40496.86,0
40496.87,0
40496.88,0
40496.89,0
40496.9,0
40496.91,0
40496.92,0
40496.93,0
40496.94,0
40496.95,0
40496.96,0
40496.97,0
40496.98,0
40496.99,0
40497,0
40497.01,0
40497.02,0
40497.03,0
40497.04,0
40497.05,0
40497.06,0
40497.07,0
40497.08,0
40497.09,0
40497.1,0
40497.11,0
40497.12,0
40497.13,0
40497.14,0
40497.15,0
40497.16,0
40497.17,0
40497.18,0
40497.19,0
40497.2,0
40497.21,0
40497.22,0
40497.23,0
40497.24,0
40497.25,0
40497.26,0
40497.27,0
40497.28,0
40497.29,0
40497.3,0
40497.31,0
40497.32,0
40497.33,0
40497.34,0
40497.35,0
40497.36,0
40497.37,0
40497.38,0
40497.39,0
40497.4,0
40497.41,0
40497.42,0
40497.43,0
40497.44,0
40497.45,0
40497.46,0
40497.47,0
40497.48,0
40497.49,0
40497.5,0
40497.51,0
40497.52,0
40497.53,0
40497.54,0
40497.55,0
40497.56,0
40497.57,0
40497.58,0
40497.59,0
40497.6,0
40497.61,0
40497.62,0
40497.63,0
40497.64,0
40497.65,0
40497.66,0
40497.67,0
40497.68,0
40497.69,0
40497.7,0
40497.71,0
40497.72,0
40497.73,0
40497.74,0
40497.75,0
40497.76,0
40497.77,0
40497.78,0
40497.79,0
40497.8,0
40497.81,0
40497.82,0
40497.83,0
40497.84,0
40497.85,0
40497.86,0
40497.87,0
40497.88,0
40497.89,0
40497.9,0
40497.91,0
40497.92,0
40497.93,0
40497.94,0
40497.95,0
40497.96,0
40497.97,0
40497.98,0
40497.99,0
40498,0
40498.01,0
40498.02,6.1317592323537E-08
40498.03,11.6397811434355
40498.04,14.6932043248676
40498.05,14.6080031060497
40498.06,16.2402863287221
40498.07,18.8152490734901
40498.08,18.5704950067232
40498.09,17.6055948427999
40498.1,16.932419121292
40498.11,14.5460337820529
40498.12,12.4673549230051
40498.13,10.0941738422348
40498.14,7.91122499790283
40498.15,6.15876093269414
40498.16,6.06986494069462
40498.17,7.93196431608073
40498.18,11.1652378368333
40498.19,15.8741609832863
40498.2,20.2106133873345
40498.21,24.8460981602871
40498.22,29.6044790353741
40498.23,33.7100836878545
40498.24,35.1434700997516
40498.25,31.3091778260049
40498.26,24.6175636985825
40498.27,17.9041509283884
40498.28,6.1005323044978
40498.29,6.22202132809909
40498.3,6.07631877860435
40498.31,6.06958730307112
40498.32,5.73323376103315
40498.33,7.55106385995625
40498.34,12.4204681304673
40498.35,19.8678005352356
40498.36,28.4067513346126
40498.37,37.4605893039575
40498.38,45.0317300094278
40498.39,51.8964128086903
40498.4,56.136748037881
40498.41,53.9054029750343
40498.42,50.165380502727
40498.43,42.0161476364068
40498.44,34.764831352834
40498.45,28.4735965153137
40498.46,22.5728776288669
40498.47,16.9593555839106
40498.48,11.5075548291805
40498.49,8.39825301116759
40498.5,6.52777714337095
40498.51,6.08442098921856
40498.52,7.11640731462733
40498.53,7.12321506283988
40498.54,6.46561500486064
40498.55,5.50580316244761
40498.56,4.01435976617886
40498.57,3.92634553120723
40498.58,5.69933851693387
40498.59,9.84635559311493
40498.6,16.4547718270488
40498.61,32.0197529442826
40498.62,32.9076637224739
40498.63,34.0526308243539
40498.64,33.3920363203521
40498.65,33.4417546175208
40498.66,37.8328554706837
40498.67,40.507643064534
40498.68,44.3928590582738
40498.69,47.3871760630825
40498.7,45.9988262374548
40498.71,38.0157293451481
40498.72,28.3475221881824
40498.73,6.13327029444284
40498.74,5.78311528001402
40498.75,5.13744299785425
40498.76,4.47514260730093
40498.77,4.37273301852285
40498.78,4.1293562119365
40498.79,3.58412587128923
40498.8,3.81755828325391
40498.81,4.70465381567752
40498.82,5.75173116721278
40498.83,6.18571412571814
40498.84,5.85722087498837
40498.85,4.92568416186228
40498.86,0.414052230537595
40498.87,0.45891765321406
40498.88,0.453598800492633
40498.89,0.468264455312742
40498.9,0.489979027811004
40498.91,0.50571871909888
40498.92,0.537276518237524
40498.93,0.567260461225283
40498.94,0.581629179828723
40498.95,0.592109277052361
40498.96,0.583720952495578
40498.97,0.565913837313284
40498.98,0.599264497932935
40498.99,13.3074013932615
40499,48.2407410992905
40499.01,104.476585976034
40499.02,175.601016646768
40499.03,192.436311113137
40499.04,188.013659951305
40499.05,157.741395171094
40499.06,114.131394896324
40499.07,81.9700780543671
40499.08,57.9198986567462
40499.09,42.3243319311601
40499.1,28.884632572517
40499.11,3.26364296721613
40499.12,2.84020875566505
40499.13,2.50519159479244
40499.14,2.20411977116236
40499.15,2.00972857545555
40499.16,1.66059388614805
40499.17,1.28880839826284
40499.18,0.951998140510185
40499.19,0.637909868759346
40499.2,0.329228318882394
40499.21,0
40499.22,0
40499.23,0
40499.24,0
40499.25,0
40499.26,0
40499.27,0
40499.28,0
40499.29,0
40499.3,0
40499.31,0
40499.32,0
40499.33,0
40499.34,0
40499.35,0
40499.36,0
40499.37,0
40499.38,0
40499.39,0
40499.4,0
40499.41,0
40499.42,0
40499.43,0
40499.44,0
40499.45,0
40499.46,0
40499.47,0
40499.48,0
40499.49,0
40499.5,0
40499.51,0
40499.52,0
40499.53,0
40499.54,0
40499.55,0
40499.56,0
40499.57,0
40499.58,0
40499.59,0
40499.6,0
40499.61,0
40499.62,0
40499.63,0
40499.64,0
40499.65,0
40499.66,0
40499.67,0
40499.68,0
40499.69,0
40499.7,0
40499.71,0
40499.72,0
40499.73,0
40499.74,0
40499.75,0
40499.76,0
40499.77,0
40499.78,0
40499.79,0
40499.8,0
40499.81,0
40499.82,0
40499.83,0
40499.84,0
40499.85,0
40499.86,0
40499.87,0
40499.88,0
40499.89,0
40499.9,0
40499.91,0
40499.92,0
40499.93,0
40499.94,0
40499.95,0
40499.96,0
40499.97,0
40499.98,0
40499.99,0
40500,0
40500.01,0
40500.02,0
40500.03,0
40500.04,0
40500.05,0
40500.06,0
40500.07,0
40500.08,0
40500.09,0
40500.1,0
40500.11,0
40500.12,0
40500.13,0
40500.14,0
40500.15,0
40500.16,0
40500.17,0
40500.18,0
40500.19,0
40500.2,0
40500.21,0
40500.22,0
40500.23,0
40500.24,0
40500.25,0
40500.26,0
40500.27,0
40500.28,0
40500.29,0
40500.3,0
40500.31,0
40500.32,0
40500.33,0
40500.34,0
40500.35,0
40500.36,0
40500.37,0
40500.38,0
40500.39,0
40500.4,0
40500.41,0
40500.42,0
40500.43,0
40500.44,0
40500.45,0
40500.46,0
40500.47,0
40500.48,0
40500.49,0
40500.5,0
40500.51,0
40500.52,0
40500.53,0
40500.54,0
40500.55,0
40500.56,0
40500.57,0
40500.58,0
40500.59,0
40500.6,0
40500.61,0
40500.62,0
40500.63,0
40500.64,0
40500.65,0
40500.66,0
40500.67,0
40500.68,0
40500.69,0
40500.7,0
40500.71,0
40500.72,0
40500.73,0
40500.74,0
40500.75,0
40500.76,0
40500.77,0
40500.78,0
40500.79,0
40500.8,0
40500.81,0
40500.82,0
40500.83,0
40500.84,0
40500.85,0
40500.86,0
40500.87,0
40500.88,0
40500.89,0
40500.9,0
40500.91,0
40500.92,0
40500.93,0
40500.94,0
40500.95,0
40500.96,0
40500.97,0
40500.98,0
40500.99,0
40501,0
40501.01,0
40501.02,0
40501.03,0
40501.04,0
40501.05,0
40501.06,0
40501.07,0
40501.08,0
40501.09,0
40501.1,0
40501.11,0
40501.12,0
40501.13,0
40501.14,0
40501.15,0
40501.16,0
40501.17,0
40501.18,0
40501.19,0
40501.2,0
40501.21,0
40501.22,0
40501.23,0
40501.24,0
40501.25,0
40501.26,0
40501.27,0
40501.28,0
40501.29,0
40501.3,0
40501.31,0
40501.32,0
40501.33,0
40501.34,0
40501.35,0
40501.36,0
40501.37,0
40501.38,0
40501.39,0
40501.4,0
40501.41,0
40501.42,0
40501.43,0
40501.44,0
40501.45,0
40501.46,0
40501.47,0
40501.48,0
40501.49,0
40501.5,0
40501.51,0
40501.52,0
40501.53,0
40501.54,0
40501.55,0
40501.56,0
40501.57,0
40501.58,0
40501.59,0
40501.6,0
40501.61,0
40501.62,0
40501.63,0
40501.64,0
40501.65,0
40501.66,0
40501.67,0
40501.68,0
40501.69,0
40501.7,0
40501.71,0
40501.72,0
40501.73,0
40501.74,0
40501.75,0
40501.76,0
40501.77,0
40501.78,0
40501.79,0
40501.8,0
40501.81,0
40501.82,0
40501.83,0
40501.84,0
40501.85,0
40501.86,0
40501.87,0
40501.88,0
40501.89,0
40501.9,0
40501.91,0
40501.92,0
40501.93,0
40501.94,0
40501.95,0
40501.96,0
40501.97,0
40501.98,0
40501.99,0
40502,0
40502.01,0
40502.02,0
40502.03,0
40502.04,0
40502.05,0
40502.06,0
40502.07,0
40502.08,0
40502.09,0
40502.1,0
40502.11,0
40502.12,0
40502.13,0
40502.14,0
40502.15,0
40502.16,0
40502.17,0
40502.18,0
40502.19,0
40502.2,0
40502.21,0
40502.22,0
40502.23,0
40502.24,0
40502.25,0
40502.26,0
40502.27,0
40502.28,0
40502.29,0
40502.3,0
40502.31,0
40502.32,0
40502.33,0
40502.34,0
40502.35,0
40502.36,0
40502.37,0
40502.38,0
40502.39,0
40502.4,0
40502.41,0
40502.42,0
40502.43,0
40502.44,0
40502.45,0
40502.46,0
40502.47,0
40502.48,0
40502.49,0
40502.5,0
40502.51,0
40502.52,0
40502.53,0
40502.54,0
40502.55,0
40502.56,0
40502.57,0
40502.58,0
40502.59,0
40502.6,0
40502.61,0
40502.62,0
40502.63,0
40502.64,0
40502.65,0
40502.66,0
40502.67,0
40502.68,0
40502.69,0
40502.7,0
40502.71,0
40502.72,0
40502.73,0
40502.74,0
40502.75,0
40502.76,0
40502.77,0
40502.78,0
40502.79,0
40502.8,0
40502.81,0
40502.82,0
40502.83,0
40502.84,0
40502.85,0
40502.86,0
40502.87,0
40502.88,0
40502.89,0
40502.9,0
40502.91,0
40502.92,0
40502.93,0
40502.94,0
40502.95,0
40502.96,0
40502.97,0
40502.98,0
40502.99,0
40503,0
40503.01,0
40503.02,0
40503.03,0
40503.04,0
40503.05,0
40503.06,0
40503.07,0
40503.08,0
40503.09,0
40503.1,0
40503.11,0
40503.12,0
40503.13,0
40503.14,0
40503.15,0
40503.16,0
40503.17,0
40503.18,0
40503.19,0
40503.2,0
40503.21,0
40503.22,0
40503.23,0
40503.24,0
40503.25,0
40503.26,0
40503.27,0
40503.28,0
40503.29,0
40503.3,0
40503.31,0
40503.32,0
40503.33,0
40503.34,0
40503.35,0
40503.36,0
40503.37,0
40503.38,0
40503.39,0
40503.4,0
40503.41,0
40503.42,0
40503.43,0
40503.44,0
40503.45,0
40503.46,0
40503.47,0
40503.48,0
40503.49,0
40503.5,0
40503.51,0
40503.52,0
40503.53,0
40503.54,0
40503.55,0
40503.56,0
40503.57,0
40503.58,0
40503.59,0
40503.6,0
40503.61,0
40503.62,0
40503.63,0
40503.64,0
40503.65,0
40503.66,0
40503.67,0
40503.68,0
40503.69,0
40503.7,0
40503.71,0
40503.72,0
40503.73,0
40503.74,0
40503.75,0
40503.76,0
40503.77,0
40503.78,0
40503.79,0
40503.8,0
40503.81,0
40503.82,0
40503.83,0
40503.84,0
40503.85,0
40503.86,0
40503.87,0
40503.88,0
40503.89,0
40503.9,0
40503.91,0
40503.92,0
40503.93,0
40503.94,0
40503.95,0
40503.96,0
40503.97,0
40503.98,0
40503.99,0
40504,0
40504.01,0
40504.02,0
40504.03,0
40504.04,0
40504.05,0
40504.06,0
40504.07,0
40504.08,0
40504.09,0
40504.1,0
40504.11,0
40504.12,0
40504.13,0
40504.14,0
40504.15,0
40504.16,0
40504.17,0
40504.18,0
40504.19,0
40504.2,0
40504.21,0
40504.22,0
40504.23,0
40504.24,0
40504.25,0
40504.26,0
40504.27,0
40504.28,0
40504.29,0
40504.3,0
40504.31,0
40504.32,0
40504.33,0
40504.34,0
40504.35,0
40504.36,0
40504.37,0
40504.38,0
40504.39,0
40504.4,0
40504.41,0
40504.42,0
40504.43,0
40504.44,0
40504.45,0
40504.46,0
40504.47,0
40504.48,0
40504.49,0
40504.5,0
40504.51,0
40504.52,0
40504.53,0
40504.54,0
40504.55,0
40504.56,0
40504.57,0
40504.58,0
40504.59,0
40504.6,0
40504.61,0
40504.62,0
40504.63,0
40504.64,0
40504.65,0
40504.66,0
40504.67,0
40504.68,0
40504.69,0
40504.7,0
40504.71,0
40504.72,0
40504.73,0
40504.74,0
40504.75,0
40504.76,0
40504.77,0
40504.78,0
40504.79,0
40504.8,0
40504.81,0
40504.82,0
40504.83,0
40504.84,0
40504.85,0
40504.86,0
40504.87,0
40504.88,0
40504.89,0
40504.9,0
40504.91,0
40504.92,0
40504.93,0
40504.94,0
40504.95,0
40504.96,0
40504.97,0
40504.98,0
40504.99,0
40505,0
40505.01,0
40505.02,0
40505.03,0
40505.04,0
40505.05,0
40505.06,0
40505.07,0
40505.08,0
40505.09,0
40505.1,0
40505.11,0
40505.12,0
40505.13,0
40505.14,0
40505.15,0
40505.16,0
40505.17,0
40505.18,0
40505.19,0
40505.2,0
40505.21,0
40505.22,0
40505.23,0
40505.24,0
40505.25,0
40505.26,0
40505.27,0
40505.28,0
40505.29,0
40505.3,0
40505.31,0
40505.32,0
40505.33,0
40505.34,0
40505.35,0
40505.36,0
40505.37,0
40505.38,0
40505.39,0
40505.4,0
40505.41,0
40505.42,0
40505.43,0
40505.44,0
40505.45,0
40505.46,0
40505.47,0
40505.48,0
40505.49,0
40505.5,0
40505.51,0
40505.52,0
40505.53,0
40505.54,0
40505.55,0
40505.56,0
40505.57,0
40505.58,0
40505.59,0
40505.6,0
40505.61,0
40505.62,0
40505.63,0
40505.64,0
40505.65,0
40505.66,0
40505.67,0
40505.68,0
40505.69,0
40505.7,0
40505.71,0
40505.72,0
40505.73,0
40505.74,0
40505.75,0
40505.76,0
40505.77,0
40505.78,0
40505.79,0
40505.8,0
40505.81,0
40505.82,0
40505.83,0
40505.84,0
40505.85,0
40505.86,0
40505.87,0
40505.88,0
40505.89,0
40505.9,0
40505.91,0
40505.92,0
40505.93,0
40505.94,0
40505.95,0
40505.96,0
40505.97,0
40505.98,0
40505.99,0
40506,0
40506.01,0
40506.02,0
40506.03,0
40506.04,0
40506.05,0
40506.06,0
40506.07,0
40506.08,0
40506.09,0
40506.1,0
40506.11,0
40506.12,0
40506.13,0
40506.14,0
40506.15,0
40506.16,0
40506.17,0
40506.18,0
40506.19,0
40506.2,0
40506.21,0
40506.22,0
40506.23,0
40506.24,0
40506.25,0
40506.26,0
40506.27,0
40506.28,0
40506.29,0
40506.3,0
40506.31,0
40506.32,0
40506.33,0
40506.34,0
40506.35,0
40506.36,0
40506.37,0
40506.38,0
40506.39,0
40506.4,0
40506.41,0
40506.42,0
40506.43,0
40506.44,0
40506.45,0
40506.46,0
40506.47,0
40506.48,0
40506.49,0
40506.5,0
40506.51,0
40506.52,0
40506.53,0
40506.54,0
40506.55,0
40506.56,0
40506.57,0
40506.58,0
40506.59,0
40506.6,0
40506.61,0
40506.62,0
40506.63,0
40506.64,0
40506.65,0
40506.66,0
40506.67,0
40506.68,0
40506.69,0
40506.7,0
40506.71,0
40506.72,0
40506.73,0
40506.74,0
40506.75,0
40506.76,0
40506.77,0
40506.78,0
40506.79,0
40506.8,0
40506.81,0
40506.82,0
40506.83,0
40506.84,0
40506.85,0
40506.86,0
40506.87,0
40506.88,0
40506.89,0
40506.9,0
40506.91,0
40506.92,0
40506.93,0
40506.94,0
40506.95,0
40506.96,0
40506.97,0
40506.98,0
40506.99,0
40507,0
40507.01,0
40507.02,0
40507.03,0
40507.04,0
40507.05,0
40507.06,0
40507.07,0
40507.08,0
40507.09,0
40507.1,0
40507.11,0
40507.12,0
40507.13,0
40507.14,0
40507.15,0
40507.16,0
40507.17,0
40507.18,0
40507.19,0
40507.2,0
40507.21,0
40507.22,0
40507.23,0
40507.24,0
40507.25,0
40507.26,0
40507.27,0
40507.28,0
40507.29,0
40507.3,0
40507.31,0
40507.32,0
40507.33,0
40507.34,0
40507.35,0
40507.36,0
40507.37,0
40507.38,0
40507.39,0
40507.4,0
40507.41,0
40507.42,0
40507.43,0
40507.44,0
40507.45,0
40507.46,0
40507.47,0
40507.48,0
40507.49,0
40507.5,0
40507.51,0
40507.52,0
40507.53,0
40507.54,0
40507.55,0
40507.56,0
40507.57,0
40507.58,0
40507.59,0
40507.6,0
40507.61,0
40507.62,0
40507.63,0
40507.64,0
40507.65,0
40507.66,0
40507.67,0
40507.68,0
40507.69,0
40507.7,0
40507.71,0
40507.72,0
40507.73,0
40507.74,0
40507.75,0
40507.76,0
40507.77,0
40507.78,0
40507.79,0
40507.8,0
40507.81,0
40507.82,0
40507.83,0
40507.84,0
40507.85,0
40507.86,0
40507.87,0
40507.88,0
40507.89,0
40507.9,0
40507.91,0
40507.92,0
40507.93,0
40507.94,0
40507.95,0
40507.96,0
40507.97,0
40507.98,0
40507.99,0
40508,0
40508.01,0
40508.02,0
40508.03,0
40508.04,0
40508.05,0
40508.06,0
40508.07,0
40508.08,0
40508.09,0
40508.1,0
40508.11,0
40508.12,0
40508.13,0
40508.14,0
40508.15,0
40508.16,0
40508.17,0
40508.18,0
40508.19,0
40508.2,0
40508.21,0
40508.22,0
40508.23,0
40508.24,0
40508.25,0
40508.26,0
40508.27,0
40508.28,0
40508.29,0
40508.3,0
40508.31,0
40508.32,0
40508.33,0
40508.34,0
40508.35,0
40508.36,0
40508.37,0
40508.38,0
40508.39,0
40508.4,0
40508.41,0
40508.42,0
40508.43,0
40508.44,0
40508.45,0
40508.46,0
40508.47,0
40508.48,0
40508.49,0
40508.5,0
40508.51,0
40508.52,0
40508.53,0
40508.54,0
40508.55,0
40508.56,0
40508.57,0
40508.58,0
40508.59,0
40508.6,0
40508.61,0
40508.62,0
40508.63,0
40508.64,0
40508.65,0
40508.66,0
40508.67,0
40508.68,0
40508.69,0
40508.7,0
40508.71,0
40508.72,0
40508.73,0
40508.74,0
40508.75,0
40508.76,0
40508.77,0
40508.78,0
40508.79,0
40508.8,0
40508.81,0
40508.82,0
40508.83,0
40508.84,0
40508.85,0
40508.86,0
40508.87,0
40508.88,0
40508.89,0
40508.9,0
40508.91,0
40508.92,0
40508.93,0
40508.94,0
40508.95,0
40508.96,0
40508.97,0
40508.98,0
40508.99,0
40509,0
40509.01,0
40509.02,0
40509.03,0
40509.04,0
40509.05,0
40509.06,0
40509.07,0
40509.08,0
40509.09,0
40509.1,0
40509.11,0
40509.12,0
40509.13,0
40509.14,0
40509.15,0
40509.16,0
40509.17,0
40509.18,0
40509.19,0
40509.2,0
40509.21,0
40509.22,0
40509.23,0
40509.24,0
40509.25,0
40509.26,0
40509.27,0
40509.28,0
40509.29,0
40509.3,0
40509.31,0
40509.32,0
40509.33,0
40509.34,0
40509.35,0
40509.36,0
40509.37,0
40509.38,0
40509.39,0
40509.4,0
40509.41,0
40509.42,0
40509.43,0
40509.44,0
40509.45,0
40509.46,0
40509.47,0
40509.48,0
40509.49,0
40509.5,0
40509.51,0
40509.52,0
40509.53,0
40509.54,0
40509.55,0
40509.56,0
40509.57,0
40509.58,0
40509.59,0
40509.6,0
40509.61,0
40509.62,0
40509.63,0
40509.64,0
40509.65,0
40509.66,0
40509.67,0
40509.68,0
40509.69,0
40509.7,0
40509.71,0
40509.72,0
40509.73,0
40509.74,0
40509.75,0
40509.76,0
40509.77,0
40509.78,0
40509.79,0
40509.8,0
40509.81,0
40509.82,0
40509.83,0
40509.84,0
40509.85,0
40509.86,0
40509.87,0
40509.88,0
40509.89,0
40509.9,0
40509.91,0
40509.92,0
40509.93,0
40509.94,0
40509.95,0
40509.96,0
40509.97,0
40509.98,0
40509.99,0
40510,0
40510.01,0
40510.02,0
40510.03,0
40510.04,0
40510.05,0
40510.06,0
40510.07,0
40510.08,0
40510.09,0
40510.1,0
40510.11,0
40510.12,0
40510.13,0
40510.14,0
40510.15,0
40510.16,0
40510.17,0
40510.18,0
40510.19,0
40510.2,0
40510.21,0
40510.22,0
40510.23,0
40510.24,0
40510.25,0
40510.26,0
40510.27,0
40510.28,0
40510.29,0
40510.3,0
40510.31,0
40510.32,0
40510.33,0
40510.34,0
40510.35,0
40510.36,0
40510.37,0
40510.38,0
40510.39,0
40510.4,0
40510.41,0
40510.42,0
40510.43,0
40510.44,0
40510.45,0
40510.46,0
40510.47,0
40510.48,0
40510.49,0
40510.5,0
40510.51,0
40510.52,0
40510.53,0
40510.54,0
40510.55,0
40510.56,0
40510.57,0
40510.58,0
40510.59,0
40510.6,0
40510.61,0
40510.62,0
40510.63,0
40510.64,0
40510.65,0
40510.66,0
40510.67,0
40510.68,0
40510.69,0
40510.7,0
40510.71,0
40510.72,0
40510.73,0
40510.74,0
40510.75,0
40510.76,0
40510.77,0
40510.78,0
40510.79,0
40510.8,0
40510.81,0
40510.82,0
40510.83,0
40510.84,0
40510.85,0
40510.86,0
40510.87,0
40510.88,0
40510.89,0
40510.9,0
40510.91,0
40510.92,0
40510.93,0
40510.94,0
40510.95,0
40510.96,0
40510.97,0
40510.98,0
40510.99,0
40511,0
40511.01,0
40511.02,0
40511.03,0
40511.04,0
40511.05,0
40511.06,0
40511.07,0
40511.08,0
40511.09,0
40511.1,0
40511.11,0
40511.12,0
40511.13,0
40511.14,0
40511.15,0
40511.16,0
40511.17,0
40511.18,0
40511.19,0
40511.2,0
40511.21,0
40511.22,0
40511.23,0
40511.24,0
40511.25,0
40511.26,0
40511.27,0
40511.28,0
40511.29,0
40511.3,0
40511.31,0
40511.32,0
40511.33,0
40511.34,0
40511.35,0
40511.36,0
40511.37,0
40511.38,0
40511.39,0
40511.4,0
40511.41,0
40511.42,0
40511.43,0
40511.44,0
40511.45,0
40511.46,0
40511.47,0
40511.48,0
40511.49,0
40511.5,0
40511.51,0
40511.52,0
40511.53,0
40511.54,0
40511.55,0
40511.56,0
40511.57,0
40511.58,0
40511.59,0
40511.6,0
40511.61,0
40511.62,0
40511.63,0
40511.64,0
40511.65,0
40511.66,0
40511.67,0
40511.68,0
40511.69,0
40511.7,0
40511.71,0
40511.72,0
40511.73,0
40511.74,0
40511.75,0
40511.76,0
40511.77,0
40511.78,0
40511.79,0
40511.8,0
40511.81,0
40511.82,0
40511.83,0
40511.84,0
40511.85,0
40511.86,0
40511.87,0
40511.88,0
40511.89,0
40511.9,0
40511.91,0
40511.92,0
40511.93,0
40511.94,0
40511.95,0
40511.96,0
40511.97,0
40511.98,0
40511.99,0
40512,0
40512.01,0
40512.02,0
40512.03,0
40512.04,0
40512.05,0
40512.06,0
40512.07,0
40512.08,0
40512.09,0
40512.1,0
40512.11,0
40512.12,0
40512.13,0
40512.14,0
40512.15,0
40512.16,0
40512.17,0
40512.18,0
40512.19,0
40512.2,0
40512.21,0
40512.22,0
40512.23,0
40512.24,0
40512.25,0
40512.26,0
40512.27,0
40512.28,0
40512.29,0
40512.3,0
40512.31,0
40512.32,0
40512.33,0
40512.34,0
40512.35,0
40512.36,0
40512.37,0
40512.38,0
40512.39,0
40512.4,0
40512.41,0
40512.42,0
40512.43,0
40512.44,0
40512.45,0
40512.46,0
40512.47,0
40512.48,0
40512.49,0
40512.5,0
40512.51,0
40512.52,0
40512.53,0
40512.54,0
40512.55,0
40512.56,0
40512.57,0
40512.58,0
40512.59,0
40512.6,0
40512.61,0
40512.62,0
40512.63,0
40512.64,0
40512.65,0
40512.66,0
40512.67,0
40512.68,0
40512.69,0
40512.7,0
40512.71,0
40512.72,0
40512.73,0
40512.74,0
40512.75,0
40512.76,0
40512.77,0
40512.78,0
40512.79,0
40512.8,0
40512.81,0
40512.82,0
40512.83,0
40512.84,0
40512.85,0
40512.86,0
40512.87,0
40512.88,0
40512.89,0
40512.9,0
40512.91,0
40512.92,0
40512.93,0
40512.94,0
40512.95,0
40512.96,0
40512.97,0
40512.98,0
40512.99,0
40513,0
40513.01,0
40513.02,0
40513.03,0
40513.04,0
40513.05,0
40513.06,0
40513.07,0
40513.08,0
40513.09,0
40513.1,0
40513.11,0
40513.12,0
40513.13,0
40513.14,0
40513.15,0
40513.16,0
40513.17,0
40513.18,0
40513.19,0
40513.2,0
40513.21,0
40513.22,0
40513.23,0
40513.24,0
40513.25,0
40513.26,0
40513.27,0
40513.28,7.09980706432486E-07
40513.29,139.1283581878
40513.3,196.481077921876
40513.31,181.759872430824
40513.32,165.682227268135
40513.33,143.478827829355
40513.34,125.979329671174
40513.35,101.921470539209
40513.36,110.157172099982
40513.37,147.48031082405
40513.38,200.56775888266
40513.39,268.875607158298
40513.4,297.221654499953
40513.41,307.965754809038
40513.42,260.04146835787
40513.43,209.280442720166
40513.44,147.287526347248
40513.45,103.362906456466
40513.46,70.1736980592414
40513.47,40.4992739031582
40513.48,2.65172247341187
40513.49,2.2932627036747
40513.5,1.95155241483642
40513.51,1.69114337329752
40513.52,1.47162289690118
40513.53,1.19218918325662
40513.54,0.955346834382333
40513.55,0.694019107153177
40513.56,0.456179241240267
40513.57,0.225610476998529
40513.58,0
40513.59,0
40513.6,0
40513.61,0
40513.62,0
40513.63,0
40513.64,0
40513.65,0
40513.66,0
40513.67,0
40513.68,0
40513.69,0
40513.7,0
40513.71,0
40513.72,0
40513.73,0
40513.74,0
40513.75,0
40513.76,0
40513.77,0
40513.78,0
40513.79,0
40513.8,0
40513.81,0
40513.82,0
40513.83,0
40513.84,0
40513.85,0
40513.86,0
40513.87,0
40513.88,0
40513.89,0
40513.9,0
40513.91,0
40513.92,0
40513.93,0
40513.94,0
40513.95,0
40513.96,0
40513.97,0
40513.98,0
40513.99,0
40514,0
40514.01,0
40514.02,0
40514.03,0
40514.04,0
40514.05,0
40514.06,0
40514.07,0
40514.08,0
40514.09,0
40514.1,0
40514.11,0
40514.12,0
40514.13,0
40514.14,0
40514.15,0
40514.16,0
40514.17,0
40514.18,0
40514.19,0
40514.2,0
40514.21,0
40514.22,0
40514.23,0
40514.24,0
40514.25,0
40514.26,0
40514.27,0
40514.28,0
40514.29,0
40514.3,0
40514.31,0
40514.32,0
40514.33,0
40514.34,0
40514.35,0
40514.36,0
40514.37,0
40514.38,0
40514.39,0
40514.4,0
40514.41,0
40514.42,0
40514.43,0
40514.44,0
40514.45,0
40514.46,0
40514.47,0
40514.48,0
40514.49,0
40514.5,0
40514.51,0
40514.52,0
40514.53,0
40514.54,0
40514.55,0
40514.56,0
40514.57,0
40514.58,0
40514.59,0
40514.6,0
40514.61,0
40514.62,0
40514.63,0
40514.64,0
40514.65,0
40514.66,0
40514.67,0
40514.68,0
40514.69,0
40514.7,0
40514.71,0
40514.72,0
40514.73,0
40514.74,0
40514.75,0
40514.76,0
40514.77,0
40514.78,0
40514.79,0
40514.8,0
40514.81,0
40514.82,0
40514.83,0
40514.84,0
40514.85,0
40514.86,0
40514.87,0
40514.88,0
40514.89,0
40514.9,0
40514.91,0
40514.92,0
40514.93,0
40514.94,0
40514.95,0
40514.96,0
40514.97,0
40514.98,0
40514.99,0
40515,0
40515.01,0
40515.02,0
40515.03,0
40515.04,0
40515.05,0
40515.06,0
40515.07,0
40515.08,0
40515.09,0
40515.1,0
40515.11,0
40515.12,0
40515.13,0
40515.14,0
40515.15,0
40515.16,0
40515.17,0
40515.18,0
40515.19,0
40515.2,0
40515.21,0
40515.22,0
40515.23,0
40515.24,0
40515.25,0
40515.26,0
40515.27,0
40515.28,0
40515.29,0
40515.3,0
40515.31,0
40515.32,0
40515.33,0
40515.34,0
40515.35,0
40515.36,0
40515.37,0
40515.38,0
40515.39,0
40515.4,0
40515.41,0
40515.42,0
40515.43,0
40515.44,0
40515.45,0
40515.46,0
40515.47,0
40515.48,0
40515.49,0
40515.5,0
40515.51,0
40515.52,0
40515.53,0
40515.54,0
40515.55,0
40515.56,0
40515.57,0
40515.58,0
40515.59,0
40515.6,0
40515.61,0
40515.62,0
40515.63,0
40515.64,0
40515.65,0
40515.66,0
40515.67,0
40515.68,0
40515.69,0
40515.7,0
40515.71,0
40515.72,0
40515.73,0
40515.74,0
40515.75,0
40515.76,0
40515.77,0
40515.78,0
40515.79,0
40515.8,0
40515.81,0
40515.82,0
40515.83,0
40515.84,0
40515.85,0
40515.86,0
40515.87,0
40515.88,0
40515.89,0
40515.9,0
40515.91,0
40515.92,0
40515.93,0
40515.94,0
40515.95,0
40515.96,0
40515.97,0
40515.98,0
40515.99,0
40516,0
40516.01,0
40516.02,0
40516.03,0
40516.04,0
40516.05,0
40516.06,0
40516.07,0
40516.08,0
40516.09,0
40516.1,0
40516.11,0
40516.12,0
40516.13,0
40516.14,0
40516.15,0
40516.16,0
40516.17,0
40516.18,0
40516.19,0
40516.2,0
40516.21,0
40516.22,0
40516.23,0
40516.24,0
40516.25,0
40516.26,0
40516.27,0
40516.28,0
40516.29,0
40516.3,0
40516.31,0
40516.32,0
40516.33,0
40516.34,0
40516.35,0
40516.36,0
40516.37,0
40516.38,0
40516.39,0
40516.4,0
40516.41,0
40516.42,0
40516.43,0
40516.44,0
40516.45,0
40516.46,0
40516.47,0
40516.48,0
40516.49,0
40516.5,0
40516.51,0
40516.52,0
40516.53,0
40516.54,0
40516.55,0
40516.56,0
40516.57,0
40516.58,0
40516.59,0
40516.6,0
40516.61,0
40516.62,0
40516.63,0
40516.64,0
40516.65,0
40516.66,0
40516.67,0
40516.68,0
40516.69,0
40516.7,0
40516.71,0
40516.72,0
40516.73,0
40516.74,0
40516.75,0
40516.76,0
40516.77,0
40516.78,0
40516.79,0
40516.8,0
40516.81,0
40516.82,0
40516.83,0
40516.84,0
40516.85,0
40516.86,0
40516.87,0
40516.88,0
40516.89,0
40516.9,0
40516.91,0
40516.92,0
40516.93,0
40516.94,0
40516.95,0
40516.96,0
40516.97,0
40516.98,0
40516.99,0
40517,0
40517.01,0
40517.02,0
40517.03,0
40517.04,0
40517.05,0
40517.06,0
40517.07,0
40517.08,0
40517.09,0
40517.1,0
40517.11,0
40517.12,0
40517.13,0
40517.14,0
40517.15,0
40517.16,0
40517.17,0
40517.18,0
40517.19,0
40517.2,0
40517.21,0
40517.22,0
40517.23,0
40517.24,0
40517.25,0
40517.26,0
40517.27,0
40517.28,0
40517.29,0
40517.3,0
40517.31,0
40517.32,0
40517.33,0
40517.34,0
40517.35,0
40517.36,0
40517.37,0
40517.38,0
40517.39,0
40517.4,0
40517.41,0
40517.42,0
40517.43,0
40517.44,0
40517.45,0
40517.46,0
40517.47,0
40517.48,0
40517.49,0
40517.5,0
40517.51,0
40517.52,0
40517.53,0
40517.54,0
40517.55,0
40517.56,0
40517.57,0
40517.58,0
40517.59,0
40517.6,0
40517.61,0
40517.62,0
40517.63,0
40517.64,0
40517.65,0
40517.66,0
40517.67,0
40517.68,0
40517.69,0
40517.7,0
40517.71,0
40517.72,0
40517.73,0
40517.74,0
40517.75,0
40517.76,0
40517.77,0
40517.78,0
40517.79,0
40517.8,0
40517.81,0
40517.82,0
40517.83,0
40517.84,0
40517.85,0
40517.86,0
40517.87,0
40517.88,0
40517.89,0
40517.9,0
40517.91,0
40517.92,0
40517.93,0
40517.94,0
40517.95,0
40517.96,0
40517.97,0
40517.98,0
40517.99,0
40518,0
40518.01,0
40518.02,0
40518.03,0
40518.04,0
40518.05,0
40518.06,0
40518.07,0
40518.08,0
40518.09,0
40518.1,0
40518.11,0
40518.12,0
40518.13,0
40518.14,0
40518.15,0
40518.16,0
40518.17,0
40518.18,0
40518.19,0
40518.2,0
40518.21,0
40518.22,0
40518.23,0
40518.24,0
40518.25,0
40518.26,0
40518.27,0
40518.28,0
40518.29,0
40518.3,0
40518.31,0
40518.32,0
40518.33,0
40518.34,0
40518.35,0
40518.36,0
40518.37,0
40518.38,0
40518.39,0
40518.4,0
40518.41,0
40518.42,0
40518.43,0
40518.44,0
40518.45,0
40518.46,0
40518.47,0
40518.48,0
40518.49,0
40518.5,0
40518.51,0
40518.52,0
40518.53,0
40518.54,0
40518.55,0
40518.56,0
40518.57,0
40518.58,0
40518.59,0
40518.6,0
40518.61,0
40518.62,0
40518.63,0
40518.64,0
40518.65,0
40518.66,0
40518.67,0
40518.68,0
40518.69,0
40518.7,0
40518.71,0
40518.72,0
40518.73,0
40518.74,0
40518.75,0
40518.76,0
40518.77,0
40518.78,0
40518.79,0
40518.8,0
40518.81,0
40518.82,0
40518.83,0
40518.84,0
40518.85,0
40518.86,0
40518.87,0
40518.88,0
40518.89,0
40518.9,0
40518.91,0
40518.92,0
40518.93,0
40518.94,0
40518.95,0
40518.96,0
40518.97,0
40518.98,0
40518.99,0
40519,0
40519.01,0
40519.02,0
40519.03,0
40519.04,0
40519.05,0
40519.06,0
40519.07,0
40519.08,0
40519.09,0
40519.1,0
40519.11,0
40519.12,0
40519.13,0
40519.14,0
40519.15,0
40519.16,0
40519.17,0
40519.18,0
40519.19,0
40519.2,0
40519.21,0
40519.22,0
40519.23,0
40519.24,0
40519.25,0
40519.26,0
40519.27,0
40519.28,0
40519.29,0
40519.3,0
40519.31,0
40519.32,0
40519.33,0
40519.34,0
40519.35,0
40519.36,0
40519.37,0
40519.38,0
40519.39,0
40519.4,0
40519.41,0
40519.42,0
40519.43,0
40519.44,0
40519.45,0
40519.46,0
40519.47,0
40519.48,0
40519.49,0
40519.5,0
40519.51,0
40519.52,0
40519.53,0
40519.54,0
40519.55,0
40519.56,0
40519.57,0
40519.58,0
40519.59,0
40519.6,0
40519.61,0
40519.62,0
40519.63,0
40519.64,0
40519.65,0
40519.66,0
40519.67,0
40519.68,0
40519.69,0
40519.7,0
40519.71,0
40519.72,0
40519.73,0
40519.74,0
40519.75,0
40519.76,0
40519.77,0
40519.78,0
40519.79,0
40519.8,0
40519.81,0
40519.82,0
40519.83,0
40519.84,0
40519.85,0
40519.86,0
40519.87,0
40519.88,0
40519.89,0
40519.9,0
40519.91,0
40519.92,0
40519.93,0
40519.94,0
40519.95,0
40519.96,0
40519.97,0
40519.98,0
40519.99,0
40520,0
40520.01,0
40520.02,0
40520.03,0
40520.04,0
40520.05,0
40520.06,0
40520.07,0
40520.08,0
40520.09,0
40520.1,0
40520.11,0
40520.12,0
40520.13,0
40520.14,0
40520.15,0
40520.16,0
40520.17,0
40520.18,0
40520.19,0
40520.2,0
40520.21,0
40520.22,0
40520.23,0
40520.24,0
40520.25,0
40520.26,0
40520.27,0
40520.28,0
40520.29,0
40520.3,0
40520.31,0
40520.32,0
40520.33,0
40520.34,0
40520.35,0
40520.36,0
40520.37,0
40520.38,0
40520.39,0
40520.4,0
40520.41,0
40520.42,0
40520.43,0
40520.44,0
40520.45,0
40520.46,0
40520.47,0
40520.48,0
40520.49,0
40520.5,0
40520.51,0
40520.52,0
40520.53,0
40520.54,0
40520.55,0
40520.56,0
40520.57,0
40520.58,0
40520.59,0
40520.6,0
40520.61,0
40520.62,0
40520.63,0
40520.64,0
40520.65,0
40520.66,0
40520.67,0
40520.68,0
40520.69,0
40520.7,0
40520.71,0
40520.72,0
40520.73,0
40520.74,0
40520.75,0
40520.76,0
40520.77,0
40520.78,0
40520.79,0
40520.8,0
40520.81,0
40520.82,0
40520.83,0
40520.84,0
40520.85,0
40520.86,0
40520.87,0
40520.88,0
40520.89,0
40520.9,0
40520.91,0
40520.92,0
40520.93,0
40520.94,0
40520.95,0
40520.96,0
40520.97,0
40520.98,0
40520.99,0
40521,0
40521.01,0
40521.02,0
40521.03,0
40521.04,0
40521.05,0
40521.06,0
40521.07,0
40521.08,0
40521.09,0
40521.1,0
40521.11,0
40521.12,0
40521.13,0
40521.14,0
40521.15,0
40521.16,0
40521.17,0
40521.18,0
40521.19,0
40521.2,0
40521.21,0
40521.22,0
40521.23,0
40521.24,0
40521.25,0
40521.26,0
40521.27,0
40521.28,0
40521.29,0
40521.3,0
40521.31,0
40521.32,0
40521.33,0
40521.34,0
40521.35,0
40521.36,0
40521.37,0
40521.38,0
40521.39,0
40521.4,0
40521.41,0
40521.42,0
40521.43,0
40521.44,0
40521.45,0
40521.46,0
40521.47,0
40521.48,0
40521.49,0
40521.5,0
40521.51,0
40521.52,0
40521.53,0
40521.54,0
40521.55,0
40521.56,0
40521.57,0
40521.58,0
40521.59,0
40521.6,0
40521.61,0
40521.62,0
40521.63,0
40521.64,0
40521.65,0
40521.66,0
40521.67,0
40521.68,0
40521.69,0
40521.7,0
40521.71,0
40521.72,0
40521.73,0
40521.74,0
40521.75,0
40521.76,0
40521.77,0
40521.78,0
40521.79,0
40521.8,0
40521.81,0
40521.82,0
40521.83,0
40521.84,0
40521.85,0
40521.86,0
40521.87,0
40521.88,0
40521.89,0
40521.9,0
40521.91,0
40521.92,0
40521.93,0
40521.94,0
40521.95,0
40521.96,0
40521.97,0
40521.98,0
40521.99,0
40522,0
40522.01,0
40522.02,0
40522.03,0
40522.04,0
40522.05,0
40522.06,0
40522.07,0
40522.08,0
40522.09,0
40522.1,0
40522.11,0
40522.12,0
40522.13,0
40522.14,0
40522.15,0
40522.16,0
40522.17,0
40522.18,0
40522.19,0
40522.2,0
40522.21,0
40522.22,0
40522.23,0
40522.24,0
40522.25,0
40522.26,0
40522.27,0
40522.28,0
40522.29,0
40522.3,0
40522.31,0
40522.32,0
40522.33,0
40522.34,0
40522.35,0
40522.36,0
40522.37,0
40522.38,0
40522.39,0
40522.4,0
40522.41,0
40522.42,0
40522.43,0
40522.44,0
40522.45,0
40522.46,0
40522.47,0
40522.48,0
40522.49,0
40522.5,0
40522.51,0
40522.52,0
40522.53,0
40522.54,0
40522.55,0
40522.56,0
40522.57,0
40522.58,0
40522.59,0
40522.6,0
40522.61,0
40522.62,0
40522.63,0
40522.64,0
40522.65,0
40522.66,0
40522.67,0
40522.68,0
40522.69,0
40522.7,0
40522.71,0
40522.72,0
40522.73,0
40522.74,0
40522.75,0
40522.76,0
40522.77,0
40522.78,0
40522.79,0
40522.8,0
40522.81,0
40522.82,0
40522.83,0
40522.84,0
40522.85,0
40522.86,0
40522.87,0
40522.88,0
40522.89,0
40522.9,0
40522.91,0
40522.92,0
40522.93,0
40522.94,0
40522.95,0
40522.96,0
40522.97,0
40522.98,0
40522.99,0
40523,0
40523.01,0
40523.02,0
40523.03,0
40523.04,0
40523.05,0
40523.06,0
40523.07,0
40523.08,0
40523.09,0
40523.1,0
40523.11,0
40523.12,0
40523.13,0
40523.14,0
40523.15,0
40523.16,0
40523.17,0
40523.18,0
40523.19,0
40523.2,0
40523.21,0
40523.22,0
40523.23,0
40523.24,0
40523.25,0
40523.26,0
40523.27,0
40523.28,0
40523.29,0
40523.3,0
40523.31,0
40523.32,0
40523.33,0
40523.34,0
40523.35,0
40523.36,0
40523.37,0
40523.38,0
40523.39,0
40523.4,0
40523.41,0
40523.42,0
40523.43,0
40523.44,0
40523.45,0
40523.46,0
40523.47,0
40523.48,0
40523.49,0
40523.5,0
40523.51,0
40523.52,0
40523.53,0
40523.54,0
40523.55,0
40523.56,0
40523.57,0
40523.58,0
40523.59,0
40523.6,0
40523.61,0
40523.62,0
40523.63,0
40523.64,0
40523.65,0
40523.66,0
40523.67,0
40523.68,0
40523.69,0
40523.7,0
40523.71,0
40523.72,0
40523.73,0
40523.74,0
40523.75,0
40523.76,0
40523.77,0
40523.78,0
40523.79,0
40523.8,0
40523.81,0
40523.82,0
40523.83,0
40523.84,0
40523.85,0
40523.86,0
40523.87,0
40523.88,0
40523.89,0
40523.9,0
40523.91,0
40523.92,0
40523.93,0
40523.94,0
40523.95,0
40523.96,0
40523.97,0
40523.98,0
40523.99,0
40524,0
40524.01,0
40524.02,0
40524.03,0
40524.04,0
40524.05,0
40524.06,0
40524.07,0
40524.08,0
40524.09,0
40524.1,0
40524.11,0
40524.12,0
40524.13,0
40524.14,0.727225557566389
40524.15,23.2636705421637
40524.16,125.919699259872
40524.17,125.455251062285
40524.18,122.173766280716
40524.19,107.38480583953
40524.2,94.5662653429462
40524.21,79.0524221095859
40524.22,54.8994047351761
40524.23,18.5279868875964
40524.24,18.3015793035358
40524.25,17.4804843827928
40524.26,16.1718933254605
40524.27,15.8585278444077
40524.28,14.2595449771559
40524.29,13.0062811890496
40524.3,12.1021691763483
40524.31,12.1491503469351
40524.32,11.9425229547189
40524.33,11.6522874069252
40524.34,11.2038518749719
40524.35,11.0319591594292
40524.36,10.4284987539314
40524.37,9.00561700674582
40524.38,7.28136563200827
40524.39,5.00518736762188
40524.4,0.914834776470943
40524.41,0.801152873780747
40524.42,0.646351985451376
40524.43,0.505992856835088
40524.44,0.381855828773704
40524.45,0.247397352645706
40524.46,0.118056218851514
40524.47,0.0296229534648344
40524.48,0
40524.49,0
40524.5,0.0376616879417749
40524.51,0.702316708846188
40524.52,3.38137523890964
40524.53,8.88437626294431
40524.54,19.0661297353252
40524.55,34.752074423482
40524.56,52.8918882950155
40524.57,66.9245704250597
40524.58,76.3184879675392
40524.59,77.4026258178485
40524.6,80.5601662954509
40524.61,87.5256301434938
40524.62,94.0631443721653
40524.63,106.6829868789
40524.64,116.153401393595
40524.65,128.004755150247
40524.66,137.226520270668
40524.67,147.597471008744
40524.68,153.54196012456
40524.69,154.83645238177
40524.7,142.161994880757
40524.71,118.581233410828
40524.72,85.1944234905992
40524.73,57.7718036772024
40524.74,42.2989717605456
40524.75,29.380548507313
40524.76,20.3303975819339
40524.77,11.8283623649309
40524.78,2.00877370457506
40524.79,1.82081711972814
40524.8,1.6624100693309
40524.81,1.45702548773979
40524.82,1.22918380113397
40524.83,1.03407741230669
40524.84,0.825277842294271
40524.85,0.593247745718984
40524.86,0.382414247102956
40524.87,0.164179142588003
40524.88,0
40524.89,0
40524.9,0
40524.91,0
40524.92,0
40524.93,0
40524.94,0
40524.95,0
40524.96,0
40524.97,0
40524.98,0
40524.99,0
40525,0
40525.01,0
40525.02,0
40525.03,0
40525.04,0
40525.05,0
40525.06,0
40525.07,0
40525.08,0
40525.09,0
40525.1,0
40525.11,0
40525.12,0
40525.13,0
40525.14,0
40525.15,0
40525.16,0
40525.17,0
40525.18,0
40525.19,0
40525.2,0
40525.21,0
40525.22,0
40525.23,0
40525.24,0
40525.25,0
40525.26,0
40525.27,0
40525.28,0
40525.29,0
40525.3,0
40525.31,0
40525.32,0
40525.33,0
40525.34,0
40525.35,0
40525.36,0
40525.37,0
40525.38,0
40525.39,0
40525.4,0
40525.41,0
40525.42,0
40525.43,0
40525.44,0
40525.45,0
40525.46,0
40525.47,0
40525.48,0
40525.49,0
40525.5,0
40525.51,0
40525.52,0
40525.53,0
40525.54,0
40525.55,0
40525.56,0
40525.57,0
40525.58,0
40525.59,0
40525.6,0
40525.61,0
40525.62,0
40525.63,0
40525.64,0
40525.65,0
40525.66,0
40525.67,0
40525.68,0
40525.69,0
40525.7,0
40525.71,0
40525.72,0
40525.73,0
40525.74,0
40525.75,0
40525.76,0
40525.77,0
40525.78,0
40525.79,0
40525.8,0
40525.81,0
40525.82,0
40525.83,0
40525.84,0
40525.85,0
40525.86,0
40525.87,0
40525.88,0
40525.89,0
40525.9,0
40525.91,0
40525.92,0
40525.93,0
40525.94,0
40525.95,0
40525.96,0
40525.97,0
40525.98,0
40525.99,0
40526,0
40526.01,0
40526.02,0
40526.03,0
40526.04,0
40526.05,0
40526.06,0
40526.07,0
40526.08,0
40526.09,0
40526.1,0
40526.11,0
40526.12,0
40526.13,0
40526.14,0
40526.15,0
40526.16,0
40526.17,0
40526.18,0
40526.19,0
40526.2,0
40526.21,0
40526.22,0
40526.23,0
40526.24,0
40526.25,0
40526.26,0
40526.27,0
40526.28,0
40526.29,0
40526.3,0
40526.31,0
40526.32,0
40526.33,0
40526.34,0
40526.35,0
40526.36,0
40526.37,0
40526.38,0
40526.39,0
40526.4,0
40526.41,0
40526.42,0
40526.43,0
40526.44,0
40526.45,0
40526.46,0
40526.47,0
40526.48,0
40526.49,0
40526.5,0
40526.51,0
40526.52,0
40526.53,0
40526.54,0
40526.55,0
40526.56,0
40526.57,0
40526.58,0
40526.59,0
40526.6,0
40526.61,0
40526.62,0
40526.63,0
40526.64,0
40526.65,0
40526.66,0
40526.67,0
40526.68,0
40526.69,0
40526.7,0
40526.71,0
40526.72,0
40526.73,0
40526.74,0
40526.75,0
40526.76,0
40526.77,0
40526.78,0
40526.79,0
40526.8,0
40526.81,0
40526.82,0
40526.83,0
40526.84,0
40526.85,0
40526.86,0
40526.87,0
40526.88,0
40526.89,0
40526.9,0
40526.91,0
40526.92,0
40526.93,0
40526.94,0
40526.95,0
40526.96,0
40526.97,0
40526.98,0
40526.99,0
40527,0
40527.01,0
40527.02,0
40527.03,0
40527.04,0
40527.05,0
40527.06,0
40527.07,0
40527.08,0
40527.09,0
40527.1,0
40527.11,0
40527.12,0
40527.13,0
40527.14,0
40527.15,0
40527.16,0
40527.17,0
40527.18,0
40527.19,0
40527.2,0
40527.21,0
40527.22,0
40527.23,0
40527.24,0
40527.25,0
40527.26,0
40527.27,0
40527.28,0
40527.29,0
40527.3,0
40527.31,0
40527.32,0
40527.33,0
40527.34,0
40527.35,0
40527.36,0
40527.37,0
40527.38,0
40527.39,0
40527.4,0
40527.41,0
40527.42,0
40527.43,0
40527.44,0
40527.45,0
40527.46,0
40527.47,0
40527.48,0
40527.49,0
40527.5,0
40527.51,0
40527.52,0
40527.53,0
40527.54,0
40527.55,0
40527.56,0
40527.57,0
40527.58,0
40527.59,0
40527.6,0
40527.61,0
40527.62,0
40527.63,0
40527.64,0
40527.65,0
40527.66,0
40527.67,0
40527.68,0
40527.69,0
40527.7,0
40527.71,0
40527.72,0
40527.73,0
40527.74,0
40527.75,0
40527.76,0
40527.77,0
40527.78,0
40527.79,0
40527.8,0
40527.81,0
40527.82,0
40527.83,0
40527.84,0
40527.85,0
40527.86,0
40527.87,0
40527.88,0
40527.89,0
40527.9,0
40527.91,0
40527.92,0
40527.93,0
40527.94,0
40527.95,0
40527.96,0
40527.97,0
40527.98,0
40527.99,0
40528,0
40528.01,0
40528.02,0
40528.03,0
40528.04,0
40528.05,0
40528.06,0
40528.07,0
40528.08,0
40528.09,0
40528.1,0
40528.11,0
40528.12,0
40528.13,0
40528.14,0
40528.15,0
40528.16,0
40528.17,0
40528.18,0
40528.19,0
40528.2,0
40528.21,0
40528.22,0
40528.23,0
40528.24,0
40528.25,0
40528.26,0
40528.27,0
40528.28,0
40528.29,0
40528.3,0
40528.31,0
40528.32,0
40528.33,0
40528.34,0
40528.35,0
40528.36,0
40528.37,0
40528.38,0
40528.39,0
40528.4,0
40528.41,0
40528.42,0
40528.43,0
40528.44,0
40528.45,0
40528.46,0
40528.47,1.14897737779508E-07
40528.48,22.4451480928803
40528.49,27.3844029504116
40528.5,32.747367333885
40528.51,38.801365607472
40528.52,44.1877994859346
40528.53,49.9663874168901
40528.54,52.4619907154091
40528.55,55.21525726159
40528.56,57.8311959462934
40528.57,55.7798585926053
40528.58,49.3183696805044
40528.59,41.8341835975742
40528.6,33.8557236573528
40528.61,25.8803378872499
40528.62,19.7598547120897
40528.63,14.3325150965641
40528.64,11.0240138796834
40528.65,0
40528.66,0
40528.67,0
40528.68,0
40528.69,0
40528.7,0
40528.71,0
40528.72,0
40528.73,0
40528.74,0
40528.75,0
40528.76,0
40528.77,0
40528.78,0
40528.79,0
40528.8,0
40528.81,0
40528.82,0
40528.83,0
40528.84,0
40528.85,0
40528.86,0
40528.87,0
40528.88,0
40528.89,0
40528.9,0
40528.91,0
40528.92,0
40528.93,0
40528.94,0
40528.95,0
40528.96,0
40528.97,0
40528.98,0
40528.99,0
40529,0
40529.01,0
40529.02,0
40529.03,0
40529.04,0
40529.05,0
40529.06,0
40529.07,0
40529.08,0
40529.09,0
40529.1,0
40529.11,0
40529.12,0
40529.13,0
40529.14,0
40529.15,0
40529.16,0
40529.17,0
40529.18,0
40529.19,0
40529.2,0
40529.21,0
40529.22,0
40529.23,0
40529.24,0
40529.25,0
40529.26,0
40529.27,0
40529.28,0
40529.29,0
40529.3,0
40529.31,0
40529.32,0
40529.33,0
40529.34,0
40529.35,0
40529.36,0
40529.37,0
40529.38,0
40529.39,0
40529.4,0
40529.41,0
40529.42,0
40529.43,0
40529.44,0
40529.45,0
40529.46,0
40529.47,0
40529.48,0
40529.49,0
40529.5,0
40529.51,0
40529.52,0
40529.53,0
40529.54,0
40529.55,0
40529.56,0
40529.57,0
40529.58,0
40529.59,0
40529.6,0
40529.61,0
40529.62,0
40529.63,0
40529.64,0
40529.65,0
40529.66,0
40529.67,0
40529.68,0
40529.69,0
40529.7,0
40529.71,0
40529.72,0
40529.73,0
40529.74,0
40529.75,0
40529.76,0
40529.77,0
40529.78,0
40529.79,0
40529.8,0
40529.81,0
40529.82,0
40529.83,0
40529.84,0
40529.85,0
40529.86,0
40529.87,0
40529.88,0
40529.89,0
40529.9,0
40529.91,0
40529.92,0
40529.93,0
40529.94,0
40529.95,0
40529.96,0
40529.97,0
40529.98,0
40529.99,0
40530,0
40530.01,0
40530.02,0
40530.03,0
40530.04,0
40530.05,0
40530.06,0
40530.07,0
40530.08,0
40530.09,0
40530.1,0
40530.11,0
40530.12,0
40530.13,0
40530.14,0
40530.15,0
40530.16,0
40530.17,0
40530.18,0
40530.19,0
40530.2,0
40530.21,0
40530.22,0
40530.23,0
40530.24,0
40530.25,0
40530.26,0
40530.27,0
40530.28,0
40530.29,0
40530.3,0
40530.31,0
40530.32,0
40530.33,0
40530.34,0
40530.35,0
40530.36,0
40530.37,0
40530.38,0
40530.39,0
40530.4,0
40530.41,0
40530.42,0
40530.43,0
40530.44,0
40530.45,0
40530.46,0
40530.47,0
40530.48,0
40530.49,0
40530.5,0
40530.51,0
40530.52,0
40530.53,0
40530.54,0
40530.55,0
40530.56,0
40530.57,0
40530.58,0
40530.59,0
40530.6,0
40530.61,0
40530.62,0
40530.63,0
40530.64,0
40530.65,0
40530.66,0
40530.67,0
40530.68,0
40530.69,0
40530.7,0
40530.71,0
40530.72,0
40530.73,0
40530.74,0
40530.75,0
40530.76,0
40530.77,0
40530.78,0
40530.79,0
40530.8,0
40530.81,0
40530.82,0
40530.83,0
40530.84,0
40530.85,0
40530.86,0
40530.87,0
40530.88,0
40530.89,0
40530.9,0
40530.91,0
40530.92,0
40530.93,0
40530.94,0
40530.95,0
40530.96,0
40530.97,0
40530.98,0
40530.99,0
40531,0
40531.01,0
40531.02,0
40531.03,0
40531.04,0
40531.05,0
40531.06,0
40531.07,0
40531.08,0
40531.09,0
40531.1,0
40531.11,0
40531.12,0
40531.13,0
40531.14,0
40531.15,0
40531.16,0
40531.17,0
40531.18,0
40531.19,0
40531.2,0
40531.21,0
40531.22,0
40531.23,0
40531.24,0
40531.25,0
40531.26,0
40531.27,0
40531.28,0
40531.29,0
40531.3,0
40531.31,0
40531.32,0
40531.33,0
40531.34,0
40531.35,0
40531.36,0
40531.37,0
40531.38,0
40531.39,0
40531.4,0
40531.41,0
40531.42,0
40531.43,0
40531.44,0
40531.45,0
40531.46,0
40531.47,0
40531.48,0
40531.49,0
40531.5,0
40531.51,0
40531.52,0
40531.53,0
40531.54,0
40531.55,0
40531.56,0
40531.57,0
40531.58,0
40531.59,0
40531.6,0
40531.61,0
40531.62,0
40531.63,0
40531.64,0
40531.65,0
40531.66,0
40531.67,0
40531.68,0
40531.69,0
40531.7,0
40531.71,0
40531.72,0
40531.73,0
40531.74,0
40531.75,0
40531.76,0
40531.77,0
40531.78,0
40531.79,0
40531.8,0
40531.81,0
40531.82,0
40531.83,0
40531.84,0
40531.85,0
40531.86,0
40531.87,0
40531.88,0
40531.89,0
40531.9,0
40531.91,0
40531.92,0
40531.93,0
40531.94,0
40531.95,0
40531.96,0
40531.97,0
40531.98,0
40531.99,0
40532,0
40532.01,0
40532.02,0
40532.03,0
40532.04,0
40532.05,0
40532.06,0
40532.07,0
40532.08,0
40532.09,0
40532.1,0
40532.11,0
40532.12,0
40532.13,0
40532.14,0
40532.15,0
40532.16,0
40532.17,0
40532.18,0
40532.19,0
40532.2,0
40532.21,0
40532.22,0
40532.23,0
40532.24,0
40532.25,0
40532.26,0
40532.27,0
40532.28,0
40532.29,0
40532.3,0
40532.31,0
40532.32,0
40532.33,0
40532.34,0
40532.35,0
40532.36,0
40532.37,0
40532.38,0
40532.39,0
40532.4,0
40532.41,0
40532.42,0
40532.43,0
40532.44,0
40532.45,0
40532.46,0
40532.47,0
40532.48,0
40532.49,0
40532.5,0
40532.51,0
40532.52,0
40532.53,0
40532.54,0
40532.55,0
40532.56,0
40532.57,0
40532.58,0
40532.59,0
40532.6,0
40532.61,0
40532.62,0
40532.63,0
40532.64,0
40532.65,0
40532.66,0
40532.67,0
40532.68,0
40532.69,0
40532.7,0
40532.71,0
40532.72,0
40532.73,0
40532.74,0
40532.75,0
40532.76,0
40532.77,0
40532.78,0
40532.79,0
40532.8,0
40532.81,0
40532.82,0
40532.83,0
40532.84,0
40532.85,0
40532.86,0
40532.87,0
40532.88,0
40532.89,0
40532.9,0
40532.91,0
40532.92,0
40532.93,0
40532.94,0
40532.95,0
40532.96,0
40532.97,0
40532.98,0
40532.99,0
40533,0
40533.01,0
40533.02,0
40533.03,0
40533.04,0
40533.05,0
40533.06,0
40533.07,0
40533.08,0
40533.09,0
40533.1,0
40533.11,0
40533.12,0
40533.13,0
40533.14,0
40533.15,0
40533.16,0
40533.17,0
40533.18,0
40533.19,0
40533.2,0
40533.21,0
40533.22,0
40533.23,0
40533.24,0
40533.25,0
40533.26,0
40533.27,0
40533.28,0
40533.29,0
40533.3,0
40533.31,0
40533.32,0
40533.33,0
40533.34,0
40533.35,0
40533.36,0
40533.37,0
40533.38,0
40533.39,0
40533.4,0
40533.41,0
40533.42,0
40533.43,0
40533.44,0
40533.45,0
40533.46,0
40533.47,0
40533.48,0
40533.49,0
40533.5,0
40533.51,0
40533.52,0
40533.53,0
40533.54,0
40533.55,0
40533.56,0
40533.57,0
40533.58,0
40533.59,0
40533.6,0
40533.61,0
40533.62,0
40533.63,0
40533.64,0
40533.65,0
40533.66,0
40533.67,0
40533.68,0
40533.69,0
40533.7,0
40533.71,0
40533.72,0
40533.73,0
40533.74,0
40533.75,0
40533.76,0
40533.77,0
40533.78,0
40533.79,0
40533.8,0
40533.81,0
40533.82,0
40533.83,0
40533.84,0
40533.85,0
40533.86,0
40533.87,0
40533.88,0
40533.89,0
40533.9,0
40533.91,0
40533.92,0
40533.93,0
40533.94,0
40533.95,0
40533.96,0
40533.97,0
40533.98,0
40533.99,0
40534,0
40534.01,0
40534.02,0
40534.03,0
40534.04,0
40534.05,0
40534.06,0
40534.07,0
40534.08,0
40534.09,0
40534.1,0
40534.11,0
40534.12,0
40534.13,0
40534.14,0
40534.15,0
40534.16,0
40534.17,0
40534.18,0
40534.19,0
40534.2,0
40534.21,0
40534.22,0
40534.23,0
40534.24,0
40534.25,0
40534.26,0
40534.27,0
40534.28,0
40534.29,0
40534.3,0
40534.31,0
40534.32,0
40534.33,0
40534.34,0
40534.35,0
40534.36,0
40534.37,0
40534.38,0
40534.39,0
40534.4,0
40534.41,0
40534.42,0
40534.43,0
40534.44,0
40534.45,0
40534.46,0
40534.47,0
40534.48,0
40534.49,0
40534.5,0
40534.51,0
40534.52,0
40534.53,0
40534.54,0
40534.55,0
40534.56,0
40534.57,0
40534.58,0
40534.59,0
40534.6,0
40534.61,0
40534.62,0
40534.63,0
40534.64,0
40534.65,0
40534.66,0
40534.67,0
40534.68,0
40534.69,0
40534.7,0
40534.71,0
40534.72,0
40534.73,0
40534.74,0
40534.75,0
40534.76,0
40534.77,0
40534.78,0
40534.79,0
40534.8,0
40534.81,0
40534.82,0
40534.83,0
40534.84,0
40534.85,0
40534.86,0
40534.87,0
40534.88,0
40534.89,0
40534.9,0
40534.91,0
40534.92,0
40534.93,0
40534.94,0
40534.95,0
40534.96,0
40534.97,0
40534.98,0
40534.99,0
40535,0
40535.01,0
40535.02,0
40535.03,0
40535.04,0
40535.05,0
40535.06,0
40535.07,0
40535.08,0
40535.09,0
40535.1,0
40535.11,0
40535.12,0
40535.13,0
40535.14,0
40535.15,0
40535.16,0
40535.17,0
40535.18,0
40535.19,0
40535.2,0
40535.21,0
40535.22,0
40535.23,0
40535.24,0
40535.25,0
40535.26,0
40535.27,0
40535.28,0
40535.29,0
40535.3,0
40535.31,0
40535.32,0
40535.33,0
40535.34,0
40535.35,0
40535.36,0
40535.37,0
40535.38,0
40535.39,0
40535.4,0
40535.41,0
40535.42,0
40535.43,0
40535.44,0
40535.45,0
40535.46,0
40535.47,0
40535.48,0
40535.49,0
40535.5,0
40535.51,0
40535.52,0
40535.53,0
40535.54,0
40535.55,0
40535.56,0
40535.57,0
40535.58,0
40535.59,0
40535.6,0
40535.61,0
40535.62,0
40535.63,0
40535.64,0
40535.65,0
40535.66,0
40535.67,0
40535.68,0
40535.69,0
40535.7,0
40535.71,0
40535.72,0
40535.73,0
40535.74,0
40535.75,0
40535.76,0
40535.77,0
40535.78,0
40535.79,0
40535.8,0
40535.81,0
40535.82,0
40535.83,0
40535.84,0
40535.85,0
40535.86,0
40535.87,0
40535.88,0
40535.89,0
40535.9,0
40535.91,0
40535.92,0
40535.93,0
40535.94,0
40535.95,0
40535.96,0
40535.97,0
40535.98,0
40535.99,0
40536,0
40536.01,0
40536.02,0
40536.03,0
40536.04,0
40536.05,0
40536.06,0
40536.07,0
40536.08,0
40536.09,0
40536.1,0
40536.11,0
40536.12,0
40536.13,0
40536.14,0
40536.15,0
40536.16,0
40536.17,0
40536.18,0
40536.19,0
40536.2,0
40536.21,0
40536.22,0
40536.23,0
40536.24,0
40536.25,0
40536.26,0
40536.27,0
40536.28,0
40536.29,0
40536.3,0
40536.31,0
40536.32,0
40536.33,0
40536.34,0
40536.35,0
40536.36,0
40536.37,0
40536.38,0
40536.39,0
40536.4,0
40536.41,0
40536.42,0
40536.43,0
40536.44,0
40536.45,0
40536.46,0
40536.47,0
40536.48,0
40536.49,0
40536.5,0
40536.51,0
40536.52,0
40536.53,0
40536.54,0
40536.55,0
40536.56,0
40536.57,0
40536.58,0
40536.59,0
40536.6,0
40536.61,0
40536.62,0
40536.63,0
40536.64,0
40536.65,0
40536.66,0
40536.67,0
40536.68,0
40536.69,0
40536.7,0
40536.71,0
40536.72,0
40536.73,0
40536.74,0
40536.75,0
40536.76,0
40536.77,0
40536.78,0
40536.79,0
40536.8,0
40536.81,0
40536.82,0
40536.83,0
40536.84,0
40536.85,0
40536.86,0
40536.87,0
40536.88,0
40536.89,0
40536.9,0
40536.91,0
40536.92,0
40536.93,0
40536.94,0
40536.95,0
40536.96,0
40536.97,0
40536.98,0
40536.99,0
40537,0
40537.01,0
40537.02,0
40537.03,0
40537.04,0
40537.05,0
40537.06,0
40537.07,0
40537.08,0
40537.09,0
40537.1,0
40537.11,0
40537.12,0
40537.13,0
40537.14,0
40537.15,0
40537.16,0
40537.17,0
40537.18,0
40537.19,0
40537.2,0
40537.21,0
40537.22,0
40537.23,0
40537.24,0
40537.25,0
40537.26,0
40537.27,0
40537.28,0
40537.29,0
40537.3,0
40537.31,0
40537.32,0
40537.33,0
40537.34,0
40537.35,0
40537.36,0
40537.37,0
40537.38,0
40537.39,0
40537.4,0
40537.41,0
40537.42,0
40537.43,0
40537.44,0
40537.45,0
40537.46,0
40537.47,0
40537.48,0
40537.49,0
40537.5,0
40537.51,0
40537.52,0
40537.53,0
40537.54,0
40537.55,0
40537.56,0
40537.57,0
40537.58,0
40537.59,0
40537.6,0
40537.61,0
40537.62,0
40537.63,0
40537.64,0
40537.65,0
40537.66,0
40537.67,0
40537.68,0
40537.69,0
40537.7,0
40537.71,0
40537.72,0
40537.73,0
40537.74,0
40537.75,0
40537.76,0
40537.77,0
40537.78,0
40537.79,0
40537.8,0
40537.81,0
40537.82,0
40537.83,0
40537.84,0
40537.85,0
40537.86,0
40537.87,0
40537.88,0
40537.89,0
40537.9,0
40537.91,0
40537.92,0
40537.93,0
40537.94,0
40537.95,0
40537.96,0
40537.97,0
40537.98,0
40537.99,0
40538,0
40538.01,0
40538.02,0
40538.03,0
40538.04,0
40538.05,0
40538.06,0
40538.07,0
40538.08,0
40538.09,0
40538.1,0
40538.11,0
40538.12,0
40538.13,0
40538.14,0
40538.15,0
40538.16,0
40538.17,0
40538.18,0
40538.19,0
40538.2,0
40538.21,0
40538.22,0
40538.23,0
40538.24,0
40538.25,0
40538.26,0
40538.27,0
40538.28,0
40538.29,0
40538.3,0
40538.31,0
40538.32,0
40538.33,0
40538.34,0
40538.35,0
40538.36,0
40538.37,0
40538.38,0
40538.39,0
40538.4,0
40538.41,0
40538.42,0
40538.43,0
40538.44,0
40538.45,0
40538.46,0
40538.47,0
40538.48,0
40538.49,0
40538.5,0
40538.51,0
40538.52,0
40538.53,0
40538.54,0
40538.55,0
40538.56,0
40538.57,0
40538.58,0
40538.59,0
40538.6,0
40538.61,0
40538.62,0
40538.63,0
40538.64,0
40538.65,0
40538.66,0
40538.67,0
40538.68,0
40538.69,0
40538.7,0
40538.71,0
40538.72,0
40538.73,0
40538.74,0
40538.75,0
40538.76,0
40538.77,0
40538.78,0
40538.79,0
40538.8,0
40538.81,0
40538.82,0
40538.83,0
40538.84,0
40538.85,0
40538.86,0
40538.87,0
40538.88,0
40538.89,0
40538.9,0
40538.91,0
40538.92,0
40538.93,0
40538.94,0
40538.95,0
40538.96,0
40538.97,0
40538.98,0
40538.99,0
40539,0
40539.01,0
40539.02,0
40539.03,0
40539.04,0
40539.05,0
40539.06,0
40539.07,0
40539.08,0
40539.09,0
40539.1,0
40539.11,0
40539.12,0
40539.13,0
40539.14,0
40539.15,0
40539.16,0
40539.17,0
40539.18,0
40539.19,0
40539.2,0
40539.21,0
40539.22,0
40539.23,0
40539.24,0
40539.25,0
40539.26,0
40539.27,0
40539.28,0
40539.29,0
40539.3,0
40539.31,0
40539.32,0
40539.33,0
40539.34,0
40539.35,0
40539.36,0
40539.37,0
40539.38,0
40539.39,0
40539.4,0
40539.41,0
40539.42,0
40539.43,0
40539.44,0
40539.45,0
40539.46,0
40539.47,0
40539.48,0
40539.49,0
40539.5,0
40539.51,0
40539.52,0
40539.53,0
40539.54,0
40539.55,0
40539.56,0
40539.57,0
40539.58,0
40539.59,0
40539.6,0
40539.61,0
40539.62,0
40539.63,0
40539.64,0
40539.65,0
40539.66,0
40539.67,0
40539.68,0
40539.69,0
40539.7,0
40539.71,0
40539.72,0
40539.73,0
40539.74,0
40539.75,0
40539.76,0
40539.77,0
40539.78,0
40539.79,0
40539.8,0
40539.81,0
40539.82,0
40539.83,0
40539.84,0
40539.85,0
40539.86,0
40539.87,0
40539.88,0
40539.89,0
40539.9,0
40539.91,0
40539.92,0
40539.93,0
40539.94,0
40539.95,0
40539.96,0
40539.97,0
40539.98,0
40539.99,0
40540,0
40540.01,0
40540.02,0
40540.03,0
40540.04,0
40540.05,0
40540.06,0
40540.07,0
40540.08,0
40540.09,0
40540.1,0
40540.11,0
40540.12,0
40540.13,0
40540.14,0
40540.15,0
40540.16,0
40540.17,0
40540.18,0
40540.19,0
40540.2,0
40540.21,0
40540.22,0
40540.23,0
40540.24,0
40540.25,0
40540.26,0
40540.27,0
40540.28,0
40540.29,0
40540.3,0
40540.31,0
40540.32,0
40540.33,0
40540.34,0
40540.35,0
40540.36,0
40540.37,0
40540.38,0
40540.39,0
40540.4,0
40540.41,0
40540.42,0
40540.43,0
40540.44,0
40540.45,0
40540.46,0
40540.47,0
40540.48,0
40540.49,0
40540.5,0
40540.51,0
40540.52,0
40540.53,0
40540.54,0
40540.55,0
40540.56,0
40540.57,0
40540.58,0
40540.59,0
40540.6,0
40540.61,0
40540.62,0
40540.63,0
40540.64,0
40540.65,0
40540.66,0
40540.67,0
40540.68,0
40540.69,0
40540.7,0
40540.71,0
40540.72,0
40540.73,0
40540.74,0
40540.75,0
40540.76,0
40540.77,0
40540.78,0
40540.79,0
40540.8,0
40540.81,0
40540.82,0
40540.83,0
40540.84,0
40540.85,0
40540.86,0
40540.87,0
40540.88,0
40540.89,0
40540.9,0
40540.91,0
40540.92,0
40540.93,0
40540.94,0
40540.95,0
40540.96,0
40540.97,0
40540.98,0
40540.99,0
40541,0
40541.01,0
40541.02,0
40541.03,0
40541.04,0
40541.05,0
40541.06,0
40541.07,0
40541.08,0
40541.09,0
40541.1,0
40541.11,0
40541.12,0
40541.13,0
40541.14,0
40541.15,0
40541.16,0
40541.17,0
40541.18,0
40541.19,0
40541.2,0
40541.21,0
40541.22,0
40541.23,0
40541.24,0
40541.25,0
40541.26,0
40541.27,0
40541.28,0
40541.29,0
40541.3,0
40541.31,0
40541.32,0
40541.33,0
40541.34,0
40541.35,0
40541.36,0
40541.37,0
40541.38,0
40541.39,0
40541.4,0
40541.41,0
40541.42,0
40541.43,0
40541.44,0
40541.45,0
40541.46,0
40541.47,0
40541.48,0
40541.49,0
40541.5,0
40541.51,0
40541.52,0
40541.53,0
40541.54,0
40541.55,0
40541.56,0
40541.57,0
40541.58,0
40541.59,0
40541.6,0
40541.61,0
40541.62,0
40541.63,0
40541.64,0
40541.65,0
40541.66,0
40541.67,0
40541.68,0
40541.69,0
40541.7,0
40541.71,0
40541.72,0
40541.73,0
40541.74,0
40541.75,0
40541.76,0
40541.77,0
40541.78,0
40541.79,0
40541.8,0
40541.81,0
40541.82,0
40541.83,0
40541.84,0
40541.85,0
40541.86,0
40541.87,0
40541.88,0
40541.89,0
40541.9,0
40541.91,0
40541.92,0
40541.93,0
40541.94,0
40541.95,0
40541.96,0
40541.97,0
40541.98,0
40541.99,0
40542,0
40542.01,0
40542.02,0
40542.03,0
40542.04,0
40542.05,0
40542.06,0
40542.07,0
40542.08,0
40542.09,0
40542.1,0
40542.11,0
40542.12,0
