t, Aggregate storage_K_sat,t, Aggregate storage_Storage,t, Aggregate storage_depth,t, Aggregate storage_head,t, Aggregate storage_inflow,t, Catch Basin_Storage,t, Catch Basin_depth,t, Catch Basin_head,t, Catch Basin_inflow,t, Catchment (1)_Evapotranspiration,t, Catchment (1)_Precipitation,t, Catchment (1)_Precipitation_loss,t, Catchment (1)_Precipitation_runoff,t, Catchment (1)_Storage,t, Catchment (1)_depth,t, Catchment (1)_head,t, Catchment (1)_inflow,t, Catchment (1)_loss,t, Engineered soil_Electrical_Conductivity,t, Engineered soil_Evapotranspiration,t, Engineered soil_K_sat,t, Engineered soil_Se,t, Engineered soil_Storage,t, Engineered soil_excess_moisture,t, Engineered soil_excess_pressure,t, Engineered soil_head,t, Engineered soil_pressure_head,t, Engineered soil_suction_pressure,t, Engineered soil_theta,t, Engineered soil_volume,t, Groundwater_Storage,t, Groundwater_head,t, Impervious contributing catchment_Evapotranspiration,t, Impervious contributing catchment_Precipitation,t, Impervious contributing catchment_Precipitation_loss,t, Impervious contributing catchment_Precipitation_runoff,t, Impervious contributing catchment_Storage,t, Impervious contributing catchment_depth,t, Impervious contributing catchment_head,t, Impervious contributing catchment_inflow,t, Impervious contributing catchment_loss,t, Native soil underneath the engineered soil(0:0)_Electrical_Conductivity,t, Native soil underneath the engineered soil(0:0)_Evapotranspiration,t, Native soil underneath the engineered soil(0:0)_K_sat,t, Native soil underneath the engineered soil(0:0)_Se,t, Native soil underneath the engineered soil(0:0)_Storage,t, Native soil underneath the engineered soil(0:0)_excess_moisture,t, Native soil underneath the engineered soil(0:0)_excess_pressure,t, Native soil underneath the engineered soil(0:0)_head,t, Native soil underneath the engineered soil(0:0)_pressure_head,t, Native soil underneath the engineered soil(0:0)_suction_pressure,t, Native soil underneath the engineered soil(0:0)_theta,t, Native soil underneath the engineered soil(0:0)_volume,t, Native soil underneath the engineered soil(0:1)_Electrical_Conductivity,t, Native soil underneath the engineered soil(0:1)_Evapotranspiration,t, Native soil underneath the engineered soil(0:1)_K_sat,t, Native soil underneath the engineered soil(0:1)_Se,t, Native soil underneath the engineered soil(0:1)_Storage,t, Native soil underneath the engineered soil(0:1)_excess_moisture,t, Native soil underneath the engineered soil(0:1)_excess_pressure,t, Native soil underneath the engineered soil(0:1)_head,t, Native soil underneath the engineered soil(0:1)_pressure_head,t, Native soil underneath the engineered soil(0:1)_suction_pressure,t, Native soil underneath the engineered soil(0:1)_theta,t, Native soil underneath the engineered soil(0:1)_volume,t, Native soil underneath the engineered soil(0:2)_Electrical_Conductivity,t, Native soil underneath the engineered soil(0:2)_Evapotranspiration,t, Native soil underneath the engineered soil(0:2)_K_sat,t, Native soil underneath the engineered soil(0:2)_Se,t, Native soil underneath the engineered soil(0:2)_Storage,t, Native soil underneath the engineered soil(0:2)_excess_moisture,t, Native soil underneath the engineered soil(0:2)_excess_pressure,t, Native soil underneath the engineered soil(0:2)_head,t, Native soil underneath the engineered soil(0:2)_pressure_head,t, Native soil underneath the engineered soil(0:2)_suction_pressure,t, Native soil underneath the engineered soil(0:2)_theta,t, Native soil underneath the engineered soil(0:2)_volume,t, Pond_Evapotranspiration,t, Pond_Precipitation,t, Pond_Storage,t, Pond_area,t, Pond_depth,t, Pond_head,t, Pond_inflow,t, Receiving water_Storage,t, Receiving water_head,t, Aggregate to Native Soil(0)_K_sat,t, Aggregate to Native Soil(0)_flow,t, Aggregate to Native Soil(0)_length,t, Bioswale pond to soil_K_eff,t, Bioswale pond to soil_area,t, Bioswale pond to soil_flow,t, Bioswale pond to soil_length,t, Catch basin to Receiving water_area_1,t, Catch basin to Receiving water_area_2,t, Catch basin to Receiving water_depth_1,t, Catch basin to Receiving water_depth_2,t, Catch basin to Receiving water_eff_area,t, Catch basin to Receiving water_flow,t, Catch basin to Receiving water_hydraulic_gradient,t, Catch basin to Receiving water_hydraulic_radius,t, Catch basin to Receiving water_perimeter_1,t, Catch basin to Receiving water_perimeter_2,t, Catchment to bioretention_flow,t, Engineered to aggregate storage_K_eff,t, Engineered to aggregate storage_K_sat,t, Engineered to aggregate storage_Se,t, Engineered to aggregate storage_flow,t, Engineered to aggregate storage_length,t, Engineered to aggregate storage_m,t, Native soil underneath the engineered soil(0:0)-Native soil underneath the engineered soil(0:1)_K_eff,t, Native soil underneath the engineered soil(0:0)-Native soil underneath the engineered soil(0:1)_K_eff2K_sat,t, Native soil underneath the engineered soil(0:0)-Native soil underneath the engineered soil(0:1)_Se,t, Native soil underneath the engineered soil(0:0)-Native soil underneath the engineered soil(0:1)_area,t, Native soil underneath the engineered soil(0:0)-Native soil underneath the engineered soil(0:1)_flow,t, Native soil underneath the engineered soil(0:0)-Native soil underneath the engineered soil(0:1)_flux,t, Native soil underneath the engineered soil(0:0)-Native soil underneath the engineered soil(0:1)_hydraulic_gradient,t, Native soil underneath the engineered soil(0:0)-Native soil underneath the engineered soil(0:1)_length,t, Native soil underneath the engineered soil(0:0)-Native soil underneath the engineered soil(0:1)_m,t, Native soil underneath the engineered soil(0:1)-Native soil underneath the engineered soil(0:2)_K_eff,t, Native soil underneath the engineered soil(0:1)-Native soil underneath the engineered soil(0:2)_K_eff2K_sat,t, Native soil underneath the engineered soil(0:1)-Native soil underneath the engineered soil(0:2)_Se,t, Native soil underneath the engineered soil(0:1)-Native soil underneath the engineered soil(0:2)_area,t, Native soil underneath the engineered soil(0:1)-Native soil underneath the engineered soil(0:2)_flow,t, Native soil underneath the engineered soil(0:1)-Native soil underneath the engineered soil(0:2)_flux,t, Native soil underneath the engineered soil(0:1)-Native soil underneath the engineered soil(0:2)_hydraulic_gradient,t, Native soil underneath the engineered soil(0:1)-Native soil underneath the engineered soil(0:2)_length,t, Native soil underneath the engineered soil(0:1)-Native soil underneath the engineered soil(0:2)_m,t, Overflow_flow,t, Soil to Groundwater(0)_K_eff,t, Soil to Groundwater(0)_K_sat,t, Soil to Groundwater(0)_Se,t, Soil to Groundwater(0)_flow,t, Soil to Groundwater(0)_length,t, Soil to Groundwater(0)_m,t, Underdrain_area_1,t, Underdrain_area_2,t, Underdrain_depth_1,t, Underdrain_depth_2,t, Underdrain_eff_area,t, Underdrain_flow,t, Underdrain_hydraulic_gradient,t, Underdrain_hydraulic_radius,t, Underdrain_perimeter_1,t, Underdrain_perimeter_2,t, Obs_Evaporation,t, Obs_Evaporation_expression,t, Obs_Evaporation_observed_data,t, Obs_Groundwater Recharge (m3/day),t, Obs_Groundwater Recharge (m3/day)_expression,t, Obs_Groundwater Recharge (m3/day)_observed_data,t, Obs_Infiltration rate (m3/day),t, Obs_Infiltration rate (m3/day)_expression,t, Obs_Infiltration rate (m3/day)_observed_data,t, Obs_Inflow to the pond (m3/day),t, Obs_Inflow to the pond (m3/day)_expression,t, Obs_Inflow to the pond (m3/day)_observed_data,t, Obs_Overflow (m3/day),t, Obs_Overflow (m3/day)_expression,t, Obs_Overflow (m3/day)_observed_data,t, Obs_Pond water depth (m),t, Obs_Pond water depth (m)_expression,t, Obs_Pond water depth (m)_observed_data,t, Obs_Precipitation (mm/day),t, Obs_Precipitation (mm/day)_expression,t, Obs_Precipitation (mm/day)_observed_data,t, Obs_Soil Moisture,t, Obs_Soil Moisture_expression,t, Obs_Soil Moisture_observed_data,t, Obs_Underdrain flow (m3/day),t, Obs_Underdrain flow (m3/day)_expression,t, Obs_Underdrain flow (m3/day)_observed_data,t, Rain_Intensity,t, Evapotranspiration_Penman (Soil)_B,t, Evapotranspiration_Penman (Soil)_Delta,t, Evapotranspiration_Penman (Soil)_Ea,t, Evapotranspiration_Penman (Soil)_Er,t, Evapotranspiration_Penman (Soil)_R_h,t, Evapotranspiration_Penman (Soil)_Temperature,t, Evapotranspiration_Penman (Soil)_e_as,t, Evapotranspiration_Penman (Soil)_rate,t, Evapotranspiration_Penman (Soil)_solar_radiation,t, Evapotranspiration_Penman (Soil)_wind_speed
40544.00000,1,40544.00000,4.19708,40544.00000,0.0932685,40544.00000,-1.20673,40544.00000,0,40544.00000,0.0001,40544.00000,0.0001,40544.00000,-1.5999,40544.00000,0,40544.00000,0,40544.00000,0,40544.00000,0,40544.00000,0,40544.00000,0.863691,40544.00000,0.863691,40544.00000,0.863691,40544.00000,0,40544.00000,0,40544.00000,0,40544.00000,0,40544.00000,5,40544.00000,0.784609,40544.00000,19.4768,40544.00000,0,40544.00000,0,40544.00000,-1.20647,40544.00000,-1.20647,40544.00000,-1.20647,40544.00000,0.324613,40544.00000,60,40544.00000,100111,40544.00000,-3,40544.00000,0,40544.00000,0,40544.00000,0,40544.00000,0,40544.00000,0.000160181,40544.00000,8.00904e-08,40544.00000,8.00904e-08,40544.00000,0,40544.00000,0,40544.00000,0,40544.00000,0,40544.00000,0.01,40544.00000,0.958047,40544.00000,30.8253,40544.00000,0,40544.00000,0,40544.00000,-1.33784,40544.00000,-0.27117,40544.00000,-0.27117,40544.00000,0.385316,40544.00000,80,40544.00000,0,40544.00000,0,40544.00000,0.01,40544.00000,0.811011,40544.00000,26.7083,40544.00000,0,40544.00000,0,40544.00000,-2.67219,40544.00000,-1.03886,40544.00000,-1.03886,40544.00000,0.333854,40544.00000,80,40544.00000,0,40544.00000,0,40544.00000,0.01,40544.00000,0.873549,40544.00000,28.4594,40544.00000,0,40544.00000,0,40544.00000,-2.8894,40544.00000,-0.689403,40544.00000,-0.689403,40544.00000,0.355742,40544.00000,80,40544.00000,0,40544.00000,0,40544.00000,1.28372e-06,40544.00000,0.000128371,40544.00000,2.56742e-07,40544.00000,2.56742e-07,40544.00000,0,40544.00000,100711,40544.00000,-1.9,40544.00000,0.01,40544.00000,0.296002,40544.00000,0.4,40544.00000,5,40544.00000,0.000157189,40544.00000,9.93366e-07,40544.00000,0.3,40544.00000,0,40544.00000,0,40544.00000,0,40544.00000,0,40544.00000,0,40544.00000,0,40544.00000,-0.15005,40544.00000,0,40544.00000,0,40544.00000,0,40544.00000,5.82647e-05,40544.00000,0.116471,40544.00000,5,40544.00000,0.784606,40544.00000,0.0107641,40544.00000,0.3,40544.00000,0.29078,40544.00000,0.00192646,40544.00000,0.192646,40544.00000,0.958042,40544.00000,100,40544.00000,0.321236,40544.00000,0.00321236,40544.00000,1.66749,40544.00000,0.8,40544.00000,0.29078,40544.00000,0.000625002,40544.00000,0.0625002,40544.00000,0.873548,40544.00000,100,40544.00000,0.016996,40544.00000,0.00016996,40544.00000,0.271935,40544.00000,0.8,40544.00000,0.29078,40544.00000,0,40544.00000,0.000625002,40544.00000,0.01,40544.00000,0.873548,40544.00000,0.0172808,40544.00000,0.4,40544.00000,0.29078,40544.00000,0,40544.00000,0,40544.00000,0,40544.00000,0,40544.00000,0,40544.00000,0,40544.00000,-0.0393137,40544.00000,0,40544.00000,0,40544.00000,0,40544.00000,0,40544.00000,0,40544.00000,0,40544.00000,0.0086404,40544.00000,0.0172808,40544.00000,0,40544.00000,4.96683e-07,40544.00000,9.93366e-07,40544.00000,0,40544.00000,2.91323e-05,40544.00000,5.82647e-05,40544.00000,0,40544.00000,0,40544.00000,0,40544.00000,0,40544.00000,1.57189e-07,40544.00000,2.56742e-07,40544.00000,0,40544.00000,0,40544.00000,0,40544.00000,0,40544.00000,0.162306,40544.00000,0.324613,40544.00000,0,40544.00000,0,40544.00000,0,40544.00000,0,40544.00000,0,40544.00000,0,40544.00000,10551.5,40544.00000,0,40544.00000,0,40544.00000,0,40544.00000,0,40544.00000,611,40544.00000,0,40544.00000,0,40544.00000,0
40544.01000,1,40544.01000,4.19188,40544.01000,0.0931528,40544.01000,-1.20685,40544.01000,0,40544.01000,0.0001,40544.01000,0.0001,40544.01000,-1.5999,40544.01000,0,40544.01000,0,40544.01000,0,40544.01000,0,40544.01000,0,40544.01000,0.863691,40544.01000,0.863691,40544.01000,0.863691,40544.01000,0,40544.01000,0,40544.01000,0,40544.01000,0,40544.01000,5,40544.01000,0.784599,40544.01000,19.4766,40544.01000,0,40544.01000,0,40544.01000,-1.20654,40544.01000,-1.20654,40544.01000,-1.20654,40544.01000,0.32461,40544.01000,60,40544.01000,100111,40544.01000,-3,40544.01000,0,40544.01000,0,40544.01000,0,40544.01000,0,40544.01000,0.00015912,40544.01000,7.95598e-08,40544.01000,7.95598e-08,40544.01000,0,40544.01000,0,40544.01000,0,40544.01000,0,40544.01000,0.01,40544.01000,0.958031,40544.01000,30.8249,40544.01000,0,40544.01000,0,40544.01000,-1.33792,40544.01000,-0.271253,40544.01000,-0.271253,40544.01000,0.385311,40544.01000,80,40544.01000,0,40544.01000,0,40544.01000,0.01,40544.01000,0.81121,40544.01000,26.7139,40544.01000,0,40544.01000,0,40544.01000,-2.67098,40544.01000,-1.03765,40544.01000,-1.03765,40544.01000,0.333924,40544.01000,80,40544.01000,0,40544.01000,0,40544.01000,0.01,40544.01000,0.873548,40544.01000,28.4594,40544.01000,0,40544.01000,0,40544.01000,-2.8894,40544.01000,-0.689404,40544.01000,-0.689404,40544.01000,0.355742,40544.01000,80,40544.01000,0,40544.01000,0,40544.01000,2.31333e-06,40544.01000,0.00023133,40544.01000,4.6266e-07,40544.01000,4.6266e-07,40544.01000,0,40544.01000,100711,40544.01000,-1.9,40544.01000,0.01,40544.01000,0.295922,40544.01000,0.4,40544.01000,5,40544.01000,0.00023133,40544.01000,2.15121e-06,40544.01000,0.3,40544.01000,0,40544.01000,0,40544.01000,0,40544.01000,0,40544.01000,0,40544.01000,0,40544.01000,-0.15005,40544.01000,0,40544.01000,0,40544.01000,0,40544.01000,5.77979e-05,40544.01000,0.116461,40544.01000,5,40544.01000,0.784599,40544.01000,0.0120578,40544.01000,0.3,40544.01000,0.29078,40544.01000,0.00192608,40544.01000,0.192608,40544.01000,0.958031,40544.01000,100,40544.01000,0.320945,40544.01000,0.00320945,40544.01000,1.66632,40544.01000,0.8,40544.01000,0.29078,40544.01000,0.000625001,40544.01000,0.0625001,40544.01000,0.873548,40544.01000,100,40544.01000,0.0170647,40544.01000,0.000170647,40544.01000,0.273034,40544.01000,0.8,40544.01000,0.29078,40544.01000,0,40544.01000,0.000625001,40544.01000,0.01,40544.01000,0.873548,40544.01000,0.0172807,40544.01000,0.4,40544.01000,0.29078,40544.01000,0,40544.01000,0,40544.01000,0,40544.01000,0,40544.01000,0,40544.01000,0,40544.01000,-0.0393053,40544.01000,0,40544.01000,0,40544.01000,0,40544.01000,0,40544.01000,0,40544.01000,0,40544.01000,0.0172807,40544.01000,0.0172807,40544.01000,0,40544.01000,2.15121e-06,40544.01000,2.15121e-06,40544.01000,0,40544.01000,5.77979e-05,40544.01000,5.77979e-05,40544.01000,0,40544.01000,0,40544.01000,0,40544.01000,0,40544.01000,4.6266e-07,40544.01000,4.6266e-07,40544.01000,0,40544.01000,0,40544.01000,0,40544.01000,0,40544.01000,0.32461,40544.01000,0.32461,40544.01000,0,40544.01000,0,40544.01000,0,40544.01000,0,40544.01000,0,40544.01000,0,40544.01000,10551.5,40544.01000,0,40544.01000,0,40544.01000,0,40544.01000,0,40544.01000,611,40544.01000,0,40544.01000,0,40544.01000,0
40544.02000,1,40544.02000,4.18812,40544.02000,0.0930692,40544.02000,-1.20693,40544.02000,0,40544.02000,0.0001,40544.02000,0.0001,40544.02000,-1.5999,40544.02000,0,40544.02000,0,40544.02000,0,40544.02000,0,40544.02000,0,40544.02000,0.863691,40544.02000,0.863691,40544.02000,0.863691,40544.02000,0,40544.02000,0,40544.02000,0,40544.02000,0,40544.02000,5,40544.02000,0.78459,40544.02000,19.4764,40544.02000,0,40544.02000,0,40544.02000,-1.20659,40544.02000,-1.20659,40544.02000,-1.20659,40544.02000,0.324607,40544.02000,60,40544.02000,100111,40544.02000,-3,40544.02000,0,40544.02000,0,40544.02000,0,40544.02000,0,40544.02000,0.000158358,40544.02000,7.91791e-08,40544.02000,7.91791e-08,40544.02000,0,40544.02000,0,40544.02000,0,40544.02000,0,40544.02000,0.01,40544.02000,0.958019,40544.02000,30.8245,40544.02000,0,40544.02000,0,40544.02000,-1.33798,40544.02000,-0.271312,40544.02000,-0.271312,40544.02000,0.385307,40544.02000,80,40544.02000,0,40544.02000,0,40544.02000,0.01,40544.02000,0.811355,40544.02000,26.7179,40544.02000,0,40544.02000,0,40544.02000,-2.6701,40544.02000,-1.03677,40544.02000,-1.03677,40544.02000,0.333974,40544.02000,80,40544.02000,0,40544.02000,0,40544.02000,0.01,40544.02000,0.873548,40544.02000,28.4594,40544.02000,0,40544.02000,0,40544.02000,-2.8894,40544.02000,-0.689404,40544.02000,-0.689404,40544.02000,0.355742,40544.02000,80,40544.02000,0,40544.02000,0,40544.02000,3.01845e-06,40544.02000,0.00030184,40544.02000,6.0368e-07,40544.02000,6.0368e-07,40544.02000,0,40544.02000,100711,40544.02000,-1.9,40544.02000,0.01,40544.02000,0.295841,40544.02000,0.4,40544.02000,5,40544.02000,0.00030184,40544.02000,3.72867e-06,40544.02000,0.3,40544.02000,0,40544.02000,0,40544.02000,0,40544.02000,0,40544.02000,0,40544.02000,0,40544.02000,-0.15005,40544.02000,0,40544.02000,0,40544.02000,0,40544.02000,5.73378e-05,40544.02000,0.116451,40544.02000,5,40544.02000,0.78459,40544.02000,0.0131059,40544.02000,0.3,40544.02000,0.29078,40544.02000,0.0019257,40544.02000,0.19257,40544.02000,0.958019,40544.02000,100,40544.02000,0.320656,40544.02000,0.00320656,40544.02000,1.66515,40544.02000,0.8,40544.02000,0.29078,40544.02000,0.000625001,40544.02000,0.0625001,40544.02000,0.873548,40544.02000,100,40544.02000,0.0171332,40544.02000,0.000171332,40544.02000,0.274131,40544.02000,0.8,40544.02000,0.29078,40544.02000,0,40544.02000,0.000625001,40544.02000,0.01,40544.02000,0.873548,40544.02000,0.0172806,40544.02000,0.4,40544.02000,0.29078,40544.02000,0,40544.02000,0,40544.02000,0,40544.02000,0,40544.02000,0,40544.02000,0,40544.02000,-0.0392969,40544.02000,0,40544.02000,0,40544.02000,0,40544.02000,0,40544.02000,0,40544.02000,0,40544.02000,0.0172806,40544.02000,0.0172806,40544.02000,0,40544.02000,3.72867e-06,40544.02000,3.72867e-06,40544.02000,0,40544.02000,5.73378e-05,40544.02000,5.73378e-05,40544.02000,0,40544.02000,0,40544.02000,0,40544.02000,0,40544.02000,6.0368e-07,40544.02000,6.0368e-07,40544.02000,0,40544.02000,0,40544.02000,0,40544.02000,0,40544.02000,0.324607,40544.02000,0.324607,40544.02000,0,40544.02000,0,40544.02000,0,40544.02000,0,40544.02000,0,40544.02000,0,40544.02000,10551.5,40544.02000,0,40544.02000,0,40544.02000,0,40544.02000,0,40544.02000,611,40544.02000,0,40544.02000,0,40544.02000,0
40544.03000,1,40544.03000,4.18437,40544.03000,0.092986,40544.03000,-1.20701,40544.03000,0,40544.03000,0.0001,40544.03000,0.0001,40544.03000,-1.5999,40544.03000,0,40544.03000,0,40544.03000,0,40544.03000,0,40544.03000,0,40544.03000,0.863691,40544.03000,0.863691,40544.03000,0.863691,40544.03000,0,40544.03000,0,40544.03000,0,40544.03000,0,40544.03000,5,40544.03000,0.784581,40544.03000,19.4762,40544.03000,0,40544.03000,0,40544.03000,-1.20665,40544.03000,-1.20665,40544.03000,-1.20665,40544.03000,0.324603,40544.03000,60,40544.03000,100111,40544.03000,-3,40544.03000,0,40544.03000,0,40544.03000,0,40544.03000,0,40544.03000,0.000157604,40544.03000,7.88019e-08,40544.03000,7.88019e-08,40544.03000,0,40544.03000,0,40544.03000,0,40544.03000,0,40544.03000,0.01,40544.03000,0.958007,40544.03000,30.8242,40544.03000,0,40544.03000,0,40544.03000,-1.33804,40544.03000,-0.271371,40544.03000,-0.271371,40544.03000,0.385302,40544.03000,80,40544.03000,0,40544.03000,0,40544.03000,0.01,40544.03000,0.811499,40544.03000,26.722,40544.03000,0,40544.03000,0,40544.03000,-2.66922,40544.03000,-1.03589,40544.03000,-1.03589,40544.03000,0.334025,40544.03000,80,40544.03000,0,40544.03000,0,40544.03000,0.01,40544.03000,0.873548,40544.03000,28.4594,40544.03000,0,40544.03000,0,40544.03000,-2.8894,40544.03000,-0.689404,40544.03000,-0.689404,40544.03000,0.355742,40544.03000,80,40544.03000,0,40544.03000,0,40544.03000,3.68507e-06,40544.03000,0.0003685,40544.03000,7.37e-07,40544.03000,7.37e-07,40544.03000,0,40544.03000,100711,40544.03000,-1.9,40544.03000,0.01,40544.03000,0.29576,40544.03000,0.4,40544.03000,5,40544.03000,0.0003685,40544.03000,5.58244e-06,40544.03000,0.3,40544.03000,0,40544.03000,0,40544.03000,0,40544.03000,0,40544.03000,0,40544.03000,0,40544.03000,-0.15005,40544.03000,0,40544.03000,0,40544.03000,0,40544.03000,5.68836e-05,40544.03000,0.116439,40544.03000,5,40544.03000,0.784581,40544.03000,0.0139876,40544.03000,0.3,40544.03000,0.29078,40544.03000,0.00192532,40544.03000,0.192532,40544.03000,0.958007,40544.03000,100,40544.03000,0.320369,40544.03000,0.00320369,40544.03000,1.66398,40544.03000,0.8,40544.03000,0.29078,40544.03000,0.000625,40544.03000,0.0625,40544.03000,0.873548,40544.03000,100,40544.03000,0.0172016,40544.03000,0.000172016,40544.03000,0.275226,40544.03000,0.8,40544.03000,0.29078,40544.03000,0,40544.03000,0.000625,40544.03000,0.01,40544.03000,0.873548,40544.03000,0.0172806,40544.03000,0.4,40544.03000,0.29078,40544.03000,0,40544.03000,0,40544.03000,0,40544.03000,0,40544.03000,0,40544.03000,0,40544.03000,-0.0392886,40544.03000,0,40544.03000,0,40544.03000,0,40544.03000,0,40544.03000,0,40544.03000,0,40544.03000,0.0172806,40544.03000,0.0172806,40544.03000,0,40544.03000,5.58244e-06,40544.03000,5.58244e-06,40544.03000,0,40544.03000,5.68836e-05,40544.03000,5.68836e-05,40544.03000,0,40544.03000,0,40544.03000,0,40544.03000,0,40544.03000,7.37e-07,40544.03000,7.37e-07,40544.03000,0,40544.03000,0,40544.03000,0,40544.03000,0,40544.03000,0.324603,40544.03000,0.324603,40544.03000,0,40544.03000,0,40544.03000,0,40544.03000,0,40544.03000,0,40544.03000,0,40544.03000,10551.5,40544.03000,0,40544.03000,0,40544.03000,0,40544.03000,0,40544.03000,611,40544.03000,0,40544.03000,0,40544.03000,0
40544.04000,1,40544.04000,4.18063,40544.04000,0.0929029,40544.04000,-1.2071,40544.04000,0,40544.04000,0.0001,40544.04000,0.0001,40544.04000,-1.5999,40544.04000,0,40544.04000,0,40544.04000,0,40544.04000,0,40544.04000,0,40544.04000,0.863691,40544.04000,0.863691,40544.04000,0.863691,40544.04000,0,40544.04000,0,40544.04000,0,40544.04000,0,40544.04000,5,40544.04000,0.784572,40544.04000,19.476,40544.04000,0,40544.04000,0,40544.04000,-1.20672,40544.04000,-1.20672,40544.04000,-1.20672,40544.04000,0.3246,40544.04000,60,40544.04000,100111,40544.04000,-3,40544.04000,0,40544.04000,0,40544.04000,0,40544.04000,0,40544.04000,0.000156853,40544.04000,7.84265e-08,40544.04000,7.84265e-08,40544.04000,0,40544.04000,0,40544.04000,0,40544.04000,0,40544.04000,0.01,40544.04000,0.957995,40544.04000,30.8239,40544.04000,0,40544.04000,0,40544.04000,-1.3381,40544.04000,-0.271429,40544.04000,-0.271429,40544.04000,0.385298,40544.04000,80,40544.04000,0,40544.04000,0,40544.04000,0.01,40544.04000,0.811643,40544.04000,26.726,40544.04000,0,40544.04000,0,40544.04000,-2.66835,40544.04000,-1.03502,40544.04000,-1.03502,40544.04000,0.334075,40544.04000,80,40544.04000,0,40544.04000,0,40544.04000,0.01,40544.04000,0.873548,40544.04000,28.4594,40544.04000,0,40544.04000,0,40544.04000,-2.8894,40544.04000,-0.689404,40544.04000,-0.689404,40544.04000,0.355742,40544.04000,80,40544.04000,0,40544.04000,0,40544.04000,4.33245e-06,40544.04000,0.000433235,40544.04000,8.66471e-07,40544.04000,8.66471e-07,40544.04000,0,40544.04000,100711,40544.04000,-1.9,40544.04000,0.01,40544.04000,0.295679,40544.04000,0.4,40544.04000,5,40544.04000,0.000433235,40544.04000,7.57436e-06,40544.04000,0.3,40544.04000,0,40544.04000,0,40544.04000,0,40544.04000,0,40544.04000,0,40544.04000,0,40544.04000,-0.15005,40544.04000,0,40544.04000,0,40544.04000,0,40544.04000,5.64323e-05,40544.04000,0.116427,40544.04000,5,40544.04000,0.784572,40544.04000,0.0147861,40544.04000,0.3,40544.04000,0.29078,40544.04000,0.00192494,40544.04000,0.192494,40544.04000,0.957995,40544.04000,100,40544.04000,0.320082,40544.04000,0.00320082,40544.04000,1.66281,40544.04000,0.8,40544.04000,0.29078,40544.04000,0.000625,40544.04000,0.0625,40544.04000,0.873548,40544.04000,100,40544.04000,0.01727,40544.04000,0.0001727,40544.04000,0.276319,40544.04000,0.8,40544.04000,0.29078,40544.04000,0,40544.04000,0.000625,40544.04000,0.01,40544.04000,0.873548,40544.04000,0.0172806,40544.04000,0.4,40544.04000,0.29078,40544.04000,0,40544.04000,0,40544.04000,0,40544.04000,0,40544.04000,0,40544.04000,0,40544.04000,-0.0392803,40544.04000,0,40544.04000,0,40544.04000,0,40544.04000,0,40544.04000,0,40544.04000,0,40544.04000,0.0172806,40544.04000,0.0172806,40544.04000,0,40544.04000,7.57436e-06,40544.04000,7.57436e-06,40544.04000,0,40544.04000,5.64323e-05,40544.04000,5.64323e-05,40544.04000,0,40544.04000,0,40544.04000,0,40544.04000,0,40544.04000,8.66471e-07,40544.04000,8.66471e-07,40544.04000,0,40544.04000,0,40544.04000,0,40544.04000,0,40544.04000,0.3246,40544.04000,0.3246,40544.04000,0,40544.04000,0,40544.04000,0,40544.04000,0,40544.04000,0,40544.04000,0,40544.04000,10551.5,40544.04000,0,40544.04000,0,40544.04000,0,40544.04000,0,40544.04000,611,40544.04000,0,40544.04000,0,40544.04000,0
40544.05000,1,40544.05000,4.17691,40544.05000,0.0928203,40544.05000,-1.20718,40544.05000,0,40544.05000,0.0001,40544.05000,0.0001,40544.05000,-1.5999,40544.05000,0,40544.05000,0,40544.05000,0,40544.05000,0,40544.05000,0,40544.05000,0.863691,40544.05000,0.863691,40544.05000,0.863691,40544.05000,0,40544.05000,0,40544.05000,0,40544.05000,0,40544.05000,5,40544.05000,0.784561,40544.05000,19.4758,40544.05000,0,40544.05000,0,40544.05000,-1.20678,40544.05000,-1.20678,40544.05000,-1.20678,40544.05000,0.324596,40544.05000,60,40544.05000,100111,40544.05000,-3,40544.05000,0,40544.05000,0,40544.05000,0,40544.05000,0,40544.05000,0.000156115,40544.05000,7.80576e-08,40544.05000,7.80576e-08,40544.05000,0,40544.05000,0,40544.05000,0,40544.05000,0,40544.05000,0.01,40544.05000,0.957984,40544.05000,30.8236,40544.05000,0,40544.05000,0,40544.05000,-1.33816,40544.05000,-0.271487,40544.05000,-0.271487,40544.05000,0.385294,40544.05000,80,40544.05000,0,40544.05000,0,40544.05000,0.01,40544.05000,0.811786,40544.05000,26.73,40544.05000,0,40544.05000,0,40544.05000,-2.66748,40544.05000,-1.03415,40544.05000,-1.03415,40544.05000,0.334125,40544.05000,80,40544.05000,0,40544.05000,0,40544.05000,0.01,40544.05000,0.873548,40544.05000,28.4594,40544.05000,0,40544.05000,0,40544.05000,-2.8894,40544.05000,-0.689404,40544.05000,-0.689404,40544.05000,0.355742,40544.05000,80,40544.05000,0,40544.05000,0,40544.05000,4.90326e-06,40544.05000,0.000490314,40544.05000,9.80628e-07,40544.05000,9.80628e-07,40544.05000,0,40544.05000,100711,40544.05000,-1.9,40544.05000,0.01,40544.05000,0.295596,40544.05000,0.4,40544.05000,5,40544.05000,0.000490314,40544.05000,9.82772e-06,40544.05000,0.3,40544.05000,0,40544.05000,0,40544.05000,0,40544.05000,0,40544.05000,0,40544.05000,0,40544.05000,-0.15005,40544.05000,0,40544.05000,0,40544.05000,0,40544.05000,5.59913e-05,40544.05000,0.116414,40544.05000,5,40544.05000,0.784561,40544.05000,0.0153755,40544.05000,0.3,40544.05000,0.29078,40544.05000,0.00192458,40544.05000,0.192458,40544.05000,0.957984,40544.05000,100,40544.05000,0.319797,40544.05000,0.00319797,40544.05000,1.66165,40544.05000,0.8,40544.05000,0.29078,40544.05000,0.000625001,40544.05000,0.0625001,40544.05000,0.873548,40544.05000,100,40544.05000,0.017338,40544.05000,0.00017338,40544.05000,0.277408,40544.05000,0.8,40544.05000,0.29078,40544.05000,0,40544.05000,0.000625001,40544.05000,0.01,40544.05000,0.873548,40544.05000,0.0172807,40544.05000,0.4,40544.05000,0.29078,40544.05000,0,40544.05000,0,40544.05000,0,40544.05000,0,40544.05000,0,40544.05000,0,40544.05000,-0.039272,40544.05000,0,40544.05000,0,40544.05000,0,40544.05000,0,40544.05000,0,40544.05000,0,40544.05000,0.0172807,40544.05000,0.0172807,40544.05000,0,40544.05000,9.82772e-06,40544.05000,9.82772e-06,40544.05000,0,40544.05000,5.59913e-05,40544.05000,5.59913e-05,40544.05000,0,40544.05000,0,40544.05000,0,40544.05000,0,40544.05000,9.80628e-07,40544.05000,9.80628e-07,40544.05000,0,40544.05000,0,40544.05000,0,40544.05000,0,40544.05000,0.324596,40544.05000,0.324596,40544.05000,0,40544.05000,0,40544.05000,0,40544.05000,0,40544.05000,0,40544.05000,0,40544.05000,10551.5,40544.05000,0,40544.05000,0,40544.05000,0,40544.05000,0,40544.05000,611,40544.05000,0,40544.05000,0,40544.05000,0
40544.06000,1,40544.06000,4.1732,40544.06000,0.0927377,40544.06000,-1.20726,40544.06000,0,40544.06000,0.0001,40544.06000,0.0001,40544.06000,-1.5999,40544.06000,0,40544.06000,0,40544.06000,0,40544.06000,0,40544.06000,0,40544.06000,0.863691,40544.06000,0.863691,40544.06000,0.863691,40544.06000,0,40544.06000,0,40544.06000,0,40544.06000,0,40544.06000,5,40544.06000,0.784551,40544.06000,19.4756,40544.06000,0,40544.06000,0,40544.06000,-1.20685,40544.06000,-1.20685,40544.06000,-1.20685,40544.06000,0.324593,40544.06000,60,40544.06000,100111,40544.06000,-3,40544.06000,0,40544.06000,0,40544.06000,0,40544.06000,0,40544.06000,0.000155379,40544.06000,7.76894e-08,40544.06000,7.76894e-08,40544.06000,0,40544.06000,0,40544.06000,0,40544.06000,0,40544.06000,0.01,40544.06000,0.957973,40544.06000,30.8232,40544.06000,0,40544.06000,0,40544.06000,-1.33821,40544.06000,-0.271544,40544.06000,-0.271544,40544.06000,0.38529,40544.06000,80,40544.06000,0,40544.06000,0,40544.06000,0.01,40544.06000,0.81193,40544.06000,26.734,40544.06000,0,40544.06000,0,40544.06000,-2.66661,40544.06000,-1.03328,40544.06000,-1.03328,40544.06000,0.334175,40544.06000,80,40544.06000,0,40544.06000,0,40544.06000,0.01,40544.06000,0.873548,40544.06000,28.4594,40544.06000,0,40544.06000,0,40544.06000,-2.8894,40544.06000,-0.689403,40544.06000,-0.689403,40544.06000,0.355742,40544.06000,80,40544.06000,0,40544.06000,0,40544.06000,5.46451e-06,40544.06000,0.000546436,40544.06000,1.09287e-06,40544.06000,1.09287e-06,40544.06000,0,40544.06000,100711,40544.06000,-1.9,40544.06000,0.01,40544.06000,0.295513,40544.06000,0.4,40544.06000,5,40544.06000,0.000546436,40544.06000,1.21138e-05,40544.06000,0.3,40544.06000,0,40544.06000,0,40544.06000,0,40544.06000,0,40544.06000,0,40544.06000,0,40544.06000,-0.15005,40544.06000,0,40544.06000,0,40544.06000,0,40544.06000,5.55516e-05,40544.06000,0.116401,40544.06000,5,40544.06000,0.784551,40544.06000,0.0159387,40544.06000,0.3,40544.06000,0.29078,40544.06000,0.00192421,40544.06000,0.192421,40544.06000,0.957973,40544.06000,100,40544.06000,0.319513,40544.06000,0.00319513,40544.06000,1.66049,40544.06000,0.8,40544.06000,0.29078,40544.06000,0.000625001,40544.06000,0.0625001,40544.06000,0.873548,40544.06000,100,40544.06000,0.017406,40544.06000,0.00017406,40544.06000,0.278496,40544.06000,0.8,40544.06000,0.29078,40544.06000,0,40544.06000,0.000625001,40544.06000,0.01,40544.06000,0.873548,40544.06000,0.0172808,40544.06000,0.4,40544.06000,0.29078,40544.06000,0,40544.06000,0,40544.06000,0,40544.06000,0,40544.06000,0,40544.06000,0,40544.06000,-0.0392638,40544.06000,0,40544.06000,0,40544.06000,0,40544.06000,0,40544.06000,0,40544.06000,0,40544.06000,0.0172808,40544.06000,0.0172808,40544.06000,0,40544.06000,1.21138e-05,40544.06000,1.21138e-05,40544.06000,0,40544.06000,5.55516e-05,40544.06000,5.55516e-05,40544.06000,0,40544.06000,0,40544.06000,0,40544.06000,0,40544.06000,1.09287e-06,40544.06000,1.09287e-06,40544.06000,0,40544.06000,0,40544.06000,0,40544.06000,0,40544.06000,0.324593,40544.06000,0.324593,40544.06000,0,40544.06000,0,40544.06000,0,40544.06000,0,40544.06000,0,40544.06000,0,40544.06000,10551.5,40544.06000,0,40544.06000,0,40544.06000,0,40544.06000,0,40544.06000,611,40544.06000,0,40544.06000,0,40544.06000,0
40544.07000,1,40544.07000,4.16949,40544.07000,0.0926554,40544.07000,-1.20734,40544.07000,0,40544.07000,0.0001,40544.07000,0.0001,40544.07000,-1.5999,40544.07000,0,40544.07000,0,40544.07000,0,40544.07000,0,40544.07000,0,40544.07000,0.863691,40544.07000,0.863691,40544.07000,0.863691,40544.07000,0,40544.07000,0,40544.07000,0,40544.07000,0,40544.07000,5,40544.07000,0.784541,40544.07000,19.4754,40544.07000,0,40544.07000,0,40544.07000,-1.20692,40544.07000,-1.20692,40544.07000,-1.20692,40544.07000,0.324589,40544.07000,60,40544.07000,100111,40544.07000,-3,40544.07000,0,40544.07000,0,40544.07000,0,40544.07000,0,40544.07000,0.000154652,40544.07000,7.73259e-08,40544.07000,7.73259e-08,40544.07000,0,40544.07000,0,40544.07000,0,40544.07000,0,40544.07000,0.01,40544.07000,0.957962,40544.07000,30.8229,40544.07000,0,40544.07000,0,40544.07000,-1.33827,40544.07000,-0.2716,40544.07000,-0.2716,40544.07000,0.385287,40544.07000,80,40544.07000,0,40544.07000,0,40544.07000,0.01,40544.07000,0.812073,40544.07000,26.738,40544.07000,0,40544.07000,0,40544.07000,-2.66574,40544.07000,-1.03241,40544.07000,-1.03241,40544.07000,0.334225,40544.07000,80,40544.07000,0,40544.07000,0,40544.07000,0.01,40544.07000,0.873549,40544.07000,28.4594,40544.07000,0,40544.07000,0,40544.07000,-2.8894,40544.07000,-0.689403,40544.07000,-0.689403,40544.07000,0.355742,40544.07000,80,40544.07000,0,40544.07000,0,40544.07000,5.96614e-06,40544.07000,0.000596596,40544.07000,1.19319e-06,40544.07000,1.19319e-06,40544.07000,0,40544.07000,100711,40544.07000,-1.9,40544.07000,0.01,40544.07000,0.295429,40544.07000,0.4,40544.07000,5,40544.07000,0.000596596,40544.07000,1.44117e-05,40544.07000,0.3,40544.07000,0,40544.07000,0,40544.07000,0,40544.07000,0,40544.07000,0,40544.07000,0,40544.07000,-0.15005,40544.07000,0,40544.07000,0,40544.07000,0,40544.07000,5.51194e-05,40544.07000,0.116388,40544.07000,5,40544.07000,0.784541,40544.07000,0.0163972,40544.07000,0.3,40544.07000,0.29078,40544.07000,0.00192385,40544.07000,0.192385,40544.07000,0.957962,40544.07000,100,40544.07000,0.319231,40544.07000,0.00319231,40544.07000,1.65934,40544.07000,0.8,40544.07000,0.29078,40544.07000,0.000625002,40544.07000,0.0625002,40544.07000,0.873549,40544.07000,100,40544.07000,0.0174738,40544.07000,0.000174738,40544.07000,0.27958,40544.07000,0.8,40544.07000,0.29078,40544.07000,0,40544.07000,0.000625002,40544.07000,0.01,40544.07000,0.873549,40544.07000,0.0172809,40544.07000,0.4,40544.07000,0.29078,40544.07000,0,40544.07000,0,40544.07000,0,40544.07000,0,40544.07000,0,40544.07000,0,40544.07000,-0.0392555,40544.07000,0,40544.07000,0,40544.07000,0,40544.07000,0,40544.07000,0,40544.07000,0,40544.07000,0.0172809,40544.07000,0.0172809,40544.07000,0,40544.07000,1.44117e-05,40544.07000,1.44117e-05,40544.07000,0,40544.07000,5.51194e-05,40544.07000,5.51194e-05,40544.07000,0,40544.07000,0,40544.07000,0,40544.07000,0,40544.07000,1.19319e-06,40544.07000,1.19319e-06,40544.07000,0,40544.07000,0,40544.07000,0,40544.07000,0,40544.07000,0.324589,40544.07000,0.324589,40544.07000,0,40544.07000,0,40544.07000,0,40544.07000,0,40544.07000,0,40544.07000,0,40544.07000,10551.5,40544.07000,0,40544.07000,0,40544.07000,0,40544.07000,0,40544.07000,611,40544.07000,0,40544.07000,0,40544.07000,0
40544.08000,1,40544.08000,4.1658,40544.08000,0.0925733,40544.08000,-1.20743,40544.08000,0,40544.08000,0.0001,40544.08000,0.0001,40544.08000,-1.5999,40544.08000,0,40544.08000,0,40544.08000,0,40544.08000,0,40544.08000,0,40544.08000,0.863691,40544.08000,0.863691,40544.08000,0.863691,40544.08000,0,40544.08000,0,40544.08000,0,40544.08000,0,40544.08000,5,40544.08000,0.78453,40544.08000,19.4751,40544.08000,0,40544.08000,0,40544.08000,-1.20699,40544.08000,-1.20699,40544.08000,-1.20699,40544.08000,0.324585,40544.08000,60,40544.08000,100111,40544.08000,-3,40544.08000,0,40544.08000,0,40544.08000,0,40544.08000,0,40544.08000,0.000153934,40544.08000,7.69668e-08,40544.08000,7.69668e-08,40544.08000,0,40544.08000,0,40544.08000,0,40544.08000,0,40544.08000,0.01,40544.08000,0.95795,40544.08000,30.8226,40544.08000,0,40544.08000,0,40544.08000,-1.33833,40544.08000,-0.271656,40544.08000,-0.271656,40544.08000,0.385283,40544.08000,80,40544.08000,0,40544.08000,0,40544.08000,0.01,40544.08000,0.812216,40544.08000,26.742,40544.08000,0,40544.08000,0,40544.08000,-2.66487,40544.08000,-1.03154,40544.08000,-1.03154,40544.08000,0.334276,40544.08000,80,40544.08000,0,40544.08000,0,40544.08000,0.01,40544.08000,0.873549,40544.08000,28.4594,40544.08000,0,40544.08000,0,40544.08000,-2.8894,40544.08000,-0.689402,40544.08000,-0.689402,40544.08000,0.355742,40544.08000,80,40544.08000,0,40544.08000,0,40544.08000,6.41242e-06,40544.08000,0.000641221,40544.08000,1.28244e-06,40544.08000,1.28244e-06,40544.08000,0,40544.08000,100711,40544.08000,-1.9,40544.08000,0.01,40544.08000,0.295344,40544.08000,0.4,40544.08000,5,40544.08000,0.000641221,40544.08000,1.67206e-05,40544.08000,0.3,40544.08000,0,40544.08000,0,40544.08000,0,40544.08000,0,40544.08000,0,40544.08000,0,40544.08000,-0.15005,40544.08000,0,40544.08000,0,40544.08000,0,40544.08000,5.46942e-05,40544.08000,0.116374,40544.08000,5,40544.08000,0.78453,40544.08000,0.0167584,40544.08000,0.3,40544.08000,0.29078,40544.08000,0.00192349,40544.08000,0.192349,40544.08000,0.95795,40544.08000,100,40544.08000,0.31895,40544.08000,0.0031895,40544.08000,1.65818,40544.08000,0.8,40544.08000,0.29078,40544.08000,0.000625004,40544.08000,0.0625004,40544.08000,0.873549,40544.08000,100,40544.08000,0.0175415,40544.08000,0.000175415,40544.08000,0.280662,40544.08000,0.8,40544.08000,0.29078,40544.08000,0,40544.08000,0.000625004,40544.08000,0.01,40544.08000,0.873549,40544.08000,0.0172811,40544.08000,0.4,40544.08000,0.29078,40544.08000,0,40544.08000,0,40544.08000,0,40544.08000,0,40544.08000,0,40544.08000,0,40544.08000,-0.0392473,40544.08000,0,40544.08000,0,40544.08000,0,40544.08000,0,40544.08000,0,40544.08000,0,40544.08000,0.0172811,40544.08000,0.0172811,40544.08000,0,40544.08000,1.67206e-05,40544.08000,1.67206e-05,40544.08000,0,40544.08000,5.46942e-05,40544.08000,5.46942e-05,40544.08000,0,40544.08000,0,40544.08000,0,40544.08000,0,40544.08000,1.28244e-06,40544.08000,1.28244e-06,40544.08000,0,40544.08000,0,40544.08000,0,40544.08000,0,40544.08000,0.324585,40544.08000,0.324585,40544.08000,0,40544.08000,0,40544.08000,0,40544.08000,0,40544.08000,0,40544.08000,0,40544.08000,10551.5,40544.08000,0,40544.08000,0,40544.08000,0,40544.08000,0,40544.08000,611,40544.08000,0,40544.08000,0,40544.08000,0
40544.09000,1,40544.09000,4.1621,40544.09000,0.0924912,40544.09000,-1.20751,40544.09000,0,40544.09000,0.0001,40544.09000,0.0001,40544.09000,-1.5999,40544.09000,0,40544.09000,0,40544.09000,0,40544.09000,0,40544.09000,0,40544.09000,0.863691,40544.09000,0.863691,40544.09000,0.863691,40544.09000,0,40544.09000,0,40544.09000,0,40544.09000,0,40544.09000,5,40544.09000,0.784519,40544.09000,19.4749,40544.09000,0,40544.09000,0,40544.09000,-1.20707,40544.09000,-1.20707,40544.09000,-1.20707,40544.09000,0.324582,40544.09000,60,40544.09000,100111,40544.09000,-3,40544.09000,0,40544.09000,0,40544.09000,0,40544.09000,0,40544.09000,0.000153215,40544.09000,7.66077e-08,40544.09000,7.66077e-08,40544.09000,0,40544.09000,0,40544.09000,0,40544.09000,0,40544.09000,0.01,40544.09000,0.957939,40544.09000,30.8223,40544.09000,0,40544.09000,0,40544.09000,-1.33838,40544.09000,-0.271712,40544.09000,-0.271712,40544.09000,0.385279,40544.09000,80,40544.09000,0,40544.09000,0,40544.09000,0.01,40544.09000,0.812359,40544.09000,26.746,40544.09000,0,40544.09000,0,40544.09000,-2.66401,40544.09000,-1.03068,40544.09000,-1.03068,40544.09000,0.334326,40544.09000,80,40544.09000,0,40544.09000,0,40544.09000,0.01,40544.09000,0.873549,40544.09000,28.4594,40544.09000,0,40544.09000,0,40544.09000,-2.8894,40544.09000,-0.689401,40544.09000,-0.689401,40544.09000,0.355742,40544.09000,80,40544.09000,0,40544.09000,0,40544.09000,6.85869e-06,40544.09000,0.000685846,40544.09000,1.37169e-06,40544.09000,1.37169e-06,40544.09000,0,40544.09000,100711,40544.09000,-1.9,40544.09000,0.01,40544.09000,0.295259,40544.09000,0.4,40544.09000,5,40544.09000,0.000685846,40544.09000,1.90295e-05,40544.09000,0.3,40544.09000,0,40544.09000,0,40544.09000,0,40544.09000,0,40544.09000,0,40544.09000,0,40544.09000,-0.15005,40544.09000,0,40544.09000,0,40544.09000,0,40544.09000,5.42689e-05,40544.09000,0.11636,40544.09000,5,40544.09000,0.784519,40544.09000,0.0171196,40544.09000,0.3,40544.09000,0.29078,40544.09000,0.00192313,40544.09000,0.192313,40544.09000,0.957939,40544.09000,100,40544.09000,0.318669,40544.09000,0.00318669,40544.09000,1.65703,40544.09000,0.8,40544.09000,0.29078,40544.09000,0.000625005,40544.09000,0.0625005,40544.09000,0.873549,40544.09000,100,40544.09000,0.0176091,40544.09000,0.000176091,40544.09000,0.281744,40544.09000,0.8,40544.09000,0.29078,40544.09000,0,40544.09000,0.000625005,40544.09000,0.01,40544.09000,0.873549,40544.09000,0.0172812,40544.09000,0.4,40544.09000,0.29078,40544.09000,0,40544.09000,0,40544.09000,0,40544.09000,0,40544.09000,0,40544.09000,0,40544.09000,-0.0392391,40544.09000,0,40544.09000,0,40544.09000,0,40544.09000,0,40544.09000,0,40544.09000,0,40544.09000,0.0172812,40544.09000,0.0172812,40544.09000,0,40544.09000,1.90295e-05,40544.09000,1.90295e-05,40544.09000,0,40544.09000,5.42689e-05,40544.09000,5.42689e-05,40544.09000,0,40544.09000,0,40544.09000,0,40544.09000,0,40544.09000,1.37169e-06,40544.09000,1.37169e-06,40544.09000,0,40544.09000,0,40544.09000,0,40544.09000,0,40544.09000,0.324582,40544.09000,0.324582,40544.09000,0,40544.09000,0,40544.09000,0,40544.09000,0,40544.09000,0,40544.09000,0,40544.09000,10551.5,40544.09000,0,40544.09000,0,40544.09000,0,40544.09000,0,40544.09000,611,40544.09000,0,40544.09000,0,40544.09000,0
40544.10000,1,40544.10000,4.15874,40544.10000,0.0924165,40544.10000,-1.20758,40544.10000,0,40544.10000,0.0001,40544.10000,0.0001,40544.10000,-1.5999,40544.10000,0,40544.10000,0,40544.10000,0,40544.10000,0,40544.10000,0,40544.10000,0.863691,40544.10000,0.863691,40544.10000,0.863691,40544.10000,0,40544.10000,0,40544.10000,0,40544.10000,0,40544.10000,5,40544.10000,0.784508,40544.10000,19.4747,40544.10000,0,40544.10000,0,40544.10000,-1.20713,40544.10000,-1.20713,40544.10000,-1.20713,40544.10000,0.324578,40544.10000,60,40544.10000,100111,40544.10000,-3,40544.10000,0,40544.10000,0,40544.10000,0,40544.10000,0,40544.10000,0.000152566,40544.10000,7.6283e-08,40544.10000,7.6283e-08,40544.10000,0,40544.10000,0,40544.10000,0,40544.10000,0,40544.10000,0.01,40544.10000,0.957929,40544.10000,30.822,40544.10000,0,40544.10000,0,40544.10000,-1.33843,40544.10000,-0.271762,40544.10000,-0.271762,40544.10000,0.385275,40544.10000,80,40544.10000,0,40544.10000,0,40544.10000,0.01,40544.10000,0.812489,40544.10000,26.7497,40544.10000,0,40544.10000,0,40544.10000,-2.66322,40544.10000,-1.02989,40544.10000,-1.02989,40544.10000,0.334371,40544.10000,80,40544.10000,0,40544.10000,0,40544.10000,0.01,40544.10000,0.873549,40544.10000,28.4594,40544.10000,0,40544.10000,0,40544.10000,-2.8894,40544.10000,-0.6894,40544.10000,-0.6894,40544.10000,0.355742,40544.10000,80,40544.10000,0,40544.10000,0,40544.10000,7.23662e-06,40544.10000,0.000723636,40544.10000,1.44727e-06,40544.10000,1.44727e-06,40544.10000,0,40544.10000,100711,40544.10000,-1.9,40544.10000,0.01,40544.10000,0.295181,40544.10000,0.4,40544.10000,5,40544.10000,0.000723636,40544.10000,2.10762e-05,40544.10000,0.3,40544.10000,0,40544.10000,0,40544.10000,0,40544.10000,0,40544.10000,0,40544.10000,0,40544.10000,-0.15005,40544.10000,0,40544.10000,0,40544.10000,0,40544.10000,5.38855e-05,40544.10000,0.116347,40544.10000,5,40544.10000,0.784508,40544.10000,0.0174135,40544.10000,0.3,40544.10000,0.29078,40544.10000,0.00192281,40544.10000,0.192281,40544.10000,0.957929,40544.10000,100,40544.10000,0.318414,40544.10000,0.00318414,40544.10000,1.65598,40544.10000,0.8,40544.10000,0.29078,40544.10000,0.000625006,40544.10000,0.0625006,40544.10000,0.873549,40544.10000,100,40544.10000,0.0176706,40544.10000,0.000176706,40544.10000,0.282727,40544.10000,0.8,40544.10000,0.29078,40544.10000,0,40544.10000,0.000625006,40544.10000,0.01,40544.10000,0.873549,40544.10000,0.0172814,40544.10000,0.4,40544.10000,0.29078,40544.10000,0,40544.10000,0,40544.10000,0,40544.10000,0,40544.10000,0,40544.10000,0,40544.10000,-0.0392316,40544.10000,0,40544.10000,0,40544.10000,0,40544.10000,0,40544.10000,0,40544.10000,0,40544.10000,0.0172814,40544.10000,0.0172814,40544.10000,0,40544.10000,2.10762e-05,40544.10000,2.10762e-05,40544.10000,0,40544.10000,5.38855e-05,40544.10000,5.38855e-05,40544.10000,0,40544.10000,0,40544.10000,0,40544.10000,0,40544.10000,1.44727e-06,40544.10000,1.44727e-06,40544.10000,0,40544.10000,0,40544.10000,0,40544.10000,0,40544.10000,0.324578,40544.10000,0.324578,40544.10000,0,40544.10000,0,40544.10000,0,40544.10000,0,40544.10000,0,40544.10000,0,40544.10000,10551.5,40544.10000,0,40544.10000,0,40544.10000,0,40544.10000,0,40544.10000,611,40544.10000,0,40544.10000,0,40544.10000,0
40544.11000,1,40544.11000,4.15598,40544.11000,0.0923551,40544.11000,-1.20764,40544.11000,0,40544.11000,0.0001,40544.11000,0.0001,40544.11000,-1.5999,40544.11000,0,40544.11000,0,40544.11000,0,40544.11000,0,40544.11000,0,40544.11000,0.863691,40544.11000,0.863691,40544.11000,0.863691,40544.11000,0,40544.11000,0,40544.11000,0,40544.11000,0,40544.11000,5,40544.11000,0.7845,40544.11000,19.4745,40544.11000,0,40544.11000,0,40544.11000,-1.20719,40544.11000,-1.20719,40544.11000,-1.20719,40544.11000,0.324575,40544.11000,60,40544.11000,100111,40544.11000,-3,40544.11000,0,40544.11000,0,40544.11000,0,40544.11000,0,40544.11000,0.00015204,40544.11000,7.60201e-08,40544.11000,7.60201e-08,40544.11000,0,40544.11000,0,40544.11000,0,40544.11000,0,40544.11000,0.01,40544.11000,0.957921,40544.11000,30.8218,40544.11000,0,40544.11000,0,40544.11000,-1.33847,40544.11000,-0.271803,40544.11000,-0.271803,40544.11000,0.385272,40544.11000,80,40544.11000,0,40544.11000,0,40544.11000,0.01,40544.11000,0.812595,40544.11000,26.7527,40544.11000,0,40544.11000,0,40544.11000,-2.66257,40544.11000,-1.02924,40544.11000,-1.02924,40544.11000,0.334408,40544.11000,80,40544.11000,0,40544.11000,0,40544.11000,0.01,40544.11000,0.873549,40544.11000,28.4594,40544.11000,0,40544.11000,0,40544.11000,-2.8894,40544.11000,-0.689399,40544.11000,-0.689399,40544.11000,0.355742,40544.11000,80,40544.11000,0,40544.11000,0,40544.11000,7.49199e-06,40544.11000,0.00074917,40544.11000,1.49834e-06,40544.11000,1.49834e-06,40544.11000,0,40544.11000,100711,40544.11000,-1.9,40544.11000,0.01,40544.11000,0.295115,40544.11000,0.4,40544.11000,5,40544.11000,0.00074917,40544.11000,2.26526e-05,40544.11000,0.3,40544.11000,0,40544.11000,0,40544.11000,0,40544.11000,0,40544.11000,0,40544.11000,0,40544.11000,-0.15005,40544.11000,0,40544.11000,0,40544.11000,0,40544.11000,5.35773e-05,40544.11000,0.116337,40544.11000,5,40544.11000,0.7845,40544.11000,0.0175867,40544.11000,0.3,40544.11000,0.29078,40544.11000,0.00192255,40544.11000,0.192255,40544.11000,0.957921,40544.11000,100,40544.11000,0.318206,40544.11000,0.00318206,40544.11000,1.65512,40544.11000,0.8,40544.11000,0.29078,40544.11000,0.000625008,40544.11000,0.0625008,40544.11000,0.873549,40544.11000,100,40544.11000,0.0177211,40544.11000,0.000177211,40544.11000,0.283534,40544.11000,0.8,40544.11000,0.29078,40544.11000,0,40544.11000,0.000625008,40544.11000,0.01,40544.11000,0.873549,40544.11000,0.0172816,40544.11000,0.4,40544.11000,0.29078,40544.11000,0,40544.11000,0,40544.11000,0,40544.11000,0,40544.11000,0,40544.11000,0,40544.11000,-0.0392255,40544.11000,0,40544.11000,0,40544.11000,0,40544.11000,0,40544.11000,0,40544.11000,0,40544.11000,0.0172816,40544.11000,0.0172816,40544.11000,0,40544.11000,2.26526e-05,40544.11000,2.26526e-05,40544.11000,0,40544.11000,5.35773e-05,40544.11000,5.35773e-05,40544.11000,0,40544.11000,0,40544.11000,0,40544.11000,0,40544.11000,1.49834e-06,40544.11000,1.49834e-06,40544.11000,0,40544.11000,0,40544.11000,0,40544.11000,0,40544.11000,0.324575,40544.11000,0.324575,40544.11000,0,40544.11000,0,40544.11000,0,40544.11000,0,40544.11000,0,40544.11000,0,40544.11000,10551.5,40544.11000,0,40544.11000,0,40544.11000,0,40544.11000,0,40544.11000,611,40544.11000,0,40544.11000,0,40544.11000,0
40544.12000,1,40544.12000,4.15322,40544.12000,0.0922938,40544.12000,-1.20771,40544.12000,0,40544.12000,0.0001,40544.12000,0.0001,40544.12000,-1.5999,40544.12000,0,40544.12000,0,40544.12000,0,40544.12000,0,40544.12000,0,40544.12000,0.863691,40544.12000,0.863691,40544.12000,0.863691,40544.12000,0,40544.12000,0,40544.12000,0,40544.12000,0,40544.12000,5,40544.12000,0.784491,40544.12000,19.4743,40544.12000,0,40544.12000,0,40544.12000,-1.20725,40544.12000,-1.20725,40544.12000,-1.20725,40544.12000,0.324572,40544.12000,60,40544.12000,100111,40544.12000,-3,40544.12000,0,40544.12000,0,40544.12000,0,40544.12000,0,40544.12000,0.000151515,40544.12000,7.57573e-08,40544.12000,7.57573e-08,40544.12000,0,40544.12000,0,40544.12000,0,40544.12000,0,40544.12000,0.01,40544.12000,0.957913,40544.12000,30.8216,40544.12000,0,40544.12000,0,40544.12000,-1.33851,40544.12000,-0.271843,40544.12000,-0.271843,40544.12000,0.38527,40544.12000,80,40544.12000,0,40544.12000,0,40544.12000,0.01,40544.12000,0.812702,40544.12000,26.7557,40544.12000,0,40544.12000,0,40544.12000,-2.66193,40544.12000,-1.0286,40544.12000,-1.0286,40544.12000,0.334446,40544.12000,80,40544.12000,0,40544.12000,0,40544.12000,0.01,40544.12000,0.87355,40544.12000,28.4594,40544.12000,0,40544.12000,0,40544.12000,-2.8894,40544.12000,-0.689398,40544.12000,-0.689398,40544.12000,0.355742,40544.12000,80,40544.12000,0,40544.12000,0,40544.12000,7.74735e-06,40544.12000,0.000774705,40544.12000,1.54941e-06,40544.12000,1.54941e-06,40544.12000,0,40544.12000,100711,40544.12000,-1.9,40544.12000,0.01,40544.12000,0.295049,40544.12000,0.4,40544.12000,5,40544.12000,0.000774705,40544.12000,2.4229e-05,40544.12000,0.3,40544.12000,0,40544.12000,0,40544.12000,0,40544.12000,0,40544.12000,0,40544.12000,0,40544.12000,-0.15005,40544.12000,0,40544.12000,0,40544.12000,0,40544.12000,5.32691e-05,40544.12000,0.116326,40544.12000,5,40544.12000,0.784491,40544.12000,0.0177599,40544.12000,0.3,40544.12000,0.29078,40544.12000,0.00192229,40544.12000,0.192229,40544.12000,0.957913,40544.12000,100,40544.12000,0.317998,40544.12000,0.00317998,40544.12000,1.65427,40544.12000,0.8,40544.12000,0.29078,40544.12000,0.000625009,40544.12000,0.0625009,40544.12000,0.87355,40544.12000,100,40544.12000,0.0177715,40544.12000,0.000177715,40544.12000,0.284341,40544.12000,0.8,40544.12000,0.29078,40544.12000,0,40544.12000,0.000625009,40544.12000,0.01,40544.12000,0.87355,40544.12000,0.0172818,40544.12000,0.4,40544.12000,0.29078,40544.12000,0,40544.12000,0,40544.12000,0,40544.12000,0,40544.12000,0,40544.12000,0,40544.12000,-0.0392194,40544.12000,0,40544.12000,0,40544.12000,0,40544.12000,0,40544.12000,0,40544.12000,0,40544.12000,0.0172818,40544.12000,0.0172818,40544.12000,0,40544.12000,2.4229e-05,40544.12000,2.4229e-05,40544.12000,0,40544.12000,5.32691e-05,40544.12000,5.32691e-05,40544.12000,0,40544.12000,0,40544.12000,0,40544.12000,0,40544.12000,1.54941e-06,40544.12000,1.54941e-06,40544.12000,0,40544.12000,0,40544.12000,0,40544.12000,0,40544.12000,0.324572,40544.12000,0.324572,40544.12000,0,40544.12000,0,40544.12000,0,40544.12000,0,40544.12000,0,40544.12000,0,40544.12000,10551.5,40544.12000,0,40544.12000,0,40544.12000,0,40544.12000,0,40544.12000,611,40544.12000,0,40544.12000,0,40544.12000,0
40544.13000,1,40544.13000,4.15046,40544.13000,0.0922324,40544.13000,-1.20777,40544.13000,0,40544.13000,0.0001,40544.13000,0.0001,40544.13000,-1.5999,40544.13000,0,40544.13000,0,40544.13000,0,40544.13000,0,40544.13000,0,40544.13000,0.863691,40544.13000,0.863691,40544.13000,0.863691,40544.13000,0,40544.13000,0,40544.13000,0,40544.13000,0,40544.13000,5,40544.13000,0.784483,40544.13000,19.4741,40544.13000,0,40544.13000,0,40544.13000,-1.20731,40544.13000,-1.20731,40544.13000,-1.20731,40544.13000,0.324569,40544.13000,60,40544.13000,100111,40544.13000,-3,40544.13000,0,40544.13000,0,40544.13000,0,40544.13000,0,40544.13000,0.000150989,40544.13000,7.54944e-08,40544.13000,7.54944e-08,40544.13000,0,40544.13000,0,40544.13000,0,40544.13000,0,40544.13000,0.01,40544.13000,0.957905,40544.13000,30.8213,40544.13000,0,40544.13000,0,40544.13000,-1.33855,40544.13000,-0.271884,40544.13000,-0.271884,40544.13000,0.385267,40544.13000,80,40544.13000,0,40544.13000,0,40544.13000,0.01,40544.13000,0.812809,40544.13000,26.7586,40544.13000,0,40544.13000,0,40544.13000,-2.66128,40544.13000,-1.02795,40544.13000,-1.02795,40544.13000,0.334483,40544.13000,80,40544.13000,0,40544.13000,0,40544.13000,0.01,40544.13000,0.87355,40544.13000,28.4594,40544.13000,0,40544.13000,0,40544.13000,-2.8894,40544.13000,-0.689397,40544.13000,-0.689397,40544.13000,0.355742,40544.13000,80,40544.13000,0,40544.13000,0,40544.13000,8.00271e-06,40544.13000,0.000800239,40544.13000,1.60048e-06,40544.13000,1.60048e-06,40544.13000,0,40544.13000,100711,40544.13000,-1.9,40544.13000,0.01,40544.13000,0.294983,40544.13000,0.4,40544.13000,5,40544.13000,0.000800239,40544.13000,2.58054e-05,40544.13000,0.3,40544.13000,0,40544.13000,0,40544.13000,0,40544.13000,0,40544.13000,0,40544.13000,0,40544.13000,-0.15005,40544.13000,0,40544.13000,0,40544.13000,0,40544.13000,5.29608e-05,40544.13000,0.116315,40544.13000,5,40544.13000,0.784483,40544.13000,0.0179331,40544.13000,0.3,40544.13000,0.29078,40544.13000,0.00192203,40544.13000,0.192203,40544.13000,0.957905,40544.13000,100,40544.13000,0.317789,40544.13000,0.00317789,40544.13000,1.65341,40544.13000,0.8,40544.13000,0.29078,40544.13000,0.000625011,40544.13000,0.0625011,40544.13000,0.87355,40544.13000,100,40544.13000,0.017822,40544.13000,0.00017822,40544.13000,0.285147,40544.13000,0.8,40544.13000,0.29078,40544.13000,0,40544.13000,0.000625011,40544.13000,0.01,40544.13000,0.87355,40544.13000,0.017282,40544.13000,0.4,40544.13000,0.29078,40544.13000,0,40544.13000,0,40544.13000,0,40544.13000,0,40544.13000,0,40544.13000,0,40544.13000,-0.0392132,40544.13000,0,40544.13000,0,40544.13000,0,40544.13000,0,40544.13000,0,40544.13000,0,40544.13000,0.017282,40544.13000,0.017282,40544.13000,0,40544.13000,2.58054e-05,40544.13000,2.58054e-05,40544.13000,0,40544.13000,5.29608e-05,40544.13000,5.29608e-05,40544.13000,0,40544.13000,0,40544.13000,0,40544.13000,0,40544.13000,1.60048e-06,40544.13000,1.60048e-06,40544.13000,0,40544.13000,0,40544.13000,0,40544.13000,0,40544.13000,0.324569,40544.13000,0.324569,40544.13000,0,40544.13000,0,40544.13000,0,40544.13000,0,40544.13000,0,40544.13000,0,40544.13000,10551.5,40544.13000,0,40544.13000,0,40544.13000,0,40544.13000,0,40544.13000,611,40544.13000,0,40544.13000,0,40544.13000,0
40544.14000,1,40544.14000,4.1477,40544.14000,0.0921711,40544.14000,-1.20783,40544.14000,0,40544.14000,0.0001,40544.14000,0.0001,40544.14000,-1.5999,40544.14000,0,40544.14000,0,40544.14000,0,40544.14000,0,40544.14000,0,40544.14000,0.863691,40544.14000,0.863691,40544.14000,0.863691,40544.14000,0,40544.14000,0,40544.14000,0,40544.14000,0,40544.14000,5,40544.14000,0.784474,40544.14000,19.474,40544.14000,0,40544.14000,0,40544.14000,-1.20736,40544.14000,-1.20736,40544.14000,-1.20736,40544.14000,0.324566,40544.14000,60,40544.14000,100111,40544.14000,-3,40544.14000,0,40544.14000,0,40544.14000,0,40544.14000,0,40544.14000,0.000150465,40544.14000,7.52324e-08,40544.14000,7.52324e-08,40544.14000,0,40544.14000,0,40544.14000,0,40544.14000,0,40544.14000,0.01,40544.14000,0.957897,40544.14000,30.8211,40544.14000,0,40544.14000,0,40544.14000,-1.33859,40544.14000,-0.271925,40544.14000,-0.271925,40544.14000,0.385264,40544.14000,80,40544.14000,0,40544.14000,0,40544.14000,0.01,40544.14000,0.812916,40544.14000,26.7616,40544.14000,0,40544.14000,0,40544.14000,-2.66063,40544.14000,-1.0273,40544.14000,-1.0273,40544.14000,0.33452,40544.14000,80,40544.14000,0,40544.14000,0,40544.14000,0.01,40544.14000,0.87355,40544.14000,28.4594,40544.14000,0,40544.14000,0,40544.14000,-2.8894,40544.14000,-0.689396,40544.14000,-0.689396,40544.14000,0.355742,40544.14000,80,40544.14000,0,40544.14000,0,40544.14000,8.24837e-06,40544.14000,0.000824803,40544.14000,1.64961e-06,40544.14000,1.64961e-06,40544.14000,0,40544.14000,100711,40544.14000,-1.9,40544.14000,0.01,40544.14000,0.294917,40544.14000,0.4,40544.14000,5,40544.14000,0.000824803,40544.14000,2.73422e-05,40544.14000,0.3,40544.14000,0,40544.14000,0,40544.14000,0,40544.14000,0,40544.14000,0,40544.14000,0,40544.14000,-0.15005,40544.14000,0,40544.14000,0,40544.14000,0,40544.14000,5.26541e-05,40544.14000,0.116304,40544.14000,5,40544.14000,0.784474,40544.14000,0.0180972,40544.14000,0.3,40544.14000,0.29078,40544.14000,0.00192177,40544.14000,0.192177,40544.14000,0.957897,40544.14000,100,40544.14000,0.317581,40544.14000,0.00317581,40544.14000,1.65255,40544.14000,0.8,40544.14000,0.29078,40544.14000,0.000625012,40544.14000,0.0625012,40544.14000,0.87355,40544.14000,100,40544.14000,0.0178724,40544.14000,0.000178724,40544.14000,0.285953,40544.14000,0.8,40544.14000,0.29078,40544.14000,0,40544.14000,0.000625012,40544.14000,0.01,40544.14000,0.87355,40544.14000,0.0172823,40544.14000,0.4,40544.14000,0.29078,40544.14000,0,40544.14000,0,40544.14000,0,40544.14000,0,40544.14000,0,40544.14000,0,40544.14000,-0.0392071,40544.14000,0,40544.14000,0,40544.14000,0,40544.14000,0,40544.14000,0,40544.14000,0,40544.14000,0.0172823,40544.14000,0.0172823,40544.14000,0,40544.14000,2.73422e-05,40544.14000,2.73422e-05,40544.14000,0,40544.14000,5.26541e-05,40544.14000,5.26541e-05,40544.14000,0,40544.14000,0,40544.14000,0,40544.14000,0,40544.14000,1.64961e-06,40544.14000,1.64961e-06,40544.14000,0,40544.14000,0,40544.14000,0,40544.14000,0,40544.14000,0.324566,40544.14000,0.324566,40544.14000,0,40544.14000,0,40544.14000,0,40544.14000,0,40544.14000,0,40544.14000,0,40544.14000,10551.5,40544.14000,0,40544.14000,0,40544.14000,0,40544.14000,0,40544.14000,611,40544.14000,0,40544.14000,0,40544.14000,0
40544.15000,1,40544.15000,4.14494,40544.15000,0.0921099,40544.15000,-1.20789,40544.15000,0,40544.15000,0.0001,40544.15000,0.0001,40544.15000,-1.5999,40544.15000,0,40544.15000,0,40544.15000,0,40544.15000,0,40544.15000,0,40544.15000,0.863691,40544.15000,0.863691,40544.15000,0.863691,40544.15000,0,40544.15000,0,40544.15000,0,40544.15000,0,40544.15000,5,40544.15000,0.784465,40544.15000,19.4738,40544.15000,0,40544.15000,0,40544.15000,-1.20742,40544.15000,-1.20742,40544.15000,-1.20742,40544.15000,0.324563,40544.15000,60,40544.15000,100111,40544.15000,-3,40544.15000,0,40544.15000,0,40544.15000,0,40544.15000,0,40544.15000,0.000149952,40544.15000,7.49758e-08,40544.15000,7.49758e-08,40544.15000,0,40544.15000,0,40544.15000,0,40544.15000,0,40544.15000,0.01,40544.15000,0.957889,40544.15000,30.8209,40544.15000,0,40544.15000,0,40544.15000,-1.33863,40544.15000,-0.271964,40544.15000,-0.271964,40544.15000,0.385261,40544.15000,80,40544.15000,0,40544.15000,0,40544.15000,0.01,40544.15000,0.813022,40544.15000,26.7646,40544.15000,0,40544.15000,0,40544.15000,-2.65999,40544.15000,-1.02666,40544.15000,-1.02666,40544.15000,0.334558,40544.15000,80,40544.15000,0,40544.15000,0,40544.15000,0.01,40544.15000,0.87355,40544.15000,28.4594,40544.15000,0,40544.15000,0,40544.15000,-2.88939,40544.15000,-0.689394,40544.15000,-0.689394,40544.15000,0.355743,40544.15000,80,40544.15000,0,40544.15000,0,40544.15000,8.43636e-06,40544.15000,0.0008436,40544.15000,1.6872e-06,40544.15000,1.6872e-06,40544.15000,0,40544.15000,100711,40544.15000,-1.9,40544.15000,0.01,40544.15000,0.29485,40544.15000,0.4,40544.15000,5,40544.15000,0.0008436,40544.15000,2.86442e-05,40544.15000,0.3,40544.15000,0,40544.15000,0,40544.15000,0,40544.15000,0,40544.15000,0,40544.15000,0,40544.15000,-0.15005,40544.15000,0,40544.15000,0,40544.15000,0,40544.15000,5.23561e-05,40544.15000,0.116293,40544.15000,5,40544.15000,0.784465,40544.15000,0.0182073,40544.15000,0.3,40544.15000,0.29078,40544.15000,0.00192151,40544.15000,0.192151,40544.15000,0.957889,40544.15000,100,40544.15000,0.317375,40544.15000,0.00317375,40544.15000,1.65169,40544.15000,0.8,40544.15000,0.29078,40544.15000,0.000625014,40544.15000,0.0625014,40544.15000,0.87355,40544.15000,100,40544.15000,0.0179226,40544.15000,0.000179226,40544.15000,0.286756,40544.15000,0.8,40544.15000,0.29078,40544.15000,0,40544.15000,0.000625014,40544.15000,0.01,40544.15000,0.87355,40544.15000,0.0172826,40544.15000,0.4,40544.15000,0.29078,40544.15000,0,40544.15000,0,40544.15000,0,40544.15000,0,40544.15000,0,40544.15000,0,40544.15000,-0.039201,40544.15000,0,40544.15000,0,40544.15000,0,40544.15000,0,40544.15000,0,40544.15000,0,40544.15000,0.0172826,40544.15000,0.0172826,40544.15000,0,40544.15000,2.86442e-05,40544.15000,2.86442e-05,40544.15000,0,40544.15000,5.23561e-05,40544.15000,5.23561e-05,40544.15000,0,40544.15000,0,40544.15000,0,40544.15000,0,40544.15000,1.6872e-06,40544.15000,1.6872e-06,40544.15000,0,40544.15000,0,40544.15000,0,40544.15000,0,40544.15000,0.324563,40544.15000,0.324563,40544.15000,0,40544.15000,0,40544.15000,0,40544.15000,0,40544.15000,0,40544.15000,0,40544.15000,10551.5,40544.15000,0,40544.15000,0,40544.15000,0,40544.15000,0,40544.15000,611,40544.15000,0,40544.15000,0,40544.15000,0
40544.16000,1,40544.16000,4.14219,40544.16000,0.0920487,40544.16000,-1.20795,40544.16000,0,40544.16000,0.0001,40544.16000,0.0001,40544.16000,-1.5999,40544.16000,0,40544.16000,0,40544.16000,0,40544.16000,0,40544.16000,0,40544.16000,0.863691,40544.16000,0.863691,40544.16000,0.863691,40544.16000,0,40544.16000,0,40544.16000,0,40544.16000,0,40544.16000,5,40544.16000,0.784457,40544.16000,19.4736,40544.16000,0,40544.16000,0,40544.16000,-1.20748,40544.16000,-1.20748,40544.16000,-1.20748,40544.16000,0.32456,40544.16000,60,40544.16000,100111,40544.16000,-3,40544.16000,0,40544.16000,0,40544.16000,0,40544.16000,0,40544.16000,0.000149438,40544.16000,7.47192e-08,40544.16000,7.47192e-08,40544.16000,0,40544.16000,0,40544.16000,0,40544.16000,0,40544.16000,0.01,40544.16000,0.957881,40544.16000,30.8207,40544.16000,0,40544.16000,0,40544.16000,-1.33867,40544.16000,-0.272004,40544.16000,-0.272004,40544.16000,0.385258,40544.16000,80,40544.16000,0,40544.16000,0,40544.16000,0.01,40544.16000,0.813128,40544.16000,26.7676,40544.16000,0,40544.16000,0,40544.16000,-2.65935,40544.16000,-1.02602,40544.16000,-1.02602,40544.16000,0.334595,40544.16000,80,40544.16000,0,40544.16000,0,40544.16000,0.01,40544.16000,0.87355,40544.16000,28.4594,40544.16000,0,40544.16000,0,40544.16000,-2.88939,40544.16000,-0.689393,40544.16000,-0.689393,40544.16000,0.355743,40544.16000,80,40544.16000,0,40544.16000,0,40544.16000,8.62434e-06,40544.16000,0.000862397,40544.16000,1.72479e-06,40544.16000,1.72479e-06,40544.16000,0,40544.16000,100711,40544.16000,-1.9,40544.16000,0.01,40544.16000,0.294782,40544.16000,0.4,40544.16000,5,40544.16000,0.000862397,40544.16000,2.99461e-05,40544.16000,0.3,40544.16000,0,40544.16000,0,40544.16000,0,40544.16000,0,40544.16000,0,40544.16000,0,40544.16000,-0.15005,40544.16000,0,40544.16000,0,40544.16000,0,40544.16000,5.20581e-05,40544.16000,0.116282,40544.16000,5,40544.16000,0.784457,40544.16000,0.0183175,40544.16000,0.3,40544.16000,0.29078,40544.16000,0.00192126,40544.16000,0.192126,40544.16000,0.957881,40544.16000,100,40544.16000,0.31717,40544.16000,0.0031717,40544.16000,1.65084,40544.16000,0.8,40544.16000,0.29078,40544.16000,0.000625016,40544.16000,0.0625016,40544.16000,0.87355,40544.16000,100,40544.16000,0.0179728,40544.16000,0.000179728,40544.16000,0.287558,40544.16000,0.8,40544.16000,0.29078,40544.16000,0,40544.16000,0.000625016,40544.16000,0.01,40544.16000,0.87355,40544.16000,0.0172828,40544.16000,0.4,40544.16000,0.29078,40544.16000,0,40544.16000,0,40544.16000,0,40544.16000,0,40544.16000,0,40544.16000,0,40544.16000,-0.0391949,40544.16000,0,40544.16000,0,40544.16000,0,40544.16000,0,40544.16000,0,40544.16000,0,40544.16000,0.0172828,40544.16000,0.0172828,40544.16000,0,40544.16000,2.99461e-05,40544.16000,2.99461e-05,40544.16000,0,40544.16000,5.20581e-05,40544.16000,5.20581e-05,40544.16000,0,40544.16000,0,40544.16000,0,40544.16000,0,40544.16000,1.72479e-06,40544.16000,1.72479e-06,40544.16000,0,40544.16000,0,40544.16000,0,40544.16000,0,40544.16000,0.32456,40544.16000,0.32456,40544.16000,0,40544.16000,0,40544.16000,0,40544.16000,0,40544.16000,0,40544.16000,0,40544.16000,10551.5,40544.16000,0,40544.16000,0,40544.16000,0,40544.16000,0,40544.16000,611,40544.16000,0,40544.16000,0,40544.16000,0
40544.17000,1,40544.17000,4.13944,40544.17000,0.0919875,40544.17000,-1.20801,40544.17000,0,40544.17000,0.0001,40544.17000,0.0001,40544.17000,-1.5999,40544.17000,0,40544.17000,0,40544.17000,0,40544.17000,0,40544.17000,0,40544.17000,0.863691,40544.17000,0.863691,40544.17000,0.863691,40544.17000,0,40544.17000,0,40544.17000,0,40544.17000,0,40544.17000,5,40544.17000,0.784448,40544.17000,19.4734,40544.17000,0,40544.17000,0,40544.17000,-1.20754,40544.17000,-1.20754,40544.17000,-1.20754,40544.17000,0.324557,40544.17000,60,40544.17000,100111,40544.17000,-3,40544.17000,0,40544.17000,0,40544.17000,0,40544.17000,0,40544.17000,0.000148925,40544.17000,7.44626e-08,40544.17000,7.44626e-08,40544.17000,0,40544.17000,0,40544.17000,0,40544.17000,0,40544.17000,0.01,40544.17000,0.957874,40544.17000,30.8205,40544.17000,0,40544.17000,0,40544.17000,-1.33871,40544.17000,-0.272044,40544.17000,-0.272044,40544.17000,0.385256,40544.17000,80,40544.17000,0,40544.17000,0,40544.17000,0.01,40544.17000,0.813235,40544.17000,26.7706,40544.17000,0,40544.17000,0,40544.17000,-2.6587,40544.17000,-1.02537,40544.17000,-1.02537,40544.17000,0.334632,40544.17000,80,40544.17000,0,40544.17000,0,40544.17000,0.01,40544.17000,0.873551,40544.17000,28.4594,40544.17000,0,40544.17000,0,40544.17000,-2.88939,40544.17000,-0.689391,40544.17000,-0.689391,40544.17000,0.355743,40544.17000,80,40544.17000,0,40544.17000,0,40544.17000,8.81233e-06,40544.17000,0.000881194,40544.17000,1.76239e-06,40544.17000,1.76239e-06,40544.17000,0,40544.17000,100711,40544.17000,-1.9,40544.17000,0.01,40544.17000,0.294714,40544.17000,0.4,40544.17000,5,40544.17000,0.000881194,40544.17000,3.12481e-05,40544.17000,0.3,40544.17000,0,40544.17000,0,40544.17000,0,40544.17000,0,40544.17000,0,40544.17000,0,40544.17000,-0.15005,40544.17000,0,40544.17000,0,40544.17000,0,40544.17000,5.17601e-05,40544.17000,0.116271,40544.17000,5,40544.17000,0.784448,40544.17000,0.0184276,40544.17000,0.3,40544.17000,0.29078,40544.17000,0.00192101,40544.17000,0.192101,40544.17000,0.957874,40544.17000,100,40544.17000,0.316964,40544.17000,0.00316964,40544.17000,1.64999,40544.17000,0.8,40544.17000,0.29078,40544.17000,0.000625018,40544.17000,0.0625018,40544.17000,0.873551,40544.17000,100,40544.17000,0.018023,40544.17000,0.00018023,40544.17000,0.28836,40544.17000,0.8,40544.17000,0.29078,40544.17000,0,40544.17000,0.000625018,40544.17000,0.01,40544.17000,0.873551,40544.17000,0.0172831,40544.17000,0.4,40544.17000,0.29078,40544.17000,0,40544.17000,0,40544.17000,0,40544.17000,0,40544.17000,0,40544.17000,0,40544.17000,-0.0391887,40544.17000,0,40544.17000,0,40544.17000,0,40544.17000,0,40544.17000,0,40544.17000,0,40544.17000,0.0172831,40544.17000,0.0172831,40544.17000,0,40544.17000,3.12481e-05,40544.17000,3.12481e-05,40544.17000,0,40544.17000,5.17601e-05,40544.17000,5.17601e-05,40544.17000,0,40544.17000,0,40544.17000,0,40544.17000,0,40544.17000,1.76239e-06,40544.17000,1.76239e-06,40544.17000,0,40544.17000,0,40544.17000,0,40544.17000,0,40544.17000,0.324557,40544.17000,0.324557,40544.17000,0,40544.17000,0,40544.17000,0,40544.17000,0,40544.17000,0,40544.17000,0,40544.17000,10551.5,40544.17000,0,40544.17000,0,40544.17000,0,40544.17000,0,40544.17000,611,40544.17000,0,40544.17000,0,40544.17000,0
40544.18000,1,40544.18000,4.13668,40544.18000,0.0919263,40544.18000,-1.20807,40544.18000,0,40544.18000,0.0001,40544.18000,0.0001,40544.18000,-1.5999,40544.18000,0,40544.18000,0,40544.18000,0,40544.18000,0,40544.18000,0,40544.18000,0.863691,40544.18000,0.863691,40544.18000,0.863691,40544.18000,0,40544.18000,0,40544.18000,0,40544.18000,0,40544.18000,5,40544.18000,0.784439,40544.18000,19.4732,40544.18000,0,40544.18000,0,40544.18000,-1.2076,40544.18000,-1.2076,40544.18000,-1.2076,40544.18000,0.324554,40544.18000,60,40544.18000,100111,40544.18000,-3,40544.18000,0,40544.18000,0,40544.18000,0,40544.18000,0,40544.18000,0.000148412,40544.18000,7.4206e-08,40544.18000,7.4206e-08,40544.18000,0,40544.18000,0,40544.18000,0,40544.18000,0,40544.18000,0.01,40544.18000,0.957866,40544.18000,30.8202,40544.18000,0,40544.18000,0,40544.18000,-1.33875,40544.18000,-0.272083,40544.18000,-0.272083,40544.18000,0.385253,40544.18000,80,40544.18000,0,40544.18000,0,40544.18000,0.01,40544.18000,0.813341,40544.18000,26.7736,40544.18000,0,40544.18000,0,40544.18000,-2.65806,40544.18000,-1.02473,40544.18000,-1.02473,40544.18000,0.334669,40544.18000,80,40544.18000,0,40544.18000,0,40544.18000,0.01,40544.18000,0.873551,40544.18000,28.4594,40544.18000,0,40544.18000,0,40544.18000,-2.88939,40544.18000,-0.68939,40544.18000,-0.68939,40544.18000,0.355743,40544.18000,80,40544.18000,0,40544.18000,0,40544.18000,9.00031e-06,40544.18000,0.000899991,40544.18000,1.79998e-06,40544.18000,1.79998e-06,40544.18000,0,40544.18000,100711,40544.18000,-1.9,40544.18000,0.01,40544.18000,0.294646,40544.18000,0.4,40544.18000,5,40544.18000,0.000899991,40544.18000,3.255e-05,40544.18000,0.3,40544.18000,0,40544.18000,0,40544.18000,0,40544.18000,0,40544.18000,0,40544.18000,0,40544.18000,-0.15005,40544.18000,0,40544.18000,0,40544.18000,0,40544.18000,5.14621e-05,40544.18000,0.11626,40544.18000,5,40544.18000,0.784439,40544.18000,0.0185378,40544.18000,0.3,40544.18000,0.29078,40544.18000,0.00192075,40544.18000,0.192075,40544.18000,0.957866,40544.18000,100,40544.18000,0.316758,40544.18000,0.00316758,40544.18000,1.64913,40544.18000,0.8,40544.18000,0.29078,40544.18000,0.000625021,40544.18000,0.0625021,40544.18000,0.873551,40544.18000,100,40544.18000,0.0180732,40544.18000,0.000180732,40544.18000,0.289162,40544.18000,0.8,40544.18000,0.29078,40544.18000,0,40544.18000,0.000625021,40544.18000,0.01,40544.18000,0.873551,40544.18000,0.0172834,40544.18000,0.4,40544.18000,0.29078,40544.18000,0,40544.18000,0,40544.18000,0,40544.18000,0,40544.18000,0,40544.18000,0,40544.18000,-0.0391826,40544.18000,0,40544.18000,0,40544.18000,0,40544.18000,0,40544.18000,0,40544.18000,0,40544.18000,0.0172834,40544.18000,0.0172834,40544.18000,0,40544.18000,3.255e-05,40544.18000,3.255e-05,40544.18000,0,40544.18000,5.14621e-05,40544.18000,5.14621e-05,40544.18000,0,40544.18000,0,40544.18000,0,40544.18000,0,40544.18000,1.79998e-06,40544.18000,1.79998e-06,40544.18000,0,40544.18000,0,40544.18000,0,40544.18000,0,40544.18000,0.324554,40544.18000,0.324554,40544.18000,0,40544.18000,0,40544.18000,0,40544.18000,0,40544.18000,0,40544.18000,0,40544.18000,10551.5,40544.18000,0,40544.18000,0,40544.18000,0,40544.18000,0,40544.18000,611,40544.18000,0,40544.18000,0,40544.18000,0
40544.19000,1,40544.19000,4.13393,40544.19000,0.0918652,40544.19000,-1.20813,40544.19000,0,40544.19000,0.0001,40544.19000,0.0001,40544.19000,-1.5999,40544.19000,0,40544.19000,0,40544.19000,0,40544.19000,0,40544.19000,0,40544.19000,0.863691,40544.19000,0.863691,40544.19000,0.863691,40544.19000,0,40544.19000,0,40544.19000,0,40544.19000,0,40544.19000,5,40544.19000,0.78443,40544.19000,19.473,40544.19000,0,40544.19000,0,40544.19000,-1.20765,40544.19000,-1.20765,40544.19000,-1.20765,40544.19000,0.324551,40544.19000,60,40544.19000,100111,40544.19000,-3,40544.19000,0,40544.19000,0,40544.19000,0,40544.19000,0,40544.19000,0.00014791,40544.19000,7.3955e-08,40544.19000,7.3955e-08,40544.19000,0,40544.19000,0,40544.19000,0,40544.19000,0,40544.19000,0.01,40544.19000,0.957858,40544.19000,30.82,40544.19000,0,40544.19000,0,40544.19000,-1.33879,40544.19000,-0.272122,40544.19000,-0.272122,40544.19000,0.38525,40544.19000,80,40544.19000,0,40544.19000,0,40544.19000,0.01,40544.19000,0.813447,40544.19000,26.7765,40544.19000,0,40544.19000,0,40544.19000,-2.65742,40544.19000,-1.02409,40544.19000,-1.02409,40544.19000,0.334707,40544.19000,80,40544.19000,0,40544.19000,0,40544.19000,0.01,40544.19000,0.873551,40544.19000,28.4594,40544.19000,0,40544.19000,0,40544.19000,-2.88939,40544.19000,-0.689388,40544.19000,-0.689388,40544.19000,0.355743,40544.19000,80,40544.19000,0,40544.19000,0,40544.19000,9.13785e-06,40544.19000,0.000913743,40544.19000,1.82749e-06,40544.19000,1.82749e-06,40544.19000,0,40544.19000,100711,40544.19000,-1.9,40544.19000,0.01,40544.19000,0.294577,40544.19000,0.4,40544.19000,5,40544.19000,0.000913743,40544.19000,3.35708e-05,40544.19000,0.3,40544.19000,0,40544.19000,0,40544.19000,0,40544.19000,0,40544.19000,0,40544.19000,0,40544.19000,-0.15005,40544.19000,0,40544.19000,0,40544.19000,0,40544.19000,5.11733e-05,40544.19000,0.116248,40544.19000,5,40544.19000,0.78443,40544.19000,0.0186101,40544.19000,0.3,40544.19000,0.29078,40544.19000,0.00192051,40544.19000,0.192051,40544.19000,0.957858,40544.19000,100,40544.19000,0.316554,40544.19000,0.00316554,40544.19000,1.64828,40544.19000,0.8,40544.19000,0.29078,40544.19000,0.000625023,40544.19000,0.0625023,40544.19000,0.873551,40544.19000,100,40544.19000,0.0181232,40544.19000,0.000181232,40544.19000,0.28996,40544.19000,0.8,40544.19000,0.29078,40544.19000,0,40544.19000,0.000625023,40544.19000,0.01,40544.19000,0.873551,40544.19000,0.0172838,40544.19000,0.4,40544.19000,0.29078,40544.19000,0,40544.19000,0,40544.19000,0,40544.19000,0,40544.19000,0,40544.19000,0,40544.19000,-0.0391765,40544.19000,0,40544.19000,0,40544.19000,0,40544.19000,0,40544.19000,0,40544.19000,0,40544.19000,0.0172838,40544.19000,0.0172838,40544.19000,0,40544.19000,3.35708e-05,40544.19000,3.35708e-05,40544.19000,0,40544.19000,5.11733e-05,40544.19000,5.11733e-05,40544.19000,0,40544.19000,0,40544.19000,0,40544.19000,0,40544.19000,1.82749e-06,40544.19000,1.82749e-06,40544.19000,0,40544.19000,0,40544.19000,0,40544.19000,0,40544.19000,0.324551,40544.19000,0.324551,40544.19000,0,40544.19000,0,40544.19000,0,40544.19000,0,40544.19000,0,40544.19000,0,40544.19000,10551.5,40544.19000,0,40544.19000,0,40544.19000,0,40544.19000,0,40544.19000,611,40544.19000,0,40544.19000,0,40544.19000,0
40544.20000,1,40544.20000,4.13119,40544.20000,0.0918041,40544.20000,-1.2082,40544.20000,0,40544.20000,0.0001,40544.20000,0.0001,40544.20000,-1.5999,40544.20000,0,40544.20000,0,40544.20000,0,40544.20000,0,40544.20000,0,40544.20000,0.863691,40544.20000,0.863691,40544.20000,0.863691,40544.20000,0,40544.20000,0,40544.20000,0,40544.20000,0,40544.20000,5,40544.20000,0.784421,40544.20000,19.4728,40544.20000,0,40544.20000,0,40544.20000,-1.20771,40544.20000,-1.20771,40544.20000,-1.20771,40544.20000,0.324547,40544.20000,60,40544.20000,100111,40544.20000,-3,40544.20000,0,40544.20000,0,40544.20000,0,40544.20000,0,40544.20000,0.000147409,40544.20000,7.37045e-08,40544.20000,7.37045e-08,40544.20000,0,40544.20000,0,40544.20000,0,40544.20000,0,40544.20000,0.01,40544.20000,0.95785,40544.20000,30.8198,40544.20000,0,40544.20000,0,40544.20000,-1.33883,40544.20000,-0.272161,40544.20000,-0.272161,40544.20000,0.385248,40544.20000,80,40544.20000,0,40544.20000,0,40544.20000,0.01,40544.20000,0.813553,40544.20000,26.7795,40544.20000,0,40544.20000,0,40544.20000,-2.65678,40544.20000,-1.02345,40544.20000,-1.02345,40544.20000,0.334744,40544.20000,80,40544.20000,0,40544.20000,0,40544.20000,0.01,40544.20000,0.873552,40544.20000,28.4594,40544.20000,0,40544.20000,0,40544.20000,-2.88939,40544.20000,-0.689386,40544.20000,-0.689386,40544.20000,0.355743,40544.20000,80,40544.20000,0,40544.20000,0,40544.20000,9.27159e-06,40544.20000,0.000927115,40544.20000,1.85423e-06,40544.20000,1.85423e-06,40544.20000,0,40544.20000,100711,40544.20000,-1.9,40544.20000,0.01,40544.20000,0.294507,40544.20000,0.4,40544.20000,5,40544.20000,0.000927115,40544.20000,3.45705e-05,40544.20000,0.3,40544.20000,0,40544.20000,0,40544.20000,0,40544.20000,0,40544.20000,0,40544.20000,0,40544.20000,-0.15005,40544.20000,0,40544.20000,0,40544.20000,0,40544.20000,5.08851e-05,40544.20000,0.116237,40544.20000,5,40544.20000,0.784421,40544.20000,0.0186795,40544.20000,0.3,40544.20000,0.29078,40544.20000,0.00192026,40544.20000,0.192026,40544.20000,0.95785,40544.20000,100,40544.20000,0.31635,40544.20000,0.0031635,40544.20000,1.64744,40544.20000,0.8,40544.20000,0.29078,40544.20000,0.000625026,40544.20000,0.0625026,40544.20000,0.873552,40544.20000,100,40544.20000,0.0181731,40544.20000,0.000181731,40544.20000,0.290758,40544.20000,0.8,40544.20000,0.29078,40544.20000,0,40544.20000,0.000625026,40544.20000,0.01,40544.20000,0.873552,40544.20000,0.0172841,40544.20000,0.4,40544.20000,0.29078,40544.20000,0,40544.20000,0,40544.20000,0,40544.20000,0,40544.20000,0,40544.20000,0,40544.20000,-0.0391704,40544.20000,0,40544.20000,0,40544.20000,0,40544.20000,0,40544.20000,0,40544.20000,0,40544.20000,0.0172841,40544.20000,0.0172841,40544.20000,0,40544.20000,3.45705e-05,40544.20000,3.45705e-05,40544.20000,0,40544.20000,5.08851e-05,40544.20000,5.08851e-05,40544.20000,0,40544.20000,0,40544.20000,0,40544.20000,0,40544.20000,1.85423e-06,40544.20000,1.85423e-06,40544.20000,0,40544.20000,0,40544.20000,0,40544.20000,0,40544.20000,0.324547,40544.20000,0.324547,40544.20000,0,40544.20000,0,40544.20000,0,40544.20000,0,40544.20000,0,40544.20000,0,40544.20000,10551.5,40544.20000,0,40544.20000,0,40544.20000,0,40544.20000,0,40544.20000,611,40544.20000,0,40544.20000,0,40544.20000,0
40544.21000,1,40544.21000,4.12844,40544.21000,0.0917431,40544.21000,-1.20826,40544.21000,0,40544.21000,0.0001,40544.21000,0.0001,40544.21000,-1.5999,40544.21000,0,40544.21000,0,40544.21000,0,40544.21000,0,40544.21000,0,40544.21000,0.863691,40544.21000,0.863691,40544.21000,0.863691,40544.21000,0,40544.21000,0,40544.21000,0,40544.21000,0,40544.21000,5,40544.21000,0.784412,40544.21000,19.4727,40544.21000,0,40544.21000,0,40544.21000,-1.20777,40544.21000,-1.20777,40544.21000,-1.20777,40544.21000,0.324544,40544.21000,60,40544.21000,100111,40544.21000,-3,40544.21000,0,40544.21000,0,40544.21000,0,40544.21000,0,40544.21000,0.000146908,40544.21000,7.34539e-08,40544.21000,7.34539e-08,40544.21000,0,40544.21000,0,40544.21000,0,40544.21000,0,40544.21000,0.01,40544.21000,0.957843,40544.21000,30.8196,40544.21000,0,40544.21000,0,40544.21000,-1.33887,40544.21000,-0.272199,40544.21000,-0.272199,40544.21000,0.385245,40544.21000,80,40544.21000,0,40544.21000,0,40544.21000,0.01,40544.21000,0.813659,40544.21000,26.7825,40544.21000,0,40544.21000,0,40544.21000,-2.65614,40544.21000,-1.02281,40544.21000,-1.02281,40544.21000,0.334781,40544.21000,80,40544.21000,0,40544.21000,0,40544.21000,0.01,40544.21000,0.873552,40544.21000,28.4595,40544.21000,0,40544.21000,0,40544.21000,-2.88938,40544.21000,-0.689384,40544.21000,-0.689384,40544.21000,0.355743,40544.21000,80,40544.21000,0,40544.21000,0,40544.21000,9.40532e-06,40544.21000,0.000940488,40544.21000,1.88098e-06,40544.21000,1.88098e-06,40544.21000,0,40544.21000,100711,40544.21000,-1.9,40544.21000,0.01,40544.21000,0.294437,40544.21000,0.4,40544.21000,5,40544.21000,0.000940488,40544.21000,3.55702e-05,40544.21000,0.3,40544.21000,0,40544.21000,0,40544.21000,0,40544.21000,0,40544.21000,0,40544.21000,0,40544.21000,-0.15005,40544.21000,0,40544.21000,0,40544.21000,0,40544.21000,5.05969e-05,40544.21000,0.116226,40544.21000,5,40544.21000,0.784412,40544.21000,0.0187489,40544.21000,0.3,40544.21000,0.29078,40544.21000,0.00192001,40544.21000,0.192001,40544.21000,0.957843,40544.21000,100,40544.21000,0.316147,40544.21000,0.00316147,40544.21000,1.64659,40544.21000,0.8,40544.21000,0.29078,40544.21000,0.000625028,40544.21000,0.0625028,40544.21000,0.873552,40544.21000,100,40544.21000,0.0182231,40544.21000,0.000182231,40544.21000,0.291556,40544.21000,0.8,40544.21000,0.29078,40544.21000,0,40544.21000,0.000625028,40544.21000,0.01,40544.21000,0.873552,40544.21000,0.0172845,40544.21000,0.4,40544.21000,0.29078,40544.21000,0,40544.21000,0,40544.21000,0,40544.21000,0,40544.21000,0,40544.21000,0,40544.21000,-0.0391643,40544.21000,0,40544.21000,0,40544.21000,0,40544.21000,0,40544.21000,0,40544.21000,0,40544.21000,0.0172845,40544.21000,0.0172845,40544.21000,0,40544.21000,3.55702e-05,40544.21000,3.55702e-05,40544.21000,0,40544.21000,5.05969e-05,40544.21000,5.05969e-05,40544.21000,0,40544.21000,0,40544.21000,0,40544.21000,0,40544.21000,1.88098e-06,40544.21000,1.88098e-06,40544.21000,0,40544.21000,0,40544.21000,0,40544.21000,0,40544.21000,0.324544,40544.21000,0.324544,40544.21000,0,40544.21000,0,40544.21000,0,40544.21000,0,40544.21000,0,40544.21000,0,40544.21000,10551.5,40544.21000,0,40544.21000,0,40544.21000,0,40544.21000,0,40544.21000,611,40544.21000,0,40544.21000,0,40544.21000,0
40544.22000,1,40544.22000,4.12569,40544.22000,0.091682,40544.22000,-1.20832,40544.22000,0,40544.22000,0.0001,40544.22000,0.0001,40544.22000,-1.5999,40544.22000,0,40544.22000,0,40544.22000,0,40544.22000,0,40544.22000,0,40544.22000,0.863691,40544.22000,0.863691,40544.22000,0.863691,40544.22000,0,40544.22000,0,40544.22000,0,40544.22000,0,40544.22000,5,40544.22000,0.784403,40544.22000,19.4725,40544.22000,0,40544.22000,0,40544.22000,-1.20783,40544.22000,-1.20783,40544.22000,-1.20783,40544.22000,0.324541,40544.22000,60,40544.22000,100111,40544.22000,-3,40544.22000,0,40544.22000,0,40544.22000,0,40544.22000,0,40544.22000,0.000146407,40544.22000,7.32034e-08,40544.22000,7.32034e-08,40544.22000,0,40544.22000,0,40544.22000,0,40544.22000,0,40544.22000,0.01,40544.22000,0.957835,40544.22000,30.8194,40544.22000,0,40544.22000,0,40544.22000,-1.33891,40544.22000,-0.272238,40544.22000,-0.272238,40544.22000,0.385242,40544.22000,80,40544.22000,0,40544.22000,0,40544.22000,0.01,40544.22000,0.813765,40544.22000,26.7854,40544.22000,0,40544.22000,0,40544.22000,-2.6555,40544.22000,-1.02217,40544.22000,-1.02217,40544.22000,0.334818,40544.22000,80,40544.22000,0,40544.22000,0,40544.22000,0.01,40544.22000,0.873552,40544.22000,28.4595,40544.22000,0,40544.22000,0,40544.22000,-2.88938,40544.22000,-0.689382,40544.22000,-0.689382,40544.22000,0.355743,40544.22000,80,40544.22000,0,40544.22000,0,40544.22000,9.53906e-06,40544.22000,0.000953861,40544.22000,1.90772e-06,40544.22000,1.90772e-06,40544.22000,0,40544.22000,100711,40544.22000,-1.9,40544.22000,0.01,40544.22000,0.294367,40544.22000,0.4,40544.22000,5,40544.22000,0.000953861,40544.22000,3.65699e-05,40544.22000,0.3,40544.22000,0,40544.22000,0,40544.22000,0,40544.22000,0,40544.22000,0,40544.22000,0,40544.22000,-0.15005,40544.22000,0,40544.22000,0,40544.22000,0,40544.22000,5.03088e-05,40544.22000,0.116215,40544.22000,5,40544.22000,0.784403,40544.22000,0.0188184,40544.22000,0.3,40544.22000,0.29078,40544.22000,0.00191976,40544.22000,0.191976,40544.22000,0.957835,40544.22000,100,40544.22000,0.315943,40544.22000,0.00315943,40544.22000,1.64574,40544.22000,0.8,40544.22000,0.29078,40544.22000,0.000625031,40544.22000,0.0625031,40544.22000,0.873552,40544.22000,100,40544.22000,0.018273,40544.22000,0.00018273,40544.22000,0.292354,40544.22000,0.8,40544.22000,0.29078,40544.22000,0,40544.22000,0.000625031,40544.22000,0.01,40544.22000,0.873552,40544.22000,0.0172848,40544.22000,0.4,40544.22000,0.29078,40544.22000,0,40544.22000,0,40544.22000,0,40544.22000,0,40544.22000,0,40544.22000,0,40544.22000,-0.0391582,40544.22000,0,40544.22000,0,40544.22000,0,40544.22000,0,40544.22000,0,40544.22000,0,40544.22000,0.0172848,40544.22000,0.0172848,40544.22000,0,40544.22000,3.65699e-05,40544.22000,3.65699e-05,40544.22000,0,40544.22000,5.03088e-05,40544.22000,5.03088e-05,40544.22000,0,40544.22000,0,40544.22000,0,40544.22000,0,40544.22000,1.90772e-06,40544.22000,1.90772e-06,40544.22000,0,40544.22000,0,40544.22000,0,40544.22000,0,40544.22000,0.324541,40544.22000,0.324541,40544.22000,0,40544.22000,0,40544.22000,0,40544.22000,0,40544.22000,0,40544.22000,0,40544.22000,10551.5,40544.22000,0,40544.22000,0,40544.22000,0,40544.22000,0,40544.22000,611,40544.22000,0,40544.22000,0,40544.22000,0
40544.23000,1,40544.23000,4.12294,40544.23000,0.091621,40544.23000,-1.20838,40544.23000,0,40544.23000,0.0001,40544.23000,0.0001,40544.23000,-1.5999,40544.23000,0,40544.23000,0,40544.23000,0,40544.23000,0,40544.23000,0,40544.23000,0.863691,40544.23000,0.863691,40544.23000,0.863691,40544.23000,0,40544.23000,0,40544.23000,0,40544.23000,0,40544.23000,5,40544.23000,0.784394,40544.23000,19.4723,40544.23000,0,40544.23000,0,40544.23000,-1.20789,40544.23000,-1.20789,40544.23000,-1.20789,40544.23000,0.324538,40544.23000,60,40544.23000,100111,40544.23000,-3,40544.23000,0,40544.23000,0,40544.23000,0,40544.23000,0,40544.23000,0.000145914,40544.23000,7.2957e-08,40544.23000,7.2957e-08,40544.23000,0,40544.23000,0,40544.23000,0,40544.23000,0,40544.23000,0.01,40544.23000,0.957827,40544.23000,30.8192,40544.23000,0,40544.23000,0,40544.23000,-1.33895,40544.23000,-0.272276,40544.23000,-0.272276,40544.23000,0.38524,40544.23000,80,40544.23000,0,40544.23000,0,40544.23000,0.01,40544.23000,0.813871,40544.23000,26.7884,40544.23000,0,40544.23000,0,40544.23000,-2.65486,40544.23000,-1.02153,40544.23000,-1.02153,40544.23000,0.334855,40544.23000,80,40544.23000,0,40544.23000,0,40544.23000,0.01,40544.23000,0.873553,40544.23000,28.4595,40544.23000,0,40544.23000,0,40544.23000,-2.88938,40544.23000,-0.68938,40544.23000,-0.68938,40544.23000,0.355744,40544.23000,80,40544.23000,0,40544.23000,0,40544.23000,9.64265e-06,40544.23000,0.000964219,40544.23000,1.92844e-06,40544.23000,1.92844e-06,40544.23000,0,40544.23000,100711,40544.23000,-1.9,40544.23000,0.01,40544.23000,0.294296,40544.23000,0.4,40544.23000,5,40544.23000,0.000964219,40544.23000,3.73698e-05,40544.23000,0.3,40544.23000,0,40544.23000,0,40544.23000,0,40544.23000,0,40544.23000,0,40544.23000,0,40544.23000,-0.15005,40544.23000,0,40544.23000,0,40544.23000,0,40544.23000,5.00273e-05,40544.23000,0.116203,40544.23000,5,40544.23000,0.784394,40544.23000,0.0188689,40544.23000,0.3,40544.23000,0.29078,40544.23000,0.00191952,40544.23000,0.191952,40544.23000,0.957827,40544.23000,100,40544.23000,0.315741,40544.23000,0.00315741,40544.23000,1.64489,40544.23000,0.8,40544.23000,0.29078,40544.23000,0.000625034,40544.23000,0.0625034,40544.23000,0.873553,40544.23000,100,40544.23000,0.0183228,40544.23000,0.000183228,40544.23000,0.293148,40544.23000,0.8,40544.23000,0.29078,40544.23000,0,40544.23000,0.000625034,40544.23000,0.01,40544.23000,0.873553,40544.23000,0.0172853,40544.23000,0.4,40544.23000,0.29078,40544.23000,0,40544.23000,0,40544.23000,0,40544.23000,0,40544.23000,0,40544.23000,0,40544.23000,-0.0391521,40544.23000,0,40544.23000,0,40544.23000,0,40544.23000,0,40544.23000,0,40544.23000,0,40544.23000,0.0172853,40544.23000,0.0172853,40544.23000,0,40544.23000,3.73698e-05,40544.23000,3.73698e-05,40544.23000,0,40544.23000,5.00273e-05,40544.23000,5.00273e-05,40544.23000,0,40544.23000,0,40544.23000,0,40544.23000,0,40544.23000,1.92844e-06,40544.23000,1.92844e-06,40544.23000,0,40544.23000,0,40544.23000,0,40544.23000,0,40544.23000,0.324538,40544.23000,0.324538,40544.23000,0,40544.23000,0,40544.23000,0,40544.23000,0,40544.23000,0,40544.23000,0,40544.23000,10551.5,40544.23000,0,40544.23000,0,40544.23000,0,40544.23000,0,40544.23000,611,40544.23000,0,40544.23000,0,40544.23000,0
40544.24000,1,40544.24000,4.1202,40544.24000,0.09156,40544.24000,-1.20844,40544.24000,0,40544.24000,0.0001,40544.24000,0.0001,40544.24000,-1.5999,40544.24000,0,40544.24000,0,40544.24000,0,40544.24000,0,40544.24000,0,40544.24000,0.863691,40544.24000,0.863691,40544.24000,0.863691,40544.24000,0,40544.24000,0,40544.24000,0,40544.24000,0,40544.24000,5,40544.24000,0.784385,40544.24000,19.4721,40544.24000,0,40544.24000,0,40544.24000,-1.20795,40544.24000,-1.20795,40544.24000,-1.20795,40544.24000,0.324535,40544.24000,60,40544.24000,100111,40544.24000,-3,40544.24000,0,40544.24000,0,40544.24000,0,40544.24000,0,40544.24000,0.000145425,40544.24000,7.27123e-08,40544.24000,7.27123e-08,40544.24000,0,40544.24000,0,40544.24000,0,40544.24000,0,40544.24000,0.01,40544.24000,0.95782,40544.24000,30.819,40544.24000,0,40544.24000,0,40544.24000,-1.33898,40544.24000,-0.272313,40544.24000,-0.272313,40544.24000,0.385237,40544.24000,80,40544.24000,0,40544.24000,0,40544.24000,0.01,40544.24000,0.813977,40544.24000,26.7913,40544.24000,0,40544.24000,0,40544.24000,-2.65422,40544.24000,-1.02089,40544.24000,-1.02089,40544.24000,0.334892,40544.24000,80,40544.24000,0,40544.24000,0,40544.24000,0.01,40544.24000,0.873553,40544.24000,28.4595,40544.24000,0,40544.24000,0,40544.24000,-2.88938,40544.24000,-0.689378,40544.24000,-0.689378,40544.24000,0.355744,40544.24000,80,40544.24000,0,40544.24000,0,40544.24000,9.73429e-06,40544.24000,0.000973381,40544.24000,1.94676e-06,40544.24000,1.94676e-06,40544.24000,0,40544.24000,100711,40544.24000,-1.9,40544.24000,0.01,40544.24000,0.294224,40544.24000,0.4,40544.24000,5,40544.24000,0.000973381,40544.24000,3.80905e-05,40544.24000,0.3,40544.24000,0,40544.24000,0,40544.24000,0,40544.24000,0,40544.24000,0,40544.24000,0,40544.24000,-0.15005,40544.24000,0,40544.24000,0,40544.24000,0,40544.24000,4.97486e-05,40544.24000,0.116192,40544.24000,5,40544.24000,0.784385,40544.24000,0.018912,40544.24000,0.3,40544.24000,0.29078,40544.24000,0.00191928,40544.24000,0.191928,40544.24000,0.95782,40544.24000,100,40544.24000,0.31554,40544.24000,0.0031554,40544.24000,1.64405,40544.24000,0.8,40544.24000,0.29078,40544.24000,0.000625037,40544.24000,0.0625037,40544.24000,0.873553,40544.24000,100,40544.24000,0.0183724,40544.24000,0.000183724,40544.24000,0.293942,40544.24000,0.8,40544.24000,0.29078,40544.24000,0,40544.24000,0.000625037,40544.24000,0.01,40544.24000,0.873553,40544.24000,0.0172857,40544.24000,0.4,40544.24000,0.29078,40544.24000,0,40544.24000,0,40544.24000,0,40544.24000,0,40544.24000,0,40544.24000,0,40544.24000,-0.039146,40544.24000,0,40544.24000,0,40544.24000,0,40544.24000,0,40544.24000,0,40544.24000,0,40544.24000,0.0172857,40544.24000,0.0172857,40544.24000,0,40544.24000,3.80905e-05,40544.24000,3.80905e-05,40544.24000,0,40544.24000,4.97486e-05,40544.24000,4.97486e-05,40544.24000,0,40544.24000,0,40544.24000,0,40544.24000,0,40544.24000,1.94676e-06,40544.24000,1.94676e-06,40544.24000,0,40544.24000,0,40544.24000,0,40544.24000,0,40544.24000,0.324535,40544.24000,0.324535,40544.24000,0,40544.24000,0,40544.24000,0,40544.24000,0,40544.24000,0,40544.24000,0,40544.24000,10551.5,40544.24000,0,40544.24000,0,40544.24000,0,40544.24000,0,40544.24000,611,40544.24000,0,40544.24000,0,40544.24000,0
40544.25000,1,40544.25000,4.11746,40544.25000,0.0914991,40544.25000,-1.2085,40544.25000,0,40544.25000,0.0001,40544.25000,0.0001,40544.25000,-1.5999,40544.25000,0,40544.25000,0,40544.25000,0,40544.25000,0,40544.25000,0,40544.25000,0.863691,40544.25000,0.863691,40544.25000,0.863691,40544.25000,0,40544.25000,0,40544.25000,0,40544.25000,0,40544.25000,5,40544.25000,0.784376,40544.25000,19.4719,40544.25000,0,40544.25000,0,40544.25000,-1.20801,40544.25000,-1.20801,40544.25000,-1.20801,40544.25000,0.324532,40544.25000,60,40544.25000,100111,40544.25000,-3,40544.25000,0,40544.25000,0,40544.25000,0,40544.25000,0,40544.25000,0.000144935,40544.25000,7.24676e-08,40544.25000,7.24676e-08,40544.25000,0,40544.25000,0,40544.25000,0,40544.25000,0,40544.25000,0.01,40544.25000,0.957812,40544.25000,30.8187,40544.25000,0,40544.25000,0,40544.25000,-1.33902,40544.25000,-0.272351,40544.25000,-0.272351,40544.25000,0.385234,40544.25000,80,40544.25000,0,40544.25000,0,40544.25000,0.01,40544.25000,0.814082,40544.25000,26.7943,40544.25000,0,40544.25000,0,40544.25000,-2.65359,40544.25000,-1.02026,40544.25000,-1.02026,40544.25000,0.334929,40544.25000,80,40544.25000,0,40544.25000,0,40544.25000,0.01,40544.25000,0.873554,40544.25000,28.4595,40544.25000,0,40544.25000,0,40544.25000,-2.88938,40544.25000,-0.689376,40544.25000,-0.689376,40544.25000,0.355744,40544.25000,80,40544.25000,0,40544.25000,0,40544.25000,9.82592e-06,40544.25000,0.000982544,40544.25000,1.96509e-06,40544.25000,1.96509e-06,40544.25000,0,40544.25000,100711,40544.25000,-1.9,40544.25000,0.01,40544.25000,0.294152,40544.25000,0.4,40544.25000,5,40544.25000,0.000982544,40544.25000,3.88112e-05,40544.25000,0.3,40544.25000,0,40544.25000,0,40544.25000,0,40544.25000,0,40544.25000,0,40544.25000,0,40544.25000,-0.15005,40544.25000,0,40544.25000,0,40544.25000,0,40544.25000,4.94698e-05,40544.25000,0.11618,40544.25000,5,40544.25000,0.784376,40544.25000,0.018955,40544.25000,0.3,40544.25000,0.29078,40544.25000,0.00191904,40544.25000,0.191904,40544.25000,0.957812,40544.25000,100,40544.25000,0.315338,40544.25000,0.00315338,40544.25000,1.64321,40544.25000,0.8,40544.25000,0.29078,40544.25000,0.00062504,40544.25000,0.062504,40544.25000,0.873554,40544.25000,100,40544.25000,0.0184221,40544.25000,0.000184221,40544.25000,0.294735,40544.25000,0.8,40544.25000,0.29078,40544.25000,0,40544.25000,0.00062504,40544.25000,0.01,40544.25000,0.873554,40544.25000,0.0172861,40544.25000,0.4,40544.25000,0.29078,40544.25000,0,40544.25000,0,40544.25000,0,40544.25000,0,40544.25000,0,40544.25000,0,40544.25000,-0.0391399,40544.25000,0,40544.25000,0,40544.25000,0,40544.25000,0,40544.25000,0,40544.25000,0,40544.25000,0.0172861,40544.25000,0.0172861,40544.25000,0,40544.25000,3.88112e-05,40544.25000,3.88112e-05,40544.25000,0,40544.25000,4.94698e-05,40544.25000,4.94698e-05,40544.25000,0,40544.25000,0,40544.25000,0,40544.25000,0,40544.25000,1.96509e-06,40544.25000,1.96509e-06,40544.25000,0,40544.25000,0,40544.25000,0,40544.25000,0,40544.25000,0.324532,40544.25000,0.324532,40544.25000,0,40544.25000,0,40544.25000,0,40544.25000,0,40544.25000,0,40544.25000,0,40544.25000,10551.5,40544.25000,0,40544.25000,0,40544.25000,0,40544.25000,0,40544.25000,611,40544.25000,0,40544.25000,0,40544.25000,0
40544.26000,1,40544.26000,4.11472,40544.26000,0.0914381,40544.26000,-1.20856,40544.26000,0,40544.26000,0.0001,40544.26000,0.0001,40544.26000,-1.5999,40544.26000,0,40544.26000,0,40544.26000,0,40544.26000,0,40544.26000,0,40544.26000,0.863691,40544.26000,0.863691,40544.26000,0.863691,40544.26000,0,40544.26000,0,40544.26000,0,40544.26000,0,40544.26000,5,40544.26000,0.784367,40544.26000,19.4717,40544.26000,0,40544.26000,0,40544.26000,-1.20807,40544.26000,-1.20807,40544.26000,-1.20807,40544.26000,0.324529,40544.26000,60,40544.26000,100111,40544.26000,-3,40544.26000,0,40544.26000,0,40544.26000,0,40544.26000,0,40544.26000,0.000144446,40544.26000,7.2223e-08,40544.26000,7.2223e-08,40544.26000,0,40544.26000,0,40544.26000,0,40544.26000,0,40544.26000,0.01,40544.26000,0.957805,40544.26000,30.8185,40544.26000,0,40544.26000,0,40544.26000,-1.33906,40544.26000,-0.272389,40544.26000,-0.272389,40544.26000,0.385232,40544.26000,80,40544.26000,0,40544.26000,0,40544.26000,0.01,40544.26000,0.814188,40544.26000,26.7973,40544.26000,0,40544.26000,0,40544.26000,-2.65295,40544.26000,-1.01962,40544.26000,-1.01962,40544.26000,0.334966,40544.26000,80,40544.26000,0,40544.26000,0,40544.26000,0.01,40544.26000,0.873554,40544.26000,28.4595,40544.26000,0,40544.26000,0,40544.26000,-2.88937,40544.26000,-0.689374,40544.26000,-0.689374,40544.26000,0.355744,40544.26000,80,40544.26000,0,40544.26000,0,40544.26000,9.91756e-06,40544.26000,0.000991707,40544.26000,1.98341e-06,40544.26000,1.98341e-06,40544.26000,0,40544.26000,100711,40544.26000,-1.9,40544.26000,0.01,40544.26000,0.29408,40544.26000,0.4,40544.26000,5,40544.26000,0.000991707,40544.26000,3.95318e-05,40544.26000,0.3,40544.26000,0,40544.26000,0,40544.26000,0,40544.26000,0,40544.26000,0,40544.26000,0,40544.26000,-0.15005,40544.26000,0,40544.26000,0,40544.26000,0,40544.26000,4.9191e-05,40544.26000,0.116169,40544.26000,5,40544.26000,0.784367,40544.26000,0.0189981,40544.26000,0.3,40544.26000,0.29078,40544.26000,0.0019188,40544.26000,0.19188,40544.26000,0.957805,40544.26000,100,40544.26000,0.315137,40544.26000,0.00315137,40544.26000,1.64237,40544.26000,0.8,40544.26000,0.29078,40544.26000,0.000625043,40544.26000,0.0625043,40544.26000,0.873554,40544.26000,100,40544.26000,0.0184718,40544.26000,0.000184718,40544.26000,0.295529,40544.26000,0.8,40544.26000,0.29078,40544.26000,0,40544.26000,0.000625043,40544.26000,0.01,40544.26000,0.873554,40544.26000,0.0172866,40544.26000,0.4,40544.26000,0.29078,40544.26000,0,40544.26000,0,40544.26000,0,40544.26000,0,40544.26000,0,40544.26000,0,40544.26000,-0.0391338,40544.26000,0,40544.26000,0,40544.26000,0,40544.26000,0,40544.26000,0,40544.26000,0,40544.26000,0.0172866,40544.26000,0.0172866,40544.26000,0,40544.26000,3.95318e-05,40544.26000,3.95318e-05,40544.26000,0,40544.26000,4.9191e-05,40544.26000,4.9191e-05,40544.26000,0,40544.26000,0,40544.26000,0,40544.26000,0,40544.26000,1.98341e-06,40544.26000,1.98341e-06,40544.26000,0,40544.26000,0,40544.26000,0,40544.26000,0,40544.26000,0.324529,40544.26000,0.324529,40544.26000,0,40544.26000,0,40544.26000,0,40544.26000,0,40544.26000,0,40544.26000,0,40544.26000,10551.5,40544.26000,0,40544.26000,0,40544.26000,0,40544.26000,0,40544.26000,611,40544.26000,0,40544.26000,0,40544.26000,0
40544.27000,1,40544.27000,4.11197,40544.27000,0.0913772,40544.27000,-1.20862,40544.27000,0,40544.27000,0.0001,40544.27000,0.0001,40544.27000,-1.5999,40544.27000,0,40544.27000,0,40544.27000,0,40544.27000,0,40544.27000,0,40544.27000,0.863691,40544.27000,0.863691,40544.27000,0.863691,40544.27000,0,40544.27000,0,40544.27000,0,40544.27000,0,40544.27000,5,40544.27000,0.784358,40544.27000,19.4715,40544.27000,0,40544.27000,0,40544.27000,-1.20813,40544.27000,-1.20813,40544.27000,-1.20813,40544.27000,0.324525,40544.27000,60,40544.27000,100111,40544.27000,-3,40544.27000,0,40544.27000,0,40544.27000,0,40544.27000,0,40544.27000,0.000143962,40544.27000,7.19811e-08,40544.27000,7.19811e-08,40544.27000,0,40544.27000,0,40544.27000,0,40544.27000,0,40544.27000,0.01,40544.27000,0.957798,40544.27000,30.8183,40544.27000,0,40544.27000,0,40544.27000,-1.3391,40544.27000,-0.272426,40544.27000,-0.272426,40544.27000,0.385229,40544.27000,80,40544.27000,0,40544.27000,0,40544.27000,0.01,40544.27000,0.814293,40544.27000,26.8002,40544.27000,0,40544.27000,0,40544.27000,-2.65232,40544.27000,-1.01899,40544.27000,-1.01899,40544.27000,0.335003,40544.27000,80,40544.27000,0,40544.27000,0,40544.27000,0.01,40544.27000,0.873555,40544.27000,28.4595,40544.27000,0,40544.27000,0,40544.27000,-2.88937,40544.27000,-0.689371,40544.27000,-0.689371,40544.27000,0.355744,40544.27000,80,40544.27000,0,40544.27000,0,40544.27000,9.9932e-06,40544.27000,0.00099927,40544.27000,1.99854e-06,40544.27000,1.99854e-06,40544.27000,0,40544.27000,100711,40544.27000,-1.9,40544.27000,0.01,40544.27000,0.294008,40544.27000,0.4,40544.27000,5,40544.27000,0.00099927,40544.27000,4.01349e-05,40544.27000,0.3,40544.27000,0,40544.27000,0,40544.27000,0,40544.27000,0,40544.27000,0,40544.27000,0,40544.27000,-0.15005,40544.27000,0,40544.27000,0,40544.27000,0,40544.27000,4.89168e-05,40544.27000,0.116158,40544.27000,5,40544.27000,0.784358,40544.27000,0.0190326,40544.27000,0.3,40544.27000,0.29078,40544.27000,0.00191856,40544.27000,0.191856,40544.27000,0.957798,40544.27000,100,40544.27000,0.314937,40544.27000,0.00314937,40544.27000,1.64152,40544.27000,0.8,40544.27000,0.29078,40544.27000,0.000625047,40544.27000,0.0625047,40544.27000,0.873555,40544.27000,100,40544.27000,0.0185214,40544.27000,0.000185214,40544.27000,0.29632,40544.27000,0.8,40544.27000,0.29078,40544.27000,0,40544.27000,0.000625047,40544.27000,0.01,40544.27000,0.873555,40544.27000,0.017287,40544.27000,0.4,40544.27000,0.29078,40544.27000,0,40544.27000,0,40544.27000,0,40544.27000,0,40544.27000,0,40544.27000,0,40544.27000,-0.0391277,40544.27000,0,40544.27000,0,40544.27000,0,40544.27000,0,40544.27000,0,40544.27000,0,40544.27000,0.017287,40544.27000,0.017287,40544.27000,0,40544.27000,4.01349e-05,40544.27000,4.01349e-05,40544.27000,0,40544.27000,4.89168e-05,40544.27000,4.89168e-05,40544.27000,0,40544.27000,0,40544.27000,0,40544.27000,0,40544.27000,1.99854e-06,40544.27000,1.99854e-06,40544.27000,0,40544.27000,0,40544.27000,0,40544.27000,0,40544.27000,0.324525,40544.27000,0.324525,40544.27000,0,40544.27000,0,40544.27000,0,40544.27000,0,40544.27000,0,40544.27000,0,40544.27000,10551.5,40544.27000,0,40544.27000,0,40544.27000,0,40544.27000,0,40544.27000,611,40544.27000,0,40544.27000,0,40544.27000,0
40544.28000,1,40544.28000,4.10924,40544.28000,0.0913163,40544.28000,-1.20868,40544.28000,0,40544.28000,0.0001,40544.28000,0.0001,40544.28000,-1.5999,40544.28000,0,40544.28000,0,40544.28000,0,40544.28000,0,40544.28000,0,40544.28000,0.863691,40544.28000,0.863691,40544.28000,0.863691,40544.28000,0,40544.28000,0,40544.28000,0,40544.28000,0,40544.28000,5,40544.28000,0.784349,40544.28000,19.4713,40544.28000,0,40544.28000,0,40544.28000,-1.20819,40544.28000,-1.20819,40544.28000,-1.20819,40544.28000,0.324522,40544.28000,60,40544.28000,100111,40544.28000,-3,40544.28000,0,40544.28000,0,40544.28000,0,40544.28000,0,40544.28000,0.000143484,40544.28000,7.17421e-08,40544.28000,7.17421e-08,40544.28000,0,40544.28000,0,40544.28000,0,40544.28000,0,40544.28000,0.01,40544.28000,0.95779,40544.28000,30.8181,40544.28000,0,40544.28000,0,40544.28000,-1.33913,40544.28000,-0.272463,40544.28000,-0.272463,40544.28000,0.385227,40544.28000,80,40544.28000,0,40544.28000,0,40544.28000,0.01,40544.28000,0.814399,40544.28000,26.8032,40544.28000,0,40544.28000,0,40544.28000,-2.65168,40544.28000,-1.01835,40544.28000,-1.01835,40544.28000,0.33504,40544.28000,80,40544.28000,0,40544.28000,0,40544.28000,0.01,40544.28000,0.873555,40544.28000,28.4595,40544.28000,0,40544.28000,0,40544.28000,-2.88937,40544.28000,-0.689369,40544.28000,-0.689369,40544.28000,0.355744,40544.28000,80,40544.28000,0,40544.28000,0,40544.28000,1.0053e-05,40544.28000,0.00100525,40544.28000,2.0105e-06,40544.28000,2.0105e-06,40544.28000,0,40544.28000,100711,40544.28000,-1.9,40544.28000,0.01,40544.28000,0.293934,40544.28000,0.4,40544.28000,5,40544.28000,0.00100525,40544.28000,4.06212e-05,40544.28000,0.3,40544.28000,0,40544.28000,0,40544.28000,0,40544.28000,0,40544.28000,0,40544.28000,0,40544.28000,-0.15005,40544.28000,0,40544.28000,0,40544.28000,0,40544.28000,4.8647e-05,40544.28000,0.116146,40544.28000,5,40544.28000,0.784349,40544.28000,0.0190586,40544.28000,0.3,40544.28000,0.29078,40544.28000,0.00191833,40544.28000,0.191833,40544.28000,0.95779,40544.28000,100,40544.28000,0.314737,40544.28000,0.00314737,40544.28000,1.64069,40544.28000,0.8,40544.28000,0.29078,40544.28000,0.00062505,40544.28000,0.062505,40544.28000,0.873555,40544.28000,100,40544.28000,0.0185708,40544.28000,0.000185708,40544.28000,0.297109,40544.28000,0.8,40544.28000,0.29078,40544.28000,0,40544.28000,0.00062505,40544.28000,0.01,40544.28000,0.873555,40544.28000,0.0172875,40544.28000,0.4,40544.28000,0.29078,40544.28000,0,40544.28000,0,40544.28000,0,40544.28000,0,40544.28000,0,40544.28000,0,40544.28000,-0.0391216,40544.28000,0,40544.28000,0,40544.28000,0,40544.28000,0,40544.28000,0,40544.28000,0,40544.28000,0.0172875,40544.28000,0.0172875,40544.28000,0,40544.28000,4.06212e-05,40544.28000,4.06212e-05,40544.28000,0,40544.28000,4.8647e-05,40544.28000,4.8647e-05,40544.28000,0,40544.28000,0,40544.28000,0,40544.28000,0,40544.28000,2.0105e-06,40544.28000,2.0105e-06,40544.28000,0,40544.28000,0,40544.28000,0,40544.28000,0,40544.28000,0.324522,40544.28000,0.324522,40544.28000,0,40544.28000,0,40544.28000,0,40544.28000,0,40544.28000,0,40544.28000,0,40544.28000,10551.5,40544.28000,0,40544.28000,0,40544.28000,0,40544.28000,0,40544.28000,611,40544.28000,0,40544.28000,0,40544.28000,0
40544.29000,1,40544.29000,4.1065,40544.29000,0.0912555,40544.29000,-1.20874,40544.29000,0,40544.29000,0.0001,40544.29000,0.0001,40544.29000,-1.5999,40544.29000,0,40544.29000,0,40544.29000,0,40544.29000,0,40544.29000,0,40544.29000,0.863691,40544.29000,0.863691,40544.29000,0.863691,40544.29000,0,40544.29000,0,40544.29000,0,40544.29000,0,40544.29000,5,40544.29000,0.78434,40544.29000,19.4711,40544.29000,0,40544.29000,0,40544.29000,-1.20825,40544.29000,-1.20825,40544.29000,-1.20825,40544.29000,0.324519,40544.29000,60,40544.29000,100111,40544.29000,-3,40544.29000,0,40544.29000,0,40544.29000,0,40544.29000,0,40544.29000,0.000143006,40544.29000,7.15031e-08,40544.29000,7.15031e-08,40544.29000,0,40544.29000,0,40544.29000,0,40544.29000,0,40544.29000,0.01,40544.29000,0.957783,40544.29000,30.8179,40544.29000,0,40544.29000,0,40544.29000,-1.33917,40544.29000,-0.272499,40544.29000,-0.272499,40544.29000,0.385224,40544.29000,80,40544.29000,0,40544.29000,0,40544.29000,0.01,40544.29000,0.814504,40544.29000,26.8061,40544.29000,0,40544.29000,0,40544.29000,-2.65105,40544.29000,-1.01772,40544.29000,-1.01772,40544.29000,0.335076,40544.29000,80,40544.29000,0,40544.29000,0,40544.29000,0.01,40544.29000,0.873556,40544.29000,28.4596,40544.29000,0,40544.29000,0,40544.29000,-2.88937,40544.29000,-0.689366,40544.29000,-0.689366,40544.29000,0.355744,40544.29000,80,40544.29000,0,40544.29000,0,40544.29000,1.01128e-05,40544.29000,0.00101123,40544.29000,2.02245e-06,40544.29000,2.02245e-06,40544.29000,0,40544.29000,100711,40544.29000,-1.9,40544.29000,0.01,40544.29000,0.29386,40544.29000,0.4,40544.29000,5,40544.29000,0.00101123,40544.29000,4.11075e-05,40544.29000,0.3,40544.29000,0,40544.29000,0,40544.29000,0,40544.29000,0,40544.29000,0,40544.29000,0,40544.29000,-0.15005,40544.29000,0,40544.29000,0,40544.29000,0,40544.29000,4.83773e-05,40544.29000,0.116135,40544.29000,5,40544.29000,0.78434,40544.29000,0.0190845,40544.29000,0.3,40544.29000,0.29078,40544.29000,0.00191809,40544.29000,0.191809,40544.29000,0.957783,40544.29000,100,40544.29000,0.314538,40544.29000,0.00314538,40544.29000,1.63985,40544.29000,0.8,40544.29000,0.29078,40544.29000,0.000625054,40544.29000,0.0625054,40544.29000,0.873556,40544.29000,100,40544.29000,0.0186202,40544.29000,0.000186202,40544.29000,0.297898,40544.29000,0.8,40544.29000,0.29078,40544.29000,0,40544.29000,0.000625054,40544.29000,0.01,40544.29000,0.873556,40544.29000,0.017288,40544.29000,0.4,40544.29000,0.29078,40544.29000,0,40544.29000,0,40544.29000,0,40544.29000,0,40544.29000,0,40544.29000,0,40544.29000,-0.0391155,40544.29000,0,40544.29000,0,40544.29000,0,40544.29000,0,40544.29000,0,40544.29000,0,40544.29000,0.017288,40544.29000,0.017288,40544.29000,0,40544.29000,4.11075e-05,40544.29000,4.11075e-05,40544.29000,0,40544.29000,4.83773e-05,40544.29000,4.83773e-05,40544.29000,0,40544.29000,0,40544.29000,0,40544.29000,0,40544.29000,2.02245e-06,40544.29000,2.02245e-06,40544.29000,0,40544.29000,0,40544.29000,0,40544.29000,0,40544.29000,0.324519,40544.29000,0.324519,40544.29000,0,40544.29000,0,40544.29000,0,40544.29000,0,40544.29000,0,40544.29000,0,40544.29000,10551.5,40544.29000,0,40544.29000,0,40544.29000,0,40544.29000,0,40544.29000,611,40544.29000,0,40544.29000,0,40544.29000,0
40544.30000,1,40544.30000,4.10376,40544.30000,0.0911946,40544.30000,-1.20881,40544.30000,0,40544.30000,0.0001,40544.30000,0.0001,40544.30000,-1.5999,40544.30000,0,40544.30000,0,40544.30000,0,40544.30000,0,40544.30000,0,40544.30000,0.863691,40544.30000,0.863691,40544.30000,0.863691,40544.30000,0,40544.30000,0,40544.30000,0,40544.30000,0,40544.30000,5,40544.30000,0.784331,40544.30000,19.471,40544.30000,0,40544.30000,0,40544.30000,-1.20831,40544.30000,-1.20831,40544.30000,-1.20831,40544.30000,0.324516,40544.30000,60,40544.30000,100111,40544.30000,-3,40544.30000,0,40544.30000,0,40544.30000,0,40544.30000,0,40544.30000,0.000142528,40544.30000,7.12641e-08,40544.30000,7.12641e-08,40544.30000,0,40544.30000,0,40544.30000,0,40544.30000,0,40544.30000,0.01,40544.30000,0.957776,40544.30000,30.8177,40544.30000,0,40544.30000,0,40544.30000,-1.33921,40544.30000,-0.272536,40544.30000,-0.272536,40544.30000,0.385221,40544.30000,80,40544.30000,0,40544.30000,0,40544.30000,0.01,40544.30000,0.814609,40544.30000,26.8091,40544.30000,0,40544.30000,0,40544.30000,-2.65041,40544.30000,-1.01708,40544.30000,-1.01708,40544.30000,0.335113,40544.30000,80,40544.30000,0,40544.30000,0,40544.30000,0.01,40544.30000,0.873556,40544.30000,28.4596,40544.30000,0,40544.30000,0,40544.30000,-2.88936,40544.30000,-0.689363,40544.30000,-0.689363,40544.30000,0.355745,40544.30000,80,40544.30000,0,40544.30000,0,40544.30000,1.01726e-05,40544.30000,0.0010172,40544.30000,2.03441e-06,40544.30000,2.03441e-06,40544.30000,0,40544.30000,100711,40544.30000,-1.9,40544.30000,0.01,40544.30000,0.293786,40544.30000,0.4,40544.30000,5,40544.30000,0.0010172,40544.30000,4.15939e-05,40544.30000,0.3,40544.30000,0,40544.30000,0,40544.30000,0,40544.30000,0,40544.30000,0,40544.30000,0,40544.30000,-0.15005,40544.30000,0,40544.30000,0,40544.30000,0,40544.30000,4.81075e-05,40544.30000,0.116123,40544.30000,5,40544.30000,0.784331,40544.30000,0.0191105,40544.30000,0.3,40544.30000,0.29078,40544.30000,0.00191786,40544.30000,0.191786,40544.30000,0.957776,40544.30000,100,40544.30000,0.314339,40544.30000,0.00314339,40544.30000,1.63901,40544.30000,0.8,40544.30000,0.29078,40544.30000,0.000625057,40544.30000,0.0625057,40544.30000,0.873556,40544.30000,100,40544.30000,0.0186696,40544.30000,0.000186696,40544.30000,0.298687,40544.30000,0.8,40544.30000,0.29078,40544.30000,0,40544.30000,0.000625057,40544.30000,0.01,40544.30000,0.873556,40544.30000,0.0172886,40544.30000,0.4,40544.30000,0.29078,40544.30000,0,40544.30000,0,40544.30000,0,40544.30000,0,40544.30000,0,40544.30000,0,40544.30000,-0.0391095,40544.30000,0,40544.30000,0,40544.30000,0,40544.30000,0,40544.30000,0,40544.30000,0,40544.30000,0.0172886,40544.30000,0.0172886,40544.30000,0,40544.30000,4.15939e-05,40544.30000,4.15939e-05,40544.30000,0,40544.30000,4.81075e-05,40544.30000,4.81075e-05,40544.30000,0,40544.30000,0,40544.30000,0,40544.30000,0,40544.30000,2.03441e-06,40544.30000,2.03441e-06,40544.30000,0,40544.30000,0,40544.30000,0,40544.30000,0,40544.30000,0.324516,40544.30000,0.324516,40544.30000,0,40544.30000,0,40544.30000,0,40544.30000,0,40544.30000,0,40544.30000,0,40544.30000,10551.5,40544.30000,0,40544.30000,0,40544.30000,0,40544.30000,0,40544.30000,611,40544.30000,0,40544.30000,0,40544.30000,0
40544.31000,1,40544.31000,4.10102,40544.31000,0.0911338,40544.31000,-1.20887,40544.31000,0,40544.31000,0.0001,40544.31000,0.0001,40544.31000,-1.5999,40544.31000,0,40544.31000,0,40544.31000,0,40544.31000,0,40544.31000,0,40544.31000,0.863691,40544.31000,0.863691,40544.31000,0.863691,40544.31000,0,40544.31000,0,40544.31000,0,40544.31000,0,40544.31000,5,40544.31000,0.784322,40544.31000,19.4708,40544.31000,0,40544.31000,0,40544.31000,-1.20837,40544.31000,-1.20837,40544.31000,-1.20837,40544.31000,0.324513,40544.31000,60,40544.31000,100111,40544.31000,-3,40544.31000,0,40544.31000,0,40544.31000,0,40544.31000,0,40544.31000,0.000142053,40544.31000,7.10266e-08,40544.31000,7.10266e-08,40544.31000,0,40544.31000,0,40544.31000,0,40544.31000,0,40544.31000,0.01,40544.31000,0.957768,40544.31000,30.8175,40544.31000,0,40544.31000,0,40544.31000,-1.33924,40544.31000,-0.272572,40544.31000,-0.272572,40544.31000,0.385219,40544.31000,80,40544.31000,0,40544.31000,0,40544.31000,0.01,40544.31000,0.814714,40544.31000,26.812,40544.31000,0,40544.31000,0,40544.31000,-2.64978,40544.31000,-1.01645,40544.31000,-1.01645,40544.31000,0.33515,40544.31000,80,40544.31000,0,40544.31000,0,40544.31000,0.01,40544.31000,0.873557,40544.31000,28.4596,40544.31000,0,40544.31000,0,40544.31000,-2.88936,40544.31000,-0.689361,40544.31000,-0.689361,40544.31000,0.355745,40544.31000,80,40544.31000,0,40544.31000,0,40544.31000,1.02255e-05,40544.31000,0.0010225,40544.31000,2.045e-06,40544.31000,2.045e-06,40544.31000,0,40544.31000,100711,40544.31000,-1.9,40544.31000,0.01,40544.31000,0.293712,40544.31000,0.4,40544.31000,5,40544.31000,0.0010225,40544.31000,4.20267e-05,40544.31000,0.3,40544.31000,0,40544.31000,0,40544.31000,0,40544.31000,0,40544.31000,0,40544.31000,0,40544.31000,-0.15005,40544.31000,0,40544.31000,0,40544.31000,0,40544.31000,4.78403e-05,40544.31000,0.116112,40544.31000,5,40544.31000,0.784322,40544.31000,0.0191333,40544.31000,0.3,40544.31000,0.29078,40544.31000,0.00191763,40544.31000,0.191763,40544.31000,0.957768,40544.31000,100,40544.31000,0.31414,40544.31000,0.0031414,40544.31000,1.63817,40544.31000,0.8,40544.31000,0.29078,40544.31000,0.000625061,40544.31000,0.0625061,40544.31000,0.873557,40544.31000,100,40544.31000,0.018719,40544.31000,0.00018719,40544.31000,0.299475,40544.31000,0.8,40544.31000,0.29078,40544.31000,0,40544.31000,0.000625061,40544.31000,0.01,40544.31000,0.873557,40544.31000,0.0172891,40544.31000,0.4,40544.31000,0.29078,40544.31000,0,40544.31000,0,40544.31000,0,40544.31000,0,40544.31000,0,40544.31000,0,40544.31000,-0.0391034,40544.31000,0,40544.31000,0,40544.31000,0,40544.31000,0,40544.31000,0,40544.31000,0,40544.31000,0.0172891,40544.31000,0.0172891,40544.31000,0,40544.31000,4.20267e-05,40544.31000,4.20267e-05,40544.31000,0,40544.31000,4.78403e-05,40544.31000,4.78403e-05,40544.31000,0,40544.31000,0,40544.31000,0,40544.31000,0,40544.31000,2.045e-06,40544.31000,2.045e-06,40544.31000,0,40544.31000,0,40544.31000,0,40544.31000,0,40544.31000,0.324513,40544.31000,0.324513,40544.31000,0,40544.31000,0,40544.31000,0,40544.31000,0,40544.31000,0,40544.31000,0,40544.31000,10551.5,40544.31000,0,40544.31000,0,40544.31000,0,40544.31000,0,40544.31000,611,40544.31000,0,40544.31000,0,40544.31000,0
40544.32000,1,40544.32000,4.09828,40544.32000,0.091073,40544.32000,-1.20893,40544.32000,0,40544.32000,0.0001,40544.32000,0.0001,40544.32000,-1.5999,40544.32000,0,40544.32000,0,40544.32000,0,40544.32000,0,40544.32000,0,40544.32000,0.863691,40544.32000,0.863691,40544.32000,0.863691,40544.32000,0,40544.32000,0,40544.32000,0,40544.32000,0,40544.32000,5,40544.32000,0.784313,40544.32000,19.4706,40544.32000,0,40544.32000,0,40544.32000,-1.20843,40544.32000,-1.20843,40544.32000,-1.20843,40544.32000,0.324509,40544.32000,60,40544.32000,100111,40544.32000,-3,40544.32000,0,40544.32000,0,40544.32000,0,40544.32000,0,40544.32000,0.000141586,40544.32000,7.07931e-08,40544.32000,7.07931e-08,40544.32000,0,40544.32000,0,40544.32000,0,40544.32000,0,40544.32000,0.01,40544.32000,0.957761,40544.32000,30.8173,40544.32000,0,40544.32000,0,40544.32000,-1.33928,40544.32000,-0.272608,40544.32000,-0.272608,40544.32000,0.385216,40544.32000,80,40544.32000,0,40544.32000,0,40544.32000,0.01,40544.32000,0.814819,40544.32000,26.8149,40544.32000,0,40544.32000,0,40544.32000,-2.64915,40544.32000,-1.01582,40544.32000,-1.01582,40544.32000,0.335187,40544.32000,80,40544.32000,0,40544.32000,0,40544.32000,0.01,40544.32000,0.873557,40544.32000,28.4596,40544.32000,0,40544.32000,0,40544.32000,-2.88936,40544.32000,-0.689358,40544.32000,-0.689358,40544.32000,0.355745,40544.32000,80,40544.32000,0,40544.32000,0,40544.32000,1.02616e-05,40544.32000,0.00102611,40544.32000,2.05222e-06,40544.32000,2.05222e-06,40544.32000,0,40544.32000,100711,40544.32000,-1.9,40544.32000,0.01,40544.32000,0.293636,40544.32000,0.4,40544.32000,5,40544.32000,0.00102611,40544.32000,4.23273e-05,40544.32000,0.3,40544.32000,0,40544.32000,0,40544.32000,0,40544.32000,0,40544.32000,0,40544.32000,0,40544.32000,-0.15005,40544.32000,0,40544.32000,0,40544.32000,0,40544.32000,4.75792e-05,40544.32000,0.1161,40544.32000,5,40544.32000,0.784313,40544.32000,0.0191482,40544.32000,0.3,40544.32000,0.29078,40544.32000,0.0019174,40544.32000,0.19174,40544.32000,0.957761,40544.32000,100,40544.32000,0.313943,40544.32000,0.00313943,40544.32000,1.63734,40544.32000,0.8,40544.32000,0.29078,40544.32000,0.000625065,40544.32000,0.0625065,40544.32000,0.873557,40544.32000,100,40544.32000,0.0187682,40544.32000,0.000187682,40544.32000,0.300259,40544.32000,0.8,40544.32000,0.29078,40544.32000,0,40544.32000,0.000625065,40544.32000,0.01,40544.32000,0.873557,40544.32000,0.0172897,40544.32000,0.4,40544.32000,0.29078,40544.32000,0,40544.32000,0,40544.32000,0,40544.32000,0,40544.32000,0,40544.32000,0,40544.32000,-0.0390973,40544.32000,0,40544.32000,0,40544.32000,0,40544.32000,0,40544.32000,0,40544.32000,0,40544.32000,0.0172897,40544.32000,0.0172897,40544.32000,0,40544.32000,4.23273e-05,40544.32000,4.23273e-05,40544.32000,0,40544.32000,4.75792e-05,40544.32000,4.75792e-05,40544.32000,0,40544.32000,0,40544.32000,0,40544.32000,0,40544.32000,2.05222e-06,40544.32000,2.05222e-06,40544.32000,0,40544.32000,0,40544.32000,0,40544.32000,0,40544.32000,0.324509,40544.32000,0.324509,40544.32000,0,40544.32000,0,40544.32000,0,40544.32000,0,40544.32000,0,40544.32000,0,40544.32000,10551.5,40544.32000,0,40544.32000,0,40544.32000,0,40544.32000,0,40544.32000,611,40544.32000,0,40544.32000,0,40544.32000,0
40544.33000,1,40544.33000,4.09555,40544.33000,0.0910122,40544.33000,-1.20899,40544.33000,0,40544.33000,0.0001,40544.33000,0.0001,40544.33000,-1.5999,40544.33000,0,40544.33000,0,40544.33000,0,40544.33000,0,40544.33000,0,40544.33000,0.863691,40544.33000,0.863691,40544.33000,0.863691,40544.33000,0,40544.33000,0,40544.33000,0,40544.33000,0,40544.33000,5,40544.33000,0.784304,40544.33000,19.4704,40544.33000,0,40544.33000,0,40544.33000,-1.20849,40544.33000,-1.20849,40544.33000,-1.20849,40544.33000,0.324506,40544.33000,60,40544.33000,100111,40544.33000,-3,40544.33000,0,40544.33000,0,40544.33000,0,40544.33000,0,40544.33000,0.000141119,40544.33000,7.05596e-08,40544.33000,7.05596e-08,40544.33000,0,40544.33000,0,40544.33000,0,40544.33000,0,40544.33000,0.01,40544.33000,0.957754,40544.33000,30.8171,40544.33000,0,40544.33000,0,40544.33000,-1.33931,40544.33000,-0.272644,40544.33000,-0.272644,40544.33000,0.385214,40544.33000,80,40544.33000,0,40544.33000,0,40544.33000,0.01,40544.33000,0.814924,40544.33000,26.8179,40544.33000,0,40544.33000,0,40544.33000,-2.64852,40544.33000,-1.01519,40544.33000,-1.01519,40544.33000,0.335223,40544.33000,80,40544.33000,0,40544.33000,0,40544.33000,0.01,40544.33000,0.873558,40544.33000,28.4596,40544.33000,0,40544.33000,0,40544.33000,-2.88935,40544.33000,-0.689355,40544.33000,-0.689355,40544.33000,0.355745,40544.33000,80,40544.33000,0,40544.33000,0,40544.33000,1.02978e-05,40544.33000,0.00102972,40544.33000,2.05944e-06,40544.33000,2.05944e-06,40544.33000,0,40544.33000,100711,40544.33000,-1.9,40544.33000,0.01,40544.33000,0.29356,40544.33000,0.4,40544.33000,5,40544.33000,0.00102972,40544.33000,4.26279e-05,40544.33000,0.3,40544.33000,0,40544.33000,0,40544.33000,0,40544.33000,0,40544.33000,0,40544.33000,0,40544.33000,-0.15005,40544.33000,0,40544.33000,0,40544.33000,0,40544.33000,4.73181e-05,40544.33000,0.116089,40544.33000,5,40544.33000,0.784304,40544.33000,0.019163,40544.33000,0.3,40544.33000,0.29078,40544.33000,0.00191717,40544.33000,0.191717,40544.33000,0.957754,40544.33000,100,40544.33000,0.313746,40544.33000,0.00313746,40544.33000,1.63651,40544.33000,0.8,40544.33000,0.29078,40544.33000,0.00062507,40544.33000,0.062507,40544.33000,0.873558,40544.33000,100,40544.33000,0.0188173,40544.33000,0.000188173,40544.33000,0.301044,40544.33000,0.8,40544.33000,0.29078,40544.33000,0,40544.33000,0.00062507,40544.33000,0.01,40544.33000,0.873558,40544.33000,0.0172902,40544.33000,0.4,40544.33000,0.29078,40544.33000,0,40544.33000,0,40544.33000,0,40544.33000,0,40544.33000,0,40544.33000,0,40544.33000,-0.0390912,40544.33000,0,40544.33000,0,40544.33000,0,40544.33000,0,40544.33000,0,40544.33000,0,40544.33000,0.0172902,40544.33000,0.0172902,40544.33000,0,40544.33000,4.26279e-05,40544.33000,4.26279e-05,40544.33000,0,40544.33000,4.73181e-05,40544.33000,4.73181e-05,40544.33000,0,40544.33000,0,40544.33000,0,40544.33000,0,40544.33000,2.05944e-06,40544.33000,2.05944e-06,40544.33000,0,40544.33000,0,40544.33000,0,40544.33000,0,40544.33000,0.324506,40544.33000,0.324506,40544.33000,0,40544.33000,0,40544.33000,0,40544.33000,0,40544.33000,0,40544.33000,0,40544.33000,10551.5,40544.33000,0,40544.33000,0,40544.33000,0,40544.33000,0,40544.33000,611,40544.33000,0,40544.33000,0,40544.33000,0
40544.34000,1,40544.34000,4.09281,40544.34000,0.0909514,40544.34000,-1.20905,40544.34000,0,40544.34000,0.0001,40544.34000,0.0001,40544.34000,-1.5999,40544.34000,0,40544.34000,0,40544.34000,0,40544.34000,0,40544.34000,0,40544.34000,0.863691,40544.34000,0.863691,40544.34000,0.863691,40544.34000,0,40544.34000,0,40544.34000,0,40544.34000,0,40544.34000,5,40544.34000,0.784295,40544.34000,19.4702,40544.34000,0,40544.34000,0,40544.34000,-1.20855,40544.34000,-1.20855,40544.34000,-1.20855,40544.34000,0.324503,40544.34000,60,40544.34000,100111,40544.34000,-3,40544.34000,0,40544.34000,0,40544.34000,0,40544.34000,0,40544.34000,0.000140652,40544.34000,7.03261e-08,40544.34000,7.03261e-08,40544.34000,0,40544.34000,0,40544.34000,0,40544.34000,0,40544.34000,0.01,40544.34000,0.957747,40544.34000,30.8169,40544.34000,0,40544.34000,0,40544.34000,-1.33935,40544.34000,-0.27268,40544.34000,-0.27268,40544.34000,0.385211,40544.34000,80,40544.34000,0,40544.34000,0,40544.34000,0.01,40544.34000,0.815029,40544.34000,26.8208,40544.34000,0,40544.34000,0,40544.34000,-2.64789,40544.34000,-1.01456,40544.34000,-1.01456,40544.34000,0.33526,40544.34000,80,40544.34000,0,40544.34000,0,40544.34000,0.01,40544.34000,0.873558,40544.34000,28.4596,40544.34000,0,40544.34000,0,40544.34000,-2.88935,40544.34000,-0.689352,40544.34000,-0.689352,40544.34000,0.355745,40544.34000,80,40544.34000,0,40544.34000,0,40544.34000,1.03339e-05,40544.34000,0.00103333,40544.34000,2.06667e-06,40544.34000,2.06667e-06,40544.34000,0,40544.34000,100711,40544.34000,-1.9,40544.34000,0.01,40544.34000,0.293485,40544.34000,0.4,40544.34000,5,40544.34000,0.00103333,40544.34000,4.29285e-05,40544.34000,0.3,40544.34000,0,40544.34000,0,40544.34000,0,40544.34000,0,40544.34000,0,40544.34000,0,40544.34000,-0.15005,40544.34000,0,40544.34000,0,40544.34000,0,40544.34000,4.7057e-05,40544.34000,0.116078,40544.34000,5,40544.34000,0.784295,40544.34000,0.0191779,40544.34000,0.3,40544.34000,0.29078,40544.34000,0.00191694,40544.34000,0.191694,40544.34000,0.957747,40544.34000,100,40544.34000,0.313549,40544.34000,0.00313549,40544.34000,1.63567,40544.34000,0.8,40544.34000,0.29078,40544.34000,0.000625074,40544.34000,0.0625074,40544.34000,0.873558,40544.34000,100,40544.34000,0.0188665,40544.34000,0.000188665,40544.34000,0.301829,40544.34000,0.8,40544.34000,0.29078,40544.34000,0,40544.34000,0.000625074,40544.34000,0.01,40544.34000,0.873558,40544.34000,0.0172908,40544.34000,0.4,40544.34000,0.29078,40544.34000,0,40544.34000,0,40544.34000,0,40544.34000,0,40544.34000,0,40544.34000,0,40544.34000,-0.0390851,40544.34000,0,40544.34000,0,40544.34000,0,40544.34000,0,40544.34000,0,40544.34000,0,40544.34000,0.0172908,40544.34000,0.0172908,40544.34000,0,40544.34000,4.29285e-05,40544.34000,4.29285e-05,40544.34000,0,40544.34000,4.7057e-05,40544.34000,4.7057e-05,40544.34000,0,40544.34000,0,40544.34000,0,40544.34000,0,40544.34000,2.06667e-06,40544.34000,2.06667e-06,40544.34000,0,40544.34000,0,40544.34000,0,40544.34000,0,40544.34000,0.324503,40544.34000,0.324503,40544.34000,0,40544.34000,0,40544.34000,0,40544.34000,0,40544.34000,0,40544.34000,0,40544.34000,10551.5,40544.34000,0,40544.34000,0,40544.34000,0,40544.34000,0,40544.34000,611,40544.34000,0,40544.34000,0,40544.34000,0
40544.35000,1,40544.35000,4.09008,40544.35000,0.0908906,40544.35000,-1.20911,40544.35000,0,40544.35000,0.0001,40544.35000,0.0001,40544.35000,-1.5999,40544.35000,0,40544.35000,0,40544.35000,0,40544.35000,0,40544.35000,0,40544.35000,0.863691,40544.35000,0.863691,40544.35000,0.863691,40544.35000,0,40544.35000,0,40544.35000,0,40544.35000,0,40544.35000,5,40544.35000,0.784286,40544.35000,19.47,40544.35000,0,40544.35000,0,40544.35000,-1.20861,40544.35000,-1.20861,40544.35000,-1.20861,40544.35000,0.3245,40544.35000,60,40544.35000,100111,40544.35000,-3,40544.35000,0,40544.35000,0,40544.35000,0,40544.35000,0,40544.35000,0.000140186,40544.35000,7.00929e-08,40544.35000,7.00929e-08,40544.35000,0,40544.35000,0,40544.35000,0,40544.35000,0,40544.35000,0.01,40544.35000,0.95774,40544.35000,30.8167,40544.35000,0,40544.35000,0,40544.35000,-1.33939,40544.35000,-0.272716,40544.35000,-0.272716,40544.35000,0.385209,40544.35000,80,40544.35000,0,40544.35000,0,40544.35000,0.01,40544.35000,0.815134,40544.35000,26.8238,40544.35000,0,40544.35000,0,40544.35000,-2.64726,40544.35000,-1.01393,40544.35000,-1.01393,40544.35000,0.335297,40544.35000,80,40544.35000,0,40544.35000,0,40544.35000,0.01,40544.35000,0.873559,40544.35000,28.4597,40544.35000,0,40544.35000,0,40544.35000,-2.88935,40544.35000,-0.689349,40544.35000,-0.689349,40544.35000,0.355746,40544.35000,80,40544.35000,0,40544.35000,0,40544.35000,1.03687e-05,40544.35000,0.00103682,40544.35000,2.07363e-06,40544.35000,2.07363e-06,40544.35000,0,40544.35000,100711,40544.35000,-1.9,40544.35000,0.01,40544.35000,0.293409,40544.35000,0.4,40544.35000,5,40544.35000,0.00103682,40544.35000,4.32187e-05,40544.35000,0.3,40544.35000,0,40544.35000,0,40544.35000,0,40544.35000,0,40544.35000,0,40544.35000,0,40544.35000,-0.15005,40544.35000,0,40544.35000,0,40544.35000,0,40544.35000,4.67965e-05,40544.35000,0.116066,40544.35000,5,40544.35000,0.784286,40544.35000,0.0191922,40544.35000,0.3,40544.35000,0.29078,40544.35000,0.00191671,40544.35000,0.191671,40544.35000,0.95774,40544.35000,100,40544.35000,0.313352,40544.35000,0.00313352,40544.35000,1.63484,40544.35000,0.8,40544.35000,0.29078,40544.35000,0.000625078,40544.35000,0.0625078,40544.35000,0.873559,40544.35000,100,40544.35000,0.0189157,40544.35000,0.000189157,40544.35000,0.302613,40544.35000,0.8,40544.35000,0.29078,40544.35000,0,40544.35000,0.000625078,40544.35000,0.01,40544.35000,0.873559,40544.35000,0.0172914,40544.35000,0.4,40544.35000,0.29078,40544.35000,0,40544.35000,0,40544.35000,0,40544.35000,0,40544.35000,0,40544.35000,0,40544.35000,-0.0390791,40544.35000,0,40544.35000,0,40544.35000,0,40544.35000,0,40544.35000,0,40544.35000,0,40544.35000,0.0172914,40544.35000,0.0172914,40544.35000,0,40544.35000,4.32187e-05,40544.35000,4.32187e-05,40544.35000,0,40544.35000,4.67965e-05,40544.35000,4.67965e-05,40544.35000,0,40544.35000,0,40544.35000,0,40544.35000,0,40544.35000,2.07363e-06,40544.35000,2.07363e-06,40544.35000,0,40544.35000,0,40544.35000,0,40544.35000,0,40544.35000,0.3245,40544.35000,0.3245,40544.35000,0,40544.35000,0,40544.35000,0,40544.35000,0,40544.35000,0,40544.35000,0,40544.35000,10551.5,40544.35000,0,40544.35000,0,40544.35000,0,40544.35000,0,40544.35000,611,40544.35000,0,40544.35000,0,40544.35000,0
40544.36000,1,40544.36000,4.08735,40544.36000,0.0908299,40544.36000,-1.20917,40544.36000,0,40544.36000,0.0001,40544.36000,0.0001,40544.36000,-1.5999,40544.36000,0,40544.36000,0,40544.36000,0,40544.36000,0,40544.36000,0,40544.36000,0.863691,40544.36000,0.863691,40544.36000,0.863691,40544.36000,0,40544.36000,0,40544.36000,0,40544.36000,0,40544.36000,5,40544.36000,0.784276,40544.36000,19.4698,40544.36000,0,40544.36000,0,40544.36000,-1.20867,40544.36000,-1.20867,40544.36000,-1.20867,40544.36000,0.324497,40544.36000,60,40544.36000,100111,40544.36000,-3,40544.36000,0,40544.36000,0,40544.36000,0,40544.36000,0,40544.36000,0.000139729,40544.36000,6.98647e-08,40544.36000,6.98647e-08,40544.36000,0,40544.36000,0,40544.36000,0,40544.36000,0,40544.36000,0.01,40544.36000,0.957733,40544.36000,30.8165,40544.36000,0,40544.36000,0,40544.36000,-1.33942,40544.36000,-0.27275,40544.36000,-0.27275,40544.36000,0.385207,40544.36000,80,40544.36000,0,40544.36000,0,40544.36000,0.01,40544.36000,0.815238,40544.36000,26.8267,40544.36000,0,40544.36000,0,40544.36000,-2.64663,40544.36000,-1.0133,40544.36000,-1.0133,40544.36000,0.335333,40544.36000,80,40544.36000,0,40544.36000,0,40544.36000,0.01,40544.36000,0.87356,40544.36000,28.4597,40544.36000,0,40544.36000,0,40544.36000,-2.88935,40544.36000,-0.689345,40544.36000,-0.689345,40544.36000,0.355746,40544.36000,80,40544.36000,0,40544.36000,0,40544.36000,1.03875e-05,40544.36000,0.00103869,40544.36000,2.07739e-06,40544.36000,2.07739e-06,40544.36000,0,40544.36000,100711,40544.36000,-1.9,40544.36000,0.01,40544.36000,0.293331,40544.36000,0.4,40544.36000,5,40544.36000,0.00103869,40544.36000,4.33777e-05,40544.36000,0.3,40544.36000,0,40544.36000,0,40544.36000,0,40544.36000,0,40544.36000,0,40544.36000,0,40544.36000,-0.15005,40544.36000,0,40544.36000,0,40544.36000,0,40544.36000,4.65437e-05,40544.36000,0.116055,40544.36000,5,40544.36000,0.784276,40544.36000,0.0191998,40544.36000,0.3,40544.36000,0.29078,40544.36000,0.00191649,40544.36000,0.191649,40544.36000,0.957733,40544.36000,100,40544.36000,0.313157,40544.36000,0.00313157,40544.36000,1.63401,40544.36000,0.8,40544.36000,0.29078,40544.36000,0.000625083,40544.36000,0.0625083,40544.36000,0.87356,40544.36000,100,40544.36000,0.0189646,40544.36000,0.000189646,40544.36000,0.303394,40544.36000,0.8,40544.36000,0.29078,40544.36000,0,40544.36000,0.000625083,40544.36000,0.01,40544.36000,0.87356,40544.36000,0.0172921,40544.36000,0.4,40544.36000,0.29078,40544.36000,0,40544.36000,0,40544.36000,0,40544.36000,0,40544.36000,0,40544.36000,0,40544.36000,-0.039073,40544.36000,0,40544.36000,0,40544.36000,0,40544.36000,0,40544.36000,0,40544.36000,0,40544.36000,0.0172921,40544.36000,0.0172921,40544.36000,0,40544.36000,4.33777e-05,40544.36000,4.33777e-05,40544.36000,0,40544.36000,4.65437e-05,40544.36000,4.65437e-05,40544.36000,0,40544.36000,0,40544.36000,0,40544.36000,0,40544.36000,2.07739e-06,40544.36000,2.07739e-06,40544.36000,0,40544.36000,0,40544.36000,0,40544.36000,0,40544.36000,0.324497,40544.36000,0.324497,40544.36000,0,40544.36000,0,40544.36000,0,40544.36000,0,40544.36000,0,40544.36000,0,40544.36000,10551.5,40544.36000,0,40544.36000,0,40544.36000,0,40544.36000,0,40544.36000,611,40544.36000,0,40544.36000,0,40544.36000,0
40544.37000,1,40544.37000,4.08462,40544.37000,0.0907692,40544.37000,-1.20923,40544.37000,0,40544.37000,0.0001,40544.37000,0.0001,40544.37000,-1.5999,40544.37000,0,40544.37000,0,40544.37000,0,40544.37000,0,40544.37000,0,40544.37000,0.863691,40544.37000,0.863691,40544.37000,0.863691,40544.37000,0,40544.37000,0,40544.37000,0,40544.37000,0,40544.37000,5,40544.37000,0.784267,40544.37000,19.4696,40544.37000,0,40544.37000,0,40544.37000,-1.20873,40544.37000,-1.20873,40544.37000,-1.20873,40544.37000,0.324494,40544.37000,60,40544.37000,100111,40544.37000,-3,40544.37000,0,40544.37000,0,40544.37000,0,40544.37000,0,40544.37000,0.000139273,40544.37000,6.96365e-08,40544.37000,6.96365e-08,40544.37000,0,40544.37000,0,40544.37000,0,40544.37000,0,40544.37000,0.01,40544.37000,0.957726,40544.37000,30.8163,40544.37000,0,40544.37000,0,40544.37000,-1.33946,40544.37000,-0.272785,40544.37000,-0.272785,40544.37000,0.385204,40544.37000,80,40544.37000,0,40544.37000,0,40544.37000,0.01,40544.37000,0.815343,40544.37000,26.8296,40544.37000,0,40544.37000,0,40544.37000,-2.646,40544.37000,-1.01267,40544.37000,-1.01267,40544.37000,0.33537,40544.37000,80,40544.37000,0,40544.37000,0,40544.37000,0.01,40544.37000,0.87356,40544.37000,28.4597,40544.37000,0,40544.37000,0,40544.37000,-2.88934,40544.37000,-0.689342,40544.37000,-0.689342,40544.37000,0.355746,40544.37000,80,40544.37000,0,40544.37000,0,40544.37000,1.04062e-05,40544.37000,0.00104057,40544.37000,2.08114e-06,40544.37000,2.08114e-06,40544.37000,0,40544.37000,100711,40544.37000,-1.9,40544.37000,0.01,40544.37000,0.293254,40544.37000,0.4,40544.37000,5,40544.37000,0.00104057,40544.37000,4.35367e-05,40544.37000,0.3,40544.37000,0,40544.37000,0,40544.37000,0,40544.37000,0,40544.37000,0,40544.37000,0,40544.37000,-0.15005,40544.37000,0,40544.37000,0,40544.37000,0,40544.37000,4.62908e-05,40544.37000,0.116043,40544.37000,5,40544.37000,0.784267,40544.37000,0.0192074,40544.37000,0.3,40544.37000,0.29078,40544.37000,0.00191627,40544.37000,0.191627,40544.37000,0.957726,40544.37000,100,40544.37000,0.312962,40544.37000,0.00312962,40544.37000,1.63318,40544.37000,0.8,40544.37000,0.29078,40544.37000,0.000625087,40544.37000,0.0625087,40544.37000,0.87356,40544.37000,100,40544.37000,0.0190135,40544.37000,0.000190135,40544.37000,0.304174,40544.37000,0.8,40544.37000,0.29078,40544.37000,0,40544.37000,0.000625087,40544.37000,0.01,40544.37000,0.87356,40544.37000,0.0172927,40544.37000,0.4,40544.37000,0.29078,40544.37000,0,40544.37000,0,40544.37000,0,40544.37000,0,40544.37000,0,40544.37000,0,40544.37000,-0.0390669,40544.37000,0,40544.37000,0,40544.37000,0,40544.37000,0,40544.37000,0,40544.37000,0,40544.37000,0.0172927,40544.37000,0.0172927,40544.37000,0,40544.37000,4.35367e-05,40544.37000,4.35367e-05,40544.37000,0,40544.37000,4.62908e-05,40544.37000,4.62908e-05,40544.37000,0,40544.37000,0,40544.37000,0,40544.37000,0,40544.37000,2.08114e-06,40544.37000,2.08114e-06,40544.37000,0,40544.37000,0,40544.37000,0,40544.37000,0,40544.37000,0.324494,40544.37000,0.324494,40544.37000,0,40544.37000,0,40544.37000,0,40544.37000,0,40544.37000,0,40544.37000,0,40544.37000,10551.5,40544.37000,0,40544.37000,0,40544.37000,0,40544.37000,0,40544.37000,611,40544.37000,0,40544.37000,0,40544.37000,0
40544.38000,1,40544.38000,4.08188,40544.38000,0.0907085,40544.38000,-1.20929,40544.38000,0,40544.38000,0.0001,40544.38000,0.0001,40544.38000,-1.5999,40544.38000,0,40544.38000,0,40544.38000,0,40544.38000,0,40544.38000,0,40544.38000,0.863691,40544.38000,0.863691,40544.38000,0.863691,40544.38000,0,40544.38000,0,40544.38000,0,40544.38000,0,40544.38000,5,40544.38000,0.784258,40544.38000,19.4694,40544.38000,0,40544.38000,0,40544.38000,-1.20879,40544.38000,-1.20879,40544.38000,-1.20879,40544.38000,0.32449,40544.38000,60,40544.38000,100111,40544.38000,-3,40544.38000,0,40544.38000,0,40544.38000,0,40544.38000,0,40544.38000,0.000138817,40544.38000,6.94083e-08,40544.38000,6.94083e-08,40544.38000,0,40544.38000,0,40544.38000,0,40544.38000,0,40544.38000,0.01,40544.38000,0.957719,40544.38000,30.8161,40544.38000,0,40544.38000,0,40544.38000,-1.33949,40544.38000,-0.27282,40544.38000,-0.27282,40544.38000,0.385202,40544.38000,80,40544.38000,0,40544.38000,0,40544.38000,0.01,40544.38000,0.815448,40544.38000,26.8325,40544.38000,0,40544.38000,0,40544.38000,-2.64538,40544.38000,-1.01205,40544.38000,-1.01205,40544.38000,0.335407,40544.38000,80,40544.38000,0,40544.38000,0,40544.38000,0.01,40544.38000,0.873561,40544.38000,28.4597,40544.38000,0,40544.38000,0,40544.38000,-2.88934,40544.38000,-0.689339,40544.38000,-0.689339,40544.38000,0.355746,40544.38000,80,40544.38000,0,40544.38000,0,40544.38000,1.0425e-05,40544.38000,0.00104245,40544.38000,2.08489e-06,40544.38000,2.08489e-06,40544.38000,0,40544.38000,100711,40544.38000,-1.9,40544.38000,0.01,40544.38000,0.293176,40544.38000,0.4,40544.38000,5,40544.38000,0.00104245,40544.38000,4.36958e-05,40544.38000,0.3,40544.38000,0,40544.38000,0,40544.38000,0,40544.38000,0,40544.38000,0,40544.38000,0,40544.38000,-0.15005,40544.38000,0,40544.38000,0,40544.38000,0,40544.38000,4.6038e-05,40544.38000,0.116032,40544.38000,5,40544.38000,0.784258,40544.38000,0.0192151,40544.38000,0.3,40544.38000,0.29078,40544.38000,0.00191605,40544.38000,0.191605,40544.38000,0.957719,40544.38000,100,40544.38000,0.312767,40544.38000,0.00312767,40544.38000,1.63236,40544.38000,0.8,40544.38000,0.29078,40544.38000,0.000625092,40544.38000,0.0625092,40544.38000,0.873561,40544.38000,100,40544.38000,0.0190625,40544.38000,0.000190625,40544.38000,0.304954,40544.38000,0.8,40544.38000,0.29078,40544.38000,0,40544.38000,0.000625092,40544.38000,0.01,40544.38000,0.873561,40544.38000,0.0172934,40544.38000,0.4,40544.38000,0.29078,40544.38000,0,40544.38000,0,40544.38000,0,40544.38000,0,40544.38000,0,40544.38000,0,40544.38000,-0.0390609,40544.38000,0,40544.38000,0,40544.38000,0,40544.38000,0,40544.38000,0,40544.38000,0,40544.38000,0.0172934,40544.38000,0.0172934,40544.38000,0,40544.38000,4.36958e-05,40544.38000,4.36958e-05,40544.38000,0,40544.38000,4.6038e-05,40544.38000,4.6038e-05,40544.38000,0,40544.38000,0,40544.38000,0,40544.38000,0,40544.38000,2.08489e-06,40544.38000,2.08489e-06,40544.38000,0,40544.38000,0,40544.38000,0,40544.38000,0,40544.38000,0.32449,40544.38000,0.32449,40544.38000,0,40544.38000,0,40544.38000,0,40544.38000,0,40544.38000,0,40544.38000,0,40544.38000,10551.5,40544.38000,0,40544.38000,0,40544.38000,0,40544.38000,0,40544.38000,611,40544.38000,0,40544.38000,0,40544.38000,0
40544.39000,1,40544.39000,4.07915,40544.39000,0.0906478,40544.39000,-1.20935,40544.39000,0,40544.39000,0.0001,40544.39000,0.0001,40544.39000,-1.5999,40544.39000,0,40544.39000,0,40544.39000,0,40544.39000,0,40544.39000,0,40544.39000,0.863691,40544.39000,0.863691,40544.39000,0.863691,40544.39000,0,40544.39000,0,40544.39000,0,40544.39000,0,40544.39000,5,40544.39000,0.784249,40544.39000,19.4692,40544.39000,0,40544.39000,0,40544.39000,-1.20886,40544.39000,-1.20886,40544.39000,-1.20886,40544.39000,0.324487,40544.39000,60,40544.39000,100111,40544.39000,-3,40544.39000,0,40544.39000,0,40544.39000,0,40544.39000,0,40544.39000,0.00013836,40544.39000,6.91801e-08,40544.39000,6.91801e-08,40544.39000,0,40544.39000,0,40544.39000,0,40544.39000,0,40544.39000,0.01,40544.39000,0.957712,40544.39000,30.8159,40544.39000,0,40544.39000,0,40544.39000,-1.33953,40544.39000,-0.272855,40544.39000,-0.272855,40544.39000,0.385199,40544.39000,80,40544.39000,0,40544.39000,0,40544.39000,0.01,40544.39000,0.815552,40544.39000,26.8355,40544.39000,0,40544.39000,0,40544.39000,-2.64475,40544.39000,-1.01142,40544.39000,-1.01142,40544.39000,0.335443,40544.39000,80,40544.39000,0,40544.39000,0,40544.39000,0.01,40544.39000,0.873562,40544.39000,28.4597,40544.39000,0,40544.39000,0,40544.39000,-2.88934,40544.39000,-0.689335,40544.39000,-0.689335,40544.39000,0.355747,40544.39000,80,40544.39000,0,40544.39000,0,40544.39000,1.04438e-05,40544.39000,0.00104432,40544.39000,2.08864e-06,40544.39000,2.08864e-06,40544.39000,0,40544.39000,100711,40544.39000,-1.9,40544.39000,0.01,40544.39000,0.293098,40544.39000,0.4,40544.39000,5,40544.39000,0.00104432,40544.39000,4.38548e-05,40544.39000,0.3,40544.39000,0,40544.39000,0,40544.39000,0,40544.39000,0,40544.39000,0,40544.39000,0,40544.39000,-0.15005,40544.39000,0,40544.39000,0,40544.39000,0,40544.39000,4.57852e-05,40544.39000,0.11602,40544.39000,5,40544.39000,0.784249,40544.39000,0.0192227,40544.39000,0.3,40544.39000,0.29078,40544.39000,0.00191582,40544.39000,0.191582,40544.39000,0.957712,40544.39000,100,40544.39000,0.312572,40544.39000,0.00312572,40544.39000,1.63153,40544.39000,0.8,40544.39000,0.29078,40544.39000,0.000625097,40544.39000,0.0625097,40544.39000,0.873562,40544.39000,100,40544.39000,0.0191114,40544.39000,0.000191114,40544.39000,0.305735,40544.39000,0.8,40544.39000,0.29078,40544.39000,0,40544.39000,0.000625097,40544.39000,0.01,40544.39000,0.873562,40544.39000,0.017294,40544.39000,0.4,40544.39000,0.29078,40544.39000,0,40544.39000,0,40544.39000,0,40544.39000,0,40544.39000,0,40544.39000,0,40544.39000,-0.0390548,40544.39000,0,40544.39000,0,40544.39000,0,40544.39000,0,40544.39000,0,40544.39000,0,40544.39000,0.017294,40544.39000,0.017294,40544.39000,0,40544.39000,4.38548e-05,40544.39000,4.38548e-05,40544.39000,0,40544.39000,4.57852e-05,40544.39000,4.57852e-05,40544.39000,0,40544.39000,0,40544.39000,0,40544.39000,0,40544.39000,2.08864e-06,40544.39000,2.08864e-06,40544.39000,0,40544.39000,0,40544.39000,0,40544.39000,0,40544.39000,0.324487,40544.39000,0.324487,40544.39000,0,40544.39000,0,40544.39000,0,40544.39000,0,40544.39000,0,40544.39000,0,40544.39000,10551.5,40544.39000,0,40544.39000,0,40544.39000,0,40544.39000,0,40544.39000,611,40544.39000,0,40544.39000,0,40544.39000,0
40544.40000,1,40544.40000,4.07642,40544.40000,0.0905872,40544.40000,-1.20941,40544.40000,0,40544.40000,0.0001,40544.40000,0.0001,40544.40000,-1.5999,40544.40000,0,40544.40000,0,40544.40000,0,40544.40000,0,40544.40000,0,40544.40000,0.863691,40544.40000,0.863691,40544.40000,0.863691,40544.40000,0,40544.40000,0,40544.40000,0,40544.40000,0,40544.40000,5,40544.40000,0.78424,40544.40000,19.469,40544.40000,0,40544.40000,0,40544.40000,-1.20892,40544.40000,-1.20892,40544.40000,-1.20892,40544.40000,0.324484,40544.40000,60,40544.40000,100111,40544.40000,-3,40544.40000,0,40544.40000,0,40544.40000,0,40544.40000,0,40544.40000,0.000137913,40544.40000,6.89563e-08,40544.40000,6.89563e-08,40544.40000,0,40544.40000,0,40544.40000,0,40544.40000,0,40544.40000,0.01,40544.40000,0.957706,40544.40000,30.8158,40544.40000,0,40544.40000,0,40544.40000,-1.33956,40544.40000,-0.272889,40544.40000,-0.272889,40544.40000,0.385197,40544.40000,80,40544.40000,0,40544.40000,0,40544.40000,0.01,40544.40000,0.815656,40544.40000,26.8384,40544.40000,0,40544.40000,0,40544.40000,-2.64412,40544.40000,-1.01079,40544.40000,-1.01079,40544.40000,0.33548,40544.40000,80,40544.40000,0,40544.40000,0,40544.40000,0.01,40544.40000,0.873562,40544.40000,28.4597,40544.40000,0,40544.40000,0,40544.40000,-2.88933,40544.40000,-0.689332,40544.40000,-0.689332,40544.40000,0.355747,40544.40000,80,40544.40000,0,40544.40000,0,40544.40000,1.04517e-05,40544.40000,0.00104511,40544.40000,2.09023e-06,40544.40000,2.09023e-06,40544.40000,0,40544.40000,100711,40544.40000,-1.9,40544.40000,0.01,40544.40000,0.293019,40544.40000,0.4,40544.40000,5,40544.40000,0.00104511,40544.40000,4.39235e-05,40544.40000,0.3,40544.40000,0,40544.40000,0,40544.40000,0,40544.40000,0,40544.40000,0,40544.40000,0,40544.40000,-0.15005,40544.40000,0,40544.40000,0,40544.40000,0,40544.40000,4.55392e-05,40544.40000,0.116009,40544.40000,5,40544.40000,0.78424,40544.40000,0.0192262,40544.40000,0.3,40544.40000,0.29078,40544.40000,0.00191561,40544.40000,0.191561,40544.40000,0.957706,40544.40000,100,40544.40000,0.312379,40544.40000,0.00312379,40544.40000,1.6307,40544.40000,0.8,40544.40000,0.29078,40544.40000,0.000625102,40544.40000,0.0625102,40544.40000,0.873562,40544.40000,100,40544.40000,0.0191601,40544.40000,0.000191601,40544.40000,0.306512,40544.40000,0.8,40544.40000,0.29078,40544.40000,0,40544.40000,0.000625102,40544.40000,0.01,40544.40000,0.873562,40544.40000,0.0172948,40544.40000,0.4,40544.40000,0.29078,40544.40000,0,40544.40000,0,40544.40000,0,40544.40000,0,40544.40000,0,40544.40000,0,40544.40000,-0.0390487,40544.40000,0,40544.40000,0,40544.40000,0,40544.40000,0,40544.40000,0,40544.40000,0,40544.40000,0.0172948,40544.40000,0.0172948,40544.40000,0,40544.40000,4.39235e-05,40544.40000,4.39235e-05,40544.40000,0,40544.40000,4.55392e-05,40544.40000,4.55392e-05,40544.40000,0,40544.40000,0,40544.40000,0,40544.40000,0,40544.40000,2.09023e-06,40544.40000,2.09023e-06,40544.40000,0,40544.40000,0,40544.40000,0,40544.40000,0,40544.40000,0.324484,40544.40000,0.324484,40544.40000,0,40544.40000,0,40544.40000,0,40544.40000,0,40544.40000,0,40544.40000,0,40544.40000,10551.5,40544.40000,0,40544.40000,0,40544.40000,0,40544.40000,0,40544.40000,611,40544.40000,0,40544.40000,0,40544.40000,0
40544.41000,1,40544.41000,4.0737,40544.41000,0.0905266,40544.41000,-1.20947,40544.41000,0,40544.41000,0.0001,40544.41000,0.0001,40544.41000,-1.5999,40544.41000,0,40544.41000,0,40544.41000,0,40544.41000,0,40544.41000,0,40544.41000,0.863691,40544.41000,0.863691,40544.41000,0.863691,40544.41000,0,40544.41000,0,40544.41000,0,40544.41000,0,40544.41000,5,40544.41000,0.784231,40544.41000,19.4688,40544.41000,0,40544.41000,0,40544.41000,-1.20898,40544.41000,-1.20898,40544.41000,-1.20898,40544.41000,0.324481,40544.41000,60,40544.41000,100111,40544.41000,-3,40544.41000,0,40544.41000,0,40544.41000,0,40544.41000,0,40544.41000,0.000137466,40544.41000,6.87332e-08,40544.41000,6.87332e-08,40544.41000,0,40544.41000,0,40544.41000,0,40544.41000,0,40544.41000,0.01,40544.41000,0.957699,40544.41000,30.8156,40544.41000,0,40544.41000,0,40544.41000,-1.33959,40544.41000,-0.272923,40544.41000,-0.272923,40544.41000,0.385195,40544.41000,80,40544.41000,0,40544.41000,0,40544.41000,0.01,40544.41000,0.81576,40544.41000,26.8413,40544.41000,0,40544.41000,0,40544.41000,-2.6435,40544.41000,-1.01017,40544.41000,-1.01017,40544.41000,0.335516,40544.41000,80,40544.41000,0,40544.41000,0,40544.41000,0.01,40544.41000,0.873563,40544.41000,28.4598,40544.41000,0,40544.41000,0,40544.41000,-2.88933,40544.41000,-0.689328,40544.41000,-0.689328,40544.41000,0.355747,40544.41000,80,40544.41000,0,40544.41000,0,40544.41000,1.04579e-05,40544.41000,0.00104573,40544.41000,2.09146e-06,40544.41000,2.09146e-06,40544.41000,0,40544.41000,100711,40544.41000,-1.9,40544.41000,0.01,40544.41000,0.29294,40544.41000,0.4,40544.41000,5,40544.41000,0.00104573,40544.41000,4.39776e-05,40544.41000,0.3,40544.41000,0,40544.41000,0,40544.41000,0,40544.41000,0,40544.41000,0,40544.41000,0,40544.41000,-0.15005,40544.41000,0,40544.41000,0,40544.41000,0,40544.41000,4.52944e-05,40544.41000,0.115997,40544.41000,5,40544.41000,0.784231,40544.41000,0.0192291,40544.41000,0.3,40544.41000,0.29078,40544.41000,0.00191539,40544.41000,0.191539,40544.41000,0.957699,40544.41000,100,40544.41000,0.312185,40544.41000,0.00312185,40544.41000,1.62988,40544.41000,0.8,40544.41000,0.29078,40544.41000,0.000625107,40544.41000,0.0625107,40544.41000,0.873563,40544.41000,100,40544.41000,0.0192088,40544.41000,0.000192088,40544.41000,0.307288,40544.41000,0.8,40544.41000,0.29078,40544.41000,0,40544.41000,0.000625107,40544.41000,0.01,40544.41000,0.873563,40544.41000,0.0172955,40544.41000,0.4,40544.41000,0.29078,40544.41000,0,40544.41000,0,40544.41000,0,40544.41000,0,40544.41000,0,40544.41000,0,40544.41000,-0.0390427,40544.41000,0,40544.41000,0,40544.41000,0,40544.41000,0,40544.41000,0,40544.41000,0,40544.41000,0.0172955,40544.41000,0.0172955,40544.41000,0,40544.41000,4.39776e-05,40544.41000,4.39776e-05,40544.41000,0,40544.41000,4.52944e-05,40544.41000,4.52944e-05,40544.41000,0,40544.41000,0,40544.41000,0,40544.41000,0,40544.41000,2.09146e-06,40544.41000,2.09146e-06,40544.41000,0,40544.41000,0,40544.41000,0,40544.41000,0,40544.41000,0.324481,40544.41000,0.324481,40544.41000,0,40544.41000,0,40544.41000,0,40544.41000,0,40544.41000,0,40544.41000,0,40544.41000,10551.5,40544.41000,0,40544.41000,0,40544.41000,0,40544.41000,0,40544.41000,611,40544.41000,0,40544.41000,0,40544.41000,0
40544.42000,1,40544.42000,4.07097,40544.42000,0.0904659,40544.42000,-1.20953,40544.42000,0,40544.42000,0.0001,40544.42000,0.0001,40544.42000,-1.5999,40544.42000,0,40544.42000,0,40544.42000,0,40544.42000,0,40544.42000,0,40544.42000,0.863691,40544.42000,0.863691,40544.42000,0.863691,40544.42000,0,40544.42000,0,40544.42000,0,40544.42000,0,40544.42000,5,40544.42000,0.784222,40544.42000,19.4687,40544.42000,0,40544.42000,0,40544.42000,-1.20904,40544.42000,-1.20904,40544.42000,-1.20904,40544.42000,0.324478,40544.42000,60,40544.42000,100111,40544.42000,-3,40544.42000,0,40544.42000,0,40544.42000,0,40544.42000,0,40544.42000,0.00013702,40544.42000,6.85102e-08,40544.42000,6.85102e-08,40544.42000,0,40544.42000,0,40544.42000,0,40544.42000,0,40544.42000,0.01,40544.42000,0.957692,40544.42000,30.8154,40544.42000,0,40544.42000,0,40544.42000,-1.33963,40544.42000,-0.272957,40544.42000,-0.272957,40544.42000,0.385192,40544.42000,80,40544.42000,0,40544.42000,0,40544.42000,0.01,40544.42000,0.815865,40544.42000,26.8442,40544.42000,0,40544.42000,0,40544.42000,-2.64287,40544.42000,-1.00954,40544.42000,-1.00954,40544.42000,0.335553,40544.42000,80,40544.42000,0,40544.42000,0,40544.42000,0.01,40544.42000,0.873564,40544.42000,28.4598,40544.42000,0,40544.42000,0,40544.42000,-2.88932,40544.42000,-0.689324,40544.42000,-0.689324,40544.42000,0.355747,40544.42000,80,40544.42000,0,40544.42000,0,40544.42000,1.0464e-05,40544.42000,0.00104635,40544.42000,2.0927e-06,40544.42000,2.0927e-06,40544.42000,0,40544.42000,100711,40544.42000,-1.9,40544.42000,0.01,40544.42000,0.292861,40544.42000,0.4,40544.42000,5,40544.42000,0.00104635,40544.42000,4.40316e-05,40544.42000,0.3,40544.42000,0,40544.42000,0,40544.42000,0,40544.42000,0,40544.42000,0,40544.42000,0,40544.42000,-0.15005,40544.42000,0,40544.42000,0,40544.42000,0,40544.42000,4.50495e-05,40544.42000,0.115986,40544.42000,5,40544.42000,0.784222,40544.42000,0.0192319,40544.42000,0.3,40544.42000,0.29078,40544.42000,0.00191517,40544.42000,0.191517,40544.42000,0.957692,40544.42000,100,40544.42000,0.311992,40544.42000,0.00311992,40544.42000,1.62906,40544.42000,0.8,40544.42000,0.29078,40544.42000,0.000625112,40544.42000,0.0625112,40544.42000,0.873564,40544.42000,100,40544.42000,0.0192575,40544.42000,0.000192575,40544.42000,0.308064,40544.42000,0.8,40544.42000,0.29078,40544.42000,0,40544.42000,0.000625112,40544.42000,0.01,40544.42000,0.873564,40544.42000,0.0172962,40544.42000,0.4,40544.42000,0.29078,40544.42000,0,40544.42000,0,40544.42000,0,40544.42000,0,40544.42000,0,40544.42000,0,40544.42000,-0.0390366,40544.42000,0,40544.42000,0,40544.42000,0,40544.42000,0,40544.42000,0,40544.42000,0,40544.42000,0.0172962,40544.42000,0.0172962,40544.42000,0,40544.42000,4.40316e-05,40544.42000,4.40316e-05,40544.42000,0,40544.42000,4.50495e-05,40544.42000,4.50495e-05,40544.42000,0,40544.42000,0,40544.42000,0,40544.42000,0,40544.42000,2.0927e-06,40544.42000,2.0927e-06,40544.42000,0,40544.42000,0,40544.42000,0,40544.42000,0,40544.42000,0.324478,40544.42000,0.324478,40544.42000,0,40544.42000,0,40544.42000,0,40544.42000,0,40544.42000,0,40544.42000,0,40544.42000,10551.5,40544.42000,0,40544.42000,0,40544.42000,0,40544.42000,0,40544.42000,611,40544.42000,0,40544.42000,0,40544.42000,0
40544.43000,1,40544.43000,4.06824,40544.43000,0.0904053,40544.43000,-1.20959,40544.43000,0,40544.43000,0.0001,40544.43000,0.0001,40544.43000,-1.5999,40544.43000,0,40544.43000,0,40544.43000,0,40544.43000,0,40544.43000,0,40544.43000,0.863691,40544.43000,0.863691,40544.43000,0.863691,40544.43000,0,40544.43000,0,40544.43000,0,40544.43000,0,40544.43000,5,40544.43000,0.784213,40544.43000,19.4685,40544.43000,0,40544.43000,0,40544.43000,-1.2091,40544.43000,-1.2091,40544.43000,-1.2091,40544.43000,0.324474,40544.43000,60,40544.43000,100111,40544.43000,-3,40544.43000,0,40544.43000,0,40544.43000,0,40544.43000,0,40544.43000,0.000136574,40544.43000,6.82871e-08,40544.43000,6.82871e-08,40544.43000,0,40544.43000,0,40544.43000,0,40544.43000,0,40544.43000,0.01,40544.43000,0.957685,40544.43000,30.8152,40544.43000,0,40544.43000,0,40544.43000,-1.33966,40544.43000,-0.272991,40544.43000,-0.272991,40544.43000,0.38519,40544.43000,80,40544.43000,0,40544.43000,0,40544.43000,0.01,40544.43000,0.815969,40544.43000,26.8471,40544.43000,0,40544.43000,0,40544.43000,-2.64225,40544.43000,-1.00892,40544.43000,-1.00892,40544.43000,0.335589,40544.43000,80,40544.43000,0,40544.43000,0,40544.43000,0.01,40544.43000,0.873564,40544.43000,28.4598,40544.43000,0,40544.43000,0,40544.43000,-2.88932,40544.43000,-0.68932,40544.43000,-0.68932,40544.43000,0.355748,40544.43000,80,40544.43000,0,40544.43000,0,40544.43000,1.04702e-05,40544.43000,0.00104697,40544.43000,2.09393e-06,40544.43000,2.09393e-06,40544.43000,0,40544.43000,100711,40544.43000,-1.9,40544.43000,0.01,40544.43000,0.292781,40544.43000,0.4,40544.43000,5,40544.43000,0.00104697,40544.43000,4.40857e-05,40544.43000,0.3,40544.43000,0,40544.43000,0,40544.43000,0,40544.43000,0,40544.43000,0,40544.43000,0,40544.43000,-0.15005,40544.43000,0,40544.43000,0,40544.43000,0,40544.43000,4.48047e-05,40544.43000,0.115974,40544.43000,5,40544.43000,0.784213,40544.43000,0.0192348,40544.43000,0.3,40544.43000,0.29078,40544.43000,0.00191495,40544.43000,0.191495,40544.43000,0.957685,40544.43000,100,40544.43000,0.311799,40544.43000,0.00311799,40544.43000,1.62823,40544.43000,0.8,40544.43000,0.29078,40544.43000,0.000625118,40544.43000,0.0625118,40544.43000,0.873564,40544.43000,100,40544.43000,0.0193062,40544.43000,0.000193062,40544.43000,0.30884,40544.43000,0.8,40544.43000,0.29078,40544.43000,0,40544.43000,0.000625118,40544.43000,0.01,40544.43000,0.873564,40544.43000,0.0172969,40544.43000,0.4,40544.43000,0.29078,40544.43000,0,40544.43000,0,40544.43000,0,40544.43000,0,40544.43000,0,40544.43000,0,40544.43000,-0.0390305,40544.43000,0,40544.43000,0,40544.43000,0,40544.43000,0,40544.43000,0,40544.43000,0,40544.43000,0.0172969,40544.43000,0.0172969,40544.43000,0,40544.43000,4.40857e-05,40544.43000,4.40857e-05,40544.43000,0,40544.43000,4.48047e-05,40544.43000,4.48047e-05,40544.43000,0,40544.43000,0,40544.43000,0,40544.43000,0,40544.43000,2.09393e-06,40544.43000,2.09393e-06,40544.43000,0,40544.43000,0,40544.43000,0,40544.43000,0,40544.43000,0.324474,40544.43000,0.324474,40544.43000,0,40544.43000,0,40544.43000,0,40544.43000,0,40544.43000,0,40544.43000,0,40544.43000,10551.5,40544.43000,0,40544.43000,0,40544.43000,0,40544.43000,0,40544.43000,611,40544.43000,0,40544.43000,0,40544.43000,0
40544.44000,1,40544.44000,4.06551,40544.44000,0.0903447,40544.44000,-1.20966,40544.44000,0,40544.44000,0.0001,40544.44000,0.0001,40544.44000,-1.5999,40544.44000,0,40544.44000,0,40544.44000,0,40544.44000,0,40544.44000,0,40544.44000,0.863691,40544.44000,0.863691,40544.44000,0.863691,40544.44000,0,40544.44000,0,40544.44000,0,40544.44000,0,40544.44000,5,40544.44000,0.784204,40544.44000,19.4683,40544.44000,0,40544.44000,0,40544.44000,-1.20916,40544.44000,-1.20916,40544.44000,-1.20916,40544.44000,0.324471,40544.44000,60,40544.44000,100111,40544.44000,-3,40544.44000,0,40544.44000,0,40544.44000,0,40544.44000,0,40544.44000,0.000136135,40544.44000,6.80673e-08,40544.44000,6.80673e-08,40544.44000,0,40544.44000,0,40544.44000,0,40544.44000,0,40544.44000,0.01,40544.44000,0.957679,40544.44000,30.815,40544.44000,0,40544.44000,0,40544.44000,-1.33969,40544.44000,-0.273025,40544.44000,-0.273025,40544.44000,0.385187,40544.44000,80,40544.44000,0,40544.44000,0,40544.44000,0.01,40544.44000,0.816073,40544.44000,26.85,40544.44000,0,40544.44000,0,40544.44000,-2.64163,40544.44000,-1.0083,40544.44000,-1.0083,40544.44000,0.335625,40544.44000,80,40544.44000,0,40544.44000,0,40544.44000,0.01,40544.44000,0.873565,40544.44000,28.4598,40544.44000,0,40544.44000,0,40544.44000,-2.88932,40544.44000,-0.689316,40544.44000,-0.689316,40544.44000,0.355748,40544.44000,80,40544.44000,0,40544.44000,0,40544.44000,1.04705e-05,40544.44000,0.001047,40544.44000,2.094e-06,40544.44000,2.094e-06,40544.44000,0,40544.44000,100711,40544.44000,-1.9,40544.44000,0.01,40544.44000,0.292701,40544.44000,0.4,40544.44000,5,40544.44000,0.001047,40544.44000,4.40905e-05,40544.44000,0.3,40544.44000,0,40544.44000,0,40544.44000,0,40544.44000,0,40544.44000,0,40544.44000,0,40544.44000,-0.15005,40544.44000,0,40544.44000,0,40544.44000,0,40544.44000,4.45647e-05,40544.44000,0.115963,40544.44000,5,40544.44000,0.784204,40544.44000,0.0192357,40544.44000,0.3,40544.44000,0.29078,40544.44000,0.00191474,40544.44000,0.191474,40544.44000,0.957679,40544.44000,100,40544.44000,0.311608,40544.44000,0.00311608,40544.44000,1.62741,40544.44000,0.8,40544.44000,0.29078,40544.44000,0.000625123,40544.44000,0.0625123,40544.44000,0.873565,40544.44000,100,40544.44000,0.0193547,40544.44000,0.000193547,40544.44000,0.309614,40544.44000,0.8,40544.44000,0.29078,40544.44000,0,40544.44000,0.000625123,40544.44000,0.01,40544.44000,0.873565,40544.44000,0.0172977,40544.44000,0.4,40544.44000,0.29078,40544.44000,0,40544.44000,0,40544.44000,0,40544.44000,0,40544.44000,0,40544.44000,0,40544.44000,-0.0390245,40544.44000,0,40544.44000,0,40544.44000,0,40544.44000,0,40544.44000,0,40544.44000,0,40544.44000,0.0172977,40544.44000,0.0172977,40544.44000,0,40544.44000,4.40905e-05,40544.44000,4.40905e-05,40544.44000,0,40544.44000,4.45647e-05,40544.44000,4.45647e-05,40544.44000,0,40544.44000,0,40544.44000,0,40544.44000,0,40544.44000,2.094e-06,40544.44000,2.094e-06,40544.44000,0,40544.44000,0,40544.44000,0,40544.44000,0,40544.44000,0.324471,40544.44000,0.324471,40544.44000,0,40544.44000,0,40544.44000,0,40544.44000,0,40544.44000,0,40544.44000,0,40544.44000,10551.5,40544.44000,0,40544.44000,0,40544.44000,0,40544.44000,0,40544.44000,611,40544.44000,0,40544.44000,0,40544.44000,0
40544.45000,1,40544.45000,4.06279,40544.45000,0.0902842,40544.45000,-1.20972,40544.45000,0,40544.45000,0.0001,40544.45000,0.0001,40544.45000,-1.5999,40544.45000,0,40544.45000,0,40544.45000,0,40544.45000,0,40544.45000,0,40544.45000,0.863691,40544.45000,0.863691,40544.45000,0.863691,40544.45000,0,40544.45000,0,40544.45000,0,40544.45000,0,40544.45000,5,40544.45000,0.784194,40544.45000,19.4681,40544.45000,0,40544.45000,0,40544.45000,-1.20922,40544.45000,-1.20922,40544.45000,-1.20922,40544.45000,0.324468,40544.45000,60,40544.45000,100111,40544.45000,-3,40544.45000,0,40544.45000,0,40544.45000,0,40544.45000,0,40544.45000,0.000135698,40544.45000,6.78492e-08,40544.45000,6.78492e-08,40544.45000,0,40544.45000,0,40544.45000,0,40544.45000,0,40544.45000,0.01,40544.45000,0.957672,40544.45000,30.8148,40544.45000,0,40544.45000,0,40544.45000,-1.33973,40544.45000,-0.273058,40544.45000,-0.273058,40544.45000,0.385185,40544.45000,80,40544.45000,0,40544.45000,0,40544.45000,0.01,40544.45000,0.816177,40544.45000,26.8529,40544.45000,0,40544.45000,0,40544.45000,-2.641,40544.45000,-1.00767,40544.45000,-1.00767,40544.45000,0.335662,40544.45000,80,40544.45000,0,40544.45000,0,40544.45000,0.01,40544.45000,0.873566,40544.45000,28.4598,40544.45000,0,40544.45000,0,40544.45000,-2.88931,40544.45000,-0.689312,40544.45000,-0.689312,40544.45000,0.355748,40544.45000,80,40544.45000,0,40544.45000,0,40544.45000,1.04676e-05,40544.45000,0.00104671,40544.45000,2.09342e-06,40544.45000,2.09342e-06,40544.45000,0,40544.45000,100711,40544.45000,-1.9,40544.45000,0.01,40544.45000,0.292619,40544.45000,0.4,40544.45000,5,40544.45000,0.00104671,40544.45000,4.40684e-05,40544.45000,0.3,40544.45000,0,40544.45000,0,40544.45000,0,40544.45000,0,40544.45000,0,40544.45000,0,40544.45000,-0.15005,40544.45000,0,40544.45000,0,40544.45000,0,40544.45000,4.43275e-05,40544.45000,0.115951,40544.45000,5,40544.45000,0.784194,40544.45000,0.0192354,40544.45000,0.3,40544.45000,0.29078,40544.45000,0.00191453,40544.45000,0.191453,40544.45000,0.957672,40544.45000,100,40544.45000,0.311416,40544.45000,0.00311416,40544.45000,1.62659,40544.45000,0.8,40544.45000,0.29078,40544.45000,0.000625129,40544.45000,0.0625129,40544.45000,0.873566,40544.45000,100,40544.45000,0.0194031,40544.45000,0.000194031,40544.45000,0.310386,40544.45000,0.8,40544.45000,0.29078,40544.45000,0,40544.45000,0.000625129,40544.45000,0.01,40544.45000,0.873566,40544.45000,0.0172985,40544.45000,0.4,40544.45000,0.29078,40544.45000,0,40544.45000,0,40544.45000,0,40544.45000,0,40544.45000,0,40544.45000,0,40544.45000,-0.0390184,40544.45000,0,40544.45000,0,40544.45000,0,40544.45000,0,40544.45000,0,40544.45000,0,40544.45000,0.0172985,40544.45000,0.0172985,40544.45000,0,40544.45000,4.40684e-05,40544.45000,4.40684e-05,40544.45000,0,40544.45000,4.43275e-05,40544.45000,4.43275e-05,40544.45000,0,40544.45000,0,40544.45000,0,40544.45000,0,40544.45000,2.09342e-06,40544.45000,2.09342e-06,40544.45000,0,40544.45000,0,40544.45000,0,40544.45000,0,40544.45000,0.324468,40544.45000,0.324468,40544.45000,0,40544.45000,0,40544.45000,0,40544.45000,0,40544.45000,0,40544.45000,0,40544.45000,10551.5,40544.45000,0,40544.45000,0,40544.45000,0,40544.45000,0,40544.45000,611,40544.45000,0,40544.45000,0,40544.45000,0
40544.46000,1,40544.46000,4.06006,40544.46000,0.0902236,40544.46000,-1.20978,40544.46000,0,40544.46000,0.0001,40544.46000,0.0001,40544.46000,-1.5999,40544.46000,0,40544.46000,0,40544.46000,0,40544.46000,0,40544.46000,0,40544.46000,0.863691,40544.46000,0.863691,40544.46000,0.863691,40544.46000,0,40544.46000,0,40544.46000,0,40544.46000,0,40544.46000,5,40544.46000,0.784185,40544.46000,19.4679,40544.46000,0,40544.46000,0,40544.46000,-1.20928,40544.46000,-1.20928,40544.46000,-1.20928,40544.46000,0.324465,40544.46000,60,40544.46000,100111,40544.46000,-3,40544.46000,0,40544.46000,0,40544.46000,0,40544.46000,0,40544.46000,0.000135262,40544.46000,6.76311e-08,40544.46000,6.76311e-08,40544.46000,0,40544.46000,0,40544.46000,0,40544.46000,0,40544.46000,0.01,40544.46000,0.957665,40544.46000,30.8146,40544.46000,0,40544.46000,0,40544.46000,-1.33976,40544.46000,-0.273091,40544.46000,-0.273091,40544.46000,0.385183,40544.46000,80,40544.46000,0,40544.46000,0,40544.46000,0.01,40544.46000,0.81628,40544.46000,26.8558,40544.46000,0,40544.46000,0,40544.46000,-2.64038,40544.46000,-1.00705,40544.46000,-1.00705,40544.46000,0.335698,40544.46000,80,40544.46000,0,40544.46000,0,40544.46000,0.01,40544.46000,0.873567,40544.46000,28.4599,40544.46000,0,40544.46000,0,40544.46000,-2.88931,40544.46000,-0.689308,40544.46000,-0.689308,40544.46000,0.355748,40544.46000,80,40544.46000,0,40544.46000,0,40544.46000,1.04647e-05,40544.46000,0.00104642,40544.46000,2.09284e-06,40544.46000,2.09284e-06,40544.46000,0,40544.46000,100711,40544.46000,-1.9,40544.46000,0.01,40544.46000,0.292538,40544.46000,0.4,40544.46000,5,40544.46000,0.00104642,40544.46000,4.40463e-05,40544.46000,0.3,40544.46000,0,40544.46000,0,40544.46000,0,40544.46000,0,40544.46000,0,40544.46000,0,40544.46000,-0.15005,40544.46000,0,40544.46000,0,40544.46000,0,40544.46000,4.40903e-05,40544.46000,0.11594,40544.46000,5,40544.46000,0.784185,40544.46000,0.0192352,40544.46000,0.3,40544.46000,0.29078,40544.46000,0.00191432,40544.46000,0.191432,40544.46000,0.957665,40544.46000,100,40544.46000,0.311225,40544.46000,0.00311225,40544.46000,1.62578,40544.46000,0.8,40544.46000,0.29078,40544.46000,0.000625135,40544.46000,0.0625135,40544.46000,0.873567,40544.46000,100,40544.46000,0.0194516,40544.46000,0.000194516,40544.46000,0.311158,40544.46000,0.8,40544.46000,0.29078,40544.46000,0,40544.46000,0.000625135,40544.46000,0.01,40544.46000,0.873567,40544.46000,0.0172993,40544.46000,0.4,40544.46000,0.29078,40544.46000,0,40544.46000,0,40544.46000,0,40544.46000,0,40544.46000,0,40544.46000,0,40544.46000,-0.0390124,40544.46000,0,40544.46000,0,40544.46000,0,40544.46000,0,40544.46000,0,40544.46000,0,40544.46000,0.0172993,40544.46000,0.0172993,40544.46000,0,40544.46000,4.40463e-05,40544.46000,4.40463e-05,40544.46000,0,40544.46000,4.40903e-05,40544.46000,4.40903e-05,40544.46000,0,40544.46000,0,40544.46000,0,40544.46000,0,40544.46000,2.09284e-06,40544.46000,2.09284e-06,40544.46000,0,40544.46000,0,40544.46000,0,40544.46000,0,40544.46000,0.324465,40544.46000,0.324465,40544.46000,0,40544.46000,0,40544.46000,0,40544.46000,0,40544.46000,0,40544.46000,0,40544.46000,10551.5,40544.46000,0,40544.46000,0,40544.46000,0,40544.46000,0,40544.46000,611,40544.46000,0,40544.46000,0,40544.46000,0
40544.47000,1,40544.47000,4.05734,40544.47000,0.0901631,40544.47000,-1.20984,40544.47000,0,40544.47000,0.0001,40544.47000,0.0001,40544.47000,-1.5999,40544.47000,0,40544.47000,0,40544.47000,0,40544.47000,0,40544.47000,0,40544.47000,0.863691,40544.47000,0.863691,40544.47000,0.863691,40544.47000,0,40544.47000,0,40544.47000,0,40544.47000,0,40544.47000,5,40544.47000,0.784176,40544.47000,19.4677,40544.47000,0,40544.47000,0,40544.47000,-1.20934,40544.47000,-1.20934,40544.47000,-1.20934,40544.47000,0.324462,40544.47000,60,40544.47000,100111,40544.47000,-3,40544.47000,0,40544.47000,0,40544.47000,0,40544.47000,0,40544.47000,0.000134826,40544.47000,6.7413e-08,40544.47000,6.7413e-08,40544.47000,0,40544.47000,0,40544.47000,0,40544.47000,0,40544.47000,0.01,40544.47000,0.957659,40544.47000,30.8144,40544.47000,0,40544.47000,0,40544.47000,-1.33979,40544.47000,-0.273124,40544.47000,-0.273124,40544.47000,0.385181,40544.47000,80,40544.47000,0,40544.47000,0,40544.47000,0.01,40544.47000,0.816384,40544.47000,26.8588,40544.47000,0,40544.47000,0,40544.47000,-2.63976,40544.47000,-1.00643,40544.47000,-1.00643,40544.47000,0.335734,40544.47000,80,40544.47000,0,40544.47000,0,40544.47000,0.01,40544.47000,0.873568,40544.47000,28.4599,40544.47000,0,40544.47000,0,40544.47000,-2.8893,40544.47000,-0.689304,40544.47000,-0.689304,40544.47000,0.355749,40544.47000,80,40544.47000,0,40544.47000,0,40544.47000,1.04618e-05,40544.47000,0.00104613,40544.47000,2.09226e-06,40544.47000,2.09226e-06,40544.47000,0,40544.47000,100711,40544.47000,-1.9,40544.47000,0.01,40544.47000,0.292457,40544.47000,0.4,40544.47000,5,40544.47000,0.00104613,40544.47000,4.40242e-05,40544.47000,0.3,40544.47000,0,40544.47000,0,40544.47000,0,40544.47000,0,40544.47000,0,40544.47000,0,40544.47000,-0.15005,40544.47000,0,40544.47000,0,40544.47000,0,40544.47000,4.38531e-05,40544.47000,0.115928,40544.47000,5,40544.47000,0.784176,40544.47000,0.0192349,40544.47000,0.3,40544.47000,0.29078,40544.47000,0.00191411,40544.47000,0.191411,40544.47000,0.957659,40544.47000,100,40544.47000,0.311034,40544.47000,0.00311034,40544.47000,1.62496,40544.47000,0.8,40544.47000,0.29078,40544.47000,0.000625141,40544.47000,0.0625141,40544.47000,0.873568,40544.47000,100,40544.47000,0.0195,40544.47000,0.000195,40544.47000,0.31193,40544.47000,0.8,40544.47000,0.29078,40544.47000,0,40544.47000,0.000625141,40544.47000,0.01,40544.47000,0.873568,40544.47000,0.0173001,40544.47000,0.4,40544.47000,0.29078,40544.47000,0,40544.47000,0,40544.47000,0,40544.47000,0,40544.47000,0,40544.47000,0,40544.47000,-0.0390063,40544.47000,0,40544.47000,0,40544.47000,0,40544.47000,0,40544.47000,0,40544.47000,0,40544.47000,0.0173001,40544.47000,0.0173001,40544.47000,0,40544.47000,4.40242e-05,40544.47000,4.40242e-05,40544.47000,0,40544.47000,4.38531e-05,40544.47000,4.38531e-05,40544.47000,0,40544.47000,0,40544.47000,0,40544.47000,0,40544.47000,2.09226e-06,40544.47000,2.09226e-06,40544.47000,0,40544.47000,0,40544.47000,0,40544.47000,0,40544.47000,0.324462,40544.47000,0.324462,40544.47000,0,40544.47000,0,40544.47000,0,40544.47000,0,40544.47000,0,40544.47000,0,40544.47000,10551.5,40544.47000,0,40544.47000,0,40544.47000,0,40544.47000,0,40544.47000,611,40544.47000,0,40544.47000,0,40544.47000,0
40544.48000,1,40544.48000,4.05462,40544.48000,0.0901026,40544.48000,-1.2099,40544.48000,0,40544.48000,0.0001,40544.48000,0.0001,40544.48000,-1.5999,40544.48000,0,40544.48000,0,40544.48000,0,40544.48000,0,40544.48000,0,40544.48000,0.863691,40544.48000,0.863691,40544.48000,0.863691,40544.48000,0,40544.48000,0,40544.48000,0,40544.48000,0,40544.48000,5,40544.48000,0.784167,40544.48000,19.4675,40544.48000,0,40544.48000,0,40544.48000,-1.2094,40544.48000,-1.2094,40544.48000,-1.2094,40544.48000,0.324458,40544.48000,60,40544.48000,100111,40544.48000,-3,40544.48000,0,40544.48000,0,40544.48000,0,40544.48000,0,40544.48000,0.000134394,40544.48000,6.7197e-08,40544.48000,6.7197e-08,40544.48000,0,40544.48000,0,40544.48000,0,40544.48000,0,40544.48000,0.01,40544.48000,0.957652,40544.48000,30.8143,40544.48000,0,40544.48000,0,40544.48000,-1.33983,40544.48000,-0.273157,40544.48000,-0.273157,40544.48000,0.385178,40544.48000,80,40544.48000,0,40544.48000,0,40544.48000,0.01,40544.48000,0.816488,40544.48000,26.8617,40544.48000,0,40544.48000,0,40544.48000,-2.63914,40544.48000,-1.00581,40544.48000,-1.00581,40544.48000,0.335771,40544.48000,80,40544.48000,0,40544.48000,0,40544.48000,0.01,40544.48000,0.873568,40544.48000,28.4599,40544.48000,0,40544.48000,0,40544.48000,-2.8893,40544.48000,-0.6893,40544.48000,-0.6893,40544.48000,0.355749,40544.48000,80,40544.48000,0,40544.48000,0,40544.48000,1.04562e-05,40544.48000,0.00104556,40544.48000,2.09112e-06,40544.48000,2.09112e-06,40544.48000,0,40544.48000,100711,40544.48000,-1.9,40544.48000,0.01,40544.48000,0.292375,40544.48000,0.4,40544.48000,5,40544.48000,0.00104556,40544.48000,4.39786e-05,40544.48000,0.3,40544.48000,0,40544.48000,0,40544.48000,0,40544.48000,0,40544.48000,0,40544.48000,0,40544.48000,-0.15005,40544.48000,0,40544.48000,0,40544.48000,0,40544.48000,4.3619e-05,40544.48000,0.115917,40544.48000,5,40544.48000,0.784167,40544.48000,0.0192338,40544.48000,0.3,40544.48000,0.29078,40544.48000,0.0019139,40544.48000,0.19139,40544.48000,0.957652,40544.48000,100,40544.48000,0.310844,40544.48000,0.00310844,40544.48000,1.62414,40544.48000,0.8,40544.48000,0.29078,40544.48000,0.000625147,40544.48000,0.0625147,40544.48000,0.873568,40544.48000,100,40544.48000,0.0195484,40544.48000,0.000195484,40544.48000,0.3127,40544.48000,0.8,40544.48000,0.29078,40544.48000,0,40544.48000,0.000625147,40544.48000,0.01,40544.48000,0.873568,40544.48000,0.0173009,40544.48000,0.4,40544.48000,0.29078,40544.48000,0,40544.48000,0,40544.48000,0,40544.48000,0,40544.48000,0,40544.48000,0,40544.48000,-0.0390003,40544.48000,0,40544.48000,0,40544.48000,0,40544.48000,0,40544.48000,0,40544.48000,0,40544.48000,0.0173009,40544.48000,0.0173009,40544.48000,0,40544.48000,4.39786e-05,40544.48000,4.39786e-05,40544.48000,0,40544.48000,4.3619e-05,40544.48000,4.3619e-05,40544.48000,0,40544.48000,0,40544.48000,0,40544.48000,0,40544.48000,2.09112e-06,40544.48000,2.09112e-06,40544.48000,0,40544.48000,0,40544.48000,0,40544.48000,0,40544.48000,0.324458,40544.48000,0.324458,40544.48000,0,40544.48000,0,40544.48000,0,40544.48000,0,40544.48000,0,40544.48000,0,40544.48000,10551.5,40544.48000,0,40544.48000,0,40544.48000,0,40544.48000,0,40544.48000,611,40544.48000,0,40544.48000,0,40544.48000,0
40544.49000,1,40544.49000,4.05189,40544.49000,0.0900421,40544.49000,-1.20996,40544.49000,0,40544.49000,0.0001,40544.49000,0.0001,40544.49000,-1.5999,40544.49000,0,40544.49000,0,40544.49000,0,40544.49000,0,40544.49000,0,40544.49000,0.863691,40544.49000,0.863691,40544.49000,0.863691,40544.49000,0,40544.49000,0,40544.49000,0,40544.49000,0,40544.49000,5,40544.49000,0.784158,40544.49000,19.4673,40544.49000,0,40544.49000,0,40544.49000,-1.20946,40544.49000,-1.20946,40544.49000,-1.20946,40544.49000,0.324455,40544.49000,60,40544.49000,100111,40544.49000,-3,40544.49000,0,40544.49000,0,40544.49000,0,40544.49000,0,40544.49000,0.000133968,40544.49000,6.69838e-08,40544.49000,6.69838e-08,40544.49000,0,40544.49000,0,40544.49000,0,40544.49000,0,40544.49000,0.01,40544.49000,0.957646,40544.49000,30.8141,40544.49000,0,40544.49000,0,40544.49000,-1.33986,40544.49000,-0.27319,40544.49000,-0.27319,40544.49000,0.385176,40544.49000,80,40544.49000,0,40544.49000,0,40544.49000,0.01,40544.49000,0.816591,40544.49000,26.8646,40544.49000,0,40544.49000,0,40544.49000,-2.63852,40544.49000,-1.00519,40544.49000,-1.00519,40544.49000,0.335807,40544.49000,80,40544.49000,0,40544.49000,0,40544.49000,0.01,40544.49000,0.873569,40544.49000,28.4599,40544.49000,0,40544.49000,0,40544.49000,-2.8893,40544.49000,-0.689295,40544.49000,-0.689295,40544.49000,0.355749,40544.49000,80,40544.49000,0,40544.49000,0,40544.49000,1.04468e-05,40544.49000,0.00104463,40544.49000,2.08925e-06,40544.49000,2.08925e-06,40544.49000,0,40544.49000,100711,40544.49000,-1.9,40544.49000,0.01,40544.49000,0.292292,40544.49000,0.4,40544.49000,5,40544.49000,0.00104463,40544.49000,4.39023e-05,40544.49000,0.3,40544.49000,0,40544.49000,0,40544.49000,0,40544.49000,0,40544.49000,0,40544.49000,0,40544.49000,-0.15005,40544.49000,0,40544.49000,0,40544.49000,0,40544.49000,4.33892e-05,40544.49000,0.115905,40544.49000,5,40544.49000,0.784158,40544.49000,0.0192315,40544.49000,0.3,40544.49000,0.29078,40544.49000,0.00191369,40544.49000,0.191369,40544.49000,0.957646,40544.49000,100,40544.49000,0.310655,40544.49000,0.00310655,40544.49000,1.62333,40544.49000,0.8,40544.49000,0.29078,40544.49000,0.000625153,40544.49000,0.0625153,40544.49000,0.873569,40544.49000,100,40544.49000,0.0195966,40544.49000,0.000195966,40544.49000,0.313468,40544.49000,0.8,40544.49000,0.29078,40544.49000,0,40544.49000,0.000625153,40544.49000,0.01,40544.49000,0.873569,40544.49000,0.0173018,40544.49000,0.4,40544.49000,0.29078,40544.49000,0,40544.49000,0,40544.49000,0,40544.49000,0,40544.49000,0,40544.49000,0,40544.49000,-0.0389942,40544.49000,0,40544.49000,0,40544.49000,0,40544.49000,0,40544.49000,0,40544.49000,0,40544.49000,0.0173018,40544.49000,0.0173018,40544.49000,0,40544.49000,4.39023e-05,40544.49000,4.39023e-05,40544.49000,0,40544.49000,4.33892e-05,40544.49000,4.33892e-05,40544.49000,0,40544.49000,0,40544.49000,0,40544.49000,0,40544.49000,2.08925e-06,40544.49000,2.08925e-06,40544.49000,0,40544.49000,0,40544.49000,0,40544.49000,0,40544.49000,0.324455,40544.49000,0.324455,40544.49000,0,40544.49000,0,40544.49000,0,40544.49000,0,40544.49000,0,40544.49000,0,40544.49000,10551.5,40544.49000,0,40544.49000,0,40544.49000,0,40544.49000,0,40544.49000,611,40544.49000,0,40544.49000,0,40544.49000,0
40544.50000,1,40544.50000,4.04917,40544.50000,0.0899816,40544.50000,-1.21002,40544.50000,0,40544.50000,0.0001,40544.50000,0.0001,40544.50000,-1.5999,40544.50000,0,40544.50000,0,40544.50000,0,40544.50000,0,40544.50000,0,40544.50000,0.863691,40544.50000,0.863691,40544.50000,0.863691,40544.50000,0,40544.50000,0,40544.50000,0,40544.50000,0,40544.50000,5,40544.50000,0.784149,40544.50000,19.4671,40544.50000,0,40544.50000,0,40544.50000,-1.20952,40544.50000,-1.20952,40544.50000,-1.20952,40544.50000,0.324452,40544.50000,60,40544.50000,100111,40544.50000,-3,40544.50000,0,40544.50000,0,40544.50000,0,40544.50000,0,40544.50000,0.000133541,40544.50000,6.67705e-08,40544.50000,6.67705e-08,40544.50000,0,40544.50000,0,40544.50000,0,40544.50000,0,40544.50000,0.01,40544.50000,0.957639,40544.50000,30.8139,40544.50000,0,40544.50000,0,40544.50000,-1.33989,40544.50000,-0.273222,40544.50000,-0.273222,40544.50000,0.385174,40544.50000,80,40544.50000,0,40544.50000,0,40544.50000,0.01,40544.50000,0.816695,40544.50000,26.8675,40544.50000,0,40544.50000,0,40544.50000,-2.6379,40544.50000,-1.00457,40544.50000,-1.00457,40544.50000,0.335843,40544.50000,80,40544.50000,0,40544.50000,0,40544.50000,0.01,40544.50000,0.87357,40544.50000,28.46,40544.50000,0,40544.50000,0,40544.50000,-2.88929,40544.50000,-0.689291,40544.50000,-0.689291,40544.50000,0.35575,40544.50000,80,40544.50000,0,40544.50000,0,40544.50000,1.04374e-05,40544.50000,0.00104369,40544.50000,2.08738e-06,40544.50000,2.08738e-06,40544.50000,0,40544.50000,100711,40544.50000,-1.9,40544.50000,0.01,40544.50000,0.29221,40544.50000,0.4,40544.50000,5,40544.50000,0.00104369,40544.50000,4.38259e-05,40544.50000,0.3,40544.50000,0,40544.50000,0,40544.50000,0,40544.50000,0,40544.50000,0,40544.50000,0,40544.50000,-0.15005,40544.50000,0,40544.50000,0,40544.50000,0,40544.50000,4.31593e-05,40544.50000,0.115894,40544.50000,5,40544.50000,0.784149,40544.50000,0.0192292,40544.50000,0.3,40544.50000,0.29078,40544.50000,0.00191349,40544.50000,0.191349,40544.50000,0.957639,40544.50000,100,40544.50000,0.310466,40544.50000,0.00310466,40544.50000,1.62251,40544.50000,0.8,40544.50000,0.29078,40544.50000,0.000625159,40544.50000,0.0625159,40544.50000,0.87357,40544.50000,100,40544.50000,0.0196448,40544.50000,0.000196448,40544.50000,0.314236,40544.50000,0.8,40544.50000,0.29078,40544.50000,0,40544.50000,0.000625159,40544.50000,0.01,40544.50000,0.87357,40544.50000,0.0173027,40544.50000,0.4,40544.50000,0.29078,40544.50000,0,40544.50000,0,40544.50000,0,40544.50000,0,40544.50000,0,40544.50000,0,40544.50000,-0.0389882,40544.50000,0,40544.50000,0,40544.50000,0,40544.50000,0,40544.50000,0,40544.50000,0,40544.50000,0.0173027,40544.50000,0.0173027,40544.50000,0,40544.50000,4.38259e-05,40544.50000,4.38259e-05,40544.50000,0,40544.50000,4.31593e-05,40544.50000,4.31593e-05,40544.50000,0,40544.50000,0,40544.50000,0,40544.50000,0,40544.50000,2.08738e-06,40544.50000,2.08738e-06,40544.50000,0,40544.50000,0,40544.50000,0,40544.50000,0,40544.50000,0.324452,40544.50000,0.324452,40544.50000,0,40544.50000,0,40544.50000,0,40544.50000,0,40544.50000,0,40544.50000,0,40544.50000,10551.5,40544.50000,0,40544.50000,0,40544.50000,0,40544.50000,0,40544.50000,611,40544.50000,0,40544.50000,0,40544.50000,0
40544.51000,1,40544.51000,4.04645,40544.51000,0.0899211,40544.51000,-1.21008,40544.51000,0,40544.51000,0.0001,40544.51000,0.0001,40544.51000,-1.5999,40544.51000,0,40544.51000,0,40544.51000,0,40544.51000,0,40544.51000,0,40544.51000,0.863691,40544.51000,0.863691,40544.51000,0.863691,40544.51000,0,40544.51000,0,40544.51000,0,40544.51000,0,40544.51000,5,40544.51000,0.78414,40544.51000,19.4669,40544.51000,0,40544.51000,0,40544.51000,-1.20958,40544.51000,-1.20958,40544.51000,-1.20958,40544.51000,0.324449,40544.51000,60,40544.51000,100111,40544.51000,-3,40544.51000,0,40544.51000,0,40544.51000,0,40544.51000,0,40544.51000,0.000133115,40544.51000,6.65573e-08,40544.51000,6.65573e-08,40544.51000,0,40544.51000,0,40544.51000,0,40544.51000,0,40544.51000,0.01,40544.51000,0.957633,40544.51000,30.8137,40544.51000,0,40544.51000,0,40544.51000,-1.33992,40544.51000,-0.273254,40544.51000,-0.273254,40544.51000,0.385172,40544.51000,80,40544.51000,0,40544.51000,0,40544.51000,0.01,40544.51000,0.816798,40544.51000,26.8703,40544.51000,0,40544.51000,0,40544.51000,-2.63728,40544.51000,-1.00395,40544.51000,-1.00395,40544.51000,0.335879,40544.51000,80,40544.51000,0,40544.51000,0,40544.51000,0.01,40544.51000,0.873571,40544.51000,28.46,40544.51000,0,40544.51000,0,40544.51000,-2.88929,40544.51000,-0.689286,40544.51000,-0.689286,40544.51000,0.35575,40544.51000,80,40544.51000,0,40544.51000,0,40544.51000,1.04281e-05,40544.51000,0.00104275,40544.51000,2.08551e-06,40544.51000,2.08551e-06,40544.51000,0,40544.51000,100711,40544.51000,-1.9,40544.51000,0.01,40544.51000,0.292127,40544.51000,0.4,40544.51000,5,40544.51000,0.00104275,40544.51000,4.37496e-05,40544.51000,0.3,40544.51000,0,40544.51000,0,40544.51000,0,40544.51000,0,40544.51000,0,40544.51000,0,40544.51000,-0.15005,40544.51000,0,40544.51000,0,40544.51000,0,40544.51000,4.29294e-05,40544.51000,0.115882,40544.51000,5,40544.51000,0.78414,40544.51000,0.0192268,40544.51000,0.3,40544.51000,0.29078,40544.51000,0.00191328,40544.51000,0.191328,40544.51000,0.957633,40544.51000,100,40544.51000,0.310276,40544.51000,0.00310276,40544.51000,1.6217,40544.51000,0.8,40544.51000,0.29078,40544.51000,0.000625165,40544.51000,0.0625165,40544.51000,0.873571,40544.51000,100,40544.51000,0.019693,40544.51000,0.00019693,40544.51000,0.315004,40544.51000,0.8,40544.51000,0.29078,40544.51000,0,40544.51000,0.000625165,40544.51000,0.01,40544.51000,0.873571,40544.51000,0.0173036,40544.51000,0.4,40544.51000,0.29078,40544.51000,0,40544.51000,0,40544.51000,0,40544.51000,0,40544.51000,0,40544.51000,0,40544.51000,-0.0389821,40544.51000,0,40544.51000,0,40544.51000,0,40544.51000,0,40544.51000,0,40544.51000,0,40544.51000,0.0173036,40544.51000,0.0173036,40544.51000,0,40544.51000,4.37496e-05,40544.51000,4.37496e-05,40544.51000,0,40544.51000,4.29294e-05,40544.51000,4.29294e-05,40544.51000,0,40544.51000,0,40544.51000,0,40544.51000,0,40544.51000,2.08551e-06,40544.51000,2.08551e-06,40544.51000,0,40544.51000,0,40544.51000,0,40544.51000,0,40544.51000,0.324449,40544.51000,0.324449,40544.51000,0,40544.51000,0,40544.51000,0,40544.51000,0,40544.51000,0,40544.51000,0,40544.51000,10551.5,40544.51000,0,40544.51000,0,40544.51000,0,40544.51000,0,40544.51000,611,40544.51000,0,40544.51000,0,40544.51000,0
40544.52000,1,40544.52000,4.04373,40544.52000,0.0898607,40544.52000,-1.21014,40544.52000,0,40544.52000,0.0001,40544.52000,0.0001,40544.52000,-1.5999,40544.52000,0,40544.52000,0,40544.52000,0,40544.52000,0,40544.52000,0,40544.52000,0.863691,40544.52000,0.863691,40544.52000,0.863691,40544.52000,0,40544.52000,0,40544.52000,0,40544.52000,0,40544.52000,5,40544.52000,0.784131,40544.52000,19.4667,40544.52000,0,40544.52000,0,40544.52000,-1.20964,40544.52000,-1.20964,40544.52000,-1.20964,40544.52000,0.324446,40544.52000,60,40544.52000,100111,40544.52000,-3,40544.52000,0,40544.52000,0,40544.52000,0,40544.52000,0,40544.52000,0.00013269,40544.52000,6.63451e-08,40544.52000,6.63451e-08,40544.52000,0,40544.52000,0,40544.52000,0,40544.52000,0,40544.52000,0.01,40544.52000,0.957627,40544.52000,30.8135,40544.52000,0,40544.52000,0,40544.52000,-1.33996,40544.52000,-0.273287,40544.52000,-0.273287,40544.52000,0.385169,40544.52000,80,40544.52000,0,40544.52000,0,40544.52000,0.01,40544.52000,0.816901,40544.52000,26.8732,40544.52000,0,40544.52000,0,40544.52000,-2.63667,40544.52000,-1.00334,40544.52000,-1.00334,40544.52000,0.335916,40544.52000,80,40544.52000,0,40544.52000,0,40544.52000,0.01,40544.52000,0.873572,40544.52000,28.46,40544.52000,0,40544.52000,0,40544.52000,-2.88928,40544.52000,-0.689282,40544.52000,-0.689282,40544.52000,0.35575,40544.52000,80,40544.52000,0,40544.52000,0,40544.52000,1.04177e-05,40544.52000,0.00104172,40544.52000,2.08344e-06,40544.52000,2.08344e-06,40544.52000,0,40544.52000,100711,40544.52000,-1.9,40544.52000,0.01,40544.52000,0.292044,40544.52000,0.4,40544.52000,5,40544.52000,0.00104172,40544.52000,4.36649e-05,40544.52000,0.3,40544.52000,0,40544.52000,0,40544.52000,0,40544.52000,0,40544.52000,0,40544.52000,0,40544.52000,-0.15005,40544.52000,0,40544.52000,0,40544.52000,0,40544.52000,4.27011e-05,40544.52000,0.115871,40544.52000,5,40544.52000,0.784131,40544.52000,0.0192242,40544.52000,0.3,40544.52000,0.29078,40544.52000,0.00191307,40544.52000,0.191307,40544.52000,0.957627,40544.52000,100,40544.52000,0.310088,40544.52000,0.00310088,40544.52000,1.62089,40544.52000,0.8,40544.52000,0.29078,40544.52000,0.000625172,40544.52000,0.0625172,40544.52000,0.873572,40544.52000,100,40544.52000,0.0197411,40544.52000,0.000197411,40544.52000,0.315771,40544.52000,0.8,40544.52000,0.29078,40544.52000,0,40544.52000,0.000625172,40544.52000,0.01,40544.52000,0.873572,40544.52000,0.0173044,40544.52000,0.4,40544.52000,0.29078,40544.52000,0,40544.52000,0,40544.52000,0,40544.52000,0,40544.52000,0,40544.52000,0,40544.52000,-0.0389761,40544.52000,0,40544.52000,0,40544.52000,0,40544.52000,0,40544.52000,0,40544.52000,0,40544.52000,0.0173044,40544.52000,0.0173044,40544.52000,0,40544.52000,4.36649e-05,40544.52000,4.36649e-05,40544.52000,0,40544.52000,4.27011e-05,40544.52000,4.27011e-05,40544.52000,0,40544.52000,0,40544.52000,0,40544.52000,0,40544.52000,2.08344e-06,40544.52000,2.08344e-06,40544.52000,0,40544.52000,0,40544.52000,0,40544.52000,0,40544.52000,0.324446,40544.52000,0.324446,40544.52000,0,40544.52000,0,40544.52000,0,40544.52000,0,40544.52000,0,40544.52000,0,40544.52000,10551.5,40544.52000,0,40544.52000,0,40544.52000,0,40544.52000,0,40544.52000,611,40544.52000,0,40544.52000,0,40544.52000,0
40544.53000,1,40544.53000,4.04101,40544.53000,0.0898003,40544.53000,-1.2102,40544.53000,0,40544.53000,0.0001,40544.53000,0.0001,40544.53000,-1.5999,40544.53000,0,40544.53000,0,40544.53000,0,40544.53000,0,40544.53000,0,40544.53000,0.863691,40544.53000,0.863691,40544.53000,0.863691,40544.53000,0,40544.53000,0,40544.53000,0,40544.53000,0,40544.53000,5,40544.53000,0.784122,40544.53000,19.4666,40544.53000,0,40544.53000,0,40544.53000,-1.2097,40544.53000,-1.2097,40544.53000,-1.2097,40544.53000,0.324443,40544.53000,60,40544.53000,100111,40544.53000,-3,40544.53000,0,40544.53000,0,40544.53000,0,40544.53000,0,40544.53000,0.000132273,40544.53000,6.61365e-08,40544.53000,6.61365e-08,40544.53000,0,40544.53000,0,40544.53000,0,40544.53000,0,40544.53000,0.01,40544.53000,0.95762,40544.53000,30.8134,40544.53000,0,40544.53000,0,40544.53000,-1.33999,40544.53000,-0.273318,40544.53000,-0.273318,40544.53000,0.385167,40544.53000,80,40544.53000,0,40544.53000,0,40544.53000,0.01,40544.53000,0.817005,40544.53000,26.8761,40544.53000,0,40544.53000,0,40544.53000,-2.63605,40544.53000,-1.00272,40544.53000,-1.00272,40544.53000,0.335952,40544.53000,80,40544.53000,0,40544.53000,0,40544.53000,0.01,40544.53000,0.873573,40544.53000,28.46,40544.53000,0,40544.53000,0,40544.53000,-2.88928,40544.53000,-0.689277,40544.53000,-0.689277,40544.53000,0.35575,40544.53000,80,40544.53000,0,40544.53000,0,40544.53000,1.04038e-05,40544.53000,0.00104032,40544.53000,2.08065e-06,40544.53000,2.08065e-06,40544.53000,0,40544.53000,100711,40544.53000,-1.9,40544.53000,0.01,40544.53000,0.291959,40544.53000,0.4,40544.53000,5,40544.53000,0.00104032,40544.53000,4.35507e-05,40544.53000,0.3,40544.53000,0,40544.53000,0,40544.53000,0,40544.53000,0,40544.53000,0,40544.53000,0,40544.53000,-0.15005,40544.53000,0,40544.53000,0,40544.53000,0,40544.53000,4.24782e-05,40544.53000,0.11586,40544.53000,5,40544.53000,0.784122,40544.53000,0.0192205,40544.53000,0.3,40544.53000,0.29078,40544.53000,0.00191287,40544.53000,0.191287,40544.53000,0.95762,40544.53000,100,40544.53000,0.3099,40544.53000,0.003099,40544.53000,1.62008,40544.53000,0.8,40544.53000,0.29078,40544.53000,0.000625178,40544.53000,0.0625178,40544.53000,0.873573,40544.53000,100,40544.53000,0.0197891,40544.53000,0.000197891,40544.53000,0.316535,40544.53000,0.8,40544.53000,0.29078,40544.53000,0,40544.53000,0.000625178,40544.53000,0.01,40544.53000,0.873573,40544.53000,0.0173054,40544.53000,0.4,40544.53000,0.29078,40544.53000,0,40544.53000,0,40544.53000,0,40544.53000,0,40544.53000,0,40544.53000,0,40544.53000,-0.03897,40544.53000,0,40544.53000,0,40544.53000,0,40544.53000,0,40544.53000,0,40544.53000,0,40544.53000,0.0173054,40544.53000,0.0173054,40544.53000,0,40544.53000,4.35507e-05,40544.53000,4.35507e-05,40544.53000,0,40544.53000,4.24782e-05,40544.53000,4.24782e-05,40544.53000,0,40544.53000,0,40544.53000,0,40544.53000,0,40544.53000,2.08065e-06,40544.53000,2.08065e-06,40544.53000,0,40544.53000,0,40544.53000,0,40544.53000,0,40544.53000,0.324443,40544.53000,0.324443,40544.53000,0,40544.53000,0,40544.53000,0,40544.53000,0,40544.53000,0,40544.53000,0,40544.53000,10551.5,40544.53000,0,40544.53000,0,40544.53000,0,40544.53000,0,40544.53000,611,40544.53000,0,40544.53000,0,40544.53000,0
40544.54000,1,40544.54000,4.0383,40544.54000,0.0897399,40544.54000,-1.21026,40544.54000,0,40544.54000,0.0001,40544.54000,0.0001,40544.54000,-1.5999,40544.54000,0,40544.54000,0,40544.54000,0,40544.54000,0,40544.54000,0,40544.54000,0.863691,40544.54000,0.863691,40544.54000,0.863691,40544.54000,0,40544.54000,0,40544.54000,0,40544.54000,0,40544.54000,5,40544.54000,0.784112,40544.54000,19.4664,40544.54000,0,40544.54000,0,40544.54000,-1.20976,40544.54000,-1.20976,40544.54000,-1.20976,40544.54000,0.324439,40544.54000,60,40544.54000,100111,40544.54000,-3,40544.54000,0,40544.54000,0,40544.54000,0,40544.54000,0,40544.54000,0.000131856,40544.54000,6.5928e-08,40544.54000,6.5928e-08,40544.54000,0,40544.54000,0,40544.54000,0,40544.54000,0,40544.54000,0.01,40544.54000,0.957614,40544.54000,30.8132,40544.54000,0,40544.54000,0,40544.54000,-1.34002,40544.54000,-0.27335,40544.54000,-0.27335,40544.54000,0.385165,40544.54000,80,40544.54000,0,40544.54000,0,40544.54000,0.01,40544.54000,0.817108,40544.54000,26.879,40544.54000,0,40544.54000,0,40544.54000,-2.63543,40544.54000,-1.0021,40544.54000,-1.0021,40544.54000,0.335988,40544.54000,80,40544.54000,0,40544.54000,0,40544.54000,0.01,40544.54000,0.873574,40544.54000,28.4601,40544.54000,0,40544.54000,0,40544.54000,-2.88927,40544.54000,-0.689272,40544.54000,-0.689272,40544.54000,0.355751,40544.54000,80,40544.54000,0,40544.54000,0,40544.54000,1.03898e-05,40544.54000,0.00103893,40544.54000,2.07786e-06,40544.54000,2.07786e-06,40544.54000,0,40544.54000,100711,40544.54000,-1.9,40544.54000,0.01,40544.54000,0.291875,40544.54000,0.4,40544.54000,5,40544.54000,0.00103893,40544.54000,4.34364e-05,40544.54000,0.3,40544.54000,0,40544.54000,0,40544.54000,0,40544.54000,0,40544.54000,0,40544.54000,0,40544.54000,-0.15005,40544.54000,0,40544.54000,0,40544.54000,0,40544.54000,4.22554e-05,40544.54000,0.115848,40544.54000,5,40544.54000,0.784112,40544.54000,0.0192168,40544.54000,0.3,40544.54000,0.29078,40544.54000,0.00191267,40544.54000,0.191267,40544.54000,0.957614,40544.54000,100,40544.54000,0.309713,40544.54000,0.00309713,40544.54000,1.61927,40544.54000,0.8,40544.54000,0.29078,40544.54000,0.000625185,40544.54000,0.0625185,40544.54000,0.873574,40544.54000,100,40544.54000,0.019837,40544.54000,0.00019837,40544.54000,0.317299,40544.54000,0.8,40544.54000,0.29078,40544.54000,0,40544.54000,0.000625185,40544.54000,0.01,40544.54000,0.873574,40544.54000,0.0173063,40544.54000,0.4,40544.54000,0.29078,40544.54000,0,40544.54000,0,40544.54000,0,40544.54000,0,40544.54000,0,40544.54000,0,40544.54000,-0.038964,40544.54000,0,40544.54000,0,40544.54000,0,40544.54000,0,40544.54000,0,40544.54000,0,40544.54000,0.0173063,40544.54000,0.0173063,40544.54000,0,40544.54000,4.34364e-05,40544.54000,4.34364e-05,40544.54000,0,40544.54000,4.22554e-05,40544.54000,4.22554e-05,40544.54000,0,40544.54000,0,40544.54000,0,40544.54000,0,40544.54000,2.07786e-06,40544.54000,2.07786e-06,40544.54000,0,40544.54000,0,40544.54000,0,40544.54000,0,40544.54000,0.324439,40544.54000,0.324439,40544.54000,0,40544.54000,0,40544.54000,0,40544.54000,0,40544.54000,0,40544.54000,0,40544.54000,10551.5,40544.54000,0,40544.54000,0,40544.54000,0,40544.54000,0,40544.54000,611,40544.54000,0,40544.54000,0,40544.54000,0
40544.55000,1,40544.55000,4.03558,40544.55000,0.0896795,40544.55000,-1.21032,40544.55000,0,40544.55000,0.0001,40544.55000,0.0001,40544.55000,-1.5999,40544.55000,0,40544.55000,0,40544.55000,0,40544.55000,0,40544.55000,0,40544.55000,0.863691,40544.55000,0.863691,40544.55000,0.863691,40544.55000,0,40544.55000,0,40544.55000,0,40544.55000,0,40544.55000,5,40544.55000,0.784103,40544.55000,19.4662,40544.55000,0,40544.55000,0,40544.55000,-1.20982,40544.55000,-1.20982,40544.55000,-1.20982,40544.55000,0.324436,40544.55000,60,40544.55000,100111,40544.55000,-3,40544.55000,0,40544.55000,0,40544.55000,0,40544.55000,0,40544.55000,0.000131439,40544.55000,6.57194e-08,40544.55000,6.57194e-08,40544.55000,0,40544.55000,0,40544.55000,0,40544.55000,0,40544.55000,0.01,40544.55000,0.957608,40544.55000,30.813,40544.55000,0,40544.55000,0,40544.55000,-1.34005,40544.55000,-0.273381,40544.55000,-0.273381,40544.55000,0.385163,40544.55000,80,40544.55000,0,40544.55000,0,40544.55000,0.01,40544.55000,0.817211,40544.55000,26.8819,40544.55000,0,40544.55000,0,40544.55000,-2.63482,40544.55000,-1.00149,40544.55000,-1.00149,40544.55000,0.336024,40544.55000,80,40544.55000,0,40544.55000,0,40544.55000,0.01,40544.55000,0.873575,40544.55000,28.4601,40544.55000,0,40544.55000,0,40544.55000,-2.88927,40544.55000,-0.689267,40544.55000,-0.689267,40544.55000,0.355751,40544.55000,80,40544.55000,0,40544.55000,0,40544.55000,1.03759e-05,40544.55000,0.00103754,40544.55000,2.07507e-06,40544.55000,2.07507e-06,40544.55000,0,40544.55000,100711,40544.55000,-1.9,40544.55000,0.01,40544.55000,0.29179,40544.55000,0.4,40544.55000,5,40544.55000,0.00103754,40544.55000,4.33222e-05,40544.55000,0.3,40544.55000,0,40544.55000,0,40544.55000,0,40544.55000,0,40544.55000,0,40544.55000,0,40544.55000,-0.15005,40544.55000,0,40544.55000,0,40544.55000,0,40544.55000,4.20326e-05,40544.55000,0.115837,40544.55000,5,40544.55000,0.784103,40544.55000,0.0192131,40544.55000,0.3,40544.55000,0.29078,40544.55000,0.00191247,40544.55000,0.191247,40544.55000,0.957608,40544.55000,100,40544.55000,0.309525,40544.55000,0.00309525,40544.55000,1.61846,40544.55000,0.8,40544.55000,0.29078,40544.55000,0.000625192,40544.55000,0.0625192,40544.55000,0.873575,40544.55000,100,40544.55000,0.019885,40544.55000,0.00019885,40544.55000,0.318062,40544.55000,0.8,40544.55000,0.29078,40544.55000,0,40544.55000,0.000625192,40544.55000,0.01,40544.55000,0.873575,40544.55000,0.0173073,40544.55000,0.4,40544.55000,0.29078,40544.55000,0,40544.55000,0,40544.55000,0,40544.55000,0,40544.55000,0,40544.55000,0,40544.55000,-0.0389579,40544.55000,0,40544.55000,0,40544.55000,0,40544.55000,0,40544.55000,0,40544.55000,0,40544.55000,0.0173073,40544.55000,0.0173073,40544.55000,0,40544.55000,4.33222e-05,40544.55000,4.33222e-05,40544.55000,0,40544.55000,4.20326e-05,40544.55000,4.20326e-05,40544.55000,0,40544.55000,0,40544.55000,0,40544.55000,0,40544.55000,2.07507e-06,40544.55000,2.07507e-06,40544.55000,0,40544.55000,0,40544.55000,0,40544.55000,0,40544.55000,0.324436,40544.55000,0.324436,40544.55000,0,40544.55000,0,40544.55000,0,40544.55000,0,40544.55000,0,40544.55000,0,40544.55000,10551.5,40544.55000,0,40544.55000,0,40544.55000,0,40544.55000,0,40544.55000,611,40544.55000,0,40544.55000,0,40544.55000,0
40544.56000,1,40544.56000,4.03286,40544.56000,0.0896191,40544.56000,-1.21038,40544.56000,0,40544.56000,0.0001,40544.56000,0.0001,40544.56000,-1.5999,40544.56000,0,40544.56000,0,40544.56000,0,40544.56000,0,40544.56000,0,40544.56000,0.863691,40544.56000,0.863691,40544.56000,0.863691,40544.56000,0,40544.56000,0,40544.56000,0,40544.56000,0,40544.56000,5,40544.56000,0.784094,40544.56000,19.466,40544.56000,0,40544.56000,0,40544.56000,-1.20988,40544.56000,-1.20988,40544.56000,-1.20988,40544.56000,0.324433,40544.56000,60,40544.56000,100111,40544.56000,-3,40544.56000,0,40544.56000,0,40544.56000,0,40544.56000,0,40544.56000,0.000131022,40544.56000,6.55109e-08,40544.56000,6.55109e-08,40544.56000,0,40544.56000,0,40544.56000,0,40544.56000,0,40544.56000,0.01,40544.56000,0.957601,40544.56000,30.8128,40544.56000,0,40544.56000,0,40544.56000,-1.34008,40544.56000,-0.273413,40544.56000,-0.273413,40544.56000,0.38516,40544.56000,80,40544.56000,0,40544.56000,0,40544.56000,0.01,40544.56000,0.817314,40544.56000,26.8848,40544.56000,0,40544.56000,0,40544.56000,-2.6342,40544.56000,-1.00087,40544.56000,-1.00087,40544.56000,0.33606,40544.56000,80,40544.56000,0,40544.56000,0,40544.56000,0.01,40544.56000,0.873576,40544.56000,28.4601,40544.56000,0,40544.56000,0,40544.56000,-2.88926,40544.56000,-0.689263,40544.56000,-0.689263,40544.56000,0.355751,40544.56000,80,40544.56000,0,40544.56000,0,40544.56000,1.0362e-05,40544.56000,0.00103614,40544.56000,2.07228e-06,40544.56000,2.07228e-06,40544.56000,0,40544.56000,100711,40544.56000,-1.9,40544.56000,0.01,40544.56000,0.291706,40544.56000,0.4,40544.56000,5,40544.56000,0.00103614,40544.56000,4.32078e-05,40544.56000,0.3,40544.56000,0,40544.56000,0,40544.56000,0,40544.56000,0,40544.56000,0,40544.56000,0,40544.56000,-0.15005,40544.56000,0,40544.56000,0,40544.56000,0,40544.56000,4.18097e-05,40544.56000,0.115825,40544.56000,5,40544.56000,0.784094,40544.56000,0.0192094,40544.56000,0.3,40544.56000,0.29078,40544.56000,0.00191227,40544.56000,0.191227,40544.56000,0.957601,40544.56000,100,40544.56000,0.309338,40544.56000,0.00309338,40544.56000,1.61765,40544.56000,0.8,40544.56000,0.29078,40544.56000,0.000625199,40544.56000,0.0625199,40544.56000,0.873576,40544.56000,100,40544.56000,0.019933,40544.56000,0.00019933,40544.56000,0.318826,40544.56000,0.8,40544.56000,0.29078,40544.56000,0,40544.56000,0.000625199,40544.56000,0.01,40544.56000,0.873576,40544.56000,0.0173082,40544.56000,0.4,40544.56000,0.29078,40544.56000,0,40544.56000,0,40544.56000,0,40544.56000,0,40544.56000,0,40544.56000,0,40544.56000,-0.0389519,40544.56000,0,40544.56000,0,40544.56000,0,40544.56000,0,40544.56000,0,40544.56000,0,40544.56000,0.0173082,40544.56000,0.0173082,40544.56000,0,40544.56000,4.32078e-05,40544.56000,4.32078e-05,40544.56000,0,40544.56000,4.18097e-05,40544.56000,4.18097e-05,40544.56000,0,40544.56000,0,40544.56000,0,40544.56000,0,40544.56000,2.07228e-06,40544.56000,2.07228e-06,40544.56000,0,40544.56000,0,40544.56000,0,40544.56000,0,40544.56000,0.324433,40544.56000,0.324433,40544.56000,0,40544.56000,0,40544.56000,0,40544.56000,0,40544.56000,0,40544.56000,0,40544.56000,10551.5,40544.56000,0,40544.56000,0,40544.56000,0,40544.56000,0,40544.56000,611,40544.56000,0,40544.56000,0,40544.56000,0
40544.57000,1,40544.57000,4.03014,40544.57000,0.0895588,40544.57000,-1.21044,40544.57000,0,40544.57000,0.0001,40544.57000,0.0001,40544.57000,-1.5999,40544.57000,0,40544.57000,0,40544.57000,0,40544.57000,0,40544.57000,0,40544.57000,0.863691,40544.57000,0.863691,40544.57000,0.863691,40544.57000,0,40544.57000,0,40544.57000,0,40544.57000,0,40544.57000,5,40544.57000,0.784085,40544.57000,19.4658,40544.57000,0,40544.57000,0,40544.57000,-1.20994,40544.57000,-1.20994,40544.57000,-1.20994,40544.57000,0.32443,40544.57000,60,40544.57000,100111,40544.57000,-3,40544.57000,0,40544.57000,0,40544.57000,0,40544.57000,0,40544.57000,0.000130614,40544.57000,6.53068e-08,40544.57000,6.53068e-08,40544.57000,0,40544.57000,0,40544.57000,0,40544.57000,0,40544.57000,0.01,40544.57000,0.957595,40544.57000,30.8127,40544.57000,0,40544.57000,0,40544.57000,-1.34011,40544.57000,-0.273444,40544.57000,-0.273444,40544.57000,0.385158,40544.57000,80,40544.57000,0,40544.57000,0,40544.57000,0.01,40544.57000,0.817417,40544.57000,26.8877,40544.57000,0,40544.57000,0,40544.57000,-2.63359,40544.57000,-1.00026,40544.57000,-1.00026,40544.57000,0.336096,40544.57000,80,40544.57000,0,40544.57000,0,40544.57000,0.01,40544.57000,0.873577,40544.57000,28.4601,40544.57000,0,40544.57000,0,40544.57000,-2.88926,40544.57000,-0.689257,40544.57000,-0.689257,40544.57000,0.355752,40544.57000,80,40544.57000,0,40544.57000,0,40544.57000,1.03448e-05,40544.57000,0.00103443,40544.57000,2.06886e-06,40544.57000,2.06886e-06,40544.57000,0,40544.57000,100711,40544.57000,-1.9,40544.57000,0.01,40544.57000,0.29162,40544.57000,0.4,40544.57000,5,40544.57000,0.00103443,40544.57000,4.30677e-05,40544.57000,0.3,40544.57000,0,40544.57000,0,40544.57000,0,40544.57000,0,40544.57000,0,40544.57000,0,40544.57000,-0.15005,40544.57000,0,40544.57000,0,40544.57000,0,40544.57000,4.15937e-05,40544.57000,0.115814,40544.57000,5,40544.57000,0.784085,40544.57000,0.0192048,40544.57000,0.3,40544.57000,0.29078,40544.57000,0.00191207,40544.57000,0.191207,40544.57000,0.957595,40544.57000,100,40544.57000,0.309153,40544.57000,0.00309153,40544.57000,1.61684,40544.57000,0.8,40544.57000,0.29078,40544.57000,0.000625206,40544.57000,0.0625206,40544.57000,0.873577,40544.57000,100,40544.57000,0.0199807,40544.57000,0.000199807,40544.57000,0.319586,40544.57000,0.8,40544.57000,0.29078,40544.57000,0,40544.57000,0.000625206,40544.57000,0.01,40544.57000,0.873577,40544.57000,0.0173092,40544.57000,0.4,40544.57000,0.29078,40544.57000,0,40544.57000,0,40544.57000,0,40544.57000,0,40544.57000,0,40544.57000,0,40544.57000,-0.0389459,40544.57000,0,40544.57000,0,40544.57000,0,40544.57000,0,40544.57000,0,40544.57000,0,40544.57000,0.0173092,40544.57000,0.0173092,40544.57000,0,40544.57000,4.30677e-05,40544.57000,4.30677e-05,40544.57000,0,40544.57000,4.15937e-05,40544.57000,4.15937e-05,40544.57000,0,40544.57000,0,40544.57000,0,40544.57000,0,40544.57000,2.06886e-06,40544.57000,2.06886e-06,40544.57000,0,40544.57000,0,40544.57000,0,40544.57000,0,40544.57000,0.32443,40544.57000,0.32443,40544.57000,0,40544.57000,0,40544.57000,0,40544.57000,0,40544.57000,0,40544.57000,0,40544.57000,10551.5,40544.57000,0,40544.57000,0,40544.57000,0,40544.57000,0,40544.57000,611,40544.57000,0,40544.57000,0,40544.57000,0
40544.58000,1,40544.58000,4.02743,40544.58000,0.0894984,40544.58000,-1.2105,40544.58000,0,40544.58000,0.0001,40544.58000,0.0001,40544.58000,-1.5999,40544.58000,0,40544.58000,0,40544.58000,0,40544.58000,0,40544.58000,0,40544.58000,0.863691,40544.58000,0.863691,40544.58000,0.863691,40544.58000,0,40544.58000,0,40544.58000,0,40544.58000,0,40544.58000,5,40544.58000,0.784076,40544.58000,19.4656,40544.58000,0,40544.58000,0,40544.58000,-1.21,40544.58000,-1.21,40544.58000,-1.21,40544.58000,0.324427,40544.58000,60,40544.58000,100111,40544.58000,-3,40544.58000,0,40544.58000,0,40544.58000,0,40544.58000,0,40544.58000,0.000130206,40544.58000,6.51028e-08,40544.58000,6.51028e-08,40544.58000,0,40544.58000,0,40544.58000,0,40544.58000,0,40544.58000,0.01,40544.58000,0.957589,40544.58000,30.8125,40544.58000,0,40544.58000,0,40544.58000,-1.34014,40544.58000,-0.273475,40544.58000,-0.273475,40544.58000,0.385156,40544.58000,80,40544.58000,0,40544.58000,0,40544.58000,0.01,40544.58000,0.817519,40544.58000,26.8905,40544.58000,0,40544.58000,0,40544.58000,-2.63298,40544.58000,-0.999646,40544.58000,-0.999646,40544.58000,0.336132,40544.58000,80,40544.58000,0,40544.58000,0,40544.58000,0.01,40544.58000,0.873578,40544.58000,28.4602,40544.58000,0,40544.58000,0,40544.58000,-2.88925,40544.58000,-0.689252,40544.58000,-0.689252,40544.58000,0.355752,40544.58000,80,40544.58000,0,40544.58000,0,40544.58000,1.03277e-05,40544.58000,0.00103272,40544.58000,2.06543e-06,40544.58000,2.06543e-06,40544.58000,0,40544.58000,100711,40544.58000,-1.9,40544.58000,0.01,40544.58000,0.291534,40544.58000,0.4,40544.58000,5,40544.58000,0.00103272,40544.58000,4.29276e-05,40544.58000,0.3,40544.58000,0,40544.58000,0,40544.58000,0,40544.58000,0,40544.58000,0,40544.58000,0,40544.58000,-0.15005,40544.58000,0,40544.58000,0,40544.58000,0,40544.58000,4.13776e-05,40544.58000,0.115802,40544.58000,5,40544.58000,0.784076,40544.58000,0.0192002,40544.58000,0.3,40544.58000,0.29078,40544.58000,0.00191188,40544.58000,0.191188,40544.58000,0.957589,40544.58000,100,40544.58000,0.308967,40544.58000,0.00308967,40544.58000,1.61604,40544.58000,0.8,40544.58000,0.29078,40544.58000,0.000625213,40544.58000,0.0625213,40544.58000,0.873578,40544.58000,100,40544.58000,0.0200284,40544.58000,0.000200284,40544.58000,0.320346,40544.58000,0.8,40544.58000,0.29078,40544.58000,0,40544.58000,0.000625213,40544.58000,0.01,40544.58000,0.873578,40544.58000,0.0173103,40544.58000,0.4,40544.58000,0.29078,40544.58000,0,40544.58000,0,40544.58000,0,40544.58000,0,40544.58000,0,40544.58000,0,40544.58000,-0.0389398,40544.58000,0,40544.58000,0,40544.58000,0,40544.58000,0,40544.58000,0,40544.58000,0,40544.58000,0.0173103,40544.58000,0.0173103,40544.58000,0,40544.58000,4.29276e-05,40544.58000,4.29276e-05,40544.58000,0,40544.58000,4.13776e-05,40544.58000,4.13776e-05,40544.58000,0,40544.58000,0,40544.58000,0,40544.58000,0,40544.58000,2.06543e-06,40544.58000,2.06543e-06,40544.58000,0,40544.58000,0,40544.58000,0,40544.58000,0,40544.58000,0.324427,40544.58000,0.324427,40544.58000,0,40544.58000,0,40544.58000,0,40544.58000,0,40544.58000,0,40544.58000,0,40544.58000,10551.5,40544.58000,0,40544.58000,0,40544.58000,0,40544.58000,0,40544.58000,611,40544.58000,0,40544.58000,0,40544.58000,0
40544.59000,1,40544.59000,4.02472,40544.59000,0.0894381,40544.59000,-1.21056,40544.59000,0,40544.59000,0.0001,40544.59000,0.0001,40544.59000,-1.5999,40544.59000,0,40544.59000,0,40544.59000,0,40544.59000,0,40544.59000,0,40544.59000,0.863691,40544.59000,0.863691,40544.59000,0.863691,40544.59000,0,40544.59000,0,40544.59000,0,40544.59000,0,40544.59000,5,40544.59000,0.784067,40544.59000,19.4654,40544.59000,0,40544.59000,0,40544.59000,-1.21006,40544.59000,-1.21006,40544.59000,-1.21006,40544.59000,0.324423,40544.59000,60,40544.59000,100111,40544.59000,-3,40544.59000,0,40544.59000,0,40544.59000,0,40544.59000,0,40544.59000,0.000129798,40544.59000,6.48988e-08,40544.59000,6.48988e-08,40544.59000,0,40544.59000,0,40544.59000,0,40544.59000,0,40544.59000,0.01,40544.59000,0.957583,40544.59000,30.8123,40544.59000,0,40544.59000,0,40544.59000,-1.34018,40544.59000,-0.273506,40544.59000,-0.273506,40544.59000,0.385154,40544.59000,80,40544.59000,0,40544.59000,0,40544.59000,0.01,40544.59000,0.817622,40544.59000,26.8934,40544.59000,0,40544.59000,0,40544.59000,-2.63236,40544.59000,-0.999033,40544.59000,-0.999033,40544.59000,0.336168,40544.59000,80,40544.59000,0,40544.59000,0,40544.59000,0.01,40544.59000,0.873579,40544.59000,28.4602,40544.59000,0,40544.59000,0,40544.59000,-2.88925,40544.59000,-0.689247,40544.59000,-0.689247,40544.59000,0.355753,40544.59000,80,40544.59000,0,40544.59000,0,40544.59000,1.03105e-05,40544.59000,0.001031,40544.59000,2.062e-06,40544.59000,2.062e-06,40544.59000,0,40544.59000,100711,40544.59000,-1.9,40544.59000,0.01,40544.59000,0.291448,40544.59000,0.4,40544.59000,5,40544.59000,0.001031,40544.59000,4.27874e-05,40544.59000,0.3,40544.59000,0,40544.59000,0,40544.59000,0,40544.59000,0,40544.59000,0,40544.59000,0,40544.59000,-0.15005,40544.59000,0,40544.59000,0,40544.59000,0,40544.59000,4.11616e-05,40544.59000,0.115791,40544.59000,5,40544.59000,0.784067,40544.59000,0.0191956,40544.59000,0.3,40544.59000,0.29078,40544.59000,0.00191168,40544.59000,0.191168,40544.59000,0.957583,40544.59000,100,40544.59000,0.308781,40544.59000,0.00308781,40544.59000,1.61523,40544.59000,0.8,40544.59000,0.29078,40544.59000,0.000625221,40544.59000,0.0625221,40544.59000,0.873579,40544.59000,100,40544.59000,0.0200762,40544.59000,0.000200762,40544.59000,0.321106,40544.59000,0.8,40544.59000,0.29078,40544.59000,0,40544.59000,0.000625221,40544.59000,0.01,40544.59000,0.873579,40544.59000,0.0173113,40544.59000,0.4,40544.59000,0.29078,40544.59000,0,40544.59000,0,40544.59000,0,40544.59000,0,40544.59000,0,40544.59000,0,40544.59000,-0.0389338,40544.59000,0,40544.59000,0,40544.59000,0,40544.59000,0,40544.59000,0,40544.59000,0,40544.59000,0.0173113,40544.59000,0.0173113,40544.59000,0,40544.59000,4.27874e-05,40544.59000,4.27874e-05,40544.59000,0,40544.59000,4.11616e-05,40544.59000,4.11616e-05,40544.59000,0,40544.59000,0,40544.59000,0,40544.59000,0,40544.59000,2.062e-06,40544.59000,2.062e-06,40544.59000,0,40544.59000,0,40544.59000,0,40544.59000,0,40544.59000,0.324423,40544.59000,0.324423,40544.59000,0,40544.59000,0,40544.59000,0,40544.59000,0,40544.59000,0,40544.59000,0,40544.59000,10551.5,40544.59000,0,40544.59000,0,40544.59000,0,40544.59000,0,40544.59000,611,40544.59000,0,40544.59000,0,40544.59000,0
40544.60000,1,40544.60000,4.022,40544.60000,0.0893778,40544.60000,-1.21062,40544.60000,0,40544.60000,0.0001,40544.60000,0.0001,40544.60000,-1.5999,40544.60000,0,40544.60000,0,40544.60000,0,40544.60000,0,40544.60000,0,40544.60000,0.863691,40544.60000,0.863691,40544.60000,0.863691,40544.60000,0,40544.60000,0,40544.60000,0,40544.60000,0,40544.60000,5,40544.60000,0.784058,40544.60000,19.4652,40544.60000,0,40544.60000,0,40544.60000,-1.21012,40544.60000,-1.21012,40544.60000,-1.21012,40544.60000,0.32442,40544.60000,60,40544.60000,100111,40544.60000,-3,40544.60000,0,40544.60000,0,40544.60000,0,40544.60000,0,40544.60000,0.00012939,40544.60000,6.46948e-08,40544.60000,6.46948e-08,40544.60000,0,40544.60000,0,40544.60000,0,40544.60000,0,40544.60000,0.01,40544.60000,0.957577,40544.60000,30.8122,40544.60000,0,40544.60000,0,40544.60000,-1.34021,40544.60000,-0.273536,40544.60000,-0.273536,40544.60000,0.385152,40544.60000,80,40544.60000,0,40544.60000,0,40544.60000,0.01,40544.60000,0.817725,40544.60000,26.8963,40544.60000,0,40544.60000,0,40544.60000,-2.63175,40544.60000,-0.99842,40544.60000,-0.99842,40544.60000,0.336204,40544.60000,80,40544.60000,0,40544.60000,0,40544.60000,0.01,40544.60000,0.87358,40544.60000,28.4602,40544.60000,0,40544.60000,0,40544.60000,-2.88924,40544.60000,-0.689242,40544.60000,-0.689242,40544.60000,0.355753,40544.60000,80,40544.60000,0,40544.60000,0,40544.60000,1.02934e-05,40544.60000,0.00102929,40544.60000,2.05858e-06,40544.60000,2.05858e-06,40544.60000,0,40544.60000,100711,40544.60000,-1.9,40544.60000,0.01,40544.60000,0.291362,40544.60000,0.4,40544.60000,5,40544.60000,0.00102929,40544.60000,4.26473e-05,40544.60000,0.3,40544.60000,0,40544.60000,0,40544.60000,0,40544.60000,0,40544.60000,0,40544.60000,0,40544.60000,-0.15005,40544.60000,0,40544.60000,0,40544.60000,0,40544.60000,4.09455e-05,40544.60000,0.115779,40544.60000,5,40544.60000,0.784058,40544.60000,0.0191909,40544.60000,0.3,40544.60000,0.29078,40544.60000,0.00191149,40544.60000,0.191149,40544.60000,0.957577,40544.60000,100,40544.60000,0.308596,40544.60000,0.00308596,40544.60000,1.61443,40544.60000,0.8,40544.60000,0.29078,40544.60000,0.000625228,40544.60000,0.0625228,40544.60000,0.87358,40544.60000,100,40544.60000,0.0201239,40544.60000,0.000201239,40544.60000,0.321865,40544.60000,0.8,40544.60000,0.29078,40544.60000,0,40544.60000,0.000625228,40544.60000,0.01,40544.60000,0.87358,40544.60000,0.0173123,40544.60000,0.4,40544.60000,0.29078,40544.60000,0,40544.60000,0,40544.60000,0,40544.60000,0,40544.60000,0,40544.60000,0,40544.60000,-0.0389278,40544.60000,0,40544.60000,0,40544.60000,0,40544.60000,0,40544.60000,0,40544.60000,0,40544.60000,0.0173123,40544.60000,0.0173123,40544.60000,0,40544.60000,4.26473e-05,40544.60000,4.26473e-05,40544.60000,0,40544.60000,4.09455e-05,40544.60000,4.09455e-05,40544.60000,0,40544.60000,0,40544.60000,0,40544.60000,0,40544.60000,2.05858e-06,40544.60000,2.05858e-06,40544.60000,0,40544.60000,0,40544.60000,0,40544.60000,0,40544.60000,0.32442,40544.60000,0.32442,40544.60000,0,40544.60000,0,40544.60000,0,40544.60000,0,40544.60000,0,40544.60000,0,40544.60000,10551.5,40544.60000,0,40544.60000,0,40544.60000,0,40544.60000,0,40544.60000,611,40544.60000,0,40544.60000,0,40544.60000,0
40544.61000,1,40544.61000,4.01929,40544.61000,0.0893175,40544.61000,-1.21068,40544.61000,0,40544.61000,0.0001,40544.61000,0.0001,40544.61000,-1.5999,40544.61000,0,40544.61000,0,40544.61000,0,40544.61000,0,40544.61000,0,40544.61000,0.863691,40544.61000,0.863691,40544.61000,0.863691,40544.61000,0,40544.61000,0,40544.61000,0,40544.61000,0,40544.61000,5,40544.61000,0.784049,40544.61000,19.465,40544.61000,0,40544.61000,0,40544.61000,-1.21019,40544.61000,-1.21019,40544.61000,-1.21019,40544.61000,0.324417,40544.61000,60,40544.61000,100111,40544.61000,-3,40544.61000,0,40544.61000,0,40544.61000,0,40544.61000,0,40544.61000,0.000128989,40544.61000,6.44943e-08,40544.61000,6.44943e-08,40544.61000,0,40544.61000,0,40544.61000,0,40544.61000,0,40544.61000,0.01,40544.61000,0.957571,40544.61000,30.812,40544.61000,0,40544.61000,0,40544.61000,-1.34024,40544.61000,-0.273567,40544.61000,-0.273567,40544.61000,0.38515,40544.61000,80,40544.61000,0,40544.61000,0,40544.61000,0.01,40544.61000,0.817827,40544.61000,26.8992,40544.61000,0,40544.61000,0,40544.61000,-2.63114,40544.61000,-0.997809,40544.61000,-0.997809,40544.61000,0.33624,40544.61000,80,40544.61000,0,40544.61000,0,40544.61000,0.01,40544.61000,0.873581,40544.61000,28.4603,40544.61000,0,40544.61000,0,40544.61000,-2.88924,40544.61000,-0.689236,40544.61000,-0.689236,40544.61000,0.355753,40544.61000,80,40544.61000,0,40544.61000,0,40544.61000,1.02745e-05,40544.61000,0.0010274,40544.61000,2.0548e-06,40544.61000,2.0548e-06,40544.61000,0,40544.61000,100711,40544.61000,-1.9,40544.61000,0.01,40544.61000,0.291275,40544.61000,0.4,40544.61000,5,40544.61000,0.0010274,40544.61000,4.24936e-05,40544.61000,0.3,40544.61000,0,40544.61000,0,40544.61000,0,40544.61000,0,40544.61000,0,40544.61000,0,40544.61000,-0.15005,40544.61000,0,40544.61000,0,40544.61000,0,40544.61000,4.07346e-05,40544.61000,0.115768,40544.61000,5,40544.61000,0.784049,40544.61000,0.0191858,40544.61000,0.3,40544.61000,0.29078,40544.61000,0.00191129,40544.61000,0.191129,40544.61000,0.957571,40544.61000,100,40544.61000,0.308412,40544.61000,0.00308412,40544.61000,1.61363,40544.61000,0.8,40544.61000,0.29078,40544.61000,0.000625236,40544.61000,0.0625236,40544.61000,0.873581,40544.61000,100,40544.61000,0.0201715,40544.61000,0.000201715,40544.61000,0.322622,40544.61000,0.8,40544.61000,0.29078,40544.61000,0,40544.61000,0.000625236,40544.61000,0.01,40544.61000,0.873581,40544.61000,0.0173134,40544.61000,0.4,40544.61000,0.29078,40544.61000,0,40544.61000,0,40544.61000,0,40544.61000,0,40544.61000,0,40544.61000,0,40544.61000,-0.0389218,40544.61000,0,40544.61000,0,40544.61000,0,40544.61000,0,40544.61000,0,40544.61000,0,40544.61000,0.0173134,40544.61000,0.0173134,40544.61000,0,40544.61000,4.24936e-05,40544.61000,4.24936e-05,40544.61000,0,40544.61000,4.07346e-05,40544.61000,4.07346e-05,40544.61000,0,40544.61000,0,40544.61000,0,40544.61000,0,40544.61000,2.0548e-06,40544.61000,2.0548e-06,40544.61000,0,40544.61000,0,40544.61000,0,40544.61000,0,40544.61000,0.324417,40544.61000,0.324417,40544.61000,0,40544.61000,0,40544.61000,0,40544.61000,0,40544.61000,0,40544.61000,0,40544.61000,10551.5,40544.61000,0,40544.61000,0,40544.61000,0,40544.61000,0,40544.61000,611,40544.61000,0,40544.61000,0,40544.61000,0
40544.62000,1,40544.62000,4.01658,40544.62000,0.0892573,40544.62000,-1.21074,40544.62000,0,40544.62000,0.0001,40544.62000,0.0001,40544.62000,-1.5999,40544.62000,0,40544.62000,0,40544.62000,0,40544.62000,0,40544.62000,0,40544.62000,0.863691,40544.62000,0.863691,40544.62000,0.863691,40544.62000,0,40544.62000,0,40544.62000,0,40544.62000,0,40544.62000,5,40544.62000,0.78404,40544.62000,19.4648,40544.62000,0,40544.62000,0,40544.62000,-1.21025,40544.62000,-1.21025,40544.62000,-1.21025,40544.62000,0.324414,40544.62000,60,40544.62000,100111,40544.62000,-3,40544.62000,0,40544.62000,0,40544.62000,0,40544.62000,0,40544.62000,0.000128589,40544.62000,6.42946e-08,40544.62000,6.42946e-08,40544.62000,0,40544.62000,0,40544.62000,0,40544.62000,0,40544.62000,0.01,40544.62000,0.957565,40544.62000,30.8118,40544.62000,0,40544.62000,0,40544.62000,-1.34027,40544.62000,-0.273597,40544.62000,-0.273597,40544.62000,0.385148,40544.62000,80,40544.62000,0,40544.62000,0,40544.62000,0.01,40544.62000,0.81793,40544.62000,26.902,40544.62000,0,40544.62000,0,40544.62000,-2.63053,40544.62000,-0.997199,40544.62000,-0.997199,40544.62000,0.336275,40544.62000,80,40544.62000,0,40544.62000,0,40544.62000,0.01,40544.62000,0.873582,40544.62000,28.4603,40544.62000,0,40544.62000,0,40544.62000,-2.88923,40544.62000,-0.689231,40544.62000,-0.689231,40544.62000,0.355754,40544.62000,80,40544.62000,0,40544.62000,0,40544.62000,1.02552e-05,40544.62000,0.00102547,40544.62000,2.05093e-06,40544.62000,2.05093e-06,40544.62000,0,40544.62000,100711,40544.62000,-1.9,40544.62000,0.01,40544.62000,0.291187,40544.62000,0.4,40544.62000,5,40544.62000,0.00102547,40544.62000,4.23363e-05,40544.62000,0.3,40544.62000,0,40544.62000,0,40544.62000,0,40544.62000,0,40544.62000,0,40544.62000,0,40544.62000,-0.15005,40544.62000,0,40544.62000,0,40544.62000,0,40544.62000,4.0525e-05,40544.62000,0.115757,40544.62000,5,40544.62000,0.78404,40544.62000,0.0191805,40544.62000,0.3,40544.62000,0.29078,40544.62000,0.0019111,40544.62000,0.19111,40544.62000,0.957565,40544.62000,100,40544.62000,0.308228,40544.62000,0.00308228,40544.62000,1.61283,40544.62000,0.8,40544.62000,0.29078,40544.62000,0.000625243,40544.62000,0.0625243,40544.62000,0.873582,40544.62000,100,40544.62000,0.020219,40544.62000,0.00020219,40544.62000,0.323378,40544.62000,0.8,40544.62000,0.29078,40544.62000,0,40544.62000,0.000625243,40544.62000,0.01,40544.62000,0.873582,40544.62000,0.0173144,40544.62000,0.4,40544.62000,0.29078,40544.62000,0,40544.62000,0,40544.62000,0,40544.62000,0,40544.62000,0,40544.62000,0,40544.62000,-0.0389157,40544.62000,0,40544.62000,0,40544.62000,0,40544.62000,0,40544.62000,0,40544.62000,0,40544.62000,0.0173144,40544.62000,0.0173144,40544.62000,0,40544.62000,4.23363e-05,40544.62000,4.23363e-05,40544.62000,0,40544.62000,4.0525e-05,40544.62000,4.0525e-05,40544.62000,0,40544.62000,0,40544.62000,0,40544.62000,0,40544.62000,2.05093e-06,40544.62000,2.05093e-06,40544.62000,0,40544.62000,0,40544.62000,0,40544.62000,0,40544.62000,0.324414,40544.62000,0.324414,40544.62000,0,40544.62000,0,40544.62000,0,40544.62000,0,40544.62000,0,40544.62000,0,40544.62000,10551.5,40544.62000,0,40544.62000,0,40544.62000,0,40544.62000,0,40544.62000,611,40544.62000,0,40544.62000,0,40544.62000,0
40544.63000,1,40544.63000,4.01387,40544.63000,0.089197,40544.63000,-1.2108,40544.63000,0,40544.63000,0.0001,40544.63000,0.0001,40544.63000,-1.5999,40544.63000,0,40544.63000,0,40544.63000,0,40544.63000,0,40544.63000,0,40544.63000,0.863691,40544.63000,0.863691,40544.63000,0.863691,40544.63000,0,40544.63000,0,40544.63000,0,40544.63000,0,40544.63000,5,40544.63000,0.784031,40544.63000,19.4646,40544.63000,0,40544.63000,0,40544.63000,-1.21031,40544.63000,-1.21031,40544.63000,-1.21031,40544.63000,0.324411,40544.63000,60,40544.63000,100111,40544.63000,-3,40544.63000,0,40544.63000,0,40544.63000,0,40544.63000,0,40544.63000,0.00012819,40544.63000,6.4095e-08,40544.63000,6.4095e-08,40544.63000,0,40544.63000,0,40544.63000,0,40544.63000,0,40544.63000,0.01,40544.63000,0.957559,40544.63000,30.8116,40544.63000,0,40544.63000,0,40544.63000,-1.3403,40544.63000,-0.273627,40544.63000,-0.273627,40544.63000,0.385146,40544.63000,80,40544.63000,0,40544.63000,0,40544.63000,0.01,40544.63000,0.818032,40544.63000,26.9049,40544.63000,0,40544.63000,0,40544.63000,-2.62992,40544.63000,-0.996589,40544.63000,-0.996589,40544.63000,0.336311,40544.63000,80,40544.63000,0,40544.63000,0,40544.63000,0.01,40544.63000,0.873583,40544.63000,28.4603,40544.63000,0,40544.63000,0,40544.63000,-2.88923,40544.63000,-0.689225,40544.63000,-0.689225,40544.63000,0.355754,40544.63000,80,40544.63000,0,40544.63000,0,40544.63000,1.02359e-05,40544.63000,0.00102353,40544.63000,2.04707e-06,40544.63000,2.04707e-06,40544.63000,0,40544.63000,100711,40544.63000,-1.9,40544.63000,0.01,40544.63000,0.291099,40544.63000,0.4,40544.63000,5,40544.63000,0.00102353,40544.63000,4.2179e-05,40544.63000,0.3,40544.63000,0,40544.63000,0,40544.63000,0,40544.63000,0,40544.63000,0,40544.63000,0,40544.63000,-0.15005,40544.63000,0,40544.63000,0,40544.63000,0,40544.63000,4.03155e-05,40544.63000,0.115745,40544.63000,5,40544.63000,0.784031,40544.63000,0.0191752,40544.63000,0.3,40544.63000,0.29078,40544.63000,0.00191091,40544.63000,0.191091,40544.63000,0.957559,40544.63000,100,40544.63000,0.308044,40544.63000,0.00308044,40544.63000,1.61203,40544.63000,0.8,40544.63000,0.29078,40544.63000,0.000625251,40544.63000,0.0625251,40544.63000,0.873583,40544.63000,100,40544.63000,0.0202665,40544.63000,0.000202665,40544.63000,0.324133,40544.63000,0.8,40544.63000,0.29078,40544.63000,0,40544.63000,0.000625251,40544.63000,0.01,40544.63000,0.873583,40544.63000,0.0173155,40544.63000,0.4,40544.63000,0.29078,40544.63000,0,40544.63000,0,40544.63000,0,40544.63000,0,40544.63000,0,40544.63000,0,40544.63000,-0.0389097,40544.63000,0,40544.63000,0,40544.63000,0,40544.63000,0,40544.63000,0,40544.63000,0,40544.63000,0.0173155,40544.63000,0.0173155,40544.63000,0,40544.63000,4.2179e-05,40544.63000,4.2179e-05,40544.63000,0,40544.63000,4.03155e-05,40544.63000,4.03155e-05,40544.63000,0,40544.63000,0,40544.63000,0,40544.63000,0,40544.63000,2.04707e-06,40544.63000,2.04707e-06,40544.63000,0,40544.63000,0,40544.63000,0,40544.63000,0,40544.63000,0.324411,40544.63000,0.324411,40544.63000,0,40544.63000,0,40544.63000,0,40544.63000,0,40544.63000,0,40544.63000,0,40544.63000,10551.5,40544.63000,0,40544.63000,0,40544.63000,0,40544.63000,0,40544.63000,611,40544.63000,0,40544.63000,0,40544.63000,0
40544.64000,1,40544.64000,4.01116,40544.64000,0.0891368,40544.64000,-1.21086,40544.64000,0,40544.64000,0.0001,40544.64000,0.0001,40544.64000,-1.5999,40544.64000,0,40544.64000,0,40544.64000,0,40544.64000,0,40544.64000,0,40544.64000,0.863691,40544.64000,0.863691,40544.64000,0.863691,40544.64000,0,40544.64000,0,40544.64000,0,40544.64000,0,40544.64000,5,40544.64000,0.784022,40544.64000,19.4645,40544.64000,0,40544.64000,0,40544.64000,-1.21037,40544.64000,-1.21037,40544.64000,-1.21037,40544.64000,0.324408,40544.64000,60,40544.64000,100111,40544.64000,-3,40544.64000,0,40544.64000,0,40544.64000,0,40544.64000,0,40544.64000,0.000127791,40544.64000,6.38954e-08,40544.64000,6.38954e-08,40544.64000,0,40544.64000,0,40544.64000,0,40544.64000,0,40544.64000,0.01,40544.64000,0.957553,40544.64000,30.8115,40544.64000,0,40544.64000,0,40544.64000,-1.34033,40544.64000,-0.273657,40544.64000,-0.273657,40544.64000,0.385144,40544.64000,80,40544.64000,0,40544.64000,0,40544.64000,0.01,40544.64000,0.818135,40544.64000,26.9078,40544.64000,0,40544.64000,0,40544.64000,-2.62931,40544.64000,-0.995978,40544.64000,-0.995978,40544.64000,0.336347,40544.64000,80,40544.64000,0,40544.64000,0,40544.64000,0.01,40544.64000,0.873584,40544.64000,28.4604,40544.64000,0,40544.64000,0,40544.64000,-2.88922,40544.64000,-0.68922,40544.64000,-0.68922,40544.64000,0.355754,40544.64000,80,40544.64000,0,40544.64000,0,40544.64000,1.02165e-05,40544.64000,0.0010216,40544.64000,2.0432e-06,40544.64000,2.0432e-06,40544.64000,0,40544.64000,100711,40544.64000,-1.9,40544.64000,0.01,40544.64000,0.291012,40544.64000,0.4,40544.64000,5,40544.64000,0.0010216,40544.64000,4.20217e-05,40544.64000,0.3,40544.64000,0,40544.64000,0,40544.64000,0,40544.64000,0,40544.64000,0,40544.64000,0,40544.64000,-0.15005,40544.64000,0,40544.64000,0,40544.64000,0,40544.64000,4.01059e-05,40544.64000,0.115734,40544.64000,5,40544.64000,0.784022,40544.64000,0.01917,40544.64000,0.3,40544.64000,0.29078,40544.64000,0.00191072,40544.64000,0.191072,40544.64000,0.957553,40544.64000,100,40544.64000,0.30786,40544.64000,0.0030786,40544.64000,1.61123,40544.64000,0.8,40544.64000,0.29078,40544.64000,0.000625259,40544.64000,0.0625259,40544.64000,0.873584,40544.64000,100,40544.64000,0.020314,40544.64000,0.00020314,40544.64000,0.324889,40544.64000,0.8,40544.64000,0.29078,40544.64000,0,40544.64000,0.000625259,40544.64000,0.01,40544.64000,0.873584,40544.64000,0.0173166,40544.64000,0.4,40544.64000,0.29078,40544.64000,0,40544.64000,0,40544.64000,0,40544.64000,0,40544.64000,0,40544.64000,0,40544.64000,-0.0389037,40544.64000,0,40544.64000,0,40544.64000,0,40544.64000,0,40544.64000,0,40544.64000,0,40544.64000,0.0173166,40544.64000,0.0173166,40544.64000,0,40544.64000,4.20217e-05,40544.64000,4.20217e-05,40544.64000,0,40544.64000,4.01059e-05,40544.64000,4.01059e-05,40544.64000,0,40544.64000,0,40544.64000,0,40544.64000,0,40544.64000,2.0432e-06,40544.64000,2.0432e-06,40544.64000,0,40544.64000,0,40544.64000,0,40544.64000,0,40544.64000,0.324408,40544.64000,0.324408,40544.64000,0,40544.64000,0,40544.64000,0,40544.64000,0,40544.64000,0,40544.64000,0,40544.64000,10551.5,40544.64000,0,40544.64000,0,40544.64000,0,40544.64000,0,40544.64000,611,40544.64000,0,40544.64000,0,40544.64000,0
40544.65000,1,40544.65000,4.00845,40544.65000,0.0890766,40544.65000,-1.21092,40544.65000,0,40544.65000,0.0001,40544.65000,0.0001,40544.65000,-1.5999,40544.65000,0,40544.65000,0,40544.65000,0,40544.65000,0,40544.65000,0,40544.65000,0.863691,40544.65000,0.863691,40544.65000,0.863691,40544.65000,0,40544.65000,0,40544.65000,0,40544.65000,0,40544.65000,5,40544.65000,0.784012,40544.65000,19.4643,40544.65000,0,40544.65000,0,40544.65000,-1.21043,40544.65000,-1.21043,40544.65000,-1.21043,40544.65000,0.324404,40544.65000,60,40544.65000,100111,40544.65000,-3,40544.65000,0,40544.65000,0,40544.65000,0,40544.65000,0,40544.65000,0.000127397,40544.65000,6.36983e-08,40544.65000,6.36983e-08,40544.65000,0,40544.65000,0,40544.65000,0,40544.65000,0,40544.65000,0.01,40544.65000,0.957547,40544.65000,30.8113,40544.65000,0,40544.65000,0,40544.65000,-1.34036,40544.65000,-0.273687,40544.65000,-0.273687,40544.65000,0.385141,40544.65000,80,40544.65000,0,40544.65000,0,40544.65000,0.01,40544.65000,0.818237,40544.65000,26.9106,40544.65000,0,40544.65000,0,40544.65000,-2.6287,40544.65000,-0.99537,40544.65000,-0.99537,40544.65000,0.336383,40544.65000,80,40544.65000,0,40544.65000,0,40544.65000,0.01,40544.65000,0.873585,40544.65000,28.4604,40544.65000,0,40544.65000,0,40544.65000,-2.88921,40544.65000,-0.689214,40544.65000,-0.689214,40544.65000,0.355755,40544.65000,80,40544.65000,0,40544.65000,0,40544.65000,1.01963e-05,40544.65000,0.00101958,40544.65000,2.03916e-06,40544.65000,2.03916e-06,40544.65000,0,40544.65000,100711,40544.65000,-1.9,40544.65000,0.01,40544.65000,0.290924,40544.65000,0.4,40544.65000,5,40544.65000,0.00101958,40544.65000,4.18582e-05,40544.65000,0.3,40544.65000,0,40544.65000,0,40544.65000,0,40544.65000,0,40544.65000,0,40544.65000,0,40544.65000,-0.15005,40544.65000,0,40544.65000,0,40544.65000,0,40544.65000,3.99e-05,40544.65000,0.115722,40544.65000,5,40544.65000,0.784012,40544.65000,0.0191644,40544.65000,0.3,40544.65000,0.29078,40544.65000,0.00191053,40544.65000,0.191053,40544.65000,0.957547,40544.65000,100,40544.65000,0.307677,40544.65000,0.00307677,40544.65000,1.61043,40544.65000,0.8,40544.65000,0.29078,40544.65000,0.000625267,40544.65000,0.0625267,40544.65000,0.873585,40544.65000,100,40544.65000,0.0203613,40544.65000,0.000203613,40544.65000,0.325642,40544.65000,0.8,40544.65000,0.29078,40544.65000,0,40544.65000,0.000625267,40544.65000,0.01,40544.65000,0.873585,40544.65000,0.0173177,40544.65000,0.4,40544.65000,0.29078,40544.65000,0,40544.65000,0,40544.65000,0,40544.65000,0,40544.65000,0,40544.65000,0,40544.65000,-0.0388977,40544.65000,0,40544.65000,0,40544.65000,0,40544.65000,0,40544.65000,0,40544.65000,0,40544.65000,0.0173177,40544.65000,0.0173177,40544.65000,0,40544.65000,4.18582e-05,40544.65000,4.18582e-05,40544.65000,0,40544.65000,3.99e-05,40544.65000,3.99e-05,40544.65000,0,40544.65000,0,40544.65000,0,40544.65000,0,40544.65000,2.03916e-06,40544.65000,2.03916e-06,40544.65000,0,40544.65000,0,40544.65000,0,40544.65000,0,40544.65000,0.324404,40544.65000,0.324404,40544.65000,0,40544.65000,0,40544.65000,0,40544.65000,0,40544.65000,0,40544.65000,0,40544.65000,10551.5,40544.65000,0,40544.65000,0,40544.65000,0,40544.65000,0,40544.65000,611,40544.65000,0,40544.65000,0,40544.65000,0
40544.66000,1,40544.66000,4.00574,40544.66000,0.0890164,40544.66000,-1.21098,40544.66000,0,40544.66000,0.0001,40544.66000,0.0001,40544.66000,-1.5999,40544.66000,0,40544.66000,0,40544.66000,0,40544.66000,0,40544.66000,0,40544.66000,0.863691,40544.66000,0.863691,40544.66000,0.863691,40544.66000,0,40544.66000,0,40544.66000,0,40544.66000,0,40544.66000,5,40544.66000,0.784003,40544.66000,19.4641,40544.66000,0,40544.66000,0,40544.66000,-1.21049,40544.66000,-1.21049,40544.66000,-1.21049,40544.66000,0.324401,40544.66000,60,40544.66000,100111,40544.66000,-3,40544.66000,0,40544.66000,0,40544.66000,0,40544.66000,0,40544.66000,0.000127006,40544.66000,6.35029e-08,40544.66000,6.35029e-08,40544.66000,0,40544.66000,0,40544.66000,0,40544.66000,0,40544.66000,0.01,40544.66000,0.957541,40544.66000,30.8112,40544.66000,0,40544.66000,0,40544.66000,-1.34039,40544.66000,-0.273716,40544.66000,-0.273716,40544.66000,0.385139,40544.66000,80,40544.66000,0,40544.66000,0,40544.66000,0.01,40544.66000,0.818339,40544.66000,26.9135,40544.66000,0,40544.66000,0,40544.66000,-2.62809,40544.66000,-0.994763,40544.66000,-0.994763,40544.66000,0.336419,40544.66000,80,40544.66000,0,40544.66000,0,40544.66000,0.01,40544.66000,0.873586,40544.66000,28.4604,40544.66000,0,40544.66000,0,40544.66000,-2.88921,40544.66000,-0.689208,40544.66000,-0.689208,40544.66000,0.355755,40544.66000,80,40544.66000,0,40544.66000,0,40544.66000,1.01755e-05,40544.66000,0.0010175,40544.66000,2.035e-06,40544.66000,2.035e-06,40544.66000,0,40544.66000,100711,40544.66000,-1.9,40544.66000,0.01,40544.66000,0.290835,40544.66000,0.4,40544.66000,5,40544.66000,0.0010175,40544.66000,4.169e-05,40544.66000,0.3,40544.66000,0,40544.66000,0,40544.66000,0,40544.66000,0,40544.66000,0,40544.66000,0,40544.66000,-0.15005,40544.66000,0,40544.66000,0,40544.66000,0,40544.66000,3.96967e-05,40544.66000,0.115711,40544.66000,5,40544.66000,0.784003,40544.66000,0.0191587,40544.66000,0.3,40544.66000,0.29078,40544.66000,0.00191034,40544.66000,0.191034,40544.66000,0.957541,40544.66000,100,40544.66000,0.307495,40544.66000,0.00307495,40544.66000,1.60963,40544.66000,0.8,40544.66000,0.29078,40544.66000,0.000625275,40544.66000,0.0625275,40544.66000,0.873586,40544.66000,100,40544.66000,0.0204086,40544.66000,0.000204086,40544.66000,0.326394,40544.66000,0.8,40544.66000,0.29078,40544.66000,0,40544.66000,0.000625275,40544.66000,0.01,40544.66000,0.873586,40544.66000,0.0173189,40544.66000,0.4,40544.66000,0.29078,40544.66000,0,40544.66000,0,40544.66000,0,40544.66000,0,40544.66000,0,40544.66000,0,40544.66000,-0.0388916,40544.66000,0,40544.66000,0,40544.66000,0,40544.66000,0,40544.66000,0,40544.66000,0,40544.66000,0.0173189,40544.66000,0.0173189,40544.66000,0,40544.66000,4.169e-05,40544.66000,4.169e-05,40544.66000,0,40544.66000,3.96967e-05,40544.66000,3.96967e-05,40544.66000,0,40544.66000,0,40544.66000,0,40544.66000,0,40544.66000,2.035e-06,40544.66000,2.035e-06,40544.66000,0,40544.66000,0,40544.66000,0,40544.66000,0,40544.66000,0.324401,40544.66000,0.324401,40544.66000,0,40544.66000,0,40544.66000,0,40544.66000,0,40544.66000,0,40544.66000,0,40544.66000,10551.5,40544.66000,0,40544.66000,0,40544.66000,0,40544.66000,0,40544.66000,611,40544.66000,0,40544.66000,0,40544.66000,0
40544.67000,1,40544.67000,4.00303,40544.67000,0.0889563,40544.67000,-1.21104,40544.67000,0,40544.67000,0.0001,40544.67000,0.0001,40544.67000,-1.5999,40544.67000,0,40544.67000,0,40544.67000,0,40544.67000,0,40544.67000,0,40544.67000,0.863691,40544.67000,0.863691,40544.67000,0.863691,40544.67000,0,40544.67000,0,40544.67000,0,40544.67000,0,40544.67000,5,40544.67000,0.783994,40544.67000,19.4639,40544.67000,0,40544.67000,0,40544.67000,-1.21055,40544.67000,-1.21055,40544.67000,-1.21055,40544.67000,0.324398,40544.67000,60,40544.67000,100111,40544.67000,-3,40544.67000,0,40544.67000,0,40544.67000,0,40544.67000,0,40544.67000,0.000126615,40544.67000,6.33076e-08,40544.67000,6.33076e-08,40544.67000,0,40544.67000,0,40544.67000,0,40544.67000,0,40544.67000,0.01,40544.67000,0.957535,40544.67000,30.811,40544.67000,0,40544.67000,0,40544.67000,-1.34042,40544.67000,-0.273746,40544.67000,-0.273746,40544.67000,0.385137,40544.67000,80,40544.67000,0,40544.67000,0,40544.67000,0.01,40544.67000,0.818441,40544.67000,26.9163,40544.67000,0,40544.67000,0,40544.67000,-2.62749,40544.67000,-0.994155,40544.67000,-0.994155,40544.67000,0.336454,40544.67000,80,40544.67000,0,40544.67000,0,40544.67000,0.01,40544.67000,0.873587,40544.67000,28.4604,40544.67000,0,40544.67000,0,40544.67000,-2.8892,40544.67000,-0.689202,40544.67000,-0.689202,40544.67000,0.355756,40544.67000,80,40544.67000,0,40544.67000,0,40544.67000,1.01547e-05,40544.67000,0.00101542,40544.67000,2.03083e-06,40544.67000,2.03083e-06,40544.67000,0,40544.67000,100711,40544.67000,-1.9,40544.67000,0.01,40544.67000,0.290746,40544.67000,0.4,40544.67000,5,40544.67000,0.00101542,40544.67000,4.15218e-05,40544.67000,0.3,40544.67000,0,40544.67000,0,40544.67000,0,40544.67000,0,40544.67000,0,40544.67000,0,40544.67000,-0.15005,40544.67000,0,40544.67000,0,40544.67000,0,40544.67000,3.94934e-05,40544.67000,0.1157,40544.67000,5,40544.67000,0.783994,40544.67000,0.019153,40544.67000,0.3,40544.67000,0.29078,40544.67000,0.00191016,40544.67000,0.191016,40544.67000,0.957535,40544.67000,100,40544.67000,0.307313,40544.67000,0.00307313,40544.67000,1.60884,40544.67000,0.8,40544.67000,0.29078,40544.67000,0.000625284,40544.67000,0.0625284,40544.67000,0.873587,40544.67000,100,40544.67000,0.0204559,40544.67000,0.000204559,40544.67000,0.327146,40544.67000,0.8,40544.67000,0.29078,40544.67000,0,40544.67000,0.000625284,40544.67000,0.01,40544.67000,0.873587,40544.67000,0.01732,40544.67000,0.4,40544.67000,0.29078,40544.67000,0,40544.67000,0,40544.67000,0,40544.67000,0,40544.67000,0,40544.67000,0,40544.67000,-0.0388856,40544.67000,0,40544.67000,0,40544.67000,0,40544.67000,0,40544.67000,0,40544.67000,0,40544.67000,0.01732,40544.67000,0.01732,40544.67000,0,40544.67000,4.15218e-05,40544.67000,4.15218e-05,40544.67000,0,40544.67000,3.94934e-05,40544.67000,3.94934e-05,40544.67000,0,40544.67000,0,40544.67000,0,40544.67000,0,40544.67000,2.03083e-06,40544.67000,2.03083e-06,40544.67000,0,40544.67000,0,40544.67000,0,40544.67000,0,40544.67000,0.324398,40544.67000,0.324398,40544.67000,0,40544.67000,0,40544.67000,0,40544.67000,0,40544.67000,0,40544.67000,0,40544.67000,10551.5,40544.67000,0,40544.67000,0,40544.67000,0,40544.67000,0,40544.67000,611,40544.67000,0,40544.67000,0,40544.67000,0
40544.68000,1,40544.68000,4.00032,40544.68000,0.0888961,40544.68000,-1.2111,40544.68000,0,40544.68000,0.0001,40544.68000,0.0001,40544.68000,-1.5999,40544.68000,0,40544.68000,0,40544.68000,0,40544.68000,0,40544.68000,0,40544.68000,0.863691,40544.68000,0.863691,40544.68000,0.863691,40544.68000,0,40544.68000,0,40544.68000,0,40544.68000,0,40544.68000,5,40544.68000,0.783985,40544.68000,19.4637,40544.68000,0,40544.68000,0,40544.68000,-1.21061,40544.68000,-1.21061,40544.68000,-1.21061,40544.68000,0.324395,40544.68000,60,40544.68000,100111,40544.68000,-3,40544.68000,0,40544.68000,0,40544.68000,0,40544.68000,0,40544.68000,0.000126224,40544.68000,6.31122e-08,40544.68000,6.31122e-08,40544.68000,0,40544.68000,0,40544.68000,0,40544.68000,0,40544.68000,0.01,40544.68000,0.957529,40544.68000,30.8108,40544.68000,0,40544.68000,0,40544.68000,-1.34045,40544.68000,-0.273775,40544.68000,-0.273775,40544.68000,0.385135,40544.68000,80,40544.68000,0,40544.68000,0,40544.68000,0.01,40544.68000,0.818543,40544.68000,26.9192,40544.68000,0,40544.68000,0,40544.68000,-2.62688,40544.68000,-0.993548,40544.68000,-0.993548,40544.68000,0.33649,40544.68000,80,40544.68000,0,40544.68000,0,40544.68000,0.01,40544.68000,0.873588,40544.68000,28.4605,40544.68000,0,40544.68000,0,40544.68000,-2.8892,40544.68000,-0.689196,40544.68000,-0.689196,40544.68000,0.355756,40544.68000,80,40544.68000,0,40544.68000,0,40544.68000,1.01339e-05,40544.68000,0.00101334,40544.68000,2.02667e-06,40544.68000,2.02667e-06,40544.68000,0,40544.68000,100711,40544.68000,-1.9,40544.68000,0.01,40544.68000,0.290657,40544.68000,0.4,40544.68000,5,40544.68000,0.00101334,40544.68000,4.13537e-05,40544.68000,0.3,40544.68000,0,40544.68000,0,40544.68000,0,40544.68000,0,40544.68000,0,40544.68000,0,40544.68000,-0.15005,40544.68000,0,40544.68000,0,40544.68000,0,40544.68000,3.92901e-05,40544.68000,0.115688,40544.68000,5,40544.68000,0.783985,40544.68000,0.0191473,40544.68000,0.3,40544.68000,0.29078,40544.68000,0.00190997,40544.68000,0.190997,40544.68000,0.957529,40544.68000,100,40544.68000,0.307131,40544.68000,0.00307131,40544.68000,1.60804,40544.68000,0.8,40544.68000,0.29078,40544.68000,0.000625292,40544.68000,0.0625292,40544.68000,0.873588,40544.68000,100,40544.68000,0.0205032,40544.68000,0.000205032,40544.68000,0.327898,40544.68000,0.8,40544.68000,0.29078,40544.68000,0,40544.68000,0.000625292,40544.68000,0.01,40544.68000,0.873588,40544.68000,0.0173212,40544.68000,0.4,40544.68000,0.29078,40544.68000,0,40544.68000,0,40544.68000,0,40544.68000,0,40544.68000,0,40544.68000,0,40544.68000,-0.0388796,40544.68000,0,40544.68000,0,40544.68000,0,40544.68000,0,40544.68000,0,40544.68000,0,40544.68000,0.0173212,40544.68000,0.0173212,40544.68000,0,40544.68000,4.13537e-05,40544.68000,4.13537e-05,40544.68000,0,40544.68000,3.92901e-05,40544.68000,3.92901e-05,40544.68000,0,40544.68000,0,40544.68000,0,40544.68000,0,40544.68000,2.02667e-06,40544.68000,2.02667e-06,40544.68000,0,40544.68000,0,40544.68000,0,40544.68000,0,40544.68000,0.324395,40544.68000,0.324395,40544.68000,0,40544.68000,0,40544.68000,0,40544.68000,0,40544.68000,0,40544.68000,0,40544.68000,10551.5,40544.68000,0,40544.68000,0,40544.68000,0,40544.68000,0,40544.68000,611,40544.68000,0,40544.68000,0,40544.68000,0
40544.69000,1,40544.69000,3.99762,40544.69000,0.0888359,40544.69000,-1.21116,40544.69000,0,40544.69000,0.0001,40544.69000,0.0001,40544.69000,-1.5999,40544.69000,0,40544.69000,0,40544.69000,0,40544.69000,0,40544.69000,0,40544.69000,0.863691,40544.69000,0.863691,40544.69000,0.863691,40544.69000,0,40544.69000,0,40544.69000,0,40544.69000,0,40544.69000,5,40544.69000,0.783976,40544.69000,19.4635,40544.69000,0,40544.69000,0,40544.69000,-1.21067,40544.69000,-1.21067,40544.69000,-1.21067,40544.69000,0.324392,40544.69000,60,40544.69000,100111,40544.69000,-3,40544.69000,0,40544.69000,0,40544.69000,0,40544.69000,0,40544.69000,0.000125837,40544.69000,6.29184e-08,40544.69000,6.29184e-08,40544.69000,0,40544.69000,0,40544.69000,0,40544.69000,0,40544.69000,0.01,40544.69000,0.957524,40544.69000,30.8107,40544.69000,0,40544.69000,0,40544.69000,-1.34047,40544.69000,-0.273804,40544.69000,-0.273804,40544.69000,0.385133,40544.69000,80,40544.69000,0,40544.69000,0,40544.69000,0.01,40544.69000,0.818645,40544.69000,26.9221,40544.69000,0,40544.69000,0,40544.69000,-2.62627,40544.69000,-0.992942,40544.69000,-0.992942,40544.69000,0.336526,40544.69000,80,40544.69000,0,40544.69000,0,40544.69000,0.01,40544.69000,0.87359,40544.69000,28.4605,40544.69000,0,40544.69000,0,40544.69000,-2.88919,40544.69000,-0.68919,40544.69000,-0.68919,40544.69000,0.355756,40544.69000,80,40544.69000,0,40544.69000,0,40544.69000,1.01127e-05,40544.69000,0.00101122,40544.69000,2.02244e-06,40544.69000,2.02244e-06,40544.69000,0,40544.69000,100711,40544.69000,-1.9,40544.69000,0.01,40544.69000,0.290567,40544.69000,0.4,40544.69000,5,40544.69000,0.00101122,40544.69000,4.11832e-05,40544.69000,0.3,40544.69000,0,40544.69000,0,40544.69000,0,40544.69000,0,40544.69000,0,40544.69000,0,40544.69000,-0.15005,40544.69000,0,40544.69000,0,40544.69000,0,40544.69000,3.9089e-05,40544.69000,0.115677,40544.69000,5,40544.69000,0.783976,40544.69000,0.0191414,40544.69000,0.3,40544.69000,0.29078,40544.69000,0.00190979,40544.69000,0.190979,40544.69000,0.957524,40544.69000,100,40544.69000,0.30695,40544.69000,0.0030695,40544.69000,1.60725,40544.69000,0.8,40544.69000,0.29078,40544.69000,0.0006253,40544.69000,0.06253,40544.69000,0.87359,40544.69000,100,40544.69000,0.0205504,40544.69000,0.000205504,40544.69000,0.328648,40544.69000,0.8,40544.69000,0.29078,40544.69000,0,40544.69000,0.0006253,40544.69000,0.01,40544.69000,0.87359,40544.69000,0.0173224,40544.69000,0.4,40544.69000,0.29078,40544.69000,0,40544.69000,0,40544.69000,0,40544.69000,0,40544.69000,0,40544.69000,0,40544.69000,-0.0388736,40544.69000,0,40544.69000,0,40544.69000,0,40544.69000,0,40544.69000,0,40544.69000,0,40544.69000,0.0173224,40544.69000,0.0173224,40544.69000,0,40544.69000,4.11832e-05,40544.69000,4.11832e-05,40544.69000,0,40544.69000,3.9089e-05,40544.69000,3.9089e-05,40544.69000,0,40544.69000,0,40544.69000,0,40544.69000,0,40544.69000,2.02244e-06,40544.69000,2.02244e-06,40544.69000,0,40544.69000,0,40544.69000,0,40544.69000,0,40544.69000,0.324392,40544.69000,0.324392,40544.69000,0,40544.69000,0,40544.69000,0,40544.69000,0,40544.69000,0,40544.69000,0,40544.69000,10551.5,40544.69000,0,40544.69000,0,40544.69000,0,40544.69000,0,40544.69000,611,40544.69000,0,40544.69000,0,40544.69000,0
40544.70000,1,40544.70000,3.99491,40544.70000,0.0887759,40544.70000,-1.21122,40544.70000,0,40544.70000,0.0001,40544.70000,0.0001,40544.70000,-1.5999,40544.70000,0,40544.70000,0,40544.70000,0,40544.70000,0,40544.70000,0,40544.70000,0.863691,40544.70000,0.863691,40544.70000,0.863691,40544.70000,0,40544.70000,0,40544.70000,0,40544.70000,0,40544.70000,5,40544.70000,0.783967,40544.70000,19.4633,40544.70000,0,40544.70000,0,40544.70000,-1.21073,40544.70000,-1.21073,40544.70000,-1.21073,40544.70000,0.324388,40544.70000,60,40544.70000,100111,40544.70000,-3,40544.70000,0,40544.70000,0,40544.70000,0,40544.70000,0,40544.70000,0.000125454,40544.70000,6.27272e-08,40544.70000,6.27272e-08,40544.70000,0,40544.70000,0,40544.70000,0,40544.70000,0,40544.70000,0.01,40544.70000,0.957518,40544.70000,30.8105,40544.70000,0,40544.70000,0,40544.70000,-1.3405,40544.70000,-0.273833,40544.70000,-0.273833,40544.70000,0.385131,40544.70000,80,40544.70000,0,40544.70000,0,40544.70000,0.01,40544.70000,0.818747,40544.70000,26.9249,40544.70000,0,40544.70000,0,40544.70000,-2.62567,40544.70000,-0.992337,40544.70000,-0.992337,40544.70000,0.336561,40544.70000,80,40544.70000,0,40544.70000,0,40544.70000,0.01,40544.70000,0.873591,40544.70000,28.4605,40544.70000,0,40544.70000,0,40544.70000,-2.88918,40544.70000,-0.689184,40544.70000,-0.689184,40544.70000,0.355757,40544.70000,80,40544.70000,0,40544.70000,0,40544.70000,1.00909e-05,40544.70000,0.00100904,40544.70000,2.01808e-06,40544.70000,2.01808e-06,40544.70000,0,40544.70000,100711,40544.70000,-1.9,40544.70000,0.01,40544.70000,0.290477,40544.70000,0.4,40544.70000,5,40544.70000,0.00100904,40544.70000,4.10087e-05,40544.70000,0.3,40544.70000,0,40544.70000,0,40544.70000,0,40544.70000,0,40544.70000,0,40544.70000,0,40544.70000,-0.15005,40544.70000,0,40544.70000,0,40544.70000,0,40544.70000,3.88917e-05,40544.70000,0.115665,40544.70000,5,40544.70000,0.783967,40544.70000,0.0191354,40544.70000,0.3,40544.70000,0.29078,40544.70000,0.0019096,40544.70000,0.19096,40544.70000,0.957518,40544.70000,100,40544.70000,0.306769,40544.70000,0.00306769,40544.70000,1.60646,40544.70000,0.8,40544.70000,0.29078,40544.70000,0.000625309,40544.70000,0.0625309,40544.70000,0.873591,40544.70000,100,40544.70000,0.0205974,40544.70000,0.000205974,40544.70000,0.329396,40544.70000,0.8,40544.70000,0.29078,40544.70000,0,40544.70000,0.000625309,40544.70000,0.01,40544.70000,0.873591,40544.70000,0.0173236,40544.70000,0.4,40544.70000,0.29078,40544.70000,0,40544.70000,0,40544.70000,0,40544.70000,0,40544.70000,0,40544.70000,0,40544.70000,-0.0388676,40544.70000,0,40544.70000,0,40544.70000,0,40544.70000,0,40544.70000,0,40544.70000,0,40544.70000,0.0173236,40544.70000,0.0173236,40544.70000,0,40544.70000,4.10087e-05,40544.70000,4.10087e-05,40544.70000,0,40544.70000,3.88917e-05,40544.70000,3.88917e-05,40544.70000,0,40544.70000,0,40544.70000,0,40544.70000,0,40544.70000,2.01808e-06,40544.70000,2.01808e-06,40544.70000,0,40544.70000,0,40544.70000,0,40544.70000,0,40544.70000,0.324388,40544.70000,0.324388,40544.70000,0,40544.70000,0,40544.70000,0,40544.70000,0,40544.70000,0,40544.70000,0,40544.70000,10551.5,40544.70000,0,40544.70000,0,40544.70000,0,40544.70000,0,40544.70000,611,40544.70000,0,40544.70000,0,40544.70000,0
40544.71000,1,40544.71000,3.99221,40544.71000,0.0887158,40544.71000,-1.21128,40544.71000,0,40544.71000,0.0001,40544.71000,0.0001,40544.71000,-1.5999,40544.71000,0,40544.71000,0,40544.71000,0,40544.71000,0,40544.71000,0,40544.71000,0.863691,40544.71000,0.863691,40544.71000,0.863691,40544.71000,0,40544.71000,0,40544.71000,0,40544.71000,0,40544.71000,5,40544.71000,0.783958,40544.71000,19.4631,40544.71000,0,40544.71000,0,40544.71000,-1.21079,40544.71000,-1.21079,40544.71000,-1.21079,40544.71000,0.324385,40544.71000,60,40544.71000,100111,40544.71000,-3,40544.71000,0,40544.71000,0,40544.71000,0,40544.71000,0,40544.71000,0.000125072,40544.71000,6.2536e-08,40544.71000,6.2536e-08,40544.71000,0,40544.71000,0,40544.71000,0,40544.71000,0,40544.71000,0.01,40544.71000,0.957512,40544.71000,30.8103,40544.71000,0,40544.71000,0,40544.71000,-1.34053,40544.71000,-0.273862,40544.71000,-0.273862,40544.71000,0.385129,40544.71000,80,40544.71000,0,40544.71000,0,40544.71000,0.01,40544.71000,0.818848,40544.71000,26.9278,40544.71000,0,40544.71000,0,40544.71000,-2.62506,40544.71000,-0.991733,40544.71000,-0.991733,40544.71000,0.336597,40544.71000,80,40544.71000,0,40544.71000,0,40544.71000,0.01,40544.71000,0.873592,40544.71000,28.4606,40544.71000,0,40544.71000,0,40544.71000,-2.88918,40544.71000,-0.689178,40544.71000,-0.689178,40544.71000,0.355757,40544.71000,80,40544.71000,0,40544.71000,0,40544.71000,1.00691e-05,40544.71000,0.00100686,40544.71000,2.01373e-06,40544.71000,2.01373e-06,40544.71000,0,40544.71000,100711,40544.71000,-1.9,40544.71000,0.01,40544.71000,0.290386,40544.71000,0.4,40544.71000,5,40544.71000,0.00100686,40544.71000,4.08342e-05,40544.71000,0.3,40544.71000,0,40544.71000,0,40544.71000,0,40544.71000,0,40544.71000,0,40544.71000,0,40544.71000,-0.15005,40544.71000,0,40544.71000,0,40544.71000,0,40544.71000,3.86945e-05,40544.71000,0.115654,40544.71000,5,40544.71000,0.783958,40544.71000,0.0191294,40544.71000,0.3,40544.71000,0.29078,40544.71000,0.00190942,40544.71000,0.190942,40544.71000,0.957512,40544.71000,100,40544.71000,0.306589,40544.71000,0.00306589,40544.71000,1.60566,40544.71000,0.8,40544.71000,0.29078,40544.71000,0.000625318,40544.71000,0.0625318,40544.71000,0.873592,40544.71000,100,40544.71000,0.0206445,40544.71000,0.000206445,40544.71000,0.330143,40544.71000,0.8,40544.71000,0.29078,40544.71000,0,40544.71000,0.000625318,40544.71000,0.01,40544.71000,0.873592,40544.71000,0.0173248,40544.71000,0.4,40544.71000,0.29078,40544.71000,0,40544.71000,0,40544.71000,0,40544.71000,0,40544.71000,0,40544.71000,0,40544.71000,-0.0388616,40544.71000,0,40544.71000,0,40544.71000,0,40544.71000,0,40544.71000,0,40544.71000,0,40544.71000,0.0173248,40544.71000,0.0173248,40544.71000,0,40544.71000,4.08342e-05,40544.71000,4.08342e-05,40544.71000,0,40544.71000,3.86945e-05,40544.71000,3.86945e-05,40544.71000,0,40544.71000,0,40544.71000,0,40544.71000,0,40544.71000,2.01373e-06,40544.71000,2.01373e-06,40544.71000,0,40544.71000,0,40544.71000,0,40544.71000,0,40544.71000,0.324385,40544.71000,0.324385,40544.71000,0,40544.71000,0,40544.71000,0,40544.71000,0,40544.71000,0,40544.71000,0,40544.71000,10551.5,40544.71000,0,40544.71000,0,40544.71000,0,40544.71000,0,40544.71000,611,40544.71000,0,40544.71000,0,40544.71000,0
40544.72000,1,40544.72000,3.98951,40544.72000,0.0886557,40544.72000,-1.21134,40544.72000,0,40544.72000,0.0001,40544.72000,0.0001,40544.72000,-1.5999,40544.72000,0,40544.72000,0,40544.72000,0,40544.72000,0,40544.72000,0,40544.72000,0.863691,40544.72000,0.863691,40544.72000,0.863691,40544.72000,0,40544.72000,0,40544.72000,0,40544.72000,0,40544.72000,5,40544.72000,0.783949,40544.72000,19.4629,40544.72000,0,40544.72000,0,40544.72000,-1.21085,40544.72000,-1.21085,40544.72000,-1.21085,40544.72000,0.324382,40544.72000,60,40544.72000,100111,40544.72000,-3,40544.72000,0,40544.72000,0,40544.72000,0,40544.72000,0,40544.72000,0.00012469,40544.72000,6.23448e-08,40544.72000,6.23448e-08,40544.72000,0,40544.72000,0,40544.72000,0,40544.72000,0,40544.72000,0.01,40544.72000,0.957506,40544.72000,30.8102,40544.72000,0,40544.72000,0,40544.72000,-1.34056,40544.72000,-0.27389,40544.72000,-0.27389,40544.72000,0.385127,40544.72000,80,40544.72000,0,40544.72000,0,40544.72000,0.01,40544.72000,0.81895,40544.72000,26.9306,40544.72000,0,40544.72000,0,40544.72000,-2.62446,40544.72000,-0.991128,40544.72000,-0.991128,40544.72000,0.336632,40544.72000,80,40544.72000,0,40544.72000,0,40544.72000,0.01,40544.72000,0.873593,40544.72000,28.4606,40544.72000,0,40544.72000,0,40544.72000,-2.88917,40544.72000,-0.689171,40544.72000,-0.689171,40544.72000,0.355758,40544.72000,80,40544.72000,0,40544.72000,0,40544.72000,1.00474e-05,40544.72000,0.00100469,40544.72000,2.00937e-06,40544.72000,2.00937e-06,40544.72000,0,40544.72000,100711,40544.72000,-1.9,40544.72000,0.01,40544.72000,0.290296,40544.72000,0.4,40544.72000,5,40544.72000,0.00100469,40544.72000,4.06597e-05,40544.72000,0.3,40544.72000,0,40544.72000,0,40544.72000,0,40544.72000,0,40544.72000,0,40544.72000,0,40544.72000,-0.15005,40544.72000,0,40544.72000,0,40544.72000,0,40544.72000,3.84972e-05,40544.72000,0.115643,40544.72000,5,40544.72000,0.783949,40544.72000,0.0191233,40544.72000,0.3,40544.72000,0.29078,40544.72000,0.00190924,40544.72000,0.190924,40544.72000,0.957506,40544.72000,100,40544.72000,0.306408,40544.72000,0.00306408,40544.72000,1.60487,40544.72000,0.8,40544.72000,0.29078,40544.72000,0.000625327,40544.72000,0.0625327,40544.72000,0.873593,40544.72000,100,40544.72000,0.0206915,40544.72000,0.000206915,40544.72000,0.330891,40544.72000,0.8,40544.72000,0.29078,40544.72000,0,40544.72000,0.000625327,40544.72000,0.01,40544.72000,0.873593,40544.72000,0.017326,40544.72000,0.4,40544.72000,0.29078,40544.72000,0,40544.72000,0,40544.72000,0,40544.72000,0,40544.72000,0,40544.72000,0,40544.72000,-0.0388556,40544.72000,0,40544.72000,0,40544.72000,0,40544.72000,0,40544.72000,0,40544.72000,0,40544.72000,0.017326,40544.72000,0.017326,40544.72000,0,40544.72000,4.06597e-05,40544.72000,4.06597e-05,40544.72000,0,40544.72000,3.84972e-05,40544.72000,3.84972e-05,40544.72000,0,40544.72000,0,40544.72000,0,40544.72000,0,40544.72000,2.00937e-06,40544.72000,2.00937e-06,40544.72000,0,40544.72000,0,40544.72000,0,40544.72000,0,40544.72000,0.324382,40544.72000,0.324382,40544.72000,0,40544.72000,0,40544.72000,0,40544.72000,0,40544.72000,0,40544.72000,0,40544.72000,10551.5,40544.72000,0,40544.72000,0,40544.72000,0,40544.72000,0,40544.72000,611,40544.72000,0,40544.72000,0,40544.72000,0
40544.73000,1,40544.73000,3.9868,40544.73000,0.0885956,40544.73000,-1.2114,40544.73000,0,40544.73000,0.0001,40544.73000,0.0001,40544.73000,-1.5999,40544.73000,0,40544.73000,0,40544.73000,0,40544.73000,0,40544.73000,0,40544.73000,0.863691,40544.73000,0.863691,40544.73000,0.863691,40544.73000,0,40544.73000,0,40544.73000,0,40544.73000,0,40544.73000,5,40544.73000,0.78394,40544.73000,19.4627,40544.73000,0,40544.73000,0,40544.73000,-1.21091,40544.73000,-1.21091,40544.73000,-1.21091,40544.73000,0.324379,40544.73000,60,40544.73000,100111,40544.73000,-3,40544.73000,0,40544.73000,0,40544.73000,0,40544.73000,0,40544.73000,0.000124308,40544.73000,6.21542e-08,40544.73000,6.21542e-08,40544.73000,0,40544.73000,0,40544.73000,0,40544.73000,0,40544.73000,0.01,40544.73000,0.957501,40544.73000,30.81,40544.73000,0,40544.73000,0,40544.73000,-1.34059,40544.73000,-0.273919,40544.73000,-0.273919,40544.73000,0.385125,40544.73000,80,40544.73000,0,40544.73000,0,40544.73000,0.01,40544.73000,0.819052,40544.73000,26.9334,40544.73000,0,40544.73000,0,40544.73000,-2.62385,40544.73000,-0.990524,40544.73000,-0.990524,40544.73000,0.336668,40544.73000,80,40544.73000,0,40544.73000,0,40544.73000,0.01,40544.73000,0.873595,40544.73000,28.4606,40544.73000,0,40544.73000,0,40544.73000,-2.88916,40544.73000,-0.689165,40544.73000,-0.689165,40544.73000,0.355758,40544.73000,80,40544.73000,0,40544.73000,0,40544.73000,1.00255e-05,40544.73000,0.0010025,40544.73000,2.005e-06,40544.73000,2.005e-06,40544.73000,0,40544.73000,100711,40544.73000,-1.9,40544.73000,0.01,40544.73000,0.290206,40544.73000,0.4,40544.73000,5,40544.73000,0.0010025,40544.73000,4.04847e-05,40544.73000,0.3,40544.73000,0,40544.73000,0,40544.73000,0,40544.73000,0,40544.73000,0,40544.73000,0,40544.73000,-0.15005,40544.73000,0,40544.73000,0,40544.73000,0,40544.73000,3.83008e-05,40544.73000,0.115631,40544.73000,5,40544.73000,0.78394,40544.73000,0.0191172,40544.73000,0.3,40544.73000,0.29078,40544.73000,0.00190906,40544.73000,0.190906,40544.73000,0.957501,40544.73000,100,40544.73000,0.306228,40544.73000,0.00306228,40544.73000,1.60408,40544.73000,0.8,40544.73000,0.29078,40544.73000,0.000625336,40544.73000,0.0625336,40544.73000,0.873595,40544.73000,100,40544.73000,0.0207385,40544.73000,0.000207385,40544.73000,0.331638,40544.73000,0.8,40544.73000,0.29078,40544.73000,0,40544.73000,0.000625336,40544.73000,0.01,40544.73000,0.873595,40544.73000,0.0173273,40544.73000,0.4,40544.73000,0.29078,40544.73000,0,40544.73000,0,40544.73000,0,40544.73000,0,40544.73000,0,40544.73000,0,40544.73000,-0.0388496,40544.73000,0,40544.73000,0,40544.73000,0,40544.73000,0,40544.73000,0,40544.73000,0,40544.73000,0.0173273,40544.73000,0.0173273,40544.73000,0,40544.73000,4.04847e-05,40544.73000,4.04847e-05,40544.73000,0,40544.73000,3.83008e-05,40544.73000,3.83008e-05,40544.73000,0,40544.73000,0,40544.73000,0,40544.73000,0,40544.73000,2.005e-06,40544.73000,2.005e-06,40544.73000,0,40544.73000,0,40544.73000,0,40544.73000,0,40544.73000,0.324379,40544.73000,0.324379,40544.73000,0,40544.73000,0,40544.73000,0,40544.73000,0,40544.73000,0,40544.73000,0,40544.73000,10551.5,40544.73000,0,40544.73000,0,40544.73000,0,40544.73000,0,40544.73000,611,40544.73000,0,40544.73000,0,40544.73000,0
40544.74000,1,40544.74000,3.9841,40544.74000,0.0885356,40544.74000,-1.21146,40544.74000,0,40544.74000,0.0001,40544.74000,0.0001,40544.74000,-1.5999,40544.74000,0,40544.74000,0,40544.74000,0,40544.74000,0,40544.74000,0,40544.74000,0.863691,40544.74000,0.863691,40544.74000,0.863691,40544.74000,0,40544.74000,0,40544.74000,0,40544.74000,0,40544.74000,5,40544.74000,0.783931,40544.74000,19.4625,40544.74000,0,40544.74000,0,40544.74000,-1.21097,40544.74000,-1.21097,40544.74000,-1.21097,40544.74000,0.324376,40544.74000,60,40544.74000,100111,40544.74000,-3,40544.74000,0,40544.74000,0,40544.74000,0,40544.74000,0,40544.74000,0.000123934,40544.74000,6.19671e-08,40544.74000,6.19671e-08,40544.74000,0,40544.74000,0,40544.74000,0,40544.74000,0,40544.74000,0.01,40544.74000,0.957495,40544.74000,30.8099,40544.74000,0,40544.74000,0,40544.74000,-1.34062,40544.74000,-0.273947,40544.74000,-0.273947,40544.74000,0.385123,40544.74000,80,40544.74000,0,40544.74000,0,40544.74000,0.01,40544.74000,0.819153,40544.74000,26.9363,40544.74000,0,40544.74000,0,40544.74000,-2.62325,40544.74000,-0.989922,40544.74000,-0.989922,40544.74000,0.336704,40544.74000,80,40544.74000,0,40544.74000,0,40544.74000,0.01,40544.74000,0.873596,40544.74000,28.4607,40544.74000,0,40544.74000,0,40544.74000,-2.88916,40544.74000,-0.689158,40544.74000,-0.689158,40544.74000,0.355759,40544.74000,80,40544.74000,0,40544.74000,0,40544.74000,1.00031e-05,40544.74000,0.00100026,40544.74000,2.00053e-06,40544.74000,2.00053e-06,40544.74000,0,40544.74000,100711,40544.74000,-1.9,40544.74000,0.01,40544.74000,0.290114,40544.74000,0.4,40544.74000,5,40544.74000,0.00100026,40544.74000,4.03071e-05,40544.74000,0.3,40544.74000,0,40544.74000,0,40544.74000,0,40544.74000,0,40544.74000,0,40544.74000,0,40544.74000,-0.15005,40544.74000,0,40544.74000,0,40544.74000,0,40544.74000,3.81093e-05,40544.74000,0.11562,40544.74000,5,40544.74000,0.783931,40544.74000,0.0191109,40544.74000,0.3,40544.74000,0.29078,40544.74000,0.00190888,40544.74000,0.190888,40544.74000,0.957495,40544.74000,100,40544.74000,0.306049,40544.74000,0.00306049,40544.74000,1.60329,40544.74000,0.8,40544.74000,0.29078,40544.74000,0.000625345,40544.74000,0.0625345,40544.74000,0.873596,40544.74000,100,40544.74000,0.0207854,40544.74000,0.000207854,40544.74000,0.332382,40544.74000,0.8,40544.74000,0.29078,40544.74000,0,40544.74000,0.000625345,40544.74000,0.01,40544.74000,0.873596,40544.74000,0.0173286,40544.74000,0.4,40544.74000,0.29078,40544.74000,0,40544.74000,0,40544.74000,0,40544.74000,0,40544.74000,0,40544.74000,0,40544.74000,-0.0388436,40544.74000,0,40544.74000,0,40544.74000,0,40544.74000,0,40544.74000,0,40544.74000,0,40544.74000,0.0173286,40544.74000,0.0173286,40544.74000,0,40544.74000,4.03071e-05,40544.74000,4.03071e-05,40544.74000,0,40544.74000,3.81093e-05,40544.74000,3.81093e-05,40544.74000,0,40544.74000,0,40544.74000,0,40544.74000,0,40544.74000,2.00053e-06,40544.74000,2.00053e-06,40544.74000,0,40544.74000,0,40544.74000,0,40544.74000,0,40544.74000,0.324376,40544.74000,0.324376,40544.74000,0,40544.74000,0,40544.74000,0,40544.74000,0,40544.74000,0,40544.74000,0,40544.74000,10551.5,40544.74000,0,40544.74000,0,40544.74000,0,40544.74000,0,40544.74000,611,40544.74000,0,40544.74000,0,40544.74000,0
40544.75000,1,40544.75000,3.9814,40544.75000,0.0884756,40544.75000,-1.21152,40544.75000,0,40544.75000,0.0001,40544.75000,0.0001,40544.75000,-1.5999,40544.75000,0,40544.75000,0,40544.75000,0,40544.75000,0,40544.75000,0,40544.75000,0.863691,40544.75000,0.863691,40544.75000,0.863691,40544.75000,0,40544.75000,0,40544.75000,0,40544.75000,0,40544.75000,5,40544.75000,0.783922,40544.75000,19.4624,40544.75000,0,40544.75000,0,40544.75000,-1.21103,40544.75000,-1.21103,40544.75000,-1.21103,40544.75000,0.324373,40544.75000,60,40544.75000,100111,40544.75000,-3,40544.75000,0,40544.75000,0,40544.75000,0,40544.75000,0,40544.75000,0.00012356,40544.75000,6.17799e-08,40544.75000,6.17799e-08,40544.75000,0,40544.75000,0,40544.75000,0,40544.75000,0,40544.75000,0.01,40544.75000,0.95749,40544.75000,30.8097,40544.75000,0,40544.75000,0,40544.75000,-1.34065,40544.75000,-0.273975,40544.75000,-0.273975,40544.75000,0.385121,40544.75000,80,40544.75000,0,40544.75000,0,40544.75000,0.01,40544.75000,0.819254,40544.75000,26.9391,40544.75000,0,40544.75000,0,40544.75000,-2.62265,40544.75000,-0.989321,40544.75000,-0.989321,40544.75000,0.336739,40544.75000,80,40544.75000,0,40544.75000,0,40544.75000,0.01,40544.75000,0.873597,40544.75000,28.4607,40544.75000,0,40544.75000,0,40544.75000,-2.88915,40544.75000,-0.689152,40544.75000,-0.689152,40544.75000,0.355759,40544.75000,80,40544.75000,0,40544.75000,0,40544.75000,9.98078e-06,40544.75000,0.000998028,40544.75000,1.99606e-06,40544.75000,1.99606e-06,40544.75000,0,40544.75000,100711,40544.75000,-1.9,40544.75000,0.01,40544.75000,0.290022,40544.75000,0.4,40544.75000,5,40544.75000,0.000998028,40544.75000,4.01294e-05,40544.75000,0.3,40544.75000,0,40544.75000,0,40544.75000,0,40544.75000,0,40544.75000,0,40544.75000,0,40544.75000,-0.15005,40544.75000,0,40544.75000,0,40544.75000,0,40544.75000,3.79179e-05,40544.75000,0.115608,40544.75000,5,40544.75000,0.783922,40544.75000,0.0191047,40544.75000,0.3,40544.75000,0.29078,40544.75000,0.0019087,40544.75000,0.19087,40544.75000,0.95749,40544.75000,100,40544.75000,0.305871,40544.75000,0.00305871,40544.75000,1.60251,40544.75000,0.8,40544.75000,0.29078,40544.75000,0.000625354,40544.75000,0.0625354,40544.75000,0.873597,40544.75000,100,40544.75000,0.0208322,40544.75000,0.000208322,40544.75000,0.333126,40544.75000,0.8,40544.75000,0.29078,40544.75000,0,40544.75000,0.000625354,40544.75000,0.01,40544.75000,0.873597,40544.75000,0.0173299,40544.75000,0.4,40544.75000,0.29078,40544.75000,0,40544.75000,0,40544.75000,0,40544.75000,0,40544.75000,0,40544.75000,0,40544.75000,-0.0388376,40544.75000,0,40544.75000,0,40544.75000,0,40544.75000,0,40544.75000,0,40544.75000,0,40544.75000,0.0173299,40544.75000,0.0173299,40544.75000,0,40544.75000,4.01294e-05,40544.75000,4.01294e-05,40544.75000,0,40544.75000,3.79179e-05,40544.75000,3.79179e-05,40544.75000,0,40544.75000,0,40544.75000,0,40544.75000,0,40544.75000,1.99606e-06,40544.75000,1.99606e-06,40544.75000,0,40544.75000,0,40544.75000,0,40544.75000,0,40544.75000,0.324373,40544.75000,0.324373,40544.75000,0,40544.75000,0,40544.75000,0,40544.75000,0,40544.75000,0,40544.75000,0,40544.75000,10551.5,40544.75000,0,40544.75000,0,40544.75000,0,40544.75000,0,40544.75000,611,40544.75000,0,40544.75000,0,40544.75000,0
40544.76000,1,40544.76000,3.9787,40544.76000,0.0884156,40544.76000,-1.21158,40544.76000,0,40544.76000,0.0001,40544.76000,0.0001,40544.76000,-1.5999,40544.76000,0,40544.76000,0,40544.76000,0,40544.76000,0,40544.76000,0,40544.76000,0.863691,40544.76000,0.863691,40544.76000,0.863691,40544.76000,0,40544.76000,0,40544.76000,0,40544.76000,0,40544.76000,5,40544.76000,0.783913,40544.76000,19.4622,40544.76000,0,40544.76000,0,40544.76000,-1.21109,40544.76000,-1.21109,40544.76000,-1.21109,40544.76000,0.324369,40544.76000,60,40544.76000,100111,40544.76000,-3,40544.76000,0,40544.76000,0,40544.76000,0,40544.76000,0,40544.76000,0.000123185,40544.76000,6.15927e-08,40544.76000,6.15927e-08,40544.76000,0,40544.76000,0,40544.76000,0,40544.76000,0,40544.76000,0.01,40544.76000,0.957484,40544.76000,30.8096,40544.76000,0,40544.76000,0,40544.76000,-1.34067,40544.76000,-0.274003,40544.76000,-0.274003,40544.76000,0.385119,40544.76000,80,40544.76000,0,40544.76000,0,40544.76000,0.01,40544.76000,0.819356,40544.76000,26.942,40544.76000,0,40544.76000,0,40544.76000,-2.62205,40544.76000,-0.988719,40544.76000,-0.988719,40544.76000,0.336775,40544.76000,80,40544.76000,0,40544.76000,0,40544.76000,0.01,40544.76000,0.873598,40544.76000,28.4608,40544.76000,0,40544.76000,0,40544.76000,-2.88915,40544.76000,-0.689145,40544.76000,-0.689145,40544.76000,0.355759,40544.76000,80,40544.76000,0,40544.76000,0,40544.76000,9.95842e-06,40544.76000,0.000995792,40544.76000,1.99158e-06,40544.76000,1.99158e-06,40544.76000,0,40544.76000,100711,40544.76000,-1.9,40544.76000,0.01,40544.76000,0.28993,40544.76000,0.4,40544.76000,5,40544.76000,0.000995792,40544.76000,3.99518e-05,40544.76000,0.3,40544.76000,0,40544.76000,0,40544.76000,0,40544.76000,0,40544.76000,0,40544.76000,0,40544.76000,-0.15005,40544.76000,0,40544.76000,0,40544.76000,0,40544.76000,3.77264e-05,40544.76000,0.115597,40544.76000,5,40544.76000,0.783913,40544.76000,0.0190984,40544.76000,0.3,40544.76000,0.29078,40544.76000,0.00190852,40544.76000,0.190852,40544.76000,0.957484,40544.76000,100,40544.76000,0.305692,40544.76000,0.00305692,40544.76000,1.60172,40544.76000,0.8,40544.76000,0.29078,40544.76000,0.000625364,40544.76000,0.0625364,40544.76000,0.873598,40544.76000,100,40544.76000,0.020879,40544.76000,0.00020879,40544.76000,0.33387,40544.76000,0.8,40544.76000,0.29078,40544.76000,0,40544.76000,0.000625364,40544.76000,0.01,40544.76000,0.873598,40544.76000,0.0173312,40544.76000,0.4,40544.76000,0.29078,40544.76000,0,40544.76000,0,40544.76000,0,40544.76000,0,40544.76000,0,40544.76000,0,40544.76000,-0.0388316,40544.76000,0,40544.76000,0,40544.76000,0,40544.76000,0,40544.76000,0,40544.76000,0,40544.76000,0.0173312,40544.76000,0.0173312,40544.76000,0,40544.76000,3.99518e-05,40544.76000,3.99518e-05,40544.76000,0,40544.76000,3.77264e-05,40544.76000,3.77264e-05,40544.76000,0,40544.76000,0,40544.76000,0,40544.76000,0,40544.76000,1.99158e-06,40544.76000,1.99158e-06,40544.76000,0,40544.76000,0,40544.76000,0,40544.76000,0,40544.76000,0.324369,40544.76000,0.324369,40544.76000,0,40544.76000,0,40544.76000,0,40544.76000,0,40544.76000,0,40544.76000,0,40544.76000,10551.5,40544.76000,0,40544.76000,0,40544.76000,0,40544.76000,0,40544.76000,611,40544.76000,0,40544.76000,0,40544.76000,0
40544.77000,1,40544.77000,3.976,40544.77000,0.0883556,40544.77000,-1.21164,40544.77000,0,40544.77000,0.0001,40544.77000,0.0001,40544.77000,-1.5999,40544.77000,0,40544.77000,0,40544.77000,0,40544.77000,0,40544.77000,0,40544.77000,0.863691,40544.77000,0.863691,40544.77000,0.863691,40544.77000,0,40544.77000,0,40544.77000,0,40544.77000,0,40544.77000,5,40544.77000,0.783904,40544.77000,19.462,40544.77000,0,40544.77000,0,40544.77000,-1.21115,40544.77000,-1.21115,40544.77000,-1.21115,40544.77000,0.324366,40544.77000,60,40544.77000,100111,40544.77000,-3,40544.77000,0,40544.77000,0,40544.77000,0,40544.77000,0,40544.77000,0.000122811,40544.77000,6.14056e-08,40544.77000,6.14056e-08,40544.77000,0,40544.77000,0,40544.77000,0,40544.77000,0,40544.77000,0.01,40544.77000,0.957478,40544.77000,30.8094,40544.77000,0,40544.77000,0,40544.77000,-1.3407,40544.77000,-0.274031,40544.77000,-0.274031,40544.77000,0.385117,40544.77000,80,40544.77000,0,40544.77000,0,40544.77000,0.01,40544.77000,0.819457,40544.77000,26.9448,40544.77000,0,40544.77000,0,40544.77000,-2.62145,40544.77000,-0.988117,40544.77000,-0.988117,40544.77000,0.33681,40544.77000,80,40544.77000,0,40544.77000,0,40544.77000,0.01,40544.77000,0.8736,40544.77000,28.4608,40544.77000,0,40544.77000,0,40544.77000,-2.88914,40544.77000,-0.689138,40544.77000,-0.689138,40544.77000,0.35576,40544.77000,80,40544.77000,0,40544.77000,0,40544.77000,9.93606e-06,40544.77000,0.000993556,40544.77000,1.98711e-06,40544.77000,1.98711e-06,40544.77000,0,40544.77000,100711,40544.77000,-1.9,40544.77000,0.01,40544.77000,0.289839,40544.77000,0.4,40544.77000,5,40544.77000,0.000993556,40544.77000,3.97741e-05,40544.77000,0.3,40544.77000,0,40544.77000,0,40544.77000,0,40544.77000,0,40544.77000,0,40544.77000,0,40544.77000,-0.15005,40544.77000,0,40544.77000,0,40544.77000,0,40544.77000,3.75349e-05,40544.77000,0.115586,40544.77000,5,40544.77000,0.783904,40544.77000,0.0190921,40544.77000,0.3,40544.77000,0.29078,40544.77000,0.00190834,40544.77000,0.190834,40544.77000,0.957478,40544.77000,100,40544.77000,0.305513,40544.77000,0.00305513,40544.77000,1.60093,40544.77000,0.8,40544.77000,0.29078,40544.77000,0.000625373,40544.77000,0.0625373,40544.77000,0.8736,40544.77000,100,40544.77000,0.0209258,40544.77000,0.000209258,40544.77000,0.334614,40544.77000,0.8,40544.77000,0.29078,40544.77000,0,40544.77000,0.000625373,40544.77000,0.01,40544.77000,0.8736,40544.77000,0.0173325,40544.77000,0.4,40544.77000,0.29078,40544.77000,0,40544.77000,0,40544.77000,0,40544.77000,0,40544.77000,0,40544.77000,0,40544.77000,-0.0388256,40544.77000,0,40544.77000,0,40544.77000,0,40544.77000,0,40544.77000,0,40544.77000,0,40544.77000,0.0173325,40544.77000,0.0173325,40544.77000,0,40544.77000,3.97741e-05,40544.77000,3.97741e-05,40544.77000,0,40544.77000,3.75349e-05,40544.77000,3.75349e-05,40544.77000,0,40544.77000,0,40544.77000,0,40544.77000,0,40544.77000,1.98711e-06,40544.77000,1.98711e-06,40544.77000,0,40544.77000,0,40544.77000,0,40544.77000,0,40544.77000,0.324366,40544.77000,0.324366,40544.77000,0,40544.77000,0,40544.77000,0,40544.77000,0,40544.77000,0,40544.77000,0,40544.77000,10551.5,40544.77000,0,40544.77000,0,40544.77000,0,40544.77000,0,40544.77000,611,40544.77000,0,40544.77000,0,40544.77000,0
40544.78000,1,40544.78000,3.9733,40544.78000,0.0882956,40544.78000,-1.2117,40544.78000,0,40544.78000,0.0001,40544.78000,0.0001,40544.78000,-1.5999,40544.78000,0,40544.78000,0,40544.78000,0,40544.78000,0,40544.78000,0,40544.78000,0.863691,40544.78000,0.863691,40544.78000,0.863691,40544.78000,0,40544.78000,0,40544.78000,0,40544.78000,0,40544.78000,5,40544.78000,0.783895,40544.78000,19.4618,40544.78000,0,40544.78000,0,40544.78000,-1.21121,40544.78000,-1.21121,40544.78000,-1.21121,40544.78000,0.324363,40544.78000,60,40544.78000,100111,40544.78000,-3,40544.78000,0,40544.78000,0,40544.78000,0,40544.78000,0,40544.78000,0.000122444,40544.78000,6.12221e-08,40544.78000,6.12221e-08,40544.78000,0,40544.78000,0,40544.78000,0,40544.78000,0,40544.78000,0.01,40544.78000,0.957473,40544.78000,30.8092,40544.78000,0,40544.78000,0,40544.78000,-1.34073,40544.78000,-0.274059,40544.78000,-0.274059,40544.78000,0.385116,40544.78000,80,40544.78000,0,40544.78000,0,40544.78000,0.01,40544.78000,0.819558,40544.78000,26.9476,40544.78000,0,40544.78000,0,40544.78000,-2.62085,40544.78000,-0.987518,40544.78000,-0.987518,40544.78000,0.336845,40544.78000,80,40544.78000,0,40544.78000,0,40544.78000,0.01,40544.78000,0.873601,40544.78000,28.4608,40544.78000,0,40544.78000,0,40544.78000,-2.88913,40544.78000,-0.689131,40544.78000,-0.689131,40544.78000,0.35576,40544.78000,80,40544.78000,0,40544.78000,0,40544.78000,9.9134e-06,40544.78000,0.000991291,40544.78000,1.98258e-06,40544.78000,1.98258e-06,40544.78000,0,40544.78000,100711,40544.78000,-1.9,40544.78000,0.01,40544.78000,0.289746,40544.78000,0.4,40544.78000,5,40544.78000,0.000991291,40544.78000,3.95957e-05,40544.78000,0.3,40544.78000,0,40544.78000,0,40544.78000,0,40544.78000,0,40544.78000,0,40544.78000,0,40544.78000,-0.15005,40544.78000,0,40544.78000,0,40544.78000,0,40544.78000,3.73487e-05,40544.78000,0.115574,40544.78000,5,40544.78000,0.783895,40544.78000,0.0190856,40544.78000,0.3,40544.78000,0.29078,40544.78000,0.00190817,40544.78000,0.190817,40544.78000,0.957473,40544.78000,100,40544.78000,0.305336,40544.78000,0.00305336,40544.78000,1.60015,40544.78000,0.8,40544.78000,0.29078,40544.78000,0.000625383,40544.78000,0.0625383,40544.78000,0.873601,40544.78000,100,40544.78000,0.0209725,40544.78000,0.000209725,40544.78000,0.335354,40544.78000,0.8,40544.78000,0.29078,40544.78000,0,40544.78000,0.000625383,40544.78000,0.01,40544.78000,0.873601,40544.78000,0.0173338,40544.78000,0.4,40544.78000,0.29078,40544.78000,0,40544.78000,0,40544.78000,0,40544.78000,0,40544.78000,0,40544.78000,0,40544.78000,-0.0388196,40544.78000,0,40544.78000,0,40544.78000,0,40544.78000,0,40544.78000,0,40544.78000,0,40544.78000,0.0173338,40544.78000,0.0173338,40544.78000,0,40544.78000,3.95957e-05,40544.78000,3.95957e-05,40544.78000,0,40544.78000,3.73487e-05,40544.78000,3.73487e-05,40544.78000,0,40544.78000,0,40544.78000,0,40544.78000,0,40544.78000,1.98258e-06,40544.78000,1.98258e-06,40544.78000,0,40544.78000,0,40544.78000,0,40544.78000,0,40544.78000,0.324363,40544.78000,0.324363,40544.78000,0,40544.78000,0,40544.78000,0,40544.78000,0,40544.78000,0,40544.78000,0,40544.78000,10551.5,40544.78000,0,40544.78000,0,40544.78000,0,40544.78000,0,40544.78000,611,40544.78000,0,40544.78000,0,40544.78000,0
40544.79000,1,40544.79000,3.97061,40544.79000,0.0882357,40544.79000,-1.21176,40544.79000,0,40544.79000,0.0001,40544.79000,0.0001,40544.79000,-1.5999,40544.79000,0,40544.79000,0,40544.79000,0,40544.79000,0,40544.79000,0,40544.79000,0.863691,40544.79000,0.863691,40544.79000,0.863691,40544.79000,0,40544.79000,0,40544.79000,0,40544.79000,0,40544.79000,5,40544.79000,0.783886,40544.79000,19.4616,40544.79000,0,40544.79000,0,40544.79000,-1.21127,40544.79000,-1.21127,40544.79000,-1.21127,40544.79000,0.32436,40544.79000,60,40544.79000,100111,40544.79000,-3,40544.79000,0,40544.79000,0,40544.79000,0,40544.79000,0,40544.79000,0.000122078,40544.79000,6.10388e-08,40544.79000,6.10388e-08,40544.79000,0,40544.79000,0,40544.79000,0,40544.79000,0,40544.79000,0.01,40544.79000,0.957468,40544.79000,30.8091,40544.79000,0,40544.79000,0,40544.79000,-1.34076,40544.79000,-0.274086,40544.79000,-0.274086,40544.79000,0.385114,40544.79000,80,40544.79000,0,40544.79000,0,40544.79000,0.01,40544.79000,0.819659,40544.79000,26.9505,40544.79000,0,40544.79000,0,40544.79000,-2.62025,40544.79000,-0.986919,40544.79000,-0.986919,40544.79000,0.336881,40544.79000,80,40544.79000,0,40544.79000,0,40544.79000,0.01,40544.79000,0.873602,40544.79000,28.4609,40544.79000,0,40544.79000,0,40544.79000,-2.88912,40544.79000,-0.689124,40544.79000,-0.689124,40544.79000,0.355761,40544.79000,80,40544.79000,0,40544.79000,0,40544.79000,9.89073e-06,40544.79000,0.000989024,40544.79000,1.97805e-06,40544.79000,1.97805e-06,40544.79000,0,40544.79000,100711,40544.79000,-1.9,40544.79000,0.01,40544.79000,0.289653,40544.79000,0.4,40544.79000,5,40544.79000,0.000989024,40544.79000,3.94172e-05,40544.79000,0.3,40544.79000,0,40544.79000,0,40544.79000,0,40544.79000,0,40544.79000,0,40544.79000,0,40544.79000,-0.15005,40544.79000,0,40544.79000,0,40544.79000,0,40544.79000,3.71628e-05,40544.79000,0.115563,40544.79000,5,40544.79000,0.783886,40544.79000,0.0190792,40544.79000,0.3,40544.79000,0.29078,40544.79000,0.001908,40544.79000,0.1908,40544.79000,0.957468,40544.79000,100,40544.79000,0.305159,40544.79000,0.00305159,40544.79000,1.59937,40544.79000,0.8,40544.79000,0.29078,40544.79000,0.000625392,40544.79000,0.0625392,40544.79000,0.873602,40544.79000,100,40544.79000,0.0210191,40544.79000,0.000210191,40544.79000,0.336094,40544.79000,0.8,40544.79000,0.29078,40544.79000,0,40544.79000,0.000625392,40544.79000,0.01,40544.79000,0.873602,40544.79000,0.0173352,40544.79000,0.4,40544.79000,0.29078,40544.79000,0,40544.79000,0,40544.79000,0,40544.79000,0,40544.79000,0,40544.79000,0,40544.79000,-0.0388136,40544.79000,0,40544.79000,0,40544.79000,0,40544.79000,0,40544.79000,0,40544.79000,0,40544.79000,0.0173352,40544.79000,0.0173352,40544.79000,0,40544.79000,3.94172e-05,40544.79000,3.94172e-05,40544.79000,0,40544.79000,3.71628e-05,40544.79000,3.71628e-05,40544.79000,0,40544.79000,0,40544.79000,0,40544.79000,0,40544.79000,1.97805e-06,40544.79000,1.97805e-06,40544.79000,0,40544.79000,0,40544.79000,0,40544.79000,0,40544.79000,0.32436,40544.79000,0.32436,40544.79000,0,40544.79000,0,40544.79000,0,40544.79000,0,40544.79000,0,40544.79000,0,40544.79000,10551.5,40544.79000,0,40544.79000,0,40544.79000,0,40544.79000,0,40544.79000,611,40544.79000,0,40544.79000,0,40544.79000,0
40544.80000,1,40544.80000,3.96791,40544.80000,0.0881758,40544.80000,-1.21182,40544.80000,0,40544.80000,0.0001,40544.80000,0.0001,40544.80000,-1.5999,40544.80000,0,40544.80000,0,40544.80000,0,40544.80000,0,40544.80000,0,40544.80000,0.863691,40544.80000,0.863691,40544.80000,0.863691,40544.80000,0,40544.80000,0,40544.80000,0,40544.80000,0,40544.80000,5,40544.80000,0.783877,40544.80000,19.4614,40544.80000,0,40544.80000,0,40544.80000,-1.21133,40544.80000,-1.21133,40544.80000,-1.21133,40544.80000,0.324357,40544.80000,60,40544.80000,100111,40544.80000,-3,40544.80000,0,40544.80000,0,40544.80000,0,40544.80000,0,40544.80000,0.000121711,40544.80000,6.08555e-08,40544.80000,6.08555e-08,40544.80000,0,40544.80000,0,40544.80000,0,40544.80000,0,40544.80000,0.01,40544.80000,0.957462,40544.80000,30.8089,40544.80000,0,40544.80000,0,40544.80000,-1.34078,40544.80000,-0.274114,40544.80000,-0.274114,40544.80000,0.385112,40544.80000,80,40544.80000,0,40544.80000,0,40544.80000,0.01,40544.80000,0.81976,40544.80000,26.9533,40544.80000,0,40544.80000,0,40544.80000,-2.61965,40544.80000,-0.98632,40544.80000,-0.98632,40544.80000,0.336916,40544.80000,80,40544.80000,0,40544.80000,0,40544.80000,0.01,40544.80000,0.873604,40544.80000,28.4609,40544.80000,0,40544.80000,0,40544.80000,-2.88912,40544.80000,-0.689117,40544.80000,-0.689117,40544.80000,0.355761,40544.80000,80,40544.80000,0,40544.80000,0,40544.80000,9.86806e-06,40544.80000,0.000986757,40544.80000,1.97351e-06,40544.80000,1.97351e-06,40544.80000,0,40544.80000,100711,40544.80000,-1.9,40544.80000,0.01,40544.80000,0.28956,40544.80000,0.4,40544.80000,5,40544.80000,0.000986757,40544.80000,3.92387e-05,40544.80000,0.3,40544.80000,0,40544.80000,0,40544.80000,0,40544.80000,0,40544.80000,0,40544.80000,0,40544.80000,-0.15005,40544.80000,0,40544.80000,0,40544.80000,0,40544.80000,3.69769e-05,40544.80000,0.115552,40544.80000,5,40544.80000,0.783877,40544.80000,0.0190727,40544.80000,0.3,40544.80000,0.29078,40544.80000,0.00190782,40544.80000,0.190782,40544.80000,0.957462,40544.80000,100,40544.80000,0.304981,40544.80000,0.00304981,40544.80000,1.59858,40544.80000,0.8,40544.80000,0.29078,40544.80000,0.000625402,40544.80000,0.0625402,40544.80000,0.873604,40544.80000,100,40544.80000,0.0210657,40544.80000,0.000210657,40544.80000,0.336834,40544.80000,0.8,40544.80000,0.29078,40544.80000,0,40544.80000,0.000625402,40544.80000,0.01,40544.80000,0.873604,40544.80000,0.0173365,40544.80000,0.4,40544.80000,0.29078,40544.80000,0,40544.80000,0,40544.80000,0,40544.80000,0,40544.80000,0,40544.80000,0,40544.80000,-0.0388076,40544.80000,0,40544.80000,0,40544.80000,0,40544.80000,0,40544.80000,0,40544.80000,0,40544.80000,0.0173365,40544.80000,0.0173365,40544.80000,0,40544.80000,3.92387e-05,40544.80000,3.92387e-05,40544.80000,0,40544.80000,3.69769e-05,40544.80000,3.69769e-05,40544.80000,0,40544.80000,0,40544.80000,0,40544.80000,0,40544.80000,1.97351e-06,40544.80000,1.97351e-06,40544.80000,0,40544.80000,0,40544.80000,0,40544.80000,0,40544.80000,0.324357,40544.80000,0.324357,40544.80000,0,40544.80000,0,40544.80000,0,40544.80000,0,40544.80000,0,40544.80000,0,40544.80000,10551.5,40544.80000,0,40544.80000,0,40544.80000,0,40544.80000,0,40544.80000,611,40544.80000,0,40544.80000,0,40544.80000,0
40544.81000,1,40544.81000,3.96521,40544.81000,0.0881158,40544.81000,-1.21188,40544.81000,0,40544.81000,0.0001,40544.81000,0.0001,40544.81000,-1.5999,40544.81000,0,40544.81000,0,40544.81000,0,40544.81000,0,40544.81000,0,40544.81000,0.863691,40544.81000,0.863691,40544.81000,0.863691,40544.81000,0,40544.81000,0,40544.81000,0,40544.81000,0,40544.81000,5,40544.81000,0.783868,40544.81000,19.4612,40544.81000,0,40544.81000,0,40544.81000,-1.21139,40544.81000,-1.21139,40544.81000,-1.21139,40544.81000,0.324354,40544.81000,60,40544.81000,100111,40544.81000,-3,40544.81000,0,40544.81000,0,40544.81000,0,40544.81000,0,40544.81000,0.000121345,40544.81000,6.06723e-08,40544.81000,6.06723e-08,40544.81000,0,40544.81000,0,40544.81000,0,40544.81000,0,40544.81000,0.01,40544.81000,0.957457,40544.81000,30.8088,40544.81000,0,40544.81000,0,40544.81000,-1.34081,40544.81000,-0.274141,40544.81000,-0.274141,40544.81000,0.38511,40544.81000,80,40544.81000,0,40544.81000,0,40544.81000,0.01,40544.81000,0.819861,40544.81000,26.9561,40544.81000,0,40544.81000,0,40544.81000,-2.61905,40544.81000,-0.985721,40544.81000,-0.985721,40544.81000,0.336951,40544.81000,80,40544.81000,0,40544.81000,0,40544.81000,0.01,40544.81000,0.873605,40544.81000,28.4609,40544.81000,0,40544.81000,0,40544.81000,-2.88911,40544.81000,-0.689111,40544.81000,-0.689111,40544.81000,0.355762,40544.81000,80,40544.81000,0,40544.81000,0,40544.81000,9.84538e-06,40544.81000,0.00098449,40544.81000,1.96898e-06,40544.81000,1.96898e-06,40544.81000,0,40544.81000,100711,40544.81000,-1.9,40544.81000,0.01,40544.81000,0.289467,40544.81000,0.4,40544.81000,5,40544.81000,0.00098449,40544.81000,3.90601e-05,40544.81000,0.3,40544.81000,0,40544.81000,0,40544.81000,0,40544.81000,0,40544.81000,0,40544.81000,0,40544.81000,-0.15005,40544.81000,0,40544.81000,0,40544.81000,0,40544.81000,3.6791e-05,40544.81000,0.11554,40544.81000,5,40544.81000,0.783868,40544.81000,0.0190662,40544.81000,0.3,40544.81000,0.29078,40544.81000,0.00190765,40544.81000,0.190765,40544.81000,0.957457,40544.81000,100,40544.81000,0.304804,40544.81000,0.00304804,40544.81000,1.5978,40544.81000,0.8,40544.81000,0.29078,40544.81000,0.000625412,40544.81000,0.0625412,40544.81000,0.873605,40544.81000,100,40544.81000,0.0211123,40544.81000,0.000211123,40544.81000,0.337574,40544.81000,0.8,40544.81000,0.29078,40544.81000,0,40544.81000,0.000625412,40544.81000,0.01,40544.81000,0.873605,40544.81000,0.0173379,40544.81000,0.4,40544.81000,0.29078,40544.81000,0,40544.81000,0,40544.81000,0,40544.81000,0,40544.81000,0,40544.81000,0,40544.81000,-0.0388016,40544.81000,0,40544.81000,0,40544.81000,0,40544.81000,0,40544.81000,0,40544.81000,0,40544.81000,0.0173379,40544.81000,0.0173379,40544.81000,0,40544.81000,3.90601e-05,40544.81000,3.90601e-05,40544.81000,0,40544.81000,3.6791e-05,40544.81000,3.6791e-05,40544.81000,0,40544.81000,0,40544.81000,0,40544.81000,0,40544.81000,1.96898e-06,40544.81000,1.96898e-06,40544.81000,0,40544.81000,0,40544.81000,0,40544.81000,0,40544.81000,0.324354,40544.81000,0.324354,40544.81000,0,40544.81000,0,40544.81000,0,40544.81000,0,40544.81000,0,40544.81000,0,40544.81000,10551.5,40544.81000,0,40544.81000,0,40544.81000,0,40544.81000,0,40544.81000,611,40544.81000,0,40544.81000,0,40544.81000,0
40544.82000,1,40544.82000,3.96252,40544.82000,0.088056,40544.82000,-1.21194,40544.82000,0,40544.82000,0.0001,40544.82000,0.0001,40544.82000,-1.5999,40544.82000,0,40544.82000,0,40544.82000,0,40544.82000,0,40544.82000,0,40544.82000,0.863691,40544.82000,0.863691,40544.82000,0.863691,40544.82000,0,40544.82000,0,40544.82000,0,40544.82000,0,40544.82000,5,40544.82000,0.783859,40544.82000,19.461,40544.82000,0,40544.82000,0,40544.82000,-1.21145,40544.82000,-1.21145,40544.82000,-1.21145,40544.82000,0.32435,40544.82000,60,40544.82000,100111,40544.82000,-3,40544.82000,0,40544.82000,0,40544.82000,0,40544.82000,0,40544.82000,0.000120984,40544.82000,6.04918e-08,40544.82000,6.04918e-08,40544.82000,0,40544.82000,0,40544.82000,0,40544.82000,0,40544.82000,0.01,40544.82000,0.957451,40544.82000,30.8086,40544.82000,0,40544.82000,0,40544.82000,-1.34084,40544.82000,-0.274168,40544.82000,-0.274168,40544.82000,0.385108,40544.82000,80,40544.82000,0,40544.82000,0,40544.82000,0.01,40544.82000,0.819962,40544.82000,26.9589,40544.82000,0,40544.82000,0,40544.82000,-2.61845,40544.82000,-0.985124,40544.82000,-0.985124,40544.82000,0.336987,40544.82000,80,40544.82000,0,40544.82000,0,40544.82000,0.01,40544.82000,0.873606,40544.82000,28.461,40544.82000,0,40544.82000,0,40544.82000,-2.8891,40544.82000,-0.689103,40544.82000,-0.689103,40544.82000,0.355762,40544.82000,80,40544.82000,0,40544.82000,0,40544.82000,9.82263e-06,40544.82000,0.000982214,40544.82000,1.96443e-06,40544.82000,1.96443e-06,40544.82000,0,40544.82000,100711,40544.82000,-1.9,40544.82000,0.01,40544.82000,0.289373,40544.82000,0.4,40544.82000,5,40544.82000,0.000982214,40544.82000,3.88822e-05,40544.82000,0.3,40544.82000,0,40544.82000,0,40544.82000,0,40544.82000,0,40544.82000,0,40544.82000,0,40544.82000,-0.15005,40544.82000,0,40544.82000,0,40544.82000,0,40544.82000,3.6609e-05,40544.82000,0.115529,40544.82000,5,40544.82000,0.783859,40544.82000,0.0190596,40544.82000,0.3,40544.82000,0.29078,40544.82000,0.00190748,40544.82000,0.190748,40544.82000,0.957451,40544.82000,100,40544.82000,0.304628,40544.82000,0.00304628,40544.82000,1.59702,40544.82000,0.8,40544.82000,0.29078,40544.82000,0.000625422,40544.82000,0.0625422,40544.82000,0.873606,40544.82000,100,40544.82000,0.0211587,40544.82000,0.000211587,40544.82000,0.338311,40544.82000,0.8,40544.82000,0.29078,40544.82000,0,40544.82000,0.000625422,40544.82000,0.01,40544.82000,0.873606,40544.82000,0.0173393,40544.82000,0.4,40544.82000,0.29078,40544.82000,0,40544.82000,0,40544.82000,0,40544.82000,0,40544.82000,0,40544.82000,0,40544.82000,-0.0387956,40544.82000,0,40544.82000,0,40544.82000,0,40544.82000,0,40544.82000,0,40544.82000,0,40544.82000,0.0173393,40544.82000,0.0173393,40544.82000,0,40544.82000,3.88822e-05,40544.82000,3.88822e-05,40544.82000,0,40544.82000,3.6609e-05,40544.82000,3.6609e-05,40544.82000,0,40544.82000,0,40544.82000,0,40544.82000,0,40544.82000,1.96443e-06,40544.82000,1.96443e-06,40544.82000,0,40544.82000,0,40544.82000,0,40544.82000,0,40544.82000,0.32435,40544.82000,0.32435,40544.82000,0,40544.82000,0,40544.82000,0,40544.82000,0,40544.82000,0,40544.82000,0,40544.82000,10551.5,40544.82000,0,40544.82000,0,40544.82000,0,40544.82000,0,40544.82000,611,40544.82000,0,40544.82000,0,40544.82000,0
40544.83000,1,40544.83000,3.95983,40544.83000,0.0879961,40544.83000,-1.212,40544.83000,0,40544.83000,0.0001,40544.83000,0.0001,40544.83000,-1.5999,40544.83000,0,40544.83000,0,40544.83000,0,40544.83000,0,40544.83000,0,40544.83000,0.863691,40544.83000,0.863691,40544.83000,0.863691,40544.83000,0,40544.83000,0,40544.83000,0,40544.83000,0,40544.83000,5,40544.83000,0.78385,40544.83000,19.4608,40544.83000,0,40544.83000,0,40544.83000,-1.21151,40544.83000,-1.21151,40544.83000,-1.21151,40544.83000,0.324347,40544.83000,60,40544.83000,100111,40544.83000,-3,40544.83000,0,40544.83000,0,40544.83000,0,40544.83000,0,40544.83000,0.000120625,40544.83000,6.03123e-08,40544.83000,6.03123e-08,40544.83000,0,40544.83000,0,40544.83000,0,40544.83000,0,40544.83000,0.01,40544.83000,0.957446,40544.83000,30.8085,40544.83000,0,40544.83000,0,40544.83000,-1.34087,40544.83000,-0.274195,40544.83000,-0.274195,40544.83000,0.385106,40544.83000,80,40544.83000,0,40544.83000,0,40544.83000,0.01,40544.83000,0.820063,40544.83000,26.9618,40544.83000,0,40544.83000,0,40544.83000,-2.61786,40544.83000,-0.984528,40544.83000,-0.984528,40544.83000,0.337022,40544.83000,80,40544.83000,0,40544.83000,0,40544.83000,0.01,40544.83000,0.873608,40544.83000,28.461,40544.83000,0,40544.83000,0,40544.83000,-2.8891,40544.83000,-0.689096,40544.83000,-0.689096,40544.83000,0.355763,40544.83000,80,40544.83000,0,40544.83000,0,40544.83000,9.79984e-06,40544.83000,0.000979936,40544.83000,1.95987e-06,40544.83000,1.95987e-06,40544.83000,0,40544.83000,100711,40544.83000,-1.9,40544.83000,0.01,40544.83000,0.289279,40544.83000,0.4,40544.83000,5,40544.83000,0.000979936,40544.83000,3.87044e-05,40544.83000,0.3,40544.83000,0,40544.83000,0,40544.83000,0,40544.83000,0,40544.83000,0,40544.83000,0,40544.83000,-0.15005,40544.83000,0,40544.83000,0,40544.83000,0,40544.83000,3.64285e-05,40544.83000,0.115518,40544.83000,5,40544.83000,0.78385,40544.83000,0.019053,40544.83000,0.3,40544.83000,0.29078,40544.83000,0.00190731,40544.83000,0.190731,40544.83000,0.957446,40544.83000,100,40544.83000,0.304452,40544.83000,0.00304452,40544.83000,1.59624,40544.83000,0.8,40544.83000,0.29078,40544.83000,0.000625432,40544.83000,0.0625432,40544.83000,0.873608,40544.83000,100,40544.83000,0.0212051,40544.83000,0.000212051,40544.83000,0.339048,40544.83000,0.8,40544.83000,0.29078,40544.83000,0,40544.83000,0.000625432,40544.83000,0.01,40544.83000,0.873608,40544.83000,0.0173407,40544.83000,0.4,40544.83000,0.29078,40544.83000,0,40544.83000,0,40544.83000,0,40544.83000,0,40544.83000,0,40544.83000,0,40544.83000,-0.0387896,40544.83000,0,40544.83000,0,40544.83000,0,40544.83000,0,40544.83000,0,40544.83000,0,40544.83000,0.0173407,40544.83000,0.0173407,40544.83000,0,40544.83000,3.87044e-05,40544.83000,3.87044e-05,40544.83000,0,40544.83000,3.64285e-05,40544.83000,3.64285e-05,40544.83000,0,40544.83000,0,40544.83000,0,40544.83000,0,40544.83000,1.95987e-06,40544.83000,1.95987e-06,40544.83000,0,40544.83000,0,40544.83000,0,40544.83000,0,40544.83000,0.324347,40544.83000,0.324347,40544.83000,0,40544.83000,0,40544.83000,0,40544.83000,0,40544.83000,0,40544.83000,0,40544.83000,10551.5,40544.83000,0,40544.83000,0,40544.83000,0,40544.83000,0,40544.83000,611,40544.83000,0,40544.83000,0,40544.83000,0
40544.84000,1,40544.84000,3.95713,40544.84000,0.0879363,40544.84000,-1.21206,40544.84000,0,40544.84000,0.0001,40544.84000,0.0001,40544.84000,-1.5999,40544.84000,0,40544.84000,0,40544.84000,0,40544.84000,0,40544.84000,0,40544.84000,0.863691,40544.84000,0.863691,40544.84000,0.863691,40544.84000,0,40544.84000,0,40544.84000,0,40544.84000,0,40544.84000,5,40544.84000,0.78384,40544.84000,19.4607,40544.84000,0,40544.84000,0,40544.84000,-1.21157,40544.84000,-1.21157,40544.84000,-1.21157,40544.84000,0.324344,40544.84000,60,40544.84000,100111,40544.84000,-3,40544.84000,0,40544.84000,0,40544.84000,0,40544.84000,0,40544.84000,0.000120266,40544.84000,6.01328e-08,40544.84000,6.01328e-08,40544.84000,0,40544.84000,0,40544.84000,0,40544.84000,0,40544.84000,0.01,40544.84000,0.957441,40544.84000,30.8083,40544.84000,0,40544.84000,0,40544.84000,-1.34089,40544.84000,-0.274222,40544.84000,-0.274222,40544.84000,0.385104,40544.84000,80,40544.84000,0,40544.84000,0,40544.84000,0.01,40544.84000,0.820164,40544.84000,26.9646,40544.84000,0,40544.84000,0,40544.84000,-2.61726,40544.84000,-0.983932,40544.84000,-0.983932,40544.84000,0.337057,40544.84000,80,40544.84000,0,40544.84000,0,40544.84000,0.01,40544.84000,0.873609,40544.84000,28.4611,40544.84000,0,40544.84000,0,40544.84000,-2.88909,40544.84000,-0.689089,40544.84000,-0.689089,40544.84000,0.355763,40544.84000,80,40544.84000,0,40544.84000,0,40544.84000,9.77705e-06,40544.84000,0.000977657,40544.84000,1.95531e-06,40544.84000,1.95531e-06,40544.84000,0,40544.84000,100711,40544.84000,-1.9,40544.84000,0.01,40544.84000,0.289185,40544.84000,0.4,40544.84000,5,40544.84000,0.000977657,40544.84000,3.85267e-05,40544.84000,0.3,40544.84000,0,40544.84000,0,40544.84000,0,40544.84000,0,40544.84000,0,40544.84000,0,40544.84000,-0.15005,40544.84000,0,40544.84000,0,40544.84000,0,40544.84000,3.6248e-05,40544.84000,0.115506,40544.84000,5,40544.84000,0.78384,40544.84000,0.0190464,40544.84000,0.3,40544.84000,0.29078,40544.84000,0.00190714,40544.84000,0.190714,40544.84000,0.957441,40544.84000,100,40544.84000,0.304277,40544.84000,0.00304277,40544.84000,1.59546,40544.84000,0.8,40544.84000,0.29078,40544.84000,0.000625443,40544.84000,0.0625443,40544.84000,0.873609,40544.84000,100,40544.84000,0.0212515,40544.84000,0.000212515,40544.84000,0.339784,40544.84000,0.8,40544.84000,0.29078,40544.84000,0,40544.84000,0.000625443,40544.84000,0.01,40544.84000,0.873609,40544.84000,0.0173422,40544.84000,0.4,40544.84000,0.29078,40544.84000,0,40544.84000,0,40544.84000,0,40544.84000,0,40544.84000,0,40544.84000,0,40544.84000,-0.0387836,40544.84000,0,40544.84000,0,40544.84000,0,40544.84000,0,40544.84000,0,40544.84000,0,40544.84000,0.0173422,40544.84000,0.0173422,40544.84000,0,40544.84000,3.85267e-05,40544.84000,3.85267e-05,40544.84000,0,40544.84000,3.6248e-05,40544.84000,3.6248e-05,40544.84000,0,40544.84000,0,40544.84000,0,40544.84000,0,40544.84000,1.95531e-06,40544.84000,1.95531e-06,40544.84000,0,40544.84000,0,40544.84000,0,40544.84000,0,40544.84000,0.324344,40544.84000,0.324344,40544.84000,0,40544.84000,0,40544.84000,0,40544.84000,0,40544.84000,0,40544.84000,0,40544.84000,10551.5,40544.84000,0,40544.84000,0,40544.84000,0,40544.84000,0,40544.84000,611,40544.84000,0,40544.84000,0,40544.84000,0
40544.85000,1,40544.85000,3.95444,40544.85000,0.0878764,40544.85000,-1.21212,40544.85000,0,40544.85000,0.0001,40544.85000,0.0001,40544.85000,-1.5999,40544.85000,0,40544.85000,0,40544.85000,0,40544.85000,0,40544.85000,0,40544.85000,0.863691,40544.85000,0.863691,40544.85000,0.863691,40544.85000,0,40544.85000,0,40544.85000,0,40544.85000,0,40544.85000,5,40544.85000,0.783831,40544.85000,19.4605,40544.85000,0,40544.85000,0,40544.85000,-1.21163,40544.85000,-1.21163,40544.85000,-1.21163,40544.85000,0.324341,40544.85000,60,40544.85000,100111,40544.85000,-3,40544.85000,0,40544.85000,0,40544.85000,0,40544.85000,0,40544.85000,0.000119907,40544.85000,5.99534e-08,40544.85000,5.99534e-08,40544.85000,0,40544.85000,0,40544.85000,0,40544.85000,0,40544.85000,0.01,40544.85000,0.957435,40544.85000,30.8082,40544.85000,0,40544.85000,0,40544.85000,-1.34092,40544.85000,-0.274249,40544.85000,-0.274249,40544.85000,0.385102,40544.85000,80,40544.85000,0,40544.85000,0,40544.85000,0.01,40544.85000,0.820264,40544.85000,26.9674,40544.85000,0,40544.85000,0,40544.85000,-2.61667,40544.85000,-0.983335,40544.85000,-0.983335,40544.85000,0.337092,40544.85000,80,40544.85000,0,40544.85000,0,40544.85000,0.01,40544.85000,0.873611,40544.85000,28.4611,40544.85000,0,40544.85000,0,40544.85000,-2.88908,40544.85000,-0.689081,40544.85000,-0.689081,40544.85000,0.355764,40544.85000,80,40544.85000,0,40544.85000,0,40544.85000,9.75426e-06,40544.85000,0.000975378,40544.85000,1.95076e-06,40544.85000,1.95076e-06,40544.85000,0,40544.85000,100711,40544.85000,-1.9,40544.85000,0.01,40544.85000,0.28909,40544.85000,0.4,40544.85000,5,40544.85000,0.000975378,40544.85000,3.83489e-05,40544.85000,0.3,40544.85000,0,40544.85000,0,40544.85000,0,40544.85000,0,40544.85000,0,40544.85000,0,40544.85000,-0.15005,40544.85000,0,40544.85000,0,40544.85000,0,40544.85000,3.60674e-05,40544.85000,0.115495,40544.85000,5,40544.85000,0.783831,40544.85000,0.0190398,40544.85000,0.3,40544.85000,0.29078,40544.85000,0.00190697,40544.85000,0.190697,40544.85000,0.957435,40544.85000,100,40544.85000,0.304101,40544.85000,0.00304101,40544.85000,1.59468,40544.85000,0.8,40544.85000,0.29078,40544.85000,0.000625453,40544.85000,0.0625453,40544.85000,0.873611,40544.85000,100,40544.85000,0.0212979,40544.85000,0.000212979,40544.85000,0.34052,40544.85000,0.8,40544.85000,0.29078,40544.85000,0,40544.85000,0.000625453,40544.85000,0.01,40544.85000,0.873611,40544.85000,0.0173436,40544.85000,0.4,40544.85000,0.29078,40544.85000,0,40544.85000,0,40544.85000,0,40544.85000,0,40544.85000,0,40544.85000,0,40544.85000,-0.0387776,40544.85000,0,40544.85000,0,40544.85000,0,40544.85000,0,40544.85000,0,40544.85000,0,40544.85000,0.0173436,40544.85000,0.0173436,40544.85000,0,40544.85000,3.83489e-05,40544.85000,3.83489e-05,40544.85000,0,40544.85000,3.60674e-05,40544.85000,3.60674e-05,40544.85000,0,40544.85000,0,40544.85000,0,40544.85000,0,40544.85000,1.95076e-06,40544.85000,1.95076e-06,40544.85000,0,40544.85000,0,40544.85000,0,40544.85000,0,40544.85000,0.324341,40544.85000,0.324341,40544.85000,0,40544.85000,0,40544.85000,0,40544.85000,0,40544.85000,0,40544.85000,0,40544.85000,10551.5,40544.85000,0,40544.85000,0,40544.85000,0,40544.85000,0,40544.85000,611,40544.85000,0,40544.85000,0,40544.85000,0
40544.86000,1,40544.86000,3.95175,40544.86000,0.0878166,40544.86000,-1.21218,40544.86000,0,40544.86000,0.0001,40544.86000,0.0001,40544.86000,-1.5999,40544.86000,0,40544.86000,0,40544.86000,0,40544.86000,0,40544.86000,0,40544.86000,0.863691,40544.86000,0.863691,40544.86000,0.863691,40544.86000,0,40544.86000,0,40544.86000,0,40544.86000,0,40544.86000,5,40544.86000,0.783822,40544.86000,19.4603,40544.86000,0,40544.86000,0,40544.86000,-1.21169,40544.86000,-1.21169,40544.86000,-1.21169,40544.86000,0.324338,40544.86000,60,40544.86000,100111,40544.86000,-3,40544.86000,0,40544.86000,0,40544.86000,0,40544.86000,0,40544.86000,0.000119552,40544.86000,5.97758e-08,40544.86000,5.97758e-08,40544.86000,0,40544.86000,0,40544.86000,0,40544.86000,0,40544.86000,0.01,40544.86000,0.95743,40544.86000,30.808,40544.86000,0,40544.86000,0,40544.86000,-1.34095,40544.86000,-0.274275,40544.86000,-0.274275,40544.86000,0.3851,40544.86000,80,40544.86000,0,40544.86000,0,40544.86000,0.01,40544.86000,0.820365,40544.86000,26.9702,40544.86000,0,40544.86000,0,40544.86000,-2.61607,40544.86000,-0.982741,40544.86000,-0.982741,40544.86000,0.337128,40544.86000,80,40544.86000,0,40544.86000,0,40544.86000,0.01,40544.86000,0.873612,40544.86000,28.4611,40544.86000,0,40544.86000,0,40544.86000,-2.88907,40544.86000,-0.689074,40544.86000,-0.689074,40544.86000,0.355764,40544.86000,80,40544.86000,0,40544.86000,0,40544.86000,9.73148e-06,40544.86000,0.0009731,40544.86000,1.9462e-06,40544.86000,1.9462e-06,40544.86000,0,40544.86000,100711,40544.86000,-1.9,40544.86000,0.01,40544.86000,0.288996,40544.86000,0.4,40544.86000,5,40544.86000,0.0009731,40544.86000,3.81721e-05,40544.86000,0.3,40544.86000,0,40544.86000,0,40544.86000,0,40544.86000,0,40544.86000,0,40544.86000,0,40544.86000,-0.15005,40544.86000,0,40544.86000,0,40544.86000,0,40544.86000,3.58895e-05,40544.86000,0.115484,40544.86000,5,40544.86000,0.783822,40544.86000,0.0190331,40544.86000,0.3,40544.86000,0.29078,40544.86000,0.0019068,40544.86000,0.19068,40544.86000,0.95743,40544.86000,100,40544.86000,0.303926,40544.86000,0.00303926,40544.86000,1.59391,40544.86000,0.8,40544.86000,0.29078,40544.86000,0.000625463,40544.86000,0.0625463,40544.86000,0.873612,40544.86000,100,40544.86000,0.0213442,40544.86000,0.000213442,40544.86000,0.341254,40544.86000,0.8,40544.86000,0.29078,40544.86000,0,40544.86000,0.000625463,40544.86000,0.01,40544.86000,0.873612,40544.86000,0.0173451,40544.86000,0.4,40544.86000,0.29078,40544.86000,0,40544.86000,0,40544.86000,0,40544.86000,0,40544.86000,0,40544.86000,0,40544.86000,-0.0387717,40544.86000,0,40544.86000,0,40544.86000,0,40544.86000,0,40544.86000,0,40544.86000,0,40544.86000,0.0173451,40544.86000,0.0173451,40544.86000,0,40544.86000,3.81721e-05,40544.86000,3.81721e-05,40544.86000,0,40544.86000,3.58895e-05,40544.86000,3.58895e-05,40544.86000,0,40544.86000,0,40544.86000,0,40544.86000,0,40544.86000,1.9462e-06,40544.86000,1.9462e-06,40544.86000,0,40544.86000,0,40544.86000,0,40544.86000,0,40544.86000,0.324338,40544.86000,0.324338,40544.86000,0,40544.86000,0,40544.86000,0,40544.86000,0,40544.86000,0,40544.86000,0,40544.86000,10551.5,40544.86000,0,40544.86000,0,40544.86000,0,40544.86000,0,40544.86000,611,40544.86000,0,40544.86000,0,40544.86000,0
40544.87000,1,40544.87000,3.94906,40544.87000,0.0877569,40544.87000,-1.21224,40544.87000,0,40544.87000,0.0001,40544.87000,0.0001,40544.87000,-1.5999,40544.87000,0,40544.87000,0,40544.87000,0,40544.87000,0,40544.87000,0,40544.87000,0.863691,40544.87000,0.863691,40544.87000,0.863691,40544.87000,0,40544.87000,0,40544.87000,0,40544.87000,0,40544.87000,5,40544.87000,0.783813,40544.87000,19.4601,40544.87000,0,40544.87000,0,40544.87000,-1.21175,40544.87000,-1.21175,40544.87000,-1.21175,40544.87000,0.324335,40544.87000,60,40544.87000,100111,40544.87000,-3,40544.87000,0,40544.87000,0,40544.87000,0,40544.87000,0,40544.87000,0.0001192,40544.87000,5.96e-08,40544.87000,5.96e-08,40544.87000,0,40544.87000,0,40544.87000,0,40544.87000,0,40544.87000,0.01,40544.87000,0.957425,40544.87000,30.8079,40544.87000,0,40544.87000,0,40544.87000,-1.34097,40544.87000,-0.274301,40544.87000,-0.274301,40544.87000,0.385099,40544.87000,80,40544.87000,0,40544.87000,0,40544.87000,0.01,40544.87000,0.820465,40544.87000,26.973,40544.87000,0,40544.87000,0,40544.87000,-2.61548,40544.87000,-0.982147,40544.87000,-0.982147,40544.87000,0.337163,40544.87000,80,40544.87000,0,40544.87000,0,40544.87000,0.01,40544.87000,0.873614,40544.87000,28.4612,40544.87000,0,40544.87000,0,40544.87000,-2.88907,40544.87000,-0.689066,40544.87000,-0.689066,40544.87000,0.355765,40544.87000,80,40544.87000,0,40544.87000,0,40544.87000,9.70871e-06,40544.87000,0.000970824,40544.87000,1.94165e-06,40544.87000,1.94165e-06,40544.87000,0,40544.87000,100711,40544.87000,-1.9,40544.87000,0.01,40544.87000,0.2889,40544.87000,0.4,40544.87000,5,40544.87000,0.000970824,40544.87000,3.79962e-05,40544.87000,0.3,40544.87000,0,40544.87000,0,40544.87000,0,40544.87000,0,40544.87000,0,40544.87000,0,40544.87000,-0.15005,40544.87000,0,40544.87000,0,40544.87000,0,40544.87000,3.57142e-05,40544.87000,0.115472,40544.87000,5,40544.87000,0.783813,40544.87000,0.0190264,40544.87000,0.3,40544.87000,0.29078,40544.87000,0.00190663,40544.87000,0.190663,40544.87000,0.957425,40544.87000,100,40544.87000,0.303752,40544.87000,0.00303752,40544.87000,1.59313,40544.87000,0.8,40544.87000,0.29078,40544.87000,0.000625474,40544.87000,0.0625474,40544.87000,0.873614,40544.87000,100,40544.87000,0.0213904,40544.87000,0.000213904,40544.87000,0.341986,40544.87000,0.8,40544.87000,0.29078,40544.87000,0,40544.87000,0.000625474,40544.87000,0.01,40544.87000,0.873614,40544.87000,0.0173466,40544.87000,0.4,40544.87000,0.29078,40544.87000,0,40544.87000,0,40544.87000,0,40544.87000,0,40544.87000,0,40544.87000,0,40544.87000,-0.0387657,40544.87000,0,40544.87000,0,40544.87000,0,40544.87000,0,40544.87000,0,40544.87000,0,40544.87000,0.0173466,40544.87000,0.0173466,40544.87000,0,40544.87000,3.79962e-05,40544.87000,3.79962e-05,40544.87000,0,40544.87000,3.57142e-05,40544.87000,3.57142e-05,40544.87000,0,40544.87000,0,40544.87000,0,40544.87000,0,40544.87000,1.94165e-06,40544.87000,1.94165e-06,40544.87000,0,40544.87000,0,40544.87000,0,40544.87000,0,40544.87000,0.324335,40544.87000,0.324335,40544.87000,0,40544.87000,0,40544.87000,0,40544.87000,0,40544.87000,0,40544.87000,0,40544.87000,10551.5,40544.87000,0,40544.87000,0,40544.87000,0,40544.87000,0,40544.87000,611,40544.87000,0,40544.87000,0,40544.87000,0
40544.88000,1,40544.88000,3.94637,40544.88000,0.0876971,40544.88000,-1.2123,40544.88000,0,40544.88000,0.0001,40544.88000,0.0001,40544.88000,-1.5999,40544.88000,0,40544.88000,0,40544.88000,0,40544.88000,0,40544.88000,0,40544.88000,0.863691,40544.88000,0.863691,40544.88000,0.863691,40544.88000,0,40544.88000,0,40544.88000,0,40544.88000,0,40544.88000,5,40544.88000,0.783804,40544.88000,19.4599,40544.88000,0,40544.88000,0,40544.88000,-1.21181,40544.88000,-1.21181,40544.88000,-1.21181,40544.88000,0.324332,40544.88000,60,40544.88000,100111,40544.88000,-3,40544.88000,0,40544.88000,0,40544.88000,0,40544.88000,0,40544.88000,0.000118848,40544.88000,5.94242e-08,40544.88000,5.94242e-08,40544.88000,0,40544.88000,0,40544.88000,0,40544.88000,0,40544.88000,0.01,40544.88000,0.95742,40544.88000,30.8077,40544.88000,0,40544.88000,0,40544.88000,-1.341,40544.88000,-0.274328,40544.88000,-0.274328,40544.88000,0.385097,40544.88000,80,40544.88000,0,40544.88000,0,40544.88000,0.01,40544.88000,0.820565,40544.88000,26.9758,40544.88000,0,40544.88000,0,40544.88000,-2.61488,40544.88000,-0.981553,40544.88000,-0.981553,40544.88000,0.337198,40544.88000,80,40544.88000,0,40544.88000,0,40544.88000,0.01,40544.88000,0.873615,40544.88000,28.4612,40544.88000,0,40544.88000,0,40544.88000,-2.88906,40544.88000,-0.689058,40544.88000,-0.689058,40544.88000,0.355765,40544.88000,80,40544.88000,0,40544.88000,0,40544.88000,9.68594e-06,40544.88000,0.000968547,40544.88000,1.93709e-06,40544.88000,1.93709e-06,40544.88000,0,40544.88000,100711,40544.88000,-1.9,40544.88000,0.01,40544.88000,0.288805,40544.88000,0.4,40544.88000,5,40544.88000,0.000968547,40544.88000,3.78203e-05,40544.88000,0.3,40544.88000,0,40544.88000,0,40544.88000,0,40544.88000,0,40544.88000,0,40544.88000,0,40544.88000,-0.15005,40544.88000,0,40544.88000,0,40544.88000,0,40544.88000,3.55389e-05,40544.88000,0.115461,40544.88000,5,40544.88000,0.783804,40544.88000,0.0190196,40544.88000,0.3,40544.88000,0.29078,40544.88000,0.00190647,40544.88000,0.190647,40544.88000,0.95742,40544.88000,100,40544.88000,0.303578,40544.88000,0.00303578,40544.88000,1.59236,40544.88000,0.8,40544.88000,0.29078,40544.88000,0.000625485,40544.88000,0.0625485,40544.88000,0.873615,40544.88000,100,40544.88000,0.0214365,40544.88000,0.000214365,40544.88000,0.342719,40544.88000,0.8,40544.88000,0.29078,40544.88000,0,40544.88000,0.000625485,40544.88000,0.01,40544.88000,0.873615,40544.88000,0.0173481,40544.88000,0.4,40544.88000,0.29078,40544.88000,0,40544.88000,0,40544.88000,0,40544.88000,0,40544.88000,0,40544.88000,0,40544.88000,-0.0387597,40544.88000,0,40544.88000,0,40544.88000,0,40544.88000,0,40544.88000,0,40544.88000,0,40544.88000,0.0173481,40544.88000,0.0173481,40544.88000,0,40544.88000,3.78203e-05,40544.88000,3.78203e-05,40544.88000,0,40544.88000,3.55389e-05,40544.88000,3.55389e-05,40544.88000,0,40544.88000,0,40544.88000,0,40544.88000,0,40544.88000,1.93709e-06,40544.88000,1.93709e-06,40544.88000,0,40544.88000,0,40544.88000,0,40544.88000,0,40544.88000,0.324332,40544.88000,0.324332,40544.88000,0,40544.88000,0,40544.88000,0,40544.88000,0,40544.88000,0,40544.88000,0,40544.88000,10551.5,40544.88000,0,40544.88000,0,40544.88000,0,40544.88000,0,40544.88000,611,40544.88000,0,40544.88000,0,40544.88000,0
40544.89000,1,40544.89000,3.94368,40544.89000,0.0876373,40544.89000,-1.21236,40544.89000,0,40544.89000,0.0001,40544.89000,0.0001,40544.89000,-1.5999,40544.89000,0,40544.89000,0,40544.89000,0,40544.89000,0,40544.89000,0,40544.89000,0.863691,40544.89000,0.863691,40544.89000,0.863691,40544.89000,0,40544.89000,0,40544.89000,0,40544.89000,0,40544.89000,5,40544.89000,0.783795,40544.89000,19.4597,40544.89000,0,40544.89000,0,40544.89000,-1.21187,40544.89000,-1.21187,40544.89000,-1.21187,40544.89000,0.324328,40544.89000,60,40544.89000,100111,40544.89000,-3,40544.89000,0,40544.89000,0,40544.89000,0,40544.89000,0,40544.89000,0.000118497,40544.89000,5.92484e-08,40544.89000,5.92484e-08,40544.89000,0,40544.89000,0,40544.89000,0,40544.89000,0,40544.89000,0.01,40544.89000,0.957414,40544.89000,30.8076,40544.89000,0,40544.89000,0,40544.89000,-1.34102,40544.89000,-0.274354,40544.89000,-0.274354,40544.89000,0.385095,40544.89000,80,40544.89000,0,40544.89000,0,40544.89000,0.01,40544.89000,0.820666,40544.89000,26.9786,40544.89000,0,40544.89000,0,40544.89000,-2.61429,40544.89000,-0.98096,40544.89000,-0.98096,40544.89000,0.337233,40544.89000,80,40544.89000,0,40544.89000,0,40544.89000,0.01,40544.89000,0.873617,40544.89000,28.4613,40544.89000,0,40544.89000,0,40544.89000,-2.88905,40544.89000,-0.689051,40544.89000,-0.689051,40544.89000,0.355766,40544.89000,80,40544.89000,0,40544.89000,0,40544.89000,9.66318e-06,40544.89000,0.000966271,40544.89000,1.93254e-06,40544.89000,1.93254e-06,40544.89000,0,40544.89000,100711,40544.89000,-1.9,40544.89000,0.01,40544.89000,0.288709,40544.89000,0.4,40544.89000,5,40544.89000,0.000966271,40544.89000,3.76444e-05,40544.89000,0.3,40544.89000,0,40544.89000,0,40544.89000,0,40544.89000,0,40544.89000,0,40544.89000,0,40544.89000,-0.15005,40544.89000,0,40544.89000,0,40544.89000,0,40544.89000,3.53635e-05,40544.89000,0.11545,40544.89000,5,40544.89000,0.783795,40544.89000,0.0190129,40544.89000,0.3,40544.89000,0.29078,40544.89000,0.0019063,40544.89000,0.19063,40544.89000,0.957414,40544.89000,100,40544.89000,0.303404,40544.89000,0.00303404,40544.89000,1.59158,40544.89000,0.8,40544.89000,0.29078,40544.89000,0.000625496,40544.89000,0.0625496,40544.89000,0.873617,40544.89000,100,40544.89000,0.0214827,40544.89000,0.000214827,40544.89000,0.343451,40544.89000,0.8,40544.89000,0.29078,40544.89000,0,40544.89000,0.000625496,40544.89000,0.01,40544.89000,0.873617,40544.89000,0.0173496,40544.89000,0.4,40544.89000,0.29078,40544.89000,0,40544.89000,0,40544.89000,0,40544.89000,0,40544.89000,0,40544.89000,0,40544.89000,-0.0387537,40544.89000,0,40544.89000,0,40544.89000,0,40544.89000,0,40544.89000,0,40544.89000,0,40544.89000,0.0173496,40544.89000,0.0173496,40544.89000,0,40544.89000,3.76444e-05,40544.89000,3.76444e-05,40544.89000,0,40544.89000,3.53635e-05,40544.89000,3.53635e-05,40544.89000,0,40544.89000,0,40544.89000,0,40544.89000,0,40544.89000,1.93254e-06,40544.89000,1.93254e-06,40544.89000,0,40544.89000,0,40544.89000,0,40544.89000,0,40544.89000,0.324328,40544.89000,0.324328,40544.89000,0,40544.89000,0,40544.89000,0,40544.89000,0,40544.89000,0,40544.89000,0,40544.89000,10551.5,40544.89000,0,40544.89000,0,40544.89000,0,40544.89000,0,40544.89000,611,40544.89000,0,40544.89000,0,40544.89000,0
40544.90000,1,40544.90000,3.94099,40544.90000,0.0875776,40544.90000,-1.21242,40544.90000,0,40544.90000,0.0001,40544.90000,0.0001,40544.90000,-1.5999,40544.90000,0,40544.90000,0,40544.90000,0,40544.90000,0,40544.90000,0,40544.90000,0.863691,40544.90000,0.863691,40544.90000,0.863691,40544.90000,0,40544.90000,0,40544.90000,0,40544.90000,0,40544.90000,5,40544.90000,0.783786,40544.90000,19.4595,40544.90000,0,40544.90000,0,40544.90000,-1.21193,40544.90000,-1.21193,40544.90000,-1.21193,40544.90000,0.324325,40544.90000,60,40544.90000,100111,40544.90000,-3,40544.90000,0,40544.90000,0,40544.90000,0,40544.90000,0,40544.90000,0.000118147,40544.90000,5.90737e-08,40544.90000,5.90737e-08,40544.90000,0,40544.90000,0,40544.90000,0,40544.90000,0,40544.90000,0.01,40544.90000,0.957409,40544.90000,30.8075,40544.90000,0,40544.90000,0,40544.90000,-1.34105,40544.90000,-0.27438,40544.90000,-0.27438,40544.90000,0.385093,40544.90000,80,40544.90000,0,40544.90000,0,40544.90000,0.01,40544.90000,0.820766,40544.90000,26.9815,40544.90000,0,40544.90000,0,40544.90000,-2.6137,40544.90000,-0.980367,40544.90000,-0.980367,40544.90000,0.337268,40544.90000,80,40544.90000,0,40544.90000,0,40544.90000,0.01,40544.90000,0.873618,40544.90000,28.4613,40544.90000,0,40544.90000,0,40544.90000,-2.88904,40544.90000,-0.689043,40544.90000,-0.689043,40544.90000,0.355766,40544.90000,80,40544.90000,0,40544.90000,0,40544.90000,9.64045e-06,40544.90000,0.000963998,40544.90000,1.928e-06,40544.90000,1.928e-06,40544.90000,0,40544.90000,100711,40544.90000,-1.9,40544.90000,0.01,40544.90000,0.288614,40544.90000,0.4,40544.90000,5,40544.90000,0.000963998,40544.90000,3.74692e-05,40544.90000,0.3,40544.90000,0,40544.90000,0,40544.90000,0,40544.90000,0,40544.90000,0,40544.90000,0,40544.90000,-0.15005,40544.90000,0,40544.90000,0,40544.90000,0,40544.90000,3.51896e-05,40544.90000,0.115439,40544.90000,5,40544.90000,0.783786,40544.90000,0.0190061,40544.90000,0.3,40544.90000,0.29078,40544.90000,0.00190614,40544.90000,0.190614,40544.90000,0.957409,40544.90000,100,40544.90000,0.30323,40544.90000,0.0030323,40544.90000,1.59081,40544.90000,0.8,40544.90000,0.29078,40544.90000,0.000625507,40544.90000,0.0625507,40544.90000,0.873618,40544.90000,100,40544.90000,0.0215288,40544.90000,0.000215288,40544.90000,0.344182,40544.90000,0.8,40544.90000,0.29078,40544.90000,0,40544.90000,0.000625507,40544.90000,0.01,40544.90000,0.873618,40544.90000,0.0173511,40544.90000,0.4,40544.90000,0.29078,40544.90000,0,40544.90000,0,40544.90000,0,40544.90000,0,40544.90000,0,40544.90000,0,40544.90000,-0.0387478,40544.90000,0,40544.90000,0,40544.90000,0,40544.90000,0,40544.90000,0,40544.90000,0,40544.90000,0.0173511,40544.90000,0.0173511,40544.90000,0,40544.90000,3.74692e-05,40544.90000,3.74692e-05,40544.90000,0,40544.90000,3.51896e-05,40544.90000,3.51896e-05,40544.90000,0,40544.90000,0,40544.90000,0,40544.90000,0,40544.90000,1.928e-06,40544.90000,1.928e-06,40544.90000,0,40544.90000,0,40544.90000,0,40544.90000,0,40544.90000,0.324325,40544.90000,0.324325,40544.90000,0,40544.90000,0,40544.90000,0,40544.90000,0,40544.90000,0,40544.90000,0,40544.90000,10551.5,40544.90000,0,40544.90000,0,40544.90000,0,40544.90000,0,40544.90000,611,40544.90000,0,40544.90000,0,40544.90000,0
40544.91000,1,40544.91000,3.93831,40544.91000,0.0875179,40544.91000,-1.21248,40544.91000,0,40544.91000,0.0001,40544.91000,0.0001,40544.91000,-1.5999,40544.91000,0,40544.91000,0,40544.91000,0,40544.91000,0,40544.91000,0,40544.91000,0.863691,40544.91000,0.863691,40544.91000,0.863691,40544.91000,0,40544.91000,0,40544.91000,0,40544.91000,0,40544.91000,5,40544.91000,0.783777,40544.91000,19.4593,40544.91000,0,40544.91000,0,40544.91000,-1.21199,40544.91000,-1.21199,40544.91000,-1.21199,40544.91000,0.324322,40544.91000,60,40544.91000,100111,40544.91000,-3,40544.91000,0,40544.91000,0,40544.91000,0,40544.91000,0,40544.91000,0.000117803,40544.91000,5.89015e-08,40544.91000,5.89015e-08,40544.91000,0,40544.91000,0,40544.91000,0,40544.91000,0,40544.91000,0.01,40544.91000,0.957404,40544.91000,30.8073,40544.91000,0,40544.91000,0,40544.91000,-1.34108,40544.91000,-0.274406,40544.91000,-0.274406,40544.91000,0.385091,40544.91000,80,40544.91000,0,40544.91000,0,40544.91000,0.01,40544.91000,0.820866,40544.91000,26.9843,40544.91000,0,40544.91000,0,40544.91000,-2.61311,40544.91000,-0.979776,40544.91000,-0.979776,40544.91000,0.337303,40544.91000,80,40544.91000,0,40544.91000,0,40544.91000,0.01,40544.91000,0.87362,40544.91000,28.4613,40544.91000,0,40544.91000,0,40544.91000,-2.88903,40544.91000,-0.689035,40544.91000,-0.689035,40544.91000,0.355767,40544.91000,80,40544.91000,0,40544.91000,0,40544.91000,9.6178e-06,40544.91000,0.000961734,40544.91000,1.92347e-06,40544.91000,1.92347e-06,40544.91000,0,40544.91000,100711,40544.91000,-1.9,40544.91000,0.01,40544.91000,0.288517,40544.91000,0.4,40544.91000,5,40544.91000,0.000961734,40544.91000,3.7296e-05,40544.91000,0.3,40544.91000,0,40544.91000,0,40544.91000,0,40544.91000,0,40544.91000,0,40544.91000,0,40544.91000,-0.15005,40544.91000,0,40544.91000,0,40544.91000,0,40544.91000,3.50193e-05,40544.91000,0.115427,40544.91000,5,40544.91000,0.783777,40544.91000,0.0189993,40544.91000,0.3,40544.91000,0.29078,40544.91000,0.00190597,40544.91000,0.190597,40544.91000,0.957404,40544.91000,100,40544.91000,0.303057,40544.91000,0.00303057,40544.91000,1.59004,40544.91000,0.8,40544.91000,0.29078,40544.91000,0.000625518,40544.91000,0.0625518,40544.91000,0.87362,40544.91000,100,40544.91000,0.0215748,40544.91000,0.000215748,40544.91000,0.344911,40544.91000,0.8,40544.91000,0.29078,40544.91000,0,40544.91000,0.000625518,40544.91000,0.01,40544.91000,0.87362,40544.91000,0.0173527,40544.91000,0.4,40544.91000,0.29078,40544.91000,0,40544.91000,0,40544.91000,0,40544.91000,0,40544.91000,0,40544.91000,0,40544.91000,-0.0387418,40544.91000,0,40544.91000,0,40544.91000,0,40544.91000,0,40544.91000,0,40544.91000,0,40544.91000,0.0173527,40544.91000,0.0173527,40544.91000,0,40544.91000,3.7296e-05,40544.91000,3.7296e-05,40544.91000,0,40544.91000,3.50193e-05,40544.91000,3.50193e-05,40544.91000,0,40544.91000,0,40544.91000,0,40544.91000,0,40544.91000,1.92347e-06,40544.91000,1.92347e-06,40544.91000,0,40544.91000,0,40544.91000,0,40544.91000,0,40544.91000,0.324322,40544.91000,0.324322,40544.91000,0,40544.91000,0,40544.91000,0,40544.91000,0,40544.91000,0,40544.91000,0,40544.91000,10551.5,40544.91000,0,40544.91000,0,40544.91000,0,40544.91000,0,40544.91000,611,40544.91000,0,40544.91000,0,40544.91000,0
40544.92000,1,40544.92000,3.93562,40544.92000,0.0874582,40544.92000,-1.21254,40544.92000,0,40544.92000,0.0001,40544.92000,0.0001,40544.92000,-1.5999,40544.92000,0,40544.92000,0,40544.92000,0,40544.92000,0,40544.92000,0,40544.92000,0.863691,40544.92000,0.863691,40544.92000,0.863691,40544.92000,0,40544.92000,0,40544.92000,0,40544.92000,0,40544.92000,5,40544.92000,0.783768,40544.92000,19.4591,40544.92000,0,40544.92000,0,40544.92000,-1.21205,40544.92000,-1.21205,40544.92000,-1.21205,40544.92000,0.324319,40544.92000,60,40544.92000,100111,40544.92000,-3,40544.92000,0,40544.92000,0,40544.92000,0,40544.92000,0,40544.92000,0.000117459,40544.92000,5.87293e-08,40544.92000,5.87293e-08,40544.92000,0,40544.92000,0,40544.92000,0,40544.92000,0,40544.92000,0.01,40544.92000,0.957399,40544.92000,30.8072,40544.92000,0,40544.92000,0,40544.92000,-1.3411,40544.92000,-0.274431,40544.92000,-0.274431,40544.92000,0.38509,40544.92000,80,40544.92000,0,40544.92000,0,40544.92000,0.01,40544.92000,0.820966,40544.92000,26.9871,40544.92000,0,40544.92000,0,40544.92000,-2.61252,40544.92000,-0.979185,40544.92000,-0.979185,40544.92000,0.337338,40544.92000,80,40544.92000,0,40544.92000,0,40544.92000,0.01,40544.92000,0.873621,40544.92000,28.4614,40544.92000,0,40544.92000,0,40544.92000,-2.88903,40544.92000,-0.689027,40544.92000,-0.689027,40544.92000,0.355767,40544.92000,80,40544.92000,0,40544.92000,0,40544.92000,9.59516e-06,40544.92000,0.00095947,40544.92000,1.91894e-06,40544.92000,1.91894e-06,40544.92000,0,40544.92000,100711,40544.92000,-1.9,40544.92000,0.01,40544.92000,0.28842,40544.92000,0.4,40544.92000,5,40544.92000,0.00095947,40544.92000,3.71227e-05,40544.92000,0.3,40544.92000,0,40544.92000,0,40544.92000,0,40544.92000,0,40544.92000,0,40544.92000,0,40544.92000,-0.15005,40544.92000,0,40544.92000,0,40544.92000,0,40544.92000,3.48489e-05,40544.92000,0.115416,40544.92000,5,40544.92000,0.783768,40544.92000,0.0189925,40544.92000,0.3,40544.92000,0.29078,40544.92000,0.00190581,40544.92000,0.190581,40544.92000,0.957399,40544.92000,100,40544.92000,0.302885,40544.92000,0.00302885,40544.92000,1.58927,40544.92000,0.8,40544.92000,0.29078,40544.92000,0.000625529,40544.92000,0.0625529,40544.92000,0.873621,40544.92000,100,40544.92000,0.0216208,40544.92000,0.000216208,40544.92000,0.345639,40544.92000,0.8,40544.92000,0.29078,40544.92000,0,40544.92000,0.000625529,40544.92000,0.01,40544.92000,0.873621,40544.92000,0.0173542,40544.92000,0.4,40544.92000,0.29078,40544.92000,0,40544.92000,0,40544.92000,0,40544.92000,0,40544.92000,0,40544.92000,0,40544.92000,-0.0387358,40544.92000,0,40544.92000,0,40544.92000,0,40544.92000,0,40544.92000,0,40544.92000,0,40544.92000,0.0173542,40544.92000,0.0173542,40544.92000,0,40544.92000,3.71227e-05,40544.92000,3.71227e-05,40544.92000,0,40544.92000,3.48489e-05,40544.92000,3.48489e-05,40544.92000,0,40544.92000,0,40544.92000,0,40544.92000,0,40544.92000,1.91894e-06,40544.92000,1.91894e-06,40544.92000,0,40544.92000,0,40544.92000,0,40544.92000,0,40544.92000,0.324319,40544.92000,0.324319,40544.92000,0,40544.92000,0,40544.92000,0,40544.92000,0,40544.92000,0,40544.92000,0,40544.92000,10551.5,40544.92000,0,40544.92000,0,40544.92000,0,40544.92000,0,40544.92000,611,40544.92000,0,40544.92000,0,40544.92000,0
40544.93000,1,40544.93000,3.93293,40544.93000,0.0873985,40544.93000,-1.2126,40544.93000,0,40544.93000,0.0001,40544.93000,0.0001,40544.93000,-1.5999,40544.93000,0,40544.93000,0,40544.93000,0,40544.93000,0,40544.93000,0,40544.93000,0.863691,40544.93000,0.863691,40544.93000,0.863691,40544.93000,0,40544.93000,0,40544.93000,0,40544.93000,0,40544.93000,5,40544.93000,0.783759,40544.93000,19.4589,40544.93000,0,40544.93000,0,40544.93000,-1.21211,40544.93000,-1.21211,40544.93000,-1.21211,40544.93000,0.324316,40544.93000,60,40544.93000,100111,40544.93000,-3,40544.93000,0,40544.93000,0,40544.93000,0,40544.93000,0,40544.93000,0.000117114,40544.93000,5.85571e-08,40544.93000,5.85571e-08,40544.93000,0,40544.93000,0,40544.93000,0,40544.93000,0,40544.93000,0.01,40544.93000,0.957394,40544.93000,30.807,40544.93000,0,40544.93000,0,40544.93000,-1.34113,40544.93000,-0.274457,40544.93000,-0.274457,40544.93000,0.385088,40544.93000,80,40544.93000,0,40544.93000,0,40544.93000,0.01,40544.93000,0.821066,40544.93000,26.9899,40544.93000,0,40544.93000,0,40544.93000,-2.61192,40544.93000,-0.978594,40544.93000,-0.978594,40544.93000,0.337373,40544.93000,80,40544.93000,0,40544.93000,0,40544.93000,0.01,40544.93000,0.873623,40544.93000,28.4614,40544.93000,0,40544.93000,0,40544.93000,-2.88902,40544.93000,-0.689019,40544.93000,-0.689019,40544.93000,0.355768,40544.93000,80,40544.93000,0,40544.93000,0,40544.93000,9.57251e-06,40544.93000,0.000957205,40544.93000,1.91441e-06,40544.93000,1.91441e-06,40544.93000,0,40544.93000,100711,40544.93000,-1.9,40544.93000,0.01,40544.93000,0.288324,40544.93000,0.4,40544.93000,5,40544.93000,0.000957205,40544.93000,3.69494e-05,40544.93000,0.3,40544.93000,0,40544.93000,0,40544.93000,0,40544.93000,0,40544.93000,0,40544.93000,0,40544.93000,-0.15005,40544.93000,0,40544.93000,0,40544.93000,0,40544.93000,3.46786e-05,40544.93000,0.115405,40544.93000,5,40544.93000,0.783759,40544.93000,0.0189856,40544.93000,0.3,40544.93000,0.29078,40544.93000,0.00190565,40544.93000,0.190565,40544.93000,0.957394,40544.93000,100,40544.93000,0.302712,40544.93000,0.00302712,40544.93000,1.5885,40544.93000,0.8,40544.93000,0.29078,40544.93000,0.00062554,40544.93000,0.062554,40544.93000,0.873623,40544.93000,100,40544.93000,0.0216667,40544.93000,0.000216667,40544.93000,0.346368,40544.93000,0.8,40544.93000,0.29078,40544.93000,0,40544.93000,0.00062554,40544.93000,0.01,40544.93000,0.873623,40544.93000,0.0173558,40544.93000,0.4,40544.93000,0.29078,40544.93000,0,40544.93000,0,40544.93000,0,40544.93000,0,40544.93000,0,40544.93000,0,40544.93000,-0.0387299,40544.93000,0,40544.93000,0,40544.93000,0,40544.93000,0,40544.93000,0,40544.93000,0,40544.93000,0.0173558,40544.93000,0.0173558,40544.93000,0,40544.93000,3.69494e-05,40544.93000,3.69494e-05,40544.93000,0,40544.93000,3.46786e-05,40544.93000,3.46786e-05,40544.93000,0,40544.93000,0,40544.93000,0,40544.93000,0,40544.93000,1.91441e-06,40544.93000,1.91441e-06,40544.93000,0,40544.93000,0,40544.93000,0,40544.93000,0,40544.93000,0.324316,40544.93000,0.324316,40544.93000,0,40544.93000,0,40544.93000,0,40544.93000,0,40544.93000,0,40544.93000,0,40544.93000,10551.5,40544.93000,0,40544.93000,0,40544.93000,0,40544.93000,0,40544.93000,611,40544.93000,0,40544.93000,0,40544.93000,0
40544.94000,1,40544.94000,3.93025,40544.94000,0.0873389,40544.94000,-1.21266,40544.94000,0,40544.94000,0.0001,40544.94000,0.0001,40544.94000,-1.5999,40544.94000,0,40544.94000,0,40544.94000,0,40544.94000,0,40544.94000,0,40544.94000,0.863691,40544.94000,0.863691,40544.94000,0.863691,40544.94000,0,40544.94000,0,40544.94000,0,40544.94000,0,40544.94000,5,40544.94000,0.78375,40544.94000,19.4588,40544.94000,0,40544.94000,0,40544.94000,-1.21217,40544.94000,-1.21217,40544.94000,-1.21217,40544.94000,0.324313,40544.94000,60,40544.94000,100111,40544.94000,-3,40544.94000,0,40544.94000,0,40544.94000,0,40544.94000,0,40544.94000,0.00011677,40544.94000,5.83852e-08,40544.94000,5.83852e-08,40544.94000,0,40544.94000,0,40544.94000,0,40544.94000,0,40544.94000,0.01,40544.94000,0.957389,40544.94000,30.8069,40544.94000,0,40544.94000,0,40544.94000,-1.34115,40544.94000,-0.274482,40544.94000,-0.274482,40544.94000,0.385086,40544.94000,80,40544.94000,0,40544.94000,0,40544.94000,0.01,40544.94000,0.821166,40544.94000,26.9927,40544.94000,0,40544.94000,0,40544.94000,-2.61133,40544.94000,-0.978004,40544.94000,-0.978004,40544.94000,0.337408,40544.94000,80,40544.94000,0,40544.94000,0,40544.94000,0.01,40544.94000,0.873624,40544.94000,28.4615,40544.94000,0,40544.94000,0,40544.94000,-2.88901,40544.94000,-0.689011,40544.94000,-0.689011,40544.94000,0.355768,40544.94000,80,40544.94000,0,40544.94000,0,40544.94000,9.54988e-06,40544.94000,0.000954943,40544.94000,1.90989e-06,40544.94000,1.90989e-06,40544.94000,0,40544.94000,100711,40544.94000,-1.9,40544.94000,0.01,40544.94000,0.288227,40544.94000,0.4,40544.94000,5,40544.94000,0.000954943,40544.94000,3.67764e-05,40544.94000,0.3,40544.94000,0,40544.94000,0,40544.94000,0,40544.94000,0,40544.94000,0,40544.94000,0,40544.94000,-0.15005,40544.94000,0,40544.94000,0,40544.94000,0,40544.94000,3.45086e-05,40544.94000,0.115393,40544.94000,5,40544.94000,0.78375,40544.94000,0.0189788,40544.94000,0.3,40544.94000,0.29078,40544.94000,0.00190549,40544.94000,0.190549,40544.94000,0.957389,40544.94000,100,40544.94000,0.302539,40544.94000,0.00302539,40544.94000,1.58773,40544.94000,0.8,40544.94000,0.29078,40544.94000,0.000625552,40544.94000,0.0625552,40544.94000,0.873624,40544.94000,100,40544.94000,0.0217127,40544.94000,0.000217127,40544.94000,0.347096,40544.94000,0.8,40544.94000,0.29078,40544.94000,0,40544.94000,0.000625552,40544.94000,0.01,40544.94000,0.873624,40544.94000,0.0173574,40544.94000,0.4,40544.94000,0.29078,40544.94000,0,40544.94000,0,40544.94000,0,40544.94000,0,40544.94000,0,40544.94000,0,40544.94000,-0.0387239,40544.94000,0,40544.94000,0,40544.94000,0,40544.94000,0,40544.94000,0,40544.94000,0,40544.94000,0.0173574,40544.94000,0.0173574,40544.94000,0,40544.94000,3.67764e-05,40544.94000,3.67764e-05,40544.94000,0,40544.94000,3.45086e-05,40544.94000,3.45086e-05,40544.94000,0,40544.94000,0,40544.94000,0,40544.94000,0,40544.94000,1.90989e-06,40544.94000,1.90989e-06,40544.94000,0,40544.94000,0,40544.94000,0,40544.94000,0,40544.94000,0.324313,40544.94000,0.324313,40544.94000,0,40544.94000,0,40544.94000,0,40544.94000,0,40544.94000,0,40544.94000,0,40544.94000,10551.5,40544.94000,0,40544.94000,0,40544.94000,0,40544.94000,0,40544.94000,611,40544.94000,0,40544.94000,0,40544.94000,0
40544.95000,1,40544.95000,3.92757,40544.95000,0.0872793,40544.95000,-1.21272,40544.95000,0,40544.95000,0.0001,40544.95000,0.0001,40544.95000,-1.5999,40544.95000,0,40544.95000,0,40544.95000,0,40544.95000,0,40544.95000,0,40544.95000,0.863691,40544.95000,0.863691,40544.95000,0.863691,40544.95000,0,40544.95000,0,40544.95000,0,40544.95000,0,40544.95000,5,40544.95000,0.783741,40544.95000,19.4586,40544.95000,0,40544.95000,0,40544.95000,-1.21223,40544.95000,-1.21223,40544.95000,-1.21223,40544.95000,0.32431,40544.95000,60,40544.95000,100111,40544.95000,-3,40544.95000,0,40544.95000,0,40544.95000,0,40544.95000,0,40544.95000,0.000116433,40544.95000,5.82165e-08,40544.95000,5.82165e-08,40544.95000,0,40544.95000,0,40544.95000,0,40544.95000,0,40544.95000,0.01,40544.95000,0.957384,40544.95000,30.8067,40544.95000,0,40544.95000,0,40544.95000,-1.34118,40544.95000,-0.274508,40544.95000,-0.274508,40544.95000,0.385084,40544.95000,80,40544.95000,0,40544.95000,0,40544.95000,0.01,40544.95000,0.821266,40544.95000,26.9954,40544.95000,0,40544.95000,0,40544.95000,-2.61075,40544.95000,-0.977416,40544.95000,-0.977416,40544.95000,0.337443,40544.95000,80,40544.95000,0,40544.95000,0,40544.95000,0.01,40544.95000,0.873626,40544.95000,28.4615,40544.95000,0,40544.95000,0,40544.95000,-2.889,40544.95000,-0.689003,40544.95000,-0.689003,40544.95000,0.355769,40544.95000,80,40544.95000,0,40544.95000,0,40544.95000,9.52743e-06,40544.95000,0.000952698,40544.95000,1.9054e-06,40544.95000,1.9054e-06,40544.95000,0,40544.95000,100711,40544.95000,-1.9,40544.95000,0.01,40544.95000,0.28813,40544.95000,0.4,40544.95000,5,40544.95000,0.000952698,40544.95000,3.66062e-05,40544.95000,0.3,40544.95000,0,40544.95000,0,40544.95000,0,40544.95000,0,40544.95000,0,40544.95000,0,40544.95000,-0.15005,40544.95000,0,40544.95000,0,40544.95000,0,40544.95000,3.4343e-05,40544.95000,0.115382,40544.95000,5,40544.95000,0.783741,40544.95000,0.0189718,40544.95000,0.3,40544.95000,0.29078,40544.95000,0.00190533,40544.95000,0.190533,40544.95000,0.957384,40544.95000,100,40544.95000,0.302368,40544.95000,0.00302368,40544.95000,1.58696,40544.95000,0.8,40544.95000,0.29078,40544.95000,0.000625563,40544.95000,0.0625563,40544.95000,0.873626,40544.95000,100,40544.95000,0.0217584,40544.95000,0.000217584,40544.95000,0.347821,40544.95000,0.8,40544.95000,0.29078,40544.95000,0,40544.95000,0.000625563,40544.95000,0.01,40544.95000,0.873626,40544.95000,0.017359,40544.95000,0.4,40544.95000,0.29078,40544.95000,0,40544.95000,0,40544.95000,0,40544.95000,0,40544.95000,0,40544.95000,0,40544.95000,-0.0387179,40544.95000,0,40544.95000,0,40544.95000,0,40544.95000,0,40544.95000,0,40544.95000,0,40544.95000,0.017359,40544.95000,0.017359,40544.95000,0,40544.95000,3.66062e-05,40544.95000,3.66062e-05,40544.95000,0,40544.95000,3.4343e-05,40544.95000,3.4343e-05,40544.95000,0,40544.95000,0,40544.95000,0,40544.95000,0,40544.95000,1.9054e-06,40544.95000,1.9054e-06,40544.95000,0,40544.95000,0,40544.95000,0,40544.95000,0,40544.95000,0.32431,40544.95000,0.32431,40544.95000,0,40544.95000,0,40544.95000,0,40544.95000,0,40544.95000,0,40544.95000,0,40544.95000,10551.5,40544.95000,0,40544.95000,0,40544.95000,0,40544.95000,0,40544.95000,611,40544.95000,0,40544.95000,0,40544.95000,0
40544.96000,1,40544.96000,3.92489,40544.96000,0.0872197,40544.96000,-1.21278,40544.96000,0,40544.96000,0.0001,40544.96000,0.0001,40544.96000,-1.5999,40544.96000,0,40544.96000,0,40544.96000,0,40544.96000,0,40544.96000,0,40544.96000,0.863691,40544.96000,0.863691,40544.96000,0.863691,40544.96000,0,40544.96000,0,40544.96000,0,40544.96000,0,40544.96000,5,40544.96000,0.783732,40544.96000,19.4584,40544.96000,0,40544.96000,0,40544.96000,-1.21229,40544.96000,-1.21229,40544.96000,-1.21229,40544.96000,0.324306,40544.96000,60,40544.96000,100111,40544.96000,-3,40544.96000,0,40544.96000,0,40544.96000,0,40544.96000,0,40544.96000,0.000116096,40544.96000,5.80478e-08,40544.96000,5.80478e-08,40544.96000,0,40544.96000,0,40544.96000,0,40544.96000,0,40544.96000,0.01,40544.96000,0.957379,40544.96000,30.8066,40544.96000,0,40544.96000,0,40544.96000,-1.3412,40544.96000,-0.274533,40544.96000,-0.274533,40544.96000,0.385083,40544.96000,80,40544.96000,0,40544.96000,0,40544.96000,0.01,40544.96000,0.821366,40544.96000,26.9982,40544.96000,0,40544.96000,0,40544.96000,-2.61016,40544.96000,-0.976827,40544.96000,-0.976827,40544.96000,0.337478,40544.96000,80,40544.96000,0,40544.96000,0,40544.96000,0.01,40544.96000,0.873627,40544.96000,28.4616,40544.96000,0,40544.96000,0,40544.96000,-2.88899,40544.96000,-0.688994,40544.96000,-0.688994,40544.96000,0.35577,40544.96000,80,40544.96000,0,40544.96000,0,40544.96000,9.50498e-06,40544.96000,0.000950453,40544.96000,1.90091e-06,40544.96000,1.90091e-06,40544.96000,0,40544.96000,100711,40544.96000,-1.9,40544.96000,0.01,40544.96000,0.288032,40544.96000,0.4,40544.96000,5,40544.96000,0.000950453,40544.96000,3.64361e-05,40544.96000,0.3,40544.96000,0,40544.96000,0,40544.96000,0,40544.96000,0,40544.96000,0,40544.96000,0,40544.96000,-0.15005,40544.96000,0,40544.96000,0,40544.96000,0,40544.96000,3.41775e-05,40544.96000,0.115371,40544.96000,5,40544.96000,0.783732,40544.96000,0.0189649,40544.96000,0.3,40544.96000,0.29078,40544.96000,0.00190517,40544.96000,0.190517,40544.96000,0.957379,40544.96000,100,40544.96000,0.302197,40544.96000,0.00302197,40544.96000,1.58619,40544.96000,0.8,40544.96000,0.29078,40544.96000,0.000625575,40544.96000,0.0625575,40544.96000,0.873627,40544.96000,100,40544.96000,0.0218042,40544.96000,0.000218042,40544.96000,0.348546,40544.96000,0.8,40544.96000,0.29078,40544.96000,0,40544.96000,0.000625575,40544.96000,0.01,40544.96000,0.873627,40544.96000,0.0173606,40544.96000,0.4,40544.96000,0.29078,40544.96000,0,40544.96000,0,40544.96000,0,40544.96000,0,40544.96000,0,40544.96000,0,40544.96000,-0.038712,40544.96000,0,40544.96000,0,40544.96000,0,40544.96000,0,40544.96000,0,40544.96000,0,40544.96000,0.0173606,40544.96000,0.0173606,40544.96000,0,40544.96000,3.64361e-05,40544.96000,3.64361e-05,40544.96000,0,40544.96000,3.41775e-05,40544.96000,3.41775e-05,40544.96000,0,40544.96000,0,40544.96000,0,40544.96000,0,40544.96000,1.90091e-06,40544.96000,1.90091e-06,40544.96000,0,40544.96000,0,40544.96000,0,40544.96000,0,40544.96000,0.324306,40544.96000,0.324306,40544.96000,0,40544.96000,0,40544.96000,0,40544.96000,0,40544.96000,0,40544.96000,0,40544.96000,10551.5,40544.96000,0,40544.96000,0,40544.96000,0,40544.96000,0,40544.96000,611,40544.96000,0,40544.96000,0,40544.96000,0
40544.97000,1,40544.97000,3.9222,40544.97000,0.0871601,40544.97000,-1.21284,40544.97000,0,40544.97000,0.0001,40544.97000,0.0001,40544.97000,-1.5999,40544.97000,0,40544.97000,0,40544.97000,0,40544.97000,0,40544.97000,0,40544.97000,0.863691,40544.97000,0.863691,40544.97000,0.863691,40544.97000,0,40544.97000,0,40544.97000,0,40544.97000,0,40544.97000,5,40544.97000,0.783723,40544.97000,19.4582,40544.97000,0,40544.97000,0,40544.97000,-1.21235,40544.97000,-1.21235,40544.97000,-1.21235,40544.97000,0.324303,40544.97000,60,40544.97000,100111,40544.97000,-3,40544.97000,0,40544.97000,0,40544.97000,0,40544.97000,0,40544.97000,0.000115758,40544.97000,5.7879e-08,40544.97000,5.7879e-08,40544.97000,0,40544.97000,0,40544.97000,0,40544.97000,0,40544.97000,0.01,40544.97000,0.957374,40544.97000,30.8065,40544.97000,0,40544.97000,0,40544.97000,-1.34123,40544.97000,-0.274558,40544.97000,-0.274558,40544.97000,0.385081,40544.97000,80,40544.97000,0,40544.97000,0,40544.97000,0.01,40544.97000,0.821465,40544.97000,27.001,40544.97000,0,40544.97000,0,40544.97000,-2.60957,40544.97000,-0.976239,40544.97000,-0.976239,40544.97000,0.337513,40544.97000,80,40544.97000,0,40544.97000,0,40544.97000,0.01,40544.97000,0.873629,40544.97000,28.4616,40544.97000,0,40544.97000,0,40544.97000,-2.88899,40544.97000,-0.688986,40544.97000,-0.688986,40544.97000,0.35577,40544.97000,80,40544.97000,0,40544.97000,0,40544.97000,9.48253e-06,40544.97000,0.000948208,40544.97000,1.89642e-06,40544.97000,1.89642e-06,40544.97000,0,40544.97000,100711,40544.97000,-1.9,40544.97000,0.01,40544.97000,0.287934,40544.97000,0.4,40544.97000,5,40544.97000,0.000948208,40544.97000,3.62659e-05,40544.97000,0.3,40544.97000,0,40544.97000,0,40544.97000,0,40544.97000,0,40544.97000,0,40544.97000,0,40544.97000,-0.15005,40544.97000,0,40544.97000,0,40544.97000,0,40544.97000,3.40119e-05,40544.97000,0.11536,40544.97000,5,40544.97000,0.783723,40544.97000,0.018958,40544.97000,0.3,40544.97000,0.29078,40544.97000,0.00190501,40544.97000,0.190501,40544.97000,0.957374,40544.97000,100,40544.97000,0.302026,40544.97000,0.00302026,40544.97000,1.58543,40544.97000,0.8,40544.97000,0.29078,40544.97000,0.000625587,40544.97000,0.0625587,40544.97000,0.873629,40544.97000,100,40544.97000,0.0218499,40544.97000,0.000218499,40544.97000,0.349271,40544.97000,0.8,40544.97000,0.29078,40544.97000,0,40544.97000,0.000625587,40544.97000,0.01,40544.97000,0.873629,40544.97000,0.0173623,40544.97000,0.4,40544.97000,0.29078,40544.97000,0,40544.97000,0,40544.97000,0,40544.97000,0,40544.97000,0,40544.97000,0,40544.97000,-0.038706,40544.97000,0,40544.97000,0,40544.97000,0,40544.97000,0,40544.97000,0,40544.97000,0,40544.97000,0.0173623,40544.97000,0.0173623,40544.97000,0,40544.97000,3.62659e-05,40544.97000,3.62659e-05,40544.97000,0,40544.97000,3.40119e-05,40544.97000,3.40119e-05,40544.97000,0,40544.97000,0,40544.97000,0,40544.97000,0,40544.97000,1.89642e-06,40544.97000,1.89642e-06,40544.97000,0,40544.97000,0,40544.97000,0,40544.97000,0,40544.97000,0.324303,40544.97000,0.324303,40544.97000,0,40544.97000,0,40544.97000,0,40544.97000,0,40544.97000,0,40544.97000,0,40544.97000,10551.5,40544.97000,0,40544.97000,0,40544.97000,0,40544.97000,0,40544.97000,611,40544.97000,0,40544.97000,0,40544.97000,0
40544.98000,1,40544.98000,3.91952,40544.98000,0.0871005,40544.98000,-1.2129,40544.98000,0,40544.98000,0.0001,40544.98000,0.0001,40544.98000,-1.5999,40544.98000,0,40544.98000,0,40544.98000,0,40544.98000,0,40544.98000,0,40544.98000,0.863691,40544.98000,0.863691,40544.98000,0.863691,40544.98000,0,40544.98000,0,40544.98000,0,40544.98000,0,40544.98000,5,40544.98000,0.783714,40544.98000,19.458,40544.98000,0,40544.98000,0,40544.98000,-1.21241,40544.98000,-1.21241,40544.98000,-1.21241,40544.98000,0.3243,40544.98000,60,40544.98000,100111,40544.98000,-3,40544.98000,0,40544.98000,0,40544.98000,0,40544.98000,0,40544.98000,0.000115421,40544.98000,5.77103e-08,40544.98000,5.77103e-08,40544.98000,0,40544.98000,0,40544.98000,0,40544.98000,0,40544.98000,0.01,40544.98000,0.957369,40544.98000,30.8063,40544.98000,0,40544.98000,0,40544.98000,-1.34125,40544.98000,-0.274583,40544.98000,-0.274583,40544.98000,0.385079,40544.98000,80,40544.98000,0,40544.98000,0,40544.98000,0.01,40544.98000,0.821565,40544.98000,27.0038,40544.98000,0,40544.98000,0,40544.98000,-2.60898,40544.98000,-0.975651,40544.98000,-0.975651,40544.98000,0.337548,40544.98000,80,40544.98000,0,40544.98000,0,40544.98000,0.01,40544.98000,0.873631,40544.98000,28.4617,40544.98000,0,40544.98000,0,40544.98000,-2.88898,40544.98000,-0.688977,40544.98000,-0.688977,40544.98000,0.355771,40544.98000,80,40544.98000,0,40544.98000,0,40544.98000,9.46008e-06,40544.98000,0.000945963,40544.98000,1.89193e-06,40544.98000,1.89193e-06,40544.98000,0,40544.98000,100711,40544.98000,-1.9,40544.98000,0.01,40544.98000,0.287837,40544.98000,0.4,40544.98000,5,40544.98000,0.000945963,40544.98000,3.60958e-05,40544.98000,0.3,40544.98000,0,40544.98000,0,40544.98000,0,40544.98000,0,40544.98000,0,40544.98000,0,40544.98000,-0.15005,40544.98000,0,40544.98000,0,40544.98000,0,40544.98000,3.38464e-05,40544.98000,0.115348,40544.98000,5,40544.98000,0.783714,40544.98000,0.0189511,40544.98000,0.3,40544.98000,0.29078,40544.98000,0.00190485,40544.98000,0.190485,40544.98000,0.957369,40544.98000,100,40544.98000,0.301854,40544.98000,0.00301854,40544.98000,1.58466,40544.98000,0.8,40544.98000,0.29078,40544.98000,0.000625599,40544.98000,0.0625599,40544.98000,0.873631,40544.98000,100,40544.98000,0.0218957,40544.98000,0.000218957,40544.98000,0.349996,40544.98000,0.8,40544.98000,0.29078,40544.98000,0,40544.98000,0.000625599,40544.98000,0.01,40544.98000,0.873631,40544.98000,0.0173639,40544.98000,0.4,40544.98000,0.29078,40544.98000,0,40544.98000,0,40544.98000,0,40544.98000,0,40544.98000,0,40544.98000,0,40544.98000,-0.0387,40544.98000,0,40544.98000,0,40544.98000,0,40544.98000,0,40544.98000,0,40544.98000,0,40544.98000,0.0173639,40544.98000,0.0173639,40544.98000,0,40544.98000,3.60958e-05,40544.98000,3.60958e-05,40544.98000,0,40544.98000,3.38464e-05,40544.98000,3.38464e-05,40544.98000,0,40544.98000,0,40544.98000,0,40544.98000,0,40544.98000,1.89193e-06,40544.98000,1.89193e-06,40544.98000,0,40544.98000,0,40544.98000,0,40544.98000,0,40544.98000,0.3243,40544.98000,0.3243,40544.98000,0,40544.98000,0,40544.98000,0,40544.98000,0,40544.98000,0,40544.98000,0,40544.98000,10551.5,40544.98000,0,40544.98000,0,40544.98000,0,40544.98000,0,40544.98000,611,40544.98000,0,40544.98000,0,40544.98000,0
40544.99000,1,40544.99000,3.91684,40544.99000,0.087041,40544.99000,-1.21296,40544.99000,0,40544.99000,0.0001,40544.99000,0.0001,40544.99000,-1.5999,40544.99000,0,40544.99000,0,40544.99000,0,40544.99000,0,40544.99000,0,40544.99000,0.863691,40544.99000,0.863691,40544.99000,0.863691,40544.99000,0,40544.99000,0,40544.99000,0,40544.99000,0,40544.99000,5,40544.99000,0.783706,40544.99000,19.4578,40544.99000,0,40544.99000,0,40544.99000,-1.21247,40544.99000,-1.21247,40544.99000,-1.21247,40544.99000,0.324297,40544.99000,60,40544.99000,100111,40544.99000,-3,40544.99000,0,40544.99000,0,40544.99000,0,40544.99000,0,40544.99000,0.000115089,40544.99000,5.75445e-08,40544.99000,5.75445e-08,40544.99000,0,40544.99000,0,40544.99000,0,40544.99000,0,40544.99000,0.01,40544.99000,0.957364,40544.99000,30.8062,40544.99000,0,40544.99000,0,40544.99000,-1.34128,40544.99000,-0.274607,40544.99000,-0.274607,40544.99000,0.385077,40544.99000,80,40544.99000,0,40544.99000,0,40544.99000,0.01,40544.99000,0.821665,40544.99000,27.0066,40544.99000,0,40544.99000,0,40544.99000,-2.60839,40544.99000,-0.975065,40544.99000,-0.975065,40544.99000,0.337583,40544.99000,80,40544.99000,0,40544.99000,0,40544.99000,0.01,40544.99000,0.873632,40544.99000,28.4617,40544.99000,0,40544.99000,0,40544.99000,-2.88897,40544.99000,-0.688969,40544.99000,-0.688969,40544.99000,0.355771,40544.99000,80,40544.99000,0,40544.99000,0,40544.99000,9.43784e-06,40544.99000,0.000943739,40544.99000,1.88748e-06,40544.99000,1.88748e-06,40544.99000,0,40544.99000,100711,40544.99000,-1.9,40544.99000,0.01,40544.99000,0.287738,40544.99000,0.4,40544.99000,5,40544.99000,0.000943739,40544.99000,3.59286e-05,40544.99000,0.3,40544.99000,0,40544.99000,0,40544.99000,0,40544.99000,0,40544.99000,0,40544.99000,0,40544.99000,-0.15005,40544.99000,0,40544.99000,0,40544.99000,0,40544.99000,3.36848e-05,40544.99000,0.115337,40544.99000,5,40544.99000,0.783706,40544.99000,0.0189441,40544.99000,0.3,40544.99000,0.29078,40544.99000,0.0019047,40544.99000,0.19047,40544.99000,0.957364,40544.99000,100,40544.99000,0.301684,40544.99000,0.00301684,40544.99000,1.5839,40544.99000,0.8,40544.99000,0.29078,40544.99000,0.000625611,40544.99000,0.0625611,40544.99000,0.873632,40544.99000,100,40544.99000,0.0219413,40544.99000,0.000219413,40544.99000,0.350717,40544.99000,0.8,40544.99000,0.29078,40544.99000,0,40544.99000,0.000625611,40544.99000,0.01,40544.99000,0.873632,40544.99000,0.0173656,40544.99000,0.4,40544.99000,0.29078,40544.99000,0,40544.99000,0,40544.99000,0,40544.99000,0,40544.99000,0,40544.99000,0,40544.99000,-0.0386941,40544.99000,0,40544.99000,0,40544.99000,0,40544.99000,0,40544.99000,0,40544.99000,0,40544.99000,0.0173656,40544.99000,0.0173656,40544.99000,0,40544.99000,3.59286e-05,40544.99000,3.59286e-05,40544.99000,0,40544.99000,3.36848e-05,40544.99000,3.36848e-05,40544.99000,0,40544.99000,0,40544.99000,0,40544.99000,0,40544.99000,1.88748e-06,40544.99000,1.88748e-06,40544.99000,0,40544.99000,0,40544.99000,0,40544.99000,0,40544.99000,0.324297,40544.99000,0.324297,40544.99000,0,40544.99000,0,40544.99000,0,40544.99000,0,40544.99000,0,40544.99000,0,40544.99000,10551.5,40544.99000,0,40544.99000,0,40544.99000,0,40544.99000,0,40544.99000,611,40544.99000,0,40544.99000,0,40544.99000,0
40545.00000,1,40545.00000,3.91416,40545.00000,0.0869814,40545.00000,-1.21302,40545.00000,0,40545.00000,0.0001,40545.00000,0.0001,40545.00000,-1.5999,40545.00000,0,40545.00000,0,40545.00000,0,40545.00000,0,40545.00000,0,40545.00000,0.863691,40545.00000,0.863691,40545.00000,0.863691,40545.00000,0,40545.00000,0,40545.00000,0,40545.00000,0,40545.00000,5,40545.00000,0.783697,40545.00000,19.4576,40545.00000,0,40545.00000,0,40545.00000,-1.21253,40545.00000,-1.21253,40545.00000,-1.21253,40545.00000,0.324294,40545.00000,60,40545.00000,100111,40545.00000,-3,40545.00000,0,40545.00000,0,40545.00000,0,40545.00000,0,40545.00000,0.000114758,40545.00000,5.73792e-08,40545.00000,5.73792e-08,40545.00000,0,40545.00000,0,40545.00000,0,40545.00000,0,40545.00000,0.01,40545.00000,0.957359,40545.00000,30.8061,40545.00000,0,40545.00000,0,40545.00000,-1.3413,40545.00000,-0.274632,40545.00000,-0.274632,40545.00000,0.385076,40545.00000,80,40545.00000,0,40545.00000,0,40545.00000,0.01,40545.00000,0.821764,40545.00000,27.0094,40545.00000,0,40545.00000,0,40545.00000,-2.60781,40545.00000,-0.974479,40545.00000,-0.974479,40545.00000,0.337617,40545.00000,80,40545.00000,0,40545.00000,0,40545.00000,0.01,40545.00000,0.873634,40545.00000,28.4618,40545.00000,0,40545.00000,0,40545.00000,-2.88896,40545.00000,-0.68896,40545.00000,-0.68896,40545.00000,0.355772,40545.00000,80,40545.00000,0,40545.00000,0,40545.00000,9.41563e-06,40545.00000,0.000941518,40545.00000,1.88304e-06,40545.00000,1.88304e-06,40545.00000,0,40545.00000,100711,40545.00000,-1.9,40545.00000,0.01,40545.00000,0.28764,40545.00000,0.4,40545.00000,5,40545.00000,0.000941518,40545.00000,3.57619e-05,40545.00000,0.3,40545.00000,0,40545.00000,0,40545.00000,0,40545.00000,0,40545.00000,0,40545.00000,0,40545.00000,-0.15005,40545.00000,0,40545.00000,0,40545.00000,0,40545.00000,3.35239e-05,40545.00000,0.115326,40545.00000,5,40545.00000,0.783697,40545.00000,0.018937,40545.00000,0.3,40545.00000,0.29078,40545.00000,0.00190454,40545.00000,0.190454,40545.00000,0.957359,40545.00000,100,40545.00000,0.301515,40545.00000,0.00301515,40545.00000,1.58313,40545.00000,0.8,40545.00000,0.29078,40545.00000,0.000625623,40545.00000,0.0625623,40545.00000,0.873634,40545.00000,100,40545.00000,0.0219868,40545.00000,0.000219868,40545.00000,0.351438,40545.00000,0.8,40545.00000,0.29078,40545.00000,0,40545.00000,0.000625623,40545.00000,0.01,40545.00000,0.873634,40545.00000,0.0173673,40545.00000,0.4,40545.00000,0.29078,40545.00000,0,40545.00000,0,40545.00000,0,40545.00000,0,40545.00000,0,40545.00000,0,40545.00000,-0.0386881,40545.00000,0,40545.00000,0,40545.00000,0,40545.00000,0,40545.00000,0,40545.00000,0,40545.00000,0.0173673,40545.00000,0.0173673,40545.00000,0,40545.00000,3.57619e-05,40545.00000,3.57619e-05,40545.00000,0,40545.00000,3.35239e-05,40545.00000,3.35239e-05,40545.00000,0,40545.00000,0,40545.00000,0,40545.00000,0,40545.00000,1.88304e-06,40545.00000,1.88304e-06,40545.00000,0,40545.00000,0,40545.00000,0,40545.00000,0,40545.00000,0.324294,40545.00000,0.324294,40545.00000,0,40545.00000,0,40545.00000,0,40545.00000,0,40545.00000,0,40545.00000,0,40545.00000,10551.5,40545.00000,0,40545.00000,0,40545.00000,0,40545.00000,0,40545.00000,611,40545.00000,0,40545.00000,0,40545.00000,0
40545.01000,1,40545.01000,3.91149,40545.01000,0.0869219,40545.01000,-1.21308,40545.01000,0,40545.01000,0.0001,40545.01000,0.0001,40545.01000,-1.5999,40545.01000,0,40545.01000,0,40545.01000,0,40545.01000,0,40545.01000,0,40545.01000,0.863691,40545.01000,0.863691,40545.01000,0.863691,40545.01000,0,40545.01000,0,40545.01000,0,40545.01000,0,40545.01000,5,40545.01000,0.783688,40545.01000,19.4574,40545.01000,0,40545.01000,0,40545.01000,-1.21259,40545.01000,-1.21259,40545.01000,-1.21259,40545.01000,0.324291,40545.01000,60,40545.01000,100111,40545.01000,-3,40545.01000,0,40545.01000,0,40545.01000,0,40545.01000,0,40545.01000,0.000114428,40545.01000,5.72139e-08,40545.01000,5.72139e-08,40545.01000,0,40545.01000,0,40545.01000,0,40545.01000,0,40545.01000,0.01,40545.01000,0.957354,40545.01000,30.8059,40545.01000,0,40545.01000,0,40545.01000,-1.34133,40545.01000,-0.274657,40545.01000,-0.274657,40545.01000,0.385074,40545.01000,80,40545.01000,0,40545.01000,0,40545.01000,0.01,40545.01000,0.821863,40545.01000,27.0122,40545.01000,0,40545.01000,0,40545.01000,-2.60722,40545.01000,-0.973894,40545.01000,-0.973894,40545.01000,0.337652,40545.01000,80,40545.01000,0,40545.01000,0,40545.01000,0.01,40545.01000,0.873636,40545.01000,28.4618,40545.01000,0,40545.01000,0,40545.01000,-2.88895,40545.01000,-0.688951,40545.01000,-0.688951,40545.01000,0.355773,40545.01000,80,40545.01000,0,40545.01000,0,40545.01000,9.39342e-06,40545.01000,0.000939298,40545.01000,1.8786e-06,40545.01000,1.8786e-06,40545.01000,0,40545.01000,100711,40545.01000,-1.9,40545.01000,0.01,40545.01000,0.287541,40545.01000,0.4,40545.01000,5,40545.01000,0.000939298,40545.01000,3.55953e-05,40545.01000,0.3,40545.01000,0,40545.01000,0,40545.01000,0,40545.01000,0,40545.01000,0,40545.01000,0,40545.01000,-0.15005,40545.01000,0,40545.01000,0,40545.01000,0,40545.01000,3.3363e-05,40545.01000,0.115315,40545.01000,5,40545.01000,0.783688,40545.01000,0.01893,40545.01000,0.3,40545.01000,0.29078,40545.01000,0.00190439,40545.01000,0.190439,40545.01000,0.957354,40545.01000,100,40545.01000,0.301345,40545.01000,0.00301345,40545.01000,1.58237,40545.01000,0.8,40545.01000,0.29078,40545.01000,0.000625635,40545.01000,0.0625635,40545.01000,0.873636,40545.01000,100,40545.01000,0.0220323,40545.01000,0.000220323,40545.01000,0.352159,40545.01000,0.8,40545.01000,0.29078,40545.01000,0,40545.01000,0.000625635,40545.01000,0.01,40545.01000,0.873636,40545.01000,0.017369,40545.01000,0.4,40545.01000,0.29078,40545.01000,0,40545.01000,0,40545.01000,0,40545.01000,0,40545.01000,0,40545.01000,0,40545.01000,-0.0386822,40545.01000,0,40545.01000,0,40545.01000,0,40545.01000,0,40545.01000,0,40545.01000,0,40545.01000,0.017369,40545.01000,0.017369,40545.01000,0,40545.01000,3.55953e-05,40545.01000,3.55953e-05,40545.01000,0,40545.01000,3.3363e-05,40545.01000,3.3363e-05,40545.01000,0,40545.01000,0,40545.01000,0,40545.01000,0,40545.01000,1.8786e-06,40545.01000,1.8786e-06,40545.01000,0,40545.01000,0,40545.01000,0,40545.01000,0,40545.01000,0.324291,40545.01000,0.324291,40545.01000,0,40545.01000,0,40545.01000,0,40545.01000,0,40545.01000,0,40545.01000,0,40545.01000,10551.5,40545.01000,0,40545.01000,0,40545.01000,0,40545.01000,0,40545.01000,611,40545.01000,0,40545.01000,0,40545.01000,0
40545.02000,1,40545.02000,3.90881,40545.02000,0.0868624,40545.02000,-1.21314,40545.02000,0,40545.02000,0.0001,40545.02000,0.0001,40545.02000,-1.5999,40545.02000,0,40545.02000,0,40545.02000,0,40545.02000,0,40545.02000,0,40545.02000,0.863691,40545.02000,0.863691,40545.02000,0.863691,40545.02000,0,40545.02000,0,40545.02000,0,40545.02000,0,40545.02000,5,40545.02000,0.783679,40545.02000,19.4573,40545.02000,0,40545.02000,0,40545.02000,-1.21265,40545.02000,-1.21265,40545.02000,-1.21265,40545.02000,0.324288,40545.02000,60,40545.02000,100111,40545.02000,-3,40545.02000,0,40545.02000,0,40545.02000,0,40545.02000,0,40545.02000,0.000114097,40545.02000,5.70485e-08,40545.02000,5.70485e-08,40545.02000,0,40545.02000,0,40545.02000,0,40545.02000,0,40545.02000,0.01,40545.02000,0.957349,40545.02000,30.8058,40545.02000,0,40545.02000,0,40545.02000,-1.34135,40545.02000,-0.274681,40545.02000,-0.274681,40545.02000,0.385072,40545.02000,80,40545.02000,0,40545.02000,0,40545.02000,0.01,40545.02000,0.821963,40545.02000,27.015,40545.02000,0,40545.02000,0,40545.02000,-2.60664,40545.02000,-0.973308,40545.02000,-0.973308,40545.02000,0.337687,40545.02000,80,40545.02000,0,40545.02000,0,40545.02000,0.01,40545.02000,0.873637,40545.02000,28.4618,40545.02000,0,40545.02000,0,40545.02000,-2.88894,40545.02000,-0.688943,40545.02000,-0.688943,40545.02000,0.355773,40545.02000,80,40545.02000,0,40545.02000,0,40545.02000,9.37121e-06,40545.02000,0.000937077,40545.02000,1.87415e-06,40545.02000,1.87415e-06,40545.02000,0,40545.02000,100711,40545.02000,-1.9,40545.02000,0.01,40545.02000,0.287442,40545.02000,0.4,40545.02000,5,40545.02000,0.000937077,40545.02000,3.54286e-05,40545.02000,0.3,40545.02000,0,40545.02000,0,40545.02000,0,40545.02000,0,40545.02000,0,40545.02000,0,40545.02000,-0.15005,40545.02000,0,40545.02000,0,40545.02000,0,40545.02000,3.32021e-05,40545.02000,0.115303,40545.02000,5,40545.02000,0.783679,40545.02000,0.018923,40545.02000,0.3,40545.02000,0.29078,40545.02000,0.00190423,40545.02000,0.190423,40545.02000,0.957349,40545.02000,100,40545.02000,0.301175,40545.02000,0.00301175,40545.02000,1.58161,40545.02000,0.8,40545.02000,0.29078,40545.02000,0.000625647,40545.02000,0.0625647,40545.02000,0.873637,40545.02000,100,40545.02000,0.0220779,40545.02000,0.000220779,40545.02000,0.352881,40545.02000,0.8,40545.02000,0.29078,40545.02000,0,40545.02000,0.000625647,40545.02000,0.01,40545.02000,0.873637,40545.02000,0.0173707,40545.02000,0.4,40545.02000,0.29078,40545.02000,0,40545.02000,0,40545.02000,0,40545.02000,0,40545.02000,0,40545.02000,0,40545.02000,-0.0386762,40545.02000,0,40545.02000,0,40545.02000,0,40545.02000,0,40545.02000,0,40545.02000,0,40545.02000,0.0173707,40545.02000,0.0173707,40545.02000,0,40545.02000,3.54286e-05,40545.02000,3.54286e-05,40545.02000,0,40545.02000,3.32021e-05,40545.02000,3.32021e-05,40545.02000,0,40545.02000,0,40545.02000,0,40545.02000,0,40545.02000,1.87415e-06,40545.02000,1.87415e-06,40545.02000,0,40545.02000,0,40545.02000,0,40545.02000,0,40545.02000,0.324288,40545.02000,0.324288,40545.02000,0,40545.02000,0,40545.02000,0,40545.02000,0,40545.02000,0,40545.02000,0,40545.02000,10551.5,40545.02000,0,40545.02000,0,40545.02000,0,40545.02000,0,40545.02000,611,40545.02000,0,40545.02000,0,40545.02000,0
