t,Obs_Wetland Cell 6 Water depth (m)_expression_noisy
40178.8,1.09327017855076
40178.81,1.0410620873427
40178.82,1.0493502857779
40178.83,1.02370515407729
40178.84,0.993792417844715
40178.85,0.962457749677778
40178.86,0.942842621575141
40178.87,0.956587453054173
40178.88,0.968524864221232
40178.89,0.992166298061172
40178.9,0.977952937392288
40178.91,0.933688105561781
40178.92,0.925303478547965
40178.93,0.986179279717516
40178.94,0.969122289467097
40178.95,0.981578646245153
40178.96,0.98044288548716
40178.97,0.934533796909495
40178.98,0.944775902453439
40178.99,0.932782256709577
40179,0.931250828468893
40179.01,0.900393158806405
40179.02,0.887408768657336
40179.03,0.91279071808241
40179.04,0.892709799934409
40179.05,0.904117085333654
40179.06,0.928288401149204
40179.07,0.954033336497803
40179.08,0.920369929598368
40179.09,0.952964787028579
40179.1,0.916916492634747
40179.11,0.901582535924505
40179.12,0.947904039820588
40179.13,0.977646888215821
40179.14,0.994449860989348
40179.15,0.957386667813977
40179.16,0.962925201294982
40179.17,0.953248853869791
40179.18,0.905896930027703
40179.19,0.912317293792063
40179.2,0.898366347849812
40179.21,0.897752185472343
40179.22,0.93252868955331
40179.23,0.877008841453597
40179.24,0.924073870448332
40179.25,0.934607281431811
40179.26,0.995320413366526
40179.27,0.963412410320735
40179.28,0.973386949949757
40179.29,0.955541902842238
40179.3,0.976531525204176
40179.31,0.941216784392494
40179.32,0.941548572522597
40179.33,0.899671797530871
40179.34,0.911911084274042
40179.35,0.855719007024725
40179.36,0.84505637207304
40179.37,0.854703305148245
40179.38,0.85846362091753
40179.39,0.841781657614565
40179.4,0.798898200899476
40179.41,0.785728237054545
40179.42,0.786078044958353
40179.43,0.778641197097372
40179.44,0.808421968745395
40179.45,0.814219340430712
40179.46,0.825586056219845
40179.47,0.828556023512297
40179.48,0.856423197660467
40179.49,0.826950280226702
40179.5,0.825021689622574
40179.51,0.833625246219461
40179.52,0.794093887995717
40179.53,0.81986628293128
40179.54,0.810769575949876
40179.55,0.79675542893371
40179.56,0.808460178612548
40179.57,0.791881455627333
40179.58,0.775586623893348
40179.59,0.753594896457735
40179.6,0.730301234866173
40179.61,0.743378415871066
40179.62,0.715862564277703
40179.63,0.759438946070931
40179.64,0.806018868574424
40179.65,0.810460049266551
40179.66,0.811940595529907
40179.67,0.828066096314932
40179.68,0.827342289157771
40179.69,0.804397651329598
40179.7,0.785955180732614
40179.71,0.760098730324423
40179.72,0.758164104635539
40179.73,0.811791507343774
40179.74,0.825376426349361
40179.75,0.84266014056007
40179.76,0.876832543727085
40179.77,0.853993088412162
40179.78,0.82658922457547
40179.79,0.8317947767888
40179.8,0.844082965705082
40179.81,0.827263481915739
40179.82,0.829953003796837
40179.83,0.815879238568402
40179.84,0.808575784738347
40179.85,0.815663834100539
40179.86,0.814610598750743
40179.87,0.816365848342044
40179.88,0.783021346920073
40179.89,0.803064780186896
40179.9,0.796825700710515
40179.91,0.793096951749599
40179.92,0.818174917622216
40179.93,0.785811169857911
40179.94,0.812592627983489
40179.95,0.82257684384059
40179.96,0.81842592075441
40179.97,0.804631728948992
40179.98,0.838484509650897
40179.99,0.829006680422202
40180,0.833733984118651
40180.01,0.826063970867783
40180.02,0.843966791047077
40180.03,0.835523533012718
40180.04,0.879534802735081
40180.05,0.897052128053312
40180.06,0.958470897753923
40180.07,0.932651593294206
40180.08,0.92368213554526
40180.09,0.907106702286258
40180.1,0.924529489429833
40180.11,0.973534508493257
40180.12,0.945137835361422
40180.13,1.02681486654282
40180.14,1.02583960085823
40180.15,1.03416519008324
40180.16,1.03722502413207
40180.17,1.04329085935074
40180.18,1.07830569366069
40180.19,1.12535530381842
40180.2,1.06893787648728
40180.21,1.06967705336516
40180.22,1.09567334613532
40180.23,1.07735862469738
40180.24,1.07964006959658
40180.25,1.07113945578382
40180.26,1.03904805344581
40180.27,1.02770427417861
40180.28,1.04121674692763
40180.29,1.03169164685528
40180.3,1.01658668369235
40180.31,0.981687575019712
40180.32,0.970161841394469
40180.33,0.98756202048543
40180.34,1.01308379159103
40180.35,1.0090917999835
40180.36,0.981621287446601
40180.37,0.943068923780143
40180.38,0.924014565972333
40180.39,0.973656769859364
40180.4,0.960801533358477
40180.41,0.961738242954593
40180.42,0.975770475793817
40180.43,0.985209695759006
40180.44,0.973920210986022
40180.45,0.931123991917982
40180.46,0.873113997338285
40180.47,0.898984438820999
40180.48,0.915257452320629
40180.49,0.889403412974985
40180.5,0.897625529166431
40180.51,0.872523045444894
40180.52,0.88282557953542
40180.53,0.922164018126196
40180.54,0.879163008980166
40180.55,0.920742515061082
40180.56,0.949875391055855
40180.57,0.955546669014468
40180.58,0.987348571124999
40180.59,0.986177481327018
40180.6,0.962749613956205
40180.61,0.932979943163951
40180.62,0.931553371367993
40180.63,0.942544983173485
40180.64,0.969910641308572
40180.65,0.984424894240287
40180.66,0.987545796705609
40180.67,0.988590341018337
40180.68,0.999621110476293
40180.69,0.97393081480593
40180.7,0.950990572289752
40180.71,0.911536787120928
40180.72,0.903138797427027
40180.73,0.87517314709152
40180.74,0.868154734236351
40180.75,0.870303063789102
40180.76,0.869847445324339
40180.77,0.869049466904103
40180.78,0.871263027416886
40180.79,0.846091940884015
40180.8,0.825297585746877
40180.81,0.848944884927907
40180.82,0.862925733099999
40180.83,0.855243792097171
40180.84,0.833867302046191
40180.85,0.82725272654378
40180.86,0.829447708883519
40180.87,0.862270915287012
40180.88,0.859538986344788
40180.89,0.891298969759747
40180.9,0.911768462990626
40180.91,0.922463786624665
40180.92,0.959421796409235
40180.93,0.987355641886792
40180.94,0.966767940587944
40180.95,0.972097714428583
40180.96,0.971414924324474
40180.97,0.999908225839406
40180.98,0.981819476146201
40180.99,0.943014249576403
40181,0.94821266765028
40181.01,0.949577650546347
40181.02,0.974466524581931
40181.03,0.989255975558534
40181.04,0.964337297591539
40181.05,0.919823143909191
40181.06,0.966535311118154
40181.07,0.949747961306079
40181.08,0.951311082905024
40181.09,0.926917326785999
40181.1,0.948811502551055
40181.11,0.951672325183984
40181.12,0.920835684336744
40181.13,0.876561852299119
40181.14,0.867152380221282
40181.15,0.89149508196247
40181.16,0.890634390711415
40181.17,0.878889423456931
40181.18,0.871752332790018
40181.19,0.885742951075453
40181.2,0.896255768129925
40181.21,0.85752715312283
40181.22,0.872741275590434
40181.23,0.874641090975926
40181.24,0.851111837703713
40181.25,0.843295462056814
40181.26,0.901697210801792
40181.27,0.917815441376775
40181.28,0.909215949983688
40181.29,0.900133579432889
40181.3,0.865798141803579
40181.31,0.902025473447066
40181.32,0.923789766189264
40181.33,0.941771535473287
40181.34,0.947738737337867
40181.35,0.914377431147873
40181.36,0.92023670647064
40181.37,0.900596958233049
40181.38,0.890737616471975
40181.39,0.846853264371508
40181.4,0.816117323939291
40181.41,0.804433910576749
40181.42,0.80242172759259
40181.43,0.787902291866058
40181.44,0.823821530069542
40181.45,0.824889598452234
40181.46,0.843285514413865
40181.47,0.872539108883675
40181.48,0.87263121976279
40181.49,0.86407833945008
40181.5,0.822598565527579
40181.51,0.811323821064075
40181.52,0.827983225619181
40181.53,0.834263387276102
40181.54,0.840429643357724
40181.55,0.859560004213135
40181.56,0.890202111026761
40181.57,0.940988449473308
40181.58,0.907479368613623
40181.59,0.909198845395435
40181.6,0.939310696961928
40181.61,0.9347061781924
40181.62,0.903752628385482
40181.63,0.909869449326347
40181.64,0.924124363508513
40181.65,0.940969898865689
40181.66,0.904612865708884
40181.67,0.922533059516113
40181.68,0.917715962541934
40181.69,0.905521931643677
40181.7,0.882506951592132
40181.71,0.93074370438514
40181.72,0.928933016958039
40181.73,0.907493752097739
40181.74,0.941491091198952
40181.75,0.936214261544523
40181.76,0.922889970430981
40181.77,0.918529261806796
40181.78,0.93611805024751
40181.79,0.928866849560562
40181.8,0.934790956853786
40181.81,0.930941907954253
40181.82,0.877438061751671
40181.83,0.84046222453603
40181.84,0.834456419734103
40181.85,0.828180827770746
40181.86,0.843725211663706
40181.87,0.855549606785412
40181.88,0.875881907086729
40181.89,0.871744168364317
40181.9,0.863104788726696
40181.91,0.881028077009079
40181.92,0.896497869479437
40181.93,0.91467817947961
40181.94,0.946318038209372
40181.95,0.914849708011693
40181.96,0.855485524912806
40181.97,0.877320482762569
40181.98,0.873039223678518
40181.99,0.85652197344805
40182,0.857862664939134
40182.01,0.860817977385905
40182.02,0.869113461003793
40182.03,0.839577866274607
40182.04,0.857914807257938
40182.05,0.873732128268329
40182.06,0.8553046021844
40182.07,0.795741749268917
40182.08,0.786638807743427
40182.09,0.770155650174404
40182.1,0.773573419926282
40182.11,0.770716821224477
40182.12,0.771332678595859
40182.13,0.756906104136838
40182.14,0.782586703467307
40182.15,0.76795887077418
40182.16,0.769795717375614
40182.17,0.770371156866003
40182.18,0.796437786429626
40182.19,0.774085354055571
40182.2,0.768998770211847
40182.21,0.787014014354109
40182.22,0.842926509931376
40182.23,0.864809386228619
40182.24,0.833901793393063
40182.25,0.823444923497859
40182.26,0.83516526859084
40182.27,0.812371130051882
40182.28,0.81173183364343
40182.29,0.789644899748607
40182.3,0.814709257206083
40182.31,0.8313442153808
40182.32,0.778918824101364
40182.33,0.814641358750646
40182.34,0.804198542452177
40182.35,0.801889202626107
40182.36,0.842111836788732
40182.37,0.830559939736393
40182.38,0.842719958656743
40182.39,0.818198329011447
40182.4,0.810043975843003
40182.41,0.836760752006657
40182.42,0.836294210196296
40182.43,0.862790320672739
40182.44,0.905951073421882
40182.45,0.886854433844583
40182.46,0.871973948785384
40182.47,0.848903293136265
40182.48,0.820941919538451
40182.49,0.806653245023839
40182.5,0.772706144320544
40182.51,0.756657417325342
40182.52,0.76282658587193
40182.53,0.764912595592777
40182.54,0.80525244087003
40182.55,0.855007133355819
40182.56,0.806405314997349
40182.57,0.829540637152446
40182.58,0.824132586914432
40182.59,0.807875713068717
40182.6,0.810696095205017
40182.61,0.790486436624676
40182.62,0.776981981816385
40182.63,0.826123011699985
40182.64,0.830007096052922
40182.65,0.866791851046774
40182.66,0.861757840961446
40182.67,0.865402688527083
40182.68,0.903728652188218
40182.69,0.91650628581416
40182.7,0.950315373211459
40182.71,0.957080517390376
40182.72,0.980952509254878
40182.73,0.959262034185556
40182.74,0.912889635084845
40182.75,0.909378241878859
40182.76,0.923565662288054
40182.77,0.93146019715684
40182.78,0.932917895709837
40182.79,0.95670452511017
40182.8,0.943041857076022
40182.81,0.927031436516769
40182.82,0.905700867550411
40182.83,0.866349050163534
40182.84,0.88723415830698
40182.85,0.888825811474143
40182.86,0.902966773293591
40182.87,0.908025661083358
40182.88,0.916597235786038
40182.89,0.93823630811451
40182.9,0.953861049596711
40182.91,0.971024913166403
40182.92,0.960400196465044
40182.93,0.954510374686355
40182.94,0.954880776803079
40182.95,0.984520680625969
40182.96,0.992647651679011
40182.97,1.03940245232636
40182.98,1.02402608240154
40182.99,1.06662604145842
40183,1.02208516607851
40183.01,1.01261708112526
40183.02,1.05721002076122
40183.03,1.00416989984338
40183.04,0.913521231026332
40183.05,0.894637022200977
40183.06,0.916872595961346
40183.07,0.929411987929585
40183.08,0.949237385391185
40183.09,0.927714553630614
40183.1,0.940485359124724
40183.11,0.904499182026174
40183.12,0.908332392634144
40183.13,0.908743598338944
40183.14,0.881854681114892
40183.15,0.873208310036784
40183.16,0.891171748725527
40183.17,0.953378223273285
40183.18,0.909217766867555
40183.19,0.913997999155638
40183.2,0.880107891049489
40183.21,0.887540849102233
40183.22,0.885765763483905
40183.23,0.85551540498946
40183.24,0.841503053621369
40183.25,0.855064965693318
40183.26,0.850780143826596
40183.27,0.876642386497056
40183.28,0.854088485118501
40183.29,0.887337514679392
40183.3,0.874376999521576
40183.31,0.872406172344534
40183.32,0.890575742980827
40183.33,0.863012747013247
40183.34,0.864665542285527
40183.35,0.837030260234502
40183.36,0.840592242704487
40183.37,0.864136904968506
40183.38,0.866394118750786
40183.39,0.835160366105752
40183.4,0.805681433270107
40183.41,0.783866252478828
40183.42,0.79041545138823
40183.43,0.829002574360633
40183.44,0.842336814675182
40183.45,0.818917188893998
40183.46,0.821214538381691
40183.47,0.852451258195898
40183.48,0.859570733382197
40183.49,0.833536348752273
40183.5,0.793059395987406
40183.51,0.828946960025164
40183.52,0.817867614836701
40183.53,0.793615674417803
40183.54,0.774094362703618
40183.55,0.798323117926086
40183.56,0.743917393619675
40183.57,0.772746222927806
40183.58,0.790965193009634
40183.59,0.853386316324931
40183.6,0.873990597681767
40183.61,0.879383752535757
40183.62,0.895413496131356
40183.63,0.903256218404829
40183.64,0.883623488974249
40183.65,0.891828200960485
40183.66,0.869401037719289
40183.67,0.858259830708814
40183.68,0.872787608789074
40183.69,0.874179197659758
40183.7,0.842055607088167
40183.71,0.797783584758659
40183.72,0.819153897833463
40183.73,0.806055806504594
40183.74,0.806008129139711
40183.75,0.818693771913858
40183.76,0.798141307396999
40183.77,0.751609440438928
40183.78,0.75654720531184
40183.79,0.744327859640962
40183.8,0.72700934596855
40183.81,0.719631739549352
40183.82,0.732697379716441
40183.83,0.756260113439229
40183.84,0.766953751827051
40183.85,0.758836593168057
40183.86,0.760871861472415
40183.87,0.79413253936929
40183.88,0.823030379412218
40183.89,0.820338365451552
40183.9,0.827764090989672
40183.91,0.851156791416276
40183.92,0.870887618602999
40183.93,0.874943546865937
40183.94,0.9075445875281
40183.95,0.88673696177124
40183.96,0.857327813698758
40183.97,0.859153872899911
40183.98,0.856495008065198
40183.99,0.871205342096402
40184,0.894378381273796
40184.01,0.907459340787315
40184.02,0.894589363411752
40184.03,0.9252881593604
40184.04,0.915216657131834
40184.05,0.920757659626991
40184.06,0.907464045415246
40184.07,0.930990291226559
40184.08,0.912770749773103
40184.09,0.899557132009812
40184.1,0.908378915670662
40184.11,0.87877047845939
40184.12,0.880402749134949
40184.13,0.874046239611146
40184.14,0.898394464799642
40184.15,0.955803455144683
40184.16,0.951815750595394
40184.17,0.936647517882774
40184.18,0.941336993142796
40184.19,0.961851539773424
40184.2,0.95845126460989
40184.21,0.986843871535636
40184.22,0.96735823340587
40184.23,0.936872093171534
40184.24,0.915278693176697
40184.25,0.896198694993036
40184.26,0.921806547565725
40184.27,0.953735358621309
40184.28,0.950061540894743
40184.29,0.966335472023686
40184.3,0.994750531740112
40184.31,0.984529919091296
40184.32,0.989710676429953
40184.33,0.984503055494804
40184.34,0.940683780569322
40184.35,0.942288496759828
40184.36,0.91535030545713
40184.37,0.873593126328692
40184.38,0.861645522514566
40184.39,0.839587326021431
40184.4,0.831308018628034
40184.41,0.829352460810114
40184.42,0.781117339813532
40184.43,0.773864764744802
40184.44,0.812739548890781
40184.45,0.794598834768803
40184.46,0.79737405866911
40184.47,0.815688991895573
40184.48,0.793890902181115
40184.49,0.776403718798793
40184.5,0.799711558150076
40184.51,0.78740862232505
40184.52,0.805585891782572
40184.53,0.796536640516959
40184.54,0.824510122622016
40184.55,0.81819021618708
40184.56,0.811174710651171
40184.57,0.784407144426673
40184.58,0.78681125248331
40184.59,0.803259318683018
40184.6,0.85159401323125
40184.61,0.831372283772246
40184.62,0.81377696505876
40184.63,0.808598978656489
40184.64,0.79184764149974
40184.65,0.769968744691736
40184.66,0.777538907014636
40184.67,0.785041918292692
40184.68,0.774593155028136
40184.69,0.773411854648117
40184.7,0.792696162881234
40184.71,0.803342490296916
40184.72,0.7826379132383
40184.73,0.776707302899547
40184.74,0.747439189350512
40184.75,0.749623456661164
40184.76,0.743286733185114
40184.77,0.74424134570991
40184.78,0.757167926825044
40184.79,0.767057928330109
40184.8,0.798865179971066
40184.81,0.792054204904714
40184.82,0.805408792947456
40184.83,0.80853873787188
40184.84,0.766684307838006
40184.85,0.784730193123362
40184.86,0.768213238717546
40184.87,0.76666595027664
40184.88,0.771096304460277
40184.89,0.780772184256051
40184.9,0.787956141068215
40184.91,0.803880940555036
40184.92,0.808911535896555
40184.93,0.856721063769568
40184.94,0.833029982877089
40184.95,0.849332086634527
40184.96,0.868344983668487
40184.97,0.848309886695572
40184.98,0.847450153222533
40184.99,0.861664091942284
40185,0.840581063445524
40185.01,0.86249502486837
40185.02,0.863837545802333
40185.03,0.8216999187967
40185.04,0.804945287160764
40185.05,0.826606756689594
40185.06,0.824662691109271
40185.07,0.821387383628966
40185.08,0.804011421055318
40185.09,0.791800294779758
40185.1,0.790758421280924
40185.11,0.801125067745241
40185.12,0.808718892517673
40185.13,0.816324951511749
40185.14,0.805241044170825
40185.15,0.818362104075028
40185.16,0.804792995405271
40185.17,0.776249566049776
40185.18,0.782965987292324
40185.19,0.73608784403253
40185.2,0.779922300335079
40185.21,0.773039230675043
40185.22,0.743877896115895
40185.23,0.750415102086023
40185.24,0.751917683885677
40185.25,0.742469637475356
40185.26,0.720631587728989
40185.27,0.733384307413647
40185.28,0.733394090803788
40185.29,0.783056615950664
40185.3,0.795039810325535
40185.31,0.783320293318235
40185.32,0.805600643486736
40185.33,0.819168185120194
40185.34,0.794832470698297
40185.35,0.770752400289695
40185.36,0.768845290359131
40185.37,0.826315871388533
40185.38,0.843719854471697
40185.39,0.803583217410793
40185.4,0.799078252928157
40185.41,0.822714708727458
40185.42,0.856462040686079
40185.43,0.836798129942208
40185.44,0.876716611402965
40185.45,0.898788422792621
40185.46,0.920379785114626
40185.47,0.953603198133864
40185.48,0.968568549797594
40185.49,0.955529326915533
40185.5,0.948441864540434
40185.51,0.964670621427604
40185.52,0.975293405865746
40185.53,0.9623914191771
40185.54,0.995351407862679
40185.55,1.01064401492546
40185.56,1.02737061910602
40185.57,0.99940424910342
40185.58,0.999276420087813
40185.59,0.992453215999873
40185.6,0.935532154892526
40185.61,0.891117605756206
40185.62,0.867791259036709
40185.63,0.864254397838629
40185.64,0.870259628409835
40185.65,0.874996989172102
40185.66,0.883456847471228
40185.67,0.891055588059603
40185.68,0.868565250550017
40185.69,0.877190096552872
40185.7,0.863102095212347
40185.71,0.867788323225459
40185.72,0.863698463457432
40185.73,0.826033992087678
40185.74,0.809536780962145
40185.75,0.843521785777742
40185.76,0.8384401188948
40185.77,0.872817659430296
40185.78,0.897753233574895
40185.79,0.878878492534755
40185.8,0.860537380643033
40185.81,0.871852149469989
40185.82,0.864093832287405
40185.83,0.875708512902468
40185.84,0.848520642579775
40185.85,0.830750511446976
40185.86,0.864971777689218
40185.87,0.902285572408213
40185.88,0.945962254523083
40185.89,0.896901086881787
40185.9,0.892805969402358
40185.91,0.931413754886851
40185.92,0.934086438887858
40185.93,0.921022026779466
40185.94,0.904752763553465
40185.95,0.87462423614724
40185.96,0.868949076747632
40185.97,0.838410823256971
40185.98,0.810825241663292
40185.99,0.837718038149053
40186,0.834301950385585
40186.01,0.855243743484127
40186.02,0.860689091969606
40186.03,0.883219202449845
40186.04,0.896016732905836
40186.05,0.934652117247773
40186.06,0.931920468796507
40186.07,0.902086681772023
40186.08,0.927625060148874
40186.09,0.949534356265643
40186.1,0.959166387437915
40186.11,0.937974780675046
40186.12,0.964284944008242
40186.13,0.952036185261187
40186.14,0.935753124650224
40186.15,0.8926473721912
40186.16,0.905575635868152
40186.17,0.898218695165627
40186.18,0.885186776297638
40186.19,0.881162015754583
40186.2,0.8792931960555
40186.21,0.834426523023557
40186.22,0.837455569611787
40186.23,0.842455922200629
40186.24,0.824901556802185
40186.25,0.83759252923917
40186.26,0.826209093484873
40186.27,0.812831534006819
40186.28,0.817343518121555
40186.29,0.796984829872289
40186.3,0.782330875332108
40186.31,0.782342233442062
40186.32,0.781459708623127
40186.33,0.767284420171307
40186.34,0.759732895630117
40186.35,0.736773437882725
40186.36,0.752281937113223
40186.37,0.751026816341405
40186.38,0.768942573574604
40186.39,0.757139993054536
40186.4,0.789038844027279
40186.41,0.78124167713554
40186.42,0.760770436574728
40186.43,0.765981478123419
40186.44,0.795758932249792
40186.45,0.78770481750908
40186.46,0.784470361807075
40186.47,0.780718685332584
40186.48,0.802269189700934
40186.49,0.819211631725642
40186.5,0.790307614542398
40186.51,0.76005627323081
40186.52,0.793394070671378
40186.53,0.854249750989229
40186.54,0.837459856420933
40186.55,0.841567315705742
40186.56,0.849757327761514
40186.57,0.85218796608543
40186.58,0.825621814373756
40186.59,0.801068271754362
40186.6,0.754795600231865
40186.61,0.733900623543001
40186.62,0.709312668832951
40186.63,0.728561057417307
40186.64,0.726785829186054
40186.65,0.751420155729484
40186.66,0.760336459182502
40186.67,0.76528174534166
40186.68,0.771210462460859
40186.69,0.739994261083895
40186.7,0.772056213416472
40186.71,0.781624503032234
40186.72,0.746177224637238
40186.73,0.757450782005702
40186.74,0.734482606511753
40186.75,0.708570364761795
40186.76,0.734698925367888
40186.77,0.73392591584242
40186.78,0.750221668347635
40186.79,0.765192084697221
40186.8,0.762304205373427
40186.81,0.772373698328798
40186.82,0.770183386464445
40186.83,0.779513606638367
40186.84,0.793331286225524
40186.85,0.797123368354847
40186.86,0.793927242030617
40186.87,0.787518068248825
40186.88,0.759204817969921
40186.89,0.750094785189091
40186.9,0.734997199435579
40186.91,0.694010725848774
40186.92,0.72604656286027
40186.93,0.712066851887017
40186.94,0.712867987938313
40186.95,0.69585782904082
40186.96,0.702164162326843
40186.97,0.70931600619301
40186.98,0.718111211811628
40186.99,0.745905319546917
40187,0.743477259966274
40187.01,0.749563675996863
40187.02,0.754467109985206
40187.03,0.764794464939398
40187.04,0.736191000807814
40187.05,0.763830374611043
40187.06,0.80705463078482
40187.07,0.798962073037991
40187.08,0.838092013088713
40187.09,0.819314375390607
40187.1,0.851823419940943
40187.11,0.824264846829519
40187.12,0.840271087169693
40187.13,0.878836427266723
40187.14,0.907732544644584
40187.15,0.937964375004615
40187.16,0.95329197069569
40187.17,0.947969641084547
40187.18,0.952829435193878
40187.19,0.959485492022082
40187.2,0.955910456208597
40187.21,0.927812113911272
40187.22,0.900671027624346
40187.23,0.856284766775548
40187.24,0.836450255770182
40187.25,0.852766524966029
40187.26,0.881208889345535
40187.27,0.846375812727191
40187.28,0.879494119415046
40187.29,0.884803913852598
40187.3,0.860683989504181
40187.31,0.827792225503702
40187.32,0.840099895635415
40187.33,0.865620560894504
40187.34,0.899713255671998
40187.35,0.918208512929516
40187.36,0.940147491130976
40187.37,0.933481948573428
40187.38,0.905052098217113
40187.39,0.920936446017145
40187.4,0.872461688688126
40187.41,0.849987398528797
40187.42,0.873968808624029
40187.43,0.8623209228991
40187.44,0.872817382469504
40187.45,0.878323488559171
40187.46,0.908229679026868
40187.47,0.905296225767856
40187.48,0.938312269999193
40187.49,0.922142656050104
40187.5,0.883096921760352
40187.51,0.881582946989564
40187.52,0.883041929556106
40187.53,0.941208772687613
40187.54,0.937025431495786
40187.55,0.923900278252005
40187.56,0.93587222992657
40187.57,0.984141735776878
40187.58,0.941046042245606
40187.59,0.928189481433866
40187.6,0.933278576972643
40187.61,0.916224660665203
40187.62,0.883767838985229
40187.63,0.89363477259104
40187.64,0.9121471838469
40187.65,0.911488697007906
40187.66,0.921052892348002
40187.67,0.957902521563606
40187.68,0.967055413110268
40187.69,1.06459685086105
40187.7,1.11896698071391
40187.71,1.05750940843903
40187.72,1.04584069620681
40187.73,0.98146074282747
40187.74,0.967891326232385
40187.75,0.978792622330525
40187.76,0.947188548322509
40187.77,0.940035399256123
40187.78,0.918143532448381
40187.79,0.918625174096495
40187.8,0.934347873734983
40187.81,0.926877354342187
40187.82,0.889142514939529
40187.83,0.859197319105069
40187.84,0.869864067370224
40187.85,0.877188663189187
40187.86,0.872807086814807
40187.87,0.878195866027517
40187.88,0.868401048704173
40187.89,0.894769816346408
40187.9,0.954287047283052
40187.91,0.97355812868519
40187.92,0.938377426065868
40187.93,0.94762759845465
40187.94,0.901166308492184
40187.95,0.864000161494584
40187.96,0.831447576420767
40187.97,0.828358827517281
40187.98,0.820742831730837
40187.99,0.845125405877952
40188,0.84070641982396
40188.01,0.829828258021961
40188.02,0.832374657835141
40188.03,0.811443094628167
40188.04,0.803767005277086
40188.05,0.866278502024815
40188.06,0.883444037064781
40188.07,0.88228933122213
40188.08,0.866835894872669
40188.09,0.88071166997951
40188.1,0.867678552592484
40188.11,0.847201272324747
40188.12,0.841956706251927
40188.13,0.82012815246875
40188.14,0.79438788314204
40188.15,0.774119964861364
40188.16,0.783676356988007
40188.17,0.793276821675404
40188.18,0.783684027654312
40188.19,0.771723202087318
40188.2,0.78369340764212
40188.21,0.771972296821722
40188.22,0.802665896602934
40188.23,0.792790415185491
40188.24,0.798728589803225
40188.25,0.77545162327489
40188.26,0.734690384575193
40188.27,0.743100227830923
40188.28,0.724280297683824
40188.29,0.748677315875635
40188.3,0.74239083916517
40188.31,0.773258135221326
40188.32,0.719997950130166
40188.33,0.708594938007322
40188.34,0.704171379485765
40188.35,0.733075312468935
40188.36,0.730005469763962
40188.37,0.760324576095409
40188.38,0.777110376049222
40188.39,0.800151639336566
40188.4,0.79631309143909
40188.41,0.795378706646227
40188.42,0.774833231518074
40188.43,0.743976492868295
40188.44,0.7172394297689
40188.45,0.708638281514444
40188.46,0.730196500882252
40188.47,0.688938502310469
40188.48,0.710840535903935
40188.49,0.706352476939382
40188.5,0.670355630938732
40188.51,0.70649347579792
40188.52,0.698605163111151
40188.53,0.701943630404282
40188.54,0.666122335341209
40188.55,0.656888540679169
40188.56,0.650729321128991
40188.57,0.663351848573224
40188.58,0.692146414222917
40188.59,0.718909651072039
40188.6,0.747388950091177
40188.61,0.768029411134337
40188.62,0.764972509838302
40188.63,0.779822580508461
40188.64,0.767707570969405
40188.65,0.780274158571106
40188.66,0.795482646281688
40188.67,0.844348994065711
40188.68,0.841277348874641
40188.69,0.844627334615202
40188.7,0.844985086919257
40188.71,0.868270515504658
40188.72,0.856382278936679
40188.73,0.82266065189239
40188.74,0.803018915648009
40188.75,0.823240562039083
40188.76,0.756082307028255
40188.77,0.751046087225531
40188.78,0.728608516925213
40188.79,0.728207973053582
40188.8,0.731301340979787
40188.81,0.724854568326208
40188.82,0.725473872066108
40188.83,0.704433836089612
40188.84,0.700540505175234
40188.85,0.708285004997286
40188.86,0.709712695047319
40188.87,0.68900235684943
40188.88,0.704557296919141
40188.89,0.701042625794169
40188.9,0.686282254335721
40188.91,0.711978541644349
40188.92,0.694013287004084
40188.93,0.69535839974745
40188.94,0.707821462820754
40188.95,0.725553809686202
40188.96,0.756066258448503
40188.97,0.716533595745149
40188.98,0.726210320140552
40188.99,0.729357808515014
40189,0.771604664226981
40189.01,0.792593393684316
40189.02,0.771779872270097
40189.03,0.798280518000877
40189.04,0.785223016532641
40189.05,0.782038754583236
40189.06,0.793603996423137
40189.07,0.77718610000145
40189.08,0.778221829173914
40189.09,0.762283074961694
40189.1,0.765404520984678
40189.11,0.764337645359047
40189.12,0.76267790305782
40189.13,0.755436082001273
40189.14,0.743951627566117
40189.15,0.743608870789095
40189.16,0.726430519654114
40189.17,0.702456329690645
40189.18,0.73455630170329
40189.19,0.729635576770221
40189.2,0.735847796034735
40189.21,0.768591189972626
40189.22,0.761578248599639
40189.23,0.751047555491005
40189.24,0.748286244130094
40189.25,0.792082064269289
40189.26,0.780653616209756
40189.27,0.762817345938577
40189.28,0.766122424412066
40189.29,0.76915043063812
40189.3,0.770687102101602
40189.31,0.779626737184209
40189.32,0.761336026991691
40189.33,0.7573438258921
40189.34,0.744058096598486
40189.35,0.731013397786133
40189.36,0.742383766801677
40189.37,0.760032612413558
40189.38,0.75415114621043
40189.39,0.769146497537927
40189.4,0.762103638512479
40189.41,0.755357783872775
40189.42,0.750752462072788
40189.43,0.721029988343395
40189.44,0.727048919767453
40189.45,0.749587250817637
40189.46,0.752906278100487
40189.47,0.73994767565596
40189.48,0.756200169658943
40189.49,0.754235220764237
40189.5,0.768794627005845
40189.51,0.755042916625833
40189.52,0.749124436412968
40189.53,0.751262643922861
40189.54,0.729032314882741
40189.55,0.733332885381755
40189.56,0.692174057808273
40189.57,0.727639336322832
40189.58,0.712746663881476
40189.59,0.712137089487343
40189.6,0.727374513555875
40189.61,0.729191448161161
40189.62,0.781864656367809
40189.63,0.795295704817988
40189.64,0.819878624444244
40189.65,0.822557452191003
40189.66,0.819300500918958
40189.67,0.791494964519102
40189.68,0.767854833616502
40189.69,0.771542650366911
40189.7,0.793785832255139
40189.71,0.798589648821012
40189.72,0.817665353638747
40189.73,0.773339903239574
40189.74,0.752199389963406
40189.75,0.767096342746161
40189.76,0.769220604183021
40189.77,0.754998988322827
40189.78,0.729603532089349
40189.79,0.744124789640029
40189.8,0.751331452749997
40189.81,0.744693986721783
40189.82,0.757172254697587
40189.83,0.728662086992056
40189.84,0.729838857991514
40189.85,0.726554138253036
40189.86,0.774222974444001
40189.87,0.766492657982119
40189.88,0.79356231895923
40189.89,0.800262145338203
40189.9,0.808375274847239
40189.91,0.819085394743232
40189.92,0.808723923221263
40189.93,0.810397792208544
40189.94,0.816825327181522
40189.95,0.79563932874144
40189.96,0.787399919587842
40189.97,0.771055538320567
40189.98,0.767714217950392
40189.99,0.765601057309859
40190,0.783267229486543
40190.01,0.808293466028787
40190.02,0.800636902677951
40190.03,0.82534501786532
40190.04,0.804813326688139
40190.05,0.812895474484203
40190.06,0.813830453892236
40190.07,0.811988271914746
40190.08,0.818113583027487
40190.09,0.797554507815307
40190.1,0.790535428744955
40190.11,0.807744246997208
40190.12,0.817349794134839
40190.13,0.807162299042106
40190.14,0.773652348288497
40190.15,0.796182395176504
40190.16,0.788650741742184
40190.17,0.76295406210207
40190.18,0.755677512990315
40190.19,0.789271328063285
40190.2,0.782317883144739
40190.21,0.771547335690002
40190.22,0.793437583309081
40190.23,0.781243306520619
40190.24,0.782177446372935
40190.25,0.817443797864059
40190.26,0.860645469308927
40190.27,0.853628122195313
40190.28,0.856260368207549
40190.29,0.858353145665699
40190.3,0.803986186530218
40190.31,0.8016937415456
40190.32,0.789710647268027
40190.33,0.789465678066317
40190.34,0.809919001805729
40190.35,0.794102655632172
40190.36,0.787750942982391
40190.37,0.78835860653511
40190.38,0.763579197988166
40190.39,0.722319438044239
40190.4,0.76152632429045
40190.41,0.754178933563392
40190.42,0.731986411065723
40190.43,0.712507804420071
40190.44,0.736263536323393
40190.45,0.744061060788222
40190.46,0.789199579562642
40190.47,0.761477562073156
40190.48,0.735724975564678
40190.49,0.741655435937966
40190.5,0.740570398010345
40190.51,0.754039499306754
40190.52,0.733168651508148
40190.53,0.738938505979005
40190.54,0.751805678240917
40190.55,0.756732711449468
40190.56,0.724807552620673
40190.57,0.736525816869886
40190.58,0.738368178842953
40190.59,0.728018612053767
40190.6,0.724460787574015
40190.61,0.734940012481465
40190.62,0.762252895591973
40190.63,0.758951971506703
40190.64,0.768100563987471
40190.65,0.787138963697412
40190.66,0.740586888563297
40190.67,0.705157529707348
40190.68,0.717988605434808
40190.69,0.724162337112157
40190.7,0.762792862825537
40190.71,0.723118420507816
40190.72,0.733401996921207
40190.73,0.741762844347788
40190.74,0.764139958221491
40190.75,0.757114962304152
40190.76,0.746471235626588
40190.77,0.727640960293051
40190.78,0.738137073428382
40190.79,0.712083673870418
40190.8,0.708682502202349
40190.81,0.706375955092183
40190.82,0.719982076562333
40190.83,0.727343607916983
40190.84,0.717378583033528
40190.85,0.678495057424515
40190.86,0.688299613244774
40190.87,0.742617607321047
40190.88,0.759196005460907
40190.89,0.772848989662703
40190.9,0.769587344755099
40190.91,0.794641612598628
40190.92,0.841495576812678
40190.93,0.82380168038589
40190.94,0.819009598200317
40190.95,0.789438489493188
40190.96,0.781623139173315
40190.97,0.760263163616498
40190.98,0.73718822167767
40190.99,0.777440624895378
40191,0.77077372285176
40191.01,0.747671825547404
40191.02,0.762249985825486
40191.03,0.789710706789428
40191.04,0.807427575243044
40191.05,0.834036166765866
40191.06,0.862470387369312
40191.07,0.822314982749857
40191.08,0.772029529316119
40191.09,0.810781297831425
40191.1,0.786626622776034
40191.11,0.78862462041392
40191.12,0.783769176589595
40191.13,0.77406105973746
40191.14,0.757460151548154
40191.15,0.702882660929548
40191.16,0.662377909721377
40191.17,0.670038562702925
40191.18,0.655838928720118
40191.19,0.632534624721251
40191.2,0.625267700722606
40191.21,0.616613649321995
40191.22,0.647629293294375
40191.23,0.624228489948762
40191.24,0.615678085192417
40191.25,0.638350692930021
40191.26,0.636414905733393
40191.27,0.659753003770396
40191.28,0.682097324736046
40191.29,0.68044617506384
40191.3,0.692151745800654
40191.31,0.718432473121304
40191.32,0.72540325394583
40191.33,0.735070018788428
40191.34,0.716939625300227
40191.35,0.74518053508256
40191.36,0.770680943338544
40191.37,0.801744652580238
40191.38,0.773521170949623
40191.39,0.784627259514392
40191.4,0.780323098337838
40191.41,0.778728098334771
40191.42,0.750919679774838
40191.43,0.743522338853872
40191.44,0.742242082471632
40191.45,0.754365612752028
40191.46,0.776404164895537
40191.47,0.747660410904362
40191.48,0.734316873570539
40191.49,0.724549411508933
40191.5,0.771253620724972
40191.51,0.746342473392994
40191.52,0.740270052560134
40191.53,0.742369952194517
40191.54,0.711930120013765
40191.55,0.693838257627245
40191.56,0.723507870036647
40191.57,0.701002291500139
40191.58,0.703211013587931
40191.59,0.69645293031691
40191.6,0.725650616544017
40191.61,0.728540881960357
40191.62,0.715840817970958
40191.63,0.719162269441612
40191.64,0.711412602219777
40191.65,0.686208074220743
40191.66,0.694683636872713
40191.67,0.696961648854868
40191.68,0.715010279966925
40191.69,0.699616959640012
40191.7,0.732845386331958
40191.71,0.723079545508277
40191.72,0.696305208678098
40191.73,0.699843865576455
40191.74,0.701920386586105
40191.75,0.676073029499989
40191.76,0.687840202835361
40191.77,0.693334641441051
40191.78,0.672664143206041
40191.79,0.680953783583636
40191.8,0.684749482678158
40191.81,0.709128289631592
40191.82,0.67535996193769
40191.83,0.690398557739253
40191.84,0.686945947347108
40191.85,0.696932296622012
40191.86,0.684245132439396
40191.87,0.668366103395091
40191.88,0.699372031514448
40191.89,0.708975883950771
40191.9,0.731697121773361
40191.91,0.744288474937336
40191.92,0.787284931183803
40191.93,0.80218784472857
40191.94,0.798730794906319
40191.95,0.804420104898767
40191.96,0.773205540283057
40191.97,0.795568801359921
40191.98,0.796493001958102
40191.99,0.769058033204648
40192,0.800640401130244
40192.01,0.807750801625348
40192.02,0.817867557953936
40192.03,0.833109843379941
40192.04,0.809462412846761
40192.05,0.833538192759813
40192.06,0.876120982689817
40192.07,0.865320724347123
40192.08,0.829150889873271
40192.09,0.832714494332679
40192.1,0.86056631296189
40192.11,0.854950613516695
40192.12,0.847823686092413
40192.13,0.86157379529465
40192.14,0.832307448119329
40192.15,0.864796650651492
40192.16,0.846359570737839
40192.17,0.824838193697357
40192.18,0.791453516489904
40192.19,0.803355413229099
40192.2,0.819708875049268
40192.21,0.833573484128237
40192.22,0.816731328362506
40192.23,0.816054560710044
40192.24,0.789635867673752
40192.25,0.794305481901618
40192.26,0.790452908895832
40192.27,0.793233012493237
40192.28,0.751715695354034
40192.29,0.745149163815364
40192.3,0.754650617311491
40192.31,0.747451336142577
40192.32,0.778238766958486
40192.33,0.7660285176048
40192.34,0.750807224175627
40192.35,0.789243288684702
40192.36,0.776494186036
40192.37,0.774124358592999
40192.38,0.731244606927078
40192.39,0.736292395526793
40192.4,0.724530510685542
40192.41,0.729370771672697
40192.42,0.759105473861542
40192.43,0.790113251690805
40192.44,0.82401907518722
40192.45,0.847939322207736
40192.46,0.859325101735259
40192.47,0.863455924439859
40192.48,0.879526077983256
40192.49,0.916485141276086
40192.5,0.8966506437071
40192.51,0.86515063668031
40192.52,0.874528756897531
40192.53,0.945925325610704
40192.54,0.921185931878792
40192.55,0.932585493490255
40192.56,0.897176561992512
40192.57,0.865525206827864
40192.58,0.866105544983152
40192.59,0.857411994295398
40192.6,0.870324325762979
40192.61,0.882181123141702
40192.62,0.886917020662179
40192.63,0.863502995986249
40192.64,0.831422048767783
40192.65,0.819464924573207
40192.66,0.810425453555308
40192.67,0.771571749984323
40192.68,0.770164143866408
40192.69,0.757165197976816
40192.7,0.739860901846294
40192.71,0.748533236234148
40192.72,0.71918242766402
40192.73,0.716988974631234
40192.74,0.678341124530825
40192.75,0.651192877898667
40192.76,0.664127730590066
40192.77,0.664710992446985
40192.78,0.645196150633628
40192.79,0.601509772463373
40192.8,0.613051068128898
40192.81,0.613191168029181
40192.82,0.608849179393754
40192.83,0.621855292968545
40192.84,0.598518906112296
40192.85,0.593544155529118
40192.86,0.615263739396996
40192.87,0.606225900858517
40192.88,0.597325680473571
40192.89,0.635220060995473
40192.9,0.652129468989116
40192.91,0.662863637614982
40192.92,0.667712071344305
40192.93,0.719328427872401
40192.94,0.732628029197218
40192.95,0.739915968235045
40192.96,0.740560729276055
40192.97,0.750188492750343
40192.98,0.746914260378803
40192.99,0.770759419332421
40193,0.769079302957349
40193.01,0.723818953381269
40193.02,0.732304553418316
40193.03,0.699963550888424
40193.04,0.729455366596753
40193.05,0.697818680571186
40193.06,0.686042188856912
40193.07,0.692735636828744
40193.08,0.668345152295956
40193.09,0.689242067808489
40193.1,0.682624751456695
40193.11,0.656181244398965
40193.12,0.643654502894837
40193.13,0.685235867386951
40193.14,0.685211016835112
40193.15,0.680324502115442
40193.16,0.702874036961561
40193.17,0.700885669559566
40193.18,0.720126066098268
40193.19,0.693037206706272
40193.2,0.679768934445085
40193.21,0.716920517514143
40193.22,0.729742467607371
40193.23,0.735935380092364
40193.24,0.726825358456086
40193.25,0.736726164678081
40193.26,0.733691264909108
40193.27,0.74975560609854
40193.28,0.729589729438084
40193.29,0.711932124434926
40193.3,0.71559476093856
40193.31,0.730312546365418
40193.32,0.739641906909302
40193.33,0.738164740879508
40193.34,0.74442398757936
40193.35,0.74005750994508
40193.36,0.725284218908348
40193.37,0.71906875768123
40193.38,0.726574470906547
40193.39,0.692714504625023
40193.4,0.69991303710414
40193.41,0.694021987439042
40193.42,0.704252292643697
40193.43,0.694868239577235
40193.44,0.695391018458746
40193.45,0.695184725743005
40193.46,0.66434729962173
40193.47,0.661445265643526
40193.48,0.676741320832412
40193.49,0.676068968017768
40193.5,0.657644656925944
40193.51,0.680450880191775
40193.52,0.654005329318328
40193.53,0.672597176505878
40193.54,0.675309279412341
40193.55,0.676612200738752
40193.56,0.673423247407827
40193.57,0.659407291983007
40193.58,0.669027779784812
40193.59,0.684948261467837
40193.6,0.698356015678214
40193.61,0.70284680390538
40193.62,0.711235282751052
40193.63,0.700603626393428
40193.64,0.695478585142302
40193.65,0.714749211571433
40193.66,0.689715284953014
40193.67,0.671609446456777
40193.68,0.667625725698842
40193.69,0.669716060716581
40193.7,0.680252848306698
40193.71,0.65720275522032
40193.72,0.690435145768358
40193.73,0.680844800692575
40193.74,0.700717822328033
40193.75,0.690722293903858
40193.76,0.67586502387339
40193.77,0.697071419815255
40193.78,0.712429334617701
40193.79,0.683072201679032
40193.8,0.701137394896458
40193.81,0.674633263826239
40193.82,0.664602737736588
40193.83,0.674987084341432
40193.84,0.683801837120802
40193.85,0.682715685946055
40193.86,0.66016984081768
40193.87,0.680412929344612
40193.88,0.699628531482185
40193.89,0.702233148902265
40193.9,0.71485073655978
40193.91,0.729573282327535
40193.92,0.728299517605534
40193.93,0.765338967171483
40193.94,0.767670751801402
40193.95,0.790296183418631
40193.96,0.765109008597403
40193.97,0.735405695940781
40193.98,0.721720210031653
40193.99,0.729005521219307
40194,0.729435190936992
40194.01,0.782341086597976
40194.02,0.759162665989467
40194.03,0.720731545108831
40194.04,0.718702995569191
40194.05,0.722841807889411
40194.06,0.682633568752681
40194.07,0.667521199431529
40194.08,0.675787948246932
40194.09,0.665757901758395
40194.1,0.686626492738621
40194.11,0.656177524538867
40194.12,0.634728329692684
40194.13,0.629325223416845
40194.14,0.613873577497474
40194.15,0.639678073209223
40194.16,0.642813795409015
40194.17,0.6553131770543
40194.18,0.709551091050175
40194.19,0.687787208810602
40194.2,0.694002268305554
40194.21,0.683837228791144
40194.22,0.680842514520239
40194.23,0.677462887287265
40194.24,0.669055283772177
40194.25,0.685930500417454
40194.26,0.714549798189888
40194.27,0.72970754744582
40194.28,0.725856742996129
40194.29,0.727704729209661
40194.3,0.763113927428527
40194.31,0.735622818534148
40194.32,0.749863649656196
40194.33,0.779492106666873
40194.34,0.795769662372174
40194.35,0.808055135293932
40194.36,0.789608695714393
40194.37,0.769483391312882
40194.38,0.72813538066905
40194.39,0.691133732325247
40194.4,0.681683954231081
40194.41,0.647483737468324
40194.42,0.665643155104045
40194.43,0.668715259643631
40194.44,0.669474002282363
40194.45,0.644945441748024
40194.46,0.660471557024966
40194.47,0.631872300191922
40194.48,0.642717162200986
40194.49,0.652349935268264
40194.5,0.651286783107307
40194.51,0.672530715248097
40194.52,0.672307181050776
40194.53,0.695607709486605
40194.54,0.698679412367981
40194.55,0.700065339068203
40194.56,0.688533174942161
40194.57,0.707084796452136
40194.58,0.689639791252203
40194.59,0.7191055228106
40194.6,0.708229625881581
40194.61,0.735305620534576
40194.62,0.736107208746649
40194.63,0.714849803765699
40194.64,0.701562607047956
40194.65,0.675821174243823
40194.66,0.657941826727887
40194.67,0.667027614069282
40194.68,0.690188722727182
40194.69,0.695347739745387
40194.7,0.701093013779349
40194.71,0.689486274937538
40194.72,0.693990615767252
40194.73,0.715104549701602
40194.74,0.735921693922705
40194.75,0.72522016568944
40194.76,0.721499139255272
40194.77,0.73103130505417
40194.78,0.727990206326597
40194.79,0.711318406538356
40194.8,0.703019294046984
40194.81,0.716108538854818
40194.82,0.763207628078937
40194.83,0.76768066632249
40194.84,0.745161527966803
40194.85,0.736061154268401
40194.86,0.736447225904235
40194.87,0.737078508775896
40194.88,0.730398121441683
40194.89,0.736672877344936
40194.9,0.731853052911925
40194.91,0.731763468646788
40194.92,0.727612815743229
40194.93,0.722867284902467
40194.94,0.706323656628658
40194.95,0.711344573232476
40194.96,0.741491029471706
40194.97,0.759898055362207
40194.98,0.761418637913053
40194.99,0.740248861889361
40195,0.707202503153152
40195.01,0.715248865416317
40195.02,0.668258941540592
40195.03,0.649770655897974
40195.04,0.669712914435886
40195.05,0.672060908452736
40195.06,0.653922365388431
40195.07,0.649558853236643
40195.08,0.668018220305434
40195.09,0.665827471870153
40195.1,0.684493790352189
40195.11,0.689639415354721
40195.12,0.701796618457799
40195.13,0.742493344965271
40195.14,0.731384800221279
40195.15,0.750821692006809
40195.16,0.71704086952242
40195.17,0.729195328562523
40195.18,0.730677701195156
40195.19,0.750573391398224
40195.2,0.782622423072734
40195.21,0.782920153318733
40195.22,0.827223125814635
40195.23,0.789270516924517
40195.24,0.794032263263415
40195.25,0.818903214389522
40195.26,0.843483286842614
40195.27,0.82865297261652
40195.28,0.813447509311357
40195.29,0.839550277249659
40195.3,0.796428206863934
40195.31,0.769558457033279
40195.32,0.780862261683559
40195.33,0.772910008411029
40195.34,0.760635265860297
40195.35,0.776045506490225
40195.36,0.771068267578437
40195.37,0.764142265350408
40195.38,0.729038298099315
40195.39,0.761926537283725
40195.4,0.776228212363427
40195.41,0.796942821354858
40195.42,0.808063449045311
40195.43,0.818107123954432
40195.44,0.835838619485209
40195.45,0.847147354269297
40195.46,0.890350591556123
40195.47,0.919471083552413
40195.48,0.966481587033797
40195.49,1.02203206125205
40195.5,1.09365472594576
40195.51,1.05562842267091
40195.52,1.05374876098458
40195.53,1.08687642041677
40195.54,1.10559507314627
40195.55,1.09461635479331
40195.56,1.09457018831321
40195.57,1.12801683025339
40195.58,1.10892391287838
40195.59,1.09941513094375
40195.6,1.11845398656253
40195.61,1.13853339502687
40195.62,1.11671615801014
40195.63,1.1036806594011
40195.64,1.10456576547992
40195.65,1.10288138702166
40195.66,1.08588858777379
40195.67,1.06505663238988
40195.68,1.05193535985338
40195.69,1.05607630065981
40195.7,1.06540364667861
40195.71,1.05245210670771
40195.72,1.02460971805248
40195.73,1.02735592966742
40195.74,1.03706562842241
40195.75,1.03302149902569
40195.76,1.09977957646431
40195.77,1.04811436481759
40195.78,1.05166086797368
40195.79,1.03751163760625
40195.8,1.06746747279067
40195.81,1.06176154217248
40195.82,1.08746808760665
40195.83,1.0376929190307
40195.84,1.03490412371834
40195.85,1.04522646355367
40195.86,1.0057028836128
40195.87,0.994302342143517
40195.88,1.01783028496424
40195.89,0.993122977262058
40195.9,1.02520856297843
40195.91,1.08398086999366
40195.92,1.11373676965871
40195.93,1.05647282705979
40195.94,1.02175277351329
40195.95,1.03720100960648
40195.96,1.04341047628959
40195.97,1.05598825392333
40195.98,1.03545550357043
40195.99,0.998167653695117
40196,0.99194022646431
40196.01,1.02053714375567
40196.02,0.975115688734564
40196.03,0.926617002940226
40196.04,0.902669413099008
40196.05,0.863403446012129
40196.06,0.833780103867016
40196.07,0.82374774572969
40196.08,0.822558829352875
40196.09,0.818950041081633
40196.1,0.806840795389951
40196.11,0.800349257626945
40196.12,0.855289119744116
40196.13,0.851117502259894
40196.14,0.817556726336031
40196.15,0.806777018817246
40196.16,0.814167612584415
40196.17,0.817826989510089
40196.18,0.806114371402336
40196.19,0.802598194565532
40196.2,0.862540765385277
40196.21,0.880542564265885
40196.22,0.902427452472656
40196.23,0.875012941467751
40196.24,0.854439010573645
40196.25,0.847883612114468
40196.26,0.823767038268233
40196.27,0.842777708665115
40196.28,0.811952541901252
40196.29,0.831168248326935
40196.3,0.830652285529968
40196.31,0.842365510654213
40196.32,0.877459037758226
40196.33,0.852739616529995
40196.34,0.896380085831735
40196.35,0.943800152792921
40196.36,0.966733624103529
40196.37,0.91189332035038
40196.38,0.880599881506727
40196.39,0.891298769914676
40196.4,0.866959042295998
40196.41,0.895167316351258
40196.42,0.917285477292994
40196.43,0.897850568427516
40196.44,0.928231701417275
40196.45,0.928832233060015
40196.46,0.94486707966003
40196.47,0.942082271512721
40196.48,0.940701470807119
40196.49,0.917020796176997
40196.5,0.938383570983523
40196.51,0.939974325691898
40196.52,0.957923738614993
40196.53,0.929249717392087
40196.54,0.927605232936872
40196.55,0.947944359697226
40196.56,0.947633672298118
40196.57,0.980535141382291
40196.58,0.978639823149917
40196.59,0.962175979974985
40196.6,0.956432983832111
40196.61,0.971061667199652
40196.62,1.00929921466304
40196.63,1.06076892323015
40196.64,1.07516800320005
40196.65,1.07611979365712
40196.66,1.00618432399642
40196.67,0.948124344765672
40196.68,0.991815531460772
40196.69,0.987889262001406
40196.7,1.0041606720003
40196.71,0.997542953463492
40196.72,1.01363211418737
40196.73,0.995927826183036
40196.74,0.98178943048996
40196.75,0.952979351349682
40196.76,0.931246643415215
40196.77,0.945843228177978
40196.78,0.959840379457264
40196.79,0.968442354938059
40196.8,0.967123135153997
40196.81,0.928524516501086
40196.82,0.972256591305849
40196.83,0.988904339563596
40196.84,0.932380381442231
40196.85,0.94824362734847
40196.86,0.95219750605036
40196.87,0.924108790907613
40196.88,0.928786617477976
40196.89,0.927815124265413
40196.9,0.953280307984515
40196.91,0.969295344125274
40196.92,0.974988334212815
40196.93,1.00335586096379
40196.94,1.01124872774185
40196.95,1.00890888067173
40196.96,0.982400432631546
40196.97,1.01859354323488
40196.98,1.00607453913082
40196.99,0.985501534625419
40197,0.973575123200476
40197.01,0.964405135922646
40197.02,0.953336408621063
40197.03,0.976784192705235
40197.04,0.968808581690349
40197.05,0.994415299927461
40197.06,1.01951848253204
40197.07,1.03336385205675
40197.08,1.0440999979474
40197.09,1.05344146586552
40197.1,1.10140572883577
40197.11,1.11641347993875
40197.12,1.09493168405302
40197.13,1.08983054009324
40197.14,1.1279711562222
40197.15,1.09574171258264
40197.16,1.0792617488566
40197.17,1.04491615803711
40197.18,1.03055889503141
40197.19,1.03946130832333
40197.2,1.02794846104228
40197.21,1.04171321862708
40197.22,1.02093422385487
40197.23,1.00646989006316
40197.24,0.958816775229453
40197.25,0.996178911799438
40197.26,0.988519657576969
40197.27,0.984029066662187
40197.28,1.00593646424825
40197.29,1.01773808133941
40197.3,1.00451719675763
40197.31,1.01278369354242
40197.32,1.05210205902448
40197.33,1.0304473068768
40197.34,1.01829830878867
40197.35,1.01465163684236
40197.36,1.00600210189976
40197.37,0.999430005351667
40197.38,0.955399500871893
40197.39,1.00518836094219
40197.4,0.993870740434464
40197.41,0.994552934757509
40197.42,0.997331828661491
40197.43,1.02991464840619
40197.44,1.02514340760068
40197.45,1.00288176860577
40197.46,1.0033495211419
40197.47,1.01045739273918
40197.48,1.04058484934731
40197.49,1.02290770849804
40197.5,1.05049585359278
40197.51,1.07738164137243
40197.52,1.07028218836627
40197.53,1.0896411700519
40197.54,1.0930924012071
40197.55,1.07372103074849
40197.56,1.075020645513
40197.57,1.05615172439974
40197.58,1.11876897755863
40197.59,1.19006162627406
40197.6,1.14803711614705
40197.61,1.15961787143978
40197.62,1.14484570823397
40197.63,1.18797029136781
40197.64,1.1517908460962
40197.65,1.21416835013421
40197.66,1.24166446721658
40197.67,1.25685483354845
40197.68,1.25341240226116
40197.69,1.20339467305437
40197.7,1.2012631143931
40197.71,1.16946708661246
40197.72,1.17510930095386
40197.73,1.16372702038732
40197.74,1.13066147993423
40197.75,1.14147857033996
40197.76,1.14808511487601
40197.77,1.14043913710039
40197.78,1.15893696151423
40197.79,1.15618865818452
40197.8,1.13105040794298
40197.81,1.08262665187281
40197.82,1.07804874102569
40197.83,1.04823950152291
40197.84,1.00306488214784
40197.85,0.999301538049591
40197.86,0.963579188927424
40197.87,0.991588294577941
40197.88,0.979680708021917
40197.89,0.967751681647429
40197.9,0.937269838515467
40197.91,0.915240260519358
40197.92,0.898178577592457
40197.93,0.888438654611496
40197.94,0.865484290966162
40197.95,0.866668681165056
40197.96,0.855392910524124
40197.97,0.834030855553637
40197.98,0.83697422456688
40197.99,0.809344132561009
40198,0.823320370186894
40198.01,0.846963678687325
40198.02,0.846480521905399
40198.03,0.86643949772849
40198.04,0.873286297827262
40198.05,0.839219008149238
40198.06,0.87576690317995
40198.07,0.848808681940191
40198.08,0.84090473270487
40198.09,0.820886327173307
40198.1,0.800898236636773
40198.11,0.807685752817678
40198.12,0.78814171155589
40198.13,0.793800586018494
40198.14,0.768651764915646
40198.15,0.781429779799138
40198.16,0.796423567209518
40198.17,0.773615963446453
40198.18,0.762930058021682
40198.19,0.754748361052392
40198.2,0.787702100382389
40198.21,0.765807203331003
40198.22,0.766719332210731
40198.23,0.749386680450917
40198.24,0.733771297644265
40198.25,0.703181836261714
40198.26,0.722998297976052
40198.27,0.732358895542002
40198.28,0.761300015749163
40198.29,0.749389506878585
40198.3,0.769426494600437
40198.31,0.77536059003117
40198.32,0.795028625079801
40198.33,0.770454736804382
40198.34,0.773196406790553
40198.35,0.773270700888316
40198.36,0.76484231709205
40198.37,0.741087308823694
40198.38,0.732743772691264
40198.39,0.769555800878609
40198.4,0.765753582172599
40198.41,0.769584171167006
40198.42,0.731803770298038
40198.43,0.733677613665339
40198.44,0.746668536031057
40198.45,0.748684941006467
40198.46,0.720506063746661
40198.47,0.748002512635508
40198.48,0.76054231434826
40198.49,0.772538378198515
40198.5,0.766628276870514
40198.51,0.773355540113756
40198.52,0.756195970913238
40198.53,0.748550019551806
40198.54,0.724745192925787
40198.55,0.76422578189709
40198.56,0.759887063817401
40198.57,0.736233697091849
40198.58,0.754377315419739
40198.59,0.800813793732296
40198.6,0.777693250295564
40198.61,0.766349104488261
40198.62,0.799375149637517
40198.63,0.796101400354543
40198.64,0.765027598229019
40198.65,0.758145851044067
40198.66,0.74374479088709
40198.67,0.746012119994937
40198.68,0.754920062678167
40198.69,0.733678075863627
40198.7,0.739029878310902
40198.71,0.744839703299841
40198.72,0.779100854660621
40198.73,0.792680243516409
40198.74,0.839779223705765
40198.75,0.840979409199505
40198.76,0.830210186186513
40198.77,0.871437200814359
40198.78,0.823064247791873
40198.79,0.817003793220685
40198.8,0.8234025881044
40198.81,0.836755117855228
40198.82,0.847308533431521
40198.83,0.859859867498558
40198.84,0.819205612914496
40198.85,0.85800151624431
40198.86,0.843677693812531
40198.87,0.839989408238285
40198.88,0.839632226792751
40198.89,0.830125970086362
40198.9,0.810082680022177
40198.91,0.80376476019048
40198.92,0.808836297220477
40198.93,0.824905369276521
40198.94,0.823381004581434
40198.95,0.788503667541855
40198.96,0.777035755637352
40198.97,0.80692252047931
40198.98,0.795771067896687
40198.99,0.79926477433194
40199,0.822462784490387
40199.01,0.796471186835729
40199.02,0.777132136281548
40199.03,0.804139545574856
40199.04,0.83377583446321
40199.05,0.783786399405362
40199.06,0.791607812326042
40199.07,0.797260025359594
40199.08,0.803539855098689
40199.09,0.784694292742811
40199.1,0.786887027762109
40199.11,0.775060720410154
40199.12,0.804453684908865
40199.13,0.814233803470735
40199.14,0.784486736131847
40199.15,0.777435414195225
40199.16,0.798733465987159
40199.17,0.817918804984341
40199.18,0.816671010102207
40199.19,0.87686991625101
40199.2,0.844157663832204
40199.21,0.854234202215769
40199.22,0.866598235474337
40199.23,0.837500548307109
40199.24,0.839092112247894
40199.25,0.847097383007389
40199.26,0.86738045183968
40199.27,0.883450059240166
40199.28,0.907700228569646
40199.29,0.893261101854019
40199.3,0.895041235818312
40199.31,0.896210084428094
40199.32,0.914803750816592
40199.33,0.94268062789707
40199.34,0.94310141169206
40199.35,0.917902298643289
40199.36,0.932151444125871
40199.37,0.920493286806719
40199.38,0.907537744614276
40199.39,0.882056193563842
40199.4,0.879219271080161
40199.41,0.879231900200809
40199.42,0.802666274864642
40199.43,0.777516238925952
40199.44,0.776437921003395
40199.45,0.767186600781513
40199.46,0.791297124060386
40199.47,0.804766439666993
40199.48,0.796788392238711
40199.49,0.811483181672429
40199.5,0.816643460641918
40199.51,0.834055289324756
40199.52,0.83067587948084
40199.53,0.824852713269277
40199.54,0.804294689077664
40199.55,0.801524279034759
40199.56,0.795808215932681
40199.57,0.781817400740573
40199.58,0.790076725392204
40199.59,0.787926359146617
40199.6,0.7860725896668
40199.61,0.823571239957138
40199.62,0.802436139892647
40199.63,0.844102402578842
40199.64,0.840576665427531
40199.65,0.843131670170733
40199.66,0.811642296653313
40199.67,0.832365846366179
40199.68,0.861575813423069
40199.69,0.890216002144207
40199.7,0.882454108179948
40199.71,0.921922669305365
40199.72,0.947105686159301
40199.73,0.897796542958168
40199.74,0.919003225197013
40199.75,0.905383167577053
40199.76,0.859054718409
40199.77,0.8725627439171
40199.78,0.824893863325852
40199.79,0.867341446443936
40199.8,0.883572854391051
40199.81,0.892878013129727
40199.82,0.851053289201319
40199.83,0.822300778897523
40199.84,0.808563413289956
40199.85,0.821900009645234
40199.86,0.807209283230175
40199.87,0.803454261738584
40199.88,0.79054768734878
40199.89,0.812409322510138
40199.9,0.824423301262068
40199.91,0.804377431739235
40199.92,0.799525954092098
40199.93,0.791431157654802
40199.94,0.811758112207995
40199.95,0.850278719737667
40199.96,0.843332036862244
40199.97,0.825807704480668
40199.98,0.845770363975994
40199.99,0.864695751514458
40200,0.905893160386473
40200.01,0.891519243980106
40200.02,0.907475931463235
40200.03,0.892658907231742
40200.04,0.881889907605787
40200.05,0.892630579513361
40200.06,0.877644174241538
40200.07,0.910868975193302
40200.08,0.898589221092061
40200.09,0.907367187128259
40200.1,0.906457182334184
40200.11,0.944063823732828
40200.12,0.95662784529041
40200.13,0.961815364594612
40200.14,1.0107322272302
40200.15,0.958443795385333
40200.16,0.990310304392293
40200.17,1.0161902947971
40200.18,1.04058646873174
40200.19,1.04674486361
40200.2,1.03584628377682
40200.21,1.00950105661517
40200.22,0.988512910481891
40200.23,0.960093930909205
40200.24,0.929572395256962
40200.25,0.913724709924449
40200.26,0.909062477892128
40200.27,0.931782194626334
40200.28,0.948936854734678
40200.29,0.956504459103377
40200.3,0.944633235813056
40200.31,0.988070277109842
40200.32,0.989276936137603
40200.33,1.02325338552794
40200.34,1.04002607728705
40200.35,1.00351806505896
40200.36,1.03163338311525
40200.37,1.01603508355912
40200.38,0.995776043134732
40200.39,0.960136070916953
40200.4,0.942543981721917
40200.41,0.954657479887308
40200.42,0.970589255222219
40200.43,0.98356997651816
40200.44,0.998897898115566
40200.45,1.05721434090656
40200.46,1.03452424503121
40200.47,1.01733127102445
40200.48,1.00406236313505
40200.49,1.0416362629107
40200.5,1.07095209028816
40200.51,1.05688406470424
40200.52,1.01075614408494
40200.53,0.989653351065114
40200.54,1.0067048951445
40200.55,1.01019827805917
40200.56,1.0114675117488
40200.57,0.993877384770323
40200.58,0.972099325666399
40200.59,0.968920856036198
40200.6,0.993043259628284
40200.61,0.942380591930137
40200.62,0.916035480197126
40200.63,0.868258784319885
40200.64,0.872630253531859
40200.65,0.884017442221119
40200.66,0.903137078054444
40200.67,0.891267095981364
40200.68,0.881306760550399
40200.69,0.900513923358222
40200.7,0.867190193254107
40200.71,0.882623749987761
40200.72,0.880986911013355
40200.73,0.91505726617972
40200.74,0.923619144244716
40200.75,0.950975157689152
40200.76,0.987249681634444
40200.77,0.961610734190877
40200.78,0.927859407558276
40200.79,0.962137574329808
40200.8,0.976910878671333
40200.81,1.00989925390233
40200.82,0.980004622390716
40200.83,0.929208859043417
40200.84,0.948928562260009
40200.85,0.956737494904883
40200.86,0.972182466663053
40200.87,0.999808173033238
40200.88,1.01495835857585
40200.89,1.00803171270351
40200.9,1.02306651059025
40200.91,1.03907722941178
40200.92,1.06688979869487
40200.93,1.07453450911257
40200.94,1.04682180134987
40200.95,1.02335986839942
40200.96,0.997865222241232
40200.97,1.00392810728804
40200.98,1.01088860992905
40200.99,1.01107169317751
40201,1.02502682795679
40201.01,1.00711491351049
40201.02,1.05150567905133
40201.03,1.1047229611639
40201.04,1.11207780936627
40201.05,1.07127997832583
40201.06,1.05056517457989
40201.07,1.01575965131311
40201.08,0.979361587205955
40201.09,0.960247910410563
40201.1,1.0034992575521
40201.11,1.01214151883547
40201.12,1.0471435466697
40201.13,1.01962606234505
40201.14,1.00132321974863
40201.15,1.00817682349314
40201.16,1.01794438984646
40201.17,1.06643135687593
40201.18,1.00397609438612
40201.19,1.01201987147411
40201.2,1.03908619489055
40201.21,1.01870130370081
40201.22,0.999164714022133
40201.23,1.02031544161865
40201.24,1.06586440649024
40201.25,1.06832254508796
40201.26,1.03302206571974
40201.27,0.999460302234814
40201.28,1.00055273478793
40201.29,0.964271600376138
40201.3,0.960478495171641
40201.31,0.977482687058265
40201.32,0.958811675963676
40201.33,0.923600842104776
40201.34,0.948639329093428
40201.35,0.912282040758003
40201.36,0.890333322159211
40201.37,0.916241084241325
40201.38,0.935445944342565
40201.39,0.95292635482443
40201.4,0.953907778556789
40201.41,0.949858673072871
40201.42,0.994688109352485
40201.43,1.0473695858897
40201.44,1.05991605749529
40201.45,1.04065266278325
40201.46,1.00820993123837
40201.47,1.05835824558478
40201.48,1.04229655081855
40201.49,0.996162010697897
40201.5,0.977339317258258
40201.51,0.972135067727782
40201.52,0.980165712055307
40201.53,1.0237097288272
40201.54,1.0446559004499
40201.55,1.08933947590949
40201.56,1.12637189549979
40201.57,1.09460940773399
40201.58,1.11119177670661
40201.59,1.07255206640205
40201.6,1.0647124810783
40201.61,1.10464898225109
40201.62,1.06499472522258
40201.63,1.06553615107219
40201.64,1.06144681336983
40201.65,1.07846297078966
40201.66,1.07603994637621
40201.67,1.02187055632445
40201.68,0.988847045188021
40201.69,1.005845237118
40201.7,1.00176289327946
40201.71,0.980588350783867
40201.72,1.04195262222764
40201.73,1.00336419866448
40201.74,0.985784324180169
40201.75,0.971645801268059
40201.76,0.924846795556503
40201.77,0.921934464152437
40201.78,0.948677703652357
40201.79,0.901444844053133
40201.8,0.885985189597157
40201.81,0.910521119986738
40201.82,0.919954781348942
40201.83,0.95369675121982
40201.84,0.943578242365075
40201.85,0.927426039615108
40201.86,0.934683550995775
40201.87,0.93681664720359
40201.88,0.921007866601501
40201.89,0.912231711312227
40201.9,0.890835215854723
40201.91,0.911711295708896
40201.92,0.917936006744087
40201.93,0.877808131937804
40201.94,0.866610188567628
40201.95,0.915411045339304
40201.96,0.928396765458049
40201.97,0.953822659110322
40201.98,0.900674720540637
40201.99,0.89489830059766
40202,0.884223390151211
40202.01,0.906444245200669
40202.02,0.915370625349117
40202.03,0.91339610803097
40202.04,0.977848476939248
40202.05,0.969158999406626
40202.06,0.92317911217369
40202.07,0.90148298605224
40202.08,0.904334882892318
40202.09,0.902883465845858
40202.1,0.888629701768828
40202.11,0.914419552652525
40202.12,0.926956297255762
40202.13,0.952267598162122
40202.14,0.972641088553745
40202.15,0.99967219741654
40202.16,0.944420375675328
40202.17,0.92428297119618
40202.18,0.923864910919742
40202.19,0.915213416930079
40202.2,0.901171981597496
40202.21,0.959371640465015
40202.22,0.935539782873789
40202.23,0.916598752214488
40202.24,0.969223031416519
40202.25,0.968187737469571
40202.26,0.900149354745414
40202.27,0.912271212839504
40202.28,0.968352480431481
40202.29,0.969165622054191
40202.3,0.999355792546783
40202.31,1.00855661760453
40202.32,0.991654933779776
40202.33,0.998353289424677
40202.34,1.01615666496742
40202.35,1.03973272755904
40202.36,1.05106142247901
40202.37,0.969791128545749
40202.38,1.04128029872289
40202.39,1.06264119913168
40202.4,1.0075425979437
40202.41,1.01092723022158
40202.42,0.974072664471443
40202.43,0.991446087641632
40202.44,0.974609551265219
40202.45,0.966472688369323
40202.46,0.983185760967843
40202.47,0.963832843533481
40202.48,0.994910877999728
40202.49,1.00631113486915
40202.5,0.976566000324552
40202.51,0.983555042462662
40202.52,0.941826694721908
40202.53,0.934067784745902
40202.54,0.962518804159722
40202.55,0.958049132094148
40202.56,0.991304325153006
40202.57,1.02752966616523
40202.58,1.04475948133366
40202.59,1.09699205439458
40202.6,1.05832004385056
40202.61,1.04898521434412
40202.62,1.02814926320676
40202.63,0.955260621947824
40202.64,0.987934617120991
40202.65,0.992852742117629
40202.66,0.988216685684025
40202.67,0.986527285764861
40202.68,0.959229159872593
40202.69,0.915118090239774
40202.7,0.870633269606191
40202.71,0.876385862058156
40202.72,0.845211800590859
40202.73,0.901850029585372
40202.74,0.974868953594801
40202.75,0.977830940593505
40202.76,1.00000236256709
40202.77,0.998896144945298
40202.78,0.96261177597326
40202.79,0.955489392448525
40202.8,0.959343825582267
40202.81,1.00030700883926
40202.82,0.961897145019119
40202.83,0.97409755517778
40202.84,1.01498539329824
40202.85,1.00361167289581
40202.86,0.988049840014396
40202.87,1.00476337072109
40202.88,1.00934325864276
40202.89,0.989415798337099
40202.9,0.976505433902241
40202.91,1.02472679011012
40202.92,1.05906868876402
40202.93,1.06632472737343
40202.94,1.09069596855313
40202.95,1.09637144390029
40202.96,1.10075873688781
40202.97,1.08378537197596
40202.98,1.09063361431141
40202.99,1.09501719852273
40203,1.12882113120778
40203.01,1.10192037741626
40203.02,1.10030098538786
40203.03,1.04679425452572
40203.04,1.1057320397763
40203.05,1.07543293879949
40203.06,1.05654275793607
40203.07,1.012720682795
40203.08,1.00571305534642
40203.09,1.01034454605903
40203.1,0.984213268446742
40203.11,0.971897925492246
40203.12,0.975188611537489
40203.13,0.985840301164617
40203.14,0.954708809785789
40203.15,0.951286709753227
40203.16,0.948957288843221
40203.17,0.96510217542122
40203.18,0.956907907044061
40203.19,0.939448817630726
40203.2,0.93527896696169
40203.21,0.956801277178296
40203.22,0.951270642718313
40203.23,0.936355896968898
40203.24,0.912880789308608
40203.25,0.917332901123075
40203.26,0.949414811500614
40203.27,0.962427367720217
40203.28,1.02713826937962
40203.29,1.02399626316209
40203.3,1.07301686728196
40203.31,1.10905739664202
40203.32,1.10115000001337
40203.33,1.09850510677388
40203.34,1.11542009026008
40203.35,1.07617391801699
40203.36,1.06441161111927
40203.37,1.07633991709102
40203.38,1.0787324676202
40203.39,1.0740504490285
40203.4,1.04303632889835
40203.41,1.0207486307293
40203.42,1.00039771309891
40203.43,0.980496836134182
40203.44,1.02667978178628
40203.45,1.00781018588996
40203.46,1.01089791985459
40203.47,1.02954329986293
40203.48,0.990654177835684
40203.49,0.987331646756651
40203.5,1.01221092895139
40203.51,1.03717432655462
40203.52,1.07270561982492
40203.53,1.09873870181018
40203.54,1.02196828622229
40203.55,1.01242666003057
40203.56,1.01406741387654
40203.57,1.04307333266104
40203.58,1.01049152617443
40203.59,0.984445050522614
40203.6,0.966510888505899
40203.61,0.951272528224308
40203.62,0.941144954451793
40203.63,0.889014319326857
40203.64,0.914298228294214
40203.65,0.921699497020257
40203.66,0.917668281285629
40203.67,0.92573619372174
40203.68,0.918770043961711
40203.69,0.921145610265907
40203.7,0.869288905624935
40203.71,0.895332466390557
40203.72,0.873945552307311
40203.73,0.858955506555001
40203.74,0.854996718581636
40203.75,0.860716357253193
40203.76,0.870700975697507
40203.77,0.900425263345898
40203.78,0.883304474779031
40203.79,0.872540649957449
40203.8,0.852198301498761
40203.81,0.854687962899065
40203.82,0.862533671256246
40203.83,0.846110454422632
40203.84,0.848723083224163
40203.85,0.841601480070722
40203.86,0.873155647832744
40203.87,0.917854584272518
40203.88,0.89924875898419
40203.89,0.871765309887799
40203.9,0.864094949312435
40203.91,0.88034866665826
40203.92,0.881980380196815
40203.93,0.900614355851449
40203.94,0.897086718046306
40203.95,0.899669705515129
40203.96,0.907088410523846
40203.97,0.911806068210534
40203.98,0.937814098858832
40203.99,0.97156112324368
40204,0.921559811218943
40204.01,0.963237303191834
40204.02,0.978985432001233
40204.03,0.939360848997148
40204.04,0.939501102573567
40204.05,0.895512603960222
40204.06,0.909669085788216
40204.07,0.914898528385704
40204.08,0.92098427432719
40204.09,0.966331480086486
40204.1,0.963909470592224
40204.11,0.998659033560599
40204.12,1.02366655850427
40204.13,1.00023718317742
40204.14,1.03861414140288
40204.15,1.02792805146248
40204.16,1.01345449415842
40204.17,1.02745565159635
40204.18,1.02509481023614
40204.19,0.99262476442186
40204.2,0.996001762937851
40204.21,0.954271583024625
40204.22,0.971196688276318
40204.23,0.959145929787916
40204.24,0.962637651395053
40204.25,0.957940499520901
40204.26,0.899173442444613
40204.27,0.884261968317189
40204.28,0.875214259529141
40204.29,0.887758626785132
40204.3,0.87598088789319
40204.31,0.852727666067186
40204.32,0.853986642280629
40204.33,0.857746448978628
40204.34,0.845416823150952
40204.35,0.853553936654352
40204.36,0.819757399366955
40204.37,0.799901737600357
40204.38,0.774312786345838
40204.39,0.770509914671638
40204.4,0.755398061973605
40204.41,0.789971691465907
40204.42,0.793224607902776
40204.43,0.818698971204494
40204.44,0.858660051524755
40204.45,0.869074391949716
40204.46,0.860965636636347
40204.47,0.851701548840152
40204.48,0.869231082724665
40204.49,0.87865786991961
40204.5,0.907139299957636
40204.51,0.955029725124142
40204.52,0.928072348130385
40204.53,0.898461212743207
40204.54,0.883386395056164
40204.55,0.884582430214667
40204.56,0.89427903447791
40204.57,0.883870540458869
40204.58,0.885552089665222
40204.59,0.916794614460499
40204.6,0.891769957778979
40204.61,0.896334787477636
40204.62,0.935796323787259
40204.63,0.965258280182677
40204.64,0.980823191498315
40204.65,1.02638375759964
40204.66,0.989809304981578
40204.67,0.969110416888469
40204.68,0.928074197534744
40204.69,0.891092648429245
40204.7,0.905777991742401
40204.71,0.892038193517288
40204.72,0.858244490781254
40204.73,0.869033965535606
40204.74,0.866569826897456
40204.75,0.88863442380944
40204.76,0.898721990949517
40204.77,0.940346977393975
40204.78,0.932329972670662
40204.79,0.949908682125431
40204.8,0.973738423025906
40204.81,1.01462040981476
40204.82,1.01931165925586
40204.83,1.05733804583816
40204.84,1.05005520895715
40204.85,1.02507516432131
40204.86,1.0104526360371
40204.87,0.993042199124076
40204.88,0.986273206683756
40204.89,0.989578131120413
40204.9,0.92756894506835
40204.91,0.924576855530987
40204.92,1.00728772610378
40204.93,0.953234054567917
40204.94,0.946668984145015
40204.95,0.948491739251021
40204.96,0.930462577460574
40204.97,0.900402533625654
40204.98,0.890294083342838
40204.99,0.892895716548679
40205,0.896843691816572
40205.01,0.89703683116176
40205.02,0.939766656285204
40205.03,0.99018126351197
40205.04,0.996247447748494
40205.05,1.0040849536271
40205.06,1.00026485399877
40205.07,1.02540978394428
40205.08,1.04637270756589
40205.09,1.04956245683811
40205.1,1.09806924102308
40205.11,1.07212329290424
40205.12,1.0955112328501
40205.13,1.09801447460697
40205.14,1.05743580417736
40205.15,1.08640629452804
40205.16,1.10673710289009
40205.17,1.13461467439201
40205.18,1.06544363017366
40205.19,1.04976974355623
40205.2,0.985676043087139
40205.21,0.998082629900629
40205.22,1.00687815346578
40205.23,0.977724859625018
40205.24,0.980225392768188
40205.25,0.976783110102568
40205.26,0.940304735578221
40205.27,0.934207380606008
40205.28,0.862894946134204
40205.29,0.898448190741075
40205.3,0.939247840668377
40205.31,0.967080783219492
40205.32,0.929237170725738
40205.33,0.904943127232983
40205.34,0.867712396878461
40205.35,0.873579806321365
40205.36,0.908624792827852
40205.37,0.914822640316515
40205.38,0.886410132514548
40205.39,0.905203621629184
40205.4,0.933198069397153
40205.41,0.917822142393103
40205.42,0.865431114613129
40205.43,0.845802550432879
40205.44,0.893592387856977
40205.45,0.868023964871189
40205.46,0.861811341290881
40205.47,0.869561024101634
40205.48,0.88801917196056
40205.49,0.932084904045164
40205.5,0.969675556600059
40205.51,0.965708885259642
40205.52,0.985668041633088
40205.53,0.942838646480547
40205.54,0.931777073403103
40205.55,0.958816075171681
40205.56,0.957652082804366
40205.57,0.934672579551377
40205.58,0.928883676085251
40205.59,0.949376908110382
40205.6,0.906147757284787
40205.61,0.910024800637732
40205.62,0.872926687789936
40205.63,0.923099653266195
40205.64,0.922307784081369
40205.65,0.909661627964695
40205.66,0.898643915183873
40205.67,0.900582605266866
40205.68,0.873832687126975
40205.69,0.863150857159292
40205.7,0.872556210732752
40205.71,0.863268228600468
40205.72,0.844272588682329
40205.73,0.82270709801087
40205.74,0.850830325453773
40205.75,0.858560490428003
40205.76,0.893302453757136
40205.77,0.831394135002013
40205.78,0.835602968133439
40205.79,0.864197743731782
40205.8,0.905823186573999
40205.81,0.884585559532025
40205.82,0.875696960336093
40205.83,0.885116611062018
40205.84,0.904992144500116
40205.85,0.902344760881585
40205.86,0.887481445008615
40205.87,0.890826922334203
40205.88,0.902264306329602
40205.89,0.882514870735157
40205.9,0.951193026699341
40205.91,0.971351496951754
40205.92,0.946341474418503
40205.93,0.987947449474824
40205.94,0.969766586609068
40205.95,0.964278776783787
40205.96,0.920043598988771
40205.97,0.983157253928483
40205.98,1.00869000295793
40205.99,0.990198854264862
40206,0.962059214258951
40206.01,0.927225559307768
40206.02,0.934379589963528
40206.03,0.947115158747304
40206.04,0.998579772738604
40206.05,0.965492440550365
40206.06,0.98964604624991
40206.07,0.983983608966701
40206.08,0.995166078795539
40206.09,0.983171128698145
40206.1,0.960728996708047
40206.11,0.932804637700781
40206.12,0.905553558607981
40206.13,0.940653982251392
40206.14,0.901331087171016
40206.15,0.913021257325599
40206.16,0.910497856338898
40206.17,0.934417679793034
40206.18,0.931332722748806
40206.19,0.937392151904178
40206.2,0.950815769291147
40206.21,0.959691178445368
40206.22,0.93916847026792
40206.23,0.911972712545056
40206.24,0.925026937012103
40206.25,0.996272985603303
40206.26,0.982296950510904
40206.27,0.966935359941939
40206.28,0.927150044497746
40206.29,0.940210538314409
40206.3,0.93057556943375
40206.31,0.92566436031548
40206.32,0.937337987779453
40206.33,0.942393410879438
40206.34,0.939796528347368
40206.35,0.917280541769805
40206.36,0.894911377618333
40206.37,0.897878807555427
40206.38,0.909928739272951
40206.39,0.914527055889318
40206.4,0.916606207935433
40206.41,0.940838675782128
40206.42,0.9186592118661
40206.43,0.910021036942817
40206.44,0.939444919420978
40206.45,0.930027462375363
40206.46,0.95796646953434
40206.47,0.913985371221706
40206.48,0.919548007094725
40206.49,0.918913632534484
40206.5,0.894885335611504
40206.51,0.868862326873217
40206.52,0.876553094634806
40206.53,0.873988006919694
40206.54,0.865611931107011
40206.55,0.846711131357402
40206.56,0.873678408299189
40206.57,0.932141141277253
40206.58,0.910542614907734
40206.59,0.938033272692694
40206.6,0.912229479338809
40206.61,0.903381521537764
40206.62,0.880879748792347
40206.63,0.881292752159112
40206.64,0.860127678266763
40206.65,0.847887839711198
40206.66,0.854541173218323
40206.67,0.869727213059992
40206.68,0.865980072159413
40206.69,0.878700183159679
40206.7,0.853174545635354
40206.71,0.854681695085385
40206.72,0.877674172651524
40206.73,0.915213707542221
40206.74,0.938984311049309
40206.75,0.926289331937179
40206.76,0.902672061007093
40206.77,0.906526147936403
40206.78,0.899372940632611
40206.79,0.906152854201792
40206.8,0.871536963798192
40206.81,0.839567172356148
40206.82,0.834007971553043
40206.83,0.840245308929891
40206.84,0.801936471524844
40206.85,0.794284037611756
40206.86,0.851971713747643
40206.87,0.820814061513654
40206.88,0.810757736806997
40206.89,0.84153255767435
40206.9,0.838664223618488
40206.91,0.857637672829562
40206.92,0.90191980673458
40206.93,0.94096796141217
40206.94,0.903204862928804
40206.95,0.897718203691919
40206.96,0.891617283897054
40206.97,0.893429734811936
40206.98,0.868399084865924
40206.99,0.867449112014796
40207,0.871345853288628
40207.01,0.852416192811438
40207.02,0.849028752116577
40207.03,0.832511152942132
40207.04,0.794803399216074
40207.05,0.769460278459574
40207.06,0.768546459998255
40207.07,0.754340053449536
40207.08,0.753524521400659
40207.09,0.771992220090489
40207.1,0.777445238158863
40207.11,0.793676807878229
40207.12,0.811067438615022
40207.13,0.829703432780465
40207.14,0.832766525899418
40207.15,0.882896446114834
40207.16,0.881834347622208
40207.17,0.852807839142166
40207.18,0.830445271587831
40207.19,0.81546276308914
40207.2,0.790917729990494
40207.21,0.810371170803384
40207.22,0.814834293383145
40207.23,0.806138635429068
40207.24,0.818396587220327
40207.25,0.818237351783005
40207.26,0.82331636756238
40207.27,0.819805592348771
40207.28,0.799688896902266
40207.29,0.816328613794949
40207.3,0.846067658050244
40207.31,0.84694307203175
40207.32,0.859099111956933
40207.33,0.851276720707631
40207.34,0.864285725441164
40207.35,0.872913527032862
40207.36,0.829513638436686
40207.37,0.834264881310488
40207.38,0.829849332550073
40207.39,0.806485665819808
40207.4,0.789109700469969
40207.41,0.796184504604268
40207.42,0.798600883692528
40207.43,0.752834678129241
40207.44,0.773743466857989
40207.45,0.811417197986155
40207.46,0.800188393428646
40207.47,0.816714981839657
40207.48,0.788973918233858
40207.49,0.780527246517571
40207.5,0.798018839228632
40207.51,0.83110874802108
40207.52,0.836278291902545
40207.53,0.83890913907226
40207.54,0.84006148531912
40207.55,0.837750979185691
40207.56,0.846573550703151
40207.57,0.872265909397422
40207.58,0.851754908767722
40207.59,0.853693024726918
40207.6,0.800747115110656
40207.61,0.79700150849038
40207.62,0.764233242491492
40207.63,0.782426174205556
40207.64,0.79214563595487
40207.65,0.832348164540763
40207.66,0.853177416676356
40207.67,0.850631826904624
40207.68,0.885532151208916
40207.69,0.893863882689218
40207.7,0.874494158342087
40207.71,0.851089971144084
40207.72,0.825407640196747
40207.73,0.798988851798307
40207.74,0.815183423500817
40207.75,0.871174643390758
40207.76,0.876023036716476
40207.77,0.868315348774608
40207.78,0.864957151990584
40207.79,0.877744913834914
40207.8,0.891623648375406
40207.81,0.909166286948535
40207.82,0.890829652672208
40207.83,0.886848774666512
40207.84,0.896087396164172
40207.85,0.897753992093669
40207.86,0.894631851477458
40207.87,0.870914259599817
40207.88,0.852515672205478
40207.89,0.877076514702344
40207.9,0.914108733401013
40207.91,0.904507694542462
40207.92,0.888310744043653
40207.93,0.882028028868373
40207.94,0.875623364052846
40207.95,0.886457650182814
40207.96,0.884382762095779
40207.97,0.862682895769787
40207.98,0.854881437817365
40207.99,0.890740377155539
40208,0.90347458613314
40208.01,0.896034102972017
40208.02,0.861856894431219
40208.03,0.855679561642114
40208.04,0.880615055227817
40208.05,0.857611163709396
40208.06,0.882651645025844
40208.07,0.923257814266386
40208.08,0.894617659040259
40208.09,0.86353124937518
40208.1,0.885116856227211
40208.11,0.858594212800894
40208.12,0.888041888216496
40208.13,0.887850249361362
40208.14,0.875543409777641
40208.15,0.919809319925591
40208.16,0.917986254044756
40208.17,0.920622144636332
40208.18,0.884058244393436
40208.19,0.901139948110739
40208.2,0.890280059378802
40208.21,0.903857582926647
40208.22,0.898473603228062
40208.23,0.906519160628554
40208.24,0.867158492064336
40208.25,0.860777541898852
40208.26,0.847233108061695
40208.27,0.850717263466225
40208.28,0.858013205284747
40208.29,0.848789597787073
40208.3,0.796502080138397
40208.31,0.810019664663222
40208.32,0.801106114532323
40208.33,0.776921806859285
40208.34,0.784894183960574
40208.35,0.783206485238581
40208.36,0.774093915982398
40208.37,0.757652701727402
40208.38,0.783736758725015
40208.39,0.811576491070035
40208.4,0.828921017291146
40208.41,0.85349671831354
40208.42,0.846256073566403
40208.43,0.83393930832048
40208.44,0.847266786097878
40208.45,0.866462720223191
40208.46,0.865669994129572
40208.47,0.848516817016223
40208.48,0.904982880352739
40208.49,0.913746515368695
40208.5,0.92929877928763
40208.51,0.881233762695871
40208.52,0.876691289448385
40208.53,0.88725608344921
40208.54,0.866784755744866
40208.55,0.911735821417005
40208.56,0.908393348957392
40208.57,0.896455149281328
40208.58,0.883686455111726
40208.59,0.901429777067163
40208.6,0.850584879250642
40208.61,0.88987278615444
40208.62,0.860141944131042
40208.63,0.900355502213466
40208.64,0.969299319420447
40208.65,0.999577005473085
40208.66,0.996441958557219
40208.67,1.02068480089887
40208.68,1.03249649511209
40208.69,1.04588550138307
40208.7,1.01994041784614
40208.71,0.975820617535424
40208.72,0.968358257514866
40208.73,0.977511703764339
40208.74,1.00130611653592
40208.75,0.974276189327487
40208.76,1.01071286241547
40208.77,1.02593119426532
40208.78,1.06292621034826
40208.79,1.04831777343727
40208.8,1.04373848887752
40208.81,1.04492725250338
40208.82,1.02312096820748
40208.83,1.02326564107432
40208.84,1.0129896222892
40208.85,0.996076402411478
40208.86,1.01683057248139
40208.87,0.999417664003951
40208.88,1.04016660788958
40208.89,1.04798905944835
40208.9,1.13580442671883
40208.91,1.14122925749123
40208.92,1.19364053347995
40208.93,1.18526226151991
40208.94,1.20103375002827
40208.95,1.21695449913703
40208.96,1.19449288661895
40208.97,1.21519697209099
40208.98,1.22907811875179
40208.99,1.2465550161287
40209,1.25359265500342
40209.01,1.30515319372037
40209.02,1.29286396524943
40209.03,1.26643260453513
40209.04,1.24877893370238
40209.05,1.23856909158434
40209.06,1.19005327080278
40209.07,1.16724416032332
40209.08,1.13219511008472
40209.09,1.14787580867532
40209.1,1.15464916666978
40209.11,1.13644960492213
40209.12,1.16275470838097
40209.13,1.10603536383597
40209.14,1.08873831856481
40209.15,1.12736349854597
40209.16,1.19584959505056
40209.17,1.1007995901517
40209.18,1.0357814093191
40209.19,1.04816442199123
40209.2,1.01864365664486
40209.21,1.05017991849531
40209.22,1.06506108272717
40209.23,1.03318117401495
40209.24,0.988634941168622
40209.25,0.993192648515056
40209.26,0.986716202047443
40209.27,0.998431538517582
40209.28,1.03703056083767
40209.29,0.993470790736505
40209.3,0.996170251276275
40209.31,0.978245403433836
40209.32,0.94493575238257
40209.33,0.947018333111489
40209.34,0.942366400845051
40209.35,0.956109017746143
40209.36,0.974523053151791
40209.37,0.991819288561717
40209.38,0.955691118793836
40209.39,0.951452337912086
40209.4,0.940929122801405
40209.41,0.994298390692383
40209.42,0.963100749853832
40209.43,0.979482793258413
40209.44,0.932454025966154
40209.45,0.946389110752079
40209.46,0.916989339563377
40209.47,0.920702647006433
40209.48,0.907676912362678
40209.49,0.883415887689845
40209.5,0.87180344288705
40209.51,0.872126839481849
40209.52,0.86842427560072
40209.53,0.900486185805415
40209.54,0.900580306368299
40209.55,0.887906547757918
40209.56,0.90801356966491
40209.57,0.969648654532375
40209.58,0.984351011403231
40209.59,0.972992235058231
40209.6,0.964144030847321
40209.61,0.972041066792146
40209.62,0.984323796301048
40209.63,0.96529138258835
40209.64,0.967580127838331
40209.65,0.953618262328578
40209.66,0.971192406492292
40209.67,0.943719861696711
40209.68,0.911599960000394
40209.69,0.881389392645036
40209.7,0.876950537164014
40209.71,0.884403460801321
40209.72,0.900571147008566
40209.73,0.903103123323237
40209.74,0.878667839292706
40209.75,0.917494844347818
40209.76,0.909615926531676
40209.77,0.940612752135018
40209.78,0.920813629628295
40209.79,0.950089828177521
40209.8,0.91647839927016
40209.81,0.935509967279465
40209.82,0.924429939874492
40209.83,0.987073686281144
40209.84,0.983957510187079
40209.85,0.985125221884373
40209.86,0.907939996589368
40209.87,0.899190386597992
40209.88,0.887196455873142
40209.89,0.945063635281661
40209.9,0.943327020313742
40209.91,0.923054265788491
40209.92,0.932197178582449
40209.93,0.933504722383058
40209.94,0.909630643303825
40209.95,0.887640534234894
40209.96,0.867373099367093
40209.97,0.903805065570416
40209.98,0.896246748447708
40209.99,0.895381416898622
40210,0.854761271218396
40210.01,0.849719893986207
40210.02,0.896073726874896
40210.03,0.858954090784802
40210.04,0.898764719255788
40210.05,0.891467321422883
40210.06,0.889483470874744
40210.07,0.873936830158216
40210.08,0.817203079280064
40210.09,0.793321850584466
40210.1,0.792621470472362
40210.11,0.852267245889366
40210.12,0.802235290179815
40210.13,0.820325854520501
40210.14,0.808952420972922
40210.15,0.833072567759197
40210.16,0.857171560740843
40210.17,0.860251336525636
40210.18,0.882370743257704
40210.19,0.874856643402292
40210.2,0.859052205427032
40210.21,0.918456891538615
40210.22,0.90453759628458
40210.23,0.946991333624497
40210.24,0.95435813026814
40210.25,0.949014377881496
40210.26,0.946671432729681
40210.27,0.915570980813301
40210.28,0.878043064477032
40210.29,0.861738387640032
40210.3,0.873542654784302
40210.31,0.888769368903566
40210.32,0.887156012862111
40210.33,0.930253408596294
40210.34,0.943765737959658
40210.35,0.937857998712401
40210.36,0.921347877981908
40210.37,0.963727280731591
40210.38,0.992729228669151
40210.39,0.994016463137592
40210.4,1.00168979737565
40210.41,0.979948656183873
40210.42,0.960095725396763
40210.43,0.979229816392899
40210.44,0.994991978728844
40210.45,0.991841657022691
40210.46,1.00231150689079
40210.47,1.02545454154302
40210.48,0.997379462370296
40210.49,0.990726067383129
40210.5,0.953066794378613
40210.51,0.930646475018089
40210.52,0.959882293407189
40210.53,0.981052503886874
40210.54,1.03748443297833
40210.55,1.00583355687112
40210.56,1.0268844052243
40210.57,1.03385876097405
40210.58,1.01265612728274
40210.59,0.970973120461331
40210.6,1.01477495509188
40210.61,1.00752149550463
40210.62,0.966483871590489
40210.63,0.973136591820067
40210.64,1.0087329231999
40210.65,0.994180729210866
40210.66,1.02001552437377
40210.67,1.01908491674424
40210.68,1.01116986294539
40210.69,0.986906221097348
40210.7,0.991144882921259
40210.71,1.02730056703773
40210.72,1.0926927222528
40210.73,1.09944228373009
40210.74,1.06562393180491
40210.75,1.01387852735532
40210.76,0.983370775262568
40210.77,0.949240534852273
40210.78,1.00410451095018
40210.79,1.01123958895797
40210.8,0.959527801768796
40210.81,0.99984385821492
40210.82,0.972874910298835
40210.83,0.954423861444739
40210.84,0.95286566792931
40210.85,0.936978875666579
40210.86,0.970006178473645
40210.87,0.970337765708706
40210.88,0.965052571911859
40210.89,0.935589008217278
40210.9,0.912607023875716
40210.91,0.892836930755736
40210.92,0.894702161506874
40210.93,0.873562557678455
40210.94,0.888059131567361
40210.95,0.889901107377023
40210.96,0.897221483282071
40210.97,0.866437598856718
40210.98,0.867603044776265
40210.99,0.850687609824469
40211,0.84030858893075
40211.01,0.824756372969537
40211.02,0.877124954803019
40211.03,0.897109464581443
40211.04,0.905310646257375
40211.05,0.905900699156146
40211.06,0.869508537475824
40211.07,0.856028866415071
40211.08,0.841373792723268
40211.09,0.830401202962063
40211.1,0.832223860172473
40211.11,0.837220411340901
40211.12,0.845789789036635
40211.13,0.8562590354617
40211.14,0.852744052869681
40211.15,0.877698282595215
40211.16,0.890046636442322
40211.17,0.878076488510911
40211.18,0.856871681058134
40211.19,0.822662805702131
40211.2,0.863403443473947
40211.21,0.850965400748932
40211.22,0.904348193156764
40211.23,0.909615449612228
40211.24,0.882160194420791
40211.25,0.868950484922273
40211.26,0.850507160191051
40211.27,0.859435843946625
40211.28,0.800463341169024
40211.29,0.801722760181872
40211.3,0.803616138869374
40211.31,0.794689876602486
40211.32,0.788835723624517
40211.33,0.76660811210353
40211.34,0.769362128809128
40211.35,0.768852433643401
40211.36,0.769996468101166
40211.37,0.800594621565702
40211.38,0.790935208101594
40211.39,0.800767420375227
40211.4,0.815878494197541
40211.41,0.830796293728892
40211.42,0.832037514872982
40211.43,0.814907038957855
40211.44,0.781472818570786
40211.45,0.791375833628115
40211.46,0.827317973831924
40211.47,0.789447330515068
40211.48,0.786614480881688
40211.49,0.789380488971876
40211.5,0.829886439539252
40211.51,0.828694705715488
40211.52,0.863924057087321
40211.53,0.849160413322507
40211.54,0.850785701431543
40211.55,0.805627389505002
40211.56,0.80941457056158
40211.57,0.804086499585343
40211.58,0.811718259734622
40211.59,0.822038735241029
40211.6,0.820728683473797
40211.61,0.814587109597495
40211.62,0.797623925775663
40211.63,0.815777202926768
40211.64,0.839046094150664
40211.65,0.864778855588013
40211.66,0.846691187343049
40211.67,0.855933979949444
40211.68,0.839181633484764
40211.69,0.84373394858418
40211.7,0.896797503171325
40211.71,0.885284173474749
40211.72,0.825036965322185
40211.73,0.845447683905943
40211.74,0.883040889873235
40211.75,0.920332916514107
40211.76,0.888668391366503
40211.77,0.904420276207972
40211.78,0.918367975499888
40211.79,0.90610083597118
40211.8,0.901643445010147
40211.81,0.875689659599663
40211.82,0.889927977479253
40211.83,0.905138282098991
40211.84,0.879867538760305
40211.85,0.873000061478458
40211.86,0.866640042103954
40211.87,0.854539046549807
40211.88,0.855170352598163
40211.89,0.858990557433763
40211.9,0.856235094058648
40211.91,0.869901074220803
40211.92,0.864965394012225
40211.93,0.899375111462216
40211.94,0.906248783788129
40211.95,0.907623045717334
40211.96,0.951845790471646
40211.97,0.993747618110924
40211.98,0.998768246707241
40211.99,0.986070808429873
40212,1.03142310009979
40212.01,1.02537973208553
40212.02,1.02292545302762
40212.03,0.977510871277995
40212.04,0.977881835328966
40212.05,0.952740138081357
40212.06,0.988727103648248
40212.07,1.01514857068214
40212.08,1.0273357388599
40212.09,1.05188222538276
40212.1,1.02750304620539
40212.11,1.01968212078021
40212.12,1.03291999367845
40212.13,0.997329978393304
40212.14,1.04365465735512
40212.15,1.04548082595763
40212.16,1.05531706090193
40212.17,1.0305091697238
40212.18,1.04898130997236
40212.19,1.10345694812223
40212.2,1.05483331489954
40212.21,1.02512588782322
40212.22,1.07981852333175
40212.23,1.07639255253068
40212.24,1.13432947318462
40212.25,1.11809072251256
40212.26,1.0911514770418
40212.27,1.07947546719333
40212.28,1.08787052812297
40212.29,1.08984309218094
40212.3,1.09494565125173
40212.31,1.05723291122159
40212.32,1.09666046227523
40212.33,1.13183579012942
40212.34,1.15312672778164
40212.35,1.19332262525293
40212.36,1.27628732663144
40212.37,1.25085560347311
40212.38,1.209872805561
40212.39,1.17243351124045
40212.4,1.20703439843333
40212.41,1.17868917543887
40212.42,1.11304591009143
40212.43,1.11000031821048
40212.44,1.12298041198409
40212.45,1.11659125703169
40212.46,1.14790644280835
40212.47,1.20357460957883
40212.48,1.21055972122733
40212.49,1.18729953576921
40212.5,1.09638133828844
40212.51,1.12806490742854
40212.52,1.12307929025857
40212.53,1.12927918633693
40212.54,1.14514983183394
40212.55,1.20456223792295
40212.56,1.17761340689728
40212.57,1.17742370712889
40212.58,1.21566789921844
40212.59,1.17735596015145
40212.6,1.14826994119594
40212.61,1.09231115592119
40212.62,1.0407299987428
40212.63,1.01787109811217
40212.64,1.06159907346099
40212.65,1.01140612459286
40212.66,1.01158464125075
40212.67,1.0223070194425
40212.68,1.03041715164297
40212.69,0.969070894627147
40212.7,0.924341459801112
40212.71,0.942856293935477
40212.72,0.946047132076376
40212.73,0.94603497548281
40212.74,0.932235785397677
40212.75,0.97004080368858
40212.76,0.938955780723538
40212.77,0.964855047448075
40212.78,0.957127220821046
40212.79,0.973518256699484
40212.8,1.01617156514728
40212.81,1.02928323831111
40212.82,0.978982618786826
40212.83,0.982855428454362
40212.84,1.00104259595075
40212.85,0.944361771136078
40212.86,0.990385986843935
40212.87,1.01075527552848
40212.88,1.04317083209289
40212.89,1.06458897819869
40212.9,1.06031646835927
40212.91,1.08665053203916
40212.92,1.10734926237848
40212.93,1.08931814220352
40212.94,1.05021118156081
40212.95,1.03371630204022
40212.96,1.02438316007737
40212.97,1.0324239449875
40212.98,1.0086261627363
40212.99,0.999016345388884
40213,0.964052526056445
40213.01,0.980958811733953
40213.02,0.98186781676178
40213.03,0.9280375739499
40213.04,0.885289360481319
40213.05,0.845716068670902
40213.06,0.852153139751873
40213.07,0.853484499840516
40213.08,0.865228486401993
40213.09,0.882476547570129
40213.1,0.884294722912212
40213.11,0.889406068169502
40213.12,0.890989380306387
40213.13,0.867897633889028
40213.14,0.844482501330649
40213.15,0.832437727945023
40213.16,0.796505401728326
40213.17,0.784124503974022
40213.18,0.769922735503896
40213.19,0.803447885193274
40213.2,0.829166809534649
40213.21,0.837728265262637
40213.22,0.859774469486566
40213.23,0.864444550968656
40213.24,0.861913721387372
40213.25,0.82723169354187
40213.26,0.848580910927749
40213.27,0.783413412467448
40213.28,0.772255068232301
40213.29,0.758612261334203
40213.3,0.737382703376965
40213.31,0.727650251739522
40213.32,0.737836698194373
40213.33,0.742452916077413
40213.34,0.767911844760133
40213.35,0.734835399084968
40213.36,0.742090645599944
40213.37,0.760451031132605
40213.38,0.740422689661166
40213.39,0.743331142719438
40213.4,0.755741304814116
40213.41,0.774891448866874
40213.42,0.822934889879367
40213.43,0.88267378401095
40213.44,0.871645110317541
40213.45,0.866620852242217
40213.46,0.894197721085074
40213.47,0.850150499354927
40213.48,0.815433288209686
40213.49,0.881417534275156
40213.5,0.903239145364622
40213.51,0.879364496360649
40213.52,0.905954533121299
40213.53,0.90524423305549
40213.54,0.853786340460937
40213.55,0.823839507737635
40213.56,0.83884551101057
40213.57,0.845949737093953
40213.58,0.871142487497307
40213.59,0.837917818212828
40213.6,0.84162955226187
40213.61,0.886775392847793
40213.62,0.887713123511134
40213.63,0.906078471903059
40213.64,0.933153190836558
40213.65,0.891565480081034
40213.66,0.925966897587645
40213.67,0.928722308311022
40213.68,0.923724237878811
40213.69,0.952711427740393
40213.7,0.938088128101171
40213.71,0.965707729102587
40213.72,0.968026893669115
40213.73,0.957107429221598
40213.74,0.9673352977425
40213.75,0.913842477306361
40213.76,0.913587809533064
40213.77,0.923893772148073
40213.78,0.947540242578171
40213.79,0.966074839407225
40213.8,0.936368415551248
40213.81,0.956465976765221
40213.82,0.954097825812164
40213.83,0.946635482047933
40213.84,0.953086234640282
40213.85,0.981733069199086
40213.86,1.00547333963247
40213.87,0.987427577211499
40213.88,0.926417362272044
40213.89,0.904534624309979
40213.9,0.878059492130068
40213.91,0.912549118415006
40213.92,0.952728732053832
40213.93,0.977533490792803
40213.94,0.990915655191408
40213.95,0.975317488965578
40213.96,0.964459700490339
40213.97,0.92334868267864
40213.98,0.889431795636949
40213.99,0.887430111625262
40214,0.83144497183402
40214.01,0.818968531616967
40214.02,0.820404257532931
40214.03,0.833808073413394
40214.04,0.830043355247125
40214.05,0.842080601618325
40214.06,0.831444567230231
40214.07,0.866933224830459
40214.08,0.857109585023763
40214.09,0.840414550299119
40214.1,0.863888614380838
40214.11,0.879482604017409
40214.12,0.9238406814269
40214.13,0.947373007080008
40214.14,0.940608502412663
40214.15,0.885690775511981
40214.16,0.860416391073233
40214.17,0.839439594349281
40214.18,0.842401317169724
40214.19,0.826051379839282
40214.2,0.813022470567467
40214.21,0.806878264060045
40214.22,0.794589158691132
40214.23,0.790890534582465
40214.24,0.796515857016574
40214.25,0.791453324941107
40214.26,0.780252412384048
40214.27,0.757628941755287
40214.28,0.778791426216632
40214.29,0.776232630443769
40214.3,0.753481585395584
40214.31,0.7598991401636
40214.32,0.740870160292204
40214.33,0.731501330282375
40214.34,0.725908088157173
40214.35,0.711110387197672
40214.36,0.706631015516893
40214.37,0.740930225486663
40214.38,0.783342286028057
40214.39,0.795656070565924
40214.4,0.798311442416826
40214.41,0.825821514511356
40214.42,0.846801258379066
40214.43,0.865942262151895
40214.44,0.882147576604025
40214.45,0.892007889450456
40214.46,0.871893937060156
40214.47,0.812726336580363
40214.48,0.790264232117516
40214.49,0.730257865906634
40214.5,0.750490448895609
40214.51,0.744861032424259
40214.52,0.777549077767252
40214.53,0.785747275939878
40214.54,0.769004687016354
40214.55,0.748419481542064
40214.56,0.742806810330018
40214.57,0.755230388835518
40214.58,0.726948511161503
40214.59,0.760304096096602
40214.6,0.732812134635819
40214.61,0.733092742288665
40214.62,0.707853059849563
40214.63,0.707947107062684
40214.64,0.737535324170818
40214.65,0.765123029547445
40214.66,0.80088044278674
40214.67,0.832907621884149
40214.68,0.824304058795018
40214.69,0.841795818034029
40214.7,0.814194643597615
40214.71,0.822906722404379
40214.72,0.810922755204598
40214.73,0.821131791024926
40214.74,0.827196963444998
40214.75,0.872956130129312
40214.76,0.889067282975416
40214.77,0.941665146380229
40214.78,0.955116027875494
40214.79,0.901221283211911
40214.8,0.887259621465703
40214.81,0.87228359374513
40214.82,0.851919400125276
40214.83,0.906147016264928
40214.84,0.925987057977438
40214.85,0.94880199977242
40214.86,0.95028071920111
40214.87,0.969095309373108
40214.88,0.964808873344059
40214.89,0.974630721792614
40214.9,0.987266237436014
40214.91,0.953654994298967
40214.92,0.979435793850184
40214.93,1.03391681362296
40214.94,1.0495006130192
40214.95,1.03300592611044
40214.96,1.07624485525787
40214.97,1.11346188099153
40214.98,1.08225501914808
40214.99,1.07393508680414
40215,1.06573367034156
40215.01,1.08849991562324
40215.02,1.09447696086204
40215.03,1.10774571508914
40215.04,1.13049626833315
40215.05,1.15938315212088
40215.06,1.16013483658477
40215.07,1.16292157154617
40215.08,1.15894834457506
40215.09,1.16252576043418
40215.1,1.13767312525902
40215.11,1.05449802508173
40215.12,1.04654751211054
40215.13,1.03869932631679
40215.14,1.03788720498954
40215.15,1.0117719640315
40215.16,1.02381637832909
40215.17,1.02376477050359
40215.18,1.00591685422373
40215.19,1.04924201362552
40215.2,1.08675334169944
40215.21,1.03586615071279
40215.22,1.0272132745472
40215.23,1.03242534022779
40215.24,1.0660392415723
40215.25,1.09063149212586
40215.26,1.11410384886083
40215.27,1.07663814549578
40215.28,1.02964797409193
40215.29,1.02284264200067
40215.3,1.08334571453146
40215.31,1.12997393480756
40215.32,1.1698939733556
40215.33,1.18360851645243
40215.34,1.13868763816319
40215.35,1.15356478858106
40215.36,1.10068201971847
40215.37,1.05401346984807
40215.38,1.02438095950705
40215.39,1.00121510938233
40215.4,1.05381859405294
40215.41,1.05979912080682
40215.42,1.0715427110509
40215.43,1.09989177079446
40215.44,1.07131491863354
40215.45,1.04368806466264
40215.46,1.03927787984501
40215.47,1.02901547690997
40215.48,1.06879127202486
40215.49,1.03226209753354
40215.5,1.03954085836219
40215.51,1.02198920101238
40215.52,0.980838262897468
40215.53,1.01451157592483
40215.54,0.980994320349467
40215.55,0.958844345100617
40215.56,0.94642254877011
40215.57,0.93632862093955
40215.58,0.934108568940589
40215.59,0.92848510891781
40215.6,0.943559141144672
40215.61,0.909060672672781
40215.62,0.897749818982582
40215.63,0.900627304734416
40215.64,0.895191741391277
40215.65,0.910620063914245
40215.66,0.921492142183606
40215.67,0.921073493375098
40215.68,0.930309403548111
40215.69,0.885802253878466
40215.7,0.89087124142402
40215.71,0.878692926794536
40215.72,0.924013296903549
40215.73,0.885630271268273
40215.74,0.912352152748799
40215.75,0.957458893257598
40215.76,0.958627981485021
40215.77,0.976010388968997
40215.78,1.01256978006575
40215.79,1.04769505013217
40215.8,1.02424950571377
40215.81,0.986228890225068
40215.82,1.00025523353152
40215.83,0.995136707721849
40215.84,0.935349571461511
40215.85,0.9722070145428
40215.86,0.951691220001773
40215.87,0.914760506781419
40215.88,0.908549801112243
40215.89,0.902354347056404
40215.9,0.911498750893777
40215.91,0.918799866713672
40215.92,0.939310845626081
40215.93,0.950285204028019
40215.94,0.963441463171845
40215.95,0.984164818513049
40215.96,0.971097190584467
40215.97,1.00497659961634
40215.98,0.996169177725374
40215.99,0.974225429086528
40216,0.975881998941244
40216.01,1.01093898799672
40216.02,1.03046100451697
40216.03,1.01010942261477
40216.04,1.02728666722337
40216.05,0.990070147788246
40216.06,0.956390179495094
40216.07,0.972600533318379
40216.08,0.987061398543621
40216.09,1.01221805024826
40216.1,1.01578509682602
40216.11,1.01982208401535
40216.12,1.01059862261055
40216.13,1.01361633052045
40216.14,0.991187255556521
40216.15,0.935167646365579
40216.16,0.962165270128639
40216.17,0.970699587237517
40216.18,0.994207355896867
40216.19,0.96708658433314
40216.2,0.945963496338679
40216.21,0.933419225970394
40216.22,0.929916637018775
40216.23,0.924189570063717
40216.24,0.940166526213049
40216.25,0.992350459393516
40216.26,0.941989594885844
40216.27,0.983291894066405
40216.28,0.957495816921439
40216.29,0.944240851974182
40216.3,0.915275798024371
40216.31,0.87913176473847
40216.32,0.893448435682219
40216.33,0.907039000505823
40216.34,0.920222773805166
40216.35,0.986073806488087
40216.36,0.947928275163852
40216.37,0.952110127149544
40216.38,0.929967607371776
40216.39,0.973063288593299
40216.4,0.985127048043706
40216.41,0.970189738027246
40216.42,0.956689671582435
40216.43,0.939065469095503
40216.44,0.949151493058537
40216.45,0.935641096253687
40216.46,0.951645166438735
40216.47,0.962945657590744
40216.48,0.993790207162319
40216.49,0.975506678833759
40216.5,0.97795284343697
40216.51,0.979374899875216
40216.52,0.987347902352655
40216.53,0.925410578500586
40216.54,0.952258450489294
40216.55,0.96261907115055
40216.56,0.958349392865036
40216.57,0.945875390677973
40216.58,0.952156798737748
40216.59,0.964728285760379
40216.6,1.02681467071984
40216.61,1.02648648404278
40216.62,1.00247347566291
40216.63,1.01409278044308
40216.64,1.00813545888368
40216.65,0.983392822230224
40216.66,0.955465891619096
40216.67,0.988824187184056
40216.68,1.00859191177667
40216.69,1.01261711657055
40216.7,1.02256994325424
40216.71,1.03738873487617
40216.72,1.06812988376172
40216.73,1.05086169457445
40216.74,1.07256372699441
40216.75,1.04880913660686
40216.76,1.03893806387755
40216.77,1.01588064938631
40216.78,1.01720120023245
40216.79,1.00391239404191
40216.8,0.995239867143419
40216.81,1.02150636637849
40216.82,1.02798433961815
40216.83,0.986246360776054
40216.84,0.952100031767062
40216.85,0.944817338855595
40216.86,0.904359424892782
40216.87,0.914688889216833
40216.88,0.917878036601879
40216.89,0.924976891201362
40216.9,0.902890785197062
40216.91,0.915262624452013
40216.92,0.866609568931464
40216.93,0.894821665231905
40216.94,0.880674831766267
40216.95,0.861604909554481
40216.96,0.882581362125452
40216.97,0.882036098877825
40216.98,0.847286392257879
40216.99,0.898134073440972
40217,0.919800410013909
40217.01,0.92634826779484
40217.02,0.951924878234904
40217.03,0.960128092622817
40217.04,0.96390076452769
40217.05,0.977598688746154
40217.06,1.01255086596924
40217.07,1.00132615729217
40217.08,0.984799466512984
40217.09,0.92415796091278
40217.1,0.940471075834657
40217.11,0.916349575380071
40217.12,0.942890782186951
40217.13,0.965598523034201
40217.14,0.936281982811028
40217.15,0.964048099535816
40217.16,0.956324936105299
40217.17,0.944919150636177
40217.18,0.94509967530696
40217.19,0.961586250040647
40217.2,0.960504242387776
40217.21,0.911688354081671
40217.22,0.933800404319437
40217.23,0.933722651373573
40217.24,0.936248431839276
40217.25,0.978751314216221
40217.26,1.0031075615945
40217.27,1.02716318149818
40217.28,1.03261239705591
40217.29,1.02506853529681
40217.3,1.01505208896547
40217.31,1.07972948616296
40217.32,1.06776855652013
40217.33,1.03212731911775
40217.34,1.04623169380226
40217.35,1.04439675970486
40217.36,1.00517203673124
40217.37,1.03054963019172
40217.38,0.999565217526881
40217.39,1.05697004913135
40217.4,1.0840874266597
40217.41,1.10288827497723
40217.42,1.11478506018645
40217.43,1.09468665530357
40217.44,1.06705874705017
40217.45,1.06210887060956
40217.46,1.00297289644099
40217.47,1.02934460576296
40217.48,1.0567650196226
40217.49,1.08181290025319
40217.5,1.0844905259201
40217.51,1.08189985030647
40217.52,1.05710645118154
40217.53,1.07318560819145
40217.54,1.02818554665823
40217.55,1.02110095072927
40217.56,1.07249136926957
40217.57,1.03318380639338
40217.58,1.04660053365824
40217.59,1.0608407258569
40217.6,1.02081906374811
40217.61,1.01395522725371
40217.62,1.00951001407804
40217.63,0.994947359653639
40217.64,1.01247266505134
40217.65,0.988370364735993
40217.66,0.94735805085099
40217.67,0.951081633424662
40217.68,0.940700169772817
40217.69,0.958293175800026
40217.7,0.92389117011227
40217.71,0.927492742759932
40217.72,0.946750249581432
40217.73,0.957149005047213
40217.74,0.946007693641428
40217.75,0.988099921176059
40217.76,0.976303738891641
40217.77,0.924095679787735
40217.78,0.963660477331147
40217.79,1.00149148264044
40217.8,0.994429826596007
40217.81,0.990743345092537
40217.82,1.0124775396749
40217.83,1.00227649130383
40217.84,1.02008914178854
40217.85,0.996122801548828
40217.86,0.983962457311352
40217.87,1.01782550467454
40217.88,1.02899800820676
40217.89,1.03139586233947
40217.9,0.980603747754157
40217.91,0.975314199043712
40217.92,0.955544106573057
40217.93,0.989313511433762
40217.94,1.00778574559885
40217.95,1.03277531829506
40217.96,1.03554187810264
40217.97,1.0899091522504
40217.98,1.01744941449348
40217.99,0.988913132254896
40218,0.988725024726028
40218.01,0.991750069222091
40218.02,0.971716397118406
40218.03,0.961753465322397
40218.04,0.941766401365456
40218.05,0.957970127080684
40218.06,0.938362186255749
40218.07,0.899143694644298
40218.08,0.894539025397915
40218.09,0.92444266912353
40218.1,0.967853792572871
40218.11,0.93178564959733
40218.12,0.899530006101296
40218.13,0.912725514406866
40218.14,0.886583088488274
40218.15,0.882541217627716
40218.16,0.932640254370392
40218.17,0.995964943048927
40218.18,1.05068028239015
40218.19,1.12010274521061
40218.2,1.14553284971758
40218.21,1.09967152771743
40218.22,1.08472063388621
40218.23,1.12656786906925
40218.24,1.08051818071734
40218.25,1.0210189604065
40218.26,0.996172861156925
40218.27,1.01844403542263
40218.28,1.04090534987322
40218.29,1.09200754774902
40218.3,1.08180549585047
40218.31,1.10529768651862
40218.32,1.09847877834079
40218.33,1.09320497861929
40218.34,1.13790246833353
40218.35,1.13183517605794
40218.36,1.10809948356351
40218.37,1.14678954736721
40218.38,1.18551383621475
40218.39,1.20616996900656
40218.4,1.28167873818037
40218.41,1.2843381775672
40218.42,1.25075294974849
40218.43,1.21617575558101
40218.44,1.17690634982332
40218.45,1.19347825594951
40218.46,1.22809429407345
40218.47,1.24196961203248
40218.48,1.20724860296332
40218.49,1.23997627041781
40218.5,1.25623022508528
40218.51,1.24701536195152
40218.52,1.17624466684813
40218.53,1.09906512959588
40218.54,1.06927526829645
40218.55,1.04229617921018
40218.56,1.03980103994739
40218.57,0.984130322736999
40218.58,0.968429489743154
40218.59,0.971254258193196
40218.6,0.925802263906743
40218.61,0.889996787445489
40218.62,0.884000274333976
40218.63,0.901058886985736
40218.64,0.920076268176247
40218.65,0.932183080894315
40218.66,0.908574598833995
40218.67,0.93288918905204
40218.68,0.951233473161102
40218.69,0.929440757795126
40218.7,0.993146005785482
40218.71,1.02513301470164
40218.72,0.991662219535932
40218.73,0.93589712537673
40218.74,0.925893980885747
40218.75,0.911977781646381
40218.76,0.915825132428314
40218.77,0.923130150297772
40218.78,0.923722825931606
40218.79,0.891062774029299
40218.8,0.887263515548658
40218.81,0.928072445279799
40218.82,0.946178334020069
40218.83,0.939746605446514
40218.84,0.890751629104678
40218.85,0.869682987159704
40218.86,0.925235239663745
40218.87,0.949951761843239
40218.88,0.991844861187028
40218.89,1.00006590887991
40218.9,1.00417404393143
40218.91,1.00002478684883
40218.92,0.990848577234016
40218.93,0.937631591657671
40218.94,0.944771300197652
40218.95,0.965241385411259
40218.96,0.974176525744392
40218.97,0.972680247897362
40218.98,0.986153542091102
40218.99,0.985220567905009
40219,0.98154052467877
40219.01,0.966487171325053
40219.02,0.993864451623733
40219.03,1.00803375897137
40219.04,0.968449109470865
40219.05,0.984548564138182
40219.06,1.04223691283807
40219.07,1.03690326738766
40219.08,1.06197778400784
40219.09,1.05333150848067
40219.1,1.0694106456534
40219.11,1.13218358804508
40219.12,1.09914734085214
40219.13,1.12110561965299
40219.14,1.11050524947055
40219.15,1.1001358538835
40219.16,1.09629637543435
40219.17,1.06233220307469
40219.18,1.03880917624989
40219.19,1.08697489844293
40219.2,1.05904540600827
40219.21,1.08792077975727
40219.22,1.06193992691458
40219.23,1.01721127478758
40219.24,1.04416153460851
40219.25,1.0563773321873
40219.26,1.08649228153192
40219.27,1.07279200867503
40219.28,1.05202919665163
40219.29,1.09329499421225
40219.3,1.0815337467463
40219.31,1.04979397685229
40219.32,1.08868974346829
40219.33,1.07458522152308
40219.34,1.07112205087317
40219.35,1.04120604912956
40219.36,1.03025051707661
40219.37,1.00898392815768
40219.38,1.01850424420023
40219.39,1.0238633595357
40219.4,0.979193302434241
40219.41,0.982589705678425
40219.42,0.95887023517525
40219.43,1.04015530687593
40219.44,1.03771538861817
40219.45,1.05994599765832
40219.46,1.11481091602568
40219.47,1.0998320814881
40219.48,1.1065504436928
40219.49,1.09393026972614
40219.5,1.08719766196886
40219.51,1.08767172927318
40219.52,1.10547979487972
40219.53,1.08493220495392
40219.54,1.13202852641331
40219.55,1.18049357823288
40219.56,1.18983665660619
40219.57,1.14304890052719
40219.58,1.18615418783515
40219.59,1.13520329313551
40219.6,1.14594679796673
40219.61,1.10229098195465
40219.62,1.04654909200587
40219.63,1.06686872752986
40219.64,1.09900946807786
40219.65,1.09183216133858
40219.66,1.11556373060566
40219.67,1.13032347774985
40219.68,1.12150353023682
40219.69,1.10174349551447
40219.7,1.04976524882456
40219.71,1.06106093584976
40219.72,1.01714186105909
40219.73,1.03096555398058
40219.74,1.03221318828
40219.75,1.04233778509008
40219.76,0.988353617381824
40219.77,1.01916290032921
40219.78,0.993409778364002
40219.79,0.992379141908837
40219.8,1.04803222084884
40219.81,1.06150099231699
40219.82,1.03478597345416
40219.83,1.0289655487778
40219.84,1.04411932206134
40219.85,1.04210568107885
40219.86,1.04600818559916
40219.87,0.993937268456897
40219.88,1.00721224303091
40219.89,1.00347729347514
40219.9,1.03487824768428
40219.91,1.03431650570356
40219.92,1.01570548424697
40219.93,0.943600202175606
40219.94,0.957415871417014
40219.95,0.990461316201945
40219.96,1.00457584646196
40219.97,1.04707376711823
40219.98,1.0861958522665
40219.99,1.04836140527112
40220,1.03473986106502
40220.01,1.0166339474279
40220.02,1.03172539985981
40220.03,1.04583891243371
40220.04,1.05470618046322
40220.05,1.03179331014494
40220.06,1.0054292408012
40220.07,1.03855512289148
40220.08,1.01140746444714
40220.09,0.977635189909216
40220.1,0.942460126664471
40220.11,0.939190224995292
40220.12,0.933105184993921
40220.13,0.940290571005644
40220.14,0.910211401762946
40220.15,0.882755622653926
40220.16,0.832696297079811
40220.17,0.832143379794479
40220.18,0.769776741718416
40220.19,0.782708233359902
40220.2,0.772101283313555
40220.21,0.759993314749142
40220.22,0.761745459918991
40220.23,0.777718897406051
40220.24,0.778457766539153
40220.25,0.836405938372213
40220.26,0.867705040635618
40220.27,0.902669441091893
40220.28,0.910798377107269
40220.29,0.937518588139521
40220.3,0.940833196370987
40220.31,0.991562246216311
40220.32,0.991922921342676
40220.33,1.00638562878763
40220.34,1.00152284310868
40220.35,0.971496109389914
40220.36,0.978890323802638
40220.37,0.992739160987015
40220.38,0.994548776488377
40220.39,0.960978595388627
40220.4,0.934704478231978
40220.41,0.924036483677104
40220.42,0.872622731396417
40220.43,0.867189007830175
40220.44,0.88997098527136
40220.45,0.860017257715983
40220.46,0.844719183464624
40220.47,0.853566506767025
40220.48,0.863451086516822
40220.49,0.879288111014627
40220.5,0.874861155005293
40220.51,0.882316285704468
40220.52,0.905493553487605
40220.53,0.912744292385573
40220.54,0.854081914421865
40220.55,0.861125514923652
40220.56,0.873686070498258
40220.57,0.850457080884961
40220.58,0.862205703447723
40220.59,0.859826133408561
40220.6,0.834549366980411
40220.61,0.83181493716626
40220.62,0.846904262639137
40220.63,0.929125279618815
40220.64,0.926137415914208
40220.65,0.927263669876253
40220.66,0.924976413033563
40220.67,0.899008137894317
40220.68,0.913186519399862
40220.69,0.93445854668464
40220.7,0.938352620859611
40220.71,0.918325623897889
40220.72,0.948170167677009
40220.73,0.949769538446537
40220.74,0.917369386068497
40220.75,0.938310327021624
40220.76,0.909680339499557
40220.77,0.906328915499639
40220.78,0.890549606000744
40220.79,0.885108609596295
40220.8,0.899795953407947
40220.81,0.885734006196235
40220.82,0.936567315554829
40220.83,0.963559864333352
40220.84,0.961569867141294
40220.85,0.953383419720894
40220.86,0.933098541392806
40220.87,0.939653164427211
40220.88,0.951526430345079
40220.89,0.94939848226857
40220.9,0.928823644854833
40220.91,0.965633079182489
40220.92,0.979876198869232
40220.93,0.997982669491783
40220.94,1.05462142099221
40220.95,1.10322378953944
40220.96,1.0867040898526
40220.97,1.03327961675457
40220.98,1.03352067886069
40220.99,1.06482005217419
40221,1.0745432410549
40221.01,1.0552329328572
40221.02,1.05131287185893
40221.03,1.03179126303669
40221.04,0.988052568665843
40221.05,1.03182302203665
40221.06,1.00424419062906
40221.07,0.974337268040554
40221.08,0.994690823243684
40221.09,0.999914259426907
40221.1,0.988657557546166
40221.11,0.972132635296071
40221.12,0.947254933308807
40221.13,0.924158260585703
40221.14,0.898292630008229
40221.15,0.888760201632245
40221.16,0.916911344645699
40221.17,0.934159095296951
40221.18,0.937300086590123
40221.19,0.960822995624677
40221.2,0.999236262399126
40221.21,1.02524950264438
40221.22,1.03727451945986
40221.23,1.04186618262774
40221.24,1.01439783044398
40221.25,1.00136249564219
40221.26,1.00268988598534
40221.27,0.938884204812772
40221.28,0.908499859944057
40221.29,0.896893178294935
40221.3,0.884654363150217
40221.31,0.857725703030826
40221.32,0.879741871053532
40221.33,0.857552122248761
40221.34,0.834169122354838
40221.35,0.830517372759629
40221.36,0.870477580075721
40221.37,0.854163771328487
40221.38,0.855779377233708
40221.39,0.90150800987872
40221.4,0.925252728073841
40221.41,0.930682985657306
40221.42,0.972114681828987
40221.43,0.945912288667875
40221.44,0.961554656660523
40221.45,0.940944450723036
40221.46,0.922328146060285
40221.47,0.940415607588052
40221.48,0.900204420331615
40221.49,0.923624782610317
40221.5,0.925385954099732
40221.51,0.935673087824703
40221.52,0.922935207247981
40221.53,0.942437605122557
40221.54,0.923119575764729
40221.55,0.974572561595688
40221.56,1.01000177325437
40221.57,1.0161826729904
40221.58,1.05710949259815
40221.59,0.985400638695624
40221.6,0.980601403025473
40221.61,1.00188047560438
40221.62,0.953727669319671
40221.63,0.983929046246614
40221.64,1.00201397706752
40221.65,1.00404848019286
40221.66,0.992189571813703
40221.67,0.95287296344775
40221.68,0.930325406330807
40221.69,0.923866203996482
40221.7,0.903940489269719
40221.71,0.903370815449992
40221.72,0.923156425060135
40221.73,0.937887439363763
40221.74,0.943340157670451
40221.75,0.936948266295421
40221.76,0.943617018640752
40221.77,0.901195940873523
40221.78,0.895506003562245
40221.79,0.899469361295144
40221.8,0.869401433205794
40221.81,0.90233893141502
40221.82,0.919488899794845
40221.83,0.907044990230089
40221.84,0.949879831239719
40221.85,0.964157914412632
40221.86,0.928101524068586
40221.87,0.911285240693042
40221.88,0.930203666917845
40221.89,0.955629853812733
40221.9,0.970337806227616
40221.91,0.962905346042973
40221.92,0.943730902577681
40221.93,0.899904285324655
40221.94,0.868376358301121
40221.95,0.859157514945368
40221.96,0.874191997346812
40221.97,0.830234270780851
40221.98,0.86231144055469
40221.99,0.877015094647313
40222,0.869616121047936
40222.01,0.950271326679572
40222.02,0.959757053255611
40222.03,0.918160003556591
40222.04,0.925366033585926
40222.05,0.884180729225853
40222.06,0.90511862218102
40222.07,0.889575432845263
40222.08,0.889057665621703
40222.09,0.93599091196937
40222.1,0.938814201516293
40222.11,0.938689594596456
40222.12,0.967061308531774
40222.13,0.986758247090861
40222.14,1.00356437966255
40222.15,1.02801069291847
40222.16,1.00796766354738
40222.17,1.0132227787883
40222.18,1.02579956654292
40222.19,1.00618574016334
40222.2,1.03828910155795
40222.21,1.04818589942258
40222.22,1.05066812362527
40222.23,1.0612944214489
40222.24,1.11349495538016
40222.25,1.06989615922585
40222.26,1.07154575379045
40222.27,1.03302961507645
40222.28,1.02980095256536
40222.29,1.03596614444022
40222.3,1.07943022334379
40222.31,1.0340021092813
40222.32,1.03322148401921
40222.33,1.01048716398166
40222.34,1.00660978111044
40222.35,0.982243146004108
40222.36,0.969408977324514
40222.37,1.00999763070365
40222.38,1.03518596134453
40222.39,1.0259574101659
40222.4,1.03231862822854
40222.41,1.00307843890054
40222.42,0.950053269435941
40222.43,0.939638619116482
40222.44,0.98046129829762
40222.45,0.924862924031704
40222.46,0.94514660959167
40222.47,0.943107915883208
40222.48,0.915401689751911
40222.49,0.951206148615443
40222.5,0.959175054477541
40222.51,0.974848135994365
40222.52,0.942901789589135
40222.53,0.950422986403383
40222.54,0.907880754493986
40222.55,0.906053050143931
40222.56,0.909370638501601
40222.57,0.928663555963147
40222.58,0.982895838623164
40222.59,0.995982978711758
40222.6,0.956343903419088
40222.61,0.934099448534056
40222.62,0.941995928535289
40222.63,0.907835279826178
40222.64,0.905383427696429
40222.65,0.926102331381811
40222.66,0.96058386443883
40222.67,0.931663567507152
40222.68,0.925324133691226
40222.69,0.905726292133431
40222.7,0.917268184509764
40222.71,0.920399420626664
40222.72,0.936495374355494
40222.73,0.949727716229487
40222.74,0.964172582336539
40222.75,0.988414529238246
40222.76,0.993991673746301
40222.77,1.00368130783762
40222.78,1.05879976596916
40222.79,1.03569156235187
40222.8,1.04844829256568
40222.81,1.05842677067571
40222.82,1.06854472759659
40222.83,1.05305327450493
40222.84,1.02668123917557
40222.85,1.01765437687767
40222.86,1.03263092357198
40222.87,0.998247203030187
40222.88,1.0259991315002
40222.89,1.03349693212293
40222.9,1.04824138693467
40222.91,1.03652095345824
40222.92,1.03621584393867
40222.93,1.07302918389408
40222.94,1.03432279068376
40222.95,1.02397781886691
40222.96,1.08182647911435
40222.97,1.11150106140618
40222.98,1.0833773725792
40222.99,1.09434092343034
40223,1.08537815635201
40223.01,1.10228029158364
40223.02,1.16763309066909
40223.03,1.15742526666428
40223.04,1.165527550514
40223.05,1.14459149308501
40223.06,1.16670307791492
40223.07,1.14845748635808
40223.08,1.09440857073772
40223.09,1.15322753595142
40223.1,1.17066840119175
40223.11,1.19064649147953
40223.12,1.13107627414437
40223.13,1.09869698922213
40223.14,1.11006501208555
40223.15,1.09700957262041
40223.16,1.1196833676898
40223.17,1.15694197895314
40223.18,1.20167169157111
40223.19,1.20313192031214
40223.2,1.22870485533229
40223.21,1.23750060464358
40223.22,1.2774434559453
40223.23,1.28949732645229
40223.24,1.22710965942426
40223.25,1.1837832299495
40223.26,1.15900427567476
40223.27,1.14119997182834
40223.28,1.12196577312503
40223.29,1.11787595455305
40223.3,1.08455079161004
40223.31,1.07461928738965
40223.32,1.03724147929503
40223.33,0.983408311986249
40223.34,1.01889489014105
40223.35,0.980726940061508
40223.36,0.982320199374357
40223.37,1.01546438787079
40223.38,1.01708180225479
40223.39,0.997438787604126
40223.4,0.989120929645588
40223.41,0.979626612593589
40223.42,0.992660550566288
40223.43,0.962964484341117
40223.44,0.979871572287754
40223.45,0.933839050157063
40223.46,0.95329456281877
40223.47,0.895747673259728
40223.48,0.906834575704134
40223.49,0.885251302323977
40223.5,0.907621530803771
40223.51,0.89716730157423
40223.52,0.902477225685507
40223.53,0.859634958182065
40223.54,0.832486369162186
40223.55,0.807687657156064
40223.56,0.806778742866977
40223.57,0.783487283060741
40223.58,0.785926029889715
40223.59,0.743933009823911
40223.6,0.720124947352636
40223.61,0.725537069613773
40223.62,0.749618505680327
40223.63,0.754939087705192
40223.64,0.763223242336407
40223.65,0.796793932770884
40223.66,0.770273716725773
40223.67,0.787194996705017
40223.68,0.820170489490974
40223.69,0.796936543559135
40223.7,0.820748503853816
40223.71,0.807751287498128
40223.72,0.8232044888302
40223.73,0.881365396491504
40223.74,0.849130329269371
40223.75,0.84098514723679
40223.76,0.816541531325382
40223.77,0.816454972451941
40223.78,0.793279758362287
40223.79,0.856430270903109
40223.8,0.880609109572107
40223.81,0.923333165096019
40223.82,0.92603752032639
40223.83,0.891856312819771
40223.84,0.892546936576841
40223.85,0.862169449925275
40223.86,0.832666856870611
40223.87,0.875190368915919
40223.88,0.864453942934677
40223.89,0.872704841660441
40223.9,0.853168675284211
40223.91,0.861788875512788
40223.92,0.878775744204932
40223.93,0.917517745236702
40223.94,0.897641240600509
40223.95,0.883200757534873
40223.96,0.876303313200181
40223.97,0.841487357333352
40223.98,0.877618185624277
40223.99,0.897578822728924
40224,0.865240440547188
40224.01,0.917580273409665
40224.02,0.890667180079591
40224.03,0.897022412456823
40224.04,0.897568904690814
40224.05,0.905277698069735
40224.06,0.9092323546243
40224.07,0.884952354920102
40224.08,0.925848994181767
40224.09,0.965402289264432
40224.1,0.927221800159782
40224.11,0.910082025429618
40224.12,0.893217352154451
40224.13,0.885360498153726
40224.14,0.894801242973683
40224.15,0.892017217809333
40224.16,0.896957268205735
40224.17,0.901262850024754
40224.18,0.903230074415066
40224.19,0.921489857430842
40224.2,0.911905209093895
40224.21,0.916026157419464
40224.22,0.912485564885262
40224.23,0.891105591151605
40224.24,0.870893373755377
40224.25,0.843334415306403
40224.26,0.819980732162422
40224.27,0.826238301053492
40224.28,0.853918744581241
40224.29,0.895350664481071
40224.3,0.878656303851229
40224.31,0.907071175319216
40224.32,0.889693587250523
40224.33,0.849268251291001
40224.34,0.860197534721282
40224.35,0.838257361785163
40224.36,0.840387286346417
40224.37,0.810703731881931
40224.38,0.805124047107816
40224.39,0.826711266379166
40224.4,0.809851338857326
40224.41,0.82340407669266
40224.42,0.857152558185523
40224.43,0.866964676703981
40224.44,0.896059490816622
40224.45,0.882099690675102
40224.46,0.894586172852303
40224.47,0.866672449058273
40224.48,0.876952893230222
40224.49,0.875852039472371
40224.5,0.892932412717133
40224.51,0.862507114086998
40224.52,0.913771679514336
40224.53,0.954761891623563
40224.54,0.944780521928013
40224.55,0.935711620303935
40224.56,0.934022533017969
40224.57,0.934725394913109
40224.58,0.933243737575544
40224.59,0.917133629256878
40224.6,0.960555416285382
40224.61,0.980510135252491
40224.62,0.980050452393626
40224.63,0.978634111227225
40224.64,0.976132460397178
40224.65,0.958138038195064
40224.66,0.943900706512069
40224.67,0.933843389568363
40224.68,0.944724281794688
40224.69,0.905481672711126
40224.7,0.872566820266581
40224.71,0.90998752904313
40224.72,0.917226344761717
40224.73,0.905502440564296
40224.74,0.90661858390087
40224.75,0.922854888527202
40224.76,0.929966007161559
40224.77,0.935417618211599
40224.78,0.99030180824492
40224.79,0.999304544753176
40224.8,0.968534585841844
40224.81,0.949912206097719
40224.82,0.976484078496185
40224.83,0.983210531519623
40224.84,0.941456184938492
40224.85,0.945341677438262
40224.86,0.952421919905151
40224.87,0.969026967304793
40224.88,0.936336912649497
40224.89,0.891889245312995
40224.9,0.896864511012929
40224.91,0.912166084573984
40224.92,0.922310387664542
40224.93,0.895983219115035
40224.94,0.879599533074384
40224.95,0.870771345479486
40224.96,0.900536785651475
40224.97,0.929093317423531
40224.98,0.907470233243277
40224.99,0.895762170479066
40225,0.901684363796316
40225.01,0.932677373740034
40225.02,0.977826216455587
40225.03,1.02561894040228
40225.04,1.02396782422143
40225.05,1.06133135646554
40225.06,1.11411007191594
40225.07,1.10908135354064
40225.08,1.10937496528078
40225.09,1.09708402675975
40225.1,1.02695695063275
40225.11,1.04036874012848
40225.12,1.00412652300213
40225.13,0.971642720276851
40225.14,0.96634499402105
40225.15,0.952791366596518
40225.16,0.894948051983737
40225.17,0.965371562236108
40225.18,0.949535948487591
40225.19,0.92717742912365
40225.2,0.857659738978772
40225.21,0.847047830742703
40225.22,0.816634212444976
40225.23,0.809939965094082
40225.24,0.80980755906755
40225.25,0.788709078597766
40225.26,0.830698909578243
40225.27,0.813571945661731
40225.28,0.810558213261112
40225.29,0.799622468369067
40225.3,0.773728950302851
40225.31,0.78932556492537
40225.32,0.7895900652811
40225.33,0.786257550975406
40225.34,0.786171354855696
40225.35,0.791526374378945
40225.36,0.795578321504493
40225.37,0.807859517414746
40225.38,0.817147770316508
40225.39,0.826918626203729
40225.4,0.835694168247827
40225.41,0.84377734981619
40225.42,0.820559053310721
40225.43,0.828985004688146
40225.44,0.820382737134883
40225.45,0.778508474344999
40225.46,0.773002812674957
40225.47,0.823357717746071
40225.48,0.832432131108137
40225.49,0.870951949093088
40225.5,0.880794584366338
40225.51,0.856685561675019
40225.52,0.829586175709223
40225.53,0.81392761318065
40225.54,0.791354547605761
40225.55,0.794515889542579
40225.56,0.810713098806002
40225.57,0.7957110121612
40225.58,0.783497681934424
40225.59,0.802931284468104
40225.6,0.825542925485484
40225.61,0.837606557670359
40225.62,0.891522895226181
40225.63,0.894418957662022
40225.64,0.903347189103222
40225.65,0.905321489770298
40225.66,0.875910568846499
40225.67,0.916181744670092
40225.68,0.940782710472462
40225.69,0.925636421182319
40225.7,0.894680772657694
40225.71,0.906960373584366
40225.72,0.885389777907197
40225.73,0.864938814771996
40225.74,0.881633533963005
40225.75,0.871329304594077
40225.76,0.887507739193826
40225.77,0.872299859589772
40225.78,0.869631203668368
40225.79,0.913161159010415
40225.8,0.917932054318919
40225.81,0.891697108610397
40225.82,0.925416175032831
40225.83,0.903987316602587
40225.84,0.895125835312733
40225.85,0.909966974335244
40225.86,0.922869368015265
40225.87,0.923231952260179
40225.88,0.892525736415668
40225.89,0.909436327631348
40225.9,0.967207212874094
40225.91,0.961851886168005
40225.92,0.931848875763584
40225.93,0.944741974462846
40225.94,0.947142202301285
40225.95,0.972809561814172
40225.96,0.953014261083003
40225.97,0.920429561760106
40225.98,0.917539358188821
40225.99,0.90181780749452
40226,0.943039388761226
40226.01,0.956931020202158
40226.02,0.911363152596773
40226.03,0.924973344970205
40226.04,0.953723439624955
40226.05,0.942618903124523
40226.06,0.961106022448015
40226.07,0.950800348617672
40226.08,0.928248110222116
40226.09,0.94991777602851
40226.1,0.919793330672512
40226.11,0.946534457212434
40226.12,0.945014558318264
40226.13,0.938728843111714
40226.14,0.984013664152033
40226.15,0.991275082004987
40226.16,0.966489619497579
40226.17,0.943616419623672
40226.18,0.885594005855796
40226.19,0.901839403623318
40226.2,0.925565384455323
40226.21,0.9286483662292
40226.22,0.956655376356134
40226.23,0.955238296182894
40226.24,0.925887597082997
40226.25,0.90314096053561
40226.26,0.871356292329963
40226.27,0.883074665180298
40226.28,0.861156925304824
40226.29,0.885271900198298
40226.3,0.886306031009949
40226.31,0.926853705085115
40226.32,0.923893850158062
40226.33,0.893729332808849
40226.34,0.936354103780735
40226.35,0.945873131605195
40226.36,0.906773326146841
40226.37,0.923504845368711
40226.38,0.905474133406774
40226.39,0.919494755565352
40226.4,0.943857420738588
40226.41,0.975224936452909
40226.42,0.98677139601077
40226.43,0.996232630350319
40226.44,1.0155010616533
40226.45,0.993755255844078
40226.46,0.993545524172974
40226.47,1.00467235028973
40226.48,0.997886199623593
40226.49,0.960824153083626
40226.5,0.96273353822975
40226.51,0.96184432368292
40226.52,0.921879750118395
40226.53,0.915404571779093
40226.54,0.934875047552157
40226.55,0.954042535110617
40226.56,0.89249286915943
40226.57,0.865227437874614
40226.58,0.848730307916012
40226.59,0.870206647378836
40226.6,0.840531786279797
40226.61,0.853193638151444
40226.62,0.863904817401583
40226.63,0.845461445376722
40226.64,0.822138209026337
40226.65,0.798461847426306
40226.66,0.811916634994293
40226.67,0.786540460321972
40226.68,0.786257864557895
40226.69,0.795390068112823
40226.7,0.844929146032901
40226.71,0.823115857849061
40226.72,0.779891701088622
40226.73,0.766172790367707
40226.74,0.758259932209103
40226.75,0.733244832840023
40226.76,0.730859151195378
40226.77,0.762376294492189
40226.78,0.767555782081991
40226.79,0.763463484235409
40226.8,0.776866973822496
40226.81,0.813296986758796
40226.82,0.886256591709372
40226.83,0.844264717809532
40226.84,0.837428009959669
40226.85,0.851070967166324
40226.86,0.857626359702143
40226.87,0.858954235946596
40226.88,0.878324534413328
40226.89,0.852066413058942
40226.9,0.866632852574138
40226.91,0.905218844516896
40226.92,0.897994031959759
40226.93,0.900940674303082
40226.94,0.943078796971258
40226.95,0.971209309335779
40226.96,0.963988420530012
40226.97,0.937840921347508
40226.98,0.901911334129998
40226.99,0.965871396405044
40227,1.03935802150648
40227.01,1.00694728299184
40227.02,0.937697671319373
40227.03,0.932557383671901
40227.04,0.942453308965085
40227.05,0.913192258393563
40227.06,0.919626340419351
40227.07,0.919343091491167
40227.08,0.8803655227218
40227.09,0.875783947190243
40227.1,0.876207757709345
40227.11,0.889361082210089
40227.12,0.914578683489872
40227.13,0.932658756401681
40227.14,0.947211880367237
40227.15,0.971298677392227
40227.16,0.919834839773072
40227.17,0.919374568691578
40227.18,0.94789718839136
40227.19,0.933563549956606
40227.2,0.932314598542583
40227.21,0.932614734684663
40227.22,0.94870440219028
40227.23,0.937953961045203
40227.24,0.903634773535908
40227.25,0.908049499939436
40227.26,0.913490510080572
40227.27,0.899623093356439
40227.28,0.957743074051133
40227.29,0.923415575747994
40227.3,0.922851992704753
40227.31,0.918964924227206
40227.32,0.920566848613455
40227.33,0.940726589188116
40227.34,0.937571220393275
40227.35,0.905907752263376
40227.36,0.91499696151062
40227.37,0.874209032388344
40227.38,0.846113586175976
40227.39,0.909635109709594
40227.4,0.871636993729669
40227.41,0.851208946754245
40227.42,0.843841439553412
40227.43,0.84385558944146
40227.44,0.83186507209829
40227.45,0.834796112468338
40227.46,0.851305115140307
40227.47,0.854869156441064
40227.48,0.839108255048923
40227.49,0.803111955802884
40227.5,0.790845841381215
40227.51,0.778595265348121
40227.52,0.783754929618604
40227.53,0.78855253814184
40227.54,0.784891830145297
40227.55,0.787797740633442
40227.56,0.780064334186383
40227.57,0.790604186457706
40227.58,0.768422475446976
40227.59,0.752890726414258
40227.6,0.76551449476234
40227.61,0.760164399499563
40227.62,0.755149228371043
40227.63,0.7490686662285
40227.64,0.755619604966146
40227.65,0.751041447022864
40227.66,0.766248655775176
40227.67,0.773964162445807
40227.68,0.781322631684623
40227.69,0.80866084650093
40227.7,0.784376210837445
40227.71,0.774219351156291
40227.72,0.779602026526933
40227.73,0.760169736966156
40227.74,0.773650268397307
40227.75,0.789796602487413
40227.76,0.777358769514035
40227.77,0.781806775075764
40227.78,0.775176917573608
40227.79,0.809087481176901
40227.8,0.83261319982478
40227.81,0.846864274327619
40227.82,0.854026486958984
40227.83,0.818325578019826
40227.84,0.827491786004248
40227.85,0.83786851680556
40227.86,0.843700533741981
40227.87,0.815296628426697
40227.88,0.836678075047201
40227.89,0.837609981368007
40227.9,0.80992984152689
40227.91,0.83054548123869
40227.92,0.822318632772148
40227.93,0.810218441321709
40227.94,0.80875238422988
40227.95,0.799843305551862
40227.96,0.801973263283447
40227.97,0.825270408314844
40227.98,0.836593478949698
40227.99,0.829121476181925
40228,0.83489775026443
40228.01,0.821072983064903
40228.02,0.843111358582142
40228.03,0.873844753835007
40228.04,0.833818412507963
40228.05,0.787642235259621
40228.06,0.785273213168507
40228.07,0.77609526554933
40228.08,0.757647426073471
40228.09,0.756729531931549
40228.1,0.754865528863934
40228.11,0.750411209227848
40228.12,0.775372476313073
40228.13,0.796300159129808
40228.14,0.802663232536108
40228.15,0.779269664577112
40228.16,0.784518479606272
40228.17,0.763809442449832
40228.18,0.695722536272679
40228.19,0.723791868154244
40228.2,0.708533969356738
40228.21,0.735557355249192
40228.22,0.762192156967719
40228.23,0.766913825514722
40228.24,0.754001502858282
40228.25,0.782080106350457
40228.26,0.762097741951881
40228.27,0.752561611793219
40228.28,0.747893306836478
40228.29,0.762226501692941
40228.3,0.757776899990623
40228.31,0.745676457919724
40228.32,0.751214122884793
40228.33,0.776432276394775
40228.34,0.789159272846407
40228.35,0.804910724688723
40228.36,0.808474654414893
40228.37,0.865916079363182
40228.38,0.870734071002766
40228.39,0.853097583346663
40228.4,0.843279665542797
40228.41,0.820794818460976
40228.42,0.837115862614562
40228.43,0.876209109347944
40228.44,0.862449365344719
40228.45,0.893203335384869
40228.46,0.871458380504257
40228.47,0.843549573606659
40228.48,0.854303583685759
40228.49,0.86058393210402
40228.5,0.864215947014612
40228.51,0.878262147528015
40228.52,0.880561094946304
40228.53,0.848909375329926
40228.54,0.799838313861505
40228.55,0.757520010707551
40228.56,0.789051816857528
40228.57,0.803618475142808
40228.58,0.807790566464905
40228.59,0.808910982454173
40228.6,0.777229204320005
40228.61,0.770186911772524
40228.62,0.808344098665881
40228.63,0.79093206172583
40228.64,0.82906125046206
40228.65,0.810767339626083
40228.66,0.787825580449055
40228.67,0.792487646980849
40228.68,0.782365321323667
40228.69,0.800880734636601
40228.7,0.767434499463732
40228.71,0.800097172952048
40228.72,0.810592108653661
40228.73,0.812332202562772
40228.74,0.829691207775301
40228.75,0.813054082509035
40228.76,0.796301220546975
40228.77,0.818438425342584
40228.78,0.821052233432122
40228.79,0.839693500232875
40228.8,0.835083987846907
40228.81,0.846350299992569
40228.82,0.809668372157507
40228.83,0.818782482165094
40228.84,0.823403158803768
40228.85,0.83683374963287
40228.86,0.832716015850206
40228.87,0.849530617343983
40228.88,0.840323861135369
40228.89,0.845905303941733
40228.9,0.924266953130195
40228.91,0.933313327314214
40228.92,0.926447436923441
40228.93,0.941047858527715
40228.94,0.927609341426168
40228.95,0.92618406951761
40228.96,0.951802927187179
40228.97,0.908452189451968
40228.98,0.910954404360832
40228.99,0.905736874640091
40229,0.937590311619734
40229.01,0.900693380254077
40229.02,0.900784073470522
40229.03,0.875905855609711
40229.04,0.873605841026265
40229.05,0.894871350042271
40229.06,0.899273443041445
40229.07,0.915466700986823
40229.08,0.923056466973239
40229.09,0.971258671119432
40229.1,0.900681610851789
40229.11,0.880873307763805
40229.12,0.89139378575356
40229.13,0.852030522874609
40229.14,0.856048375473254
40229.15,0.816418571000125
40229.16,0.840257908718334
40229.17,0.855888241051044
40229.18,0.845848492061373
40229.19,0.842645115443064
40229.2,0.826812638535603
40229.21,0.822626242821025
40229.22,0.827227813233181
40229.23,0.888992422554066
40229.24,0.867709888390151
40229.25,0.852658144091314
40229.26,0.791465477793606
40229.27,0.767298786327731
40229.28,0.836511380200308
40229.29,0.801652832425634
40229.3,0.761587348876124
40229.31,0.731530351223409
40229.32,0.700103958653122
40229.33,0.689747639695447
40229.34,0.666350419516673
40229.35,0.659123762224354
40229.36,0.658335590983676
40229.37,0.709966501129305
40229.38,0.719783841678941
40229.39,0.703555949925005
40229.4,0.746721366867957
40229.41,0.761764730664531
40229.42,0.764807708398944
40229.43,0.759673277724439
40229.44,0.784903257884741
40229.45,0.781719595617844
40229.46,0.79274827994435
40229.47,0.83796691520914
40229.48,0.865904148021306
40229.49,0.874353167818658
40229.5,0.835576256725963
40229.51,0.829836219950958
40229.52,0.781746710197983
40229.53,0.774876097008511
40229.54,0.781901177389827
40229.55,0.777907245386189
40229.56,0.805458846319725
40229.57,0.810079813567176
40229.58,0.814751447770713
40229.59,0.82031738269951
40229.6,0.856592800713218
40229.61,0.854349545755528
40229.62,0.854524793172744
40229.63,0.854508505956374
40229.64,0.839017681058816
40229.65,0.848285880599402
40229.66,0.820565812947083
40229.67,0.858607633900314
40229.68,0.862729164002044
40229.69,0.862835957691775
40229.7,0.882551523426398
40229.71,0.87958175827801
40229.72,0.882938206033444
40229.73,0.887302153844834
40229.74,0.876013779706635
40229.75,0.837429863047032
40229.76,0.790102253024417
40229.77,0.781971930418049
40229.78,0.801416576364945
40229.79,0.808955824164842
40229.8,0.814267517389095
40229.81,0.800504063775489
40229.82,0.827735790751349
40229.83,0.829193759083976
40229.84,0.851611000151476
40229.85,0.815734624699992
40229.86,0.794805532864008
40229.87,0.818953702351388
40229.88,0.827184151764671
40229.89,0.793348419557083
40229.9,0.794458428192616
40229.91,0.812796337812883
40229.92,0.856358399901361
40229.93,0.872912553119136
40229.94,0.860298724094127
40229.95,0.871607321794551
40229.96,0.816586918382101
40229.97,0.859086882215553
40229.98,0.826401506917744
40229.99,0.839672407985742
40230,0.853508709640793
40230.01,0.824339730393779
40230.02,0.840542683035198
40230.03,0.844491213838169
40230.04,0.835207685655987
40230.05,0.845377958426133
40230.06,0.837980283946472
40230.07,0.870357987005339
40230.08,0.856496046649349
40230.09,0.888731391544708
40230.1,0.868414753668145
40230.11,0.846614279481537
40230.12,0.836962519828621
40230.13,0.849895949546237
40230.14,0.850485119278661
40230.15,0.842663161106366
40230.16,0.84079249042157
40230.17,0.844959252017483
40230.18,0.835950791411837
40230.19,0.793092862208044
40230.2,0.760162667482774
40230.21,0.770562038309744
40230.22,0.783498711242151
40230.23,0.795059648022708
40230.24,0.817094267580516
40230.25,0.814111991909237
40230.26,0.833650724297797
40230.27,0.864467337256349
40230.28,0.849862303991055
40230.29,0.864787905851332
40230.3,0.898747180417429
40230.31,0.907055098331157
40230.32,0.885602067900977
40230.33,0.846525011986614
40230.34,0.842523090610792
40230.35,0.861892281049791
40230.36,0.869838653376824
40230.37,0.892926524991205
40230.38,0.885804893113975
40230.39,0.854613230680162
40230.4,0.856887699334289
40230.41,0.862011779894862
40230.42,0.898414399568969
40230.43,0.930050069608739
40230.44,0.940065803472361
40230.45,0.915733456605856
40230.46,0.867841976230025
40230.47,0.858398915305926
40230.48,0.818308333759324
40230.49,0.821826470738622
40230.5,0.854680912176641
40230.51,0.850344103435448
40230.52,0.852785336536711
40230.53,0.886997889778209
40230.54,0.934839542218828
40230.55,0.920654214882847
40230.56,0.9218565489871
40230.57,0.951393625669217
40230.58,0.929408846696088
40230.59,0.940494628810888
40230.6,0.885398624640952
40230.61,0.850954799097335
40230.62,0.834398794687853
40230.63,0.876835622497605
40230.64,0.898176238382966
40230.65,0.824338399097225
40230.66,0.834731581653616
40230.67,0.832030175736207
40230.68,0.854259997095712
40230.69,0.854489170006638
40230.7,0.894721464568996
40230.71,0.898484279892038
40230.72,0.898091770434854
40230.73,0.931283865533841
40230.74,0.907906762906784
40230.75,0.910582587178269
40230.76,0.868523713893406
40230.77,0.85029974570272
40230.78,0.868280292060797
40230.79,0.837140334214842
40230.8,0.827087266692598
40230.81,0.819846154735535
40230.82,0.837106206421771
40230.83,0.822138870314675
40230.84,0.871764024307394
40230.85,0.866009447497428
40230.86,0.810384072735875
40230.87,0.790752763729331
40230.88,0.763478465328548
40230.89,0.788746085684344
40230.9,0.776907624986567
40230.91,0.75210816889123
40230.92,0.773124174539545
40230.93,0.765592947792601
40230.94,0.75651906765216
40230.95,0.775604181794571
40230.96,0.75321170965785
40230.97,0.780363212267259
40230.98,0.774182430361646
40230.99,0.76712207894726
40231,0.770934169375188
40231.01,0.778630398163976
40231.02,0.734582065032399
40231.03,0.754603420019918
40231.04,0.764216769828313
40231.05,0.761871914350444
40231.06,0.761268144634528
40231.07,0.71718953237808
40231.08,0.737945881241569
40231.09,0.761931797860166
40231.1,0.715686411270157
40231.11,0.691357413359478
40231.12,0.71743425076185
40231.13,0.742939208972349
40231.14,0.74102999278976
40231.15,0.770480214421726
40231.16,0.769138346187296
40231.17,0.796765993005716
40231.18,0.805562942692427
40231.19,0.827861532716258
40231.2,0.83900390012974
40231.21,0.811442297932889
40231.22,0.795794048469217
40231.23,0.789741241408665
40231.24,0.784905962956903
40231.25,0.83651117262212
40231.26,0.852004043311175
40231.27,0.830829960998621
40231.28,0.851221457915226
40231.29,0.866506486496123
40231.3,0.859760908042317
40231.31,0.865228634572331
40231.32,0.873018318128146
40231.33,0.884077036940881
40231.34,0.842082344924566
40231.35,0.816143393688412
40231.36,0.842825361092724
40231.37,0.862641813316426
40231.38,0.852105102130285
40231.39,0.852343452652795
40231.4,0.840738900330941
40231.41,0.822708079718937
40231.42,0.822757623298113
40231.43,0.805086852285389
40231.44,0.798276035567254
40231.45,0.814763359327117
40231.46,0.821785213458422
40231.47,0.849476251836642
40231.48,0.812696734600519
40231.49,0.777610263382578
40231.5,0.777777445505305
40231.51,0.749790492867536
40231.52,0.759933555152076
40231.53,0.813655632735951
40231.54,0.798515299130751
40231.55,0.80400964595223
40231.56,0.807913980068734
40231.57,0.795866930821062
40231.58,0.809141788312513
40231.59,0.789857773561536
40231.6,0.818821097492978
40231.61,0.823895349435962
40231.62,0.855438038609248
40231.63,0.819069910542211
40231.64,0.795652533445896
40231.65,0.800633717670372
40231.66,0.769781401165137
40231.67,0.765589304538794
40231.68,0.752432012124859
40231.69,0.758734932035187
40231.7,0.754392476935424
40231.71,0.788088302680613
40231.72,0.74472792371756
40231.73,0.744173129200105
40231.74,0.764991361820223
40231.75,0.775202246435397
40231.76,0.794886993991262
40231.77,0.78092656706049
40231.78,0.785029341917961
40231.79,0.777460943397996
40231.8,0.801918476100471
40231.81,0.80373320014132
40231.82,0.796277613444531
40231.83,0.826426327371518
40231.84,0.854081952213364
40231.85,0.846862733763549
40231.86,0.861365932800563
40231.87,0.846371703183277
40231.88,0.826607276737998
40231.89,0.807817900783153
40231.9,0.805946786538533
40231.91,0.821794348965139
40231.92,0.831133517486202
40231.93,0.849214316472974
40231.94,0.871076223682448
40231.95,0.861295189738545
40231.96,0.871169775797096
40231.97,0.888141641515576
40231.98,0.8534553567228
40231.99,0.873287368828352
40232,0.85719882949314
40232.01,0.894656251710297
40232.02,0.875489776534574
40232.03,0.851199558297438
40232.04,0.857462668346821
40232.05,0.90643281774542
40232.06,0.906151070907411
40232.07,0.926455192618795
40232.08,0.933503190131819
40232.09,0.964348260148536
40232.1,0.960148940757091
40232.11,1.00612030384798
40232.12,1.02645308874102
40232.13,1.0262885532688
40232.14,1.04763663417494
40232.15,1.05791725227143
40232.16,1.08658974971264
40232.17,1.02304164445578
40232.18,1.03099752471216
40232.19,1.03073803363264
40232.2,1.04623472627656
40232.21,1.0652380312451
40232.22,1.11355829185086
40232.23,1.12720916994366
40232.24,1.16328362133342
40232.25,1.13880758397855
40232.26,1.14477493759333
40232.27,1.12742151006528
40232.28,1.09926017570206
40232.29,1.12514304807748
40232.3,1.12626948012519
40232.31,1.11498390151816
40232.32,1.11143934576569
40232.33,1.06887081257127
40232.34,1.0277744255533
40232.35,1.06617652271421
40232.36,1.13555219470605
40232.37,1.1209990491254
40232.38,1.09696489430815
40232.39,1.09374005790657
40232.4,1.07668943512513
40232.41,1.02785732352874
40232.42,1.03730010217228
40232.43,1.03653030881157
40232.44,0.983416893528677
40232.45,1.01526865947827
40232.46,1.00225020442643
40232.47,0.946875852200587
40232.48,0.968796944013287
40232.49,0.961324651818413
40232.5,0.980458586886466
40232.51,0.953882919067001
40232.52,0.981834086045634
40232.53,0.990291170944033
40232.54,0.953756772131805
40232.55,0.978299353685608
40232.56,0.960135320785213
40232.57,0.975841891418145
40232.58,0.988946248446315
40232.59,0.965867064941378
40232.6,0.98749899185169
40232.61,1.03971104477105
40232.62,1.00590587118341
40232.63,1.00731005257952
40232.64,0.98715743505998
40232.65,1.01622450906784
40232.66,0.986755352428469
40232.67,0.967873815672979
40232.68,0.920944725723866
40232.69,0.935232943152635
40232.7,0.939776548501445
40232.71,0.969001296984331
40232.72,1.00771215922317
40232.73,0.995792009619004
40232.74,0.965322956719151
40232.75,0.972298380449719
40232.76,1.02130269085004
40232.77,1.03357740999457
40232.78,1.01681219669273
40232.79,1.0645873902328
40232.8,1.04686886297295
40232.81,1.0576361542782
40232.82,1.01847109770218
40232.83,1.00727438456611
40232.84,1.01864895806075
40232.85,1.01967300447604
40232.86,0.991262130964166
40232.87,0.988038862618221
40232.88,0.993379000691683
40232.89,1.02429596927944
40232.9,1.00162118974461
40232.91,0.987117132460745
40232.92,0.926038245576554
40232.93,0.931610370645525
40232.94,0.910111324515662
40232.95,0.909844768439237
40232.96,0.90180804843007
40232.97,0.892408695091303
40232.98,0.897551152056018
40232.99,0.910909787539944
40233,0.895505092288299
40233.01,0.917401226144332
40233.02,0.920515741177748
40233.03,0.905007330385845
40233.04,0.85915679439298
40233.05,0.865988424374585
40233.06,0.883728967906079
40233.07,0.855007981307563
40233.08,0.829757977519292
40233.09,0.81142811769627
40233.1,0.816131823549222
40233.11,0.852057623878292
40233.12,0.842655941184565
40233.13,0.842849685332923
40233.14,0.839827028016808
40233.15,0.808964129011375
40233.16,0.831238227766587
40233.17,0.868659411290186
40233.18,0.882409691295748
40233.19,0.916509204522416
40233.2,0.924470444305751
40233.21,0.999550280807911
40233.22,0.996354157900699
40233.23,0.957913163421691
40233.24,0.962068421396484
40233.25,0.99101388442392
40233.26,0.996704312897896
40233.27,1.00159075208453
40233.28,1.01991340588217
40233.29,0.981674720779667
40233.3,0.960942312495672
40233.31,0.993191808356365
40233.32,1.02669538340627
40233.33,1.00197203353066
40233.34,1.01538546602093
40233.35,1.00849740130324
40233.36,1.0203348754122
40233.37,1.01371847611435
40233.38,1.03005489935952
40233.39,1.09855217936737
40233.4,1.04134210271046
40233.41,1.08436241425398
40233.42,1.05860818622194
40233.43,1.05190510601604
40233.44,1.09508256250031
40233.45,1.10822408638641
40233.46,1.11753388949959
40233.47,1.09450835356649
40233.48,1.0320642503811
40233.49,0.974709136431203
40233.5,0.938402233092559
40233.51,0.949825401509636
40233.52,0.95028966354309
40233.53,0.939346982850666
40233.54,0.93950083807761
40233.55,0.902220330028658
40233.56,0.939167070151415
40233.57,0.940242192224581
40233.58,0.899112834652786
40233.59,0.902826815227472
40233.6,0.905596509144975
40233.61,0.924249884301763
40233.62,0.954801401727491
40233.63,0.975051575649005
40233.64,0.936696655154822
40233.65,0.938850845649971
40233.66,0.915882917571741
40233.67,0.910420821885245
40233.68,0.919444347916833
40233.69,0.950837404365577
40233.7,0.926412917384853
40233.71,0.889503067656857
40233.72,0.875901079890945
40233.73,0.909101404744276
40233.74,0.967180789525448
40233.75,0.895295011550158
40233.76,0.895271118117152
40233.77,0.932083359710973
40233.78,0.924188589831612
40233.79,0.92601350262126
40233.8,0.877220134723704
40233.81,0.862571659607768
40233.82,0.844386872867591
40233.83,0.881084755612666
40233.84,0.912543156340075
40233.85,0.919840861798195
40233.86,0.908013601757069
40233.87,0.890444975578936
40233.88,0.890510548423288
40233.89,0.885068244527328
40233.9,0.901660492075402
40233.91,0.88770023584295
40233.92,0.891909151798721
40233.93,0.89854100635085
40233.94,0.90212507806714
40233.95,0.896564334296986
40233.96,0.895090317158749
40233.97,0.889575587804771
40233.98,0.920749807204253
40233.99,0.92206967421865
40234,0.935232547864639
40234.01,0.921087121012538
40234.02,0.91314911410765
40234.03,0.877829615487591
40234.04,0.869446812856425
40234.05,0.872385667864251
40234.06,0.860533824596874
40234.07,0.852268924497079
40234.08,0.871279576379659
40234.09,0.888361696579035
40234.1,0.868185156821656
40234.11,0.912822381386662
40234.12,0.917356062394383
40234.13,0.891295098909054
40234.14,0.913589737068449
40234.15,0.964403067165343
40234.16,0.9407441833402
40234.17,0.916634850043304
40234.18,0.945825043377766
40234.19,0.924268920568479
40234.2,0.957686836683472
40234.21,0.925366641381814
40234.22,0.895386776315267
40234.23,0.906284876535001
40234.24,0.89448466338591
40234.25,0.921354887756657
40234.26,0.962790453085357
40234.27,0.928601049684467
40234.28,0.920720279221406
40234.29,0.925418551808178
40234.3,0.922178091168613
40234.31,0.9401395973206
40234.32,0.919812050836727
40234.33,0.917638634490101
40234.34,0.954759765825356
40234.35,0.993976544261748
40234.36,0.956031123401496
40234.37,0.977143699083642
40234.38,0.996392910320983
40234.39,0.979291013639427
40234.4,0.98696028711062
40234.41,0.939543603213097
40234.42,0.956788920688669
40234.43,0.911221427338526
40234.44,0.937918830723879
40234.45,0.902518289140625
40234.46,0.895935392837085
40234.47,0.906139350222774
40234.48,0.946975514396206
40234.49,0.963610140086184
40234.5,0.930452367753785
40234.51,0.937096219221711
40234.52,0.926445575860683
40234.53,0.90777981812255
40234.54,0.879579452177896
40234.55,0.875522064161762
40234.56,0.873943750185347
40234.57,0.85345135758964
40234.58,0.845334419160103
40234.59,0.88699687000541
40234.6,0.860004828764673
40234.61,0.831306860616328
40234.62,0.809911580429596
40234.63,0.764923295874464
40234.64,0.730688586997437
40234.65,0.766189614299413
40234.66,0.744068635740581
40234.67,0.737024558306041
40234.68,0.775655521033191
40234.69,0.788518817867124
40234.7,0.787332108687921
40234.71,0.799759074548436
40234.72,0.808864227313026
40234.73,0.763239769911015
40234.74,0.79824593069976
40234.75,0.779089916150473
40234.76,0.786189434181008
40234.77,0.812039957695311
40234.78,0.825836137091014
40234.79,0.798237370497767
40234.8,0.808758683961122
40234.81,0.836940656499705
40234.82,0.838136768880867
40234.83,0.843623547012443
40234.84,0.849856092534855
40234.85,0.835806803374348
40234.86,0.806324079390048
40234.87,0.811161422757169
40234.88,0.787279794938737
40234.89,0.765079469836453
40234.9,0.756088331515428
40234.91,0.749223702747112
40234.92,0.743863032542248
40234.93,0.72658452788684
40234.94,0.747334038567023
40234.95,0.703598968683992
40234.96,0.683943249596173
40234.97,0.691007924025623
40234.98,0.697836281844548
40234.99,0.70934302103997
40235,0.733584975767076
40235.01,0.717404168020494
40235.02,0.712557407799351
40235.03,0.706516203199674
40235.04,0.69805288851515
40235.05,0.670673508070907
40235.06,0.676982120935037
40235.07,0.694975965385018
40235.08,0.695272278728256
40235.09,0.693684497903413
40235.1,0.706352119105387
40235.11,0.699268989672739
40235.12,0.666218451290137
40235.13,0.67527218960401
40235.14,0.677291469640385
40235.15,0.670330343204797
40235.16,0.636461010890865
40235.17,0.633220871872367
40235.18,0.656206836585992
40235.19,0.681292656493688
40235.2,0.666920503761175
40235.21,0.666372144545641
40235.22,0.637899017553262
40235.23,0.649579685825871
40235.24,0.64899539905109
40235.25,0.660320244153201
40235.26,0.644426866222992
40235.27,0.643162546644205
40235.28,0.695161230876589
40235.29,0.712363935246944
40235.3,0.72369767028648
40235.31,0.726651951438746
40235.32,0.704533850231438
40235.33,0.732985806968265
40235.34,0.752110324601753
40235.35,0.775446185165882
40235.36,0.789182347359946
40235.37,0.79203244571023
40235.38,0.789483038182339
40235.39,0.786115978319813
40235.4,0.754810142576697
40235.41,0.777836263660217
40235.42,0.760665878320051
40235.43,0.706625644163446
40235.44,0.714876852423485
40235.45,0.728702867855514
40235.46,0.704132950983737
40235.47,0.750909116386867
40235.48,0.747478106395081
40235.49,0.772145101759874
40235.5,0.761351380502219
40235.51,0.782286412573729
40235.52,0.786897822955743
40235.53,0.791587969540897
40235.54,0.809282930959964
40235.55,0.781318085189943
40235.56,0.778939745081837
40235.57,0.775130710455274
40235.58,0.758598068110202
40235.59,0.752465417155651
40235.6,0.745262900524049
40235.61,0.697583401915138
40235.62,0.714305471367835
40235.63,0.726668846254989
40235.64,0.720667066544102
40235.65,0.748967062584163
40235.66,0.753929388984188
40235.67,0.781541960728042
40235.68,0.759180675570693
40235.69,0.795132226547739
40235.7,0.788975705807707
40235.71,0.782496545254055
40235.72,0.793506895555943
40235.73,0.804516135650228
40235.74,0.841775536266278
40235.75,0.85443436335638
40235.76,0.91391862047216
40235.77,0.901050514048224
40235.78,0.906454466216689
40235.79,0.926003799385157
40235.8,0.899488182188184
40235.81,0.949583907141518
40235.82,0.949177623975386
40235.83,0.945548648088909
40235.84,0.976556656352597
40235.85,0.965042994227382
40235.86,0.936036883706335
40235.87,0.90207675026892
40235.88,0.921943569214512
40235.89,0.872039774791047
40235.9,0.873263290322
40235.91,0.827906817425131
40235.92,0.787687129806444
40235.93,0.816510123971428
40235.94,0.803922903752574
40235.95,0.771639710515303
40235.96,0.761414151352533
40235.97,0.791761446450736
40235.98,0.801471837475525
40235.99,0.815785678170508
40236,0.794024912654094
40236.01,0.823386179843284
40236.02,0.827813430051018
40236.03,0.813919487194031
40236.04,0.848969126218172
40236.05,0.799413540913952
40236.06,0.815813191106625
40236.07,0.839059482358656
40236.08,0.863072358907276
40236.09,0.874187432611691
40236.1,0.887369610920411
40236.11,0.887742377146178
40236.12,0.91125778336614
40236.13,0.927666464489346
40236.14,0.867459908008319
40236.15,0.86587094917188
40236.16,0.831608814672748
40236.17,0.863250400781164
40236.18,0.84002955468198
40236.19,0.898263871587453
40236.2,0.900395883296598
40236.21,0.921631229265567
40236.22,0.923138816600819
40236.23,0.909545595807872
40236.24,0.884247474781888
40236.25,0.853860074022912
40236.26,0.858186738702008
40236.27,0.844497962873407
40236.28,0.826021313603429
40236.29,0.826037573204035
40236.3,0.818125070756153
40236.31,0.77845253097524
40236.32,0.769228538583915
40236.33,0.765231502656853
40236.34,0.752357135575857
40236.35,0.735741552534996
40236.36,0.765511714020789
40236.37,0.77892163988581
40236.38,0.771169403929808
40236.39,0.787245911777876
40236.4,0.760423763300352
40236.41,0.74891148790441
40236.42,0.759440801868929
40236.43,0.764847030924145
40236.44,0.749483829999595
40236.45,0.719191846133468
40236.46,0.734512756717156
40236.47,0.72212697166501
40236.48,0.722241106066042
40236.49,0.730006430022219
40236.5,0.730890444876077
40236.51,0.756475954638666
40236.52,0.746286879403918
40236.53,0.72839198253591
40236.54,0.754544916630388
40236.55,0.782606646071921
40236.56,0.783325987486194
40236.57,0.814975241180993
40236.58,0.861596657040377
40236.59,0.849634590032675
40236.6,0.8277152275738
40236.61,0.831039742540956
40236.62,0.841699557709564
40236.63,0.839936998746121
40236.64,0.833985500008545
40236.65,0.870475603293918
40236.66,0.891114064172997
40236.67,0.908158340784056
40236.68,0.910929975689992
40236.69,0.888408652246137
40236.7,0.927722873010477
40236.71,0.949369038000614
40236.72,0.961254769595632
40236.73,1.02167573054124
40236.74,0.996222851545816
40236.75,0.959838554663601
40236.76,0.893915740102336
40236.77,0.907327410197076
40236.78,0.918757759155815
40236.79,0.897213177508215
40236.8,0.873449795703547
40236.81,0.886066205041487
40236.82,0.862054876552605
40236.83,0.866504441792284
40236.84,0.881620958554217
40236.85,0.87254011302081
40236.86,0.874754672937218
40236.87,0.896403756655255
40236.88,0.902383375936706
40236.89,0.864475268393313
40236.9,0.839751799602548
40236.91,0.857038292715673
40236.92,0.796000472695603
40236.93,0.788162989649718
40236.94,0.792681168392392
40236.95,0.784349919923441
40236.96,0.762815349481452
40236.97,0.725528027092292
40236.98,0.724994420309271
40236.99,0.739476407367672
40237,0.727545154185759
40237.01,0.762050053509953
40237.02,0.743243153014295
40237.03,0.756294094269153
40237.04,0.792928765153034
40237.05,0.79568175906853
40237.06,0.762029141449962
40237.07,0.747001567992537
40237.08,0.765512869637604
40237.09,0.74703786039635
40237.1,0.769243332243286
40237.11,0.767363779543104
40237.12,0.76335215553103
40237.13,0.781907235284233
40237.14,0.737813813089935
40237.15,0.759798185714359
40237.16,0.76676582508146
40237.17,0.725389046076145
40237.18,0.745320608415942
40237.19,0.763231327769577
40237.2,0.747214458625766
40237.21,0.741747460956854
40237.22,0.731274813266953
40237.23,0.708334899686633
40237.24,0.697784598384758
40237.25,0.689809112918322
40237.26,0.694576892744767
40237.27,0.687634426085884
40237.28,0.702081762155192
40237.29,0.681208345000983
40237.3,0.685288839668035
40237.31,0.700134392933738
40237.32,0.725108356035098
40237.33,0.740981071128839
40237.34,0.731650712325405
40237.35,0.715168493932944
40237.36,0.730882718143871
40237.37,0.721575804973994
40237.38,0.726366851266473
40237.39,0.718805113470297
40237.4,0.730704443321557
40237.41,0.718382515922773
40237.42,0.706823109808211
40237.43,0.721449501003837
40237.44,0.739201863502377
40237.45,0.745928332184091
40237.46,0.766669875338913
40237.47,0.749788729742708
40237.48,0.727294995001916
40237.49,0.74200916842896
40237.5,0.760393695453572
40237.51,0.773370961777097
40237.52,0.736307353796279
40237.53,0.7093549853553
40237.54,0.71693564284809
40237.55,0.724953134093605
40237.56,0.715608577355892
40237.57,0.729568755290668
40237.58,0.727382891498656
40237.59,0.72095566430656
40237.6,0.743800200228554
40237.61,0.742483548470318
40237.62,0.746068730395103
40237.63,0.725234024761377
40237.64,0.7508855355281
40237.65,0.727068311403601
40237.66,0.720723267886609
40237.67,0.712803813325526
40237.68,0.756869304052577
40237.69,0.73153690269307
40237.7,0.771746246950101
40237.71,0.760594587208624
40237.72,0.74162621956809
40237.73,0.730618434242983
40237.74,0.719898948852194
40237.75,0.73454243419257
40237.76,0.706958810661911
40237.77,0.71506071267429
40237.78,0.722189939397596
40237.79,0.729231102410122
40237.8,0.723437239330707
40237.81,0.750131229419005
40237.82,0.752500287790977
40237.83,0.777084856736154
40237.84,0.763179232636559
40237.85,0.780529868018706
40237.86,0.795662062241639
40237.87,0.783214314889209
40237.88,0.764548519821068
40237.89,0.768929429350297
40237.9,0.778140583127427
40237.91,0.759229187201384
40237.92,0.751294249303819
40237.93,0.76822149229383
40237.94,0.770588594339973
40237.95,0.744703516161145
40237.96,0.779806307148258
40237.97,0.789966451693947
40237.98,0.786227184397079
40237.99,0.777215039902096
40238,0.803040356749516
40238.01,0.840640607665614
40238.02,0.833454796387342
40238.03,0.826287042226162
40238.04,0.828077005582233
40238.05,0.852557183187871
40238.06,0.835809347089996
40238.07,0.878094719440236
40238.08,0.86677311736422
40238.09,0.927765027066686
40238.1,0.882739085689292
40238.11,0.86280797078798
40238.12,0.852496050237369
40238.13,0.852309801961573
40238.14,0.923428190346776
40238.15,0.909207023435248
40238.16,0.930378712670199
40238.17,0.937463908505656
40238.18,0.921410803365511
40238.19,0.909179300126297
40238.2,0.917051327023593
40238.21,0.907028286523127
40238.22,0.903498723463825
40238.23,0.898600940918001
40238.24,0.892824984231421
40238.25,0.882833745984526
40238.26,0.892324731988758
40238.27,0.90187307284864
40238.28,0.913251876751408
40238.29,0.907485493240777
40238.3,0.872073600238874
40238.31,0.87335585644538
40238.32,0.866859359654333
40238.33,0.869061721878686
40238.34,0.836609635215296
40238.35,0.827567730623156
40238.36,0.828936532965312
40238.37,0.824541299719682
40238.38,0.851788359122509
40238.39,0.868551872385734
40238.4,0.852562270877154
40238.41,0.889245682534763
40238.42,0.911099611285511
40238.43,0.87103336991673
40238.44,0.88969975613425
40238.45,0.89092872580032
40238.46,0.886116502887215
40238.47,0.9056901749721
40238.48,0.911314470554568
40238.49,0.911994710971999
40238.5,0.899844540656321
40238.51,0.899645849138978
40238.52,0.926908955560144
40238.53,0.980932291546462
40238.54,1.00737808350857
40238.55,0.96432442104715
40238.56,0.965571325696006
40238.57,0.894224074187116
40238.58,0.857741139234243
40238.59,0.868948305308406
40238.6,0.829348260186248
40238.61,0.800987153881844
40238.62,0.794578645863329
40238.63,0.780219810462882
40238.64,0.788730362602308
40238.65,0.756274190513124
40238.66,0.759484256383009
40238.67,0.74205816554528
40238.68,0.700931938064907
40238.69,0.716154397228536
40238.7,0.706820259555582
40238.71,0.703254921415252
40238.72,0.67792010295824
40238.73,0.662649713895721
40238.74,0.667159346375372
40238.75,0.704922416426944
40238.76,0.714789967877056
40238.77,0.699238053744236
40238.78,0.701686166642756
40238.79,0.765968907633781
40238.8,0.766280030989711
40238.81,0.753468712182696
40238.82,0.777057010364218
40238.83,0.742137243268719
40238.84,0.799634871859115
40238.85,0.793854979164729
40238.86,0.79841989524625
40238.87,0.807117761116151
40238.88,0.794072780812554
40238.89,0.815446231118768
40238.9,0.821735966198332
40238.91,0.816963480102319
40238.92,0.817444651002294
40238.93,0.809358887957652
40238.94,0.830940272478923
40238.95,0.841738603643724
40238.96,0.84100088994217
40238.97,0.890766755564404
40238.98,0.852858648616921
40238.99,0.847327093674699
40239,0.907266147708604
40239.01,0.880229423931362
40239.02,0.855620772660511
40239.03,0.851060632330699
40239.04,0.823784525125272
40239.05,0.808450475753686
40239.06,0.804269798943333
40239.07,0.772666679090975
40239.08,0.769722694495825
40239.09,0.806167683477811
40239.1,0.800524128134596
40239.11,0.810084981236458
40239.12,0.821894898344184
40239.13,0.81989877743188
40239.14,0.768525600890946
40239.15,0.734496391401064
40239.16,0.728388677376957
40239.17,0.747395138749376
40239.18,0.759269824344021
40239.19,0.752528486106567
40239.2,0.744579860798821
40239.21,0.727936519613142
40239.22,0.704420006526732
40239.23,0.676783435943644
40239.24,0.686098451383252
40239.25,0.715502437433447
40239.26,0.727258336003881
40239.27,0.722229144136066
40239.28,0.717052797198742
40239.29,0.717149605179283
40239.3,0.716655096371198
40239.31,0.735399599718352
40239.32,0.713557499053035
40239.33,0.720831601399873
40239.34,0.720648308000718
40239.35,0.743574127690513
40239.36,0.750699318375199
40239.37,0.795377224637916
40239.38,0.793240388869076
40239.39,0.799796506870139
40239.4,0.795687064954645
40239.41,0.79566234317435
40239.42,0.792305661001425
40239.43,0.779854919626676
40239.44,0.756983986394886
40239.45,0.773506222631448
40239.46,0.78852696942055
40239.47,0.80948210215824
40239.48,0.82556612708736
40239.49,0.790617721701664
40239.5,0.794125266429456
40239.51,0.794427846177031
40239.52,0.791830687362162
40239.53,0.855097376107581
40239.54,0.897086211373519
40239.55,0.882748791088405
40239.56,0.926983774629368
40239.57,0.957068710828666
40239.58,0.93680457054694
40239.59,0.905874833730925
40239.6,0.914352271689499
40239.61,0.945914682480138
40239.62,0.928935065765771
40239.63,0.926641709159174
40239.64,0.970619225409147
40239.65,0.991488853580264
40239.66,0.996939653583465
40239.67,0.976073369142339
40239.68,0.97436424742255
40239.69,0.963255834716691
40239.7,0.946947065409731
40239.71,0.970704962525946
40239.72,0.96776534511296
40239.73,0.971236700473514
40239.74,0.992650147188969
40239.75,0.986079723040297
40239.76,0.991228821792013
40239.77,0.968222766276234
40239.78,0.95393466675004
40239.79,0.939614317767671
40239.8,0.883214637079724
40239.81,0.863653842962729
40239.82,0.86349570379587
40239.83,0.878356703101275
40239.84,0.892767227683232
40239.85,0.909061500369054
40239.86,0.914889087882957
40239.87,0.881038009045122
40239.88,0.864979181996507
40239.89,0.891010007934959
40239.9,0.86649113743057
40239.91,0.866072334731407
40239.92,0.872775875603582
40239.93,0.847059390433343
40239.94,0.864696765031708
40239.95,0.833832356572631
40239.96,0.817193019470147
40239.97,0.811005692506819
40239.98,0.858872377558743
40239.99,0.869964678241593
40240,0.865081104009643
40240.01,0.891850255710897
40240.02,0.900393687392773
40240.03,0.901031444616088
40240.04,0.903547977003498
40240.05,0.91482654784118
40240.06,0.897582564467851
40240.07,0.941016244142284
40240.08,0.89957539067163
40240.09,0.945203178036853
40240.1,0.991920842459897
40240.11,0.949117923014696
40240.12,0.950314755419068
40240.13,0.978014403660783
40240.14,1.0180470861684
40240.15,0.999481873622824
40240.16,1.00122046214832
40240.17,1.03199902200936
40240.18,1.05581257523814
40240.19,1.03141313723497
40240.2,1.03025849545606
40240.21,1.04013725524085
40240.22,1.04205528034598
40240.23,1.00277164339297
40240.24,0.982110825592482
40240.25,0.95778212411498
40240.26,0.935596200390802
40240.27,0.908016483980217
40240.28,0.886106203535917
40240.29,0.915786454051051
40240.3,0.902800066009014
40240.31,0.876777347782286
40240.32,0.874814509930863
40240.33,0.849633194175647
40240.34,0.840607409880534
40240.35,0.83368015047546
40240.36,0.807887938619533
40240.37,0.811716358924259
40240.38,0.784596525738864
40240.39,0.853957069914814
40240.4,0.842725749280808
40240.41,0.829498618416507
40240.42,0.828428706358831
40240.43,0.840949417965006
40240.44,0.830898587048587
40240.45,0.85796001756452
40240.46,0.837714528076694
40240.47,0.834320463661407
40240.48,0.832318543317029
40240.49,0.845890939734718
40240.5,0.812361190212632
40240.51,0.798079333759098
40240.52,0.798772154918666
40240.53,0.821708447285405
40240.54,0.798259813629347
40240.55,0.766432966828684
40240.56,0.752964680060669
40240.57,0.734505540456575
40240.58,0.756779028123113
40240.59,0.761505283127814
40240.6,0.801485778679535
40240.61,0.790531615749997
40240.62,0.787077147954712
40240.63,0.797083657101051
40240.64,0.819039468305241
40240.65,0.78913119979489
40240.66,0.7993588855739
40240.67,0.782306607009671
40240.68,0.799090232157823
40240.69,0.783068999976872
40240.7,0.783623180726375
40240.71,0.790319669416565
40240.72,0.787246992699614
40240.73,0.767256905915514
40240.74,0.782915552780668
40240.75,0.818185707688914
40240.76,0.807643995104552
40240.77,0.834174739759087
40240.78,0.812766705519606
40240.79,0.863449866289403
40240.8,0.883873282014664
40240.81,0.856190082528565
40240.82,0.828572589592697
40240.83,0.833215298093008
40240.84,0.829984836642295
40240.85,0.811731118901
40240.86,0.753609917372614
40240.87,0.740413213954199
40240.88,0.707109668809724
40240.89,0.6945629710527
40240.9,0.723240387890599
40240.91,0.699618140290891
40240.92,0.700260327460477
40240.93,0.697619242303537
40240.94,0.707093254670364
40240.95,0.695081020411171
40240.96,0.710926857610002
40240.97,0.75047286673701
40240.98,0.765859183660839
40240.99,0.786183730236375
40241,0.783529997553485
40241.01,0.801987442078644
40241.02,0.756702938378556
40241.03,0.753811710041273
40241.04,0.77845859726488
40241.05,0.795498306233856
40241.06,0.798121159004996
40241.07,0.795306556551082
40241.08,0.810744950769224
40241.09,0.820784656180741
40241.1,0.794533728718739
40241.11,0.782616073631517
40241.12,0.765978643137222
40241.13,0.767955278367236
40241.14,0.788777439143297
40241.15,0.795540837536385
40241.16,0.794896685387844
40241.17,0.777283345266666
40241.18,0.770806103520449
40241.19,0.712115947414214
40241.2,0.720489472002586
40241.21,0.726501088867397
40241.22,0.692640486047471
40241.23,0.67968067566175
40241.24,0.683592984946241
40241.25,0.674311911828575
40241.26,0.676334796040188
40241.27,0.686480108533468
40241.28,0.705824767713758
40241.29,0.721287657666466
40241.3,0.748881808898193
40241.31,0.755620979486845
40241.32,0.754805349658861
40241.33,0.733080517174198
40241.34,0.755513786964218
40241.35,0.766075325988474
40241.36,0.747724333836608
40241.37,0.773387534581376
40241.38,0.798188827060223
40241.39,0.839903722487831
40241.4,0.864714573731802
40241.41,0.881268303588512
40241.42,0.885086182346519
40241.43,0.854342813897518
40241.44,0.839822627423958
40241.45,0.833521285720388
40241.46,0.858575723946459
40241.47,0.826479719852123
40241.48,0.804310775907073
40241.49,0.783912777972935
40241.5,0.762212932489055
40241.51,0.773529477674278
40241.52,0.803567771650786
40241.53,0.833740294697312
40241.54,0.805816583069995
40241.55,0.836071192174964
40241.56,0.822950342523257
40241.57,0.812264162271315
40241.58,0.82192073869546
40241.59,0.778825409475366
40241.6,0.744833471361857
40241.61,0.765744130000024
40241.62,0.791536023359981
40241.63,0.792897654602793
40241.64,0.770378005214569
40241.65,0.750297069279667
40241.66,0.770952591519929
40241.67,0.760197286882124
40241.68,0.785761427313068
40241.69,0.784700248412916
40241.7,0.811320250711801
40241.71,0.82280220626562
40241.72,0.825530745322648
40241.73,0.874533979128732
40241.74,0.868966782155419
40241.75,0.891132263704268
40241.76,0.901073601098598
40241.77,0.909238126661255
40241.78,0.901946400333265
40241.79,0.912981055699907
40241.8,0.881427292221532
40241.81,0.891255921005492
40241.82,0.88591904689856
40241.83,0.842148112702609
40241.84,0.849490663511301
40241.85,0.843654808670158
40241.86,0.790406517848208
40241.87,0.770598659858321
40241.88,0.778941039951679
40241.89,0.768045572347532
40241.9,0.753433084965464
40241.91,0.734833972092943
40241.92,0.748221830175611
40241.93,0.729043650778701
40241.94,0.692300239411982
40241.95,0.68535475094401
40241.96,0.647755751253049
40241.97,0.702252622131837
40241.98,0.696572492590865
40241.99,0.67798900499707
40242,0.650753924291378
40242.01,0.667766440634172
40242.02,0.692324559257371
40242.03,0.678137392630597
40242.04,0.646663411760837
40242.05,0.642562802177332
40242.06,0.642816403522776
40242.07,0.649278948837916
40242.08,0.674932238023005
40242.09,0.664666384082704
40242.1,0.662182477534948
40242.11,0.66320915469817
40242.12,0.688905700525647
40242.13,0.668343963372267
40242.14,0.674124059035579
40242.15,0.661997515551098
40242.16,0.658773118840879
40242.17,0.667963140028749
40242.18,0.672712521430179
40242.19,0.676388619516292
40242.2,0.685175659416542
40242.21,0.720464707224375
40242.22,0.744742181838574
40242.23,0.79377500536205
40242.24,0.764879463280909
40242.25,0.802583065680771
40242.26,0.790311887559696
40242.27,0.793651459146499
40242.28,0.778206768590686
40242.29,0.780764655573083
40242.3,0.795002901860086
40242.31,0.789393198164023
40242.32,0.781565981184979
40242.33,0.769376443391637
40242.34,0.755722101623563
40242.35,0.753566663767683
40242.36,0.777416902086767
40242.37,0.767182044588932
40242.38,0.759515358683258
40242.39,0.790276229055951
40242.4,0.793153853041293
40242.41,0.808268231291641
40242.42,0.791316750866091
40242.43,0.790045595822186
40242.44,0.815212452077591
40242.45,0.768925964975595
40242.46,0.763102161447041
40242.47,0.763795765468887
40242.48,0.744775106380176
40242.49,0.765275158249276
40242.5,0.762964320853685
40242.51,0.762118832516065
40242.52,0.746248468486366
40242.53,0.724086323957633
40242.54,0.721604790887813
40242.55,0.719382151969564
40242.56,0.707097102054625
40242.57,0.717104988898304
40242.58,0.711230492935378
40242.59,0.739290548021883
40242.6,0.72975891245355
40242.61,0.712716043458038
40242.62,0.732401744321441
40242.63,0.74173704767576
40242.64,0.743887293108238
40242.65,0.735113590397489
40242.66,0.728299918339493
40242.67,0.706057330973726
40242.68,0.737826007891267
40242.69,0.807385007626252
40242.7,0.812376968382005
40242.71,0.798439802844653
40242.72,0.752915802798959
40242.73,0.730858663745853
40242.74,0.762768276102145
40242.75,0.776914015000368
40242.76,0.765154736075609
40242.77,0.795919448990686
40242.78,0.771214863626114
40242.79,0.761171421784301
40242.8,0.754936580224972
40242.81,0.752424294980429
40242.82,0.740065514443414
40242.83,0.76122455088107
40242.84,0.794543709035349
40242.85,0.794195593735917
40242.86,0.795586302244096
40242.87,0.82990413642125
40242.88,0.855820369086607
40242.89,0.846758129615833
40242.9,0.840988839488667
40242.91,0.830922444348535
40242.92,0.81333384645046
40242.93,0.848358343939759
40242.94,0.861937598603515
40242.95,0.858236296883717
40242.96,0.87557311201235
40242.97,0.909434347042672
40242.98,0.931226875503572
40242.99,0.922011509321925
40243,0.873127114585134
40243.01,0.831183353473782
40243.02,0.825278591746748
40243.03,0.842834718679347
40243.04,0.858576051963853
40243.05,0.880465404641794
40243.06,0.89128476698205
40243.07,0.91495256186366
40243.08,0.944070601582289
40243.09,0.951124468500507
40243.1,1.01383305436418
40243.11,0.964721982881747
40243.12,0.999575642831378
40243.13,1.007114418252
40243.14,0.993162045641581
40243.15,1.00753228774194
40243.16,0.998169507687135
40243.17,0.964010835488279
40243.18,0.937629979304793
40243.19,0.897738017571897
40243.2,0.868909482166114
40243.21,0.862919054908825
40243.22,0.822120761312524
40243.23,0.826237546794492
40243.24,0.801149596117429
40243.25,0.846018111003053
40243.26,0.846339618172875
40243.27,0.865559318170461
40243.28,0.885111558848506
40243.29,0.887738265106384
40243.3,0.871378799057031
40243.31,0.891775895770132
40243.32,0.865503871400578
40243.33,0.841707181436932
40243.34,0.848057864847823
40243.35,0.831076092673268
40243.36,0.816040985390879
40243.37,0.796022557187207
40243.38,0.835288344690953
40243.39,0.864154076774323
40243.4,0.833562761880999
40243.41,0.82283542444768
40243.42,0.813210401315775
40243.43,0.80022027700822
40243.44,0.795503110915672
40243.45,0.829238987169114
40243.46,0.882287142325967
40243.47,0.88050871232376
40243.48,0.876906854079899
40243.49,0.851488049182387
40243.5,0.842940302731682
40243.51,0.839906610692938
40243.52,0.82458033994426
40243.53,0.839091261004312
40243.54,0.822408245970252
40243.55,0.842745795659947
40243.56,0.838088760617382
40243.57,0.836717417870406
40243.58,0.814794199414818
40243.59,0.783011566328334
40243.6,0.80477833216953
40243.61,0.811036224741756
40243.62,0.829698827685233
40243.63,0.826656430011188
40243.64,0.869707368320448
40243.65,0.866018966704666
40243.66,0.832593024616219
40243.67,0.812314439613272
40243.68,0.823758878930196
40243.69,0.818565854012286
40243.7,0.833919435785483
40243.71,0.802153587242347
40243.72,0.814679911412354
40243.73,0.806620316704739
40243.74,0.802551103319821
40243.75,0.823526729719983
40243.76,0.837962816078899
40243.77,0.849099760487832
40243.78,0.879640843272477
40243.79,0.88876543272323
40243.8,0.876714211837216
40243.81,0.820195377482918
40243.82,0.84299272413137
40243.83,0.813618245429289
40243.84,0.784892743245153
40243.85,0.771275201974702
40243.86,0.774769345302635
40243.87,0.773266142046831
40243.88,0.768975083546223
40243.89,0.751183684084349
40243.9,0.77927713181026
40243.91,0.79100675277426
40243.92,0.801398120682619
40243.93,0.853573197515614
40243.94,0.847216820558822
40243.95,0.814729658329927
40243.96,0.792536401802374
40243.97,0.797280529026729
40243.98,0.839599774496274
40243.99,0.823733051849171
40244,0.830384540134169
40244.01,0.787981186912072
40244.02,0.776802101154707
40244.03,0.770567735446145
40244.04,0.737415753228745
40244.05,0.70807655988295
40244.06,0.692326559840537
40244.07,0.699503418775829
40244.08,0.69074877247824
40244.09,0.71698109048749
40244.1,0.699191434087725
40244.11,0.670572529751213
40244.12,0.633957411736426
40244.13,0.652996899243921
40244.14,0.648619653242567
40244.15,0.663190861104265
40244.16,0.668511942396086
40244.17,0.669528907755718
40244.18,0.72204778824034
40244.19,0.748497066038604
40244.2,0.717437082143002
40244.21,0.690189281537836
40244.22,0.676926703929824
40244.23,0.690031658161129
40244.24,0.655949280098371
40244.25,0.665725230109679
40244.26,0.662603662938991
40244.27,0.63752446239229
40244.28,0.67643363517569
40244.29,0.66948674328308
40244.3,0.647771918654184
40244.31,0.63086750435961
40244.32,0.60776230829106
40244.33,0.610376089945751
40244.34,0.584847470919313
40244.35,0.58329930032767
40244.36,0.595444339336662
40244.37,0.585370757020617
40244.38,0.614870410375591
40244.39,0.633058520253861
40244.4,0.653296747104226
40244.41,0.66352051836229
40244.42,0.666846209293598
40244.43,0.688676343195959
40244.44,0.679899809954574
40244.45,0.684550440112937
40244.46,0.662341742343176
40244.47,0.700295326135223
40244.48,0.715339682827419
40244.49,0.716503545519668
40244.5,0.712115870788692
40244.51,0.733162785863386
40244.52,0.701887159007444
40244.53,0.730559541190972
40244.54,0.747655403675463
40244.55,0.750922925428973
40244.56,0.718726509565629
40244.57,0.712021758581225
40244.58,0.707809341530093
40244.59,0.689638519661898
40244.6,0.69829332180085
40244.61,0.683447739483433
40244.62,0.690084784126522
40244.63,0.668880774399973
40244.64,0.656532086815155
40244.65,0.675768048218518
40244.66,0.690411895238479
40244.67,0.682325711449659
40244.68,0.696106251491242
40244.69,0.642177383413789
40244.7,0.649392673397513
40244.71,0.641463362368025
40244.72,0.651625174558118
40244.73,0.641960952845406
40244.74,0.646035278255907
40244.75,0.65846181253411
40244.76,0.667752716641963
40244.77,0.687514925028677
40244.78,0.690902839128766
40244.79,0.70250391063382
40244.8,0.698198155796441
40244.81,0.72627268785923
40244.82,0.705318625305974
40244.83,0.700628006564362
40244.84,0.698720843949914
40244.85,0.682258856259031
40244.86,0.666449381935421
40244.87,0.668401187275609
40244.88,0.686322367483424
40244.89,0.713870927233538
40244.9,0.682689304277067
40244.91,0.667256608541822
40244.92,0.662945258468995
40244.93,0.65422497251243
40244.94,0.653428080040662
40244.95,0.656815583778188
40244.96,0.657200015662236
40244.97,0.657725740500984
40244.98,0.693424870657432
40244.99,0.686730365290855
40245,0.681989207373656
40245.01,0.665233379035987
40245.02,0.656204607884801
40245.03,0.660553504618945
40245.04,0.651905716718025
40245.05,0.645799614132134
40245.06,0.633979434372552
40245.07,0.66397484775458
40245.08,0.663770411190191
40245.09,0.680011785802182
40245.1,0.692658396657656
40245.11,0.649078114775105
40245.12,0.626438572519401
40245.13,0.607299645494739
40245.14,0.612860859222734
40245.15,0.638742300767363
40245.16,0.646500564773819
40245.17,0.643507518883603
40245.18,0.649981540170139
40245.19,0.663357437964721
40245.2,0.632785065039614
40245.21,0.611410899138534
40245.22,0.640701384116813
40245.23,0.643547777853242
40245.24,0.655040109561913
40245.25,0.652330829404815
40245.26,0.676748193416862
40245.27,0.68394271908528
40245.28,0.689861494081924
40245.29,0.703081593820151
40245.3,0.73925483805769
40245.31,0.753864232264011
40245.32,0.719408186400459
40245.33,0.702421130464652
40245.34,0.699118222499482
40245.35,0.70218222273464
40245.36,0.692343041907467
40245.37,0.74248044464354
40245.38,0.785192416654632
40245.39,0.7971474722319
40245.4,0.795184953446963
40245.41,0.797715851380899
40245.42,0.752508641577787
40245.43,0.766491076660432
40245.44,0.780724483633041
40245.45,0.739093807732026
40245.46,0.708899163331024
40245.47,0.713398364443421
40245.48,0.731789346332908
40245.49,0.739825717643888
40245.5,0.74029309299384
40245.51,0.73045837176277
40245.52,0.726296571714379
40245.53,0.737163128430175
40245.54,0.711830210865985
40245.55,0.665986972950206
40245.56,0.675607072505051
40245.57,0.685228905437549
40245.58,0.709560790603483
40245.59,0.68535585185056
40245.6,0.675264801681098
40245.61,0.695671068203567
40245.62,0.695341372070835
40245.63,0.710447576948712
40245.64,0.684347177744028
40245.65,0.695189414277923
40245.66,0.692966542583924
40245.67,0.71789199473029
40245.68,0.734669006139766
40245.69,0.731593774493832
40245.7,0.720339002355895
40245.71,0.726974543963643
40245.72,0.73174602923882
40245.73,0.741308347076206
40245.74,0.71081258647202
40245.75,0.692802242761993
40245.76,0.688558109094287
40245.77,0.689024880696455
40245.78,0.730301784488883
40245.79,0.735760237703253
40245.8,0.756219206498798
40245.81,0.740701763708339
40245.82,0.785089501244765
40245.83,0.749433039667512
40245.84,0.749317107777698
40245.85,0.759753254695361
40245.86,0.792519614584545
40245.87,0.782878590723448
40245.88,0.741079571176861
40245.89,0.70669385688803
40245.9,0.713597984663097
40245.91,0.725633057056411
40245.92,0.771185174539763
40245.93,0.818586193284046
40245.94,0.84391786864753
40245.95,0.800805811980665
40245.96,0.821052483850563
40245.97,0.830769643298784
40245.98,0.832261578623426
40245.99,0.877642530480327
40246,0.903285331909558
40246.01,0.882506029691116
40246.02,0.878506854598061
40246.03,0.898155686332679
40246.04,0.926674017524789
40246.05,0.940040258828588
40246.06,0.924644377150763
40246.07,0.925052589810349
40246.08,0.928025761154103
40246.09,0.952212986351905
40246.1,0.958538647108355
40246.11,0.936773601810189
40246.12,0.896560258771354
40246.13,0.886164946359174
40246.14,0.900277379138648
40246.15,0.868320784496585
40246.16,0.851154176896551
40246.17,0.830895932663152
40246.18,0.827928536991601
40246.19,0.821258310180839
40246.2,0.827724201410418
40246.21,0.812132153640895
40246.22,0.848244258025182
40246.23,0.800160640334093
40246.24,0.826307967868734
40246.25,0.796714145663483
40246.26,0.796426071929542
40246.27,0.783988363336396
40246.28,0.794888343583291
40246.29,0.759424176442716
40246.3,0.734776784434804
40246.31,0.76107122723612
40246.32,0.719075511111216
40246.33,0.699940347982821
40246.34,0.705380585374573
40246.35,0.703977174049011
40246.36,0.746225778090849
40246.37,0.728873258437673
40246.38,0.691990143460566
40246.39,0.667850628986778
40246.4,0.645029085428714
40246.41,0.621721993922875
40246.42,0.64926977098449
40246.43,0.642367372112348
40246.44,0.636934401103228
40246.45,0.649429989401127
40246.46,0.650948377533319
40246.47,0.630509633936019
40246.48,0.586155947235228
40246.49,0.608884360709657
40246.5,0.64876226199185
40246.51,0.665617628418951
40246.52,0.672369097283505
40246.53,0.712221115586116
40246.54,0.705000553181866
40246.55,0.718033288128543
40246.56,0.721201189891967
40246.57,0.679329168669081
40246.58,0.677342139481654
40246.59,0.673237126875703
40246.6,0.676418508128195
40246.61,0.691994161324741
40246.62,0.687466833060734
40246.63,0.694732625792642
40246.64,0.69290482349661
40246.65,0.664658677793657
40246.66,0.67567271180256
40246.67,0.646268774896059
40246.68,0.65919013510319
40246.69,0.675630387174983
40246.7,0.628570271652958
40246.71,0.619166642827617
40246.72,0.607192314706443
40246.73,0.618010353700668
40246.74,0.610248138945382
40246.75,0.585206646635837
40246.76,0.584431663112593
40246.77,0.580932704019388
40246.78,0.602560398095245
40246.79,0.603682304891526
40246.8,0.599235124735098
40246.81,0.593189589398515
40246.82,0.60173843580189
40246.83,0.611666740860704
40246.84,0.610276443708447
40246.85,0.613137203522916
40246.86,0.615713773308691
40246.87,0.596697793416706
40246.88,0.583521906445147
40246.89,0.605259234468444
40246.9,0.626601478961016
40246.91,0.634707746308897
40246.92,0.62071685641009
40246.93,0.609877664107636
40246.94,0.63796147370706
40246.95,0.637758038789785
40246.96,0.657167720498024
40246.97,0.634330997332097
40246.98,0.669835439526173
40246.99,0.682819880437097
40247,0.694367556548917
40247.01,0.7379368620627
40247.02,0.742846901608488
40247.03,0.718685761329365
40247.04,0.714889681522347
40247.05,0.729456806284678
40247.06,0.755157182595013
40247.07,0.766185153616101
40247.08,0.796745554815516
40247.09,0.823814621454441
40247.1,0.835923208384489
40247.11,0.807590462906289
40247.12,0.803151678096307
40247.13,0.789438566770389
40247.14,0.769494175313111
40247.15,0.774163678560334
40247.16,0.76140586732539
40247.17,0.724487553509881
40247.18,0.715369829697612
40247.19,0.742469225020465
40247.2,0.720517782642732
40247.21,0.718771476371035
40247.22,0.711516700414981
40247.23,0.732656079997316
40247.24,0.742622888286702
40247.25,0.7522126454619
40247.26,0.699884357950892
40247.27,0.726502089890943
40247.28,0.735533329937906
40247.29,0.72759332716621
40247.3,0.745180445742994
40247.31,0.716319957523077
40247.32,0.728103284384545
40247.33,0.749375406083981
40247.34,0.769053222764412
40247.35,0.722360173648595
40247.36,0.697104930885762
40247.37,0.71546023711738
40247.38,0.678347918768057
40247.39,0.656054153905926
40247.4,0.656540526219938
40247.41,0.646686775923636
40247.42,0.6485794628557
40247.43,0.678253929385206
40247.44,0.679310971864729
40247.45,0.680415713231456
40247.46,0.713502697440702
40247.47,0.712944115726226
40247.48,0.710563479936164
40247.49,0.718300009311202
40247.5,0.702145223600884
40247.51,0.701622076631835
40247.52,0.656561192759521
40247.53,0.667439045235994
40247.54,0.677037052064693
40247.55,0.668768404523629
40247.56,0.651868207365396
40247.57,0.673117438569337
40247.58,0.687965918280849
40247.59,0.708554498679948
40247.6,0.7012615666993
40247.61,0.738067529608462
40247.62,0.748073457403665
40247.63,0.736899928873537
40247.64,0.722814312836833
40247.65,0.745899399593715
40247.66,0.691765451683611
40247.67,0.720243317930588
40247.68,0.673362376655457
40247.69,0.65599268927685
40247.7,0.652693818748461
40247.71,0.647263748568685
40247.72,0.628709287065473
40247.73,0.633900330876996
40247.74,0.602318268036284
40247.75,0.599504817445969
40247.76,0.613304556679927
40247.77,0.608522157587763
40247.78,0.611379366929668
40247.79,0.628779091676022
40247.8,0.685335998671413
40247.81,0.701508088627327
40247.82,0.681744938342743
40247.83,0.685623870409618
40247.84,0.6932747394496
40247.85,0.695888251349678
40247.86,0.714157371758003
40247.87,0.70948441205936
40247.88,0.699385487736789
40247.89,0.693909406847253
40247.9,0.680661275279352
40247.91,0.668995566273055
40247.92,0.682810293593975
40247.93,0.681335182064989
40247.94,0.684537485234683
40247.95,0.665451908819733
40247.96,0.67598744723544
40247.97,0.691088018822404
40247.98,0.699424557013192
40247.99,0.712270272984666
40248,0.714243401951911
40248.01,0.732307155400836
40248.02,0.755408955664248
40248.03,0.771617313165381
40248.04,0.75706915047797
40248.05,0.766044625199048
40248.06,0.821362844221115
40248.07,0.813813583421548
40248.08,0.825726875084517
40248.09,0.768364332057522
40248.1,0.75730632601018
40248.11,0.750287881280517
40248.12,0.801325794765847
40248.13,0.822997059049544
40248.14,0.803974783399097
40248.15,0.811585036134954
40248.16,0.824604793856649
40248.17,0.796945261863993
40248.18,0.788278698772028
40248.19,0.768409168429784
40248.2,0.785194300935194
40248.21,0.761656625871717
40248.22,0.769060684274678
40248.23,0.762664805846441
40248.24,0.72451579506844
40248.25,0.708887072192471
40248.26,0.708547762266685
40248.27,0.674523000507406
40248.28,0.637874259434116
40248.29,0.621169044496076
40248.3,0.607060438967979
40248.31,0.617220978260499
40248.32,0.62305522572829
40248.33,0.622557931568847
40248.34,0.604858525617654
40248.35,0.585046669750629
40248.36,0.592384061050504
40248.37,0.581661866426789
40248.38,0.621888727016651
40248.39,0.645525392876219
40248.4,0.668828100425745
40248.41,0.677205308665401
40248.42,0.652327156649864
40248.43,0.663164078264143
40248.44,0.659867986610385
40248.45,0.662178374242494
40248.46,0.642540546450397
40248.47,0.64404173373684
40248.48,0.654164799889199
40248.49,0.629222963206416
40248.5,0.660514096155716
40248.51,0.639807142480842
40248.52,0.659391327236721
40248.53,0.653970879783597
40248.54,0.667380635564634
40248.55,0.661113917016039
40248.56,0.684497972932911
40248.57,0.698988720603322
40248.58,0.666779833395406
40248.59,0.648164117933278
40248.6,0.641440326352387
40248.61,0.649547491585296
40248.62,0.633071518433591
40248.63,0.630239926247084
40248.64,0.627867899625415
40248.65,0.602636078737808
40248.66,0.59101707703822
40248.67,0.562832817656742
40248.68,0.530505693442119
40248.69,0.508559417840276
40248.7,0.522051871057778
40248.71,0.525968110953607
40248.72,0.54642492903012
40248.73,0.550232805617374
40248.74,0.537345409737626
40248.75,0.542455416840777
40248.76,0.531139703242262
40248.77,0.536262022252539
40248.78,0.567764062132792
40248.79,0.604060836804184
40248.8,0.600018498408549
40248.81,0.590843840875679
40248.82,0.573436323065058
40248.83,0.595411878626246
40248.84,0.599966276939877
40248.85,0.609138675579239
40248.86,0.594931873626676
40248.87,0.580952164982301
40248.88,0.584575292662558
40248.89,0.581732766288592
40248.9,0.586539284627763
40248.91,0.607878611160572
40248.92,0.648428644386171
40248.93,0.654670863289484
40248.94,0.607719139038264
40248.95,0.602336748623857
40248.96,0.572159178133659
40248.97,0.574236591097214
40248.98,0.576244282469081
40248.99,0.593075409678292
40249,0.610269279407671
40249.01,0.596921018348917
40249.02,0.617623964079868
40249.03,0.629757537492697
40249.04,0.63560539650655
40249.05,0.692731429991029
40249.06,0.722355406853717
40249.07,0.73212239985683
40249.08,0.743696410487054
40249.09,0.775185127116998
40249.1,0.790417016296033
40249.11,0.773805610341399
40249.12,0.766039302439678
40249.13,0.805545919214248
40249.14,0.817720273900169
40249.15,0.839869589074966
40249.16,0.848620200876696
40249.17,0.865879501862984
40249.18,0.869346242474593
40249.19,0.865252795445446
40249.2,0.808351993782798
40249.21,0.815594588959124
40249.22,0.790484277351781
40249.23,0.807820390111438
40249.24,0.803439684333624
40249.25,0.787573684767054
40249.26,0.795061296658971
40249.27,0.796175623106133
40249.28,0.779113111715735
40249.29,0.782351034968108
40249.3,0.801526674622917
40249.31,0.785943520666438
40249.32,0.811632311820361
40249.33,0.795345493133406
40249.34,0.802990764299476
40249.35,0.745427622000729
40249.36,0.749933823022454
40249.37,0.792374736871485
40249.38,0.800643011547867
40249.39,0.746151360559604
40249.4,0.74559691890161
40249.41,0.746043888455498
40249.42,0.732651261928996
40249.43,0.72387980257263
40249.44,0.779312776041029
40249.45,0.804573458412416
40249.46,0.806610917540821
40249.47,0.774397822462288
40249.48,0.783355015684167
40249.49,0.801341839254494
40249.5,0.790697185185593
40249.51,0.789650654304612
40249.52,0.819598001196752
40249.53,0.847508645782605
40249.54,0.828517888104386
40249.55,0.848128431606144
40249.56,0.877727300396345
40249.57,0.838173284799135
40249.58,0.848215723857487
40249.59,0.849864344598452
40249.6,0.864767980631141
40249.61,0.854731843822861
40249.62,0.875394322666627
40249.63,0.885135312437053
40249.64,0.931203355547481
40249.65,0.940377230858272
40249.66,0.94287869148953
40249.67,0.980982322409032
40249.68,1.00283206382684
40249.69,1.04383130535482
40249.7,1.04809607007154
40249.71,1.0514343401268
40249.72,1.09099722145249
40249.73,1.08493261008939
40249.74,1.06207769693837
40249.75,1.06762568250956
40249.76,1.10008121372844
40249.77,1.1121046067484
40249.78,1.12812645138235
40249.79,1.09060699853149
40249.8,1.1177786182428
40249.81,1.12331124961201
40249.82,1.11089588790162
40249.83,1.09008194354607
40249.84,1.02882064576852
40249.85,1.0312713007452
40249.86,1.04805725511001
40249.87,0.982397886104229
40249.88,0.960954986887926
40249.89,0.925291521346015
40249.9,0.920139756794919
40249.91,0.928978938131686
40249.92,0.93677463713913
40249.93,0.947915558710202
40249.94,0.986140549291763
40249.95,1.05829375492518
40249.96,1.04370419979629
40249.97,1.05768924943585
40249.98,1.07203341250924
40249.99,1.0881298369388
40250,1.04269524316194
40250.01,1.02164911881333
40250.02,0.939758600522803
40250.03,0.921785880003747
40250.04,0.925635869392517
40250.05,0.899395939027293
40250.06,0.922215452692113
40250.07,0.963500561893708
40250.08,0.946068792241132
40250.09,0.930215939081763
40250.1,0.870591302610227
40250.11,0.92267359543932
40250.12,0.980173154677135
40250.13,0.976406709962759
40250.14,0.9583992908513
40250.15,0.933725145759065
40250.16,0.928292105698716
40250.17,0.941777102704088
40250.18,0.929490017588566
40250.19,0.919388297226989
40250.2,0.941454849998582
40250.21,0.944849103810872
40250.22,0.946519996831145
40250.23,0.986983859621812
40250.24,1.01394293956054
40250.25,0.99985960028612
40250.26,0.969214130433662
40250.27,0.941880716907082
40250.28,0.939182017306507
40250.29,0.940002348460303
40250.3,0.955838427790455
40250.31,0.985042322903461
40250.32,0.991325212025128
40250.33,1.0154794735772
40250.34,1.06695045602316
40250.35,1.096843446884
40250.36,1.0747426476677
40250.37,1.07368125120897
40250.38,1.05263951118775
40250.39,1.02392288073711
40250.4,1.06080174344316
40250.41,1.14253025367245
40250.42,1.12124619525022
40250.43,1.09470011740366
40250.44,1.10400153279148
40250.45,1.11550721914772
40250.46,1.1485101511443
40250.47,1.11910242916546
40250.48,1.12545513738377
40250.49,1.13046031603525
40250.5,1.10103891605835
40250.51,1.09742672881022
40250.52,1.11068623335728
40250.53,1.13347317896474
40250.54,1.14684013819011
40250.55,1.16833758997831
40250.56,1.15442102802968
40250.57,1.07832596451169
40250.58,1.03865219313225
40250.59,1.0111688300212
40250.6,1.00243288118339
40250.61,1.05399021174705
40250.62,1.01483238226165
40250.63,1.02285726602748
40250.64,1.00856473092053
40250.65,1.00426563385909
40250.66,1.04142061936023
40250.67,1.02651063034537
40250.68,1.02528675761714
40250.69,1.05502208834858
40250.7,1.049125201361
40250.71,1.07142606241254
40250.72,1.07192737960148
40250.73,1.08072677503415
40250.74,1.08972117878996
40250.75,1.08603988377312
40250.76,1.07440989850204
40250.77,1.04426771407133
40250.78,1.03407146977159
40250.79,1.09352851972874
40250.8,1.10718397279286
40250.81,1.14531306998143
40250.82,1.1220764036913
40250.83,1.13308526073173
40250.84,1.08917753178505
40250.85,1.07701011347623
40250.86,1.05475284601657
40250.87,1.06161148141855
40250.88,1.04779058104504
40250.89,1.053915994755
40250.9,1.06397883648235
40250.91,1.08421406110962
40250.92,1.04898639689634
40250.93,1.03475147292301
40250.94,1.02628668205623
40250.95,1.01461519213976
40250.96,1.02092617768927
40250.97,1.06131551155651
40250.98,1.05890527440283
40250.99,1.05990939369276
40251,1.02781564524078
40251.01,1.0382979276009
40251.02,1.03785716677999
40251.03,1.00410441192715
40251.04,1.0314186969935
40251.05,1.00866601267635
40251.06,1.06280952021173
40251.07,1.01146870933943
40251.08,1.03270188175872
40251.09,1.06671265714385
40251.1,1.02136484090358
40251.11,0.978879089116198
40251.12,0.965325488408501
40251.13,1.00791629704259
40251.14,1.01113675427634
40251.15,0.993802161792522
40251.16,1.00933071097541
40251.17,0.984179868103518
40251.18,0.949405113684641
40251.19,0.926065898240913
40251.2,0.973601025784289
40251.21,0.972502106327099
40251.22,0.974439150101464
40251.23,0.995033956575593
40251.24,0.995789872440526
40251.25,0.982165395193124
40251.26,1.01205798201342
40251.27,1.00816332843949
40251.28,1.02319252811808
40251.29,1.06267127192357
40251.3,1.04730380113791
40251.31,1.02838415633752
40251.32,1.03738700534683
40251.33,1.07001051439555
40251.34,1.06099092613038
40251.35,1.0605080074407
40251.36,1.01069893164679
40251.37,0.956493671710072
40251.38,0.945048102283899
40251.39,0.940422419627783
40251.4,0.906546054175066
40251.41,0.87302891460688
40251.42,0.885971741148445
40251.43,0.853419841670122
40251.44,0.853560820561758
40251.45,0.856395219105538
40251.46,0.876337739453921
40251.47,0.885893108131709
40251.48,0.898623774340967
40251.49,0.90829805774582
40251.5,0.928299555723699
40251.51,0.926386966051323
40251.52,0.873232087748638
40251.53,0.871147168189566
40251.54,0.886403932266302
40251.55,0.890286647154235
40251.56,0.913185296593872
40251.57,0.906257352432515
40251.58,0.915330216428782
40251.59,0.901547900806873
40251.6,0.915631156006831
40251.61,0.913279586631483
40251.62,0.893265304893518
40251.63,0.896669523134062
40251.64,0.8901209476353
40251.65,0.913543881403654
40251.66,0.91455259285426
40251.67,0.947552023671528
40251.68,0.978621875615354
40251.69,0.995272466593682
40251.7,0.98829717520027
40251.71,0.959241718776623
40251.72,0.992294076640258
40251.73,0.980340122922245
40251.74,0.981998359108159
40251.75,0.966727285791876
40251.76,0.955171537392857
40251.77,0.968076646844361
40251.78,0.974004507759167
40251.79,1.01947103120489
40251.8,1.04409430887555
40251.81,1.05100975429716
40251.82,1.02854144987684
40251.83,0.975911631422527
40251.84,0.968923853675651
40251.85,0.952240822843823
40251.86,0.917319288719223
40251.87,0.929070852614037
40251.88,0.936479163971204
40251.89,0.942202877981514
40251.9,0.933178842760951
40251.91,0.945054265794492
40251.92,0.927830135117341
40251.93,0.910104501540631
40251.94,0.953969689303747
40251.95,0.945076568605113
40251.96,0.970492623302924
40251.97,0.967739348276954
40251.98,0.926118752888558
40251.99,0.903364315685618
40252,0.943456276059771
40252.01,0.925763143576778
40252.02,0.944762791131205
40252.03,0.904181535578085
40252.04,0.918242750466488
40252.05,0.907901739586334
40252.06,0.909362043564712
40252.07,0.916377297707795
40252.08,0.945049240182014
40252.09,0.936776075104779
40252.1,1.0044881107275
40252.11,1.0530563287261
40252.12,1.03313720312906
40252.13,1.02396796778813
40252.14,0.974384860591441
40252.15,0.967207212247296
40252.16,0.924869776866796
40252.17,0.88559626770183
40252.18,0.916682010590539
40252.19,0.928137608709493
40252.2,0.945385910055232
40252.21,0.968405905031265
40252.22,0.968970807711762
40252.23,0.984824402135397
40252.24,0.970722150065063
40252.25,0.915003175707379
40252.26,0.924610501169715
40252.27,0.917439138975912
40252.28,0.91015372777315
40252.29,0.949844276872536
40252.3,0.980803349420343
40252.31,0.992674441396897
40252.32,1.00761644740891
40252.33,0.990972167322099
40252.34,0.956046641208715
40252.35,0.990589015921598
40252.36,0.967810144490994
40252.37,0.947626129178072
40252.38,0.908210620244608
40252.39,0.913880402440545
40252.4,0.925008812001659
40252.41,0.855326870251767
40252.42,0.87395477569439
40252.43,0.886684919096962
40252.44,0.880190803470417
40252.45,0.903111443187575
40252.46,0.928554624650582
40252.47,0.920007125812329
40252.48,0.875282929421882
40252.49,0.893264655239586
40252.5,0.87559856421882
40252.51,0.886157987240956
40252.52,0.924352075943074
40252.53,0.88930659666018
40252.54,0.882708758822708
40252.55,0.883670851287036
40252.56,0.881088249713013
40252.57,0.919075075776667
40252.58,0.883141733309914
40252.59,0.886016271639308
40252.6,0.878121494613259
40252.61,0.837261731951765
40252.62,0.812281614492693
40252.63,0.800652083702792
40252.64,0.792099408164686
40252.65,0.814585060157386
40252.66,0.821106536118509
40252.67,0.803965798186691
40252.68,0.824422553911831
40252.69,0.820582409915476
40252.7,0.880842963370999
40252.71,0.924470619899587
40252.72,0.92962100649393
40252.73,0.928858816008163
40252.74,0.977372454625339
40252.75,1.01070555893941
40252.76,0.995489655914573
40252.77,0.94595706720865
40252.78,0.981992066564517
40252.79,0.978159476775904
40252.8,0.966656815208952
40252.81,0.958546206623992
40252.82,0.990944980539827
40252.83,0.938080371424169
40252.84,0.958376253455142
40252.85,0.969664297954345
40252.86,0.988169861019217
40252.87,0.989614179317295
40252.88,1.01166396455384
40252.89,0.985580772060485
40252.9,0.981467082819113
40252.91,0.962440496319544
40252.92,0.948072114691612
40252.93,0.902101161122084
40252.94,0.932396436939684
40252.95,0.880177077670989
40252.96,0.907525383422552
40252.97,0.920445356915638
40252.98,0.928051075351583
40252.99,0.885516038618701
40253,0.896253488492198
40253.01,0.904151389844019
40253.02,0.936898236471209
40253.03,0.941317822179818
40253.04,0.906405804537078
40253.05,0.900090646838693
40253.06,0.900052038125876
40253.07,0.893516921192912
40253.08,0.896569270233935
40253.09,0.896941040097119
40253.1,0.936209259981932
40253.11,0.910430392026536
40253.12,0.9324771853992
40253.13,0.949117828162513
40253.14,0.889886184724933
40253.15,0.908494871073768
40253.16,0.901629944379153
40253.17,0.908103512848113
40253.18,0.908547305313594
40253.19,0.912101140253856
40253.2,0.875805038622672
40253.21,0.874239368000846
40253.22,0.82547113181007
40253.23,0.828359940593059
40253.24,0.840999895688631
40253.25,0.861661763098181
40253.26,0.860707264541449
40253.27,0.854128959894215
40253.28,0.872015512981529
40253.29,0.851444147242919
40253.3,0.885909568214817
40253.31,0.82249836283869
40253.32,0.80225227070181
40253.33,0.781452150002496
40253.34,0.813597429667263
40253.35,0.814444774455227
40253.36,0.836041613297706
40253.37,0.843871465156939
40253.38,0.859210132751411
40253.39,0.844030603813827
40253.4,0.858713291605895
40253.41,0.830913727874072
40253.42,0.870835993908455
40253.43,0.864590810642659
40253.44,0.897443632207114
40253.45,0.888907257743749
40253.46,0.877435090240239
40253.47,0.892355288982564
40253.48,0.86520884042286
40253.49,0.886506074596199
40253.5,0.906917176995314
40253.51,0.86345316529133
40253.52,0.848277702988884
40253.53,0.852297716301405
40253.54,0.857726251702081
40253.55,0.860221035588391
40253.56,0.855753052398901
40253.57,0.889261770110158
40253.58,0.907507205375088
40253.59,0.915661885757997
40253.6,0.927253234784139
40253.61,0.94054377589049
40253.62,0.934590406485879
40253.63,0.954612439655273
40253.64,0.939507418656603
40253.65,1.05487781472698
40253.66,1.0485500834569
40253.67,1.02269190762376
40253.68,0.999107901394895
40253.69,1.012572268219
40253.7,1.01816941002401
40253.71,1.0074587141139
40253.72,0.994207093898186
40253.73,0.99880385116753
40253.74,0.99087194457245
40253.75,0.948852110093656
40253.76,0.95399468132288
40253.77,0.89315605177421
40253.78,0.887888796917802
40253.79,0.901467365161802
40253.8,0.899317155466425
40253.81,0.903196366293264
40253.82,0.936328931901064
40253.83,0.962948287409324
40253.84,0.919996120148201
40253.85,0.923092613722988
40253.86,0.921704351096034
40253.87,0.931063776520587
40253.88,0.907052830676759
40253.89,0.855119605532535
40253.9,0.890827455124086
40253.91,0.903310910275698
40253.92,0.866618545129344
40253.93,0.866913962179008
40253.94,0.873480218252043
40253.95,0.889987710150946
40253.96,0.872849886635048
40253.97,0.84720751303342
40253.98,0.876205748297916
40253.99,0.880143434996197
40254,0.879205912807252
40254.01,0.877445708155516
40254.02,0.881062462228373
40254.03,0.865485404686562
40254.04,0.867032973312432
40254.05,0.863087402850757
40254.06,0.834064008980721
40254.07,0.813566683331766
40254.08,0.814590574217204
40254.09,0.801477676835345
40254.1,0.821092318185616
40254.11,0.839670806373975
40254.12,0.824222845905252
40254.13,0.832686332898686
40254.14,0.887822477849141
40254.15,0.917315441411902
40254.16,0.957262275222101
40254.17,0.957553332741501
40254.18,0.950243350394076
40254.19,0.955868262913497
40254.2,0.924392979451674
40254.21,0.912581284318395
40254.22,0.905841721547874
40254.23,0.939309127782437
40254.24,0.893690635439238
40254.25,0.896524178831042
40254.26,0.886262944304567
40254.27,0.896941837380586
40254.28,0.890933603645603
40254.29,0.903533748688225
40254.3,0.900493115845569
40254.31,0.844085598410256
40254.32,0.87736580806348
40254.33,0.887368856023301
40254.34,0.889798008521673
40254.35,0.898577671040538
40254.36,0.896503913965986
40254.37,0.906008580503055
40254.38,0.930572470514359
40254.39,0.913173058396957
40254.4,0.951761165943442
40254.41,0.94713524349147
40254.42,0.967401369194826
40254.43,0.961684201025556
40254.44,1.00806895718293
40254.45,0.991451644985388
40254.46,0.95450303899762
40254.47,0.96613486530997
40254.48,0.986129292525074
40254.49,0.987869538417422
40254.5,0.986584756185025
40254.51,0.984510703541448
40254.52,1.01181920646554
40254.53,1.05756632210421
40254.54,1.07566372527202
40254.55,1.0661883371859
40254.56,1.03471943620329
40254.57,1.0135286989187
40254.58,1.07171221362388
40254.59,1.11523992105173
40254.6,1.13929462779356
40254.61,1.16915495856034
40254.62,1.11922191596205
40254.63,1.11903313866338
40254.64,1.05977036253669
40254.65,1.03737776653294
40254.66,1.08127150900111
40254.67,1.02900685752267
40254.68,1.04798506455901
40254.69,1.02535896346424
40254.7,1.00355215176109
40254.71,0.99452864073191
40254.72,0.949688795676594
40254.73,0.971178108022256
40254.74,0.965732673023505
40254.75,0.98603627920164
40254.76,0.988269302385985
40254.77,0.981870766457693
40254.78,0.942851005936459
40254.79,0.875233003947442
40254.8,0.897395062590083
40254.81,0.910677523077277
40254.82,0.908016834457369
40254.83,0.927192524740402
40254.84,0.939923283211903
40254.85,0.969541151971852
40254.86,0.991434020813947
40254.87,1.02446575142873
40254.88,1.04260280158682
40254.89,1.05235785223514
40254.9,1.05476639861855
40254.91,1.0202121156188
40254.92,1.01648063358214
40254.93,1.01541677876897
40254.94,1.03029769969966
40254.95,1.05377742652739
40254.96,1.07023028861013
40254.97,1.04935384782923
40254.98,1.03451223318132
40254.99,1.03929950901223
40255,1.01557907904506
40255.01,0.969271947819908
40255.02,0.930362373281579
40255.03,0.898632803756701
40255.04,0.927176633372423
40255.05,0.859856351077728
40255.06,0.891016885353748
40255.07,0.90094261491217
40255.08,0.878156626313951
40255.09,0.917655925659282
40255.1,0.941900146065243
40255.11,0.940188474992451
40255.12,0.933966774786451
40255.13,0.895254345343417
40255.14,0.951092716311816
40255.15,0.930833898925301
40255.16,0.949170064215576
40255.17,0.972586357211993
40255.18,0.967833471605708
40255.19,0.987143217243971
40255.2,0.992497221196053
40255.21,0.985992156967322
40255.22,1.0290681203782
40255.23,0.998522177453432
40255.24,0.997729959875344
40255.25,0.989595790880193
40255.26,0.976718070399681
40255.27,0.974225736197981
40255.28,0.906292139246684
40255.29,0.901713382430525
40255.3,0.87587774326148
40255.31,0.899800067582205
40255.32,0.837835085129764
40255.33,0.832511247803415
40255.34,0.86349456154368
40255.35,0.874082058554445
40255.36,0.927866117055124
40255.37,0.934571345856628
40255.38,0.94451113609297
40255.39,0.931688680159537
40255.4,0.953752511983977
40255.41,0.936309378413741
40255.42,0.93135434514014
40255.43,0.909868760103212
40255.44,0.892874059235719
40255.45,0.853699004050676
40255.46,0.878645469042209
40255.47,0.897184046433639
40255.48,0.899641056303352
40255.49,0.901579452072641
40255.5,0.868921014752788
40255.51,0.87873887908074
40255.52,0.872626128592212
40255.53,0.887020797263265
40255.54,0.839834239653765
40255.55,0.818844643337632
40255.56,0.803613947469906
40255.57,0.827793931810149
40255.58,0.798691281388678
40255.59,0.803163772631553
40255.6,0.802185812141948
40255.61,0.80119079569765
40255.62,0.804857356480108
40255.63,0.773469424247126
40255.64,0.802961767127409
40255.65,0.834652960699752
40255.66,0.859991522755459
40255.67,0.847736624194567
40255.68,0.836491570899302
40255.69,0.844908271575299
40255.7,0.860932989868354
40255.71,0.913601180489184
40255.72,0.956011385681597
40255.73,0.997319474859026
40255.74,0.996601955625914
40255.75,1.01948530205654
40255.76,0.999594866888365
40255.77,1.02747325735197
40255.78,1.01074185442935
40255.79,1.03002492966563
40255.8,1.00832716283527
40255.81,1.00789560725897
40255.82,1.02153096682839
40255.83,1.02496499046818
40255.84,0.960432231928527
40255.85,0.960908321117642
40255.86,0.953923954066731
40255.87,0.942136469361408
40255.88,0.928866203235517
40255.89,0.888952066450332
40255.9,0.869653074229448
40255.91,0.874701471477029
40255.92,0.915187147541341
40255.93,0.937701132679137
40255.94,0.885427606789935
40255.95,0.895495808499993
40255.96,0.907999867984204
40255.97,0.887634609861733
40255.98,0.882513195088431
40255.99,0.856812199030755
40256,0.884129012994805
40256.01,0.879559965258275
40256.02,0.869296607259665
40256.03,0.880093390910763
40256.04,0.901582325676647
40256.05,0.873031392438132
40256.06,0.889103418767417
40256.07,0.853422537887443
40256.08,0.872495656668672
40256.09,0.884347894971194
40256.1,0.904365222672235
40256.11,0.869308557300868
40256.12,0.884928668858889
40256.13,0.89102910988572
40256.14,0.865009174306542
40256.15,0.865966346492104
40256.16,0.860809806533141
40256.17,0.846697733839801
40256.18,0.81993622975946
40256.19,0.85332770636214
40256.2,0.832911877575314
40256.21,0.845792357887402
40256.22,0.845759820167766
40256.23,0.871707640378848
40256.24,0.883409088634864
40256.25,0.902662266432885
40256.26,0.922906128819217
40256.27,0.934353664619687
40256.28,0.9248566332564
40256.29,0.891675312162183
40256.3,0.903102512354745
40256.31,0.870933650946449
40256.32,0.853866839421353
40256.33,0.89151975114242
40256.34,0.917821342929945
40256.35,0.91600496537342
40256.36,0.893578486735535
40256.37,0.903507611038148
40256.38,0.941541737854769
40256.39,0.944930566896712
40256.4,0.926859148602835
40256.41,0.918911396081789
40256.42,0.926950685828994
40256.43,0.938835109043488
40256.44,0.929394345633539
40256.45,0.914298429249272
40256.46,0.871390951482911
40256.47,0.850051787777111
40256.48,0.870219319645653
40256.49,0.834389785327159
40256.5,0.853583435634324
40256.51,0.847901121362223
40256.52,0.859219923812028
40256.53,0.859572025884732
40256.54,0.873778778578699
40256.55,0.913114327496418
40256.56,0.916647808523367
40256.57,0.954633452545941
40256.58,0.939235196917968
40256.59,0.928120246705863
40256.6,0.951931948061124
40256.61,0.996894980415576
40256.62,1.01802956179518
40256.63,1.02661379391665
40256.64,1.01866537564111
40256.65,1.01670682608491
40256.66,0.997230883355986
40256.67,0.982730713202936
40256.68,0.981968434346233
40256.69,0.966981871039302
40256.7,0.934938051448314
40256.71,0.922438462074933
40256.72,0.904156221492427
40256.73,0.880197607725314
40256.74,0.884971941311177
40256.75,0.882109783441772
40256.76,0.880968273159864
40256.77,0.865183431695599
40256.78,0.857327917596514
40256.79,0.861691219812349
40256.8,0.881810881306938
40256.81,0.877662369249624
40256.82,0.882870283009889
40256.83,0.873870428642065
40256.84,0.857909812236826
40256.85,0.881063439132283
40256.86,0.906632645565576
40256.87,0.913024697709124
40256.88,0.920009420440553
40256.89,0.921307840414983
40256.9,0.935208116009583
40256.91,0.951577206113774
40256.92,0.944422546531028
40256.93,0.944602081242524
40256.94,0.934190934963506
40256.95,0.896973263176545
40256.96,0.918723357049155
40256.97,0.858911784468874
40256.98,0.867836787763988
40256.99,0.868079989113427
40257,0.934941987100075
40257.01,0.931094188912607
40257.02,0.935050531269387
40257.03,0.956206923967575
40257.04,0.932908228344053
40257.05,0.874616333198549
40257.06,0.857280407261076
40257.07,0.869453785481776
40257.08,0.878693059656947
40257.09,0.89379813069253
40257.1,0.925200726096861
40257.11,0.978496489598828
40257.12,1.01918557925508
40257.13,1.03722789989624
40257.14,1.00881532982864
40257.15,1.0134038489398
40257.16,0.989170893588454
40257.17,0.936285755663446
40257.18,0.928061247656527
40257.19,0.859289675713836
40257.2,0.870468549690325
40257.21,0.862662362625466
40257.22,0.820572023821072
40257.23,0.795818037497544
40257.24,0.816931669078831
40257.25,0.839577671542219
40257.26,0.796685630045756
40257.27,0.827453865881597
40257.28,0.825724668425632
40257.29,0.838220539329774
40257.3,0.847652497116851
40257.31,0.848103503815386
40257.32,0.844777280692845
40257.33,0.808257371172466
40257.34,0.803751698008906
40257.35,0.806526315969035
40257.36,0.841362827732151
40257.37,0.855722441862066
40257.38,0.857290118614907
40257.39,0.914682701091158
40257.4,0.937913847231092
40257.41,0.990612447355513
40257.42,1.04004555927106
40257.43,1.01623172452723
40257.44,0.988475473078125
40257.45,1.00130037574613
40257.46,0.954803075664961
40257.47,0.977477116362971
40257.48,1.01115249265981
40257.49,1.02775439480553
40257.5,1.00143415475629
40257.51,1.01224424508218
40257.52,1.0056201273239
40257.53,0.974160032736443
40257.54,0.984311188978574
40257.55,1.01069410448701
40257.56,1.03437197075135
40257.57,0.999451682626722
40257.58,0.954091351776699
40257.59,0.941892503581328
40257.6,0.932475342123699
40257.61,0.901980747568649
40257.62,0.917622858857264
40257.63,0.905057226144845
40257.64,0.906955488280533
40257.65,0.907633948426217
40257.66,0.867968145034134
40257.67,0.865489566062398
40257.68,0.83303938360248
40257.69,0.805823212264264
40257.7,0.788423689355292
40257.71,0.789570303057426
40257.72,0.785823229751801
40257.73,0.798763010704739
40257.74,0.821168592971143
40257.75,0.803296062407043
40257.76,0.812287798342155
40257.77,0.817250634845807
40257.78,0.810219086478758
40257.79,0.764170219797427
40257.8,0.774119062934062
40257.81,0.79748615429446
40257.82,0.80617222977621
40257.83,0.815185286861247
40257.84,0.787145885487913
40257.85,0.783107438021445
40257.86,0.772895705021319
40257.87,0.718808680947243
40257.88,0.723685058348467
40257.89,0.733094766654466
40257.9,0.786343791500442
40257.91,0.771515730462387
40257.92,0.773886076423013
40257.93,0.813028119314956
40257.94,0.792368629608695
40257.95,0.816984652263239
40257.96,0.833240685451369
40257.97,0.870091612610715
40257.98,0.844034224358219
40257.99,0.848662893723197
40258,0.831058543609305
40258.01,0.84916947660513
40258.02,0.822232866581278
40258.03,0.850290302139152
40258.04,0.866301372604273
40258.05,0.903715834647427
40258.06,0.899143488381772
40258.07,0.834302397085494
40258.08,0.850928954595786
40258.09,0.8156185671459
40258.1,0.839037030182311
40258.11,0.855265694824819
40258.12,0.834472784175031
40258.13,0.842136334607296
40258.14,0.844452075864528
40258.15,0.872867888870869
40258.16,0.893414769124341
40258.17,0.878311215477824
40258.18,0.896017198848684
40258.19,0.889458854288234
40258.2,0.902486153963855
40258.21,0.857277014766688
40258.22,0.906248932602034
40258.23,0.894018172360293
40258.24,0.867640912476343
40258.25,0.892342138056842
40258.26,0.903279092108643
40258.27,0.863754985240263
40258.28,0.841780496812575
40258.29,0.810575807863438
40258.3,0.804198656353772
40258.31,0.81601832420496
40258.32,0.846385754299554
40258.33,0.803951701870315
40258.34,0.768167573046833
40258.35,0.743825738758565
40258.36,0.787237168071899
40258.37,0.816365628439172
40258.38,0.81439819611549
40258.39,0.797838456320652
40258.4,0.827854694135837
40258.41,0.80690987744969
40258.42,0.845739549177059
40258.43,0.834965309298357
40258.44,0.828536575694032
40258.45,0.836388596838511
40258.46,0.829210357667047
40258.47,0.817743128680667
40258.48,0.852028310462732
40258.49,0.850067333246143
40258.5,0.803067827384425
40258.51,0.793105088430642
40258.52,0.800637022609531
40258.53,0.807074084396078
40258.54,0.7676314078157
40258.55,0.754077767316813
40258.56,0.740844915194481
40258.57,0.753998895873769
40258.58,0.8045101508853
40258.59,0.807589601217989
40258.6,0.824052298660754
40258.61,0.814550023095051
40258.62,0.816774944619387
40258.63,0.822461792076174
40258.64,0.834215969976669
40258.65,0.847516309665022
40258.66,0.849045289008624
40258.67,0.844367037462199
40258.68,0.860183433422917
40258.69,0.832252188509627
40258.7,0.845781190046242
40258.71,0.79388629875302
40258.72,0.80388271732374
40258.73,0.758257687537738
40258.74,0.762747124859081
40258.75,0.784844138917619
40258.76,0.832718927055914
40258.77,0.830163797351598
40258.78,0.834375761724596
40258.79,0.808012035779088
40258.8,0.842876075302969
40258.81,0.797662310877284
40258.82,0.799210628300271
40258.83,0.794554031630271
40258.84,0.798455461287198
40258.85,0.818646194513805
40258.86,0.840095000965369
40258.87,0.824582909690442
40258.88,0.797480777522452
40258.89,0.802581871639465
40258.9,0.774804582775014
40258.91,0.76104611838
40258.92,0.793883647151561
40258.93,0.808570172339839
40258.94,0.801145573052312
40258.95,0.784560331357364
40258.96,0.81221436692777
40258.97,0.823693299451332
40258.98,0.836335609002718
40258.99,0.839128737480114
40259,0.834836559803878
40259.01,0.839880010907257
40259.02,0.837230416330994
40259.03,0.864641994366017
40259.04,0.829951439673568
40259.05,0.784781230656931
40259.06,0.777401277338618
40259.07,0.757759939388921
40259.08,0.745427700121964
40259.09,0.738150454552269
40259.1,0.739938688299137
40259.11,0.768518399554812
40259.12,0.736920973469756
40259.13,0.715996724939137
40259.14,0.702803160449246
40259.15,0.703878727850905
40259.16,0.681263712473617
40259.17,0.681590157751708
40259.18,0.692867716259616
40259.19,0.696656571338919
40259.2,0.683674528522013
40259.21,0.665257824965719
40259.22,0.68888782290866
40259.23,0.699875264166962
40259.24,0.704985143487951
40259.25,0.706772713584897
40259.26,0.718367846780819
40259.27,0.704456973170725
40259.28,0.700277909782378
40259.29,0.719752076803262
40259.3,0.717189660368784
40259.31,0.751126063735874
40259.32,0.732639087392956
40259.33,0.74584543693722
40259.34,0.730001096078327
40259.35,0.748570581370919
40259.36,0.752005618403255
40259.37,0.74553844307791
40259.38,0.714523865009931
40259.39,0.708332776551452
40259.4,0.727713565693004
40259.41,0.724611232498643
40259.42,0.755989512923483
40259.43,0.761389528418255
40259.44,0.773395070274702
40259.45,0.797960396210485
40259.46,0.8261994491534
40259.47,0.859952129379585
40259.48,0.881722624668732
40259.49,0.844983101653422
40259.5,0.852745858530017
40259.51,0.847116037523383
40259.52,0.861813195501385
40259.53,0.866167988507429
40259.54,0.911366138702747
40259.55,0.95527132766019
40259.56,0.967629446834014
40259.57,0.996070042173856
40259.58,0.950424879584039
40259.59,0.949917656501272
40259.6,0.945662847125305
40259.61,0.941197337227627
40259.62,0.948709840990752
40259.63,0.931720238947689
40259.64,0.898592394890106
40259.65,0.918777453733064
40259.66,0.91162381131853
40259.67,0.916007409328348
40259.68,0.912169610393828
40259.69,0.922755678998553
40259.7,0.91792316755614
40259.71,0.918858974388771
40259.72,0.972383312724151
40259.73,0.985677207066843
40259.74,0.985701205418732
40259.75,0.977775815725834
40259.76,0.918175813831466
40259.77,0.948827513633292
40259.78,0.916201011107503
40259.79,0.940632756818434
40259.8,0.921135172467562
40259.81,0.922172502120581
40259.82,0.858580631940836
40259.83,0.873658175246574
40259.84,0.835356125838711
40259.85,0.827955380311234
40259.86,0.835484292415319
40259.87,0.870256705965116
40259.88,0.852710437500033
40259.89,0.893439483420235
40259.9,0.92632198120968
40259.91,0.91763555581783
40259.92,0.926991435862651
40259.93,0.948595822328086
40259.94,0.945990238405274
40259.95,0.976706608903871
40259.96,0.995101872449807
40259.97,1.01050184226848
40259.98,0.986626121329981
40259.99,1.01745672577114
40260,1.05801718983459
40260.01,1.05350378327886
40260.02,1.03978267289266
40260.03,1.06329122582417
40260.04,1.04068195130994
40260.05,1.05808323272464
40260.06,1.02263238647678
40260.07,1.03551219122443
40260.08,0.998756158215193
40260.09,1.01088319238217
40260.1,0.996673616835743
40260.11,1.01835824281893
40260.12,1.05811322732725
40260.13,1.03134059561653
40260.14,1.0501800774153
40260.15,1.06990601859597
40260.16,1.05020707189648
40260.17,1.09112441418056
40260.18,1.07801337745847
40260.19,1.03021171535448
40260.2,1.0663442995644
40260.21,1.07559182309777
40260.22,1.0972402763706
40260.23,1.17173993832043
40260.24,1.15867467662588
40260.25,1.17376633364163
40260.26,1.13849770180046
40260.27,1.09524530801097
40260.28,1.03976758626342
40260.29,1.02960416771033
40260.3,1.02079853005701
40260.31,0.958981722171944
40260.32,0.933559033235789
40260.33,0.916520043889058
40260.34,0.94096023981884
40260.35,0.951395491126183
40260.36,0.953178604653253
40260.37,0.958347974538634
40260.38,0.955169365523374
40260.39,0.981588235214456
40260.4,0.967151647496647
40260.41,0.957019479347311
40260.42,1.00414933488563
40260.43,0.982752152764253
40260.44,0.966164985556848
40260.45,1.02992026448515
40260.46,1.06843795507369
40260.47,1.01979226242054
40260.48,1.02178274913967
40260.49,1.01018732581064
40260.5,1.04207714853714
40260.51,1.07753826396391
40260.52,1.03930330025041
40260.53,1.03639860516064
40260.54,1.0346006069478
40260.55,1.03300532613882
40260.56,1.06276641307907
40260.57,1.07840409668745
40260.58,1.08982642927706
40260.59,0.998635040042988
40260.6,1.0449962765428
40260.61,1.05428099765268
40260.62,1.0484790477655
40260.63,1.03718795998507
40260.64,1.00233326810092
40260.65,1.01078125489582
40260.66,1.03981192252392
40260.67,1.08390426417607
40260.68,1.04226314169813
40260.69,1.05267326806677
40260.7,1.06511409452063
40260.71,1.09938569686674
40260.72,1.0881162546578
40260.73,1.09235909978515
40260.74,1.08449712141054
40260.75,1.05762051611238
40260.76,1.08050698941708
40260.77,1.14377487560571
40260.78,1.13682904939667
40260.79,1.17595955155746
40260.8,1.16380372071858
40260.81,1.12697867328627
40260.82,1.0950855149271
40260.83,1.08001569568138
40260.84,1.08047609457128
40260.85,1.12393559987839
40260.86,1.13055317361952
40260.87,1.16101333536789
40260.88,1.13444299874983
40260.89,1.19692537002291
40260.9,1.17009627687653
40260.91,1.16169691458903
40260.92,1.17748920051558
40260.93,1.15969865827806
40260.94,1.14614727715584
40260.95,1.1180998504993
40260.96,1.14906475145901
40260.97,1.1418473830462
40260.98,1.15403163824889
40260.99,1.16004595090851
40261,1.12117837149967
40261.01,1.09464727848707
40261.02,1.10741224497684
40261.03,1.08729743864636
40261.04,1.04139516882971
40261.05,1.0769664597422
40261.06,1.07109693376912
40261.07,1.04327341546341
40261.08,1.01613024933252
40261.09,1.00491586951914
40261.1,0.980022457960392
40261.11,0.95421264901732
40261.12,0.993862269190696
40261.13,0.973907513630303
40261.14,0.94278472244328
40261.15,0.973177668813576
40261.16,1.01970310663737
40261.17,1.02746684915218
40261.18,0.987537936268459
40261.19,0.988572995746996
40261.2,0.963509458730806
40261.21,0.967308464534341
40261.22,0.948192023575922
40261.23,0.911448367082557
40261.24,0.908706471271577
40261.25,0.948277275046597
40261.26,0.955114797905274
40261.27,0.933129245376583
40261.28,0.887726197765352
40261.29,0.89769731054825
40261.3,0.924669044334529
40261.31,0.922786975534235
40261.32,0.985153185005388
40261.33,0.954806027813135
40261.34,0.976352247330308
40261.35,1.00922112589375
40261.36,0.991647360137238
40261.37,0.987727684389189
40261.38,0.988367566959868
40261.39,1.00303993088296
40261.4,1.01743924806312
40261.41,1.01806733919412
40261.42,1.02731401132234
40261.43,0.996991987540514
40261.44,0.964445450203101
40261.45,0.997001938788251
40261.46,1.04911465467527
40261.47,1.11341219232852
40261.48,1.07403145762151
40261.49,1.0658990005209
40261.5,0.999764159340679
40261.51,0.979410194565618
40261.52,0.977120541348751
40261.53,0.957516255712999
40261.54,1.00501530457893
40261.55,0.952988552730944
40261.56,0.976857184972862
40261.57,0.988034948041949
40261.58,0.98698355048046
40261.59,0.983650317441363
40261.6,1.02867821138225
40261.61,1.05122090539978
40261.62,1.04886703963027
40261.63,1.05956480939822
40261.64,1.10264427936276
40261.65,1.13956446964037
40261.66,1.14883182763865
40261.67,1.13037272151898
40261.68,1.09734907102794
40261.69,1.08346396789787
40261.7,1.04219965270025
40261.71,1.07081491945133
40261.72,1.08016205941659
40261.73,1.07002833592778
40261.74,0.974749636109799
40261.75,0.953716224725341
40261.76,0.899216147266826
40261.77,0.8974631761614
40261.78,0.898216606904982
40261.79,0.833488555480547
40261.8,0.855531640151652
40261.81,0.877385004563194
40261.82,0.870003007398079
40261.83,0.90389495036792
40261.84,0.942253819741575
40261.85,0.939148957003302
40261.86,0.942371455802972
40261.87,0.993820881811626
40261.88,1.03345134077686
40261.89,1.02014211382459
40261.9,1.02676835693239
40261.91,1.02377063327227
40261.92,1.05850209465075
40261.93,1.02468359091086
40261.94,1.02328530292636
40261.95,0.989059877218852
40261.96,1.01271967083897
40261.97,0.984873421653476
40261.98,0.978709887442558
40261.99,0.978731162254218
40262,1.01078389584321
40262.01,0.949384785268843
40262.02,0.947412150026346
40262.03,0.960467436588603
40262.04,0.946991887458746
40262.05,0.886302504169291
40262.06,0.873059290662865
40262.07,0.886163164612983
40262.08,0.905048043658123
40262.09,0.884713550582079
40262.1,0.891874198857659
40262.11,0.919010414929623
40262.12,0.874200282593655
40262.13,0.881845738603599
40262.14,0.868690721437136
40262.15,0.874509794009883
40262.16,0.866422697100282
40262.17,0.838980468087556
40262.18,0.857705767630744
40262.19,0.849962457646932
40262.2,0.880243123766932
40262.21,0.866250280419891
40262.22,0.867155178637427
40262.23,0.848779847828476
40262.24,0.884665049604929
40262.25,0.868247366260856
40262.26,0.905678543719164
40262.27,0.920473362090491
40262.28,0.92223049310253
40262.29,0.917160648126158
40262.3,0.888357500995777
40262.31,0.932823127548324
40262.32,0.950345976106236
40262.33,0.953852086850645
40262.34,0.942894600381214
40262.35,0.930990818116616
40262.36,0.944836110311609
40262.37,0.891185372595914
40262.38,0.868625258288
40262.39,0.842330475502085
40262.4,0.840916911232788
40262.41,0.852000328663934
40262.42,0.903067278718434
40262.43,0.89431788498185
40262.44,0.924054382890354
40262.45,0.921452179034266
40262.46,0.925292496340592
40262.47,0.880138639101178
40262.48,0.872981533415249
40262.49,0.842479832263309
40262.5,0.843751568153989
40262.51,0.849128770063583
40262.52,0.905297731329315
40262.53,0.908035670489138
40262.54,0.905553220622228
40262.55,0.896491077051073
40262.56,0.920129508267532
40262.57,0.954222068481247
40262.58,0.942979343277616
40262.59,0.945823291290952
40262.6,0.91296979113334
40262.61,0.904471141732304
40262.62,0.911088126449437
40262.63,0.913054590135781
40262.64,0.922615896138528
40262.65,0.912691512499734
40262.66,0.897255291799225
40262.67,0.893512371016511
40262.68,0.887397971271572
40262.69,0.861770496665474
40262.7,0.857625962248201
40262.71,0.864777161706614
40262.72,0.877112064312125
40262.73,0.878018959088542
40262.74,0.906316480957765
40262.75,0.909211774533245
40262.76,0.886888390786473
40262.77,0.885511368860669
40262.78,0.942687061768952
40262.79,0.910000726642374
40262.8,0.894022918152993
40262.81,0.859473474504923
40262.82,0.858165165349883
40262.83,0.861039937057489
40262.84,0.857038854394135
40262.85,0.851145379041624
40262.86,0.868157470639057
40262.87,0.853051359773252
40262.88,0.827455583200868
40262.89,0.823257279957299
40262.9,0.80794248484225
40262.91,0.838371708060239
40262.92,0.860785116707909
40262.93,0.858139903074782
40262.94,0.873365030711035
40262.95,0.865365851925204
40262.96,0.854572103096433
40262.97,0.877389092118849
40262.98,0.884246891868004
40262.99,0.878723530815802
40263,0.854034336575893
40263.01,0.84664399994061
40263.02,0.883545397229674
40263.03,0.886042366702948
40263.04,0.860965834928849
40263.05,0.855513441144538
40263.06,0.89582400721304
40263.07,0.913698748069807
40263.08,0.917592412502268
40263.09,0.915635809496054
40263.1,0.911111470280003
40263.11,0.93396441589255
40263.12,0.892428854937496
40263.13,0.924114118538707
40263.14,0.909738158723449
40263.15,0.894094832440982
40263.16,0.905267587865714
40263.17,0.922411302889661
40263.18,0.940447052781901
40263.19,0.946583356947654
40263.2,0.96496336649559
40263.21,0.967874873237683
40263.22,1.01269230771555
40263.23,1.07113003382158
40263.24,1.07865686509725
40263.25,1.04861265758662
40263.26,1.03137632866923
40263.27,1.05132962622478
40263.28,1.00034639109721
40263.29,1.00707783862849
40263.3,0.986923396055691
40263.31,0.990082623125918
40263.32,0.967899342150593
40263.33,0.960809467896682
40263.34,1.0322240124332
40263.35,1.03252979462709
40263.36,1.0255600315216
40263.37,1.04124564625786
40263.38,1.06733531867182
40263.39,1.07525076128375
40263.4,1.06236598477266
40263.41,1.0770853626246
40263.42,1.05605865782617
40263.43,1.07916233362844
40263.44,1.0477456813974
40263.45,1.06148618302469
40263.46,1.09439881781937
40263.47,1.07386335649903
40263.48,1.07918534692275
40263.49,1.00435335745955
40263.5,0.998176414403648
40263.51,1.00882405784646
40263.52,0.981086968478399
40263.53,0.970317428998333
40263.54,0.985343183211277
40263.55,0.999477522867942
40263.56,1.00147474479444
40263.57,1.01815541636338
40263.58,1.04671976262048
40263.59,1.07867592867932
40263.6,1.07100013168318
40263.61,1.06039757682481
40263.62,1.02369882855435
40263.63,0.965394245257748
40263.64,0.941316193008029
40263.65,0.964316360427235
40263.66,0.954411723947684
40263.67,0.990539892289497
40263.68,1.05016731768052
40263.69,1.02473176573821
40263.7,0.950945276713071
40263.71,0.934521740972714
40263.72,0.931443068293574
40263.73,0.928821540395753
40263.74,0.91485652076219
40263.75,0.910177031396917
40263.76,0.935008195853435
40263.77,0.924707840203208
40263.78,0.899203947976503
40263.79,0.907814343064881
40263.8,0.881462782379169
40263.81,0.850346205725823
40263.82,0.864426149592083
40263.83,0.875304695485057
40263.84,0.856461103264393
40263.85,0.836080292291113
40263.86,0.850311537025413
40263.87,0.872720407560957
40263.88,0.881679921872992
40263.89,0.907282338359495
40263.9,0.931945007582666
40263.91,0.894253038198514
40263.92,0.931377065875674
40263.93,0.891963305731656
40263.94,0.922683155310096
40263.95,0.859026477614794
40263.96,0.850640606525121
40263.97,0.868100800764015
40263.98,0.841288766001403
40263.99,0.848380511622848
40264,0.854216704871995
40264.01,0.877356577114611
40264.02,0.865396706700149
40264.03,0.848694793845743
40264.04,0.867363477092426
40264.05,0.862327552366472
40264.06,0.875604418966408
40264.07,0.87239586849944
40264.08,0.902739789817511
40264.09,0.898891266079655
40264.1,0.866110988757705
40264.11,0.878153076055018
40264.12,0.836945836801583
40264.13,0.823754050453002
40264.14,0.860434179120836
40264.15,0.876531270640191
40264.16,0.835865256817504
40264.17,0.864952845192718
40264.18,0.889748452847532
40264.19,0.907631590675929
40264.2,0.914060453487596
40264.21,0.904473489998736
40264.22,0.897946517719881
40264.23,0.881927137793802
40264.24,0.869164852010403
40264.25,0.898310423037272
40264.26,0.892455169231676
40264.27,0.881112939816828
40264.28,0.878761735039101
40264.29,0.830829895153051
40264.3,0.814140441977083
40264.31,0.845829006153418
40264.32,0.820204071965468
40264.33,0.840031735012673
40264.34,0.820795354465223
40264.35,0.835839907863551
40264.36,0.839835648559629
40264.37,0.86907653880746
40264.38,0.841783966024432
40264.39,0.826408492681203
40264.4,0.844546304469395
40264.41,0.82559905237975
40264.42,0.810237659385171
40264.43,0.792448598541674
40264.44,0.807109126769692
40264.45,0.838251178578327
40264.46,0.869035133474355
40264.47,0.863332164497054
40264.48,0.855678883844903
40264.49,0.862958673899906
40264.5,0.809614445957839
40264.51,0.801742779577177
40264.52,0.828289172707373
40264.53,0.809445111342483
40264.54,0.797825082437995
40264.55,0.767714092327572
40264.56,0.76571339226344
40264.57,0.749375978409066
40264.58,0.751591717797928
40264.59,0.758309162582281
40264.6,0.736824429837861
40264.61,0.707563030701031
40264.62,0.7149753908332
40264.63,0.716194483023249
40264.64,0.73517413689135
40264.65,0.788352802841724
40264.66,0.832537155282767
40264.67,0.828368283120774
40264.68,0.857621397443995
40264.69,0.904863899102493
40264.7,0.903069777816324
40264.71,0.877512898626136
40264.72,0.868577612005339
40264.73,0.905594730694602
40264.74,0.921777739404863
40264.75,0.916371375451005
40264.76,0.944794590091725
40264.77,0.963051986475669
40264.78,0.927719638074262
40264.79,0.904965574644237
40264.8,0.871212482489019
40264.81,0.898052584728483
40264.82,0.929574125196102
40264.83,0.931224097000964
40264.84,0.882598622104352
40264.85,0.919859678827682
40264.86,0.913464184232868
40264.87,0.969173224487149
40264.88,0.922835704231489
40264.89,0.888010376161358
40264.9,0.920670767287071
40264.91,0.966180073922154
40264.92,0.966448814713704
40264.93,0.95621074202902
40264.94,0.975506475826808
40264.95,0.966384840770725
40264.96,0.965005235761591
40264.97,0.947152730013866
40264.98,0.947723703239545
40264.99,0.914954155308747
40265,0.913371366890052
40265.01,0.911830405430504
40265.02,0.929787512493109
40265.03,0.923637989006829
40265.04,0.917132027674297
40265.05,0.885098437095309
40265.06,0.895227066281761
40265.07,0.875630648379704
40265.08,0.862137325552389
40265.09,0.874291731564019
40265.1,0.906343764865916
40265.11,0.949049935883716
40265.12,0.930271164814468
40265.13,0.944073345442505
40265.14,0.91253862753807
40265.15,0.922638818544303
40265.16,0.914210286061742
40265.17,0.920478338739682
40265.18,0.937817527096375
40265.19,0.929766850915726
40265.2,0.981652083140379
40265.21,0.976449363996117
40265.22,0.97108329462382
40265.23,1.0092599186562
40265.24,1.00042552037263
40265.25,1.00786779784304
40265.26,1.05235797467959
40265.27,1.03653089019526
40265.28,1.11076837359393
40265.29,1.05191499980692
40265.3,1.04976097783733
40265.31,1.09686447304488
40265.32,1.08837712669248
40265.33,1.02706176607108
40265.34,1.0232091167758
40265.35,1.03074407868465
40265.36,0.997909698068682
40265.37,0.986571767345194
40265.38,0.96198827619082
40265.39,0.902717691329793
40265.4,0.952506092818038
40265.41,0.923492140269155
40265.42,0.903568927728118
40265.43,0.920942860539329
40265.44,0.912061743866211
40265.45,0.926962159515979
40265.46,0.925484320101064
40265.47,0.95111059976711
40265.48,0.987736459868102
40265.49,0.98817027264105
40265.5,0.985847300258613
40265.51,1.01492487225114
40265.52,0.998407479373711
40265.53,1.01001777056425
40265.54,0.984420267667529
40265.55,0.954705546652929
40265.56,0.945793970362832
40265.57,0.932864283582783
40265.58,0.938915125072279
40265.59,0.936204458348016
40265.6,0.978387260831498
40265.61,1.01637364779966
40265.62,0.969296814126174
40265.63,0.951787091673848
40265.64,0.93353878454708
40265.65,0.943613601945393
40265.66,0.960520200324913
40265.67,0.962056965537021
40265.68,0.932504214657439
40265.69,0.914944258371906
40265.7,0.913301761463805
40265.71,0.897184018948837
40265.72,0.864694121416511
40265.73,0.87390434808831
40265.74,0.888684940837801
40265.75,0.869162936332575
40265.76,0.886121126270658
40265.77,0.865528208589053
40265.78,0.893775929426782
40265.79,0.936328753205425
40265.8,0.934199610318395
40265.81,0.921276390623701
40265.82,0.958106981969732
40265.83,0.947206266320822
40265.84,0.947130082286635
40265.85,0.984555930756814
40265.86,1.00420396811652
40265.87,0.997999679013538
40265.88,0.981839392894509
40265.89,1.01159371974698
40265.9,1.06049324613763
40265.91,1.04486116628579
40265.92,1.05134310840569
40265.93,1.05436497669519
40265.94,1.06007720652663
40265.95,1.10569597686427
40265.96,1.14304855081481
40265.97,1.20566263000398
40265.98,1.24225622903046
40265.99,1.23901348386796
40266,1.20735190896241
40266.01,1.18538020347463
40266.02,1.22274137137581
40266.03,1.19757730764169
40266.04,1.23492732678248
40266.05,1.17762863209924
40266.06,1.11763753974217
40266.07,1.11826805104116
40266.08,1.13333607773516
40266.09,1.08936072285385
40266.1,1.1022819155192
40266.11,1.10883673334238
40266.12,1.0526756677525
40266.13,1.01184256169396
40266.14,1.05128528132027
40266.15,1.04989369058953
40266.16,1.07423393442715
40266.17,1.08461394914891
40266.18,1.08675181464927
40266.19,1.15389284453669
40266.2,1.1320627316646
40266.21,1.15476991385207
40266.22,1.18493317003585
40266.23,1.13056595503032
40266.24,1.14911691813588
40266.25,1.1498672418035
40266.26,1.16090726365499
40266.27,1.12068974171859
40266.28,1.0603303897491
40266.29,1.10126571270814
40266.3,1.10338431167548
40266.31,1.10464366954128
40266.32,1.11242933842271
40266.33,1.14600589538045
40266.34,1.16159944661236
40266.35,1.14025221042891
40266.36,1.16099496860262
40266.37,1.17437512320556
40266.38,1.18170146242047
40266.39,1.21784706097839
40266.4,1.19105621064333
40266.41,1.16670059365547
40266.42,1.1338334387406
40266.43,1.19350061837427
40266.44,1.13068265753723
40266.45,1.12118886706896
40266.46,1.15011286518236
40266.47,1.10634839161846
40266.48,1.12761301292149
40266.49,1.1485474417589
40266.5,1.15801548077311
40266.51,1.15506987077322
40266.52,1.1684862439735
40266.53,1.17155084537698
40266.54,1.19381432423277
40266.55,1.16210016565728
40266.56,1.14988032030126
40266.57,1.16887577822465
40266.58,1.12588767196845
40266.59,1.14173261661736
40266.6,1.11278617897889
40266.61,1.08935693710168
40266.62,1.11229623950718
40266.63,1.07001855326487
40266.64,1.12867842615486
40266.65,1.12432946700411
40266.66,1.15486648331201
40266.67,1.18516283783449
40266.68,1.17887988880485
40266.69,1.20019451417596
40266.7,1.20658208469838
40266.71,1.18830057139858
40266.72,1.10442398150173
40266.73,1.09063008723191
40266.74,1.08670010795736
40266.75,1.03771993711423
40266.76,1.04674726891343
40266.77,1.01047588258389
40266.78,1.00810707427626
40266.79,0.996590582747285
40266.8,0.999754282711466
40266.81,0.988132430733057
40266.82,0.976108431657777
40266.83,0.962942452181005
40266.84,0.954522073840693
40266.85,0.958418888080637
40266.86,0.968936616368904
40266.87,0.971633919896333
40266.88,0.987026494773942
40266.89,0.940905883765796
40266.9,0.954602785476382
40266.91,0.916914180755117
40266.92,0.926965639451785
40266.93,0.953584733201314
40266.94,0.958787187451306
40266.95,0.965695133592474
40266.96,0.94470450574463
40266.97,0.914244313974896
40266.98,0.901087121213443
40266.99,0.909002910307943
40267,0.910055858007579
40267.01,0.893965401645415
40267.02,0.882120206302007
40267.03,0.93399051259154
40267.04,0.961646825772019
40267.05,0.93622217795632
40267.06,0.864186180317852
40267.07,0.897943127503015
40267.08,0.924405239510662
40267.09,0.931489604005121
40267.1,0.880761829256038
40267.11,0.894119431466683
40267.12,0.919022264699743
40267.13,0.911189284364543
40267.14,0.958154863915876
40267.15,0.923586463941621
40267.16,0.928751805933483
40267.17,0.930869251232246
40267.18,0.916354535067912
40267.19,0.909542070822468
40267.2,0.885395806779965
40267.21,0.85813068470735
40267.22,0.827100250997181
40267.23,0.82510964081534
40267.24,0.794867562528076
40267.25,0.834979649094651
40267.26,0.840216484585788
40267.27,0.862942690794383
40267.28,0.897055519855856
40267.29,0.925301676768988
40267.3,0.922372839203281
40267.31,0.908501044952248
40267.32,0.889256485003561
40267.33,0.865205133605479
40267.34,0.826306003342953
40267.35,0.880271157696309
40267.36,0.882815136254902
40267.37,0.879939073356986
40267.38,0.901582037104862
40267.39,0.919231736075614
40267.4,0.901038850733526
40267.41,0.888375337964381
40267.42,0.9159209227209
40267.43,0.918677251455102
40267.44,0.888768822339402
40267.45,0.879874625627064
40267.46,0.902724444518555
40267.47,0.904381384546883
40267.48,0.905009417125689
40267.49,0.89583817690163
40267.5,0.902023284601122
40267.51,0.887525014956403
40267.52,0.88230358169876
40267.53,0.856096147127392
40267.54,0.862227807957935
40267.55,0.838422646475098
40267.56,0.819434736996835
40267.57,0.814274860042735
40267.58,0.809547329085739
40267.59,0.843585378715384
40267.6,0.848831554705085
40267.61,0.886923862098112
40267.62,0.872373759979634
40267.63,0.875774922208881
40267.64,0.835454231017769
40267.65,0.852429113405434
40267.66,0.884971031325814
40267.67,0.937181686543064
40267.68,0.941215092284374
40267.69,0.966956898761503
40267.7,0.930664483673012
40267.71,0.904248163667208
40267.72,0.892647173928231
40267.73,0.91835459923685
40267.74,0.8834135435159
40267.75,0.888800328675247
40267.76,0.871897791994561
40267.77,0.831013392675062
40267.78,0.841826957647069
40267.79,0.854304341012703
40267.8,0.83579024828889
40267.81,0.856026740168213
40267.82,0.828137728821842
40267.83,0.796894164208594
40267.84,0.77852676245565
40267.85,0.763873509289974
40267.86,0.752261428452284
40267.87,0.749730565941698
40267.88,0.761674772348533
40267.89,0.730083301120844
40267.9,0.723288193390226
40267.91,0.751987072326175
40267.92,0.775729528983552
40267.93,0.766754760295213
40267.94,0.75435017391651
40267.95,0.734247778067578
40267.96,0.730668518242975
40267.97,0.773701021444376
40267.98,0.763121273664795
40267.99,0.801401566455689
40268,0.804495476975949
40268.01,0.809857377785757
40268.02,0.80458545589
40268.03,0.815363470642969
40268.04,0.818090466804831
40268.05,0.856944137862428
40268.06,0.796612921433894
40268.07,0.799998482284768
40268.08,0.765658870522087
40268.09,0.791009348869
40268.1,0.79116161533121
40268.11,0.80624777038116
40268.12,0.807400455936952
40268.13,0.804858236146785
40268.14,0.799476953993277
40268.15,0.824824472126548
40268.16,0.864531642579221
40268.17,0.867391043089214
40268.18,0.859727765054228
40268.19,0.907374990172004
40268.2,0.877296776612135
40268.21,0.871104694833618
40268.22,0.874975014587918
40268.23,0.871634541556253
40268.24,0.879256734564593
40268.25,0.90693502373954
40268.26,0.917995471294029
40268.27,0.884183366075952
40268.28,0.929608392988229
40268.29,0.90582530459176
40268.3,0.885502735771263
40268.31,0.919403388564736
40268.32,0.954092701630885
40268.33,0.979491517426996
40268.34,0.973904806273431
40268.35,0.959401953468431
40268.36,1.01132226421371
40268.37,1.00174953786807
40268.38,1.00608806784253
40268.39,0.968481492422819
40268.4,0.974427406446024
40268.41,0.948909732114114
40268.42,0.903214560546305
40268.43,0.891294085048955
40268.44,0.945089292682452
40268.45,0.96802774994438
40268.46,0.962437339581656
40268.47,0.941473488365019
40268.48,1.00202707991671
40268.49,0.962540582431343
40268.5,0.973291679205196
40268.51,0.989499878447434
40268.52,0.953255297005517
40268.53,0.932967985641112
40268.54,0.936494563036768
40268.55,0.935690560303742
40268.56,0.978022749926109
40268.57,0.929140447633628
40268.58,0.915298903897896
40268.59,0.933254985644749
40268.6,0.922876296449873
40268.61,0.876446072726943
40268.62,0.870656930191422
40268.63,0.848007648150616
40268.64,0.884903707619044
40268.65,0.877534289962158
40268.66,0.861887573667298
40268.67,0.891475806901063
40268.68,0.87417094104329
40268.69,0.866976503987246
40268.7,0.829508503825586
40268.71,0.825482739412672
40268.72,0.790542984343249
40268.73,0.819293212881875
40268.74,0.822140081969413
40268.75,0.837493905735307
40268.76,0.851710418864482
40268.77,0.869637237974125
40268.78,0.829959378332309
40268.79,0.851329230658389
40268.8,0.85382087107969
40268.81,0.849535996758995
40268.82,0.896931614789958
40268.83,0.931800115885701
40268.84,0.941670497682775
40268.85,0.94534775972734
40268.86,0.954671754132832
40268.87,0.997248152922676
40268.88,0.989751648426872
40268.89,0.956944970240632
40268.9,0.993189856516186
40268.91,0.997927357057057
40268.92,0.984600472531426
40268.93,0.996296921004405
40268.94,0.967824794221595
40268.95,0.940841442033954
40268.96,0.95325211184135
40268.97,0.948192760258553
40268.98,0.952806259605638
40268.99,0.969430555036836
40269,0.951965401536823
40269.01,0.979907910916147
40269.02,1.00540622877077
40269.03,0.953395637653511
40269.04,0.951068700251128
40269.05,0.919688046011071
40269.06,0.955882839786772
40269.07,0.985715125723667
40269.08,0.987099974531398
40269.09,0.953395249735439
40269.1,0.930778547327514
40269.11,0.937201435614098
40269.12,0.951815963003553
40269.13,0.960716098531272
40269.14,0.926483130109179
40269.15,0.962783007220004
40269.16,0.947491701300343
40269.17,0.940069462716469
40269.18,0.962254634902061
40269.19,0.945381575352929
40269.2,0.938314253336097
40269.21,0.941847607841071
40269.22,0.898633707090077
40269.23,0.902554245495482
40269.24,0.919138361224887
40269.25,0.88040845135761
40269.26,0.887786306883217
40269.27,0.865872748189734
40269.28,0.837621780143984
40269.29,0.848586949462915
40269.3,0.876482956887168
40269.31,0.822903498611259
40269.32,0.811241057818761
40269.33,0.808491728103304
40269.34,0.832944212430407
40269.35,0.830389542161491
40269.36,0.818704169118109
40269.37,0.813526504125834
40269.38,0.785219294429097
40269.39,0.78572831258927
40269.4,0.791768131745452
40269.41,0.812210096452266
40269.42,0.814677943368648
40269.43,0.822638205517219
40269.44,0.81917504095737
40269.45,0.832060391951674
40269.46,0.836268526746289
40269.47,0.817984990423043
40269.48,0.777667795169024
40269.49,0.819294673186441
40269.5,0.829142547390664
40269.51,0.828970851693555
40269.52,0.835458983208743
40269.53,0.848450764665132
40269.54,0.863667553650938
40269.55,0.848049418322217
40269.56,0.838006554628041
40269.57,0.863074925812811
40269.58,0.858287347976331
40269.59,0.847546208253634
40269.6,0.834697328621654
40269.61,0.848012811474518
40269.62,0.836194048823302
40269.63,0.813893352769441
40269.64,0.810047945710153
40269.65,0.788487376000469
40269.66,0.828649868080635
40269.67,0.865023273912908
40269.68,0.871990879278263
40269.69,0.913282580903913
40269.7,0.910502415504278
40269.71,0.928336901702015
40269.72,0.90002437770707
40269.73,0.901846818343642
40269.74,0.901551546505602
40269.75,0.885883853134154
40269.76,0.89922775777781
40269.77,0.914967137279985
40269.78,0.904581545066164
40269.79,0.917171726071701
40269.8,0.860869292161502
40269.81,0.884966624567236
40269.82,0.891522053971952
40269.83,0.868281610578454
40269.84,0.859403319545041
40269.85,0.856593737221788
40269.86,0.840641131038459
40269.87,0.866483636164323
40269.88,0.862775687133075
40269.89,0.849241400218993
40269.9,0.824210682929479
40269.91,0.800403842390699
40269.92,0.786238763935828
40269.93,0.789795547700401
40269.94,0.763643732137494
40269.95,0.774280568023355
40269.96,0.755258893226763
40269.97,0.772001206087611
40269.98,0.76972994058374
40269.99,0.764627733811706
40270,0.790860931224889
40270.01,0.820215396814926
40270.02,0.848176300190469
40270.03,0.860671655677754
40270.04,0.832349178463689
40270.05,0.854664666891073
40270.06,0.896481407869055
40270.07,0.857868102554946
40270.08,0.87430341368975
40270.09,0.86709440729672
40270.1,0.90086394867042
40270.11,0.866186104365931
40270.12,0.888466173190943
40270.13,0.8853312811454
40270.14,0.910642430150932
40270.15,0.94554825718475
40270.16,0.927468573991973
40270.17,0.93798830010739
40270.18,0.978506355206831
40270.19,0.973004861100249
40270.2,0.93870016119455
40270.21,0.918510144600511
40270.22,0.918520489879776
40270.23,0.877272535666731
40270.24,0.887280809412274
40270.25,0.903135556903627
40270.26,0.887556109007737
40270.27,0.835919393409503
40270.28,0.822288139319172
40270.29,0.817498682057944
40270.3,0.82630258634585
40270.31,0.823781795878082
40270.32,0.847575977694404
40270.33,0.81916699211957
40270.34,0.846151931727385
40270.35,0.814302559944088
40270.36,0.790340526891759
40270.37,0.805227368775089
40270.38,0.815801167069661
40270.39,0.808762349797139
40270.4,0.815014103458914
40270.41,0.826487911092931
40270.42,0.825921132997996
40270.43,0.850412502138025
40270.44,0.860226652997941
40270.45,0.88107019780567
40270.46,0.909235498725167
40270.47,0.884929991847986
40270.48,0.853205545309607
40270.49,0.916013043403619
40270.5,0.884024666885629
40270.51,0.854033791204131
40270.52,0.873271519727547
40270.53,0.904377483779714
40270.54,0.867207476024345
40270.55,0.894915478505941
40270.56,0.889424664055913
40270.57,0.858963633546124
40270.58,0.849847076453087
40270.59,0.887056090433212
40270.6,0.87818886905558
40270.61,0.885306476117613
40270.62,0.900218876168807
40270.63,0.929825803512598
40270.64,0.9354062664203
40270.65,0.92502968187048
40270.66,0.920662697828427
40270.67,0.909346718089586
40270.68,0.919308268231336
40270.69,0.889758685811681
40270.7,0.864810656277088
40270.71,0.85751164423112
40270.72,0.814246799465633
40270.73,0.829485478277468
40270.74,0.825182023327631
40270.75,0.785689356526757
40270.76,0.779678132212687
40270.77,0.814439441570935
40270.78,0.814215548271505
40270.79,0.848875057567957
40270.8,0.872391161052662
40270.81,0.890975994935581
40270.82,0.883234346375542
40270.83,0.846295974410259
40270.84,0.851620956234897
40270.85,0.854489369395364
40270.86,0.8740832018229
40270.87,0.884240334478917
40270.88,0.877013254569466
40270.89,0.858808676444278
40270.9,0.847928202610144
40270.91,0.844487535150308
40270.92,0.856261841451454
40270.93,0.855390940526319
40270.94,0.872986706372489
40270.95,0.877791050291307
40270.96,0.904723443280473
40270.97,0.941853565203575
40270.98,0.920791495358692
40270.99,0.946538695754626
40271,0.928891835018631
40271.01,0.949672695219999
40271.02,0.961811430157683
40271.03,0.986916598581688
40271.04,0.929089556375539
40271.05,0.908641812579531
40271.06,0.87978144340529
40271.07,0.92464275415974
40271.08,0.884638961396312
40271.09,0.873872590954392
40271.1,0.872220376125104
40271.11,0.870456565224407
40271.12,0.883475119337367
40271.13,0.860563758863335
40271.14,0.856131989376046
40271.15,0.818889291845483
40271.16,0.839890256689766
40271.17,0.872718926088019
40271.18,0.853158749856072
40271.19,0.914807903729622
40271.2,0.943932404493179
40271.21,0.960155733001858
40271.22,0.966737809506812
40271.23,0.954811258772338
40271.24,0.939886230119657
40271.25,0.945894210190927
40271.26,0.9530478537898
40271.27,0.967283533410632
40271.28,0.957270274731692
40271.29,0.95135934664764
40271.3,1.00878969088798
40271.31,0.995619215865721
40271.32,0.987690934964572
40271.33,0.97050956042562
40271.34,0.992884616975117
40271.35,0.986722703626004
40271.36,0.963925540905089
40271.37,0.987374288412101
40271.38,0.984701821424566
40271.39,0.967905606909157
40271.4,0.992986726262835
40271.41,0.974298454878041
40271.42,0.961095183900386
40271.43,0.985279708749362
40271.44,1.01316001972885
40271.45,1.04328650198563
40271.46,0.999723902146824
40271.47,0.978109858925641
40271.48,0.938879208410696
40271.49,0.90958548805303
40271.5,0.944205618334565
40271.51,0.924272174986144
40271.52,0.936605902622891
40271.53,0.873936725999735
40271.54,0.844108707068633
40271.55,0.861928039294277
40271.56,0.865716739553669
40271.57,0.860748235525206
40271.58,0.873481753180256
40271.59,0.925175055320791
40271.6,0.933603822171865
40271.61,0.899413525303104
40271.62,0.915112695986793
40271.63,0.880918555980841
40271.64,0.931440963183834
40271.65,0.903238927319953
40271.66,0.942200452538313
40271.67,0.917080576835083
40271.68,0.85588068189849
40271.69,0.812077850706988
40271.7,0.806673722650301
40271.71,0.788779023084835
40271.72,0.817591064951215
40271.73,0.851991085564417
40271.74,0.841780624805425
40271.75,0.808233225366103
40271.76,0.822848046095357
40271.77,0.801478376215702
40271.78,0.793393265553716
40271.79,0.79855201162178
40271.8,0.811377842755483
40271.81,0.828519122767411
40271.82,0.870847492663476
40271.83,0.884931977219226
40271.84,0.834117606663403
40271.85,0.826449382007779
40271.86,0.835558754346778
40271.87,0.851550603690825
40271.88,0.861951772232966
40271.89,0.878953253056283
40271.9,0.890763551997256
40271.91,0.890656302227132
40271.92,0.883976980240323
40271.93,0.927931903948069
40271.94,0.923961433309417
40271.95,0.902089626368926
40271.96,0.954709575591082
40271.97,0.956985758222545
40271.98,0.99290614419006
40271.99,0.988794989472341
40272,0.989303028972032
40272.01,0.977130284657317
40272.02,0.929083590875865
40272.03,0.89129172965117
40272.04,0.879061751016296
40272.05,0.86601790853794
40272.06,0.816719462291612
40272.07,0.84516006869152
40272.08,0.866660068602057
40272.09,0.880815158209751
40272.1,0.867809131223855
40272.11,0.883635907592975
40272.12,0.863170864510023
40272.13,0.871169021820929
40272.14,0.894017105174928
40272.15,0.888466441818248
40272.16,0.909480929072299
40272.17,0.903886735783808
40272.18,0.900171852013782
40272.19,0.886971329404304
40272.2,0.887760842150273
40272.21,0.864370488849317
40272.22,0.847857977002448
40272.23,0.851512789333883
40272.24,0.839306289765598
40272.25,0.852400334076495
40272.26,0.841620038504817
40272.27,0.841995514781061
40272.28,0.845723403535075
40272.29,0.827173562914958
40272.3,0.84093860479155
40272.31,0.839149820721316
40272.32,0.854608109033732
40272.33,0.879759403704451
40272.34,0.925069856066455
40272.35,0.89302882299843
40272.36,0.947721876973636
40272.37,0.950788060553958
40272.38,0.953677799554629
40272.39,0.951472718628285
40272.4,0.981911766051581
40272.41,0.97295846077556
40272.42,0.929118249113456
40272.43,0.924975379654597
40272.44,0.918952504890054
40272.45,0.935572172403233
40272.46,0.868057340797518
40272.47,0.834576631615224
40272.48,0.814418668348753
40272.49,0.83923468444508
40272.5,0.807806570891714
40272.51,0.808675095943683
40272.52,0.79378654815195
40272.53,0.770452710392919
40272.54,0.713903939652415
40272.55,0.735075190641432
40272.56,0.775223281121408
40272.57,0.814524359463623
40272.58,0.841897172260768
40272.59,0.817077450841592
40272.6,0.818663483017365
40272.61,0.829571842449506
40272.62,0.835212215147205
40272.63,0.851564079779923
40272.64,0.887267736923259
40272.65,0.867136437978561
40272.66,0.801747140378394
40272.67,0.836309086811854
40272.68,0.856011915804472
40272.69,0.820798800449572
40272.7,0.866487568897365
40272.71,0.911052656664669
40272.72,0.914904137995402
40272.73,0.888860143740014
40272.74,0.855412982524412
40272.75,0.872728298164948
40272.76,0.860623661220066
40272.77,0.865485178623978
40272.78,0.884444674475796
40272.79,0.868127668467962
40272.8,0.841905126345036
40272.81,0.7980610735469
40272.82,0.801655165005314
40272.83,0.833396337879292
40272.84,0.816614460497477
40272.85,0.811883438541149
40272.86,0.799143761268076
40272.87,0.834841601881888
40272.88,0.834151779265118
40272.89,0.807701765190244
40272.9,0.788778794720995
40272.91,0.773909712081374
40272.92,0.802471380295849
40272.93,0.81408361457246
40272.94,0.820842760718016
40272.95,0.837268760970727
40272.96,0.867627681682974
40272.97,0.86013972386894
40272.98,0.884613652258148
40272.99,0.894139368813141
40273,0.869080029783111
40273.01,0.898391457789682
40273.02,0.89605568172089
40273.03,0.86476844549668
40273.04,0.852091516401866
40273.05,0.851185845914999
40273.06,0.841593303414326
40273.07,0.823629727065364
40273.08,0.804945905641176
40273.09,0.841619108010787
40273.1,0.810433766379709
40273.11,0.83148038908229
40273.12,0.863523495968562
40273.13,0.863619056277632
40273.14,0.893239505541433
40273.15,0.881634309672491
40273.16,0.921772779665136
40273.17,0.925989374059393
40273.18,0.937898969880736
40273.19,0.949272388368272
40273.2,0.958793189959295
40273.21,0.992134999386105
40273.22,0.971680989821351
40273.23,0.997286064657286
40273.24,0.965066578798268
40273.25,0.98015578700181
40273.26,0.935952018497221
40273.27,0.971137576300751
40273.28,0.969136923507842
40273.29,0.954408269101671
40273.3,0.944601588469211
40273.31,0.957948972374025
40273.32,0.94396849870913
40273.33,0.963824893383924
40273.34,0.978248007967039
40273.35,0.984956510615642
40273.36,0.935553293156079
40273.37,0.940742388112529
40273.38,0.930829210187256
40273.39,0.98149704027654
40273.4,0.945051702211351
40273.41,0.903310611854414
40273.42,0.872822756836783
40273.43,0.841773236363271
40273.44,0.814729953817912
40273.45,0.779542624502938
40273.46,0.787873772834787
40273.47,0.809032983531026
40273.48,0.817773747622189
40273.49,0.813697068769986
40273.5,0.813667726377267
40273.51,0.836801677348056
40273.52,0.856034587318213
40273.53,0.831214166784579
40273.54,0.879532115819756
40273.55,0.885491713392722
40273.56,0.91090648674613
40273.57,0.937596891430985
40273.58,0.910391098851563
40273.59,0.948463584977858
40273.6,1.00880694507452
40273.61,0.953560730051785
40273.62,0.928153857968218
40273.63,0.908819548645872
40273.64,0.908254554183191
40273.65,0.898356425217598
40273.66,0.902927037922957
40273.67,0.894434999253899
40273.68,0.882420603044938
40273.69,0.878244757482316
40273.7,0.895347324248625
40273.71,0.896324505860238
40273.72,0.855714826884214
40273.73,0.874505419329503
40273.74,0.858324351675831
40273.75,0.901583573258636
40273.76,0.869557718005271
40273.77,0.85142907541695
40273.78,0.862637881952097
40273.79,0.883921859164689
40273.8,0.864714938543671
40273.81,0.846652161811185
40273.82,0.84461292571607
40273.83,0.86544132165099
40273.84,0.8728721331193
40273.85,0.868598186666151
40273.86,0.843376867315049
40273.87,0.855201456283058
40273.88,0.884452486760053
40273.89,0.931785230244145
40273.9,0.939513163281727
40273.91,0.989165592842356
40273.92,1.01994684052431
40273.93,1.01815959712137
40273.94,0.993601254756847
40273.95,0.996455185920275
40273.96,0.989442661358415
40273.97,0.957290946125212
40273.98,0.950526251085722
40273.99,0.945539167981787
40274,0.910275458074229
40274.01,0.855767327897251
40274.02,0.824593551482284
40274.03,0.849915550798284
40274.04,0.829501183573571
40274.05,0.846524244189112
40274.06,0.876452188160414
40274.07,0.846948092954259
40274.08,0.829437219005685
40274.09,0.841439617651546
40274.1,0.828463070460539
40274.11,0.85760586792448
40274.12,0.863184582748689
40274.13,0.861619657758865
40274.14,0.845473505848486
40274.15,0.877400964220863
40274.16,0.85574651237298
40274.17,0.86682899316891
40274.18,0.839307032944055
40274.19,0.851715962633402
40274.2,0.870770256195714
40274.21,0.877983050440377
40274.22,0.854997937225005
40274.23,0.822170045274154
40274.24,0.817206234977946
40274.25,0.836199510228841
40274.26,0.800615271413398
40274.27,0.793539622137578
40274.28,0.754577793613226
40274.29,0.776097393924669
40274.3,0.784696416497458
40274.31,0.786124285402267
40274.32,0.813964415543755
40274.33,0.822553805376668
40274.34,0.804881151836439
40274.35,0.807577182492834
40274.36,0.819226399335846
40274.37,0.79480597300029
40274.38,0.748005830888241
40274.39,0.724793477764149
40274.4,0.698248041438824
40274.41,0.713288209861422
40274.42,0.671400837629164
40274.43,0.692397900655479
40274.44,0.688632015841543
40274.45,0.711546756684488
40274.46,0.721867026025475
40274.47,0.71460197000854
40274.48,0.692367805569173
40274.49,0.687659930647005
40274.5,0.700497850090405
40274.51,0.6915290239843
40274.52,0.690248562406756
40274.53,0.693754998453261
40274.54,0.710595302442947
40274.55,0.695746725431551
40274.56,0.69773973525616
40274.57,0.697097630582516
40274.58,0.669935116497518
40274.59,0.666001416081218
40274.6,0.671755348841064
40274.61,0.667562467807926
40274.62,0.668726636989608
40274.63,0.688114532076973
40274.64,0.726862248234792
40274.65,0.719166191496954
40274.66,0.737699880076186
40274.67,0.713894964029283
40274.68,0.685644811929912
40274.69,0.680375553862438
40274.7,0.659178416691024
40274.71,0.641826485409274
40274.72,0.629007538760545
40274.73,0.659640988098037
40274.74,0.654021967910606
40274.75,0.657965949035542
40274.76,0.664695184735343
40274.77,0.717528920710782
40274.78,0.691569852174418
40274.79,0.717063283648598
40274.8,0.729603192953033
40274.81,0.740415877548973
40274.82,0.701810515591888
40274.83,0.721187774898128
40274.84,0.734953623873867
40274.85,0.696022438472973
40274.86,0.691594961364784
40274.87,0.686887210986307
40274.88,0.68978897422673
40274.89,0.686212240969465
40274.9,0.686553723960498
40274.91,0.666243892271691
40274.92,0.688356621217586
40274.93,0.693057162190967
40274.94,0.654652462060496
40274.95,0.66281125110816
40274.96,0.677517321080725
40274.97,0.70939469809796
40274.98,0.73519913690972
40274.99,0.73622631376902
40275,0.729537829905041
40275.01,0.737094159841751
40275.02,0.715886696522972
40275.03,0.735268489628152
40275.04,0.806458327375548
40275.05,0.781311785118856
40275.06,0.759927385971005
40275.07,0.795805748284023
40275.08,0.771881558745616
40275.09,0.77925656697706
40275.1,0.798548859437422
40275.11,0.776850899623914
40275.12,0.775259199145208
40275.13,0.772104479708463
40275.14,0.780294510053212
40275.15,0.761137168070844
40275.16,0.741683914995254
40275.17,0.778187946678114
40275.18,0.805880608661011
40275.19,0.796779406352195
40275.2,0.830872164748891
40275.21,0.829293984482255
40275.22,0.856497125257449
40275.23,0.858471969643427
40275.24,0.83238529694441
40275.25,0.824938802531398
40275.26,0.804252874498034
40275.27,0.80824135806933
40275.28,0.811303259650384
40275.29,0.808598261410755
40275.3,0.844262089840903
40275.31,0.869271355066484
40275.32,0.908481834491767
40275.33,0.905907381363403
40275.34,0.885295984584749
40275.35,0.872345860511968
40275.36,0.847519989798865
40275.37,0.841681420570398
40275.38,0.842234392808945
40275.39,0.856762138428607
40275.4,0.860017069076735
40275.41,0.871378469478695
40275.42,0.88844357380345
40275.43,0.934796936432976
40275.44,0.95640728888328
40275.45,0.952458111437658
40275.46,0.91833352113721
40275.47,0.915074727535698
40275.48,0.858833134062398
40275.49,0.864529268931116
40275.5,0.839405540217616
40275.51,0.844939163061279
40275.52,0.860926982392676
40275.53,0.846798878632276
40275.54,0.87243141344712
40275.55,0.849523691875778
40275.56,0.792726759248465
40275.57,0.773672158145829
40275.58,0.815511985203782
40275.59,0.793175717210353
40275.6,0.762601047311665
40275.61,0.74144724625794
40275.62,0.714385012536688
40275.63,0.710969823387866
40275.64,0.716449331101724
40275.65,0.719344116234254
40275.66,0.714301564670074
40275.67,0.723285902021316
40275.68,0.738524314115982
40275.69,0.731839611696373
40275.7,0.7518833943695
40275.71,0.730827058162526
40275.72,0.732312478953497
40275.73,0.700271196546248
40275.74,0.700253879487383
40275.75,0.722775005350272
40275.76,0.72447217439564
40275.77,0.713474435446382
40275.78,0.704585263637074
40275.79,0.665257913580624
40275.8,0.668292912072995
40275.81,0.667148728969572
40275.82,0.679581310637724
40275.83,0.703495158889507
40275.84,0.711522598303423
40275.85,0.709159956288397
40275.86,0.7072593842259
40275.87,0.66766255408123
40275.88,0.694394381852161
40275.89,0.710340898064586
40275.9,0.710423963742629
40275.91,0.726226292683587
40275.92,0.680016750700735
40275.93,0.692253602833705
40275.94,0.70295116978168
40275.95,0.699182306579702
40275.96,0.695534397881944
40275.97,0.722765660005062
40275.98,0.729124776880212
40275.99,0.751430478874805
40276,0.765056405781275
40276.01,0.743487862507813
40276.02,0.761035819579855
40276.03,0.756986520884526
40276.04,0.748583075496999
40276.05,0.733568410113389
40276.06,0.728236958895882
40276.07,0.774284934292592
40276.08,0.799363614488349
40276.09,0.784030047660724
40276.1,0.811517499303264
40276.11,0.807792743423405
40276.12,0.825869714740474
40276.13,0.839378153365371
40276.14,0.850272709854441
40276.15,0.820158497664088
40276.16,0.83162478271543
40276.17,0.805176996689951
40276.18,0.829692406200148
40276.19,0.824063719849035
40276.2,0.831664057056261
40276.21,0.84300266980212
40276.22,0.836497242777993
40276.23,0.83934628360711
40276.24,0.844069469021505
40276.25,0.833385344168615
40276.26,0.787074006849245
40276.27,0.807099810214359
40276.28,0.806014371610231
40276.29,0.801811528236858
40276.3,0.851847591686043
40276.31,0.831912403413548
40276.32,0.844369476520602
40276.33,0.862207418601259
40276.34,0.853599490180774
40276.35,0.90582989744252
40276.36,0.889317048133376
40276.37,0.863583650141892
40276.38,0.825231319580392
40276.39,0.81642185642849
40276.4,0.818658026154452
40276.41,0.841495551107525
40276.42,0.842551342408963
40276.43,0.85529950574726
40276.44,0.855295481626268
40276.45,0.840643339166113
40276.46,0.833987205529656
40276.47,0.871546945598145
40276.48,0.909415398488804
40276.49,0.882406924508229
40276.5,0.882451433035659
40276.51,0.849707154568071
40276.52,0.815517905221186
40276.53,0.851069367812119
40276.54,0.861971261677747
40276.55,0.832454811253821
40276.56,0.81343197744056
40276.57,0.803408443423887
40276.58,0.806443288575043
40276.59,0.799596790818962
40276.6,0.797673173046416
40276.61,0.781025377338289
40276.62,0.777578213586698
40276.63,0.773975664703919
40276.64,0.753755015262799
40276.65,0.753339502174523
40276.66,0.741893296244283
40276.67,0.735447521384211
40276.68,0.736446758618473
40276.69,0.713252662430737
40276.7,0.706930406350929
40276.71,0.705734106245101
40276.72,0.692978018847889
40276.73,0.692543803139691
40276.74,0.695724027658987
40276.75,0.710792999820404
40276.76,0.703103467969953
40276.77,0.697336453624176
40276.78,0.698187089131646
40276.79,0.729927624950505
40276.8,0.736358080141592
40276.81,0.744547284920891
40276.82,0.777941577719115
40276.83,0.799649387018352
40276.84,0.831655659982089
40276.85,0.817761773329542
40276.86,0.80786098259913
40276.87,0.860920506027255
40276.88,0.885960469700658
40276.89,0.889080024561673
40276.9,0.970070604888252
40276.91,1.02050365726899
40276.92,1.03078718015018
40276.93,1.01898837237515
40276.94,1.01052631670277
40276.95,1.02677098464556
40276.96,1.04316801924784
40276.97,1.04645796122576
40276.98,1.06807828366735
40276.99,1.081294089141
40277,1.1222826556688
40277.01,1.20972555442938
40277.02,1.18974307535026
40277.03,1.17933592242078
40277.04,1.0889249067359
40277.05,1.05817219996958
40277.06,1.06081141221059
40277.07,1.06364520478923
40277.08,1.04820143937156
40277.09,1.0735093359026
40277.1,1.06728266897979
40277.11,1.06088353256486
40277.12,1.04571695454982
40277.13,1.06886729367395
40277.14,1.05434242784552
40277.15,1.02990497272934
40277.16,1.02140564169474
40277.17,0.989780176276946
40277.18,0.977797149472707
40277.19,0.978287749539676
40277.2,0.997111701518688
40277.21,1.02822547202679
40277.22,1.03525919412646
40277.23,1.03586433220999
40277.24,1.04218000753404
40277.25,1.10053293414722
40277.26,1.02960734246936
40277.27,1.02265476165655
40277.28,0.982697853934288
40277.29,0.997212438648754
40277.3,0.98816474662563
40277.31,1.00959711964047
40277.32,1.03055276639679
40277.33,1.01095493531742
40277.34,0.980045178224081
40277.35,0.980363225247784
40277.36,0.969771470098612
40277.37,0.99567940761187
40277.38,1.00144602491889
40277.39,0.989599057871189
40277.4,0.972169537832461
40277.41,0.922551412596491
40277.42,0.921368109107934
40277.43,0.915639731686909
40277.44,0.897673097953986
40277.45,0.86359337109971
40277.46,0.844680947436212
40277.47,0.829578333779847
40277.48,0.83157661896186
40277.49,0.82018448979452
40277.5,0.828958576050614
40277.51,0.830316371042172
40277.52,0.798366493051616
40277.53,0.811831916009498
40277.54,0.81008381078999
40277.55,0.821985740624068
40277.56,0.852961483121058
40277.57,0.820103677282322
40277.58,0.815176648060957
40277.59,0.777521682455747
40277.6,0.784841072817916
40277.61,0.771069055138615
40277.62,0.770042624197796
40277.63,0.792967270200122
40277.64,0.806312084596545
40277.65,0.802848238780264
40277.66,0.854672281698094
40277.67,0.852902521869111
40277.68,0.88064716459877
40277.69,0.859284577276981
40277.7,0.896741125328591
40277.71,0.90956781357099
40277.72,0.899876566273415
40277.73,0.907522029280211
40277.74,0.895246705053624
40277.75,0.880842889783748
40277.76,0.876166432127147
40277.77,0.863089626826204
40277.78,0.849850609064476
40277.79,0.882776704185528
40277.8,0.889866010031631
40277.81,0.918160703896493
40277.82,0.912635876772023
40277.83,0.898907212345936
40277.84,0.92698768882479
40277.85,0.924474674554674
40277.86,0.895604940403722
40277.87,0.894869947295927
40277.88,0.869751135612016
40277.89,0.81827359410158
40277.9,0.798639574779199
40277.91,0.795544145245818
40277.92,0.770672967322041
40277.93,0.791405028620416
40277.94,0.809925851567298
40277.95,0.8283339274545
40277.96,0.821593853271866
40277.97,0.822562337873337
40277.98,0.847762666596009
40277.99,0.836271596352537
40278,0.808450883491487
40278.01,0.848466411559032
40278.02,0.89205543253091
40278.03,0.886067404600617
40278.04,0.8478652297022
40278.05,0.863387794456633
40278.06,0.840859863255537
40278.07,0.809657792954905
40278.08,0.800073409766814
40278.09,0.84469985299617
40278.1,0.833751750547268
40278.11,0.840067411312226
40278.12,0.833292994007428
40278.13,0.851887809604737
40278.14,0.897701130893311
40278.15,0.890623544195977
40278.16,0.870416692924373
40278.17,0.89054969115587
40278.18,0.932999938202172
40278.19,0.961946725591655
40278.2,0.955889322075431
40278.21,0.977566861894636
40278.22,0.982855131906467
40278.23,1.02753836461845
40278.24,1.02369293339817
40278.25,1.06147833616514
40278.26,1.03594020304405
40278.27,1.07361414765189
40278.28,1.0510089586633
40278.29,1.05684053580076
40278.3,1.03832540302373
40278.31,1.04021345421664
40278.32,1.05837610792786
40278.33,1.04227429009991
40278.34,1.01446716030453
40278.35,1.00142324808912
40278.36,0.983264600804718
40278.37,0.962895663719341
40278.38,0.958835210237338
40278.39,0.969978446010981
40278.4,0.984135319132495
40278.41,0.965018036405941
40278.42,0.969973881028964
40278.43,0.974703556049748
40278.44,0.957283568134071
40278.45,0.946185691132872
40278.46,1.0039668865687
40278.47,0.990755878038253
40278.48,1.02634729194871
40278.49,1.0357629143395
40278.5,1.03691354967201
40278.51,0.975155531535831
40278.52,1.00128881323341
40278.53,0.952457789926331
40278.54,1.01499019470533
40278.55,1.01776937207245
40278.56,1.02137961442787
40278.57,1.01346514923236
40278.58,1.04642256034598
40278.59,1.06887166091628
40278.6,1.08176163631845
40278.61,1.07918001943126
40278.62,1.02568810785953
40278.63,1.07791292085823
40278.64,1.07715892349561
40278.65,1.06641096806439
40278.66,1.05006173767508
40278.67,1.01378729715702
40278.68,1.00616745275032
40278.69,0.99791081994707
40278.7,1.01391725087876
40278.71,1.06194230386905
40278.72,1.07822728385755
40278.73,1.08524342212892
40278.74,1.13684421856155
40278.75,1.18933098632212
40278.76,1.19576104984916
40278.77,1.15291221468774
40278.78,1.10846473559444
40278.79,1.13598015552902
40278.8,1.11799669985942
40278.81,1.10520544207409
40278.82,1.10081726408173
40278.83,1.06763906474695
40278.84,1.05846018925881
40278.85,1.02019572659975
40278.86,1.01603052948663
40278.87,1.02909366924702
40278.88,1.03394216461195
40278.89,1.07208710164966
40278.9,1.06570222749902
40278.91,1.05464006090283
40278.92,1.0657857415119
40278.93,1.06840268834222
40278.94,1.08038544619861
40278.95,1.08724411526994
40278.96,1.12430586637116
40278.97,1.10452498064717
40278.98,1.13045749638551
40278.99,1.10944270969148
40279,1.06806419139858
40279.01,1.03962807749261
40279.02,1.08083372251136
40279.03,1.03627792318872
40279.04,1.03975068198072
40279.05,1.0713316733674
40279.06,1.07757735284131
40279.07,1.09802913498189
40279.08,1.09787560337069
40279.09,1.10275651898125
40279.1,1.06142650792148
40279.11,1.07287069293138
40279.12,1.08797936757125
40279.13,1.1352870388651
40279.14,1.1338655235625
40279.15,1.13270781902209
40279.16,1.15948848477978
40279.17,1.10896035736804
40279.18,1.1231848476386
40279.19,1.10494069016978
40279.2,1.10691065875025
40279.21,1.11540126448897
40279.22,1.09229389124901
40279.23,1.09702297953239
40279.24,1.15143938320026
40279.25,1.14117902808554
40279.26,1.11426578146239
40279.27,1.05915594702405
40279.28,1.05785363365303
40279.29,1.0450165471467
40279.3,1.00489022314918
40279.31,0.96741832167607
40279.32,0.947546278639246
40279.33,0.959218051217462
40279.34,0.985255271287575
40279.35,0.97834119091932
40279.36,0.979678517020779
40279.37,0.952603720506794
40279.38,0.887754316227586
40279.39,0.886193508080008
40279.4,0.910758713269028
40279.41,0.928929775970111
40279.42,0.88756012680294
40279.43,0.855494327246964
40279.44,0.843848332273381
40279.45,0.880098633772013
40279.46,0.908427996506602
40279.47,0.942172344643917
40279.48,0.923385314540021
40279.49,0.922433339323878
40279.5,0.939012810309869
40279.51,0.93248083027365
40279.52,0.950783668195209
40279.53,0.963227537545535
40279.54,0.992252859865545
40279.55,0.988960807629267
40279.56,0.996482773039441
40279.57,0.978564972076784
40279.58,1.06706551484554
40279.59,1.06242321154232
40279.6,1.06631259904221
40279.61,1.0663857569943
40279.62,1.07210915896311
40279.63,1.07598169025631
40279.64,1.07587502688502
40279.65,1.03361290457139
40279.66,1.02694753338952
40279.67,1.00359035716451
40279.68,0.984256221096016
40279.69,1.0278796672357
40279.7,0.999469027280347
40279.71,0.937413371616581
40279.72,0.933099794956173
40279.73,0.924507389137203
40279.74,0.947426597900626
40279.75,0.909916085560002
40279.76,0.880805404783539
40279.77,0.876560069150236
40279.78,0.864614923464288
40279.79,0.879872865047262
40279.8,0.922128701958583
40279.81,0.953150539715256
40279.82,0.939548300941811
40279.83,0.874684052379854
40279.84,0.900327046386987
40279.85,0.872674402445914
40279.86,0.894601737763673
40279.87,0.864760156490983
40279.88,0.854899885035149
40279.89,0.893875967104457
40279.9,0.878320013667867
40279.91,0.890784244591892
40279.92,0.872201191378304
40279.93,0.880416642346163
40279.94,0.901065348080288
40279.95,0.91597524474573
40279.96,0.9351237163346
40279.97,0.946992537231306
40279.98,0.952521113820534
40279.99,0.984584006929473
40280,1.00297693071788
40280.01,0.97802555422595
40280.02,0.995902888972656
40280.03,0.977095745706285
40280.04,1.01436789843794
40280.05,1.05090481369438
40280.06,1.09324022685893
40280.07,1.07790658160179
40280.08,1.05022609361369
40280.09,1.02690725833675
40280.1,1.0174208164493
40280.11,1.02748745829598
40280.12,1.03800217152787
40280.13,1.03260562665548
40280.14,1.02507616371169
40280.15,0.944705721434805
40280.16,0.939143717059739
40280.17,0.912092437243174
40280.18,0.894815177851169
40280.19,0.893638734291083
40280.2,0.913892435770578
40280.21,0.902035225118811
40280.22,0.890443156136812
40280.23,0.926448807592176
40280.24,0.986404369271953
40280.25,0.978918378015484
40280.26,0.964655880791384
40280.27,0.930211341801577
40280.28,0.943747591157673
40280.29,0.882808735465627
40280.3,0.869280627708783
40280.31,0.849032902793857
40280.32,0.813162286449678
40280.33,0.810527901867187
40280.34,0.833990714270258
40280.35,0.852198261208522
40280.36,0.861538478108951
40280.37,0.844027420395964
40280.38,0.873327952842849
40280.39,0.84375783436076
40280.4,0.83849260474471
40280.41,0.831157557817803
40280.42,0.830667318559725
40280.43,0.844074276846461
40280.44,0.812966125849147
40280.45,0.81721786541367
40280.46,0.841706930433079
40280.47,0.848730061538354
40280.48,0.819148938315666
40280.49,0.847252196992772
40280.5,0.841702912692956
40280.51,0.835717488256089
40280.52,0.879512564924124
40280.53,0.90602101753968
40280.54,0.876852122326124
40280.55,0.939740778412484
40280.56,0.921435081053354
40280.57,0.944895871026031
40280.58,0.896664791599894
40280.59,0.925742928061536
40280.6,0.923247793455973
40280.61,0.930592818206935
40280.62,0.982602733106882
40280.63,0.988412320383461
40280.64,1.01657919199397
40280.65,0.999544579911597
40280.66,1.02819843881692
40280.67,1.05530286307242
40280.68,1.06543967799441
40280.69,1.0356836780028
40280.7,1.02908918810392
40280.71,0.998054612943591
40280.72,1.0050165002758
40280.73,1.01607931172062
40280.74,1.01317811353268
40280.75,0.996530669350318
40280.76,1.04044724248618
40280.77,1.02680501655166
40280.78,1.04521433524017
40280.79,1.03374459192865
40280.8,1.04338680649312
40280.81,1.0824167323328
40280.82,1.07648887529044
40280.83,1.12792123279814
40280.84,1.09631814392217
40280.85,1.14409398182867
40280.86,1.14654134177513
40280.87,1.12911526260882
40280.88,1.11416000773496
40280.89,1.12877202061152
40280.9,1.09156547961688
40280.91,1.07269686606173
40280.92,1.09912667277133
40280.93,1.16895897797539
40280.94,1.17778078435129
40280.95,1.15288617197852
40280.96,1.15369117641861
40280.97,1.12976747303982
40280.98,1.0644910036866
40280.99,1.055356889384
40281,1.03049526293293
40281.01,1.01322869809751
40281.02,1.0318938116086
40281.03,1.0327651626573
40281.04,1.05123243578229
40281.05,1.02109961467686
40281.06,1.07305290121025
40281.07,1.02952343434579
40281.08,1.00934218619794
40281.09,1.02656354760385
40281.1,1.0311246045208
40281.11,0.995376045971609
40281.12,0.991219703561683
40281.13,0.993736283506248
40281.14,0.979673702814043
40281.15,1.00147946205417
40281.16,1.01845253281496
40281.17,0.993378347978275
40281.18,0.970367612079519
40281.19,1.00291230477452
40281.2,0.99244603421279
40281.21,1.01293747722413
40281.22,1.02996740468598
40281.23,1.03270250618965
40281.24,1.06842627613039
40281.25,1.07693070917945
40281.26,1.0758342116056
40281.27,1.09635114659204
40281.28,1.10342852908929
40281.29,1.0986417252797
40281.3,1.14563613990554
40281.31,1.08965330044769
40281.32,1.07182116114405
40281.33,1.06641223955471
40281.34,1.04365354045339
40281.35,1.06064815876055
40281.36,1.04376301814499
40281.37,1.07300027987971
40281.38,1.09185703116705
40281.39,1.09420036205724
40281.4,1.13694839047519
40281.41,1.07401635407035
40281.42,1.10577001925645
40281.43,1.08271280644031
40281.44,1.06503208701675
40281.45,1.06202487360484
40281.46,1.08623044188266
40281.47,1.03328595183877
40281.48,1.01339782432039
40281.49,0.986272032280268
40281.5,0.971287334843145
40281.51,0.938317670254125
40281.52,0.894057235839786
40281.53,0.898427852575235
40281.54,0.898528959124096
40281.55,0.865208734132043
40281.56,0.882271672157374
40281.57,0.884255482751712
40281.58,0.919334163153439
40281.59,0.906715730374062
40281.6,0.890352159104821
40281.61,0.915021403947741
40281.62,0.899121173502067
40281.63,0.906765777305587
40281.64,0.958521503567811
40281.65,0.93966949576931
40281.66,0.949615866853568
40281.67,0.949324595713111
40281.68,0.938228941998283
40281.69,0.932176591465486
40281.7,0.940891617654402
40281.71,0.938250053403301
40281.72,0.95196547544705
40281.73,0.995373451926001
40281.74,0.977174452090571
40281.75,0.917881531510453
40281.76,0.921762997119969
40281.77,0.952174422662531
40281.78,0.95356055739032
40281.79,0.978904665107383
40281.8,0.978959681943075
40281.81,0.971897152061317
40281.82,0.993113654635822
40281.83,0.980637497305322
40281.84,0.965417975076477
40281.85,0.899534703601937
40281.86,0.903340330684697
40281.87,0.920001668193881
40281.88,0.902867918214312
40281.89,0.879117968068779
40281.9,0.910485765487507
40281.91,0.897278933279486
40281.92,0.925377299868026
40281.93,0.868326840759406
40281.94,0.875033134778823
40281.95,0.868972664184169
40281.96,0.843128616356864
40281.97,0.820006293608274
40281.98,0.830743902059705
40281.99,0.844718302379425
40282,0.889230577800512
40282.01,0.875557399081207
40282.02,0.833444640262831
40282.03,0.813044822448678
40282.04,0.828691907945105
40282.05,0.800638789235746
40282.06,0.781817425350867
40282.07,0.778694155288138
40282.08,0.777956668434515
40282.09,0.803702423196369
40282.1,0.805082831617829
40282.11,0.806924757847799
40282.12,0.851132414875978
40282.13,0.853678305662287
40282.14,0.847911985395324
40282.15,0.889590484580254
40282.16,0.85091463179417
40282.17,0.876022335242659
40282.18,0.878221316632327
40282.19,0.882543098602488
40282.2,0.887135879381757
40282.21,0.886334744415524
40282.22,0.859182179131143
40282.23,0.841677363913412
40282.24,0.848992404306547
40282.25,0.858690756216106
40282.26,0.815616143439051
40282.27,0.801100864407663
40282.28,0.762575186406219
40282.29,0.761993433601467
40282.3,0.796753978559955
40282.31,0.775292633485063
40282.32,0.757527145369214
40282.33,0.754283867967845
40282.34,0.737730329229479
40282.35,0.713897642823198
40282.36,0.76134806335952
40282.37,0.740769999977156
40282.38,0.77905937656549
40282.39,0.815117579976098
40282.4,0.836826265741955
40282.41,0.849413173825484
40282.42,0.818822950970781
40282.43,0.815784097144439
40282.44,0.81437879174399
40282.45,0.860117235674396
40282.46,0.870059542988938
40282.47,0.855649582950655
40282.48,0.826700897174825
40282.49,0.853575241719406
40282.5,0.884727185469483
40282.51,0.851324951684265
40282.52,0.886848277515555
40282.53,0.920570936345496
40282.54,0.922590111100707
40282.55,0.947824797974394
40282.56,0.92178514428574
40282.57,0.936172286012653
40282.58,0.946936346790154
40282.59,0.948428945349814
40282.6,0.952846853177502
40282.61,0.963480139205396
40282.62,0.94866316986668
40282.63,0.964752533129363
40282.64,0.969732730025071
40282.65,0.977287991067391
40282.66,1.01078453170311
40282.67,0.967890698460107
40282.68,0.988717181640774
40282.69,0.986588467959528
40282.7,0.971130226599074
40282.71,0.990411646645654
40282.72,1.02276406412255
40282.73,1.04529879862945
40282.74,1.08653381619874
40282.75,1.08865678257554
40282.76,1.04596316180991
40282.77,1.01786288184791
40282.78,1.00901662008525
40282.79,1.00382570574722
40282.8,0.99440083100888
40282.81,0.951801424150268
40282.82,0.921614401199751
40282.83,0.917417592443682
40282.84,0.897702370918804
40282.85,0.895787918532451
40282.86,0.914656109690457
40282.87,0.906299989936604
40282.88,0.884087030500699
40282.89,0.871438871161904
40282.9,0.876226413057791
40282.91,0.862234103326891
40282.92,0.885262342463616
40282.93,0.90924195355482
40282.94,0.929190427875633
40282.95,0.915344432251061
40282.96,0.898143122818181
40282.97,0.883804646968711
40282.98,0.888577967712822
40282.99,0.896796355709708
40283,0.908548395886086
40283.01,0.952904521819439
40283.02,0.958863101566048
40283.03,0.974337879921766
40283.04,0.9611000736193
40283.05,0.969519348192348
40283.06,0.968945031578956
40283.07,0.933503476780536
40283.08,1.00234878224858
40283.09,0.989045491833082
40283.1,1.00082910199635
40283.11,1.00572196366582
40283.12,0.963692000981747
40283.13,0.928220679715828
40283.14,0.918503597553335
40283.15,0.966887422872045
40283.16,0.940129153947074
40283.17,0.914603693523376
40283.18,0.899975177817727
40283.19,0.90186971837101
40283.2,0.900323230725194
40283.21,0.895253719756602
40283.22,0.912305472582569
40283.23,0.863420573565189
40283.24,0.897969971233487
40283.25,0.902305170839603
40283.26,0.892661827726185
40283.27,0.914636866569416
40283.28,0.933674534417176
40283.29,0.938140297107987
40283.3,0.897071936447332
40283.31,0.843989380785509
40283.32,0.87070002951638
40283.33,0.897703101493031
40283.34,0.895322446842848
40283.35,0.876737384654057
40283.36,0.865835345678
40283.37,0.884655584099033
40283.38,0.855131152935012
40283.39,0.848054021483465
40283.4,0.852484223989851
40283.41,0.822410128992788
40283.42,0.840416388410098
40283.43,0.848618739000439
40283.44,0.839025068537144
40283.45,0.853177115529836
40283.46,0.894056783161224
40283.47,0.935105301627699
40283.48,0.988554824101202
40283.49,0.993635930539957
40283.5,1.04910185910844
40283.51,1.06103137890503
40283.52,1.04779985010139
40283.53,1.04632393672593
40283.54,1.00020361934003
40283.55,1.00939953241959
40283.56,0.995468229984279
40283.57,1.03639213768292
40283.58,1.00094078156059
40283.59,1.01403779718086
40283.6,0.991766162665539
40283.61,0.9884115095152
40283.62,0.958036776728757
40283.63,0.968004583191882
40283.64,1.02161813341836
40283.65,1.0296952746464
40283.66,0.990934344840695
40283.67,0.954743551399077
40283.68,0.950450816449983
40283.69,0.934115795171574
40283.7,0.915106306647906
40283.71,0.887485425988118
40283.72,0.874409124162249
40283.73,0.869833972136263
40283.74,0.915347160964269
40283.75,0.934522068491628
40283.76,0.900686413673173
40283.77,0.940776606512702
40283.78,0.943213699597917
40283.79,0.953629027164512
40283.8,0.959366253533152
40283.81,0.975408885564581
40283.82,0.955886842466272
40283.83,0.961530108250404
40283.84,0.930702674168577
40283.85,0.908646867816995
40283.86,0.954441123900628
40283.87,0.962150647825776
40283.88,0.963494058196904
40283.89,0.970794316714459
40283.9,0.977950071941833
40283.91,0.994171020140785
40283.92,1.00032110774633
40283.93,0.977562977994755
40283.94,1.02155311713111
40283.95,1.03061447917004
40283.96,1.03076106838603
40283.97,0.977414325466906
40283.98,0.980376265639227
40283.99,1.01333803862035
40284,1.0241747399213
40284.01,1.07034971160866
40284.02,1.0541602847009
40284.03,1.02768908986173
40284.04,1.00588097718379
40284.05,0.972410689396789
40284.06,1.00781001391501
40284.07,1.0671659042328
40284.08,1.01478122235394
40284.09,0.987723537550471
40284.1,1.00824538460527
40284.11,1.01082182645465
40284.12,1.03645524181639
40284.13,1.0329872346495
40284.14,1.00614552500605
40284.15,1.01177750794638
40284.16,1.0765943584713
40284.17,1.03301526345153
40284.18,1.00994472674277
40284.19,1.02416443787002
40284.2,1.01517527062144
40284.21,1.01962560023732
40284.22,1.03814783997142
40284.23,1.03187014153393
40284.24,1.02092872207783
40284.25,1.01237492686322
40284.26,1.01874100538811
40284.27,1.00943805118221
40284.28,1.04163969936364
40284.29,1.0106086669509
40284.3,1.03172305384934
40284.31,0.998643988267594
40284.32,1.02823760231786
40284.33,1.07946506641814
40284.34,1.0065402464357
40284.35,1.01590480698305
40284.36,0.989824882071681
40284.37,0.993521965593632
40284.38,1.03565009356095
40284.39,1.03361284866507
40284.4,1.02494024436533
40284.41,1.02458602152536
40284.42,1.01845913171768
40284.43,1.00523802001673
40284.44,1.01692543351007
40284.45,1.0173970828655
40284.46,1.01025128100903
40284.47,1.00665506377952
40284.48,0.968587376417065
40284.49,0.992955096394386
40284.5,0.968025648899191
40284.51,1.01523591249529
40284.52,1.05416760933356
40284.53,1.08451807364332
40284.54,1.07924731028412
40284.55,1.07733408653497
40284.56,1.08402785065927
40284.57,1.13595465201809
40284.58,1.14997520626761
40284.59,1.11891827358515
40284.6,1.02186041789092
40284.61,1.0647491559062
40284.62,1.09431051397298
40284.63,1.11009012102675
40284.64,1.09067286983661
40284.65,1.10444746915307
40284.66,1.09690891202223
40284.67,1.15495016284203
40284.68,1.20117687747286
40284.69,1.21154032717041
40284.7,1.1480815365812
40284.71,1.18237380089672
40284.72,1.15974146860409
40284.73,1.16358580296391
40284.74,1.17317552164708
40284.75,1.17207323834526
40284.76,1.18969760918051
40284.77,1.13195723703303
40284.78,1.10283482738081
40284.79,1.10990266813094
40284.8,1.11790071357488
40284.81,1.13890778710737
40284.82,1.13414920156283
40284.83,1.10068619814369
40284.84,1.13110842802029
40284.85,1.14380530696852
40284.86,1.10727825521698
40284.87,1.12818284990101
40284.88,1.17582484228239
40284.89,1.17801188039543
40284.9,1.24651293462726
40284.91,1.26071410802513
40284.92,1.25966134030775
40284.93,1.22421885201787
40284.94,1.11843965670775
40284.95,1.10378374766644
40284.96,1.09993830720701
40284.97,1.04924113797763
40284.98,1.0432319139571
40284.99,1.05744185834161
40285,1.0725912931844
40285.01,1.08263119915023
40285.02,1.07480528126739
40285.03,1.09490477629354
40285.04,1.06155857418918
40285.05,1.01524593025767
40285.06,0.984838528534038
40285.07,0.973891053622075
40285.08,0.99285548436679
40285.09,0.947096610575413
40285.1,0.947211862338187
40285.11,0.934314704384099
40285.12,0.94093375329354
40285.13,0.966110358051987
40285.14,0.936648105249986
40285.15,0.915541304367322
40285.16,0.884125072818449
40285.17,0.916388376626377
40285.18,0.896660561218716
40285.19,0.907130387730835
40285.2,0.902023937992062
40285.21,0.96842429828662
40285.22,0.971261963916146
40285.23,0.974667163264799
40285.24,0.953554750801861
40285.25,0.956177730624574
40285.26,0.978576973571088
40285.27,0.939444617147323
40285.28,0.899718639869222
40285.29,0.923797313961638
40285.3,0.93584323935075
40285.31,0.914704855407138
40285.32,0.933880038243828
40285.33,0.906556599429183
40285.34,0.940544636787969
40285.35,0.931078211871648
40285.36,0.934823408858079
40285.37,0.986989163174031
40285.38,0.882696533994523
40285.39,0.884085676605663
40285.4,0.884403062512653
40285.41,0.864007446530481
40285.42,0.864067485676904
40285.43,0.842234554023471
40285.44,0.8022654418397
40285.45,0.776204458328533
40285.46,0.819140499880835
40285.47,0.797703500583093
40285.48,0.795748470274993
40285.49,0.782010962201882
40285.5,0.757369647549097
40285.51,0.736481116946878
40285.52,0.738765437707812
40285.53,0.743934703608022
40285.54,0.75760488981016
40285.55,0.797105516802165
40285.56,0.809176024825241
40285.57,0.810811667730244
40285.58,0.833257388413216
40285.59,0.825292441245062
40285.6,0.822255036971315
40285.61,0.843703291136295
40285.62,0.836399034814211
40285.63,0.791599525685038
40285.64,0.80382748079162
40285.65,0.839939594523253
40285.66,0.869359887767719
40285.67,0.863099140861431
40285.68,0.867961847789112
40285.69,0.881596391260525
40285.7,0.846165467005712
40285.71,0.871410727846016
40285.72,0.853393931531223
40285.73,0.880115642971439
40285.74,0.829406301254897
40285.75,0.819685988068054
40285.76,0.841925658277965
40285.77,0.84640768751253
40285.78,0.845636259911025
40285.79,0.842989802501835
40285.8,0.836603742059569
40285.81,0.798893931283506
40285.82,0.825927140491973
40285.83,0.814408315376302
40285.84,0.819211812761398
40285.85,0.840788617467973
40285.86,0.821037634190158
40285.87,0.818312655224469
40285.88,0.825244092227207
40285.89,0.829423045833393
40285.9,0.835901316704171
40285.91,0.859830082206857
40285.92,0.893613447746868
40285.93,0.905849311247843
40285.94,0.938775897740854
40285.95,0.946554847420657
40285.96,0.959405645691012
40285.97,0.952988239042688
40285.98,0.947937355523527
40285.99,0.970216972455573
40286,0.999893870917602
40286.01,1.02518603526561
40286.02,1.0299196700601
40286.03,1.02179703083587
40286.04,0.961245289295949
40286.05,0.921180142469168
40286.06,0.931934520880192
40286.07,0.880033755550542
40286.08,0.890227938241942
40286.09,0.908369351436208
40286.1,0.914845975147231
40286.11,0.918379120516353
40286.12,0.958182694650872
40286.13,0.946714319691158
40286.14,0.908702825380663
40286.15,0.910938627830251
40286.16,0.908810392721146
40286.17,0.887023736986686
40286.18,0.872529348188072
40286.19,0.884716295949489
40286.2,0.917635166647925
40286.21,0.883772886201498
40286.22,0.91058285332549
40286.23,0.930283488102709
40286.24,0.979439505682408
40286.25,0.978332245620489
40286.26,0.961473418198308
40286.27,1.02629975211598
40286.28,0.969374734853391
40286.29,0.941908830558648
40286.3,0.909833854640464
40286.31,0.906443611794147
40286.32,0.850796792665754
40286.33,0.811882101820239
40286.34,0.758609883818371
40286.35,0.7806094997137
40286.36,0.789373596461049
40286.37,0.797385539157449
40286.38,0.816923810455206
40286.39,0.815997929072049
40286.4,0.802834763465215
40286.41,0.818581718939493
40286.42,0.847651916184279
40286.43,0.853782253751548
40286.44,0.832579211418943
40286.45,0.847968429310575
40286.46,0.860751913155923
40286.47,0.851917559899049
40286.48,0.852251170573035
40286.49,0.869754874069006
40286.5,0.870301923195258
40286.51,0.85633637528147
40286.52,0.813587181092292
40286.53,0.842595774802213
40286.54,0.833561370996958
40286.55,0.811912641236081
40286.56,0.804491003513212
40286.57,0.801599289358676
40286.58,0.787304137960824
40286.59,0.798246579912064
40286.6,0.784968522260546
40286.61,0.805730873123088
40286.62,0.805869828239171
40286.63,0.776581829421334
40286.64,0.769150678155239
40286.65,0.751705562178843
40286.66,0.760958325239969
40286.67,0.72953081457391
40286.68,0.749899754410276
40286.69,0.761352666876855
40286.7,0.780807813073012
40286.71,0.763609573645509
40286.72,0.806583009111742
40286.73,0.807500407782269
40286.74,0.80159247023359
40286.75,0.804821275485414
40286.76,0.819915212204507
40286.77,0.819167234917727
40286.78,0.826218422387428
40286.79,0.819969745586314
40286.8,0.799608865168512
40286.81,0.794802735605179
40286.82,0.788871260198001
40286.83,0.776771265415935
40286.84,0.772709770024938
40286.85,0.789143597831316
40286.86,0.780419836388459
40286.87,0.79603487330246
40286.88,0.787569321618568
40286.89,0.799522400300827
40286.9,0.808038774377338
40286.91,0.84036960767475
40286.92,0.850760321705653
40286.93,0.847411922876194
40286.94,0.868327131592215
40286.95,0.884989455652481
40286.96,0.888242031329492
40286.97,0.891825665272701
40286.98,0.850865756116787
40286.99,0.883717870918147
40287,0.914020423162644
40287.01,0.982522386008521
40287.02,0.985042085864526
40287.03,0.967282559532774
40287.04,0.991572646947834
40287.05,0.948496642014506
40287.06,0.941020649937141
40287.07,0.957020013339215
40287.08,0.955049929799787
40287.09,0.983963083020887
40287.1,0.935569236039987
40287.11,0.957698309972261
40287.12,0.973385824026985
40287.13,0.996836904259252
40287.14,0.98256479722063
40287.15,0.999523974584249
40287.16,1.01934417268142
40287.17,1.02982265512423
40287.18,1.0362340398502
40287.19,0.985715214952396
40287.2,0.954972256194874
40287.21,0.94719614066462
40287.22,0.951953145199323
40287.23,0.979225844440921
40287.24,0.993961504365548
40287.25,1.0174166181777
40287.26,0.974815081918642
40287.27,0.965225837751707
40287.28,0.988909901821459
40287.29,0.988247837965322
40287.3,0.955085435615656
40287.31,0.987445934749348
40287.32,0.958140975816548
40287.33,0.940371616900096
40287.34,0.955126497474671
40287.35,0.922566689813523
40287.36,0.898886266139311
40287.37,0.916636110974084
40287.38,0.919076859533035
40287.39,0.863542851794894
40287.4,0.840659436073993
40287.41,0.809006760887002
40287.42,0.790099721536598
40287.43,0.817697912274253
40287.44,0.827563649151296
40287.45,0.815179340767092
40287.46,0.845271771933491
40287.47,0.868785628617075
40287.48,0.869918433937985
40287.49,0.875703158987292
40287.5,0.859759176818099
40287.51,0.836588218156959
40287.52,0.834554281217669
40287.53,0.840039549267341
40287.54,0.841488391045198
40287.55,0.858338964965725
40287.56,0.831040617478185
40287.57,0.881661088105651
40287.58,0.905806118345551
40287.59,0.88719188764588
40287.6,0.870381625755036
40287.61,0.898689491009269
40287.62,0.874741125595445
40287.63,0.859408535034493
40287.64,0.872031974198679
40287.65,0.882248294450726
40287.66,0.847012992844251
40287.67,0.834588107961237
40287.68,0.836221189760164
40287.69,0.813849656743194
40287.7,0.842893170623677
40287.71,0.832845111136383
40287.72,0.821373793861986
40287.73,0.797512571414037
40287.74,0.792290081095819
40287.75,0.783107068945996
40287.76,0.770843936077081
40287.77,0.75832130020067
40287.78,0.756841726338983
40287.79,0.721135784189608
40287.8,0.734946447597386
40287.81,0.790640330472441
40287.82,0.803569019203798
40287.83,0.836570424563057
40287.84,0.85752450957681
40287.85,0.837661831806534
40287.86,0.85908812068086
40287.87,0.809586866505564
40287.88,0.756257220805725
40287.89,0.77753255357979
40287.9,0.780875004882629
40287.91,0.759768207849921
40287.92,0.743867678171753
40287.93,0.739125613760134
40287.94,0.707384932508727
40287.95,0.661522195080299
40287.96,0.667346383778421
40287.97,0.703241947023212
40287.98,0.681473825764208
40287.99,0.681491965617613
40288,0.664546059957848
40288.01,0.673224196020805
40288.02,0.636690584723636
40288.03,0.599869499444945
40288.04,0.614408198127902
40288.05,0.620268893575527
40288.06,0.603395499615231
40288.07,0.622762695381307
40288.08,0.640403424876559
40288.09,0.626578675067301
40288.1,0.640495770318592
40288.11,0.655828854432799
40288.12,0.682183937694125
40288.13,0.684275052969563
40288.14,0.696312842735883
40288.15,0.680590089865072
40288.16,0.686087026740424
40288.17,0.694521597304986
40288.18,0.699733842759607
40288.19,0.689360776800363
40288.2,0.712431282612972
40288.21,0.717834543399311
40288.22,0.721222616163657
40288.23,0.754019124189256
40288.24,0.741719226032366
40288.25,0.728776070094966
40288.26,0.70782392399687
40288.27,0.69801641129394
40288.28,0.718171949962791
40288.29,0.735081338886336
40288.3,0.72294177079864
40288.31,0.694840182486091
40288.32,0.67554008852792
40288.33,0.651600887944946
40288.34,0.647056456455052
40288.35,0.65064387526462
40288.36,0.619813929722152
40288.37,0.643819656135006
40288.38,0.678992499090808
40288.39,0.688065745457363
40288.4,0.686580385407297
40288.41,0.701593661813421
40288.42,0.699428902427798
40288.43,0.680645112293886
40288.44,0.672828413315076
40288.45,0.690510979095542
40288.46,0.658944155971752
40288.47,0.676117279368111
40288.48,0.690579406294995
40288.49,0.678188690701372
40288.5,0.702697834799817
40288.51,0.718044774791039
40288.52,0.725496013010893
40288.53,0.706212376950269
40288.54,0.73748754525703
40288.55,0.718250582996572
40288.56,0.727251769634206
40288.57,0.734552965215171
40288.58,0.708610692116096
40288.59,0.697055959809111
40288.6,0.705810185087022
40288.61,0.687892160084018
40288.62,0.674706879498088
40288.63,0.690773680415091
40288.64,0.675343684545464
40288.65,0.671619843995325
40288.66,0.657495502125017
40288.67,0.639830620237202
40288.68,0.660468155993636
40288.69,0.676258933386377
40288.7,0.685038806079165
40288.71,0.729681161664885
40288.72,0.735884887321617
40288.73,0.739411503074234
40288.74,0.772063325163324
40288.75,0.770949563275901
40288.76,0.75274815498036
40288.77,0.737617207622352
40288.78,0.711747380543869
40288.79,0.76752287419824
40288.8,0.782057291770481
40288.81,0.785172678914277
40288.82,0.758114088355398
40288.83,0.784128745274888
40288.84,0.785048491931097
40288.85,0.808867795911037
40288.86,0.755045590757516
40288.87,0.724068322653202
40288.88,0.733000170464148
40288.89,0.749396027584582
40288.9,0.73562742231124
40288.91,0.734003817358434
40288.92,0.740866553977375
40288.93,0.736076800326646
40288.94,0.736066271782005
40288.95,0.740171274110399
40288.96,0.745078996880716
40288.97,0.750937128207258
40288.98,0.703027672579144
40288.99,0.715962770329189
40289,0.71511073483333
40289.01,0.743171601926762
40289.02,0.726700714311615
40289.03,0.719576352325572
40289.04,0.764516602077279
40289.05,0.798362710384986
40289.06,0.805663738618914
40289.07,0.786469592401719
40289.08,0.775572043426073
40289.09,0.772368998358771
40289.1,0.791132443241025
40289.11,0.825741372821841
40289.12,0.842213114622171
40289.13,0.839218526822041
40289.14,0.81081371752085
40289.15,0.799517523462207
40289.16,0.778079492222877
40289.17,0.75284652518181
40289.18,0.731428322368759
40289.19,0.713541329114589
40289.2,0.717622266471438
40289.21,0.704967261400701
40289.22,0.673483878530171
40289.23,0.672337163684568
40289.24,0.677212872511323
40289.25,0.66126835320121
40289.26,0.68228291178063
40289.27,0.691526875274303
40289.28,0.688841450956265
40289.29,0.694273614091602
40289.3,0.717408916672718
40289.31,0.757628030210562
40289.32,0.746752163598704
40289.33,0.728064240792381
40289.34,0.732814204092939
40289.35,0.782949007051257
40289.36,0.779616664374874
40289.37,0.75406484041077
40289.38,0.764923307744792
40289.39,0.789098484506187
40289.4,0.770259935115369
40289.41,0.751753881169545
40289.42,0.735102617008699
40289.43,0.757472400824967
40289.44,0.761108703654011
40289.45,0.734402900089163
40289.46,0.76822729986247
40289.47,0.764823794949128
40289.48,0.792876824896915
40289.49,0.865972133232759
40289.5,0.866207487485283
40289.51,0.848851305998616
40289.52,0.845396167454166
40289.53,0.824709839331869
40289.54,0.843852513020291
40289.55,0.856958208941852
40289.56,0.870230435710702
40289.57,0.860697650752423
40289.58,0.882195813801379
40289.59,0.884159199781936
40289.6,0.896228129763585
40289.61,0.860726946208285
40289.62,0.830391137565756
40289.63,0.811781540224269
40289.64,0.771011748533858
40289.65,0.767751604285538
40289.66,0.776351553377703
40289.67,0.794708236166262
40289.68,0.818777888056525
40289.69,0.825077733498794
40289.7,0.853956176476092
40289.71,0.831131634617764
40289.72,0.829256936166325
40289.73,0.800270754781672
40289.74,0.789665244182939
40289.75,0.80980247444769
40289.76,0.798841981666678
40289.77,0.777090436368616
40289.78,0.784349063287192
40289.79,0.787632963964952
40289.8,0.757494261465483
40289.81,0.803639533521776
40289.82,0.819178960103434
40289.83,0.812563979106296
40289.84,0.781363052604222
40289.85,0.807477403898316
40289.86,0.787801377339218
40289.87,0.789246161010493
40289.88,0.793836943895443
40289.89,0.767998966277222
40289.9,0.81552306685515
40289.91,0.833275692732242
40289.92,0.840896912517013
40289.93,0.847285914649601
40289.94,0.845883641835746
40289.95,0.862700037926039
40289.96,0.880968043202646
40289.97,0.903132327293194
40289.98,0.881588455559285
40289.99,0.883085726428137
40290,0.843950669504713
40290.01,0.854493091280899
40290.02,0.837549325764228
40290.03,0.834688041861896
40290.04,0.836490096177719
40290.05,0.822497304054442
40290.06,0.789016540734468
40290.07,0.802712630343165
40290.08,0.808377925764139
40290.09,0.79014162631791
40290.1,0.793331674452652
40290.11,0.800949879229909
40290.12,0.801968964783866
40290.13,0.805172613226264
40290.14,0.800876230898268
40290.15,0.808870499939138
40290.16,0.862777780932663
40290.17,0.864089312536755
40290.18,0.882913472289382
40290.19,0.883561012607684
40290.2,0.859536685491418
40290.21,0.89590051122907
40290.22,0.884876807995803
40290.23,0.842147126265081
40290.24,0.863545844840103
40290.25,0.867571089601547
40290.26,0.893566953965094
40290.27,0.867376390542892
40290.28,0.830289959790181
40290.29,0.806908987061698
40290.3,0.820797572757302
40290.31,0.83932375977005
40290.32,0.826637995380056
40290.33,0.816188326637535
40290.34,0.827343981958686
40290.35,0.826697502232822
40290.36,0.796864170115831
40290.37,0.819732727216761
40290.38,0.792931008197382
40290.39,0.816821732341071
40290.4,0.800169527701364
40290.41,0.772760677344005
40290.42,0.78531689451938
40290.43,0.790668877389399
40290.44,0.756105684158351
40290.45,0.739240934473118
40290.46,0.711908604389178
40290.47,0.739965312507474
40290.48,0.760456278653908
40290.49,0.771852021834971
40290.5,0.744104169024979
40290.51,0.741046391869902
40290.52,0.750834210279607
40290.53,0.755166581084336
40290.54,0.758016706651412
40290.55,0.717012739360174
40290.56,0.737939300925517
40290.57,0.740081319189712
40290.58,0.760925975883871
40290.59,0.7832444832889
40290.6,0.754673671863888
40290.61,0.752521886859058
40290.62,0.749800219893882
40290.63,0.716874119026616
40290.64,0.71586077581317
40290.65,0.738998461775138
40290.66,0.731165362106607
40290.67,0.739442661359957
40290.68,0.741347191304297
40290.69,0.758547641541381
40290.7,0.848232164180345
40290.71,0.869702372897599
40290.72,0.843746947491547
40290.73,0.830473092675422
40290.74,0.864368141497802
40290.75,0.864601490300806
40290.76,0.889141060616521
40290.77,0.883735926392126
40290.78,0.880476856284799
40290.79,0.87975120579048
40290.8,0.879979205709719
40290.81,0.864472998823743
40290.82,0.853855957009913
40290.83,0.857166360809115
40290.84,0.858587975433414
40290.85,0.879016679612254
40290.86,0.827941232194943
40290.87,0.798789238729721
40290.88,0.828340732704828
40290.89,0.826341171066719
40290.9,0.808708289007777
40290.91,0.80015051154133
40290.92,0.787889687440341
40290.93,0.77023070642204
40290.94,0.754722767821214
40290.95,0.752994214760726
40290.96,0.766324681069868
40290.97,0.735689179814532
40290.98,0.729805980318855
40290.99,0.72491984660862
40291,0.764695333349862
40291.01,0.771631033363325
40291.02,0.793545471683693
40291.03,0.795873622420098
40291.04,0.781192986460369
40291.05,0.75404240823833
40291.06,0.746274080022091
40291.07,0.73989123119043
40291.08,0.753236193734972
40291.09,0.748428095634252
40291.1,0.774577163111851
40291.11,0.771617722213623
40291.12,0.814715729590081
40291.13,0.827730428396789
40291.14,0.823295316449088
40291.15,0.804400700785119
40291.16,0.811186131589674
40291.17,0.81576937802983
40291.18,0.814586780941044
40291.19,0.783157613455946
40291.2,0.811923679495662
40291.21,0.834724967528174
40291.22,0.797680517473736
40291.23,0.812394719491738
40291.24,0.829416726444329
40291.25,0.815763878036078
40291.26,0.811045749289955
40291.27,0.801065575046594
40291.28,0.797686413378756
40291.29,0.828535537060988
40291.3,0.81885825440319
40291.31,0.833899110645922
40291.32,0.875700196249542
40291.33,0.868213443766714
40291.34,0.839241813708802
40291.35,0.880376288674512
40291.36,0.922370001685248
40291.37,0.905525561016192
40291.38,0.867509206972033
40291.39,0.863514968874827
40291.4,0.86207441703373
40291.41,0.876692521506718
40291.42,0.839679066586807
40291.43,0.817923577403249
40291.44,0.839010208103491
40291.45,0.821855774376677
40291.46,0.811620773744164
40291.47,0.775333146899661
40291.48,0.785920118571667
40291.49,0.796677168293645
40291.5,0.782125035698937
40291.51,0.806748287345524
40291.52,0.840544307289724
40291.53,0.823593029370081
40291.54,0.867088476436704
40291.55,0.892848863619243
40291.56,0.874232531671356
40291.57,0.923551439936105
40291.58,0.90573582534781
40291.59,0.945449168156552
40291.6,0.940922471805739
40291.61,0.902309966866731
40291.62,0.907217900726887
40291.63,0.915201861208956
40291.64,0.870565516420718
40291.65,0.885231172727165
40291.66,0.868855692135524
40291.67,0.861539806491945
40291.68,0.850986673569587
40291.69,0.85202208430675
40291.7,0.847008351883188
40291.71,0.83105331965657
40291.72,0.870440180898653
40291.73,0.826739694055635
40291.74,0.824319187896142
40291.75,0.857191868382241
40291.76,0.897632336021356
40291.77,0.922768650117655
40291.78,0.919077208619627
40291.79,0.909754447791655
40291.8,0.900836123180571
40291.81,0.928252384419085
40291.82,0.92393734327383
40291.83,0.93280434993469
40291.84,0.936258609989659
40291.85,0.978381648417549
40291.86,0.989685135873001
40291.87,0.96808735801777
40291.88,0.976537707195499
40291.89,1.01247098715704
40291.9,0.989433168356679
40291.91,1.02749160187455
40291.92,1.00234667449787
40291.93,0.95708900076305
40291.94,0.932603959157252
40291.95,0.918683735559212
40291.96,0.979947603773169
40291.97,0.953098554294324
40291.98,0.909883409538345
40291.99,0.950226302244404
40292,0.980491610440792
40292.01,0.980976324451972
40292.02,0.981152595832423
40292.03,0.980665660804933
40292.04,0.970827246499546
40292.05,0.990839909261894
40292.06,0.970092217069583
40292.07,0.925033221526964
40292.08,0.955473811636498
40292.09,0.939502905497907
40292.1,0.951125584748209
40292.11,0.979537416053554
40292.12,0.96731223935505
40292.13,0.982051904290037
40292.14,1.01665929686536
40292.15,1.03079369075587
40292.16,1.02881756177021
40292.17,1.03015228204094
40292.18,1.04549422786913
40292.19,0.979388053686177
40292.2,0.943944236387675
40292.21,0.932886734774289
40292.22,0.915542495767361
40292.23,0.919856840929443
40292.24,0.911142669898579
40292.25,0.921068668295238
40292.26,0.89189152228582
40292.27,0.883880286702865
40292.28,0.858762886634746
40292.29,0.86781557098278
40292.3,0.884055752910312
40292.31,0.868836744792296
40292.32,0.888091181098075
40292.33,0.886815296077017
40292.34,0.923323784546032
40292.35,0.86247391068889
40292.36,0.863450056929262
40292.37,0.884483518166943
40292.38,0.89565420902873
40292.39,0.863007473743549
40292.4,0.879920492844171
40292.41,0.862104511658944
40292.42,0.845037814964459
40292.43,0.83985902733834
40292.44,0.828860407982686
40292.45,0.801046861199854
40292.46,0.789341230883823
40292.47,0.79087032122009
40292.48,0.766267090061791
40292.49,0.748175934492436
40292.5,0.765451658114831
40292.51,0.763614999548493
40292.52,0.741893489153205
40292.53,0.746176716600385
40292.54,0.746636007046413
40292.55,0.728695784835286
40292.56,0.748992674190096
40292.57,0.708144257544476
40292.58,0.705533115852862
40292.59,0.737543194525005
40292.6,0.742196636715875
40292.61,0.746136753248492
40292.62,0.743031241497584
40292.63,0.712639212095894
40292.64,0.716647518754173
40292.65,0.717415229207985
40292.66,0.72100493855804
40292.67,0.726949678715089
40292.68,0.755815819092628
40292.69,0.765060794917024
40292.7,0.751734615290063
40292.71,0.801995488119817
40292.72,0.815360951516827
40292.73,0.830455515174426
40292.74,0.813397690317929
40292.75,0.804327098502801
40292.76,0.796531685741908
40292.77,0.808243662081902
40292.78,0.820213354394747
40292.79,0.848042169438586
40292.8,0.857140044077241
40292.81,0.886566481465416
40292.82,0.886708109275235
40292.83,0.883024820735981
40292.84,0.882252009541124
40292.85,0.897982771553358
40292.86,0.952253185550701
40292.87,0.926184999609403
40292.88,0.879991408963722
40292.89,0.934625667102223
40292.9,0.960361481185629
40292.91,0.961262208805752
40292.92,0.984220698934855
40292.93,0.982746671419304
40292.94,0.93086509102158
40292.95,0.952253278105976
40292.96,0.944056462779972
40292.97,0.911895874729881
40292.98,0.942645249125224
40292.99,0.916885164373394
40293,0.935888565307976
40293.01,0.927806499113567
40293.02,0.936614822026833
40293.03,0.939856336818242
40293.04,0.987737477270922
40293.05,0.974632226087766
40293.06,0.941900730186215
40293.07,0.964207661125773
40293.08,0.927072194719034
40293.09,0.96134840260216
40293.1,0.965367074888188
40293.11,0.929112705104162
40293.12,0.898427741890697
40293.13,0.878152713628477
40293.14,0.891317010977777
40293.15,0.882186235790724
40293.16,0.886299048273141
40293.17,0.909971192151633
40293.18,0.85115403285376
40293.19,0.839569932143007
40293.2,0.84750105298691
40293.21,0.844171621890339
40293.22,0.852925004700818
40293.23,0.904265526627107
40293.24,0.928070689702148
40293.25,0.941069437862275
40293.26,0.967502330120327
40293.27,0.930898945865338
40293.28,0.909005590697645
40293.29,0.960982662515441
40293.3,0.984560867610604
40293.31,0.97882801545773
40293.32,0.935395220715086
40293.33,0.95153418207233
40293.34,0.946106113272918
40293.35,0.909013865666723
40293.36,0.88466070416311
40293.37,0.862034070185349
40293.38,0.85218771644007
40293.39,0.861903320389895
40293.4,0.835729073734668
40293.41,0.869820798193683
40293.42,0.842416379629693
40293.43,0.815668093529003
40293.44,0.825515584291
40293.45,0.839911829572843
40293.46,0.810908194145856
40293.47,0.806121675316724
40293.48,0.81445714175495
40293.49,0.82562091291901
40293.5,0.82846743078982
40293.51,0.855366863107144
40293.52,0.844120199343397
40293.53,0.820075350611832
40293.54,0.763355001627025
40293.55,0.792309478589577
40293.56,0.7841520247574
40293.57,0.795114797872626
40293.58,0.828674005092277
40293.59,0.811969447499458
40293.6,0.773034673800774
40293.61,0.7915593540587
40293.62,0.79786227482146
40293.63,0.810465411621948
40293.64,0.828854375245926
40293.65,0.830250510555876
40293.66,0.853599191391813
40293.67,0.883305753530445
40293.68,0.869945260558102
40293.69,0.884826445484874
40293.7,0.903773625221884
40293.71,0.904246530673787
40293.72,0.944103603943046
40293.73,0.940968537060149
40293.74,0.929370246425465
40293.75,0.92294544956591
40293.76,0.96540121181294
40293.77,0.939890104771559
40293.78,0.889551907780253
40293.79,0.918910164810081
40293.8,0.915847511042452
40293.81,0.894987270726337
40293.82,0.928104931731574
40293.83,0.93555037536815
40293.84,0.911024461793714
40293.85,0.929662754076786
40293.86,0.900907264567367
40293.87,0.908239151687769
40293.88,0.881178499680594
40293.89,0.870041398963245
40293.9,0.882626750268682
40293.91,0.878734968227901
40293.92,0.860497053702443
40293.93,0.838557559413182
40293.94,0.857553632281356
40293.95,0.900229702371751
40293.96,0.901725091031693
40293.97,0.896128045999258
40293.98,0.887396747731254
40293.99,0.874603757163064
40294,0.874363143201175
40294.01,0.854760374369802
40294.02,0.851786092280324
40294.03,0.878348523530043
40294.04,0.839122273896315
40294.05,0.854945584304318
40294.06,0.8922535858838
40294.07,0.912193374211283
40294.08,0.902264666547247
40294.09,0.945486052401099
40294.1,0.907175324909734
40294.11,0.931438674579679
40294.12,0.916274638310514
40294.13,0.887367550744164
40294.14,0.823055833040058
40294.15,0.856118900225736
40294.16,0.837695508571649
40294.17,0.812466410655819
40294.18,0.798138459355085
40294.19,0.807521369211022
40294.2,0.794297389133638
40294.21,0.786699183994505
40294.22,0.827734836731784
40294.23,0.83385690169837
40294.24,0.804339045134601
40294.25,0.824495896295334
40294.26,0.821282900988382
40294.27,0.829396144845445
40294.28,0.798601415933661
40294.29,0.829195883050136
40294.3,0.853997179333047
40294.31,0.923557768654062
40294.32,0.888228476603008
40294.33,0.909776630497654
40294.34,0.929446732020122
40294.35,0.927980964756679
40294.36,0.945778036639748
40294.37,0.931201897919773
40294.38,0.933885542105421
40294.39,0.885134803323516
40294.4,0.861259728854664
40294.41,0.880427831086306
40294.42,0.892498444321249
40294.43,0.839173337104817
40294.44,0.851872578554182
40294.45,0.811920679141582
40294.46,0.788364845561512
40294.47,0.778639970821927
40294.48,0.758485516432348
40294.49,0.779160627865347
40294.5,0.747633187273985
40294.51,0.743804291438412
40294.52,0.750866303390394
40294.53,0.750457241353905
40294.54,0.725422659361574
40294.55,0.758049576684592
40294.56,0.80476951074576
40294.57,0.796141832174181
40294.58,0.78285078274256
40294.59,0.801782114859048
40294.6,0.782228994041903
40294.61,0.765537500601285
40294.62,0.761893948022589
40294.63,0.790244168282475
40294.64,0.767967568060999
40294.65,0.785296643981702
40294.66,0.764771978630563
40294.67,0.790921511416005
40294.68,0.810538985306762
40294.69,0.861235973099388
40294.7,0.852201420426794
40294.71,0.80433060597867
40294.72,0.804323170937686
40294.73,0.859119227599332
40294.74,0.898897950705666
40294.75,0.887256525652658
40294.76,0.878788152217311
40294.77,0.885778804687817
40294.78,0.859064693799145
40294.79,0.867096959790274
40294.8,0.833471271931863
40294.81,0.842326139381588
40294.82,0.835790232780822
40294.83,0.858254698100269
40294.84,0.888860002186076
40294.85,0.887549153166636
40294.86,0.915565741237942
40294.87,0.899571074950144
40294.88,0.934665357628842
40294.89,0.881115537907755
40294.9,0.890570107276523
40294.91,0.891013252382319
40294.92,0.893622158374282
40294.93,0.92296252795966
40294.94,0.901467007929236
40294.95,0.915773976203809
40294.96,0.959006973662094
40294.97,0.979179574786032
40294.98,1.00826295662135
40294.99,0.974044884765565
40295,1.00968152533801
40295.01,1.01519612617745
40295.02,1.03169901548445
40295.03,1.00693681582601
40295.04,0.948473566828288
40295.05,0.921110823636411
40295.06,0.938313227734953
40295.07,0.969199904994582
40295.08,0.992359037826766
40295.09,0.989027023293736
40295.1,0.956000080410313
40295.11,0.928499286035961
40295.12,0.909818241346232
40295.13,0.898381402442981
40295.14,0.931902732448392
40295.15,0.922023884301477
40295.16,0.949732295508023
40295.17,1.00466764117186
40295.18,1.02674389650461
40295.19,0.994305072106971
40295.2,0.984251321663891
40295.21,1.00461562197826
40295.22,1.02393772355298
40295.23,0.988828090108307
40295.24,1.02483637150439
40295.25,1.02243904832015
40295.26,0.951849374377876
40295.27,0.930548541207454
40295.28,0.92516031307545
40295.29,0.943427370612618
40295.3,0.944452464399286
40295.31,0.947264769706782
40295.32,0.968327151488868
40295.33,0.938310479887387
40295.34,0.91613618649874
40295.35,0.953903802520576
40295.36,0.902456857717034
40295.37,0.890888072136423
40295.38,0.859932358081804
40295.39,0.848401564869883
40295.4,0.856437853963179
40295.41,0.829147396435264
40295.42,0.843514749596764
40295.43,0.870137922004148
40295.44,0.867837767073148
40295.45,0.890469990784779
40295.46,0.866652191556185
40295.47,0.871936370536668
40295.48,0.86311451484141
40295.49,0.910947830073263
40295.5,0.90985249755716
40295.51,0.9306739892203
40295.52,0.936689564889248
40295.53,0.932155627537218
40295.54,0.896379905877286
40295.55,0.953251026600606
40295.56,0.907256944916274
40295.57,0.935829503847436
40295.58,0.913654285606461
40295.59,0.895556958924027
40295.6,0.861857611034695
40295.61,0.838728328644083
40295.62,0.839424536920282
40295.63,0.852580596336988
40295.64,0.89592796842031
40295.65,0.961754544347599
40295.66,0.967063406115426
40295.67,0.96374657101165
40295.68,0.970104857139475
40295.69,0.943333718057478
40295.7,0.954089810582613
40295.71,0.958588077965441
40295.72,0.937837547669777
40295.73,0.933470209054392
40295.74,0.938468220150428
40295.75,0.930974004003814
40295.76,0.932454697051663
40295.77,0.934634063127073
40295.78,0.963220052735353
40295.79,0.930860046047938
40295.8,0.882165054162898
40295.81,0.858650747038341
40295.82,0.901190295059147
40295.83,0.892749320386584
40295.84,0.890457359714471
40295.85,0.94094185277171
40295.86,0.930332745997516
40295.87,0.885011360785994
40295.88,0.845366520487515
40295.89,0.826744217420301
40295.9,0.875725752932121
40295.91,0.882771356170048
40295.92,0.891169364037972
40295.93,0.905815931318348
40295.94,0.880914815118619
40295.95,0.907197025280723
40295.96,0.90396342982535
40295.97,0.938424775528423
40295.98,0.970846426949995
40295.99,0.994966296344778
40296,0.996377664574965
40296.01,1.00322708160374
40296.02,0.99548316243202
40296.03,1.02473597866942
40296.04,0.995114121866475
40296.05,0.993540345902606
40296.06,0.997205076792138
40296.07,0.937366467640298
40296.08,0.971876771807004
40296.09,0.972512807304932
40296.1,1.01301223040296
40296.11,1.01469693930446
40296.12,1.04060175095275
40296.13,1.06840816084073
40296.14,1.05395158468822
40296.15,1.08521982868205
40296.16,1.03342964507838
40296.17,1.04706009878952
40296.18,1.04019739449652
40296.19,0.997806127134976
40296.2,1.00415838881579
40296.21,0.997538395345834
40296.22,1.04261479127566
40296.23,1.0339536569469
40296.24,0.979201169827624
40296.25,0.959663972445718
40296.26,0.927681286659893
40296.27,0.893556634206163
40296.28,0.84137277483872
40296.29,0.877984599724013
40296.3,0.927784756506707
40296.31,0.904893540508625
40296.32,0.936571253283754
40296.33,1.00076195373646
40296.34,0.99251265742318
40296.35,0.961031633599378
40296.36,0.943820224214388
40296.37,0.929905584647484
40296.38,0.951354045743462
40296.39,0.941729570261558
40296.4,0.93488321183375
40296.41,0.925710402065495
40296.42,0.954728401705395
40296.43,0.8998145345933
40296.44,0.913459928480222
40296.45,0.945610082607351
40296.46,0.910124690659282
40296.47,0.929112225707208
40296.48,0.953347765867099
40296.49,0.981695723131365
40296.5,0.988230862255268
40296.51,0.967555686450577
40296.52,0.943980557243304
40296.53,0.948243899973565
40296.54,0.88851749266896
40296.55,0.854324170285556
40296.56,0.852133035766242
40296.57,0.866039925761017
40296.58,0.872866449066754
40296.59,0.837707532937723
40296.6,0.825387735266833
40296.61,0.883007733457584
40296.62,0.894862589497284
40296.63,0.947359426076084
40296.64,0.913708765848326
40296.65,0.922200229181064
40296.66,0.938979088587578
40296.67,0.91115377637467
40296.68,0.888334697957897
40296.69,0.927801461848479
40296.7,0.897121445050382
40296.71,0.895568871957657
40296.72,0.933504417686769
40296.73,0.969964721496213
40296.74,0.953694160446042
40296.75,0.915057292813751
40296.76,0.948575318839348
40296.77,0.968842532306986
40296.78,0.96635554739627
40296.79,1.02103848271086
40296.8,1.04936544889987
40296.81,1.03285638690825
40296.82,1.03632978618034
40296.83,1.02441463531807
40296.84,0.955269127567759
40296.85,0.970523387748636
40296.86,0.9861031252081
40296.87,0.975097430045024
40296.88,0.962416007745984
40296.89,0.956337902378239
40296.9,0.942710195788167
40296.91,0.935309515085909
40296.92,0.948763058273753
40296.93,0.92659306571509
40296.94,0.93046391828199
40296.95,0.907556507482571
40296.96,0.865655416617276
40296.97,0.824725603353612
40296.98,0.83657866339357
40296.99,0.833399445173929
40297,0.824070857562628
40297.01,0.884994423958002
40297.02,0.891241726941296
40297.03,0.871220245851827
40297.04,0.885302062527784
40297.05,0.87251442019459
40297.06,0.845221823784468
40297.07,0.837544940320723
40297.08,0.805112023063878
40297.09,0.774371253407627
40297.1,0.753748076246325
40297.11,0.754430531707293
40297.12,0.735178961563448
40297.13,0.78155648283745
40297.14,0.836869811212151
40297.15,0.827314353176542
40297.16,0.841870742885155
40297.17,0.825472855082565
40297.18,0.790552007755224
40297.19,0.800141294702974
40297.2,0.826999617388885
40297.21,0.801523364822411
40297.22,0.79926605321487
40297.23,0.806723552422433
40297.24,0.792096059082885
40297.25,0.750251843122546
40297.26,0.777939605834069
40297.27,0.826164600108091
40297.28,0.841477996950653
40297.29,0.83386846319758
40297.3,0.841117763273695
40297.31,0.844940409271227
40297.32,0.861750427802335
40297.33,0.860552287903079
40297.34,0.880675915608861
40297.35,0.86107269300111
40297.36,0.821915103802277
40297.37,0.81566801176979
40297.38,0.780459859836102
40297.39,0.807897388164183
40297.4,0.806497363657387
40297.41,0.799555916310673
40297.42,0.778420335563448
40297.43,0.752756100998458
40297.44,0.740240926827787
40297.45,0.729399685477527
40297.46,0.748835954129506
40297.47,0.764525364880658
40297.48,0.751398229575601
40297.49,0.772645030029882
40297.5,0.77641437728501
40297.51,0.761883324638805
40297.52,0.74299468259176
40297.53,0.757376830022075
40297.54,0.767714702025494
40297.55,0.768552350667743
40297.56,0.746081129201051
40297.57,0.778013631922019
40297.58,0.778962882147991
40297.59,0.788463689344105
40297.6,0.780706595338925
40297.61,0.823540309166123
40297.62,0.844691200513952
40297.63,0.886140815168027
40297.64,0.819601246099934
40297.65,0.812803966877805
40297.66,0.821587163694004
40297.67,0.788049722038255
40297.68,0.76673967415506
40297.69,0.742017734114186
40297.7,0.741557942385422
40297.71,0.758206783908656
40297.72,0.757144940964751
40297.73,0.759539920803046
40297.74,0.763263473176902
40297.75,0.740362870338889
40297.76,0.743080861251977
40297.77,0.710903092196831
40297.78,0.733341368290871
40297.79,0.740552858511049
40297.8,0.740758089906384
40297.81,0.72125779405218
40297.82,0.714994581712387
40297.83,0.706677184978707
40297.84,0.704586184846538
40297.85,0.664573538579026
40297.86,0.666415510313801
40297.87,0.723246148881966
40297.88,0.720883202832811
40297.89,0.724698835621828
40297.9,0.720255985095467
40297.91,0.74374223430206
40297.92,0.749218382771845
40297.93,0.71702655305515
40297.94,0.7120777315281
40297.95,0.70780252597066
40297.96,0.752101773594868
40297.97,0.736617026758882
40297.98,0.72273796250477
40297.99,0.74671410408168
40298,0.746350111716427
40298.01,0.745185308107423
40298.02,0.741324936349713
40298.03,0.727893709623341
40298.04,0.734509191538499
40298.05,0.746327190927326
40298.06,0.735802142783511
40298.07,0.721283181861865
40298.08,0.729436932173207
40298.09,0.745106057021917
40298.1,0.775487783901436
40298.11,0.754227225916908
40298.12,0.756593739735496
40298.13,0.750615061575915
40298.14,0.717660789829746
40298.15,0.73034993978507
40298.16,0.71846211614808
40298.17,0.731087360286526
40298.18,0.704942690278782
40298.19,0.727668417301073
40298.2,0.735618371072462
40298.21,0.714599838237109
40298.22,0.70728117020236
40298.23,0.69900913978147
40298.24,0.701849197848031
40298.25,0.69792131734224
40298.26,0.690395115996334
40298.27,0.716282781471589
40298.28,0.705402879530067
40298.29,0.720664861869302
40298.3,0.725763224994406
40298.31,0.717083862856648
40298.32,0.731596741212371
40298.33,0.721863720518935
40298.34,0.702375772937107
40298.35,0.707869462825606
40298.36,0.756046987727984
40298.37,0.747765313641911
40298.38,0.69854264215861
40298.39,0.673761558950481
40298.4,0.668217979464204
40298.41,0.662154192593519
40298.42,0.670531123773352
40298.43,0.658384006336967
40298.44,0.684212874907405
40298.45,0.682541168216792
40298.46,0.695403610272519
40298.47,0.701359577121609
40298.48,0.732002107965307
40298.49,0.750264245132413
40298.5,0.75705105061311
40298.51,0.751948011568101
40298.52,0.769026562771536
40298.53,0.772670370588172
40298.54,0.790943025595834
40298.55,0.808299584177915
40298.56,0.794001950550437
40298.57,0.812421947783026
40298.58,0.853523606960206
40298.59,0.87405835886461
40298.6,0.867677419715677
40298.61,0.868103659477271
40298.62,0.874223051090462
40298.63,0.896824592826732
40298.64,0.920919229198076
40298.65,0.91666547469005
40298.66,0.875428101286441
40298.67,0.857314771703218
40298.68,0.824455849266971
40298.69,0.837700339131914
40298.7,0.881034072783356
40298.71,0.887312884953261
40298.72,0.862907764275136
40298.73,0.829775590590676
40298.74,0.832997946015331
40298.75,0.861299767502531
40298.76,0.860009369752242
40298.77,0.821656050641674
40298.78,0.804145473332368
40298.79,0.80897051821292
40298.8,0.773306092588978
40298.81,0.770621760910186
40298.82,0.756332059767196
40298.83,0.752089253823666
40298.84,0.767744709586784
40298.85,0.770041317903076
40298.86,0.792906098541777
40298.87,0.840221589888089
40298.88,0.822122443961637
40298.89,0.783863138019801
40298.9,0.780164012462743
40298.91,0.789569617877646
40298.92,0.762082676301134
40298.93,0.777586496710425
40298.94,0.778055909018098
40298.95,0.786509014413887
40298.96,0.829595352484086
40298.97,0.848120377679159
40298.98,0.828037259772517
40298.99,0.87063371147549
40299,0.906431926169427
40299.01,0.864969990526905
40299.02,0.866475499952752
40299.03,0.877756660797323
40299.04,0.857529903144402
40299.05,0.85266962651055
40299.06,0.845246641172568
40299.07,0.830340904875839
40299.08,0.872470758924168
40299.09,0.919715438667434
40299.1,0.898272998873262
40299.11,0.877035629971079
40299.12,0.882315810196213
40299.13,0.898688852184584
40299.14,0.891211834188807
40299.15,0.866179341452961
40299.16,0.895754403711379
40299.17,0.868214871985714
40299.18,0.884659988474754
40299.19,0.865392376170886
40299.2,0.908751533792045
40299.21,0.937319684119992
40299.22,0.99248064840858
40299.23,1.01858358127983
40299.24,1.01456377541836
40299.25,1.03651942654441
40299.26,1.02978801741149
40299.27,1.04558160484308
40299.28,0.972700108825577
40299.29,0.929982907554173
40299.3,0.932184511309382
40299.31,0.934466770119029
40299.32,0.93975604024185
40299.33,0.952904332581052
40299.34,0.960522648603531
40299.35,0.996666510850656
40299.36,1.01682755095514
40299.37,0.969215326661963
40299.38,0.925377556548773
40299.39,0.938329657584217
40299.4,0.93075464642604
40299.41,0.948616360662239
40299.42,0.951482960116415
40299.43,0.95704437669948
40299.44,0.928312125668578
40299.45,0.943702438407671
40299.46,0.95639610884855
40299.47,0.941134177700263
40299.48,0.970716656466626
40299.49,0.948677358232071
40299.5,1.00597960814724
40299.51,0.976875971883321
40299.52,0.925473060640395
40299.53,0.872638529904306
40299.54,0.865994236207904
40299.55,0.871332722882161
40299.56,0.855229970496002
40299.57,0.842213253146064
40299.58,0.846872332787346
40299.59,0.89395547623214
40299.6,0.898626224282741
40299.61,0.886728603962186
40299.62,0.893430713211694
40299.63,0.905142836844945
40299.64,0.909811326324467
40299.65,0.927942687588552
40299.66,0.924965614800051
40299.67,0.899669776608098
40299.68,0.904913194837396
40299.69,0.912813748714051
40299.7,0.924726890549469
40299.71,0.943949953057844
40299.72,0.945814416081627
40299.73,1.00863842290564
40299.74,1.02035764820026
40299.75,0.991407171453941
40299.76,1.00979998821279
40299.77,1.02930800586577
40299.78,1.01744373883131
40299.79,1.04729691309263
40299.8,1.05523979817892
40299.81,1.05782949696248
40299.82,1.01917168050856
40299.83,0.975290629492231
40299.84,0.948238811233541
40299.85,0.948706361553055
40299.86,0.947493832334066
40299.87,0.993995116327926
40299.88,0.95064134487676
40299.89,0.916954469323384
40299.9,0.911069449505446
40299.91,0.903919343703752
40299.92,0.915868861106746
40299.93,0.892548278683187
40299.94,0.88600149919999
40299.95,0.894071599210779
40299.96,0.879710247125898
40299.97,0.849727471703816
40299.98,0.863812773513807
40299.99,0.86483928047747
40300,0.822234341273557
40300.01,0.810422945381913
40300.02,0.803971208293787
40300.03,0.828112691494695
40300.04,0.815351761438789
40300.05,0.829281191827786
40300.06,0.814212577158578
40300.07,0.815743193525562
40300.08,0.784760404506948
40300.09,0.770158333892364
40300.1,0.777426982173286
40300.11,0.788710554564948
40300.12,0.800577672972758
40300.13,0.816437111889789
40300.14,0.855280211302433
40300.15,0.849144930226818
40300.16,0.863458102393622
40300.17,0.82457992996208
40300.18,0.77136843193387
40300.19,0.75562550124214
40300.2,0.743734679093931
40300.21,0.763212334474393
40300.22,0.778568542381566
40300.23,0.781267512569009
40300.24,0.767022768788049
40300.25,0.734617833845662
40300.26,0.733354272643621
40300.27,0.742148854096638
40300.28,0.722081965245631
40300.29,0.708278583960065
40300.3,0.728172384337935
40300.31,0.765113439435309
40300.32,0.773525526610792
40300.33,0.78583125452339
40300.34,0.805670210838087
40300.35,0.805625980686866
40300.36,0.797480190111455
40300.37,0.765602587628621
40300.38,0.769169951404093
40300.39,0.791892770092524
40300.4,0.810799481185623
40300.41,0.837077491782267
40300.42,0.798101409979952
40300.43,0.790892417670594
40300.44,0.809632176458045
40300.45,0.791001653034219
40300.46,0.778517613708969
40300.47,0.728564918063731
40300.48,0.744510632273133
40300.49,0.749462342559241
40300.5,0.752469071240756
40300.51,0.789840717865778
40300.52,0.769845527925402
40300.53,0.732761665573958
40300.54,0.80179115065015
40300.55,0.805081180868722
40300.56,0.80600452071423
40300.57,0.856203756167682
40300.58,0.907097279246067
40300.59,0.902163178598068
40300.6,0.867009652917682
40300.61,0.85897962350818
40300.62,0.873120614132854
40300.63,0.882731406818725
40300.64,0.894046363008414
40300.65,0.883178194567372
40300.66,0.874082875028225
40300.67,0.876555523118021
40300.68,0.887496299725328
40300.69,0.871011308997991
40300.7,0.855712374174836
40300.71,0.866950348048679
40300.72,0.875344680038946
40300.73,0.918332322865875
40300.74,0.946105497007861
40300.75,0.938314452966414
40300.76,0.956861123070378
40300.77,0.985579294829744
40300.78,0.962207432596238
40300.79,0.950562880546608
40300.8,0.957644831202827
40300.81,0.944013397338643
40300.82,0.950657821025776
40300.83,0.993959609306142
40300.84,0.970663943070726
40300.85,0.957296727194364
40300.86,0.925701401130044
40300.87,0.873835713096245
40300.88,0.864174108571265
40300.89,0.867198600332366
40300.9,0.838490209149885
40300.91,0.849694708327159
40300.92,0.832714778351327
40300.93,0.870493517316372
40300.94,0.901742729536704
40300.95,0.963722231302137
40300.96,0.996345398224658
40300.97,0.986944410644346
40300.98,0.948483725629824
40300.99,0.955544667939236
40301,0.96917189418218
40301.01,0.961329806646723
40301.02,0.979895449471577
40301.03,0.976262042423865
40301.04,0.951355542525591
40301.05,0.970091612489591
40301.06,0.938966142191299
40301.07,0.907105610340827
40301.08,0.903435850932166
40301.09,0.902045403588809
40301.1,0.885968819242226
40301.11,0.874935783785931
40301.12,0.909357166949817
40301.13,0.874211558498964
40301.14,0.855648505788787
40301.15,0.826216563798217
40301.16,0.821264173434112
40301.17,0.807654815502503
40301.18,0.818150536042797
40301.19,0.833183204188399
40301.2,0.840488320728865
40301.21,0.857277648157033
40301.22,0.864572985244031
40301.23,0.860977516878328
40301.24,0.82619108318803
40301.25,0.813984914046775
40301.26,0.827758854212565
40301.27,0.838750377191055
40301.28,0.840791181885112
40301.29,0.867027708890424
40301.3,0.893644825495276
40301.31,0.886871605341831
40301.32,0.878891708418815
40301.33,0.855181018822008
40301.34,0.878589385018589
40301.35,0.883954847734099
40301.36,0.881975739435294
40301.37,0.876235920692355
40301.38,0.88923608959039
40301.39,0.917468624944539
40301.4,0.892179656222054
40301.41,0.890923702015054
40301.42,0.905637940704953
40301.43,0.922652310112653
40301.44,0.896283942960747
40301.45,0.930059264238654
40301.46,0.902784432825227
40301.47,0.873122739124597
40301.48,0.877937639592122
40301.49,0.901512761080546
40301.5,0.894210537640651
40301.51,0.86535790755225
40301.52,0.865802875154938
40301.53,0.862099033604102
40301.54,0.880892882158833
40301.55,0.847794017787215
40301.56,0.861806018603989
40301.57,0.861733813454412
40301.58,0.90156625519703
40301.59,0.926755060083003
40301.6,0.916811500182182
40301.61,0.923045646973661
40301.62,0.919240053053766
40301.63,0.928972263376137
40301.64,0.879603866056064
40301.65,0.884117110007994
40301.66,0.909934433657419
40301.67,0.881542958433168
40301.68,0.916579413067159
40301.69,0.914268042812651
40301.7,0.894078629332161
40301.71,0.897563158729575
40301.72,0.948056068574142
40301.73,0.977700861656842
40301.74,0.98116435601267
40301.75,0.995934840586176
40301.76,1.01507454706413
40301.77,1.03933351080584
40301.78,1.07402496171911
40301.79,1.07810512072482
40301.8,1.06925633995977
40301.81,1.13150097677984
40301.82,1.15725817541956
40301.83,1.20163321565574
40301.84,1.17944527359594
40301.85,1.1861374938435
40301.86,1.16197125666481
40301.87,1.15007633678366
40301.88,1.14758449532504
40301.89,1.07549864422242
40301.9,1.10224828858441
40301.91,1.05748761532106
40301.92,1.03261401312343
40301.93,1.00747726833844
40301.94,1.05639503726327
40301.95,1.03165638111381
40301.96,0.985805769977756
40301.97,1.05481138913215
40301.98,1.04112383880912
40301.99,1.02161183444937
40302,0.979415174468695
40302.01,0.979642644602334
40302.02,0.994177269215091
40302.03,0.967122209649589
40302.04,0.965406990550353
40302.05,0.962226459161623
40302.06,0.977793055065273
40302.07,1.02126322459166
40302.08,1.01919874067838
40302.09,1.02384591492842
40302.1,1.00099226121638
40302.11,1.00751648131652
40302.12,1.01230686975559
40302.13,1.00272758478834
40302.14,1.00969000819001
40302.15,1.02853805096452
40302.16,1.00484776227738
40302.17,0.971358958753292
40302.18,0.979031152738483
40302.19,0.926625370419378
40302.2,0.935307887973592
40302.21,0.92020060287122
40302.22,0.898375341843174
40302.23,0.866248715067828
40302.24,0.824815363582336
40302.25,0.822770098590866
40302.26,0.825947096312407
40302.27,0.840481422003325
40302.28,0.832779615856918
40302.29,0.85549622537724
40302.3,0.814362087359695
40302.31,0.850399428209231
40302.32,0.84233463775299
40302.33,0.860906933770582
40302.34,0.883862008525574
40302.35,0.922564916795638
40302.36,0.936122149474966
40302.37,0.905838142834685
40302.38,0.925056576660379
40302.39,0.919630273876025
40302.4,0.918225110373121
40302.41,0.872815995785887
40302.42,0.881202888536232
40302.43,0.911864845296659
40302.44,0.88702677035473
40302.45,0.887639680036783
40302.46,0.892837553142022
40302.47,0.887144844992767
40302.48,0.906284337194186
40302.49,0.903685329143308
40302.5,0.918365566000806
40302.51,0.923013121803485
40302.52,0.95968002084486
40302.53,0.939535794452571
40302.54,0.94284030957175
40302.55,0.928423743845239
40302.56,0.926066881351991
40302.57,0.968979778588545
40302.58,0.955982059456853
40302.59,0.978974416264402
40302.6,0.942760862994409
40302.61,0.898014877020963
40302.62,0.905475471272299
40302.63,0.914143465966006
40302.64,0.906662575119846
40302.65,0.907038606179617
40302.66,0.907824818096776
40302.67,0.901374576628045
40302.68,0.928389599218995
40302.69,0.939655523471717
40302.7,0.988516288298685
40302.71,0.955320221264188
40302.72,0.983162723111829
40302.73,0.9834199258877
40302.74,1.01099748074937
40302.75,0.979431657097349
40302.76,0.946954362774212
40302.77,0.893693021721714
40302.78,0.8421616033926
40302.79,0.849857819520916
40302.8,0.858355341185789
40302.81,0.871309752745744
40302.82,0.900713642706786
40302.83,0.895140326641195
40302.84,0.897736942626069
40302.85,0.917538355167166
40302.86,0.928556621777774
40302.87,0.91522320087632
40302.88,0.898051690519802
40302.89,0.887539094355673
40302.9,0.906083468595031
40302.91,0.910396594961182
40302.92,0.925032090478385
40302.93,0.948699734046928
40302.94,0.96351194731361
40302.95,0.941379780494903
40302.96,0.965317056637153
40302.97,1.00628025971487
40302.98,1.04217877054731
40302.99,1.1177669321322
40303,1.11244824839363
40303.01,1.15499018956657
40303.02,1.11041514649483
40303.03,1.09110018999786
40303.04,1.04469790787939
40303.05,1.08725283654535
40303.06,1.08316331372102
40303.07,1.07224725636481
40303.08,1.10150096771067
40303.09,1.04695868209896
40303.1,1.04318122032895
40303.11,1.01915934601747
40303.12,1.0367427265034
40303.13,0.996120486435176
40303.14,0.961092576469419
40303.15,0.964663275290652
40303.16,0.927006082722798
40303.17,0.885687361208955
40303.18,0.864846842145515
40303.19,0.847218786248978
40303.2,0.886146316269811
40303.21,0.882218366158656
40303.22,0.836256364776478
40303.23,0.82221057734922
40303.24,0.78769667508412
40303.25,0.756228082119718
40303.26,0.76443250111119
40303.27,0.78737300879629
40303.28,0.787490759028835
40303.29,0.81556773413822
40303.3,0.824096402639353
40303.31,0.823042347815145
40303.32,0.820582860672322
40303.33,0.83099424684556
40303.34,0.824597305376281
40303.35,0.815553259293386
40303.36,0.840008070222658
40303.37,0.861306752882532
40303.38,0.83626551120619
40303.39,0.827746473160244
40303.4,0.781898921845399
40303.41,0.777077193910242
40303.42,0.783922237368863
40303.43,0.781822917773984
40303.44,0.792192925240719
40303.45,0.820352846051301
40303.46,0.805893058463022
40303.47,0.80627758545577
40303.48,0.84917629577263
40303.49,0.826541450485053
40303.5,0.847296841112653
40303.51,0.901643380029412
40303.52,0.912122079070563
40303.53,0.921007944691079
40303.54,0.881161795368155
40303.55,0.895477455583736
40303.56,0.893163732711866
40303.57,0.945036998100698
40303.58,0.957858585361536
40303.59,0.959595491880795
40303.6,0.950866696370511
40303.61,0.939532492623926
40303.62,0.9420851130714
40303.63,0.940827697624613
40303.64,0.916322478282958
40303.65,0.913990793761162
40303.66,0.912901702099542
40303.67,0.937489338255458
40303.68,0.924336265874875
40303.69,0.907226360385942
40303.7,0.898612570606929
40303.71,0.877969774163279
40303.72,0.853415287195224
40303.73,0.856428882031478
40303.74,0.83411641850891
40303.75,0.833107183356089
40303.76,0.831156777932515
40303.77,0.839544102119242
40303.78,0.800806159244843
40303.79,0.794018771149743
40303.8,0.765471917416486
40303.81,0.777417017572495
40303.82,0.760251651192204
40303.83,0.783785566677408
40303.84,0.806775401677002
40303.85,0.823754213513318
40303.86,0.874932729795816
40303.87,0.866518867921234
40303.88,0.883226981668473
40303.89,0.866739887784961
40303.9,0.851782714748082
40303.91,0.891795230836235
40303.92,0.896007269773573
40303.93,0.880542041354589
40303.94,0.914726544157999
40303.95,0.935399115086047
40303.96,0.943280040550893
40303.97,0.910621172094246
40303.98,0.87478651745904
40303.99,0.909025992604522
40304,0.94032451126996
40304.01,0.928323608197553
40304.02,0.906674311467784
40304.03,0.891504320090929
40304.04,0.912694621705824
40304.05,0.900481914582102
40304.06,0.892609330205847
40304.07,0.906084854642546
40304.08,0.923232613055471
40304.09,0.929964493030891
40304.1,0.900197301462797
40304.11,0.921328696034125
40304.12,0.924015928291517
40304.13,0.959892484482515
40304.14,0.955741653793331
40304.15,0.991143152704244
40304.16,0.984801595304148
40304.17,1.02190228921168
40304.18,0.982058745624686
40304.19,0.979071211178143
40304.2,0.974624183506512
40304.21,0.976437588735805
40304.22,0.990268287027961
40304.23,0.967521535292645
40304.24,0.94345406491277
40304.25,0.919826521591481
40304.26,0.881417262977239
40304.27,0.904072110380184
40304.28,0.888856682680373
40304.29,0.877787221259375
40304.3,0.900840631779476
40304.31,0.915704287814395
40304.32,0.892607283868582
40304.33,0.930644695809418
40304.34,0.938748754769798
40304.35,0.921761423173122
40304.36,0.902709386113556
40304.37,0.940260210141355
40304.38,0.94613964336048
40304.39,0.986965342322173
40304.4,1.02159491854426
40304.41,1.00299514246209
40304.42,1.00836808517686
40304.43,1.02122429359394
40304.44,0.978645077772321
40304.45,0.992721775123838
40304.46,1.01467215201224
40304.47,0.924049438900413
40304.48,0.933789237379936
40304.49,0.91130212092683
40304.5,0.91481774830222
40304.51,0.889482548543662
40304.52,0.912759657891293
40304.53,0.908998983367097
40304.54,0.910693992358396
40304.55,0.954660909086669
40304.56,0.975638873702091
40304.57,0.973016405257107
40304.58,0.935382203966625
40304.59,0.947004302059181
40304.6,0.9644826674408
40304.61,0.983489230311489
40304.62,0.980912604373248
40304.63,1.00168723319202
40304.64,0.952836939138144
40304.65,0.944683548261504
40304.66,0.931704486341337
40304.67,0.924110044057007
40304.68,0.894267066311943
40304.69,0.883146234459964
40304.7,0.874950634281918
40304.71,0.847912911782364
40304.72,0.90777319246009
40304.73,0.930496104556383
40304.74,0.946872094340011
40304.75,0.950035227569677
40304.76,0.91714778296228
40304.77,0.905061067866416
40304.78,0.899517696688827
40304.79,0.895420847036797
40304.8,0.912874784129965
40304.81,0.894321658991032
40304.82,0.878960734656816
40304.83,0.924584162869279
40304.84,0.913231837361729
40304.85,0.907788369926848
40304.86,0.904600720358476
40304.87,0.8971657354295
40304.88,0.923593788444988
40304.89,0.9262079728292
40304.9,0.967639834406459
40304.91,0.9683276242265
40304.92,0.926665188631404
40304.93,0.94563231176515
40304.94,0.952638475358158
40304.95,0.925114980668805
40304.96,0.93138592068966
40304.97,0.957411765076507
40304.98,0.926605119057719
40304.99,0.986745814698172
40305,0.954185799443782
40305.01,0.924174214468295
40305.02,0.880336162685387
40305.03,0.884054558556031
40305.04,0.86118058072313
40305.05,0.856953141025308
40305.06,0.831884419448907
40305.07,0.82138414765523
40305.08,0.809400182051744
40305.09,0.766680598891517
40305.1,0.833050380501197
40305.11,0.866173429208103
40305.12,0.901004258120665
40305.13,0.903721255917179
40305.14,0.903500765984154
40305.15,0.910074734818662
40305.16,0.921279484364677
40305.17,0.901856637978969
40305.18,0.87589452935506
40305.19,0.87516033866373
40305.2,0.886798068827173
40305.21,0.893955848047854
40305.22,0.891584639503407
40305.23,0.85326182083437
40305.24,0.884845019236026
40305.25,0.890301824618768
40305.26,0.8985096915122
40305.27,0.923949252165182
40305.28,0.995361899092604
40305.29,1.05687110253191
40305.3,1.04565708792502
40305.31,1.01111211912266
40305.32,0.985945152797178
40305.33,0.99566382579051
40305.34,0.98705915937901
40305.35,0.977880044303129
40305.36,0.960309776658619
40305.37,0.91295091377219
40305.38,0.924499153870805
40305.39,0.891224221103052
40305.4,0.883832414679262
40305.41,0.850310481774888
40305.42,0.881473070698662
40305.43,0.884509961174128
40305.44,0.850972380963772
40305.45,0.84413051881233
40305.46,0.858125999813893
40305.47,0.902370086558577
40305.48,0.904552397269004
40305.49,0.924190540195722
40305.5,0.885647860452185
40305.51,0.852042815706262
40305.52,0.821034759439757
40305.53,0.807543758826888
40305.54,0.787226816821637
40305.55,0.776455974585264
40305.56,0.793451185662884
40305.57,0.764528298197193
40305.58,0.783191006207507
40305.59,0.783135412803502
40305.6,0.800370827735408
40305.61,0.81142966065035
40305.62,0.799859933045593
40305.63,0.822015301141102
40305.64,0.843274016895408
40305.65,0.885666824776377
40305.66,0.882824443815779
40305.67,0.876689429015068
40305.68,0.867152345312702
40305.69,0.870882337195564
40305.7,0.851584731864345
40305.71,0.855190302293182
40305.72,0.866846942034773
40305.73,0.868825970329206
40305.74,0.871991801612437
40305.75,0.894211020160455
40305.76,0.882751137685897
40305.77,0.901581073763025
40305.78,0.951730043829886
40305.79,0.950085995731722
40305.8,0.93627336461928
40305.81,0.954489481764843
40305.82,0.965386276839905
40305.83,0.984035558599274
40305.84,0.994918278552287
40305.85,1.00731505269942
40305.86,0.996830791063506
40305.87,0.989774051456763
40305.88,0.96622630872419
40305.89,0.977561556281959
40305.9,0.951285580401875
40305.91,0.937862081270177
40305.92,0.944578325411574
40305.93,0.941798362671248
40305.94,0.973035834177974
40305.95,0.933027009323971
40305.96,0.891513791459128
40305.97,0.902401237861011
40305.98,0.909466833168341
40305.99,0.930625980562244
40306,0.92008841376483
40306.01,0.93820528392766
40306.02,0.942777191257837
40306.03,0.958257381749664
40306.04,0.903728360020826
40306.05,0.880950677420353
40306.06,0.871703412900382
40306.07,0.838416745154776
40306.08,0.813961914410001
40306.09,0.796912354444209
40306.1,0.790679031195386
40306.11,0.794472015306736
40306.12,0.770577674656026
40306.13,0.778262281557531
40306.14,0.767772034934434
40306.15,0.802904724438122
40306.16,0.815974175707541
40306.17,0.820559871456804
40306.18,0.852787639296925
40306.19,0.855736602872696
40306.2,0.840685789689307
40306.21,0.836741994381539
40306.22,0.770330975912069
40306.23,0.78621911356285
40306.24,0.820782017916056
40306.25,0.835739232786771
40306.26,0.853582102874829
40306.27,0.858451243806743
40306.28,0.862372323883494
40306.29,0.889295301817124
40306.3,0.835360664375614
40306.31,0.833281640202125
40306.32,0.840766859546098
40306.33,0.888860431039165
40306.34,0.931515006650978
40306.35,0.953835469028948
40306.36,0.948515192241588
40306.37,0.954765448700314
40306.38,0.914568771003875
40306.39,0.917214400861265
40306.4,0.881187099897739
40306.41,0.914200228361953
40306.42,0.869394356733161
40306.43,0.867504479279828
40306.44,0.850815602541275
40306.45,0.840452778508636
40306.46,0.847077733077313
40306.47,0.841335127325505
40306.48,0.83536801436069
40306.49,0.815444107601987
40306.5,0.829077037810607
40306.51,0.815694926250695
40306.52,0.80714267538027
40306.53,0.780941240910543
40306.54,0.781979954759383
40306.55,0.766952670214695
40306.56,0.787772157458512
40306.57,0.787354905105746
40306.58,0.769738806270362
40306.59,0.763549933442381
40306.6,0.79731603957047
40306.61,0.848316820530845
40306.62,0.823743946145192
40306.63,0.828376055380483
40306.64,0.845144303800012
40306.65,0.838411155343911
40306.66,0.806549081077648
40306.67,0.81471641467491
40306.68,0.867576817244641
40306.69,0.849506217798909
40306.7,0.846220784522028
40306.71,0.876601702835871
40306.72,0.856480764018616
40306.73,0.824447852095944
40306.74,0.836920576496683
40306.75,0.829039525665919
40306.76,0.823291595122511
40306.77,0.819711025531402
40306.78,0.807294680510431
40306.79,0.868393355912796
40306.8,0.860318359345061
40306.81,0.861536167613854
40306.82,0.840767739037071
40306.83,0.844810946134104
40306.84,0.869172438765187
40306.85,0.884761690808748
40306.86,0.896256175208097
40306.87,0.874094609194061
40306.88,0.89478846891389
40306.89,0.894614667021176
40306.9,0.865706532438307
40306.91,0.846757626326749
40306.92,0.835008609951573
40306.93,0.84515557657641
40306.94,0.859105682456586
40306.95,0.845425196728556
40306.96,0.849668561251153
40306.97,0.837683084475651
40306.98,0.864918760021581
40306.99,0.847580816136874
40307,0.808954405202242
40307.01,0.789541728380431
40307.02,0.795265370808466
40307.03,0.79129689529008
40307.04,0.802100223099463
40307.05,0.79839375794527
40307.06,0.793529829806645
40307.07,0.798499891539583
40307.08,0.811120716906962
40307.09,0.829234246345647
40307.1,0.842477047063844
40307.11,0.85432842382393
40307.12,0.903438026570952
40307.13,0.888442960899855
40307.14,0.91232311225386
40307.15,0.970577633608756
40307.16,0.969997050637078
40307.17,0.935410461443842
40307.18,0.967846960058323
40307.19,0.983912833113182
40307.2,1.02670285358609
40307.21,0.987111240206573
40307.22,0.99830870885236
40307.23,0.969759288202797
40307.24,0.940369010917982
40307.25,0.925021546301301
40307.26,0.905135315256828
40307.27,0.915640775342482
40307.28,0.92230948182849
40307.29,0.862014315943608
40307.3,0.838835312529536
40307.31,0.870952482372459
40307.32,0.874651875021922
40307.33,0.83752030077454
40307.34,0.819922199277383
40307.35,0.846398755005865
40307.36,0.869020200283284
40307.37,0.852843970084201
40307.38,0.848607391039866
40307.39,0.854115896794343
40307.4,0.812889385491945
40307.41,0.834840464510839
40307.42,0.829276794979075
40307.43,0.80129873045181
40307.44,0.788325673716285
40307.45,0.753885080882875
40307.46,0.708117628638876
40307.47,0.683836375211983
40307.48,0.688094099852107
40307.49,0.662504947411091
40307.5,0.67547158050551
40307.51,0.679001967029109
40307.52,0.74164128182343
40307.53,0.720277859687129
40307.54,0.765525800494454
40307.55,0.787780191477966
40307.56,0.780659348155853
40307.57,0.798114793988948
40307.58,0.787803841141064
40307.59,0.754065514173805
40307.6,0.755130538417502
40307.61,0.738127233651424
40307.62,0.777062830862861
40307.63,0.763356384002692
40307.64,0.797527411805304
40307.65,0.786488761100279
40307.66,0.759526202381941
40307.67,0.782838619375989
40307.68,0.785647550756622
40307.69,0.781469133728582
40307.7,0.785764458350131
40307.71,0.800013873947026
40307.72,0.792315762253584
40307.73,0.786263325310584
40307.74,0.803711782204892
40307.75,0.807815912141789
40307.76,0.81972889244512
40307.77,0.773849590851117
40307.78,0.801316126078514
40307.79,0.782001058659297
40307.8,0.776813429713005
40307.81,0.786334074896233
40307.82,0.801807861695207
40307.83,0.833061542767722
40307.84,0.839647401408526
40307.85,0.81403967379176
40307.86,0.806535977076397
40307.87,0.785393784052227
40307.88,0.796377587256721
40307.89,0.808409049776089
40307.9,0.796049146740487
40307.91,0.785297913525587
40307.92,0.777801131756099
40307.93,0.763292275892888
40307.94,0.765194879676124
40307.95,0.760705904520978
40307.96,0.767538872388072
40307.97,0.778631221680429
40307.98,0.779887853172499
40307.99,0.775572914149302
40308,0.785662433060823
40308.01,0.817179247911445
40308.02,0.809069354606478
40308.03,0.820280756274288
40308.04,0.803279869843536
40308.05,0.811352255191367
40308.06,0.804748906350997
40308.07,0.841118703943179
40308.08,0.86495726142299
40308.09,0.910974067824371
40308.1,0.925034783995501
40308.11,0.920853579480697
40308.12,0.943524470793824
40308.13,0.93115762632725
40308.14,0.936709786378939
40308.15,0.890301092526776
40308.16,0.928076909469111
40308.17,0.931946026656323
40308.18,0.917105558905415
40308.19,0.887710457726561
40308.2,0.891482285979989
40308.21,0.852478654928614
40308.22,0.875727296101425
40308.23,0.832864768258744
40308.24,0.822704568743274
40308.25,0.849234732862362
40308.26,0.866415843125408
40308.27,0.876504277931454
40308.28,0.87434283782041
40308.29,0.828453851820161
40308.3,0.81869265179845
40308.31,0.781817619821935
40308.32,0.791312120808684
40308.33,0.80312029183664
40308.34,0.781842671026586
40308.35,0.829397167756732
40308.36,0.831071350139682
40308.37,0.838306912146658
40308.38,0.832550956010557
40308.39,0.838217693214742
40308.4,0.82602279398558
40308.41,0.821936655663787
40308.42,0.832995801402587
40308.43,0.821808695964267
40308.44,0.846874137600931
40308.45,0.842872647170915
40308.46,0.823175702781069
40308.47,0.832658433111456
40308.48,0.824135600203764
40308.49,0.812602918372884
40308.5,0.79480428286309
40308.51,0.813972898140757
40308.52,0.811977353970414
40308.53,0.824232171664904
40308.54,0.858485035337102
40308.55,0.82348342853433
40308.56,0.84133924570325
40308.57,0.817037852392306
40308.58,0.782039852532228
40308.59,0.802664568831733
40308.6,0.839825621523976
40308.61,0.843992512959654
40308.62,0.845832450417456
40308.63,0.835050187923003
40308.64,0.821334034903236
40308.65,0.831767290328738
40308.66,0.827421019080203
40308.67,0.817407411181947
40308.68,0.827445827036249
40308.69,0.822782096363742
40308.7,0.800088112729032
40308.71,0.83767738617678
40308.72,0.843667027439965
40308.73,0.83587433796101
40308.74,0.805659955255912
40308.75,0.831675973819304
40308.76,0.811693728662835
40308.77,0.787079272641765
40308.78,0.795298107625427
40308.79,0.816823444164113
40308.8,0.837595359699781
40308.81,0.829319349961545
40308.82,0.80462783222546
40308.83,0.774557019807781
40308.84,0.812528767912326
40308.85,0.795707941995666
40308.86,0.762715432557888
40308.87,0.727749150497486
40308.88,0.718363790450757
40308.89,0.729538947774939
40308.9,0.744585645062995
40308.91,0.737846206125931
40308.92,0.710791600308548
40308.93,0.697464508991471
40308.94,0.716681454857067
40308.95,0.750058383158471
40308.96,0.72721340671881
40308.97,0.726437584132563
40308.98,0.707999780006506
40308.99,0.702996861618275
40309,0.707195507172743
40309.01,0.687572017812537
40309.02,0.703795457329841
40309.03,0.698099120984623
40309.04,0.68758540997378
40309.05,0.706543331025226
40309.06,0.734331978577702
40309.07,0.745673481307557
40309.08,0.742491579635475
40309.09,0.754754289884826
40309.1,0.74010793407987
40309.11,0.705453777150998
40309.12,0.736297263193944
40309.13,0.761908403648089
40309.14,0.744515473710287
40309.15,0.756584633947143
40309.16,0.773863425444153
40309.17,0.806604860414199
40309.18,0.816408695818185
40309.19,0.816482448444246
40309.2,0.844665266822769
40309.21,0.844376670737498
40309.22,0.808269526194459
40309.23,0.777907081563523
40309.24,0.780440764512516
40309.25,0.780683963920654
40309.26,0.767399715517201
40309.27,0.751727845094089
40309.28,0.774402243701207
40309.29,0.764959795537578
40309.3,0.757062605950862
40309.31,0.766189848720416
40309.32,0.740059885560734
40309.33,0.738573918403071
40309.34,0.738540747673448
40309.35,0.718978678379793
40309.36,0.7033134406809
40309.37,0.714084052824859
40309.38,0.701049442526643
40309.39,0.676454211086625
40309.4,0.655142050797481
40309.41,0.653179625455118
40309.42,0.645613658358764
40309.43,0.651434905046916
40309.44,0.644909458164412
40309.45,0.634187511683505
40309.46,0.609653575156031
40309.47,0.607129982929155
40309.48,0.618770342586179
40309.49,0.593319158336678
40309.5,0.579085594777033
40309.51,0.58667263447648
40309.52,0.554424716313552
40309.53,0.578242206153928
40309.54,0.60141952383444
40309.55,0.636378907170794
40309.56,0.642768853894977
40309.57,0.666847064033045
40309.58,0.655802007269738
40309.59,0.6489851963439
40309.6,0.642233683374663
40309.61,0.640458388059786
40309.62,0.651913457374522
40309.63,0.677953836904812
40309.64,0.667227694028613
40309.65,0.731114991112405
40309.66,0.731131407885035
40309.67,0.782597318014127
40309.68,0.789891919215438
40309.69,0.805345383395721
40309.7,0.791726440270268
40309.71,0.804628705673841
40309.72,0.832002474995957
40309.73,0.813148103305271
40309.74,0.80620557855197
40309.75,0.79613619281111
40309.76,0.775784661681256
40309.77,0.804566778924218
40309.78,0.792131016499405
40309.79,0.825735024740096
40309.8,0.821451534717053
40309.81,0.845664223499729
40309.82,0.847039470953553
40309.83,0.808485059501955
40309.84,0.758932448127051
40309.85,0.764627173567741
40309.86,0.76963194984173
40309.87,0.793601896976413
40309.88,0.796669523040262
40309.89,0.786251822261139
40309.9,0.789672655897165
40309.91,0.788100112933532
40309.92,0.809399255834281
40309.93,0.803736714218831
40309.94,0.786444145319655
40309.95,0.77047181895202
40309.96,0.786582044632031
40309.97,0.772214230940892
40309.98,0.76190519740502
40309.99,0.777322610837731
40310,0.788276851643189
40310.01,0.799522588672611
40310.02,0.836903693636349
40310.03,0.860819877247474
40310.04,0.809684779205348
40310.05,0.875081187462169
40310.06,0.831168282214121
40310.07,0.839538151753689
40310.08,0.843436318423709
40310.09,0.836412669914006
40310.1,0.844218667926293
40310.11,0.813829023070994
40310.12,0.767144763207106
40310.13,0.755902424156356
40310.14,0.778078584975
40310.15,0.818340759655443
40310.16,0.796558357715595
40310.17,0.794084356520715
40310.18,0.805317531281105
40310.19,0.814558727316859
40310.2,0.801887911579883
40310.21,0.771829249137979
40310.22,0.763404846942106
40310.23,0.779204836930853
40310.24,0.777569907138095
40310.25,0.762701400357414
40310.26,0.759569140898603
40310.27,0.772744570876671
40310.28,0.770524957499861
40310.29,0.783700381203485
40310.3,0.786598719681328
40310.31,0.81068415353186
40310.32,0.827038096601066
40310.33,0.830492287922607
40310.34,0.811131602057597
40310.35,0.788695497184814
40310.36,0.777149940694897
40310.37,0.787035567380712
40310.38,0.772841737626799
40310.39,0.812817265732957
40310.4,0.767135103377527
40310.41,0.752260757721146
40310.42,0.72265233804696
40310.43,0.715917596363399
40310.44,0.736639441186405
40310.45,0.741823318850853
40310.46,0.746351375202999
40310.47,0.753457000250503
40310.48,0.763503689349929
40310.49,0.773206009197082
40310.5,0.774576525601144
40310.51,0.763111886876252
40310.52,0.762484430018768
40310.53,0.755821501488125
40310.54,0.741201993796376
40310.55,0.712459945137792
40310.56,0.701148140783076
40310.57,0.744226119978307
40310.58,0.722266753429525
40310.59,0.73104642086136
40310.6,0.740536918288183
40310.61,0.745639431585772
40310.62,0.753827797541657
40310.63,0.72000128919019
40310.64,0.733299997540777
40310.65,0.751074024794332
40310.66,0.770224370941371
40310.67,0.777044060957869
40310.68,0.784263061628715
40310.69,0.81118656349161
40310.7,0.826123678435022
40310.71,0.827907852373878
40310.72,0.859244029236314
40310.73,0.843691592753593
40310.74,0.847477926874354
40310.75,0.848152284080549
40310.76,0.840333693956616
40310.77,0.809929419064758
40310.78,0.801207725426307
40310.79,0.794707167467999
40310.8,0.759770759222104
40310.81,0.727469191003052
40310.82,0.722980410659354
40310.83,0.722773345621839
40310.84,0.763503892971495
40310.85,0.748252776081221
40310.86,0.76326996157652
40310.87,0.725438580643201
40310.88,0.758128248651185
40310.89,0.755358238534379
40310.9,0.763710079843735
40310.91,0.775851157031867
40310.92,0.766248403721654
40310.93,0.763519690714817
40310.94,0.763213835509724
40310.95,0.770354352209042
40310.96,0.761584012430279
40310.97,0.813000322601063
40310.98,0.831647629771508
40310.99,0.845104122826818
40311,0.835983527802319
40311.01,0.868057821855225
40311.02,0.847106425669671
40311.03,0.870809930432076
40311.04,0.859254048857369
40311.05,0.872781326570683
40311.06,0.853913580908957
40311.07,0.830238985319157
40311.08,0.786841648053631
40311.09,0.806765415817348
40311.1,0.797709080094929
40311.11,0.828861318417733
40311.12,0.790665551221187
40311.13,0.769769026809743
40311.14,0.782497893455483
40311.15,0.807900013891926
40311.16,0.849718957470142
40311.17,0.839974081627254
40311.18,0.814035201490801
40311.19,0.792404587978017
40311.2,0.832151596131062
40311.21,0.825527710001166
40311.22,0.859048579434241
40311.23,0.835044414047099
40311.24,0.803271978645435
40311.25,0.788246312640479
40311.26,0.758487262930127
40311.27,0.790743377757275
40311.28,0.78690948168003
40311.29,0.770235179161736
40311.3,0.766823566415526
40311.31,0.746638904601434
40311.32,0.715427742129424
40311.33,0.708219898133492
40311.34,0.681998673398147
40311.35,0.678021152542139
40311.36,0.673757072124292
40311.37,0.673281985203356
40311.38,0.70011375270544
40311.39,0.720241473259857
40311.4,0.726729545122114
40311.41,0.707883168653177
40311.42,0.71960266801523
40311.43,0.72810080883197
40311.44,0.739712113618912
40311.45,0.703858729766533
40311.46,0.74427342116679
40311.47,0.733680410182387
40311.48,0.713674952011563
40311.49,0.699484893960431
40311.5,0.701885963953466
40311.51,0.700456641468866
40311.52,0.680370635480615
40311.53,0.670215300591543
40311.54,0.66433475230994
40311.55,0.66643989181544
40311.56,0.641934793647454
40311.57,0.629019313596029
40311.58,0.633342116948724
40311.59,0.668499251730988
40311.6,0.679560893422151
40311.61,0.689364828507741
40311.62,0.685420232700857
40311.63,0.691942407435596
40311.64,0.720818273786678
40311.65,0.698589940388187
40311.66,0.724032125382513
40311.67,0.707725427271291
40311.68,0.688201975428439
40311.69,0.687135654644726
40311.7,0.661894115486783
40311.71,0.66314010190545
40311.72,0.726657954666388
40311.73,0.726906088004515
40311.74,0.758096623988549
40311.75,0.744776303843508
40311.76,0.729368133037516
40311.77,0.6873477409942
40311.78,0.718742947921666
40311.79,0.668315355060911
40311.8,0.648740132415362
40311.81,0.667948092545602
40311.82,0.674912828484887
40311.83,0.703403371723078
40311.84,0.713358348581538
40311.85,0.712225089008482
40311.86,0.709587356818904
40311.87,0.771230966338347
40311.88,0.76521582142138
40311.89,0.736566422590413
40311.9,0.723242883060257
40311.91,0.734546875843684
40311.92,0.751639398941081
40311.93,0.7673548745576
40311.94,0.803896128014061
40311.95,0.807406999940575
40311.96,0.800319908191826
40311.97,0.770301139805959
40311.98,0.783630431445877
40311.99,0.746938982714499
40312,0.761857936033514
40312.01,0.746565121647019
40312.02,0.762396037124933
40312.03,0.773656361813789
40312.04,0.829646793749633
40312.05,0.836676653920959
40312.06,0.799120669114481
40312.07,0.808550761181412
40312.08,0.797856371033122
40312.09,0.804425304499245
40312.1,0.782898918158761
40312.11,0.764291099829744
40312.12,0.744188734750507
40312.13,0.710041088544263
40312.14,0.727361452492201
40312.15,0.7161562127382
40312.16,0.710598481499315
40312.17,0.698028529214584
40312.18,0.695215225031068
40312.19,0.689595394288211
40312.2,0.681614313901679
40312.21,0.71594746793768
40312.22,0.700885193989094
40312.23,0.683430393506606
40312.24,0.702205928110905
40312.25,0.689850273961451
40312.26,0.714474611459715
40312.27,0.731842916666105
40312.28,0.721450625569374
40312.29,0.75746081868119
40312.3,0.733042249232782
40312.31,0.752853703575896
40312.32,0.761309157659977
40312.33,0.724006402806187
40312.34,0.755059453309722
40312.35,0.730158885706339
40312.36,0.702631533360772
40312.37,0.714628306314563
40312.38,0.727251582349344
40312.39,0.732301574627675
40312.4,0.70870805970392
40312.41,0.714455428170778
40312.42,0.727754681422866
40312.43,0.744326815999655
40312.44,0.740469975624127
40312.45,0.731841791997629
40312.46,0.714847837450529
40312.47,0.687664562197164
40312.48,0.665538242697239
40312.49,0.652012765893628
40312.5,0.637437630210351
40312.51,0.613804096311118
40312.52,0.630423152969041
40312.53,0.603816361170367
40312.54,0.61779966199988
40312.55,0.628582352674798
40312.56,0.625729158208293
40312.57,0.611122982298354
40312.58,0.622831163679356
40312.59,0.659839829981118
40312.6,0.682464951284616
40312.61,0.667277390936765
40312.62,0.68785529544
40312.63,0.702121157995603
40312.64,0.709726784490686
40312.65,0.669254425143072
40312.66,0.652630651178217
40312.67,0.665237007545686
40312.68,0.657144103537517
40312.69,0.62956454408035
40312.7,0.62685562922841
40312.71,0.654437465273414
40312.72,0.653989388077611
40312.73,0.700343393237532
40312.74,0.709528044465411
40312.75,0.671955971578414
40312.76,0.67405798216342
40312.77,0.685937799832421
40312.78,0.687043528459047
40312.79,0.681071705008641
40312.8,0.660038671518146
40312.81,0.656959662155408
40312.82,0.655725911041563
40312.83,0.705480267678939
40312.84,0.707019737651143
40312.85,0.703426253868914
40312.86,0.717327424374877
40312.87,0.725108611084835
40312.88,0.690866916217276
40312.89,0.689213488467498
40312.9,0.681819262123199
40312.91,0.662700658478513
40312.92,0.658711127254614
40312.93,0.681409801374052
40312.94,0.713927739493116
40312.95,0.71550511121733
40312.96,0.744536911774669
40312.97,0.728400574788127
40312.98,0.726077180569771
40312.99,0.726859379340536
40313,0.720380536161775
40313.01,0.730722925637681
40313.02,0.737232967703938
40313.03,0.724862240833846
40313.04,0.729346411245784
40313.05,0.7344022738172
40313.06,0.720285934363504
40313.07,0.752401882968578
40313.08,0.745514624450474
40313.09,0.738500250064576
40313.1,0.716113277815283
40313.11,0.748350652633514
40313.12,0.74807767178848
40313.13,0.725793973346246
40313.14,0.695988398984057
40313.15,0.668982149376338
40313.16,0.650509276777374
40313.17,0.668676750602314
40313.18,0.69990386687794
40313.19,0.71540385877946
40313.2,0.72591570301152
40313.21,0.753172411455939
40313.22,0.813057870893872
40313.23,0.7741256553567
40313.24,0.768863732020591
40313.25,0.763243800902159
40313.26,0.75072383865013
40313.27,0.741403155602318
40313.28,0.775823772560505
40313.29,0.761462934142379
40313.3,0.765363791268353
40313.31,0.745640115672769
40313.32,0.761772872567528
40313.33,0.792186652475854
40313.34,0.757214469995581
40313.35,0.734394960345505
40313.36,0.749613770423528
40313.37,0.752987785559493
40313.38,0.79666345322165
40313.39,0.789291221167938
40313.4,0.79777960102857
40313.41,0.810470254431065
40313.42,0.834516962444971
40313.43,0.816920221470929
40313.44,0.779444937904846
40313.45,0.821531967193064
40313.46,0.82774205304604
40313.47,0.844915028815218
40313.48,0.858428673829861
40313.49,0.868452382154365
40313.5,0.854412447219511
40313.51,0.819110551301332
40313.52,0.800655649396856
40313.53,0.769730311525646
40313.54,0.784716307085787
40313.55,0.772954789305871
40313.56,0.791829609343181
40313.57,0.781166262492016
40313.58,0.758702327555042
40313.59,0.736569766307635
40313.6,0.750360414075187
40313.61,0.758035396502087
40313.62,0.76471542512876
40313.63,0.759292857028358
40313.64,0.749139228908915
40313.65,0.758481048245092
40313.66,0.763071489324397
40313.67,0.767587109255082
40313.68,0.79624309720806
40313.69,0.778823195906748
40313.7,0.786706362533144
40313.71,0.768287936594262
40313.72,0.741404018731524
40313.73,0.732600992284572
40313.74,0.681260308985723
40313.75,0.657932546195041
40313.76,0.707540534683644
40313.77,0.697852534706486
40313.78,0.684159015835645
40313.79,0.718867786437052
40313.8,0.715064342046877
40313.81,0.718870078622527
40313.82,0.701867081123647
40313.83,0.726312549521301
40313.84,0.736614693839484
40313.85,0.726887403184306
40313.86,0.70471527431309
40313.87,0.697277048904239
40313.88,0.728090338148658
40313.89,0.722073089211319
40313.9,0.762924524831037
40313.91,0.764818975132643
40313.92,0.739535105226044
40313.93,0.766277281871834
40313.94,0.781588889775263
40313.95,0.781328912634776
40313.96,0.786911943154396
40313.97,0.767271971149224
40313.98,0.782204696943003
40313.99,0.840890967140934
40314,0.899634625901728
40314.01,0.893787897660283
40314.02,0.888448472081808
40314.03,0.913395817800962
40314.04,0.881102768407154
40314.05,0.887135383242003
40314.06,0.916073199472192
40314.07,0.88502578302218
40314.08,0.879086882534952
40314.09,0.898432065147177
40314.1,0.90739613137872
40314.11,0.905598809001604
40314.12,0.890416844067394
40314.13,0.942120053446007
40314.14,0.930538256218086
40314.15,0.931843908152778
40314.16,0.960900468178261
40314.17,0.929302038431313
40314.18,0.923586418039953
40314.19,0.904860081462418
40314.2,0.879601959817128
40314.21,0.874152795164662
40314.22,0.861719350781139
40314.23,0.863017646884786
40314.24,0.844807459419957
40314.25,0.840083981097295
40314.26,0.844163442068564
40314.27,0.850593778148738
40314.28,0.833901018312645
40314.29,0.837289410788244
40314.3,0.840068517772955
40314.31,0.843592180179637
40314.32,0.884495445028858
40314.33,0.841952204475461
40314.34,0.825087918707064
40314.35,0.804531886284366
40314.36,0.816557969822477
40314.37,0.816234030021727
40314.38,0.79525463167788
40314.39,0.769178483912182
40314.4,0.833002422473627
40314.41,0.824789791068696
40314.42,0.854875410154264
40314.43,0.862240275495733
40314.44,0.852887299403917
40314.45,0.872769483793497
40314.46,0.879470254019483
40314.47,0.869466385524433
40314.48,0.864376134871948
40314.49,0.850943635156157
40314.5,0.864102061253163
40314.51,0.808266901856925
40314.52,0.779163213655966
40314.53,0.797156788634515
40314.54,0.854737169790133
40314.55,0.848670410228785
40314.56,0.846132873792305
40314.57,0.820709633811556
40314.58,0.831231430965206
40314.59,0.828113485989169
40314.6,0.834133191229303
40314.61,0.856501627353204
40314.62,0.835310184030377
40314.63,0.808615218729397
40314.64,0.796383421254587
40314.65,0.804960285268565
40314.66,0.77573434595843
40314.67,0.754030571163078
40314.68,0.751504826013022
40314.69,0.744192939023969
40314.7,0.766520804511505
40314.71,0.757415622672055
40314.72,0.736458367016575
40314.73,0.749895710867375
40314.74,0.747704835897181
40314.75,0.744043527595927
40314.76,0.767862099127539
40314.77,0.74871312942029
40314.78,0.748967724993378
40314.79,0.744041471670464
40314.8,0.730727147049607
40314.81,0.711051018984498
40314.82,0.721363143363809
40314.83,0.698381522152305
40314.84,0.668828213910174
40314.85,0.653008940716396
40314.86,0.665640360639898
40314.87,0.663944099559157
40314.88,0.662769172688016
40314.89,0.679143759954793
40314.9,0.660346746074388
40314.91,0.643335555398781
40314.92,0.650863951212626
40314.93,0.66427986869061
40314.94,0.660248863981364
40314.95,0.637753432062118
40314.96,0.648539068412288
40314.97,0.664100195278255
40314.98,0.629722059951467
40314.99,0.612622537401016
40315,0.602707091669352
40315.01,0.595562102533139
40315.02,0.608296015940363
40315.03,0.596885085704309
40315.04,0.597717258788345
40315.05,0.608284632558957
40315.06,0.583605792150793
40315.07,0.574914653609798
40315.08,0.626685490802061
40315.09,0.643064933835712
40315.1,0.650191666604872
40315.11,0.662482794464044
40315.12,0.677708599315996
40315.13,0.673915884718014
40315.14,0.643300969503509
40315.15,0.648401209866912
40315.16,0.679030451267936
40315.17,0.67711446208223
40315.18,0.711616214463069
40315.19,0.723808758007789
40315.2,0.73794935659396
40315.21,0.756455208615359
40315.22,0.74231609319513
40315.23,0.771684681675051
40315.24,0.79501378761909
40315.25,0.800443450356372
40315.26,0.799517470437642
40315.27,0.787341438271712
40315.28,0.816743968900611
40315.29,0.808893701976367
40315.3,0.791688918277811
40315.31,0.790838190121372
40315.32,0.779360910310024
40315.33,0.795785554147427
40315.34,0.80918236239557
40315.35,0.799198242415336
40315.36,0.803569427441879
40315.37,0.804592361508474
40315.38,0.82861833562445
40315.39,0.830812613843824
40315.4,0.834050556568525
40315.41,0.826352227945754
40315.42,0.866270380662045
40315.43,0.865769607018735
40315.44,0.893948138502246
40315.45,0.873183538025028
40315.46,0.861885383173643
40315.47,0.89849991934498
40315.48,0.938143628117477
40315.49,0.91689929108881
40315.5,0.900315565092337
40315.51,0.905575901182173
40315.52,0.956948683525114
40315.53,0.988219587790681
40315.54,1.01300429389894
40315.55,1.01760037454308
40315.56,1.02689327690149
40315.57,1.05106265123609
40315.58,1.03691305231335
40315.59,1.04117082470496
40315.6,0.972919772969057
40315.61,1.02044197362936
40315.62,0.987825354711541
40315.63,0.959212670723996
40315.64,0.936074250914196
40315.65,0.906531999426421
40315.66,0.910377977190229
40315.67,0.924253363058574
40315.68,0.899250534306544
40315.69,0.923042343879272
40315.7,0.916709328266207
40315.71,0.930932544248993
40315.72,0.927568971244509
40315.73,0.937002544411052
40315.74,0.893468715483304
40315.75,0.910962614959328
40315.76,0.896826009172533
40315.77,0.847455789111207
40315.78,0.867694490006497
40315.79,0.884207184256128
40315.8,0.877914711936666
40315.81,0.855040666999325
40315.82,0.888228504303164
40315.83,0.871583890304617
40315.84,0.872354496625946
40315.85,0.912783056076781
40315.86,0.928763767042169
40315.87,0.918179198242793
40315.88,0.939302324944097
40315.89,0.930092304951409
40315.9,0.94229043480561
40315.91,0.97985429059557
40315.92,1.03689766085726
40315.93,0.982975981512947
40315.94,1.00321589123919
40315.95,1.01990768618693
40315.96,0.983274795254583
40315.97,0.963428564892118
40315.98,0.983563915651647
40315.99,0.956237504317373
40316,0.980984243553286
40316.01,0.975012400236794
40316.02,0.967762753933532
40316.03,1.01788638461165
40316.04,1.01323518118144
40316.05,1.00169255602543
40316.06,0.988181936125494
40316.07,1.00866242273143
40316.08,1.01616563309297
40316.09,1.07193021104704
40316.1,1.08565015530188
40316.11,1.0981186899481
40316.12,1.06581224109947
40316.13,1.08814562692854
40316.14,1.04227198703447
40316.15,1.03156950874398
40316.16,1.06956303472209
40316.17,1.0966566000443
40316.18,1.09307860438436
40316.19,1.05800790677511
40316.2,1.05353038231925
40316.21,1.021284977698
40316.22,1.04173386505224
40316.23,1.04871777038701
40316.24,1.06709049825855
40316.25,1.02972843312997
40316.26,1.02109553665512
40316.27,1.04408729765277
40316.28,1.04066289553085
40316.29,1.05527938842324
40316.3,1.09626113899993
40316.31,1.0346798465368
40316.32,1.00083287922863
40316.33,1.00901322696089
40316.34,1.00718316633888
40316.35,1.05830564142779
40316.36,1.05456796095144
40316.37,1.05672802492959
40316.38,1.09502849224678
40316.39,1.06187786279839
40316.4,1.00547943700039
40316.41,1.03118499896439
40316.42,0.998823426120513
40316.43,0.980866666172414
40316.44,0.987730989060472
40316.45,0.973181214354638
40316.46,0.95871645619437
40316.47,0.982790027545314
40316.48,0.973178610478656
40316.49,0.994812956783094
40316.5,1.00155643040692
40316.51,0.993751941037093
40316.52,1.01285476966355
40316.53,0.996010070972515
40316.54,1.00710105450461
40316.55,1.01682496397077
40316.56,1.04008496428263
40316.57,0.995373195974161
40316.58,0.972182025029138
40316.59,0.95194705983817
40316.6,0.928033815984893
40316.61,0.93256601430716
40316.62,0.922610626408988
40316.63,0.937171663161116
40316.64,0.931481114072751
40316.65,0.923689953977397
40316.66,0.86470013605852
40316.67,0.858485264486394
40316.68,0.858936798632209
40316.69,0.852747568646732
40316.7,0.874206916409168
40316.71,0.872166722305538
40316.72,0.916120197604899
40316.73,0.923821589403471
40316.74,0.925986752433468
40316.75,0.977685534173328
40316.76,0.973706719899216
40316.77,0.999056572363432
40316.78,1.02430683526508
40316.79,0.96348785131666
40316.8,0.980857482396997
40316.81,0.972743075794666
40316.82,0.99949416191873
40316.83,0.990342885719497
40316.84,0.956823015857053
40316.85,0.973232139604535
40316.86,0.975997726705875
40316.87,0.985874959912067
40316.88,0.989284909952192
40316.89,1.00741911182573
40316.9,1.01022403314483
40316.91,0.973705283284032
40316.92,0.948720395587346
40316.93,0.978531668727421
40316.94,0.985281587384417
40316.95,0.985975504873633
40316.96,0.989911174479979
40316.97,0.9812119227522
40316.98,0.990112695564409
40316.99,0.979311720013205
40317,0.927781741892171
40317.01,0.932737437368953
40317.02,0.872212061288854
40317.03,0.857527438940224
40317.04,0.865650859420119
40317.05,0.880028419700029
40317.06,0.858010515869298
40317.07,0.831919219694806
40317.08,0.851949121097947
40317.09,0.855716919264765
40317.1,0.870004132907265
40317.11,0.828279204434497
40317.12,0.830406482011896
40317.13,0.862130500858898
40317.14,0.852116899361003
40317.15,0.838432563961487
40317.16,0.837875047179991
40317.17,0.873586326710007
40317.18,0.892281037538425
40317.19,0.910986561159803
40317.2,0.942540747503172
40317.21,0.926589319817979
40317.22,0.941522963795264
40317.23,0.944758054557326
40317.24,0.911069958597805
40317.25,0.911431849793952
40317.26,0.927574764448088
40317.27,0.899686825488478
40317.28,0.924489163141246
40317.29,0.927443087876508
40317.3,0.930505463289044
40317.31,0.9134295551157
40317.32,0.913554593930241
40317.33,0.938084923270051
40317.34,0.896770233940829
40317.35,0.940731469584693
40317.36,0.885247337931162
40317.37,0.877579746150347
40317.38,0.869684878026734
40317.39,0.881027679117109
40317.4,0.914777074147808
40317.41,0.90600369219624
40317.42,0.887544197252802
40317.43,0.845371751404529
40317.44,0.887690606665049
40317.45,0.860693081367674
40317.46,0.851380787441794
40317.47,0.863686499544091
40317.48,0.892246374364605
40317.49,0.908325972248491
40317.5,0.916402084735169
40317.51,0.963349613359132
40317.52,0.960285390007057
40317.53,0.941567690056995
40317.54,0.936487281645114
40317.55,0.940167113938718
40317.56,0.93348114599776
40317.57,0.957838893058438
40317.58,1.00096620949828
40317.59,0.98636322307823
40317.6,0.979069570930035
40317.61,0.942321354134252
40317.62,0.90273177185215
40317.63,0.900857241800115
40317.64,0.947296620365733
40317.65,0.940885874042404
40317.66,0.917814304059413
40317.67,0.933295324084972
40317.68,0.931964888453871
40317.69,1.00245368613097
40317.7,1.01214400247275
40317.71,0.959987029689354
40317.72,0.947627281547539
40317.73,0.912014371080335
40317.74,0.894270102071148
40317.75,0.895798906128578
40317.76,0.868152728306339
40317.77,0.865730741699213
40317.78,0.877074833716102
40317.79,0.90901111169543
40317.8,0.957655700946204
40317.81,0.96563186896527
40317.82,0.921741975124336
40317.83,0.911206167212272
40317.84,0.927961417758692
40317.85,0.886207110134321
40317.86,0.905835187241856
40317.87,0.91240366869854
40317.88,0.894657643744774
40317.89,0.904693094414443
40317.9,0.905711503552509
40317.91,0.932444632823991
40317.92,0.944717339963133
40317.93,0.938352857281967
40317.94,0.977331143953844
40317.95,1.01377132062553
40317.96,1.04007537603123
40317.97,1.05461622397819
40317.98,1.02942934792035
40317.99,1.0297227495425
40318,0.991440679487554
40318.01,1.02163535382745
40318.02,1.04992543845821
40318.03,1.00783269724468
40318.04,1.02725747840636
40318.05,1.01931172103437
40318.06,1.00517983804859
40318.07,1.009154984842
40318.08,0.933710711557728
40318.09,0.957309252972784
40318.1,0.986961861684195
40318.11,0.98455958461501
40318.12,0.979953996798284
40318.13,1.00742787216086
40318.14,1.00573343489324
40318.15,0.97212133182061
40318.16,0.937255641638479
40318.17,0.993196086714559
40318.18,0.931246766176644
40318.19,0.906510109266607
40318.2,0.867062801182039
40318.21,0.832007984234048
40318.22,0.813011102831799
40318.23,0.8096469277924
40318.24,0.816564258471975
40318.25,0.809801694071923
40318.26,0.811393879436681
40318.27,0.801912089648886
40318.28,0.817851062681323
40318.29,0.797313934286189
40318.3,0.786680847322826
40318.31,0.781033092943801
40318.32,0.75139337472148
40318.33,0.800566277450332
40318.34,0.827512676069778
40318.35,0.840827783889138
40318.36,0.829377796254561
40318.37,0.800813001389672
40318.38,0.792764722317546
40318.39,0.786173416834189
40318.4,0.789688462124272
40318.41,0.75767747869559
40318.42,0.727128754097435
40318.43,0.708949047533368
40318.44,0.721688019585411
40318.45,0.738283964761423
40318.46,0.714805180940988
40318.47,0.701199530267303
40318.48,0.679917683809677
40318.49,0.710282592175133
40318.5,0.73875066425772
40318.51,0.753409988579874
40318.52,0.738810157611756
40318.53,0.766835736420914
40318.54,0.790760349811406
40318.55,0.790642670293803
40318.56,0.778046525028115
40318.57,0.764588164320701
40318.58,0.802415998105572
40318.59,0.817849114938996
40318.6,0.864112667128421
40318.61,0.815165745172234
40318.62,0.819963604902076
40318.63,0.875823577307322
40318.64,0.870323548425695
40318.65,0.836206841947413
40318.66,0.85298140729164
40318.67,0.857341037413915
40318.68,0.838195832013666
40318.69,0.842558174378395
40318.7,0.83076601506918
40318.71,0.833349641627132
40318.72,0.822181972714975
40318.73,0.819304691343712
40318.74,0.873973892244401
40318.75,0.865901133620686
40318.76,0.88740134898311
40318.77,0.890803508778214
40318.78,0.925377328518429
40318.79,0.90672914743709
40318.8,0.940936362534389
40318.81,0.963295823556176
40318.82,0.926131586593366
40318.83,0.938375280624382
40318.84,0.913898678611934
40318.85,0.916684080103305
40318.86,0.932918714341695
40318.87,0.938226875652586
40318.88,0.925809731990844
40318.89,0.934945787204784
40318.9,1.01356561220707
40318.91,1.06059053287084
40318.92,1.04938952856823
40318.93,1.04949454453428
40318.94,1.06337179325435
40318.95,1.07511350341292
40318.96,1.09080707426186
40318.97,1.0680602218151
40318.98,1.02335661701911
40318.99,1.03994501755572
40319,1.05246460092808
40319.01,1.07078640747966
40319.02,1.09008747722579
40319.03,1.06124410196635
40319.04,1.07303251454105
40319.05,1.04687753114937
40319.06,1.00856988505184
40319.07,0.978939804110154
40319.08,1.00748162022301
40319.09,0.972412697878178
40319.1,0.987843516070211
40319.11,1.01769503070064
40319.12,1.07041602197842
40319.13,0.987035703700768
40319.14,1.01802806207482
40319.15,1.00884399849001
40319.16,0.997106719339556
40319.17,0.989942983418553
40319.18,0.989664215044577
40319.19,0.976916656315324
40319.2,0.990911316302729
40319.21,0.98838016663557
40319.22,0.976601068626933
40319.23,0.976021759317512
40319.24,1.02301198767969
40319.25,1.04706624325999
40319.26,0.9848262157885
40319.27,1.00370213251208
40319.28,0.955058511397922
40319.29,0.962713897434204
40319.3,0.977209092609906
40319.31,1.05497061840983
40319.32,1.03542688479767
40319.33,1.02220791147175
40319.34,1.04626557240791
40319.35,0.996591439784415
40319.36,0.987249847932109
40319.37,0.972706317908087
40319.38,0.961461739018493
40319.39,0.965281795183869
40319.4,0.902624797956454
40319.41,0.869438690241388
40319.42,0.870010550334006
40319.43,0.862550066186761
40319.44,0.864323270488096
40319.45,0.863780246135159
40319.46,0.904202235654878
40319.47,0.956628921980789
40319.48,0.926455509374114
40319.49,0.882116145836471
40319.5,0.890804407833971
40319.51,0.920463454904803
40319.52,0.885550334771438
40319.53,0.87715041581971
40319.54,0.862823289199283
40319.55,0.835752774170324
40319.56,0.803849802885151
40319.57,0.78524559082573
40319.58,0.792715613842907
40319.59,0.795923376321938
40319.6,0.804902674177871
40319.61,0.820669762935833
40319.62,0.804247832780472
40319.63,0.812003587876844
40319.64,0.821174089614709
40319.65,0.833313058784928
40319.66,0.803440212968413
40319.67,0.799025605108166
40319.68,0.810216121366441
40319.69,0.78090021831822
40319.7,0.803277443374105
40319.71,0.786533246175024
40319.72,0.805675172742777
40319.73,0.787722200141855
40319.74,0.776309744404317
40319.75,0.724940616469027
40319.76,0.714162636779675
40319.77,0.718451870052594
40319.78,0.756007933931983
40319.79,0.780163700917085
40319.8,0.795031837091018
40319.81,0.755819046614643
40319.82,0.733813337801455
40319.83,0.735655742999575
40319.84,0.748090751631306
40319.85,0.728112053863645
40319.86,0.718907858181385
40319.87,0.721033666241732
40319.88,0.740388725485971
40319.89,0.719843341996318
40319.9,0.76014013719376
40319.91,0.760001932011861
40319.92,0.728508327813027
40319.93,0.702785812109274
40319.94,0.743343463630647
40319.95,0.744631629690345
40319.96,0.735062956742799
40319.97,0.721388100342052
40319.98,0.739612306268704
40319.99,0.758019055733243
40320,0.784090304704773
40320.01,0.775467548014555
40320.02,0.793748567572625
40320.03,0.777993820162406
40320.04,0.8014771002765
40320.05,0.832982505045914
40320.06,0.812356720287937
40320.07,0.798985071091056
40320.08,0.788250786909727
40320.09,0.78690053588891
40320.1,0.798090000131818
40320.11,0.795006778462624
40320.12,0.777360910937188
40320.13,0.833349008289561
40320.14,0.808714950980232
40320.15,0.825512196155602
40320.16,0.867102225501312
40320.17,0.842490968660915
40320.18,0.853198326993539
40320.19,0.852846358506497
40320.2,0.864825401345108
40320.21,0.922971883134522
40320.22,0.957630864037752
40320.23,0.984173672930892
40320.24,0.996569740717732
40320.25,1.01762610802285
40320.26,0.971211438403794
40320.27,0.96875561268679
40320.28,1.00843423988655
40320.29,0.989569848202937
40320.3,0.940162471841516
40320.31,0.960450184463096
40320.32,0.917620479162771
40320.33,0.885303576731867
40320.34,0.91520315977357
40320.35,0.89831458030767
40320.36,0.879828550048838
40320.37,0.871610506659448
40320.38,0.857002967410443
40320.39,0.842996812623628
40320.4,0.782792971593467
40320.41,0.809681448838545
40320.42,0.847039952326948
40320.43,0.810905902589796
40320.44,0.819858736171964
40320.45,0.807070117292881
40320.46,0.808806414033968
40320.47,0.796816126752675
40320.48,0.810743073690101
40320.49,0.824177831862145
40320.5,0.831592497310206
40320.51,0.860445492769293
40320.52,0.894024510988552
40320.53,0.91717393283255
40320.54,0.894199444044773
40320.55,0.891137754935348
40320.56,0.925618393569383
40320.57,0.922705550606617
40320.58,0.922079390723459
40320.59,0.916994913969775
40320.6,0.904091721695943
40320.61,0.887094937398762
40320.62,0.92233981992998
40320.63,0.939376151487184
40320.64,0.951920898366716
40320.65,0.965542783140735
40320.66,0.926757779183454
40320.67,0.95414210364993
40320.68,0.927278981997646
40320.69,0.898349264224787
40320.7,0.860332736759658
40320.71,0.864701115229866
40320.72,0.891828827022261
40320.73,0.904549150370549
40320.74,0.882040737410515
40320.75,0.880248440721734
40320.76,0.899400349661197
40320.77,0.890294121721531
40320.78,0.878776676682711
40320.79,0.88928901619349
40320.8,0.924072456322674
40320.81,0.951958739010549
40320.82,0.951991238214388
40320.83,0.917457253243933
40320.84,0.915455190182503
40320.85,0.899815501123408
40320.86,0.909258502581856
40320.87,0.91708301176387
40320.88,0.903318329981301
40320.89,0.967912718106174
40320.9,0.910727452819997
40320.91,0.95553452046951
40320.92,0.953074816915452
40320.93,0.936222059176239
40320.94,0.921634136778457
40320.95,0.938217579403893
40320.96,0.954517729187751
40320.97,0.909948759508072
40320.98,0.893747104942456
40320.99,0.914350781225417
40321,0.928522395548739
40321.01,0.960278617582462
40321.02,0.970454092140466
40321.03,0.930050359069304
40321.04,0.957199376671468
40321.05,0.975103115672498
40321.06,1.02755516450789
40321.07,1.09964894312079
40321.08,1.16814614458573
40321.09,1.2333218036518
40321.1,1.21204721862171
40321.11,1.23964493093019
40321.12,1.18493512208634
40321.13,1.22869516489161
40321.14,1.19942366951313
40321.15,1.19880149476824
40321.16,1.2187402683184
40321.17,1.21567143506542
40321.18,1.26600528797373
40321.19,1.18949815650914
40321.2,1.12131329005532
40321.21,1.0942966766334
40321.22,1.09670462063631
40321.23,1.09171484778883
40321.24,1.0166772939952
40321.25,1.01551222843196
40321.26,1.07515165421327
40321.27,1.09938427806178
40321.28,1.10281405631485
40321.29,1.0856527285654
40321.3,1.07478109580933
40321.31,1.08355412876392
40321.32,1.05197508541422
40321.33,1.05518997579864
40321.34,0.995640023639353
40321.35,1.00538101732544
40321.36,1.00891312123112
40321.37,1.0308247803113
40321.38,1.03001864500916
40321.39,1.06100358079781
40321.4,1.0037991627692
40321.41,0.991031103947027
40321.42,0.973457144272127
40321.43,0.950893900606116
40321.44,0.944360112627158
40321.45,0.935817895031603
40321.46,0.97523757889212
40321.47,0.983797757484747
40321.48,0.975330830239168
40321.49,1.00454534192654
40321.5,1.00668817424952
40321.51,1.01084065431323
40321.52,1.04822738343746
40321.53,0.987150922935599
40321.54,0.999114282812467
40321.55,1.02127834000958
40321.56,1.00755248471643
40321.57,1.00973547792407
40321.58,1.01530866566025
40321.59,1.03029790793298
40321.6,1.05683311592234
40321.61,1.07277086529604
40321.62,1.05503274068511
40321.63,1.06679259953774
40321.64,1.09223840732449
40321.65,1.08843706767547
40321.66,1.13237460586538
40321.67,1.14837411521733
40321.68,1.17336785175081
40321.69,1.16627635686206
40321.7,1.22647168268147
40321.71,1.20977808988941
40321.72,1.14632066961464
40321.73,1.14098392525213
40321.74,1.16624156144128
40321.75,1.11590649115292
40321.76,1.08552299691152
40321.77,1.08538251970472
40321.78,1.09215956063047
40321.79,1.06658779930014
40321.8,1.03291729925499
40321.81,1.00019949495455
40321.82,1.01377588334849
40321.83,1.02730875212971
40321.84,1.01935762127269
40321.85,1.02154711357504
40321.86,1.02410785204439
40321.87,1.01159496721014
40321.88,1.0400911388592
40321.89,1.00328730132512
40321.9,1.00401681700604
40321.91,0.959939398861893
40321.92,0.958494962831772
40321.93,0.967613858629206
40321.94,1.01247007305085
40321.95,1.01935086080335
40321.96,1.00804188337005
40321.97,0.997513911093335
40321.98,1.05155776426855
40321.99,1.0587522437037
40322,1.05287623418607
40322.01,1.03332087064907
40322.02,1.00385050299178
40322.03,1.03277665640136
40322.04,1.01586503081723
40322.05,1.00329316193111
40322.06,0.955699026391388
40322.07,0.894998291899548
40322.08,0.914737856828264
40322.09,0.919222656235959
40322.1,0.931483699093526
40322.11,0.938863493613044
40322.12,0.936750154471664
40322.13,0.945196580333012
40322.14,0.896100764577519
40322.15,0.906272186724295
40322.16,0.926457097352204
40322.17,0.931243647045965
40322.18,0.906761979240664
40322.19,0.877169130981057
40322.2,0.864450290721121
40322.21,0.879671715932416
40322.22,0.833559972211551
40322.23,0.861308371798419
40322.24,0.880334856460473
40322.25,0.87782400464694
40322.26,0.872098284643089
40322.27,0.896904958139272
40322.28,0.84567233387792
40322.29,0.841739921079258
40322.3,0.836761506196938
40322.31,0.862350627443761
40322.32,0.878667044733916
40322.33,0.893117010165819
40322.34,0.897889851198892
40322.35,0.948574267090742
40322.36,0.885838157526769
40322.37,0.836531486023111
40322.38,0.806149215089084
40322.39,0.791420971604841
40322.4,0.817107948691679
40322.41,0.842163073121606
40322.42,0.873045908236993
40322.43,0.828642001227985
40322.44,0.808440592098598
40322.45,0.810404906113529
40322.46,0.799964928232157
40322.47,0.867259783025588
40322.48,0.881537083679828
40322.49,0.880439355686594
40322.5,0.90157419246515
40322.51,0.892901034500654
40322.52,0.865120708787205
40322.53,0.868400877742053
40322.54,0.884548080273425
40322.55,0.840065062654806
40322.56,0.870526805762485
40322.57,0.879834453742888
40322.58,0.919628908122149
40322.59,0.91473979095285
40322.6,0.960251024081517
40322.61,0.93892752740452
40322.62,0.950736553465518
40322.63,0.938894487811132
40322.64,0.922965080677211
40322.65,0.91287462272475
40322.66,0.926031215900507
40322.67,0.907551260492882
40322.68,0.911780532490603
40322.69,0.917683075955021
40322.7,0.891161756818102
40322.71,0.890345665724034
40322.72,0.873659318588282
40322.73,0.85116468224255
40322.74,0.84041132385152
40322.75,0.853242321983077
40322.76,0.838955545120429
40322.77,0.823330646917395
40322.78,0.855431248461512
40322.79,0.818946196827176
40322.8,0.873890866457229
40322.81,0.881123221907056
40322.82,0.913794071094671
40322.83,0.917863055147628
40322.84,0.917331690798008
40322.85,0.940672594607826
40322.86,0.936214328058066
40322.87,0.928704780781546
40322.88,0.926783942670837
40322.89,0.948926463486104
40322.9,0.983603133882816
40322.91,1.0040773153855
40322.92,0.990786039524971
40322.93,0.977490632399861
40322.94,0.984714745236245
40322.95,0.99499667570112
40322.96,0.992750796087679
40322.97,0.98206012089942
40322.98,0.934658852736095
40322.99,0.971628587157506
40323,0.971331847949966
40323.01,0.976891832658322
40323.02,0.967171877951788
40323.03,0.941056817420506
40323.04,0.972732852990377
40323.05,0.987425089998204
40323.06,0.99045533175283
40323.07,0.989998444811909
40323.08,0.979245021748602
40323.09,0.950472633369282
40323.1,0.966144454272859
40323.11,0.999632865507168
40323.12,1.0035304450113
40323.13,0.973040031627618
40323.14,0.931741653605994
40323.15,0.945187085363493
40323.16,0.940935455855541
40323.17,0.943709707589954
40323.18,0.936716716333399
40323.19,0.883648011455285
40323.2,0.873600059662917
40323.21,0.904007204925195
40323.22,0.924255102199077
40323.23,0.934089485234073
40323.24,0.95844627237998
40323.25,0.996688616743078
40323.26,1.02294460603301
40323.27,1.0005321849302
40323.28,1.00574402817785
40323.29,1.00373553167296
40323.3,0.973444320135884
40323.31,0.921201296139146
40323.32,0.879132103815891
40323.33,0.822980830333406
40323.34,0.855258799168683
40323.35,0.880444079365638
40323.36,0.86270144561989
40323.37,0.843899307456889
40323.38,0.866677763832889
40323.39,0.849128173805614
40323.4,0.87708462583479
40323.41,0.861815968035899
40323.42,0.889327389582176
40323.43,0.85355486760334
40323.44,0.868248072881502
40323.45,0.896268424219035
40323.46,0.916037819897542
40323.47,0.910118349609013
40323.48,0.914314717883031
40323.49,0.911012441462455
40323.5,0.918425870893434
40323.51,0.915473391293309
40323.52,0.925710232872522
40323.53,0.910411540498324
40323.54,0.894886967923156
40323.55,0.924556584196436
40323.56,0.932677344084711
40323.57,0.908869165268382
40323.58,0.881828382540857
40323.59,0.869547527865142
40323.6,0.877177302946579
40323.61,0.845441762584768
40323.62,0.850516746753491
40323.63,0.856619542729904
40323.64,0.850020172109435
40323.65,0.856227609070616
40323.66,0.835786387500309
40323.67,0.83346818360855
40323.68,0.819682960491155
40323.69,0.818386439382216
40323.7,0.829781067299341
40323.71,0.861900985362616
40323.72,0.859231294414006
40323.73,0.850909163174138
40323.74,0.875111214085271
40323.75,0.846587598101205
40323.76,0.791618915695555
40323.77,0.815870209214964
40323.78,0.82147575072883
40323.79,0.840218644325128
40323.8,0.869950936631155
40323.81,0.86790931164463
40323.82,0.827664135752332
40323.83,0.813674820237369
40323.84,0.803230720344032
40323.85,0.783885620394285
40323.86,0.798092167392679
40323.87,0.812733029054172
40323.88,0.817260088744466
40323.89,0.798700294793605
40323.9,0.799209912862519
40323.91,0.851128774966217
40323.92,0.927215420474398
40323.93,0.905739213142576
40323.94,0.904130263607359
40323.95,0.882722151342701
40323.96,0.865146594764063
40323.97,0.835709921115527
40323.98,0.810242935090966
40323.99,0.791384931695852
40324,0.828169065623591
40324.01,0.820556809285566
40324.02,0.775881644614995
40324.03,0.836404951015521
40324.04,0.851695317364379
40324.05,0.848390186387592
40324.06,0.860902247792244
40324.07,0.878268182261171
40324.08,0.872544810535725
40324.09,0.876713839054121
40324.1,0.915355477717997
40324.11,0.903622906032041
40324.12,0.906472066682531
40324.13,0.910371178115477
40324.14,0.893742170968284
40324.15,0.857211096240571
40324.16,0.890498559962029
40324.17,0.912084849621681
40324.18,0.926930916950546
40324.19,0.899503221047535
40324.2,0.89389038424272
40324.21,0.895741719313272
40324.22,0.918118374761701
40324.23,0.909776225724707
40324.24,0.892561215287807
40324.25,0.888479666772817
40324.26,0.905682699767112
40324.27,0.923772027751429
40324.28,0.868820588494535
40324.29,0.852445488543487
40324.3,0.828063174869594
40324.31,0.845070229497119
40324.32,0.876242177228233
40324.33,0.900432281722895
40324.34,0.892052145212051
40324.35,0.91794878379659
40324.36,0.90387411640397
40324.37,0.864664502491019
40324.38,0.866875920968525
40324.39,0.847666417018943
40324.4,0.851684731784441
40324.41,0.871143320632052
40324.42,0.900602969353212
40324.43,0.906705061856417
40324.44,0.926165113909078
40324.45,0.927046561692804
40324.46,0.9555761287658
40324.47,0.934312043376993
40324.48,0.919780274286538
40324.49,0.887096270737497
40324.5,0.931249184772994
40324.51,0.938732111215121
40324.52,0.903811676177351
40324.53,0.904601057859707
40324.54,0.908352040779361
40324.55,0.939813811723969
40324.56,0.955477289300772
40324.57,0.992956151452338
40324.58,0.974857295821549
40324.59,0.997844872872174
40324.6,0.992904921439188
40324.61,0.975262820887242
40324.62,1.01171635138855
40324.63,1.04851148409077
40324.64,1.05185913266285
40324.65,1.0909111003855
40324.66,1.13965683534049
40324.67,1.16054940623841
40324.68,1.21757405805169
40324.69,1.18365835803015
40324.7,1.18512163723368
40324.71,1.1686675918759
40324.72,1.15344354169202
40324.73,1.07833823738907
40324.74,1.03596519584997
40324.75,1.01657903161829
40324.76,1.0134186302251
40324.77,1.04847506557982
40324.78,1.0253731513294
40324.79,1.01118393784522
40324.8,1.00082524679984
40324.81,1.00517202174211
40324.82,0.987744554035901
40324.83,0.962903864427349
40324.84,0.949223963749517
40324.85,0.982117334114749
40324.86,0.946575185140828
40324.87,0.95781815470826
40324.88,0.978089405923323
40324.89,1.00295111495577
40324.9,1.01474597699725
40324.91,0.990129484570451
40324.92,0.953804717305454
40324.93,0.929279161740218
40324.94,0.96161125150342
40324.95,0.969583506799972
40324.96,0.974434112213281
40324.97,0.952706250569337
40324.98,0.930106127551371
40324.99,0.910091461030754
40325,0.910107403999137
40325.01,0.929735419032006
40325.02,0.921320534428543
40325.03,0.912794288320973
40325.04,0.93034555663112
40325.05,0.962399232142233
40325.06,0.941629628868012
40325.07,0.915550304719422
40325.08,0.934494885096623
40325.09,0.965598870868526
40325.1,0.989902662971839
40325.11,0.950767343880262
40325.12,0.945496737379003
40325.13,0.923291728178367
40325.14,0.933573184419879
40325.15,0.921391857984217
40325.16,0.894194489153727
40325.17,0.871261847774444
40325.18,0.849199649869229
40325.19,0.858353666330145
40325.2,0.82828412492404
40325.21,0.851557970823402
40325.22,0.845594606560368
40325.23,0.858910546405724
40325.24,0.837403004252476
40325.25,0.820656993081473
40325.26,0.826320193888446
40325.27,0.80068231044804
40325.28,0.781191572334324
40325.29,0.845401136537979
40325.3,0.847869680055107
40325.31,0.859503959536473
40325.32,0.880453162679844
40325.33,0.848928201807066
40325.34,0.835292718900313
40325.35,0.813168654096655
40325.36,0.824260380199014
40325.37,0.831967537854104
40325.38,0.812553847543961
40325.39,0.81796785939102
40325.4,0.854028935674213
40325.41,0.853823899182083
40325.42,0.874995557426995
40325.43,0.903891840784639
40325.44,0.917944153324123
40325.45,0.867842753151202
40325.46,0.858135955903577
40325.47,0.860686031312709
40325.48,0.854081851944504
40325.49,0.856644987656407
40325.5,0.833634273734722
40325.51,0.821501205585072
40325.52,0.810328988788668
40325.53,0.813447188345705
40325.54,0.788974874833804
40325.55,0.791386404205867
40325.56,0.789485385765991
40325.57,0.784948370610191
40325.58,0.765910472825089
40325.59,0.784726077856256
40325.6,0.790363765431735
40325.61,0.771031896583932
40325.62,0.763406612298016
40325.63,0.821259250171635
40325.64,0.818346175692393
40325.65,0.811379181499728
40325.66,0.798757315144503
40325.67,0.776164285417662
40325.68,0.752465825721125
40325.69,0.781897891227042
40325.7,0.794108306899437
40325.71,0.812399768119759
40325.72,0.814355668613144
40325.73,0.812369227689656
40325.74,0.806977711667775
40325.75,0.759777949949034
40325.76,0.770269722104317
40325.77,0.84655097025183
40325.78,0.839989219213046
40325.79,0.816274786624929
40325.8,0.828750727384511
40325.81,0.846198010503331
40325.82,0.828721822790872
40325.83,0.782577412884393
40325.84,0.765333221309141
40325.85,0.759235662870521
40325.86,0.767087098809728
40325.87,0.765894962871728
40325.88,0.768345298348154
40325.89,0.792762880560294
40325.9,0.813132199235687
40325.91,0.868596881489411
40325.92,0.912866657790196
40325.93,0.926878298147088
40325.94,0.970653523788442
40325.95,0.995088271229028
40325.96,0.974490341687547
40325.97,0.982830650177964
40325.98,0.974125848667394
40325.99,0.993211910020849
40326,0.984685052134672
40326.01,0.995015144563459
40326.02,0.972274706388443
40326.03,1.02146761608894
40326.04,0.9632784456085
40326.05,0.951336610998655
40326.06,0.936375788600177
40326.07,0.938919722701719
40326.08,0.931200554306953
40326.09,0.9533196262855
40326.1,0.933079165534444
40326.11,0.921010705057204
40326.12,0.915096499688419
40326.13,0.926319336117914
40326.14,0.922889855154413
40326.15,0.939142876969275
40326.16,0.901655240273228
40326.17,0.911442618516024
40326.18,0.921579510750843
40326.19,0.954817862912805
40326.2,0.999060535906805
40326.21,1.04078210406084
40326.22,1.03964014237646
40326.23,1.00387742853254
40326.24,0.985545892499429
40326.25,1.00609810560602
40326.26,0.945447662980806
40326.27,0.979950072643559
40326.28,0.99930081040134
40326.29,1.01898799986482
40326.3,1.04831131937737
40326.31,1.06195109692925
40326.32,1.06758787754161
40326.33,1.04247893791035
40326.34,1.05893981115831
40326.35,1.06509966540051
40326.36,1.07003299496946
40326.37,1.10135292098202
40326.38,1.09587676738153
40326.39,1.08346110004637
40326.4,1.07844046948733
40326.41,1.06920017637033
40326.42,1.08453071443408
40326.43,1.04098338160462
40326.44,1.06072038229402
40326.45,1.06030555564079
40326.46,1.08681062341496
40326.47,1.11660670449378
40326.48,1.0772771486867
40326.49,1.10574530543504
40326.5,1.16392264175261
40326.51,1.18788249319968
40326.52,1.20874978877471
40326.53,1.17150396126827
40326.54,1.17266029924954
40326.55,1.13871224741667
40326.56,1.12996693984749
40326.57,1.11356166040521
40326.58,1.0805728495133
40326.59,1.07478268356457
40326.6,1.05564165484216
40326.61,1.04363056637747
40326.62,1.0137043196273
40326.63,1.04149737592058
40326.64,1.03732291086377
40326.65,1.04968746757065
40326.66,1.02418029607302
40326.67,1.03466287985645
40326.68,1.03720695254784
40326.69,1.0207778375996
40326.7,1.02130916944641
40326.71,1.0321634308581
40326.72,1.00156259183933
40326.73,0.967674956713811
40326.74,0.9747549680773
40326.75,1.04090110400545
40326.76,1.07703906151829
40326.77,1.05555381236619
40326.78,1.0859109342512
40326.79,1.09342941435601
40326.8,1.03381011177061
40326.81,1.02470834643428
40326.82,1.02837743808091
40326.83,1.03539797168318
40326.84,1.03296804138785
40326.85,1.07085096092584
40326.86,1.13131818486153
40326.87,1.14960622279
40326.88,1.17424807142135
40326.89,1.16191754957276
40326.9,1.15041447589043
40326.91,1.16214562340327
40326.92,1.17837562300968
40326.93,1.15050883836837
40326.94,1.07711259518621
40326.95,1.03055886653081
40326.96,1.01351879313414
40326.97,1.05732802103141
40326.98,1.0241465938215
40326.99,1.03186101112378
40327,0.986824734764882
40327.01,0.988551631976049
40327.02,1.00743003400753
40327.03,0.967677810203969
40327.04,0.965082991105031
40327.05,0.95121588151545
40327.06,0.95476950096108
40327.07,0.984464550118819
40327.08,1.00552899137523
40327.09,1.02821522367493
40327.1,1.02141323200014
40327.11,1.04030181357887
40327.12,0.970031756240024
40327.13,0.914942146063445
40327.14,0.886397699633357
40327.15,0.866991165848086
40327.16,0.897305211306828
40327.17,0.922804104874609
40327.18,0.898501784026837
40327.19,0.894099827093277
40327.2,0.923935678346243
40327.21,0.890845954282255
40327.22,0.916214092576806
40327.23,0.931725298319137
40327.24,0.947912308196791
40327.25,0.977524653228414
40327.26,1.00031841608964
40327.27,1.0046396982615
40327.28,0.957493186881927
40327.29,0.945085513484866
40327.3,1.01410402723998
40327.31,1.0242225838314
40327.32,1.077873420054
40327.33,1.05939699934161
40327.34,1.04847794470817
40327.35,1.11107882720906
40327.36,1.16026276181769
40327.37,1.14616656274027
40327.38,1.17861793123983
40327.39,1.16993408000679
40327.4,1.11190426071161
40327.41,1.11610007822809
40327.42,1.11473329987275
40327.43,1.11264852887385
40327.44,1.09563185396826
40327.45,1.09440674426904
40327.46,1.06105271492871
40327.47,1.03336541835624
40327.48,1.03009478081992
40327.49,1.00333686062508
40327.5,1.02361967414739
40327.51,1.01828640131974
40327.52,1.01558718995135
40327.53,0.981723258745516
40327.54,1.04623737861688
40327.55,1.03152574040797
40327.56,1.04149777066356
40327.57,1.0518460346075
40327.58,1.08618874194916
40327.59,1.07849408780119
40327.6,1.07701566110077
40327.61,1.08932648668935
40327.62,1.13507374849308
40327.63,1.13112616368053
40327.64,1.1230602342682
40327.65,1.1993955702443
40327.66,1.16030610463595
40327.67,1.1468873158716
40327.68,1.15476871397643
40327.69,1.11280505292163
40327.7,1.13759113185975
40327.71,1.16537760210592
40327.72,1.15415693166982
40327.73,1.11649707406539
40327.74,1.14626622215616
40327.75,1.16316314858636
40327.76,1.16482702806214
40327.77,1.1327144959813
40327.78,1.10426695115726
40327.79,1.06960866020031
40327.8,1.09037061829314
40327.81,1.05387291997858
40327.82,1.06280611013828
40327.83,1.06871609115486
40327.84,1.05998507017664
40327.85,1.0463542379638
40327.86,1.01304459029649
40327.87,0.983108744127578
40327.88,0.967653868825908
40327.89,0.957866052157266
40327.9,0.886795131922201
40327.91,0.893323384298255
40327.92,0.895812742326218
40327.93,0.946338903091297
40327.94,0.95670380420417
40327.95,1.0147053440609
40327.96,1.0176930932646
40327.97,1.05012648109846
40327.98,1.04106142202046
40327.99,1.03166586643205
40328,0.968032520200082
40328.01,0.958863930370077
40328.02,0.961778426286245
40328.03,1.01017317354924
40328.04,1.00998549357194
40328.05,1.0559132507119
40328.06,1.00883579844623
40328.07,0.997231733944653
40328.08,0.988438938535434
40328.09,0.98639418538847
40328.1,0.984865552068982
40328.11,0.956920955704583
40328.12,0.896664995384829
40328.13,0.945414891132282
40328.14,0.916426804238111
40328.15,0.918041101870822
40328.16,0.963348599451218
40328.17,0.97898276631858
40328.18,1.00516084900681
40328.19,0.978441388794756
40328.2,1.0067423035882
40328.21,1.03392457494928
40328.22,1.08487137962826
40328.23,1.09850738058877
40328.24,1.05309834957332
40328.25,1.05825025600356
40328.26,1.0190791366443
40328.27,1.05230066329311
40328.28,1.04046981262119
40328.29,1.01601659626525
40328.3,1.03398811791998
40328.31,1.02325662402034
40328.32,1.0613344092951
40328.33,1.02182141254246
40328.34,1.02975026224114
40328.35,1.020460532457
40328.36,1.03781210789169
40328.37,1.02993853817388
40328.38,1.03357729696227
40328.39,1.00061388516375
40328.4,1.04102928890306
40328.41,1.01734720003253
40328.42,1.01962991815336
40328.43,1.04898925421633
40328.44,1.01478764984992
40328.45,1.01635023808992
40328.46,1.02919383593515
40328.47,1.04860990416805
40328.48,1.04547960005992
40328.49,1.0948242716592
40328.5,1.10383402527028
40328.51,1.10240694950026
40328.52,1.07858746563185
40328.53,1.09641130610468
40328.54,1.14184194584459
40328.55,1.12964222123255
40328.56,1.11670298236578
40328.57,1.08405130586615
40328.58,1.03706718422032
40328.59,0.973853249317202
40328.6,0.973528293320113
40328.61,0.919413078944803
40328.62,0.887319753277961
40328.63,0.857017929227957
40328.64,0.87530081526605
40328.65,0.858307497965576
40328.66,0.875048703305078
40328.67,0.880012886077079
40328.68,0.8821823859563
40328.69,0.897308702709968
40328.7,0.908255840901749
40328.71,0.922050836275975
40328.72,0.943737961482322
40328.73,0.984345157342887
40328.74,0.955878642939123
40328.75,0.953456523872139
40328.76,0.994574985885276
40328.77,1.01041922053261
40328.78,1.00913020826824
40328.79,1.0778129060624
40328.8,1.0848882245355
40328.81,1.09487091277115
40328.82,1.1342152132567
40328.83,1.11468594867166
40328.84,1.101920694381
40328.85,1.05471337526265
40328.86,1.08585920120738
40328.87,1.13093464426324
40328.88,1.12791136120136
40328.89,1.15057981344502
40328.9,1.16815010876401
40328.91,1.13903693067988
40328.92,1.05736320586818
40328.93,1.02841914385642
40328.94,0.992581144015558
40328.95,0.9502864573007
40328.96,0.971324896114779
40328.97,0.976857277819415
40328.98,0.997387379703693
40328.99,1.01419481656513
40329,0.988060976129668
40329.01,0.953404129738574
40329.02,0.974491153449711
40329.03,0.996652366466456
40329.04,0.95718850206568
40329.05,0.929069293256527
40329.06,0.915337710547932
40329.07,0.897996534487243
40329.08,0.887584480542667
40329.09,0.859146715528336
40329.1,0.886033596126037
40329.11,0.846924372076305
40329.12,0.846287051338204
40329.13,0.802197034763496
40329.14,0.78732428053668
40329.15,0.771522939355719
40329.16,0.788905550401433
40329.17,0.79859049565043
40329.18,0.825330784182548
40329.19,0.853543818146393
40329.2,0.830396511045148
40329.21,0.813408901648608
40329.22,0.805648383661075
40329.23,0.836403040550154
40329.24,0.809145950757984
40329.25,0.780163241697518
40329.26,0.784277815601335
40329.27,0.78756406161326
40329.28,0.77814837892517
40329.29,0.809478545973096
40329.3,0.820585995069249
40329.31,0.802439541104381
40329.32,0.765042576766404
40329.33,0.747215958878193
40329.34,0.73967785497554
40329.35,0.720069460116301
40329.36,0.720450505045099
40329.37,0.774653378300176
40329.38,0.792333343792231
40329.39,0.804047083071112
40329.4,0.825270180820309
40329.41,0.816229139555168
40329.42,0.843927838718098
40329.43,0.855000534485067
40329.44,0.820670981846964
40329.45,0.813327378510646
40329.46,0.817886496829661
40329.47,0.823200011579542
40329.48,0.807647901171023
40329.49,0.801763032716967
40329.5,0.844036374165097
40329.51,0.816102358133435
40329.52,0.832337928617602
40329.53,0.845572830259711
40329.54,0.821550793060687
40329.55,0.831800303879374
40329.56,0.832700597526143
40329.57,0.807802551595289
40329.58,0.803687384738681
40329.59,0.790297481951275
40329.6,0.802582388984155
40329.61,0.826894962001547
40329.62,0.868464486003485
40329.63,0.836854665545719
40329.64,0.853924875543059
40329.65,0.830516074250182
40329.66,0.809251131962469
40329.67,0.796603982924649
40329.68,0.759688344077786
40329.69,0.769277990370164
40329.7,0.811944002077375
40329.71,0.837336374153295
40329.72,0.803234799247697
40329.73,0.836919701654913
40329.74,0.821269008423601
40329.75,0.836635270515358
40329.76,0.79404888309698
40329.77,0.807254611631378
40329.78,0.795084829370911
40329.79,0.785165671693919
40329.8,0.750131246747232
40329.81,0.768498565672227
40329.82,0.752285247741156
40329.83,0.744720423388099
40329.84,0.734918114504136
40329.85,0.77847685421651
40329.86,0.754855470948103
40329.87,0.741024721764463
40329.88,0.756897825165061
40329.89,0.770055561686251
40329.9,0.758538004194503
40329.91,0.75338922602514
40329.92,0.772626174688348
40329.93,0.805938371518422
40329.94,0.794650607438412
40329.95,0.775846901182662
40329.96,0.76829170411697
40329.97,0.824810917313388
40329.98,0.804893635705514
40329.99,0.797300134279249
40330,0.823526964016741
40330.01,0.830379780165244
40330.02,0.834329025876266
40330.03,0.804243608880779
40330.04,0.849166696450452
40330.05,0.857063826198384
40330.06,0.889786622251155
40330.07,0.938415097960585
40330.08,0.951904740026885
40330.09,0.976266206234292
40330.1,0.977364017365914
40330.11,0.92356694041911
40330.12,0.891857136231773
40330.13,0.899514341620937
40330.14,0.938236603792794
40330.15,0.902634848848131
40330.16,0.907495132558149
40330.17,0.924480480154094
40330.18,0.886701287741392
40330.19,0.883918947679863
40330.2,0.8857568896504
40330.21,0.853221891260102
40330.22,0.845782059646575
40330.23,0.805433120914219
40330.24,0.840140952058466
40330.25,0.859472977113832
40330.26,0.926374087423966
40330.27,0.940524108763619
40330.28,0.925166634176748
40330.29,0.926164171570872
40330.3,0.914373366269265
40330.31,0.924601734904761
40330.32,0.933717750002073
40330.33,0.916079381794208
40330.34,0.917585205539752
40330.35,0.862929372125649
40330.36,0.79787744092272
40330.37,0.78571873143524
40330.38,0.775888792278683
40330.39,0.76765417473855
40330.4,0.811108768586478
40330.41,0.765009491895099
40330.42,0.794536924450504
40330.43,0.78533248342447
40330.44,0.774921685636289
40330.45,0.766385809037965
40330.46,0.768548252204248
40330.47,0.777334562299442
40330.48,0.74103435279399
40330.49,0.724324686457172
40330.5,0.748608375756646
40330.51,0.757000720838116
40330.52,0.765182702517262
40330.53,0.777981950849092
40330.54,0.816699896102015
40330.55,0.857635104671195
40330.56,0.873685557603976
40330.57,0.854343358862193
40330.58,0.879678290036719
40330.59,0.850264564741286
40330.6,0.86940996853527
40330.61,0.870745298788034
40330.62,0.846440753017936
40330.63,0.880088313701935
40330.64,0.902305206918619
40330.65,0.913235306573149
40330.66,0.92621028954924
40330.67,0.895994586870807
40330.68,0.886319670027519
40330.69,0.915987753454062
40330.7,0.902347862620625
40330.71,0.905302240489155
40330.72,0.90225184242827
40330.73,0.880671444513757
40330.74,0.857971619881495
40330.75,0.827595370367354
40330.76,0.822978463430999
40330.77,0.801916813782983
40330.78,0.78893778096664
40330.79,0.791258486524534
40330.8,0.780455172441242
40330.81,0.788287220117145
40330.82,0.772128051823777
40330.83,0.760630140528184
40330.84,0.791529917585584
40330.85,0.779610477593703
40330.86,0.766024873392874
40330.87,0.774864437554666
40330.88,0.763961109442929
40330.89,0.772914392969479
40330.9,0.776511236855567
40330.91,0.816843051627698
40330.92,0.832741677328115
40330.93,0.854166235654123
40330.94,0.853990462478175
40330.95,0.890240176510118
40330.96,0.870376829822396
40330.97,0.871930750428783
40330.98,0.901762592083739
40330.99,0.948802329426917
40331,0.969539224566509
40331.01,0.976189079515256
40331.02,0.9897115259702
40331.03,0.962270792269704
40331.04,0.997818002437663
40331.05,0.951764276992931
40331.06,0.957849167107054
40331.07,0.935656416455589
40331.08,0.943457781616691
40331.09,0.976032901604034
40331.1,1.0238752517038
40331.11,1.06351771305588
40331.12,1.04349700329377
40331.13,1.05972674484968
40331.14,1.09374203718529
40331.15,1.08570775739815
40331.16,1.03401457914454
40331.17,1.06769651618785
40331.18,1.07605450407973
40331.19,1.06882350041074
40331.2,1.06301618334508
40331.21,1.06865327817811
40331.22,1.05299500685432
40331.23,1.05554742267301
40331.24,1.03062107063355
40331.25,1.0682242391344
40331.26,1.11700580445856
40331.27,1.12699732171429
40331.28,1.12241895768533
40331.29,1.00973653497324
40331.3,0.989242956816966
40331.31,1.00074212219359
40331.32,0.980770319826444
40331.33,0.955437971208962
40331.34,0.94156150732493
40331.35,0.905801159946566
40331.36,0.939219724554639
40331.37,0.916550344991616
40331.38,0.884331940338208
40331.39,0.892574668439325
40331.4,0.911985011411708
40331.41,0.937358660527802
40331.42,0.914867196981173
40331.43,0.893654555649142
40331.44,0.89336501686906
40331.45,0.893079873174077
40331.46,0.891156144022275
40331.47,0.914845732207206
40331.48,0.947695547596273
40331.49,0.890624237989085
40331.5,0.910008325105127
40331.51,0.945096393225199
40331.52,0.943161060101798
40331.53,0.980948431057894
40331.54,0.989484675666137
40331.55,0.990881485305227
40331.56,0.947445410146354
40331.57,0.942355813186951
40331.58,0.888625299880212
40331.59,0.904300405218805
40331.6,0.899673380893657
40331.61,0.909109001036866
40331.62,0.974006910926106
40331.63,0.927451478992474
40331.64,0.909552181047601
40331.65,0.89333682218098
40331.66,0.914928098257341
40331.67,0.919214844646849
40331.68,0.852907133007096
40331.69,0.848706577118001
40331.7,0.86787724657162
40331.71,0.845201612056906
40331.72,0.832190461555036
40331.73,0.875050196910467
40331.74,0.843573225431094
40331.75,0.870365504579833
40331.76,0.878801852997293
40331.77,0.872603331120499
40331.78,0.857114753137368
40331.79,0.835258164012048
40331.8,0.837712508984601
40331.81,0.85760958679307
40331.82,0.816264043777801
40331.83,0.797646396526503
40331.84,0.804994410727056
40331.85,0.839267895646417
40331.86,0.86589488143304
40331.87,0.879565837136989
40331.88,0.861833636610356
40331.89,0.862008804102202
40331.9,0.852745252734557
40331.91,0.859319255294396
40331.92,0.869588240618313
40331.93,0.843767481320442
40331.94,0.907882300391765
40331.95,0.902234658831013
40331.96,0.881094566630695
40331.97,0.908060951844916
40331.98,0.906865767381933
40331.99,0.949025573589308
40332,0.975426427210566
40332.01,0.948011606518878
40332.02,0.968814639020911
40332.03,0.982870161619929
40332.04,0.964337290427711
40332.05,0.940336020884698
40332.06,0.903523187149592
40332.07,0.871150127840545
40332.08,0.880652622095597
40332.09,0.882822609017243
40332.1,0.865086626977394
40332.11,0.880005039133505
40332.12,0.870099973408861
40332.13,0.877642948165524
40332.14,0.863905762585157
40332.15,0.904100959420009
40332.16,0.91916543523436
40332.17,0.971550258263838
40332.18,0.963978318798502
40332.19,0.951900020748184
40332.2,0.956058053768635
40332.21,0.965976631660239
40332.22,1.00733331729335
40332.23,0.951310239350772
40332.24,0.942619813891262
40332.25,0.972627128013348
40332.26,0.928138147830604
40332.27,0.942950117273716
40332.28,0.966788160518357
40332.29,1.02518180772791
40332.3,1.02320387343174
40332.31,1.00355655799564
40332.32,1.03632625230336
40332.33,1.05363537995368
40332.34,1.03599859657608
40332.35,1.03217629674217
40332.36,1.02648818942693
40332.37,0.975194961652167
40332.38,0.914740691747334
40332.39,0.911890564300362
40332.4,0.924246720295588
40332.41,0.918860256600764
40332.42,0.881061738332543
40332.43,0.880100136928245
40332.44,0.864629602309711
40332.45,0.875238156189641
40332.46,0.891685847426668
40332.47,0.899194948069612
40332.48,0.899160995281279
40332.49,0.922131656996079
40332.5,0.90831930922053
40332.51,0.890779232783956
40332.52,0.877828918759142
40332.53,0.888549838616797
40332.54,0.916140213952546
40332.55,0.896175733261289
40332.56,0.869922495652617
40332.57,0.890451985214951
40332.58,0.905724485344333
40332.59,0.94760662250871
40332.6,0.922828513325025
40332.61,0.935698903185787
40332.62,0.936100453027432
40332.63,0.919836943062582
40332.64,0.935576388003363
40332.65,0.929382851360933
40332.66,0.920575505789804
40332.67,0.863647170370097
40332.68,0.834936955888105
40332.69,0.838021624545369
40332.7,0.856803202286997
40332.71,0.87211632709844
40332.72,0.892530378611057
40332.73,0.887863654411568
40332.74,0.903318942047574
40332.75,0.92821279183135
40332.76,0.929822999377056
40332.77,0.941669436521534
40332.78,0.92973245810175
40332.79,0.938638585956848
40332.8,0.929180619459605
40332.81,0.884294108256142
40332.82,0.889990600875072
40332.83,0.902275980627211
40332.84,0.904510000690634
40332.85,0.911930444862868
40332.86,0.965215224242429
40332.87,1.00138398096336
40332.88,1.0300558548789
40332.89,1.02630117430303
40332.9,1.05230828482041
40332.91,1.06777785802583
40332.92,1.08312262735623
40332.93,1.05452527668424
40332.94,1.04488018040819
40332.95,1.01346147032235
40332.96,1.03292336849543
40332.97,1.03797798938399
40332.98,1.04756203649756
40332.99,1.03081975655805
40333,1.05882206725274
40333.01,1.05560352102974
40333.02,1.04650466759612
40333.03,1.06896035588267
40333.04,1.01260314608249
40333.05,1.02613803067729
40333.06,1.01110654020285
40333.07,1.0293451480921
40333.08,0.985004167452781
40333.09,1.03431953575188
40333.1,1.05721508715834
40333.11,1.11648996462308
40333.12,1.11974994816153
40333.13,1.08239622324621
40333.14,1.08568256978624
40333.15,1.08572316357613
40333.16,1.06945742883223
40333.17,1.06849436994833
40333.18,1.08561921344507
40333.19,1.10593830938038
40333.2,1.06996692697055
40333.21,1.11385795867228
40333.22,1.13598390413439
40333.23,1.10915326472961
40333.24,1.07536863209677
40333.25,1.03103743689845
40333.26,1.09212827192221
40333.27,1.15816452356952
40333.28,1.17745550385892
40333.29,1.20627880589132
40333.3,1.19377999711673
40333.31,1.12169023604715
40333.32,1.09427651102111
40333.33,1.07157342787747
40333.34,1.01684853495486
40333.35,1.03079087886523
40333.36,1.00614345719608
40333.37,1.02612408440657
40333.38,1.05931423667254
40333.39,1.05111759537302
40333.4,1.06839158317297
40333.41,0.998292464222622
40333.42,0.975410765287438
40333.43,0.98795663822727
40333.44,0.992497405165751
40333.45,1.01690083266645
40333.46,1.01736514455683
40333.47,1.01313080915692
40333.48,1.02222713799679
40333.49,1.00927190821078
40333.5,0.982282696607036
40333.51,0.959975911421452
40333.52,0.991189471098124
40333.53,0.945292276006573
40333.54,0.969553102117771
40333.55,0.949803464608065
40333.56,0.897545673843327
40333.57,0.868444184106883
40333.58,0.85693793368416
40333.59,0.846581490043283
40333.6,0.852151791210297
40333.61,0.818974302227927
40333.62,0.813211466369586
40333.63,0.832896482284784
40333.64,0.874514002953301
40333.65,0.841686157474782
40333.66,0.832009622729567
40333.67,0.851582018948852
40333.68,0.838581939597361
40333.69,0.811052543250449
40333.7,0.795015138620927
40333.71,0.766778930134421
40333.72,0.754877378623029
40333.73,0.76819513790995
40333.74,0.734027528966155
40333.75,0.713477895726476
40333.76,0.704516949782314
40333.77,0.706082486349612
40333.78,0.731813263166404
40333.79,0.758723740414616
40333.8,0.769123340380784
40333.81,0.788611287885537
40333.82,0.739420089982001
40333.83,0.740709981294707
40333.84,0.739470008514206
40333.85,0.724360785284618
40333.86,0.734994286987532
40333.87,0.742743449235191
40333.88,0.759430427248902
40333.89,0.756767272395346
40333.9,0.763856846330116
40333.91,0.786886453447961
40333.92,0.78642158497217
40333.93,0.817895412047947
40333.94,0.855850755639898
40333.95,0.826015046820023
40333.96,0.847214771975957
40333.97,0.841927101426996
40333.98,0.882703203177079
40333.99,0.898992495369376
40334,0.888336398250203
40334.01,0.891004007440102
40334.02,0.904678166212968
40334.03,0.886923995999514
40334.04,0.906914514816731
40334.05,0.917218792720187
40334.06,0.937929705661283
40334.07,0.934133261173226
40334.08,0.935607513307284
40334.09,0.964431160254531
40334.1,1.03242150288727
40334.11,1.00145858494044
40334.12,1.02909127973936
40334.13,1.0863124814372
40334.14,1.03254584897678
40334.15,0.992309047427437
40334.16,1.00453413931534
40334.17,1.05309626765414
40334.18,1.05412042525389
40334.19,1.05679139442224
40334.2,1.07413437088655
40334.21,1.06478796915849
40334.22,1.04416418407828
40334.23,1.10716489935123
40334.24,1.08380251807477
40334.25,1.06702956682926
40334.26,1.10808627838201
40334.27,1.11884636965606
40334.28,1.09827234258984
40334.29,1.04049556379687
40334.3,1.03807848277012
40334.31,1.05328754273815
40334.32,1.05719554454753
40334.33,1.03179312666947
40334.34,1.04080462511925
40334.35,1.05885897623622
40334.36,1.03687143186312
40334.37,1.0104351075704
40334.38,1.01128841355863
40334.39,0.993451501114516
40334.4,0.981895180465079
40334.41,0.966571168147059
40334.42,0.953636031709025
40334.43,0.935829408372305
40334.44,0.903190624472031
40334.45,0.911013434121583
40334.46,0.89010077475643
40334.47,0.906325630995519
40334.48,0.925628440255737
40334.49,0.951169254024508
40334.5,0.993399640805479
40334.51,0.976611548146886
40334.52,0.968515365904887
40334.53,0.960656790504122
40334.54,0.902738560948663
40334.55,0.914591118665213
40334.56,0.936477247190611
40334.57,0.942965419212391
40334.58,0.950681795309014
40334.59,0.956293914409985
40334.6,0.991118853004341
40334.61,0.981049255828016
40334.62,0.935234647252615
40334.63,0.957745828902756
40334.64,0.96197524923185
40334.65,0.977597223576031
40334.66,0.983081297884248
40334.67,1.01666804907172
40334.68,1.01525823012926
40334.69,1.01493951245408
40334.7,1.05338621141912
40334.71,1.04954402459044
40334.72,1.02922367894352
40334.73,1.03319867255638
40334.74,1.03155164271158
40334.75,1.00470312397312
40334.76,0.965474670139231
40334.77,0.951151177035679
40334.78,0.908290201031777
40334.79,0.895635552693923
40334.8,0.8893675988667
40334.81,0.890290841061482
40334.82,0.867334530819436
40334.83,0.877531755073331
40334.84,0.820288048339033
40334.85,0.850335906847647
40334.86,0.854481063213045
40334.87,0.907490034905099
40334.88,0.921652306443573
40334.89,0.922828815891662
40334.9,0.936084650228947
40334.91,0.907615410827021
40334.92,0.90500283460147
40334.93,0.925281392228042
40334.94,0.930586417121794
40334.95,0.9286932329551
40334.96,0.888567674574675
40334.97,0.914729044859612
40334.98,0.924993889362921
40334.99,0.941989580970899
40335,0.899859145654006
40335.01,0.900296455549645
40335.02,0.912020570598323
40335.03,0.942139783409478
40335.04,0.924277586827009
40335.05,0.955376860374858
40335.06,1.03613950505483
40335.07,1.06976350946093
40335.08,1.08555197424632
40335.09,1.02419723277989
40335.1,0.981982509629597
40335.11,1.00573445011106
40335.12,0.991847575195934
40335.13,1.00697860748828
40335.14,0.991416124374727
40335.15,0.962063913131586
40335.16,0.948723702167822
40335.17,0.94517852293315
40335.18,0.907395374262565
40335.19,0.879282651217175
40335.2,0.888678917105002
40335.21,0.862503522404707
40335.22,0.893057998904589
40335.23,0.849178424615519
40335.24,0.841366485046403
40335.25,0.853584022425275
40335.26,0.857765316818081
40335.27,0.831773800726005
40335.28,0.8198858795846
40335.29,0.853307892675467
40335.3,0.80109335785289
40335.31,0.795591321169505
40335.32,0.782470220069254
40335.33,0.802905226305541
40335.34,0.772859289003315
40335.35,0.791380639824302
40335.36,0.81529461184562
40335.37,0.806500689653987
40335.38,0.796550643588664
40335.39,0.764596153445782
40335.4,0.736701642849551
40335.41,0.792120043157516
40335.42,0.755440210571313
40335.43,0.765348361759473
40335.44,0.813551417825246
40335.45,0.76671006516397
40335.46,0.80118579213025
40335.47,0.781893445197086
40335.48,0.776070051438582
40335.49,0.789320507341318
40335.5,0.791382699152702
40335.51,0.833014653139852
40335.52,0.855423923328835
40335.53,0.840314813940187
40335.54,0.866590429895735
40335.55,0.837016919574568
40335.56,0.829768865846341
40335.57,0.882556154050177
40335.58,0.888060118465009
40335.59,0.873019547945936
40335.6,0.875184151929829
40335.61,0.88891610463135
40335.62,0.868629432661301
40335.63,0.919953754176753
40335.64,0.899713146996056
40335.65,0.888176058874062
40335.66,0.859789534982184
40335.67,0.847813443922113
40335.68,0.846595770237959
40335.69,0.815528706172899
40335.7,0.819846000182315
40335.71,0.84758988445598
40335.72,0.829498961103603
40335.73,0.865247490556891
40335.74,0.840978205030633
40335.75,0.855795339246803
40335.76,0.866620028669994
40335.77,0.800970985598018
40335.78,0.81434019337231
40335.79,0.808904552374084
40335.8,0.82588699518577
40335.81,0.816470282751001
40335.82,0.809983724305953
40335.83,0.770511064394473
40335.84,0.76231266148691
40335.85,0.753974242295914
40335.86,0.717767395404456
40335.87,0.729743096105269
40335.88,0.741901287109532
40335.89,0.762835300259097
40335.9,0.771042065003085
40335.91,0.789361189550862
40335.92,0.836913936626092
40335.93,0.858559916414508
40335.94,0.838140995533463
40335.95,0.86772850343623
40335.96,0.871012430538952
40335.97,0.87982570423983
40335.98,0.87069335977288
40335.99,0.83265220198634
40336,0.826739512573089
40336.01,0.816969905114729
40336.02,0.817266542023964
40336.03,0.798384992312269
40336.04,0.787152231168245
40336.05,0.808295038615591
40336.06,0.800502159992915
40336.07,0.832669168788422
40336.08,0.855649806717
40336.09,0.865531902222624
40336.1,0.876023981499722
40336.11,0.873287664616181
40336.12,0.908752431916124
40336.13,0.918403109681343
40336.14,0.931616542429573
40336.15,0.910140188989684
40336.16,0.920312921129686
40336.17,0.919283737918307
40336.18,0.94811502422899
40336.19,0.908823237599539
40336.2,0.888056951799552
40336.21,0.937611599855221
40336.22,0.934981882444205
40336.23,0.923476246890649
40336.24,0.920169020789249
40336.25,0.915715742829022
40336.26,0.95035047632214
40336.27,0.961738772394642
40336.28,0.935136073103581
40336.29,0.900981242391717
40336.3,0.879784026256804
40336.31,0.870502456144654
40336.32,0.939803962235327
40336.33,0.955525653307159
40336.34,0.958832234034125
40336.35,0.997975888351503
40336.36,0.975872288401654
40336.37,0.934349861242235
40336.38,0.988498854608271
40336.39,0.991312741384152
40336.4,1.00258928668291
40336.41,0.985920465470959
40336.42,0.957007467223536
40336.43,0.948996818196946
40336.44,0.904647999144245
40336.45,0.884995788945852
40336.46,0.863942735958066
40336.47,0.864608352019268
40336.48,0.89100087165761
40336.49,0.881834941205078
40336.5,0.902074902406356
40336.51,0.919446431813915
40336.52,0.931004961249733
40336.53,0.990770642962825
40336.54,0.979572004406878
40336.55,1.00870921131381
40336.56,0.987637701951559
40336.57,0.989308213777844
40336.58,0.989294975125283
40336.59,0.98419951871009
40336.6,0.986155872735774
40336.61,0.929082390045057
40336.62,0.918688044773709
40336.63,0.929863068461
40336.64,0.936732980975345
40336.65,0.963378211197435
40336.66,0.950812320792
40336.67,0.962945452992723
40336.68,0.967500339885089
40336.69,0.9972236909848
40336.7,0.95318593432808
40336.71,0.929671914457853
40336.72,0.95645605834266
40336.73,0.950383108838745
40336.74,0.921909196325532
40336.75,0.922718916718353
40336.76,0.925117392653818
40336.77,0.940288007853511
40336.78,0.963576413257619
40336.79,0.964798893822839
40336.8,0.981683662886337
40336.81,0.998889075637017
40336.82,0.978899740757565
40336.83,0.98173252770914
40336.84,0.96973358220928
40336.85,0.968431911678902
40336.86,0.940364830681936
40336.87,0.933519948110129
40336.88,0.900699553491596
40336.89,0.873739886964348
40336.9,0.87911884470418
40336.91,0.881580877527269
40336.92,0.874434185888699
40336.93,0.854553144238765
40336.94,0.849447291804156
40336.95,0.843895022945805
40336.96,0.879048519852972
40336.97,0.883994572357159
40336.98,0.861200052866814
40336.99,0.859749489211531
40337,0.850644125095883
40337.01,0.829065890324956
40337.02,0.862169805267347
40337.03,0.848262919537177
40337.04,0.847411092263775
40337.05,0.852616444845416
40337.06,0.860695039665923
40337.07,0.83764301497101
40337.08,0.842074622218891
40337.09,0.824078854662846
40337.1,0.822245923296433
40337.11,0.83330336027375
40337.12,0.843745193542408
40337.13,0.837142360346653
40337.14,0.878019580532559
40337.15,0.854041025465615
40337.16,0.866428335632179
40337.17,0.858780593371315
40337.18,0.909249335696746
40337.19,0.866793300791375
40337.2,0.831606740531839
40337.21,0.803917263091678
40337.22,0.764832133645942
40337.23,0.759646199943176
40337.24,0.77627005563486
40337.25,0.766166851302548
40337.26,0.738475613243983
40337.27,0.742268241484935
40337.28,0.701635477941763
40337.29,0.691017907340544
40337.3,0.69443053641766
40337.31,0.670192780807557
40337.32,0.646351285709084
40337.33,0.649725992062211
40337.34,0.633984090428099
40337.35,0.650382719614102
40337.36,0.642848660892945
40337.37,0.638018023174973
40337.38,0.638028720086045
40337.39,0.633820852564542
40337.4,0.651459001460985
40337.41,0.671194196816035
40337.42,0.655711688943986
40337.43,0.668045189232001
40337.44,0.667984926365247
40337.45,0.677401814340231
40337.46,0.701101895647829
40337.47,0.693576117970992
40337.48,0.727983259569329
40337.49,0.726686395625273
40337.5,0.69782748475445
40337.51,0.713639293174454
40337.52,0.703029133734648
40337.53,0.73587422527749
40337.54,0.785696605467294
40337.55,0.779164111436415
40337.56,0.764021807368653
40337.57,0.757887010353583
40337.58,0.743619226141392
40337.59,0.742657724629312
40337.6,0.748751239164652
40337.61,0.788411045240739
40337.62,0.773800267587509
40337.63,0.806472812549119
40337.64,0.804373076859036
40337.65,0.803457493814515
40337.66,0.79814193169007
40337.67,0.799383949028656
40337.68,0.840798406099957
40337.69,0.824096005249441
40337.7,0.813714601207411
40337.71,0.820337961735604
40337.72,0.779475576107931
40337.73,0.73859217686473
40337.74,0.772414180321458
40337.75,0.775065335142438
40337.76,0.787995752517387
40337.77,0.802824183573889
40337.78,0.83214169617075
40337.79,0.819267982382398
40337.8,0.827150019060861
40337.81,0.839022595787865
40337.82,0.81534072051929
40337.83,0.808138847391322
40337.84,0.778720053809059
40337.85,0.771806223223521
40337.86,0.767829062687221
40337.87,0.75732205452013
40337.88,0.780551725636544
40337.89,0.786101358076328
40337.9,0.749804762751609
40337.91,0.768669445183825
40337.92,0.815617243311532
40337.93,0.793126036267771
40337.94,0.783945371209519
40337.95,0.830848841551974
40337.96,0.852711538737577
40337.97,0.90893983591889
40337.98,0.88468951190169
40337.99,0.906347417896705
40338,0.868856788737793
40338.01,0.877808885310875
40338.02,0.868631720636282
40338.03,0.897912555996511
40338.04,0.918251065238733
40338.05,0.937513558924388
40338.06,0.954132398649577
40338.07,0.932842565684562
40338.08,0.953760470752178
40338.09,0.988316059417462
40338.1,0.981602487842873
40338.11,0.968787750221417
40338.12,1.010306027765
40338.13,0.964004816576086
40338.14,0.990443031563883
40338.15,1.00464389739578
40338.16,0.992732888670955
40338.17,1.00414321034322
40338.18,0.96914680810452
40338.19,0.959377084784158
40338.2,0.964653500668094
40338.21,0.92379157638412
40338.22,0.893345627152355
40338.23,0.872858266037689
40338.24,0.842720954939085
40338.25,0.849643739842899
40338.26,0.86226045020152
40338.27,0.883087555940257
40338.28,0.865687944023393
40338.29,0.843104451431272
40338.3,0.874220576122616
40338.31,0.877872258069563
40338.32,0.891187279651262
40338.33,0.886241422748669
40338.34,0.883478506031434
40338.35,0.863522730865087
40338.36,0.850758154123042
40338.37,0.867584255149583
40338.38,0.872495060691734
40338.39,0.894480981932626
40338.4,0.881795115801578
40338.41,0.867132585006619
40338.42,0.875184093018326
40338.43,0.8968387238198
40338.44,0.929131935283925
40338.45,0.905208782399259
40338.46,0.879418915448145
40338.47,0.876917031769224
40338.48,0.879735978205912
40338.49,0.86807706167116
40338.5,0.860377518846906
40338.51,0.850501035900954
40338.52,0.865145188246612
40338.53,0.847650019380697
40338.54,0.852854168201015
40338.55,0.846020056628331
40338.56,0.854588086716686
40338.57,0.893362824151152
40338.58,0.917090261942268
40338.59,0.89266080028353
40338.6,0.90647921390847
40338.61,0.908356269888486
40338.62,0.930417144432833
40338.63,0.910732425876127
40338.64,0.96015290183279
40338.65,0.958275826718347
40338.66,0.926564210053108
40338.67,0.908008561845016
40338.68,0.914342279317447
40338.69,0.898505711758646
40338.7,0.903123690254223
40338.71,0.873170871640724
40338.72,0.856198483664963
40338.73,0.853321539596517
40338.74,0.878037188876392
40338.75,0.900421254776434
40338.76,0.888316333641651
40338.77,0.901800862222909
40338.78,0.862581504790177
40338.79,0.866513051922738
40338.8,0.836573384797386
40338.81,0.839846262294051
40338.82,0.836102989254509
40338.83,0.842252148245608
40338.84,0.852241107317423
40338.85,0.861483505720411
40338.86,0.854704085419351
40338.87,0.834572611127648
40338.88,0.807384136621486
40338.89,0.84319201973508
40338.9,0.81986867355413
40338.91,0.806241379054922
40338.92,0.803389764364069
40338.93,0.840413340742932
40338.94,0.831162598322682
40338.95,0.804004708470409
40338.96,0.772782093967741
40338.97,0.774050756493172
40338.98,0.784407087882193
40338.99,0.807879833263556
40339,0.797824954210394
40339.01,0.796315991776098
40339.02,0.789328238754626
40339.03,0.779134026635293
40339.04,0.796381275813965
40339.05,0.815766213293554
40339.06,0.830880415787687
40339.07,0.822764726588939
40339.08,0.837260042454897
40339.09,0.863934014361168
40339.1,0.854335699808026
40339.11,0.880861292748589
40339.12,0.918763198118021
40339.13,0.926823823377254
40339.14,0.84599130429411
40339.15,0.855536977049701
40339.16,0.890579197919971
40339.17,0.902678665509429
40339.18,0.8618795386877
40339.19,0.871873989640551
40339.2,0.869548920705551
40339.21,0.894792304154708
40339.22,0.871326764324741
40339.23,0.846497587246883
40339.24,0.882251639682032
40339.25,0.870614776081572
40339.26,0.843743283623052
40339.27,0.900698342508501
40339.28,0.841317972845181
40339.29,0.815089950281163
40339.3,0.788321141953546
40339.31,0.778642514330333
40339.32,0.769182766961051
40339.33,0.738258430210669
40339.34,0.79651630858259
40339.35,0.796771572926571
40339.36,0.780472772184081
40339.37,0.779570638821917
40339.38,0.735413933436127
40339.39,0.73537395702898
40339.4,0.741515702733713
40339.41,0.732662080759282
40339.42,0.7803628645436
40339.43,0.773780220801446
40339.44,0.787802372098601
40339.45,0.775617507607342
40339.46,0.801383289156137
40339.47,0.781779286943815
40339.48,0.806663820309525
40339.49,0.804936200778917
40339.5,0.82109444671884
40339.51,0.825088399412381
40339.52,0.840310622091752
40339.53,0.835341632337422
40339.54,0.838020852279001
40339.55,0.830953381135626
40339.56,0.82962539367478
40339.57,0.823235477689803
40339.58,0.8110319355207
40339.59,0.792439015836711
40339.6,0.800526927626391
40339.61,0.816013005212431
40339.62,0.766661912974186
40339.63,0.789790822235969
40339.64,0.772615322869375
40339.65,0.764152424567002
40339.66,0.749710362691336
40339.67,0.767395275103252
40339.68,0.785566750426625
40339.69,0.785093288689308
40339.7,0.778486297271355
40339.71,0.765325619277269
40339.72,0.75289981877703
40339.73,0.752302612451208
40339.74,0.718443147948494
40339.75,0.731022173905679
40339.76,0.740691793709006
40339.77,0.74816943888343
40339.78,0.772033899411502
40339.79,0.760370244175519
40339.8,0.761996117977894
40339.81,0.736979870003081
40339.82,0.726317998834912
40339.83,0.723138312074237
40339.84,0.736135546330216
40339.85,0.73229247395374
40339.86,0.757747809361294
40339.87,0.744259533539956
40339.88,0.722679082028545
40339.89,0.700913653908466
40339.9,0.748207578534584
40339.91,0.784476279811569
40339.92,0.767239504520895
40339.93,0.752295630919146
40339.94,0.737553679470789
40339.95,0.719734207497489
40339.96,0.715130419356123
40339.97,0.706699578588819
40339.98,0.709205853765525
40339.99,0.718580501737723
40340,0.698517075396044
40340.01,0.69402413722607
40340.02,0.690329625488204
40340.03,0.67931895528745
40340.04,0.707325214739626
40340.05,0.687967815300307
40340.06,0.664431348476971
40340.07,0.660612825142998
40340.08,0.6943164428736
40340.09,0.721095186633471
40340.1,0.758310235755705
40340.11,0.794369121932399
40340.12,0.784905088031567
40340.13,0.835026588790334
40340.14,0.829208198315199
40340.15,0.802638739991198
40340.16,0.799711961405408
40340.17,0.798128006381223
40340.18,0.791301407351457
40340.19,0.795613360073915
40340.2,0.787295424919952
40340.21,0.800481583857577
40340.22,0.8114179337191
40340.23,0.792306575689903
40340.24,0.780251776888475
40340.25,0.781772928313679
40340.26,0.807368234947109
40340.27,0.790953733061586
40340.28,0.790725812280338
40340.29,0.784551540167976
40340.3,0.772391018624618
40340.31,0.78289684002319
40340.32,0.759196622541638
40340.33,0.768676045649603
40340.34,0.787738834221833
40340.35,0.768332079625578
40340.36,0.733806463441403
40340.37,0.76553907797802
40340.38,0.762779418406371
40340.39,0.748789643999848
40340.4,0.759660959495493
40340.41,0.766457303770149
40340.42,0.785014617615465
40340.43,0.791208500703594
40340.44,0.829464164101416
40340.45,0.798607506817623
40340.46,0.823883954312458
40340.47,0.824782582903045
40340.48,0.804249261834715
40340.49,0.819717235720385
40340.5,0.837082116198133
40340.51,0.809891587064907
40340.52,0.794650709354479
40340.53,0.762632966860032
40340.54,0.747828402225676
40340.55,0.741092217887273
40340.56,0.772576501277422
40340.57,0.775298765391815
40340.58,0.772273970002455
40340.59,0.782291054709993
40340.6,0.788821988218397
40340.61,0.774963701787053
40340.62,0.794414558598824
40340.63,0.824128264751363
40340.64,0.826950840171916
40340.65,0.828865826520479
40340.66,0.807126751416218
40340.67,0.787061180993203
40340.68,0.801153415751879
40340.69,0.800742063252653
40340.7,0.820921172753235
40340.71,0.822443627582326
40340.72,0.81062455284599
40340.73,0.865638181282926
40340.74,0.882120604541374
40340.75,0.860434671416812
40340.76,0.869360490959917
40340.77,0.868985290483769
40340.78,0.901569744730905
40340.79,0.851852378120507
40340.8,0.870138949796058
40340.81,0.883406391418255
40340.82,0.877761375390046
40340.83,0.895427590778043
40340.84,0.893453863200316
40340.85,0.896015817114007
40340.86,0.832265941542475
40340.87,0.821464189345086
40340.88,0.826865506696086
40340.89,0.82035352997833
40340.9,0.828707603784954
40340.91,0.834743925200471
40340.92,0.864931461127183
40340.93,0.860157457488519
40340.94,0.887580888094163
40340.95,0.893807879550649
40340.96,0.918900711271739
40340.97,0.906109795478383
40340.98,0.899268804477406
40340.99,0.891308372614776
40341,0.858592855287273
40341.01,0.853118124786323
40341.02,0.83530336378387
40341.03,0.823578900798459
40341.04,0.840538134299722
40341.05,0.871437914597152
40341.06,0.900040575783891
40341.07,0.934721364599355
40341.08,0.934797608771074
40341.09,0.911665024692382
40341.1,0.874574032065441
40341.11,0.872173894013187
40341.12,0.91010242406788
40341.13,0.937074733169494
40341.14,0.915151195254585
40341.15,0.925857746449013
40341.16,0.908447046534529
40341.17,0.89518857253118
40341.18,0.907308555898849
40341.19,0.935169550811336
40341.2,0.956171733607932
40341.21,0.922073131412554
40341.22,0.900090857600936
40341.23,0.8925737226474
40341.24,0.857420262873928
40341.25,0.85639845782694
40341.26,0.878476353935557
40341.27,0.895815975022545
40341.28,0.89258056404735
40341.29,0.866956955218845
40341.3,0.874971538999271
40341.31,0.902340198046079
40341.32,0.879450212515799
40341.33,0.879513762877784
40341.34,0.85032098960834
40341.35,0.848966833439848
40341.36,0.845981416675897
40341.37,0.834751226830568
40341.38,0.811601876425708
40341.39,0.808156146504865
40341.4,0.80536670189644
40341.41,0.80388458535636
40341.42,0.827972028704446
40341.43,0.849874582786743
40341.44,0.833689047613134
40341.45,0.835710077089163
40341.46,0.837214219705579
40341.47,0.80709450687312
40341.48,0.789981844822926
40341.49,0.789870984980985
40341.5,0.772623794989222
40341.51,0.738502282075045
40341.52,0.751285719098037
40341.53,0.770013296346112
40341.54,0.798615679513627
40341.55,0.796293852107939
40341.56,0.760790278287715
40341.57,0.758972572718524
40341.58,0.748304013550546
40341.59,0.741919377931898
40341.6,0.742373831975332
40341.61,0.772049531818096
40341.62,0.767121390917171
40341.63,0.779645355615794
40341.64,0.790505494662173
40341.65,0.748743218609962
40341.66,0.737699490399886
40341.67,0.763886781566777
40341.68,0.746918990297201
40341.69,0.803712425558832
40341.7,0.788648300061921
40341.71,0.744664966424647
40341.72,0.77063041990782
40341.73,0.795197824651447
40341.74,0.832891215787453
40341.75,0.83970056635303
40341.76,0.813911150424683
40341.77,0.803905926890239
40341.78,0.78932749090064
40341.79,0.787137549326841
40341.8,0.791926988036719
40341.81,0.796585071225115
40341.82,0.828353709271734
40341.83,0.832269573355039
40341.84,0.814139781266623
40341.85,0.7796641451554
40341.86,0.771632395381234
40341.87,0.77012261549604
40341.88,0.791258228790995
40341.89,0.777916545459479
40341.9,0.769046300393055
40341.91,0.767912202647343
40341.92,0.785195664136146
40341.93,0.778864276189961
40341.94,0.781926686424038
40341.95,0.794234485480867
40341.96,0.815308513653618
40341.97,0.839843052968577
40341.98,0.821481089420975
40341.99,0.813305501616126
40342,0.863250851257538
40342.01,0.870238102770284
40342.02,0.87525420733003
40342.03,0.909941496192247
40342.04,0.919314971284667
40342.05,0.883181398930559
40342.06,0.913301419199325
40342.07,0.928253963119011
40342.08,0.927644367212658
40342.09,0.948301571253913
40342.1,0.912813925881743
40342.11,0.861708229779385
40342.12,0.8049096465536
40342.13,0.827820220797912
40342.14,0.82133967879341
40342.15,0.822851333782032
40342.16,0.821666303886244
40342.17,0.84738140379654
40342.18,0.839638799083415
40342.19,0.834301853673732
40342.2,0.797870236716342
40342.21,0.811349739413194
40342.22,0.808072134894939
40342.23,0.813365608269627
40342.24,0.845978025209574
40342.25,0.854554097249067
40342.26,0.876030351860297
40342.27,0.845073433257758
40342.28,0.842201530358138
40342.29,0.855113424954952
40342.3,0.876003929561858
40342.31,0.830062790936887
40342.32,0.814568686196887
40342.33,0.797163978032738
40342.34,0.806130364321928
40342.35,0.811387761567097
40342.36,0.770983674831098
40342.37,0.774869861843885
40342.38,0.770709885999888
40342.39,0.802610723567947
40342.4,0.803216801006436
40342.41,0.827735647348694
40342.42,0.810526815254854
40342.43,0.775092214097005
40342.44,0.781169634293175
40342.45,0.795047568894989
40342.46,0.825831334757431
40342.47,0.841141324692687
40342.48,0.848377082529706
40342.49,0.87310935051318
40342.5,0.863237083691657
40342.51,0.877608769583928
40342.52,0.876037555121104
40342.53,0.876554347717811
40342.54,0.871891922163318
40342.55,0.900125057673272
40342.56,0.876952100446613
40342.57,0.864428645550908
40342.58,0.864639905180814
40342.59,0.855779164232585
40342.6,0.887875177309471
40342.61,0.878358943073276
40342.62,0.883869322618953
40342.63,0.892333301142979
40342.64,0.892736609082227
40342.65,0.91243241870997
40342.66,0.88857502625781
40342.67,0.912953903652446
40342.68,0.937938135373748
40342.69,0.937724990756668
40342.7,0.924863398309266
40342.71,0.893428878090634
40342.72,0.874203290548195
40342.73,0.88783749858065
40342.74,0.903657111948806
40342.75,0.861185473132116
40342.76,0.874006819981933
40342.77,0.906857547524122
40342.78,0.887797839784156
40342.79,0.90420398954244
40342.8,0.871129916571455
40342.81,0.872335100572657
40342.82,0.84987702172313
40342.83,0.85069038239056
40342.84,0.888131745679907
40342.85,0.874006763597662
40342.86,0.907257931667987
40342.87,0.880000853021694
40342.88,0.888467029187005
40342.89,0.907829669620076
40342.9,0.875720687622626
40342.91,0.876038726269575
40342.92,0.855803623817698
40342.93,0.878060250839499
40342.94,0.878460102975947
40342.95,0.854116260661089
40342.96,0.864085225443446
40342.97,0.885147462302972
40342.98,0.873326580859338
40342.99,0.869518391114966
40343,0.867002538370132
40343.01,0.927961386279945
40343.02,0.980626053219015
40343.03,0.969913562015941
40343.04,0.94669084206393
40343.05,0.966196143977612
40343.06,0.960730514706355
40343.07,0.9484767212987
40343.08,0.896304947282155
40343.09,0.909704267269733
40343.1,0.91616943202935
40343.11,0.906174916862552
40343.12,0.854989254623286
40343.13,0.84343873157949
40343.14,0.801230847728838
40343.15,0.781278043994819
40343.16,0.807989939533786
40343.17,0.833960443601414
40343.18,0.834800393624566
40343.19,0.847075709199107
40343.2,0.868649439343958
40343.21,0.873518338312488
40343.22,0.900608622838834
40343.23,0.86770590677735
40343.24,0.857250201613151
40343.25,0.84538598541162
40343.26,0.821017502227639
40343.27,0.807437937539358
40343.28,0.814751911664915
40343.29,0.828041454757925
40343.3,0.845129991194632
40343.31,0.857057312597557
40343.32,0.859921635717092
40343.33,0.845346080842515
40343.34,0.874435338413062
40343.35,0.872832574033871
40343.36,0.88374143004129
40343.37,0.897824138294354
40343.38,0.855940432753402
40343.39,0.841386403574138
40343.4,0.829637524921595
40343.41,0.805469014437918
40343.42,0.811324948394321
40343.43,0.83327686918509
40343.44,0.853466085490193
40343.45,0.825064467351064
40343.46,0.815318409379226
40343.47,0.814188962022822
40343.48,0.814091095316111
40343.49,0.801525967284443
40343.5,0.794939654258106
40343.51,0.821758800021159
40343.52,0.830958869039917
40343.53,0.867321188628271
40343.54,0.878641520811068
40343.55,0.922195176927901
40343.56,0.888691540117003
40343.57,0.8802929250145
40343.58,0.8776932914685
40343.59,0.84798412960074
40343.6,0.833106275001429
40343.61,0.835913019791648
40343.62,0.828821111788993
40343.63,0.796850741237206
40343.64,0.776412254679263
40343.65,0.747470820428835
40343.66,0.704241193216115
40343.67,0.759071117935557
40343.68,0.768461995022383
40343.69,0.75840790168771
40343.7,0.763586402739458
40343.71,0.710705257088929
40343.72,0.699610191692313
40343.73,0.734451195468934
40343.74,0.712983082856557
40343.75,0.738633303486629
40343.76,0.779570453204142
40343.77,0.769672073328506
40343.78,0.752580296892787
40343.79,0.763903760406468
40343.8,0.776096154603273
40343.81,0.804572475267085
40343.82,0.815756758448722
40343.83,0.860806073716129
40343.84,0.855746678756611
40343.85,0.839332500562353
40343.86,0.869402818391519
40343.87,0.851643291186683
40343.88,0.860627073457928
40343.89,0.829068653650303
40343.9,0.807859100409194
40343.91,0.818494520657437
40343.92,0.797612721432193
40343.93,0.833344344999244
40343.94,0.854596881930545
40343.95,0.837495848103232
40343.96,0.824860784554051
40343.97,0.820229419439613
40343.98,0.812659137598049
40343.99,0.812167612888721
40344,0.814555242882749
40344.01,0.808412844121862
40344.02,0.821333931974032
40344.03,0.793238106784417
40344.04,0.783484790724935
40344.05,0.75943174781617
40344.06,0.752865917430251
40344.07,0.761402699299941
40344.08,0.770410762194066
40344.09,0.758882691454588
40344.1,0.762060200932001
40344.11,0.75119518981431
40344.12,0.74733108039273
40344.13,0.754971096600939
40344.14,0.752251044961719
40344.15,0.780398921408426
40344.16,0.754037768804491
40344.17,0.769985683110036
40344.18,0.790990178057595
40344.19,0.818522989624862
40344.2,0.806733052660981
40344.21,0.829269606583279
40344.22,0.810889802718188
40344.23,0.811864104745931
40344.24,0.819434631575682
40344.25,0.826040719435424
40344.26,0.873932200502974
40344.27,0.873257409101095
40344.28,0.881462430593769
40344.29,0.849916115186604
40344.3,0.865024920276242
40344.31,0.830168101932881
40344.32,0.875476650066087
40344.33,0.893502024432256
40344.34,0.921565479748942
40344.35,0.917555380441949
40344.36,0.894395718756105
40344.37,0.926721494659819
40344.38,0.913020929134534
40344.39,0.939921791456083
40344.4,0.954763817056479
40344.41,0.961287228933173
40344.42,0.904749314192163
40344.43,0.915811174592814
40344.44,0.897978594774197
40344.45,0.919150547976626
40344.46,0.921547383598261
40344.47,0.938544369603839
40344.48,0.866738723577422
40344.49,0.862143511529826
40344.5,0.855784132533303
40344.51,0.881797216663671
40344.52,0.87288212511904
40344.53,0.867553517575364
40344.54,0.88288436621888
40344.55,0.882693503672529
40344.56,0.888219997534002
40344.57,0.848845492249656
40344.58,0.856031537134198
40344.59,0.824874038313986
40344.6,0.802865561175605
40344.61,0.784412810316904
40344.62,0.796935897358746
40344.63,0.776655806150767
40344.64,0.789428188327951
40344.65,0.776454146585267
40344.66,0.757940621283251
40344.67,0.736675372559212
40344.68,0.729199300384896
40344.69,0.738321214523024
40344.7,0.759450532332744
40344.71,0.750790823017843
40344.72,0.764073434287728
40344.73,0.783628968165122
40344.74,0.751572250215151
40344.75,0.779388314318999
40344.76,0.780229864460208
40344.77,0.794866079599879
40344.78,0.801654073611563
40344.79,0.845850158078904
40344.8,0.855935015385153
40344.81,0.829824887808205
40344.82,0.860643552398142
40344.83,0.809181587099134
40344.84,0.831110625612311
40344.85,0.82979887748346
40344.86,0.817910665381104
40344.87,0.807282613303353
40344.88,0.787754090919604
40344.89,0.799851353259165
40344.9,0.762527013632766
40344.91,0.74059086786249
40344.92,0.754986295162449
40344.93,0.7861815065484
40344.94,0.786011738164234
40344.95,0.782059031706221
40344.96,0.775567943504632
40344.97,0.793018409863492
40344.98,0.790100957625328
40344.99,0.800212099271849
40345,0.794685770568852
40345.01,0.789893871961992
40345.02,0.780098771158958
40345.03,0.82236842869524
40345.04,0.867300507440965
40345.05,0.862722886014826
40345.06,0.837756321824618
40345.07,0.856681132549857
40345.08,0.826873034884397
40345.09,0.875382165828356
40345.1,0.858582873120636
40345.11,0.897849414151928
40345.12,0.925643440785594
40345.13,0.933299570826416
40345.14,0.905072680226762
40345.15,0.935857340603393
40345.16,0.923875276013087
40345.17,0.885632392409609
40345.18,0.926364368819844
40345.19,0.961266201346674
40345.2,0.96454101873058
40345.21,0.948319448683451
40345.22,0.928279508696632
40345.23,0.924488140562012
40345.24,0.945352356550409
40345.25,0.935589151049416
40345.26,0.908202499891588
40345.27,0.904740668931388
40345.28,0.93496193246817
40345.29,0.957436910961064
40345.3,0.950319690717954
40345.31,0.977409318022288
40345.32,0.989243611739456
40345.33,1.00501913673633
40345.34,0.989984766853947
40345.35,0.982883698870577
40345.36,0.998756843724678
40345.37,0.962567769532899
40345.38,0.95388429370133
40345.39,0.953978995221217
40345.4,0.916246872090654
40345.41,0.904993128287587
40345.42,0.902698663557825
40345.43,0.900669428016192
40345.44,0.960874419512283
40345.45,0.954864006576042
40345.46,0.931541999717874
40345.47,0.920265574588392
40345.48,0.904981295051117
40345.49,0.887313141701546
40345.5,0.90085943521692
40345.51,0.919992612313738
40345.52,0.929379418162523
40345.53,0.953950431985431
40345.54,0.958463077754639
40345.55,0.935933539391623
40345.56,0.934598821641472
40345.57,0.920151776766265
40345.58,0.913528328729224
40345.59,0.923968791386483
40345.6,0.945039716894226
40345.61,0.951247771982215
40345.62,0.932539579112287
40345.63,0.936343065621809
40345.64,0.952942165729787
40345.65,0.931889304677172
40345.66,0.93480344178988
40345.67,0.925761502316327
40345.68,0.90926727183155
40345.69,0.88844894626572
40345.7,0.858327663821101
40345.71,0.848452733935257
40345.72,0.822924912252351
40345.73,0.791411629719487
40345.74,0.805737157858729
40345.75,0.836192998614608
40345.76,0.833901319064874
40345.77,0.802717833562688
40345.78,0.809075946066704
40345.79,0.772420405265954
40345.8,0.759030165962694
40345.81,0.754598785969449
40345.82,0.77428314834154
40345.83,0.783428110876184
40345.84,0.752230587511007
40345.85,0.78007192141118
40345.86,0.738775734985703
40345.87,0.750203821223653
40345.88,0.751775454962617
40345.89,0.753231497085072
40345.9,0.752424083520312
40345.91,0.740285487764419
40345.92,0.761804143466259
40345.93,0.764731112230977
40345.94,0.708756990088758
40345.95,0.721076525698007
40345.96,0.705696738148765
40345.97,0.699984746686307
40345.98,0.701882687686089
40345.99,0.656557342957425
40346,0.703905222947677
40346.01,0.683848249207781
40346.02,0.716164968808218
40346.03,0.687093375051603
40346.04,0.716740295265075
40346.05,0.733010543274494
40346.06,0.739316205315008
40346.07,0.718236548597715
40346.08,0.718135278924901
40346.09,0.712892980560643
40346.1,0.692235324931953
40346.11,0.708144809674336
40346.12,0.713321061951675
40346.13,0.6887991630771
40346.14,0.68482626079514
40346.15,0.683217737847836
40346.16,0.687727738231338
40346.17,0.721778920616919
40346.18,0.732181167142918
40346.19,0.741621728369708
40346.2,0.740345030046211
40346.21,0.75727481944319
40346.22,0.756016409660678
40346.23,0.805681277455252
40346.24,0.79250231153088
40346.25,0.800326508501565
40346.26,0.803361627404562
40346.27,0.81869971529884
40346.28,0.824842487495947
40346.29,0.845478439895151
40346.3,0.857176110264899
40346.31,0.862905682332494
40346.32,0.795802056594772
40346.33,0.827680764623517
40346.34,0.82900857102835
40346.35,0.839655243899441
40346.36,0.829050996841635
40346.37,0.873900355205064
40346.38,0.835400839486811
40346.39,0.854469027251581
40346.4,0.806513239947701
40346.41,0.79667480398625
40346.42,0.775082770353434
40346.43,0.760845153165332
40346.44,0.786746760270256
40346.45,0.776863256260361
40346.46,0.769618759365011
40346.47,0.785304799634126
40346.48,0.788177043400385
40346.49,0.76609473214637
40346.5,0.756750112108908
40346.51,0.762466249709441
40346.52,0.80875797885275
40346.53,0.845552500589901
40346.54,0.820903930694441
40346.55,0.810408323874435
40346.56,0.786920337644288
40346.57,0.809534184797425
40346.58,0.816824901232348
40346.59,0.811760956502712
40346.6,0.804697501347512
40346.61,0.795807443780436
40346.62,0.754238347896729
40346.63,0.757046434050125
40346.64,0.768637659712305
40346.65,0.766066209950616
40346.66,0.736624066843698
40346.67,0.74241969469029
40346.68,0.738037093505491
40346.69,0.759849419422011
40346.7,0.745152195122823
40346.71,0.752228822208427
40346.72,0.737570833689665
40346.73,0.73827315432612
40346.74,0.744125666781623
40346.75,0.75378874272633
40346.76,0.718432030099262
40346.77,0.71799894728498
40346.78,0.73046814769295
40346.79,0.709534995095826
40346.8,0.706118739285888
40346.81,0.71601036282233
40346.82,0.727987618693609
40346.83,0.740103381569857
40346.84,0.731877386036533
40346.85,0.737960181043071
40346.86,0.763787742713738
40346.87,0.747925309317862
40346.88,0.790096893028109
40346.89,0.814894270107586
40346.9,0.821398220850369
40346.91,0.84173059481317
40346.92,0.833086710204556
40346.93,0.87245665042484
40346.94,0.860062497755251
40346.95,0.860501976541218
40346.96,0.852657998369698
40346.97,0.859657220632603
40346.98,0.868176486807079
40346.99,0.866443224766358
40347,0.889136449699255
40347.01,0.869740455345779
40347.02,0.870957271889367
40347.03,0.86867108020273
40347.04,0.887317496485579
40347.05,0.817277466655405
40347.06,0.80429053408139
40347.07,0.812235414933734
40347.08,0.811300949971275
40347.09,0.843596653857682
40347.1,0.898137441809955
40347.11,0.895834410000471
40347.12,0.889789704710956
40347.13,0.875013808011853
40347.14,0.875297385121408
40347.15,0.853587958218199
40347.16,0.84725547300309
40347.17,0.805651821123037
40347.18,0.829377471896479
40347.19,0.834817500285976
40347.2,0.849793086150033
40347.21,0.857504069143086
40347.22,0.852954328428582
40347.23,0.873774614864327
40347.24,0.870817962426863
40347.25,0.837993084847428
40347.26,0.819818054295071
40347.27,0.850549540132687
40347.28,0.880518111889834
40347.29,0.880113548617251
40347.3,0.8489146740915
40347.31,0.820599619964804
40347.32,0.818688283871851
40347.33,0.81994125208396
40347.34,0.836441849488722
40347.35,0.843453792252849
40347.36,0.849819760864031
40347.37,0.878045544065407
40347.38,0.897436418765559
40347.39,0.93346964624373
40347.4,0.907531562932492
40347.41,0.880574839827945
40347.42,0.907189472568543
40347.43,0.901191025536054
40347.44,0.890410241885534
40347.45,0.880667285682808
40347.46,0.868338356662211
40347.47,0.856624931633122
40347.48,0.867568904939529
40347.49,0.943526261924101
40347.5,0.919893098135193
40347.51,0.931126047280359
40347.52,0.960750614114822
40347.53,0.944617919575746
40347.54,0.956739624688423
40347.55,0.988445936474541
40347.56,1.00229335193871
40347.57,1.0125874358352
40347.58,1.04518540526927
40347.59,1.02197788187147
40347.6,1.03780036370943
40347.61,1.04050771352203
40347.62,1.0338677410084
40347.63,1.01685999080919
40347.64,1.00482858528058
40347.65,1.01812232666279
40347.66,1.02865067872766
40347.67,0.991594742567565
40347.68,1.05314419890281
40347.69,1.02955464368125
40347.7,1.00239304523821
40347.71,1.00985440134038
40347.72,0.962279353541786
40347.73,0.906959565856862
40347.74,0.896820239062473
40347.75,0.8763141438162
40347.76,0.833391157735317
40347.77,0.842682454299175
40347.78,0.858526772926354
40347.79,0.84493695503218
40347.8,0.839002078219234
40347.81,0.83267100635073
40347.82,0.821756593130492
40347.83,0.820733372654528
40347.84,0.814805219772579
40347.85,0.821002825457986
40347.86,0.844529000413411
40347.87,0.811387423425365
40347.88,0.842929868088883
40347.89,0.829183274841211
40347.9,0.817091386710616
40347.91,0.83797372693022
40347.92,0.817432443225688
40347.93,0.782244675416129
40347.94,0.785831365595207
40347.95,0.78072573758734
40347.96,0.766966010759447
40347.97,0.761411193056085
40347.98,0.739541814199454
40347.99,0.753605405395605
40348,0.756449142277538
40348.01,0.789495147525917
40348.02,0.789394766540654
40348.03,0.78901846736492
40348.04,0.766926316511079
40348.05,0.755611384390993
40348.06,0.718115654332915
40348.07,0.701200059636927
40348.08,0.702254757188023
40348.09,0.702605470060884
40348.1,0.705691244506759
40348.11,0.716274048583931
40348.12,0.728170530920196
40348.13,0.721801784961784
40348.14,0.723371057229482
40348.15,0.723735438625875
40348.16,0.715735619706154
40348.17,0.738884907079956
40348.18,0.748535446537787
40348.19,0.762966908112077
40348.2,0.727283573411485
40348.21,0.756613178751907
40348.22,0.777834327370218
40348.23,0.771848081984887
40348.24,0.774299223477809
40348.25,0.78664025794695
40348.26,0.784007220139437
40348.27,0.790721220003483
40348.28,0.801943984055358
40348.29,0.805580684956162
40348.3,0.759942078982815
40348.31,0.768933859214318
40348.32,0.765779547914625
40348.33,0.762820629314276
40348.34,0.770745653282952
40348.35,0.783537015677667
40348.36,0.808199153937738
40348.37,0.760151352640222
40348.38,0.734252239998246
40348.39,0.757348781584821
40348.4,0.757201687951823
40348.41,0.758742133841705
40348.42,0.749987520473425
40348.43,0.740510325125426
40348.44,0.739003820298052
40348.45,0.769572014386729
40348.46,0.757542648055513
40348.47,0.758177893451186
40348.48,0.753634969718729
40348.49,0.725710391674548
40348.5,0.695513001153124
40348.51,0.699111872219306
40348.52,0.717329616634545
40348.53,0.716180529271898
40348.54,0.726830719349009
40348.55,0.716541710109324
40348.56,0.728831123385655
40348.57,0.75132805245792
40348.58,0.754558326441752
40348.59,0.731089621731618
40348.6,0.746219360403424
40348.61,0.713139976703022
40348.62,0.740199739876856
40348.63,0.749239108477531
40348.64,0.71286343803299
40348.65,0.706190636225138
40348.66,0.708637243593688
40348.67,0.761693101447951
40348.68,0.72881052514321
40348.69,0.756785346953559
40348.7,0.759018984208546
40348.71,0.774495098667321
40348.72,0.782397362528329
40348.73,0.783869102269191
40348.74,0.759798051323996
40348.75,0.782124870723209
40348.76,0.785174456724478
40348.77,0.816224913683388
40348.78,0.850046296381255
40348.79,0.852094108521773
40348.8,0.86619803035953
40348.81,0.844495771751631
40348.82,0.865242862691886
40348.83,0.865720062124488
40348.84,0.885441407860893
40348.85,0.878033642053171
40348.86,0.871950529016844
40348.87,0.890861557026707
40348.88,0.913872489411704
40348.89,0.88367003821095
40348.9,0.870671432367052
40348.91,0.895234414598214
40348.92,0.865366773562561
40348.93,0.890243598320799
40348.94,0.889669485080054
40348.95,0.884477487049871
40348.96,0.879138852195536
40348.97,0.884861396030986
40348.98,0.869467918993689
40348.99,0.89563103639299
40349,0.859181230558504
40349.01,0.828817284021976
40349.02,0.892003205683871
40349.03,0.908249495590074
40349.04,0.93571175948355
40349.05,0.913472791792141
40349.06,0.944312224751448
40349.07,0.925359158230438
40349.08,0.93343344779953
40349.09,0.879731586457276
40349.1,0.892151634001828
40349.11,0.896970279904969
40349.12,0.909026716684965
40349.13,0.949941054449282
40349.14,0.933466228669132
40349.15,0.939623121558652
40349.16,0.933313409766567
40349.17,0.948758635985908
40349.18,0.954437367590855
40349.19,0.911137454010981
40349.2,0.875243956527033
40349.21,0.851647759269313
40349.22,0.844362964570388
40349.23,0.834542263185423
40349.24,0.853160565286889
40349.25,0.836279706096709
40349.26,0.820206089258079
40349.27,0.778730703081631
40349.28,0.771871300464967
40349.29,0.743388819791596
40349.3,0.769935505126811
40349.31,0.738711313771947
40349.32,0.775122950769887
40349.33,0.777238556769697
40349.34,0.771607923440121
40349.35,0.772347453808609
40349.36,0.802988220386355
40349.37,0.820411497197893
40349.38,0.816787155622603
40349.39,0.806914534567404
40349.4,0.827576099911268
40349.41,0.794131826189914
40349.42,0.777326712093633
40349.43,0.7498430495837
40349.44,0.738305828163694
40349.45,0.77535428260647
40349.46,0.746778149987645
40349.47,0.751651342247773
40349.48,0.774482222301816
40349.49,0.832098738558019
40349.5,0.844611678597
40349.51,0.855501730400298
40349.52,0.905770937692971
40349.53,0.899658535491233
40349.54,0.890215580267879
40349.55,0.934555810702176
40349.56,0.886287816167713
40349.57,0.869128548785296
40349.58,0.910228532285046
40349.59,0.944389364953367
40349.6,0.984831550544863
40349.61,0.970484389740735
40349.62,0.985228077400956
40349.63,0.95457507343062
40349.64,0.965490413270978
40349.65,0.943435807834548
40349.66,0.931334481754699
40349.67,0.999952797466771
40349.68,0.972009263415639
40349.69,0.928165513523574
40349.7,0.909314047686017
40349.71,0.938693645771844
40349.72,0.896575139276994
40349.73,0.934256901402977
40349.74,0.909900992305073
40349.75,0.947808088920984
40349.76,0.914606223844234
40349.77,0.917211027896301
40349.78,0.906429146543906
40349.79,0.863940254319678
40349.8,0.831675314462847
40349.81,0.840737154630084
40349.82,0.843814685594778
40349.83,0.851663300975742
40349.84,0.849339511219413
40349.85,0.845516427052982
40349.86,0.834224987833758
40349.87,0.835641940088154
40349.88,0.849953454514249
40349.89,0.825537573664004
40349.9,0.813550663361487
40349.91,0.80871136816285
40349.92,0.816361386586625
40349.93,0.809969259551284
40349.94,0.845888500518593
40349.95,0.828990054512096
40349.96,0.786465642680226
40349.97,0.766277833270475
40349.98,0.764581068994912
40349.99,0.79367788409953
40350,0.795429966278515
40350.01,0.809718671534546
40350.02,0.805545752372677
40350.03,0.822825896197687
40350.04,0.796228901075012
40350.05,0.801220008621601
40350.06,0.79419498810868
40350.07,0.795009172634975
40350.08,0.783292799626002
40350.09,0.785344331169994
40350.1,0.76450192067315
40350.11,0.773364103891201
40350.12,0.773364925143683
40350.13,0.758650768378515
40350.14,0.777874079328011
40350.15,0.760758896703544
40350.16,0.744175039592539
40350.17,0.783755587891479
40350.18,0.809133366443692
40350.19,0.780263162357245
40350.2,0.797992387644145
40350.21,0.805634273951864
40350.22,0.791257102415625
40350.23,0.827597776446056
40350.24,0.778032641891193
40350.25,0.796029778350753
40350.26,0.805642348060963
40350.27,0.812788155540372
40350.28,0.834818424958019
40350.29,0.844468531860605
40350.3,0.833383759408067
40350.31,0.835616038078024
40350.32,0.834239393442851
40350.33,0.863078683278545
40350.34,0.845817178200834
40350.35,0.865095747103555
40350.36,0.831762603590773
40350.37,0.800120518838954
40350.38,0.781085376643735
40350.39,0.778462980579022
40350.4,0.833520059697016
40350.41,0.794969872939413
40350.42,0.79001245085075
40350.43,0.80521756295986
40350.44,0.775457196221046
40350.45,0.773336190092009
40350.46,0.780270159830428
40350.47,0.784812073066627
40350.48,0.792514998139509
40350.49,0.804196132403346
40350.5,0.841521652477978
40350.51,0.816292706584491
40350.52,0.823673985476671
40350.53,0.811778232895898
40350.54,0.781469137941535
40350.55,0.76436403399986
40350.56,0.773535488419087
40350.57,0.790626802234362
40350.58,0.757834824679045
40350.59,0.72577158560296
40350.6,0.730821492058352
40350.61,0.720939205306732
40350.62,0.721981767892482
40350.63,0.74382018850986
40350.64,0.734898048741862
40350.65,0.747973760598336
40350.66,0.783572173063217
40350.67,0.836693946339964
40350.68,0.806193085614826
40350.69,0.793487828352271
40350.7,0.798800659377501
40350.71,0.779567030193752
40350.72,0.784709787224887
40350.73,0.797020310907608
40350.74,0.819886144997646
40350.75,0.808094978664509
40350.76,0.832478769862603
40350.77,0.84383134395134
40350.78,0.86920685025533
40350.79,0.867019190457034
40350.8,0.84827277459223
40350.81,0.84286463039397
40350.82,0.857514828041304
40350.83,0.810952230498707
40350.84,0.793252017790732
40350.85,0.82443577582816
40350.86,0.801087500865655
40350.87,0.783948040236997
40350.88,0.78129287719794
40350.89,0.759487983101676
40350.9,0.723119520096579
40350.91,0.746867541438497
40350.92,0.732120933316713
40350.93,0.722316466379793
40350.94,0.733244179549921
40350.95,0.755328897301153
40350.96,0.734903241764226
40350.97,0.734027737479124
40350.98,0.712375619868329
40350.99,0.718733505929219
40351,0.706086661599446
40351.01,0.705354155552349
40351.02,0.687624147102834
40351.03,0.669748706955577
40351.04,0.672946867239038
40351.05,0.707264839845316
40351.06,0.690046610004938
40351.07,0.717143653793472
40351.08,0.76302988980942
40351.09,0.753932950615126
40351.1,0.79309582789337
40351.11,0.80081619941894
40351.12,0.796045248826484
40351.13,0.800917890711589
40351.14,0.842328349148892
40351.15,0.847748161706518
40351.16,0.87197114578323
40351.17,0.899261900186901
40351.18,0.913972371586661
40351.19,0.927225290017397
40351.2,0.91663040191105
40351.21,0.896762595642525
40351.22,0.881266922090855
40351.23,0.93435067445859
40351.24,0.914754396254933
40351.25,0.908700147175559
40351.26,0.890236227592197
40351.27,0.861884900444052
40351.28,0.880088703011533
40351.29,0.839989310800396
40351.3,0.833758062207939
40351.31,0.822710462384062
40351.32,0.807178505158945
40351.33,0.788088410993862
40351.34,0.789332312791629
40351.35,0.786600749912971
40351.36,0.789650244039099
40351.37,0.793133182207898
40351.38,0.789958630184821
40351.39,0.764448794520992
40351.4,0.787626078984551
40351.41,0.807063979184409
40351.42,0.814898888946481
40351.43,0.781485029080889
40351.44,0.761239427219333
40351.45,0.719812860646125
40351.46,0.704453702448371
40351.47,0.736973668151394
40351.48,0.736775663560745
40351.49,0.734537525803261
40351.5,0.745712513144967
40351.51,0.760102652954049
40351.52,0.723696064445047
40351.53,0.720211222705012
40351.54,0.750746189790258
40351.55,0.761232092319965
40351.56,0.785365244367265
40351.57,0.798269361754367
40351.58,0.804067878478352
40351.59,0.813524119551366
40351.6,0.815290705755605
40351.61,0.826910875067908
40351.62,0.83850475494081
40351.63,0.82748897721941
40351.64,0.83701438302284
40351.65,0.829768061463108
40351.66,0.875914625818483
40351.67,0.834544005031108
40351.68,0.845283033402111
40351.69,0.863756302915448
40351.7,0.887867093824513
40351.71,0.896138734804658
40351.72,0.891047898787609
40351.73,0.914202666594971
40351.74,0.943193591531678
40351.75,0.936076730578738
40351.76,0.947529343321186
40351.77,0.937364930887723
40351.78,0.920881193330898
40351.79,0.932936690379872
40351.8,0.943081853725829
40351.81,0.947144887269958
40351.82,0.949737058593081
40351.83,0.995496603030802
40351.84,1.00839053942378
40351.85,1.03735162817107
40351.86,1.05837284350489
40351.87,1.03233499940528
40351.88,1.07850724239488
40351.89,1.13151552040639
40351.9,1.08499639956104
40351.91,1.0266834183584
40351.92,1.00834234065676
40351.93,1.00535806880795
40351.94,1.00541005020053
40351.95,0.988851785161845
40351.96,0.985512764173183
40351.97,0.984148983476034
40351.98,0.985902106452403
40351.99,0.984801721566167
40352,1.05709214124178
40352.01,1.04973731578718
40352.02,1.04585243887022
40352.03,1.03319074968689
40352.04,0.983032526135613
40352.05,0.958126265852019
40352.06,0.961456941890298
40352.07,0.990674183284247
40352.08,0.956784349672676
40352.09,1.00041613482799
40352.1,1.04331125729846
40352.11,1.03750453164036
40352.12,1.03490107433286
40352.13,1.01500819938333
40352.14,0.985841886638654
40352.15,0.978106560158624
40352.16,0.939766840271086
40352.17,0.903850091528436
40352.18,0.892295295432152
40352.19,0.907571119490948
40352.2,0.916215074900089
40352.21,0.925016589631417
40352.22,0.903668179728213
40352.23,0.88179730880643
40352.24,0.862560076491434
40352.25,0.86460841253911
40352.26,0.870773577054776
40352.27,0.855054301955873
40352.28,0.875072716311346
40352.29,0.855997421042483
40352.3,0.876957125747627
40352.31,0.855163734582532
40352.32,0.898448422342793
40352.33,0.904793542265903
40352.34,0.889856058035213
40352.35,0.889061666928144
40352.36,0.866637079410526
40352.37,0.880995732476941
40352.38,0.920136009202452
40352.39,0.895507135375626
40352.4,0.886846638206589
40352.41,0.853589332852041
40352.42,0.875083285526552
40352.43,0.902998702537075
40352.44,0.907442053805954
40352.45,0.942003897848319
40352.46,0.931025034730573
40352.47,0.931742567696891
40352.48,0.87941132306993
40352.49,0.88583409739428
40352.5,0.860049598283018
40352.51,0.858117667061614
40352.52,0.808788357771852
40352.53,0.801148047070542
40352.54,0.801637781375814
40352.55,0.843861917343006
40352.56,0.882593217585997
40352.57,0.832840800401909
40352.58,0.808641745315844
40352.59,0.770406772385153
40352.6,0.777872408365521
40352.61,0.739633909517683
40352.62,0.744584665367743
40352.63,0.720190008524742
40352.64,0.709224592725633
40352.65,0.720326725971377
40352.66,0.768294540273283
40352.67,0.779968797365196
40352.68,0.788439350130882
40352.69,0.801799296812878
40352.7,0.826927327991623
40352.71,0.832104518898048
40352.72,0.824399283046345
40352.73,0.828427590732581
40352.74,0.819092961070562
40352.75,0.838445408742666
40352.76,0.830264036583042
40352.77,0.825994226114054
40352.78,0.805258799683909
40352.79,0.808257048795181
40352.8,0.804029886669247
40352.81,0.81616226894722
40352.82,0.81226141665831
40352.83,0.799509807170872
40352.84,0.800331417549194
40352.85,0.778328351088725
40352.86,0.76647197834305
40352.87,0.778720454189493
40352.88,0.813578794024666
40352.89,0.841390238260404
40352.9,0.827672927321891
40352.91,0.823209860739314
40352.92,0.822823814978331
40352.93,0.8599681433708
40352.94,0.880520231780255
40352.95,0.884199769246041
40352.96,0.894941506341671
40352.97,0.895667733973869
40352.98,0.851833544580113
40352.99,0.892178394720962
40353,0.899861792553058
40353.01,0.907870688076804
40353.02,0.898168565975192
40353.03,0.855451555639058
40353.04,0.866371058464819
40353.05,0.846134084486933
40353.06,0.80728007114577
40353.07,0.806334850930538
40353.08,0.769058642587797
40353.09,0.734886606514179
40353.1,0.720815685398344
40353.11,0.701161362667783
40353.12,0.687817975983919
40353.13,0.707950308327685
40353.14,0.684045991237549
40353.15,0.674841326384004
40353.16,0.66000209642811
40353.17,0.699749756449598
40353.18,0.718458651520935
40353.19,0.726562811514369
40353.2,0.753531646939264
40353.21,0.724821540466877
40353.22,0.745177125820805
40353.23,0.711484799041601
40353.24,0.702388382900023
40353.25,0.67850063567096
40353.26,0.673944789377483
40353.27,0.700656970439464
40353.28,0.669899077748612
40353.29,0.704256114740436
40353.3,0.716543780612963
40353.31,0.70203824140645
40353.32,0.70805416972513
40353.33,0.719572252410391
40353.34,0.687470904090225
40353.35,0.673009192315389
40353.36,0.656749500835318
40353.37,0.641576857270042
40353.38,0.660242276563733
40353.39,0.684022467369061
40353.4,0.696886882527337
40353.41,0.695201593994983
40353.42,0.685011356544105
40353.43,0.726056636913536
40353.44,0.717526320986915
40353.45,0.711655481834478
40353.46,0.712074750405396
40353.47,0.717170923270056
40353.48,0.752262085611436
40353.49,0.752571085122707
40353.5,0.742156534497307
40353.51,0.763993474886182
40353.52,0.739284364318846
40353.53,0.726010274926874
40353.54,0.735977547962121
40353.55,0.740566370593392
40353.56,0.743724500960579
40353.57,0.745665180876812
40353.58,0.752641345147567
40353.59,0.792683125437785
40353.6,0.797298924994905
40353.61,0.797750969323561
40353.62,0.797132993098491
40353.63,0.814704549956939
40353.64,0.814541597084398
40353.65,0.786089059150573
40353.66,0.806374715846577
40353.67,0.818029733861629
40353.68,0.872595439087411
40353.69,0.891334219346312
40353.7,0.875570644699344
40353.71,0.841619766688197
40353.72,0.875817838682974
40353.73,0.865454405652604
40353.74,0.929290276759488
40353.75,0.915048102428971
40353.76,0.885014231878533
40353.77,0.872915696384729
40353.78,0.907736832382398
40353.79,0.892025727495376
40353.8,0.843890770999362
40353.81,0.853716832024668
40353.82,0.857806953376491
40353.83,0.855157977143969
40353.84,0.87184872504539
40353.85,0.856453261455605
40353.86,0.840580392171563
40353.87,0.860236641240701
40353.88,0.857158947868736
40353.89,0.840772413709627
40353.9,0.851743759428444
40353.91,0.899461898897778
40353.92,0.878610681605397
40353.93,0.889631016690581
40353.94,0.866457629126284
40353.95,0.849302213310949
40353.96,0.838432692046426
40353.97,0.857689573827526
40353.98,0.825690477106788
40353.99,0.810490398106826
40354,0.84266239877263
40354.01,0.861033713663629
40354.02,0.854543566978839
40354.03,0.830832001887463
40354.04,0.814234985396702
40354.05,0.82585527270519
40354.06,0.822746310227608
40354.07,0.808938560836362
40354.08,0.811774074527313
40354.09,0.808929344053424
40354.1,0.760352994865276
40354.11,0.749860803033482
40354.12,0.759696909584726
40354.13,0.759631974795528
40354.14,0.772164442075623
40354.15,0.767047851969985
40354.16,0.745146000994061
40354.17,0.790900162205778
40354.18,0.755524099655686
40354.19,0.765403172659292
40354.2,0.736726659777364
40354.21,0.786111380292407
40354.22,0.78501794831853
40354.23,0.787582866960801
40354.24,0.781014689893656
40354.25,0.789906839103297
40354.26,0.779611282358147
40354.27,0.739699093756769
40354.28,0.744843403420532
40354.29,0.703216936112599
40354.3,0.715026617532793
40354.31,0.705136552560267
40354.32,0.682401193101683
40354.33,0.699988871449674
40354.34,0.69118650472416
40354.35,0.693810736860317
40354.36,0.695816692767793
40354.37,0.683796858188015
40354.38,0.688797770062355
40354.39,0.700977196572176
40354.4,0.707633305693123
40354.41,0.715342722921198
40354.42,0.701463015735737
40354.43,0.742335022266953
40354.44,0.69054583915314
40354.45,0.746969992234279
40354.46,0.764593430707443
40354.47,0.773686608492498
40354.48,0.802169415395526
40354.49,0.826041952758507
40354.5,0.844517086388162
40354.51,0.861973358057508
40354.52,0.85944102420862
40354.53,0.838943290973319
40354.54,0.853217086711171
40354.55,0.872101875247408
40354.56,0.901441857884132
40354.57,0.899523768246489
40354.58,0.890991643600393
40354.59,0.885012418645938
40354.6,0.893172718518152
40354.61,0.871896091315023
40354.62,0.900704273469125
40354.63,0.897827687940317
40354.64,0.879783486448869
40354.65,0.85223254996979
40354.66,0.824019910703106
40354.67,0.760330465877961
40354.68,0.75320978644138
40354.69,0.749187519624782
40354.7,0.75733511779098
40354.71,0.782728140914247
40354.72,0.78430628345133
40354.73,0.768157438058717
40354.74,0.731884549253942
40354.75,0.735813784326083
40354.76,0.748902046859568
40354.77,0.762198044710524
40354.78,0.747539242061074
40354.79,0.782643621995122
40354.8,0.737164184584175
40354.81,0.754456520761562
40354.82,0.770373533666969
40354.83,0.753575863714963
40354.84,0.7230793413721
40354.85,0.720180424743062
40354.86,0.751259327061756
40354.87,0.742131812376656
40354.88,0.74006969721519
40354.89,0.715294961318777
40354.9,0.678788127179834
40354.91,0.670585443860412
40354.92,0.644956388555825
40354.93,0.633636330146101
40354.94,0.66391846016506
40354.95,0.659223713718754
40354.96,0.696914825707751
40354.97,0.686836798102937
40354.98,0.709136834064298
40354.99,0.739419871202176
40355,0.75451819801469
40355.01,0.762500339893689
40355.02,0.760614963560203
40355.03,0.742860481661279
40355.04,0.718779662594338
40355.05,0.719639490581501
40355.06,0.722008419979908
40355.07,0.731461185095623
40355.08,0.746557488830298
40355.09,0.773823373997696
40355.1,0.812448572417077
40355.11,0.804068728265396
40355.12,0.816043494482618
40355.13,0.83132396331712
40355.14,0.827945686621267
40355.15,0.792235666463244
40355.16,0.826149406768574
40355.17,0.803173356180766
40355.18,0.770036798440159
40355.19,0.776220488990059
40355.2,0.749044792170717
40355.21,0.782635568367699
40355.22,0.748920676436991
40355.23,0.775056250598942
40355.24,0.778450583631416
40355.25,0.77317601274955
40355.26,0.764760005628964
40355.27,0.728037520850337
40355.28,0.734739868919253
40355.29,0.728920119923025
40355.3,0.763409227716271
40355.31,0.746254343746447
40355.32,0.722189158033316
40355.33,0.731634718020544
40355.34,0.749506654245522
40355.35,0.771068137167982
40355.36,0.78855501721311
40355.37,0.779013817407625
40355.38,0.773788123478248
40355.39,0.771930112951121
40355.4,0.769494672089409
40355.41,0.785492139899025
40355.42,0.801997379987513
40355.43,0.770214285867124
40355.44,0.744238559658267
40355.45,0.753765870103218
40355.46,0.795392162988977
40355.47,0.7704582857018
40355.48,0.760068902766809
40355.49,0.790498169664681
40355.5,0.812762202058387
40355.51,0.773647214614985
40355.52,0.7755988269689
40355.53,0.765661535605783
40355.54,0.785084160313796
40355.55,0.814761603326358
40355.56,0.796673052662266
40355.57,0.787473128654893
40355.58,0.784299568629657
40355.59,0.766877529782358
40355.6,0.733552731564156
40355.61,0.756741585182569
40355.62,0.762421404042136
40355.63,0.760953038143616
40355.64,0.768849836389304
40355.65,0.813043654898945
40355.66,0.778872133611453
40355.67,0.790070246514966
40355.68,0.804493332706888
40355.69,0.830215554711034
40355.7,0.914657732435416
40355.71,0.914155606497175
40355.72,0.872934174340176
40355.73,0.866260962253677
40355.74,0.844735038039755
40355.75,0.811577906762185
40355.76,0.798799671364026
40355.77,0.82829568112138
40355.78,0.813297048459147
40355.79,0.760550302959228
40355.8,0.772642832437858
40355.81,0.763932716655282
40355.82,0.75155329725281
40355.83,0.723688603329427
40355.84,0.746432482513026
40355.85,0.720570878194587
40355.86,0.749385601109556
40355.87,0.762297506074214
40355.88,0.759751917110047
40355.89,0.770329577558538
40355.9,0.744744585179691
40355.91,0.751226529668495
40355.92,0.755376602723867
40355.93,0.791133101008981
40355.94,0.795548750069595
40355.95,0.797510777971234
40355.96,0.77585264163721
40355.97,0.775437324022508
40355.98,0.766327527017095
40355.99,0.784291951597473
40356,0.777156635209106
40356.01,0.769137626857108
40356.02,0.724850367906047
40356.03,0.725915995333146
40356.04,0.718663692669723
40356.05,0.723776343702799
40356.06,0.753062288815676
40356.07,0.737844352270721
40356.08,0.727456734406492
40356.09,0.755194034890842
40356.1,0.748312637427997
40356.11,0.700406469027999
40356.12,0.72585461860939
40356.13,0.705543694679163
40356.14,0.713059058206323
40356.15,0.72656566977596
40356.16,0.735881315167367
40356.17,0.736134596679145
40356.18,0.74442820373781
40356.19,0.720649820617334
40356.2,0.691305169443449
40356.21,0.700685172419235
40356.22,0.735538210142987
40356.23,0.730438907077009
40356.24,0.712772919812108
40356.25,0.716016970622845
40356.26,0.728129370612909
40356.27,0.698320714258588
40356.28,0.683440393727264
40356.29,0.680028882008217
40356.3,0.660679409745187
40356.31,0.6410612332024
40356.32,0.648776942588487
40356.33,0.627820235230749
40356.34,0.657956399515721
40356.35,0.673474419430207
40356.36,0.670068638135989
40356.37,0.658851054471368
40356.38,0.667633066473043
40356.39,0.661118447330126
40356.4,0.688392183600299
40356.41,0.716260756980552
40356.42,0.716377563534188
40356.43,0.730623335255906
40356.44,0.712305368159887
40356.45,0.705390107258286
40356.46,0.66881951067324
40356.47,0.672032391151661
40356.48,0.618494965494417
40356.49,0.624519359312666
40356.5,0.615237494418353
40356.51,0.609097846653474
40356.52,0.592635601949402
40356.53,0.591037004342551
40356.54,0.619704160347917
40356.55,0.605029088825379
40356.56,0.62096492482143
40356.57,0.611874935535265
40356.58,0.626860243568239
40356.59,0.63956740221209
40356.6,0.659152404339661
40356.61,0.672532103164491
40356.62,0.658052619982301
40356.63,0.667468364449029
40356.64,0.656725404823601
40356.65,0.696265527827517
40356.66,0.701947445860961
40356.67,0.691840413287631
40356.68,0.655984749096132
40356.69,0.64452379694458
40356.7,0.653336322051153
40356.71,0.645180421660121
40356.72,0.627192158324955
40356.73,0.622173523872891
40356.74,0.613878559260039
40356.75,0.617638643106774
40356.76,0.624957679380787
40356.77,0.604104071410501
40356.78,0.627301904770359
40356.79,0.630174104191001
40356.8,0.617099022807689
40356.81,0.647014201756873
40356.82,0.638403323521249
40356.83,0.626750335769818
40356.84,0.631861604732595
40356.85,0.623464591450645
40356.86,0.643078950537792
40356.87,0.600605279719439
40356.88,0.587094326633254
40356.89,0.613971222820358
40356.9,0.642056409167541
40356.91,0.650964664330687
40356.92,0.65642380076598
40356.93,0.639484126185234
40356.94,0.651328594720528
40356.95,0.645436419657563
40356.96,0.644704736534887
40356.97,0.650391479600163
40356.98,0.665167974731239
40356.99,0.665988350444242
40357,0.660259653882539
40357.01,0.673025496660977
40357.02,0.695240642630134
40357.03,0.704472223553687
40357.04,0.666369751912413
40357.05,0.661953534440688
40357.06,0.673843344912912
40357.07,0.682948649977755
40357.08,0.688466962291686
40357.09,0.688965541445515
40357.1,0.685051461915578
40357.11,0.682289644085815
40357.12,0.685901626032587
40357.13,0.685925208180711
40357.14,0.67348148167867
40357.15,0.666671911060206
40357.16,0.654721729047432
40357.17,0.663459306096559
40357.18,0.645845923888438
40357.19,0.66772612273903
40357.2,0.685761690277628
40357.21,0.671239757781336
40357.22,0.682715981521235
40357.23,0.666279448269481
40357.24,0.632932834380394
40357.25,0.649597411115579
40357.26,0.652025170712588
40357.27,0.647097131617805
40357.28,0.686192479720719
40357.29,0.667503715491246
40357.3,0.643862831787987
40357.31,0.629185136393046
40357.32,0.629251450296297
40357.33,0.628436085165495
40357.34,0.602794534898631
40357.35,0.596951249219252
40357.36,0.619985722847277
40357.37,0.653077692826177
40357.38,0.67770111451323
40357.39,0.673989906950533
40357.4,0.704107490725144
40357.41,0.734190687477081
40357.42,0.752131987500733
40357.43,0.755438470807469
40357.44,0.757169242309729
40357.45,0.741871550308318
40357.46,0.747489078135613
40357.47,0.741691545016422
40357.48,0.755420195618483
40357.49,0.779649211407874
40357.5,0.762361939077968
40357.51,0.757335855908908
40357.52,0.764602542961395
40357.53,0.776902162140055
40357.54,0.792904019900873
40357.55,0.808202902203435
40357.56,0.800684736967153
40357.57,0.785952591983953
40357.58,0.809095939177882
40357.59,0.856326384625546
40357.6,0.928972642825604
40357.61,0.983962229674296
40357.62,1.04651875720276
40357.63,1.05270033911442
40357.64,1.08109898879705
40357.65,1.03823144363416
40357.66,1.01385536440102
40357.67,1.04917220272468
40357.68,1.05471875654482
40357.69,1.05276791509022
40357.7,1.06732013234764
40357.71,1.01743227946194
40357.72,0.998552473284852
40357.73,1.04074050675291
40357.74,1.0279686561705
40357.75,1.00285217818931
40357.76,1.06650170986286
40357.77,0.978768760969901
40357.78,1.03351361619131
40357.79,1.00560882975044
40357.8,0.997483474825052
40357.81,1.03988652104239
40357.82,1.05213275064665
40357.83,1.05114870959662
40357.84,1.01254147912988
40357.85,1.01859102164241
40357.86,1.08062335439537
40357.87,1.04674723197539
40357.88,1.06692198010434
40357.89,1.09310463657869
40357.9,1.12122464593778
40357.91,1.0695618590133
40357.92,1.05838329852644
40357.93,1.09227889881419
40357.94,1.08595936634777
40357.95,1.05104715656693
40357.96,1.02113579631769
40357.97,1.04180500836158
40357.98,1.04995051350176
40357.99,1.03576420710249
40358,1.08020341427355
40358.01,1.09005726589624
40358.02,1.14225028854853
40358.03,1.16697079934027
40358.04,1.19649126091721
40358.05,1.18912149361637
40358.06,1.17882912875597
40358.07,1.18427989672387
40358.08,1.19938067579358
40358.09,1.20309535520795
40358.1,1.17815986966811
40358.11,1.1521850300944
40358.12,1.15337260495092
40358.13,1.18453691291945
40358.14,1.17201944585633
40358.15,1.19076257395757
40358.16,1.20610929843296
40358.17,1.18403282237081
40358.18,1.15216359549254
40358.19,1.09779007226201
40358.2,1.09557094411964
40358.21,1.13291124019541
40358.22,1.13297165572882
40358.23,1.0787901573081
40358.24,1.0974686890241
40358.25,1.12120309804028
40358.26,1.13821242341313
40358.27,1.08727402812877
40358.28,1.10625731207965
40358.29,1.06798420962264
40358.3,1.05494379435884
40358.31,1.03013209097137
40358.32,1.05362960608899
40358.33,1.00139507380517
40358.34,1.00524515392593
40358.35,1.02380226305367
40358.36,1.00463572467959
40358.37,0.964021291761517
40358.38,0.991090707571056
40358.39,0.973159797241019
40358.4,0.951160396091943
40358.41,0.977436172460363
40358.42,0.943189523028937
40358.43,0.905474656590629
40358.44,0.893151834192032
40358.45,0.891403646252069
40358.46,0.850336401335563
40358.47,0.862312412897254
40358.48,0.903359529816228
40358.49,0.896615437440354
40358.5,0.873497275591811
40358.51,0.891961868632868
40358.52,0.875948039388816
40358.53,0.881194513335063
40358.54,0.892232065354309
40358.55,0.884796201382319
40358.56,0.879436378469935
40358.57,0.876323213511154
40358.58,0.865328443667769
40358.59,0.878875281955995
40358.6,0.921609187005133
40358.61,0.925171569857127
40358.62,0.917135655678902
40358.63,0.918710450717362
40358.64,0.92626287232169
40358.65,0.905975907016448
40358.66,0.886903060604974
40358.67,0.864763245024482
40358.68,0.839462548313362
40358.69,0.82135751843937
40358.7,0.813962662815599
40358.71,0.806489478706345
40358.72,0.788701424247013
40358.73,0.762292379483988
40358.74,0.753535784321712
40358.75,0.776714749611736
40358.76,0.780041916348646
40358.77,0.807062902023723
40358.78,0.787130439927479
40358.79,0.811057702106022
40358.8,0.803845776621885
40358.81,0.857971081844418
40358.82,0.855067221290493
40358.83,0.862160738266717
40358.84,0.878194905328833
40358.85,0.910413911013294
40358.86,0.93249919882187
40358.87,0.956655002690211
40358.88,0.98374273833155
40358.89,0.966215049991783
40358.9,0.940215302078444
40358.91,0.925306262909332
40358.92,0.987181563587054
40358.93,0.972686920578408
40358.94,0.951785221954673
40358.95,0.937119185360429
40358.96,0.904953676101841
40358.97,0.961473931124822
40358.98,0.960353103534477
40358.99,0.932234566459585
40359,0.941059407776069
40359.01,0.930356850018459
40359.02,0.914036261757391
40359.03,0.887978357589248
40359.04,0.879663500196375
40359.05,0.868394471098964
40359.06,0.870275480227246
40359.07,0.869847494633182
40359.08,0.86310543962793
40359.09,0.840366131693116
40359.1,0.872272572755563
40359.11,0.9031919780591
40359.12,0.91497021984353
40359.13,0.922391263837328
40359.14,0.914041498889902
40359.15,0.939048943962504
40359.16,0.973093246403443
40359.17,0.99368721727352
40359.18,1.0125234652693
40359.19,1.02376875457422
40359.2,1.03767889651409
40359.21,1.08298789653604
40359.22,1.08332833041763
40359.23,1.0413009697069
40359.24,1.11831853259966
40359.25,1.07452750343092
40359.26,1.08870115508266
40359.27,1.09260854667681
40359.28,1.07845559831519
40359.29,1.04201614098712
40359.3,1.09117410667971
40359.31,1.01495908022529
40359.32,1.04940044272211
40359.33,1.03180566872022
40359.34,1.05148027546748
40359.35,1.0434583892133
40359.36,1.05605541541847
40359.37,1.06513728231423
40359.38,1.08508634106936
40359.39,1.05717991090307
40359.4,1.03868764819318
40359.41,0.992965656504348
40359.42,1.00767549353241
40359.43,0.954330242589652
40359.44,0.942037690572153
40359.45,0.942034210122906
40359.46,0.926768744093236
40359.47,1.02688605662765
40359.48,1.01320848549369
40359.49,0.979547172481038
40359.5,0.98887611008366
40359.51,0.952511075053721
40359.52,0.944734086330346
40359.53,0.917513097590873
40359.54,0.920278760931519
40359.55,0.871577634229268
40359.56,0.888971737004895
40359.57,0.85187243998289
40359.58,0.826680912510626
40359.59,0.848539630332171
40359.6,0.87611342706229
40359.61,0.85021098568708
40359.62,0.840992542730888
40359.63,0.873470630028574
40359.64,0.874237362069085
40359.65,0.816964760199977
40359.66,0.825050126872174
40359.67,0.827728284762838
40359.68,0.835171236096705
40359.69,0.823416232631411
40359.7,0.7986844717437
40359.71,0.790885877502427
40359.72,0.83395181315427
40359.73,0.831188615398509
40359.74,0.903342667781707
40359.75,0.945002472616739
40359.76,0.962899378347003
40359.77,0.909697766170821
40359.78,0.922285524588703
40359.79,0.870821544188184
40359.8,0.864320308899235
40359.81,0.911470110144494
40359.82,0.899255345311358
40359.83,0.931116720012152
40359.84,0.922751584811149
40359.85,0.890506231406654
40359.86,0.890860370538183
40359.87,0.891220255048613
40359.88,0.960744703270196
40359.89,0.942052780652315
40359.9,0.986204254785308
40359.91,0.977212743266568
40359.92,0.979525404629472
40359.93,0.973901177958314
40359.94,0.973160561419374
40359.95,0.995546841720514
40359.96,0.993477378811347
40359.97,1.025600274871
40359.98,1.01816520800592
40359.99,0.99480570558937
40360,1.01710812375621
40360.01,1.0585020975134
40360.02,0.982848506383014
40360.03,1.00281055962049
40360.04,0.9853956054588
40360.05,0.940593549375948
40360.06,0.926549537088557
40360.07,0.879567929472202
40360.08,0.903453384765456
40360.09,0.886016976581438
40360.1,0.862790431454756
40360.11,0.840327813081664
40360.12,0.859304651882584
40360.13,0.894015511909622
40360.14,0.888853980771431
40360.15,0.875147734172269
40360.16,0.897545288102552
40360.17,0.903849727435767
40360.18,0.871154048536784
40360.19,0.889025012492074
40360.2,0.925220221798504
40360.21,0.939017600669596
40360.22,0.902185556878209
40360.23,0.943417429272278
40360.24,0.919172522699474
40360.25,0.893868560870559
40360.26,0.875915499723957
40360.27,0.87762515020627
40360.28,0.880920518358795
40360.29,0.867951453539551
40360.3,0.884111130011671
40360.31,0.867940026487743
40360.32,0.869974385188623
40360.33,0.846941577801521
40360.34,0.849267634612893
40360.35,0.856403868444378
40360.36,0.852853025441211
40360.37,0.823903002468761
40360.38,0.835330890961257
40360.39,0.823901370796954
40360.4,0.833400410383996
40360.41,0.804106756130477
40360.42,0.816414292191744
40360.43,0.829102045053472
40360.44,0.852229974966442
40360.45,0.869549260511064
40360.46,0.884292694719668
40360.47,0.901547444877777
40360.48,0.871124841232561
40360.49,0.855650265018068
40360.5,0.879723281161237
40360.51,0.912548895700187
40360.52,0.882425489650186
40360.53,0.885279288150609
40360.54,0.907006752105355
40360.55,0.944935370925959
40360.56,0.97864514621162
40360.57,0.981355413834576
40360.58,0.99236937298653
40360.59,0.983675944867426
40360.6,0.999901391425745
40360.61,0.993354089531609
40360.62,0.989886129423153
40360.63,0.987146238359179
40360.64,1.00636675343699
40360.65,0.954543589419361
40360.66,0.949684627064076
40360.67,0.955211810417961
40360.68,0.965700237856028
40360.69,0.98632047497839
40360.7,0.984289895954156
40360.71,0.988906521679734
40360.72,0.995940307776862
40360.73,0.972616132254843
40360.74,0.992236313406187
40360.75,0.998758592588017
40360.76,1.02261188868015
40360.77,1.03037179517641
40360.78,1.08222036517586
40360.79,1.09511277302326
40360.8,1.08696782545936
40360.81,1.11153541524421
40360.82,1.07941739966879
40360.83,1.08983704903981
40360.84,1.07526569978681
40360.85,1.08387854246734
40360.86,1.11156546437955
40360.87,1.10912994683395
40360.88,1.07877847855833
40360.89,1.08626800713885
40360.9,1.05491866800336
40360.91,1.06402635473587
40360.92,1.04442735967457
40360.93,0.998157248197922
40360.94,0.97682923695354
40360.95,0.956565309582945
40360.96,0.957000970233265
40360.97,0.957698754715523
40360.98,0.906190444926109
40360.99,0.922734088123455
40361,0.912447140786063
40361.01,0.899691060284373
40361.02,0.915050846107048
40361.03,0.882072295543548
40361.04,0.896629429884808
40361.05,0.869718870850853
40361.06,0.868185849430993
40361.07,0.829353409280591
40361.08,0.859010029878682
40361.09,0.819111706816558
40361.1,0.81359843456822
40361.11,0.823641852834729
40361.12,0.815453567357718
40361.13,0.811916279508492
40361.14,0.812385086821846
40361.15,0.831096603389909
40361.16,0.802814396192129
40361.17,0.806789186313676
40361.18,0.816612920368022
40361.19,0.844400811336233
40361.2,0.816998740044433
40361.21,0.814875480302432
40361.22,0.815706913956413
40361.23,0.834739817169896
40361.24,0.850700120550552
40361.25,0.858212368870333
40361.26,0.852362974873762
40361.27,0.846881657638649
40361.28,0.86571223668714
40361.29,0.900459784898766
40361.3,0.911953158929681
40361.31,0.89448418263666
40361.32,0.869685892944463
40361.33,0.873075832650758
40361.34,0.859246211623555
40361.35,0.832612181432971
40361.36,0.835758891457886
40361.37,0.827192804963578
40361.38,0.825432793934908
40361.39,0.85938949323813
40361.4,0.856164398918853
40361.41,0.842649981368878
40361.42,0.84685047907827
40361.43,0.836886982210066
40361.44,0.82390905057371
40361.45,0.840831595527225
40361.46,0.829818536529367
40361.47,0.844399698073568
40361.48,0.810564246158865
40361.49,0.813591606251583
40361.5,0.787501198147909
40361.51,0.791720278443575
40361.52,0.79702187095658
40361.53,0.858407682749474
40361.54,0.845967071040836
40361.55,0.859533710196574
40361.56,0.871102209707685
40361.57,0.887628109915383
40361.58,0.910645957732301
40361.59,0.907175829758211
40361.6,0.912245285054594
40361.61,0.910925916619004
40361.62,0.947659307709933
40361.63,0.949304249457182
40361.64,0.942167357821046
40361.65,0.904657123452898
40361.66,0.847394134477394
40361.67,0.815657059928473
40361.68,0.812330670938006
40361.69,0.806915187310632
40361.7,0.797971300325985
40361.71,0.786724328367851
40361.72,0.792889873749224
40361.73,0.785093378361977
40361.74,0.745809359343121
40361.75,0.719829456203686
40361.76,0.725492016037618
40361.77,0.719124768878519
40361.78,0.692422879237096
40361.79,0.678986103905366
40361.8,0.679922453004743
40361.81,0.66393767460127
40361.82,0.677831418689887
40361.83,0.712412541351252
40361.84,0.717811144648675
40361.85,0.715477923759229
40361.86,0.722402976767557
40361.87,0.731513111345632
40361.88,0.737923291794277
40361.89,0.753785650390367
40361.9,0.764645904762151
40361.91,0.738009675243884
40361.92,0.729952044669185
40361.93,0.70300021500882
40361.94,0.685182957714714
40361.95,0.716932082401595
40361.96,0.722683679928543
40361.97,0.760327671710526
40361.98,0.783391972075609
40361.99,0.809455616280579
40362,0.821771026024968
40362.01,0.809856790994579
40362.02,0.808760707946921
40362.03,0.825291131866342
40362.04,0.842207170223836
40362.05,0.835592680471981
40362.06,0.864966923763559
40362.07,0.874145542081478
40362.08,0.891410558813099
40362.09,0.892860606777258
40362.1,0.888394466037018
40362.11,0.887516865177022
40362.12,0.88322362850618
40362.13,0.848286310230995
40362.14,0.834548447037163
40362.15,0.831860371103191
40362.16,0.881799909016873
40362.17,0.892366744637596
40362.18,0.904147894984286
40362.19,0.856453239831606
40362.2,0.823489861967811
40362.21,0.812966977906175
40362.22,0.801100186031114
40362.23,0.795550691808305
40362.24,0.802055889600863
40362.25,0.812457582923029
40362.26,0.806177459919461
40362.27,0.806633006243258
40362.28,0.786767395214404
40362.29,0.788567304452281
40362.3,0.790441502911595
40362.31,0.783459955595699
40362.32,0.772716486808954
40362.33,0.789618780145242
40362.34,0.784681993889789
40362.35,0.791657134079348
40362.36,0.808785722529419
40362.37,0.845824060978067
40362.38,0.85369114423478
40362.39,0.887622861732139
40362.4,0.933999609781223
40362.41,0.94975937725015
40362.42,0.938243535656572
40362.43,0.929078410425702
40362.44,0.946002496883413
40362.45,0.940877024384105
40362.46,0.90904641510782
40362.47,0.881431967262192
40362.48,0.877674281832089
40362.49,0.903754421793838
40362.5,0.90312895858272
40362.51,0.921485829717141
40362.52,0.890270415220318
40362.53,0.893173414768779
40362.54,0.862667454844816
40362.55,0.855292708756886
40362.56,0.880053562123756
40362.57,0.843027761375039
40362.58,0.824668973867
40362.59,0.814249553950343
40362.6,0.820283966040223
40362.61,0.801958685395808
40362.62,0.776326183617805
40362.63,0.794720017809397
40362.64,0.810347012215764
40362.65,0.830952676937006
40362.66,0.804114296655522
40362.67,0.783363529770178
40362.68,0.792112446697417
40362.69,0.749463324490856
40362.7,0.739608116625624
40362.71,0.782150083799956
40362.72,0.753334299027341
40362.73,0.751028655763495
40362.74,0.711558588740137
40362.75,0.697595808291003
40362.76,0.737669475392317
40362.77,0.745609696971452
40362.78,0.758808188563114
40362.79,0.794680884333877
40362.8,0.826697932015131
40362.81,0.842073627761467
40362.82,0.831338374366474
40362.83,0.811431246112251
40362.84,0.845231513525219
40362.85,0.875909365926523
40362.86,0.838049222971419
40362.87,0.86519455498552
40362.88,0.868383021561218
40362.89,0.874124052506455
40362.9,0.885906003293765
40362.91,0.915927630438363
40362.92,0.925585702836928
40362.93,0.929121223279285
40362.94,0.888115500171292
40362.95,0.906565170925617
40362.96,0.8530260949999
40362.97,0.835557033102649
40362.98,0.823369234624781
40362.99,0.821965678511352
40363,0.846876275990353
40363.01,0.865619616846947
40363.02,0.871756474492264
40363.03,0.83817974060861
40363.04,0.806562661523905
40363.05,0.76362469479423
40363.06,0.77265964935308
40363.07,0.794436743714721
40363.08,0.767181960270139
40363.09,0.774601613493795
40363.1,0.802125858617611
40363.11,0.782568635673471
40363.12,0.787401332537368
40363.13,0.782314814280777
40363.14,0.796268808063998
40363.15,0.788280488989926
40363.16,0.789858896252156
40363.17,0.76951501350346
40363.18,0.761831556112444
40363.19,0.755679729020079
40363.2,0.759246539145751
40363.21,0.740104684850242
40363.22,0.745152454575139
40363.23,0.690364651435043
40363.24,0.664203342369358
40363.25,0.676217433672235
40363.26,0.694280319898371
40363.27,0.683802479618348
40363.28,0.673356345340618
40363.29,0.64043088439003
40363.3,0.623813539145976
40363.31,0.635466544993378
40363.32,0.635117093250077
40363.33,0.658953530906539
40363.34,0.646699058562149
40363.35,0.628609307988965
40363.36,0.658874195785212
40363.37,0.671545298832883
40363.38,0.672643583604907
40363.39,0.681570089577216
40363.4,0.681621394983242
40363.41,0.683971082158575
40363.42,0.701764127867738
40363.43,0.695741191987336
40363.44,0.695664099262153
40363.45,0.717302953269614
40363.46,0.715822529695326
40363.47,0.746382054522659
40363.48,0.731688396947867
40363.49,0.745861183811561
40363.5,0.75011947478984
40363.51,0.767492590994396
40363.52,0.747318131061743
40363.53,0.769454181537699
40363.54,0.777653731888885
40363.55,0.811617772579919
40363.56,0.801738682732642
40363.57,0.799101258722209
40363.58,0.759922329942533
40363.59,0.783115094855723
40363.6,0.76316144802433
40363.61,0.747373033474347
40363.62,0.71249252406558
40363.63,0.72116042096366
40363.64,0.75598579929171
40363.65,0.797272614726079
40363.66,0.810357414545408
40363.67,0.789465290343995
40363.68,0.81510771812712
40363.69,0.837004399398851
40363.7,0.808038520906136
40363.71,0.799003451778599
40363.72,0.796326703194823
40363.73,0.821427503924606
40363.74,0.818501165001392
40363.75,0.818453487630134
40363.76,0.840635732768771
40363.77,0.855604222531733
40363.78,0.859621294115613
40363.79,0.845422709220194
40363.8,0.837204007764266
40363.81,0.836676683281564
40363.82,0.812034352282381
40363.83,0.830241839640399
40363.84,0.822520749741836
40363.85,0.810180281471893
40363.86,0.8194104270771
40363.87,0.818802664453131
40363.88,0.807827437094607
40363.89,0.768315998492912
40363.9,0.788432289300946
40363.91,0.780112099159093
40363.92,0.785713497885575
40363.93,0.808633998177272
40363.94,0.796857703133254
40363.95,0.790505180537261
40363.96,0.769864947510968
40363.97,0.795451664122699
40363.98,0.80328921246485
40363.99,0.817678450714108
40364,0.811097381532192
40364.01,0.809710939116578
40364.02,0.74931229957227
40364.03,0.74669307032663
40364.04,0.764203713427528
40364.05,0.78670840115937
40364.06,0.805437950114868
40364.07,0.794108667086755
40364.08,0.78486971767856
40364.09,0.737302301647153
40364.1,0.74995703887659
40364.11,0.727237406955336
40364.12,0.712294800705982
40364.13,0.724303497017564
40364.14,0.700534820385805
40364.15,0.712053034086235
40364.16,0.714837738119932
40364.17,0.718794533149061
40364.18,0.737009816684707
40364.19,0.727225229201474
40364.2,0.783757073694793
40364.21,0.797357958492244
40364.22,0.833483931107316
40364.23,0.81579165410284
40364.24,0.821343016758298
40364.25,0.778122856574419
40364.26,0.753053243393758
40364.27,0.751814391428172
40364.28,0.743497509182217
40364.29,0.720840461102905
40364.3,0.733956197858752
40364.31,0.765029614242913
40364.32,0.784072014173868
40364.33,0.791273757072242
40364.34,0.796110481305443
40364.35,0.824320914933295
40364.36,0.848150462019693
40364.37,0.880199623672317
40364.38,0.864802063610195
40364.39,0.829523183666443
40364.4,0.823114820038779
40364.41,0.827058929611299
40364.42,0.856096966846955
40364.43,0.858412094375071
40364.44,0.813279517405241
40364.45,0.796697954416016
40364.46,0.799929521799685
40364.47,0.811938991818177
40364.48,0.802225314962949
40364.49,0.840628523998902
40364.5,0.821005495951444
40364.51,0.819429788184421
40364.52,0.812655826313447
40364.53,0.800842674073377
40364.54,0.841062314164547
40364.55,0.868541125171737
40364.56,0.908742769476538
40364.57,0.915336495709525
40364.58,0.894331819172011
40364.59,0.910148475288893
40364.6,0.934671060908015
40364.61,0.919194808455602
40364.62,0.897292498637551
40364.63,0.859344265377322
40364.64,0.834132466081256
40364.65,0.782444872199468
40364.66,0.777207141436089
40364.67,0.809485491916945
40364.68,0.798241846215864
40364.69,0.823011478107177
40364.7,0.837158946050408
40364.71,0.854014720614387
40364.72,0.840438677799793
40364.73,0.841794515255673
40364.74,0.832488384800593
40364.75,0.822172614211177
40364.76,0.823288249585119
40364.77,0.855891824485935
40364.78,0.830345925086797
40364.79,0.845006427028327
40364.8,0.79750700549289
40364.81,0.771112262777781
40364.82,0.787435072162932
40364.83,0.785426502970204
40364.84,0.797301117342101
40364.85,0.797806501592602
40364.86,0.798925829145453
40364.87,0.803615717510508
40364.88,0.815628154836752
40364.89,0.788955450677211
40364.9,0.816987136753333
40364.91,0.786055196934799
40364.92,0.778258178798441
40364.93,0.801221849946667
40364.94,0.836584283220786
40364.95,0.826461802898148
40364.96,0.849356673068907
40364.97,0.80501826493406
40364.98,0.761551205246419
40364.99,0.754342137888366
40365,0.766121960085664
40365.01,0.802849023502128
40365.02,0.817296759086496
40365.03,0.83397781744964
40365.04,0.827399684483283
40365.05,0.808932072901904
40365.06,0.828787724035933
40365.07,0.846493869880712
40365.08,0.79672859782525
40365.09,0.776021264628552
40365.1,0.77267484726756
40365.11,0.780982069721621
40365.12,0.8339308413288
40365.13,0.807079299312835
40365.14,0.752304455396666
40365.15,0.741295982149931
40365.16,0.781598395513745
40365.17,0.804207986910729
40365.18,0.801661306689662
40365.19,0.819852844369834
40365.2,0.808436169522564
40365.21,0.807123154164343
40365.22,0.78027053824507
40365.23,0.78241483060495
40365.24,0.760817213374158
40365.25,0.734881021222959
40365.26,0.730387692253402
40365.27,0.732849466144971
40365.28,0.752647210919788
40365.29,0.778835341808746
40365.3,0.826586248343169
40365.31,0.784910985800862
40365.32,0.765344833644574
40365.33,0.783719899564612
40365.34,0.771059459664451
40365.35,0.768959795462012
40365.36,0.778794678678166
40365.37,0.752800486747078
40365.38,0.747723325244406
40365.39,0.722447835525626
40365.4,0.688379597584214
40365.41,0.690116524302951
40365.42,0.675337907841354
40365.43,0.704085386213843
40365.44,0.735240222501902
40365.45,0.717208602659647
40365.46,0.706566055203568
40365.47,0.693326161738651
40365.48,0.725235593107637
40365.49,0.70908597292258
40365.5,0.716401552620703
40365.51,0.747465453201074
40365.52,0.762853575122056
40365.53,0.782513717607327
40365.54,0.841589722083069
40365.55,0.849977001667715
40365.56,0.85031459833731
40365.57,0.845443805377348
40365.58,0.859567363546008
40365.59,0.845843773635032
40365.6,0.853765505040995
40365.61,0.849641727975233
40365.62,0.855830101814179
40365.63,0.879880608605262
40365.64,0.887740516513272
40365.65,0.859643171439485
40365.66,0.835609464876032
40365.67,0.843402083661104
40365.68,0.855828049677771
40365.69,0.858966386406939
40365.7,0.830917751964443
40365.71,0.864043649128423
40365.72,0.888875723304987
40365.73,0.915028080782592
40365.74,0.919239217614965
40365.75,0.876937877002955
40365.76,0.89225289738775
40365.77,0.913246594759347
40365.78,0.902417086952632
40365.79,0.905647000087033
40365.8,0.877399839723198
40365.81,0.92814263651077
40365.82,0.952520638979931
40365.83,0.939776308683258
40365.84,0.944180874089758
40365.85,0.933070435839524
40365.86,0.961081943072132
40365.87,0.963612257913742
40365.88,0.947287001463264
40365.89,0.958624700242411
40365.9,0.95677584444135
40365.91,0.923430354299515
40365.92,0.952237048093832
40365.93,0.889494823895079
40365.94,0.863981654183297
40365.95,0.865290532099283
40365.96,0.803039103273036
40365.97,0.787639243857495
40365.98,0.802358258212459
40365.99,0.776629560501921
40366,0.796171809874251
40366.01,0.799226962983514
40366.02,0.832743813483887
40366.03,0.823938000091684
40366.04,0.822432234517048
40366.05,0.828443513054419
40366.06,0.759566478546086
40366.07,0.804456171644261
40366.08,0.795834056694772
40366.09,0.786074010826161
40366.1,0.781793461718456
40366.11,0.765151968946146
40366.12,0.835048170024317
40366.13,0.859893937819382
40366.14,0.822387343574903
40366.15,0.812519430522444
40366.16,0.76288119033712
40366.17,0.772042982420472
40366.18,0.779470907008334
40366.19,0.79420181220773
40366.2,0.772674479793185
40366.21,0.767089926310814
40366.22,0.786224187760184
40366.23,0.793390078372824
40366.24,0.772488562911447
40366.25,0.774548012145311
40366.26,0.765259834915057
40366.27,0.737648301503064
40366.28,0.760683467871949
40366.29,0.762638751154484
40366.3,0.772017393830868
40366.31,0.751298546945872
40366.32,0.734198793315552
40366.33,0.76546323592269
40366.34,0.777812574198223
40366.35,0.758686890635458
40366.36,0.790998688603847
40366.37,0.799418993931078
40366.38,0.76020437910771
40366.39,0.731636205296536
40366.4,0.773251690491466
40366.41,0.742725448533833
40366.42,0.757908634457713
40366.43,0.74886695431165
40366.44,0.734648476387276
40366.45,0.74207208591336
40366.46,0.746067745805967
40366.47,0.73082110076902
40366.48,0.740432233220275
40366.49,0.72751384827865
40366.5,0.721006282331828
40366.51,0.67573493532775
40366.52,0.661845656942096
40366.53,0.685053051381401
40366.54,0.688088728612809
40366.55,0.686111677830607
40366.56,0.68721195726575
40366.57,0.683025046729645
40366.58,0.685176747943708
40366.59,0.637682965823212
40366.6,0.650902544981923
40366.61,0.655012741651687
40366.62,0.649036558495074
40366.63,0.670877260672094
40366.64,0.653108948088899
40366.65,0.653214069902479
40366.66,0.625182126086261
40366.67,0.596316581514514
40366.68,0.588809802898158
40366.69,0.595864914817813
40366.7,0.611897048543585
40366.71,0.607472488005474
40366.72,0.636358437542776
40366.73,0.690628526093106
40366.74,0.693947734322667
40366.75,0.717446594706629
40366.76,0.718449351151926
40366.77,0.697082565806727
40366.78,0.702966153805257
40366.79,0.697848898241248
40366.8,0.707764104917831
40366.81,0.726651002560664
40366.82,0.723680861375039
40366.83,0.693750550461328
40366.84,0.692507174387404
40366.85,0.677592009301876
40366.86,0.695940313505112
40366.87,0.675185713930062
40366.88,0.703734279470138
40366.89,0.701858614377491
40366.9,0.704866861085514
40366.91,0.730233491343997
40366.92,0.741195253477431
40366.93,0.735738448535594
40366.94,0.728240121849693
40366.95,0.710673484341536
40366.96,0.73132906626671
40366.97,0.718297695163106
40366.98,0.699328334307685
40366.99,0.692501664095839
40367,0.664254139188753
40367.01,0.684219001278295
40367.02,0.670248013761337
40367.03,0.677278719561965
40367.04,0.679132819189742
40367.05,0.663886481816106
40367.06,0.651656819182099
40367.07,0.633476028844795
40367.08,0.666081901317822
40367.09,0.67595879300604
40367.1,0.644686917155133
40367.11,0.651767865509199
40367.12,0.644679178487583
40367.13,0.639059247729182
40367.14,0.642716303986117
40367.15,0.670853696282769
40367.16,0.656349493228933
40367.17,0.689203133120625
40367.18,0.686360712887487
40367.19,0.675349689451084
40367.2,0.662264951155733
40367.21,0.663796300993204
40367.22,0.672142105612
40367.23,0.674726403824158
40367.24,0.635660584218585
40367.25,0.648992921127474
40367.26,0.661040995473003
40367.27,0.671290340736495
40367.28,0.656158298547071
40367.29,0.654780981692511
40367.3,0.696208679474836
40367.31,0.749741830828998
40367.32,0.732918540233954
40367.33,0.722738382420996
40367.34,0.734582741028377
40367.35,0.731665454367326
40367.36,0.725292477615903
40367.37,0.720392161859042
40367.38,0.735596923222052
40367.39,0.69289109152929
40367.4,0.64612823394184
40367.41,0.64101273433428
40367.42,0.639852639071887
40367.43,0.647911353082525
40367.44,0.646316937092492
40367.45,0.646705776208464
40367.46,0.676937040115808
40367.47,0.676116060092323
40367.48,0.670521096738781
40367.49,0.680389771246592
40367.5,0.707036342576485
40367.51,0.696456481610929
40367.52,0.697673107670775
40367.53,0.688768686684558
40367.54,0.663879736099004
40367.55,0.657339568662637
40367.56,0.672605415119658
40367.57,0.687253905953499
40367.58,0.694793697057978
40367.59,0.663891458357117
40367.6,0.656579846678365
40367.61,0.670759123335102
40367.62,0.665201690372042
40367.63,0.681274560125753
40367.64,0.695873438949605
40367.65,0.716151879521662
40367.66,0.699629588099721
40367.67,0.713356237300883
40367.68,0.690285388090871
40367.69,0.677402353184361
40367.7,0.651622809429622
40367.71,0.654452620613604
40367.72,0.693700796475596
40367.73,0.659417095587125
40367.74,0.652534380195681
40367.75,0.654237057526682
40367.76,0.644381273683533
40367.77,0.647748821359409
40367.78,0.676798060512894
40367.79,0.70239038127604
40367.8,0.720345646412391
40367.81,0.730562371333421
40367.82,0.732267596408086
40367.83,0.781071746642772
40367.84,0.802887904762573
40367.85,0.788066853328473
40367.86,0.787577133396383
40367.87,0.738923731627983
40367.88,0.732957180290895
40367.89,0.713013370041933
40367.9,0.70747466131175
40367.91,0.723215262693988
40367.92,0.694976175657789
40367.93,0.698110966846365
40367.94,0.700850778325835
40367.95,0.68655044690717
40367.96,0.672341104979237
40367.97,0.697475171889579
40367.98,0.697254786348547
40367.99,0.706710603014358
40368,0.688963018409349
40368.01,0.68756177394271
40368.02,0.679272105854454
40368.03,0.679089456725164
40368.04,0.704371112877776
40368.05,0.727632421597192
40368.06,0.700332514985489
40368.07,0.690492947162391
40368.08,0.679230723877698
40368.09,0.666221236312837
40368.1,0.70007503821811
40368.11,0.700502617437504
40368.12,0.708976448515273
40368.13,0.705468430270608
40368.14,0.729480119683795
40368.15,0.707441242135184
40368.16,0.674404470052331
40368.17,0.674709744563566
40368.18,0.668113608730378
40368.19,0.688887192778817
40368.2,0.717566042886309
40368.21,0.728655293678886
40368.22,0.716984548914384
40368.23,0.728841615599934
40368.24,0.701144626029328
40368.25,0.706147138780946
40368.26,0.730282341018874
40368.27,0.733268170051336
40368.28,0.723504511461347
40368.29,0.678860935546308
40368.3,0.647262788150002
40368.31,0.638053385245578
40368.32,0.656411381724092
40368.33,0.662488518293439
40368.34,0.664357426677357
40368.35,0.668344726275727
40368.36,0.679235875433814
40368.37,0.679289338100716
40368.38,0.678401319772118
40368.39,0.719435458055173
40368.4,0.694782239225884
40368.41,0.684895606894785
40368.42,0.645766668715825
40368.43,0.645816302486407
40368.44,0.667141570417448
40368.45,0.659368432035035
40368.46,0.642684092853206
40368.47,0.649264661762192
40368.48,0.658714219774786
40368.49,0.648814836574164
40368.5,0.645697674878964
40368.51,0.660375618267761
40368.52,0.654586534868708
40368.53,0.630749996839173
40368.54,0.645463066085558
40368.55,0.651286515485371
40368.56,0.65653375051226
40368.57,0.664995092585502
40368.58,0.664089433774747
40368.59,0.666152189323193
40368.6,0.698407877838321
40368.61,0.706797427145433
40368.62,0.688822643249777
40368.63,0.704891233526194
40368.64,0.696156934669123
40368.65,0.713803748192263
40368.66,0.722864573013553
40368.67,0.733418369728034
40368.68,0.736921902945976
40368.69,0.734260783697041
40368.7,0.74607436115339
40368.71,0.713631290075073
40368.72,0.703977493492969
40368.73,0.689422428528317
40368.74,0.692601013170787
40368.75,0.699779293450833
40368.76,0.702325736292019
40368.77,0.722792767025841
40368.78,0.726497678184133
40368.79,0.72607850859978
40368.8,0.722433309025191
40368.81,0.701976765245899
40368.82,0.703659835284662
40368.83,0.706559675534298
40368.84,0.690226589010053
40368.85,0.69112470568334
40368.86,0.701106642429529
40368.87,0.73569311782079
40368.88,0.75204584369097
40368.89,0.77065625345894
40368.9,0.777000683005546
40368.91,0.773070023680845
40368.92,0.764220704051362
40368.93,0.767624872287486
40368.94,0.763359278827014
40368.95,0.770884537598785
40368.96,0.766824415564788
40368.97,0.773975831878487
40368.98,0.770999821668357
40368.99,0.775343501926216
40369,0.786346455913769
40369.01,0.778253774619285
40369.02,0.767183961410299
40369.03,0.776265505954796
40369.04,0.743772023270341
40369.05,0.716582563193115
40369.06,0.718989689397511
40369.07,0.759156767948581
40369.08,0.806663944471271
40369.09,0.857481144019773
40369.1,0.859668988871179
40369.11,0.845132065981354
40369.12,0.799832947447602
40369.13,0.841365579181978
40369.14,0.847919115212463
40369.15,0.824261889091697
40369.16,0.84270440389371
40369.17,0.854382973164999
40369.18,0.888229556426259
40369.19,0.849128301673823
40369.2,0.903072756800297
40369.21,0.951986665808471
40369.22,0.994369498102751
40369.23,1.02329375496676
40369.24,1.0808907116271
40369.25,1.09018610516736
40369.26,1.10188038347154
40369.27,1.0835805160042
40369.28,1.13650341711556
40369.29,1.14161540098628
40369.3,1.17999037641139
40369.31,1.16694188655686
40369.32,1.16296088987142
40369.33,1.20049611890004
40369.34,1.22490312374269
40369.35,1.20913550026091
40369.36,1.24088598547999
40369.37,1.21895898509125
40369.38,1.24698807093753
40369.39,1.19870004454664
40369.4,1.2009671495112
40369.41,1.18368002035981
40369.42,1.16890945067881
40369.43,1.16675135703999
40369.44,1.16452931400537
40369.45,1.19811386839886
40369.46,1.21272033704427
40369.47,1.17992073238088
40369.48,1.09725532512395
40369.49,1.10337940567709
40369.5,1.12366174506511
40369.51,1.03417023094284
40369.52,1.00571494346194
40369.53,1.00982988875745
40369.54,0.968887516604179
40369.55,0.983006822487304
40369.56,0.98914742293017
40369.57,0.943290705626321
40369.58,0.934218184338116
40369.59,0.904062930954523
40369.6,0.918183516078005
40369.61,0.902517026862093
40369.62,0.885057299443715
40369.63,0.865838420317377
40369.64,0.834682365948886
40369.65,0.83064639614722
40369.66,0.799550267157007
40369.67,0.784434608851027
40369.68,0.799543369306111
40369.69,0.796307509861241
40369.7,0.790013170516317
40369.71,0.79983852813358
40369.72,0.776125121317563
40369.73,0.769067403388898
40369.74,0.752623900304683
40369.75,0.79718119529519
40369.76,0.776865530922039
40369.77,0.76283163749779
40369.78,0.754684755554974
40369.79,0.782995152859973
40369.8,0.77938772674264
40369.81,0.800167367294895
40369.82,0.821300281519204
40369.83,0.851652726658471
40369.84,0.853330206120249
40369.85,0.821941059155633
40369.86,0.851972578158761
40369.87,0.872167800121579
40369.88,0.929518201505962
40369.89,0.910806949675746
40369.9,0.920545058928719
40369.91,0.953494932931721
40369.92,1.00553861714797
40369.93,1.01012350183884
40369.94,1.03970677774252
40369.95,1.08607993632773
40369.96,1.07752786096659
40369.97,1.08905060000252
40369.98,1.15535927513651
40369.99,1.15335565659177
40370,1.07486807768329
40370.01,1.02701368039204
40370.02,1.05171720583088
40370.03,1.06939816414086
40370.04,1.05896718251204
40370.05,1.07280680389784
40370.06,1.09763830918938
40370.07,1.12129329173899
40370.08,1.1147042472708
40370.09,1.06665698252307
40370.1,1.05443796486954
40370.11,0.987410891187569
40370.12,0.947048233396633
40370.13,0.923649889372601
40370.14,0.877127568392791
40370.15,0.863235186420754
40370.16,0.850630186395833
40370.17,0.858090627137181
40370.18,0.833233287890995
40370.19,0.820276469959157
40370.2,0.842515335580854
40370.21,0.831339566976846
40370.22,0.834174192878988
40370.23,0.836837763965256
40370.24,0.824626150908243
40370.25,0.853466569443346
40370.26,0.816329866029114
40370.27,0.788209653866599
40370.28,0.762116352601224
40370.29,0.731803043748229
40370.3,0.754064298877952
40370.31,0.731177159848397
40370.32,0.730764764064911
40370.33,0.71243767734624
40370.34,0.738940802386686
40370.35,0.739300168469486
40370.36,0.724783426842606
40370.37,0.73519752539928
40370.38,0.768530072556179
40370.39,0.78181010945987
40370.4,0.780497545737074
40370.41,0.747327627990381
40370.42,0.733145154120751
40370.43,0.72800208823585
40370.44,0.723887015573978
40370.45,0.724990322857498
40370.46,0.724651596889506
40370.47,0.708767420440419
40370.48,0.712962769511574
40370.49,0.750286889541951
40370.5,0.771878040537609
40370.51,0.771452952079771
40370.52,0.796394684337376
40370.53,0.774438072951338
40370.54,0.820533502958203
40370.55,0.822959983979342
40370.56,0.810876891870984
40370.57,0.787757019489762
40370.58,0.804225420917688
40370.59,0.800628215138862
40370.6,0.805579641900969
40370.61,0.79634981686856
40370.62,0.79735731116045
40370.63,0.78974229779349
40370.64,0.760887029804533
40370.65,0.754925036590584
40370.66,0.813780661231923
40370.67,0.808173669675699
40370.68,0.812641284949501
40370.69,0.835401388341606
40370.7,0.849361213700109
40370.71,0.901658856526754
40370.72,0.93128764349966
40370.73,0.928895908283606
40370.74,0.885328576612646
40370.75,0.850607731178104
40370.76,0.806952102213544
40370.77,0.798705351094932
40370.78,0.852372930314584
40370.79,0.840176782541611
40370.8,0.854171277347909
40370.81,0.862186574236748
40370.82,0.866586554936231
40370.83,0.848131679136468
40370.84,0.842241843587552
40370.85,0.820663623367767
40370.86,0.826812327720178
40370.87,0.800106630925828
40370.88,0.836556403781221
40370.89,0.877396770011822
40370.9,0.881968406902151
40370.91,0.866378825277287
40370.92,0.8970907909192
40370.93,0.906797849928407
40370.94,0.915289494844963
40370.95,0.940069064401306
40370.96,0.939047127110713
40370.97,0.943171807986063
40370.98,0.958579097940132
40370.99,0.920989332762437
40371,0.905508055516571
40371.01,0.948998369898429
40371.02,0.945091118330982
40371.03,0.939514026917693
40371.04,0.939241087191101
40371.05,0.940112109122169
40371.06,0.934250263761187
40371.07,0.94216505298052
40371.08,0.897457933762272
40371.09,0.906066972347264
40371.1,0.912052697058576
40371.11,0.901889712245479
40371.12,0.897211955167153
40371.13,0.938560569699683
40371.14,0.902164399338851
40371.15,0.889739878295095
40371.16,0.857626536379808
40371.17,0.871633588527695
40371.18,0.851785315832886
40371.19,0.832053818308718
40371.2,0.848773154525657
40371.21,0.832134018035555
40371.22,0.835561634627032
40371.23,0.849045759886615
40371.24,0.856540971596328
40371.25,0.875148265302368
40371.26,0.865891578406627
40371.27,0.893703522504168
40371.28,0.900423546167266
40371.29,0.917410493198434
40371.3,0.959820710035196
40371.31,0.96367379385462
40371.32,0.967669018400905
40371.33,0.965739609092934
40371.34,1.00468637048995
40371.35,0.960717890088935
40371.36,0.945067482426167
40371.37,0.949439134254653
40371.38,0.927219348416379
40371.39,0.949473058578122
40371.4,1.01508995893101
40371.41,0.994225696165753
40371.42,1.01725133534976
40371.43,1.03561924134442
40371.44,1.02825934967953
40371.45,1.09578525143503
40371.46,1.07218998266891
40371.47,1.09010401053166
40371.48,1.04998875447998
40371.49,1.05632651472825
40371.5,1.06267993627008
40371.51,1.04837681258475
40371.52,1.04531714842516
40371.53,1.03428655872431
40371.54,1.03841466243015
40371.55,1.04170136013921
40371.56,0.98937857524208
40371.57,0.974025558641359
40371.58,0.962448997924605
40371.59,0.960546865742753
40371.6,0.916404629688265
40371.61,0.918477738603395
40371.62,0.941811411315219
40371.63,0.965425296218762
40371.64,0.992710912075133
40371.65,1.00977898279752
40371.66,0.975200331267677
40371.67,0.983330168383164
40371.68,0.96688835264722
40371.69,0.952307334152023
40371.7,0.966358440372067
40371.71,0.990380736403965
40371.72,0.999361123354219
40371.73,1.00638296608771
40371.74,1.00703728824567
40371.75,1.01824692897042
40371.76,1.01259795723507
40371.77,1.07203225230373
40371.78,1.05804366202546
40371.79,1.02484733923784
40371.8,0.987181137542993
40371.81,1.00911972468933
40371.82,0.992958183207274
40371.83,0.975167858415562
40371.84,0.950293302831812
40371.85,0.961216732210044
40371.86,0.960823097900093
40371.87,0.95303460801812
40371.88,0.993638921368586
40371.89,0.978169890758733
40371.9,0.961533602534546
40371.91,0.923507927938023
40371.92,0.927661477053716
40371.93,0.909504125053502
40371.94,0.890501082944026
40371.95,0.899316016261582
40371.96,0.896981362610841
40371.97,0.89383792245594
40371.98,0.956594773473334
40371.99,0.926265683426541
40372,0.89188744970237
40372.01,0.908938384687876
40372.02,0.930702931128812
40372.03,0.928692176787783
40372.04,0.957226341774783
40372.05,0.938573447640302
40372.06,0.965774216167452
40372.07,0.961137338757033
40372.08,0.947022824758897
40372.09,0.938520513113457
40372.1,0.993436028035927
40372.11,0.943180996486623
40372.12,0.969193734795514
40372.13,0.954642975929146
40372.14,0.942629083568468
40372.15,0.914002477163751
40372.16,0.941329765718868
40372.17,0.928298910662546
40372.18,0.920014239309159
40372.19,0.957793096030558
40372.2,0.911631019615686
40372.21,0.90932040507552
40372.22,0.935893204875284
40372.23,0.906545912701857
40372.24,0.852808617059409
40372.25,0.880528258567592
40372.26,0.886624003268086
40372.27,0.890059463974406
40372.28,0.892014689285475
40372.29,0.87641988620516
40372.3,0.9046989904397
40372.31,0.922964389331199
40372.32,0.960595760593432
40372.33,0.966198706193525
40372.34,0.977238205439433
40372.35,1.00048502737584
40372.36,0.955979202591253
40372.37,0.904497482313967
40372.38,0.908127529489875
40372.39,0.893435719788313
40372.4,0.898353653535864
40372.41,0.864588675043354
40372.42,0.858760089937968
40372.43,0.850174858416736
40372.44,0.843770767820996
40372.45,0.86951952227716
40372.46,0.867879091978809
40372.47,0.874451888552364
40372.48,0.856104647080734
40372.49,0.818209363442716
40372.5,0.817180874809153
40372.51,0.766297641484566
40372.52,0.788779879311453
40372.53,0.797765522174956
40372.54,0.825089364848366
40372.55,0.83888613238982
40372.56,0.84276559190629
40372.57,0.810939823234743
40372.58,0.814742047026643
40372.59,0.799815892876992
40372.6,0.769204196970539
40372.61,0.741997012066404
40372.62,0.760918597403416
40372.63,0.780152254687556
40372.64,0.819912182177063
40372.65,0.87711171939247
40372.66,0.916929241797016
40372.67,0.917562235464255
40372.68,0.920359903830943
40372.69,0.947686231611192
40372.7,0.946017565751249
40372.71,0.974008225009825
40372.72,1.02839305802911
40372.73,1.09057357568875
40372.74,1.06909613727717
40372.75,1.05899851504411
40372.76,1.09147134903917
40372.77,1.08001166509084
40372.78,1.08909761577806
40372.79,1.08327254645407
40372.8,1.15844968699534
40372.81,1.26855804728259
40372.82,1.31788124348785
40372.83,1.29923209172734
40372.84,1.39393099771268
40372.85,1.36775047850798
40372.86,1.26559292577624
40372.87,1.19709977966827
40372.88,1.18651589950222
40372.89,1.152715689568
40372.9,1.17099000678606
40372.91,1.12455417338255
40372.92,1.1080393472872
40372.93,1.1483827268082
40372.94,1.14591721706919
40372.95,1.17913130451748
40372.96,1.22440669809017
40372.97,1.26371642271806
40372.98,1.31344949853643
40372.99,1.42394683506586
40373,1.44301697782055
40373.01,1.44817367871449
40373.02,1.44983615887112
40373.03,1.45330146878572
40373.04,1.45901718042661
40373.05,1.46083821316802
40373.06,1.45265376294211
40373.07,1.26306699640322
40373.08,1.32332679280374
40373.09,1.32886063920773
40373.1,1.30704506017213
40373.11,1.29365464961664
40373.12,1.30222579601093
40373.13,1.30319294143099
40373.14,1.25678369837506
40373.15,1.25978936123468
40373.16,1.24922340491502
40373.17,1.17671348414363
40373.18,1.15538559920588
40373.19,1.12460136388803
40373.2,1.1496517193005
40373.21,1.12823429094075
40373.22,1.12287519620369
40373.23,1.12886097663337
40373.24,1.14817142934487
40373.25,1.18207225810356
40373.26,1.15284573137724
40373.27,1.13137993343723
40373.28,1.12581830837951
40373.29,1.08154047738116
40373.3,1.1185399198996
40373.31,1.06111500626023
40373.32,1.04990080130228
40373.33,1.04737899285098
40373.34,1.01030850794964
40373.35,1.00120065268629
40373.36,1.0078799732332
40373.37,0.983306166518
40373.38,0.96424738092153
40373.39,0.963633075790428
40373.4,0.983932343621173
40373.41,0.971073955147923
40373.42,0.907919992643117
40373.43,0.9015588804305
40373.44,0.888603437154189
40373.45,0.901232172045468
40373.46,0.956976815165962
40373.47,0.932050900646889
40373.48,0.922384516702674
40373.49,0.950026000605062
40373.5,0.950082657573569
40373.51,0.961909556162242
40373.52,0.96278228299543
40373.53,0.969117309593819
40373.54,0.935873016276154
40373.55,0.915846803672676
40373.56,0.923309105588822
40373.57,0.938083122990506
40373.58,0.919611450537352
40373.59,0.92339005016114
40373.6,0.950338801788197
40373.61,0.939407988725572
40373.62,0.918890895910336
40373.63,0.933399837203814
40373.64,0.95826473891993
40373.65,0.94651947826148
40373.66,0.959626193533565
40373.67,0.95704063423404
40373.68,0.970717352111435
40373.69,0.915167505445696
40373.7,0.946012364936422
40373.71,0.92123287847091
40373.72,0.92466307161224
40373.73,0.941939268815199
40373.74,0.950472812083272
40373.75,0.981274515303832
40373.76,1.01499209480088
40373.77,0.995646448011711
40373.78,0.935621750854221
40373.79,0.962844201513309
40373.8,1.0024160565243
40373.81,0.993802190959709
40373.82,1.01239750597737
40373.83,0.968165111360998
40373.84,0.9863363965394
40373.85,0.94910865217342
40373.86,0.926439174439687
40373.87,0.95753646558097
40373.88,0.935208371504075
40373.89,0.917514757204307
40373.9,0.882318018586636
40373.91,0.900127995965594
40373.92,0.87699139148687
40373.93,0.904479685413639
40373.94,0.907035221023266
40373.95,0.90240486798546
40373.96,0.933495124553434
40373.97,0.936972880088218
40373.98,0.915992900968985
40373.99,0.874283758563749
40374,0.877265710338673
40374.01,0.857986211533222
40374.02,0.857839749379839
40374.03,0.824646370280938
40374.04,0.80028052195046
40374.05,0.837044028035724
40374.06,0.851045281524279
40374.07,0.885532538597392
40374.08,0.883344996857414
40374.09,0.862915221813331
40374.1,0.86440067853172
40374.11,0.890871804484126
40374.12,0.922048893263979
40374.13,0.937253127736103
40374.14,0.897567114468775
40374.15,0.878356180596363
40374.16,0.89240911304422
40374.17,0.871756004172707
40374.18,0.903827891489671
40374.19,0.896072480049792
40374.2,0.899882646514883
40374.21,0.914945595164381
40374.22,0.931447005583175
40374.23,0.93883030321919
40374.24,0.948078745408707
40374.25,1.02899023097136
40374.26,1.03990065275688
40374.27,1.04697858824458
40374.28,1.05092537046677
40374.29,1.04380066888797
40374.3,1.03679116419492
40374.31,1.01975094295719
40374.32,1.0484486150366
40374.33,1.02030306194323
40374.34,1.01644420304624
40374.35,1.06025168995633
40374.36,1.00989111720966
40374.37,0.997152621905157
40374.38,0.997341188290615
40374.39,0.977564219701253
40374.4,0.987681255623815
40374.41,0.942510431526086
40374.42,0.940267256936892
40374.43,0.936085293007099
40374.44,0.937025177348343
40374.45,0.921206796262194
40374.46,0.930441743128742
40374.47,0.963459038507278
40374.48,0.943401554730504
40374.49,0.970917852924594
40374.5,0.970897077271347
40374.51,0.97144386811257
40374.52,0.958854644930884
40374.53,0.938818700389619
40374.54,1.03080638208026
40374.55,1.04481894857707
40374.56,1.02765917110915
40374.57,1.00831201192284
40374.58,1.05008583171567
40374.59,1.0614793876883
40374.6,1.12289375248557
40374.61,1.08533668019635
40374.62,1.07057162076352
40374.63,1.03574703349517
40374.64,1.02572470889836
40374.65,1.0788212788745
40374.66,1.04843302352847
40374.67,1.08226633799173
40374.68,1.08406359410871
40374.69,1.04352289907015
40374.7,1.06738544451241
40374.71,1.07987746047051
40374.72,1.02942961109586
40374.73,1.02753258909151
40374.74,1.04524320518085
40374.75,1.09619462682724
40374.76,1.13513722437732
40374.77,1.10270450093696
40374.78,1.11317772078707
40374.79,1.10580816608326
40374.8,1.11502142931176
40374.81,1.08670572336992
40374.82,1.07382492425381
40374.83,1.09019483799406
40374.84,1.08092314395854
40374.85,1.11841765272036
40374.86,1.07832127170614
40374.87,1.10028215663716
40374.88,1.06444806437989
40374.89,1.03756957806224
40374.9,0.999537676264682
40374.91,1.05254640022034
40374.92,1.049943443966
40374.93,1.04503093832929
40374.94,1.05220042829369
40374.95,1.05610934463174
40374.96,1.06243005507893
40374.97,1.04403119651514
40374.98,1.02496206387929
40374.99,0.994608092372232
40375,0.967289285371583
40375.01,0.941311757260765
40375.02,0.956122510794398
40375.03,0.950129430745856
40375.04,0.97991793413318
40375.05,0.99535236667921
40375.06,0.927988441017766
40375.07,0.973217166126849
40375.08,1.02045925937484
40375.09,1.01390568145635
40375.1,0.991682328257989
40375.11,0.987251043187798
40375.12,0.980191811523353
40375.13,0.961948354741886
40375.14,0.939606508232632
40375.15,0.937179890064055
40375.16,0.938157469718108
40375.17,0.923332169127203
40375.18,0.961900556125173
40375.19,0.98912545733796
40375.2,0.977087277842242
40375.21,0.943211415912303
40375.22,0.946763003663459
40375.23,0.905941818696302
40375.24,0.907333840015122
40375.25,0.943354305343843
40375.26,0.922147237928631
40375.27,0.979539004362046
40375.28,0.948588260054014
40375.29,0.938715998049276
40375.3,0.969077831793093
40375.31,0.989897572206507
40375.32,0.996467090914084
40375.33,0.999522300191774
40375.34,0.986443323628701
40375.35,0.951150970482013
40375.36,0.926806398731797
40375.37,0.920067735509784
40375.38,0.888683693808839
40375.39,0.861196991080376
40375.4,0.852221475424375
40375.41,0.864231027516152
40375.42,0.879069295888453
40375.43,0.911767237674462
40375.44,0.92778266335254
40375.45,0.903896144206071
40375.46,0.93718244275968
40375.47,0.962709547016757
40375.48,0.994661112662802
40375.49,0.997053060330639
40375.5,1.0043286303693
40375.51,1.03591375564844
40375.52,1.03748544230885
40375.53,1.02133224543371
40375.54,1.00099868898103
40375.55,0.950483651270674
40375.56,0.994376453208655
40375.57,1.02525258036536
40375.58,1.06760367087356
40375.59,1.05175996165072
40375.6,0.995913284272309
40375.61,1.01166703428167
40375.62,1.08490288042237
40375.63,1.07458828211696
40375.64,1.05311261675849
40375.65,1.00155992965101
40375.66,0.996287643026653
40375.67,0.999333127429805
40375.68,0.999890613927337
40375.69,1.01051107776891
40375.7,0.996992386804338
40375.71,1.00415406273773
40375.72,0.961854907574961
40375.73,0.989162249920795
40375.74,1.00948198172968
40375.75,1.02802098503147
40375.76,0.999979650455608
40375.77,1.00358808797152
40375.78,1.02691335938637
40375.79,0.988716779227135
40375.8,0.984126796328207
40375.81,0.949653151337227
40375.82,0.962170255537859
40375.83,0.95900239612591
40375.84,0.930258646360154
40375.85,0.953605225335094
40375.86,0.93631852031795
40375.87,0.944651872531264
40375.88,1.00029537878071
40375.89,0.95269233685762
40375.9,0.972735973064938
40375.91,0.974677539539564
40375.92,0.98974001329485
40375.93,1.01766171309979
40375.94,0.971159604640525
40375.95,0.959785993114469
40375.96,0.952773511056622
40375.97,0.96595347796421
40375.98,0.988491027390137
40375.99,1.00034056051588
40376,1.00279817583135
40376.01,1.06017877113118
40376.02,1.03963989610671
40376.03,0.987638492202045
40376.04,0.981952125114786
40376.05,0.997474756417956
40376.06,1.01499862102452
40376.07,0.99658707470939
40376.08,0.999083259286367
40376.09,0.969497612274818
40376.1,0.958122088476868
40376.11,1.00620285492074
40376.12,0.973454297256223
40376.13,0.931840015510914
40376.14,0.95268119999123
40376.15,0.969085653166964
40376.16,0.976528745172427
40376.17,0.971758939155461
40376.18,0.95212566822554
40376.19,0.974115422081052
40376.2,0.943527986725592
40376.21,0.93780176386788
40376.22,0.964629590596639
40376.23,0.960647642453235
40376.24,0.986559811823546
40376.25,0.996363828138093
40376.26,1.01401789552145
40376.27,0.984699515490029
40376.28,0.98276920044747
40376.29,1.00155651428166
40376.3,0.983885207787511
40376.31,0.975752789477112
40376.32,0.931790861979977
40376.33,0.928874152129314
40376.34,0.888538813763493
40376.35,0.870242333889312
40376.36,0.912001551573037
40376.37,0.938254270096161
40376.38,0.912090644511629
40376.39,0.898445012169587
40376.4,0.926832653813843
40376.41,0.910621446891009
40376.42,0.890561702375154
40376.43,0.905055486533603
40376.44,0.869967469015723
40376.45,0.888879538008519
40376.46,0.861379090121427
40376.47,0.884532407799517
40376.48,0.890594592259742
40376.49,0.869857682288037
40376.5,0.912917943241506
40376.51,0.915324244710587
40376.52,0.919553683842218
40376.53,0.941620090602225
40376.54,0.998343439825371
40376.55,0.943236142746454
40376.56,0.935455047585253
40376.57,0.961076221606452
40376.58,0.987314332145617
40376.59,1.04245622832046
40376.6,1.02760092451378
40376.61,1.05744250807637
40376.62,1.07722854901952
40376.63,1.08621462907063
40376.64,1.05506651290699
40376.65,1.04572515364556
40376.66,1.09935858892877
40376.67,1.0788613018779
40376.68,1.07540706948211
40376.69,1.09744046953336
40376.7,1.07217946387653
40376.71,1.09349924735082
40376.72,1.07147531158034
40376.73,1.06401827162482
40376.74,1.099854078892
40376.75,1.08919517487856
40376.76,1.07548383380329
40376.77,1.09052446150872
40376.78,1.07963473435959
40376.79,1.1131536299928
40376.8,1.10112175010542
40376.81,1.13407067369911
40376.82,1.16771870306099
40376.83,1.19496690589134
40376.84,1.16775376596511
40376.85,1.1377045481663
40376.86,1.12482375014118
40376.87,1.10824373887258
40376.88,1.07385017224709
40376.89,1.09874002459877
40376.9,1.08310832350559
40376.91,1.09074971558218
40376.92,1.08818978862514
40376.93,1.09281122659254
40376.94,1.09095681138419
40376.95,1.13815900116773
40376.96,1.10561682656445
40376.97,1.0667611023529
40376.98,1.01679251318097
40376.99,1.01623960945418
40377,0.974225309430606
40377.01,0.98782755014209
40377.02,0.96251640544715
40377.03,0.924051297340726
40377.04,0.877337326494202
40377.05,0.90289891732704
40377.06,0.900536585757355
40377.07,0.886311329226707
40377.08,0.899179591212345
40377.09,0.894944207496641
40377.1,0.9183441861401
40377.11,0.896765644720168
40377.12,0.921671029079892
40377.13,0.911533339469325
40377.14,0.939187056501174
40377.15,0.970206513109455
40377.16,1.0072854104246
40377.17,0.982210797469939
40377.18,1.03215447866916
40377.19,1.01416192467142
40377.2,0.998960092892947
40377.21,0.98686020503814
40377.22,1.01232798569285
40377.23,1.02295194447243
40377.24,1.02107764723799
40377.25,1.05074621393146
40377.26,1.01585345320913
40377.27,1.0122962595809
40377.28,0.992416076989509
40377.29,0.973924787205191
40377.3,0.929408385668364
40377.31,0.919698647280462
40377.32,0.911461279383845
40377.33,0.918049981193817
40377.34,0.918360158768057
40377.35,0.920159525157021
40377.36,0.934356173816569
40377.37,0.913959442812947
40377.38,0.921874427548187
40377.39,0.927625331934301
40377.4,0.941367103499559
40377.41,0.949764284083693
40377.42,0.968443306957727
40377.43,0.955868069656555
40377.44,0.944668734427389
40377.45,0.962576667660708
40377.46,0.911984844418515
40377.47,0.88798694088583
40377.48,0.888672164898277
40377.49,0.896810301805391
40377.5,0.90705033183076
40377.51,0.885128704305627
40377.52,0.882044600115431
40377.53,0.837484765817842
40377.54,0.861781770347855
40377.55,0.887926158852167
40377.56,0.911388848758288
40377.57,0.952316613244225
40377.58,0.948392103851929
40377.59,0.96079479693114
40377.6,0.944719862262144
40377.61,0.966727271970438
40377.62,0.992133188826996
40377.63,0.945506977115237
40377.64,0.907230641192667
40377.65,0.926533774258131
40377.66,0.931623188570626
40377.67,0.938550647124255
40377.68,0.943104473507336
40377.69,0.960126481853579
40377.7,0.968274861247486
40377.71,0.987781940878307
40377.72,0.940894137117785
40377.73,0.908407975170047
40377.74,0.943144821314791
40377.75,0.983311297682306
40377.76,1.04490862302418
40377.77,0.991937047559769
40377.78,0.97906146017844
40377.79,0.982735525415107
40377.8,0.986098282052311
40377.81,1.01652832046113
40377.82,1.00217089533544
40377.83,1.01757752990028
40377.84,1.01155281986548
40377.85,0.97323818525469
40377.86,0.960897426924653
40377.87,0.938175802078714
40377.88,0.917491252840632
40377.89,0.866341767335706
40377.9,0.839039446323749
40377.91,0.845668660774462
40377.92,0.828573554382194
40377.93,0.803690914149795
40377.94,0.78960689797499
40377.95,0.767637617680181
40377.96,0.763001417846599
40377.97,0.809102733106183
40377.98,0.806116085647311
40377.99,0.826299798240208
40378,0.832731075180837
40378.01,0.807969043798438
40378.02,0.805401091890078
40378.03,0.808393475485594
40378.04,0.788067124662194
40378.05,0.802620958432503
40378.06,0.836886696788995
40378.07,0.796244000096145
40378.08,0.796628766817434
40378.09,0.834789606870723
40378.1,0.799529840585037
40378.11,0.838586238800805
40378.12,0.813853940473796
40378.13,0.840903037393225
40378.14,0.815336251855696
40378.15,0.836264888540079
40378.16,0.803610915894852
40378.17,0.810895947420529
40378.18,0.806039848647471
40378.19,0.813251869372684
40378.2,0.83987448904296
40378.21,0.797208225425488
40378.22,0.792468647871945
40378.23,0.804312559244642
40378.24,0.847232139530152
40378.25,0.852325521667666
40378.26,0.879977316244131
40378.27,0.88770429251959
40378.28,0.879698350381699
40378.29,0.888427240173667
40378.3,0.889871127189702
40378.31,0.909084558883538
40378.32,0.847797961536843
40378.33,0.871678461419628
40378.34,0.867720980282882
40378.35,0.889219358727793
40378.36,0.89598844012378
40378.37,0.85536347885604
40378.38,0.819765448997133
40378.39,0.829699194527403
40378.4,0.811881478401558
40378.41,0.82396960123831
40378.42,0.838866212856844
40378.43,0.830510964862131
40378.44,0.823432666266108
40378.45,0.809104228092137
40378.46,0.86815049259582
40378.47,0.866407240464016
40378.48,0.858707773604699
40378.49,0.860873054141845
40378.5,0.848175603031912
40378.51,0.845748355387322
40378.52,0.843396218203649
40378.53,0.816847936188787
40378.54,0.805864700431869
40378.55,0.814270141007724
40378.56,0.79105461704742
40378.57,0.773557168851476
40378.58,0.814944227772714
40378.59,0.810289842746174
40378.6,0.831757807250809
40378.61,0.838739216248624
40378.62,0.84239147347466
40378.63,0.82151706774335
40378.64,0.853218156144767
40378.65,0.825683742596227
40378.66,0.844336579363918
40378.67,0.799225742629359
40378.68,0.824408658127197
40378.69,0.82850425143328
40378.7,0.796587965369461
40378.71,0.829472827159752
40378.72,0.841291375080219
40378.73,0.839727794832348
40378.74,0.811793026436185
40378.75,0.803336484329853
40378.76,0.816515358411962
40378.77,0.805471672428463
40378.78,0.818146812332545
40378.79,0.79593158050952
40378.8,0.809571052636474
40378.81,0.788739404937004
40378.82,0.756303951688717
40378.83,0.793713306102871
40378.84,0.815169704096479
40378.85,0.837321673147823
40378.86,0.801241587790582
40378.87,0.834971348350087
40378.88,0.834709617883266
40378.89,0.828151128555934
40378.9,0.805180103209328
40378.91,0.799074844325798
40378.92,0.78402518050446
40378.93,0.792871612926296
40378.94,0.757842491482617
40378.95,0.725396995885842
40378.96,0.736010512245112
40378.97,0.785731764503306
40378.98,0.766277647786268
40378.99,0.766770252218556
40379,0.818922842106569
40379.01,0.809756287442967
40379.02,0.797578689165745
40379.03,0.784856489982136
40379.04,0.793159405746147
40379.05,0.806033449451153
40379.06,0.827279262223587
40379.07,0.859153068319655
40379.08,0.803343713207622
40379.09,0.817261928340528
40379.1,0.815164768418811
40379.11,0.854025398654213
40379.12,0.845472282354819
40379.13,0.840066461990761
40379.14,0.830122952108173
40379.15,0.829610174213064
40379.16,0.777633587330455
40379.17,0.797591651822622
40379.18,0.789427309700952
40379.19,0.811777090289119
40379.2,0.812722647146567
40379.21,0.820582237869795
40379.22,0.79510487827857
40379.23,0.800002610273832
40379.24,0.821462683984186
40379.25,0.865899469120486
40379.26,0.842991238613581
40379.27,0.843648494178668
40379.28,0.83293633288882
40379.29,0.849478705961804
40379.3,0.860264413392116
40379.31,0.845747022214369
40379.32,0.83486946164103
40379.33,0.846422122919223
40379.34,0.823868067955557
40379.35,0.846653691367025
40379.36,0.866988043688319
40379.37,0.918664050379618
40379.38,0.885795963071762
40379.39,0.852284116693271
40379.4,0.810781689505595
40379.41,0.786992290963211
40379.42,0.793028030753054
40379.43,0.793833387316353
40379.44,0.770366365820759
40379.45,0.817075999324327
40379.46,0.805497277897107
40379.47,0.802419827324446
40379.48,0.817980344657452
40379.49,0.834531920016488
40379.5,0.884148067667131
40379.51,0.890956405885435
40379.52,0.940998124947615
40379.53,0.931574447725905
40379.54,0.934118816893725
40379.55,0.918254235125434
40379.56,0.922578172116576
40379.57,0.929715732822034
40379.58,0.915909851075429
40379.59,0.912404413118652
40379.6,0.931023504135573
40379.61,0.918371117588781
40379.62,0.95337417146137
40379.63,0.939339812266063
40379.64,0.95046872102903
40379.65,0.924416314263135
40379.66,0.89100878210693
40379.67,0.911662594000349
40379.68,0.902669129280334
40379.69,0.886869139508883
40379.7,0.892748757745223
40379.71,0.904387745716326
40379.72,0.916145048974767
40379.73,0.974707011266455
40379.74,1.02712050666688
40379.75,1.01044713233377
40379.76,1.02383777652345
40379.77,0.945960089608568
40379.78,0.984425915786556
40379.79,0.980589548502357
40379.8,0.938276232189364
40379.81,0.8953285405455
40379.82,0.938360710377559
40379.83,0.903229623449333
40379.84,0.896709224591517
40379.85,0.899990433982813
40379.86,0.891955746753415
40379.87,0.904908642023641
40379.88,0.87003866229264
40379.89,0.875598320954875
40379.9,0.897831414998533
40379.91,0.915139251901352
40379.92,0.938170106162676
40379.93,0.91967079510678
40379.94,0.932634569913058
40379.95,0.890330473685205
40379.96,0.939667622868758
40379.97,0.904923172379502
40379.98,0.879449751473875
40379.99,0.875332486551745
40380,0.908085990484108
40380.01,0.890849634562018
40380.02,0.881573294122263
40380.03,0.89826485511143
40380.04,0.938102825931674
40380.05,0.957636897369828
40380.06,0.965210298806917
40380.07,0.937137680983579
40380.08,0.936732558479674
40380.09,0.929658951149047
40380.1,0.964066496174477
40380.11,0.925752170036893
40380.12,0.948009886610627
40380.13,0.960559086861026
40380.14,0.941436682959772
40380.15,0.931663188424894
40380.16,0.913974203912051
40380.17,0.88173953095609
40380.18,0.928266912916236
40380.19,0.948830438678593
40380.2,0.942237931213777
40380.21,0.932977733796397
40380.22,0.944625071034774
40380.23,0.985361394549472
40380.24,1.03696888990783
40380.25,1.09079269955645
40380.26,1.1097516895089
40380.27,1.05678328264158
40380.28,1.06384978091889
40380.29,1.01575823316633
40380.3,0.987182380793941
40380.31,0.925369159696966
40380.32,0.933493145445047
40380.33,0.973781281564389
40380.34,0.948381565794512
40380.35,0.986850472663317
40380.36,0.947723033065024
40380.37,0.973154809337174
40380.38,0.96981030080043
40380.39,0.988627188745619
40380.4,0.98669534509489
40380.41,0.983764851041393
40380.42,0.973871422520175
40380.43,0.999487757311126
40380.44,1.02332560887844
40380.45,1.03436682427803
40380.46,1.00552399695054
40380.47,1.03335821968782
40380.48,1.06236116736927
40380.49,1.02363598439167
40380.5,1.01970719531443
40380.51,1.00024042380505
40380.52,1.00996373401139
40380.53,0.986071753907138
40380.54,0.93894212042946
40380.55,0.958637080976518
40380.56,0.949726394796159
40380.57,0.983210850354691
40380.58,1.03951194572396
40380.59,1.06195193879781
40380.6,1.02990009878741
40380.61,1.01460241430709
40380.62,0.97736021976315
40380.63,0.95393263490002
40380.64,0.952990472214956
40380.65,0.919304477990287
40380.66,0.909837346915744
40380.67,0.948068214970088
40380.68,0.955080860505582
40380.69,0.988660693309523
40380.7,1.0257162406227
40380.71,0.997925838399117
40380.72,0.940543311900425
40380.73,0.932680271760986
40380.74,0.945090839414846
40380.75,0.90802794453634
40380.76,0.88798719094175
40380.77,0.834761917615143
40380.78,0.847139198872933
40380.79,0.864311697199125
40380.8,0.851902268836039
40380.81,0.857663401506611
40380.82,0.856282630007012
40380.83,0.856513555021643
40380.84,0.831257282514309
40380.85,0.834217877522548
40380.86,0.869876953830417
40380.87,0.851963309119581
40380.88,0.861973074343519
40380.89,0.855839509894915
40380.9,0.839300208116899
40380.91,0.857359925560308
40380.92,0.8425272897618
40380.93,0.824471578526041
40380.94,0.834918476963144
40380.95,0.80176776806189
40380.96,0.799063751402494
40380.97,0.804056811053178
40380.98,0.834769684852971
40380.99,0.851839247346982
40381,0.859856192050512
40381.01,0.874009376957745
40381.02,0.900372810258225
40381.03,0.875948102984347
40381.04,0.866887582219336
40381.05,0.883918452487953
40381.06,0.879944928659366
40381.07,0.865674922297734
40381.08,0.860814176719493
40381.09,0.889723374394406
40381.1,0.875407952942412
40381.11,0.848926858339971
40381.12,0.852975488500048
40381.13,0.844196838897916
40381.14,0.838956907846823
40381.15,0.803480576948509
40381.16,0.75668432688062
40381.17,0.774609935015646
40381.18,0.767227307952808
40381.19,0.745058826038135
40381.2,0.792102380309548
40381.21,0.790584297128447
40381.22,0.79248182705024
40381.23,0.816607783256354
40381.24,0.798384939386505
40381.25,0.805699719514337
40381.26,0.813702955333643
40381.27,0.854137037895697
40381.28,0.826014645973839
40381.29,0.847127526476408
40381.3,0.82252967391651
40381.31,0.812655436532527
40381.32,0.876619907474695
40381.33,0.869897464904311
40381.34,0.884917500310099
40381.35,0.895817025379742
40381.36,0.906968080634304
40381.37,0.892380277078366
40381.38,0.902175417293488
40381.39,0.880306202891111
40381.4,0.902000192767501
40381.41,0.887077719239205
40381.42,0.902657118810732
40381.43,0.943320678029574
40381.44,0.938180712643383
40381.45,0.923821837580606
40381.46,0.948528085499878
40381.47,0.931257000119954
40381.48,0.965136183438939
40381.49,0.990126727237811
40381.5,1.00904747834628
40381.51,0.987494885100578
40381.52,1.00125112375106
40381.53,1.00229225110401
40381.54,0.970748449413219
40381.55,1.01575183724316
40381.56,1.02758378727241
40381.57,1.07054821029196
40381.58,1.07812680263008
40381.59,1.03328041541392
40381.6,1.00270705797032
40381.61,1.00333579702951
40381.62,1.02741280605426
40381.63,0.993506708708557
40381.64,0.984998470742389
40381.65,0.970542221129265
40381.66,0.976446347324934
40381.67,0.96110606019782
40381.68,0.952126703286863
40381.69,0.981415731528018
40381.7,0.989287489022357
40381.71,0.946233885939332
40381.72,0.91604516712074
40381.73,0.949038316159589
40381.74,0.959485332952593
40381.75,0.991133673179812
40381.76,0.950967701250406
40381.77,0.95494925241352
40381.78,0.9469283984084
40381.79,0.930066736893103
40381.8,0.950548004165675
40381.81,0.95112097271635
40381.82,0.916780874440123
40381.83,0.899250200643345
40381.84,0.903706787116817
40381.85,0.890842726085408
40381.86,0.897453137362747
40381.87,0.904107776484889
40381.88,0.928903692955243
40381.89,0.915942738439807
40381.9,0.918406015436757
40381.91,0.896474905974368
40381.92,0.870520406970737
40381.93,0.849618005910224
40381.94,0.88611823716085
40381.95,0.875646283895945
40381.96,0.878776037781402
40381.97,0.897583142794116
40381.98,0.858097199081885
40381.99,0.89208265036277
40382,0.905947389704003
40382.01,0.916077007190996
40382.02,0.909846580334378
40382.03,0.927415008025262
40382.04,0.888529041923814
40382.05,0.848913406743013
40382.06,0.840488065250315
40382.07,0.84995417600937
40382.08,0.842420949633462
40382.09,0.87302424120389
40382.1,0.852816456631577
40382.11,0.87454846220472
40382.12,0.86431374928567
40382.13,0.830534739899352
40382.14,0.855822233113433
40382.15,0.880649016796536
40382.16,0.916045765979552
40382.17,0.917365420383636
40382.18,0.875319665245255
40382.19,0.925199544019081
40382.2,0.927352391822374
40382.21,0.945299613009192
40382.22,0.929872760924146
40382.23,0.914102361703523
40382.24,0.90144125453434
40382.25,0.915473629521001
40382.26,0.91824382107188
40382.27,0.916628804353832
40382.28,0.899060022396322
40382.29,0.903749577730314
40382.3,0.862736870036102
40382.31,0.861075194566155
40382.32,0.902544256584321
40382.33,0.91516423008103
40382.34,0.910271610469074
40382.35,0.900475820811104
40382.36,0.876514749881731
40382.37,0.848571375722918
40382.38,0.889016701532948
40382.39,0.883422797426226
40382.4,0.89083078333983
40382.41,0.88216601696917
40382.42,0.872451223674223
40382.43,0.843272122351154
40382.44,0.821482520139736
40382.45,0.799671857990718
40382.46,0.786349943317118
40382.47,0.76965600997475
40382.48,0.828190547207284
40382.49,0.84049966221469
40382.5,0.837188125836154
40382.51,0.83332983608717
40382.52,0.839300410057679
40382.53,0.837166795427396
40382.54,0.809047756163965
40382.55,0.786426710571803
40382.56,0.79683138457945
40382.57,0.785837086565685
40382.58,0.785035741692935
40382.59,0.807750854966259
40382.6,0.802070795010568
40382.61,0.793778996461544
40382.62,0.834137160362236
40382.63,0.839404978516271
40382.64,0.862447594448909
40382.65,0.88500196864354
40382.66,0.875302705826748
40382.67,0.867331644998168
40382.68,0.880285233279422
40382.69,0.877071222723984
40382.7,0.892372171348333
40382.71,0.909978245925703
40382.72,0.925210364048113
40382.73,0.907997575323475
40382.74,0.940146561837931
40382.75,0.90709285421717
40382.76,0.874713015952843
40382.77,0.900820298109859
40382.78,0.905026922007125
40382.79,0.892275319854643
40382.8,0.886988862481165
40382.81,0.871896221290918
40382.82,0.85206628201154
40382.83,0.853622200139382
40382.84,0.846738147933505
40382.85,0.875687129464865
40382.86,0.851336323375752
40382.87,0.854501095613587
40382.88,0.837535781943755
40382.89,0.822031993643478
40382.9,0.799114906763912
40382.91,0.821359019115383
40382.92,0.806810952561473
40382.93,0.843740567123596
40382.94,0.795633346912366
40382.95,0.769968493815648
40382.96,0.775815543319348
40382.97,0.795120116121457
40382.98,0.794310697042592
40382.99,0.810435662280368
40383,0.795454826303171
40383.01,0.848110961170302
40383.02,0.834476826011679
40383.03,0.843415098019256
40383.04,0.880666023491362
40383.05,0.887105335031798
40383.06,0.916849103950191
40383.07,0.919744996681177
40383.08,0.921961465952639
40383.09,0.902546868765456
40383.1,0.866286601317496
40383.11,0.844429170851639
40383.12,0.878937089472853
40383.13,0.899470853492773
40383.14,0.902967704389207
40383.15,0.88437569004973
40383.16,0.887616391483018
40383.17,0.887644482416159
40383.18,0.915964938811461
40383.19,0.934362923358638
40383.2,0.919334562778766
40383.21,0.88195722153073
40383.22,0.855903013412948
40383.23,0.85377365221682
40383.24,0.827741661451746
40383.25,0.849657569054563
40383.26,0.858176169724675
40383.27,0.861938676017428
40383.28,0.857219638744087
40383.29,0.874701632457625
40383.3,0.860649015414372
40383.31,0.816875782023668
40383.32,0.813584634585322
40383.33,0.819898158448429
40383.34,0.782400729155509
40383.35,0.768665808136119
40383.36,0.779359656849678
40383.37,0.783954047871979
40383.38,0.758745554012143
40383.39,0.771219097871128
40383.4,0.759467861832606
40383.41,0.757844941459493
40383.42,0.711318954162672
40383.43,0.703187243288009
40383.44,0.728887771651741
40383.45,0.728889501622697
40383.46,0.699572505342214
40383.47,0.705020408582683
40383.48,0.659608103545404
40383.49,0.649147819191662
40383.5,0.603029516995493
40383.51,0.593847975487548
40383.52,0.609967848792401
40383.53,0.589105441846718
40383.54,0.613429067525847
40383.55,0.632610050842593
40383.56,0.638309720868278
40383.57,0.629058910182708
40383.58,0.587630065381931
40383.59,0.588183644056593
40383.6,0.60611147630848
40383.61,0.617922725409407
40383.62,0.61938857877699
40383.63,0.607925341372677
40383.64,0.63016182742744
40383.65,0.643786326332928
40383.66,0.658590308084694
40383.67,0.655305712336176
40383.68,0.641451393846061
40383.69,0.647346839257933
40383.7,0.678040385733547
40383.71,0.660132783289579
40383.72,0.695073550179834
40383.73,0.710398637047374
40383.74,0.701232009312007
40383.75,0.697026271924892
40383.76,0.737936153900071
40383.77,0.758014888810423
40383.78,0.753143378913929
40383.79,0.757303254527402
40383.8,0.755579218463882
40383.81,0.755140909299192
40383.82,0.765139331692516
40383.83,0.802072214523766
40383.84,0.812674824277384
40383.85,0.813232498505153
40383.86,0.80840284363859
40383.87,0.856393481880761
40383.88,0.885373490087498
40383.89,0.859446593698979
40383.9,0.832971402197436
40383.91,0.839339020674866
40383.92,0.865718776830016
40383.93,0.870742968426115
40383.94,0.890136019301288
40383.95,0.90195895963363
40383.96,0.876798822483359
40383.97,0.849750040361096
40383.98,0.828881638230949
40383.99,0.838202789664952
40384,0.843965345684892
40384.01,0.879525050803038
40384.02,0.859234209388787
40384.03,0.824123579808941
40384.04,0.854156613660859
40384.05,0.832378945164159
40384.06,0.84575874756594
40384.07,0.818123738572575
40384.08,0.863991136793901
40384.09,0.875949779725433
40384.1,0.911071302117945
40384.11,0.901949268694067
40384.12,0.966700568946922
40384.13,0.934530637835903
40384.14,0.900148292585548
40384.15,0.890192610109903
40384.16,0.845553773754538
40384.17,0.870484473962697
40384.18,0.86552595733585
40384.19,0.891713680132863
40384.2,0.896791785927702
40384.21,0.849079881890025
40384.22,0.877835768996683
40384.23,0.880340293344379
40384.24,0.849958312488395
40384.25,0.81872593636019
40384.26,0.798854858553141
40384.27,0.829635192358072
40384.28,0.815899591926166
40384.29,0.768143211613723
40384.3,0.762296962820968
40384.31,0.75370255023636
40384.32,0.766394964095191
40384.33,0.782005265010404
40384.34,0.745006515812025
40384.35,0.723792072766612
40384.36,0.779039238243065
40384.37,0.79925330404834
40384.38,0.787415808866286
40384.39,0.852189834108611
40384.4,0.835942387989827
40384.41,0.832513228124355
40384.42,0.822939571336001
40384.43,0.811469236620501
40384.44,0.777977711873747
40384.45,0.784824354588104
40384.46,0.787447482968451
40384.47,0.808654749499669
40384.48,0.79355824100095
40384.49,0.801347221997269
40384.5,0.824267549775752
40384.51,0.808072402635644
40384.52,0.820173977336582
40384.53,0.810951915903273
40384.54,0.80157771869822
40384.55,0.813963718319479
40384.56,0.812014508506095
40384.57,0.825850447286103
40384.58,0.825943311103452
40384.59,0.826231311391637
40384.6,0.906432988070855
40384.61,0.932698491782272
40384.62,0.971470296503503
40384.63,1.01770464096717
40384.64,1.07777622179759
40384.65,1.10932936830794
40384.66,1.13190128522442
40384.67,1.09410330972725
40384.68,1.12498764189118
40384.69,1.12435314265348
40384.7,1.10138799235159
40384.71,1.03630916141875
40384.72,1.05143239613947
40384.73,1.0855101437803
40384.74,1.09151789745672
40384.75,1.09395115359551
40384.76,1.08524571712389
40384.77,1.10785486401917
40384.78,1.09719581609328
40384.79,1.09199015201879
40384.8,1.11671558745778
40384.81,1.08411748871809
40384.82,1.11043183142943
40384.83,1.07796168374911
40384.84,1.10064905959744
40384.85,1.08327987381045
40384.86,1.05995424487
40384.87,1.04631656300867
40384.88,1.03972349604789
40384.89,1.01262849252729
40384.9,1.01966204367877
40384.91,1.03248663415817
40384.92,1.03608125565426
40384.93,1.04255150516843
40384.94,1.06111251853433
40384.95,1.039724521503
40384.96,1.02517236191614
40384.97,0.96891088690007
40384.98,0.970855362463195
40384.99,1.01387435189096
40385,1.04230168500265
40385.01,1.04414807245514
40385.02,1.01766244060416
40385.03,1.06306124561815
40385.04,1.05400307544139
40385.05,1.03735424452633
40385.06,1.06300776104573
40385.07,1.06760731408286
40385.08,1.12164071178289
40385.09,1.12054694490498
40385.1,1.09842016549626
40385.11,1.10350233649187
40385.12,1.03423737116501
40385.13,1.02537795869966
40385.14,1.02887438003637
40385.15,0.993341160575254
40385.16,0.950282670750582
40385.17,0.95125769721253
40385.18,0.958246130517084
40385.19,0.953542105478104
40385.2,0.932442818261891
40385.21,0.950274193963069
40385.22,0.991734536939687
40385.23,1.00704819688321
40385.24,1.0352026333396
40385.25,0.997758978843241
40385.26,0.970108745351295
40385.27,1.00616273367002
40385.28,1.029952742266
40385.29,1.02073704525455
40385.3,1.056413968026
40385.31,1.04834598004176
40385.32,1.05326255964311
40385.33,1.03406304292639
40385.34,1.00281527030553
40385.35,1.05393041419648
40385.36,1.07151143635149
40385.37,1.03349898760603
40385.38,1.05355263750314
40385.39,1.03168312894399
40385.4,1.0387074924012
40385.41,1.06422413169725
40385.42,1.09246469715106
40385.43,1.10195857393278
40385.44,1.08363893929127
40385.45,1.03690665040295
40385.46,1.03309136626979
40385.47,1.03774204516669
40385.48,1.06317824101857
40385.49,1.05783602854856
40385.5,1.04871781805863
40385.51,1.06134319249554
40385.52,1.05844763042098
40385.53,0.964516184760389
40385.54,0.99397020377508
40385.55,1.02303048256663
40385.56,1.03525971295246
40385.57,1.04461352342214
40385.58,1.05689558443302
40385.59,1.0774289781113
40385.6,1.03258262461466
40385.61,1.00563500539009
40385.62,0.982427392370977
40385.63,1.01745286231042
40385.64,1.0287075573184
40385.65,1.01070917918381
40385.66,1.04507993208962
40385.67,1.0157015363591
40385.68,1.01516313177004
40385.69,1.05060792830578
40385.7,1.02404422773134
40385.71,0.9840666652716
40385.72,0.931255705849424
40385.73,0.958273039292967
40385.74,0.991184406086258
40385.75,0.979214541544102
40385.76,1.01078774294421
40385.77,1.01680652722244
40385.78,0.963386403190825
40385.79,1.01630119758641
40385.8,1.05537006420004
40385.81,1.04209877596618
40385.82,1.03343711201256
40385.83,0.998498131190937
40385.84,0.982792876600185
40385.85,0.972526261335739
40385.86,0.984094170218488
40385.87,0.964396087125498
40385.88,0.934459819154639
40385.89,0.913476389555342
40385.9,0.913383547024719
40385.91,0.907557372525185
40385.92,0.915151619773093
40385.93,0.893382869066211
40385.94,0.945386498976101
40385.95,0.95741434546921
40385.96,0.988840275353979
40385.97,0.972905148523931
40385.98,0.933709388738192
40385.99,0.96989764487952
40386,0.964483434497968
40386.01,0.989295566328742
40386.02,1.00600291875723
40386.03,0.925301810867344
40386.04,0.941997433233101
40386.05,0.927413963392692
40386.06,0.928497517052949
40386.07,0.968551621545883
40386.08,0.982983557474521
40386.09,0.977917111643719
40386.1,0.941241882719473
40386.11,0.974927213724237
40386.12,0.932448847269776
40386.13,0.887302158763906
40386.14,0.830982244472452
40386.15,0.875844546689552
40386.16,0.893429893573337
40386.17,0.87294561358174
40386.18,0.866863036787351
40386.19,0.846924754882095
40386.2,0.833991352447222
40386.21,0.835453307784035
40386.22,0.828312816763098
40386.23,0.826342735987678
40386.24,0.820633625039656
40386.25,0.85043781112303
40386.26,0.826084111382317
40386.27,0.802194085080757
40386.28,0.780095570254892
40386.29,0.801726878480414
40386.3,0.802911131108785
40386.31,0.790789539294127
40386.32,0.822342546094948
40386.33,0.804587070977147
40386.34,0.792713651217269
40386.35,0.812871710569607
40386.36,0.838402802828983
40386.37,0.821675377849051
40386.38,0.823303641041521
40386.39,0.827919930631507
40386.4,0.811705328496688
40386.41,0.874003951742732
40386.42,0.868843441697965
40386.43,0.869408056446232
40386.44,0.867257558607436
40386.45,0.878383013142067
40386.46,0.885740498724359
40386.47,0.881584311662384
40386.48,0.895287431450343
40386.49,0.868622176697397
40386.5,0.922901929704686
40386.51,0.963061992044186
40386.52,0.968762332792519
40386.53,0.948527503728534
40386.54,0.918379972957951
40386.55,0.930481865829862
40386.56,0.918058495641821
40386.57,0.910366949077585
40386.58,0.931530265176418
40386.59,0.935816559426721
40386.6,0.931946984698889
40386.61,0.922127383040706
40386.62,0.969056547780533
40386.63,0.928761082513225
40386.64,0.913981465148462
40386.65,0.891640650080113
40386.66,0.899204511870074
40386.67,0.881674036420882
40386.68,0.883825972461864
40386.69,0.849192880480243
40386.7,0.872899246882916
40386.71,0.887109287658452
40386.72,0.885304192488904
40386.73,0.877226943029652
40386.74,0.87104980234965
40386.75,0.921835857440341
40386.76,0.894448136256875
40386.77,0.865363012967603
40386.78,0.82743487501726
40386.79,0.849260958397979
40386.8,0.838048179844063
40386.81,0.814414031262388
40386.82,0.8194847942134
40386.83,0.839322757056922
40386.84,0.864915362804702
40386.85,0.852384963940575
40386.86,0.853373291947134
40386.87,0.853817872625605
40386.88,0.795731937440648
40386.89,0.815970094032828
40386.9,0.841735458937187
40386.91,0.891318263135545
40386.92,0.913801276267807
40386.93,0.907128430979014
40386.94,0.899201639956309
40386.95,0.904703440614985
40386.96,0.913306480628254
40386.97,0.91604850005608
40386.98,0.939071224907487
40386.99,0.94979230113221
40387,0.939560902999225
40387.01,0.92018246259163
40387.02,0.92509698179308
40387.03,0.8959115545119
40387.04,0.896215701708593
40387.05,0.906503749244422
40387.06,0.905226280562888
40387.07,0.938691006579789
40387.08,0.950921043582719
40387.09,0.959661747743646
40387.1,0.938174670277635
40387.11,0.928912544254931
40387.12,0.925371732669994
40387.13,0.897505976112378
40387.14,0.877422489993687
40387.15,0.885858493136779
40387.16,0.920169307941266
40387.17,0.909643134535125
40387.18,0.936324460741745
40387.19,0.892239920852198
40387.2,0.891073864460962
40387.21,0.873718189396375
40387.22,0.90902729478806
40387.23,0.965416613848867
40387.24,0.976842522114229
40387.25,0.99844499734923
40387.26,1.04670388663143
40387.27,1.0801177605982
40387.28,1.06327588089211
40387.29,1.01973261651922
40387.3,1.06843719618935
40387.31,1.04815720655027
40387.32,1.04504583477652
40387.33,1.01748014275354
40387.34,1.05868756980434
40387.35,1.06937084671701
40387.36,1.08673779558677
40387.37,1.0259261383079
40387.38,1.03733806825415
40387.39,1.09024008490493
40387.4,1.07963408197662
40387.41,1.07302954824726
40387.42,1.05944627902652
40387.43,1.0337339572361
40387.44,1.04330161830146
40387.45,1.09586976704402
40387.46,1.02546513551448
40387.47,1.01354602650745
40387.48,0.982964399809768
40387.49,1.02465095273206
40387.5,1.02367578959726
40387.51,1.02893353976756
40387.52,0.972152701740125
40387.53,0.939205792452699
40387.54,0.909221928617747
40387.55,0.854776013565178
40387.56,0.871434820045334
40387.57,0.900666492958075
40387.58,0.886566593355799
40387.59,0.905210416281592
40387.6,0.930532150524923
40387.61,0.923379992701729
40387.62,0.968086250204663
40387.63,0.984283249459997
40387.64,0.982965559190955
40387.65,0.947462626356264
40387.66,1.01103677483624
40387.67,1.02382757865325
40387.68,1.01243046010932
40387.69,1.00376254417672
40387.7,1.03068817847188
40387.71,1.01979128902673
40387.72,1.03876037220177
40387.73,1.04849855960203
40387.74,1.09340663870907
40387.75,1.08391014790496
40387.76,1.02962740974637
40387.77,1.05950897240865
40387.78,1.03868316442989
40387.79,1.03810032585872
40387.8,0.990826874284766
40387.81,1.03886468952405
40387.82,0.997225280604103
40387.83,1.00097076103889
40387.84,0.965894020926632
40387.85,0.959829216996929
40387.86,0.90971272705626
40387.87,0.926027872009026
40387.88,0.903301829636169
40387.89,0.914073199510804
40387.9,0.927379214057076
40387.91,0.948061960637429
40387.92,0.972454648473493
40387.93,0.951964720585165
40387.94,0.964032534467225
40387.95,0.983307333231439
40387.96,0.928173259910778
40387.97,0.925062468717035
40387.98,0.893401122016584
40387.99,0.9423857466623
40388,0.93136449255086
40388.01,0.912568227832883
40388.02,0.885911010299561
40388.03,0.866846337420982
40388.04,0.897891813332497
40388.05,0.868068946665095
40388.06,0.898013102980183
40388.07,0.846563820970276
40388.08,0.856185464986138
40388.09,0.861642661965903
40388.1,0.838457585308517
40388.11,0.822510002329479
40388.12,0.835438284380083
40388.13,0.842940899767667
40388.14,0.901441453815515
40388.15,0.906207018870065
40388.16,0.916312380490593
40388.17,0.887591665220204
40388.18,0.857354357715432
40388.19,0.860586990047968
40388.2,0.825577780482748
40388.21,0.842364511676554
40388.22,0.876382164279644
40388.23,0.896590249480424
40388.24,0.915743028856941
40388.25,0.862840622605772
40388.26,0.849986091730788
40388.27,0.808393532345633
40388.28,0.809843219324428
40388.29,0.818491641149048
40388.3,0.825090219881507
40388.31,0.870382189230118
40388.32,0.839019807344172
40388.33,0.818534750259036
40388.34,0.827273053299943
40388.35,0.849574681176316
40388.36,0.920917023685363
40388.37,0.897707058698106
40388.38,0.898281043440838
40388.39,0.886538351465775
40388.4,0.874869713419205
40388.41,0.91746262282499
40388.42,0.936218507152849
40388.43,0.892610024288718
40388.44,0.869972546153694
40388.45,0.865534940558548
40388.46,0.863541090862116
40388.47,0.899830998449915
40388.48,0.866098588653706
40388.49,0.873782913859628
40388.5,0.879834627601163
40388.51,0.870797222985967
40388.52,0.854748501920689
40388.53,0.866925079920605
40388.54,0.923343036190406
40388.55,0.991417343047083
40388.56,1.13125498578058
40388.57,1.24106960438349
40388.58,1.23456491791158
40388.59,1.2236659325882
40388.6,1.26872889259202
40388.61,1.25645425961447
40388.62,1.25412220930299
40388.63,1.21625994001022
40388.64,1.17342238382954
40388.65,1.1090203919671
40388.66,1.04220385783524
40388.67,1.0887603050648
40388.68,1.10624486563103
40388.69,1.0715225756618
40388.7,1.08324838190846
40388.71,1.03131911400399
40388.72,1.04951846459011
40388.73,1.04446774429846
40388.74,0.995740601978594
40388.75,1.01747200242948
40388.76,1.017361737034
40388.77,1.05290344777457
40388.78,1.03000673651478
40388.79,0.995987585031485
40388.8,0.967862171555616
40388.81,0.977369950438686
40388.82,0.944932093018545
40388.83,0.960430307915816
40388.84,0.976084742359234
40388.85,1.02834447149536
40388.86,0.990048341520289
40388.87,1.00519384276562
40388.88,0.967129877983221
40388.89,0.949371972254517
40388.9,0.983926918345979
40388.91,1.02209518405386
40388.92,1.01511161358692
40388.93,1.01675134809298
40388.94,1.03783234337615
40388.95,1.00556371071439
40388.96,0.995108127887337
40388.97,1.03388871524493
40388.98,1.01783393875626
40388.99,1.00929317257595
40389,1.01300402339319
40389.01,0.997656392219554
40389.02,1.02396074492435
40389.03,1.04342527602235
40389.04,1.04904406988533
40389.05,1.04569879551383
40389.06,1.07547115217008
40389.07,1.13609153242999
40389.08,1.13911139944631
40389.09,1.08926415096037
40389.1,1.11186910969719
40389.11,1.11897590593518
40389.12,1.0561303103324
40389.13,1.11288133231969
40389.14,1.08046400176802
40389.15,1.10449750606728
40389.16,1.09964386898617
40389.17,1.10025522379846
40389.18,1.12617268786519
40389.19,1.06934440123305
40389.2,1.03757639869713
40389.21,0.955389894262385
40389.22,0.954125583876598
40389.23,0.923884453753296
40389.24,0.926818139156138
40389.25,0.933033945488192
40389.26,0.904009768436131
40389.27,0.891346665212441
40389.28,0.895794348773287
40389.29,0.920499960943848
40389.3,0.925801364229631
40389.31,0.928201024274245
40389.32,0.93858074153808
40389.33,0.923029428587856
40389.34,0.889939309216756
40389.35,0.929474932345329
40389.36,0.918674715874672
40389.37,0.901856274642364
40389.38,0.919132357851653
40389.39,0.898032914579868
40389.4,0.908507262898011
40389.41,0.909020281422563
40389.42,0.906996163947284
40389.43,0.955874271602733
40389.44,0.984715521734796
40389.45,1.0026078404609
40389.46,1.00842429170372
40389.47,1.01326022298801
40389.48,1.0401926281268
40389.49,1.03522326109059
40389.5,1.03604131917878
40389.51,1.05881455255401
40389.52,1.03525950974429
40389.53,1.064100487382
40389.54,1.07732059772723
40389.55,1.0670907052602
40389.56,1.07266554071726
40389.57,1.09683743509203
40389.58,1.07358136141425
40389.59,1.06418723877332
40389.6,1.03967527369486
40389.61,0.99605828495875
40389.62,1.03202154384129
40389.63,1.02490399016467
40389.64,1.02499054307146
40389.65,1.03971805509285
40389.66,0.998559938308376
40389.67,0.989428835495879
40389.68,1.02834981193683
40389.69,1.03101476827273
40389.7,0.993668829894926
40389.71,0.988782796085915
40389.72,0.988659084721067
40389.73,1.02965972784594
40389.74,1.01318761689086
40389.75,1.03738182985171
40389.76,1.00768946625272
40389.77,0.995737218788248
40389.78,0.985445612445247
40389.79,0.952683704869865
40389.8,0.952835309694737
40389.81,0.945247049716932
40389.82,0.947247649069355
40389.83,0.963933286784067
40389.84,0.944449441397628
40389.85,0.996785950093441
40389.86,0.947683821939916
40389.87,0.96395273813345
40389.88,0.971242238269337
40389.89,0.943409394596353
40389.9,0.947604569338286
40389.91,0.930932622961534
40389.92,0.966784593951706
40389.93,0.982385555876919
40389.94,0.984624940304707
40389.95,1.01801140081099
40389.96,0.967707164579358
40389.97,0.948146298305612
40389.98,0.996873727422423
40389.99,1.01466783353351
40390,1.0106676312672
40390.01,1.0103066206078
40390.02,0.980462567959964
40390.03,0.94238554238361
40390.04,0.94728177316028
40390.05,0.976124950855496
40390.06,0.978682582833664
40390.07,0.962805826030733
40390.08,0.937222451441781
40390.09,0.931154018790426
40390.1,0.935101649608236
40390.11,0.942788525840526
40390.12,0.932623917608484
40390.13,0.968517294541203
40390.14,0.993776937593598
40390.15,0.99764911473239
40390.16,1.05489192585826
40390.17,1.0473952492301
40390.18,1.06870488799571
40390.19,1.08454369300719
40390.2,1.08268959808132
40390.21,1.06596846932193
40390.22,1.07018942292554
40390.23,1.04363229899216
40390.24,1.0414241481425
40390.25,0.977038259251452
40390.26,0.991361394569106
40390.27,0.968213136637714
40390.28,0.976392807308281
40390.29,0.956676909362011
40390.3,0.9566251070512
40390.31,0.959771552156846
40390.32,0.958708713899413
40390.33,0.910064607121571
40390.34,0.903248957838919
40390.35,0.925218074883642
40390.36,0.87492549915233
40390.37,0.869377157531772
40390.38,0.881635069235871
40390.39,0.902228158078366
40390.4,0.872404477310678
40390.41,0.847693221801072
40390.42,0.834650889026853
40390.43,0.892356106187979
40390.44,0.856935569964775
40390.45,0.861741316867778
40390.46,0.885331966370205
40390.47,0.872302100278817
40390.48,0.91852031507901
40390.49,0.933759411898128
40390.5,0.946240516642762
40390.51,0.907299117214989
40390.52,0.976277615557203
40390.53,0.966960865160116
40390.54,0.96231723763686
40390.55,0.979767436746851
40390.56,0.969526356184731
40390.57,0.946442651713709
40390.58,0.940367300404066
40390.59,0.953810060149021
40390.6,0.939809508314016
40390.61,0.978974651156054
40390.62,0.948010205244222
40390.63,0.971574335713403
40390.64,0.992503053844725
40390.65,1.0121978773612
40390.66,1.0035939178423
40390.67,1.01740548144658
40390.68,1.0319433236357
40390.69,1.0151296589272
40390.7,1.07367621359888
40390.71,1.09560024901451
40390.72,1.05612552104522
40390.73,1.05879380643654
40390.74,1.10754585308174
40390.75,1.08329623813107
40390.76,1.0478607094172
40390.77,1.01348914411972
40390.78,0.997307505485861
40390.79,0.981721497065529
40390.8,0.985965547289519
40390.81,1.00411333911734
40390.82,0.983746335594995
40390.83,0.993658876171606
40390.84,1.00107220184112
40390.85,0.996362247252911
40390.86,1.02519656826467
40390.87,0.989928175991299
40390.88,0.998912913888153
40390.89,0.975654131040925
40390.9,0.970698901761717
40390.91,0.990480679742276
40390.92,0.974605618230053
40390.93,0.951924615574063
40390.94,0.907409850400541
40390.95,0.897790350867679
40390.96,0.886287702733429
40390.97,0.886263080565537
40390.98,0.861466899985614
40390.99,0.856973584791633
40391,0.857285488302897
40391.01,0.894344678654937
40391.02,0.944560274658921
40391.03,0.953409242427965
40391.04,0.936108068196406
40391.05,0.948952377631075
40391.06,0.953085192404982
40391.07,0.965434163353702
40391.08,1.01884124324354
40391.09,0.973569636291299
40391.1,0.953693796620383
40391.11,1.00595598135671
40391.12,1.01962973251114
40391.13,0.983446674975481
40391.14,0.95625670496883
40391.15,0.925223723794408
40391.16,0.918958705262074
40391.17,0.958471401056849
40391.18,0.991080917474357
40391.19,1.00683937410453
40391.2,1.02833911365682
40391.21,1.01728272243333
40391.22,0.959180908338715
40391.23,0.933973709632571
40391.24,0.967111953020475
40391.25,0.992888048951674
40391.26,1.00498850113138
40391.27,0.944009600372794
40391.28,0.933761280286673
40391.29,0.908293887576004
40391.3,0.91621506951124
40391.31,0.919102773164549
40391.32,0.90455193514746
40391.33,0.892641336587684
40391.34,0.91323999728544
40391.35,0.960792655922528
40391.36,0.924669580914511
40391.37,0.907039003874579
40391.38,0.952702454185311
40391.39,0.91722164159409
40391.4,0.950001647633442
40391.41,0.933934215179036
40391.42,0.949447550362986
40391.43,0.947416972966132
40391.44,0.906740140963811
40391.45,0.91678175353208
40391.46,0.950517985768023
40391.47,0.953235410180547
40391.48,0.892797208980608
40391.49,0.930727435118526
40391.5,0.905227854900059
40391.51,0.89041795278276
40391.52,0.865306021577719
40391.53,0.870339253864888
40391.54,0.915542853842984
40391.55,0.91261861824357
40391.56,0.913758271261574
40391.57,0.916409506008265
40391.58,0.869784390266351
40391.59,0.839999565785109
40391.6,0.80613642673487
40391.61,0.795203228331968
40391.62,0.791922500576907
40391.63,0.799143825985299
40391.64,0.765531057076823
40391.65,0.765523872477266
40391.66,0.774871050271312
40391.67,0.785784714937405
40391.68,0.782374242137464
40391.69,0.785336451939408
40391.7,0.788087835965282
40391.71,0.831209915418859
40391.72,0.876023123137623
40391.73,0.890686315405726
40391.74,0.898702649518895
40391.75,0.90039606090978
40391.76,0.888822326852808
40391.77,0.896834958341198
40391.78,0.944523428405775
40391.79,0.958869586125779
40391.8,0.967125063695534
40391.81,0.974338336422632
40391.82,0.93452020139731
40391.83,0.934045293784951
40391.84,0.934518404059259
40391.85,0.97884148022745
40391.86,0.986210248796501
40391.87,0.973294738193147
40391.88,0.951001526472018
40391.89,0.959963285626773
40391.9,0.96447522355702
40391.91,0.989210707480141
40391.92,0.962722771558136
40391.93,0.937731326390996
40391.94,0.944466439948987
40391.95,0.932309982216755
40391.96,0.912823269698728
40391.97,0.917847913743127
40391.98,0.931909535926584
40391.99,0.923995103048926
40392,0.899869793159311
40392.01,0.871835430770052
40392.02,0.839845950222472
40392.03,0.828530409879512
40392.04,0.849508906608793
40392.05,0.871593087950936
40392.06,0.881802051273537
40392.07,0.901085790705012
40392.08,0.923458622634133
40392.09,0.907569891054304
40392.1,0.917750577980211
40392.11,0.895156849079415
40392.12,0.897486639696515
40392.13,0.90483654737842
40392.14,0.90928138482379
40392.15,0.894254897386108
40392.16,0.890536742372989
40392.17,0.887724225816391
40392.18,0.930643651128443
40392.19,0.897214281528873
40392.2,0.885829743617094
40392.21,0.880823080292577
40392.22,0.871084521266747
40392.23,0.896694950698996
40392.24,0.958631387493823
40392.25,0.976202383546379
40392.26,0.962260463572358
40392.27,0.978095001933988
40392.28,0.987230779970831
40392.29,1.03557890943992
40392.3,1.0530961997702
40392.31,1.02995520485858
40392.32,1.0489780371756
40392.33,1.06872171901523
40392.34,1.02299708506782
40392.35,0.967611325244931
40392.36,0.995086235535457
40392.37,1.04502666451525
40392.38,1.05204289723392
40392.39,1.06074666567026
40392.4,1.09498238467758
40392.41,1.15252072848086
40392.42,1.07955838209537
40392.43,1.06132335591062
40392.44,1.09256512775341
40392.45,1.04866999496053
40392.46,1.04451268198204
40392.47,1.00635080360585
40392.48,1.03067074033584
40392.49,1.04583751262586
40392.5,1.03131746812284
40392.51,1.0489352992574
40392.52,1.04007342866992
40392.53,1.02312650925786
40392.54,1.00221051907597
40392.55,1.02483098746059
40392.56,1.00132430594193
40392.57,0.961877351521162
40392.58,0.971338982080094
40392.59,0.942253870098444
40392.6,0.889642070710111
40392.61,0.881712561087766
40392.62,0.899463436638244
40392.63,0.867162977915953
40392.64,0.830146734552429
40392.65,0.794718836991537
40392.66,0.817907033369915
40392.67,0.833174375103664
40392.68,0.802260312532186
40392.69,0.825187076184315
40392.7,0.836687290491329
40392.71,0.855962218110936
40392.72,0.850853222498741
40392.73,0.819766407620602
40392.74,0.821962241720854
40392.75,0.807901724652317
40392.76,0.820157949646776
40392.77,0.783856628148627
40392.78,0.771798137975783
40392.79,0.792264078536473
40392.8,0.796762163103807
40392.81,0.795781587512554
40392.82,0.788555118496712
40392.83,0.800376402072374
40392.84,0.762874166394686
40392.85,0.776182608458162
40392.86,0.761395697136851
40392.87,0.796121474857598
40392.88,0.78729989183676
40392.89,0.781880453405866
40392.9,0.790020147819482
40392.91,0.778901307253099
40392.92,0.765671937257449
40392.93,0.793634526147397
40392.94,0.829568285931321
40392.95,0.854545738321828
40392.96,0.870624454597196
40392.97,0.928716015592563
40392.98,0.910294592729247
40392.99,0.907574019478062
40393,0.952715314986606
40393.01,0.946341345115486
40393.02,0.976966052849055
40393.03,0.981472435992352
40393.04,0.974436727358223
40393.05,0.923255883713012
40393.06,0.910868297998191
40393.07,0.946516813419756
40393.08,0.956494361755054
40393.09,1.00480722768014
40393.1,0.993389952852346
40393.11,1.02268763281956
40393.12,1.01162783251166
40393.13,1.05124486785786
40393.14,1.07261650083672
40393.15,1.10787670693377
40393.16,1.09939322823134
40393.17,1.13397474151167
40393.18,1.1377641770487
40393.19,1.13166601921814
40393.2,1.07498590195235
40393.21,1.06957322947769
40393.22,1.02864293400588
40393.23,1.03839804800815
40393.24,1.03280645744551
40393.25,1.03030635789277
40393.26,1.0018125735977
40393.27,1.00791463773925
40393.28,1.01637838594741
40393.29,1.0034087252271
40393.3,1.05025761514662
40393.31,1.06493362489085
40393.32,1.05624962733776
40393.33,1.05954872769525
40393.34,1.05207441654049
40393.35,1.07109377678456
40393.36,1.04893652826694
40393.37,1.05010740315178
40393.38,1.03697074138524
40393.39,1.04995430212446
40393.4,1.06227822885956
40393.41,1.0332744600164
40393.42,1.02144947998066
40393.43,1.10080287652445
40393.44,1.08736848265509
40393.45,1.08579720805478
40393.46,1.05763888319962
40393.47,1.06517676345636
40393.48,1.060333163273
40393.49,1.09263365334945
40393.5,1.07005969029389
40393.51,1.04385256563762
40393.52,1.08951372168935
40393.53,1.08659748000128
40393.54,1.07781992015556
40393.55,1.09862572006974
40393.56,1.11775521190892
40393.57,1.06562931922238
40393.58,1.13872659803243
40393.59,1.0892559400727
40393.6,1.10098658130677
40393.61,1.04205069717804
40393.62,1.04088426353516
40393.63,1.09960192370933
40393.64,1.11305398897784
40393.65,1.0976837417258
40393.66,1.13543791783133
40393.67,1.11441133332811
40393.68,1.04208017373818
40393.69,1.05065937742739
40393.7,1.03702204941782
40393.71,1.06129225544242
40393.72,1.06885568319902
40393.73,1.02431880973356
40393.74,1.04775051797285
40393.75,1.04377348679261
40393.76,1.0236094537461
40393.77,0.996554685012823
40393.78,1.04674549835459
40393.79,1.0063348388766
40393.8,0.980404747870408
40393.81,0.936654800707389
40393.82,0.938327332167191
40393.83,0.935084161990144
40393.84,0.944509916338072
40393.85,0.95082510160401
40393.86,0.968920798098669
40393.87,0.962754760770054
40393.88,0.967415149497781
40393.89,0.966978047232925
40393.9,0.972967685862118
40393.91,0.975192714990316
40393.92,0.991359973188741
40393.93,0.968251989886109
40393.94,0.978379509727728
40393.95,0.977083390247518
40393.96,0.982194186018599
40393.97,0.953664057736972
40393.98,0.965718788612171
40393.99,0.985106161533986
40394,0.989366118276229
40394.01,1.0202978523088
40394.02,1.01872173751303
40394.03,1.03215598603992
40394.04,0.991715197047459
40394.05,0.977290948918653
40394.06,0.97726140160074
40394.07,0.977230966653898
40394.08,0.98007245386807
40394.09,0.970494665454137
40394.1,0.990225861630619
40394.11,0.993725592552882
40394.12,1.0205999644286
40394.13,1.01153371717662
40394.14,1.03373902035949
40394.15,1.03885658300594
40394.16,1.03314304952301
40394.17,1.03192813151087
40394.18,1.00366453247186
40394.19,1.0300329311901
40394.2,0.972958106476331
40394.21,0.941166499587556
40394.22,0.940620914501402
40394.23,0.971349362740817
40394.24,0.968674122407486
40394.25,0.950169049443299
40394.26,0.941315808660996
40394.27,0.936327905046258
40394.28,0.934765366586266
40394.29,0.898073595427989
40394.3,0.89029461611656
40394.31,0.872543560095451
40394.32,0.841418139278696
40394.33,0.879806632401104
40394.34,0.857120015560301
40394.35,0.844748434003655
40394.36,0.846315542755393
40394.37,0.858008422753703
40394.38,0.869495192648745
40394.39,0.815411466037841
40394.4,0.804426207629569
40394.41,0.825131240174587
40394.42,0.826162118945548
40394.43,0.857081693253521
40394.44,0.848722230465556
40394.45,0.845260324718231
40394.46,0.879191199032332
40394.47,0.858629275048803
40394.48,0.83975051634155
40394.49,0.824075224184375
40394.5,0.820672599010375
40394.51,0.78464953383781
40394.52,0.785271348159737
40394.53,0.808682960508788
40394.54,0.812595087788499
40394.55,0.830516603979476
40394.56,0.829079464581319
40394.57,0.806778231295769
40394.58,0.813302491688416
40394.59,0.788746058412977
40394.6,0.790425397641112
40394.61,0.845593330205161
40394.62,0.820531439844751
40394.63,0.853899425732645
40394.64,0.849196572972741
40394.65,0.845607341007558
40394.66,0.844607763152555
40394.67,0.82533065505495
40394.68,0.808489203771956
40394.69,0.801452649565007
40394.7,0.737040017572958
40394.71,0.755212763305309
40394.72,0.778186083623059
40394.73,0.792414347929969
40394.74,0.761483726859638
40394.75,0.820326631268022
40394.76,0.808246768625074
40394.77,0.811906783555011
40394.78,0.81130489929714
40394.79,0.801192999655818
40394.8,0.815006997342852
40394.81,0.847322925386272
40394.82,0.834324295747058
40394.83,0.829260456223737
40394.84,0.832765400328634
40394.85,0.827434567571743
40394.86,0.816887509420401
40394.87,0.799799436795022
40394.88,0.790230739623521
40394.89,0.819048214640987
40394.9,0.826525627239396
40394.91,0.828752972586932
40394.92,0.828197759175893
40394.93,0.827869414401135
40394.94,0.833897954239447
40394.95,0.811254703786781
40394.96,0.817256580425974
40394.97,0.832977025634181
40394.98,0.856559482013526
40394.99,0.853074198030592
40395,0.874764159884268
40395.01,0.884269249224748
40395.02,0.887156643583621
40395.03,0.867817045735116
40395.04,0.858964824614099
40395.05,0.903510548578391
40395.06,0.916600891527821
40395.07,0.883362066253453
40395.08,0.867505929007129
40395.09,0.87103582761931
40395.1,0.894732243260598
40395.11,0.885895660431201
40395.12,0.885863374449939
40395.13,0.877609547766587
40395.14,0.860054638808226
40395.15,0.863511572750199
40395.16,0.904942381021661
40395.17,0.91344724949681
40395.18,0.911105706886161
40395.19,0.917037809223464
40395.2,0.895050153374442
40395.21,0.918400486531452
40395.22,0.958977345411706
40395.23,0.998979884593797
40395.24,1.00807009444803
40395.25,0.997706520930606
40395.26,0.979515542923187
40395.27,0.987230101046453
40395.28,0.979637654727907
40395.29,0.987788057648652
40395.3,0.967050883554477
40395.31,1.01169881478048
40395.32,1.01661752583305
40395.33,1.01383003908091
40395.34,1.01554167867429
40395.35,1.01419419670457
40395.36,1.03046413168487
40395.37,1.02624180633549
40395.38,1.04653817858669
40395.39,0.989203028513481
40395.4,0.953306713464658
40395.41,0.926335273399015
40395.42,0.921568134237328
40395.43,0.913047026589313
40395.44,0.916807399188746
40395.45,0.880155604825481
40395.46,0.822171003480364
40395.47,0.830765370791452
40395.48,0.836119369861851
40395.49,0.820913626077349
40395.5,0.830186605077331
40395.51,0.783144646709844
40395.52,0.808915939191246
40395.53,0.813844565990014
40395.54,0.774181805435846
40395.55,0.761103680589154
40395.56,0.766225401364937
40395.57,0.759947041477274
40395.58,0.747072278960132
40395.59,0.761717122593091
40395.6,0.75465916755769
40395.61,0.791512147802656
40395.62,0.800934886013033
40395.63,0.827878040257274
40395.64,0.812505967047402
40395.65,0.845043970538169
40395.66,0.8557589029011
40395.67,0.864051710378691
40395.68,0.86958894292728
40395.69,0.884869345094396
40395.7,0.910423188734485
40395.71,0.919318363428141
40395.72,0.947477585661398
40395.73,0.920203390321277
40395.74,0.949434461978146
40395.75,0.929847343675943
40395.76,0.882398366323235
40395.77,0.879025708543866
40395.78,0.909569376055244
40395.79,0.896145460208276
40395.8,0.866739524779419
40395.81,0.863471842497723
40395.82,0.861343776285429
40395.83,0.861824467187448
40395.84,0.88628083480046
40395.85,0.856312473904621
40395.86,0.876369490653383
40395.87,0.87061307071082
40395.88,0.887402715980567
40395.89,0.856172775088949
40395.9,0.867560796029438
40395.91,0.836305895322491
40395.92,0.843758407823827
40395.93,0.845110664472322
40395.94,0.867171715176308
40395.95,0.870444267013058
40395.96,0.868594289866167
40395.97,0.926800180284981
40395.98,0.919034876265542
40395.99,0.923617187265348
40396,0.946243037319938
40396.01,0.972478537636855
40396.02,0.968351489924345
40396.03,0.944670234877624
40396.04,0.973225883916363
40396.05,0.96180935083238
40396.06,0.971371126961899
40396.07,1.0113406467864
40396.08,1.06353407049661
40396.09,1.03661305731316
40396.1,1.05401069946657
40396.11,1.07279597529024
40396.12,1.0270862245596
40396.13,1.05885663569236
40396.14,1.01612510980326
40396.15,1.05990075730995
40396.16,1.03241555245079
40396.17,1.03475042510523
40396.18,1.03551015960252
40396.19,1.04382171306306
40396.2,1.05209845498919
40396.21,1.06907112381934
40396.22,1.00683801471105
40396.23,1.0222098932429
40396.24,0.952905693999428
40396.25,0.930633692594321
40396.26,0.92585986791247
40396.27,0.918556936244704
40396.28,0.907510637214795
40396.29,0.929134299547762
40396.3,0.953164013223777
40396.31,0.961683271793565
40396.32,1.0020090570474
40396.33,0.957270181579927
40396.34,0.986249775037257
40396.35,1.04694167797141
40396.36,1.04434832094176
40396.37,1.09125794501698
40396.38,1.0506678369001
40396.39,1.02172410456135
40396.4,1.05636493785064
40396.41,1.05269925957902
40396.42,1.10430192582432
40396.43,1.0704686034627
40396.44,1.09903633172496
40396.45,1.08066573708092
40396.46,1.07075575958608
40396.47,1.0125917495118
40396.48,0.994280685185462
40396.49,0.971679003380089
40396.5,0.937300627933362
40396.51,0.936373461716059
40396.52,0.921372067433222
40396.53,0.931303281724846
40396.54,0.920423252302672
40396.55,0.950702601650691
40396.56,0.952615756376198
40396.57,0.973008078476686
40396.58,0.96346654882687
40396.59,0.958123593131921
40396.6,0.916829767574198
40396.61,0.931931142216271
40396.62,0.989907806662635
40396.63,0.971811271538323
40396.64,0.955696013917817
40396.65,0.965397343176029
40396.66,0.990932137125544
40396.67,0.970062465193276
40396.68,0.952562928402439
40396.69,0.969314561146342
40396.7,0.930843681172358
40396.71,0.881345733712263
40396.72,0.884355009321039
40396.73,0.897098367959744
40396.74,0.892037328529123
40396.75,0.893941690275835
40396.76,0.940352474852105
40396.77,0.920877386254162
40396.78,0.950214385540671
40396.79,0.948393699534871
40396.8,0.985347239993927
40396.81,1.00892572451839
40396.82,1.00976272461009
40396.83,1.00562645491047
40396.84,1.0028012435849
40396.85,0.979813588885296
40396.86,1.00091869823734
40396.87,1.00270312288914
40396.88,1.02779224626373
40396.89,0.958649961478261
40396.9,0.98733272511627
40396.91,0.984510548323506
40396.92,0.949089576270536
40396.93,0.987052674984908
40396.94,0.98756806652432
40396.95,1.01204977142484
40396.96,1.03365927782897
40396.97,1.04402772691991
40396.98,1.01727574217701
40396.99,0.999195709245168
40397,1.02460345993452
40397.01,0.995475260363271
40397.02,1.00649416071508
40397.03,1.00892706736986
40397.04,1.01777660109909
40397.05,1.02225295653778
40397.06,1.08298222105771
40397.07,1.09429113464859
40397.08,1.08900126740427
40397.09,1.12134881118148
40397.1,1.12120195704791
40397.11,1.11451839973599
40397.12,1.11325475546785
40397.13,1.12741858514515
40397.14,1.10684515973479
40397.15,1.07630494588555
40397.16,1.01835283066017
40397.17,1.00151074240644
40397.18,0.965987314767795
40397.19,0.993015319236337
40397.2,1.02329144361071
40397.21,1.04778192758629
40397.22,1.05041453459781
40397.23,1.04998359317501
40397.24,1.06942276164199
40397.25,1.06002595319503
40397.26,1.0273194470218
40397.27,1.04200340883159
40397.28,1.06026796786827
40397.29,1.03330189127249
40397.3,1.0401249894576
40397.31,1.0133497350206
40397.32,1.03441965497193
40397.33,1.02174845125402
40397.34,1.03212637546535
40397.35,1.01750237786384
40397.36,1.00432604924538
40397.37,1.00857429706011
40397.38,1.03279543460957
40397.39,1.05146119106077
40397.4,1.04608513026144
40397.41,1.02689997476678
40397.42,1.06648346787152
40397.43,1.08127661691276
40397.44,1.11164270209589
40397.45,1.10163213302793
40397.46,1.08538906948519
40397.47,1.09534799948131
40397.48,1.06587374331335
40397.49,1.0900707961751
40397.5,1.03475784074131
40397.51,0.957146260259317
40397.52,0.937506142809703
40397.53,0.894675841354783
40397.54,0.881900359705919
40397.55,0.846103856494719
40397.56,0.87388005105954
40397.57,0.858572202291946
40397.58,0.833793112820803
40397.59,0.841153197149306
40397.6,0.873958275795556
40397.61,0.856588670422164
40397.62,0.838256841415163
40397.63,0.853159390836617
40397.64,0.85812812767139
40397.65,0.851366246101007
40397.66,0.859725863878071
40397.67,0.886414465368534
40397.68,0.878767979451374
40397.69,0.887359447286827
40397.7,0.869333796497304
40397.71,0.874707546181831
40397.72,0.890859186210584
40397.73,0.931800637960778
40397.74,0.885504293421707
40397.75,0.873686223569114
40397.76,0.864024048850219
40397.77,0.879893688630329
40397.78,0.906148611818245
40397.79,0.947879770326378
40397.8,0.934178496165052
40397.81,0.937448774197702
40397.82,0.927450050252124
40397.83,0.859416233563834
40397.84,0.845594124955271
40397.85,0.836195544100747
40397.86,0.847653903693581
40397.87,0.862232147821639
40397.88,0.850504563744368
40397.89,0.850571739647856
40397.9,0.845543131321719
40397.91,0.830737462132575
40397.92,0.850321477614754
40397.93,0.854168292014027
40397.94,0.887550376776382
40397.95,0.883506143076274
40397.96,0.838339249711858
40397.97,0.861700354835779
40397.98,0.867354268775658
40397.99,0.910371151903052
40398,0.959794697748337
40398.01,0.966121719235263
40398.02,0.968283590291925
40398.03,0.960914138192634
40398.04,0.97579180057125
40398.05,1.01840676156467
40398.06,0.994272802442941
40398.07,0.968591427668178
40398.08,0.949916180156776
40398.09,0.943939431120877
40398.1,0.950062319236378
40398.11,0.967219090019677
40398.12,0.947571021109071
40398.13,0.987849449271271
40398.14,1.02159395949307
40398.15,1.01941208472428
40398.16,1.03507840726432
40398.17,1.02172401613677
40398.18,1.02973778468456
40398.19,1.0076178473314
40398.2,0.971772938275196
40398.21,0.96293089250079
40398.22,0.975165848236029
40398.23,1.00077837939218
40398.24,0.976916359463864
40398.25,0.973697496114285
40398.26,0.91523270005797
40398.27,0.918319989939956
40398.28,0.970800667157478
40398.29,0.97626515598689
40398.3,0.991512068079808
40398.31,0.970118779639293
40398.32,0.953403291866098
40398.33,0.935233067493959
40398.34,0.910645203366955
40398.35,0.914611447207257
40398.36,0.876786329667885
40398.37,0.86058417038472
40398.38,0.871856286309345
40398.39,0.834166877143756
40398.4,0.891050745423822
40398.41,0.905077034622452
40398.42,0.912445741271815
40398.43,0.923375216435595
40398.44,0.957183498255302
40398.45,0.904449984484163
40398.46,0.908723575191119
40398.47,0.925015425752341
40398.48,0.896251211088592
40398.49,0.887618585819622
40398.5,0.865986206378658
40398.51,0.862583758948615
40398.52,0.862607573290653
40398.53,0.871111515111673
40398.54,0.843841813049722
40398.55,0.860014445295683
40398.56,0.843234289392042
40398.57,0.84915456495003
40398.58,0.840362522987485
40398.59,0.836175101159447
40398.6,0.828946129328637
40398.61,0.839313702295367
40398.62,0.834742683223854
40398.63,0.87426136607854
40398.64,0.899431036292724
40398.65,0.937571391486909
40398.66,0.987199279619377
40398.67,1.02568087817672
40398.68,1.00317237190597
40398.69,0.984861421944028
40398.7,0.979512156993777
40398.71,1.00708003328868
40398.72,1.03908832738831
40398.73,1.0350047371877
40398.74,1.01649656173623
40398.75,1.01867573915455
40398.76,1.02200285290398
40398.77,1.03121202663054
40398.78,1.04457573528857
40398.79,1.0649297086944
40398.8,1.07707369460569
40398.81,1.07074270401537
40398.82,1.09122900865809
40398.83,1.06166517298131
40398.84,1.06458013709655
40398.85,1.0672387564239
40398.86,1.03600030078788
40398.87,1.01969268099716
40398.88,1.00679305140402
40398.89,1.03519210264151
40398.9,1.02744102158992
40398.91,1.07221875957051
40398.92,1.0165816041426
40398.93,1.0383517413158
40398.94,1.03950611504864
40398.95,1.03441616823165
40398.96,1.08155667553557
40398.97,1.15064397783885
40398.98,1.15318916909163
40398.99,1.17796454548654
40399,1.17166471641157
40399.01,1.17895238396237
40399.02,1.10799392727975
40399.03,1.11329972496878
40399.04,1.11493736163568
40399.05,1.07477648128501
40399.06,1.02560500625402
40399.07,1.09124336520238
40399.08,1.03450960340742
40399.09,1.03383278372405
40399.1,1.02802802058406
40399.11,0.994642978485669
40399.12,0.98959987321626
40399.13,0.98902361743276
40399.14,0.959510287543435
40399.15,0.991431904551751
40399.16,0.967949984832202
40399.17,0.943117555261413
40399.18,0.937334269400846
40399.19,0.955493094517272
40399.2,0.933259755315096
40399.21,0.90582804797043
40399.22,0.91130662165491
40399.23,0.92489404731369
40399.24,0.909747226160247
40399.25,0.937615748943945
40399.26,0.968038690678957
40399.27,0.976894018129124
40399.28,0.976736298994013
40399.29,0.949182181018518
40399.3,0.983966778276195
40399.31,0.978928482307011
40399.32,0.970449236280878
40399.33,0.964575198788902
40399.34,0.973788185111063
40399.35,0.987134803813202
40399.36,1.01331733525392
40399.37,1.01874012510092
40399.38,0.974057684867376
40399.39,0.934221578957063
40399.4,0.936318510606782
40399.41,0.926281545930704
40399.42,0.952970014346514
40399.43,0.958455931013623
40399.44,0.943376897130102
40399.45,0.970169584763394
40399.46,1.03382776534802
40399.47,1.0652774710001
40399.48,1.09186337814285
40399.49,1.09514909765381
40399.5,1.08268428934795
40399.51,1.07071772280538
40399.52,1.01152241460466
40399.53,1.02576677525837
40399.54,1.07674535269947
40399.55,1.11300115562051
40399.56,1.15603167528747
40399.57,1.10589148056277
40399.58,1.07044504423113
40399.59,1.0771618709663
40399.6,1.07934674383137
40399.61,1.05086123952061
40399.62,1.03532710076442
40399.63,1.09033849017674
40399.64,1.12904035545357
40399.65,1.17561808735376
40399.66,1.19920241857756
40399.67,1.19740914641367
40399.68,1.197378539197
40399.69,1.22534373548981
40399.7,1.22153132014729
40399.71,1.19666181933002
40399.72,1.19678424365448
40399.73,1.16962569833169
40399.74,1.09953830282073
40399.75,1.12226377990572
40399.76,1.12450542706578
40399.77,1.15038004943958
40399.78,1.14245038161805
40399.79,1.09841549036623
40399.8,1.08924441184834
40399.81,1.11570785126542
40399.82,1.06083095146571
40399.83,1.00146933932868
40399.84,0.955087804035246
40399.85,0.976253606918111
40399.86,0.987946875939602
40399.87,0.956503375802998
40399.88,0.983852953688587
40399.89,0.977703426303314
40399.9,1.0049484400518
40399.91,1.02017571108966
40399.92,1.00195945316328
40399.93,0.986331403257553
40399.94,0.96903332274007
40399.95,0.947279898239427
40399.96,0.952636378274353
40399.97,0.93913135258775
40399.98,0.936553442510898
40399.99,0.949674221344269
40400,0.939005528685615
40400.01,0.92649848796927
40400.02,0.910188154385575
40400.03,0.906486273109985
40400.04,0.904174157000714
40400.05,0.87335981755657
40400.06,0.888752435323506
40400.07,0.915716714101556
40400.08,0.911294417652284
40400.09,0.915444486488913
40400.1,0.927474338340729
40400.11,0.926030714850644
40400.12,0.889716965017962
40400.13,0.863214865312662
40400.14,0.822278117813831
40400.15,0.818942120268261
40400.16,0.853446977781575
40400.17,0.844010594320344
40400.18,0.819147517248102
40400.19,0.815498403876399
40400.2,0.794772124630531
40400.21,0.79758401425478
40400.22,0.822429742652506
40400.23,0.810388438972887
40400.24,0.80223098851636
40400.25,0.789697118603056
40400.26,0.8086869710313
40400.27,0.775339241853754
40400.28,0.829167276708439
40400.29,0.823747285542036
40400.3,0.839307820453016
40400.31,0.81306963057486
40400.32,0.832955019327741
40400.33,0.812265003376802
40400.34,0.807997347546858
40400.35,0.805478311727816
40400.36,0.810939240766913
40400.37,0.831821404158393
40400.38,0.818679330680937
40400.39,0.863858739713742
40400.4,0.87225614043175
40400.41,0.88948578034459
40400.42,0.920102327278734
40400.43,0.91458019630184
40400.44,0.915185209738121
40400.45,0.913913432825849
40400.46,0.919566172788709
40400.47,0.917618656547574
40400.48,0.917624062584884
40400.49,0.893643793866473
40400.5,0.918782854907676
40400.51,0.875476604659803
40400.52,0.919613584589198
40400.53,0.925530576874074
40400.54,0.933734264571859
40400.55,0.915465776145186
40400.56,0.876435107513816
40400.57,0.872766939401627
40400.58,0.905757323556998
40400.59,0.93985903232253
40400.6,0.935328718177043
40400.61,0.961892256513222
40400.62,0.985084232648952
40400.63,0.953170165634014
40400.64,0.97002715119407
40400.65,0.993871229858011
40400.66,1.01799678960839
40400.67,1.02913718075191
40400.68,1.03067057275851
40400.69,1.04138096927904
40400.7,1.0218283495352
40400.71,1.03170744253448
40400.72,1.07972937913174
40400.73,1.08674180003109
40400.74,1.0901407078908
40400.75,1.08475325358495
40400.76,1.04768915789036
40400.77,1.1052472734686
40400.78,1.11069482117359
40400.79,1.07597649504499
40400.8,1.05775378432562
40400.81,1.06575896091018
40400.82,1.04272461653158
40400.83,1.03091998818073
40400.84,1.03393193787776
40400.85,1.00496636397801
40400.86,1.03381317670513
40400.87,1.04865276767256
40400.88,1.01258878331865
40400.89,1.00635760620848
40400.9,1.02458074216196
40400.91,1.04870395903812
40400.92,1.06214402230548
40400.93,1.01260086466922
40400.94,1.01360534091897
40400.95,0.998350132616894
40400.96,1.02067014025259
40400.97,1.00469419139291
40400.98,0.942474628189507
40400.99,0.96054879585309
40401,0.866345863941194
40401.01,0.85407259396046
40401.02,0.897687070964918
40401.03,0.887515777901972
40401.04,0.905372131356985
40401.05,0.890453271561155
40401.06,0.884563620641441
40401.07,0.904282828832839
40401.08,0.973555834030497
40401.09,0.999313325921365
40401.1,0.98516968217689
40401.11,1.02005459768227
40401.12,1.04127042517115
40401.13,1.04911033690881
40401.14,1.05217054200035
40401.15,1.03250830608841
40401.16,1.04077012023872
40401.17,1.03682508723707
40401.18,1.03116415048751
40401.19,1.00368074068704
40401.2,0.98739508800192
40401.21,0.995254079585989
40401.22,0.978465311020644
40401.23,0.933059430932683
40401.24,0.893930095243797
40401.25,0.863801454086387
40401.26,0.867001169786513
40401.27,0.898205576964929
40401.28,0.899766699907062
40401.29,0.913870877192088
40401.3,0.886837579594414
40401.31,0.911521432491329
40401.32,0.917606333702598
40401.33,0.884008634760598
40401.34,0.894699098415929
40401.35,0.8797439557614
40401.36,0.839038561082572
40401.37,0.834438842883879
40401.38,0.845622458637459
40401.39,0.85844270486743
40401.4,0.900264705698165
40401.41,0.902702236045199
40401.42,0.981170718607118
40401.43,0.980674396465837
40401.44,0.950397678726388
40401.45,0.947548286535339
40401.46,0.972255271048053
40401.47,0.945653212892207
40401.48,0.932171027988235
40401.49,0.941566522786159
40401.5,0.933229503426299
40401.51,0.91118114899191
40401.52,0.895641298313552
40401.53,0.930525592901259
40401.54,0.969128638652872
40401.55,0.993854037781219
40401.56,0.986194349543215
40401.57,0.950005664026645
40401.58,0.934083895779405
40401.59,0.910481788806559
40401.6,0.933272804318528
40401.61,0.902351746524063
40401.62,0.874110529386368
40401.63,0.86991326514708
40401.64,0.870764897290795
40401.65,0.881296516395259
40401.66,0.847450343617443
40401.67,0.86810428054918
40401.68,0.870720770060073
40401.69,0.853428871063947
40401.7,0.873404909930004
40401.71,0.856495178569524
40401.72,0.89549103010601
40401.73,0.87863781865718
40401.74,0.873062404104878
40401.75,0.879315493689995
40401.76,0.846548323547554
40401.77,0.875774811336653
40401.78,0.868888752691154
40401.79,0.84522276574676
40401.8,0.863029968799136
40401.81,0.886080994942068
40401.82,0.886578622687593
40401.83,0.848990212696661
40401.84,0.896657886736595
40401.85,0.868153561526199
40401.86,0.905909079293028
40401.87,0.934867165810898
40401.88,0.952240169450027
40401.89,0.983886492958567
40401.9,0.94420607945474
40401.91,0.947761382078805
40401.92,0.953005525715055
40401.93,1.00421111049426
40401.94,1.05683911255434
40401.95,1.0708739215528
40401.96,1.04904278894881
40401.97,1.02067472452742
40401.98,1.00733052446694
40401.99,1.03907802825206
40402,1.06320484318533
40402.01,1.06208136762895
40402.02,1.05049455101822
40402.03,1.04771489923778
40402.04,0.990472776846178
40402.05,0.966336718351921
40402.06,0.917157886192094
40402.07,0.909177992431747
40402.08,0.928558331106962
40402.09,0.965925150575886
40402.1,0.930212216792515
40402.11,0.920261796481225
40402.12,0.91330218722325
40402.13,0.887825650201105
40402.14,0.884361475731911
40402.15,0.926455509942256
40402.16,0.9332649453445
40402.17,0.936553503137702
40402.18,0.933331664463534
40402.19,0.902946653973317
40402.2,0.876371495785982
40402.21,0.896722693056289
40402.22,0.885469165291954
40402.23,0.869952782886121
40402.24,0.87975009173101
40402.25,0.945051521003087
40402.26,0.97163735123536
40402.27,0.999024972528911
40402.28,1.09428354901536
40402.29,1.09468960881595
40402.3,1.13999326439362
40402.31,1.17156554085529
40402.32,1.16907607420469
40402.33,1.18595375607951
40402.34,1.21674255835489
40402.35,1.13974430455821
40402.36,1.12314115358317
40402.37,1.07696041012679
40402.38,1.10301751527291
40402.39,1.13061368541806
40402.4,1.12236259381207
40402.41,1.12518053990405
40402.42,1.13580968898194
40402.43,1.09194513889611
40402.44,1.10269007126713
40402.45,1.12513778281255
40402.46,1.10362153930909
40402.47,1.15645652566147
40402.48,1.18061197045129
40402.49,1.21355399262482
40402.5,1.2187459833907
40402.51,1.21587784519463
40402.52,1.18997019786582
40402.53,1.15022401537864
40402.54,1.15842866187749
40402.55,1.15019418041132
40402.56,1.12402521945824
40402.57,1.09538760648266
40402.58,1.09329430305377
40402.59,1.1046161882094
40402.6,1.12044154490958
40402.61,1.10711200586229
40402.62,1.12655732512672
40402.63,1.17335220053387
40402.64,1.14203862290521
40402.65,1.1216027697873
40402.66,1.18622079056363
40402.67,1.09942941248933
40402.68,1.07282474471659
40402.69,1.05102493581013
40402.7,1.05640980910295
40402.71,1.03811411335636
40402.72,1.03844876750885
40402.73,1.05731126494836
40402.74,1.08402543960106
40402.75,1.08598156646646
40402.76,1.08560858081138
40402.77,1.12380763882249
40402.78,1.1099708108293
40402.79,1.11924630570266
40402.8,1.11892636308534
40402.81,1.18225651622756
40402.82,1.17599372991633
40402.83,1.23056359037968
40402.84,1.160915122516
40402.85,1.14009162173631
40402.86,1.14984499092531
40402.87,1.15401184536091
40402.88,1.14893646979737
40402.89,1.16090369817379
40402.9,1.08757135742324
40402.91,1.05862343370666
40402.92,1.06258864716904
40402.93,1.08375676580479
40402.94,1.03669988373313
40402.95,1.07762407175979
40402.96,1.12371148003216
40402.97,1.14442523673463
40402.98,1.146527198046
40402.99,1.13051652301313
40403,1.12679838359298
40403.01,1.11155759030582
40403.02,1.08294038300136
40403.03,1.10637734931535
40403.04,1.01120341305285
40403.05,1.03175240881222
40403.06,1.07066167439353
40403.07,1.04669756848242
40403.08,1.0224321458546
40403.09,0.987170636903061
40403.1,0.99073497633484
40403.11,0.99279974730677
40403.12,0.985918695888369
40403.13,1.0139373033905
40403.14,1.03087362699746
40403.15,1.05689588545695
40403.16,1.04114447605474
40403.17,1.04341541915032
40403.18,1.01025655336858
40403.19,0.973679864915806
40403.2,0.925529473801949
40403.21,0.883745643987834
40403.22,0.865046233034074
40403.23,0.849313158437862
40403.24,0.875284559519949
40403.25,0.887299872163843
40403.26,0.864347835993546
40403.27,0.842973843742588
40403.28,0.815630485526326
40403.29,0.824596908891107
40403.3,0.778510175256546
40403.31,0.788335739351959
40403.32,0.807610192896188
40403.33,0.835630009177457
40403.34,0.886514042374735
40403.35,0.878423864154889
40403.36,0.900566693600372
40403.37,0.880229291525915
40403.38,0.89705233104239
40403.39,0.926524052469483
40403.4,0.957423259104361
40403.41,0.947438474097636
40403.42,0.933954073387606
40403.43,0.990327205103527
40403.44,1.01388381705088
40403.45,1.0049745028158
40403.46,0.995550142449418
40403.47,0.992602242101713
40403.48,1.00738519572221
40403.49,0.98266470402757
40403.5,1.03303858244184
40403.51,1.08674883566326
40403.52,1.09455068245533
40403.53,1.09999464285836
40403.54,1.09053509315268
40403.55,1.10777061128091
40403.56,1.1027730462435
40403.57,1.0762400065286
40403.58,1.06327733843301
40403.59,1.02716652594185
40403.6,0.97986930478362
40403.61,0.967363772580447
40403.62,1.01068061372205
40403.63,1.02886021042404
40403.64,1.03485281011137
40403.65,1.02612718928112
40403.66,1.02869184376457
40403.67,1.05880984475084
40403.68,1.02409378143038
40403.69,1.00104623699698
40403.7,0.969801326959374
40403.71,0.97270250280954
40403.72,0.93126207248954
40403.73,0.984025031820115
40403.74,0.987312316236006
40403.75,0.953620651136479
40403.76,0.949395129779065
40403.77,0.945528638994744
40403.78,0.931231264593575
40403.79,0.918873352031457
40403.8,0.923954699847234
40403.81,0.931262007852583
40403.82,0.920694652825036
40403.83,0.918946429351756
40403.84,0.896500083307768
40403.85,0.882855899735876
40403.86,0.84961060886255
40403.87,0.873308415376786
40403.88,0.885876741235134
40403.89,0.943021201037803
40403.9,0.924756514024682
40403.91,0.90006067402588
40403.92,0.872270360949161
40403.93,0.86374087259479
40403.94,0.901962918844099
40403.95,0.87430515230476
40403.96,0.868333920101627
40403.97,0.86899299678751
40403.98,0.842483461698144
40403.99,0.843341386488917
40404,0.873461150007494
40404.01,0.889282472879509
40404.02,0.912450170257022
40404.03,0.9215755419614
40404.04,0.927915461874293
40404.05,0.937492782090951
40404.06,0.973777009541721
40404.07,0.971242860291828
40404.08,0.948923964859682
40404.09,0.937422426723303
40404.1,0.912570668062765
40404.11,0.872986320859547
40404.12,0.869442894758034
40404.13,0.869708428805401
40404.14,0.859024673617514
40404.15,0.858697518784608
40404.16,0.846559042023045
40404.17,0.827928802979824
40404.18,0.821670630894606
40404.19,0.812873520259008
40404.2,0.832017481493278
40404.21,0.86928203055376
40404.22,0.826560824740473
40404.23,0.814766317171151
40404.24,0.84262983192174
40404.25,0.908408378236512
40404.26,0.925310342609073
40404.27,0.884981570340554
40404.28,0.871364678491026
40404.29,0.855577278744557
40404.3,0.88881732590868
40404.31,0.894630575442903
40404.32,0.934345447133057
40404.33,0.950730666042609
40404.34,0.936562546190955
40404.35,0.963706643461263
40404.36,0.97232469995953
40404.37,0.931694031626678
40404.38,0.902067373919729
40404.39,0.901729569557535
40404.4,0.905786310553471
40404.41,0.913100292007055
40404.42,0.907670352545431
40404.43,0.900890126808647
40404.44,0.886263758712969
40404.45,0.8895394317224
40404.46,0.854471099064918
40404.47,0.838450608158877
40404.48,0.877244476580196
40404.49,0.878422724608518
40404.5,0.889740781306284
40404.51,0.918157562364575
40404.52,0.894134274601428
40404.53,0.856876710166174
40404.54,0.870611772459553
40404.55,0.871523120592656
40404.56,0.87081646896104
40404.57,0.904710288585898
40404.58,0.900152726087812
40404.59,0.929791307363331
40404.6,0.918406905583233
40404.61,0.914361546819979
40404.62,0.888379717236038
40404.63,0.912275323443444
40404.64,0.897182000149118
40404.65,0.913773474232204
40404.66,0.916588156586894
40404.67,0.906803518075372
40404.68,0.889968544919874
40404.69,0.866914362960627
40404.7,0.889664767193991
40404.71,0.88831109802522
40404.72,0.849723096656861
40404.73,0.848509237840997
40404.74,0.837705247709161
40404.75,0.843583839963083
40404.76,0.845465359563787
40404.77,0.868107022552475
40404.78,0.861277888060019
40404.79,0.892762809468107
40404.8,0.869855392592274
40404.81,0.845352032541433
40404.82,0.828360865244114
40404.83,0.839800690808725
40404.84,0.819440200224161
40404.85,0.841406429898053
40404.86,0.839288589270531
40404.87,0.823878072830062
40404.88,0.852422749272763
40404.89,0.837900357073345
40404.9,0.841497645582135
40404.91,0.818951654486929
40404.92,0.856812342720592
40404.93,0.826805337386562
40404.94,0.839094313915071
40404.95,0.868472753353482
40404.96,0.867628874417768
40404.97,0.850412168840699
40404.98,0.867406506916869
40404.99,0.834684156525733
40405,0.810030344502647
40405.01,0.806347294248808
40405.02,0.808991451195393
40405.03,0.806070977462388
40405.04,0.849290681356837
40405.05,0.853838881142824
40405.06,0.846499304062496
40405.07,0.836709133484325
40405.08,0.821675605231427
40405.09,0.801228499428205
40405.1,0.7661457062101
40405.11,0.794801705779803
40405.12,0.804572430854158
40405.13,0.824736965661003
40405.14,0.8199410671259
40405.15,0.835488256477646
40405.16,0.804426031713314
40405.17,0.822222455255385
40405.18,0.820879748170848
40405.19,0.835541183381852
40405.2,0.836983152991416
40405.21,0.851560164718234
40405.22,0.855749638039906
40405.23,0.859920825103558
40405.24,0.889571207286787
40405.25,0.894142958980269
40405.26,0.883251224679367
40405.27,0.879656847233217
40405.28,0.863554874924179
40405.29,0.85757642598293
40405.3,0.853412391852618
40405.31,0.877385734499831
40405.32,0.875118254771461
40405.33,0.891312109449515
40405.34,0.917355948291107
40405.35,0.859255863989918
40405.36,0.909257268344244
40405.37,0.940637787564807
40405.38,0.937033552925634
40405.39,0.958939339368546
40405.4,0.964343218252169
40405.41,0.992578312165494
40405.42,1.0072907079718
40405.43,0.993583580316207
40405.44,1.04298381597081
40405.45,1.05596534716689
40405.46,1.01860702194239
40405.47,1.02017494354969
40405.48,1.03259356158188
40405.49,1.05170317192952
40405.5,1.05715309516077
40405.51,1.05547256272066
40405.52,1.03792587185033
40405.53,1.0599020196931
40405.54,1.04758240937192
40405.55,1.02853772046877
40405.56,1.02484663956454
40405.57,1.00167333124267
40405.58,0.956298817893022
40405.59,1.0000359816192
40405.6,1.00325569223553
40405.61,0.963937540399139
40405.62,0.988422771138778
40405.63,1.00463093445102
40405.64,0.985440593720872
40405.65,0.977299838284925
40405.66,0.985123448974082
40405.67,1.00877493398473
40405.68,1.00679862430409
40405.69,1.01737151798183
40405.7,1.0281378165466
40405.71,1.07133900249916
40405.72,1.07760853894999
40405.73,1.0877254990529
40405.74,1.07257106251449
40405.75,1.0826914580805
40405.76,1.04802529176892
40405.77,1.07505510098354
40405.78,1.06616655992146
40405.79,1.06740195298555
40405.8,1.08437719603116
40405.81,1.10860697066019
40405.82,1.07767492191519
40405.83,1.04776543145092
40405.84,1.04262484926091
40405.85,1.05565146007102
40405.86,1.12866766520551
40405.87,1.13115767477173
40405.88,1.09904819706805
40405.89,1.1165675852156
40405.9,1.0994832955888
40405.91,1.07980755699391
40405.92,1.07611047046916
40405.93,1.07309073269456
40405.94,1.04894067522769
40405.95,1.07552706701078
40405.96,1.10939874424871
40405.97,1.07479202043235
40405.98,1.08062403420883
40405.99,1.13477889909265
40406,1.12930531861374
40406.01,1.13823670652816
40406.02,1.13349255771817
40406.03,1.14297319494715
40406.04,1.10684977562236
40406.05,1.08055130459943
40406.06,1.03372066576472
40406.07,1.01769725365025
40406.08,1.02729359505615
40406.09,1.00842653673571
40406.1,1.01345589959544
40406.11,1.02821671330963
40406.12,1.02883660160933
40406.13,1.01918610689638
40406.14,1.00791107394661
40406.15,0.955980983153799
40406.16,0.999283274038334
40406.17,0.97016245551604
40406.18,0.938158875996723
40406.19,0.967037240371753
40406.2,0.952640667899938
40406.21,0.909449970162487
40406.22,0.929159973648737
40406.23,0.960240554751188
40406.24,0.953045236615372
40406.25,0.921605684818745
40406.26,0.95779002427603
40406.27,0.943229027752864
40406.28,0.956990436711048
40406.29,0.967813555039152
40406.3,1.016680688173
40406.31,1.01430536316167
40406.32,1.05938090649197
40406.33,1.03584197398391
40406.34,1.02501292250941
40406.35,1.01819740883769
40406.36,1.01858884136057
40406.37,0.989218695268378
40406.38,0.977315008040915
40406.39,0.960892893347855
40406.4,0.923591244968423
40406.41,0.951631618188868
40406.42,0.949790850045685
40406.43,0.967253944605465
40406.44,1.00149995521737
40406.45,0.97509367685096
40406.46,0.974159992971244
40406.47,1.00214901887984
40406.48,0.983403987706743
40406.49,0.977637132553513
40406.5,0.998147746939989
40406.51,1.00138178183516
40406.52,0.989536329011136
40406.53,0.993959704714818
40406.54,0.985451768088397
40406.55,1.04199124321817
40406.56,1.02788315531452
40406.57,0.968148127888691
40406.58,0.974793713905483
40406.59,0.941953978277499
40406.6,0.918128082207828
40406.61,0.942288438501564
40406.62,0.925177697666408
40406.63,0.958603382692806
40406.64,0.903257638688848
40406.65,0.885538041493575
40406.66,0.889042665226092
40406.67,0.876207689865077
40406.68,0.884895879754996
40406.69,0.863182831489985
40406.7,0.865140685839233
40406.71,0.903988643814591
40406.72,0.928643400505364
40406.73,0.946316529760322
40406.74,0.963202866712656
40406.75,0.960895380332303
40406.76,0.956202016750283
40406.77,0.903955231116606
40406.78,0.900804688334319
40406.79,0.883209111415736
40406.8,0.854110988827459
40406.81,0.855799524440536
40406.82,0.861020811172164
40406.83,0.872143104383686
40406.84,0.863992865244249
40406.85,0.880555330547843
40406.86,0.883563631495148
40406.87,0.906290935112582
40406.88,0.86723060913571
40406.89,0.875539744655837
40406.9,0.884506156113447
40406.91,0.867203556330186
40406.92,0.905259059999907
40406.93,0.924341042243058
40406.94,0.920954182739018
40406.95,0.897710279126399
40406.96,0.895236343449865
40406.97,0.853803341016248
40406.98,0.862367054044465
40406.99,0.882959849758488
40407,0.902651712661971
40407.01,0.921316589133782
40407.02,0.913084131507316
40407.03,0.94655483899283
40407.04,0.965391593000983
40407.05,0.982641204494299
40407.06,0.917962672502179
40407.07,0.947692955773306
40407.08,0.978086312047185
40407.09,0.957562216995091
40407.1,0.977510903117663
40407.11,0.971626086277444
40407.12,0.995449221822465
40407.13,1.00533979531437
40407.14,0.98692052180603
40407.15,0.992779513410134
40407.16,0.962604319931926
40407.17,0.969153476400735
40407.18,0.970061542074463
40407.19,0.944018802944599
40407.2,0.922548657614534
40407.21,0.912712752120472
40407.22,0.951807403426355
40407.23,0.945995116463352
40407.24,0.948865501625291
40407.25,0.937647545924471
40407.26,0.93492600180504
40407.27,0.946342422221795
40407.28,0.966243377960213
40407.29,0.95693713616062
40407.3,0.931488917306386
40407.31,0.945845994329701
40407.32,0.96484035474952
40407.33,0.963058662143549
40407.34,0.941581795129334
40407.35,0.906472904408301
40407.36,0.918274299256569
40407.37,0.943560812796137
40407.38,1.00681303380023
40407.39,0.969222872097323
40407.4,0.983024311670175
40407.41,0.983195474161729
40407.42,0.991481795436189
40407.43,1.02048385614586
40407.44,0.976678461560861
40407.45,1.0262215961065
40407.46,1.02897065572115
40407.47,1.01537889637531
40407.48,1.04289732417533
40407.49,1.00820887765331
40407.5,0.940122261303619
40407.51,0.944391906447601
40407.52,0.917197355118178
40407.53,0.881698478082151
40407.54,0.882344159479794
40407.55,0.896848780910844
40407.56,0.922281369996744
40407.57,0.924630209121657
40407.58,0.891119912867526
40407.59,0.911246008437539
40407.6,0.902822078624274
40407.61,0.914917334545645
40407.62,0.942374999317117
40407.63,0.942479403041226
40407.64,0.927336697688527
40407.65,0.9441093686434
40407.66,0.980123385165853
40407.67,1.01960679257961
40407.68,1.0293004817896
40407.69,1.01020737918721
40407.7,0.975062311007515
40407.71,0.998720435260424
40407.72,0.985894822291875
40407.73,0.983724713517599
40407.74,1.00150601578223
40407.75,0.977468677986375
40407.76,0.974421146966964
40407.77,0.976303049414541
40407.78,0.999772403455444
40407.79,1.01088928852921
40407.8,1.01995680552982
40407.81,1.02816894316391
40407.82,1.04538263866198
40407.83,0.972357770866138
40407.84,0.960664148931596
40407.85,0.923836198396461
40407.86,0.907716482320634
40407.87,0.918786450758205
40407.88,0.941649751924209
40407.89,0.965917022380599
40407.9,0.976369850427977
40407.91,0.994614748997021
40407.92,0.948445698373096
40407.93,0.920373980417441
40407.94,0.909617183116523
40407.95,0.927825482357597
40407.96,0.986178934187282
40407.97,0.954077223070484
40407.98,0.950232109062426
40407.99,0.952495512231536
40408,0.980094763678076
40408.01,1.02123879805093
40408.02,1.05281351115949
40408.03,1.03462321550432
40408.04,1.03791917273573
40408.05,0.996994321389949
40408.06,1.02280730118394
40408.07,1.04197581848491
40408.08,1.0156181426614
40408.09,1.04956416161751
40408.1,1.05728494468901
40408.11,1.01387489261574
40408.12,1.03241063811708
40408.13,1.04450585869252
40408.14,1.06009423517764
40408.15,1.08339706614934
40408.16,1.08945876801122
40408.17,1.08598337280053
40408.18,1.06630967812755
40408.19,1.04599665605872
40408.2,1.09292314620958
40408.21,1.15487717558481
40408.22,1.15194194584404
40408.23,1.14673105699645
40408.24,1.16196830857205
40408.25,1.15956358541109
40408.26,1.10762033810711
40408.27,1.1220263518869
40408.28,1.16277058020544
40408.29,1.18302530021217
40408.3,1.14599491022389
40408.31,1.15710928378598
40408.32,1.18429083730982
40408.33,1.2056521360146
40408.34,1.18322606304654
40408.35,1.14981237396207
40408.36,1.11000592557579
40408.37,1.08874752721222
40408.38,1.04029034372057
40408.39,1.06570076357794
40408.4,1.0637680125877
40408.41,1.06187760761105
40408.42,1.06761506082996
40408.43,1.1086061341265
40408.44,1.14887889299872
40408.45,1.10904911534344
40408.46,1.10766722522832
40408.47,1.08949909594884
40408.48,1.12285667281992
40408.49,1.11042600816147
40408.5,1.10968124115288
40408.51,1.07682365041695
40408.52,1.12496819052398
40408.53,1.16358325531564
40408.54,1.13671702344413
40408.55,1.10268368264463
40408.56,1.09514011833295
40408.57,1.09962334631973
40408.58,1.05807705443082
40408.59,1.04670427411456
40408.6,1.0804437379087
40408.61,1.06708741538646
40408.62,1.06475012229518
40408.63,1.09653054343943
40408.64,1.1118498483779
40408.65,1.1123148127673
40408.66,1.09323207886462
40408.67,1.13551753832833
40408.68,1.16627150612264
40408.69,1.12400183044234
40408.7,1.14597494249815
40408.71,1.12237891276381
40408.72,1.13361797278869
40408.73,1.08419801631467
40408.74,1.07151705341595
40408.75,1.03896516870555
40408.76,0.993486334019138
40408.77,1.02809197614506
40408.78,1.02990281912234
40408.79,1.04296361324915
40408.8,1.0676620338714
40408.81,1.03252798400919
40408.82,1.00151920772783
40408.83,1.00395430897352
40408.84,1.01860895305844
40408.85,1.02086026071025
40408.86,1.01001233036703
40408.87,1.01655725053502
40408.88,0.988409455949871
40408.89,1.01600622178869
40408.9,0.998538758507448
40408.91,0.999920640023512
40408.92,0.994852692186166
40408.93,0.969691316778738
40408.94,0.928370417983266
40408.95,0.898343497265534
40408.96,0.930162044990492
40408.97,0.921973272503984
40408.98,0.889028503822912
40408.99,0.905351548999137
40409,0.888428238749099
40409.01,0.923207116171681
40409.02,0.884171563218656
40409.03,0.883865751130057
40409.04,0.855687044479435
40409.05,0.838048477046644
40409.06,0.843177248889833
40409.07,0.866867475502096
40409.08,0.819529862430734
40409.09,0.847780079969441
40409.1,0.865502521201513
40409.11,0.868153348534779
40409.12,0.879027647421827
40409.13,0.901877380121798
40409.14,0.934439061588448
40409.15,0.945483565040649
40409.16,0.934659325055052
40409.17,0.966555131437624
40409.18,0.961737650961426
40409.19,0.979986398260569
40409.2,0.987250218163355
40409.21,0.996959637672428
40409.22,1.06040335937978
40409.23,1.10738890970891
40409.24,1.10849305203165
40409.25,1.10274576609728
40409.26,1.13543209003733
40409.27,1.15475727410667
40409.28,1.17528680151311
40409.29,1.14790446959739
40409.3,1.11423460739699
40409.31,1.10247712830923
40409.32,1.06139714183077
40409.33,1.06219534571045
40409.34,1.05643926172229
40409.35,1.01630521226647
40409.36,0.995964186835444
40409.37,1.00578160828939
40409.38,0.987370722223872
40409.39,1.01135027996395
40409.4,1.01816192443001
40409.41,1.03885375207497
40409.42,1.05123953798256
40409.43,1.06205964618094
40409.44,1.05966466587571
40409.45,1.06383084060906
40409.46,1.06917673383875
40409.47,1.08147301754951
40409.48,1.0851009617048
40409.49,1.05523367601757
40409.5,1.06706656644399
40409.51,1.0686609096413
40409.52,1.10456883892587
40409.53,1.08382198733094
40409.54,1.11660989478
40409.55,1.06356279741954
40409.56,1.04418332817712
40409.57,1.05242405941576
40409.58,1.04796380762308
40409.59,1.00246534821407
40409.6,0.988191241218151
40409.61,1.02740467526166
40409.62,1.03344095941138
40409.63,1.05650771914766
40409.64,1.02376422712451
40409.65,1.0466488487989
40409.66,1.05850403441687
40409.67,1.02043245674658
40409.68,0.960099654080577
40409.69,0.915620262165944
40409.7,0.897191118313714
40409.71,0.907341604373381
40409.72,0.942830185160775
40409.73,0.889084139366332
40409.74,0.896737786399239
40409.75,0.916418528020457
40409.76,0.97579881207891
40409.77,0.95256273790442
40409.78,0.956905288720415
40409.79,0.952982062376355
40409.8,0.929480604473586
40409.81,0.921422625874529
40409.82,0.946470567385985
40409.83,0.931646360696839
40409.84,0.897034326253825
40409.85,0.903775187369065
40409.86,0.903583064012659
40409.87,0.937422790106752
40409.88,0.907604218002623
40409.89,0.909372996996098
40409.9,0.881479589699122
40409.91,0.867919475788763
40409.92,0.852948451832653
40409.93,0.818549341743479
40409.94,0.866793350175518
40409.95,0.890064715338978
40409.96,0.912208343513736
40409.97,0.959795704940523
40409.98,0.92010883990193
40409.99,0.899625269248438
40410,0.908048073821222
40410.01,0.889700045355278
40410.02,0.882814900914957
40410.03,0.88178531987751
40410.04,0.861198403410341
40410.05,0.897126028704321
40410.06,0.878861191471298
40410.07,0.875954274107439
40410.08,0.879185575555666
40410.09,0.893796647663835
40410.1,0.849655104856254
40410.11,0.849203858114515
40410.12,0.861013393893548
40410.13,0.87801794278144
40410.14,0.85576268607347
40410.15,0.834080193737892
40410.16,0.843968916126882
40410.17,0.892195639900695
40410.18,0.871847652214933
40410.19,0.853945515675845
40410.2,0.859991465291239
40410.21,0.871256287603738
40410.22,0.870161792123999
40410.23,0.883621408369903
40410.24,0.890141074696932
40410.25,0.906413392925633
40410.26,0.920598137673473
40410.27,0.885688192995884
40410.28,0.886667216009252
40410.29,0.941468291635299
40410.3,0.911662321049074
40410.31,0.893208809602257
40410.32,0.893502235258224
40410.33,0.902681078049098
40410.34,0.855663803333646
40410.35,0.882135408275372
40410.36,0.855272378845347
40410.37,0.838683637542001
40410.38,0.847871937094212
40410.39,0.892733140884629
40410.4,0.863790832446294
40410.41,0.854141898163856
40410.42,0.822402496624173
40410.43,0.829398778660299
40410.44,0.85219501776469
40410.45,0.882008712533967
40410.46,0.864880361211386
40410.47,0.811806335993332
40410.48,0.788013510107487
40410.49,0.827022016752053
40410.5,0.818880257156186
40410.51,0.82798143044925
40410.52,0.812078259695239
40410.53,0.793316889487179
40410.54,0.761079712475248
40410.55,0.745852329741226
40410.56,0.772934538686663
40410.57,0.7909903800322
40410.58,0.826334913132308
40410.59,0.860329843079303
40410.6,0.839719001773396
40410.61,0.8683586136234
40410.62,0.899303464108463
40410.63,0.896439406712293
40410.64,0.935069530148657
40410.65,0.908018447365742
40410.66,0.904742771997389
40410.67,0.932240026543244
40410.68,0.872003924878825
40410.69,0.906478124581951
40410.7,0.919743915134887
40410.71,0.942761978592522
40410.72,0.877608031905362
40410.73,0.882606126025009
40410.74,0.857772387871675
40410.75,0.865216225741897
40410.76,0.869949929098592
40410.77,0.849351288853823
40410.78,0.857179376211274
40410.79,0.857271599286294
40410.8,0.875466017299116
40410.81,0.901745152639186
40410.82,0.929320929358568
40410.83,0.937089139648097
40410.84,0.962499871661879
40410.85,0.956141826976491
40410.86,0.945175940450959
40410.87,0.981553017793439
40410.88,0.92234325650543
40410.89,0.918248499210858
40410.9,0.941200220595124
40410.91,0.905254200152039
40410.92,0.892645107091923
40410.93,0.883810056648661
40410.94,0.847530202457467
40410.95,0.84665971488169
40410.96,0.808154145644724
40410.97,0.803516760845362
40410.98,0.802928359150103
40410.99,0.847077058009672
40411,0.801645310400447
40411.01,0.802394235659897
40411.02,0.806893961312729
40411.03,0.829653140575007
40411.04,0.792436318690619
40411.05,0.782895125784224
40411.06,0.793540058248986
40411.07,0.79546300181724
40411.08,0.801391039252214
40411.09,0.792818698448094
40411.1,0.846128120314542
40411.11,0.837382087495245
40411.12,0.846636393939784
40411.13,0.822506870742114
40411.14,0.808650809121827
40411.15,0.788754827912698
40411.16,0.79364288734384
40411.17,0.789560122877316
40411.18,0.781183495354335
40411.19,0.751252426506994
40411.2,0.750606363099433
40411.21,0.761864325102694
40411.22,0.737607942337981
40411.23,0.724225787624569
40411.24,0.725687597453022
40411.25,0.768849032704942
40411.26,0.748897775326338
40411.27,0.751381626665801
40411.28,0.796587775463656
40411.29,0.81786699332847
40411.3,0.843768076972809
40411.31,0.892530135606706
40411.32,0.887566850746536
40411.33,0.861644196231521
40411.34,0.842926884048676
40411.35,0.823715519048401
40411.36,0.812196591644309
40411.37,0.846311749073289
40411.38,0.856960310390549
40411.39,0.840168390499314
40411.4,0.833152007117476
40411.41,0.846882536597119
40411.42,0.874667964457731
40411.43,0.899898479286638
40411.44,0.862313809206074
40411.45,0.832108260378197
40411.46,0.846796408228891
40411.47,0.854030932809369
40411.48,0.851275977263008
40411.49,0.861716585623162
40411.5,0.88391828771355
40411.51,0.889058330138639
40411.52,0.868183554206801
40411.53,0.871367482485264
40411.54,0.881178203160155
40411.55,0.851007425918774
40411.56,0.858568067170002
40411.57,0.895025115185115
40411.58,0.917085914913168
40411.59,0.912917408788344
40411.6,0.914936530806008
40411.61,0.94680656093276
40411.62,0.930929506868456
40411.63,0.920826855474535
40411.64,0.935471172166086
40411.65,0.932734772205998
40411.66,0.900573337045112
40411.67,0.933599547205584
40411.68,0.924091868887008
40411.69,0.922204620738267
40411.7,0.936635856240502
40411.71,0.91136156003597
40411.72,0.937960124554367
40411.73,0.934061714698749
40411.74,0.933940898208708
40411.75,0.929158521050964
40411.76,0.907197802832407
40411.77,0.880506734879182
40411.78,0.882458078092296
40411.79,0.819205415268129
40411.8,0.857123425341418
40411.81,0.842832478458563
40411.82,0.840757902113991
40411.83,0.802034557514646
40411.84,0.774463165880983
40411.85,0.740845529754694
40411.86,0.776563384766635
40411.87,0.814061692707596
40411.88,0.814883083905936
40411.89,0.809339743838526
40411.9,0.824562441715972
40411.91,0.821196546037751
40411.92,0.830805021907849
40411.93,0.881368786946917
40411.94,0.848443607023253
40411.95,0.870175947507768
40411.96,0.831756883207267
40411.97,0.826479911958979
40411.98,0.833270067230614
40411.99,0.791482382546928
40412,0.785634746734309
40412.01,0.768530515731543
40412.02,0.75111885934286
40412.03,0.764758209333732
40412.04,0.760404485446408
40412.05,0.789563251746056
40412.06,0.824550591698393
40412.07,0.832122875760928
40412.08,0.88550120520008
40412.09,0.860028024808745
40412.1,0.863966280860285
40412.11,0.878884516787389
40412.12,0.885120904332875
40412.13,0.890266940758886
40412.14,0.857336330952176
40412.15,0.83110642710363
40412.16,0.821744877511773
40412.17,0.82424398955446
40412.18,0.814648408416526
40412.19,0.851664520642195
40412.2,0.884629344948718
40412.21,0.88546601571284
40412.22,0.871254998700899
40412.23,0.894493376861576
40412.24,0.924459379652226
40412.25,0.893234928750648
40412.26,0.890881402096004
40412.27,0.86938487630791
40412.28,0.887030631931238
40412.29,0.890062818107625
40412.3,0.838347246344762
40412.31,0.849570564885327
40412.32,0.853828642210643
40412.33,0.873227932578282
40412.34,0.894730986454028
40412.35,0.928380757892209
40412.36,0.952891819917605
40412.37,0.932128708591259
40412.38,0.931378128317569
40412.39,0.904293985944041
40412.4,0.907725883060296
40412.41,0.926512444057556
40412.42,0.914627729006497
40412.43,0.918179640250947
40412.44,0.928721673079322
40412.45,0.969932295666443
40412.46,0.963997905643759
40412.47,0.992871486303926
40412.48,1.00304105551575
40412.49,1.00652449537015
40412.5,1.00155153528939
40412.51,1.02578151339443
40412.52,0.963790604460987
40412.53,0.963145469893482
40412.54,0.98855846623759
40412.55,1.00293147519225
40412.56,1.03911876997417
40412.57,1.0344770827127
40412.58,1.01686508115037
40412.59,0.998240168294749
40412.6,1.0091783514773
40412.61,0.984972731055025
40412.62,1.01322245139267
40412.63,1.00612080826227
40412.64,0.987376698929143
40412.65,0.971424503401272
40412.66,0.963197243527746
40412.67,0.945041759036358
40412.68,0.920815071053331
40412.69,0.909956915107816
40412.7,0.889641932215095
40412.71,0.894435188120303
40412.72,0.880567134319248
40412.73,0.87508974626337
40412.74,0.870861262882123
40412.75,0.926852147202278
40412.76,0.931570780961094
40412.77,0.919575746160629
40412.78,0.906277585144522
40412.79,0.904285265059171
40412.8,0.869434504113777
40412.81,0.828085973209707
40412.82,0.828760138559384
40412.83,0.832600330554842
40412.84,0.84018712278288
40412.85,0.862721503836741
40412.86,0.849751628159729
40412.87,0.834554267043135
40412.88,0.857418282911882
40412.89,0.83637748497928
40412.9,0.844372329351238
40412.91,0.823956609673671
40412.92,0.850266375435664
40412.93,0.817654215004308
40412.94,0.829336369548925
40412.95,0.800159821141437
40412.96,0.867025447164696
40412.97,0.824647938775133
40412.98,0.817538882910575
40412.99,0.829597943227073
40413,0.829186659293141
40413.01,0.82087528172614
40413.02,0.859575711879402
40413.03,0.818869459238251
40413.04,0.815431184411678
40413.05,0.805930019913216
40413.06,0.825139510203722
40413.07,0.811724870808684
40413.08,0.789643153013758
40413.09,0.798710208235172
40413.1,0.823080265552986
40413.11,0.793863176615451
40413.12,0.785672438624199
40413.13,0.840446841090671
40413.14,0.856547648682005
40413.15,0.843383982710073
40413.16,0.876986538107947
40413.17,0.889799905173083
40413.18,0.880552764381076
40413.19,0.892489842733213
40413.2,0.897283741111708
40413.21,0.910960961469544
40413.22,0.962639526453999
40413.23,0.94831895255294
40413.24,0.937121318053222
40413.25,0.958024903475632
40413.26,0.971745873045648
40413.27,0.951482801175021
40413.28,0.951591261943468
40413.29,0.923228840763831
40413.3,0.947698470401862
40413.31,0.906236981830079
40413.32,0.892088879896218
40413.33,0.884087305550907
40413.34,0.891263648471543
40413.35,0.921255308978313
40413.36,0.949182745438095
40413.37,0.968937132785046
40413.38,0.968218984483818
40413.39,0.952687577521715
40413.4,0.968507126040428
40413.41,0.985698033405422
40413.42,0.987267704736997
40413.43,0.958177348754379
40413.44,0.978178482941855
40413.45,1.0267692279576
40413.46,1.03038240315193
40413.47,0.996217287377569
40413.48,0.990072862571477
40413.49,0.997415647371724
40413.5,0.983549675903871
40413.51,0.995560067344555
40413.52,1.02016966071107
40413.53,0.970950109623342
40413.54,0.951569742560474
40413.55,0.972697119593175
40413.56,0.957910649983136
40413.57,0.899096430805773
40413.58,0.896312275017857
40413.59,0.93153478290997
40413.6,0.927328310626331
40413.61,0.916351584416773
40413.62,0.908696939310852
40413.63,0.920597552002424
40413.64,0.869771650022241
40413.65,0.845944423534429
40413.66,0.832523504445093
40413.67,0.79629316207454
40413.68,0.803942924227193
40413.69,0.786149666834978
40413.7,0.800628981535204
40413.71,0.799963723119485
40413.72,0.774251261341653
40413.73,0.767506585071628
40413.74,0.774682295663007
40413.75,0.80677447435885
40413.76,0.797984497285088
40413.77,0.810083083052239
40413.78,0.791021175464584
40413.79,0.8012576247997
40413.8,0.792305068197022
40413.81,0.811260562721987
40413.82,0.795595578222117
40413.83,0.797559113033701
40413.84,0.834251322893812
40413.85,0.815102661414276
40413.86,0.794639919209778
40413.87,0.803825488651723
40413.88,0.814776802383014
40413.89,0.811125388859785
40413.9,0.825901384518383
40413.91,0.844195936711787
40413.92,0.87851403777837
40413.93,0.856697695122843
40413.94,0.869872772114656
40413.95,0.882251179636348
40413.96,0.953361059783138
40413.97,0.958259609486445
40413.98,0.97768484303824
40413.99,1.01737693825542
40414,1.00344976146706
40414.01,0.994857645124306
40414.02,0.986272642747796
40414.03,0.921329084739026
40414.04,0.857414645249487
40414.05,0.877016562598647
40414.06,0.890708977962328
40414.07,0.927575815068873
40414.08,0.962933253797988
40414.09,1.00251309334145
40414.1,1.01305084438301
40414.11,0.984852406187869
40414.12,1.00994624762815
40414.13,0.989466345301719
40414.14,0.955140416243176
40414.15,0.92176138746971
40414.16,0.892604302648148
40414.17,0.922824208928393
40414.18,0.916871325916211
40414.19,0.896228417183452
40414.2,0.930787412396344
40414.21,0.960635781620879
40414.22,0.911307594900998
40414.23,0.91074019936254
40414.24,0.899720960672565
40414.25,0.925357796852708
40414.26,0.929323105067398
40414.27,0.912109616753492
40414.28,0.946870565073605
40414.29,0.933832528434698
40414.3,0.913507300564338
40414.31,0.899209586271751
40414.32,0.881062980223762
40414.33,0.861411303609548
40414.34,0.822382238952514
40414.35,0.838439949114063
40414.36,0.887734097565893
40414.37,0.869994815084904
40414.38,0.925834456834526
40414.39,0.930088207947762
40414.4,0.923275118073302
40414.41,0.909798026587738
40414.42,0.903046726557843
40414.43,0.912597606578129
40414.44,0.906362846853037
40414.45,0.891599975393328
40414.46,0.850088719935455
40414.47,0.896717222521282
40414.48,0.857465523386649
40414.49,0.850457879416691
40414.5,0.875653630782099
40414.51,0.83065614351324
40414.52,0.853663991062912
40414.53,0.860468727654914
40414.54,0.851591604892482
40414.55,0.841736734023065
40414.56,0.808594856425009
40414.57,0.798206578651055
40414.58,0.808554053868218
40414.59,0.829199398004188
40414.6,0.810174524914744
40414.61,0.80479435771036
40414.62,0.786160585786389
40414.63,0.774783766993286
40414.64,0.758263281997504
40414.65,0.750533797218264
40414.66,0.756775798716927
40414.67,0.759677482279166
40414.68,0.762118104177494
40414.69,0.783350531488459
40414.7,0.75790452290966
40414.71,0.759663722185331
40414.72,0.798334355182034
40414.73,0.818819542882112
40414.74,0.847977921373012
40414.75,0.867864254345277
40414.76,0.861877036233469
40414.77,0.936118959930599
40414.78,0.923067220176453
40414.79,0.954124646784043
40414.8,0.943968694549174
40414.81,0.897922804998085
40414.82,0.86720283343971
40414.83,0.839063364630461
40414.84,0.834998585157103
40414.85,0.846381374305266
40414.86,0.855503383946999
40414.87,0.848455387570663
40414.88,0.862414728564871
40414.89,0.897009419190101
40414.9,0.903883803033939
40414.91,0.920008239702147
40414.92,0.896121706016412
40414.93,0.933784119615455
40414.94,0.948193826325706
40414.95,1.00671655445347
40414.96,0.972943453734907
40414.97,0.977657786222542
40414.98,0.950302455637664
40414.99,0.927788965387951
40415,0.937712840248098
40415.01,0.964337394086983
40415.02,0.960344885062092
40415.03,1.00937842019546
40415.04,1.03747310903621
40415.05,1.00960946940633
40415.06,0.990535739581327
40415.07,1.01748328172946
40415.08,0.991106870041652
40415.09,1.02219453870241
40415.1,1.03100302334952
40415.11,1.06410510487704
40415.12,1.04156859757516
40415.13,1.04660913478905
40415.14,1.05961149017686
40415.15,1.07006243514478
40415.16,1.0746836978141
40415.17,1.12809250521615
40415.18,1.07338185883495
40415.19,1.05215437478413
40415.2,1.03543737624835
40415.21,1.05038557912839
40415.22,1.07505708648205
40415.23,1.08007949639931
40415.24,1.0830273903829
40415.25,1.08978083039267
40415.26,1.06179252243456
40415.27,1.01604371160762
40415.28,0.987184669763899
40415.29,1.01671354959502
40415.3,0.993881919853549
40415.31,0.990894913483126
40415.32,0.969050919242967
40415.33,0.948591294073156
40415.34,0.965567252813712
40415.35,0.944206551134258
40415.36,0.930143068368438
40415.37,0.916272933025899
40415.38,0.931439487431736
40415.39,0.931440839000973
40415.4,0.95372423163129
40415.41,0.932153128053357
40415.42,0.91864595853485
40415.43,0.920580880909526
40415.44,0.921391681653702
40415.45,0.932352416929209
40415.46,0.908099535120662
40415.47,0.944273339825161
40415.48,0.953239701547239
40415.49,0.932347819394372
40415.5,0.940730709080372
40415.51,0.908304835193821
40415.52,0.898916256307796
40415.53,0.887388922304929
40415.54,0.883951933447576
40415.55,0.897195175352332
40415.56,0.923197814553247
40415.57,0.910033758519865
40415.58,0.901814168709503
40415.59,0.914767092315531
40415.6,0.917326543792402
40415.61,0.934998169152428
40415.62,0.931043710694058
40415.63,0.932585733469486
40415.64,0.932255357399299
40415.65,0.926146556834718
40415.66,0.930006885486895
40415.67,0.869740102382003
40415.68,0.894160916542793
40415.69,0.871283365444402
40415.7,0.8819057264626
40415.71,0.88451670438802
40415.72,0.884502239040134
40415.73,0.884070135280762
40415.74,0.86071675806493
40415.75,0.872054976064122
40415.76,0.87436756398874
40415.77,0.894114779789335
40415.78,0.882463266931795
40415.79,0.862938705527945
40415.8,0.861418873578245
40415.81,0.900530159405594
40415.82,0.893941996230104
40415.83,0.8569848852959
40415.84,0.836352786018137
40415.85,0.858677504618218
40415.86,0.895158746371696
40415.87,0.927918084422137
40415.88,0.90226424196436
40415.89,0.914364730937406
40415.9,0.92076100718297
40415.91,0.939992867619644
40415.92,0.920342148880033
40415.93,0.945866718936168
40415.94,0.935627131668532
40415.95,0.935244480703804
40415.96,0.908351859894862
40415.97,0.901204934624113
40415.98,0.909662112280812
40415.99,0.914747798286033
40416,0.931708399979046
40416.01,0.918953219954915
40416.02,0.928652165368134
40416.03,0.935497935458669
40416.04,0.939324777863872
40416.05,0.927518043474127
40416.06,0.915435776174932
40416.07,0.858913778150584
40416.08,0.878184898570106
40416.09,0.871195551888851
40416.1,0.878964549688998
40416.11,0.853978766436637
40416.12,0.815646304269922
40416.13,0.797863276078227
40416.14,0.798208331859087
40416.15,0.819828927875716
40416.16,0.8229817879337
40416.17,0.802552718851315
40416.18,0.845250174105139
40416.19,0.833852600817294
40416.2,0.863095312536967
40416.21,0.887664415814982
40416.22,0.915672295467244
40416.23,0.910140518471659
40416.24,0.872597673460372
40416.25,0.859413423026105
40416.26,0.886472110216711
40416.27,0.920499195403805
40416.28,0.894566508315349
40416.29,0.872080015267529
40416.3,0.884587238934023
40416.31,0.816547432361118
40416.32,0.803936156568355
40416.33,0.775350149573736
40416.34,0.788845785853552
40416.35,0.780147523285211
40416.36,0.749058694192245
40416.37,0.744911777687847
40416.38,0.774389285108038
40416.39,0.813249010809492
40416.4,0.816874886795282
40416.41,0.787982392620732
40416.42,0.794178890727918
40416.43,0.768879134923335
40416.44,0.786444658134292
40416.45,0.794864466826962
40416.46,0.779412297824771
40416.47,0.787557635272001
40416.48,0.788402795490758
40416.49,0.779750013629474
40416.5,0.774285547542308
40416.51,0.761968420792259
40416.52,0.736728956108171
40416.53,0.732332275923943
40416.54,0.746578391919317
40416.55,0.738835682208109
40416.56,0.73876796860374
40416.57,0.73638012603254
40416.58,0.777087370237796
40416.59,0.782936344958205
40416.6,0.810224665005311
40416.61,0.852597756624804
40416.62,0.841134651861713
40416.63,0.889189386805803
40416.64,0.866200855915797
40416.65,0.853880889159726
40416.66,0.826442761314742
40416.67,0.813901940570455
40416.68,0.809252724481423
40416.69,0.824899813818252
40416.7,0.825663535893255
40416.71,0.837494575591964
40416.72,0.847562678298963
40416.73,0.842934110533761
40416.74,0.82471079932947
40416.75,0.831787506917324
40416.76,0.847032557886443
40416.77,0.848752884762001
40416.78,0.836675661329972
40416.79,0.832184546590793
40416.8,0.8563170505529
40416.81,0.857395489738251
40416.82,0.872090060284102
40416.83,0.884227891099584
40416.84,0.845334533853773
40416.85,0.843241138172392
40416.86,0.833060141681312
40416.87,0.835830490547319
40416.88,0.814320203505374
40416.89,0.811201513924205
40416.9,0.816364971237613
40416.91,0.834546577158502
40416.92,0.832083422519101
40416.93,0.827827381978868
40416.94,0.826520013769023
40416.95,0.83640225308617
40416.96,0.829796711930148
40416.97,0.847167780866432
40416.98,0.842272032057103
40416.99,0.869954337819981
40417,0.864732729981177
40417.01,0.858038459702675
40417.02,0.890398845519331
40417.03,0.892448481484943
40417.04,0.92116617723787
40417.05,0.938899680556808
40417.06,0.975220043619395
40417.07,0.965166388924272
40417.08,0.941430111601274
40417.09,0.970840649746892
40417.1,0.947682548089335
40417.11,0.946155679662697
40417.12,0.98216559017022
40417.13,0.975326348944091
40417.14,1.00522943634114
40417.15,1.02636767890017
40417.16,1.07470805957073
40417.17,1.08324715632373
40417.18,1.08295770022067
40417.19,1.07409624589468
40417.2,1.11576723125637
40417.21,1.09057635064356
40417.22,1.05920180915352
40417.23,1.01666809254619
40417.24,0.99083998725667
40417.25,0.972107053820194
40417.26,0.953201631049036
40417.27,0.986790496418728
40417.28,0.975522081361529
40417.29,0.98212541887765
40417.3,1.00554627304858
40417.31,0.995535457401314
40417.32,0.903233937625178
40417.33,0.920370909134459
40417.34,0.866580652301779
40417.35,0.865476251702672
40417.36,0.848054474595294
40417.37,0.842745234349107
40417.38,0.793698360954315
40417.39,0.833435802690551
40417.4,0.848600737505245
40417.41,0.852630471509124
40417.42,0.842745137153611
40417.43,0.823768152061625
40417.44,0.797518593923394
40417.45,0.767023610221927
40417.46,0.741119169589539
40417.47,0.728142598904051
40417.48,0.755746223438516
40417.49,0.757679494895965
40417.5,0.762522441010415
40417.51,0.735267702671061
40417.52,0.707607971833583
40417.53,0.699473566953576
40417.54,0.714651472036763
40417.55,0.726983329910462
40417.56,0.719489965604372
40417.57,0.717294890367557
40417.58,0.705624848536623
40417.59,0.733576653152332
40417.6,0.720143923694894
40417.61,0.724221707708388
40417.62,0.700367310635424
40417.63,0.721541350172573
40417.64,0.7102710427364
40417.65,0.699912212291456
40417.66,0.724641224621083
40417.67,0.709679569569459
40417.68,0.73462316683437
40417.69,0.749172898744557
40417.7,0.755139125112373
40417.71,0.73431981741799
40417.72,0.726900511271752
40417.73,0.71912754026804
40417.74,0.776652250086941
40417.75,0.816980704651235
40417.76,0.857928631902573
40417.77,0.848633091805406
40417.78,0.807452536904587
40417.79,0.776433603224039
40417.8,0.751450285053682
40417.81,0.734817436943125
40417.82,0.750202464214782
40417.83,0.735019954242965
40417.84,0.716971989015909
40417.85,0.738750508405637
40417.86,0.746255381202321
40417.87,0.742665087900364
40417.88,0.73300611096067
40417.89,0.72504257300451
40417.9,0.703843751135353
40417.91,0.701256544913979
40417.92,0.713693899093653
40417.93,0.703300246841212
40417.94,0.73717157517212
40417.95,0.714999572538003
40417.96,0.69870477556554
40417.97,0.707742514891927
40417.98,0.694827921492162
40417.99,0.67294167318195
40418,0.677421811446123
40418.01,0.675345052858323
40418.02,0.688475511981173
40418.03,0.697151032367391
40418.04,0.694486641751066
40418.05,0.698306285437711
40418.06,0.712896734972629
40418.07,0.75486643483648
40418.08,0.724499161559152
40418.09,0.732162726750879
40418.1,0.788168077723316
40418.11,0.779708528990619
40418.12,0.792511775531636
40418.13,0.76726747956985
40418.14,0.771662015445794
40418.15,0.782629025909227
40418.16,0.824245780619014
40418.17,0.839170563496549
40418.18,0.837241439871937
40418.19,0.830520111770949
40418.2,0.846036770119435
40418.21,0.815714220717114
40418.22,0.805158876077687
40418.23,0.828042799445733
40418.24,0.836207531438928
40418.25,0.848255279431334
40418.26,0.855228006468987
40418.27,0.853009606717719
40418.28,0.82063921790368
40418.29,0.883861808278372
40418.3,0.863162284541434
40418.31,0.876471392466491
40418.32,0.86779239175775
40418.33,0.871933534631082
40418.34,0.938770486045151
40418.35,1.00272281872673
40418.36,1.00179325395943
40418.37,0.978878390614079
40418.38,0.925145439562131
40418.39,0.904098685981376
40418.4,0.849809594832016
40418.41,0.836985106472169
40418.42,0.794491547634974
40418.43,0.787232114901872
40418.44,0.79434644110455
40418.45,0.783781383230696
40418.46,0.792647073820141
40418.47,0.829864972652317
40418.48,0.825917703906292
40418.49,0.871553038807211
40418.5,0.863788207952249
40418.51,0.858189456819318
40418.52,0.880172569271132
40418.53,0.88003406710925
40418.54,0.910330145180432
40418.55,0.888991467718223
40418.56,0.896641306927048
40418.57,0.909605247608739
40418.58,0.910943020939209
40418.59,0.881873242177135
40418.6,0.857564515941505
40418.61,0.856309761609657
40418.62,0.865665373343733
40418.63,0.87374846005695
40418.64,0.848315729294532
40418.65,0.82963804768296
40418.66,0.834673577538385
40418.67,0.858601119740552
40418.68,0.837536261547321
40418.69,0.830997723978851
40418.7,0.835553555895307
40418.71,0.839897998757342
40418.72,0.820577257574644
40418.73,0.829654030017728
40418.74,0.793920681129779
40418.75,0.800341877152352
40418.76,0.829226438506405
40418.77,0.827701446029134
40418.78,0.80434877675193
40418.79,0.824418408146647
40418.8,0.807704737817752
40418.81,0.861087948610154
40418.82,0.846788056156917
40418.83,0.820607290982457
40418.84,0.815430863294158
40418.85,0.811757330483442
40418.86,0.832175601317318
40418.87,0.797942626133959
40418.88,0.771497920871947
40418.89,0.766495148486717
40418.9,0.793591543913257
40418.91,0.811390501758792
40418.92,0.782327743983166
40418.93,0.783772909865536
40418.94,0.790469564256301
40418.95,0.78688131645593
40418.96,0.815479212211908
40418.97,0.821011071816337
40418.98,0.814275546874938
40418.99,0.781036566303855
40419,0.757452466291939
40419.01,0.760198866112074
40419.02,0.759756064196167
40419.03,0.790835956433644
40419.04,0.798746398107431
40419.05,0.799383353288999
40419.06,0.791466475722074
40419.07,0.773673205083728
40419.08,0.804927997513249
40419.09,0.812489172257817
40419.1,0.809919697934141
40419.11,0.800543831924049
40419.12,0.821754783153266
40419.13,0.784436917855489
40419.14,0.742617146410582
40419.15,0.756471393063876
40419.16,0.748693268777866
40419.17,0.727352740051557
40419.18,0.740174833692975
40419.19,0.766758555728247
40419.2,0.792948571617828
40419.21,0.784951424780203
40419.22,0.83981469972368
40419.23,0.849477349801744
40419.24,0.877575548251991
40419.25,0.910141262740682
40419.26,0.923347640934777
40419.27,0.915201377806305
40419.28,0.953338657681613
40419.29,0.969349484376911
40419.3,0.95185689509042
40419.31,0.941938844525881
40419.32,0.912898858623556
40419.33,0.900917975367295
40419.34,0.886902413009816
40419.35,0.883318538860958
40419.36,0.860803270255387
40419.37,0.861198535225432
40419.38,0.841998027660595
40419.39,0.857103891776691
40419.4,0.810910032904292
40419.41,0.855600697587314
40419.42,0.850342754798031
40419.43,0.895155740592781
40419.44,0.947110909483704
40419.45,0.936684427222095
40419.46,0.960242555574797
40419.47,0.913651758985733
40419.48,0.927854590693682
40419.49,0.873749864039507
40419.5,0.886607261411981
40419.51,0.877516278413713
40419.52,0.841890349930683
40419.53,0.825923785982663
40419.54,0.878996803723977
40419.55,0.881116983807572
40419.56,0.846836277435565
40419.57,0.809186424531872
40419.58,0.802075501979907
40419.59,0.808383378076974
40419.6,0.796444198590294
40419.61,0.7985078125031
40419.62,0.827402762216561
40419.63,0.812118807548053
40419.64,0.819754749974931
40419.65,0.783218414533381
40419.66,0.762747798200052
40419.67,0.797096394060883
40419.68,0.815734701107817
40419.69,0.810553753195488
40419.7,0.791088034924602
40419.71,0.796295498717366
40419.72,0.799984216138879
40419.73,0.793098281412888
40419.74,0.799695957661337
40419.75,0.783605334707928
40419.76,0.842043733504039
40419.77,0.811607711227039
40419.78,0.844164519585089
40419.79,0.80857218172442
40419.8,0.792906730630245
40419.81,0.77856824152339
40419.82,0.757239944517567
40419.83,0.768094009133172
40419.84,0.769660607107702
40419.85,0.785294296061627
40419.86,0.790181457158423
40419.87,0.799782446942067
40419.88,0.836819122242791
40419.89,0.841406176748229
40419.9,0.840765084739681
40419.91,0.850252393442131
40419.92,0.810389405868356
40419.93,0.796253288730967
40419.94,0.781927340516766
40419.95,0.77635509107325
40419.96,0.77029308497671
40419.97,0.791851733232699
40419.98,0.763827657951748
40419.99,0.778697479014429
40420,0.795029763240589
40420.01,0.789841445854679
40420.02,0.7928311788771
40420.03,0.791468119157682
40420.04,0.798486077060372
40420.05,0.806368309734966
40420.06,0.797460342848722
40420.07,0.823297729837821
40420.08,0.788479786805072
40420.09,0.783416376426356
40420.1,0.809460199108659
40420.11,0.82713509342081
40420.12,0.818423865748105
40420.13,0.834332904637061
40420.14,0.805511401010346
40420.15,0.797406155422894
40420.16,0.772931802464562
40420.17,0.769107176810859
40420.18,0.814913835195925
40420.19,0.807889839185998
40420.2,0.797579340460239
40420.21,0.80856434252637
40420.22,0.795442715826574
40420.23,0.793211293235559
40420.24,0.779530179127571
40420.25,0.764301402694484
40420.26,0.735634273104965
40420.27,0.72445169570961
40420.28,0.69268338825869
40420.29,0.693173413222314
40420.3,0.686047219049289
40420.31,0.668549352141499
40420.32,0.649632134313975
40420.33,0.670626742031756
40420.34,0.675814412251637
40420.35,0.668920053078226
40420.36,0.667840553442567
40420.37,0.678737934741064
40420.38,0.678714722281521
40420.39,0.713563246939632
40420.4,0.716539856868335
40420.41,0.699596688547982
40420.42,0.697940638562728
40420.43,0.699610432117773
40420.44,0.71263571752951
40420.45,0.715967740142258
40420.46,0.70744100688199
40420.47,0.714315041553343
40420.48,0.730890859946528
40420.49,0.717552990956155
40420.5,0.747522528581919
40420.51,0.734575269840806
40420.52,0.734777871645628
40420.53,0.740816283064066
40420.54,0.731050808672577
40420.55,0.773169784346922
40420.56,0.779040627553152
40420.57,0.766896106671486
40420.58,0.780245347669514
40420.59,0.778369315689791
40420.6,0.798266748235404
40420.61,0.807301922148925
40420.62,0.797637505524976
40420.63,0.781950618519289
40420.64,0.818356053389655
40420.65,0.80979266929921
40420.66,0.829347479413545
40420.67,0.813968312455496
40420.68,0.822719565022663
40420.69,0.819350713150312
40420.7,0.857807514175823
40420.71,0.840344654268117
40420.72,0.820431356370387
40420.73,0.823876750089391
40420.74,0.838370298724526
40420.75,0.840449178147802
40420.76,0.840797276286791
40420.77,0.788838552116201
40420.78,0.815907403344489
40420.79,0.839692711777718
40420.8,0.857174950098405
40420.81,0.86314293517337
40420.82,0.874439249480829
40420.83,0.874215327909789
40420.84,0.870623985036151
40420.85,0.855044072961037
40420.86,0.825226628604285
40420.87,0.828048895999435
40420.88,0.824539432217479
40420.89,0.796876516331995
40420.9,0.795264411920299
40420.91,0.81423813670656
40420.92,0.81004816436287
40420.93,0.841405512737206
40420.94,0.817929179995745
40420.95,0.803839408871905
40420.96,0.836083388381748
40420.97,0.835277149632411
40420.98,0.850455897440089
40420.99,0.820763498377876
40421,0.851977748819622
40421.01,0.839876196003144
40421.02,0.829423876655947
40421.03,0.821272534241875
40421.04,0.838878979540122
40421.05,0.871841461763311
40421.06,0.889619602026268
40421.07,0.929866107904681
40421.08,0.905287504839541
40421.09,0.861786279503677
40421.1,0.886972044650164
40421.11,0.823005388352671
40421.12,0.827562469212557
40421.13,0.837905947992263
40421.14,0.834489341518801
40421.15,0.852662598947176
40421.16,0.852066849581187
40421.17,0.863675888657705
40421.18,0.866361387696935
40421.19,0.863164690749602
40421.2,0.84694134295585
40421.21,0.855840921277126
40421.22,0.839458808731325
40421.23,0.818699471611023
40421.24,0.824749455984808
40421.25,0.824274024582285
40421.26,0.798877281468427
40421.27,0.801472688055259
40421.28,0.765723616146694
40421.29,0.770470494649112
40421.3,0.78108727823602
40421.31,0.776617204918578
40421.32,0.766701795142292
40421.33,0.765100186857719
40421.34,0.798116990108304
40421.35,0.823040081502045
40421.36,0.810006703647126
40421.37,0.781750508794374
40421.38,0.761830198103578
40421.39,0.784760687666926
40421.4,0.803725277595745
40421.41,0.823481570824799
40421.42,0.826141205605802
40421.43,0.795243892895503
40421.44,0.750598524219368
40421.45,0.798384946067385
40421.46,0.843016461600779
40421.47,0.804288383480944
40421.48,0.83967548860348
40421.49,0.878990639201769
40421.5,0.89373801696827
40421.51,0.854674374667902
40421.52,0.887179484473958
40421.53,0.878541916526689
40421.54,0.905742758451082
40421.55,0.886367267631278
40421.56,0.876132128056376
40421.57,0.899675771728229
40421.58,0.905817363994257
40421.59,0.910499800293867
40421.6,0.881746195211728
40421.61,0.872851183938029
40421.62,0.858757436505422
40421.63,0.819354479315814
40421.64,0.80700255049579
40421.65,0.824403509747119
40421.66,0.811206379336212
40421.67,0.812260004300982
40421.68,0.833468789013384
40421.69,0.818108403131584
40421.7,0.791853716417317
40421.71,0.787459509561238
40421.72,0.780485442499194
40421.73,0.764499180860051
40421.74,0.770865387928779
40421.75,0.771961224710719
40421.76,0.771283169904851
40421.77,0.777042877836016
40421.78,0.760140503879124
40421.79,0.761952645105708
40421.8,0.763275805471672
40421.81,0.781511851104096
40421.82,0.798035156533502
40421.83,0.798055777091391
40421.84,0.815190879126155
40421.85,0.807298942981873
40421.86,0.789728582239767
40421.87,0.804325672379642
40421.88,0.755466181126154
40421.89,0.753535037774534
40421.9,0.745813603448314
40421.91,0.758075122517928
40421.92,0.763159337060882
40421.93,0.736701033985651
40421.94,0.719892142710313
40421.95,0.745285826571313
40421.96,0.727812003778934
40421.97,0.728870708400578
40421.98,0.698325528692004
40421.99,0.716584861410036
40422,0.710810639417164
40422.01,0.705560044442313
40422.02,0.714880407874192
40422.03,0.74761106340647
40422.04,0.714780605901441
40422.05,0.732694992591207
40422.06,0.743305220134979
40422.07,0.747674492925691
40422.08,0.762950204593377
40422.09,0.778941864928047
40422.1,0.787883507989571
40422.11,0.77387831074179
40422.12,0.761864522383265
40422.13,0.756693310956085
40422.14,0.731881549302659
40422.15,0.721010564505631
40422.16,0.726246643769374
40422.17,0.775193541027166
40422.18,0.778774406376503
40422.19,0.780620613696534
40422.2,0.777920164840663
40422.21,0.796833708203826
40422.22,0.801538762829433
40422.23,0.806232080116432
40422.24,0.779104228028799
40422.25,0.79150003710675
40422.26,0.772623134042974
40422.27,0.77448536316402
40422.28,0.788660619204102
40422.29,0.768942721083076
40422.3,0.742940091016069
40422.31,0.788381028842144
40422.32,0.800704854549678
40422.33,0.79657925837441
40422.34,0.816231942079433
40422.35,0.816665914604679
40422.36,0.836777286711397
40422.37,0.801108263044038
40422.38,0.823953531859432
40422.39,0.797540956881902
40422.4,0.794796981730118
40422.41,0.784641409691507
40422.42,0.787347140766175
40422.43,0.775535813167185
40422.44,0.764800319328842
40422.45,0.806288036666181
40422.46,0.785691522294025
40422.47,0.782263199587864
40422.48,0.779567494324834
40422.49,0.757988985536848
40422.5,0.793910450154432
40422.51,0.774286889783875
40422.52,0.776868908503549
40422.53,0.76264377161273
40422.54,0.781177288933649
40422.55,0.787203640746665
40422.56,0.748864669000807
40422.57,0.735813309287375
40422.58,0.7432369763951
40422.59,0.73422917611162
40422.6,0.737664138303096
40422.61,0.746669731200565
40422.62,0.725952740679445
40422.63,0.728371122893465
40422.64,0.735318349297793
40422.65,0.73134680017271
40422.66,0.694125492260878
40422.67,0.730659218197545
40422.68,0.731324453226108
40422.69,0.730306478307761
40422.7,0.710044595253252
40422.71,0.7277921615269
40422.72,0.703684637005335
40422.73,0.722527506863349
40422.74,0.714997142346314
40422.75,0.684382531595128
40422.76,0.696866791213617
40422.77,0.67124414152941
40422.78,0.665266221491769
40422.79,0.696314811594032
40422.8,0.692775273587327
40422.81,0.685321188620827
40422.82,0.703835327611704
40422.83,0.698581056115548
40422.84,0.717773551107534
40422.85,0.737953189809247
40422.86,0.728036769094242
40422.87,0.725542289501766
40422.88,0.728896745772728
40422.89,0.720564954472029
40422.9,0.727485865809536
40422.91,0.734691007772815
40422.92,0.733552980503658
40422.93,0.740963986749226
40422.94,0.730129974452202
40422.95,0.73437573720356
40422.96,0.729731964134121
40422.97,0.766385926241322
40422.98,0.774751402665168
40422.99,0.75422814075947
40423,0.764514485972268
40423.01,0.813737897129599
40423.02,0.793639108974429
40423.03,0.799176743131829
40423.04,0.788374897172776
40423.05,0.81379444867673
40423.06,0.804650162426395
40423.07,0.755569451195932
40423.08,0.752180389610553
40423.09,0.757983600583824
40423.1,0.748787859413542
40423.11,0.727032365170483
40423.12,0.769587422206668
40423.13,0.789143657372853
40423.14,0.792511400752038
40423.15,0.814472478165959
40423.16,0.811522251906273
40423.17,0.739730048727038
40423.18,0.734046207559666
40423.19,0.69954065720902
40423.2,0.708787889535568
40423.21,0.711161749400699
40423.22,0.713306959026558
40423.23,0.699958472311457
40423.24,0.721631909462418
40423.25,0.715740169772041
40423.26,0.695796736550183
40423.27,0.716495598336304
40423.28,0.69155359289786
40423.29,0.659717724527744
40423.3,0.64776468485944
40423.31,0.6466987124241
40423.32,0.64771209536169
40423.33,0.657665704085581
40423.34,0.679446831164486
40423.35,0.665688658740431
40423.36,0.651221307909182
40423.37,0.656351314542895
40423.38,0.635035679747724
40423.39,0.638220973735596
40423.4,0.623217074230227
40423.41,0.61490377689944
40423.42,0.626177852079873
40423.43,0.62395931299828
40423.44,0.620882103572803
40423.45,0.648839345269716
40423.46,0.641263626051804
40423.47,0.656513659440405
40423.48,0.645996170457872
40423.49,0.629474837689318
40423.5,0.610615849947442
40423.51,0.623810833338567
40423.52,0.631797665945238
40423.53,0.629563247140924
40423.54,0.63710349908014
40423.55,0.635749978651598
40423.56,0.62646748193727
40423.57,0.65141597694174
40423.58,0.646501848115268
40423.59,0.630342849272358
40423.6,0.657019401520704
40423.61,0.672947021455807
40423.62,0.681844786357832
40423.63,0.660375771624874
40423.64,0.644402507402377
40423.65,0.645554025671391
40423.66,0.658136064836968
40423.67,0.642946283891618
40423.68,0.675353263107335
40423.69,0.638675714828214
40423.7,0.644295512890585
40423.71,0.667043029972712
40423.72,0.68837693830889
40423.73,0.724455464590958
40423.74,0.730027984149993
40423.75,0.710678737233146
40423.76,0.707561444134228
40423.77,0.737128726578543
40423.78,0.736138120109197
40423.79,0.735439217901083
40423.8,0.735709439798258
40423.81,0.747390159071196
40423.82,0.765457698704748
40423.83,0.807259589738483
40423.84,0.806660646694516
40423.85,0.813139550063286
40423.86,0.805196778711415
40423.87,0.79994037580439
40423.88,0.7647467910616
40423.89,0.777529996391575
40423.9,0.779948437058177
40423.91,0.788900462535741
40423.92,0.73240674557226
40423.93,0.720061894261691
40423.94,0.744184511409805
40423.95,0.734632723253197
40423.96,0.772361246212499
40423.97,0.762898372972241
40423.98,0.757254505530211
40423.99,0.76642464383251
40424,0.777846931899604
40424.01,0.803522733281568
40424.02,0.771323823621053
40424.03,0.75697248352807
40424.04,0.744010455691774
40424.05,0.719666378130545
40424.06,0.705473142020338
40424.07,0.679610945423194
40424.08,0.690050261705274
40424.09,0.697076073875126
40424.1,0.689106403831033
40424.11,0.71996318944102
40424.12,0.73803359692543
40424.13,0.761010256812056
40424.14,0.785500089760441
40424.15,0.752932512551403
40424.16,0.708195710808158
40424.17,0.718594468868262
40424.18,0.724710117056887
40424.19,0.730265185558314
40424.2,0.760954234253845
40424.21,0.720655495786292
40424.22,0.734343347055119
40424.23,0.770147591968226
40424.24,0.812759466522594
40424.25,0.832480431187024
40424.26,0.824131139763289
40424.27,0.844090937443168
40424.28,0.849744961307141
40424.29,0.829921790723909
40424.3,0.81750656103249
40424.31,0.818786362576301
40424.32,0.837904597168862
40424.33,0.809926818972073
40424.34,0.806017894509718
40424.35,0.764514923942026
40424.36,0.761096194786391
40424.37,0.758996340211838
40424.38,0.754245640997214
40424.39,0.743067610165982
40424.4,0.750536225172383
40424.41,0.73841830169248
40424.42,0.703887450024018
40424.43,0.705393356615773
40424.44,0.691039091942738
40424.45,0.673083697560667
40424.46,0.68369504995283
40424.47,0.693549403002041
40424.48,0.70388138848729
40424.49,0.694279731724746
40424.5,0.708588328454238
40424.51,0.686941866761687
40424.52,0.706814870528167
40424.53,0.688951037969365
40424.54,0.707696823186203
40424.55,0.691850175551264
40424.56,0.691874807403837
40424.57,0.697787028687565
40424.58,0.682165214917977
40424.59,0.690829940658253
40424.6,0.700258590255638
40424.61,0.71236689514612
40424.62,0.698148605399202
40424.63,0.700174405285753
40424.64,0.704100913578644
40424.65,0.715643247338533
40424.66,0.743211234486509
40424.67,0.725237530766403
40424.68,0.683469282000239
40424.69,0.697713598777557
40424.7,0.696563266085793
40424.71,0.676729216748593
40424.72,0.649069180075738
40424.73,0.652270752338315
40424.74,0.64769489676852
40424.75,0.634438644237236
40424.76,0.63813410684338
40424.77,0.638888824596289
40424.78,0.645683107050958
40424.79,0.64704157161851
40424.8,0.662809195769945
40424.81,0.699164183126712
40424.82,0.713551185263194
40424.83,0.732134385624632
40424.84,0.74046364310298
40424.85,0.73305174480693
40424.86,0.741649947455454
40424.87,0.755842298533165
40424.88,0.770182382578547
40424.89,0.793405843812839
40424.9,0.810418472923583
40424.91,0.789150854274548
40424.92,0.80664114564179
40424.93,0.804412140326516
40424.94,0.80045579293941
40424.95,0.779422638798418
40424.96,0.792547231682385
40424.97,0.811428821400971
40424.98,0.810310242780733
40424.99,0.810134857549526
40425,0.801907378001746
40425.01,0.800633386240138
40425.02,0.802000094676544
40425.03,0.775211561082785
40425.04,0.800121777808765
40425.05,0.787799581227091
40425.06,0.786657043367875
40425.07,0.816956505843847
40425.08,0.786679397707232
40425.09,0.814875906615752
40425.1,0.799471224515088
40425.11,0.781160869250869
40425.12,0.807212216323532
40425.13,0.82797485696722
40425.14,0.800578980364227
40425.15,0.824913024228002
40425.16,0.866446066843095
40425.17,0.843341348794067
40425.18,0.846662840984942
40425.19,0.838350172421769
40425.2,0.809773380901103
40425.21,0.800047585356724
40425.22,0.805176040283943
40425.23,0.801827291159837
40425.24,0.787025559990798
40425.25,0.756897345575334
40425.26,0.725364139200762
40425.27,0.737353674734372
40425.28,0.75134245229121
40425.29,0.775823548990479
40425.3,0.754500012014407
40425.31,0.789208647018188
40425.32,0.806032972772597
40425.33,0.770302868081104
40425.34,0.734066174031532
40425.35,0.713068832126167
40425.36,0.704135223764717
40425.37,0.692640933124911
40425.38,0.68251065207483
40425.39,0.652622559352641
40425.4,0.644052181993683
40425.41,0.616358479167362
40425.42,0.60650613841493
40425.43,0.604780058467613
40425.44,0.578044225987993
40425.45,0.598076802260678
40425.46,0.601890212543489
40425.47,0.608657430957262
40425.48,0.621350601043812
40425.49,0.626773548346651
40425.5,0.613796524832091
40425.51,0.619621192024539
40425.52,0.637762824715961
40425.53,0.632771497325679
40425.54,0.649313739291866
40425.55,0.630424484320483
40425.56,0.631135370082417
40425.57,0.641054637970656
40425.58,0.648131806769382
40425.59,0.662950035676867
40425.6,0.665230366960641
40425.61,0.673591808888321
40425.62,0.681843355982447
40425.63,0.677262801070378
40425.64,0.675792409585013
40425.65,0.645182826934468
40425.66,0.602903031116165
40425.67,0.591565405570205
40425.68,0.596353953717272
40425.69,0.583555254971556
40425.7,0.584420644652796
40425.71,0.599995393904299
40425.72,0.616330105120503
40425.73,0.618308969895613
40425.74,0.620059637110285
40425.75,0.617188070015979
40425.76,0.618415258354407
40425.77,0.616807799365844
40425.78,0.629154237959994
40425.79,0.63371511713412
40425.8,0.643266421009676
40425.81,0.624928604068517
40425.82,0.601936213847801
40425.83,0.609867871633454
40425.84,0.616209020314935
40425.85,0.599320800223899
40425.86,0.591382428867623
40425.87,0.602155100025865
40425.88,0.606367489961689
40425.89,0.622930042397208
40425.9,0.623451565987751
40425.91,0.632800976799298
40425.92,0.620064944376912
40425.93,0.608897740197238
40425.94,0.59598118472161
40425.95,0.588688614498026
40425.96,0.60164799447529
40425.97,0.587469163646603
40425.98,0.595977203894321
40425.99,0.624370051217909
40426,0.61805554250539
40426.01,0.629543636398469
40426.02,0.627047103255822
40426.03,0.637152063255293
40426.04,0.649620683813486
40426.05,0.626747645608895
40426.06,0.619413113839675
40426.07,0.606803843828508
40426.08,0.579466434831479
40426.09,0.612378259865083
40426.1,0.604701009293291
40426.11,0.608679759262302
40426.12,0.593741236083196
40426.13,0.609476692364374
40426.14,0.639716161882654
40426.15,0.64132735549711
40426.16,0.672422016303698
40426.17,0.676126770381227
40426.18,0.682421781268991
40426.19,0.655833940672812
40426.2,0.648134755412306
40426.21,0.643818240462205
40426.22,0.64280230713436
40426.23,0.643757459757447
40426.24,0.618367232256957
40426.25,0.628995311537702
40426.26,0.654941346341738
40426.27,0.681204917632835
40426.28,0.66559600359601
40426.29,0.646115345777726
40426.3,0.630440340797382
40426.31,0.640006871169079
40426.32,0.649617256280672
40426.33,0.639472456198152
40426.34,0.638762049590637
40426.35,0.622455872338942
40426.36,0.609534309966277
40426.37,0.633145065247464
40426.38,0.637303342930522
40426.39,0.638916672131119
40426.4,0.63051439501402
40426.41,0.655026779515118
40426.42,0.664236141407233
40426.43,0.705505472478154
40426.44,0.750634333970402
40426.45,0.718416074281663
40426.46,0.728133736222083
40426.47,0.707481992805996
40426.48,0.717629788063446
40426.49,0.739665222015725
40426.5,0.769353170223323
40426.51,0.780470178058556
40426.52,0.758796609676676
40426.53,0.735328168312181
40426.54,0.727972498512316
40426.55,0.738089177072318
40426.56,0.74931069777014
40426.57,0.736145450454722
40426.58,0.726282445858402
40426.59,0.76937850831588
40426.6,0.778341163718671
40426.61,0.790307350675059
40426.62,0.761827854530295
40426.63,0.793952364397148
40426.64,0.807136405016571
40426.65,0.783643132420701
40426.66,0.758758348718781
40426.67,0.785096797795361
40426.68,0.780917381266255
40426.69,0.777085735981581
40426.7,0.770457506453359
40426.71,0.786421326988384
40426.72,0.804303380424181
40426.73,0.808091500229591
40426.74,0.76259969747574
40426.75,0.767645775829189
40426.76,0.763525957012323
40426.77,0.728767674987677
40426.78,0.717957053200317
40426.79,0.701345159033043
40426.8,0.739565311588304
40426.81,0.73671607002221
40426.82,0.758371547211561
40426.83,0.770752886186067
40426.84,0.755519273264549
40426.85,0.769861693681166
40426.86,0.765992381758041
40426.87,0.755019757190779
40426.88,0.744615540756924
40426.89,0.733844378992606
40426.9,0.70510721781899
40426.91,0.67955953476838
40426.92,0.683215051639945
40426.93,0.668286434298017
40426.94,0.642215832776867
40426.95,0.641668764466749
40426.96,0.622680114508563
40426.97,0.631392363266908
40426.98,0.631023688695045
40426.99,0.615230846912843
40427,0.623195172994252
40427.01,0.613821581551686
40427.02,0.617215416124864
40427.03,0.614788612722847
40427.04,0.591788386189189
40427.05,0.611585015749616
40427.06,0.60030819608616
40427.07,0.613714198663364
40427.08,0.632397978733129
40427.09,0.686320564515688
40427.1,0.656461852756326
40427.11,0.706224651332993
40427.12,0.730611168521437
40427.13,0.734164664730233
40427.14,0.710861431588983
40427.15,0.727754130297479
40427.16,0.691107441611966
40427.17,0.696912236117862
40427.18,0.704130111237336
40427.19,0.69636139603375
40427.2,0.669474456585913
40427.21,0.661919676486117
40427.22,0.654815407451019
40427.23,0.674330269814355
40427.24,0.692844103826836
40427.25,0.674564954951598
40427.26,0.672424958373766
40427.27,0.668669793551896
40427.28,0.651492831241417
40427.29,0.631264808830476
40427.3,0.621641964653438
40427.31,0.653356260978068
40427.32,0.638326639471441
40427.33,0.62351959359558
40427.34,0.616094344919545
40427.35,0.640419732664121
40427.36,0.62294347461588
40427.37,0.629287825160866
40427.38,0.606268104861027
40427.39,0.623785643003321
40427.4,0.629974327720894
40427.41,0.634103117959102
40427.42,0.66457719661211
40427.43,0.648160019244428
40427.44,0.643366887695015
40427.45,0.659143302951348
40427.46,0.659375419761863
40427.47,0.670701322976367
40427.48,0.692546068989793
40427.49,0.688450578871711
40427.5,0.689667981198166
40427.51,0.695383016534497
40427.52,0.680123815025813
40427.53,0.688193500261653
40427.54,0.679885606634222
40427.55,0.656298474906434
40427.56,0.663501907930688
40427.57,0.687390875648084
40427.58,0.695422379143957
40427.59,0.683091799385787
40427.6,0.672083039028866
40427.61,0.641279936590232
40427.62,0.648498497353005
40427.63,0.669370998232802
40427.64,0.680739386398898
40427.65,0.672553676063851
40427.66,0.677592393286621
40427.67,0.657703642014986
40427.68,0.665661026452812
40427.69,0.656839378768912
40427.7,0.686721750615073
40427.71,0.682598549990875
40427.72,0.673574094970715
40427.73,0.664028705035267
40427.74,0.666095183858543
40427.75,0.660673764146852
40427.76,0.63453946200764
40427.77,0.615272477939501
40427.78,0.604871575032746
40427.79,0.578951681491173
40427.8,0.563255690004484
40427.81,0.587105451083885
40427.82,0.610358022259557
40427.83,0.608462155544433
40427.84,0.634308106131298
40427.85,0.612553312420187
40427.86,0.622767986199802
40427.87,0.604728859988511
40427.88,0.608323408145074
40427.89,0.625573840446926
40427.9,0.645195642084568
40427.91,0.651664390757375
40427.92,0.598002125453034
40427.93,0.585242600463418
40427.94,0.593631625729624
40427.95,0.574512665900478
40427.96,0.559368382276692
40427.97,0.538812458772605
40427.98,0.539596909893622
40427.99,0.540309186378727
40428,0.541400091715134
40428.01,0.558572463530105
40428.02,0.542306223555584
40428.03,0.532636743601069
40428.04,0.526951500242205
40428.05,0.513667487491526
40428.06,0.512595194151715
40428.07,0.523389003799026
40428.08,0.523901227256871
40428.09,0.554667346333657
40428.1,0.569285576404599
40428.11,0.532935609049405
40428.12,0.527950422097466
40428.13,0.52750124483757
40428.14,0.536142451010025
40428.15,0.523662884279967
40428.16,0.511556392555545
40428.17,0.519070165880034
40428.18,0.526103177062949
40428.19,0.525720577724309
40428.2,0.527070086275636
40428.21,0.545463278916226
40428.22,0.56593457699081
40428.23,0.573218517726171
40428.24,0.572028088670439
40428.25,0.595497044730414
40428.26,0.594414923813225
40428.27,0.582598022829193
40428.28,0.574440263744017
40428.29,0.590862886602177
40428.3,0.602923206413778
40428.31,0.62149117000205
40428.32,0.627208740609252
40428.33,0.595519823535878
40428.34,0.59646739306859
40428.35,0.583464564952524
40428.36,0.566334882526607
40428.37,0.593414340285305
40428.38,0.589054396498191
40428.39,0.572767864943958
40428.4,0.572692457923376
40428.41,0.593422677667666
40428.42,0.613584099904969
40428.43,0.577212529046285
40428.44,0.57989298899091
40428.45,0.618434908167558
40428.46,0.597300732456626
40428.47,0.589739850666742
40428.48,0.593538490428946
40428.49,0.589742990736436
40428.5,0.592369730751963
40428.51,0.583668889771253
40428.52,0.591459196129029
40428.53,0.599920264339769
40428.54,0.596022810640898
40428.55,0.587353413601645
40428.56,0.585199223348367
40428.57,0.592645041666718
40428.58,0.626501624096586
40428.59,0.615405861277642
40428.6,0.615513480645761
40428.61,0.620739623701223
40428.62,0.643658817342844
40428.63,0.620190396227303
40428.64,0.629452806764761
40428.65,0.632293521508944
40428.66,0.647771536538152
40428.67,0.64862747979327
40428.68,0.648379145322949
40428.69,0.610072271615232
40428.7,0.628174082892252
40428.71,0.614696282428759
40428.72,0.627923985499491
40428.73,0.619050864478732
40428.74,0.60567421619653
40428.75,0.590536549356743
40428.76,0.579441259774877
40428.77,0.585115280450401
40428.78,0.575683545361803
40428.79,0.5367690324048
40428.8,0.532004451388676
40428.81,0.5419037918571
40428.82,0.554777036232691
40428.83,0.568568231710087
40428.84,0.575922146247295
40428.85,0.596433450950052
40428.86,0.589828654818627
40428.87,0.619308291294294
40428.88,0.600686686852823
40428.89,0.622068972490113
40428.9,0.605996569707707
40428.91,0.590247295392774
40428.92,0.568875040902215
40428.93,0.5658406106663
40428.94,0.556671350628285
40428.95,0.531505808986952
40428.96,0.538788787180573
40428.97,0.541652417818557
40428.98,0.53864165664895
40428.99,0.510933679659327
40429,0.524092632245698
40429.01,0.534653284231864
40429.02,0.537706499689084
40429.03,0.532414978451087
40429.04,0.530579686259723
40429.05,0.530320384414396
40429.06,0.490236572630965
40429.07,0.501194383304206
40429.08,0.48832710534192
40429.09,0.496665088246478
40429.1,0.512540318973512
40429.11,0.525276543985837
40429.12,0.534838818687673
40429.13,0.547440668354502
40429.14,0.585455623310826
40429.15,0.604353510991082
40429.16,0.613227845781358
40429.17,0.60738746692963
40429.18,0.592505403351753
40429.19,0.598799325213948
40429.2,0.578957323463958
40429.21,0.567162876890169
40429.22,0.555468307003042
40429.23,0.570909981012571
40429.24,0.584657671822834
40429.25,0.567466880330162
40429.26,0.554759089167379
40429.27,0.569659929355556
40429.28,0.57759886299363
40429.29,0.55396193992458
40429.3,0.566890024589662
40429.31,0.557744403624888
40429.32,0.569279236258582
40429.33,0.550732295606158
40429.34,0.561545729704931
40429.35,0.52976195308305
40429.36,0.527071039857536
40429.37,0.538492926581715
40429.38,0.555826755854695
40429.39,0.551114109990081
40429.4,0.548724472452809
40429.41,0.55375615597303
40429.42,0.540257033101202
40429.43,0.534895827914552
40429.44,0.548514296154517
40429.45,0.559246837390341
40429.46,0.542926340590549
40429.47,0.53654172084521
40429.48,0.572438806915515
40429.49,0.56858713404738
40429.5,0.580011186298477
40429.51,0.576691142993082
40429.52,0.572473616342959
40429.53,0.587788088311821
40429.54,0.572370577480958
40429.55,0.577165648173234
40429.56,0.601714089289026
40429.57,0.58290346392767
40429.58,0.571408311262119
40429.59,0.580502443629753
40429.6,0.576081869948288
40429.61,0.574342313542805
40429.62,0.567392121897828
40429.63,0.579153855725118
40429.64,0.55843148283255
40429.65,0.523405682495891
40429.66,0.512563062832278
40429.67,0.536881655197157
40429.68,0.539379925978541
40429.69,0.548403502987837
40429.7,0.553443150365849
40429.71,0.554053075428001
40429.72,0.582965522624206
40429.73,0.578118935232618
40429.74,0.57668852787259
40429.75,0.548832832624929
40429.76,0.547360992430295
40429.77,0.55588208637493
40429.78,0.558487733423276
40429.79,0.532491282964458
40429.8,0.51237796421828
40429.81,0.533398223997311
40429.82,0.532214255219103
40429.83,0.543726669417142
40429.84,0.558107696000676
40429.85,0.550334236753294
40429.86,0.548769222796456
40429.87,0.508406280265608
40429.88,0.486624901117898
40429.89,0.516458190475398
40429.9,0.540512757724504
40429.91,0.488824846767452
40429.92,0.474718496427776
40429.93,0.473723713393985
40429.94,0.483079834505287
40429.95,0.465458451978117
40429.96,0.476371169856681
40429.97,0.457838580124608
40429.98,0.469722742777995
40429.99,0.478425726725069
40430,0.489763960486677
40430.01,0.481424907593107
40430.02,0.483405483317964
40430.03,0.483509096646924
40430.04,0.463471790099745
40430.05,0.461123011172164
40430.06,0.446171710916964
40430.07,0.444466856171694
40430.08,0.448838251109519
40430.09,0.458732480760057
40430.1,0.470003335977449
40430.11,0.459332044724442
40430.12,0.465185018195623
40430.13,0.468614605305812
40430.14,0.471758295770509
40430.15,0.474851283597981
40430.16,0.502271323867949
40430.17,0.512172030209961
40430.18,0.516042571617827
40430.19,0.515733336601818
40430.2,0.528671916138308
40430.21,0.544600585437569
40430.22,0.529585801317283
40430.23,0.53288633616513
40430.24,0.525751196960735
40430.25,0.538453028311983
40430.26,0.541493768573426
40430.27,0.548233884014864
40430.28,0.539509869737533
40430.29,0.562121273867824
40430.3,0.56927094140477
40430.31,0.597573290894705
40430.32,0.612411324459797
40430.33,0.641710785070545
40430.34,0.633672382998066
40430.35,0.607378633151349
40430.36,0.603777062873133
40430.37,0.621041018657279
40430.38,0.602394959531992
40430.39,0.600998977020096
40430.4,0.599726164221036
40430.41,0.591122047346451
40430.42,0.59674261097182
40430.43,0.605561654996543
40430.44,0.623033904689047
40430.45,0.626647628891651
40430.46,0.61570390104023
40430.47,0.608254485933738
40430.48,0.582060313231015
40430.49,0.582934748326574
40430.5,0.586827085311317
40430.51,0.592194038867902
40430.52,0.576634924283924
40430.53,0.584735268598292
40430.54,0.5879531315115
40430.55,0.590205014176076
40430.56,0.60518507324227
40430.57,0.596426347310262
40430.58,0.569685363809049
40430.59,0.584738057827134
40430.6,0.573598644267836
40430.61,0.565361947804827
40430.62,0.548368575071076
40430.63,0.53766868673557
40430.64,0.53201622648403
40430.65,0.526914976481858
40430.66,0.542989425332823
40430.67,0.570071596688818
40430.68,0.580006161173464
40430.69,0.562348854564112
40430.7,0.552914148509373
40430.71,0.546542643954109
40430.72,0.571203821764343
40430.73,0.571736784051409
40430.74,0.559797986420236
40430.75,0.562276340915386
40430.76,0.575273870408856
40430.77,0.577505727332038
40430.78,0.583439416085851
40430.79,0.604082513733805
40430.8,0.593783702972856
40430.81,0.573932324230365
40430.82,0.581151479640743
40430.83,0.586976000817603
40430.84,0.584176589450948
40430.85,0.573633097627937
40430.86,0.582064665203846
40430.87,0.59016368764572
40430.88,0.564124318349871
40430.89,0.556473920217603
40430.9,0.57444601688745
40430.91,0.600014634014158
40430.92,0.60598404234224
40430.93,0.592196580612968
40430.94,0.575550334507119
40430.95,0.585545609056369
40430.96,0.602629143859482
40430.97,0.586983612368708
40430.98,0.577343420819157
40430.99,0.594840253540932
40431,0.567569437813981
40431.01,0.556387611431213
40431.02,0.570142993208167
40431.03,0.576821237294148
40431.04,0.600790276817235
40431.05,0.601820084037462
40431.06,0.622110738723611
40431.07,0.624008993816219
40431.08,0.657197205757693
40431.09,0.649054556900682
40431.1,0.62201740171943
40431.11,0.603822284069823
40431.12,0.636124363282227
40431.13,0.626483529362045
40431.14,0.663291941003168
40431.15,0.623461494574888
40431.16,0.616722773031116
40431.17,0.608553693111905
40431.18,0.626443733837731
40431.19,0.624715879253305
40431.2,0.635267291955657
40431.21,0.618050890387762
40431.22,0.622954289662028
40431.23,0.600388022999389
40431.24,0.596012056849388
40431.25,0.603713095376013
40431.26,0.601014030213572
40431.27,0.604433005373919
40431.28,0.624718846276335
40431.29,0.619283060287854
40431.3,0.617880005424791
40431.31,0.615725189104171
40431.32,0.61805689884369
40431.33,0.602032377847998
40431.34,0.613204703488528
40431.35,0.643427222547336
40431.36,0.647102388347621
40431.37,0.638307233448085
40431.38,0.614609641851597
40431.39,0.619844010980324
40431.4,0.633658378530063
40431.41,0.613903204147293
40431.42,0.583299525044085
40431.43,0.572419371149011
40431.44,0.572253280380322
40431.45,0.579940878953826
40431.46,0.562664523587143
40431.47,0.555425896059903
40431.48,0.555608996132559
40431.49,0.555213004199073
40431.5,0.533124486204059
40431.51,0.527019041089735
40431.52,0.516308074090376
40431.53,0.4887354459227
40431.54,0.491272062896087
40431.55,0.489253107073534
40431.56,0.5126486365508
40431.57,0.503015827884277
40431.58,0.498522937890327
40431.59,0.503615848217533
40431.6,0.51519280041852
40431.61,0.509245207277416
40431.62,0.503274657653092
40431.63,0.491215120815975
40431.64,0.499944678638866
40431.65,0.486480163382281
40431.66,0.479088224616614
40431.67,0.471186329763499
40431.68,0.471973846035631
40431.69,0.456793778352253
40431.7,0.439449866987291
40431.71,0.463864591607327
40431.72,0.477349727007005
40431.73,0.48595117133223
40431.74,0.475104062565299
40431.75,0.484833956039785
40431.76,0.464704359045572
40431.77,0.469399897334561
40431.78,0.498190864722707
40431.79,0.514234750222239
40431.8,0.519855896124863
40431.81,0.515349401168654
40431.82,0.512327222912077
40431.83,0.533480223388577
40431.84,0.531295003426867
40431.85,0.530486589189423
40431.86,0.517190494077454
40431.87,0.517129127307882
40431.88,0.52525936215641
40431.89,0.554526873202273
40431.9,0.545143338624469
40431.91,0.531833993923432
40431.92,0.525424537995947
40431.93,0.528621146392701
40431.94,0.51628397795379
40431.95,0.514701524741105
40431.96,0.551819663714673
40431.97,0.539411128535587
40431.98,0.518439266124064
40431.99,0.518870033641004
40432,0.526930301369665
40432.01,0.527622139153023
40432.02,0.539309309162266
40432.03,0.524363133726043
40432.04,0.530133869838014
40432.05,0.559388925307853
40432.06,0.583168485169832
40432.07,0.578819105335519
40432.08,0.585325092205181
40432.09,0.580833681979948
40432.1,0.581670955624007
40432.11,0.566773856391745
40432.12,0.558608629225099
40432.13,0.562813252629723
40432.14,0.591349193710469
40432.15,0.581740167390756
40432.16,0.616926309684474
40432.17,0.616036361126342
40432.18,0.600154738528523
40432.19,0.599808242716919
40432.2,0.582020562434832
40432.21,0.556451688036634
40432.22,0.562126425726845
40432.23,0.573479391510225
40432.24,0.567970743475757
40432.25,0.595633581049769
40432.26,0.576634496345429
40432.27,0.590473419911144
40432.28,0.579116465329771
40432.29,0.571022738615094
40432.3,0.54687422818522
40432.31,0.536722779415154
40432.32,0.510191197767128
40432.33,0.506011102381864
40432.34,0.516713489554416
40432.35,0.512731667873234
40432.36,0.525641106527049
40432.37,0.51736718754455
40432.38,0.533858216076572
40432.39,0.530657750537167
40432.4,0.524001850995297
40432.41,0.533069765930729
40432.42,0.519134930922858
40432.43,0.547764987820244
40432.44,0.558590729446456
40432.45,0.567197507659007
40432.46,0.576727054638436
40432.47,0.597682242740404
40432.48,0.600055034906766
40432.49,0.574240476097554
40432.5,0.572549436889974
40432.51,0.573222551180035
40432.52,0.572788851162769
40432.53,0.58230957121134
40432.54,0.582199374920111
40432.55,0.563829311123731
40432.56,0.572580567112555
40432.57,0.56922008356813
40432.58,0.553527070164409
40432.59,0.550609820152757
40432.6,0.542586705125491
40432.61,0.548411638349273
40432.62,0.560834745698566
40432.63,0.572949337478301
40432.64,0.544417361692736
40432.65,0.543008082183982
40432.66,0.542591355741886
40432.67,0.56143787103046
40432.68,0.576658394225804
40432.69,0.553045596022596
40432.7,0.559123838434227
40432.71,0.54504108658453
40432.72,0.533955682511612
40432.73,0.512127614722238
40432.74,0.500913531628418
40432.75,0.505661818618647
40432.76,0.52054353124794
40432.77,0.523376064748913
40432.78,0.519458935398234
40432.79,0.509496531701467
40432.8,0.507930759499879
40432.81,0.527117617228869
40432.82,0.532767786223721
40432.83,0.56977230727632
40432.84,0.621109520489837
40432.85,0.649054451797656
40432.86,0.62396826897009
40432.87,0.627661398267282
40432.88,0.616538604589292
40432.89,0.627472104391001
40432.9,0.620052313129026
40432.91,0.651247087053877
40432.92,0.631037860382056
40432.93,0.635413979735541
40432.94,0.601424125213408
40432.95,0.61463331132187
40432.96,0.62608907684037
40432.97,0.644403813806719
40432.98,0.634769373501825
40432.99,0.615102312157993
40433,0.620484525959728
40433.01,0.590617983781543
40433.02,0.601199877671127
40433.03,0.578108169780021
40433.04,0.591394646108872
40433.05,0.585943531200271
40433.06,0.544771055854818
40433.07,0.546293407621542
40433.08,0.571067940235302
40433.09,0.571211981094413
40433.1,0.610909350152643
40433.11,0.649161296826777
40433.12,0.674227701850151
40433.13,0.653607013317879
40433.14,0.676798919264725
40433.15,0.671118779449991
40433.16,0.688065655735119
40433.17,0.724656426024031
40433.18,0.76027982568623
40433.19,0.803300348704718
40433.2,0.795880124596698
40433.21,0.804330721625354
40433.22,0.817116331595932
40433.23,0.877068142938245
40433.24,0.922496438150991
40433.25,0.949058045973343
40433.26,0.96926598370653
40433.27,0.996975235391005
40433.28,0.978755275722683
40433.29,1.02611581023137
40433.3,0.990322857980396
40433.31,1.01089624479509
40433.32,1.02574120368495
40433.33,1.00761953325551
40433.34,1.02428365172653
40433.35,1.01931709477786
40433.36,0.987760135277197
40433.37,1.01164127708574
40433.38,0.978368770138574
40433.39,0.980803722477867
40433.4,0.962819580764425
40433.41,0.999183446110818
40433.42,1.00940972430897
40433.43,0.991616632180271
40433.44,1.02217439898587
40433.45,0.981835355920195
40433.46,0.964943510830704
40433.47,0.951942788514479
40433.48,0.945707483558414
40433.49,0.927436195297851
40433.5,0.900623675612224
40433.51,0.942481091087714
40433.52,0.96000425601095
40433.53,0.965841610829359
40433.54,0.93942941980818
40433.55,0.923994907481949
40433.56,0.947035341225165
40433.57,0.936205159348849
40433.58,0.940326069281532
40433.59,0.969460521485866
40433.6,1.01777725022815
40433.61,1.05222359006445
40433.62,1.01983599603522
40433.63,1.02054436321746
40433.64,1.00137571385962
40433.65,1.02136504165079
40433.66,1.01737408426703
40433.67,0.964166785186955
40433.68,0.963450151482059
40433.69,0.945143505461252
40433.7,0.935052927315093
40433.71,0.966728770022389
40433.72,0.954650017084992
40433.73,0.913889511181726
40433.74,0.868233518886784
40433.75,0.857050408918849
40433.76,0.862694056433111
40433.77,0.833240171809471
40433.78,0.826613491059164
40433.79,0.827441367082531
40433.8,0.803560566011423
40433.81,0.787080438679618
40433.82,0.774299416359503
40433.83,0.773295675670123
40433.84,0.770226306853378
40433.85,0.772796366525709
40433.86,0.756179911867602
40433.87,0.775992749513617
40433.88,0.778115788751125
40433.89,0.769773416878331
40433.9,0.774459827316366
40433.91,0.78458240170301
40433.92,0.768061448929402
40433.93,0.789884389869995
40433.94,0.805059848023732
40433.95,0.807706979802468
40433.96,0.805487825986804
40433.97,0.81896742123219
40433.98,0.876422314735067
40433.99,0.85115837800533
40434,0.868231100973261
40434.01,0.89611308459946
40434.02,0.888758739603542
40434.03,0.905549046619761
40434.04,0.88862029448006
40434.05,0.874485332159796
40434.06,0.890485180880345
40434.07,0.898149492019188
40434.08,0.863008762926585
40434.09,0.847139527137455
40434.1,0.87681638516372
40434.11,0.866498811934398
40434.12,0.868962101351422
40434.13,0.870913326305581
40434.14,0.862053084739919
40434.15,0.848461348099973
40434.16,0.791725162766949
40434.17,0.800136844991857
40434.18,0.817993428622518
40434.19,0.807322539053686
40434.2,0.80489716442735
40434.21,0.821373663203728
40434.22,0.820095630116873
40434.23,0.819562565079615
40434.24,0.814927849113881
40434.25,0.855246081024957
40434.26,0.92115009287756
40434.27,0.904609068283776
40434.28,0.892378687092006
40434.29,0.852180580529656
40434.3,0.887561908339245
40434.31,0.884153076640484
40434.32,0.905562678909995
40434.33,0.877991839280395
40434.34,0.844609575134309
40434.35,0.845638521101728
40434.36,0.849528622018096
40434.37,0.855433735200134
40434.38,0.866336971423157
40434.39,0.920216343661643
40434.4,0.940691177485257
40434.41,0.930303750813031
40434.42,0.892346285965513
40434.43,0.895212682523265
40434.44,0.928514800687037
40434.45,0.885499721259498
40434.46,0.888475281021749
40434.47,0.857363354307664
40434.48,0.829490510219146
40434.49,0.812242842390267
40434.5,0.825858882640236
40434.51,0.789447556252508
40434.52,0.808575529361477
40434.53,0.788511765418329
40434.54,0.795230526486798
40434.55,0.82677507455428
40434.56,0.817259458596301
40434.57,0.81848821501367
40434.58,0.817898094748638
40434.59,0.836906154500743
40434.6,0.832465684613118
40434.61,0.82213666287427
40434.62,0.800487846838445
40434.63,0.766346236919677
40434.64,0.752526219549337
40434.65,0.765332880886681
40434.66,0.773414999302814
40434.67,0.804975912902357
40434.68,0.793843781404758
40434.69,0.788725403071329
40434.7,0.76298540387145
40434.71,0.764924064340285
40434.72,0.7436860727999
40434.73,0.758741320258798
40434.74,0.77012614692045
40434.75,0.753118857606378
40434.76,0.7900550483044
40434.77,0.780154988200633
40434.78,0.775786133013193
40434.79,0.804493728337679
40434.8,0.818396682652215
40434.81,0.818519782913907
40434.82,0.793536975695252
40434.83,0.814775655831864
40434.84,0.805656128177444
40434.85,0.797382199182035
40434.86,0.790842700230764
40434.87,0.775927048629557
40434.88,0.789233002872103
40434.89,0.764211337184351
40434.9,0.772494761960281
40434.91,0.754180185997028
40434.92,0.750465923992473
40434.93,0.779031390272128
40434.94,0.753226614375506
40434.95,0.779544113609155
40434.96,0.797593914427558
40434.97,0.797661012459549
40434.98,0.808348636424411
40434.99,0.808214396026546
40435,0.816819987440814
40435.01,0.774844287290654
40435.02,0.79036356651817
40435.03,0.808649636025078
40435.04,0.801223014699123
40435.05,0.840545875788934
40435.06,0.845884329741624
40435.07,0.841225843901866
40435.08,0.813313483670511
40435.09,0.834588185741656
40435.1,0.806607520287298
40435.11,0.787601984497617
40435.12,0.784296575204396
40435.13,0.772451612269542
40435.14,0.766068123486703
40435.15,0.783272188544485
40435.16,0.793385409746438
40435.17,0.803747714929984
40435.18,0.83064405733059
40435.19,0.808495941373454
40435.2,0.835593197482827
40435.21,0.846562198103945
40435.22,0.824951432890829
40435.23,0.815289872324868
40435.24,0.847971136869847
40435.25,0.862155804731409
40435.26,0.834633266442618
40435.27,0.815495104727486
40435.28,0.804753642319152
40435.29,0.790361535499757
40435.3,0.821228549835387
40435.31,0.83874348680377
40435.32,0.836542639029151
40435.33,0.81598353999487
40435.34,0.817258878379893
40435.35,0.8080676875508
40435.36,0.857285688696772
40435.37,0.895670335134254
40435.38,0.90933966301986
40435.39,0.944053901811334
40435.4,0.922956489054603
40435.41,0.967923413671931
40435.42,0.933829607656428
40435.43,0.944681677271282
40435.44,0.937574423936201
40435.45,0.951151606757115
40435.46,0.921231195207383
40435.47,0.944879549923661
40435.48,0.907251371321623
40435.49,0.951646918111668
40435.5,0.980617530827651
40435.51,1.02672584631802
40435.52,0.981979914099915
40435.53,0.925432440355504
40435.54,0.93709221586197
40435.55,0.886277015897554
40435.56,0.883168423635898
40435.57,0.886931113436766
40435.58,0.89252117518435
40435.59,0.850283223950072
40435.6,0.887089937133768
40435.61,0.86361064019807
40435.62,0.882033994182142
40435.63,0.90643089370137
40435.64,0.904446606336934
40435.65,0.961681961462038
40435.66,0.966546357522542
40435.67,0.986964211728062
40435.68,0.995911838240276
40435.69,0.95242928848403
40435.7,0.977151170244783
40435.71,0.939698525982859
40435.72,0.93714820594785
40435.73,0.889896502361163
40435.74,0.878607804001344
40435.75,0.876033446423125
40435.76,0.876217968308398
40435.77,0.858848870218858
40435.78,0.85899816027551
40435.79,0.85051127581397
40435.8,0.868238802093121
40435.81,0.860860681776702
40435.82,0.864673553725702
40435.83,0.919219106486787
40435.84,0.923643637304048
40435.85,0.926120883553412
40435.86,0.892831601426893
40435.87,0.870169447190401
40435.88,0.914456826824225
40435.89,0.910390466432221
40435.9,0.92131251152922
40435.91,0.903357439397007
40435.92,0.911178512595434
40435.93,0.910516242366707
40435.94,0.951776297315805
40435.95,0.956307850335221
40435.96,0.959832026790101
40435.97,0.980659279933261
40435.98,1.00244363190622
40435.99,1.01051029313432
40436,0.976889375247091
40436.01,0.931961118905457
40436.02,0.905921485010854
40436.03,0.893446043490538
40436.04,0.8838919142171
40436.05,0.905035751356103
40436.06,0.922728810594181
40436.07,0.891399062552347
40436.08,0.891491385205111
40436.09,0.914885024547886
40436.1,0.847558977818351
40436.11,0.872100854484977
40436.12,0.823103239471997
40436.13,0.776626305946596
40436.14,0.782898492469608
40436.15,0.781821658895343
40436.16,0.787030540557825
40436.17,0.858454172400642
40436.18,0.871554246788091
40436.19,0.882815202333708
40436.2,0.885301793515874
40436.21,0.871231689424605
40436.22,0.893682913468767
40436.23,0.858070102101864
40436.24,0.887793768280355
40436.25,0.907384506971597
40436.26,0.880426991484648
40436.27,0.914985165932681
40436.28,0.923981482398891
40436.29,0.887858063402362
40436.3,0.877636606822881
40436.31,0.854807802263063
40436.32,0.875274340755956
40436.33,0.874162859967085
40436.34,0.902559928631319
40436.35,0.910732631971245
40436.36,0.859246788090029
40436.37,0.856010151865537
40436.38,0.856151536770902
40436.39,0.866744888735264
40436.4,0.870881840044705
40436.41,0.850105691640137
40436.42,0.815395322787614
40436.43,0.860039106457718
40436.44,0.87719912996319
40436.45,0.843891837826537
40436.46,0.835250503205995
40436.47,0.856151188363509
40436.48,0.850378529670363
40436.49,0.858565935015747
40436.5,0.838106170930133
40436.51,0.793184321319244
40436.52,0.829181858239975
40436.53,0.808363476115676
40436.54,0.819783888263901
40436.55,0.831812292169361
40436.56,0.805898437299116
40436.57,0.762889878437034
40436.58,0.771405587371139
40436.59,0.772084452402284
40436.6,0.739387724295818
40436.61,0.7348935940241
40436.62,0.728414603716442
40436.63,0.754889034127214
40436.64,0.785562918360892
40436.65,0.802429289713694
40436.66,0.881744584380611
40436.67,0.894863482550153
40436.68,0.907424420224698
40436.69,0.91676724663266
40436.7,0.975154118913981
40436.71,0.968081068309679
40436.72,0.971185786472695
40436.73,0.986782798696646
40436.74,0.970237936483423
40436.75,0.970278758076716
40436.76,0.954026624576138
40436.77,0.908525199857158
40436.78,0.878574904437842
40436.79,0.918166621487559
40436.8,0.97073286004003
40436.81,0.953407963989405
40436.82,0.999804008205095
40436.83,0.998116575066691
40436.84,0.979653643094625
40436.85,0.958438401790237
40436.86,0.903732302789624
40436.87,0.857936932540811
40436.88,0.865202369717004
40436.89,0.828314334564034
40436.9,0.822086348212234
40436.91,0.813069060918505
40436.92,0.845669796386587
40436.93,0.83012951818738
40436.94,0.791474578977825
40436.95,0.807586389293094
40436.96,0.777852069461061
40436.97,0.813840473860537
40436.98,0.83799339138808
40436.99,0.84109216328147
40437,0.843501398784485
40437.01,0.81891607804683
40437.02,0.784271582736718
40437.03,0.804451222094112
40437.04,0.805287633770898
40437.05,0.814443118193138
40437.06,0.809849487940853
40437.07,0.804789507132255
40437.08,0.80564514222304
40437.09,0.827256632865079
40437.1,0.799577160240812
40437.11,0.81948674073505
40437.12,0.822987953354784
40437.13,0.847955040100706
40437.14,0.878601856867868
40437.15,0.910700892639595
40437.16,0.902589340333564
40437.17,0.9267474908304
40437.18,0.905834398337074
40437.19,0.91075496321561
40437.2,0.894725147920421
40437.21,0.885296452590206
40437.22,0.882398161958363
40437.23,0.883426328635816
40437.24,0.88052662278999
40437.25,0.887104909377866
40437.26,0.865903294660461
40437.27,0.896905456554168
40437.28,0.8663349456273
40437.29,0.869206099671686
40437.3,0.90277917504652
40437.31,0.899555059098173
40437.32,0.892514843020268
40437.33,0.864503319479548
40437.34,0.872644203480806
40437.35,0.883909606652339
40437.36,0.853627940774695
40437.37,0.798650311242507
40437.38,0.787726251651835
40437.39,0.794937571567327
40437.4,0.833465948543613
40437.41,0.8340313840473
40437.42,0.871717984208584
40437.43,0.870691151758532
40437.44,0.85692920992602
40437.45,0.856592079988111
40437.46,0.878465169781647
40437.47,0.843266422589328
40437.48,0.834596050479057
40437.49,0.876388451854873
40437.5,0.900447467200278
40437.51,0.901001369163559
40437.52,0.93344846758784
40437.53,0.957229740425061
40437.54,0.964653013001822
40437.55,0.94109016634364
40437.56,0.89559261524154
40437.57,0.908804758641715
40437.58,0.902791475083201
40437.59,0.922052279352006
40437.6,0.947881552580753
40437.61,0.93358524658179
40437.62,0.950628102753842
40437.63,1.00001869569048
40437.64,1.02106893303747
40437.65,1.05510835166066
40437.66,1.08690686874794
40437.67,1.03466769888445
40437.68,1.03503810592568
40437.69,1.01263814242755
40437.7,0.973768326934399
40437.71,0.924665764238137
40437.72,0.894518562644318
40437.73,0.892571963506184
40437.74,0.906989912990088
40437.75,0.877197081022699
40437.76,0.872504595405099
40437.77,0.910666897437433
40437.78,0.941171493313138
40437.79,0.947743618572069
40437.8,0.902746150895609
40437.81,0.877105363329367
40437.82,0.901058038610495
40437.83,0.909361460328078
40437.84,0.872365735018805
40437.85,0.867989643844309
40437.86,0.853943226111387
40437.87,0.889280474363776
40437.88,0.876510154562936
40437.89,0.852619297671559
40437.9,0.867836577737794
40437.91,0.875072785200053
40437.92,0.856720265964004
40437.93,0.854049315113801
40437.94,0.924964297509776
40437.95,0.937614407567854
40437.96,0.930749974212806
40437.97,0.906676000933593
40437.98,0.920886726309106
40437.99,0.915865551579463
40438,0.909784099410377
40438.01,0.867163586231066
40438.02,0.887401172850632
40438.03,0.845799806928786
40438.04,0.821579824086057
40438.05,0.835045119245038
40438.06,0.823172151448465
40438.07,0.812590568789956
40438.08,0.845176481034182
40438.09,0.844928786933263
40438.1,0.816709633288112
40438.11,0.84305198134526
40438.12,0.843706147196764
40438.13,0.834141115238622
40438.14,0.834193855809759
40438.15,0.868941470946571
40438.16,0.90279595787291
40438.17,0.898869143283714
40438.18,0.909707441557221
40438.19,0.908300714551233
40438.2,0.920992608007432
40438.21,0.960497645604357
40438.22,0.952273986505652
40438.23,0.991017507582405
40438.24,0.980756653435384
40438.25,1.00319475069497
40438.26,1.03867770005405
40438.27,1.00016451152923
40438.28,0.9699789770766
40438.29,0.922802844555968
40438.3,0.93276797510115
40438.31,0.922633656976072
40438.32,0.923992863181836
40438.33,0.909545256500313
40438.34,0.918344524257265
40438.35,0.915131511726866
40438.36,0.934826467703988
40438.37,0.907384239231447
40438.38,0.904460854172052
40438.39,0.906689203841562
40438.4,0.922621118866726
40438.41,0.891719800203356
40438.42,0.891563814806845
40438.43,0.87325071326059
40438.44,0.883943262802086
40438.45,0.897257340701312
40438.46,0.863825632611483
40438.47,0.867055379345193
40438.48,0.881506632359374
40438.49,0.917218879811381
40438.5,0.996055279901291
40438.51,0.978605196705522
40438.52,0.966220198947623
40438.53,0.95903381667851
40438.54,0.910671989139517
40438.55,0.929145400687403
40438.56,0.908999704154832
40438.57,0.905961278215182
40438.58,0.889045828021369
40438.59,0.878422442385597
40438.6,0.871531744404215
40438.61,0.830786556706186
40438.62,0.849269325793353
40438.63,0.857181099881913
40438.64,0.869417975594539
40438.65,0.895738915202025
40438.66,0.895507862243057
40438.67,0.909001800788453
40438.68,0.940768066039683
40438.69,0.961486919225316
40438.7,0.976448278053242
40438.71,0.969053841078026
40438.72,0.957710067100629
40438.73,0.918895059960986
40438.74,0.905481276227833
40438.75,0.902076905808272
40438.76,0.909377116448842
40438.77,0.90274089240408
40438.78,0.904228570036431
40438.79,0.899101540889124
40438.8,0.89580987604342
40438.81,0.905813346291914
40438.82,0.879247176369914
40438.83,0.878179439939549
40438.84,0.874268308235427
40438.85,0.91046833402625
40438.86,0.925528894571018
40438.87,0.939989345676438
40438.88,0.94080498436669
40438.89,0.916001154730876
40438.9,0.904670464321383
40438.91,0.909168739906454
40438.92,0.916567199916095
40438.93,0.912995309164574
40438.94,0.890630978839159
40438.95,0.868526609958129
40438.96,0.888371511180726
40438.97,0.921885155973587
40438.98,0.916021464459514
40438.99,0.920467592730767
40439,0.926749128723456
40439.01,0.954487538421142
40439.02,0.953318875176079
40439.03,0.864384621428988
40439.04,0.854032628021181
40439.05,0.841678474207012
40439.06,0.863543820273652
40439.07,0.905459607914908
40439.08,0.885403320278188
40439.09,0.880003110056809
40439.1,0.849566009277202
40439.11,0.829308504769301
40439.12,0.859735003959932
40439.13,0.849602371342488
40439.14,0.843222053870927
40439.15,0.846804823699165
40439.16,0.871482034823395
40439.17,0.885246299559373
40439.18,0.867094053854305
40439.19,0.881871065115469
40439.2,0.890921045428917
40439.21,0.855073062507018
40439.22,0.830234275129777
40439.23,0.796302368396461
40439.24,0.798112533795506
40439.25,0.780067560678554
40439.26,0.795239891034231
40439.27,0.799219324635559
40439.28,0.799448044073637
40439.29,0.782613684670693
40439.3,0.809512886639394
40439.31,0.79526914000705
40439.32,0.766571893571387
40439.33,0.753213371027784
40439.34,0.793888702963659
40439.35,0.772550115083979
40439.36,0.751561506125644
40439.37,0.719868603605824
40439.38,0.734365296675319
40439.39,0.749911665378288
40439.4,0.762819656275117
40439.41,0.760200514296615
40439.42,0.80911271906553
40439.43,0.824177603998681
40439.44,0.84805949986053
40439.45,0.857135086235801
40439.46,0.858572586661727
40439.47,0.876694775773899
40439.48,0.854154244185313
40439.49,0.860345272349887
40439.5,0.860143976057959
40439.51,0.898906722948481
40439.52,0.883121634282857
40439.53,0.847906804910876
40439.54,0.808654222856277
40439.55,0.7643319409737
40439.56,0.747122319632565
40439.57,0.765701581922958
40439.58,0.749167788338298
40439.59,0.723336911329214
40439.6,0.681932104419271
40439.61,0.65069848417478
40439.62,0.67281297151964
40439.63,0.666376499191192
40439.64,0.660244175949125
40439.65,0.674012585427655
40439.66,0.689549401465075
40439.67,0.692305354080464
40439.68,0.687606282035012
40439.69,0.693858638689521
40439.7,0.72051729148051
40439.71,0.716889599403323
40439.72,0.703901133217237
40439.73,0.723887257270313
40439.74,0.714630388414915
40439.75,0.700459107386412
40439.76,0.711032914493166
40439.77,0.748060757404688
40439.78,0.754278887884993
40439.79,0.742301176811532
40439.8,0.73447942766953
40439.81,0.690078768736165
40439.82,0.702783194153219
40439.83,0.690267801685572
40439.84,0.729526071552046
40439.85,0.711647525055488
40439.86,0.738450478416894
40439.87,0.747873748385655
40439.88,0.754848589150263
40439.89,0.753329438777817
40439.9,0.758388352523953
40439.91,0.785800440598047
40439.92,0.776522992289662
40439.93,0.79087128971431
40439.94,0.767590099923664
40439.95,0.748732465258884
40439.96,0.77658695624956
40439.97,0.735834679575326
40439.98,0.734968660491495
40439.99,0.731301886501593
40440,0.755494090534437
40440.01,0.779049831150011
40440.02,0.751420654198045
40440.03,0.748136387760695
40440.04,0.727159276649928
40440.05,0.738981001015716
40440.06,0.761404019020442
40440.07,0.760750959856957
40440.08,0.779499073669449
40440.09,0.814732195374193
40440.1,0.862638045586531
40440.11,0.846398965939775
40440.12,0.864305819890288
40440.13,0.847724004267363
40440.14,0.832975868372909
40440.15,0.834930729094335
40440.16,0.870466188686397
40440.17,0.855817796486785
40440.18,0.901167772138892
40440.19,0.888616187851467
40440.2,0.884285903331774
40440.21,0.88334123920341
40440.22,0.816713072853901
40440.23,0.832972429785371
40440.24,0.822419564337003
40440.25,0.863371137117657
40440.26,0.852409882572598
40440.27,0.843925028082287
40440.28,0.881266006831249
40440.29,0.906974027821817
40440.3,0.891920835188472
40440.31,0.897963953201129
40440.32,0.872328271176477
40440.33,0.873997175155239
40440.34,0.916585824958317
40440.35,0.912933858594478
40440.36,0.9389389532252
40440.37,0.946840892834893
40440.38,0.954056491185563
40440.39,0.952836638326549
40440.4,0.980644267859866
40440.41,0.96145448023309
40440.42,0.916066975787154
40440.43,0.911486872369609
40440.44,0.875777839622519
40440.45,0.901544455726464
40440.46,0.944563875068263
40440.47,0.964181998033885
40440.48,0.926577190008542
40440.49,0.985617696004706
40440.5,1.02131572255793
40440.51,0.982165843383523
40440.52,0.92958036864204
40440.53,0.94885110567001
40440.54,0.966742440196536
40440.55,0.99969049102533
40440.56,0.983348738472369
40440.57,0.97186230799204
40440.58,0.986735773142283
40440.59,0.954532221346932
40440.6,0.928865829344883
40440.61,0.885438650673471
40440.62,0.90414288409636
40440.63,0.863746917366719
40440.64,0.854709747325018
40440.65,0.826497294217331
40440.66,0.82762087894204
40440.67,0.809343611771886
40440.68,0.840817343025688
40440.69,0.804237170403003
40440.7,0.804788185409827
40440.71,0.823269015849563
40440.72,0.816352033949032
40440.73,0.819388247773935
40440.74,0.81288188578635
40440.75,0.774691813913297
40440.76,0.766475090694225
40440.77,0.774255188064781
40440.78,0.774581473050378
40440.79,0.805340697151944
40440.8,0.779259821320062
40440.81,0.817734412482822
40440.82,0.820183678677507
40440.83,0.811785076868506
40440.84,0.807138801777604
40440.85,0.820568860482599
40440.86,0.844464227341589
40440.87,0.841036827578329
40440.88,0.81267286808329
40440.89,0.809465137637513
40440.9,0.787663957206715
40440.91,0.797424599790674
40440.92,0.789609671486525
40440.93,0.790176477420142
40440.94,0.805833577560456
40440.95,0.794942659076965
40440.96,0.812814699239871
40440.97,0.820804880143768
40440.98,0.794724309834957
40440.99,0.786411941637256
40441,0.804384500463022
40441.01,0.814260404394701
40441.02,0.82112819259407
40441.03,0.815496723190047
40441.04,0.790170252895447
40441.05,0.786914489547078
40441.06,0.777815275830499
40441.07,0.811911558524008
40441.08,0.801039586676918
40441.09,0.766398417377745
40441.1,0.777031471512171
40441.11,0.769580572167634
40441.12,0.78815382816297
40441.13,0.753365439063254
40441.14,0.747014706323773
40441.15,0.777340209241057
40441.16,0.78021945067445
40441.17,0.827488078560281
40441.18,0.803286469635537
40441.19,0.781125753797602
40441.2,0.801196186959442
40441.21,0.760528574477161
40441.22,0.75305904486045
40441.23,0.748333838223852
40441.24,0.793465848003813
40441.25,0.814167853841408
40441.26,0.798436027985121
40441.27,0.833452976697724
40441.28,0.85585741652372
40441.29,0.834046199900491
40441.3,0.837796849999959
40441.31,0.824432125572938
40441.32,0.816829652011527
40441.33,0.820600264897468
40441.34,0.851974181360962
40441.35,0.865847351529867
40441.36,0.837099125674043
40441.37,0.823890386743663
40441.38,0.802843447908904
40441.39,0.802199376097988
40441.4,0.80897533243326
40441.41,0.818280658439279
40441.42,0.768907477293954
40441.43,0.765023087441274
40441.44,0.750447040538902
40441.45,0.767947649619831
40441.46,0.780996172649996
40441.47,0.760847180517445
40441.48,0.737476445584284
40441.49,0.723981125530439
40441.5,0.688931647658403
40441.51,0.685976008250812
40441.52,0.696881436969092
40441.53,0.682138754866837
40441.54,0.724081544332301
40441.55,0.759655951116663
40441.56,0.774325129769839
40441.57,0.769656944698874
40441.58,0.747068891469682
40441.59,0.72234515290334
40441.6,0.737960319386315
40441.61,0.747433200540276
40441.62,0.757662863195859
40441.63,0.816199371275579
40441.64,0.820501185668529
40441.65,0.811917416220619
40441.66,0.808537613125436
40441.67,0.796506776609836
40441.68,0.78360889579024
40441.69,0.766892813969164
40441.7,0.797344493366715
40441.71,0.812722208713052
40441.72,0.824696051174209
40441.73,0.846583551632869
40441.74,0.837289903692934
40441.75,0.77757139017607
40441.76,0.810626257954705
40441.77,0.783012432609777
40441.78,0.804304067209547
40441.79,0.803717543607652
40441.8,0.806131514332242
40441.81,0.804586124315062
40441.82,0.816498369768959
40441.83,0.814284714360952
40441.84,0.78895376270207
40441.85,0.741132308309358
40441.86,0.756040574069426
40441.87,0.766360655744424
40441.88,0.756671280905132
40441.89,0.759139343390275
40441.9,0.758194474027031
40441.91,0.733830920039772
40441.92,0.714902674757566
40441.93,0.757350899918
40441.94,0.748964511863485
40441.95,0.749923043514332
40441.96,0.730522647406591
40441.97,0.744241516186953
40441.98,0.725017604676472
40441.99,0.739324717111751
40442,0.723763901351606
40442.01,0.703872481341439
40442.02,0.715614132141906
40442.03,0.666666249470486
40442.04,0.633514625539883
40442.05,0.620461097721897
40442.06,0.643076179270334
40442.07,0.624462759266333
40442.08,0.619476971811206
40442.09,0.619481903824837
40442.1,0.621794293836864
40442.11,0.6128665973131
40442.12,0.620888430372025
40442.13,0.62647649602612
40442.14,0.60469013109987
40442.15,0.599427989769659
40442.16,0.59772069546594
40442.17,0.594739515898501
40442.18,0.58378561572854
40442.19,0.590588677369649
40442.2,0.624370713212019
40442.21,0.639612247908502
40442.22,0.620150434347853
40442.23,0.61970014539499
40442.24,0.597005162573963
40442.25,0.604976037765441
40442.26,0.59842786722083
40442.27,0.606992047519759
40442.28,0.609704161811802
40442.29,0.637626719270112
40442.3,0.63920274516423
40442.31,0.648468615039396
40442.32,0.641906866548432
40442.33,0.634111801322482
40442.34,0.639330077229347
40442.35,0.634907230974642
40442.36,0.661889275722228
40442.37,0.699543391699211
40442.38,0.710668041576137
40442.39,0.711767836422586
40442.4,0.717893190199338
40442.41,0.727471424895168
40442.42,0.705470125401342
40442.43,0.702983823592867
40442.44,0.717905458617418
40442.45,0.708105440369657
40442.46,0.694096113103475
40442.47,0.702957639937344
40442.48,0.749659827900542
40442.49,0.729670409530345
40442.5,0.707431613039022
40442.51,0.70156239369886
40442.52,0.673235874111037
40442.53,0.648875944581021
40442.54,0.651738670233234
40442.55,0.632282471997615
40442.56,0.61836549848449
40442.57,0.611173479675652
40442.58,0.630815972697961
40442.59,0.652558104444784
40442.6,0.638505052493476
40442.61,0.65263515120772
40442.62,0.653208220921463
40442.63,0.695051631442689
40442.64,0.703509629388397
40442.65,0.729160302176518
40442.66,0.752387880535242
40442.67,0.766721183066829
40442.68,0.774793860468878
40442.69,0.759570240752575
40442.7,0.74658517807559
40442.71,0.749933255488206
40442.72,0.749142804639719
40442.73,0.721486601083028
40442.74,0.715309640577807
40442.75,0.743436818480983
40442.76,0.75857168923767
40442.77,0.726553434265189
40442.78,0.733073254121365
40442.79,0.741858586029371
40442.8,0.745069698555144
40442.81,0.7171250926824
40442.82,0.714335953493598
40442.83,0.718670509444009
40442.84,0.716882493560553
40442.85,0.75073254264702
40442.86,0.753224143737622
40442.87,0.713818342137793
40442.88,0.720470929631487
40442.89,0.709747938845059
40442.9,0.696686290511694
40442.91,0.710552182989282
40442.92,0.725645132893263
40442.93,0.699938667299919
40442.94,0.721663978734379
40442.95,0.706450127111619
40442.96,0.704314229600526
40442.97,0.730765841702974
40442.98,0.742156396031817
40442.99,0.698359282814271
40443,0.67143030685425
40443.01,0.688554494016302
40443.02,0.717156867396975
40443.03,0.714490873466771
40443.04,0.711928586229195
40443.05,0.691711379961686
40443.06,0.690863902979285
40443.07,0.690609405278148
40443.08,0.725153222822472
40443.09,0.725814658202375
40443.1,0.692110696709533
40443.11,0.694984373334342
40443.12,0.713288827813175
40443.13,0.712424779707703
40443.14,0.706148382243163
40443.15,0.706759691134904
40443.16,0.709809973210442
40443.17,0.728254176107194
40443.18,0.708751739732065
40443.19,0.70380540835399
40443.2,0.708851841355954
40443.21,0.712567235115789
40443.22,0.707957978478538
40443.23,0.734273252027536
40443.24,0.732490006069307
40443.25,0.7482346545017
40443.26,0.767058642546165
40443.27,0.776915721209031
40443.28,0.765389374149015
40443.29,0.806605067270332
40443.3,0.836677563713509
40443.31,0.834735305741114
40443.32,0.836137147015681
40443.33,0.844624307660143
40443.34,0.816875392946947
40443.35,0.82338472547991
40443.36,0.815173534313966
40443.37,0.838352885212714
40443.38,0.850244796845421
40443.39,0.856056180683937
40443.4,0.85743822845951
40443.41,0.875263249365746
40443.42,0.892582037747999
40443.43,0.892692301994323
40443.44,0.906298506175632
40443.45,0.890193872241022
40443.46,0.890180763086885
40443.47,0.895903974656275
40443.48,0.877808821273364
40443.49,0.877575033573043
40443.5,0.843072884113256
40443.51,0.87691281705727
40443.52,0.846001932278918
40443.53,0.84150261074233
40443.54,0.863383506431599
40443.55,0.881069501933555
40443.56,0.883424351433772
40443.57,0.896091711813851
40443.58,0.923747225535274
40443.59,0.940050111726603
40443.6,0.929135958157072
40443.61,0.911743312454413
40443.62,0.932898128837735
40443.63,0.913753018222564
40443.64,0.889352773530115
40443.65,0.854412830990057
40443.66,0.839545842852061
40443.67,0.801547954498614
40443.68,0.784920032455406
40443.69,0.826440350799752
40443.7,0.832809475565274
40443.71,0.80753621061745
40443.72,0.797015192349899
40443.73,0.790781510998205
40443.74,0.813049224875597
40443.75,0.796853907577605
40443.76,0.781886371821553
40443.77,0.802833966675496
40443.78,0.758492888257653
40443.79,0.795533055309681
40443.8,0.808785182120013
40443.81,0.799191776230805
40443.82,0.793146582381873
40443.83,0.754297463706027
40443.84,0.766662734281257
40443.85,0.772395571542851
40443.86,0.764296305764136
40443.87,0.751129900614455
40443.88,0.736932418932117
40443.89,0.742172558368367
40443.9,0.723379476670341
40443.91,0.740266550721173
40443.92,0.759217789193851
40443.93,0.736648322298066
40443.94,0.743240427627819
40443.95,0.732540571180096
40443.96,0.723822464426433
40443.97,0.729351739692236
40443.98,0.704903040137822
40443.99,0.672653633721605
40444,0.691078971431344
40444.01,0.656437592414671
40444.02,0.639164368767433
40444.03,0.625168044891246
40444.04,0.63189839357967
40444.05,0.590555564184574
40444.06,0.594201278057952
40444.07,0.588569312054292
40444.08,0.585240575256668
40444.09,0.579582874413667
40444.1,0.58323550047898
40444.11,0.591940512671776
40444.12,0.604515701081083
40444.13,0.632219482363043
40444.14,0.65562510307549
40444.15,0.661137524466973
40444.16,0.670853940995966
40444.17,0.661171207786222
40444.18,0.624793319087214
40444.19,0.645567115351776
40444.2,0.649027413274184
40444.21,0.650224482505577
40444.22,0.646345344536138
40444.23,0.638075983176472
40444.24,0.634570114382225
40444.25,0.627764488180796
40444.26,0.625557081686244
40444.27,0.631992317777981
40444.28,0.660152167639863
40444.29,0.658157203679613
40444.3,0.666276404927627
40444.31,0.680386710154337
40444.32,0.669778444881618
40444.33,0.645852653405787
40444.34,0.638656212141266
40444.35,0.626351838736629
40444.36,0.619520168762282
40444.37,0.594262572874818
40444.38,0.615352702681227
40444.39,0.591027853779687
40444.4,0.571398148901851
40444.41,0.578375369024256
40444.42,0.579963426762684
40444.43,0.588697427799564
40444.44,0.581547994089906
40444.45,0.613400281047562
40444.46,0.615117025478991
40444.47,0.625645411723651
40444.48,0.625811167969312
40444.49,0.613487287655675
40444.5,0.618441130991056
40444.51,0.598139164137066
40444.52,0.582074107006325
40444.53,0.55419735722142
40444.54,0.558266203086011
40444.55,0.544570250536342
40444.56,0.57866879072294
40444.57,0.590117738889211
40444.58,0.56215317461777
40444.59,0.584934001440971
40444.6,0.576957056939194
40444.61,0.57780984778955
40444.62,0.569038172646555
40444.63,0.572972511825796
40444.64,0.585258225496235
40444.65,0.57019288147812
40444.66,0.57633391192729
40444.67,0.591282893772986
40444.68,0.582137068048472
40444.69,0.579820055744168
40444.7,0.587267570655327
40444.71,0.591659454674997
40444.72,0.601230440832957
40444.73,0.618349279180305
40444.74,0.61856310616733
40444.75,0.590692200826187
40444.76,0.567685425165985
40444.77,0.603702775161489
40444.78,0.613435221440669
40444.79,0.614800060335411
40444.8,0.606200088772206
40444.81,0.611842579918067
40444.82,0.610720433613488
40444.83,0.647300812722111
40444.84,0.650850557980321
40444.85,0.654588116839496
40444.86,0.621245355361483
40444.87,0.631040509959315
40444.88,0.610356408692726
40444.89,0.635791254382103
40444.9,0.639434087037717
40444.91,0.673182685929843
40444.92,0.707536552068939
40444.93,0.71224993558334
40444.94,0.738839984666261
40444.95,0.777998526533836
40444.96,0.782760379983269
40444.97,0.786590225273694
40444.98,0.797667674969809
40444.99,0.803623868312469
40445,0.817037220822495
40445.01,0.840627019183034
40445.02,0.872957248462017
40445.03,0.909121002179407
40445.04,0.902218896943176
40445.05,0.884116193172535
40445.06,0.870830938159047
40445.07,0.886646801280905
40445.08,0.888088753823658
40445.09,0.892308766284683
40445.1,0.86301078519884
40445.11,0.842904747982452
40445.12,0.847563880087651
40445.13,0.813244964112712
40445.14,0.825289107500256
40445.15,0.825230604336923
40445.16,0.831792248083845
40445.17,0.80872333812736
40445.18,0.803532126985056
40445.19,0.81695008528281
40445.2,0.810355037339163
40445.21,0.80883627226155
40445.22,0.840090594290013
40445.23,0.846309334932188
40445.24,0.839783917671289
40445.25,0.833315356566554
40445.26,0.841057289374527
40445.27,0.84332162247109
40445.28,0.857983492293888
40445.29,0.80645589388472
40445.3,0.800446290053734
40445.31,0.796515722978845
40445.32,0.837081813468085
40445.33,0.828881378018785
40445.34,0.842895773064611
40445.35,0.813654442173705
40445.36,0.773793454519778
40445.37,0.777426619350324
40445.38,0.796717869885086
40445.39,0.782001487226266
40445.4,0.784654509197253
40445.41,0.768954599538735
40445.42,0.746178473290846
40445.43,0.757056772663679
40445.44,0.776267174264159
40445.45,0.769694594105307
40445.46,0.790182477853379
40445.47,0.773952170820592
40445.48,0.755778668519676
40445.49,0.781894008560355
40445.5,0.784715269289714
40445.51,0.770128839084402
40445.52,0.775346549436166
40445.53,0.765622915464374
40445.54,0.768390888225307
40445.55,0.793866728967553
40445.56,0.830727779540998
40445.57,0.820433325123548
40445.58,0.830919046038972
40445.59,0.788681776102172
40445.6,0.756053070062522
40445.61,0.716091627443179
40445.62,0.683654359841615
40445.63,0.690639161667577
40445.64,0.642086142799037
40445.65,0.626343818308692
40445.66,0.633629280160268
40445.67,0.659757444528162
40445.68,0.653826897365175
40445.69,0.616968915263374
40445.7,0.637354099929598
40445.71,0.590956141400596
40445.72,0.573375620546377
40445.73,0.586090871635387
40445.74,0.592167251065026
40445.75,0.586887990851259
40445.76,0.597462415130996
40445.77,0.569403993205575
40445.78,0.546809203943275
40445.79,0.500279799908473
40445.8,0.520004028467491
40445.81,0.531382433292308
40445.82,0.518533767844176
40445.83,0.513497428704228
40445.84,0.507788515545465
40445.85,0.50311406837608
40445.86,0.527639514902367
40445.87,0.544170755580582
40445.88,0.535637099698193
40445.89,0.548672997171669
40445.9,0.561559853112896
40445.91,0.566593710541301
40445.92,0.584514239856606
40445.93,0.590466281550137
40445.94,0.618254583965355
40445.95,0.604133765115328
40445.96,0.610658999370178
40445.97,0.5966335786918
40445.98,0.61998259425597
40445.99,0.610852603054778
40446,0.608365233800978
40446.01,0.607075039033842
40446.02,0.613150292395936
40446.03,0.59233760334563
40446.04,0.633341917752029
40446.05,0.661954252121179
40446.06,0.682112948980533
40446.07,0.703868383242812
40446.08,0.728005730543912
40446.09,0.7235299540085
40446.1,0.738566944425622
40446.11,0.748038427835162
40446.12,0.741848115956714
40446.13,0.727778180638811
40446.14,0.711260932942456
40446.15,0.716657493779964
40446.16,0.739328817462517
40446.17,0.739272389938288
40446.18,0.727689859050954
40446.19,0.748184773413753
40446.2,0.723621922819302
40446.21,0.71083214570476
40446.22,0.698901756702831
40446.23,0.672154121050916
40446.24,0.664865719818145
40446.25,0.664280472230208
40446.26,0.639492927143435
40446.27,0.643548841954817
40446.28,0.641213396453586
40446.29,0.612564413110597
40446.3,0.627977854971415
40446.31,0.632108294928991
40446.32,0.613257878189029
40446.33,0.630337704638595
40446.34,0.650861278243809
40446.35,0.624626751128846
40446.36,0.617028053690189
40446.37,0.621098118644599
40446.38,0.631252781187305
40446.39,0.60033485448694
40446.4,0.575408600878579
40446.41,0.568914544501036
40446.42,0.592101281834568
40446.43,0.592180086465413
40446.44,0.587448961454937
40446.45,0.572719473923399
40446.46,0.584558737613445
40446.47,0.568693027932926
40446.48,0.594346608114392
40446.49,0.598583765771797
40446.5,0.595113847310288
40446.51,0.588076779604142
40446.52,0.589690472946617
40446.53,0.625188474690305
40446.54,0.649632819332927
40446.55,0.652024419493171
40446.56,0.633852278213703
40446.57,0.66303571954441
40446.58,0.660440415314127
40446.59,0.631358899357411
40446.6,0.606910485689919
40446.61,0.588764753740995
40446.62,0.589275629958842
40446.63,0.578391493173682
40446.64,0.587421539843232
40446.65,0.58205162112636
40446.66,0.611012134074331
40446.67,0.609770029505817
40446.68,0.616361218995597
40446.69,0.617632581149
40446.7,0.619942287870127
40446.71,0.58727268019614
40446.72,0.573223386003082
40446.73,0.550499162748131
40446.74,0.57837107021039
40446.75,0.580755260349584
40446.76,0.589448521076102
40446.77,0.575778268788336
40446.78,0.574522369801577
40446.79,0.576825100899637
40446.8,0.595006384937736
40446.81,0.587970579801929
40446.82,0.603880279490743
40446.83,0.602287598276558
40446.84,0.57618867489413
40446.85,0.558155030758038
40446.86,0.585278700738083
40446.87,0.59848305088922
40446.88,0.5972122088408
40446.89,0.624870063687412
40446.9,0.626096184700598
40446.91,0.644505845766764
40446.92,0.640263707769185
40446.93,0.619629188148639
40446.94,0.627578175537843
40446.95,0.62880898469887
40446.96,0.628111999404294
40446.97,0.609435676216326
40446.98,0.601984513439322
40446.99,0.615014463385677
40447,0.607393167614216
40447.01,0.606105580728597
40447.02,0.605802622136766
40447.03,0.606500588850212
40447.04,0.622581188771873
40447.05,0.608942719366704
40447.06,0.603706764018355
40447.07,0.601142918701845
40447.08,0.578028325293989
40447.09,0.589601692144204
40447.1,0.590772913168214
40447.11,0.597531926005563
40447.12,0.600169417679551
40447.13,0.583639312820354
40447.14,0.598002177975379
40447.15,0.590843668758608
40447.16,0.61825813425157
40447.17,0.606824896973698
40447.18,0.604201114896656
40447.19,0.63944813939317
40447.2,0.65028917559551
40447.21,0.642776200781841
40447.22,0.631135427484336
40447.23,0.662081256189228
40447.24,0.66701390218776
40447.25,0.679179157845822
40447.26,0.692354327661676
40447.27,0.702316652148441
40447.28,0.690209401255776
40447.29,0.69657585507399
40447.3,0.64984993115542
40447.31,0.634296108974005
40447.32,0.641141057586554
40447.33,0.6593743692397
40447.34,0.682412205088245
40447.35,0.642082729717959
40447.36,0.631538071352022
40447.37,0.600908625408587
40447.38,0.574818392544985
40447.39,0.55903893458355
40447.4,0.567580341274163
40447.41,0.588215619256134
40447.42,0.585736601210334
40447.43,0.602193442692097
40447.44,0.611935328627103
40447.45,0.607991146163124
40447.46,0.603328696765116
40447.47,0.612501996002537
40447.48,0.635353428908696
40447.49,0.644110712449473
40447.5,0.632613290752796
40447.51,0.617384798806538
40447.52,0.622417630144155
40447.53,0.597891583134225
40447.54,0.577034370559968
40447.55,0.575773990821956
40447.56,0.565024118722969
40447.57,0.557649050308765
40447.58,0.590792747184457
40447.59,0.557568679132804
40447.6,0.568824872976033
40447.61,0.585248104271791
40447.62,0.5648941249937
40447.63,0.563361183147399
40447.64,0.567992052147398
40447.65,0.576979241360853
40447.66,0.548502905371841
40447.67,0.56327550241924
40447.68,0.569694834718096
40447.69,0.560603709699079
40447.7,0.566481647449858
40447.71,0.595495938070673
40447.72,0.590934556845433
40447.73,0.602803959763369
40447.74,0.605869793851216
40447.75,0.571544906997843
40447.76,0.59457182296692
40447.77,0.604106029239742
40447.78,0.598753825739536
40447.79,0.59958358494196
40447.8,0.625482477067191
40447.81,0.619881164858115
40447.82,0.601841208082892
40447.83,0.577487335207273
40447.84,0.590149159967438
40447.85,0.575798962348741
40447.86,0.589056643195631
40447.87,0.566665792366064
40447.88,0.577874010428368
40447.89,0.576790673626659
40447.9,0.590851884893596
40447.91,0.620283934761003
40447.92,0.596510101423557
40447.93,0.623054547217864
40447.94,0.615939416405031
40447.95,0.61013351119371
40447.96,0.623082293244239
40447.97,0.622765433016363
40447.98,0.619492465972946
40447.99,0.627878626079381
40448,0.605434103266403
40448.01,0.647346622883883
40448.02,0.634074090921857
40448.03,0.627129206937701
40448.04,0.660738016557876
40448.05,0.67562740999705
40448.06,0.67352889003281
40448.07,0.679994401999824
40448.08,0.661807452704153
40448.09,0.652147538594166
40448.1,0.672238332847452
40448.11,0.695705639446221
40448.12,0.669078772519627
40448.13,0.653599651915136
40448.14,0.659091602849651
40448.15,0.625577335458776
40448.16,0.641118421169429
40448.17,0.647930651566062
40448.18,0.656146031104683
40448.19,0.664872316914541
40448.2,0.708293373469023
40448.21,0.729542958617463
40448.22,0.755813655184697
40448.23,0.740261805833212
40448.24,0.719917612060055
40448.25,0.743831815921023
40448.26,0.713229493608753
40448.27,0.73267963057356
40448.28,0.731734369988455
40448.29,0.739325468889003
40448.3,0.71949719117925
40448.31,0.688167670691801
40448.32,0.707106817241747
40448.33,0.70084089229274
40448.34,0.694032918790278
40448.35,0.733506375711466
40448.36,0.745459971244414
40448.37,0.728689750919171
40448.38,0.745861357922812
40448.39,0.793531712353458
40448.4,0.788355963258585
40448.41,0.794057124120835
40448.42,0.83732388340158
40448.43,0.867927831174063
40448.44,0.821661672557409
40448.45,0.805324183278065
40448.46,0.827948377161673
40448.47,0.81635049492664
40448.48,0.825881325885885
40448.49,0.813438515905273
40448.5,0.832693966137158
40448.51,0.817030630741068
40448.52,0.772499064656276
40448.53,0.780430164722112
40448.54,0.797309191687569
40448.55,0.783991171621683
40448.56,0.74980591715438
40448.57,0.783046926004379
40448.58,0.788299568408465
40448.59,0.798358087781417
40448.6,0.787840113742261
40448.61,0.76521402269647
40448.62,0.717729189722387
40448.63,0.703784524802475
40448.64,0.671080405650569
40448.65,0.701445006049145
40448.66,0.672747070131856
40448.67,0.648259489689184
40448.68,0.675119937016836
40448.69,0.691783678356065
40448.7,0.703983907175349
40448.71,0.697336987258632
40448.72,0.697288972295831
40448.73,0.701880151214693
40448.74,0.70644548303986
40448.75,0.746848524636812
40448.76,0.76139419056962
40448.77,0.735288264116241
40448.78,0.754086210008172
40448.79,0.76263734249287
40448.8,0.761829995097383
40448.81,0.737808538443307
40448.82,0.703564805890314
40448.83,0.69901520895068
40448.84,0.7113739613925
40448.85,0.723641356852567
40448.86,0.73543420724434
40448.87,0.740183476123606
40448.88,0.740525632675336
40448.89,0.757294677667839
40448.9,0.726988579029599
40448.91,0.750939757782828
40448.92,0.772947195275834
40448.93,0.778901340888016
40448.94,0.796378486379936
40448.95,0.787417653264744
40448.96,0.752260063986496
40448.97,0.765280331980649
40448.98,0.76748669892809
40448.99,0.771748422082382
40449,0.768171236909113
40449.01,0.749980256318342
40449.02,0.732419285099758
40449.03,0.738165983329316
40449.04,0.763677914419026
40449.05,0.734125307067656
40449.06,0.741820958097187
40449.07,0.72389220251829
40449.08,0.717496439317652
40449.09,0.721981700894953
40449.1,0.696332265326194
40449.11,0.705509053925491
40449.12,0.720654997797571
40449.13,0.723520890078911
40449.14,0.726897201634684
40449.15,0.75979262414701
40449.16,0.732548698222807
40449.17,0.749632263998536
40449.18,0.756803610110925
40449.19,0.7668292916454
40449.2,0.736331753490536
40449.21,0.758103663126247
40449.22,0.767754045831819
40449.23,0.798133765618441
40449.24,0.813365257660155
40449.25,0.856675643677405
40449.26,0.846317217147721
40449.27,0.807982516783733
40449.28,0.833052484458473
40449.29,0.850489048695973
40449.3,0.826222155729978
40449.31,0.829981916219428
40449.32,0.857348066061373
40449.33,0.808466956963291
40449.34,0.817241753251044
40449.35,0.800515641502675
40449.36,0.783278205134313
40449.37,0.77018006105897
40449.38,0.743748270334857
40449.39,0.708403914117577
40449.4,0.728017564744071
40449.41,0.711045863746494
40449.42,0.694294530657635
40449.43,0.718060095908055
40449.44,0.682786363251146
40449.45,0.708344885532604
40449.46,0.747052389121095
40449.47,0.70830823872776
40449.48,0.69032787060034
40449.49,0.70404508611637
40449.5,0.725281049071806
40449.51,0.712174181327334
40449.52,0.722742802250352
40449.53,0.743862705347399
40449.54,0.735293060260057
40449.55,0.774898533619407
40449.56,0.755302793144807
40449.57,0.743042928413334
40449.58,0.751378456249589
40449.59,0.769103188917908
40449.6,0.734621800386857
40449.61,0.744123776438452
40449.62,0.755721306115287
40449.63,0.773276030130045
40449.64,0.782000111260787
40449.65,0.793613835015199
40449.66,0.783372752322296
40449.67,0.768045594941644
40449.68,0.766098997022579
40449.69,0.782680725760101
40449.7,0.785153588422101
40449.71,0.736232075883096
40449.72,0.737348778735972
40449.73,0.717019399992994
40449.74,0.72900078647624
40449.75,0.734869566289001
40449.76,0.754230593614048
40449.77,0.772180757527593
40449.78,0.763135680916766
40449.79,0.773716703761296
40449.8,0.777875149095318
40449.81,0.781320535008454
40449.82,0.789216220895285
40449.83,0.778835544559836
40449.84,0.764697341481382
40449.85,0.748551587219582
40449.86,0.768414098184001
40449.87,0.802898264719808
40449.88,0.770993644987061
40449.89,0.752331950653222
40449.9,0.73513411513176
40449.91,0.726521871703648
40449.92,0.742131038265286
40449.93,0.763960409341015
40449.94,0.767808030188492
40449.95,0.774388117904902
40449.96,0.800301572613807
40449.97,0.810206334363985
40449.98,0.806536544300918
40449.99,0.76965695237813
40450,0.776422970015047
40450.01,0.7918044706217
40450.02,0.809768214274297
40450.03,0.806637628098365
40450.04,0.769892026586276
40450.05,0.767249224963118
40450.06,0.797589928496262
40450.07,0.808476462048259
40450.08,0.769026576751385
40450.09,0.753545653199322
40450.1,0.759940723654981
40450.11,0.751170371897672
40450.12,0.718401832811078
40450.13,0.6907343431913
40450.14,0.698547009956877
40450.15,0.669931839785739
40450.16,0.698010228426735
40450.17,0.702582895830775
40450.18,0.730002462134205
40450.19,0.735044450039994
40450.2,0.734792416145197
40450.21,0.771055179689442
40450.22,0.776573593357489
40450.23,0.752750141355586
40450.24,0.738986041318662
40450.25,0.728720317387243
40450.26,0.718975937075325
40450.27,0.723865909370616
40450.28,0.759147700199733
40450.29,0.763361114604365
40450.3,0.751392621342797
40450.31,0.753805775941066
40450.32,0.740956215959856
40450.33,0.734438936564365
40450.34,0.749284145372385
40450.35,0.773277207263095
40450.36,0.781370481700069
40450.37,0.766349351241896
40450.38,0.735983622118658
40450.39,0.747547440977239
40450.4,0.7481676541373
40450.41,0.738283401162326
40450.42,0.737291686885341
40450.43,0.745844454221667
40450.44,0.74852678921877
40450.45,0.712165281363396
40450.46,0.736408062559652
40450.47,0.752137665455991
40450.48,0.720784745288567
40450.49,0.689493805780626
40450.5,0.67008121135297
40450.51,0.657715317878322
40450.52,0.657325623672207
40450.53,0.662779756900474
40450.54,0.675938706839513
40450.55,0.684828696326832
40450.56,0.687341573121977
40450.57,0.688344299702687
40450.58,0.696135914181332
40450.59,0.690044194688763
40450.6,0.697891054924656
40450.61,0.691708173464394
40450.62,0.662866397726491
40450.63,0.68797936678499
40450.64,0.702276814412182
40450.65,0.705119651889524
40450.66,0.695828213867484
40450.67,0.724400212815498
40450.68,0.737731006249829
40450.69,0.750514790868458
40450.7,0.722548982474681
40450.71,0.717149374853409
40450.72,0.720963337134717
40450.73,0.724205834301921
40450.74,0.721989515930306
40450.75,0.719358862712214
40450.76,0.723023417503218
40450.77,0.743930897709604
40450.78,0.753826922237341
40450.79,0.74455347327475
40450.8,0.754943116992168
40450.81,0.760187253357025
40450.82,0.719805702559192
40450.83,0.723323491590105
40450.84,0.736875132902032
40450.85,0.770904329273301
40450.86,0.804834434258425
40450.87,0.830960058777256
40450.88,0.874889004792736
40450.89,0.907944025986673
40450.9,0.883704311235107
40450.91,0.870571226492393
40450.92,0.845737925456598
40450.93,0.871282755043536
40450.94,0.927986042228585
40450.95,0.935760997695141
40450.96,0.947927074862489
40450.97,0.990215643906603
40450.98,0.967826590066301
40450.99,1.01796183602406
40451,1.02076759636057
40451.01,1.0404520502771
40451.02,1.06541588091929
40451.03,1.09130817253468
40451.04,1.08607922119999
40451.05,1.1373304752937
40451.06,1.10289704654532
40451.07,1.14677287464135
40451.08,1.1357413332346
40451.09,1.21593138213113
40451.1,1.27881197916904
40451.11,1.30038416059458
40451.12,1.27556686886144
40451.13,1.26924874154166
40451.14,1.28534537879802
40451.15,1.29327253978205
40451.16,1.26548659457729
40451.17,1.28261692726621
40451.18,1.24625417729406
40451.19,1.21869885161063
40451.2,1.18883924320832
40451.21,1.22899931116623
40451.22,1.22472235108406
40451.23,1.21899710681488
40451.24,1.21962824420671
40451.25,1.22295684120291
40451.26,1.21728439788485
40451.27,1.19970450119259
40451.28,1.20310663678943
40451.29,1.20287206282651
40451.3,1.19823541803213
40451.31,1.21295281625034
40451.32,1.22623358473988
40451.33,1.25615414031236
40451.34,1.22556998750112
40451.35,1.19362100803801
40451.36,1.18864659982405
40451.37,1.19678952454034
40451.38,1.21595847326527
40451.39,1.21255458936222
40451.4,1.228901825375
40451.41,1.13575254978543
40451.42,1.16601881370244
40451.43,1.17058339308538
40451.44,1.18877517434188
40451.45,1.18065201647735
40451.46,1.20099658283364
40451.47,1.15636439132611
40451.48,1.11936009817874
40451.49,1.1249677934645
40451.5,1.1089167928039
40451.51,1.14928471992484
40451.52,1.26123886050329
40451.53,1.23968128618748
40451.54,1.24577152985127
40451.55,1.20276190135824
40451.56,1.17398121716278
40451.57,1.10945477725006
40451.58,1.08688296710529
40451.59,1.0770424765552
40451.6,1.02549210237023
40451.61,1.03632662755183
40451.62,1.05593728457376
40451.63,1.03871421375642
40451.64,0.97828157157565
40451.65,0.989496021307178
40451.66,1.03741932741808
40451.67,1.07427057083082
40451.68,1.04275635615743
40451.69,1.01724683212946
40451.7,1.00494121655368
40451.71,0.996453839754793
40451.72,0.972618060012782
40451.73,1.0227479071552
40451.74,1.01642385553213
40451.75,0.989727483452185
40451.76,1.00765487838599
40451.77,1.02910977924251
40451.78,1.04216852013917
40451.79,1.11529256575987
40451.8,1.11150686461262
40451.81,1.12691164452324
40451.82,1.20878346435674
40451.83,1.23495947483296
40451.84,1.32211267409675
40451.85,1.40572582368749
40451.86,1.47018744920579
40451.87,1.44976753997915
40451.88,1.42318739074666
40451.89,1.45074199364479
40451.9,1.42480342804177
40451.91,1.40424128493626
40451.92,1.40286747106289
40451.93,1.48508445431816
40451.94,1.46804444953917
40451.95,1.40612668193623
40451.96,1.42884955781382
40451.97,1.48259592486624
40451.98,1.45250783014861
40451.99,1.3887265372331
40452,1.37673145081232
40452.01,1.32012461208489
40452.02,1.27796412152464
40452.03,1.18099782377837
40452.04,1.20141405880355
40452.05,1.15362506334627
40452.06,1.20175806245452
40452.07,1.16569254089035
40452.08,1.16258388651025
40452.09,1.16713568171116
40452.1,1.15283431044659
40452.11,1.16370167226211
40452.12,1.20959878039244
40452.13,1.22096916997501
40452.14,1.19603113973055
40452.15,1.19332633645322
40452.16,1.16373919957157
40452.17,1.15253377030825
40452.18,1.11425774904688
40452.19,1.1519899696641
40452.2,1.11883094094104
40452.21,1.11201674444011
40452.22,1.07984564193327
40452.23,1.0229599116882
40452.24,1.05492857317889
40452.25,1.0602686161349
40452.26,1.07106587691905
40452.27,0.985994912251816
40452.28,1.00580612742193
40452.29,0.97525243333373
40452.3,0.967196522939713
40452.31,0.952674579890607
40452.32,0.945804374744862
40452.33,0.981119362509159
40452.34,1.01542186783119
40452.35,1.02213061610067
40452.36,1.00797576545026
40452.37,0.9673088387631
40452.38,0.953855961077056
40452.39,0.957605192221643
40452.4,0.944130296108703
40452.41,0.985903647757255
40452.42,1.02277285384953
40452.43,1.03128651468089
40452.44,1.06492034022575
40452.45,1.0986827223179
40452.46,1.17019720614689
40452.47,1.18004870441197
40452.48,1.16033784880794
40452.49,1.16892140592779
40452.5,1.09371776245817
40452.51,1.09806740577
40452.52,1.06539665522511
40452.53,1.0523767508006
40452.54,1.01810352991502
40452.55,0.987989429540493
40452.56,0.999518429050246
40452.57,1.00017802126676
40452.58,1.01470174857345
40452.59,1.00761226311591
40452.6,1.032133287352
40452.61,1.01049769828663
40452.62,0.954398423850722
40452.63,0.978324182507917
40452.64,0.974295321328954
40452.65,0.96173825338
40452.66,0.953030649024736
40452.67,0.940077196675256
40452.68,0.952208929273782
40452.69,0.955079943258182
40452.7,0.94991065415123
40452.71,0.966277710732736
40452.72,0.991547799165384
40452.73,1.01878058363181
40452.74,1.01779114932756
40452.75,1.03706965047152
40452.76,1.05851622759755
40452.77,1.09006530920039
40452.78,1.07269533603317
40452.79,1.01814356627588
40452.8,1.04701869054798
40452.81,1.04085916351437
40452.82,1.04095086660836
40452.83,1.04796120000605
40452.84,1.05927281989631
40452.85,1.04960625458491
40452.86,1.01204714826849
40452.87,1.00888778873465
40452.88,0.944612437858899
40452.89,0.908384743391111
40452.9,0.897882394986292
40452.91,0.919978739853745
40452.92,0.88428788045291
40452.93,0.868505074329243
40452.94,0.845046734795264
40452.95,0.86528698130872
40452.96,0.866005781628661
40452.97,0.895971451894375
40452.98,0.891649007547617
40452.99,0.888511324562119
40453,0.896389961430422
40453.01,0.903108704128819
40453.02,0.903719884559742
40453.03,0.886935876007137
40453.04,0.88791523743647
40453.05,0.891215028955937
40453.06,0.911215960641727
40453.07,0.916608801038459
40453.08,0.926899526204721
40453.09,0.939963254458267
40453.1,0.96414587300546
40453.11,0.946315152035604
40453.12,0.973695474107235
40453.13,0.932734668640079
40453.14,0.946679366620331
40453.15,0.930632614687796
40453.16,0.948812457972702
40453.17,0.972906605041402
40453.18,0.955531300826677
40453.19,0.997920534715158
40453.2,0.974651693691493
40453.21,1.01395541624662
40453.22,1.02625284778061
40453.23,1.01653641391525
40453.24,0.973883603060428
40453.25,0.960096244116717
40453.26,0.941952305240551
40453.27,0.948787633870975
40453.28,0.943044940017726
40453.29,0.952497372751571
40453.3,0.927662955948081
40453.31,0.901136272720303
40453.32,0.920768710067362
40453.33,0.882021034573741
40453.34,0.86075871459772
40453.35,0.8632793720959
40453.36,0.86328886317227
40453.37,0.881514822862714
40453.38,0.865171946398394
40453.39,0.905292394202825
40453.4,0.91031759433128
40453.41,0.922015540847244
40453.42,0.919324115364056
40453.43,0.924204835581478
40453.44,0.924354232002648
40453.45,0.948834082752552
40453.46,0.938414967947566
40453.47,0.894141877497651
40453.48,0.892527508545752
40453.49,0.903370080348315
40453.5,0.898732100915309
40453.51,0.87832988540771
40453.52,0.879120030385129
40453.53,0.905175833119056
40453.54,0.922574624032419
40453.55,0.96436719133691
40453.56,0.938980407675235
40453.57,0.977858045726206
40453.58,0.896117004124205
40453.59,0.917081645930455
40453.6,0.881539482480634
40453.61,0.854675265787745
40453.62,0.866123549996944
40453.63,0.839281869325687
40453.64,0.84441692812169
40453.65,0.883482862553822
40453.66,0.896040068748852
40453.67,0.867836409766232
40453.68,0.858433726186478
40453.69,0.867560653740834
40453.7,0.846335795856861
40453.71,0.831597708006784
40453.72,0.859320844439356
40453.73,0.872606698513586
40453.74,0.855804535341509
40453.75,0.853583488833679
40453.76,0.911203855274677
40453.77,0.894183899744487
40453.78,0.89991303542066
40453.79,0.909284735550608
40453.8,0.936102175269593
40453.81,0.973640590149878
40453.82,0.968246907357952
40453.83,0.953566631431604
40453.84,0.93324446715682
40453.85,0.977934253309099
40453.86,0.949349140243429
40453.87,0.957310289935159
40453.88,0.963906837923398
40453.89,0.974236345053853
40453.9,0.981179033711855
40453.91,0.973882286048557
40453.92,0.968850928235827
40453.93,1.00035200109664
40453.94,0.967633612153408
40453.95,0.912173837208163
40453.96,0.91560564157085
40453.97,0.920796057019217
40453.98,0.951090959089099
40453.99,0.94849064789585
40454,0.970916891238657
40454.01,0.939915469261775
40454.02,0.934425741214128
40454.03,0.941170278034887
40454.04,0.94851821689094
40454.05,0.929536597611664
40454.06,0.94068296078502
40454.07,0.965251214019455
40454.08,0.967873113760173
40454.09,1.00820902685365
40454.1,1.02317062755902
40454.11,1.02502275948509
40454.12,1.04367863184143
40454.13,0.986944591336139
40454.14,1.03478817588302
40454.15,1.00934137451293
40454.16,0.969920121757385
40454.17,0.973687540992872
40454.18,0.952319840370314
40454.19,0.975860330789845
40454.2,0.995430706460937
40454.21,0.937420268895214
40454.22,0.982343846053086
40454.23,0.998000651282543
40454.24,0.936181341606627
40454.25,0.950204186088437
40454.26,0.942998040660698
40454.27,1.0044713073357
40454.28,1.01923735361344
40454.29,1.04484422734234
40454.3,1.0573283003343
40454.31,1.07415397109305
40454.32,1.07288856103637
40454.33,1.11443751743995
40454.34,1.07322504600673
40454.35,1.0959150527397
40454.36,1.10308350027118
40454.37,1.0811976064031
40454.38,1.06180046868032
40454.39,1.04910164210324
40454.4,1.02800564215644
40454.41,1.02424573146422
40454.42,0.97237815610183
40454.43,0.926252632438144
40454.44,0.897295532913143
40454.45,0.898420627130479
40454.46,0.854620145434342
40454.47,0.840520041717955
40454.48,0.830765995016643
40454.49,0.803549734649714
40454.5,0.848015244934149
40454.51,0.858829994840894
40454.52,0.90193008489222
40454.53,0.956534957639486
40454.54,0.995070533988852
40454.55,1.04188889440333
40454.56,1.0132884985161
40454.57,1.01991690125108
40454.58,0.993984241876225
40454.59,1.04347623286602
40454.6,1.053617477976
40454.61,1.00419801185815
40454.62,0.957510854398109
40454.63,0.962444193900373
40454.64,0.954617908123117
40454.65,0.912074616023232
40454.66,0.909139852817802
40454.67,0.928045778248089
40454.68,0.95924773199558
40454.69,0.964533834535665
40454.7,0.92196260130088
40454.71,0.883727309670737
40454.72,0.868804524759969
40454.73,0.863073140249354
40454.74,0.807487670760001
40454.75,0.818611075944999
40454.76,0.813921771408639
40454.77,0.798978177803501
40454.78,0.808634226146113
40454.79,0.799169579034626
40454.8,0.810257384061499
40454.81,0.792243976013315
40454.82,0.816382144110727
40454.83,0.804651253706878
40454.84,0.784719982926847
40454.85,0.755548802560546
40454.86,0.780927488132925
40454.87,0.801002869288664
40454.88,0.8365977204521
40454.89,0.898286641802814
40454.9,0.909394466590578
40454.91,0.925694786348906
40454.92,0.880682306669362
40454.93,0.892865876269114
40454.94,0.932826636535008
40454.95,0.99723305519109
40454.96,0.993285728165655
40454.97,0.964196504909507
40454.98,0.976881245648421
40454.99,0.994970680468125
40455,0.960990209163618
40455.01,0.95410151131092
40455.02,0.961040163477275
40455.03,0.956959118971166
40455.04,0.916713934420916
40455.05,0.946417101523974
40455.06,0.965498810724879
40455.07,0.957795884920038
40455.08,0.92306249260102
40455.09,0.874077422944478
40455.1,0.897080564829587
40455.11,0.922904267934857
40455.12,0.976575986913757
40455.13,0.976228834466199
40455.14,0.979570555045101
40455.15,1.01322545283275
40455.16,1.02965701542481
40455.17,1.03688758624304
40455.18,1.09492310093031
40455.19,1.1195811378869
40455.2,1.11943868475276
40455.21,1.10263005591672
40455.22,1.10703137321574
40455.23,1.14736156209202
40455.24,1.12185291437759
40455.25,1.14744434308618
40455.26,1.10392756936523
40455.27,1.10033554519716
40455.28,1.0872503069889
40455.29,1.11694693860216
40455.3,1.07575832254539
40455.31,1.08206471138382
40455.32,1.101617923908
40455.33,1.13657267124909
40455.34,1.14195064810538
40455.35,1.09099435848232
40455.36,1.06706541517229
40455.37,1.11358487639674
40455.38,1.08165793966176
40455.39,1.08756537114068
40455.4,1.09134018894475
40455.41,1.05423113801849
40455.42,1.0505384411317
40455.43,1.02500219737811
40455.44,0.976809439726474
40455.45,0.960839314958304
40455.46,0.974013350732999
40455.47,1.01626475633433
40455.48,1.02656688760502
40455.49,1.0849764359707
40455.5,1.03997665979324
40455.51,1.03302798444887
40455.52,1.05903976670092
40455.53,1.06952121766031
40455.54,1.10239815605267
40455.55,1.10593665512923
40455.56,1.07194627608698
40455.57,1.05901694126574
40455.58,1.04404875515397
40455.59,1.05606246030631
40455.6,1.06047258588824
40455.61,1.04562354490761
40455.62,1.04497592861197
40455.63,1.04762212503164
40455.64,0.999385167578618
40455.65,0.973625401384839
40455.66,0.957238327724847
40455.67,0.962769158024373
40455.68,0.938334804187381
40455.69,0.946572272298692
40455.7,0.955432908535901
40455.71,0.916892606641683
40455.72,0.936384974545006
40455.73,0.952890764375425
40455.74,0.962489550819312
40455.75,0.981740754923304
40455.76,0.980572170767681
40455.77,0.978576185662107
40455.78,0.958098717938841
40455.79,0.930279074643589
40455.8,0.903187019232176
40455.81,0.917175818905188
40455.82,0.974549189203115
40455.83,0.950499112778297
40455.84,0.942537342219524
40455.85,0.960856350929602
40455.86,0.963602181437556
40455.87,0.93957879224789
40455.88,0.923258948741994
40455.89,0.907577142292916
40455.9,0.903363447542085
40455.91,0.880822209850975
40455.92,0.872769478535187
40455.93,0.920840265441136
40455.94,0.960578864201796
40455.95,0.948258777154923
40455.96,0.915264421932473
40455.97,0.905221036791672
40455.98,0.885851230116415
40455.99,0.873837080730573
40456,0.871297386319443
40456.01,0.901221417805334
40456.02,0.910789049690026
40456.03,0.932344554461575
40456.04,0.939112411916238
40456.05,0.928520166156532
40456.06,0.964623751003898
40456.07,0.95240753470725
40456.08,1.00395096681906
40456.09,1.04810772858532
40456.1,0.984481164038786
40456.11,0.922638188813178
40456.12,0.879650179234768
40456.13,0.912952956883214
40456.14,0.890809146411154
40456.15,0.880814206230109
40456.16,0.901665513139035
40456.17,0.858033273941928
40456.18,0.886261656898063
40456.19,0.885219573634288
40456.2,0.915959669806159
40456.21,0.89071813397859
40456.22,0.872104697026881
40456.23,0.838448309992685
40456.24,0.856384261319554
40456.25,0.862313406180398
40456.26,0.830419496440192
40456.27,0.809593046775022
40456.28,0.813623490894057
40456.29,0.791950088950221
40456.3,0.813588652834431
40456.31,0.820782113053003
40456.32,0.829707765395086
40456.33,0.878186039313415
40456.34,0.868733720832031
40456.35,0.876806072125659
40456.36,0.873163666394845
40456.37,0.890003947937666
40456.38,0.892397859114974
40456.39,0.958709416387766
40456.4,0.962114373316765
40456.41,0.960850067428302
40456.42,0.927143530726093
40456.43,0.910170916375128
40456.44,0.926908187124566
40456.45,0.936033841159756
40456.46,0.952081793190112
40456.47,0.922853728127628
40456.48,0.886936683783334
40456.49,0.867863809467955
40456.5,0.839380716278446
40456.51,0.797638641955101
40456.52,0.801049832923398
40456.53,0.816772272007228
40456.54,0.748579227936972
40456.55,0.784276928909678
40456.56,0.788576285725034
40456.57,0.821588966563285
40456.58,0.857111209193617
40456.59,0.871850234231936
40456.6,0.916685402053543
40456.61,0.939971223702418
40456.62,0.972115707407811
40456.63,0.979973939372085
40456.64,0.970205244036252
40456.65,0.941998253493864
40456.66,0.940417420647008
40456.67,0.944616122742147
40456.68,0.944991383863836
40456.69,0.948622501967275
40456.7,0.949325850861125
40456.71,0.918425069445832
40456.72,0.905785178936068
40456.73,0.961915027193237
40456.74,0.925339656262644
40456.75,0.937918623611009
40456.76,0.90315054318999
40456.77,0.944510173353238
40456.78,0.928720321212307
40456.79,0.89825013733496
40456.8,0.864622103426487
40456.81,0.85285063028925
40456.82,0.889470151873713
40456.83,0.941631332645141
40456.84,0.95680672389554
40456.85,0.963567034422379
40456.86,0.965042996327901
40456.87,0.958552733158478
40456.88,0.941643595495144
40456.89,0.876928318939315
40456.9,0.866652174566998
40456.91,0.852895714978761
40456.92,0.839928709832634
40456.93,0.821922460548425
40456.94,0.864136076957015
40456.95,0.92526110051909
40456.96,0.894576736354061
40456.97,0.895419418072442
40456.98,0.933054494926652
40456.99,0.959739087042959
40457,0.937190076611424
40457.01,1.03086332383899
40457.02,0.993527513164142
40457.03,1.00712896697579
40457.04,0.982707063591356
40457.05,1.01030244934801
40457.06,1.02835765972461
40457.07,1.0715429386895
40457.08,1.04031602070659
40457.09,1.01925958265167
40457.1,1.03578902780816
40457.11,0.996162586073432
40457.12,0.975180296489417
40457.13,0.957061775564183
40457.14,0.942656441201124
40457.15,0.910982869760076
40457.16,0.855405924697097
40457.17,0.853501434695812
40457.18,0.846841771949517
40457.19,0.872128086030516
40457.2,0.867853745367833
40457.21,0.852109260757951
40457.22,0.806366084326464
40457.23,0.815851405609536
40457.24,0.831456244853118
40457.25,0.809974222189645
40457.26,0.837560015624994
40457.27,0.834219819125727
40457.28,0.827577977240856
40457.29,0.83249512239786
40457.3,0.839004176856592
40457.31,0.80156989144127
40457.32,0.838875953513691
40457.33,0.852163106581224
40457.34,0.85136699785487
40457.35,0.843954557554504
40457.36,0.865922256685573
40457.37,0.866947586623294
40457.38,0.881351932776821
40457.39,0.902751503440796
40457.4,0.887205621575453
40457.41,0.919126320659319
40457.42,0.944236390886147
40457.43,0.954015357692753
40457.44,0.921799110098342
40457.45,0.908183068662303
40457.46,0.943293273394032
40457.47,0.915539616779312
40457.48,0.933512100021008
40457.49,0.970798616702229
40457.5,0.991133042552885
40457.51,1.02202384339504
40457.52,0.996211331108371
40457.53,1.00041761248477
40457.54,0.947290124735128
40457.55,0.920541403482333
40457.56,0.956516338492871
40457.57,0.911511656904429
40457.58,0.872378371969819
40457.59,0.910716269175735
40457.6,0.894891264761008
40457.61,0.947811375032061
40457.62,0.906615257543964
40457.63,0.922713568803087
40457.64,0.977482565736978
40457.65,1.02137702929843
40457.66,1.05307444800399
40457.67,1.07602348529851
40457.68,1.08371548092192
40457.69,1.09242842047025
40457.7,1.10683970344767
40457.71,1.16056937638926
40457.72,1.15067425196511
40457.73,1.14020338114271
40457.74,1.09065373962671
40457.75,1.04868130152288
40457.76,1.08213280369663
40457.77,1.06208927434306
40457.78,1.06745272301357
40457.79,1.06290513029666
40457.8,1.05480605742776
40457.81,1.06283859629173
40457.82,1.0661015311004
40457.83,1.09505270565953
40457.84,1.08752856896151
40457.85,1.07447784479826
40457.86,1.05474840170137
40457.87,1.04766879744877
40457.88,1.08469250627588
40457.89,1.05031676743766
40457.9,1.05732362702381
40457.91,1.01828968064176
40457.92,1.02645372470838
40457.93,1.03177243659151
40457.94,1.04563767630461
40457.95,1.03005608452356
40457.96,1.08129786676292
40457.97,1.08888923401129
40457.98,1.03200546680071
40457.99,1.05303706983701
40458,1.01557562477378
40458.01,1.04721837911578
40458.02,1.06254779052078
40458.03,1.07123677306632
40458.04,1.07323421612326
40458.05,1.06156047869192
40458.06,1.05779095258105
40458.07,1.06698020880195
40458.08,1.05636880387837
40458.09,1.02954956220647
40458.1,1.02907976129049
40458.11,1.04513472931715
40458.12,1.01627945219867
40458.13,1.02925695617867
40458.14,1.06266470515302
40458.15,1.04697722933208
40458.16,1.01307762591476
40458.17,1.01951448431274
40458.18,1.01583463207015
40458.19,0.99528786730188
40458.2,0.975556487497204
40458.21,0.98386825032804
40458.22,0.972845988673365
40458.23,1.02869084385282
40458.24,1.02780949263186
40458.25,1.0098925605308
40458.26,1.03925985138978
40458.27,1.03969978869727
40458.28,1.03616376035429
40458.29,0.980118683834232
40458.3,0.952741590188978
40458.31,0.928619577022169
40458.32,0.925810976815644
40458.33,0.940336716463368
40458.34,0.936540329381104
40458.35,0.965204836855058
40458.36,0.978421990895891
40458.37,0.973473010437879
40458.38,0.994402173032597
40458.39,1.00976053348861
40458.4,0.988438862852398
40458.41,1.00378861497401
40458.42,0.970211505706549
40458.43,0.967624493257803
40458.44,0.944850311722191
40458.45,0.943306483917776
40458.46,0.92600278139087
40458.47,0.971758588213523
40458.48,0.970534121712908
40458.49,0.924302315914487
40458.5,0.920944093632944
40458.51,0.960067161539179
40458.52,0.927981588283982
40458.53,0.890314400020603
40458.54,0.925998857030476
40458.55,0.986788815062175
40458.56,0.95912871004278
40458.57,0.95376809421742
40458.58,0.930805020185195
40458.59,0.922699961652868
40458.6,0.922078052412248
40458.61,0.932816609600373
40458.62,0.900938424100961
40458.63,0.9090761224244
40458.64,0.898275272850859
40458.65,0.908418157977849
40458.66,0.899280524760242
40458.67,0.899787906923048
40458.68,0.93758861351247
40458.69,0.962564560756444
40458.7,1.00593472608865
40458.71,1.00196224239104
40458.72,1.03124688915598
40458.73,1.04040092797123
40458.74,1.01669720054753
40458.75,0.997162225685285
40458.76,1.0102312931871
40458.77,0.975833778991858
40458.78,0.952049707297878
40458.79,0.92883127292765
40458.8,0.935353936179275
40458.81,0.934405369902463
40458.82,0.918785730770125
40458.83,0.909333295468186
40458.84,0.948190904357925
40458.85,0.926430103230227
40458.86,0.909954180936956
40458.87,0.94785572415
40458.88,0.980845148324661
40458.89,0.961375188927072
40458.9,0.967867816662391
40458.91,0.973827869522698
40458.92,1.0019099300302
40458.93,0.97888347554171
40458.94,0.94732405596694
40458.95,0.970480242663099
40458.96,0.951289596342335
40458.97,0.915349988298599
40458.98,0.848462618989429
40458.99,0.828141628734785
40459,0.792123909610258
40459.01,0.768251371472395
40459.02,0.747903691879363
40459.03,0.767373092907535
40459.04,0.787809582474079
40459.05,0.813396372226645
40459.06,0.837245930241238
40459.07,0.850068971293724
40459.08,0.861039370270701
40459.09,0.815533125941348
40459.1,0.803551091554186
40459.11,0.850724784243048
40459.12,0.888533897848988
40459.13,0.880220563359211
40459.14,0.848984994993496
40459.15,0.858340275918788
40459.16,0.849598953176975
40459.17,0.9056756329171
40459.18,0.905758626364109
40459.19,0.908978752158826
40459.2,0.939765901949221
40459.21,0.930605143343147
40459.22,0.92995037867305
40459.23,0.947775708432538
40459.24,0.934488548885827
40459.25,0.935837604093343
40459.26,0.934639435414919
40459.27,0.946446193222895
40459.28,0.92954604293174
40459.29,0.963371304374176
40459.3,0.980655110019456
40459.31,0.982745466880314
40459.32,0.988205412497535
40459.33,1.04205486407358
40459.34,1.06833961524821
40459.35,1.1171848251878
40459.36,1.1109909918132
40459.37,1.10172331661838
40459.38,1.08328834329187
40459.39,1.05590767706363
40459.4,1.03931106990102
40459.41,1.00024202882149
40459.42,1.00697025807398
40459.43,0.98305390081567
40459.44,1.02270227656829
40459.45,1.06257093937837
40459.46,1.05633503105347
40459.47,1.04481192225564
40459.48,1.03071505029428
40459.49,1.07010476975534
40459.5,1.02220541862581
40459.51,1.05415036042784
40459.52,1.01796872866677
40459.53,0.981948856884121
40459.54,0.969324093921675
40459.55,0.964459919105349
40459.56,0.93734741767596
40459.57,0.886681108842176
40459.58,0.900756975989493
40459.59,0.887094528676512
40459.6,0.875906005116028
40459.61,0.85968735243299
40459.62,0.864512961034815
40459.63,0.877517361931136
40459.64,0.902941564028325
40459.65,0.915504027951513
40459.66,0.897060701392684
40459.67,0.903464232310521
40459.68,0.924110047167095
40459.69,0.90314879510236
40459.7,0.897163931895089
40459.71,0.926482387278509
40459.72,0.910260564685298
40459.73,0.935468572505553
40459.74,1.00193810620891
40459.75,1.06639287049863
40459.76,1.09265892072805
40459.77,1.13508517699579
40459.78,1.10296675689409
40459.79,1.1237169681614
40459.8,1.10513840625976
40459.81,1.08029055569628
40459.82,1.05912557316776
40459.83,0.999314867295161
40459.84,1.0255202115125
40459.85,0.993295566433985
40459.86,0.954297437638278
40459.87,0.935927539867447
40459.88,0.919477498482842
40459.89,0.909783792533286
40459.9,0.88205080599242
40459.91,0.884099995118036
40459.92,0.912576507548244
40459.93,0.97804011271116
40459.94,0.963408345706973
40459.95,0.966451738968844
40459.96,0.958217440776341
40459.97,0.91474107132226
40459.98,0.91629704848672
40459.99,0.953439305143866
40460,0.923474241951925
40460.01,0.947403476988279
40460.02,0.938202642934503
40460.03,0.950820663526916
40460.04,0.907957436473371
40460.05,0.91962753173466
40460.06,0.901880061862626
40460.07,0.911371125770276
40460.08,0.944400894649701
40460.09,0.96552392338581
40460.1,0.936039863631799
40460.11,0.905724059123171
40460.12,0.938030661267568
40460.13,0.934730414141695
40460.14,0.949331594568437
40460.15,0.919682501029696
40460.16,0.87971605430093
40460.17,0.89009526158765
40460.18,0.876103974927095
40460.19,0.853368180278132
40460.2,0.83025181028292
40460.21,0.816861866298753
40460.22,0.833551270161195
40460.23,0.839502138291381
40460.24,0.848434895617663
40460.25,0.879544186595153
40460.26,0.898636701919891
40460.27,0.907310137948634
40460.28,0.908169471231724
40460.29,0.906100516008029
40460.3,0.92489604285719
40460.31,0.926628034550265
40460.32,0.908687248061557
40460.33,0.876372693061439
40460.34,0.848085723933654
40460.35,0.818857131843829
40460.36,0.81438293373111
40460.37,0.817287353878538
40460.38,0.800140846863697
40460.39,0.76432507230735
40460.4,0.748654551878803
40460.41,0.777492638736834
40460.42,0.761222065923153
40460.43,0.744718491971274
40460.44,0.716184646795481
40460.45,0.734140444082336
40460.46,0.727721132161087
40460.47,0.763608391773075
40460.48,0.751490239265816
40460.49,0.764357797125485
40460.5,0.786553613148173
40460.51,0.814449927421941
40460.52,0.826888891578658
40460.53,0.838382043703748
40460.54,0.837363349854614
40460.55,0.845224208509378
40460.56,0.855162920918772
40460.57,0.859096897628561
40460.58,0.894022744292929
40460.59,0.86120944539337
40460.6,0.909087314457199
40460.61,0.87668368425869
40460.62,0.854850682800458
40460.63,0.87191374444366
40460.64,0.920581204487632
40460.65,0.948478553128271
40460.66,0.939107876400946
40460.67,0.941831378538841
40460.68,0.911987242143088
40460.69,0.880733085108817
40460.7,0.888609811686241
40460.71,0.914016033780369
40460.72,0.908058495995277
40460.73,0.907057051364856
40460.74,0.892016086227339
40460.75,0.861697768857381
40460.76,0.845641038713007
40460.77,0.84132079422708
40460.78,0.831841810552934
40460.79,0.805052778868583
40460.8,0.782113893698341
40460.81,0.781343166091737
40460.82,0.773765747963951
40460.83,0.759774628853316
40460.84,0.748674011337124
40460.85,0.755803258134971
40460.86,0.765622493568149
40460.87,0.773905194843036
40460.88,0.782845346084526
40460.89,0.803518747836431
40460.9,0.794393705919726
40460.91,0.816090554091395
40460.92,0.842458893036108
40460.93,0.849573814772716
40460.94,0.845859036036294
40460.95,0.839486375851806
40460.96,0.843241099812742
40460.97,0.84260772302559
40460.98,0.885124551978137
40460.99,0.897059670947625
40461,0.896947040986433
40461.01,0.921588595885344
40461.02,0.906740763000056
40461.03,0.970397775622035
40461.04,1.00568325326184
40461.05,0.983756129045055
40461.06,1.00660996201379
40461.07,1.04196892381134
40461.08,1.0608982244319
40461.09,1.04636761100516
40461.1,1.02391252091099
40461.11,0.990752277891166
40461.12,0.964551679404523
40461.13,0.932575754032114
40461.14,0.910064244985311
40461.15,0.884399262277296
40461.16,0.892545208228843
40461.17,0.943478541961566
40461.18,0.9260736209962
40461.19,0.885103598696175
40461.2,0.922292159868923
40461.21,0.903675650500302
40461.22,0.833579940182465
40461.23,0.85007902093668
40461.24,0.827996888356301
40461.25,0.827957538936069
40461.26,0.835591505005957
40461.27,0.829674033301398
40461.28,0.81677509905045
40461.29,0.817871740983687
40461.3,0.830147761328901
40461.31,0.861788737800112
40461.32,0.880328106040549
40461.33,0.877480732153004
40461.34,0.865690668071711
40461.35,0.871526338037251
40461.36,0.865988252598301
40461.37,0.82622075123134
40461.38,0.867257270197338
40461.39,0.873812066431756
40461.4,0.879671138695144
40461.41,0.854671082347402
40461.42,0.828158292549945
40461.43,0.793746579691758
40461.44,0.790535007373268
40461.45,0.815660661229989
40461.46,0.794100625462298
40461.47,0.806542191653953
40461.48,0.809017717236168
40461.49,0.829675287633366
40461.5,0.802348912260847
40461.51,0.812357777034887
40461.52,0.785892868444057
40461.53,0.776989303199378
40461.54,0.773969558238508
40461.55,0.750433797460589
40461.56,0.750915242628948
40461.57,0.751508028287477
40461.58,0.754195022706541
40461.59,0.764755117940663
40461.6,0.759775651071273
40461.61,0.770684718971099
40461.62,0.760046656444061
40461.63,0.781849239028201
40461.64,0.783100332840603
40461.65,0.767508378511835
40461.66,0.773945342166941
40461.67,0.787409295101604
40461.68,0.76361105156998
40461.69,0.740387712477741
40461.7,0.751999587070296
40461.71,0.761666468557456
40461.72,0.739162743785111
40461.73,0.732289339389013
40461.74,0.756734329281901
40461.75,0.774173213708803
40461.76,0.776977261813292
40461.77,0.798733492944722
40461.78,0.773651101614263
40461.79,0.783588190854582
40461.8,0.724205675007404
40461.81,0.708375591267451
40461.82,0.68197262085429
40461.83,0.664660378520142
40461.84,0.680339899801569
40461.85,0.678993388733897
40461.86,0.706026573848883
40461.87,0.711007179486746
40461.88,0.719649842510422
40461.89,0.734132263020064
40461.9,0.737310618286343
40461.91,0.726983357936985
40461.92,0.742689737814143
40461.93,0.753090399824169
40461.94,0.746525720073315
40461.95,0.743825420875489
40461.96,0.770357479755269
40461.97,0.778193136620351
40461.98,0.792813467794499
40461.99,0.804840127136955
40462,0.780856108173273
40462.01,0.785509290143417
40462.02,0.798424712653595
40462.03,0.780682385373907
40462.04,0.785988498387294
40462.05,0.753770668313957
40462.06,0.763640578644087
40462.07,0.785128122777415
40462.08,0.764813002313329
40462.09,0.75193732545907
40462.1,0.768025908396816
40462.11,0.803197808205438
40462.12,0.828544099129113
40462.13,0.809335565142166
40462.14,0.796014995736801
40462.15,0.819658243284609
40462.16,0.832008077991297
40462.17,0.880063000143804
40462.18,0.864499191834418
40462.19,0.866339976242972
40462.2,0.849920183582612
40462.21,0.840541609211446
40462.22,0.817980419020707
40462.23,0.85764387891488
40462.24,0.843362975245005
40462.25,0.867050285725836
40462.26,0.860718897683732
40462.27,0.828889599300588
40462.28,0.851287001877726
40462.29,0.806699979141541
40462.3,0.821671281019475
40462.31,0.792324455305556
40462.32,0.796267148095547
40462.33,0.820297901885916
40462.34,0.795720410592991
40462.35,0.806290011778185
40462.36,0.843921180252803
40462.37,0.859373590712729
40462.38,0.892387305499035
40462.39,0.8738353089727
40462.4,0.899156653736217
40462.41,0.874709253478235
40462.42,0.918650020584994
40462.43,0.947038779655247
40462.44,1.01245588719798
40462.45,1.02311588271404
40462.46,0.987207779530883
40462.47,0.945541393007057
40462.48,0.925221745310362
40462.49,0.936410613144779
40462.5,0.938952464589345
40462.51,0.92810894084075
40462.52,0.928250447088218
40462.53,0.915554366707037
40462.54,0.910571401572105
40462.55,0.906808646332424
40462.56,0.899495042026094
40462.57,0.909873381971866
40462.58,0.880342197624359
40462.59,0.852243773413227
40462.6,0.874210910408979
40462.61,0.869664098119474
40462.62,0.822019672497527
40462.63,0.818832747813888
40462.64,0.771194074424809
40462.65,0.760283394639906
40462.66,0.804390291969823
40462.67,0.798884312276027
40462.68,0.782796424467888
40462.69,0.804156115463213
40462.7,0.797484586825421
40462.71,0.80943460663791
40462.72,0.793464356298918
40462.73,0.789062194564815
40462.74,0.769011900624827
40462.75,0.802610522786377
40462.76,0.791982279401022
40462.77,0.806554124499687
40462.78,0.806146754416024
40462.79,0.868703480850038
40462.8,0.868120848615559
40462.81,0.899059936351586
40462.82,0.878551388125758
40462.83,0.861910039989927
40462.84,0.873699574878619
40462.85,0.864632818421778
40462.86,0.878268709994437
40462.87,0.834666623556357
40462.88,0.841217249830806
40462.89,0.826795977640204
40462.9,0.831064865789
40462.91,0.841669754471342
40462.92,0.799934999819121
40462.93,0.830083895686937
40462.94,0.803255476184297
40462.95,0.773411497901891
40462.96,0.794159790574958
40462.97,0.768086477830741
40462.98,0.780081847390045
40462.99,0.825165595511752
40463,0.832079719464741
40463.01,0.882213622146157
40463.02,0.849271519533638
40463.03,0.881637769391367
40463.04,0.920437249144795
40463.05,0.947358473781338
40463.06,0.930583265339072
40463.07,0.890636994996523
40463.08,0.894565297614311
40463.09,0.885784834925706
40463.1,0.925263059118725
40463.11,0.932569572016726
40463.12,0.934968700430128
40463.13,0.965165311619276
40463.14,0.943440302332475
40463.15,0.907031555830546
40463.16,0.896744933827857
40463.17,0.851200192655283
40463.18,0.860845083535527
40463.19,0.836695197218131
40463.2,0.838972374697945
40463.21,0.833219020058377
40463.22,0.811839520326166
40463.23,0.826334157075505
40463.24,0.855765195424559
40463.25,0.841313290041499
40463.26,0.871228392161087
40463.27,0.842257519839206
40463.28,0.817182616544204
40463.29,0.83654643879875
40463.3,0.842779643621628
40463.31,0.879666525972411
40463.32,0.874806372341141
40463.33,0.886391412105801
40463.34,0.889703982624523
40463.35,0.856662542270009
40463.36,0.895573586121966
40463.37,0.908604308473674
40463.38,0.898184976625976
40463.39,0.856964295656561
40463.4,0.864001921314486
40463.41,0.847695985496188
40463.42,0.849311458381683
40463.43,0.850637414645128
40463.44,0.8581664661949
40463.45,0.806393135451594
40463.46,0.821013783397891
40463.47,0.832101806345748
40463.48,0.830428321094209
40463.49,0.876371276633359
40463.5,0.901372881453876
40463.51,0.938280602027217
40463.52,0.927539913646913
40463.53,0.94051114737892
40463.54,0.910283506059022
40463.55,0.902243593806452
40463.56,0.888652155353167
40463.57,0.88636157484242
40463.58,0.856947467771225
40463.59,0.802057694480269
40463.6,0.812021453812774
40463.61,0.784168203007159
40463.62,0.804606121610985
40463.63,0.800892832508245
40463.64,0.811509940317267
40463.65,0.793457180748902
40463.66,0.826611649582679
40463.67,0.859911779233907
40463.68,0.848054768055932
40463.69,0.826297378700551
40463.7,0.859344943371939
40463.71,0.845872918206621
40463.72,0.838768597279462
40463.73,0.856814217636378
40463.74,0.869907022605318
40463.75,0.855209611958605
40463.76,0.868972486952734
40463.77,0.878823994040529
40463.78,0.890589462325043
40463.79,0.871832564465561
40463.8,0.855793598144597
40463.81,0.808087971589336
40463.82,0.801964821431957
40463.83,0.812789954944124
40463.84,0.806489029274101
40463.85,0.813034746466771
40463.86,0.81886607762404
40463.87,0.83135284561242
40463.88,0.811954009926491
40463.89,0.847884546767119
40463.9,0.852911927578345
40463.91,0.866825243933601
40463.92,0.868217330549442
40463.93,0.877856366122137
40463.94,0.870088492091771
40463.95,0.853106613685195
40463.96,0.878073615162418
40463.97,0.893291586770659
40463.98,0.868551309064539
40463.99,0.895429516159267
40464,0.860684157910808
40464.01,0.86572795041946
40464.02,0.895300831161446
40464.03,0.916051439241549
40464.04,0.909992890796806
40464.05,0.898421930514778
40464.06,0.864460493891068
40464.07,0.842539485424206
40464.08,0.869327650171953
40464.09,0.887966215392414
40464.1,0.862196008792151
40464.11,0.855478476247293
40464.12,0.857138936809997
40464.13,0.825026923954995
40464.14,0.821635729119659
40464.15,0.798750835062206
40464.16,0.836673051826161
40464.17,0.81564063305304
40464.18,0.814370724337952
40464.19,0.826927012990808
40464.2,0.782626231643651
40464.21,0.769307382325537
40464.22,0.752613704928174
40464.23,0.776858798488902
40464.24,0.765648987786977
40464.25,0.794386929757876
40464.26,0.805673881719812
40464.27,0.831095273540483
40464.28,0.823642437447021
40464.29,0.838276454949068
40464.3,0.828854956449819
40464.31,0.816105650381323
40464.32,0.761858051650733
40464.33,0.77553936738349
40464.34,0.790879764635609
40464.35,0.803254527814428
40464.36,0.809032075920592
40464.37,0.808479263189349
40464.38,0.795730234881746
40464.39,0.860234324197426
40464.4,0.881433843795219
40464.41,0.897138717834114
40464.42,0.878559969039814
40464.43,0.835138068585788
40464.44,0.881872183767613
40464.45,0.906749564004672
40464.46,0.880449527705555
40464.47,0.877012221216059
40464.48,0.901305039077786
40464.49,0.937894736008811
40464.5,1.00279237302097
40464.51,0.949695290346367
40464.52,0.944854193844897
40464.53,0.900609963992883
40464.54,0.94270348444022
40464.55,0.894970692429844
40464.56,0.85505625001628
40464.57,0.841014358083534
40464.58,0.85629765203322
40464.59,0.892911413081404
40464.6,0.861573939651082
40464.61,0.858578412545662
40464.62,0.828354968381005
40464.63,0.821737777790973
40464.64,0.839250260236745
40464.65,0.834442088512146
40464.66,0.791224925023906
40464.67,0.822446869271913
40464.68,0.81649752106526
40464.69,0.801155515676382
40464.7,0.831260296031282
40464.71,0.857637041972359
40464.72,0.847014125097939
40464.73,0.83189103478898
40464.74,0.814270886214537
40464.75,0.833265343199435
40464.76,0.848219228274244
40464.77,0.860591697320301
40464.78,0.892581851240113
40464.79,0.838036996338736
40464.8,0.793253635953593
40464.81,0.802230742961245
40464.82,0.780391692755855
40464.83,0.74293041535199
40464.84,0.739509223617093
40464.85,0.757074566041472
40464.86,0.74148786914566
40464.87,0.75102560549077
40464.88,0.76956615836414
40464.89,0.788593078659901
40464.9,0.783316942563571
40464.91,0.760212722391635
40464.92,0.757076318506696
40464.93,0.769657701967154
40464.94,0.750322034345542
40464.95,0.733193425195583
40464.96,0.770829535573809
40464.97,0.835615965602175
40464.98,0.848660726936673
40464.99,0.826957980231383
40465,0.81357711571037
40465.01,0.83078955667499
40465.02,0.880057295009206
40465.03,0.864479017282284
40465.04,0.883297531537638
40465.05,0.883533834841597
40465.06,0.876766381480239
40465.07,0.881548971681582
40465.08,0.899120021192468
40465.09,0.85204351830267
40465.1,0.873560700465248
40465.11,0.840627353373895
40465.12,0.860391182499909
40465.13,0.896899956568062
40465.14,0.881288562511695
40465.15,0.88316289772059
40465.16,0.879817563455341
40465.17,0.890129446744236
40465.18,0.881553272925648
40465.19,0.913903723906468
40465.2,0.935849318921067
40465.21,0.911778404447413
40465.22,0.911409118169829
40465.23,0.930781173834184
40465.24,0.934657722333469
40465.25,0.935829871195973
40465.26,0.897213165895361
40465.27,0.876076625436426
40465.28,0.871057605380516
40465.29,0.836839101225479
40465.3,0.887841395522946
40465.31,0.877881747811002
40465.32,0.896851306215461
40465.33,0.897000137869668
40465.34,0.935664937618762
40465.35,0.943886581114876
40465.36,0.950659937230312
40465.37,0.944849651095235
40465.38,0.95666083461149
40465.39,1.00359813586855
40465.4,1.04198309543513
40465.41,1.03443098117943
40465.42,1.04063907543285
40465.43,1.09835328244192
40465.44,1.17570639743097
40465.45,1.18922868016454
40465.46,1.24324365633454
40465.47,1.25390836191258
40465.48,1.19970243876335
40465.49,1.22079663275234
40465.5,1.26567545962188
40465.51,1.31888350132409
40465.52,1.28453883697771
40465.53,1.24976709634659
40465.54,1.2417708026586
40465.55,1.22060498901157
40465.56,1.24352763247403
40465.57,1.21551478791079
40465.58,1.23430737804181
40465.59,1.2035538600315
40465.6,1.18031524743393
40465.61,1.18422642550599
40465.62,1.15924608280681
40465.63,1.16158691728178
40465.64,1.1427286936539
40465.65,1.09979995201044
40465.66,1.13168336285971
40465.67,1.13755037486294
40465.68,1.12754223164964
40465.69,1.18544112318374
40465.7,1.16963744739951
40465.71,1.15926163395256
40465.72,1.17999732878657
40465.73,1.20341928141145
40465.74,1.16579134553097
40465.75,1.13667675348148
40465.76,1.10413274419824
40465.77,1.03263919678946
40465.78,1.03610398021226
40465.79,1.12735240856319
40465.8,1.09078790438179
40465.81,1.13710571128907
40465.82,1.10697215716594
40465.83,1.19809137482896
40465.84,1.19472674865257
40465.85,1.21357895829191
40465.86,1.22660563737124
40465.87,1.20728973840307
40465.88,1.20603062272437
40465.89,1.17300539144112
40465.9,1.16241271969112
40465.91,1.18091327508451
40465.92,1.20523905328025
40465.93,1.19623177814443
40465.94,1.2548844577772
40465.95,1.17234307978327
40465.96,1.22334409973766
40465.97,1.20765803375477
40465.98,1.17928155001257
40465.99,1.24176243518864
40466,1.23014988566749
40466.01,1.24493918425271
40466.02,1.21711478989379
40466.03,1.22814431821841
40466.04,1.20841322131977
40466.05,1.19897289147433
40466.06,1.17703742406183
40466.07,1.19696566825055
40466.08,1.21578015599233
40466.09,1.21704029541079
40466.1,1.27332185171535
40466.11,1.29249309817594
40466.12,1.2415367750546
40466.13,1.25168431919081
40466.14,1.18192281825328
40466.15,1.19574461528841
40466.16,1.19335895862655
40466.17,1.20578081181418
40466.18,1.19456377566613
40466.19,1.11432830161455
40466.2,1.128224754521
40466.21,1.10147930662501
40466.22,1.05932969746845
40466.23,1.05621004947289
40466.24,1.04229891973479
40466.25,1.09047248065741
40466.26,1.0607234051289
40466.27,1.06733927300343
40466.28,1.084987064659
40466.29,1.03442202237989
40466.3,1.02118249078897
40466.31,0.959781326475338
40466.32,0.912702964568587
40466.33,0.912031252821563
40466.34,0.886309807874559
40466.35,0.889178511169269
40466.36,0.849626293541685
40466.37,0.875208116071904
40466.38,0.867656643114032
40466.39,0.875112902598305
40466.4,0.84432304364571
40466.41,0.853097475253802
40466.42,0.847467071477575
40466.43,0.858410872156069
40466.44,0.863233935121183
40466.45,0.850745682920939
40466.46,0.824649519223935
40466.47,0.801823915612684
40466.48,0.799470948539073
40466.49,0.822515356890956
40466.5,0.804854879043202
40466.51,0.846587144222205
40466.52,0.865219458898135
40466.53,0.873222156811919
40466.54,0.890500742208875
40466.55,0.906232045586756
40466.56,0.908646397343187
40466.57,0.952102463796495
40466.58,0.947806578914496
40466.59,0.955506122079843
40466.6,0.951951182960147
40466.61,0.97156813324514
40466.62,0.96028206864296
40466.63,0.899792641024227
40466.64,0.90149002565311
40466.65,0.870199460081807
40466.66,0.864244265600503
40466.67,0.904543281472538
40466.68,0.932017263898245
40466.69,0.973679416054592
40466.7,0.956415037486903
40466.71,0.935517110234764
40466.72,0.94348516088847
40466.73,0.962099047356645
40466.74,0.972828700487236
40466.75,1.00221469180987
40466.76,0.999172458134953
40466.77,1.01407577594187
40466.78,1.01614613719605
40466.79,1.00939655540162
40466.8,1.04728149020528
40466.81,1.0474257827935
40466.82,1.03614368508814
40466.83,1.06261730615503
40466.84,1.05536243070835
40466.85,1.05486645938694
40466.86,1.07680707567649
40466.87,1.06381965931197
40466.88,1.04804282903314
40466.89,1.10381654032828
40466.9,1.09709912857773
40466.91,1.08715217163246
40466.92,1.05052649596038
40466.93,1.05822748711153
40466.94,1.03645040599649
40466.95,1.03051593884521
40466.96,1.01625551799735
40466.97,1.0196107445991
40466.98,0.986183275440003
40466.99,1.03750160592162
40467,1.05011864458968
40467.01,1.05229177219034
40467.02,1.05809102727117
40467.03,1.04088692488522
40467.04,1.06213773355907
40467.05,1.09524821506255
40467.06,1.05387476786856
40467.07,1.04938224146898
40467.08,1.03264997383137
40467.09,1.01652713980073
40467.1,1.04558566123992
40467.11,0.999290003839844
40467.12,1.00118041321329
40467.13,1.015222412648
40467.14,1.03570574888686
40467.15,1.03541466128837
40467.16,0.976798509536454
40467.17,0.954912378542623
40467.18,0.914001272607551
40467.19,0.937131163545766
40467.2,0.976036413531353
40467.21,0.981737642375674
40467.22,0.984798721098748
40467.23,0.985819974271739
40467.24,0.952409365295002
40467.25,0.950310622735493
40467.26,0.965430169946936
40467.27,0.999212220858341
40467.28,0.967437854569706
40467.29,0.997257633110521
40467.3,1.06837234530949
40467.31,1.05876739289755
40467.32,1.03171910910839
40467.33,1.02809362277325
40467.34,1.06627011397639
40467.35,1.01455317871113
40467.36,0.992011865831447
40467.37,1.06240200219477
40467.38,1.04734561412186
40467.39,1.00784882234511
40467.4,0.996106137201756
40467.41,0.961500534956421
40467.42,0.976369146508416
40467.43,0.961554486863592
40467.44,0.945087341162413
40467.45,0.931901107899813
40467.46,0.893735675239935
40467.47,0.934022927217658
40467.48,0.895243003367754
40467.49,0.893222300242179
40467.5,0.86594683831833
40467.51,0.885468858570623
40467.52,0.874420355002848
40467.53,0.876086058182787
40467.54,0.871150674078572
40467.55,0.860857848733322
40467.56,0.869280189414641
40467.57,0.851912775783512
40467.58,0.887572733222107
40467.59,0.860285110888567
40467.6,0.872641410453071
40467.61,0.88711970066134
40467.62,0.890449477948846
40467.63,0.862015647881241
40467.64,0.911482680752394
40467.65,0.935300485442022
40467.66,0.951578238438023
40467.67,0.940545825493065
40467.68,0.919236747205009
40467.69,0.878873708250404
40467.7,0.860173277540793
40467.71,0.852430663669195
40467.72,0.886790776157299
40467.73,0.912927509012605
40467.74,0.922139930560429
40467.75,0.938931795438005
40467.76,0.882235299007593
40467.77,0.866053702341397
40467.78,0.840647889246908
40467.79,0.831832161576705
40467.8,0.854784730704967
40467.81,0.820569795872528
40467.82,0.814028013449378
40467.83,0.822070939062041
40467.84,0.823677781985537
40467.85,0.843843556598203
40467.86,0.854066453750652
40467.87,0.860294532153443
40467.88,0.881216173264486
40467.89,0.88629244997547
40467.9,0.898184190549254
40467.91,0.864480550103372
40467.92,0.866114838796245
40467.93,0.84285949744261
40467.94,0.834717618594302
40467.95,0.817960985459211
40467.96,0.808993061567737
40467.97,0.818545204300561
40467.98,0.841390769053555
40467.99,0.837354732506168
40468,0.828928127426059
40468.01,0.832400397761959
40468.02,0.847180762767584
40468.03,0.850442416676632
40468.04,0.881254841014323
40468.05,0.900838715105111
40468.06,0.918116680874614
40468.07,0.889110944585645
40468.08,0.886513298234391
40468.09,0.857991078055931
40468.1,0.851168747949935
40468.11,0.847219696402684
40468.12,0.825997000522204
40468.13,0.852406684361142
40468.14,0.819262447684832
40468.15,0.804565102957864
40468.16,0.794793406291133
40468.17,0.778170061139018
40468.18,0.794850793618596
40468.19,0.82251251549303
40468.2,0.80186488861581
40468.21,0.833396346436231
40468.22,0.818052686941616
40468.23,0.832200218712523
40468.24,0.843983480482738
40468.25,0.830523371151967
40468.26,0.819121672013432
40468.27,0.848168398314154
40468.28,0.857798627502076
40468.29,0.85453110713498
40468.3,0.848583591315699
40468.31,0.80375771724577
40468.32,0.807122256407334
40468.33,0.783872756343644
40468.34,0.788972545247786
40468.35,0.821779661921357
40468.36,0.798510374161079
40468.37,0.82532356815985
40468.38,0.843512327022756
40468.39,0.877870399218352
40468.4,0.840264822600043
40468.41,0.861179733472468
40468.42,0.85786090442768
40468.43,0.882885688276568
40468.44,0.877531842894575
40468.45,0.877033283199111
40468.46,0.93307321519421
40468.47,0.892653495626833
40468.48,0.87240588237901
40468.49,0.889819558904584
40468.5,0.89134228152953
40468.51,0.896260340248349
40468.52,0.910766662509169
40468.53,0.956413119233225
40468.54,0.965780063598058
40468.55,0.998618801021882
40468.56,1.0039375702437
40468.57,1.0055326796672
40468.58,1.01256249366481
40468.59,1.00069446602302
40468.6,0.995387581955639
40468.61,0.95713801457829
40468.62,1.00485847686692
40468.63,1.03549745133606
40468.64,1.00411437852873
40468.65,0.992459301723203
40468.66,0.981234575464631
40468.67,0.954476029928969
40468.68,0.969185619596965
40468.69,1.00563475498592
40468.7,1.02483787642738
40468.71,1.04172891895617
40468.72,1.05708776298535
40468.73,1.08327251275673
40468.74,1.03996551809654
40468.75,1.07364032771835
40468.76,1.05060734601381
40468.77,1.07594127806275
40468.78,1.07920969720732
40468.79,1.10002236861249
40468.8,1.0852303352669
40468.81,1.03014712351493
40468.82,1.0000661589807
40468.83,0.990533564823197
40468.84,0.982202930520427
40468.85,0.952101794249925
40468.86,0.941153056677432
40468.87,0.964565568888251
40468.88,0.94531716019522
40468.89,0.989362918901262
40468.9,1.02712713498503
40468.91,0.998537671201088
40468.92,1.03285114507827
40468.93,1.05316363471683
40468.94,1.04589434256271
40468.95,1.01067509941963
40468.96,0.963334395127451
40468.97,1.0443727323847
40468.98,1.01458822926117
40468.99,1.0110394829666
40469,0.991280749924528
40469.01,1.03182050949944
40469.02,1.03331099829161
40469.03,1.04341103515408
40469.04,1.06667349442099
40469.05,1.05857701147009
40469.06,1.0027285254976
40469.07,1.03246033878701
40469.08,1.03632690795205
40469.09,1.03018540997544
40469.1,1.0133101058517
40469.11,0.961515406866079
40469.12,0.965955048750074
40469.13,1.01759985393184
40469.14,1.03001337619614
40469.15,0.984969288795187
40469.16,0.95150050122392
40469.17,0.943341251784115
40469.18,0.948939297266981
40469.19,0.922564378302837
40469.2,0.914733360445786
40469.21,0.888150609735293
40469.22,0.869105491234477
40469.23,0.869752210196565
40469.24,0.918416225963714
40469.25,0.861269058609039
40469.26,0.831299566709956
40469.27,0.868706034928744
40469.28,0.880723997436584
40469.29,0.872532592258654
40469.3,0.892527899955764
40469.31,0.938729601946533
40469.32,0.936268556699488
40469.33,0.964846841281155
40469.34,0.981240403663537
40469.35,1.04734651064582
40469.36,1.00796586914304
40469.37,1.0077471593791
40469.38,0.9885276931334
40469.39,0.955544366609997
40469.4,0.96573405922465
40469.41,1.01175430903436
40469.42,1.0444917298885
40469.43,1.05055590985721
40469.44,1.03073473730541
40469.45,1.04978595533413
40469.46,1.06028027490263
40469.47,1.0357204754372
40469.48,0.992207477528921
40469.49,1.03026745573711
40469.5,1.01472374729489
40469.51,1.0358106659101
40469.52,1.02672157802138
40469.53,1.0290553231273
40469.54,1.01325860177327
40469.55,0.991325283195833
40469.56,1.011836540522
40469.57,0.984713421777312
40469.58,1.02627110291773
40469.59,1.07844137743587
40469.6,1.02509670119228
40469.61,1.03365160771547
40469.62,1.03136815163309
40469.63,1.03024967195986
40469.64,1.03545026771096
40469.65,0.999823903093219
40469.66,0.993428660355618
40469.67,0.946739404707896
40469.68,0.948468785387359
40469.69,0.988510347480845
40469.7,0.990043160428475
40469.71,0.996868918412416
40469.72,0.938775435869573
40469.73,0.911508462229351
40469.74,0.920265853837348
40469.75,0.919285264318546
40469.76,0.908616802004203
40469.77,0.860017336228773
40469.78,0.869290178431137
40469.79,0.826883015353233
40469.8,0.889424152139783
40469.81,0.929438446050541
40469.82,0.916212550193245
40469.83,0.923816445831974
40469.84,0.938932230562315
40469.85,0.950825628197804
40469.86,0.91795689871367
40469.87,0.898949935766397
40469.88,0.907593746279489
40469.89,0.878843601020314
40469.9,0.865522302041308
40469.91,0.82993888222433
40469.92,0.818938939562743
40469.93,0.853461080827548
40469.94,0.877019104488924
40469.95,0.843109861549976
40469.96,0.837151606989663
40469.97,0.839133406603614
40469.98,0.872491548204081
40469.99,0.871221195041406
40470,0.894568058954994
40470.01,0.906325782722668
40470.02,0.856518860449974
40470.03,0.862251504192171
40470.04,0.915673361375078
40470.05,0.915600111597683
40470.06,0.893110737562809
40470.07,0.907256825881388
40470.08,0.912602353784131
40470.09,0.938389556690461
40470.1,0.965321234364112
40470.11,0.950689966747219
40470.12,0.917259945704311
40470.13,0.961371454831819
40470.14,0.977859478176469
40470.15,1.01229141387637
40470.16,1.04776363602375
40470.17,1.0527387656187
40470.18,0.998945552270576
40470.19,1.03545243972224
40470.2,1.08903943113249
40470.21,1.05505829042227
40470.22,1.01986044947849
40470.23,1.01705003633977
40470.24,1.05372896273319
40470.25,1.01847967589925
40470.26,1.01184730964858
40470.27,1.00639044970014
40470.28,1.00955133706976
40470.29,1.05078267704094
40470.3,1.03892037241951
40470.31,1.02140160294747
40470.32,1.08297762866687
40470.33,1.05827097167138
40470.34,1.03169634925895
40470.35,1.04773900383451
40470.36,1.06139997840057
40470.37,1.09268278738651
40470.38,1.09543681007039
40470.39,1.11930068045999
40470.4,1.09310311152788
40470.41,1.13343035478969
40470.42,1.12224598619037
40470.43,1.14483356949426
40470.44,1.08144866934382
40470.45,1.07998243124589
40470.46,1.05117375765223
40470.47,1.03370642407218
40470.48,1.01946984566666
40470.49,1.02632281832707
40470.5,0.964120663476633
40470.51,0.993242098146949
40470.52,1.00448915101328
40470.53,0.985596365635844
40470.54,1.039681345983
40470.55,1.05661616708568
40470.56,1.13156520700483
40470.57,1.1438335437994
40470.58,1.11894256108328
40470.59,1.13559850254432
40470.6,1.14631535852415
40470.61,1.11777679954546
40470.62,1.16061413583584
40470.63,1.11750113986253
40470.64,1.11763638134455
40470.65,1.07545213693938
40470.66,1.11086285731897
40470.67,1.1086690263068
40470.68,1.12570284693917
40470.69,1.15383511091628
40470.7,1.12340913212632
40470.71,1.0967179000744
40470.72,1.08860423930439
40470.73,1.0730423362873
40470.74,1.0711531566075
40470.75,1.09622540802567
40470.76,1.08742536624947
40470.77,1.00321555697091
40470.78,1.05839272220224
40470.79,1.01716579160856
40470.8,1.01923307624915
40470.81,0.974080072429897
40470.82,0.954250152525442
40470.83,0.972789428785863
40470.84,1.02519157867245
40470.85,0.989732513328803
40470.86,0.978371814551229
40470.87,0.942752496995012
40470.88,0.965838782808224
40470.89,0.959006415372
40470.9,0.973847224309707
40470.91,1.0045741683943
40470.92,1.02329904109129
40470.93,1.00763378062374
40470.94,0.987174977343342
40470.95,0.962440754825215
40470.96,0.965656851090428
40470.97,0.979783776876499
40470.98,0.979806902185813
40470.99,0.986046541451317
40471,0.978460362929703
40471.01,0.999101850811037
40471.02,1.0060744445028
40471.03,1.00701369069407
40471.04,1.01916034687193
40471.05,0.997133410183744
40471.06,1.01902429191576
40471.07,1.06357964562195
40471.08,1.02846256830968
40471.09,0.993646405104548
40471.1,0.997573789654338
40471.11,0.994612233126086
40471.12,1.00342205788421
40471.13,1.01110301307131
40471.14,1.01039610988349
40471.15,0.986477570177286
40471.16,0.993508104794667
40471.17,0.978267987504766
40471.18,1.00285778346996
40471.19,1.00561430939055
40471.2,1.00115748628095
40471.21,0.986944860499357
40471.22,0.981557975489616
40471.23,0.934554790339786
40471.24,0.928875037487364
40471.25,0.915188012273228
40471.26,0.904858206349226
40471.27,0.897182596100575
40471.28,0.908908795116072
40471.29,0.874694769807811
40471.3,0.819449581345982
40471.31,0.778200599410093
40471.32,0.768778357552005
40471.33,0.768176944133616
40471.34,0.838924577726826
40471.35,0.845633478326457
40471.36,0.899436027773101
40471.37,0.899458743781626
40471.38,0.876047476047012
40471.39,0.843614268371633
40471.4,0.865704193817643
40471.41,0.90373875661474
40471.42,0.903460961654567
40471.43,0.90770016132054
40471.44,0.884402637850124
40471.45,0.903924949099506
40471.46,0.86980091101149
40471.47,0.847428910466917
40471.48,0.816907209378068
40471.49,0.879870172004701
40471.5,0.843529841062846
40471.51,0.844870351212751
40471.52,0.844672762857245
40471.53,0.81962471954564
40471.54,0.838187162061175
40471.55,0.824101945254071
40471.56,0.868721166618714
40471.57,0.911972347902776
40471.58,0.908189391269674
40471.59,0.896659282532881
40471.6,0.877615529292168
40471.61,0.900571928403407
40471.62,0.874611953477904
40471.63,0.912507321201008
40471.64,0.897640072274035
40471.65,0.92771687865453
40471.66,0.886095841865327
40471.67,0.826402677966716
40471.68,0.840085237827997
40471.69,0.848647262621764
40471.7,0.845893671092296
40471.71,0.866411523988308
40471.72,0.890723040130155
40471.73,0.854544623019816
40471.74,0.857610117185656
40471.75,0.828404251119317
40471.76,0.809062642154892
40471.77,0.830813883351443
40471.78,0.865430519472146
40471.79,0.842973591557296
40471.8,0.832967698057023
40471.81,0.864402636046276
40471.82,0.889124109115011
40471.83,0.868518153024175
40471.84,0.833145399743434
40471.85,0.833539196247064
40471.86,0.821949709390685
40471.87,0.806114856232354
40471.88,0.802321624288879
40471.89,0.78633966348107
40471.9,0.751263775468365
40471.91,0.770010021776215
40471.92,0.80811895019403
40471.93,0.834552230590368
40471.94,0.830120571657545
40471.95,0.870404535822115
40471.96,0.891250873599757
40471.97,0.878003287076321
40471.98,0.864009067055865
40471.99,0.877554944801483
40472,0.874945919398549
40472.01,0.906726141983039
40472.02,0.89024900229758
40472.03,0.912325240879543
40472.04,0.896780284418228
40472.05,0.86954930207055
40472.06,0.894650431425663
40472.07,0.872129477140123
40472.08,0.858183576349246
40472.09,0.858186734003105
40472.1,0.846692706682087
40472.11,0.864169354071756
40472.12,0.852708505879112
40472.13,0.888936434715893
40472.14,0.869842611059307
40472.15,0.865569588464971
40472.16,0.831344008069219
40472.17,0.804614230786007
40472.18,0.793310828954571
40472.19,0.813335935307071
40472.2,0.791710511457791
40472.21,0.786473631346464
40472.22,0.7796730276569
40472.23,0.741989890160403
40472.24,0.734579879881979
40472.25,0.751466403300824
40472.26,0.748324005860462
40472.27,0.76085368664927
40472.28,0.771302239128564
40472.29,0.743954056515322
40472.3,0.726670321518362
40472.31,0.722862908992178
40472.32,0.705301105837909
40472.33,0.722300757140144
40472.34,0.741145529085682
40472.35,0.744665403539476
40472.36,0.731408085216108
40472.37,0.745604410668564
40472.38,0.725906032968876
40472.39,0.736155599574346
40472.4,0.760991563035363
40472.41,0.796977268593689
40472.42,0.802619074539067
40472.43,0.770443658988633
40472.44,0.769494990366837
40472.45,0.787758378090652
40472.46,0.802498251840521
40472.47,0.799915967052466
40472.48,0.781935673322502
40472.49,0.817979681748215
40472.5,0.819927323396023
40472.51,0.826226440822247
40472.52,0.834631894411818
40472.53,0.830446939845731
40472.54,0.829048273208874
40472.55,0.829987131139379
40472.56,0.821702759108782
40472.57,0.850280586693385
40472.58,0.813859595780651
40472.59,0.793317854687607
40472.6,0.801073372025025
40472.61,0.776067273412927
40472.62,0.759950496763296
40472.63,0.72871899851819
40472.64,0.759498074023126
40472.65,0.752253683361981
40472.66,0.736104626865697
40472.67,0.72633394403005
40472.68,0.73818456627977
40472.69,0.743902875700922
40472.7,0.716920516208541
40472.71,0.710056560027829
40472.72,0.693642292568447
40472.73,0.680469921690047
40472.74,0.657707766770648
40472.75,0.65089899385264
40472.76,0.668016230342282
40472.77,0.672398735417674
40472.78,0.693496909390863
40472.79,0.734652700508422
40472.8,0.75237781273246
40472.81,0.737573798219665
40472.82,0.760096558384237
40472.83,0.763016588248894
40472.84,0.754038830156429
40472.85,0.731007549822463
40472.86,0.728525937880644
40472.87,0.741746711244997
40472.88,0.727234945853597
40472.89,0.705777962241845
40472.9,0.738180358184288
40472.91,0.793372560396194
40472.92,0.803994227932117
40472.93,0.78098194341935
40472.94,0.82725101755113
40472.95,0.860663267526513
40472.96,0.89103436089715
40472.97,0.880252941104751
40472.98,0.883586629855775
40472.99,0.919473099268213
40473,0.935172529743838
40473.01,0.924150429303998
40473.02,0.944067350950136
40473.03,0.959758401351598
40473.04,0.907976263399696
40473.05,0.920986690583736
40473.06,0.920162493985377
40473.07,0.913295555822612
40473.08,0.963168017688888
40473.09,0.939673735058348
40473.1,0.95472914858887
40473.11,0.961397627939532
40473.12,0.955013104767991
40473.13,0.991559308497143
40473.14,0.998440404899831
40473.15,1.03005926613585
40473.16,1.00869497698238
40473.17,1.06801752449506
40473.18,1.0638833945622
40473.19,1.05008115419376
40473.2,1.09945239712489
40473.21,1.05549653788861
40473.22,1.04832452978205
40473.23,1.01975814091915
40473.24,1.01348211367617
40473.25,1.03779261252304
40473.26,1.03957222813375
40473.27,1.08691633952954
40473.28,1.04148143861301
40473.29,1.04874527830927
40473.3,1.06682422359429
40473.31,1.03979482616192
40473.32,1.01018039040828
40473.33,1.01892932904587
40473.34,1.04525000333472
40473.35,0.979259323099728
40473.36,0.989768190215218
40473.37,1.02866517744179
40473.38,0.996036028800121
40473.39,0.9831126457273
40473.4,1.01112525095883
40473.41,0.993071415708045
40473.42,0.967437772414087
40473.43,0.961966694930766
40473.44,0.942269164728938
40473.45,0.917813077248481
40473.46,0.911020004410158
40473.47,0.894144820862828
40473.48,0.940356162490821
40473.49,0.928958276516434
40473.5,0.938941364078948
40473.51,0.926059373671275
40473.52,0.95321120672802
40473.53,0.924887615716288
40473.54,0.910162933483332
40473.55,0.928127168332116
40473.56,0.941111555745115
40473.57,0.888752635402389
40473.58,0.887251740214063
40473.59,0.813268396013176
40473.6,0.809831168152509
40473.61,0.79314440785007
40473.62,0.815494677038673
40473.63,0.808267233792271
40473.64,0.838002417078588
40473.65,0.844281317360391
40473.66,0.829401299210765
40473.67,0.824710406345176
40473.68,0.816866838096513
40473.69,0.784292406233641
40473.7,0.82576041781401
40473.71,0.837718285064421
40473.72,0.808385300638385
40473.73,0.829500353505174
40473.74,0.858221260616697
40473.75,0.835202389529953
40473.76,0.835724446222019
40473.77,0.890308540861781
40473.78,0.908520443200683
40473.79,0.936615626094416
40473.8,0.934734017136643
40473.81,0.956848394590641
40473.82,0.991393019560849
40473.83,1.01283004810133
40473.84,1.01416345746032
40473.85,1.02313268662784
40473.86,1.01053667766069
40473.87,1.02757354949299
40473.88,0.988079852598115
40473.89,0.912244226841561
40473.9,0.894315690228672
40473.91,0.905153999230413
40473.92,0.940114814909394
40473.93,0.917734248198277
40473.94,0.937670162081043
40473.95,0.953135263512739
40473.96,1.01354110103079
40473.97,0.999577529890433
40473.98,0.984760396544005
40473.99,0.959493196717183
40474,0.931479924742197
40474.01,0.912353583317111
40474.02,0.856101956343185
40474.03,0.853436333658393
40474.04,0.835109453258137
40474.05,0.84651892455657
40474.06,0.839342816222601
40474.07,0.842414352153545
40474.08,0.810149276190799
40474.09,0.845758309142679
40474.1,0.854642689136215
40474.11,0.854913435581155
40474.12,0.9141813210394
40474.13,0.890069486612526
40474.14,0.896377216222354
40474.15,0.88684354315747
40474.16,0.851656266468692
40474.17,0.835730975094633
40474.18,0.851261959143213
40474.19,0.818861378769983
40474.2,0.82103721439976
40474.21,0.814806033119472
40474.22,0.82081123346505
40474.23,0.774230923688825
40474.24,0.803378466429777
40474.25,0.811618981509545
40474.26,0.778120271427831
40474.27,0.751225725677052
40474.28,0.740880009443993
40474.29,0.711954705304886
40474.3,0.745588148588703
40474.31,0.748051073338861
40474.32,0.763442489157435
40474.33,0.755292923521288
40474.34,0.751944510120628
40474.35,0.758907683310439
40474.36,0.753081418328864
40474.37,0.794303706411708
40474.38,0.802435685902369
40474.39,0.799924671858589
40474.4,0.799609244358656
40474.41,0.770689307399235
40474.42,0.788623441703545
40474.43,0.751431907623296
40474.44,0.749324677705069
40474.45,0.74174229254301
40474.46,0.728873325290047
40474.47,0.743317791175711
40474.48,0.765857970555683
40474.49,0.742248122594569
40474.5,0.736538942761857
40474.51,0.709783941727978
40474.52,0.74275788318887
40474.53,0.74972706948329
40474.54,0.731081134867395
40474.55,0.708822016154009
40474.56,0.710311312513762
40474.57,0.717974769843466
40474.58,0.748588580470561
40474.59,0.789591020782459
40474.6,0.833794838080118
40474.61,0.851321152341946
40474.62,0.855997886740349
40474.63,0.833239175607394
40474.64,0.846901313261586
40474.65,0.834398937572302
40474.66,0.819555422828533
40474.67,0.824251054572401
40474.68,0.828774710780741
40474.69,0.792099581156955
40474.7,0.796356052090417
40474.71,0.797303955657807
40474.72,0.7942494198634
40474.73,0.77967184617971
40474.74,0.757948659200173
40474.75,0.778952700227257
40474.76,0.752650675244271
40474.77,0.77512188091421
40474.78,0.843065171036349
40474.79,0.850746260644073
40474.8,0.854117928744116
40474.81,0.837636178700267
40474.82,0.847890644403196
40474.83,0.85663287307929
40474.84,0.815172997647681
40474.85,0.799587060568155
40474.86,0.835954388668707
40474.87,0.862797182284723
40474.88,0.85018049997034
40474.89,0.860944397087781
40474.9,0.827287524863732
40474.91,0.812641847812875
40474.92,0.838926648726493
40474.93,0.858757024656216
40474.94,0.845681955940764
40474.95,0.824572580294007
40474.96,0.796097998764505
40474.97,0.793782020478323
40474.98,0.805908410946606
40474.99,0.821047399215026
40475,0.811948103992871
40475.01,0.82597951104421
40475.02,0.853290674522569
40475.03,0.839814337494082
40475.04,0.807186359219713
40475.05,0.828215620114061
40475.06,0.790262551221465
40475.07,0.819144797332062
40475.08,0.802784572980342
40475.09,0.814268847515718
40475.1,0.797645678445516
40475.11,0.791301660381152
40475.12,0.758428208385883
40475.13,0.763874395385133
40475.14,0.758847644925265
40475.15,0.75738364245892
40475.16,0.753317703305411
40475.17,0.772674696801733
40475.18,0.805657994879268
40475.19,0.814920350117027
40475.2,0.791092572105508
40475.21,0.82242242810745
40475.22,0.803657889183709
40475.23,0.804636836960472
40475.24,0.805748495186763
40475.25,0.804946569072981
40475.26,0.797815611522766
40475.27,0.79434142429467
40475.28,0.80635333412611
40475.29,0.847589970743336
40475.3,0.842250059001253
40475.31,0.818392124847484
40475.32,0.795738304270424
40475.33,0.813216669758183
40475.34,0.802184082357524
40475.35,0.805910517572863
40475.36,0.820636283321867
40475.37,0.794231168890932
40475.38,0.80236165670252
40475.39,0.80732683132827
40475.4,0.818065952013668
40475.41,0.799687117423609
40475.42,0.832162704741998
40475.43,0.820439525010557
40475.44,0.796212609154206
40475.45,0.826856147210721
40475.46,0.824570070313389
40475.47,0.815814764082896
40475.48,0.838208188036771
40475.49,0.872033027044738
40475.5,0.883885669588321
40475.51,0.874680857784561
40475.52,0.830323673627386
40475.53,0.851613054789616
40475.54,0.834712766729085
40475.55,0.829739670835794
40475.56,0.781510721125145
40475.57,0.760635812899811
40475.58,0.783484987168386
40475.59,0.793618760658596
40475.6,0.77565651527154
40475.61,0.778104755600302
40475.62,0.792743155392877
40475.63,0.815447502297566
40475.64,0.85868952570314
40475.65,0.812246570182198
40475.66,0.844530062219408
40475.67,0.861124908398683
40475.68,0.869881186749502
40475.69,0.839337696930533
40475.7,0.863479128042061
40475.71,0.873955411995991
40475.72,0.868980323820094
40475.73,0.850391699819293
40475.74,0.788405086950103
40475.75,0.79911598427365
40475.76,0.816287486832777
40475.77,0.87431485928171
40475.78,0.866243815136375
40475.79,0.845309071868965
40475.8,0.835118854868047
40475.81,0.826934363005701
40475.82,0.836727632966459
40475.83,0.819291165247784
40475.84,0.861100806974295
40475.85,0.8567665822156
40475.86,0.831140957744208
40475.87,0.810038433357826
40475.88,0.864618270532604
40475.89,0.890893708190616
40475.9,0.87988595623911
40475.91,0.849987612170966
40475.92,0.875972215013667
40475.93,0.84503962444167
40475.94,0.828276190956027
40475.95,0.849234319543487
40475.96,0.820363589816864
40475.97,0.813524099968419
40475.98,0.798617009524124
40475.99,0.78139130046023
40476,0.773815647167664
40476.01,0.83408854614203
40476.02,0.837196668725695
40476.03,0.830119352228989
40476.04,0.793042018510014
40476.05,0.799293975109889
40476.06,0.828377701243719
40476.07,0.835461885175974
40476.08,0.844654948144284
40476.09,0.805062516986343
40476.1,0.811960444413365
40476.11,0.781761013295793
40476.12,0.749379872587571
40476.13,0.755639904727525
40476.14,0.758340552025098
40476.15,0.767901692116583
40476.16,0.791057679109869
40476.17,0.792374662480652
40476.18,0.767091186072557
40476.19,0.803304823506998
40476.2,0.787637947024609
40476.21,0.795117207128635
40476.22,0.770762643227872
40476.23,0.731163351598736
40476.24,0.750933760511077
40476.25,0.775790472195622
40476.26,0.795666823162043
40476.27,0.80102762894503
40476.28,0.827419430364257
40476.29,0.815600364594417
40476.3,0.829676412453363
40476.31,0.815606670214444
40476.32,0.795957420282872
40476.33,0.767212425362883
40476.34,0.776153890429951
40476.35,0.733435039457355
40476.36,0.711551703589315
40476.37,0.724670076090959
40476.38,0.74114792190589
40476.39,0.737433345627035
40476.4,0.738574924418903
40476.41,0.743837096237802
40476.42,0.763031907312662
40476.43,0.776845575030258
40476.44,0.769712823280152
40476.45,0.737765309139901
40476.46,0.723343843829283
40476.47,0.717749492953126
40476.48,0.747497170312343
40476.49,0.772994503587901
40476.5,0.818136423353195
40476.51,0.840559351973382
40476.52,0.876692994483067
40476.53,0.863029090909688
40476.54,0.909785695337331
40476.55,0.87919436297326
40476.56,0.858780367913156
40476.57,0.832442065003088
40476.58,0.82549781914941
40476.59,0.822125437361524
40476.6,0.77386390181174
40476.61,0.798288732875085
40476.62,0.799950913515974
40476.63,0.827579530720086
40476.64,0.858933683262386
40476.65,0.850885792488394
40476.66,0.852747107459195
40476.67,0.807732021237688
40476.68,0.82706133577097
40476.69,0.847272842043787
40476.7,0.828870741483644
40476.71,0.838657057063869
40476.72,0.882971232052335
40476.73,0.909731973291247
40476.74,0.878243985523624
40476.75,0.895599605109054
40476.76,0.911795670735826
40476.77,0.943387631704998
40476.78,0.913032786384308
40476.79,0.95196805013002
40476.8,0.969509869800304
40476.81,0.938014955442392
40476.82,0.922112040012782
40476.83,0.915342896312188
40476.84,0.883091119914086
40476.85,0.912001630304728
40476.86,0.910629999971739
40476.87,0.905434983394491
40476.88,0.869686784823131
40476.89,0.878832663810452
40476.9,0.863848186584879
40476.91,0.879057851663712
40476.92,0.837966366947046
40476.93,0.832527506992759
40476.94,0.837795128987939
40476.95,0.827939058794338
40476.96,0.90409293185575
40476.97,0.880437861412846
40476.98,0.848177198856035
40476.99,0.809953355004106
40477,0.781042382507504
40477.01,0.777257712203511
40477.02,0.802047117428504
40477.03,0.764450455691114
40477.04,0.76827031083696
40477.05,0.753410499390449
40477.06,0.768146021414267
40477.07,0.728316705013037
40477.08,0.730229513065557
40477.09,0.767708390476158
40477.1,0.790664312299374
40477.11,0.764279032316589
40477.12,0.748706995287163
40477.13,0.758253758139001
40477.14,0.765678550990385
40477.15,0.740687564083163
40477.16,0.76643805622075
40477.17,0.731428261044628
40477.18,0.751495313791469
40477.19,0.785782165938602
40477.2,0.760643132212964
40477.21,0.746055983688937
40477.22,0.759951481533983
40477.23,0.731816825263239
40477.24,0.726699802957845
40477.25,0.725741749177271
40477.26,0.737296996665077
40477.27,0.743036493693483
40477.28,0.745279612793607
40477.29,0.733865162996695
40477.3,0.744967936648157
40477.31,0.756814139539616
40477.32,0.765856733844843
40477.33,0.783807517875612
40477.34,0.77987740903297
40477.35,0.746626631737428
40477.36,0.77109546545651
40477.37,0.739896764848179
40477.38,0.77638374756969
40477.39,0.765961176933207
40477.4,0.734068747748982
40477.41,0.758553612867137
40477.42,0.760276375286876
40477.43,0.782549512218826
40477.44,0.779288902867916
40477.45,0.762091566632779
40477.46,0.770211655403066
40477.47,0.779599068565716
40477.48,0.752636632550069
40477.49,0.797668141462519
40477.5,0.795986294372742
40477.51,0.77591919132456
40477.52,0.749471844200744
40477.53,0.758935317994009
40477.54,0.773189398858772
40477.55,0.756480879593873
40477.56,0.758495410619814
40477.57,0.775895135557412
40477.58,0.776353246460494
40477.59,0.783885795298185
40477.6,0.771398451715672
40477.61,0.804062142567071
40477.62,0.817118325607333
40477.63,0.792563314252681
40477.64,0.781537689642275
40477.65,0.794229037864358
40477.66,0.773363186350215
40477.67,0.769386426779245
40477.68,0.751976368765628
40477.69,0.753371275556624
40477.7,0.774010532349402
40477.71,0.800107682794674
40477.72,0.786994712167069
40477.73,0.756608692511678
40477.74,0.759198943353693
40477.75,0.780574752953495
40477.76,0.762017373509749
40477.77,0.763343155517667
40477.78,0.759625057484707
40477.79,0.765124505781552
40477.8,0.749105346106663
40477.81,0.802425074666717
40477.82,0.777437509419325
40477.83,0.775367218744264
40477.84,0.824228966183845
40477.85,0.835820261374222
40477.86,0.821398002520274
40477.87,0.778084302325791
40477.88,0.807971804876467
40477.89,0.817749172846065
40477.9,0.811038802284228
40477.91,0.798971130015698
40477.92,0.798695961958113
40477.93,0.773700604593826
40477.94,0.788439641436568
40477.95,0.779719813133883
40477.96,0.789706023945134
40477.97,0.835721217859889
40477.98,0.82171253669804
40477.99,0.846456466671392
40478,0.892425764408949
40478.01,0.908458854359592
40478.02,0.882161567592572
40478.03,0.879758452402302
40478.04,0.866726163487608
40478.05,0.88810531561011
40478.06,0.932739156687293
40478.07,0.94178269220911
40478.08,0.946666085270255
40478.09,0.96905933233085
40478.1,0.96061103488629
40478.11,0.969747595487039
40478.12,0.977710354449681
40478.13,0.973306129770738
40478.14,0.975868398181757
40478.15,0.965583786244507
40478.16,0.991663936115778
40478.17,0.966374377114793
40478.18,0.981504821434336
40478.19,0.986665901100357
40478.2,0.962390525171629
40478.21,0.974833920198054
40478.22,0.978161582892193
40478.23,0.967990946804681
40478.24,0.960424296183548
40478.25,0.936444053955912
40478.26,0.933773010420433
40478.27,0.932708933355772
40478.28,0.895580203584639
40478.29,0.92335745682993
40478.3,0.902731402725176
40478.31,0.911646084646235
40478.32,0.934326945727377
40478.33,0.946773930440765
40478.34,0.911993552111714
40478.35,0.898081724374741
40478.36,0.857728371256596
40478.37,0.886950964612024
40478.38,0.88350220868237
40478.39,0.934366480745329
40478.4,0.980016265551506
40478.41,0.992193421156827
40478.42,0.998077028394404
40478.43,0.992269720013119
40478.44,1.02934621704112
40478.45,1.06396625343066
40478.46,1.09821075673766
40478.47,1.10402099106038
40478.48,1.11356926848648
40478.49,1.21062435034156
40478.5,1.2983627055995
40478.51,1.32817316034833
40478.52,1.3000310713585
40478.53,1.25775196798748
40478.54,1.27943553147232
40478.55,1.40339426821568
40478.56,1.3865298516508
40478.57,1.32508566618017
40478.58,1.23441179778333
40478.59,1.20917498825942
40478.6,1.21112091605548
40478.61,1.22760740825286
40478.62,1.17616273977026
40478.63,1.21294813893479
40478.64,1.21647961680912
40478.65,1.28705518497472
40478.66,1.32964316151046
40478.67,1.29918871254857
40478.68,1.29633651041314
40478.69,1.26660611938429
40478.7,1.22370871287331
40478.71,1.23667628512604
40478.72,1.22322520475118
40478.73,1.22748346941376
40478.74,1.14892382999905
40478.75,1.16346716485307
40478.76,1.18384724810401
40478.77,1.25280587412324
40478.78,1.24982969048047
40478.79,1.2952427906984
40478.8,1.30198166247701
40478.81,1.32122676614948
40478.82,1.33300425540115
40478.83,1.32194267098864
40478.84,1.35174513915557
40478.85,1.31396695184159
40478.86,1.29960430455707
40478.87,1.35308702178308
40478.88,1.32932902433028
40478.89,1.32730571472916
40478.9,1.33987804673587
40478.91,1.31850972010062
40478.92,1.29263010038861
40478.93,1.24595450229595
40478.94,1.27908163432176
40478.95,1.29906957718599
40478.96,1.25601364553927
40478.97,1.16175033948491
40478.98,1.11976159978843
40478.99,1.09402569464651
40479,1.12465749342391
40479.01,1.10719234324235
40479.02,1.11446926440252
40479.03,1.13822091659964
40479.04,1.15349143325564
40479.05,1.15270206225568
40479.06,1.0875251383242
40479.07,1.08052911649636
40479.08,1.09854280797196
40479.09,1.07439369445172
40479.1,1.13268300397211
40479.11,1.18903229676716
40479.12,1.22322917104182
40479.13,1.16963172273015
40479.14,1.2067110007164
40479.15,1.17587524130262
40479.16,1.17501554625842
40479.17,1.12786192012809
40479.18,1.09470882110822
40479.19,1.08249207904422
40479.2,1.05558193622212
40479.21,1.07166821171726
40479.22,1.05439338548925
40479.23,1.0492107831996
40479.24,0.998334382591951
40479.25,0.927895632385358
40479.26,0.888092271755852
40479.27,0.90555082096021
40479.28,0.858076966740329
40479.29,0.828898141423464
40479.3,0.839311944063107
40479.31,0.83115057240451
40479.32,0.84380864665154
40479.33,0.802501603114049
40479.34,0.810234985242917
40479.35,0.826682764984727
40479.36,0.857191126881038
40479.37,0.882933708756388
40479.38,0.88509475838932
40479.39,0.902802690141666
40479.4,0.881327033485423
40479.41,0.846443990905899
40479.42,0.849250334883576
40479.43,0.861130041266936
40479.44,0.857919375815149
40479.45,0.855427617198818
40479.46,0.82147821117896
40479.47,0.828387652935852
40479.48,0.82660715512609
40479.49,0.827561037775151
40479.5,0.815197007797544
40479.51,0.81919986116146
40479.52,0.813663679263493
40479.53,0.791650893395413
40479.54,0.781313948465629
40479.55,0.753331771107215
40479.56,0.743184410292332
40479.57,0.800646285365862
40479.58,0.756676145072101
40479.59,0.772021425194634
40479.6,0.782805289871703
40479.61,0.76081369102886
40479.62,0.765059762885375
40479.63,0.784627646119998
40479.64,0.792306808537745
40479.65,0.789814561172144
40479.66,0.789423531674146
40479.67,0.792001332118165
40479.68,0.832195908708038
40479.69,0.848297232961614
40479.7,0.83123781718632
40479.71,0.84380893088977
40479.72,0.855886814711553
40479.73,0.88110431922767
40479.74,0.885756617369783
40479.75,0.881927057983684
40479.76,0.850437420000615
40479.77,0.851698082163787
40479.78,0.854827663825429
40479.79,0.860737696357722
40479.8,0.906410732474242
40479.81,0.88562539189798
40479.82,0.943775493159896
40479.83,0.961141422572468
40479.84,0.958484557544849
40479.85,0.943917347271624
40479.86,0.916607348833947
40479.87,0.90896949942529
40479.88,0.871880624181866
40479.89,0.884371742327803
40479.9,0.877477917851594
40479.91,0.900102042253625
40479.92,0.87807707636274
40479.93,0.860230542387226
40479.94,0.844648113861398
40479.95,0.850713851798873
40479.96,0.84426431632601
40479.97,0.821984443112719
40479.98,0.874453168247854
40479.99,0.836934140758728
40480,0.856777194288757
40480.01,0.851165058584186
40480.02,0.838156192164604
40480.03,0.870279253585515
40480.04,0.862295301074582
40480.05,0.837891086711493
40480.06,0.863157993690605
40480.07,0.859475559378813
40480.08,0.867732807813427
40480.09,0.846563153892805
40480.1,0.82923194090944
40480.11,0.820877697581666
40480.12,0.832361180208915
40480.13,0.805138349060899
40480.14,0.82393941811515
40480.15,0.773761867195113
40480.16,0.810285386742222
40480.17,0.798677103340644
40480.18,0.834238353151099
40480.19,0.822010704738788
40480.2,0.834256111175143
40480.21,0.863385572669762
40480.22,0.854788622718774
40480.23,0.844582248711866
40480.24,0.88751293904189
40480.25,0.844154486091516
40480.26,0.823248720409081
40480.27,0.782769423379938
40480.28,0.803214515543748
40480.29,0.821617059806985
40480.3,0.802024570853664
40480.31,0.797245262351243
40480.32,0.793345046420006
40480.33,0.769857306864214
40480.34,0.756531439716539
40480.35,0.793537162856969
40480.36,0.812336956283066
40480.37,0.864906980484976
40480.38,0.867081821531691
40480.39,0.86228688451219
40480.4,0.842684342891499
40480.41,0.857380227073705
40480.42,0.897783706712955
40480.43,0.894857589891959
40480.44,0.872196842196212
40480.45,0.837920588486953
40480.46,0.805495376268815
40480.47,0.815428057272622
40480.48,0.818611527930795
40480.49,0.817140085623729
40480.5,0.81382639206597
40480.51,0.825758181997796
40480.52,0.826598596669962
40480.53,0.838616096268315
40480.54,0.86890680258515
40480.55,0.895832341355774
40480.56,0.904097294998347
40480.57,0.919778017408102
40480.58,0.892512511672951
40480.59,0.894468395181597
40480.6,0.863035865779308
40480.61,0.842333337465087
40480.62,0.856840583972647
40480.63,0.851375122451853
40480.64,0.860467032715169
40480.65,0.887784066292435
40480.66,0.849732210106575
40480.67,0.888669272930326
40480.68,0.912674343681036
40480.69,0.931306853153044
40480.7,0.972474013359995
40480.71,0.95292022540626
40480.72,0.9682054312259
40480.73,1.00172308037938
40480.74,0.995278205906038
40480.75,0.921591513483426
40480.76,0.934176059196772
40480.77,0.855805406052695
40480.78,0.839187329989495
40480.79,0.855370986875395
40480.8,0.869017882864035
40480.81,0.91992845628988
40480.82,0.897982360817346
40480.83,0.898310638937688
40480.84,0.919558428293178
40480.85,0.934484779684707
40480.86,0.949213985121752
40480.87,0.920378727592198
40480.88,0.912486519663571
40480.89,0.860984451940172
40480.9,0.86888776273973
40480.91,0.832673190401095
40480.92,0.827731949303489
40480.93,0.837878570232447
40480.94,0.835922771289785
40480.95,0.843196657612725
40480.96,0.827813699326732
40480.97,0.826049942729414
40480.98,0.867302063466843
40480.99,0.870683545132187
40481,0.905565221679854
40481.01,0.893003000908256
40481.02,0.937640714878401
40481.03,0.939580035829572
40481.04,0.925057852063875
40481.05,0.942830345122558
40481.06,0.959955480614399
40481.07,0.976058395367804
40481.08,0.950847204847166
40481.09,0.966707104576133
40481.1,0.974151269408905
40481.11,0.980488427293829
40481.12,1.02247402997015
40481.13,0.995616410606868
40481.14,0.972726891021304
40481.15,0.986862207400261
40481.16,0.956364001582462
40481.17,0.985219109684786
40481.18,1.02523290851501
40481.19,1.01983295717495
40481.2,1.04575708592057
40481.21,1.04202384995146
40481.22,1.06884513238131
40481.23,1.08252212083468
40481.24,1.09724079753686
40481.25,1.08884422977378
40481.26,1.09454369188912
40481.27,1.07387621056164
40481.28,1.07100189890115
40481.29,1.07327327036084
40481.3,1.08011859031294
40481.31,1.08415257743066
40481.32,1.0265265051546
40481.33,0.952727242662584
40481.34,0.9251448670045
40481.35,0.889935221084112
40481.36,0.85971172543767
40481.37,0.876297428599338
40481.38,0.88663392789932
40481.39,0.908406245476539
40481.4,0.89736261077517
40481.41,0.903282085021198
40481.42,0.878564025603867
40481.43,0.912332010902048
40481.44,0.887155215109034
40481.45,0.910885930224719
40481.46,0.881677274745575
40481.47,0.889967297065639
40481.48,0.923712429207036
40481.49,0.961416651344027
40481.5,0.94378883551156
40481.51,0.92957240433446
40481.52,0.915969665390179
40481.53,0.897001496759225
40481.54,0.911782941284263
40481.55,0.935903376311154
40481.56,0.93933571870971
40481.57,0.924634381962707
40481.58,0.961087377840999
40481.59,0.983438764865272
40481.6,0.940229602383911
40481.61,0.898963775163032
40481.62,0.931797766005203
40481.63,0.947053943838617
40481.64,0.971930912721911
40481.65,0.957095042839123
40481.66,0.972851962095034
40481.67,0.970784923852009
40481.68,0.997512442732253
40481.69,0.996674986435908
40481.7,0.995546503238863
40481.71,1.03586017411017
40481.72,1.02656614060389
40481.73,1.0298863224127
40481.74,0.98254340030376
40481.75,1.01908198085081
40481.76,1.0391819041154
40481.77,1.04033710415144
40481.78,1.06672904878154
40481.79,1.05917018869921
40481.8,1.03384435454306
40481.81,1.03784574350188
40481.82,1.03465718589249
40481.83,0.984193470806446
40481.84,0.954167887286505
40481.85,0.964297295624877
40481.86,0.956711018377758
40481.87,0.916078226017451
40481.88,0.892074446028241
40481.89,0.899960355196931
40481.9,0.93653777427956
40481.91,0.928005791323982
40481.92,0.937503199965835
40481.93,0.923802454714501
40481.94,0.91303445790615
40481.95,0.976684968816488
40481.96,1.00755276893639
40481.97,0.954638523286728
40481.98,0.87983985425824
40481.99,0.864434043897559
40482,0.85873169375258
40482.01,0.862812892992086
40482.02,0.874740414878094
40482.03,0.889800811892582
40482.04,0.869249242268397
40482.05,0.8235707444136
40482.06,0.78098234098378
40482.07,0.759471074307392
40482.08,0.777541704776963
40482.09,0.798633833664841
40482.1,0.849641934488402
40482.11,0.816232297419151
40482.12,0.817174843084883
40482.13,0.841556866119979
40482.14,0.857451633293739
40482.15,0.880949094826537
40482.16,0.85539971600317
40482.17,0.876202843035351
40482.18,0.92923829560324
40482.19,0.914580117451479
40482.2,0.921949833024907
40482.21,0.908527594804903
40482.22,0.978690333958082
40482.23,1.01931267859345
40482.24,1.03911162046634
40482.25,1.07129858343339
40482.26,1.0657311822132
40482.27,1.0720608606985
40482.28,1.07030004482682
40482.29,1.05443056285645
40482.3,1.02784533832878
40482.31,1.03170241464007
40482.32,1.02291867146037
40482.33,1.02725000475237
40482.34,1.00592180168829
40482.35,1.07848283869589
40482.36,1.1088611350959
40482.37,1.17235357578601
40482.38,1.17794738942095
40482.39,1.16536119133249
40482.4,1.11228219749502
40482.41,1.09791740950383
40482.42,1.08289150685293
40482.43,1.07509999358287
40482.44,1.10869463628065
40482.45,1.09941224817636
40482.46,1.11140458949695
40482.47,1.120422906876
40482.48,1.06712559646164
40482.49,1.03554479999352
40482.5,1.01348507172435
40482.51,1.01674953485623
40482.52,1.02875040418935
40482.53,1.02677116343302
40482.54,1.05071810673765
40482.55,1.04813945124919
40482.56,0.977180364356934
40482.57,0.999419808910291
40482.58,0.950936435381715
40482.59,0.965103971462507
40482.6,0.926255571834335
40482.61,0.943032258463728
40482.62,0.924025317140257
40482.63,0.943359210844864
40482.64,0.941977422757394
40482.65,0.944129612442436
40482.66,0.966922339773934
40482.67,0.918310485025852
40482.68,0.883461007994393
40482.69,0.896316041978061
40482.7,0.897294558937215
40482.71,0.879290560279426
40482.72,0.935307168097432
40482.73,0.927471644092226
40482.74,0.964546595327632
40482.75,0.938303134818302
40482.76,0.94775999656289
40482.77,0.918826769248988
40482.78,0.93424895498097
40482.79,0.927325321082072
40482.8,0.889748866088243
40482.81,0.889159856925004
40482.82,0.885329507979466
40482.83,0.910190405869776
40482.84,0.926746305854583
40482.85,0.910585942904133
40482.86,0.939799401383814
40482.87,0.965853753378242
40482.88,0.944689325607899
40482.89,0.933916132447004
40482.9,0.922035731046224
40482.91,0.961385180439718
40482.92,0.887916864552597
40482.93,0.857427832194736
40482.94,0.867955850635617
40482.95,0.862607058117417
40482.96,0.893146349958144
40482.97,0.900152350006257
40482.98,0.906518085442154
40482.99,0.938627829446626
40483,0.900247362801231
40483.01,0.890278472081646
40483.02,0.893228279706531
40483.03,0.904424440861365
40483.04,0.898035985998184
40483.05,0.933371458979386
40483.06,0.935001057716918
40483.07,0.919651611939404
40483.08,0.91945361639235
40483.09,0.90661181449905
40483.1,0.881835324588534
40483.11,0.897717443957515
40483.12,0.89998157464758
40483.13,0.889626173750249
40483.14,0.916343681115428
40483.15,0.94918046904855
40483.16,0.928405867503025
40483.17,0.976502154510095
40483.18,0.992280976035789
40483.19,1.0317983215726
40483.2,0.98752399353961
40483.21,1.01028972334149
40483.22,0.980851112804874
40483.23,0.992187266501519
40483.24,0.984506135184593
40483.25,0.952586706990961
40483.26,0.980354135941036
40483.27,0.955128232624561
40483.28,0.937884950908262
40483.29,0.912876706003922
40483.3,0.904538287693364
40483.31,0.865272398528696
40483.32,0.866905945383056
40483.33,0.895654393357464
40483.34,0.914173821089717
40483.35,0.935936030454719
40483.36,0.902386596308674
40483.37,0.891182666493743
40483.38,0.916126109371903
40483.39,0.901303514588465
40483.4,0.938561005300829
40483.41,0.936384539408218
40483.42,0.947950716911096
40483.43,0.935104766051207
40483.44,0.937033573121889
40483.45,0.912331531247683
40483.46,0.935071441091177
40483.47,0.976247059162294
40483.48,1.05507581453239
40483.49,1.05717985494988
40483.5,0.984373227450384
40483.51,1.03589167255134
40483.52,1.04323941013371
40483.53,1.07691884445649
40483.54,1.073139193631
40483.55,1.12389564045687
40483.56,1.13405142453696
40483.57,1.12932354680617
40483.58,1.06554622231428
40483.59,1.07890061250292
40483.6,1.05962861222571
40483.61,1.05724500404013
40483.62,1.03056538603351
40483.63,1.02154328242808
40483.64,1.0252251944949
40483.65,1.02936922855405
40483.66,0.999168404114036
40483.67,1.01042961878079
40483.68,0.996069678264497
40483.69,1.00878310969836
40483.7,0.973242695117096
40483.71,0.941345618957072
40483.72,0.922285601248353
40483.73,0.928939087730296
40483.74,0.89011861520859
40483.75,0.887789473551981
40483.76,0.856185828712398
40483.77,0.8578246423901
40483.78,0.859681663101398
40483.79,0.878386262570304
40483.8,0.876975135822366
40483.81,0.88476759688043
40483.82,0.870537358416292
40483.83,0.882989410081769
40483.84,0.893368933086944
40483.85,0.846465336922901
40483.86,0.86409669314806
40483.87,0.854495041966211
40483.88,0.854041676655423
40483.89,0.827837495491758
40483.9,0.843100702010303
40483.91,0.860668650613028
40483.92,0.846976934429868
40483.93,0.829621768372867
40483.94,0.847551723800619
40483.95,0.859492237358079
40483.96,0.865578524916087
40483.97,0.909537693420649
40483.98,0.882367015468202
40483.99,0.842679912054749
40484,0.830172423233006
40484.01,0.818482588638625
40484.02,0.820448254585944
40484.03,0.806757813790332
40484.04,0.841431810525797
40484.05,0.837208712319523
40484.06,0.888221852822252
40484.07,0.889326999075438
40484.08,0.904938356960305
40484.09,0.88456564224956
40484.1,0.912073278976155
40484.11,0.880660818479023
40484.12,0.904278658653049
40484.13,0.896322445848887
40484.14,0.899415315392417
40484.15,0.904280698053714
40484.16,0.917624760821976
40484.17,0.979591817349275
40484.18,0.947576507951852
40484.19,0.935240252744874
40484.2,0.964748331126804
40484.21,0.980979232510791
40484.22,0.97744740004225
40484.23,1.01876251210633
40484.24,0.995317993004491
40484.25,1.03144965236254
40484.26,1.02860966924213
40484.27,0.993907828758441
40484.28,0.993144495666379
40484.29,0.996783338240117
40484.3,0.988042106527227
40484.31,0.965583280471276
40484.32,0.975552883809311
40484.33,0.963036499262848
40484.34,0.948794599825414
40484.35,0.975172564809721
40484.36,0.992576251039658
40484.37,0.9640412357599
40484.38,0.983409275951701
40484.39,0.951831352999328
40484.4,0.929511090730858
40484.41,0.953309509340922
40484.42,0.964800506774926
40484.43,0.992751052721108
40484.44,1.01502131135509
40484.45,1.04101751825914
40484.46,1.04972848331495
40484.47,1.03091362161817
40484.48,0.99668303945518
40484.49,0.94790215505478
40484.5,0.95025543269619
40484.51,0.96610467076445
40484.52,0.964557059269843
40484.53,0.948033380633555
40484.54,0.944316828979325
40484.55,0.966010703306358
40484.56,0.92558708514833
40484.57,0.936658592749152
40484.58,0.970856843842903
40484.59,0.964978074449761
40484.6,0.896571069077461
40484.61,0.903930723441736
40484.62,0.896007175815987
40484.63,0.906836785134146
40484.64,0.892163575736073
40484.65,0.919327537073474
40484.66,0.899023204225461
40484.67,0.935021248143211
40484.68,0.966639489834259
40484.69,0.99025689881021
40484.7,1.01374812805319
40484.71,0.983296849312385
40484.72,0.944661945476488
40484.73,0.936432125756843
40484.74,0.948625836709143
40484.75,0.97571216764492
40484.76,0.940880719645057
40484.77,0.954258362367507
40484.78,0.972040937787566
40484.79,0.95812933020096
40484.8,0.949721730485434
40484.81,0.976391799465425
40484.82,0.932264940963889
40484.83,0.934664376163191
40484.84,0.902230571873855
40484.85,0.873965187792368
40484.86,0.880269355931732
40484.87,0.869717827829585
40484.88,0.87099321472469
40484.89,0.833775912096163
40484.9,0.798485537049599
40484.91,0.783088119348577
40484.92,0.798441236209361
40484.93,0.819948392805095
40484.94,0.80788161351515
40484.95,0.785708089288403
40484.96,0.775841659454471
40484.97,0.759634655959011
40484.98,0.749940459670289
40484.99,0.707129821221467
40485,0.701709723136467
40485.01,0.687439271946537
40485.02,0.681307864890199
40485.03,0.67095794125083
40485.04,0.687931664283985
40485.05,0.710782659619641
40485.06,0.732225375847024
40485.07,0.758206360440632
40485.08,0.772897667820775
40485.09,0.763685689243074
40485.1,0.761664622078557
40485.11,0.760962642998426
40485.12,0.783265773076941
40485.13,0.806157229067824
40485.14,0.840328856177248
40485.15,0.826086450374582
40485.16,0.846243059364192
40485.17,0.814491874089362
40485.18,0.783240436997828
40485.19,0.754503089775813
40485.2,0.751616576839243
40485.21,0.752976895871651
40485.22,0.745013025615244
40485.23,0.745251436557826
40485.24,0.72341376719265
40485.25,0.707745833606505
40485.26,0.709913866314697
40485.27,0.737842690719741
40485.28,0.750906409459606
40485.29,0.735419375699737
40485.3,0.752529806183959
40485.31,0.747539721875237
40485.32,0.755729925786503
40485.33,0.762046885149214
40485.34,0.784896901244538
40485.35,0.788007387168677
40485.36,0.752677709951234
40485.37,0.769214851471164
40485.38,0.76132990039324
40485.39,0.741241449976115
40485.4,0.784081943275932
40485.41,0.807255227894678
40485.42,0.82888227395623
40485.43,0.816719709276168
40485.44,0.854526535249509
40485.45,0.837771544494343
40485.46,0.852565303551819
40485.47,0.853958065163495
40485.48,0.820189374107282
40485.49,0.822880589151044
40485.5,0.838233576528053
40485.51,0.866213502113976
40485.52,0.824562189510165
40485.53,0.816608508914577
40485.54,0.813586601702256
40485.55,0.858759825632228
40485.56,0.863555576450825
40485.57,0.902901416345783
40485.58,0.893485976329855
40485.59,0.843651752606204
40485.6,0.875935729314389
40485.61,0.844234207596642
40485.62,0.877066693388075
40485.63,0.851423349534142
40485.64,0.846728931698756
40485.65,0.89912342885563
40485.66,0.899706792816931
40485.67,0.890671565193481
40485.68,0.890500542726753
40485.69,0.941635686681156
40485.7,1.01187283241896
40485.71,0.994920925470819
40485.72,1.00081160105217
40485.73,0.990522869914159
40485.74,0.985041741718598
40485.75,0.989677650227105
40485.76,0.967654122807732
40485.77,0.982952035285429
40485.78,0.956945150916119
40485.79,0.942025264449489
40485.8,0.916874877044052
40485.81,0.952194228449972
40485.82,0.947739928363649
40485.83,0.888591883093209
40485.84,0.914049185945156
40485.85,0.890379250860329
40485.86,0.910522364366988
40485.87,0.924366547671275
40485.88,0.93794033743049
40485.89,0.88451402221667
40485.9,0.902814846181849
40485.91,0.94148966546594
40485.92,0.981329571653273
40485.93,0.978892084108614
40485.94,0.958212401296219
40485.95,0.933464793727521
40485.96,0.94928989983449
40485.97,0.94303892592947
40485.98,0.926653614551574
40485.99,0.917315227579718
40486,0.89807153787695
40486.01,0.878338275074901
40486.02,0.851717026296919
40486.03,0.851794472920648
40486.04,0.825176804996241
40486.05,0.81830377689921
40486.06,0.784695961444013
40486.07,0.83773427208559
40486.08,0.852579421381098
40486.09,0.825417129315167
40486.1,0.864565357039724
40486.11,0.874245917710232
40486.12,0.930515664131306
40486.13,0.94739105314243
40486.14,0.96735000180348
40486.15,0.968378956984591
40486.16,1.0191581495442
40486.17,1.03387923894784
40486.18,1.0344062633226
40486.19,1.09387244581147
40486.2,1.10137829570544
40486.21,1.12964659271696
40486.22,1.13168079206657
40486.23,1.15576854784582
40486.24,1.20378438893059
40486.25,1.18840467039859
40486.26,1.23090872983001
40486.27,1.2397414153617
40486.28,1.2667506053317
40486.29,1.2881314925086
40486.3,1.27755068870205
40486.31,1.28316111662846
40486.32,1.2460901819357
40486.33,1.29400191925652
40486.34,1.27655640788332
40486.35,1.29168961890733
40486.36,1.25857063401054
40486.37,1.2229851992652
40486.38,1.17093071278818
40486.39,1.18316174172701
40486.4,1.16798000038898
40486.41,1.14666649219206
40486.42,1.19645501248501
40486.43,1.22684469767024
40486.44,1.25319429353331
40486.45,1.21359714192056
40486.46,1.1895766129223
40486.47,1.13604722584894
40486.48,1.14122768582677
40486.49,1.11325620971599
40486.5,1.15963477608244
40486.51,1.1685749554109
40486.52,1.20628148984254
40486.53,1.17951931506801
40486.54,1.14914326585504
40486.55,1.17855473794252
40486.56,1.10567923010207
40486.57,1.0864358750778
40486.58,1.11255467260528
40486.59,1.08976357112554
40486.6,1.07680260083143
40486.61,1.04309079173432
40486.62,1.04536240694104
40486.63,1.03422588337279
40486.64,1.06048747727888
40486.65,1.01720160856016
40486.66,1.02266404964639
40486.67,1.03681772438735
40486.68,1.04670577931641
40486.69,1.07043607577868
40486.7,1.06684857280224
40486.71,1.08250608466596
40486.72,1.09680693501382
40486.73,1.07050817282891
40486.74,0.985497995527144
40486.75,0.999387533056594
40486.76,0.989482591246448
40486.77,1.01363365919765
40486.78,1.04951362923512
40486.79,1.0733404239046
40486.8,1.07612364427046
40486.81,1.04152620417186
40486.82,1.04132473590626
40486.83,1.03868916044296
40486.84,0.996892054072822
40486.85,1.00600909406946
40486.86,0.999238651690601
40486.87,0.987257826675284
40486.88,1.03297141430535
40486.89,1.04381764698733
40486.9,1.02254253406347
40486.91,1.02950598104732
40486.92,1.0026351687535
40486.93,1.01576371763746
40486.94,1.04843248144241
40486.95,1.04765649023757
40486.96,1.12053045639788
40486.97,1.11108544350752
40486.98,1.06283763565731
40486.99,1.04489930438462
40487,1.07500906296762
40487.01,1.06953168166147
40487.02,1.07788526111562
40487.03,1.08412279569553
40487.04,1.03896945158579
40487.05,1.0367429614473
40487.06,1.07564252518372
40487.07,1.0395047899494
40487.08,1.04271668006018
40487.09,1.04059571888037
40487.1,1.02192139525639
40487.11,1.05388053029539
40487.12,1.03005678673135
40487.13,1.00182806178025
40487.14,1.01645752073593
40487.15,1.02844522705818
40487.16,0.98505899102222
40487.17,0.964638256769611
40487.18,0.94592149038695
40487.19,0.963697791150883
40487.2,0.981914499585015
40487.21,0.993593863588412
40487.22,0.994815347596318
40487.23,0.995816471354262
40487.24,0.9713373634588
40487.25,0.945139577729886
40487.26,0.950322040401048
40487.27,0.925439163128459
40487.28,0.916207606458439
40487.29,0.909026919254696
40487.3,0.878297064188006
40487.31,0.865495679632669
40487.32,0.858773246054705
40487.33,0.845550180659045
40487.34,0.866141337209744
40487.35,0.893118696231171
40487.36,0.93953084503183
40487.37,0.92218267615948
40487.38,0.905904000868342
40487.39,0.928147760707133
40487.4,0.922617624571714
40487.41,0.984213641250719
40487.42,0.995223191459908
40487.43,0.997995565835696
40487.44,0.990507210039335
40487.45,1.00609538614479
40487.46,0.990092908399693
40487.47,0.949874635874121
40487.48,0.951768138353376
40487.49,0.989644898490201
40487.5,0.99510207046993
40487.51,0.943998708484284
40487.52,0.930180174733168
40487.53,0.873085425850322
40487.54,0.840865469953455
40487.55,0.836299975285673
40487.56,0.850648068552454
40487.57,0.828964182189582
40487.58,0.816142779911393
40487.59,0.780648104955388
40487.6,0.773416050825847
40487.61,0.7931362947481
40487.62,0.778557463914666
40487.63,0.770343066758583
40487.64,0.761384479794339
40487.65,0.792275348150173
40487.66,0.780600166920421
40487.67,0.808753165228243
40487.68,0.836730275085255
40487.69,0.851611293338783
40487.7,0.840127388482595
40487.71,0.801429620108415
40487.72,0.811008614500736
40487.73,0.797390632883121
40487.74,0.820049374859546
40487.75,0.838343288987645
40487.76,0.827511413116502
40487.77,0.797920470640607
40487.78,0.835883058463095
40487.79,0.84755719185309
40487.8,0.853187132844923
40487.81,0.842020618988915
40487.82,0.86093549786039
40487.83,0.87236690387811
40487.84,0.828511956039053
40487.85,0.848748172655842
40487.86,0.842179445650512
40487.87,0.854664339885879
40487.88,0.871597425133184
40487.89,0.849287109123828
40487.9,0.871945506203831
40487.91,0.860825389227212
40487.92,0.873284317449786
40487.93,0.882636938070513
40487.94,0.863162456505722
40487.95,0.892439042509868
40487.96,0.897100743671245
40487.97,0.920731302845318
40487.98,0.917242624228262
40487.99,0.948940531673349
40488,0.921978193621571
40488.01,0.900568987890413
40488.02,0.888258242665093
40488.03,0.867663811987479
40488.04,0.825990327544381
40488.05,0.847801003722478
40488.06,0.840286120656025
40488.07,0.874573942371354
40488.08,0.848243432234148
40488.09,0.853644615619816
40488.1,0.882211137107456
40488.11,0.876439837718413
40488.12,0.885166738584358
40488.13,0.894008651209041
40488.14,0.86853921799602
40488.15,0.816325355853705
40488.16,0.82408849345375
40488.17,0.83697680707632
40488.18,0.835889614265564
40488.19,0.854128068963819
40488.2,0.846205064967854
40488.21,0.849632441263251
40488.22,0.828242320034491
40488.23,0.817725153416121
40488.24,0.841113493351359
40488.25,0.819750526413443
40488.26,0.808365924407018
40488.27,0.810483863100562
40488.28,0.804445369336318
40488.29,0.812631999881188
40488.3,0.833316364578592
40488.31,0.834863370243355
40488.32,0.854309256666185
40488.33,0.874824911553314
40488.34,0.942895282055621
40488.35,0.975029544662206
40488.36,1.00378799808147
40488.37,1.01261300470849
40488.38,1.01891968072726
40488.39,1.01537236562404
40488.4,1.02412863711415
40488.41,1.0514725083432
40488.42,1.05933516059648
40488.43,1.0456608128107
40488.44,1.03706744293561
40488.45,1.01461621608395
40488.46,1.02710653521622
40488.47,0.997857348953106
40488.48,1.04582919272249
40488.49,1.03953102711003
40488.5,1.02568967125114
40488.51,1.04322628032087
40488.52,1.04400146185553
40488.53,1.07077441114278
40488.54,1.05070172124551
40488.55,1.04584894863067
40488.56,1.01822671245679
40488.57,1.00510425483791
40488.58,1.05366054394969
40488.59,0.99877366766398
40488.6,0.977199204845638
40488.61,0.999282509024122
40488.62,0.955959262812097
40488.63,0.941048898656089
40488.64,0.938628034457794
40488.65,0.932012577957474
40488.66,0.922454425984915
40488.67,0.90734720972182
40488.68,0.878112088476457
40488.69,0.905836557894745
40488.7,0.903884887997847
40488.71,0.95613268913838
40488.72,0.941568066634098
40488.73,0.921678047078624
40488.74,0.92616792996595
40488.75,0.904978787375877
40488.76,0.905356969860508
40488.77,0.880766851573864
40488.78,0.886449439428968
40488.79,0.881609990981291
40488.8,0.879775623049371
40488.81,0.877849504054364
40488.82,0.885489217478373
40488.83,0.912160819783159
40488.84,0.916743639564564
40488.85,0.954231035459879
40488.86,0.945834232598905
40488.87,0.967699148167178
40488.88,0.919948173044508
40488.89,0.932107183182471
40488.9,0.971570042292074
40488.91,0.970676743608206
40488.92,1.02244574589317
40488.93,1.04443548827514
40488.94,1.07530726173321
40488.95,1.01946235582165
40488.96,1.00011967119058
40488.97,1.00861629219389
40488.98,0.991995575485363
40488.99,1.00666308641167
40489,1.04836213529073
40489.01,1.01570445131187
40489.02,0.97747269127333
40489.03,0.976643324519096
40489.04,0.975388645069406
40489.05,1.06434007033937
40489.06,1.0514862964154
40489.07,1.04128605979639
40489.08,1.03147942341177
40489.09,0.993775345099613
40489.1,0.959829467211049
40489.11,0.89890085606405
40489.12,0.976261066795116
40489.13,0.963812950619394
40489.14,0.959924183146029
40489.15,0.938068609648368
40489.16,0.932403952977864
40489.17,0.953854268661093
40489.18,0.963296575083406
40489.19,0.951086751692435
40489.2,0.953073686711764
40489.21,1.00114267901584
40489.22,0.975560994922226
40489.23,1.01361428614518
40489.24,0.994269828647177
40489.25,1.01682591900433
40489.26,1.00016378135799
40489.27,0.979291811888423
40489.28,0.954553369434421
40489.29,0.973680407198802
40489.3,0.973163325237833
40489.31,0.923148631273567
40489.32,0.900484811399002
40489.33,0.885696676374847
40489.34,0.891240396763063
40489.35,0.892744435686504
40489.36,0.85027086451819
40489.37,0.82904183648178
40489.38,0.821449745413207
40489.39,0.816173053653017
40489.4,0.877758298028902
40489.41,0.857357974808183
40489.42,0.865628245357963
40489.43,0.855434915319653
40489.44,0.84015361330141
40489.45,0.806187731900315
40489.46,0.775698575085411
40489.47,0.792053114229825
40489.48,0.811780791556243
40489.49,0.819803399961891
40489.5,0.873999842721926
40489.51,0.844044751521835
40489.52,0.850368570473258
40489.53,0.850884346582823
40489.54,0.841060472734938
40489.55,0.810900534520334
40489.56,0.862350991425875
40489.57,0.847513048657935
40489.58,0.883617882834517
40489.59,0.841693095883355
40489.6,0.851179562080249
40489.61,0.898130978679111
40489.62,0.917023815680829
40489.63,0.870731408420858
40489.64,0.899891984588198
40489.65,0.857445019170326
40489.66,0.833712008440369
40489.67,0.901757236500815
40489.68,0.969878277418541
40489.69,0.978753442458063
40489.7,1.01454572434201
40489.71,1.06870936295719
40489.72,1.1106214333049
40489.73,1.06675690397639
40489.74,1.02250188565064
40489.75,1.016374751481
40489.76,0.993653041019481
40489.77,1.0102247768972
40489.78,1.058305788623
40489.79,1.0350467201786
40489.8,1.05233779818367
40489.81,1.10246905217226
40489.82,1.117266014053
40489.83,1.08680188569304
40489.84,1.124536502375
40489.85,1.0734086101638
40489.86,1.10938243007152
40489.87,1.07252672376557
40489.88,1.05840921821294
40489.89,1.021206950314
40489.9,0.996589982034509
40489.91,0.972068913195524
40489.92,1.01745055944659
40489.93,1.02868208868558
40489.94,1.00835508618003
40489.95,0.981583882413816
40489.96,0.971533176774565
40489.97,0.96181167788985
40489.98,0.958710548336106
40489.99,0.920860030971027
40490,0.918603047136352
40490.01,0.904041917230972
40490.02,0.884434489419701
40490.03,0.897424681363878
40490.04,0.915479497088746
40490.05,0.875524582859609
40490.06,0.891174217536713
40490.07,0.890098077678678
40490.08,0.905822840873939
40490.09,0.905095428099381
40490.1,0.906676551950794
40490.11,0.944036431094885
40490.12,0.961995617189857
40490.13,0.957500260356607
40490.14,0.931976221556995
40490.15,0.912305853289962
40490.16,0.891155739455675
40490.17,0.922958948930588
40490.18,0.930289422719289
40490.19,0.922116310734227
40490.2,0.915672766948914
40490.21,0.907696809190791
40490.22,0.851759219638183
40490.23,0.832705955791472
40490.24,0.883796638248017
40490.25,0.872278986751472
40490.26,0.854823525497876
40490.27,0.864552896105733
40490.28,0.842448143337865
40490.29,0.844561991330429
40490.3,0.89433729401009
40490.31,0.888869637438051
40490.32,0.879713923634781
40490.33,0.846828184886854
40490.34,0.831269789273803
40490.35,0.818403024441019
40490.36,0.772506785530973
40490.37,0.753750995091736
40490.38,0.811378706268396
40490.39,0.771390642868491
40490.4,0.741787870247972
40490.41,0.745202610207275
40490.42,0.728834032875006
40490.43,0.727087989738796
40490.44,0.726302049855319
40490.45,0.732456970661348
40490.46,0.726235628168925
40490.47,0.781277790368112
40490.48,0.800653786725935
40490.49,0.800427408689707
40490.5,0.788895888287186
40490.51,0.804865906404535
40490.52,0.811719526839152
40490.53,0.826159657557115
40490.54,0.865006384476185
40490.55,0.86872155664498
40490.56,0.870136160381422
40490.57,0.872740090720546
40490.58,0.84154403285161
40490.59,0.844903032176435
40490.6,0.826726374991155
40490.61,0.805364972658887
40490.62,0.786265695886733
40490.63,0.765034112446656
40490.64,0.770674369772809
40490.65,0.756275942562849
40490.66,0.738929563527092
40490.67,0.736803915466705
40490.68,0.754056877731672
40490.69,0.744290736299769
40490.7,0.768099690132068
40490.71,0.798706541937234
40490.72,0.791809885677235
40490.73,0.786542121992648
40490.74,0.741435976274007
40490.75,0.711018958055829
40490.76,0.717318601842923
40490.77,0.743415805912302
40490.78,0.716813851719309
40490.79,0.7551913230271
40490.8,0.752247252986118
40490.81,0.785848999817295
40490.82,0.789606833354972
40490.83,0.779920282934218
40490.84,0.754973088826255
40490.85,0.756036120941775
40490.86,0.801775188220899
40490.87,0.796716764345475
40490.88,0.823968630059606
40490.89,0.850404419782282
40490.9,0.835167287659787
40490.91,0.793732630480966
40490.92,0.778202782855685
40490.93,0.771617566735858
40490.94,0.757377355234418
40490.95,0.779141416746228
40490.96,0.777968951638608
40490.97,0.788727808839483
40490.98,0.761393475250505
40490.99,0.802971205039503
40491,0.773518020819685
40491.01,0.783227270327905
40491.02,0.775329065420819
40491.03,0.772390852880413
40491.04,0.808933743243877
40491.05,0.833607967268114
40491.06,0.825137684671999
40491.07,0.851270928066441
40491.08,0.861870507389407
40491.09,0.833281993812458
40491.1,0.80752887991906
40491.11,0.781787045035351
40491.12,0.793751855968856
40491.13,0.820900516332001
40491.14,0.838087294150904
40491.15,0.854905230551114
40491.16,0.825572587702548
40491.17,0.826951300215929
40491.18,0.834555501604193
40491.19,0.86368593799611
40491.2,0.852087667111264
40491.21,0.883264278832387
40491.22,0.903016313096511
40491.23,0.935831828472548
40491.24,0.959181293955695
40491.25,0.918537547124371
40491.26,0.910413086784571
40491.27,0.903965972692195
40491.28,0.912510615479254
40491.29,0.906021099126608
40491.3,0.924104204836358
40491.31,0.959548533316257
40491.32,0.956115810192024
40491.33,0.937768272424683
40491.34,0.939349245200844
40491.35,0.929999182725518
40491.36,0.96928717754547
40491.37,0.927399416870532
40491.38,0.922390831804815
40491.39,0.909767543797833
40491.4,0.858143766270146
40491.41,0.84625697614553
40491.42,0.828769612568302
40491.43,0.829334459746683
40491.44,0.811951230802762
40491.45,0.822513690841866
40491.46,0.866788166564982
40491.47,0.864034355926959
40491.48,0.851735243788668
40491.49,0.84055605109757
40491.5,0.826315650154118
40491.51,0.835498001349735
40491.52,0.81374304847579
40491.53,0.823141719554692
40491.54,0.804265828431105
40491.55,0.832241258230024
40491.56,0.7870399482612
40491.57,0.82013128216053
40491.58,0.840676020125452
40491.59,0.833420607973347
40491.6,0.827983624757608
40491.61,0.859866268036798
40491.62,0.851331568270665
40491.63,0.87370883062902
40491.64,0.868525789011957
40491.65,0.851174258241875
40491.66,0.83916084476496
40491.67,0.786994760795961
40491.68,0.785860260904809
40491.69,0.767316323154602
40491.7,0.764222350442896
40491.71,0.74204614370625
40491.72,0.746786845441696
40491.73,0.751723610109533
40491.74,0.791833990876014
40491.75,0.805998730951465
40491.76,0.769134042167392
40491.77,0.778179428365927
40491.78,0.749608663284452
40491.79,0.747780300219028
40491.8,0.748693962595913
40491.81,0.752363887077549
40491.82,0.744780403819537
40491.83,0.723922861669415
40491.84,0.73941046248284
40491.85,0.757132404931509
40491.86,0.783215921628425
40491.87,0.783273122906305
40491.88,0.7851581414747
40491.89,0.795862215150992
40491.9,0.770069294888963
40491.91,0.806921120250791
40491.92,0.825724822097817
40491.93,0.841958396705605
40491.94,0.818103143650341
40491.95,0.818933539613771
40491.96,0.813144386828984
40491.97,0.79603713374285
40491.98,0.796258773301625
40491.99,0.825099199546496
40492,0.872345806058508
40492.01,0.909396187705203
40492.02,0.904261789358303
40492.03,0.891892134205033
40492.04,0.893768279715726
40492.05,0.906283901691833
40492.06,0.908409841660635
40492.07,0.925195567503799
40492.08,0.920599705156733
40492.09,0.933994384651104
40492.1,0.93180483603596
40492.11,0.920126001778047
40492.12,0.88665846034853
40492.13,0.884268876857684
40492.14,0.903474639765469
40492.15,0.911913288020396
40492.16,0.932715825368838
40492.17,0.919035688112324
40492.18,0.906697805787937
40492.19,0.897843042383859
40492.2,0.849260263468347
40492.21,0.832502516576714
40492.22,0.859801058276078
40492.23,0.856424011903886
40492.24,0.813619582778538
40492.25,0.846661376941827
40492.26,0.879904259233198
40492.27,0.899903492793212
40492.28,0.931825052803741
40492.29,0.932740852249155
40492.3,0.917662950076465
40492.31,0.891925852688021
40492.32,0.915023260549808
40492.33,0.919846676960178
40492.34,0.920969408099233
40492.35,0.925219361669929
40492.36,0.918475331393025
40492.37,0.909919135907005
40492.38,0.94637480292
40492.39,0.934182003610401
40492.4,0.896160945347004
40492.41,0.891145513002178
40492.42,0.86612811651172
40492.43,0.871838407777821
40492.44,0.86442922277391
40492.45,0.893735464139913
40492.46,0.939489036701785
40492.47,0.943320583401465
40492.48,0.974103530302518
40492.49,0.976092456808332
40492.5,0.916683228560524
40492.51,0.904147321579528
40492.52,0.89766646300547
40492.53,0.91951186159107
40492.54,0.953918993857016
40492.55,0.960566102729433
40492.56,0.973760913318216
40492.57,0.955466969960864
40492.58,0.910360067505979
40492.59,0.88575314292406
40492.6,0.93300048354039
40492.61,0.944086622949146
40492.62,0.979375019600673
40492.63,0.946827781419647
40492.64,0.967028050594748
40492.65,0.978684350712638
40492.66,1.00312733919372
40492.67,0.988779099481669
40492.68,0.982645836770946
40492.69,0.939796001193058
40492.7,0.957182700230911
40492.71,0.975363293677638
40492.72,0.982749848137983
40492.73,0.964326194231721
40492.74,1.007806855307
40492.75,1.01964694024366
40492.76,1.02669258512102
40492.77,0.999793464379714
40492.78,0.992265674446533
40492.79,0.963988049626516
40492.8,0.940331520509053
40492.81,0.94146461668951
40492.82,0.972320881630808
40492.83,0.947991324671274
40492.84,0.998309303231111
40492.85,1.05026653133192
40492.86,1.08202773410822
40492.87,1.06853933821208
40492.88,1.08479418147537
40492.89,1.0401866369901
40492.9,1.04435915235634
40492.91,1.06032124228666
40492.92,1.05670266671651
40492.93,1.04288201549989
40492.94,1.03752695204858
40492.95,1.02337648221386
40492.96,1.00163252940113
40492.97,0.977312775922181
40492.98,0.95393163314393
40492.99,0.94409051501007
40493,0.932220996614528
40493.01,0.913040086955828
40493.02,0.897469008499001
40493.03,0.918941231607333
40493.04,0.945960789110654
40493.05,0.944496026697951
40493.06,0.936832978961868
40493.07,0.922317604100699
40493.08,0.930090808048711
40493.09,0.954436828728562
40493.1,0.919548653216667
40493.11,0.956859415149754
40493.12,0.974196115500511
40493.13,0.976448349476144
40493.14,0.931683050925665
40493.15,0.909829642239181
40493.16,0.90034684317953
40493.17,0.911176697266582
40493.18,0.933955982654691
40493.19,0.937212853362062
40493.2,0.905104272980188
40493.21,0.943551601394963
40493.22,0.911987728631215
40493.23,0.955523608520893
40493.24,0.99901073896805
40493.25,0.955609493708514
40493.26,0.929841630300611
40493.27,0.932898656856856
40493.28,0.951742089401754
40493.29,0.96746332589903
40493.3,0.944949785656304
40493.31,0.926173030795184
40493.32,0.883662952997923
40493.33,0.910075355389833
40493.34,0.89916442975818
40493.35,0.925610694592544
40493.36,0.938945394727354
40493.37,0.947687102583612
40493.38,0.931732947816767
40493.39,0.916888156725049
40493.4,0.874431169500726
40493.41,0.889221431731259
40493.42,0.852444957913527
40493.43,0.852086249626879
40493.44,0.854409868720283
40493.45,0.827131822744523
40493.46,0.810817639167084
40493.47,0.797623329285339
40493.48,0.812655997742876
40493.49,0.788424381904595
40493.5,0.773784224281481
40493.51,0.790328618460164
40493.52,0.76401971956324
40493.53,0.760599321869886
40493.54,0.769501763813181
40493.55,0.785117522510926
40493.56,0.762866317531343
40493.57,0.740160359117735
40493.58,0.714450738692351
40493.59,0.72752402277505
40493.6,0.728183949586513
40493.61,0.724804202561178
40493.62,0.71976285640188
40493.63,0.739538473255669
40493.64,0.738303048231735
40493.65,0.692549580059417
40493.66,0.691716104798063
40493.67,0.701631257148679
40493.68,0.702171443092596
40493.69,0.694768310697087
40493.7,0.707229350045687
40493.71,0.671070447860882
40493.72,0.690061046772436
40493.73,0.696919070192562
40493.74,0.685751835892349
40493.75,0.703285734810301
40493.76,0.725659008681857
40493.77,0.736852085478004
40493.78,0.73524567351045
40493.79,0.758681647493129
40493.8,0.741807643150454
40493.81,0.779600820708782
40493.82,0.809030449195542
40493.83,0.801336617813554
40493.84,0.804333969504825
40493.85,0.82434380205239
40493.86,0.822872880171258
40493.87,0.824386267521152
40493.88,0.818199147744175
40493.89,0.804732305935151
40493.9,0.800148029121772
40493.91,0.823678973262764
40493.92,0.821734629537846
40493.93,0.85097202532852
40493.94,0.878299090621323
40493.95,0.909963041100855
40493.96,0.86371514819238
40493.97,0.857255891671047
40493.98,0.86070442201084
40493.99,0.885030877740849
40494,0.931474025674263
40494.01,0.920146833336997
40494.02,0.949105278758092
40494.03,0.956425491579364
40494.04,0.947838093291678
40494.05,0.938641401793394
40494.06,0.967169221616507
40494.07,0.965430106328552
40494.08,0.944064866688865
40494.09,0.918424867797552
40494.1,0.873098360392901
40494.11,0.873615261069918
40494.12,0.827921421009028
40494.13,0.830332693619759
40494.14,0.857934492494081
40494.15,0.8315691964023
40494.16,0.840215100180264
40494.17,0.857702047886136
40494.18,0.861221329234476
40494.19,0.843392677838327
40494.2,0.856678802537777
40494.21,0.883241161377645
40494.22,0.88222318280255
40494.23,0.875867335734256
40494.24,0.920883577651089
40494.25,0.971871610577439
40494.26,0.955500849850761
40494.27,0.916100693192959
40494.28,0.898708551009228
40494.29,0.919861410914997
40494.3,0.93252023854052
40494.31,0.967854278604944
40494.32,0.954304220231574
40494.33,1.00646512441662
40494.34,1.01158122840123
40494.35,1.01478347684874
40494.36,0.975617633659635
40494.37,1.03177346338767
40494.38,1.03040417921355
40494.39,1.02488061198579
40494.4,1.02626353419055
40494.41,0.994240430793827
40494.42,0.968525215046672
40494.43,0.956041815696355
40494.44,0.943049927204282
40494.45,0.948389279089723
40494.46,0.946421163085895
40494.47,0.971611484069897
40494.48,0.954408636977702
40494.49,0.932292347089106
40494.5,0.96137567774848
40494.51,0.929012747778108
40494.52,0.914191301583189
40494.53,0.901583862880904
40494.54,0.87810163932602
40494.55,0.921579141202768
40494.56,0.942401465533559
40494.57,0.953587735301452
40494.58,0.970696911085055
40494.59,0.972310664439747
40494.6,0.984906255808731
40494.61,0.982252463744109
40494.62,0.99927127840104
40494.63,1.01829738223703
40494.64,1.0158398486357
40494.65,1.0411615711205
40494.66,1.02400338188921
40494.67,0.989009357059757
40494.68,0.987349098983949
40494.69,0.963297866592849
40494.7,0.9777906247256
40494.71,0.961046624236582
40494.72,0.988036721462591
40494.73,0.965750865606682
40494.74,0.934353230863976
40494.75,0.944204543512653
40494.76,0.926588825290747
40494.77,0.921513617152687
40494.78,0.925738376951786
40494.79,0.921747828665624
40494.8,0.915272996849793
40494.81,0.876473352149418
40494.82,0.871165882108997
40494.83,0.875781780872925
40494.84,0.875085091151292
40494.85,0.848769461007184
40494.86,0.863446148174301
40494.87,0.859194896101903
40494.88,0.856954669622864
40494.89,0.84783721543789
40494.9,0.846627928683819
40494.91,0.855254911696823
40494.92,0.887349880480405
40494.93,0.855504166910217
40494.94,0.88695314336452
40494.95,0.859665610368066
40494.96,0.874495933144565
40494.97,0.865163712038327
40494.98,0.888035168109858
40494.99,0.862189570184318
40495,0.806678750934558
40495.01,0.824202222067004
40495.02,0.812505037829973
40495.03,0.81296336000704
40495.04,0.817283997036181
40495.05,0.807731097658719
40495.06,0.838983787578211
40495.07,0.835272321874698
40495.08,0.86411389211929
40495.09,0.868346966240705
40495.1,0.891006386918827
40495.11,0.892554517802835
40495.12,0.908704903095072
40495.13,0.902580837481908
40495.14,0.878478661881737
40495.15,0.85121451644539
40495.16,0.868056306239611
40495.17,0.856590479474206
40495.18,0.808730548671637
40495.19,0.785152309594843
40495.2,0.821831374205024
40495.21,0.762650096844594
40495.22,0.717095493915335
40495.23,0.725256341411807
40495.24,0.737214036491769
40495.25,0.735349242735023
40495.26,0.711690347836064
40495.27,0.73053636678801
40495.28,0.768073648112167
40495.29,0.772361284147957
40495.3,0.79825876993748
40495.31,0.804131399111167
40495.32,0.820354738707727
40495.33,0.815585196129225
40495.34,0.826598277763272
40495.35,0.834366553440789
40495.36,0.825578693292101
40495.37,0.799758983496401
40495.38,0.888335581292998
40495.39,0.857263640729901
40495.4,0.876241105815616
40495.41,0.871647569848779
40495.42,0.892107117056883
40495.43,0.908022801458829
40495.44,0.86220719289687
40495.45,0.85319306673913
40495.46,0.820407200004206
40495.47,0.824078315968944
40495.48,0.811438280393025
40495.49,0.794438035930703
40495.5,0.796990376658918
40495.51,0.806494244676342
40495.52,0.819892737331584
40495.53,0.817147597650048
40495.54,0.810497335131875
40495.55,0.819056820686654
40495.56,0.813931522338799
40495.57,0.82234603462019
40495.58,0.805015680798451
40495.59,0.801988173640992
40495.6,0.817939844545777
40495.61,0.844775824688362
40495.62,0.840138711315231
40495.63,0.856019816731862
40495.64,0.898800805107622
40495.65,0.918193099192744
40495.66,0.891218834174098
40495.67,0.844081705521647
40495.68,0.840599679065715
40495.69,0.829320589047434
40495.7,0.821256746590461
40495.71,0.813989837652799
40495.72,0.80230870594864
40495.73,0.824298785369977
40495.74,0.844143222597107
40495.75,0.843287601060068
40495.76,0.817096284200018
40495.77,0.838648441489459
40495.78,0.848589520736299
40495.79,0.824122637826901
40495.8,0.810014422264543
40495.81,0.824151264768699
40495.82,0.807085588871934
40495.83,0.761118149610705
40495.84,0.754031833580104
40495.85,0.74825532295204
40495.86,0.71689756758102
40495.87,0.742529954166725
40495.88,0.70788140115062
40495.89,0.71266220567715
40495.9,0.682416439717493
40495.91,0.687916276194104
40495.92,0.657305924550585
40495.93,0.626931369793603
40495.94,0.625525789572114
40495.95,0.612786045888264
40495.96,0.627391596774197
40495.97,0.62807501149359
40495.98,0.631900569932166
40495.99,0.623070913763901
40496,0.627622378977802
40496.01,0.640718438037471
40496.02,0.644668729654836
40496.03,0.646119608134782
40496.04,0.657509639506502
40496.05,0.665341818562788
40496.06,0.682520536680059
40496.07,0.689343589404607
40496.08,0.702209345400431
40496.09,0.700121614203083
40496.1,0.693614447232524
40496.11,0.681308818035024
40496.12,0.700708318758544
40496.13,0.714979425001946
40496.14,0.743030522169191
40496.15,0.727963771348257
40496.16,0.76091323867087
40496.17,0.741319704098534
40496.18,0.783935315814423
40496.19,0.828349055967616
40496.2,0.841953744476202
40496.21,0.809100037720401
40496.22,0.818713040460545
40496.23,0.8093513356631
40496.24,0.804167438835261
40496.25,0.8114134085633
40496.26,0.79456500221085
40496.27,0.831590261023941
40496.28,0.823219389374915
40496.29,0.778934054114028
40496.3,0.776112046522831
40496.31,0.766255594209022
40496.32,0.762324682495099
40496.33,0.741079147430463
40496.34,0.775007231717072
40496.35,0.790772947815033
40496.36,0.797874186935291
40496.37,0.777566843314365
40496.38,0.757029078569828
40496.39,0.813137590225096
40496.4,0.802155570820301
40496.41,0.778344000367985
40496.42,0.745968248276968
40496.43,0.758056930071288
40496.44,0.747962531722713
40496.45,0.781445616404047
40496.46,0.773610917479184
40496.47,0.776321206312103
40496.48,0.77913831082992
40496.49,0.737886227805639
40496.5,0.743534286669876
40496.51,0.776151677293081
40496.52,0.792731211024958
40496.53,0.80110872768073
40496.54,0.768975269201259
40496.55,0.781354044185451
40496.56,0.784277153978965
40496.57,0.800802143914337
40496.58,0.819545492702146
40496.59,0.782190074373751
40496.6,0.778986249402025
40496.61,0.823864731792621
40496.62,0.829576366531714
40496.63,0.830051101636803
40496.64,0.79826167016737
40496.65,0.822835606560916
40496.66,0.82385681073023
40496.67,0.83526975517945
40496.68,0.830005183102359
40496.69,0.837824006951717
40496.7,0.815794380707897
40496.71,0.819063397242643
40496.72,0.840939904986464
40496.73,0.799839331303435
40496.74,0.813252946525049
40496.75,0.778748841605233
40496.76,0.789378493850647
40496.77,0.81432080277783
40496.78,0.851382703486389
40496.79,0.885010485123697
40496.8,0.873138067736267
40496.81,0.8833378519496
40496.82,0.86374816866737
40496.83,0.879879575554195
40496.84,0.832998681075038
40496.85,0.821328614163496
40496.86,0.885346749217889
40496.87,0.892119998758203
40496.88,0.876220924052246
40496.89,0.861456862049713
40496.9,0.884247906169626
40496.91,0.878539300669661
40496.92,0.851912325577007
40496.93,0.859674470835253
40496.94,0.909171814910362
40496.95,0.882533644206355
40496.96,0.878775953417602
40496.97,0.868020941603614
40496.98,0.909470200638037
40496.99,0.976548168292077
40497,0.929289869874541
40497.01,0.872602882726316
40497.02,0.891061080593702
40497.03,0.890171147449498
40497.04,0.892065900822652
40497.05,0.887541199511355
40497.06,0.853386399246418
40497.07,0.879345055758581
40497.08,0.852184509258404
40497.09,0.857992166323264
40497.1,0.878461646319039
40497.11,0.865051925182907
40497.12,0.819614074175576
40497.13,0.829575954636585
40497.14,0.849242597750558
40497.15,0.808645159695342
40497.16,0.829857572702825
40497.17,0.806325137467334
40497.18,0.801483436066264
40497.19,0.852585719071317
40497.2,0.84324359617955
40497.21,0.823633284874014
40497.22,0.86019902655653
40497.23,0.805040966064111
40497.24,0.804851475631413
40497.25,0.776219702124299
40497.26,0.739686070660532
40497.27,0.750238509039588
40497.28,0.754421335331827
40497.29,0.742551463276485
40497.3,0.759146432865777
40497.31,0.720469027978063
40497.32,0.718492837746076
40497.33,0.71272376160579
40497.34,0.7333444723706
40497.35,0.71954529216741
40497.36,0.745252560496712
40497.37,0.786665123654104
40497.38,0.757877420284155
40497.39,0.763410902682433
40497.4,0.742894807654968
40497.41,0.735661046694339
40497.42,0.718658234338253
40497.43,0.728006293671836
40497.44,0.734494052959048
40497.45,0.710073990329963
40497.46,0.699309885209431
40497.47,0.699071422509555
40497.48,0.721567417748292
40497.49,0.721153230170488
40497.5,0.714580948866923
40497.51,0.721179774691622
40497.52,0.731026263747939
40497.53,0.742078268124568
40497.54,0.751066597412091
40497.55,0.780944441926566
40497.56,0.779629422647265
40497.57,0.790846844519285
40497.58,0.760085247452615
40497.59,0.771803223293621
40497.6,0.752212647415815
40497.61,0.748770855071694
40497.62,0.770693201475439
40497.63,0.784436464507896
40497.64,0.794763753318225
40497.65,0.812181373743745
40497.66,0.813105051606631
40497.67,0.843554363362665
40497.68,0.839809651152099
40497.69,0.828606332698501
40497.7,0.845127376034748
40497.71,0.829898956335913
40497.72,0.855166200278232
40497.73,0.846444459940123
40497.74,0.853824814086011
40497.75,0.842705028635871
40497.76,0.84135914018302
40497.77,0.811269875207126
40497.78,0.865686031400587
40497.79,0.852465597064337
40497.8,0.853108011397002
40497.81,0.857907996226963
40497.82,0.868310179535605
40497.83,0.864650287445372
40497.84,0.830194566693408
40497.85,0.82287094154231
40497.86,0.836349615983044
40497.87,0.802162171931753
40497.88,0.752444942645729
40497.89,0.761089675415425
40497.9,0.722502711294075
40497.91,0.719418143344851
40497.92,0.753291866908359
40497.93,0.724622928816476
40497.94,0.773681020434069
40497.95,0.797605477234474
40497.96,0.854935438647644
40497.97,0.841579036043568
40497.98,0.8348788909287
40497.99,0.882504702844327
40498,0.8697320093244
40498.01,0.872501094706242
40498.02,0.869239977789255
40498.03,0.842563236723675
40498.04,0.833530720664755
40498.05,0.86029687239794
40498.06,0.868535857955535
40498.07,0.928433310525373
40498.08,0.901292656702775
40498.09,0.887731613972333
40498.1,0.927187160039
40498.11,0.898948445176589
40498.12,0.903249714788665
40498.13,0.895180729295413
40498.14,0.908491237062019
40498.15,0.899888767181666
40498.16,0.917096327581774
40498.17,0.979428651708477
40498.18,0.995993609510481
40498.19,1.02129613640075
40498.2,1.0059720015454
40498.21,1.01324672559163
40498.22,1.03092369713193
40498.23,1.04287389156827
40498.24,1.10676194786724
40498.25,1.11806357788773
40498.26,1.09684841583486
40498.27,1.11121354217934
40498.28,1.06959016933789
40498.29,1.12851950170219
40498.3,1.14145130943114
40498.31,1.18240415624464
40498.32,1.15980661308702
40498.33,1.15060933695323
40498.34,1.15740258911297
40498.35,1.14981139687433
40498.36,1.12906207531588
40498.37,1.12610203152957
40498.38,1.09443373032657
40498.39,1.0670900977479
40498.4,1.05352856114831
40498.41,1.02889486192062
40498.42,1.04806153237562
40498.43,1.01444052597173
40498.44,1.01184837296332
40498.45,1.02398982710448
40498.46,1.03704139149403
40498.47,1.05003662672782
40498.48,1.03840880181163
40498.49,1.05368554229013
40498.5,1.01191070547049
40498.51,0.986484894587351
40498.52,1.03737088167692
40498.53,0.994856638908253
40498.54,0.955055657185188
40498.55,0.952210295811626
40498.56,0.917497161713401
40498.57,0.946525224796471
40498.58,0.953766732408295
40498.59,0.9726668560997
40498.6,0.99778056431901
40498.61,1.03968659082036
40498.62,1.04078782844167
40498.63,1.04978855595453
40498.64,1.00407933620456
40498.65,0.981443455860694
40498.66,0.991833001245305
40498.67,0.941527831666521
40498.68,0.91531506834541
40498.69,0.904942129908231
40498.7,0.935874230941039
40498.71,0.919640643066078
40498.72,0.902363024229715
40498.73,0.902276520296223
40498.74,0.91209568831153
40498.75,0.873212018684404
40498.76,0.824713824226335
40498.77,0.879965280289881
40498.78,0.915170868720736
40498.79,0.960085770765856
40498.8,0.940908786177384
40498.81,0.89545474305274
40498.82,0.919788629776873
40498.83,0.949653181676784
40498.84,0.968999169336616
40498.85,0.981779837119489
40498.86,0.948776888008774
40498.87,1.01395682328985
40498.88,0.967581809139783
40498.89,0.965507744183823
40498.9,0.977628021212685
40498.91,0.977440131335968
40498.92,1.00690723373045
40498.93,1.03177313064154
40498.94,1.02762445486804
40498.95,1.01702453646027
40498.96,0.975466462097998
40498.97,0.920773220654257
40498.98,0.94998667050407
40498.99,0.980418436947656
40499,0.985380200737604
40499.01,1.01031980723069
40499.02,1.07929276807841
40499.03,1.07873818665756
40499.04,1.15124322424959
40499.05,1.18659671690669
40499.06,1.18390290794863
40499.07,1.19643557385407
40499.08,1.16447844205788
40499.09,1.17928301070803
40499.1,1.17192592220912
40499.11,1.1118151555584
40499.12,1.07338577835494
40499.13,1.06344763041015
40499.14,1.0676135776625
40499.15,1.13390846820147
40499.16,1.12253293655323
40499.17,1.08729342894529
40499.18,1.06915497693263
40499.19,1.0729159165136
40499.2,1.10571448019419
40499.21,1.10743223250664
40499.22,1.10206299877128
40499.23,1.12298155928042
40499.24,1.10219957122256
40499.25,1.15525562107768
40499.26,1.12677750738322
40499.27,1.14015960404862
40499.28,1.1042940567392
40499.29,1.07717963136993
40499.3,1.04001919947641
40499.31,1.03610986142805
40499.32,1.06021222748561
40499.33,1.07083377551734
40499.34,1.07217036434914
40499.35,1.12969487445054
40499.36,1.15388675215656
40499.37,1.15350066558526
40499.38,1.11680851547731
40499.39,1.08697327762658
40499.4,1.09472878646417
40499.41,1.12021024618304
40499.42,1.07688830289174
40499.43,1.0893606255206
40499.44,1.09400525087337
40499.45,1.13021379713899
40499.46,1.13716316886202
40499.47,1.11326506636654
40499.48,1.13733122319996
40499.49,1.08902921396255
40499.5,1.08976894756732
40499.51,1.07056566568524
40499.52,1.10882176473566
40499.53,1.1104942989158
40499.54,1.0954080443165
40499.55,1.1348923572878
40499.56,1.14421284487867
40499.57,1.10851077916833
40499.58,1.06356409293952
40499.59,1.07078016604069
40499.6,1.02661426038988
40499.61,0.999543481259143
40499.62,1.03242524157569
40499.63,1.00962311245861
40499.64,1.07565807477836
40499.65,1.05774594594708
40499.66,1.04902882103803
40499.67,1.10086536811324
40499.68,1.07140816074921
40499.69,1.08087738169145
40499.7,1.07048737993384
40499.71,1.13229614276151
40499.72,1.16017198837944
40499.73,1.15726835918216
40499.74,1.15843507277755
40499.75,1.20879546420624
40499.76,1.22309454519192
40499.77,1.22035345234568
40499.78,1.21504783212697
40499.79,1.1493284758633
40499.8,1.08845074071516
40499.81,1.06991913658012
40499.82,1.03780836196118
40499.83,1.06012075718491
40499.84,1.14885506926146
40499.85,1.12546412657725
40499.86,1.13904264820526
40499.87,1.16403736138023
40499.88,1.15530223632833
40499.89,1.13362305187913
40499.9,1.08918035074295
40499.91,1.07992809317083
40499.92,1.06740098695216
40499.93,1.05370594182891
40499.94,1.05464635394073
40499.95,1.02754889706662
40499.96,1.00674724695476
40499.97,0.981210770931325
40499.98,1.01582692961948
40499.99,1.02913037050457
40500,1.02762621494785
40500.01,1.03314758114887
40500.02,1.06513240255561
40500.03,1.04180625187549
40500.04,1.0110143349441
40500.05,0.96411778248627
40500.06,0.927068235258676
40500.07,0.947789870613723
40500.08,0.926800524979304
40500.09,0.933436241294769
40500.1,0.940588158247713
40500.11,1.00388784198552
40500.12,0.976460673873455
40500.13,1.00366349718842
40500.14,0.975793768925607
40500.15,0.988113026723439
40500.16,0.976679499614337
40500.17,0.950825718564059
40500.18,0.953184254639938
40500.19,0.951455561888466
40500.2,0.946587702370475
40500.21,0.933048351915115
40500.22,0.943967877933667
40500.23,0.947389888545884
40500.24,0.907569221498032
40500.25,0.929245408949673
40500.26,0.909352147702605
40500.27,0.907388307959653
40500.28,0.92721492217883
40500.29,0.90064003285392
40500.3,0.902081446886812
40500.31,0.907376945757322
40500.32,0.917411099071586
40500.33,0.947181953511692
40500.34,0.946526191770283
40500.35,0.898577986374563
40500.36,0.939959561922198
40500.37,0.957182254589447
40500.38,0.968874582655716
40500.39,0.979296697210452
40500.4,1.01460293280561
40500.41,0.989023423716115
40500.42,0.993105984136512
40500.43,0.946823911833906
40500.44,0.946676476069993
40500.45,0.941034514818123
40500.46,0.945042942530058
40500.47,0.943889554004106
40500.48,0.912804552293685
40500.49,0.9512193657245
40500.5,0.939639769464338
40500.51,0.939291043751702
40500.52,0.947021955855615
40500.53,0.93429571795833
40500.54,0.865943772633168
40500.55,0.865019389734072
40500.56,0.827560447280416
40500.57,0.829566904182209
40500.58,0.826538487925638
40500.59,0.818008259793745
40500.6,0.802957553691804
40500.61,0.768444542844728
40500.62,0.784323659413256
40500.63,0.754294518156593
40500.64,0.808565668412364
40500.65,0.785090984797502
40500.66,0.776862618580146
40500.67,0.796059188525831
40500.68,0.812984092490357
40500.69,0.816624497691251
40500.7,0.828574050573871
40500.71,0.800000661797777
40500.72,0.774392313854086
40500.73,0.816309806769585
40500.74,0.825839015482703
40500.75,0.824618684454726
40500.76,0.82178722224171
40500.77,0.811716229948201
40500.78,0.780293423673893
40500.79,0.799779133060381
40500.8,0.76717323066025
40500.81,0.747791704971524
40500.82,0.788424643701979
40500.83,0.788816389077133
40500.84,0.834448348532488
40500.85,0.840335134393829
40500.86,0.833778678406623
40500.87,0.812687650136592
40500.88,0.793333833748549
40500.89,0.778594495304464
40500.9,0.76324526728097
40500.91,0.790112705357914
40500.92,0.788461513401504
40500.93,0.823689085307954
40500.94,0.811557292047464
40500.95,0.813254228419977
40500.96,0.814660286792833
40500.97,0.792997846224408
40500.98,0.788238687170604
40500.99,0.782860981483093
40501,0.806467153478018
40501.01,0.760452829767985
40501.02,0.782713893881542
40501.03,0.775939855044957
40501.04,0.759552033729805
40501.05,0.755345827471814
40501.06,0.769211523565752
40501.07,0.805838166395323
40501.08,0.776454740642576
40501.09,0.768889987730866
40501.1,0.754096486925417
40501.11,0.757352117970384
40501.12,0.742361004300368
40501.13,0.761592495082618
40501.14,0.738986877833089
40501.15,0.754992471412963
40501.16,0.746206842820807
40501.17,0.731482625612198
40501.18,0.694794090100112
40501.19,0.727761851102561
40501.2,0.744419449872499
40501.21,0.725540108447932
40501.22,0.704390982578258
40501.23,0.707597055608295
40501.24,0.710009074957521
40501.25,0.747723801881967
40501.26,0.727957288017012
40501.27,0.76967358886066
40501.28,0.768568013934273
40501.29,0.80136774031238
40501.3,0.825480881920997
40501.31,0.823301307368474
40501.32,0.83164515012393
40501.33,0.897168696649612
40501.34,0.945777189245488
40501.35,0.959204237573026
40501.36,0.95695094690659
40501.37,0.967888269958921
40501.38,0.931988768286146
40501.39,0.87738469956103
40501.4,0.887437779972009
40501.41,0.931092421597117
40501.42,0.948362606722497
40501.43,0.94051377181224
40501.44,0.909707541068508
40501.45,0.921294828522239
40501.46,0.932727345690412
40501.47,0.925321990309538
40501.48,0.947515541543786
40501.49,0.924355588910021
40501.5,0.935971645388551
40501.51,0.949120813427403
40501.52,0.917657779164283
40501.53,0.924528064860213
40501.54,0.899736343037095
40501.55,0.92509585281316
40501.56,0.962449340470813
40501.57,0.921785233768682
40501.58,0.930105403460869
40501.59,0.937375223947787
40501.6,0.967269335108181
40501.61,0.9922920915767
40501.62,1.01899578962568
40501.63,1.01007204537657
40501.64,0.978944161541619
40501.65,1.00856666147068
40501.66,0.999170614077912
40501.67,0.970592678807797
40501.68,0.939595605574267
40501.69,0.926669620875339
40501.7,0.917142840272053
40501.71,0.89536994539955
40501.72,0.914216307886311
40501.73,0.894772321102585
40501.74,0.914911058883286
40501.75,0.922630368388073
40501.76,0.925507478705137
40501.77,0.923469121293023
40501.78,0.95175382135371
40501.79,0.957492184277605
40501.8,0.926042594964749
40501.81,0.929192458722909
40501.82,0.927423687285885
40501.83,0.912674206401466
40501.84,0.957627422263442
40501.85,0.959726742687712
40501.86,0.969069005367289
40501.87,0.97320440103911
40501.88,0.952100238836328
40501.89,0.955737521063266
40501.9,0.905337232428984
40501.91,0.913255201546191
40501.92,0.922372129691275
40501.93,0.957183121592827
40501.94,0.926175028370615
40501.95,0.878945883766616
40501.96,0.93130462282792
40501.97,0.911140030999399
40501.98,0.901941903280515
40501.99,0.890995119540118
40502,0.901327574699502
40502.01,0.915607980248322
40502.02,0.9350667500134
40502.03,0.944746092863892
40502.04,0.916910939645891
40502.05,0.921677292370814
40502.06,0.939922754094319
40502.07,0.894734344000159
40502.08,0.919511382048325
40502.09,0.901567069691778
40502.1,0.942664323632254
40502.11,0.900256725966307
40502.12,0.915402962063573
40502.13,0.895034716904027
40502.14,0.838877288702522
40502.15,0.82690683219937
40502.16,0.803405196763135
40502.17,0.794219018999697
40502.18,0.78025998340307
40502.19,0.782032761791121
40502.2,0.793503867089285
40502.21,0.829057516974688
40502.22,0.835134074437345
40502.23,0.867630040693794
40502.24,0.875863221713726
40502.25,0.86558626827673
40502.26,0.865435441751105
40502.27,0.829626162527327
40502.28,0.824070940750892
40502.29,0.854937692382486
40502.3,0.84455669471748
40502.31,0.827880092875783
40502.32,0.834454593483084
40502.33,0.846671020224931
40502.34,0.904744216232328
40502.35,0.912226906283314
40502.36,0.883725564968353
40502.37,0.90353901062667
40502.38,0.962571803348449
40502.39,0.927699450826978
40502.4,0.980520646461605
40502.41,0.910201629678119
40502.42,0.892299619950888
40502.43,0.891264984248341
40502.44,0.852921563846137
40502.45,0.834725337842895
40502.46,0.839624351956158
40502.47,0.859109634795185
40502.48,0.845925022665076
40502.49,0.896222077207893
40502.5,0.875270810586353
40502.51,0.831466682974808
40502.52,0.850348328155657
40502.53,0.835723078966755
40502.54,0.868925169182687
40502.55,0.913218453821011
40502.56,0.899710131115771
40502.57,0.897988981880574
40502.58,0.881307042597714
40502.59,0.846192210531798
40502.6,0.902007952559608
40502.61,0.926719625473141
40502.62,0.936961181407282
40502.63,0.960358765085143
40502.64,0.968217359479553
40502.65,0.937299323024287
40502.66,0.890813532972978
40502.67,0.918090152362161
40502.68,0.965493430534413
40502.69,0.952949949143341
40502.7,0.942623642859188
40502.71,0.969667021084231
40502.72,0.991626799732558
40502.73,0.965806955184702
40502.74,0.96575251120053
40502.75,0.946799652745852
40502.76,0.889138274873872
40502.77,0.860475016062729
40502.78,0.839216249918975
40502.79,0.840672495716542
40502.8,0.812581029067971
40502.81,0.815532226051696
40502.82,0.817853396890742
40502.83,0.821407977012434
40502.84,0.791381119842768
40502.85,0.777295850574766
40502.86,0.779239353165945
40502.87,0.777282476326024
40502.88,0.788777656664467
40502.89,0.784338311699326
40502.9,0.753056883156994
40502.91,0.776407479001686
40502.92,0.771660245986083
40502.93,0.766995832116874
40502.94,0.761880005275716
40502.95,0.775815980697989
40502.96,0.782643549625526
40502.97,0.795404800709283
40502.98,0.78452407418099
40502.99,0.805258297103178
40503,0.796339089023257
40503.01,0.800298315929361
40503.02,0.826243853748287
40503.03,0.823074780151799
40503.04,0.835080710145157
40503.05,0.827644124777247
40503.06,0.846083219322677
40503.07,0.816996440295834
40503.08,0.799351495767172
40503.09,0.795557550784066
40503.1,0.801873137980726
40503.11,0.771023269047071
40503.12,0.743793623712224
40503.13,0.710847838477846
40503.14,0.703759677988948
40503.15,0.73509896821503
40503.16,0.756554950937251
40503.17,0.764681684182878
40503.18,0.765386399502679
40503.19,0.77147445972583
40503.2,0.78424481676043
40503.21,0.797702688995429
40503.22,0.839069796675105
40503.23,0.804929261584505
40503.24,0.808685827604248
40503.25,0.833910634114287
40503.26,0.867533180115065
40503.27,0.869499922621555
40503.28,0.910168024032129
40503.29,0.918476758822618
40503.3,0.931736062241446
40503.31,0.942858491533189
40503.32,0.95606670682387
40503.33,0.94246007319063
40503.34,1.00079230362995
40503.35,0.991725103344624
40503.36,1.04947045252297
40503.37,1.02574940991986
40503.38,0.99789377314633
40503.39,1.00208849273633
40503.4,0.99766494173069
40503.41,1.03521750209827
40503.42,1.03738077850861
40503.43,1.03695193698698
40503.44,1.04432179433103
40503.45,1.03127680889436
40503.46,1.00972564274513
40503.47,1.0394555899562
40503.48,1.00504615138565
40503.49,0.978969453137216
40503.5,0.903867511356675
40503.51,0.900378461850868
40503.52,0.907256090496495
40503.53,0.93159945605935
40503.54,0.909148908772844
40503.55,0.918578470295264
40503.56,0.893720631493489
40503.57,0.907560266859264
40503.58,0.92235620530283
40503.59,0.924782100933973
40503.6,0.877625570887566
40503.61,0.892680114360418
40503.62,0.876804479315916
40503.63,0.88858331625555
40503.64,0.84895699965499
40503.65,0.905616976407857
40503.66,0.897044867616724
40503.67,0.886987458588492
40503.68,0.884735808827217
40503.69,0.872209321265721
40503.7,0.899646366342065
40503.71,0.931761564088806
40503.72,0.960934049965802
40503.73,0.959900196163308
40503.74,0.971378065048874
40503.75,0.945348903084418
40503.76,0.951571820232348
40503.77,0.956698832688184
40503.78,0.928886593439021
40503.79,0.895902352721228
40503.8,0.914319437335454
40503.81,0.938107531410642
40503.82,0.944268637039959
40503.83,0.982502813149528
40503.84,0.963304356426592
40503.85,0.969092427516508
40503.86,0.959085789123975
40503.87,0.925198687365539
40503.88,0.885103065655846
40503.89,0.886011957417247
40503.9,0.833384120506564
40503.91,0.837834396546758
40503.92,0.888341680065933
40503.93,0.879017388275337
40503.94,0.897501650255893
40503.95,0.916077027748178
40503.96,0.932403288191458
40503.97,0.889330522775998
40503.98,0.916864983671769
40503.99,0.922056610914097
40504,0.963156625942398
40504.01,0.986451667518641
40504.02,0.989897583575506
40504.03,0.981442131600586
40504.04,0.917226782039285
40504.05,0.885910314602338
40504.06,0.843500048295337
40504.07,0.850096056041057
40504.08,0.883986969036163
40504.09,0.912817334874381
40504.1,0.94244819821538
40504.11,0.933117626182545
40504.12,0.896927111804206
40504.13,0.873090128643489
40504.14,0.880988274372454
40504.15,0.857520663680999
40504.16,0.851531294195553
40504.17,0.83425391310938
40504.18,0.867303398041279
40504.19,0.928127656526188
40504.2,0.911786256146259
40504.21,0.894269009589184
40504.22,0.883696182610942
40504.23,0.90277305789387
40504.24,0.861365176537684
40504.25,0.903682956219711
40504.26,0.904461468207779
40504.27,0.947237947295657
40504.28,0.969453398502824
40504.29,1.02212683587446
40504.3,1.07137512839653
40504.31,1.08711339810079
40504.32,1.07830632462329
40504.33,1.14877733629052
40504.34,1.1466532043356
40504.35,1.13270261543304
40504.36,1.17519491799373
40504.37,1.13751219477731
40504.38,1.07040916317391
40504.39,1.07024364101565
40504.4,1.07947880853332
40504.41,1.06894430175419
40504.42,1.09514982938271
40504.43,1.10861482109627
40504.44,1.11566791726433
40504.45,1.07259250169448
40504.46,0.996798044298518
40504.47,0.988136061185184
40504.48,0.982944235474701
40504.49,0.948400635031426
40504.5,0.98696328650786
40504.51,1.02939582591189
40504.52,1.04633408775349
40504.53,1.00411526322897
40504.54,0.992110417401804
40504.55,0.988208368835097
40504.56,0.962609152354436
40504.57,0.976178894914351
40504.58,0.952934244315787
40504.59,0.941204053544901
40504.6,0.905307762151702
40504.61,0.905996003346061
40504.62,0.948984808287719
40504.63,0.962681844260655
40504.64,0.963705140716954
40504.65,0.961141257299335
40504.66,0.930636694848615
40504.67,0.934011571954007
40504.68,0.919797136093472
40504.69,0.862224401743976
40504.7,0.835444230093359
40504.71,0.831325220188599
40504.72,0.883556516319664
40504.73,0.836412976379557
40504.74,0.813882490565454
40504.75,0.825083924353829
40504.76,0.861547660365826
40504.77,0.81097619640039
40504.78,0.812573375142023
40504.79,0.804796785538399
40504.8,0.806720264952504
40504.81,0.804164133806437
40504.82,0.80074892590058
40504.83,0.811963365463445
40504.84,0.816256220774666
40504.85,0.771590645883645
40504.86,0.766080890009653
40504.87,0.736461882002987
40504.88,0.75635868916844
40504.89,0.763491314481843
40504.9,0.775421005463759
40504.91,0.786199960363515
40504.92,0.808310609087093
40504.93,0.7948444485339
40504.94,0.810228827627116
40504.95,0.796882445044076
40504.96,0.790760060815643
40504.97,0.803048198921689
40504.98,0.699769943640721
40504.99,0.700455883565054
40505,0.686904370184764
40505.01,0.738035226985306
40505.02,0.745187628748244
40505.03,0.725971989689432
40505.04,0.730585479429347
40505.05,0.731787337400255
40505.06,0.744278463865595
40505.07,0.756459611530493
40505.08,0.728618999511203
40505.09,0.720906057312807
40505.1,0.731616161405406
40505.11,0.727018087878691
40505.12,0.728302075777414
40505.13,0.722075893921179
40505.14,0.743712508865624
40505.15,0.7588167215525
40505.16,0.785322227142811
40505.17,0.823447970530995
40505.18,0.822995584440782
40505.19,0.821857986587619
40505.2,0.816426498155276
40505.21,0.823944824421346
40505.22,0.831486208816894
40505.23,0.847357217873169
40505.24,0.853915061431428
40505.25,0.822252733388111
40505.26,0.853582935228272
40505.27,0.7935613682504
40505.28,0.794018090489215
40505.29,0.760274424004502
40505.3,0.744462657079564
40505.31,0.752846212256582
40505.32,0.775583987326298
40505.33,0.796373684907464
40505.34,0.795758535802687
40505.35,0.794353643219231
40505.36,0.844319242239011
40505.37,0.820361233264983
40505.38,0.828200828838044
40505.39,0.82982758122705
40505.4,0.812416898199336
40505.41,0.815262448214582
40505.42,0.800210217632429
40505.43,0.818901532247682
40505.44,0.822925384366837
40505.45,0.825251915597215
40505.46,0.831900715343893
40505.47,0.873092633389245
40505.48,0.863569168638488
40505.49,0.831995619150655
40505.5,0.831994333666093
40505.51,0.835675381220367
40505.52,0.806343350682418
40505.53,0.822733387327397
40505.54,0.831148858976979
40505.55,0.830291499255163
40505.56,0.856201412088963
40505.57,0.892738636104232
40505.58,0.885508026090561
40505.59,0.874405068001643
40505.6,0.877232608890148
40505.61,0.865298562839675
40505.62,0.858070278794048
40505.63,0.858302664408878
40505.64,0.877512629729733
40505.65,0.853948839913521
40505.66,0.850797609091337
40505.67,0.815115656389126
40505.68,0.81090302723189
40505.69,0.826489604054327
40505.7,0.82709771521171
40505.71,0.836130114846892
40505.72,0.864480877270728
40505.73,0.875060638429458
40505.74,0.866811620409634
40505.75,0.896448188097791
40505.76,0.942971479429781
40505.77,0.957484462360077
40505.78,0.929325160076288
40505.79,0.887997155686383
40505.8,0.85151433961182
40505.81,0.825131894915988
40505.82,0.799023111977281
40505.83,0.818567211351256
40505.84,0.786363645512496
40505.85,0.826708881469262
40505.86,0.851188590958392
40505.87,0.884334899519697
40505.88,0.842400565143814
40505.89,0.833243952723663
40505.9,0.816371248245178
40505.91,0.81485063860657
40505.92,0.828602925350075
40505.93,0.85384740638545
40505.94,0.864508172452132
40505.95,0.847036430682725
40505.96,0.837740150416871
40505.97,0.827883618292996
40505.98,0.790039794398973
40505.99,0.811155763173326
40506,0.841506229037568
40506.01,0.838998161500812
40506.02,0.844286309301141
40506.03,0.807865402664276
40506.04,0.783433351522542
40506.05,0.774120591246679
40506.06,0.804400549896287
40506.07,0.817549702319996
40506.08,0.784668874418193
40506.09,0.812035180563232
40506.1,0.794429273421787
40506.11,0.799097595127184
40506.12,0.823075102712111
40506.13,0.81885667582346
40506.14,0.830338761936278
40506.15,0.843958929073639
40506.16,0.882972627514752
40506.17,0.886276345220641
40506.18,0.885336923753516
40506.19,0.870005230687934
40506.2,0.895626222488379
40506.21,0.893543619868438
40506.22,0.865506332379816
40506.23,0.852696394505403
40506.24,0.922018502659933
40506.25,0.907641974175848
40506.26,0.888508197021193
40506.27,0.936086911323014
40506.28,0.968208466879209
40506.29,0.981010501527732
40506.3,0.96871510354556
40506.31,0.99370401273475
40506.32,1.00104280786237
40506.33,0.986191891350856
40506.34,1.00892605942394
40506.35,0.963395050693241
40506.36,0.90802887457848
40506.37,0.93549204303391
40506.38,0.954281325044713
40506.39,0.957615359109808
40506.4,0.911116704889258
40506.41,0.919201958308338
40506.42,0.892155972825942
40506.43,0.928242152671182
40506.44,0.925100086394934
40506.45,0.918687579392685
40506.46,0.928752186590522
40506.47,0.898056217025604
40506.48,0.874843731693039
40506.49,0.894044448705091
40506.5,0.929347831551067
40506.51,0.945896611104555
40506.52,0.972333809576397
40506.53,0.941885955764472
40506.54,0.936893219046398
40506.55,0.9561556503293
40506.56,0.932440999239772
40506.57,0.935082014874213
40506.58,0.976727052962882
40506.59,0.949746550608433
40506.6,0.9732049035962
40506.61,1.01685333985368
40506.62,1.00402902186309
40506.63,1.01941092957005
40506.64,1.03061349041679
40506.65,1.02395816393961
40506.66,0.957084223489706
40506.67,0.963654312584506
40506.68,0.931243725197015
40506.69,0.959275433725535
40506.7,0.887025264541444
40506.71,0.907686702315196
40506.72,0.909814773410738
40506.73,0.882895310495891
40506.74,0.902635251794281
40506.75,0.887546996280074
40506.76,0.901191731882936
40506.77,0.913363615285818
40506.78,0.936127388008948
40506.79,0.957504437033915
40506.8,0.938281967877932
40506.81,0.926065939366611
40506.82,0.935079962261138
40506.83,0.928914534060135
40506.84,0.885834921085647
40506.85,0.912629214113012
40506.86,0.883604699221723
40506.87,0.884670027052872
40506.88,0.848586009500767
40506.89,0.866758024822214
40506.9,0.829391284511339
40506.91,0.836483667351578
40506.92,0.846731937908101
40506.93,0.839784647786975
40506.94,0.805430118069628
40506.95,0.811072205950907
40506.96,0.796462099379515
40506.97,0.803219927385257
40506.98,0.843923175585019
40506.99,0.844458849522576
40507,0.841789225791863
40507.01,0.858661631388662
40507.02,0.856185730564559
40507.03,0.8719838746966
40507.04,0.832966506328846
40507.05,0.857218271812345
40507.06,0.860177111747768
40507.07,0.863665269613508
40507.08,0.880686527444101
40507.09,0.882515522675036
40507.1,0.887651146296343
40507.11,0.943601773231905
40507.12,0.97553068989282
40507.13,0.953465173064799
40507.14,0.959804766418816
40507.15,0.94203063774693
40507.16,0.98535077041158
40507.17,1.00636751646434
40507.18,1.03734579637699
40507.19,1.03146458242037
40507.2,1.04847405881412
40507.21,1.08398284063631
40507.22,1.10216763739315
40507.23,1.09119323674799
40507.24,1.06148506669473
40507.25,1.0470465887322
40507.26,1.02108432765239
40507.27,1.02155002491957
40507.28,0.952848479278017
40507.29,0.946133257758948
40507.3,0.968441978217133
40507.31,0.97872504855522
40507.32,0.996077934421605
40507.33,0.949933940068449
40507.34,0.918316913156775
40507.35,0.922757879243034
40507.36,0.94017162196608
40507.37,0.932178878319247
40507.38,0.917132973014403
40507.39,0.89713461311449
40507.4,0.915325395992046
40507.41,0.960550108613214
40507.42,0.98001056493297
40507.43,0.952525337141769
40507.44,0.907758979005669
40507.45,0.88107602015432
40507.46,0.877927944943885
40507.47,0.906283083032325
40507.48,0.884338585751535
40507.49,0.874201618558585
40507.5,0.836573264818352
40507.51,0.897617143408184
40507.52,0.931942399733863
40507.53,0.905973136976966
40507.54,0.900238152125735
40507.55,0.930216905957819
40507.56,0.925332704022722
40507.57,0.920783001780393
40507.58,0.938285502549133
40507.59,0.912584855730044
40507.6,0.908154147059071
40507.61,0.920666065934051
40507.62,0.961022170390164
40507.63,0.957497866082877
40507.64,0.987945257968034
40507.65,0.964467144104058
40507.66,0.96732365756111
40507.67,0.979547257390486
40507.68,0.980439585988019
40507.69,0.943813988059497
40507.7,0.942583057027528
40507.71,1.05130636635396
40507.72,1.06347915021974
40507.73,1.03667080860827
40507.74,1.11605191783095
40507.75,1.11279957216244
40507.76,1.04675598794679
40507.77,1.02100083398038
40507.78,1.06403228722291
40507.79,1.06266497118861
40507.8,1.05588033657461
40507.81,1.02517522395798
40507.82,1.03138328469234
40507.83,1.00919388865928
40507.84,0.979540913834086
40507.85,0.960460517631396
40507.86,0.976524485372577
40507.87,0.990076754488182
40507.88,0.98213697914001
40507.89,0.959668270093621
40507.9,0.943185496164448
40507.91,0.952748491499927
40507.92,0.962449014224498
40507.93,0.953953458016564
40507.94,0.959820313807062
40507.95,0.961664897414052
40507.96,0.938972028247152
40507.97,0.884561653952754
40507.98,0.893760016470439
40507.99,0.922694749673797
40508,0.870772323862748
40508.01,0.863811051854303
40508.02,0.8540721352338
40508.03,0.879265973918537
40508.04,0.884874917916599
40508.05,0.857139818719313
40508.06,0.8599181170968
40508.07,0.863366594981685
40508.08,0.839036746041268
40508.09,0.868652809859049
40508.1,0.876618631903852
40508.11,0.829175298043274
40508.12,0.840296002310365
40508.13,0.821344035209742
40508.14,0.803827248251796
40508.15,0.804976505804024
40508.16,0.849669563456767
40508.17,0.87734828397668
40508.18,0.858241993264939
40508.19,0.829906551821073
40508.2,0.834989106498005
40508.21,0.805767165005139
40508.22,0.832534732861114
40508.23,0.868200737927115
40508.24,0.810076570142539
40508.25,0.809527718470582
40508.26,0.797002668717283
40508.27,0.786268064514661
40508.28,0.79497950337164
40508.29,0.761085312558859
40508.3,0.76503588092329
40508.31,0.766561188324517
40508.32,0.77449126515896
40508.33,0.763936668912109
40508.34,0.789386681400338
40508.35,0.807895180694266
40508.36,0.770682003075342
40508.37,0.779542385053449
40508.38,0.798711936135098
40508.39,0.811138684664463
40508.4,0.795141083049195
40508.41,0.795061992977292
40508.42,0.770722330297819
40508.43,0.775785860141957
40508.44,0.796801300406131
40508.45,0.808593745232398
40508.46,0.822108522456282
40508.47,0.818684683418622
40508.48,0.856803814278015
40508.49,0.810513069296137
40508.5,0.780132801517274
40508.51,0.785803476662207
40508.52,0.759557443608898
40508.53,0.749299733244789
40508.54,0.773793762361453
40508.55,0.770521419842576
40508.56,0.807835617396852
40508.57,0.787363760347369
40508.58,0.741795167004892
40508.59,0.719019814268362
40508.6,0.726432492457979
40508.61,0.666063268959882
40508.62,0.65473874416453
40508.63,0.667992807167782
40508.64,0.668435914617089
40508.65,0.67149830777383
40508.66,0.676105450543077
40508.67,0.699722191660385
40508.68,0.712592135252408
40508.69,0.691313295304908
40508.7,0.716887505880862
40508.71,0.708218749323463
40508.72,0.734056229821257
40508.73,0.702123503506456
40508.74,0.695959632038604
40508.75,0.699112823118921
40508.76,0.714197048947468
40508.77,0.72797029105822
40508.78,0.7202687937393
40508.79,0.691046076258671
40508.8,0.696939514835933
40508.81,0.726672582754533
40508.82,0.741144235165632
40508.83,0.766763295873743
40508.84,0.773892565401384
40508.85,0.76944488684026
40508.86,0.787839732353703
40508.87,0.799296743675854
40508.88,0.829376542233985
40508.89,0.794654052523072
40508.9,0.858357469779411
40508.91,0.892722483979343
40508.92,0.910528030031306
40508.93,0.927252681964578
40508.94,0.961089561345535
40508.95,0.943696326137562
40508.96,0.899618542822634
40508.97,0.880191840165805
40508.98,0.847216741823199
40508.99,0.868380874183886
40509,0.895077532288894
40509.01,0.883739702464489
40509.02,0.890870817652267
40509.03,0.875512149316427
40509.04,0.844586452295718
40509.05,0.844406168988435
40509.06,0.859563728949305
40509.07,0.832355791404609
40509.08,0.792439785659583
40509.09,0.783101750772782
40509.1,0.796830125609799
40509.11,0.785803702498444
40509.12,0.785127318161643
40509.13,0.83126607353116
40509.14,0.819140553217767
40509.15,0.818163618892541
40509.16,0.808961231416963
40509.17,0.784754185475456
40509.18,0.76592317185863
40509.19,0.80485493302656
40509.2,0.798251393361452
40509.21,0.821815576992981
40509.22,0.832971888107653
40509.23,0.813347407127823
40509.24,0.831844231497541
40509.25,0.833929567633935
40509.26,0.816364679623002
40509.27,0.800661579320425
40509.28,0.785376210712813
40509.29,0.815839130088304
40509.3,0.850583046757035
40509.31,0.922773315158471
40509.32,0.896732185685971
40509.33,0.861004035232405
40509.34,0.868105943119833
40509.35,0.899656593642319
40509.36,0.910053003943985
40509.37,0.86874793053199
40509.38,0.880851673011732
40509.39,0.877959416375373
40509.4,0.903123851368656
40509.41,0.846875201407686
40509.42,0.842627301460082
40509.43,0.859162578953222
40509.44,0.832224145485619
40509.45,0.81035321202979
40509.46,0.817388026703443
40509.47,0.777799311377472
40509.48,0.775369947397866
40509.49,0.757809329191471
40509.5,0.785035776306699
40509.51,0.791489580717929
40509.52,0.838972768601843
40509.53,0.849840680963164
40509.54,0.881706134401454
40509.55,0.907390702783483
40509.56,0.920370754436833
40509.57,0.884605308154673
40509.58,0.859797135226733
40509.59,0.813115065831041
40509.6,0.811010164617941
40509.61,0.845722340048138
40509.62,0.822857546683026
40509.63,0.841260428071277
40509.64,0.862569885174609
40509.65,0.848951627460886
40509.66,0.822938597089918
40509.67,0.789294343102079
40509.68,0.763287927588222
40509.69,0.811635490746941
40509.7,0.814012404431548
40509.71,0.780410168919926
40509.72,0.779887311184504
40509.73,0.774230139151491
40509.74,0.757392466689864
40509.75,0.75801833463361
40509.76,0.768678872567454
40509.77,0.743403804525235
40509.78,0.742934435944312
40509.79,0.757155619430338
40509.8,0.788873850909706
40509.81,0.756598801717731
40509.82,0.771260322489481
40509.83,0.753735878493158
40509.84,0.770874172518226
40509.85,0.790097868749132
40509.86,0.750495080096232
40509.87,0.764358280785286
40509.88,0.772542656132123
40509.89,0.793979827690118
40509.9,0.783012627291595
40509.91,0.830628545515645
40509.92,0.84425334521385
40509.93,0.856872970615362
40509.94,0.85204118245427
40509.95,0.852721513754433
40509.96,0.871455655674863
40509.97,0.900419345560322
40509.98,0.948242328087108
40509.99,1.0096474800612
40510,0.98783806846215
40510.01,0.969835841385869
40510.02,0.953447302063074
40510.03,0.953269522567948
40510.04,0.956953311573514
40510.05,0.94114168590232
40510.06,0.879045065872224
40510.07,0.899534135289002
40510.08,0.856900401319829
40510.09,0.852367535531547
40510.1,0.856350669030301
40510.11,0.860712025639509
40510.12,0.858023243413368
40510.13,0.852270705963092
40510.14,0.888111745572402
40510.15,0.868997262719265
40510.16,0.843962440109645
40510.17,0.875922708899382
40510.18,0.844750300213303
40510.19,0.849477351464909
40510.2,0.844011217675686
40510.21,0.844319399496219
40510.22,0.825799963730494
40510.23,0.825388121921551
40510.24,0.823954216497817
40510.25,0.815149792601784
40510.26,0.799119424362106
40510.27,0.791822685950207
40510.28,0.806648204464188
40510.29,0.820610482346254
40510.3,0.815911898971577
40510.31,0.842360374476698
40510.32,0.82167541781095
40510.33,0.828515611135441
40510.34,0.843317813469039
40510.35,0.845278593293982
40510.36,0.848722654812659
40510.37,0.847168414726932
40510.38,0.845187691726929
40510.39,0.840781581428863
40510.4,0.809962916999964
40510.41,0.814282494806615
40510.42,0.820637045581509
40510.43,0.823621025409929
40510.44,0.835868514545382
40510.45,0.825703442957319
40510.46,0.815384789978845
40510.47,0.808798128294069
40510.48,0.776354807732641
40510.49,0.750686563072525
40510.5,0.764204595579068
40510.51,0.807673981232086
40510.52,0.782528382170222
40510.53,0.79964494611976
40510.54,0.814485647683974
40510.55,0.856516238781372
40510.56,0.857565559978768
40510.57,0.867254844196671
40510.58,0.841408695679952
40510.59,0.847512098528095
40510.6,0.832413485809089
40510.61,0.798071709988065
40510.62,0.839318120563378
40510.63,0.835736897866792
40510.64,0.826499670600402
40510.65,0.856665998961445
40510.66,0.859548031209268
40510.67,0.838519200142506
40510.68,0.814054445401141
40510.69,0.814081817643422
40510.7,0.841297627613582
40510.71,0.813637982432303
40510.72,0.834526094264689
40510.73,0.846398346108576
40510.74,0.828203415122455
40510.75,0.808119854470832
40510.76,0.809930028005249
40510.77,0.835355740530499
40510.78,0.788521083442475
40510.79,0.772725454879419
40510.8,0.765231470074481
40510.81,0.74629239806096
40510.82,0.742888874980664
40510.83,0.728937021997843
40510.84,0.712359639408523
40510.85,0.712417112385294
40510.86,0.7065746672436
40510.87,0.694275004066445
40510.88,0.708494036640631
40510.89,0.735808542019223
40510.9,0.735218143650822
40510.91,0.729235953739459
40510.92,0.745484890708248
40510.93,0.754360048846406
40510.94,0.742844399376229
40510.95,0.728889598980368
40510.96,0.724227298831627
40510.97,0.707083736970763
40510.98,0.708688440629799
40510.99,0.719123851225673
40511,0.708089366860203
40511.01,0.729540651681776
40511.02,0.777087255037076
40511.03,0.799796846497841
40511.04,0.784026658872818
40511.05,0.791525109285867
40511.06,0.82053789491439
40511.07,0.851259613416666
40511.08,0.850060894744328
40511.09,0.892344661733274
40511.1,0.880806391056511
40511.11,0.911270836349621
40511.12,0.903248195038372
40511.13,0.89934515828604
40511.14,0.937086005186919
40511.15,0.918190445982843
40511.16,0.897731230817715
40511.17,0.87082535255193
40511.18,0.914240394849215
40511.19,0.860155060680876
40511.2,0.880490760475926
40511.21,0.837942617222431
40511.22,0.846305394027755
40511.23,0.808170841821457
40511.24,0.859576491190925
40511.25,0.849619143595139
40511.26,0.855735133249566
40511.27,0.819564597190787
40511.28,0.826851004900431
40511.29,0.847890854976151
40511.3,0.848334886892053
40511.31,0.867511698588173
40511.32,0.891522781785077
40511.33,0.899123471865896
40511.34,0.890194963967809
40511.35,0.899614425022989
40511.36,0.922325477517734
40511.37,0.929414133430742
40511.38,0.922627610271457
40511.39,0.882780957163852
40511.4,0.894762225741401
40511.41,0.924755745891243
40511.42,0.973099154418099
40511.43,0.953105746725214
40511.44,0.95481671240474
40511.45,0.904343597115605
40511.46,0.898176236467726
40511.47,0.906007029684884
40511.48,0.858783198053417
40511.49,0.826790559584799
40511.5,0.831094965735016
40511.51,0.793562549820047
40511.52,0.767446090976886
40511.53,0.728015556488503
40511.54,0.757329381706462
40511.55,0.754148445253667
40511.56,0.764274638657117
40511.57,0.742546669683404
40511.58,0.765093593913427
40511.59,0.779328096553883
40511.6,0.73209733292393
40511.61,0.733784754256188
40511.62,0.747164970334926
40511.63,0.724940455729838
40511.64,0.759773162728996
40511.65,0.766944065361262
40511.66,0.763857727635536
40511.67,0.770338447971205
40511.68,0.769556270311637
40511.69,0.808222648915515
40511.7,0.783853251956074
40511.71,0.820144693929083
40511.72,0.796516661175703
40511.73,0.802197297718471
40511.74,0.815970687008083
40511.75,0.78572676358799
40511.76,0.795285997200905
40511.77,0.803344041817436
40511.78,0.78674105369949
40511.79,0.769805410928713
40511.8,0.773799051412216
40511.81,0.802078205662296
40511.82,0.7890480617515
40511.83,0.788178283387151
40511.84,0.772413294149029
40511.85,0.770019580436993
40511.86,0.778653808207876
40511.87,0.791329258953695
40511.88,0.786223876661778
40511.89,0.823338776536364
40511.9,0.830994312010294
40511.91,0.879214002565429
40511.92,0.881572125338197
40511.93,0.883624793774257
40511.94,0.89762765190929
40511.95,0.856743578235099
40511.96,0.864537373325754
40511.97,0.814416491863957
40511.98,0.807308856492114
40511.99,0.806111395238446
40512,0.784769896813959
40512.01,0.813114107039032
40512.02,0.835779394598556
40512.03,0.847992809405807
40512.04,0.859231508833165
40512.05,0.84033038906545
40512.06,0.858134727960713
40512.07,0.848927369025669
40512.08,0.858947795200338
40512.09,0.841248952823305
40512.1,0.847961180713446
40512.11,0.836338647022717
40512.12,0.875406793967169
40512.13,0.853893097446477
40512.14,0.865549697433258
40512.15,0.835177576691143
40512.16,0.817963822314036
40512.17,0.863468277043854
40512.18,0.806676607526142
40512.19,0.792467661963386
40512.2,0.800950928994443
40512.21,0.783503686857019
40512.22,0.786140370265034
40512.23,0.821439517730972
40512.24,0.818067743672237
40512.25,0.815172358730855
40512.26,0.80574618470729
40512.27,0.788046383753805
40512.28,0.796353837521731
40512.29,0.792473763441586
40512.3,0.740071976305556
40512.31,0.765550357805625
40512.32,0.767607635151938
40512.33,0.748171270917818
40512.34,0.771831414406907
40512.35,0.755437170021798
40512.36,0.711708965759737
40512.37,0.707250310290439
40512.38,0.722885077885983
40512.39,0.724385971229647
40512.4,0.717226193700096
40512.41,0.713082789907476
40512.42,0.738598200833882
40512.43,0.715226677441714
40512.44,0.696335931098757
40512.45,0.688827374457381
40512.46,0.677978360590513
40512.47,0.708153425545303
40512.48,0.73406178604775
40512.49,0.760836327557475
40512.5,0.776742518031954
40512.51,0.720998377332121
40512.52,0.72288896734928
40512.53,0.714818068352229
40512.54,0.7499055920596
40512.55,0.746020863968032
40512.56,0.791836156140885
40512.57,0.859268474592977
40512.58,0.84033326648142
40512.59,0.838742494904163
40512.6,0.87008222194409
40512.61,0.846367364958789
40512.62,0.822109833753747
40512.63,0.778654494879019
40512.64,0.745975236236132
40512.65,0.76784360330238
40512.66,0.771889478688447
40512.67,0.772462837771605
40512.68,0.772916582492076
40512.69,0.771717906005631
40512.7,0.792652537183375
40512.71,0.799507863320148
40512.72,0.765523442364841
40512.73,0.744964092273534
40512.74,0.810832263169158
40512.75,0.84893234270618
40512.76,0.839770695429043
40512.77,0.797451051050174
40512.78,0.769203719879646
40512.79,0.810315127992332
40512.8,0.83810359541871
40512.81,0.825424203609578
40512.82,0.832330451347384
40512.83,0.820360941650404
40512.84,0.824804302549822
40512.85,0.815085751895736
40512.86,0.781067467367997
40512.87,0.800710158945535
40512.88,0.760859671825378
40512.89,0.749411386492879
40512.9,0.746725753162092
40512.91,0.709100738250043
40512.92,0.712605185958432
40512.93,0.708056545408449
40512.94,0.695189178605608
40512.95,0.713542382975424
40512.96,0.711283590897524
40512.97,0.725225204687248
40512.98,0.737856720044578
40512.99,0.733789039770852
40513,0.739711932304471
40513.01,0.719315072489626
40513.02,0.745128754388748
40513.03,0.752696774059643
40513.04,0.786293385194419
40513.05,0.767940025800416
40513.06,0.778891270579178
40513.07,0.797779249028667
40513.08,0.828589871524496
40513.09,0.860684967387742
40513.1,0.864481848291918
40513.11,0.868882419662301
40513.12,0.802054899981163
40513.13,0.805492479605704
40513.14,0.792699204564845
40513.15,0.773441055164713
40513.16,0.762983668415351
40513.17,0.754462488472767
40513.18,0.740862210230413
40513.19,0.777741605348391
40513.2,0.79133383874415
40513.21,0.8205370529353
40513.22,0.844389589691869
40513.23,0.862054915143945
40513.24,0.877093769890474
40513.25,0.88885509900161
40513.26,0.93384665545657
40513.27,0.959012361924348
40513.28,0.971342198260066
40513.29,0.987637928668701
40513.3,1.0284845626446
40513.31,1.03636225960029
40513.32,1.05517891398737
40513.33,1.05294209362638
40513.34,1.09791283635973
40513.35,1.04008716326321
40513.36,1.07171894530607
40513.37,1.07869120125624
40513.38,1.05851698729907
40513.39,1.10663746173949
40513.4,1.09058870319748
40513.41,1.16270759063835
40513.42,1.1320160211164
40513.43,1.17087481764836
40513.44,1.17389889897151
40513.45,1.21266260207312
40513.46,1.19860863268918
40513.47,1.2440380371819
40513.48,1.24531960200335
40513.49,1.19380163353051
40513.5,1.14017816350676
40513.51,1.12648153205563
40513.52,1.14088165938752
40513.53,1.10643098531052
40513.54,1.10562314388536
40513.55,1.06832857899248
40513.56,1.05076856936974
40513.57,1.03682268479772
40513.58,1.04928438104859
40513.59,1.03841057010663
40513.6,1.05758673165431
40513.61,1.03408736652421
40513.62,1.00628913018057
40513.63,1.0075536111738
40513.64,1.01984822670614
40513.65,0.990648282321224
40513.66,0.983442424496846
40513.67,0.985448706520264
40513.68,0.998008321212359
40513.69,1.01877183593956
40513.7,1.01757325796257
40513.71,0.978049588346456
40513.72,0.974149704882019
40513.73,1.01142735391622
40513.74,1.03417810738401
40513.75,1.06861396722749
40513.76,1.03397223284098
40513.77,1.00196392502503
40513.78,1.00956581330851
40513.79,1.01118240654761
40513.8,1.08833010787386
40513.81,1.01711965801947
40513.82,0.967965129013063
40513.83,0.945528684698616
40513.84,0.955179937264521
40513.85,0.961738884643334
40513.86,0.950197027881211
40513.87,0.98610245494864
40513.88,0.980457127175375
40513.89,0.979277801625637
40513.9,0.976104251831688
40513.91,0.992031756898517
40513.92,1.00189021859924
40513.93,1.01239155026547
40513.94,0.972245249575188
40513.95,0.942452586103487
40513.96,0.970279431344917
40513.97,0.989927853147361
40513.98,1.02716449181402
40513.99,1.08780258383566
40514,1.0344327559193
40514.01,1.03497735042337
40514.02,1.07198393360637
40514.03,1.08445415351942
40514.04,1.11528453295659
40514.05,1.07858699350894
40514.06,1.07459126905007
40514.07,1.03662035509934
40514.08,1.05350936539615
40514.09,1.05308958325662
40514.1,1.03118959910852
40514.11,1.05675221643477
40514.12,1.05059206200142
40514.13,1.03667127985648
40514.14,1.05048614562728
40514.15,1.02244336875513
40514.16,0.977291886427325
40514.17,0.957927440490725
40514.18,0.939407807811684
40514.19,0.92143754146235
40514.2,0.876456731891378
40514.21,0.831861535497195
40514.22,0.826173992946476
40514.23,0.815207861745096
40514.24,0.831534404133829
40514.25,0.865345635357698
40514.26,0.841248446242077
40514.27,0.839596866588336
40514.28,0.851289706412091
40514.29,0.862720232370916
40514.3,0.838848693649095
40514.31,0.839921245555064
40514.32,0.854773457508411
40514.33,0.887334839659858
40514.34,0.89215686995263
40514.35,0.848386381968035
40514.36,0.876578658929971
40514.37,0.91720031251588
40514.38,0.95813755724214
40514.39,0.92251239914223
40514.4,0.921463700082161
40514.41,0.908205425301967
40514.42,0.90799369656688
40514.43,0.924663115201142
40514.44,0.903920363932133
40514.45,0.906610955645256
40514.46,0.895135508473167
40514.47,0.880829518213678
40514.48,0.91670281730557
40514.49,0.930769318780038
40514.5,0.899522556831758
40514.51,0.915378172833273
40514.52,0.924135489871637
40514.53,0.962418720530711
40514.54,0.970823631141617
40514.55,0.946652817085374
40514.56,0.982632929491387
40514.57,0.997310301340026
40514.58,0.999414064959692
40514.59,0.95657790041988
40514.6,0.939034578228683
40514.61,0.944819445103408
40514.62,0.914189324866123
40514.63,0.875349933529415
40514.64,0.826402393155585
40514.65,0.835957967260054
40514.66,0.831934508882185
40514.67,0.828361047814959
40514.68,0.847501326546026
40514.69,0.858945006007689
40514.7,0.870947382341203
40514.71,0.892637689778548
40514.72,0.918073086190978
40514.73,0.95512484758955
40514.74,0.972213501662263
40514.75,0.952804124303712
40514.76,0.985499153116755
40514.77,0.977034338902185
40514.78,0.987399622258821
40514.79,0.975344428607656
40514.8,0.985614696682732
40514.81,0.981725768599817
40514.82,0.97268120534743
40514.83,1.03905638797985
40514.84,1.01492552071268
40514.85,0.97684473094579
40514.86,0.986272299824154
40514.87,0.958126717554166
40514.88,0.937971698593476
40514.89,0.928542393573686
40514.9,0.875342167085646
40514.91,0.914922801457717
40514.92,0.934106930609601
40514.93,0.915795675923975
40514.94,0.895577550041069
40514.95,0.896628277862835
40514.96,0.910294034804415
40514.97,0.923041616899315
40514.98,0.935034077533939
40514.99,0.973739710004015
40515,0.923632153438902
40515.01,0.897411482681957
40515.02,0.908490999214875
40515.03,0.902429471811679
40515.04,0.863344746017461
40515.05,0.857925637905821
40515.06,0.837106573721829
40515.07,0.883476765600908
40515.08,0.936791406410256
40515.09,0.937870908659642
40515.1,0.947761515553225
40515.11,0.93290260097975
40515.12,0.937859106729406
40515.13,0.944002695684792
40515.14,0.909517437561154
40515.15,0.949434549751817
40515.16,0.894003263385341
40515.17,0.906266807633272
40515.18,0.942638118882075
40515.19,0.995540540560389
40515.2,0.983798692521424
40515.21,0.972489269470205
40515.22,0.984626234528215
40515.23,0.940654813162844
40515.24,0.948085161133858
40515.25,0.906463356041466
40515.26,0.892618135223019
40515.27,0.949031569319446
40515.28,0.94113633774762
40515.29,0.930949908040363
40515.3,0.900523676944099
40515.31,0.922582273899559
40515.32,0.9058044928202
40515.33,0.914726782562898
40515.34,0.884606469319275
40515.35,0.876571643811905
40515.36,0.884781969948539
40515.37,0.848393561843063
40515.38,0.878262491456768
40515.39,0.904690060565787
40515.4,0.906116648437396
40515.41,0.912241493472326
40515.42,0.911006297611581
40515.43,0.928280086530071
40515.44,0.922452627438489
40515.45,0.954126261074481
40515.46,0.93521039587302
40515.47,0.934254658282348
40515.48,0.961547581457863
40515.49,0.945979799491794
40515.5,0.879572485504341
40515.51,0.825326968304303
40515.52,0.826444609378637
40515.53,0.827536233603687
40515.54,0.820488208159302
40515.55,0.829975880238095
40515.56,0.864543763374577
40515.57,0.876645622505713
40515.58,0.859379735599485
40515.59,0.849143459504733
40515.6,0.835843017476395
40515.61,0.840004797535904
40515.62,0.844910235145636
40515.63,0.845728597696003
40515.64,0.871523016516625
40515.65,0.89695383852478
40515.66,0.890592266692975
40515.67,0.901590284679624
40515.68,0.942582689456741
40515.69,0.958711539600643
40515.7,0.987782958092286
40515.71,0.99179735202944
40515.72,0.964466523086323
40515.73,0.969902658007944
40515.74,0.9478566188021
40515.75,1.00603569209038
40515.76,0.99734967645881
40515.77,0.960043932129365
40515.78,0.989357303007097
40515.79,1.0351030477057
40515.8,1.08192210522194
40515.81,1.07246954643961
40515.82,0.989800392630233
40515.83,0.97899902568428
40515.84,0.955263832598466
40515.85,0.954313846037022
40515.86,0.935928994807541
40515.87,0.963949112938125
40515.88,0.988756592870782
40515.89,0.945952897763464
40515.9,0.976967607028448
40515.91,0.989888995230588
40515.92,0.989664106535398
40515.93,1.03493754028547
40515.94,1.05752184254804
40515.95,1.03633863228414
40515.96,0.999514371736059
40515.97,1.01303047969323
40515.98,1.00767993967333
40515.99,1.00704376625617
40516,1.04831650613876
40516.01,1.10795782848237
40516.02,1.09700690939572
40516.03,1.13729083218481
40516.04,1.12403479516071
40516.05,1.10541010684812
40516.06,1.07166207580996
40516.07,1.06043836813612
40516.08,1.13440566255751
40516.09,1.18758242209194
40516.1,1.15296668032979
40516.11,1.14515591811215
40516.12,1.13297552275252
40516.13,1.12230256622375
40516.14,1.13824851075254
40516.15,1.09868960810509
40516.16,1.11910643721533
40516.17,1.06189985387115
40516.18,1.09123035298678
40516.19,1.09243387176664
40516.2,1.02785810035708
40516.21,1.03331038036311
40516.22,1.07676345338823
40516.23,1.06451501305476
40516.24,1.07188387259839
40516.25,1.0281012695075
40516.26,1.02735422075213
40516.27,0.998216722086049
40516.28,0.983645908091744
40516.29,0.958227829258784
40516.3,0.99893502183578
40516.31,1.04319697596687
40516.32,1.00487014033947
40516.33,1.00918758884418
40516.34,0.954648866661764
40516.35,0.946996438415282
40516.36,0.923773731029287
40516.37,0.863320838079009
40516.38,0.849286453434733
40516.39,0.811210998409569
40516.4,0.793913260296304
40516.41,0.760192545574232
40516.42,0.774476338625008
40516.43,0.81558408658834
40516.44,0.79707856608927
40516.45,0.82346839235945
40516.46,0.812986291922825
40516.47,0.806954037101576
40516.48,0.834480340994703
40516.49,0.854675022562892
40516.5,0.849037254481319
40516.51,0.836511622189151
40516.52,0.852362639561376
40516.53,0.928317587949286
40516.54,0.901970357226608
40516.55,0.915458974721598
40516.56,0.929612457514295
40516.57,0.957474278741105
40516.58,0.940416558507358
40516.59,0.945761544688624
40516.6,0.978160619304333
40516.61,0.940588071384524
40516.62,0.956711126935241
40516.63,0.916223200654471
40516.64,0.965207591501674
40516.65,0.953260804463997
40516.66,0.986641594824369
40516.67,1.00964390135449
40516.68,1.01059237868438
40516.69,1.02259644721108
40516.7,1.0604246655635
40516.71,1.02189471895829
40516.72,1.06548657981067
40516.73,1.07313276998465
40516.74,1.08021833389798
40516.75,1.12315593977163
40516.76,1.1204686912476
40516.77,1.07610801151349
40516.78,1.05787800254172
40516.79,1.00325007021213
40516.8,1.0243911873426
40516.81,0.957041495567464
40516.82,0.973864038974504
40516.83,0.968851396689443
40516.84,0.97263649759151
40516.85,0.932667070606147
40516.86,0.929548372222923
40516.87,0.917387095664859
40516.88,0.911159478293815
40516.89,0.957368352190597
40516.9,0.955212486757262
40516.91,0.945591781895
40516.92,0.9453598555739
40516.93,0.970976763921696
40516.94,0.990022869257029
40516.95,1.00901966758083
40516.96,1.00809698769131
40516.97,1.02250960989441
40516.98,1.01667279734196
40516.99,1.0116020860336
40517,0.971167332158517
40517.01,0.995068381877396
40517.02,0.995693225762899
40517.03,1.03308299668511
40517.04,1.01690291567535
40517.05,0.990269098321801
40517.06,0.982485080965513
40517.07,1.00391508061312
40517.08,1.01423418071429
40517.09,1.00106112380571
40517.1,0.955733692781706
40517.11,0.919773856721619
40517.12,0.921689032883429
40517.13,0.894557523585117
40517.14,0.899709722069898
40517.15,0.92066572165856
40517.16,0.92940540104276
40517.17,0.947456130792489
40517.18,1.00336721070766
40517.19,0.995879151957628
40517.2,1.00192267889318
40517.21,0.970550040141552
40517.22,1.03350075092372
40517.23,1.04695419637704
40517.24,1.0204210750159
40517.25,1.04284471454349
40517.26,1.06410788730513
40517.27,1.05719652229665
40517.28,1.07605976115468
40517.29,1.10901485959789
40517.3,1.11818134214996
40517.31,1.08798250693827
40517.32,1.06460338450061
40517.33,1.051434657637
40517.34,1.00784434905067
40517.35,0.982899480999612
40517.36,1.02745893011626
40517.37,1.01444300776159
40517.38,1.01009089548391
40517.39,0.975854705184218
40517.4,0.957462229181964
40517.41,0.945942956080745
40517.42,0.948250132722175
40517.43,0.942567112289467
40517.44,0.918774939497176
40517.45,0.896362278751839
40517.46,0.89815410929085
40517.47,0.906699099902251
40517.48,0.931488194462945
40517.49,0.910595465531952
40517.5,0.908947046970715
40517.51,0.914092472231049
40517.52,0.893155357029963
40517.53,0.888286122182903
40517.54,0.910369216915387
40517.55,0.884448892021223
40517.56,0.908024968928302
40517.57,0.932145183034998
40517.58,0.920183239867862
40517.59,0.906978555357568
40517.6,0.913728116515065
40517.61,0.888132206803986
40517.62,0.930853622589239
40517.63,0.950721644877519
40517.64,0.930156656624401
40517.65,0.962071139316135
40517.66,0.919902472131282
40517.67,0.914149357876358
40517.68,0.95607034956114
40517.69,0.931954499326029
40517.7,0.951595109039878
40517.71,0.951524123319704
40517.72,0.926903062806947
40517.73,0.933190347176675
40517.74,0.992329645971977
40517.75,0.991900893597678
40517.76,0.973416475430061
40517.77,0.958653782450138
40517.78,0.994618082095196
40517.79,0.979292381044009
40517.8,0.959822587399568
40517.81,0.945962186668795
40517.82,0.951113879834048
40517.83,0.958828909210003
40517.84,0.989881856478588
40517.85,0.989153449661447
40517.86,1.00472127413424
40517.87,0.991209463210425
40517.88,0.952105541835124
40517.89,0.949432179796009
40517.9,0.946054308033774
40517.91,0.961174524412546
40517.92,0.941127215186618
40517.93,0.959968397154354
40517.94,0.962352086066379
40517.95,0.979376211290511
40517.96,0.995705641219431
40517.97,0.983701889389343
40517.98,0.971068579349457
40517.99,0.927720362804132
40518,0.925738645925843
40518.01,0.895342661799675
40518.02,0.887014312135415
40518.03,0.918347411181241
40518.04,0.922961035884962
40518.05,0.901556365766428
40518.06,0.857837337612108
40518.07,0.872920077541199
40518.08,0.83523060288214
40518.09,0.833174838113496
40518.1,0.859097765226122
40518.11,0.847021941412547
40518.12,0.909095985527381
40518.13,0.891804320874947
40518.14,0.901975681627565
40518.15,0.906961979999943
40518.16,0.938297351156048
40518.17,0.960017703149383
40518.18,0.972034649291034
40518.19,0.957463058499114
40518.2,0.971025557250802
40518.21,0.983498384080782
40518.22,1.00036276706217
40518.23,1.05881660099495
40518.24,1.05864897420424
40518.25,0.989880447641246
40518.26,0.969418545818945
40518.27,0.964112636785122
40518.28,0.925670160427386
40518.29,0.9341222511294
40518.3,0.893203168713483
40518.31,0.866208719363388
40518.32,0.90661436155044
40518.33,0.94323791376369
40518.34,0.899487943494577
40518.35,0.895081892393502
40518.36,0.889007961639673
40518.37,0.889108549080451
40518.38,0.818543931245063
40518.39,0.825870927625988
40518.4,0.82190159715481
40518.41,0.838076964287912
40518.42,0.858585063406846
40518.43,0.923274850182165
40518.44,0.966513451380196
40518.45,0.961497859886566
40518.46,0.975601141432027
40518.47,1.03818221165645
40518.48,1.05046894162078
40518.49,1.01707488089645
40518.5,0.962874711273434
40518.51,0.979162636544164
40518.52,1.00556421624575
40518.53,0.986231648801559
40518.54,1.00059289808204
40518.55,0.975221849327525
40518.56,0.95041863453882
40518.57,0.933791770952134
40518.58,0.928465191274173
40518.59,0.943855288882617
40518.6,0.922449786046906
40518.61,0.894947004207715
40518.62,0.876694883903963
40518.63,0.876437906417188
40518.64,0.891873147426934
40518.65,0.908147377597254
40518.66,0.946144417370126
40518.67,0.962597319857497
40518.68,1.00072397118105
40518.69,1.00882088655528
40518.7,1.01846885724632
40518.71,0.990463736035983
40518.72,1.02236960813221
40518.73,1.02964597110121
40518.74,1.00938390350918
40518.75,1.00007833440243
40518.76,1.00402725369472
40518.77,0.994274024718682
40518.78,1.01346178178723
40518.79,0.975859526547494
40518.8,0.984934470496924
40518.81,0.988295970979448
40518.82,0.975936132432901
40518.83,0.987258012309604
40518.84,0.998885031367166
40518.85,0.986059036103051
40518.86,0.981509401771466
40518.87,1.02982856994246
40518.88,1.06864746926488
40518.89,1.02993828317423
40518.9,1.01911227723759
40518.91,1.02691542654964
40518.92,1.03834449297021
40518.93,0.993349506771608
40518.94,1.00132114064133
40518.95,1.01985780768317
40518.96,1.01653075921717
40518.97,1.00808706459351
40518.98,0.97564421725734
40518.99,0.968697352074009
40519,0.963862361108866
40519.01,0.977780358575589
40519.02,0.968927130966484
40519.03,0.9901070552176
40519.04,0.96236532558859
40519.05,0.941383159911629
40519.06,0.929641836263522
40519.07,0.883537754277737
40519.08,0.900858636493811
40519.09,0.921897522328589
40519.1,0.89621183179664
40519.11,0.873930027575795
40519.12,0.866434320704527
40519.13,0.903950571728561
40519.14,0.949980122201973
40519.15,0.954841264599234
40519.16,0.957833771776183
40519.17,0.982776419969851
40519.18,0.961616896712284
40519.19,0.904693907999328
40519.2,0.916744908705572
40519.21,0.91977972439398
40519.22,0.930205002509231
40519.23,0.878996591717145
40519.24,0.886681661503494
40519.25,0.909026730691267
40519.26,0.909854100235283
40519.27,0.899790134448732
40519.28,0.890502523879095
40519.29,0.857871761032053
40519.3,0.910349284713881
40519.31,0.866325071375313
40519.32,0.87576806780619
40519.33,0.862453127630974
40519.34,0.866026498076181
40519.35,0.83323429400422
40519.36,0.838169075027673
40519.37,0.866156314602712
40519.38,0.862963291268738
40519.39,0.844162503489493
40519.4,0.851984503912812
40519.41,0.81549199902783
40519.42,0.822487403354433
40519.43,0.833216494651299
40519.44,0.822137331026278
40519.45,0.811556967927982
40519.46,0.817489422965264
40519.47,0.796158527940935
40519.48,0.779050476337191
40519.49,0.802568195206305
40519.5,0.807954999448016
40519.51,0.817676008297551
40519.52,0.819862450123007
40519.53,0.802049231375724
40519.54,0.815565742141103
40519.55,0.821917749881973
40519.56,0.779696597489069
40519.57,0.80054919571102
40519.58,0.828983805206557
40519.59,0.861649802104043
40519.6,0.846321235168899
40519.61,0.8334995216266
40519.62,0.872044677256023
40519.63,0.887886340649464
40519.64,0.859173570184616
40519.65,0.834159856019463
40519.66,0.815714050762909
40519.67,0.892043508891012
40519.68,0.88305573068463
40519.69,0.880684691978638
40519.7,0.906237805523904
40519.71,0.922819378068434
40519.72,0.908010412194721
40519.73,0.859255358657687
40519.74,0.857058390376545
40519.75,0.868050398807175
40519.76,0.864395595270223
40519.77,0.843545152080369
40519.78,0.830012161537921
40519.79,0.843029135943299
40519.8,0.829124142118746
40519.81,0.829077007882079
40519.82,0.848321033934497
40519.83,0.875791336881037
40519.84,0.877169125898328
40519.85,0.898406050106335
40519.86,0.924800517489635
40519.87,0.909609923261924
40519.88,0.917159035304723
40519.89,0.903825085746553
40519.9,0.906234720490942
40519.91,0.935699109556553
40519.92,0.865892757311897
40519.93,0.854717778271046
40519.94,0.879984488099968
40519.95,0.889739548439624
40519.96,0.836857322923254
40519.97,0.844671990231953
40519.98,0.857526252784647
40519.99,0.857869582959277
40520,0.84503275096236
40520.01,0.858365360992473
40520.02,0.860608119351674
40520.03,0.885959518807124
40520.04,0.886646089772554
40520.05,0.885203681355154
40520.06,0.898229682812337
40520.07,0.915419750402215
40520.08,0.883264434071713
40520.09,0.887085766443175
40520.1,0.849453468566597
40520.11,0.830626678255829
40520.12,0.865131308277167
40520.13,0.867403990939739
40520.14,0.894547042449143
40520.15,0.918577931140846
40520.16,0.954788460032711
40520.17,0.981490705351949
40520.18,0.951853040022526
40520.19,0.949305628724522
40520.2,0.90161142579732
40520.21,0.891612055233932
40520.22,0.879205456587741
40520.23,0.867589119774042
40520.24,0.870719803387379
40520.25,0.868003671560135
40520.26,0.840798398934195
40520.27,0.846581421875339
40520.28,0.847629662675081
40520.29,0.81491011600998
40520.3,0.806287514037323
40520.31,0.806290758500072
40520.32,0.817015038178409
40520.33,0.804758598635115
40520.34,0.809007733738702
40520.35,0.760108964278807
40520.36,0.735791538655254
40520.37,0.745208675063767
40520.38,0.74770960355104
40520.39,0.73538136861464
40520.4,0.705209823403965
40520.41,0.726113559737473
40520.42,0.749224232333715
40520.43,0.751379334374493
40520.44,0.749824381772029
40520.45,0.742910535382061
40520.46,0.752245330493873
40520.47,0.734351630260453
40520.48,0.775592440560159
40520.49,0.78319680551085
40520.5,0.761330480919786
40520.51,0.786751065141514
40520.52,0.780026678124311
40520.53,0.835585635070978
40520.54,0.844355999546991
40520.55,0.829226750312662
40520.56,0.878796697509171
40520.57,0.880465602202246
40520.58,0.868441432433433
40520.59,0.907133305129574
40520.6,0.883580865931389
40520.61,0.929233151069566
40520.62,0.981742329919594
40520.63,0.97082954792048
40520.64,0.948240125669149
40520.65,0.938627499173779
40520.66,0.90615845399703
40520.67,0.910182875158407
40520.68,0.945884389547759
40520.69,1.00934131334516
40520.7,0.98641062298456
40520.71,0.994579354696876
40520.72,1.01133345288512
40520.73,1.01325614278972
40520.74,0.969164931632782
40520.75,0.983767088410369
40520.76,0.996612024530283
40520.77,0.997774669456495
40520.78,0.929142494083648
40520.79,0.938131283930775
40520.8,0.9532530259343
40520.81,0.959621986587671
40520.82,0.985190635450805
40520.83,0.98678744221765
40520.84,1.02318772492487
40520.85,1.06159872092515
40520.86,1.03792438587004
40520.87,1.04059349696831
40520.88,1.04891762299493
40520.89,1.0115241449326
40520.9,0.986634665351929
40520.91,0.952526936439604
40520.92,0.966807227502807
40520.93,1.00709137147513
40520.94,1.00289174465902
40520.95,0.986180093161337
40520.96,0.981839743599459
40520.97,0.980152008669153
40520.98,0.963716728344983
40520.99,0.961532606888078
40521,0.916700997355031
40521.01,0.886543528236056
40521.02,0.888630713868078
40521.03,0.88536754025078
40521.04,0.903148447385184
40521.05,0.84521613015114
40521.06,0.845585722293501
40521.07,0.847475069661934
40521.08,0.885185008841802
40521.09,0.812465535596809
40521.1,0.845765853541652
40521.11,0.873987199080869
40521.12,0.891052259336283
40521.13,0.906987488159584
40521.14,0.91473871473845
40521.15,0.909524303941871
40521.16,0.884961748120379
40521.17,0.8944073136271
40521.18,0.903449498329752
40521.19,0.897546493293497
40521.2,0.876143651626392
40521.21,0.888360602616171
40521.22,0.84765942894826
40521.23,0.856173689493649
40521.24,0.876696405824902
40521.25,0.875219793451084
40521.26,0.84607215005124
40521.27,0.829773389748608
40521.28,0.866228541835547
40521.29,0.864690331172089
40521.3,0.862619292839145
40521.31,0.859522994896054
40521.32,0.888303334154621
40521.33,0.888072169880523
40521.34,0.900166790885839
40521.35,0.872313222196147
40521.36,0.849591669127848
40521.37,0.819992742480648
40521.38,0.812311266944154
40521.39,0.848352666986308
40521.4,0.877418810804856
40521.41,0.861982730328416
40521.42,0.860363224890024
40521.43,0.850615281531479
40521.44,0.862630751850358
40521.45,0.86037824164629
40521.46,0.888262790555297
40521.47,0.898149352028865
40521.48,0.904134040117849
40521.49,0.880194934178538
40521.5,0.928162760518179
40521.51,0.908899094125806
40521.52,0.913046855784468
40521.53,0.905076156669859
40521.54,0.928858640845754
40521.55,0.91344611341245
40521.56,0.928620781882627
40521.57,0.936378695039571
40521.58,0.921773759091769
40521.59,0.894002287373528
40521.6,0.946648822173565
40521.61,0.946998742351271
40521.62,0.983098253504488
40521.63,1.00781481009018
40521.64,1.0077950328469
40521.65,1.04769327913954
40521.66,1.10101714674913
40521.67,1.12799731384098
40521.68,1.14357037652294
40521.69,1.12123430083671
40521.7,1.06743791353061
40521.71,1.01621661247037
40521.72,1.00328759535866
40521.73,0.97339058720526
40521.74,0.916664029221578
40521.75,0.901308117944937
40521.76,0.91479210489891
40521.77,0.878290022998415
40521.78,0.832417743627293
40521.79,0.83313161486192
40521.8,0.815233020622116
40521.81,0.817896310651079
40521.82,0.819069674288856
40521.83,0.828699043725693
40521.84,0.809556252632814
40521.85,0.802487202214711
40521.86,0.781665640572572
40521.87,0.798735815791221
40521.88,0.781340260966947
40521.89,0.792907129327293
40521.9,0.77171124600842
40521.91,0.780955685280587
40521.92,0.756870456289119
40521.93,0.776011210844318
40521.94,0.770602194060403
40521.95,0.741501994205557
40521.96,0.763027361868509
40521.97,0.799642062043904
40521.98,0.80223514271326
40521.99,0.807678851457223
40522,0.807726162051659
40522.01,0.738761136485809
40522.02,0.682677862215827
40522.03,0.71100865526764
40522.04,0.66510082065664
40522.05,0.630781010028062
40522.06,0.650759534251034
40522.07,0.655158169529266
40522.08,0.656117515282458
40522.09,0.6795639639897
40522.1,0.680207088488762
40522.11,0.670554567941478
40522.12,0.678014721793617
40522.13,0.688900222438516
40522.14,0.690294186472938
40522.15,0.72182389930983
40522.16,0.714263299058036
40522.17,0.718702698203784
40522.18,0.690377934652937
40522.19,0.717788480844466
40522.2,0.73444188353936
40522.21,0.743095168123611
40522.22,0.760688481242888
40522.23,0.759664810077129
40522.24,0.769221627565536
40522.25,0.787949192479961
40522.26,0.79240467082909
40522.27,0.787441498814975
40522.28,0.804560018730219
40522.29,0.820559021572981
40522.3,0.801899755836388
40522.31,0.779771557918267
40522.32,0.791495827638618
40522.33,0.784258836673574
40522.34,0.798048785738435
40522.35,0.828957834697117
40522.36,0.819480131891298
40522.37,0.790322717099722
40522.38,0.8206667302631
40522.39,0.804411090030862
40522.4,0.808220350757487
40522.41,0.811956754018034
40522.42,0.824420059198149
40522.43,0.855186872538311
40522.44,0.836809850107623
40522.45,0.848287594943457
40522.46,0.804794082737391
40522.47,0.811670761264952
40522.48,0.82966903899456
40522.49,0.802606244472133
40522.5,0.813443242032473
40522.51,0.780798343086499
40522.52,0.77020282670988
40522.53,0.795679827603961
40522.54,0.773402598757746
40522.55,0.761899988375211
40522.56,0.776176893209087
40522.57,0.768781581583003
40522.58,0.740440320873181
40522.59,0.753702985072557
40522.6,0.766864478882718
40522.61,0.786029949497704
40522.62,0.762921300810096
40522.63,0.789557383535761
40522.64,0.756396599012307
40522.65,0.759924910559312
40522.66,0.764971491418116
40522.67,0.758291236514571
40522.68,0.776128211996877
40522.69,0.747386827236977
40522.7,0.733897339663744
40522.71,0.682513241321839
40522.72,0.710904952435902
40522.73,0.71258729474411
40522.74,0.722599692482679
40522.75,0.787818464376124
40522.76,0.787075277703706
40522.77,0.754399181675538
40522.78,0.755182153703577
40522.79,0.757824977064302
40522.8,0.752796119667557
40522.81,0.757111178055731
40522.82,0.722614525438879
40522.83,0.729611456127872
40522.84,0.743319860558809
40522.85,0.741491292802159
40522.86,0.75886429907791
40522.87,0.804171326658353
40522.88,0.774233975587255
40522.89,0.744751771750727
40522.9,0.749565637917711
40522.91,0.761553571498308
40522.92,0.760254095827735
40522.93,0.767704782575777
40522.94,0.761026835186607
40522.95,0.736606983065049
40522.96,0.74793086588225
40522.97,0.783999935289299
40522.98,0.773785307616059
40522.99,0.813766868984353
40523,0.777649822212665
40523.01,0.801450239028326
40523.02,0.796369315467576
40523.03,0.799303341060013
40523.04,0.782835493487545
40523.05,0.793251096195051
40523.06,0.80671989128333
40523.07,0.824841260583739
40523.08,0.818354002398548
40523.09,0.812020800108561
40523.1,0.799142213368771
40523.11,0.799561444338552
40523.12,0.803333986957088
40523.13,0.785293203962334
40523.14,0.786413761163743
40523.15,0.803318026267223
40523.16,0.801936277929325
40523.17,0.853837464488337
40523.18,0.871508123065323
40523.19,0.85870123128472
40523.2,0.839576144128506
40523.21,0.865820642299669
40523.22,0.913038705841965
40523.23,0.868009124904403
40523.24,0.892305238347932
40523.25,0.913181617180739
40523.26,0.89918640121861
40523.27,0.923228302225387
40523.28,0.952343046257323
40523.29,0.963097988958996
40523.3,0.951742187806822
40523.31,0.944544989890153
40523.32,0.925574050687331
40523.33,0.894523170185148
40523.34,0.910717460283659
40523.35,0.964497797610292
40523.36,0.938389757088106
40523.37,0.939707743134716
40523.38,0.923167177275576
40523.39,0.88901751899664
40523.4,0.88652870049111
40523.41,0.875669131890546
40523.42,0.840225566316395
40523.43,0.800729435896802
40523.44,0.78141443022838
40523.45,0.749888620058702
40523.46,0.725160118365487
40523.47,0.713593653327566
40523.48,0.749221821145054
40523.49,0.750958057528307
40523.5,0.743838101399284
40523.51,0.766726300631459
40523.52,0.737300278643671
40523.53,0.753954895104467
40523.54,0.741799083161462
40523.55,0.762508344383207
40523.56,0.759977405614023
40523.57,0.780391376293727
40523.58,0.777089280851772
40523.59,0.810981896630516
40523.6,0.811011565567242
40523.61,0.795096759718947
40523.62,0.795837184799934
40523.63,0.754057530115283
40523.64,0.765985097882038
40523.65,0.765879815787046
40523.66,0.765944471935658
40523.67,0.76190928130372
40523.68,0.780451934749495
40523.69,0.794077805716287
40523.7,0.773606939694198
40523.71,0.774924394006861
40523.72,0.803501899920607
40523.73,0.826058739095461
40523.74,0.848354848287396
40523.75,0.866497105122795
40523.76,0.81585306541097
40523.77,0.818876488199812
40523.78,0.811029038361157
40523.79,0.781189068529385
40523.8,0.762005358380463
40523.81,0.760535575523657
40523.82,0.769240486586477
40523.83,0.779356933476941
40523.84,0.754735264705221
40523.85,0.72457051458686
40523.86,0.758826400474373
40523.87,0.734401916117679
40523.88,0.751250082730433
40523.89,0.762085134089984
40523.9,0.763018558306188
40523.91,0.770369829927611
40523.92,0.77527118050939
40523.93,0.819668200534869
40523.94,0.820987730524738
40523.95,0.821416655979914
40523.96,0.838018547506603
40523.97,0.832308707725704
40523.98,0.832110369216779
40523.99,0.821091110960008
40524,0.829098500213541
40524.01,0.837909330331929
40524.02,0.836571012191172
40524.03,0.856213177888069
40524.04,0.876742927877334
40524.05,0.887363912233881
40524.06,0.927080099719213
40524.07,1.0006014912003
40524.08,0.966675563827883
40524.09,0.968175332018114
40524.1,0.989738154475573
40524.11,1.01211479368029
40524.12,0.981511871695526
40524.13,0.962356909170368
40524.14,0.935653705802103
40524.15,0.927859135091306
40524.16,0.924782001605766
40524.17,0.918746756735379
40524.18,0.940226646026219
40524.19,0.899900275928685
40524.2,0.924365554047249
40524.21,0.963470727088753
40524.22,0.910039016534365
40524.23,0.94075580855062
40524.24,0.969666610026608
40524.25,0.968248445732768
40524.26,0.938377781931336
40524.27,0.966135916507196
40524.28,0.927234463117245
40524.29,0.959344766177395
40524.3,0.958940935299671
40524.31,1.00185275837884
40524.32,1.00834426218656
40524.33,0.999356282737357
40524.34,0.972379926491258
40524.35,0.972253853948827
40524.36,0.963911362106521
40524.37,0.924879929152667
40524.38,0.889335759375452
40524.39,0.885327472248979
40524.4,0.909678514855493
40524.41,0.933091888511286
40524.42,0.908415660757532
40524.43,0.896490391729576
40524.44,0.91506605633631
40524.45,0.915728467727663
40524.46,0.959697037142705
40524.47,0.939540887582746
40524.48,0.941824100213431
40524.49,0.934963644296123
40524.5,0.914864108321118
40524.51,0.92425684423838
40524.52,0.923540544247605
40524.53,0.95556486071218
40524.54,0.969035811787398
40524.55,1.00338253750702
40524.56,1.02074837734997
40524.57,1.01436436294631
40524.58,1.02143339700341
40524.59,0.976790307834468
40524.6,0.982334154683298
40524.61,1.00973958644737
40524.62,0.989313150219028
40524.63,1.00402391456216
40524.64,0.98022069331706
40524.65,0.987709561935539
40524.66,0.994042026640961
40524.67,1.02197477949859
40524.68,1.03112814279516
40524.69,1.05168541458904
40524.7,1.06700462473229
40524.71,1.07894339008507
40524.72,1.03009336899709
40524.73,1.00554177350982
40524.74,1.05803416970133
40524.75,1.02926258300691
40524.76,0.997999840511844
40524.77,0.978031592192195
40524.78,0.891130768336907
40524.79,0.898086845963593
40524.8,0.923722270297976
40524.81,0.927494517266446
40524.82,0.916505628498047
40524.83,0.931289378130436
40524.84,0.93935316610718
40524.85,0.918748607978107
40524.86,0.928584158357943
40524.87,0.928126042837324
40524.88,0.923716524819374
40524.89,0.963172914515529
40524.9,0.988121592805475
40524.91,1.02683138742216
40524.92,1.05433392635776
40524.93,1.05501950637469
40524.94,1.10860565863193
40524.95,1.11918615989592
40524.96,1.05194501288519
40524.97,1.04443272131653
40524.98,1.01917356178708
40524.99,1.06834018102413
40525,1.07068502118902
40525.01,1.12733649653119
40525.02,1.14168354540803
40525.03,1.13684567588195
40525.04,1.21038064267445
40525.05,1.17393821913284
40525.06,1.16580745412632
40525.07,1.17981204448155
40525.08,1.21307997930778
40525.09,1.16472562271637
40525.1,1.11886043206797
40525.11,1.16376517450097
40525.12,1.16679778720737
40525.13,1.20106448429705
40525.14,1.16846118502961
40525.15,1.1727937563076
40525.16,1.21178173559803
40525.17,1.17914987519229
40525.18,1.06295157118233
40525.19,1.06912359408388
40525.2,1.06201477398666
40525.21,1.06625430392059
40525.22,1.04016267357059
40525.23,1.0982184956271
40525.24,1.07794056590767
40525.25,1.05180237901563
40525.26,1.0837405464918
40525.27,1.1148773182611
40525.28,1.1522077281818
40525.29,1.16803925298505
40525.3,1.10635923277144
40525.31,1.08381547213016
40525.32,1.12315896886323
40525.33,1.13288149560983
40525.34,1.12226758946162
40525.35,1.08438427700947
40525.36,1.09349588527394
40525.37,1.097599433365
40525.38,1.06662331770683
40525.39,1.09306507555119
40525.4,1.07296754892624
40525.41,1.08087315944695
40525.42,1.10139202105379
40525.43,1.06745931008661
40525.44,1.06385277227103
40525.45,1.02339243735727
40525.46,1.01497994505729
40525.47,1.02979712817937
40525.48,1.06107407953212
40525.49,1.06286073657627
40525.5,1.05202230209614
40525.51,1.07529910301006
40525.52,1.12732598095353
40525.53,1.06548771592033
40525.54,1.04036306745399
40525.55,1.04508634145802
40525.56,1.04135098572525
40525.57,1.01732592446483
40525.58,1.03072808730975
40525.59,0.984947815370976
40525.6,1.00478780522911
40525.61,0.991862441758196
40525.62,0.993441100455074
40525.63,0.998873262370765
40525.64,0.99313183419525
40525.65,1.01567885977006
40525.66,1.01840794507677
40525.67,0.990159552766245
40525.68,1.00017374798824
40525.69,0.982519197851106
40525.7,0.995517528804934
40525.71,1.00430827963672
40525.72,1.00320509252279
40525.73,1.043789573876
40525.74,1.01813963165633
40525.75,1.00360309056692
40525.76,1.00360878881336
40525.77,0.99532980897565
40525.78,0.992359509503121
40525.79,0.981593163736456
40525.8,0.994240914820988
40525.81,0.975096621121534
40525.82,0.962180946864585
40525.83,0.972107516989702
40525.84,0.92954709151048
40525.85,0.934589815962489
40525.86,0.925544694783022
40525.87,0.965499876608382
40525.88,0.964134315690295
40525.89,0.935755764655891
40525.9,0.943570281049797
40525.91,0.986943511996083
40525.92,1.01298183397819
40525.93,1.06819823776235
40525.94,1.01896093218239
40525.95,1.00181541507019
40525.96,0.980987629464939
40525.97,0.983352491426278
40525.98,0.938168969925969
40525.99,0.928838688499566
40526,0.923969778940573
40526.01,0.941205878307131
40526.02,0.970574724652586
40526.03,0.9477729415891
40526.04,0.977832089952826
40526.05,0.977266686913084
40526.06,0.972128964469854
40526.07,0.934251860022907
40526.08,0.890928506941198
40526.09,0.895895647079935
40526.1,0.893879063561649
40526.11,0.906144600944844
40526.12,0.900126299498722
40526.13,0.908171296442745
40526.14,0.893441710083845
40526.15,0.874532090658977
40526.16,0.8806036006716
40526.17,0.899228573673456
40526.18,0.887488944795612
40526.19,0.899887460590458
40526.2,0.868674198278207
40526.21,0.854177669955119
40526.22,0.891440363085347
40526.23,0.8782846312644
40526.24,0.8555343754283
40526.25,0.896690330387378
40526.26,0.864454469913481
40526.27,0.841368527348402
40526.28,0.8459606084101
40526.29,0.87859306904934
40526.3,0.889245140420138
40526.31,0.903477882156695
40526.32,0.906305086724509
40526.33,0.881715015389193
40526.34,0.848108263152647
40526.35,0.870301103422082
40526.36,0.858301294935788
40526.37,0.837078291814712
40526.38,0.833471306016689
40526.39,0.80900745136241
40526.4,0.860051465745249
40526.41,0.838980907954872
40526.42,0.840157531106799
40526.43,0.854801472167781
40526.44,0.86142045933767
40526.45,0.861999046143742
40526.46,0.85158776508732
40526.47,0.830116315265381
40526.48,0.842640695759424
40526.49,0.858786309372409
40526.5,0.86354666203898
40526.51,0.889860521206376
40526.52,0.928182083525711
40526.53,0.921788859904563
40526.54,0.90621605942691
40526.55,0.906076737524284
40526.56,0.892907290279914
40526.57,0.894272253834277
40526.58,0.902255228319456
40526.59,0.904466794880865
40526.6,0.920184008467782
40526.61,0.899467499826152
40526.62,0.896181690731012
40526.63,0.863904773788836
40526.64,0.897385333784335
40526.65,0.924449647237607
40526.66,0.94957153740694
40526.67,0.934393885969077
40526.68,0.948934836005786
40526.69,0.906957141980411
40526.7,0.924221910424805
40526.71,0.903515433057725
40526.72,0.911900145290147
40526.73,0.943491064076253
40526.74,0.893386905949499
40526.75,0.899037662685121
40526.76,0.885250641584693
40526.77,0.89170807131637
40526.78,0.888922014653171
40526.79,0.896392188747858
40526.8,0.869057814384097
40526.81,0.899929928337119
40526.82,0.862841787269043
40526.83,0.85790340967254
40526.84,0.85093495651631
40526.85,0.847597037989546
40526.86,0.877006812455058
40526.87,0.876757922962658
40526.88,0.855171283735325
40526.89,0.879138039709698
40526.9,0.904354076051069
40526.91,0.868935574622962
40526.92,0.89065794480075
40526.93,0.868949095853698
40526.94,0.85846183434704
40526.95,0.893481224192515
40526.96,0.873728962230479
40526.97,0.859752448353201
40526.98,0.84378978536351
40526.99,0.825474750935527
40527,0.795437892440645
40527.01,0.748115959336907
40527.02,0.787802043045827
40527.03,0.771782396649087
40527.04,0.777689743072796
40527.05,0.788181061627932
40527.06,0.783691748771537
40527.07,0.780683920416169
40527.08,0.785259583684813
40527.09,0.819229015596179
40527.1,0.872780446915977
40527.11,0.893271839551897
40527.12,0.922323174272922
40527.13,0.926838299274181
40527.14,0.908850807572144
40527.15,0.938046300261375
40527.16,0.964614253212136
40527.17,0.982658692409386
40527.18,0.988871098181899
40527.19,0.975494115062671
40527.2,0.958365815829965
40527.21,0.97178856908232
40527.22,0.957203527799804
40527.23,0.96214263205965
40527.24,0.966351853157573
40527.25,0.966363473186738
40527.26,0.940609760897594
40527.27,0.979912108019112
40527.28,0.993092256584713
40527.29,0.953183624875314
40527.3,0.96478332245729
40527.31,0.934838646575254
40527.32,0.928826445417434
40527.33,0.961803416251016
40527.34,0.980340449423648
40527.35,1.02990037994118
40527.36,1.03007661154459
40527.37,1.0082364947209
40527.38,0.992265494163554
40527.39,1.01389872316701
40527.4,1.03880444442969
40527.41,1.03876288524447
40527.42,1.04458567388668
40527.43,0.977484470467747
40527.44,0.950286791642455
40527.45,0.949307892623236
40527.46,0.956673381944552
40527.47,0.926542422617169
40527.48,0.940572669098586
40527.49,0.945435817730825
40527.5,0.949520953923493
40527.51,0.930647636091304
40527.52,0.9642712579563
40527.53,0.929579366698151
40527.54,0.95729461132083
40527.55,0.97408047422923
40527.56,0.966488121407217
40527.57,0.95465581944176
40527.58,0.980601719418945
40527.59,0.97830299887821
40527.6,0.937551936239185
40527.61,0.91359596978298
40527.62,0.903571821009941
40527.63,0.865328113744937
40527.64,0.855212620409447
40527.65,0.835106426811965
40527.66,0.833863885260354
40527.67,0.859989071919429
40527.68,0.848619058248822
40527.69,0.829081480382742
40527.7,0.833754817930135
40527.71,0.882279836714634
40527.72,0.870793042444039
40527.73,0.894771259787511
40527.74,0.910200214444641
40527.75,0.852090119378583
40527.76,0.878168119932887
40527.77,0.842363942700729
40527.78,0.809680449169689
40527.79,0.758269004459196
40527.8,0.777090722848701
40527.81,0.740211656168912
40527.82,0.738281033958315
40527.83,0.684719168207466
40527.84,0.693881757902025
40527.85,0.684835069573636
40527.86,0.686882636283738
40527.87,0.700113676307686
40527.88,0.751048239917316
40527.89,0.759185502973273
40527.9,0.760560218253383
40527.91,0.748751557241712
40527.92,0.759555254015884
40527.93,0.771061816821652
40527.94,0.783303104674742
40527.95,0.779642692312909
40527.96,0.792109808587134
40527.97,0.80479034557469
40527.98,0.804045365059178
40527.99,0.824382989920183
40528,0.81985272248949
40528.01,0.81772348846103
40528.02,0.803431997376897
40528.03,0.859423470441564
40528.04,0.867019912340347
40528.05,0.885729382330146
40528.06,0.836071017648686
40528.07,0.799418211765679
40528.08,0.794265389834215
40528.09,0.795336180824062
40528.1,0.824574899051082
40528.11,0.816910309986471
40528.12,0.840162163621806
40528.13,0.854301017983105
40528.14,0.898184923920598
40528.15,0.881171314868088
40528.16,0.907274183413049
40528.17,0.858912353257769
40528.18,0.823377743878669
40528.19,0.803070482584512
40528.2,0.823139601111272
40528.21,0.818879995121166
40528.22,0.827936147036615
40528.23,0.810838424503235
40528.24,0.839146782419174
40528.25,0.856137046240202
40528.26,0.87490132089692
40528.27,0.874237685530711
40528.28,0.905134323467517
40528.29,0.91233145812417
40528.3,0.97174058564187
40528.31,0.984955522463615
40528.32,0.99816388890591
40528.33,0.935137797275335
40528.34,0.933936357693251
40528.35,0.943224713014016
40528.36,0.956950383225763
40528.37,0.932938859289209
40528.38,0.958619441644909
40528.39,0.942789697473378
40528.4,0.917906251018907
40528.41,0.922524045389672
40528.42,0.902941413773685
40528.43,0.940011673102034
40528.44,0.908453387714444
40528.45,0.903180679276395
40528.46,0.937190803721099
40528.47,0.971122604443686
40528.48,0.98436486358854
40528.49,0.980574369581571
40528.5,0.991015376271217
40528.51,1.01697463316415
40528.52,1.02155539611504
40528.53,1.03345042511719
40528.54,1.0223837683652
40528.55,1.02285765821401
40528.56,1.01966598582605
40528.57,1.00979632849727
40528.58,0.996364769242251
40528.59,1.01054739923867
40528.6,1.0477990431283
40528.61,1.06011608382307
40528.62,1.07183956370621
40528.63,1.03850600356237
40528.64,1.09719981991483
40528.65,1.08876301754211
40528.66,1.1153161971983
40528.67,1.08239795984487
40528.68,1.09601590674444
40528.69,1.0581040460545
40528.7,1.08628849062042
40528.71,1.10027338903813
40528.72,1.09957850954225
40528.73,1.06959822480295
40528.74,1.09728051036305
40528.75,1.12321541790028
40528.76,1.12648069013906
40528.77,1.11552449796018
40528.78,1.14427108630114
40528.79,1.12686750718553
40528.8,1.11109383319285
40528.81,1.05708890453694
40528.82,1.07364881698516
40528.83,1.07395506374086
40528.84,1.00431015812695
40528.85,0.970025308611528
40528.86,0.973243838755566
40528.87,0.995992348274029
40528.88,1.00570060426692
40528.89,1.02297415421235
40528.9,1.02719672899884
40528.91,1.00814669676889
40528.92,0.978532143975669
40528.93,0.950326311555028
40528.94,0.955207101790251
40528.95,0.934656005214745
40528.96,0.894891978122971
40528.97,0.911771491868751
40528.98,0.894754232632052
40528.99,0.901484671042489
40529,0.889725849538731
40529.01,0.861235460307431
40529.02,0.820396633426004
40529.03,0.822884819462536
40529.04,0.79058223783673
40529.05,0.838915282458788
40529.06,0.851693402395183
40529.07,0.842279294170075
40529.08,0.876419303464472
40529.09,0.863089374064114
40529.1,0.866537408550904
40529.11,0.838100921437752
40529.12,0.831334513830242
40529.13,0.857045249689858
40529.14,0.862262318988397
40529.15,0.829928680248581
40529.16,0.838223890344224
40529.17,0.843166004676839
40529.18,0.841830753203441
40529.19,0.866576791172942
40529.2,0.922919775767921
40529.21,0.949898501315412
40529.22,0.951147286604632
40529.23,0.971369252381353
40529.24,1.04168226805643
40529.25,1.03722176546609
40529.26,1.02912555672474
40529.27,1.04926843200452
40529.28,1.04136319970505
40529.29,1.02180817452934
40529.3,1.02591463722888
40529.31,1.03735478613616
40529.32,1.01790986985903
40529.33,1.03598292216173
40529.34,1.0347286750743
40529.35,1.020503586621
40529.36,0.996856193814866
40529.37,0.98094483930281
40529.38,0.928899390252536
40529.39,0.906851776313916
40529.4,0.906189219089919
40529.41,0.887890510045562
40529.42,0.859885326346733
40529.43,0.862229308763592
40529.44,0.858255823258146
40529.45,0.859726463526575
40529.46,0.847796438004776
40529.47,0.791937070856963
40529.48,0.812973265740777
40529.49,0.798244123906093
40529.5,0.777058822026542
40529.51,0.780535056007641
40529.52,0.767638968918862
40529.53,0.745639256422295
40529.54,0.762837462219636
40529.55,0.765746463767066
40529.56,0.808023708154913
40529.57,0.809649974669378
40529.58,0.781807685244977
40529.59,0.795913078163068
40529.6,0.833098748723857
40529.61,0.889721255706753
40529.62,0.863797153668339
40529.63,0.841189868815588
40529.64,0.865805649889327
40529.65,0.852043767803566
40529.66,0.815630791772933
40529.67,0.822327923258911
40529.68,0.803576857907285
40529.69,0.819111395308757
40529.7,0.813065068243244
40529.71,0.848598739595622
40529.72,0.894048013815152
40529.73,0.886739494142208
40529.74,0.880475250932681
40529.75,0.887633038954677
40529.76,0.8816107525703
40529.77,0.88975207634115
40529.78,0.888280118961771
40529.79,0.844998447092271
40529.8,0.854700392868564
40529.81,0.8462351861826
40529.82,0.824634734209903
40529.83,0.817298031551739
40529.84,0.86340862077344
40529.85,0.866921188555451
40529.86,0.865076771143503
40529.87,0.911689496488164
40529.88,0.899470591636521
40529.89,0.896264618613095
40529.9,0.913987179139606
40529.91,0.883159885595374
40529.92,0.881007057149086
40529.93,0.844252579614658
40529.94,0.838311497760813
40529.95,0.791921766730702
40529.96,0.775249096675939
40529.97,0.799623060243547
40529.98,0.828906254599466
40529.99,0.83141738081073
40530,0.830218798262217
40530.01,0.822091456277969
40530.02,0.793200451534085
40530.03,0.836876609547374
40530.04,0.823773521386428
40530.05,0.819317091627679
40530.06,0.81092097623406
40530.07,0.811398483100315
40530.08,0.82085758209924
40530.09,0.807465389446994
40530.1,0.835448207094185
40530.11,0.835028746088112
40530.12,0.819706967218712
40530.13,0.815687175211841
40530.14,0.771387994602415
40530.15,0.749478559396631
40530.16,0.765232287354069
40530.17,0.773380758013039
40530.18,0.763358753995352
40530.19,0.796018644632228
40530.2,0.796623087754883
40530.21,0.794519781721089
40530.22,0.816186804721276
40530.23,0.805369566016625
40530.24,0.819832704727834
40530.25,0.811020119432138
40530.26,0.818236708106272
40530.27,0.803048386948545
40530.28,0.792693895145248
40530.29,0.80379844798727
40530.3,0.837958096281071
40530.31,0.829824917649689
40530.32,0.830488294924401
40530.33,0.857760611340603
40530.34,0.887224370748321
40530.35,0.893584802560116
40530.36,0.912409470519069
40530.37,0.940001847547966
40530.38,0.93372189788715
40530.39,0.941641501012939
40530.4,0.937032610762657
40530.41,0.953720970582646
40530.42,0.920903632228181
40530.43,0.890268707967756
40530.44,0.888877825051454
40530.45,0.851680017269466
40530.46,0.896505760875811
40530.47,0.859084634153223
40530.48,0.849811603945209
40530.49,0.820463593062723
40530.5,0.851988851467252
40530.51,0.853779195245102
40530.52,0.857748356894384
40530.53,0.870176263007058
40530.54,0.864178219700519
40530.55,0.879486804113733
40530.56,0.873351671521828
40530.57,0.885208717304991
40530.58,0.901180705420293
40530.59,0.896155137445636
40530.6,0.889686632349856
40530.61,0.892835688060853
40530.62,0.896852979679893
40530.63,0.890520347082697
40530.64,0.864571599795583
40530.65,0.810605072628071
40530.66,0.80844791095166
40530.67,0.845840256613125
40530.68,0.855405397542903
40530.69,0.894674727270924
40530.7,0.880284103412436
40530.71,0.865512212081458
40530.72,0.863623748747184
40530.73,0.889615009000738
40530.74,0.925672981999624
40530.75,0.940460220710442
40530.76,0.941869631478865
40530.77,0.947035197551316
40530.78,0.919795604381481
40530.79,0.967056134377626
40530.8,1.00722534881466
40530.81,0.997467666132714
40530.82,1.01395485611057
40530.83,1.0254697249097
40530.84,0.974263902819859
40530.85,1.0115816983889
40530.86,1.0287568307545
40530.87,1.00240767138122
40530.88,1.02323288038128
40530.89,1.04846720506159
40530.9,1.00620383082551
40530.91,1.00811205481145
40530.92,1.00575986110243
40530.93,0.963408276854693
40530.94,0.951996546410345
40530.95,0.990589251671232
40530.96,0.988662642628353
40530.97,0.984308224571862
40530.98,1.0098133718521
40530.99,1.00721813027439
40531,0.999549684572945
40531.01,0.976303662644825
40531.02,0.977178601717563
40531.03,0.901441265217936
40531.04,0.912285346681917
40531.05,0.952788667032988
40531.06,0.908487751925942
40531.07,0.852068522409793
40531.08,0.849403067975901
40531.09,0.843837539534142
40531.1,0.833555670321958
40531.11,0.884859530874483
40531.12,0.871265193076872
40531.13,0.891196213471203
40531.14,0.898591749846526
40531.15,0.882765744269108
40531.16,0.873306259034278
40531.17,0.88131720095756
40531.18,0.861532217440688
40531.19,0.86831717981145
40531.2,0.895475981464339
40531.21,0.835623811310342
40531.22,0.843672812889715
40531.23,0.834205033808285
40531.24,0.844044658576689
40531.25,0.864230939574123
40531.26,0.867936510037193
40531.27,0.884624499711236
40531.28,0.894262581990857
40531.29,0.900643451226445
40531.3,0.883975934922622
40531.31,0.868591208011368
40531.32,0.865947678289457
40531.33,0.873913990955193
40531.34,0.901773784000007
40531.35,0.900984907761725
40531.36,0.907933361604815
40531.37,0.866747243464148
40531.38,0.885048666828186
40531.39,0.872425992149021
40531.4,0.868254864452908
40531.41,0.8402403793886
40531.42,0.855377337029942
40531.43,0.841588447885824
40531.44,0.857742252076753
40531.45,0.852629582435377
40531.46,0.861174000972696
40531.47,0.814976571618385
40531.48,0.874560470174762
40531.49,0.837206880303852
40531.5,0.830534188293396
40531.51,0.823037743259111
40531.52,0.833577762782764
40531.53,0.834137145559904
40531.54,0.831493259666772
40531.55,0.827612866982983
40531.56,0.819164815597762
40531.57,0.819326233993187
40531.58,0.851190337066031
40531.59,0.836101673251918
40531.6,0.8508465289434
40531.61,0.845869712045827
40531.62,0.844746848590595
40531.63,0.858438536898307
40531.64,0.873789748821794
40531.65,0.867856782026128
40531.66,0.849069897098239
40531.67,0.856506149897329
40531.68,0.831490621383387
40531.69,0.8646433233508
40531.7,0.82091570846347
40531.71,0.841514241024353
40531.72,0.836364309753715
40531.73,0.83460921551081
40531.74,0.859248110529036
40531.75,0.870706983439428
40531.76,0.887552841755188
40531.77,0.863574772444373
40531.78,0.886390281798015
40531.79,0.874294298606355
40531.8,0.858374243225663
40531.81,0.869299181609721
40531.82,0.845012740875638
40531.83,0.797587124337244
40531.84,0.766464472908301
40531.85,0.768843952495655
40531.86,0.794810520642526
40531.87,0.785607897957279
40531.88,0.763316335832824
40531.89,0.743468458765467
40531.9,0.763394707388251
40531.91,0.791337977458856
40531.92,0.779399644243174
40531.93,0.817605239098361
40531.94,0.836917935418225
40531.95,0.837022766495314
40531.96,0.850355871374725
40531.97,0.864309814880803
40531.98,0.876578877814935
40531.99,0.909331089800215
40532,0.887299245720702
40532.01,0.908185075153086
40532.02,0.877996004067175
40532.03,0.844703054090668
40532.04,0.84722859305639
40532.05,0.840097128023721
40532.06,0.844820243784048
40532.07,0.832866877141269
40532.08,0.840465700497001
40532.09,0.867293287921418
40532.1,0.836650589302531
40532.11,0.819969592746195
40532.12,0.819388572014806
40532.13,0.840501934803264
40532.14,0.862678204921663
40532.15,0.875206945748372
40532.16,0.890993677728411
40532.17,0.855833249138477
40532.18,0.822644591284776
40532.19,0.813788200031011
40532.2,0.801010380068542
40532.21,0.822441891682482
40532.22,0.847583463669542
40532.23,0.841420575392211
40532.24,0.830284385389946
40532.25,0.79292503343401
40532.26,0.751106783076059
40532.27,0.75405834185124
40532.28,0.753271008921503
40532.29,0.724807803031807
40532.3,0.723997767446501
40532.31,0.740109447033231
40532.32,0.747579659418681
40532.33,0.788921756579019
40532.34,0.772800538972821
40532.35,0.771522795860319
40532.36,0.760609772164776
40532.37,0.775824619193365
40532.38,0.798846697869069
40532.39,0.763485111406614
40532.4,0.747275932514807
40532.41,0.727090613932966
40532.42,0.738828059837776
40532.43,0.758077733079639
40532.44,0.793914048372725
40532.45,0.8218486432902
40532.46,0.84294767278453
40532.47,0.826776216928851
40532.48,0.850873072904466
40532.49,0.816385504115229
40532.5,0.873688686005022
40532.51,0.858728005758263
40532.52,0.877567748839503
40532.53,0.909325032812771
40532.54,0.896211929905263
40532.55,0.902279483147896
40532.56,0.894203153781126
40532.57,0.888083372039168
40532.58,0.888287138916815
40532.59,0.895127917720481
40532.6,0.873243610683229
40532.61,0.871038850354937
40532.62,0.872280496655867
40532.63,0.883291508141409
40532.64,0.86443519057635
40532.65,0.876149100897516
40532.66,0.852398069909744
40532.67,0.859637392866068
40532.68,0.87574650211714
40532.69,0.86573246514057
40532.7,0.854379387845522
40532.71,0.876917745731259
40532.72,0.856547967279626
40532.73,0.894093854307969
40532.74,0.903239061820295
40532.75,0.844774560396256
40532.76,0.838834140590685
40532.77,0.826823023666227
40532.78,0.838618440520382
40532.79,0.822580216798463
40532.8,0.81511427673079
40532.81,0.827285739648185
40532.82,0.806884438234799
40532.83,0.822840320415277
40532.84,0.812373430421452
40532.85,0.797991729790194
40532.86,0.816346925964646
40532.87,0.80913868575619
40532.88,0.790965279694156
40532.89,0.807090779222781
40532.9,0.837666171978655
40532.91,0.801318077087878
40532.92,0.842165721629776
40532.93,0.851055883172686
40532.94,0.873050343130615
40532.95,0.883698299612809
40532.96,0.915299360388439
40532.97,0.922587324830495
40532.98,0.875493615740929
40532.99,0.877116194042206
40533,0.897643701529327
40533.01,0.890929505939457
40533.02,0.899922783996986
40533.03,0.903478650131801
40533.04,0.905281034271193
40533.05,0.914707946427033
40533.06,0.931907444893075
40533.07,0.935045247235512
40533.08,0.93188448592616
40533.09,0.935919987393243
40533.1,0.907853334456599
40533.11,0.940284016122675
40533.12,0.940701722143487
40533.13,0.914394140092185
40533.14,0.946329376047273
40533.15,0.937280172338296
40533.16,0.926194313647759
40533.17,0.968329260483656
40533.18,0.990709390512211
40533.19,0.984288207705036
40533.2,0.975104106838426
40533.21,0.923805734026836
40533.22,0.931175808270063
40533.23,0.914738101978783
40533.24,0.931866020683325
40533.25,0.977011743877749
40533.26,0.92590001810906
40533.27,0.911759976719788
40533.28,0.96866524144326
40533.29,0.954904974142465
40533.3,0.952141036151176
40533.31,0.938410446362335
40533.32,0.921298751687237
40533.33,0.921976605105661
40533.34,0.944133097631159
40533.35,0.970785922750038
40533.36,0.980578513811429
40533.37,1.02158419444455
40533.38,1.04094514342662
40533.39,1.01200035512775
40533.4,1.00447739931926
40533.41,1.00992370320299
40533.42,0.987158408607078
40533.43,0.979093372079566
40533.44,0.996818309536413
40533.45,0.998072503583787
40533.46,0.976507245465385
40533.47,1.00646228449453
40533.48,1.00000073261756
40533.49,1.0185618412948
40533.5,0.997103775801567
40533.51,1.03950878610022
40533.52,1.03506847586568
40533.53,1.02942063191864
40533.54,0.9914392873039
40533.55,1.02848226774314
40533.56,0.984629131765437
40533.57,0.972545585269798
40533.58,0.919770441755389
40533.59,0.841362362586195
40533.6,0.866919069841459
40533.61,0.865298645395555
40533.62,0.847456026645178
40533.63,0.867378467080814
40533.64,0.875813319284901
40533.65,0.9256665389792
40533.66,0.945595346208537
40533.67,0.903663339216416
40533.68,0.897735443586346
40533.69,0.876568116934525
40533.7,0.850215446901749
40533.71,0.861859908753619
40533.72,0.872676236600477
40533.73,0.890331530625692
40533.74,0.890130369325047
40533.75,0.870878418810049
40533.76,0.84438188067271
40533.77,0.855494182531749
40533.78,0.82515042562574
40533.79,0.795325131809602
40533.8,0.773442569115608
40533.81,0.769964502314169
40533.82,0.771923977897085
40533.83,0.774096404051651
40533.84,0.746948652590521
40533.85,0.750132441597896
40533.86,0.757362607615633
40533.87,0.790379680340114
40533.88,0.795856079673518
40533.89,0.792003558652546
40533.9,0.767522706643597
40533.91,0.808405296835903
40533.92,0.824530007197396
40533.93,0.85709512959105
40533.94,0.907313892700552
40533.95,0.908195264472647
40533.96,0.913724705809123
40533.97,0.904972353758651
40533.98,0.943345874666979
40533.99,0.976280954784654
40534,0.981507718297135
40534.01,0.956517063037208
40534.02,0.983878904537984
40534.03,0.98686751644587
40534.04,0.982018034843147
40534.05,0.923259912174299
40534.06,0.885300083333703
40534.07,0.874211948934464
40534.08,0.857849933312876
40534.09,0.825646245875325
40534.1,0.83023552380568
40534.11,0.832942876976986
40534.12,0.847898154779405
40534.13,0.830776778462083
40534.14,0.818645519717639
40534.15,0.830399346932978
40534.16,0.840222572782917
40534.17,0.847255102449135
40534.18,0.869856834063563
40534.19,0.873134764542025
40534.2,0.893868275027217
40534.21,0.895302221013566
40534.22,0.878005536843368
40534.23,0.880782828955218
40534.24,0.884122213738152
40534.25,0.898869493324439
40534.26,0.912618052944487
40534.27,0.896601623381234
40534.28,0.869690570207939
40534.29,0.819040236881683
40534.3,0.811466722333879
40534.31,0.8235369894059
40534.32,0.835940212124001
40534.33,0.839220844912881
40534.34,0.867837723309595
40534.35,0.838030002518863
40534.36,0.847642501179903
40534.37,0.83930680705912
40534.38,0.835215703491618
40534.39,0.828701389465808
40534.4,0.781379714846446
40534.41,0.75470215747868
40534.42,0.770779344793827
40534.43,0.764550955379517
40534.44,0.758693105619036
40534.45,0.803544144915201
40534.46,0.793700807099538
40534.47,0.816534992297887
40534.48,0.82395419451059
40534.49,0.840380650977922
40534.5,0.849443616314488
40534.51,0.852185776340248
40534.52,0.862855638725438
40534.53,0.861904323521837
40534.54,0.880502256963038
40534.55,0.924323258963766
40534.56,0.903693667182141
40534.57,0.917336536395974
40534.58,0.917168780130343
40534.59,0.912278188222285
40534.6,0.912617601798479
40534.61,0.898010399628666
40534.62,0.90764830042813
40534.63,0.892759307395181
40534.64,0.878705105543371
40534.65,0.856909573413503
40534.66,0.866172955107802
40534.67,0.879347878369595
40534.68,0.88263013909252
40534.69,0.869920040017866
40534.7,0.815986098501988
40534.71,0.827866687597723
40534.72,0.836355135116321
40534.73,0.878862333273871
40534.74,0.892344586579079
40534.75,0.881926468649883
40534.76,0.854460815586747
40534.77,0.846004628771357
40534.78,0.826361489984003
40534.79,0.845313511189789
40534.8,0.859076650125766
40534.81,0.873277956850346
40534.82,0.914075405693528
40534.83,0.85581340475921
40534.84,0.865662832772956
40534.85,0.835470537359256
40534.86,0.828363196797783
40534.87,0.807321170092112
40534.88,0.840591000812156
40534.89,0.848683099656066
40534.9,0.8341189724004
40534.91,0.840387955047769
40534.92,0.832025790135051
40534.93,0.841610263845577
40534.94,0.871673561619128
40534.95,0.888840280959107
40534.96,0.859312185186536
40534.97,0.830026717289136
40534.98,0.831137278510291
40534.99,0.805728111093451
40535,0.812610950056455
40535.01,0.781535019883784
40535.02,0.765786547512488
40535.03,0.789533825349858
40535.04,0.779816547962927
40535.05,0.804287176518386
40535.06,0.761188107009352
40535.07,0.773263327767617
40535.08,0.778514183877399
40535.09,0.798817657481885
40535.1,0.790684434835848
40535.11,0.779966797356394
40535.12,0.799204695749578
40535.13,0.767458292429399
40535.14,0.762882920256235
40535.15,0.76974609738387
40535.16,0.795082627346123
40535.17,0.818933971286315
40535.18,0.830284844054921
40535.19,0.821406080114562
40535.2,0.820062555264201
40535.21,0.814584753616142
40535.22,0.835757145616572
40535.23,0.846787615467177
40535.24,0.861238311133184
40535.25,0.881065753507931
40535.26,0.889993487574777
40535.27,0.89752338873215
40535.28,0.912139519187929
40535.29,0.884661147815814
40535.3,0.900293320293799
40535.31,0.898933688314779
40535.32,0.880292364470475
40535.33,0.886929635173427
40535.34,0.858523776315562
40535.35,0.832868305191654
40535.36,0.802751039820704
40535.37,0.831587377675426
40535.38,0.818576453584524
40535.39,0.868190702171517
40535.4,0.884910321817644
40535.41,0.910782015850053
40535.42,0.932198273181081
40535.43,0.8972041654979
40535.44,0.892529415128557
40535.45,0.889799275730923
40535.46,0.887229790163542
40535.47,0.902293531694182
40535.48,0.914867036485682
40535.49,0.904297364722353
40535.5,0.922246823502021
40535.51,0.945380604011818
40535.52,0.947347781843565
40535.53,0.909807475069762
40535.54,0.943302620255406
40535.55,0.963937498124564
40535.56,0.927114549989357
40535.57,0.902815653105664
40535.58,0.877060502769806
40535.59,0.871631577260632
40535.6,0.879934652178108
40535.61,0.890365262846991
40535.62,0.900266985366755
40535.63,0.865528208217423
40535.64,0.871702881333611
40535.65,0.861976093563437
40535.66,0.869993342645161
40535.67,0.857880935492613
40535.68,0.863834651724463
40535.69,0.870060775448382
40535.7,0.807223737505193
40535.71,0.818941690702831
40535.72,0.79952775353065
40535.73,0.828645305683306
40535.74,0.833737720809924
40535.75,0.785725532656303
40535.76,0.712527917287047
40535.77,0.722382803640805
40535.78,0.722598673424753
40535.79,0.693020116922856
40535.8,0.687953124649286
40535.81,0.693155521147059
40535.82,0.681150506890155
40535.83,0.6918894716569
40535.84,0.686331622520847
40535.85,0.683415294848319
40535.86,0.714508633972905
40535.87,0.717891426362836
40535.88,0.740190427318871
40535.89,0.779401183536657
40535.9,0.83529997764573
40535.91,0.83855551843733
40535.92,0.869883234383375
40535.93,0.839106770146743
40535.94,0.841425481435239
40535.95,0.840346364631319
40535.96,0.850399006937817
40535.97,0.817360341358062
40535.98,0.845171230168794
40535.99,0.840975667073276
40536,0.848241412528264
40536.01,0.847118976693177
40536.02,0.866898139829718
40536.03,0.871051527112506
40536.04,0.884607321504847
40536.05,0.879793648995171
40536.06,0.808242697556614
40536.07,0.823451154927258
40536.08,0.839886313071326
40536.09,0.807872268012011
40536.1,0.789575227850904
40536.11,0.802032635068559
40536.12,0.828113629230837
40536.13,0.807718095122206
40536.14,0.810746482255164
40536.15,0.817602378185176
40536.16,0.853052906249604
40536.17,0.902786972871645
40536.18,0.87864988505057
40536.19,0.888794858698125
40536.2,0.871767207300648
40536.21,0.893064063162757
40536.22,0.862733319613959
40536.23,0.871793716308774
40536.24,0.851800076990082
40536.25,0.864791079981296
40536.26,0.870755015735769
40536.27,0.879763965954941
40536.28,0.870410827378849
40536.29,0.870175795891143
40536.3,0.880581370164788
40536.31,0.886371444548539
40536.32,0.839404147564818
40536.33,0.804707656464339
40536.34,0.859048589660707
40536.35,0.801369309151304
40536.36,0.785255802824533
40536.37,0.795532723945508
40536.38,0.815096233384399
40536.39,0.7852177869582
40536.4,0.7885272474848
40536.41,0.786909822458652
40536.42,0.774933727236915
40536.43,0.77853158137871
40536.44,0.73466980905679
40536.45,0.788615029792452
40536.46,0.784258196634751
40536.47,0.78730279112563
40536.48,0.790313606829688
40536.49,0.789581688139826
40536.5,0.756633113251827
40536.51,0.780880352419779
40536.52,0.786565492074702
40536.53,0.766300984675002
40536.54,0.790881597829733
40536.55,0.804202467316914
40536.56,0.808182937395817
40536.57,0.828969810206714
40536.58,0.820793885331269
40536.59,0.800191194964485
40536.6,0.820304000080981
40536.61,0.840330673937571
40536.62,0.817192655388581
40536.63,0.816295986698901
40536.64,0.87901742107438
40536.65,0.896304045904115
40536.66,0.928256997033269
40536.67,0.94656079706452
40536.68,0.94857164996874
40536.69,0.976893193211812
40536.7,0.987140841513323
40536.71,1.01681309627111
40536.72,1.01596465972503
40536.73,1.01470141420038
40536.74,1.03541876907031
40536.75,1.0387952425081
40536.76,1.06568631935768
40536.77,1.04987630969323
40536.78,1.07101484711712
40536.79,1.05252010645386
40536.8,1.03876112978358
40536.81,1.01571608541808
40536.82,1.01176759943342
40536.83,0.990628158840419
40536.84,0.987048496551301
40536.85,1.04262951602397
40536.86,1.02212931944417
40536.87,1.0492509798054
40536.88,1.07047885816731
40536.89,1.11420207260099
40536.9,1.10393901350599
40536.91,1.12491640704453
40536.92,1.09954402600847
40536.93,1.07270305269054
40536.94,1.06067131328117
40536.95,1.02809014556742
40536.96,1.0083109425274
40536.97,0.99129150883017
40536.98,1.00387475580621
40536.99,0.922734417611053
40537,0.92902175845815
40537.01,0.908080500011443
40537.02,0.918653174605187
40537.03,0.926100413252125
40537.04,0.902393145893851
40537.05,0.861278932843084
40537.06,0.851034734718357
40537.07,0.870741012597719
40537.08,0.862053919337414
40537.09,0.812542145355848
40537.1,0.819720512559612
40537.11,0.87152607731807
40537.12,0.870617125515202
40537.13,0.90069817179468
40537.14,0.905968124187353
40537.15,0.904543893215589
40537.16,0.906623805239239
40537.17,0.89099457897244
40537.18,0.903510053637893
40537.19,0.897046456294065
40537.2,0.914221848451626
40537.21,0.920862800022863
40537.22,0.916480809786708
40537.23,0.889016139002687
40537.24,0.866022895078702
40537.25,0.838973794937136
40537.26,0.786001681099598
40537.27,0.747827066266656
40537.28,0.765541480671284
40537.29,0.774685042490955
40537.3,0.746502704548569
40537.31,0.811705216262784
40537.32,0.785489892876343
40537.33,0.783402185648478
40537.34,0.794301089261791
40537.35,0.815260790636758
40537.36,0.826066450352225
40537.37,0.828183330354747
40537.38,0.823784870587435
40537.39,0.864746143914151
40537.4,0.868576830977131
40537.41,0.891470100876203
40537.42,0.856824953415318
40537.43,0.83915154064393
40537.44,0.815102011345973
40537.45,0.777292330860242
40537.46,0.788141690242319
40537.47,0.794430797733538
40537.48,0.823550811920026
40537.49,0.848379148742187
40537.5,0.842360814988408
40537.51,0.875420921225186
40537.52,0.902023364642955
40537.53,0.893635933758639
40537.54,0.909688212966894
40537.55,0.876601911197302
40537.56,0.867629903373307
40537.57,0.854559828942453
40537.58,0.838857800418323
40537.59,0.840189023298291
40537.6,0.885787643377663
40537.61,0.898894279686415
40537.62,0.952941114550532
40537.63,0.991413231805356
40537.64,0.945217828229492
40537.65,0.959694522098549
40537.66,0.907273605049042
40537.67,0.887588292169799
40537.68,0.873217927451352
40537.69,0.826665032888118
40537.7,0.851194679455688
40537.71,0.869116541739455
40537.72,0.887465128061259
40537.73,0.88413845728379
40537.74,0.859839335692363
40537.75,0.893686884268782
40537.76,0.898254377461131
40537.77,0.878735723959569
40537.78,0.857497811152108
40537.79,0.925303534367221
40537.8,0.966178595534464
40537.81,0.937732396011696
40537.82,0.9366847687025
40537.83,0.936988756325415
40537.84,0.931615144261182
40537.85,0.946949629491034
40537.86,0.925447055435211
40537.87,0.885609562544291
40537.88,0.885160808086348
40537.89,0.885334139716491
40537.9,0.871511125509029
40537.91,0.875446616333008
40537.92,0.867486081091522
40537.93,0.824684191927899
40537.94,0.797179391595356
40537.95,0.832859418338278
40537.96,0.841568584262377
40537.97,0.851781184798894
40537.98,0.84617259431176
40537.99,0.90983469006089
40538,0.917816157981397
40538.01,0.913686787847304
40538.02,0.883136447964555
40538.03,0.883151883477973
40538.04,0.88695667687759
40538.05,0.905463724406294
40538.06,0.863312170065839
40538.07,0.869753196008735
40538.08,0.881532946600233
40538.09,0.912875715441054
40538.1,0.913340445365484
40538.11,0.956294717921599
40538.12,0.952599604733915
40538.13,0.963587537293356
40538.14,0.964261413081725
40538.15,0.938273266276725
40538.16,0.902367611580068
40538.17,0.914268179380617
40538.18,0.864088240440615
40538.19,0.827889282611005
40538.2,0.809734364702805
40538.21,0.807231602340081
40538.22,0.825474620803611
40538.23,0.798230621828529
40538.24,0.815299617870843
40538.25,0.889391961825197
40538.26,0.883433174154024
40538.27,0.908963665087209
40538.28,0.932165868770216
40538.29,0.909419269822219
40538.3,0.949738712035982
40538.31,0.983279260989157
40538.32,0.95831878630292
40538.33,0.932527157409993
40538.34,0.90557685466361
40538.35,0.921501579583848
40538.36,0.969899402896008
40538.37,0.971111950717249
40538.38,1.00235454989477
40538.39,0.981734737653096
40538.4,0.988802649646418
40538.41,1.01471782424099
40538.42,0.969693079622239
40538.43,0.97120926346862
40538.44,0.963302713439652
40538.45,0.93774204288844
40538.46,0.90643708788188
40538.47,0.900256110545496
40538.48,0.92063512295932
40538.49,0.927887368305647
40538.5,0.932021067193867
40538.51,0.965922612723197
40538.52,0.984919949288573
40538.53,0.978045861393464
40538.54,0.967290407573018
40538.55,0.951946082995474
40538.56,0.951448409933086
40538.57,0.938169041474943
40538.58,0.929369603723446
40538.59,0.918032919015989
40538.6,0.920051268204401
40538.61,0.940414744700221
40538.62,0.917795618639759
40538.63,0.925672204233612
40538.64,0.934147428564149
40538.65,0.929432759039781
40538.66,0.948290468111498
40538.67,0.987904081034009
40538.68,1.01121724041002
40538.69,0.972145980610648
40538.7,0.991661022313341
40538.71,0.967502655742332
40538.72,0.960209070220567
40538.73,0.924296411139896
40538.74,0.914590057952225
40538.75,0.916167252999884
40538.76,0.938951119420847
40538.77,0.958708630441437
40538.78,0.984192212908818
40538.79,1.02999703112867
40538.8,0.996146450718331
40538.81,1.01989615182591
40538.82,1.02092969005247
40538.83,0.996816327728467
40538.84,0.936704249395175
40538.85,0.927184660576252
40538.86,0.889358928315544
40538.87,0.903277964894117
40538.88,0.906806447963512
40538.89,0.879912561945188
40538.9,0.862431393734167
40538.91,0.859290860472624
40538.92,0.852849809808071
40538.93,0.807328804657881
40538.94,0.789721005279435
40538.95,0.81005282339564
40538.96,0.804684134110017
40538.97,0.817128018318687
40538.98,0.832395674880153
40538.99,0.804049416819175
40539,0.790929984342496
40539.01,0.751675427002991
40539.02,0.763834904847248
40539.03,0.79626245348025
40539.04,0.797981685872684
40539.05,0.836834651090282
40539.06,0.880035019575628
40539.07,0.884305528133928
40539.08,0.871706500790596
40539.09,0.853291654497229
40539.1,0.846195970964856
40539.11,0.864276153820577
40539.12,0.852417597793269
40539.13,0.837891834862132
40539.14,0.880852205805673
40539.15,0.867788600588882
40539.16,0.892381971075524
40539.17,0.870695366478759
40539.18,0.874627858588297
40539.19,0.899500377407045
40539.2,0.890080822789871
40539.21,0.948036084409232
40539.22,0.958080975376716
40539.23,0.961717469994495
40539.24,0.962931840095276
40539.25,0.965511166982387
40539.26,0.908077433797907
40539.27,0.908154068987538
40539.28,0.942779046049148
40539.29,0.924187637657589
40539.3,0.970489622756496
40539.31,0.964601287440321
40539.32,0.918977583486432
40539.33,0.952500764280239
40539.34,0.934448401858628
40539.35,0.98469968188912
40539.36,0.960774422523161
40539.37,0.941654614777906
40539.38,0.989516330071444
40539.39,1.00672249531837
40539.4,0.98420578890787
40539.41,0.955610525640695
40539.42,0.945213371749033
40539.43,0.936526407499134
40539.44,0.931438249396072
40539.45,0.928867954187458
40539.46,0.891334669184005
40539.47,0.899148221926795
40539.48,0.923540442810752
40539.49,0.950167518352879
40539.5,0.938423575921246
40539.51,0.890492750011087
40539.52,0.869797299253699
40539.53,0.838441463310439
40539.54,0.828754410905621
40539.55,0.863383547837651
40539.56,0.853159230558042
40539.57,0.870461166583803
40539.58,0.841345674415235
40539.59,0.831182853115702
40539.6,0.827315409220868
40539.61,0.868748576817951
40539.62,0.859167069455453
40539.63,0.863658226560552
40539.64,0.844301783325867
40539.65,0.890797654308734
40539.66,0.884240260821931
40539.67,0.863746478770816
40539.68,0.899573094770959
40539.69,0.910283353128446
40539.7,0.879161589263808
40539.71,0.855497405017087
40539.72,0.881490382207051
40539.73,0.84997150987334
40539.74,0.871335683757481
40539.75,0.88386561899157
40539.76,0.936698731440221
40539.77,0.937925347587299
40539.78,0.922039424023391
40539.79,0.917184678695955
40539.8,0.895432789073809
40539.81,0.88350588195108
40539.82,0.847879387904673
40539.83,0.874389419224813
40539.84,0.86523395354049
40539.85,0.869138969703496
40539.86,0.868344838422355
40539.87,0.849752835540035
40539.88,0.85429767182201
40539.89,0.848353205178524
40539.9,0.840409929546486
40539.91,0.830565941548609
40539.92,0.863363783987043
40539.93,0.881483037508265
40539.94,0.897066674613926
40539.95,0.892177685136779
40539.96,0.87511121878382
40539.97,0.878204339390026
40539.98,0.892215511483096
40539.99,0.87925228216124
40540,0.89895633921653
40540.01,0.837118049823554
40540.02,0.834728718220462
40540.03,0.847252219474397
40540.04,0.838468024557494
40540.05,0.839622657207923
40540.06,0.852518977416363
40540.07,0.832753428819399
40540.08,0.798916796369943
40540.09,0.789564991254829
40540.1,0.750291120794667
40540.11,0.781076328685684
40540.12,0.811704450769373
40540.13,0.798631837460276
40540.14,0.782972893385969
40540.15,0.780299101235797
40540.16,0.757241259082127
40540.17,0.784741992400499
40540.18,0.786944891783652
40540.19,0.769277594589575
40540.2,0.779140394073052
40540.21,0.725667130417402
40540.22,0.70582985653557
40540.23,0.7014075560429
40540.24,0.696724587052122
40540.25,0.702124517454322
40540.26,0.716480920920943
40540.27,0.732461641214176
40540.28,0.737866948279826
40540.29,0.750569655838622
40540.3,0.755350702751682
40540.31,0.743727705540089
40540.32,0.7370946166765
40540.33,0.75567544152274
40540.34,0.76678130939396
40540.35,0.784019442680293
40540.36,0.730181686665765
40540.37,0.733888936990434
40540.38,0.712089517569175
40540.39,0.752228464731022
40540.4,0.727156008115939
40540.41,0.739048944639942
40540.42,0.73816699596706
40540.43,0.730241644088027
40540.44,0.749902539447364
40540.45,0.73776178233012
40540.46,0.745526073311067
40540.47,0.739961188813275
40540.48,0.726702171373413
40540.49,0.717336710657336
40540.5,0.675840953073871
40540.51,0.688326742728907
40540.52,0.689150117267514
40540.53,0.680953604500535
40540.54,0.655468374079058
40540.55,0.689113019666675
40540.56,0.705349331050716
40540.57,0.721675170282749
40540.58,0.725468599614513
40540.59,0.708739006685316
40540.6,0.730286904035247
40540.61,0.714419442670201
40540.62,0.668668130074874
40540.63,0.669119386740962
40540.64,0.689097042684062
40540.65,0.707508653757975
40540.66,0.717016123661897
40540.67,0.719483662058562
40540.68,0.710410394892262
40540.69,0.729921313837004
40540.7,0.684404666949448
40540.71,0.681946716911006
40540.72,0.657002948814623
40540.73,0.68079066276955
40540.74,0.711380678535529
40540.75,0.690208730933767
40540.76,0.714954670947558
40540.77,0.732532814278502
40540.78,0.725109472153904
40540.79,0.713346401937219
40540.8,0.71898014372154
40540.81,0.73621692282229
40540.82,0.736662679999292
40540.83,0.752229310987686
40540.84,0.793213128347784
40540.85,0.813006383065275
40540.86,0.791623338432452
40540.87,0.787221524052385
40540.88,0.80948788034232
40540.89,0.837670416880514
40540.9,0.824930255623349
40540.91,0.806229069197732
40540.92,0.832859257656206
40540.93,0.798041512917951
40540.94,0.804699365058784
40540.95,0.799672460710835
40540.96,0.834732379869122
40540.97,0.827481296831172
40540.98,0.832289590725124
40540.99,0.842103634336619
40541,0.863209000519693
40541.01,0.841682044105109
40541.02,0.79675939427746
40541.03,0.790311601695612
40541.04,0.78837798157935
40541.05,0.817524478950748
40541.06,0.779491252696095
40541.07,0.726820493490862
40541.08,0.720262309721863
40541.09,0.744276375982166
40541.1,0.741517340922669
40541.11,0.777312788079478
40541.12,0.76959384491793
40541.13,0.729605297964833
40541.14,0.71669220728491
40541.15,0.737961734449347
40541.16,0.70441845331929
40541.17,0.706553801138594
40541.18,0.714603950831208
40541.19,0.736687143070004
40541.2,0.722345811584461
40541.21,0.720780676447893
40541.22,0.699835090982304
40541.23,0.725183546242023
40541.24,0.744593162289785
40541.25,0.739621664175528
40541.26,0.75568225218461
40541.27,0.752347365848355
40541.28,0.765344277957132
40541.29,0.736190435007825
40541.3,0.753164890054583
40541.31,0.735383334955696
40541.32,0.726285031577706
40541.33,0.760789987506636
40541.34,0.79418999924788
40541.35,0.819966729483741
40541.36,0.845267171509107
40541.37,0.864919915710449
40541.38,0.837001945254361
40541.39,0.834170731714138
40541.4,0.82971974450686
40541.41,0.789515723682803
40541.42,0.814234695227667
40541.43,0.820146451264196
40541.44,0.828079146763765
40541.45,0.840949558459893
40541.46,0.845462882689475
40541.47,0.84191526147859
40541.48,0.819982099005142
40541.49,0.822759251003854
40541.5,0.78182777807538
40541.51,0.726636719607366
40541.52,0.735672554280439
40541.53,0.766633117947477
40541.54,0.753088243931471
40541.55,0.73944592692203
40541.56,0.740612470669015
40541.57,0.728976390870248
40541.58,0.719413053570145
40541.59,0.67869845057422
40541.6,0.688614843968955
40541.61,0.726832156340032
40541.62,0.730278814375516
40541.63,0.678187306082328
40541.64,0.647254664509225
40541.65,0.626714508741132
40541.66,0.614207727369592
40541.67,0.591011706370765
40541.68,0.58430555799666
40541.69,0.582914923319127
40541.7,0.588414872757047
40541.71,0.606989776335794
40541.72,0.589014874994166
40541.73,0.582003405431674
40541.74,0.579239827930186
40541.75,0.605019179811271
40541.76,0.619399078314152
40541.77,0.635326087707133
40541.78,0.637682192858727
40541.79,0.627969046041495
40541.8,0.639651877812943
40541.81,0.636974997861079
40541.82,0.650459594494839
40541.83,0.665620912713342
40541.84,0.656837015972759
40541.85,0.659774730154908
40541.86,0.687738607920062
40541.87,0.694427089911681
40541.88,0.66597240955839
40541.89,0.643580422968885
40541.9,0.64492817895684
40541.91,0.634059374090381
40541.92,0.654561584270224
40541.93,0.668937685931186
40541.94,0.684231965325553
40541.95,0.698889201596519
40541.96,0.718210137160191
40541.97,0.727645510527306
40541.98,0.744396984080306
40541.99,0.734965338704842
40542,0.743331994627122
40542.01,0.713158333452885
40542.02,0.695701082380545
40542.03,0.722798653463048
40542.04,0.712866413372093
40542.05,0.74234816914624
40542.06,0.67679152282799
40542.07,0.662190887005765
40542.08,0.689121728435307
40542.09,0.727159269037725
40542.1,0.765345454999023
40542.11,0.754927834481928
40542.12,0.760780847008909
40542.13,0.746497543540254
40542.14,0.720891537139322
40542.15,0.723026935288487
40542.16,0.685528485636317
40542.17,0.70117074623635
40542.18,0.720928402409467
40542.19,0.686439959573943
40542.2,0.669131745962787
40542.21,0.675643041421146
40542.22,0.662859105210591
40542.23,0.719694059181966
40542.24,0.723582684745605
40542.25,0.746362610517963
40542.26,0.717457345329304
40542.27,0.73803849532601
40542.28,0.712762335677673
40542.29,0.733407312737723
40542.3,0.742524667646094
40542.31,0.7445197803859
40542.32,0.772180781709745
40542.33,0.74976792789386
40542.34,0.709109468037722
40542.35,0.735967512117499
40542.36,0.754374384428563
40542.37,0.733158521283526
40542.38,0.708496165266709
40542.39,0.739180640818622
40542.4,0.762660241397154
40542.41,0.753201281005887
40542.42,0.740851039332103
40542.43,0.7206223499733
40542.44,0.73432100345843
40542.45,0.74885394454793
40542.46,0.724990353014248
40542.47,0.725095103148651
40542.48,0.727442274981028
40542.49,0.705043372428459
40542.5,0.707165814086946
40542.51,0.700057191659849
40542.52,0.677868039832155
40542.53,0.677989628375922
40542.54,0.693771615533387
40542.55,0.667124891370332
40542.56,0.677165661732943
40542.57,0.717594794795185
40542.58,0.712112826667747
40542.59,0.720551048670903
40542.6,0.717003286192377
40542.61,0.673651010813461
40542.62,0.638596010403996
40542.63,0.625077929337949
40542.64,0.628425219173436
40542.65,0.627722523612775
40542.66,0.614295652095952
40542.67,0.618973054080677
40542.68,0.622883889299314
40542.69,0.599600372338393
40542.7,0.592570178172219
40542.71,0.601085435193022
40542.72,0.610817919392402
40542.73,0.601862405097118
40542.74,0.592562980698091
40542.75,0.601996474121314
40542.76,0.585439937208751
40542.77,0.582746164664965
40542.78,0.60324614186586
40542.79,0.608039483874486
40542.8,0.610421380462598
40542.81,0.614742101519138
40542.82,0.633825002846471
40542.83,0.633466974785537
40542.84,0.621589586351254
40542.85,0.624739323414746
40542.86,0.637225363485384
40542.87,0.663800532423976
40542.88,0.663944597851448
40542.89,0.622820748892698
40542.9,0.600692205829678
40542.91,0.630744170557434
40542.92,0.634918680102709
40542.93,0.619006110511048
40542.94,0.608369758132082
40542.95,0.587443910323619
40542.96,0.583613903203077
40542.97,0.608018305994643
40542.98,0.615009252709782
40542.99,0.613397126304684
40543,0.634775266972767
40543.01,0.61897605836556
40543.02,0.622413194737231
40543.03,0.597697689026851
40543.04,0.612299804584247
40543.05,0.629232617256794
40543.06,0.672638353845106
40543.07,0.692062466994664
40543.08,0.726318076409828
40543.09,0.696573828850582
40543.1,0.714877708105591
40543.11,0.725857402081971
40543.12,0.741314201300338
40543.13,0.725773866652946
40543.14,0.719232249613707
40543.15,0.751044595912396
