t, Obs_Wetland Cell 6 Water depth (m)_expression
40178.80000,0.912936
40178.81000,0.913543
40178.82000,0.913409
40178.83000,0.913276
40178.84000,0.913143
40178.85000,0.913009
40178.86000,0.912876
40178.87000,0.912743
40178.88000,0.91261
40178.89000,0.912476
40178.90000,0.912355
40178.91000,0.912255
40178.92000,0.912155
40178.93000,0.912055
40178.94000,0.911955
40178.95000,0.911855
40178.96000,0.911755
40178.97000,0.911655
40178.98000,0.911555
40178.99000,0.911455
40179.00000,0.911355
40179.01000,0.911255
40179.02000,0.911155
40179.03000,0.911055
40179.04000,0.910955
40179.05000,0.910855
40179.06000,0.910755
40179.07000,0.910655
40179.08000,0.910555
40179.09000,0.910456
40179.10000,0.910356
40179.11000,0.910256
40179.12000,0.910156
40179.13000,0.910056
40179.14000,0.909956
40179.15000,0.909856
40179.16000,0.909756
40179.17000,0.909656
40179.18000,0.909556
40179.19000,0.909456
40179.20000,0.909356
40179.21000,0.909256
40179.22000,0.909156
40179.23000,0.909056
40179.24000,0.908956
40179.25000,0.908856
40179.26000,0.908756
40179.27000,0.908656
40179.28000,0.908554
40179.29000,0.908449
40179.30000,0.908344
40179.31000,0.908239
40179.32000,0.908125
40179.33000,0.907974
40179.34000,0.907823
40179.35000,0.907673
40179.36000,0.907522
40179.37000,0.907319
40179.38000,0.907117
40179.39000,0.906914
40179.40000,0.906712
40179.41000,0.906478
40179.42000,0.906235
40179.43000,0.905993
40179.44000,0.905751
40179.45000,0.905496
40179.46000,0.905232
40179.47000,0.904968
40179.48000,0.904705
40179.49000,0.90444
40179.50000,0.904175
40179.51000,0.903911
40179.52000,0.903646
40179.53000,0.903384
40179.54000,0.903139
40179.55000,0.902894
40179.56000,0.902649
40179.57000,0.902404
40179.58000,0.902195
40179.59000,0.901989
40179.60000,0.901782
40179.61000,0.901576
40179.62000,0.901406
40179.63000,0.90125
40179.64000,0.901094
40179.65000,0.900937
40179.66000,0.900804
40179.67000,0.900691
40179.68000,0.900579
40179.69000,0.900466
40179.70000,0.900357
40179.71000,0.900257
40179.72000,0.900156
40179.73000,0.900056
40179.74000,0.899955
40179.75000,0.899855
40179.76000,0.899754
40179.77000,0.899654
40179.78000,0.899553
40179.79000,0.899452
40179.80000,0.899352
40179.81000,0.899251
40179.82000,0.899151
40179.83000,0.89905
40179.84000,0.89895
40179.85000,0.898849
40179.86000,0.898749
40179.87000,0.898648
40179.88000,0.898547
40179.89000,0.898447
40179.90000,0.898346
40179.91000,0.898246
40179.92000,0.898145
40179.93000,0.898045
40179.94000,0.897944
40179.95000,0.897843
40179.96000,0.897743
40179.97000,0.897642
40179.98000,0.897542
40179.99000,0.897441
40180.00000,0.89734
40180.01000,0.89724
40180.02000,0.897139
40180.03000,0.897038
40180.04000,0.896937
40180.05000,0.896837
40180.06000,0.896736
40180.07000,0.896636
40180.08000,0.896535
40180.09000,0.896434
40180.10000,0.896334
40180.11000,0.896233
40180.12000,0.896132
40180.13000,0.896032
40180.14000,0.895931
40180.15000,0.89583
40180.16000,0.89573
40180.17000,0.895629
40180.18000,0.895528
40180.19000,0.895428
40180.20000,0.895327
40180.21000,0.895227
40180.22000,0.895126
40180.23000,0.895025
40180.24000,0.894925
40180.25000,0.894824
40180.26000,0.894723
40180.27000,0.894622
40180.28000,0.894522
40180.29000,0.894417
40180.30000,0.894302
40180.31000,0.894186
40180.32000,0.894071
40180.33000,0.893952
40180.34000,0.893783
40180.35000,0.893614
40180.36000,0.893445
40180.37000,0.893276
40180.38000,0.893063
40180.39000,0.892844
40180.40000,0.892624
40180.41000,0.892405
40180.42000,0.892162
40180.43000,0.891906
40180.44000,0.89165
40180.45000,0.891395
40180.46000,0.891132
40180.47000,0.89086
40180.48000,0.890588
40180.49000,0.890315
40180.50000,0.890044
40180.51000,0.889778
40180.52000,0.889511
40180.53000,0.889244
40180.54000,0.888977
40180.55000,0.888736
40180.56000,0.888495
40180.57000,0.888254
40180.58000,0.888013
40180.59000,0.887806
40180.60000,0.887608
40180.61000,0.88741
40180.62000,0.887212
40180.63000,0.887044
40180.64000,0.886899
40180.65000,0.886753
40180.66000,0.886608
40180.67000,0.886479
40180.68000,0.886377
40180.69000,0.886275
40180.70000,0.886173
40180.71000,0.886071
40180.72000,0.88597
40180.73000,0.885869
40180.74000,0.885767
40180.75000,0.885666
40180.76000,0.885533
40180.77000,0.885399
40180.78000,0.885264
40180.79000,0.885129
40180.80000,0.884994
40180.81000,0.88486
40180.82000,0.884725
40180.83000,0.884591
40180.84000,0.884456
40180.85000,0.884321
40180.86000,0.884187
40180.87000,0.884052
40180.88000,0.883918
40180.89000,0.883783
40180.90000,0.883649
40180.91000,0.883514
40180.92000,0.88338
40180.93000,0.883245
40180.94000,0.88311
40180.95000,0.882976
40180.96000,0.882841
40180.97000,0.882706
40180.98000,0.882572
40180.99000,0.882437
40181.00000,0.882302
40181.01000,0.882167
40181.02000,0.882033
40181.03000,0.881898
40181.04000,0.881763
40181.05000,0.881628
40181.06000,0.881494
40181.07000,0.881359
40181.08000,0.881224
40181.09000,0.881089
40181.10000,0.880954
40181.11000,0.88082
40181.12000,0.880685
40181.13000,0.88055
40181.14000,0.880415
40181.15000,0.880281
40181.16000,0.88015
40181.17000,0.880028
40181.18000,0.879907
40181.19000,0.879785
40181.20000,0.879664
40181.21000,0.879542
40181.22000,0.879421
40181.23000,0.879299
40181.24000,0.879178
40181.25000,0.879056
40181.26000,0.878935
40181.27000,0.878813
40181.28000,0.878692
40181.29000,0.87857
40181.30000,0.878449
40181.31000,0.878327
40181.32000,0.878206
40181.33000,0.878084
40181.34000,0.87788
40181.35000,0.87761
40181.36000,0.877339
40181.37000,0.877069
40181.38000,0.876798
40181.39000,0.876527
40181.40000,0.876257
40181.41000,0.875986
40181.42000,0.875716
40181.43000,0.875445
40181.44000,0.875174
40181.45000,0.874904
40181.46000,0.874633
40181.47000,0.874363
40181.48000,0.874092
40181.49000,0.873822
40181.50000,0.873551
40181.51000,0.87328
40181.52000,0.873129
40181.53000,0.873008
40181.54000,0.872888
40181.55000,0.872767
40181.56000,0.872646
40181.57000,0.872525
40181.58000,0.872405
40181.59000,0.872284
40181.60000,0.872163
40181.61000,0.872042
40181.62000,0.871922
40181.63000,0.871801
40181.64000,0.87168
40181.65000,0.871559
40181.66000,0.871439
40181.67000,0.871318
40181.68000,0.871197
40181.69000,0.871077
40181.70000,0.870976
40181.71000,0.870875
40181.72000,0.870774
40181.73000,0.870673
40181.74000,0.870572
40181.75000,0.870471
40181.76000,0.87037
40181.77000,0.870269
40181.78000,0.870168
40181.79000,0.870067
40181.80000,0.869966
40181.81000,0.869864
40181.82000,0.869763
40181.83000,0.869662
40181.84000,0.869561
40181.85000,0.86946
40181.86000,0.869359
40181.87000,0.869258
40181.88000,0.869157
40181.89000,0.869056
40181.90000,0.868955
40181.91000,0.868854
40181.92000,0.868753
40181.93000,0.868651
40181.94000,0.86855
40181.95000,0.868449
40181.96000,0.868348
40181.97000,0.868247
40181.98000,0.868146
40181.99000,0.868045
40182.00000,0.867944
40182.01000,0.867843
40182.02000,0.867741
40182.03000,0.86764
40182.04000,0.867539
40182.05000,0.867438
40182.06000,0.867337
40182.07000,0.867236
40182.08000,0.867135
40182.09000,0.867034
40182.10000,0.866933
40182.11000,0.866832
40182.12000,0.866731
40182.13000,0.86663
40182.14000,0.866529
40182.15000,0.866427
40182.16000,0.866326
40182.17000,0.866225
40182.18000,0.866124
40182.19000,0.866023
40182.20000,0.865922
40182.21000,0.865821
40182.22000,0.86572
40182.23000,0.865542
40182.24000,0.86534
40182.25000,0.865139
40182.26000,0.864937
40182.27000,0.864736
40182.28000,0.864534
40182.29000,0.864333
40182.30000,0.864131
40182.31000,0.86393
40182.32000,0.863728
40182.33000,0.863526
40182.34000,0.863325
40182.35000,0.863123
40182.36000,0.862922
40182.37000,0.86272
40182.38000,0.862519
40182.39000,0.862317
40182.40000,0.862115
40182.41000,0.861873
40182.42000,0.861631
40182.43000,0.861388
40182.44000,0.861146
40182.45000,0.860904
40182.46000,0.860661
40182.47000,0.860419
40182.48000,0.860177
40182.49000,0.859935
40182.50000,0.859692
40182.51000,0.85945
40182.52000,0.859208
40182.53000,0.858965
40182.54000,0.858723
40182.55000,0.858481
40182.56000,0.858238
40182.57000,0.857996
40182.58000,0.857789
40182.59000,0.857688
40182.60000,0.857586
40182.61000,0.857485
40182.62000,0.857383
40182.63000,0.857282
40182.64000,0.857181
40182.65000,0.857079
40182.66000,0.856978
40182.67000,0.856876
40182.68000,0.856775
40182.69000,0.856674
40182.70000,0.856572
40182.71000,0.856471
40182.72000,0.856369
40182.73000,0.856268
40182.74000,0.856167
40182.75000,0.856065
40182.76000,0.855964
40182.77000,0.855863
40182.78000,0.855761
40182.79000,0.85566
40182.80000,0.855559
40182.81000,0.855458
40182.82000,0.855357
40182.83000,0.855255
40182.84000,0.855154
40182.85000,0.855053
40182.86000,0.854952
40182.87000,0.85485
40182.88000,0.854749
40182.89000,0.854648
40182.90000,0.854547
40182.91000,0.854445
40182.92000,0.854344
40182.93000,0.854243
40182.94000,0.854142
40182.95000,0.85404
40182.96000,0.853939
40182.97000,0.853838
40182.98000,0.853736
40182.99000,0.853635
40183.00000,0.853534
40183.01000,0.853433
40183.02000,0.853331
40183.03000,0.85323
40183.04000,0.853129
40183.05000,0.853028
40183.06000,0.852926
40183.07000,0.852825
40183.08000,0.852724
40183.09000,0.852623
40183.10000,0.852521
40183.11000,0.85242
40183.12000,0.852319
40183.13000,0.852217
40183.14000,0.852116
40183.15000,0.852015
40183.16000,0.851913
40183.17000,0.851812
40183.18000,0.851711
40183.19000,0.851609
40183.20000,0.851508
40183.21000,0.851406
40183.22000,0.851305
40183.23000,0.851204
40183.24000,0.851102
40183.25000,0.851001
40183.26000,0.8509
40183.27000,0.850798
40183.28000,0.850697
40183.29000,0.850561
40183.30000,0.850299
40183.31000,0.850038
40183.32000,0.849777
40183.33000,0.849516
40183.34000,0.849254
40183.35000,0.848993
40183.36000,0.848732
40183.37000,0.84847
40183.38000,0.848209
40183.39000,0.847948
40183.40000,0.847687
40183.41000,0.847425
40183.42000,0.847164
40183.43000,0.846903
40183.44000,0.846642
40183.45000,0.84638
40183.46000,0.846119
40183.47000,0.845897
40183.48000,0.84572
40183.49000,0.845543
40183.50000,0.845366
40183.51000,0.845189
40183.52000,0.845012
40183.53000,0.844835
40183.54000,0.844658
40183.55000,0.844481
40183.56000,0.844304
40183.57000,0.844127
40183.58000,0.84395
40183.59000,0.843774
40183.60000,0.843597
40183.61000,0.84342
40183.62000,0.843243
40183.63000,0.843066
40183.64000,0.842889
40183.65000,0.842765
40183.66000,0.842663
40183.67000,0.842562
40183.68000,0.84246
40183.69000,0.842358
40183.70000,0.842257
40183.71000,0.842155
40183.72000,0.842053
40183.73000,0.841952
40183.74000,0.84185
40183.75000,0.841748
40183.76000,0.841647
40183.77000,0.841545
40183.78000,0.841443
40183.79000,0.841342
40183.80000,0.84124
40183.81000,0.841138
40183.82000,0.841037
40183.83000,0.840935
40183.84000,0.840833
40183.85000,0.840731
40183.86000,0.840629
40183.87000,0.840528
40183.88000,0.840426
40183.89000,0.840324
40183.90000,0.840222
40183.91000,0.840121
40183.92000,0.840019
40183.93000,0.839917
40183.94000,0.839815
40183.95000,0.839713
40183.96000,0.839612
40183.97000,0.83951
40183.98000,0.839408
40183.99000,0.839306
40184.00000,0.839204
40184.01000,0.839103
40184.02000,0.839001
40184.03000,0.838899
40184.04000,0.838797
40184.05000,0.838695
40184.06000,0.838594
40184.07000,0.838492
40184.08000,0.83839
40184.09000,0.838288
40184.10000,0.838187
40184.11000,0.838085
40184.12000,0.837983
40184.13000,0.837881
40184.14000,0.837779
40184.15000,0.837678
40184.16000,0.837576
40184.17000,0.837474
40184.18000,0.837354
40184.19000,0.837209
40184.20000,0.837064
40184.21000,0.836919
40184.22000,0.836775
40184.23000,0.83663
40184.24000,0.836485
40184.25000,0.83634
40184.26000,0.836195
40184.27000,0.836051
40184.28000,0.835906
40184.29000,0.835761
40184.30000,0.835616
40184.31000,0.835472
40184.32000,0.835327
40184.33000,0.835182
40184.34000,0.835037
40184.35000,0.834892
40184.36000,0.834661
40184.37000,0.834388
40184.38000,0.834115
40184.39000,0.833842
40184.40000,0.833569
40184.41000,0.833296
40184.42000,0.833023
40184.43000,0.83275
40184.44000,0.832477
40184.45000,0.832204
40184.46000,0.831931
40184.47000,0.831658
40184.48000,0.831385
40184.49000,0.831112
40184.50000,0.830839
40184.51000,0.830566
40184.52000,0.830293
40184.53000,0.83002
40184.54000,0.829902
40184.55000,0.8298
40184.56000,0.829697
40184.57000,0.829594
40184.58000,0.829491
40184.59000,0.829388
40184.60000,0.829285
40184.61000,0.829182
40184.62000,0.82908
40184.63000,0.828977
40184.64000,0.828874
40184.65000,0.828771
40184.66000,0.828668
40184.67000,0.828565
40184.68000,0.828462
40184.69000,0.828359
40184.70000,0.828257
40184.71000,0.828154
40184.72000,0.828052
40184.73000,0.82795
40184.74000,0.827848
40184.75000,0.827746
40184.76000,0.827644
40184.77000,0.827542
40184.78000,0.82744
40184.79000,0.827338
40184.80000,0.827236
40184.81000,0.827134
40184.82000,0.827032
40184.83000,0.82693
40184.84000,0.826828
40184.85000,0.826726
40184.86000,0.826624
40184.87000,0.826522
40184.88000,0.82642
40184.89000,0.826318
40184.90000,0.826216
40184.91000,0.826114
40184.92000,0.826012
40184.93000,0.82591
40184.94000,0.825808
40184.95000,0.825706
40184.96000,0.825604
40184.97000,0.825502
40184.98000,0.8254
40184.99000,0.825298
40185.00000,0.825196
40185.01000,0.825094
40185.02000,0.824992
40185.03000,0.82489
40185.04000,0.824787
40185.05000,0.824685
40185.06000,0.824583
40185.07000,0.824481
40185.08000,0.824379
40185.09000,0.824277
40185.10000,0.824175
40185.11000,0.824073
40185.12000,0.823971
40185.13000,0.823869
40185.14000,0.823767
40185.15000,0.823665
40185.16000,0.823563
40185.17000,0.823461
40185.18000,0.823359
40185.19000,0.823257
40185.20000,0.823154
40185.21000,0.823052
40185.22000,0.82295
40185.23000,0.822848
40185.24000,0.822746
40185.25000,0.822535
40185.26000,0.822308
40185.27000,0.822082
40185.28000,0.821856
40185.29000,0.82163
40185.30000,0.821404
40185.31000,0.821178
40185.32000,0.820951
40185.33000,0.820725
40185.34000,0.820499
40185.35000,0.820273
40185.36000,0.820047
40185.37000,0.819821
40185.38000,0.819595
40185.39000,0.819368
40185.40000,0.819142
40185.41000,0.818916
40185.42000,0.818689
40185.43000,0.818459
40185.44000,0.818228
40185.45000,0.817997
40185.46000,0.817767
40185.47000,0.817536
40185.48000,0.817305
40185.49000,0.817074
40185.50000,0.816844
40185.51000,0.816613
40185.52000,0.816382
40185.53000,0.816152
40185.54000,0.815921
40185.55000,0.81569
40185.56000,0.81546
40185.57000,0.815229
40185.58000,0.814998
40185.59000,0.814767
40185.60000,0.814584
40185.61000,0.814482
40185.62000,0.81438
40185.63000,0.814277
40185.64000,0.814175
40185.65000,0.814073
40185.66000,0.813971
40185.67000,0.813868
40185.68000,0.813766
40185.69000,0.813664
40185.70000,0.813562
40185.71000,0.813459
40185.72000,0.813357
40185.73000,0.813255
40185.74000,0.813153
40185.75000,0.81305
40185.76000,0.812948
40185.77000,0.812846
40185.78000,0.812779
40185.79000,0.812733
40185.80000,0.812688
40185.81000,0.812643
40185.82000,0.812598
40185.83000,0.812552
40185.84000,0.812507
40185.85000,0.812462
40185.86000,0.812417
40185.87000,0.812371
40185.88000,0.812326
40185.89000,0.812281
40185.90000,0.812236
40185.91000,0.812191
40185.92000,0.812145
40185.93000,0.8121
40185.94000,0.812055
40185.95000,0.81201
40185.96000,0.811993
40185.97000,0.811982
40185.98000,0.811971
40185.99000,0.811959
40186.00000,0.811948
40186.01000,0.811937
40186.02000,0.811926
40186.03000,0.811914
40186.04000,0.81184
40186.05000,0.81178
40186.06000,0.811736
40186.07000,0.811694
40186.08000,0.811653
40186.09000,0.811612
40186.10000,0.81157
40186.11000,0.811521
40186.12000,0.811456
40186.13000,0.811377
40186.14000,0.811284
40186.15000,0.811187
40186.16000,0.811106
40186.17000,0.811039
40186.18000,0.810987
40186.19000,0.810942
40186.20000,0.810882
40186.21000,0.810808
40186.22000,0.810719
40186.23000,0.809697
40186.24000,0.80954
40186.25000,0.809383
40186.26000,0.809226
40186.27000,0.809069
40186.28000,0.808913
40186.29000,0.808756
40186.30000,0.808599
40186.31000,0.808442
40186.32000,0.808285
40186.33000,0.808128
40186.34000,0.807776
40186.35000,0.807424
40186.36000,0.807071
40186.37000,0.806719
40186.38000,0.806367
40186.39000,0.806015
40186.40000,0.805662
40186.41000,0.80531
40186.42000,0.804958
40186.43000,0.804606
40186.44000,0.804253
40186.45000,0.803901
40186.46000,0.803549
40186.47000,0.803268
40186.48000,0.803023
40186.49000,0.802777
40186.50000,0.802532
40186.51000,0.802287
40186.52000,0.802042
40186.53000,0.801796
40186.54000,0.801551
40186.55000,0.801306
40186.56000,0.801061
40186.57000,0.800815
40186.58000,0.80057
40186.59000,0.800325
40186.60000,0.80008
40186.61000,0.799834
40186.62000,0.799589
40186.63000,0.799344
40186.64000,0.799099
40186.65000,0.79895
40186.66000,0.798813
40186.67000,0.798676
40186.68000,0.798539
40186.69000,0.798403
40186.70000,0.798266
40186.71000,0.798129
40186.72000,0.797992
40186.73000,0.797856
40186.74000,0.797719
40186.75000,0.797582
40186.76000,0.797445
40186.77000,0.797309
40186.78000,0.797172
40186.79000,0.797035
40186.80000,0.796898
40186.81000,0.796762
40186.82000,0.796625
40186.83000,0.796488
40186.84000,0.796351
40186.85000,0.796215
40186.86000,0.796078
40186.87000,0.795941
40186.88000,0.795804
40186.89000,0.795667
40186.90000,0.795531
40186.91000,0.795394
40186.92000,0.795257
40186.93000,0.79512
40186.94000,0.794983
40186.95000,0.794846
40186.96000,0.794709
40186.97000,0.794573
40186.98000,0.794436
40186.99000,0.794299
40187.00000,0.794162
40187.01000,0.794025
40187.02000,0.793888
40187.03000,0.793751
40187.04000,0.793614
40187.05000,0.793478
40187.06000,0.793341
40187.07000,0.793204
40187.08000,0.793067
40187.09000,0.79293
40187.10000,0.792793
40187.11000,0.792656
40187.12000,0.792519
40187.13000,0.792383
40187.14000,0.792246
40187.15000,0.792109
40187.16000,0.791972
40187.17000,0.791835
40187.18000,0.791698
40187.19000,0.791561
40187.20000,0.791378
40187.21000,0.791162
40187.22000,0.790945
40187.23000,0.790729
40187.24000,0.790512
40187.25000,0.790295
40187.26000,0.790079
40187.27000,0.789862
40187.28000,0.789646
40187.29000,0.789429
40187.30000,0.789213
40187.31000,0.788996
40187.32000,0.788779
40187.33000,0.788563
40187.34000,0.788346
40187.35000,0.78813
40187.36000,0.787913
40187.37000,0.787697
40187.38000,0.78748
40187.39000,0.787263
40187.40000,0.787047
40187.41000,0.78683
40187.42000,0.786614
40187.43000,0.786397
40187.44000,0.78618
40187.45000,0.785964
40187.46000,0.785747
40187.47000,0.785531
40187.48000,0.785314
40187.49000,0.785098
40187.50000,0.784881
40187.51000,0.784664
40187.52000,0.784448
40187.53000,0.784231
40187.54000,0.784015
40187.55000,0.783798
40187.56000,0.783582
40187.57000,0.783365
40187.58000,0.783148
40187.59000,0.782932
40187.60000,0.782715
40187.61000,0.782499
40187.62000,0.782332
40187.63000,0.782229
40187.64000,0.782126
40187.65000,0.782023
40187.66000,0.781919
40187.67000,0.781816
40187.68000,0.781713
40187.69000,0.78161
40187.70000,0.781507
40187.71000,0.781404
40187.72000,0.7813
40187.73000,0.781197
40187.74000,0.781094
40187.75000,0.780991
40187.76000,0.780888
40187.77000,0.780785
40187.78000,0.780681
40187.79000,0.780578
40187.80000,0.780475
40187.81000,0.780372
40187.82000,0.780269
40187.83000,0.780166
40187.84000,0.780062
40187.85000,0.779959
40187.86000,0.779856
40187.87000,0.779753
40187.88000,0.77965
40187.89000,0.779547
40187.90000,0.779443
40187.91000,0.77934
40187.92000,0.779237
40187.93000,0.779134
40187.94000,0.779031
40187.95000,0.778928
40187.96000,0.778824
40187.97000,0.778721
40187.98000,0.778618
40187.99000,0.778515
40188.00000,0.778412
40188.01000,0.778309
40188.02000,0.778206
40188.03000,0.778102
40188.04000,0.777951
40188.05000,0.777687
40188.06000,0.777424
40188.07000,0.77716
40188.08000,0.776896
40188.09000,0.776633
40188.10000,0.776369
40188.11000,0.776105
40188.12000,0.775842
40188.13000,0.775578
40188.14000,0.775314
40188.15000,0.775051
40188.16000,0.774787
40188.17000,0.774523
40188.18000,0.774259
40188.19000,0.773996
40188.20000,0.773732
40188.21000,0.773468
40188.22000,0.773205
40188.23000,0.772941
40188.24000,0.772677
40188.25000,0.772414
40188.26000,0.77215
40188.27000,0.771886
40188.28000,0.771623
40188.29000,0.771359
40188.30000,0.771095
40188.31000,0.770832
40188.32000,0.770568
40188.33000,0.770304
40188.34000,0.770041
40188.35000,0.769777
40188.36000,0.769513
40188.37000,0.76925
40188.38000,0.768986
40188.39000,0.768722
40188.40000,0.768459
40188.41000,0.768195
40188.42000,0.767931
40188.43000,0.767668
40188.44000,0.767404
40188.45000,0.76714
40188.46000,0.766902
40188.47000,0.766799
40188.48000,0.766695
40188.49000,0.766592
40188.50000,0.766488
40188.51000,0.766385
40188.52000,0.766282
40188.53000,0.766178
40188.54000,0.766075
40188.55000,0.765971
40188.56000,0.765868
40188.57000,0.765764
40188.58000,0.765661
40188.59000,0.765558
40188.60000,0.765454
40188.61000,0.765351
40188.62000,0.765247
40188.63000,0.765144
40188.64000,0.76504
40188.65000,0.764937
40188.66000,0.764834
40188.67000,0.76473
40188.68000,0.764627
40188.69000,0.764523
40188.70000,0.76442
40188.71000,0.764316
40188.72000,0.764213
40188.73000,0.76411
40188.74000,0.764006
40188.75000,0.763903
40188.76000,0.763799
40188.77000,0.763696
40188.78000,0.763592
40188.79000,0.763489
40188.80000,0.763385
40188.81000,0.763282
40188.82000,0.763179
40188.83000,0.763075
40188.84000,0.762972
40188.85000,0.762868
40188.86000,0.762765
40188.87000,0.762661
40188.88000,0.762558
40188.89000,0.762455
40188.90000,0.762351
40188.91000,0.762248
40188.92000,0.762144
40188.93000,0.762041
40188.94000,0.761938
40188.95000,0.761834
40188.96000,0.761731
40188.97000,0.761627
40188.98000,0.761524
40188.99000,0.761421
40189.00000,0.761317
40189.01000,0.761214
40189.02000,0.76111
40189.03000,0.761007
40189.04000,0.760904
40189.05000,0.7608
40189.06000,0.760697
40189.07000,0.760593
40189.08000,0.76049
40189.09000,0.760387
40189.10000,0.760283
40189.11000,0.76018
40189.12000,0.760076
40189.13000,0.759973
40189.14000,0.75987
40189.15000,0.759766
40189.16000,0.759663
40189.17000,0.759559
40189.18000,0.759456
40189.19000,0.759353
40189.20000,0.759249
40189.21000,0.759146
40189.22000,0.759042
40189.23000,0.758939
40189.24000,0.758836
40189.25000,0.758732
40189.26000,0.758629
40189.27000,0.758525
40189.28000,0.758422
40189.29000,0.758319
40189.30000,0.758215
40189.31000,0.758112
40189.32000,0.758008
40189.33000,0.757904
40189.34000,0.757801
40189.35000,0.757697
40189.36000,0.757594
40189.37000,0.75749
40189.38000,0.757386
40189.39000,0.757283
40189.40000,0.757179
40189.41000,0.757076
40189.42000,0.756972
40189.43000,0.756868
40189.44000,0.756765
40189.45000,0.756661
40189.46000,0.756558
40189.47000,0.756454
40189.48000,0.75635
40189.49000,0.756247
40189.50000,0.756143
40189.51000,0.75604
40189.52000,0.755936
40189.53000,0.755832
40189.54000,0.755729
40189.55000,0.755625
40189.56000,0.755522
40189.57000,0.755418
40189.58000,0.755314
40189.59000,0.755211
40189.60000,0.755107
40189.61000,0.755004
40189.62000,0.7549
40189.63000,0.754796
40189.64000,0.754693
40189.65000,0.754589
40189.66000,0.754486
40189.67000,0.754382
40189.68000,0.754278
40189.69000,0.754175
40189.70000,0.754071
40189.71000,0.753968
40189.72000,0.753864
40189.73000,0.75376
40189.74000,0.753656
40189.75000,0.753552
40189.76000,0.753449
40189.77000,0.753345
40189.78000,0.753241
40189.79000,0.753137
40189.80000,0.753033
40189.81000,0.752929
40189.82000,0.752825
40189.83000,0.752721
40189.84000,0.752617
40189.85000,0.752513
40189.86000,0.752409
40189.87000,0.752305
40189.88000,0.752202
40189.89000,0.752098
40189.90000,0.751994
40189.91000,0.75189
40189.92000,0.751786
40189.93000,0.751682
40189.94000,0.751578
40189.95000,0.751474
40189.96000,0.75137
40189.97000,0.751266
40189.98000,0.751162
40189.99000,0.751059
40190.00000,0.750955
40190.01000,0.750851
40190.02000,0.750747
40190.03000,0.750643
40190.04000,0.750539
40190.05000,0.750435
40190.06000,0.750331
40190.07000,0.750227
40190.08000,0.750123
40190.09000,0.750019
40190.10000,0.749915
40190.11000,0.749812
40190.12000,0.749708
40190.13000,0.749604
40190.14000,0.7495
40190.15000,0.749301
40190.16000,0.74904
40190.17000,0.748779
40190.18000,0.748517
40190.19000,0.748256
40190.20000,0.747995
40190.21000,0.747733
40190.22000,0.747472
40190.23000,0.74721
40190.24000,0.746949
40190.25000,0.746688
40190.26000,0.746426
40190.27000,0.746165
40190.28000,0.745904
40190.29000,0.745642
40190.30000,0.745381
40190.31000,0.74512
40190.32000,0.744858
40190.33000,0.744597
40190.34000,0.744336
40190.35000,0.744074
40190.36000,0.743813
40190.37000,0.743552
40190.38000,0.74329
40190.39000,0.743029
40190.40000,0.742768
40190.41000,0.742506
40190.42000,0.742245
40190.43000,0.741983
40190.44000,0.741722
40190.45000,0.741461
40190.46000,0.741199
40190.47000,0.740938
40190.48000,0.740677
40190.49000,0.740415
40190.50000,0.740154
40190.51000,0.739893
40190.52000,0.739631
40190.53000,0.73937
40190.54000,0.739109
40190.55000,0.738847
40190.56000,0.738586
40190.57000,0.738397
40190.58000,0.738293
40190.59000,0.738189
40190.60000,0.738084
40190.61000,0.73798
40190.62000,0.737876
40190.63000,0.737772
40190.64000,0.737668
40190.65000,0.737563
40190.66000,0.737459
40190.67000,0.737355
40190.68000,0.737251
40190.69000,0.737147
40190.70000,0.737042
40190.71000,0.736938
40190.72000,0.736834
40190.73000,0.73673
40190.74000,0.736626
40190.75000,0.736521
40190.76000,0.736417
40190.77000,0.736313
40190.78000,0.736209
40190.79000,0.736105
40190.80000,0.736
40190.81000,0.735896
40190.82000,0.735792
40190.83000,0.735688
40190.84000,0.735584
40190.85000,0.735479
40190.86000,0.735375
40190.87000,0.735271
40190.88000,0.735167
40190.89000,0.735063
40190.90000,0.734958
40190.91000,0.734854
40190.92000,0.73475
40190.93000,0.734646
40190.94000,0.734542
40190.95000,0.734437
40190.96000,0.734333
40190.97000,0.734229
40190.98000,0.734125
40190.99000,0.733984
40191.00000,0.733766
40191.01000,0.733548
40191.02000,0.733331
40191.03000,0.733113
40191.04000,0.732895
40191.05000,0.732677
40191.06000,0.732459
40191.07000,0.732242
40191.08000,0.732024
40191.09000,0.731806
40191.10000,0.731588
40191.11000,0.73137
40191.12000,0.731152
40191.13000,0.730935
40191.14000,0.730717
40191.15000,0.730499
40191.16000,0.730281
40191.17000,0.730063
40191.18000,0.729845
40191.19000,0.729628
40191.20000,0.72941
40191.21000,0.729192
40191.22000,0.728974
40191.23000,0.728756
40191.24000,0.728538
40191.25000,0.728321
40191.26000,0.728103
40191.27000,0.727885
40191.28000,0.727667
40191.29000,0.727449
40191.30000,0.727231
40191.31000,0.727014
40191.32000,0.726796
40191.33000,0.726578
40191.34000,0.72636
40191.35000,0.726142
40191.36000,0.725925
40191.37000,0.725707
40191.38000,0.725489
40191.39000,0.725271
40191.40000,0.725053
40191.41000,0.724856
40191.42000,0.724751
40191.43000,0.724647
40191.44000,0.724542
40191.45000,0.724438
40191.46000,0.724333
40191.47000,0.724229
40191.48000,0.724124
40191.49000,0.72402
40191.50000,0.723915
40191.51000,0.72381
40191.52000,0.723706
40191.53000,0.723601
40191.54000,0.723497
40191.55000,0.723392
40191.56000,0.723288
40191.57000,0.723183
40191.58000,0.723079
40191.59000,0.722974
40191.60000,0.72287
40191.61000,0.722765
40191.62000,0.72266
40191.63000,0.722556
40191.64000,0.722451
40191.65000,0.722347
40191.66000,0.722242
40191.67000,0.722138
40191.68000,0.722033
40191.69000,0.721929
40191.70000,0.721824
40191.71000,0.72172
40191.72000,0.721615
40191.73000,0.72151
40191.74000,0.721406
40191.75000,0.721301
40191.76000,0.721197
40191.77000,0.721092
40191.78000,0.720988
40191.79000,0.720883
40191.80000,0.720779
40191.81000,0.720674
40191.82000,0.72057
40191.83000,0.720465
40191.84000,0.72036
40191.85000,0.720256
40191.86000,0.720151
40191.87000,0.720047
40191.88000,0.719942
40191.89000,0.719837
40191.90000,0.719733
40191.91000,0.719628
40191.92000,0.719524
40191.93000,0.719419
40191.94000,0.719314
40191.95000,0.71921
40191.96000,0.719105
40191.97000,0.719001
40191.98000,0.718896
40191.99000,0.718791
40192.00000,0.718687
40192.01000,0.718582
40192.02000,0.718478
40192.03000,0.718373
40192.04000,0.718268
40192.05000,0.718164
40192.06000,0.718059
40192.07000,0.717955
40192.08000,0.71785
40192.09000,0.717745
40192.10000,0.717641
40192.11000,0.717536
40192.12000,0.717432
40192.13000,0.717327
40192.14000,0.717222
40192.15000,0.717118
40192.16000,0.717013
40192.17000,0.716909
40192.18000,0.716804
40192.19000,0.716699
40192.20000,0.716595
40192.21000,0.71649
40192.22000,0.716386
40192.23000,0.716281
40192.24000,0.716176
40192.25000,0.716072
40192.26000,0.715925
40192.27000,0.715773
40192.28000,0.715622
40192.29000,0.715471
40192.30000,0.715319
40192.31000,0.715168
40192.32000,0.715016
40192.33000,0.714865
40192.34000,0.714713
40192.35000,0.714562
40192.36000,0.71441
40192.37000,0.714259
40192.38000,0.714107
40192.39000,0.713956
40192.40000,0.713804
40192.41000,0.713653
40192.42000,0.713501
40192.43000,0.71335
40192.44000,0.713198
40192.45000,0.713047
40192.46000,0.712895
40192.47000,0.712744
40192.48000,0.712592
40192.49000,0.712441
40192.50000,0.712289
40192.51000,0.712138
40192.52000,0.711986
40192.53000,0.711835
40192.54000,0.711683
40192.55000,0.711532
40192.56000,0.71138
40192.57000,0.711229
40192.58000,0.711077
40192.59000,0.710926
40192.60000,0.710774
40192.61000,0.710623
40192.62000,0.710471
40192.63000,0.71032
40192.64000,0.710168
40192.65000,0.710017
40192.66000,0.709865
40192.67000,0.709714
40192.68000,0.709598
40192.69000,0.709493
40192.70000,0.709388
40192.71000,0.709283
40192.72000,0.709178
40192.73000,0.709073
40192.74000,0.708968
40192.75000,0.708863
40192.76000,0.708758
40192.77000,0.708653
40192.78000,0.708549
40192.79000,0.708444
40192.80000,0.708339
40192.81000,0.708234
40192.82000,0.708129
40192.83000,0.708024
40192.84000,0.707919
40192.85000,0.707814
40192.86000,0.707709
40192.87000,0.707604
40192.88000,0.707499
40192.89000,0.707394
40192.90000,0.707289
40192.91000,0.707185
40192.92000,0.70708
40192.93000,0.706975
40192.94000,0.70687
40192.95000,0.706765
40192.96000,0.70666
40192.97000,0.706555
40192.98000,0.70645
40192.99000,0.706345
40193.00000,0.70624
40193.01000,0.706135
40193.02000,0.70603
40193.03000,0.705926
40193.04000,0.705821
40193.05000,0.705716
40193.06000,0.705611
40193.07000,0.705506
40193.08000,0.705401
40193.09000,0.705296
40193.10000,0.705082
40193.11000,0.704802
40193.12000,0.704522
40193.13000,0.704242
40193.14000,0.703962
40193.15000,0.703682
40193.16000,0.703402
40193.17000,0.703123
40193.18000,0.702843
40193.19000,0.702563
40193.20000,0.702283
40193.21000,0.702003
40193.22000,0.701723
40193.23000,0.701443
40193.24000,0.701163
40193.25000,0.700883
40193.26000,0.700603
40193.27000,0.700323
40193.28000,0.700043
40193.29000,0.699763
40193.30000,0.699483
40193.31000,0.699203
40193.32000,0.698923
40193.33000,0.698643
40193.34000,0.698363
40193.35000,0.698083
40193.36000,0.697803
40193.37000,0.697523
40193.38000,0.697243
40193.39000,0.696963
40193.40000,0.696683
40193.41000,0.696403
40193.42000,0.696123
40193.43000,0.695843
40193.44000,0.695563
40193.45000,0.695283
40193.46000,0.695003
40193.47000,0.694723
40193.48000,0.694443
40193.49000,0.694163
40193.50000,0.693883
40193.51000,0.693603
40193.52000,0.693407
40193.53000,0.693302
40193.54000,0.693196
40193.55000,0.693091
40193.56000,0.692985
40193.57000,0.692879
40193.58000,0.692774
40193.59000,0.692668
40193.60000,0.692562
40193.61000,0.692457
40193.62000,0.692351
40193.63000,0.692246
40193.64000,0.69214
40193.65000,0.692034
40193.66000,0.691929
40193.67000,0.691823
40193.68000,0.691717
40193.69000,0.691612
40193.70000,0.691506
40193.71000,0.691401
40193.72000,0.691295
40193.73000,0.691189
40193.74000,0.691084
40193.75000,0.690978
40193.76000,0.690872
40193.77000,0.690767
40193.78000,0.690661
40193.79000,0.690556
40193.80000,0.69045
40193.81000,0.690344
40193.82000,0.690239
40193.83000,0.690133
40193.84000,0.690027
40193.85000,0.689922
40193.86000,0.689816
40193.87000,0.689711
40193.88000,0.689605
40193.89000,0.689499
40193.90000,0.689394
40193.91000,0.689288
40193.92000,0.689182
40193.93000,0.689077
40193.94000,0.688954
40193.95000,0.688797
40193.96000,0.68864
40193.97000,0.688484
40193.98000,0.688327
40193.99000,0.68817
40194.00000,0.688014
40194.01000,0.687857
40194.02000,0.6877
40194.03000,0.687544
40194.04000,0.687387
40194.05000,0.68723
40194.06000,0.687074
40194.07000,0.686917
40194.08000,0.68676
40194.09000,0.686604
40194.10000,0.686447
40194.11000,0.68629
40194.12000,0.686133
40194.13000,0.685977
40194.14000,0.68582
40194.15000,0.685663
40194.16000,0.685507
40194.17000,0.68535
40194.18000,0.685193
40194.19000,0.685037
40194.20000,0.68488
40194.21000,0.684723
40194.22000,0.684567
40194.23000,0.68441
40194.24000,0.684253
40194.25000,0.684097
40194.26000,0.68394
40194.27000,0.683783
40194.28000,0.683627
40194.29000,0.68347
40194.30000,0.683313
40194.31000,0.683157
40194.32000,0.683
40194.33000,0.682843
40194.34000,0.682687
40194.35000,0.68253
40194.36000,0.682383
40194.37000,0.682278
40194.38000,0.682172
40194.39000,0.682066
40194.40000,0.68196
40194.41000,0.681854
40194.42000,0.681748
40194.43000,0.681642
40194.44000,0.681536
40194.45000,0.681431
40194.46000,0.681325
40194.47000,0.681219
40194.48000,0.681113
40194.49000,0.681007
40194.50000,0.680901
40194.51000,0.680795
40194.52000,0.680689
40194.53000,0.680584
40194.54000,0.680478
40194.55000,0.680372
40194.56000,0.680266
40194.57000,0.68016
40194.58000,0.680054
40194.59000,0.679948
40194.60000,0.679842
40194.61000,0.679737
40194.62000,0.679631
40194.63000,0.679525
40194.64000,0.679419
40194.65000,0.679313
40194.66000,0.679207
40194.67000,0.679101
40194.68000,0.678995
40194.69000,0.67889
40194.70000,0.678784
40194.71000,0.678678
40194.72000,0.678572
40194.73000,0.678466
40194.74000,0.67836
40194.75000,0.678254
40194.76000,0.678148
40194.77000,0.678043
40194.78000,0.677943
40194.79000,0.677935
40194.80000,0.677928
40194.81000,0.677921
40194.82000,0.677913
40194.83000,0.677906
40194.84000,0.677899
40194.85000,0.677891
40194.86000,0.677884
40194.87000,0.677876
40194.88000,0.677869
40194.89000,0.677862
40194.90000,0.677854
40194.91000,0.677847
40194.92000,0.67784
40194.93000,0.677832
40194.94000,0.677825
40194.95000,0.677817
40194.96000,0.67781
40194.97000,0.677803
40194.98000,0.677795
40194.99000,0.677788
40195.00000,0.677781
40195.01000,0.677773
40195.02000,0.677766
40195.03000,0.677759
40195.04000,0.677751
40195.05000,0.677744
40195.06000,0.677736
40195.07000,0.677729
40195.08000,0.677722
40195.09000,0.677714
40195.10000,0.677707
40195.11000,0.6777
40195.12000,0.677692
40195.13000,0.677685
40195.14000,0.677677
40195.15000,0.67767
40195.16000,0.677663
40195.17000,0.677655
40195.18000,0.677648
40195.19000,0.677641
40195.20000,0.677633
40195.21000,0.677599
40195.22000,0.677564
40195.23000,0.677528
40195.24000,0.677437
40195.25000,0.677361
40195.26000,0.6773
40195.27000,0.677253
40195.28000,0.677221
40195.29000,0.677204
40195.30000,0.677201
40195.31000,0.677213
40195.32000,0.677244
40195.33000,0.677295
40195.34000,0.677364
40195.35000,0.67745
40195.36000,0.677578
40195.37000,0.677903
40195.38000,0.679961
40195.39000,0.684681
40195.40000,0.692309
40195.41000,0.70271
40195.42000,0.715562
40195.43000,0.73053
40195.44000,0.747354
40195.45000,0.765919
40195.46000,0.786064
40195.47000,0.807637
40195.48000,0.830279
40195.49000,0.851467
40195.50000,0.87057
40195.51000,0.887357
40195.52000,0.901773
40195.53000,0.913982
40195.54000,0.924086
40195.55000,0.93217
40195.56000,0.938318
40195.57000,0.943134
40195.58000,0.946993
40195.59000,0.950075
40195.60000,0.952498
40195.61000,0.957993
40195.62000,0.958296
40195.63000,0.9586
40195.64000,0.958904
40195.65000,0.959208
40195.66000,0.960213
40195.67000,0.961011
40195.68000,0.961607
40195.69000,0.961534
40195.70000,0.961543
40195.71000,0.961551
40195.72000,0.96156
40195.73000,0.961569
40195.74000,0.961577
40195.75000,0.961586
40195.76000,0.961595
40195.77000,0.961603
40195.78000,0.961612
40195.79000,0.961821
40195.80000,0.962229
40195.81000,0.962907
40195.82000,0.963693
40195.83000,0.964445
40195.84000,0.965071
40195.85000,0.965507
40195.86000,0.964691
40195.87000,0.964434
40195.88000,0.964178
40195.89000,0.963921
40195.90000,0.963665
40195.91000,0.963408
40195.92000,0.963152
40195.93000,0.962895
40195.94000,0.962638
40195.95000,0.962382
40195.96000,0.962125
40195.97000,0.961843
40195.98000,0.961561
40195.99000,0.961279
40196.00000,0.960997
40196.01000,0.960715
40196.02000,0.960433
40196.03000,0.960151
40196.04000,0.959869
40196.05000,0.959587
40196.06000,0.959305
40196.07000,0.959023
40196.08000,0.958741
40196.09000,0.958459
40196.10000,0.95819
40196.11000,0.957927
40196.12000,0.957664
40196.13000,0.957401
40196.14000,0.957139
40196.15000,0.956876
40196.16000,0.956613
40196.17000,0.956351
40196.18000,0.956088
40196.19000,0.955825
40196.20000,0.955563
40196.21000,0.9553
40196.22000,0.955037
40196.23000,0.954774
40196.24000,0.954512
40196.25000,0.954249
40196.26000,0.953986
40196.27000,0.953724
40196.28000,0.953306
40196.29000,0.952869
40196.30000,0.952433
40196.31000,0.951996
40196.32000,0.951559
40196.33000,0.951122
40196.34000,0.950685
40196.35000,0.950249
40196.36000,0.949812
40196.37000,0.949375
40196.38000,0.948938
40196.39000,0.948501
40196.40000,0.948064
40196.41000,0.947628
40196.42000,0.947191
40196.43000,0.946754
40196.44000,0.946317
40196.45000,0.94588
40196.46000,0.945444
40196.47000,0.945007
40196.48000,0.94457
40196.49000,0.944133
40196.50000,0.943696
40196.51000,0.943316
40196.52000,0.943183
40196.53000,0.943051
40196.54000,0.942918
40196.55000,0.942785
40196.56000,0.942653
40196.57000,0.94252
40196.58000,0.942388
40196.59000,0.942255
40196.60000,0.942122
40196.61000,0.94199
40196.62000,0.941857
40196.63000,0.941725
40196.64000,0.941592
40196.65000,0.941459
40196.66000,0.941327
40196.67000,0.941194
40196.68000,0.941062
40196.69000,0.940929
40196.70000,0.940796
40196.71000,0.940664
40196.72000,0.940531
40196.73000,0.940399
40196.74000,0.940266
40196.75000,0.940133
40196.76000,0.940001
40196.77000,0.939868
40196.78000,0.939736
40196.79000,0.939603
40196.80000,0.93947
40196.81000,0.939338
40196.82000,0.939205
40196.83000,0.939079
40196.84000,0.938957
40196.85000,0.938835
40196.86000,0.938714
40196.87000,0.938592
40196.88000,0.93847
40196.89000,0.938348
40196.90000,0.938227
40196.91000,0.938105
40196.92000,0.937983
40196.93000,0.937861
40196.94000,0.93774
40196.95000,0.937618
40196.96000,0.937496
40196.97000,0.937374
40196.98000,0.937252
40196.99000,0.937131
40197.00000,0.937009
40197.01000,0.936887
40197.02000,0.936765
40197.03000,0.936644
40197.04000,0.936522
40197.05000,0.9364
40197.06000,0.936278
40197.07000,0.936157
40197.08000,0.936035
40197.09000,0.935913
40197.10000,0.935791
40197.11000,0.93567
40197.12000,0.935548
40197.13000,0.935426
40197.14000,0.935304
40197.15000,0.934961
40197.16000,0.934611
40197.17000,0.934262
40197.18000,0.933913
40197.19000,0.933564
40197.20000,0.933214
40197.21000,0.932865
40197.22000,0.932516
40197.23000,0.932167
40197.24000,0.931817
40197.25000,0.931468
40197.26000,0.931119
40197.27000,0.93077
40197.28000,0.93042
40197.29000,0.930071
40197.30000,0.929722
40197.31000,0.929373
40197.32000,0.929023
40197.33000,0.928674
40197.34000,0.928325
40197.35000,0.927976
40197.36000,0.927626
40197.37000,0.927277
40197.38000,0.926928
40197.39000,0.926579
40197.40000,0.926229
40197.41000,0.92588
40197.42000,0.925531
40197.43000,0.925182
40197.44000,0.924832
40197.45000,0.924483
40197.46000,0.924236
40197.47000,0.924161
40197.48000,0.924087
40197.49000,0.924012
40197.50000,0.923938
40197.51000,0.923863
40197.52000,0.923788
40197.53000,0.923714
40197.54000,0.923639
40197.55000,0.923565
40197.56000,0.92349
40197.57000,0.923416
40197.58000,0.923341
40197.59000,0.923267
40197.60000,0.923192
40197.61000,0.923118
40197.62000,0.923043
40197.63000,0.922969
40197.64000,0.922894
40197.65000,0.92282
40197.66000,0.922745
40197.67000,0.922671
40197.68000,0.922596
40197.69000,0.922521
40197.70000,0.922447
40197.71000,0.922372
40197.72000,0.922298
40197.73000,0.922223
40197.74000,0.922149
40197.75000,0.922074
40197.76000,0.922
40197.77000,0.921925
40197.78000,0.921851
40197.79000,0.921776
40197.80000,0.921702
40197.81000,0.921627
40197.82000,0.921553
40197.83000,0.921478
40197.84000,0.921404
40197.85000,0.921329
40197.86000,0.921255
40197.87000,0.92118
40197.88000,0.921122
40197.89000,0.921119
40197.90000,0.921116
40197.91000,0.921113
40197.92000,0.92111
40197.93000,0.921107
40197.94000,0.921104
40197.95000,0.9211
40197.96000,0.921097
40197.97000,0.921094
40197.98000,0.921091
40197.99000,0.921088
40198.00000,0.921085
40198.01000,0.921082
40198.02000,0.921079
40198.03000,0.921076
40198.04000,0.921073
40198.05000,0.92107
40198.06000,0.921067
40198.07000,0.921064
40198.08000,0.921061
40198.09000,0.921058
40198.10000,0.921055
40198.11000,0.921051
40198.12000,0.921048
40198.13000,0.921045
40198.14000,0.921042
40198.15000,0.921039
40198.16000,0.921036
40198.17000,0.921033
40198.18000,0.92103
40198.19000,0.921027
40198.20000,0.920959
40198.21000,0.920939
40198.22000,0.921001
40198.23000,0.923454
40198.24000,0.923569
40198.25000,0.923683
40198.26000,0.923797
40198.27000,0.923912
40198.28000,0.924026
40198.29000,0.924666
40198.30000,0.925366
40198.31000,0.926115
40198.32000,0.926842
40198.33000,0.927494
40198.34000,0.928037
40198.35000,0.928446
40198.36000,0.928718
40198.37000,0.928459
40198.38000,0.928201
40198.39000,0.927942
40198.40000,0.927684
40198.41000,0.927425
40198.42000,0.927166
40198.43000,0.926908
40198.44000,0.926649
40198.45000,0.92639
40198.46000,0.926132
40198.47000,0.925844
40198.48000,0.925556
40198.49000,0.925268
40198.50000,0.92498
40198.51000,0.924692
40198.52000,0.924404
40198.53000,0.924116
40198.54000,0.923828
40198.55000,0.92354
40198.56000,0.923252
40198.57000,0.922965
40198.58000,0.922677
40198.59000,0.922389
40198.60000,0.922216
40198.61000,0.922102
40198.62000,0.921987
40198.63000,0.921872
40198.64000,0.921758
40198.65000,0.921643
40198.66000,0.921529
40198.67000,0.921414
40198.68000,0.9213
40198.69000,0.921185
40198.70000,0.92107
40198.71000,0.920956
40198.72000,0.920841
40198.73000,0.920727
40198.74000,0.920612
40198.75000,0.920497
40198.76000,0.920383
40198.77000,0.920268
40198.78000,0.920145
40198.79000,0.920021
40198.80000,0.919896
40198.81000,0.919772
40198.82000,0.919648
40198.83000,0.919523
40198.84000,0.919399
40198.85000,0.919275
40198.86000,0.91915
40198.87000,0.919026
40198.88000,0.918902
40198.89000,0.918777
40198.90000,0.918653
40198.91000,0.918529
40198.92000,0.918405
40198.93000,0.91828
40198.94000,0.918156
40198.95000,0.918032
40198.96000,0.917907
40198.97000,0.917783
40198.98000,0.917659
40198.99000,0.917534
40199.00000,0.91741
40199.01000,0.917289
40199.02000,0.91718
40199.03000,0.917071
40199.04000,0.916962
40199.05000,0.916853
40199.06000,0.916744
40199.07000,0.916635
40199.08000,0.916526
40199.09000,0.916417
40199.10000,0.916308
40199.11000,0.916199
40199.12000,0.91609
40199.13000,0.915981
40199.14000,0.915872
40199.15000,0.915763
40199.16000,0.915654
40199.17000,0.915545
40199.18000,0.915436
40199.19000,0.915327
40199.20000,0.915218
40199.21000,0.915109
40199.22000,0.915
40199.23000,0.914891
40199.24000,0.914783
40199.25000,0.914674
40199.26000,0.914565
40199.27000,0.914456
40199.28000,0.914347
40199.29000,0.914238
40199.30000,0.914129
40199.31000,0.91402
40199.32000,0.913911
40199.33000,0.913801
40199.34000,0.91369
40199.35000,0.91358
40199.36000,0.913469
40199.37000,0.913359
40199.38000,0.913248
40199.39000,0.913138
40199.40000,0.913027
40199.41000,0.912917
40199.42000,0.912806
40199.43000,0.912695
40199.44000,0.912585
40199.45000,0.912474
40199.46000,0.912364
40199.47000,0.912253
40199.48000,0.912143
40199.49000,0.912032
40199.50000,0.911921
40199.51000,0.911811
40199.52000,0.9117
40199.53000,0.91159
40199.54000,0.911479
40199.55000,0.911369
40199.56000,0.911258
40199.57000,0.911148
40199.58000,0.911037
40199.59000,0.910926
40199.60000,0.910816
40199.61000,0.910705
40199.62000,0.910595
40199.63000,0.910484
40199.64000,0.910374
40199.65000,0.910367
40199.66000,0.910362
40199.67000,0.910358
40199.68000,0.910353
40199.69000,0.910349
40199.70000,0.910345
40199.71000,0.91034
40199.72000,0.910336
40199.73000,0.910331
40199.74000,0.910327
40199.75000,0.910322
40199.76000,0.910318
40199.77000,0.910314
40199.78000,0.910309
40199.79000,0.910305
40199.80000,0.9103
40199.81000,0.910296
40199.82000,0.910291
40199.83000,0.910251
40199.84000,0.910277
40199.85000,0.910406
40199.86000,0.910748
40199.87000,0.91146
40199.88000,0.912691
40199.89000,0.914574
40199.90000,0.916972
40199.91000,0.91947
40199.92000,0.921838
40199.93000,0.923916
40199.94000,0.925685
40199.95000,0.927371
40199.96000,0.929056
40199.97000,0.930796
40199.98000,0.932622
40199.99000,0.934398
40200.00000,0.936072
40200.01000,0.93761
40200.02000,0.938986
40200.03000,0.940183
40200.04000,0.941191
40200.05000,0.942005
40200.06000,0.942624
40200.07000,0.943152
40200.08000,0.943664
40200.09000,0.944204
40200.10000,0.944812
40200.11000,0.945439
40200.12000,0.946015
40200.13000,0.946505
40200.14000,0.946884
40200.15000,0.947189
40200.16000,0.947498
40200.17000,0.947849
40200.18000,0.948277
40200.19000,0.948778
40200.20000,0.949262
40200.21000,0.949689
40200.22000,0.950027
40200.23000,0.949749
40200.24000,0.949579
40200.25000,0.949409
40200.26000,0.949239
40200.27000,0.949069
40200.28000,0.948899
40200.29000,0.948729
40200.30000,0.94856
40200.31000,0.94839
40200.32000,0.94822
40200.33000,0.94805
40200.34000,0.947666
40200.35000,0.947282
40200.36000,0.946898
40200.37000,0.946514
40200.38000,0.946131
40200.39000,0.945747
40200.40000,0.945363
40200.41000,0.944979
40200.42000,0.944595
40200.43000,0.944211
40200.44000,0.943827
40200.45000,0.943444
40200.46000,0.94306
40200.47000,0.942742
40200.48000,0.942459
40200.49000,0.942175
40200.50000,0.941891
40200.51000,0.941607
40200.52000,0.941323
40200.53000,0.941039
40200.54000,0.940755
40200.55000,0.940471
40200.56000,0.940187
40200.57000,0.939903
40200.58000,0.939619
40200.59000,0.939335
40200.60000,0.939051
40200.61000,0.938767
40200.62000,0.938484
40200.63000,0.9382
40200.64000,0.937916
40200.65000,0.937748
40200.66000,0.937595
40200.67000,0.937442
40200.68000,0.937288
40200.69000,0.937135
40200.70000,0.936982
40200.71000,0.936829
40200.72000,0.936676
40200.73000,0.936522
40200.74000,0.936369
40200.75000,0.936216
40200.76000,0.936063
40200.77000,0.93591
40200.78000,0.935756
40200.79000,0.935603
40200.80000,0.93545
40200.81000,0.935297
40200.82000,0.935144
40200.83000,0.93499
40200.84000,0.934837
40200.85000,0.934684
40200.86000,0.934531
40200.87000,0.934378
40200.88000,0.934232
40200.89000,0.934123
40200.90000,0.934013
40200.91000,0.933903
40200.92000,0.933794
40200.93000,0.933684
40200.94000,0.933574
40200.95000,0.933464
40200.96000,0.933355
40200.97000,0.933245
40200.98000,0.933135
40200.99000,0.933025
40201.00000,0.932916
40201.01000,0.932806
40201.02000,0.932696
40201.03000,0.932587
40201.04000,0.932477
40201.05000,0.932367
40201.06000,0.932257
40201.07000,0.932148
40201.08000,0.932038
40201.09000,0.931928
40201.10000,0.931818
40201.11000,0.931709
40201.12000,0.931599
40201.13000,0.931489
40201.14000,0.93138
40201.15000,0.93127
40201.16000,0.93116
40201.17000,0.93105
40201.18000,0.930941
40201.19000,0.930831
40201.20000,0.930616
40201.21000,0.930325
40201.22000,0.930034
40201.23000,0.929743
40201.24000,0.929453
40201.25000,0.929162
40201.26000,0.928871
40201.27000,0.92858
40201.28000,0.928289
40201.29000,0.927998
40201.30000,0.927707
40201.31000,0.927416
40201.32000,0.927125
40201.33000,0.926835
40201.34000,0.926544
40201.35000,0.926253
40201.36000,0.925962
40201.37000,0.925671
40201.38000,0.92538
40201.39000,0.925089
40201.40000,0.924798
40201.41000,0.924508
40201.42000,0.924217
40201.43000,0.923926
40201.44000,0.923635
40201.45000,0.923344
40201.46000,0.923053
40201.47000,0.922762
40201.48000,0.922471
40201.49000,0.92218
40201.50000,0.92189
40201.51000,0.921599
40201.52000,0.921495
40201.53000,0.921396
40201.54000,0.921297
40201.55000,0.921198
40201.56000,0.921099
40201.57000,0.920999
40201.58000,0.9209
40201.59000,0.920801
40201.60000,0.920702
40201.61000,0.920603
40201.62000,0.920504
40201.63000,0.920405
40201.64000,0.920306
40201.65000,0.920207
40201.66000,0.920108
40201.67000,0.920009
40201.68000,0.919909
40201.69000,0.91981
40201.70000,0.919711
40201.71000,0.919612
40201.72000,0.919513
40201.73000,0.919414
40201.74000,0.919315
40201.75000,0.919216
40201.76000,0.919117
40201.77000,0.919018
40201.78000,0.918919
40201.79000,0.918819
40201.80000,0.91872
40201.81000,0.918621
40201.82000,0.918522
40201.83000,0.918411
40201.84000,0.918279
40201.85000,0.918147
40201.86000,0.918015
40201.87000,0.917883
40201.88000,0.917751
40201.89000,0.917619
40201.90000,0.917487
40201.91000,0.917355
40201.92000,0.917223
40201.93000,0.917091
40201.94000,0.916959
40201.95000,0.916827
40201.96000,0.916695
40201.97000,0.916562
40201.98000,0.91643
40201.99000,0.916298
40202.00000,0.916166
40202.01000,0.916034
40202.02000,0.915902
40202.03000,0.91577
40202.04000,0.915638
40202.05000,0.915506
40202.06000,0.915374
40202.07000,0.915242
40202.08000,0.91511
40202.09000,0.914978
40202.10000,0.914846
40202.11000,0.914714
40202.12000,0.914582
40202.13000,0.91445
40202.14000,0.914318
40202.15000,0.914143
40202.16000,0.913956
40202.17000,0.913768
40202.18000,0.91358
40202.19000,0.913393
40202.20000,0.913205
40202.21000,0.913017
40202.22000,0.912829
40202.23000,0.912642
40202.24000,0.912454
40202.25000,0.912266
40202.26000,0.912079
40202.27000,0.911891
40202.28000,0.911703
40202.29000,0.911515
40202.30000,0.911328
40202.31000,0.91114
40202.32000,0.910952
40202.33000,0.910765
40202.34000,0.910577
40202.35000,0.910389
40202.36000,0.910201
40202.37000,0.910014
40202.38000,0.909826
40202.39000,0.909638
40202.40000,0.909451
40202.41000,0.909263
40202.42000,0.909075
40202.43000,0.908888
40202.44000,0.9087
40202.45000,0.908512
40202.46000,0.908324
40202.47000,0.908137
40202.48000,0.907949
40202.49000,0.907761
40202.50000,0.907574
40202.51000,0.907386
40202.52000,0.907198
40202.53000,0.90701
40202.54000,0.906823
40202.55000,0.906635
40202.56000,0.906447
40202.57000,0.906376
40202.58000,0.906374
40202.59000,0.906372
40202.60000,0.90637
40202.61000,0.906368
40202.62000,0.906366
40202.63000,0.906365
40202.64000,0.906363
40202.65000,0.906361
40202.66000,0.906359
40202.67000,0.906357
40202.68000,0.906355
40202.69000,0.906353
40202.70000,0.906351
40202.71000,0.90635
40202.72000,0.906348
40202.73000,0.906346
40202.74000,0.906344
40202.75000,0.906342
40202.76000,0.90634
40202.77000,0.906338
40202.78000,0.906336
40202.79000,0.906334
40202.80000,0.906333
40202.81000,0.906331
40202.82000,0.906329
40202.83000,0.906327
40202.84000,0.906325
40202.85000,0.906323
40202.86000,0.906321
40202.87000,0.906411
40202.88000,0.906786
40202.89000,0.907612
40202.90000,0.909019
40202.91000,0.911055
40202.92000,0.91376
40202.93000,0.91714
40202.94000,0.921046
40202.95000,0.924976
40202.96000,0.92869
40202.97000,0.932025
40202.98000,0.934887
40202.99000,0.93731
40203.00000,0.939291
40203.01000,0.940837
40203.02000,0.941959
40203.03000,0.942956
40203.04000,0.943968
40203.05000,0.945096
40203.06000,0.946423
40203.07000,0.948219
40203.08000,0.950734
40203.09000,0.954163
40203.10000,0.958655
40203.11000,0.963898
40203.12000,0.969469
40203.13000,0.975141
40203.14000,0.980754
40203.15000,0.98606
40203.16000,0.990755
40203.17000,0.994715
40203.18000,0.997879
40203.19000,1.00042
40203.20000,1.00298
40203.21000,1.00579
40203.22000,1.00904
40203.23000,1.0128
40203.24000,1.01644
40203.25000,1.01975
40203.26000,1.0226
40203.27000,1.0249
40203.28000,1.02663
40203.29000,1.02777
40203.30000,1.02833
40203.31000,1.02833
40203.32000,1.02532
40203.33000,1.02511
40203.34000,1.0249
40203.35000,1.02469
40203.36000,1.02449
40203.37000,1.02372
40203.38000,1.0231
40203.39000,1.02269
40203.40000,1.02242
40203.41000,1.0221
40203.42000,1.02166
40203.43000,1.02104
40203.44000,1.01091
40203.45000,1.00969
40203.46000,1.00848
40203.47000,1.00726
40203.48000,1.00605
40203.49000,1.00483
40203.50000,1.00362
40203.51000,1.0024
40203.52000,1.00118
40203.53000,0.999969
40203.54000,0.998754
40203.55000,0.997916
40203.56000,0.997077
40203.57000,0.996239
40203.58000,0.9954
40203.59000,0.994562
40203.60000,0.993723
40203.61000,0.992885
40203.62000,0.992046
40203.63000,0.991208
40203.64000,0.990369
40203.65000,0.989531
40203.66000,0.988692
40203.67000,0.987854
40203.68000,0.987186
40203.69000,0.986604
40203.70000,0.986023
40203.71000,0.985441
40203.72000,0.984859
40203.73000,0.984277
40203.74000,0.983695
40203.75000,0.983113
40203.76000,0.982531
40203.77000,0.981949
40203.78000,0.981367
40203.79000,0.980785
40203.80000,0.980203
40203.81000,0.979621
40203.82000,0.979039
40203.83000,0.978457
40203.84000,0.977875
40203.85000,0.977293
40203.86000,0.976847
40203.87000,0.976417
40203.88000,0.975987
40203.89000,0.975557
40203.90000,0.975127
40203.91000,0.974698
40203.92000,0.974268
40203.93000,0.973838
40203.94000,0.973408
40203.95000,0.972978
40203.96000,0.972549
40203.97000,0.972119
40203.98000,0.971689
40203.99000,0.971259
40204.00000,0.970829
40204.01000,0.9704
40204.02000,0.96997
40204.03000,0.96954
40204.04000,0.96911
40204.05000,0.96868
40204.06000,0.96825
40204.07000,0.967821
40204.08000,0.967391
40204.09000,0.96696
40204.10000,0.966524
40204.11000,0.966087
40204.12000,0.965651
40204.13000,0.965215
40204.14000,0.964778
40204.15000,0.964342
40204.16000,0.963906
40204.17000,0.963469
40204.18000,0.963033
40204.19000,0.962597
40204.20000,0.962161
40204.21000,0.961724
40204.22000,0.961288
40204.23000,0.960852
40204.24000,0.960415
40204.25000,0.959979
40204.26000,0.959543
40204.27000,0.959107
40204.28000,0.95867
40204.29000,0.958234
40204.30000,0.957798
40204.31000,0.957361
40204.32000,0.956925
40204.33000,0.956489
40204.34000,0.956052
40204.35000,0.955616
40204.36000,0.95518
40204.37000,0.954744
40204.38000,0.954307
40204.39000,0.953871
40204.40000,0.953435
40204.41000,0.953155
40204.42000,0.952989
40204.43000,0.952823
40204.44000,0.952658
40204.45000,0.952492
40204.46000,0.952326
40204.47000,0.95216
40204.48000,0.951994
40204.49000,0.951828
40204.50000,0.951662
40204.51000,0.951496
40204.52000,0.95133
40204.53000,0.951164
40204.54000,0.950998
40204.55000,0.950832
40204.56000,0.950666
40204.57000,0.9505
40204.58000,0.950334
40204.59000,0.950168
40204.60000,0.950003
40204.61000,0.949837
40204.62000,0.949671
40204.63000,0.949505
40204.64000,0.949339
40204.65000,0.949173
40204.66000,0.949007
40204.67000,0.948841
40204.68000,0.948675
40204.69000,0.948509
40204.70000,0.948343
40204.71000,0.948177
40204.72000,0.948011
40204.73000,0.947845
40204.74000,0.947679
40204.75000,0.947514
40204.76000,0.947348
40204.77000,0.947182
40204.78000,0.947016
40204.79000,0.94685
40204.80000,0.946684
40204.81000,0.946518
40204.82000,0.946352
40204.83000,0.946198
40204.84000,0.946058
40204.85000,0.945918
40204.86000,0.945778
40204.87000,0.945638
40204.88000,0.945498
40204.89000,0.945358
40204.90000,0.945219
40204.91000,0.945079
40204.92000,0.944939
40204.93000,0.944799
40204.94000,0.944659
40204.95000,0.944519
40204.96000,0.94438
40204.97000,0.94424
40204.98000,0.9441
40204.99000,0.94396
40205.00000,0.94382
40205.01000,0.94368
40205.02000,0.94354
40205.03000,0.943401
40205.04000,0.943261
40205.05000,0.943121
40205.06000,0.942981
40205.07000,0.942841
40205.08000,0.942701
40205.09000,0.942562
40205.10000,0.942422
40205.11000,0.942282
40205.12000,0.942142
40205.13000,0.942002
40205.14000,0.941862
40205.15000,0.941722
40205.16000,0.941583
40205.17000,0.941443
40205.18000,0.941303
40205.19000,0.941163
40205.20000,0.941023
40205.21000,0.940883
40205.22000,0.940744
40205.23000,0.940604
40205.24000,0.940464
40205.25000,0.940311
40205.26000,0.940127
40205.27000,0.939943
40205.28000,0.939759
40205.29000,0.939575
40205.30000,0.939391
40205.31000,0.939207
40205.32000,0.939023
40205.33000,0.938839
40205.34000,0.938655
40205.35000,0.938471
40205.36000,0.938287
40205.37000,0.938103
40205.38000,0.937919
40205.39000,0.937735
40205.40000,0.937551
40205.41000,0.937367
40205.42000,0.937183
40205.43000,0.936999
40205.44000,0.936815
40205.45000,0.936631
40205.46000,0.936447
40205.47000,0.936263
40205.48000,0.936079
40205.49000,0.935895
40205.50000,0.935711
40205.51000,0.935527
40205.52000,0.935343
40205.53000,0.935159
40205.54000,0.934975
40205.55000,0.934791
40205.56000,0.934607
40205.57000,0.934423
40205.58000,0.934239
40205.59000,0.934055
40205.60000,0.933871
40205.61000,0.933687
40205.62000,0.933503
40205.63000,0.933319
40205.64000,0.933135
40205.65000,0.932951
40205.66000,0.932767
40205.67000,0.932595
40205.68000,0.932487
40205.69000,0.932379
40205.70000,0.932271
40205.71000,0.932164
40205.72000,0.932056
40205.73000,0.931948
40205.74000,0.93184
40205.75000,0.931732
40205.76000,0.931624
40205.77000,0.931517
40205.78000,0.931409
40205.79000,0.931301
40205.80000,0.931193
40205.81000,0.931085
40205.82000,0.930978
40205.83000,0.93087
40205.84000,0.930762
40205.85000,0.930654
40205.86000,0.930546
40205.87000,0.930438
40205.88000,0.930331
40205.89000,0.930223
40205.90000,0.930115
40205.91000,0.930007
40205.92000,0.929899
40205.93000,0.929791
40205.94000,0.929684
40205.95000,0.929576
40205.96000,0.929468
40205.97000,0.92936
40205.98000,0.929252
40205.99000,0.929145
40206.00000,0.929037
40206.01000,0.928929
40206.02000,0.928821
40206.03000,0.928713
40206.04000,0.928605
40206.05000,0.928498
40206.06000,0.92839
40206.07000,0.928282
40206.08000,0.928174
40206.09000,0.928062
40206.10000,0.927765
40206.11000,0.927468
40206.12000,0.927171
40206.13000,0.926873
40206.14000,0.926576
40206.15000,0.926279
40206.16000,0.925982
40206.17000,0.925684
40206.18000,0.925387
40206.19000,0.92509
40206.20000,0.924793
40206.21000,0.924496
40206.22000,0.924198
40206.23000,0.923901
40206.24000,0.923604
40206.25000,0.923307
40206.26000,0.923009
40206.27000,0.922712
40206.28000,0.922415
40206.29000,0.922118
40206.30000,0.92182
40206.31000,0.921523
40206.32000,0.921226
40206.33000,0.920929
40206.34000,0.920631
40206.35000,0.920334
40206.36000,0.920037
40206.37000,0.91974
40206.38000,0.919442
40206.39000,0.919145
40206.40000,0.918848
40206.41000,0.918551
40206.42000,0.918253
40206.43000,0.917956
40206.44000,0.917659
40206.45000,0.917362
40206.46000,0.917065
40206.47000,0.916767
40206.48000,0.91647
40206.49000,0.916173
40206.50000,0.915876
40206.51000,0.915578
40206.52000,0.915455
40206.53000,0.915354
40206.54000,0.915254
40206.55000,0.915154
40206.56000,0.915053
40206.57000,0.914953
40206.58000,0.914853
40206.59000,0.914753
40206.60000,0.914652
40206.61000,0.914552
40206.62000,0.914452
40206.63000,0.914352
40206.64000,0.914251
40206.65000,0.914151
40206.66000,0.914051
40206.67000,0.913951
40206.68000,0.91385
40206.69000,0.91375
40206.70000,0.91365
40206.71000,0.91355
40206.72000,0.913449
40206.73000,0.913349
40206.74000,0.913249
40206.75000,0.913149
40206.76000,0.913048
40206.77000,0.912948
40206.78000,0.912848
40206.79000,0.912748
40206.80000,0.912647
40206.81000,0.912547
40206.82000,0.912447
40206.83000,0.912346
40206.84000,0.912246
40206.85000,0.912146
40206.86000,0.912046
40206.87000,0.911945
40206.88000,0.911845
40206.89000,0.911745
40206.90000,0.911645
40206.91000,0.911544
40206.92000,0.911444
40206.93000,0.911344
40206.94000,0.911201
40206.95000,0.911042
40206.96000,0.910884
40206.97000,0.910725
40206.98000,0.910567
40206.99000,0.910408
40207.00000,0.91025
40207.01000,0.910092
40207.02000,0.909933
40207.03000,0.909775
40207.04000,0.909616
40207.05000,0.909458
40207.06000,0.909299
40207.07000,0.909141
40207.08000,0.908983
40207.09000,0.908824
40207.10000,0.908666
40207.11000,0.908507
40207.12000,0.908349
40207.13000,0.90819
40207.14000,0.908032
40207.15000,0.907873
40207.16000,0.907715
40207.17000,0.907557
40207.18000,0.907398
40207.19000,0.90724
40207.20000,0.907081
40207.21000,0.906923
40207.22000,0.906764
40207.23000,0.906606
40207.24000,0.906448
40207.25000,0.906289
40207.26000,0.906131
40207.27000,0.905972
40207.28000,0.905814
40207.29000,0.905655
40207.30000,0.905497
40207.31000,0.905339
40207.32000,0.90518
40207.33000,0.905022
40207.34000,0.904863
40207.35000,0.904705
40207.36000,0.904581
40207.37000,0.904481
40207.38000,0.904381
40207.39000,0.904281
40207.40000,0.904181
40207.41000,0.90408
40207.42000,0.90398
40207.43000,0.90388
40207.44000,0.90378
40207.45000,0.903679
40207.46000,0.903579
40207.47000,0.903479
40207.48000,0.903379
40207.49000,0.903278
40207.50000,0.903178
40207.51000,0.903078
40207.52000,0.902978
40207.53000,0.902878
40207.54000,0.902777
40207.55000,0.902677
40207.56000,0.902577
40207.57000,0.902477
40207.58000,0.902376
40207.59000,0.902276
40207.60000,0.902176
40207.61000,0.902076
40207.62000,0.901976
40207.63000,0.901875
40207.64000,0.901775
40207.65000,0.901675
40207.66000,0.901575
40207.67000,0.901474
40207.68000,0.901374
40207.69000,0.901274
40207.70000,0.901174
40207.71000,0.901073
40207.72000,0.900973
40207.73000,0.900873
40207.74000,0.900773
40207.75000,0.900673
40207.76000,0.900572
40207.77000,0.900472
40207.78000,0.900396
40207.79000,0.900347
40207.80000,0.900299
40207.81000,0.900251
40207.82000,0.900202
40207.83000,0.900154
40207.84000,0.900106
40207.85000,0.900057
40207.86000,0.900009
40207.87000,0.89996
40207.88000,0.899912
40207.89000,0.899864
40207.90000,0.899815
40207.91000,0.899767
40207.92000,0.899719
40207.93000,0.89967
40207.94000,0.899622
40207.95000,0.899573
40207.96000,0.899525
40207.97000,0.899477
40207.98000,0.899428
40207.99000,0.89938
40208.00000,0.899331
40208.01000,0.899283
40208.02000,0.899235
40208.03000,0.899186
40208.04000,0.899138
40208.05000,0.89909
40208.06000,0.899041
40208.07000,0.898993
40208.08000,0.898944
40208.09000,0.898896
40208.10000,0.898848
40208.11000,0.898799
40208.12000,0.898751
40208.13000,0.898703
40208.14000,0.898654
40208.15000,0.898606
40208.16000,0.898557
40208.17000,0.898509
40208.18000,0.898461
40208.19000,0.898412
40208.20000,0.898377
40208.21000,0.898368
40208.22000,0.898359
40208.23000,0.89835
40208.24000,0.898341
40208.25000,0.898332
40208.26000,0.898323
40208.27000,0.898315
40208.28000,0.898306
40208.29000,0.898297
40208.30000,0.898288
40208.31000,0.898279
40208.32000,0.89827
40208.33000,0.898261
40208.34000,0.898253
40208.35000,0.898244
40208.36000,0.898235
40208.37000,0.898226
40208.38000,0.898217
40208.39000,0.898208
40208.40000,0.898199
40208.41000,0.898195
40208.42000,0.898571
40208.43000,0.899573
40208.44000,0.901316
40208.45000,0.90353
40208.46000,0.906049
40208.47000,0.908731
40208.48000,0.922887
40208.49000,0.923419
40208.50000,0.923951
40208.51000,0.924482
40208.52000,0.925014
40208.53000,0.925546
40208.54000,0.927955
40208.55000,0.93005
40208.56000,0.931792
40208.57000,0.933295
40208.58000,0.934636
40208.59000,0.935857
40208.60000,0.936989
40208.61000,0.938008
40208.62000,0.938878
40208.63000,0.939587
40208.64000,0.940129
40208.65000,0.940558
40208.66000,0.940974
40208.67000,0.941423
40208.68000,0.941946
40208.69000,0.94254
40208.70000,0.94311
40208.71000,0.943618
40208.72000,0.944034
40208.73000,0.944213
40208.74000,0.944107
40208.75000,0.944002
40208.76000,0.943896
40208.77000,0.943791
40208.78000,0.943686
40208.79000,0.94358
40208.80000,0.943475
40208.81000,0.943369
40208.82000,0.943264
40208.83000,0.943158
40208.84000,0.943009
40208.85000,0.942859
40208.86000,0.942709
40208.87000,0.94256
40208.88000,0.94241
40208.89000,0.94226
40208.90000,0.94211
40208.91000,0.941961
40208.92000,0.941811
40208.93000,0.941661
40208.94000,0.941512
40208.95000,0.941362
40208.96000,0.941212
40208.97000,0.941056
40208.98000,0.940897
40208.99000,0.940737
40209.00000,0.940578
40209.01000,0.940419
40209.02000,0.940259
40209.03000,0.9401
40209.04000,0.939941
40209.05000,0.939781
40209.06000,0.939622
40209.07000,0.939463
40209.08000,0.939303
40209.09000,0.939144
40209.10000,0.938985
40209.11000,0.938825
40209.12000,0.938666
40209.13000,0.938507
40209.14000,0.938347
40209.15000,0.938085
40209.16000,0.93781
40209.17000,0.937535
40209.18000,0.93726
40209.19000,0.936985
40209.20000,0.936709
40209.21000,0.936434
40209.22000,0.936159
40209.23000,0.935884
40209.24000,0.935609
40209.25000,0.935334
40209.26000,0.935059
40209.27000,0.934784
40209.28000,0.934509
40209.29000,0.934234
40209.30000,0.933958
40209.31000,0.933683
40209.32000,0.933408
40209.33000,0.933133
40209.34000,0.932858
40209.35000,0.932583
40209.36000,0.932308
40209.37000,0.932033
40209.38000,0.931782
40209.39000,0.931638
40209.40000,0.931494
40209.41000,0.93135
40209.42000,0.931206
40209.43000,0.931062
40209.44000,0.930918
40209.45000,0.930774
40209.46000,0.93063
40209.47000,0.930486
40209.48000,0.930342
40209.49000,0.930198
40209.50000,0.930054
40209.51000,0.92991
40209.52000,0.929766
40209.53000,0.929622
40209.54000,0.929478
40209.55000,0.929334
40209.56000,0.92919
40209.57000,0.929046
40209.58000,0.928902
40209.59000,0.928758
40209.60000,0.928614
40209.61000,0.92847
40209.62000,0.928326
40209.63000,0.928182
40209.64000,0.928038
40209.65000,0.927894
40209.66000,0.92775
40209.67000,0.927606
40209.68000,0.927462
40209.69000,0.927318
40209.70000,0.92718
40209.71000,0.927046
40209.72000,0.926912
40209.73000,0.926778
40209.74000,0.926643
40209.75000,0.926509
40209.76000,0.926375
40209.77000,0.926241
40209.78000,0.926107
40209.79000,0.925972
40209.80000,0.925838
40209.81000,0.925704
40209.82000,0.92557
40209.83000,0.925436
40209.84000,0.925302
40209.85000,0.925167
40209.86000,0.925033
40209.87000,0.924899
40209.88000,0.924765
40209.89000,0.924631
40209.90000,0.924497
40209.91000,0.924362
40209.92000,0.924228
40209.93000,0.924094
40209.94000,0.92396
40209.95000,0.923826
40209.96000,0.923692
40209.97000,0.923557
40209.98000,0.923423
40209.99000,0.923289
40210.00000,0.923155
40210.01000,0.923021
40210.02000,0.922762
40210.03000,0.922501
40210.04000,0.92224
40210.05000,0.921979
40210.06000,0.921717
40210.07000,0.921456
40210.08000,0.921195
40210.09000,0.920933
40210.10000,0.920672
40210.11000,0.920411
40210.12000,0.920149
40210.13000,0.919888
40210.14000,0.919627
40210.15000,0.919365
40210.16000,0.919104
40210.17000,0.918843
40210.18000,0.918581
40210.19000,0.91832
40210.20000,0.918059
40210.21000,0.917797
40210.22000,0.917536
40210.23000,0.917275
40210.24000,0.917014
40210.25000,0.916752
40210.26000,0.916491
40210.27000,0.91623
40210.28000,0.915968
40210.29000,0.915707
40210.30000,0.915446
40210.31000,0.915184
40210.32000,0.914923
40210.33000,0.914662
40210.34000,0.9144
40210.35000,0.914139
40210.36000,0.913878
40210.37000,0.913616
40210.38000,0.913355
40210.39000,0.913094
40210.40000,0.912832
40210.41000,0.912571
40210.42000,0.91231
40210.43000,0.912049
40210.44000,0.911923
40210.45000,0.911823
40210.46000,0.911724
40210.47000,0.911625
40210.48000,0.911526
40210.49000,0.911426
40210.50000,0.911327
40210.51000,0.911228
40210.52000,0.911129
40210.53000,0.91103
40210.54000,0.91093
40210.55000,0.910831
40210.56000,0.910732
40210.57000,0.910633
40210.58000,0.910533
40210.59000,0.910434
40210.60000,0.910335
40210.61000,0.910236
40210.62000,0.910137
40210.63000,0.910037
40210.64000,0.909938
40210.65000,0.909839
40210.66000,0.90974
40210.67000,0.90964
40210.68000,0.909541
40210.69000,0.909442
40210.70000,0.909343
40210.71000,0.909243
40210.72000,0.909144
40210.73000,0.909045
40210.74000,0.908946
40210.75000,0.908847
40210.76000,0.908747
40210.77000,0.908648
40210.78000,0.908549
40210.79000,0.90845
40210.80000,0.90835
40210.81000,0.908251
40210.82000,0.908152
40210.83000,0.908053
40210.84000,0.907954
40210.85000,0.907854
40210.86000,0.907755
40210.87000,0.907655
40210.88000,0.907556
40210.89000,0.907456
40210.90000,0.907357
40210.91000,0.907257
40210.92000,0.907158
40210.93000,0.907058
40210.94000,0.906959
40210.95000,0.906859
40210.96000,0.90676
40210.97000,0.90666
40210.98000,0.906561
40210.99000,0.906461
40211.00000,0.906362
40211.01000,0.906262
40211.02000,0.906163
40211.03000,0.906063
40211.04000,0.905964
40211.05000,0.905864
40211.06000,0.905764
40211.07000,0.905665
40211.08000,0.905565
40211.09000,0.905466
40211.10000,0.905366
40211.11000,0.905267
40211.12000,0.905167
40211.13000,0.905068
40211.14000,0.904968
40211.15000,0.904869
40211.16000,0.904769
40211.17000,0.90467
40211.18000,0.90457
40211.19000,0.904471
40211.20000,0.904371
40211.21000,0.904272
40211.22000,0.904172
40211.23000,0.904073
40211.24000,0.903973
40211.25000,0.903874
40211.26000,0.903774
40211.27000,0.903675
40211.28000,0.903624
40211.29000,0.903613
40211.30000,0.903602
40211.31000,0.903591
40211.32000,0.90358
40211.33000,0.903569
40211.34000,0.903558
40211.35000,0.903547
40211.36000,0.903536
40211.37000,0.903525
40211.38000,0.903513
40211.39000,0.903502
40211.40000,0.903491
40211.41000,0.90348
40211.42000,0.903469
40211.43000,0.903458
40211.44000,0.903447
40211.45000,0.903436
40211.46000,0.903425
40211.47000,0.903414
40211.48000,0.903403
40211.49000,0.903392
40211.50000,0.903381
40211.51000,0.90337
40211.52000,0.903358
40211.53000,0.903347
40211.54000,0.903336
40211.55000,0.903325
40211.56000,0.903314
40211.57000,0.903303
40211.58000,0.903292
40211.59000,0.903281
40211.60000,0.90327
40211.61000,0.903259
40211.62000,0.903248
40211.63000,0.903237
40211.64000,0.903226
40211.65000,0.903215
40211.66000,0.903203
40211.67000,0.903192
40211.68000,0.903181
40211.69000,0.90317
40211.70000,0.903152
40211.71000,0.903123
40211.72000,0.903094
40211.73000,0.903065
40211.74000,0.902991
40211.75000,0.902961
40211.76000,0.903006
40211.77000,0.903167
40211.78000,0.903543
40211.79000,0.904225
40211.80000,0.905303
40211.81000,0.906856
40211.82000,0.908942
40211.83000,0.911598
40211.84000,0.914849
40211.85000,0.918697
40211.86000,0.937824
40211.87000,0.939005
40211.88000,0.940185
40211.89000,0.941365
40211.90000,0.942546
40211.91000,0.94694
40211.92000,0.95087
40211.93000,0.954253
40211.94000,0.957168
40211.95000,0.960001
40211.96000,0.962901
40211.97000,0.965975
40211.98000,0.983169
40211.99000,0.983791
40212.00000,0.984414
40212.01000,0.985036
40212.02000,0.985659
40212.03000,0.986281
40212.04000,0.988954
40212.05000,0.991112
40212.06000,0.99272
40212.07000,0.993958
40212.08000,0.994949
40212.09000,0.995757
40212.10000,0.996426
40212.11000,0.996945
40212.12000,0.997289
40212.13000,0.997453
40212.14000,0.997438
40212.15000,0.992838
40212.16000,0.99218
40212.17000,0.991521
40212.18000,0.990863
40212.19000,0.990205
40212.20000,0.989546
40212.21000,0.988888
40212.22000,0.98823
40212.23000,0.987571
40212.24000,0.986913
40212.25000,0.986255
40212.26000,0.985566
40212.27000,0.984878
40212.28000,0.984189
40212.29000,0.983501
40212.30000,0.982812
40212.31000,0.982123
40212.32000,0.981435
40212.33000,0.980746
40212.34000,0.980058
40212.35000,0.979369
40212.36000,0.978681
40212.37000,0.977992
40212.38000,0.977304
40212.39000,0.976639
40212.40000,0.975987
40212.41000,0.975335
40212.42000,0.974683
40212.43000,0.97403
40212.44000,0.973378
40212.45000,0.972726
40212.46000,0.972074
40212.47000,0.971422
40212.48000,0.970769
40212.49000,0.970117
40212.50000,0.969465
40212.51000,0.968813
40212.52000,0.968161
40212.53000,0.967508
40212.54000,0.966856
40212.55000,0.966204
40212.56000,0.965552
40212.57000,0.965198
40212.58000,0.964881
40212.59000,0.964564
40212.60000,0.964247
40212.61000,0.963931
40212.62000,0.963614
40212.63000,0.963297
40212.64000,0.96298
40212.65000,0.962663
40212.66000,0.962347
40212.67000,0.96203
40212.68000,0.961713
40212.69000,0.961396
40212.70000,0.961079
40212.71000,0.960763
40212.72000,0.960446
40212.73000,0.960129
40212.74000,0.959812
40212.75000,0.959495
40212.76000,0.959179
40212.77000,0.958862
40212.78000,0.958545
40212.79000,0.958228
40212.80000,0.957924
40212.81000,0.957676
40212.82000,0.957428
40212.83000,0.95718
40212.84000,0.956932
40212.85000,0.956685
40212.86000,0.956437
40212.87000,0.956189
40212.88000,0.955941
40212.89000,0.955693
40212.90000,0.955445
40212.91000,0.955197
40212.92000,0.954949
40212.93000,0.954701
40212.94000,0.954453
40212.95000,0.954205
40212.96000,0.953957
40212.97000,0.953709
40212.98000,0.953461
40212.99000,0.953213
40213.00000,0.952965
40213.01000,0.952717
40213.02000,0.952469
40213.03000,0.952221
40213.04000,0.951974
40213.05000,0.951726
40213.06000,0.951478
40213.07000,0.95123
40213.08000,0.950982
40213.09000,0.950734
40213.10000,0.950486
40213.11000,0.950238
40213.12000,0.949941
40213.13000,0.949609
40213.14000,0.949277
40213.15000,0.948945
40213.16000,0.948613
40213.17000,0.948281
40213.18000,0.947949
40213.19000,0.947617
40213.20000,0.947285
40213.21000,0.946953
40213.22000,0.946621
40213.23000,0.946289
40213.24000,0.945956
40213.25000,0.945624
40213.26000,0.945292
40213.27000,0.94496
40213.28000,0.944628
40213.29000,0.944296
40213.30000,0.943964
40213.31000,0.943632
40213.32000,0.9433
40213.33000,0.942968
40213.34000,0.942636
40213.35000,0.942304
40213.36000,0.941972
40213.37000,0.94164
40213.38000,0.941308
40213.39000,0.940976
40213.40000,0.940644
40213.41000,0.940312
40213.42000,0.93998
40213.43000,0.939647
40213.44000,0.939315
40213.45000,0.938983
40213.46000,0.938651
40213.47000,0.938319
40213.48000,0.937987
40213.49000,0.937655
40213.50000,0.937323
40213.51000,0.936991
40213.52000,0.936659
40213.53000,0.936327
40213.54000,0.936091
40213.55000,0.935978
40213.56000,0.935865
40213.57000,0.935752
40213.58000,0.935638
40213.59000,0.935525
40213.60000,0.935412
40213.61000,0.935299
40213.62000,0.935185
40213.63000,0.935072
40213.64000,0.934959
40213.65000,0.934846
40213.66000,0.934732
40213.67000,0.934619
40213.68000,0.934506
40213.69000,0.934393
40213.70000,0.934279
40213.71000,0.934166
40213.72000,0.934053
40213.73000,0.93394
40213.74000,0.933826
40213.75000,0.933713
40213.76000,0.9336
40213.77000,0.933487
40213.78000,0.933374
40213.79000,0.93326
40213.80000,0.933147
40213.81000,0.933034
40213.82000,0.932921
40213.83000,0.932807
40213.84000,0.932694
40213.85000,0.932581
40213.86000,0.932468
40213.87000,0.932354
40213.88000,0.932241
40213.89000,0.932128
40213.90000,0.932015
40213.91000,0.931901
40213.92000,0.931788
40213.93000,0.931675
40213.94000,0.931562
40213.95000,0.931448
40213.96000,0.93136
40213.97000,0.931329
40213.98000,0.931299
40213.99000,0.931268
40214.00000,0.931237
40214.01000,0.931207
40214.02000,0.931176
40214.03000,0.931146
40214.04000,0.931115
40214.05000,0.931084
40214.06000,0.931054
40214.07000,0.931023
40214.08000,0.930992
40214.09000,0.930962
40214.10000,0.930931
40214.11000,0.9309
40214.12000,0.93087
40214.13000,0.930839
40214.14000,0.930808
40214.15000,0.930778
40214.16000,0.930747
40214.17000,0.930717
40214.18000,0.930686
40214.19000,0.930655
40214.20000,0.930625
40214.21000,0.930594
40214.22000,0.930563
40214.23000,0.930533
40214.24000,0.930502
40214.25000,0.930471
40214.26000,0.930441
40214.27000,0.93041
40214.28000,0.930379
40214.29000,0.930349
40214.30000,0.930318
40214.31000,0.930288
40214.32000,0.930257
40214.33000,0.930226
40214.34000,0.930196
40214.35000,0.930165
40214.36000,0.930134
40214.37000,0.930104
40214.38000,0.930071
40214.39000,0.930026
40214.40000,0.929981
40214.41000,0.929937
40214.42000,0.929892
40214.43000,0.929847
40214.44000,0.929802
40214.45000,0.929546
40214.46000,0.929332
40214.47000,0.929193
40214.48000,0.929178
40214.49000,0.929451
40214.50000,0.930155
40214.51000,0.931432
40214.52000,0.933407
40214.53000,0.935888
40214.54000,0.938754
40214.55000,0.941907
40214.56000,0.945261
40214.57000,0.948752
40214.58000,0.952331
40214.59000,0.95596
40214.60000,0.959613
40214.61000,0.96333
40214.62000,0.967165
40214.63000,0.971139
40214.64000,0.975264
40214.65000,0.979502
40214.66000,0.983771
40214.67000,0.988035
40214.68000,0.992264
40214.69000,0.996493
40214.70000,1.00089
40214.71000,1.0055
40214.72000,1.01038
40214.73000,1.01553
40214.74000,1.02107
40214.75000,1.02702
40214.76000,1.03338
40214.77000,1.04015
40214.78000,1.04646
40214.79000,1.05194
40214.80000,1.05645
40214.81000,1.05992
40214.82000,1.06272
40214.83000,1.0651
40214.84000,1.06718
40214.85000,1.06903
40214.86000,1.0706
40214.87000,1.07179
40214.88000,1.07259
40214.89000,1.07301
40214.90000,1.07315
40214.91000,1.07321
40214.92000,1.0733
40214.93000,1.07345
40214.94000,1.07369
40214.95000,1.07396
40214.96000,1.07425
40214.97000,1.07454
40214.98000,1.07485
40214.99000,1.07524
40215.00000,1.07576
40215.01000,1.07641
40215.02000,1.07722
40215.03000,1.07817
40215.04000,1.07927
40215.05000,1.08053
40215.06000,1.08193
40215.07000,1.08339
40215.08000,1.08486
40215.09000,1.08631
40215.10000,1.08772
40215.11000,1.08896
40215.12000,1.08991
40215.13000,1.09052
40215.14000,1.09078
40215.15000,1.09088
40215.16000,1.09115
40215.17000,1.09172
40215.18000,1.09269
40215.19000,1.0939
40215.20000,1.09473
40215.21000,1.09496
40215.22000,1.09449
40215.23000,1.09332
40215.24000,1.09176
40215.25000,1.08992
40215.26000,1.08787
40215.27000,1.08564
40215.28000,1.08329
40215.29000,1.08082
40215.30000,1.07825
40215.31000,1.07559
40215.32000,1.073
40215.33000,1.07057
40215.34000,1.06836
40215.35000,1.06643
40215.36000,1.0647
40215.37000,1.06305
40215.38000,1.06144
40215.39000,1.05981
40215.40000,1.05817
40215.41000,1.05654
40215.42000,1.05494
40215.43000,1.05337
40215.44000,1.05185
40215.45000,1.05045
40215.46000,1.04918
40215.47000,1.04808
40215.48000,1.04715
40215.49000,1.04619
40215.50000,1.04511
40215.51000,1.04386
40215.52000,1.04242
40215.53000,1.04093
40215.54000,1.03948
40215.55000,1.03811
40215.56000,1.03684
40215.57000,1.03561
40215.58000,1.03436
40215.59000,1.03308
40215.60000,1.03174
40215.61000,1.019
40215.62000,1.01775
40215.63000,1.0165
40215.64000,1.01526
40215.65000,1.01401
40215.66000,1.01277
40215.67000,1.01152
40215.68000,1.01028
40215.69000,1.00903
40215.70000,1.00778
40215.71000,1.00654
40215.72000,1.00561
40215.73000,1.00469
40215.74000,1.00376
40215.75000,1.00283
40215.76000,1.00191
40215.77000,1.00098
40215.78000,1.00006
40215.79000,0.99913
40215.80000,0.998205
40215.81000,0.997279
40215.82000,0.996353
40215.83000,0.995427
40215.84000,0.994501
40215.85000,0.99374
40215.86000,0.993063
40215.87000,0.992386
40215.88000,0.991708
40215.89000,0.991031
40215.90000,0.990353
40215.91000,0.989676
40215.92000,0.988998
40215.93000,0.988321
40215.94000,0.987643
40215.95000,0.986966
40215.96000,0.986288
40215.97000,0.985611
40215.98000,0.984934
40215.99000,0.984256
40216.00000,0.983579
40216.01000,0.982901
40216.02000,0.982224
40216.03000,0.981718
40216.04000,0.981234
40216.05000,0.98075
40216.06000,0.980266
40216.07000,0.979782
40216.08000,0.979298
40216.09000,0.978814
40216.10000,0.97833
40216.11000,0.977846
40216.12000,0.977362
40216.13000,0.976878
40216.14000,0.976394
40216.15000,0.97591
40216.16000,0.975426
40216.17000,0.974942
40216.18000,0.974458
40216.19000,0.973974
40216.20000,0.97349
40216.21000,0.973005
40216.22000,0.972521
40216.23000,0.972037
40216.24000,0.971553
40216.25000,0.971069
40216.26000,0.970576
40216.27000,0.970039
40216.28000,0.969502
40216.29000,0.968965
40216.30000,0.968428
40216.31000,0.967891
40216.32000,0.967354
40216.33000,0.966818
40216.34000,0.966281
40216.35000,0.965744
40216.36000,0.965207
40216.37000,0.96467
40216.38000,0.964133
40216.39000,0.963597
40216.40000,0.96306
40216.41000,0.962523
40216.42000,0.961986
40216.43000,0.961449
40216.44000,0.960912
40216.45000,0.960376
40216.46000,0.959839
40216.47000,0.959302
40216.48000,0.958765
40216.49000,0.958228
40216.50000,0.957691
40216.51000,0.957155
40216.52000,0.956618
40216.53000,0.956081
40216.54000,0.955544
40216.55000,0.955007
40216.56000,0.95447
40216.57000,0.953934
40216.58000,0.953611
40216.59000,0.953443
40216.60000,0.953275
40216.61000,0.953107
40216.62000,0.952939
40216.63000,0.952771
40216.64000,0.952603
40216.65000,0.952435
40216.66000,0.952267
40216.67000,0.952099
40216.68000,0.951931
40216.69000,0.951764
40216.70000,0.951596
40216.71000,0.951428
40216.72000,0.95126
40216.73000,0.951092
40216.74000,0.950924
40216.75000,0.950756
40216.76000,0.950588
40216.77000,0.95042
40216.78000,0.950252
40216.79000,0.950084
40216.80000,0.949916
40216.81000,0.949748
40216.82000,0.94958
40216.83000,0.949413
40216.84000,0.949245
40216.85000,0.949077
40216.86000,0.948909
40216.87000,0.948741
40216.88000,0.948573
40216.89000,0.948405
40216.90000,0.948237
40216.91000,0.948069
40216.92000,0.947901
40216.93000,0.947733
40216.94000,0.947565
40216.95000,0.947397
40216.96000,0.947229
40216.97000,0.947062
40216.98000,0.946894
40216.99000,0.946726
40217.00000,0.946508
40217.01000,0.946227
40217.02000,0.945947
40217.03000,0.945666
40217.04000,0.945385
40217.05000,0.945105
40217.06000,0.944824
40217.07000,0.944544
40217.08000,0.944263
40217.09000,0.943982
40217.10000,0.943702
40217.11000,0.943421
40217.12000,0.94314
40217.13000,0.94286
40217.14000,0.942579
40217.15000,0.942298
40217.16000,0.942018
40217.17000,0.941737
40217.18000,0.941456
40217.19000,0.941176
40217.20000,0.940895
40217.21000,0.940614
40217.22000,0.940334
40217.23000,0.940053
40217.24000,0.939772
40217.25000,0.939492
40217.26000,0.939211
40217.27000,0.93893
40217.28000,0.93865
40217.29000,0.938369
40217.30000,0.938088
40217.31000,0.937808
40217.32000,0.937527
40217.33000,0.937246
40217.34000,0.936966
40217.35000,0.936685
40217.36000,0.936404
40217.37000,0.936124
40217.38000,0.935843
40217.39000,0.935562
40217.40000,0.935282
40217.41000,0.935001
40217.42000,0.934771
40217.43000,0.93466
40217.44000,0.934549
40217.45000,0.934438
40217.46000,0.934327
40217.47000,0.934216
40217.48000,0.934105
40217.49000,0.933993
40217.50000,0.933882
40217.51000,0.933771
40217.52000,0.93366
40217.53000,0.933549
40217.54000,0.933438
40217.55000,0.933327
40217.56000,0.933216
40217.57000,0.933104
40217.58000,0.932993
40217.59000,0.932882
40217.60000,0.932771
40217.61000,0.93266
40217.62000,0.932549
40217.63000,0.932438
40217.64000,0.932327
40217.65000,0.932215
40217.66000,0.932104
40217.67000,0.931993
40217.68000,0.931882
40217.69000,0.931771
40217.70000,0.93166
40217.71000,0.931549
40217.72000,0.931437
40217.73000,0.931326
40217.74000,0.931215
40217.75000,0.931104
40217.76000,0.930993
40217.77000,0.930882
40217.78000,0.930771
40217.79000,0.93066
40217.80000,0.930548
40217.81000,0.930437
40217.82000,0.930326
40217.83000,0.930215
40217.84000,0.930106
40217.85000,0.930009
40217.86000,0.929911
40217.87000,0.929814
40217.88000,0.929717
40217.89000,0.929619
40217.90000,0.929522
40217.91000,0.929425
40217.92000,0.929327
40217.93000,0.92923
40217.94000,0.929133
40217.95000,0.929035
40217.96000,0.928938
40217.97000,0.928841
40217.98000,0.928743
40217.99000,0.928646
40218.00000,0.928548
40218.01000,0.928451
40218.02000,0.928354
40218.03000,0.928256
40218.04000,0.928159
40218.05000,0.928062
40218.06000,0.927964
40218.07000,0.927867
40218.08000,0.92777
40218.09000,0.927672
40218.10000,0.927575
40218.11000,0.927478
40218.12000,0.92738
40218.13000,0.927283
40218.14000,0.927186
40218.15000,0.927088
40218.16000,0.926991
40218.17000,0.926894
40218.18000,0.926796
40218.19000,0.926699
40218.20000,0.926601
40218.21000,0.926504
40218.22000,0.926407
40218.23000,0.926309
40218.24000,0.926212
40218.25000,0.926115
40218.26000,0.926019
40218.27000,0.926014
40218.28000,0.926009
40218.29000,0.926004
40218.30000,0.925998
40218.31000,0.925993
40218.32000,0.925988
40218.33000,0.925982
40218.34000,0.925977
40218.35000,0.925972
40218.36000,0.925967
40218.37000,0.925961
40218.38000,0.925956
40218.39000,0.925951
40218.40000,0.925946
40218.41000,0.92594
40218.42000,0.925935
40218.43000,0.92593
40218.44000,0.925925
40218.45000,0.925919
40218.46000,0.925914
40218.47000,0.925909
40218.48000,0.925904
40218.49000,0.925898
40218.50000,0.925893
40218.51000,0.925888
40218.52000,0.925883
40218.53000,0.925877
40218.54000,0.925872
40218.55000,0.925867
40218.56000,0.925862
40218.57000,0.925856
40218.58000,0.925851
40218.59000,0.925846
40218.60000,0.925841
40218.61000,0.925835
40218.62000,0.92583
40218.63000,0.925825
40218.64000,0.92582
40218.65000,0.925814
40218.66000,0.925653
40218.67000,0.925559
40218.68000,0.925566
40218.69000,0.925688
40218.70000,0.925859
40218.71000,0.926044
40218.72000,0.926209
40218.73000,0.926367
40218.74000,0.927004
40218.75000,0.928547
40218.76000,0.931468
40218.77000,0.936172
40218.78000,0.94226
40218.79000,0.949454
40218.80000,0.957525
40218.81000,0.966281
40218.82000,0.975188
40218.83000,0.983878
40218.84000,0.992163
40218.85000,0.999928
40218.86000,1.00704
40218.87000,1.01341
40218.88000,1.01899
40218.89000,1.02378
40218.90000,1.0278
40218.91000,1.03106
40218.92000,1.03359
40218.93000,1.03542
40218.94000,1.03669
40218.95000,1.03782
40218.96000,1.03896
40218.97000,1.04022
40218.98000,1.04165
40218.99000,1.04294
40219.00000,1.044
40219.01000,1.04476
40219.02000,1.0452
40219.03000,1.0453
40219.04000,1.04504
40219.05000,1.04445
40219.06000,1.04352
40219.07000,1.04244
40219.08000,1.04132
40219.09000,1.04022
40219.10000,1.03917
40219.11000,1.03827
40219.12000,1.03759
40219.13000,1.03718
40219.14000,1.0371
40219.15000,1.03731
40219.16000,1.03772
40219.17000,1.03826
40219.18000,1.0389
40219.19000,1.03963
40219.20000,1.0405
40219.21000,1.04151
40219.22000,1.04269
40219.23000,1.044
40219.24000,1.04519
40219.25000,1.04615
40219.26000,1.04683
40219.27000,1.04718
40219.28000,1.04727
40219.29000,1.04713
40219.30000,1.04676
40219.31000,1.04619
40219.32000,1.04542
40219.33000,1.04446
40219.34000,1.04333
40219.35000,1.04203
40219.36000,1.02816
40219.37000,1.02655
40219.38000,1.02493
40219.39000,1.02332
40219.40000,1.0217
40219.41000,1.02009
40219.42000,1.01847
40219.43000,1.01685
40219.44000,1.01524
40219.45000,1.01362
40219.46000,1.01201
40219.47000,1.01081
40219.48000,1.00961
40219.49000,1.00841
40219.50000,1.00722
40219.51000,1.00602
40219.52000,1.00482
40219.53000,1.00362
40219.54000,1.00242
40219.55000,1.00122
40219.56000,1.00003
40219.57000,0.998827
40219.58000,0.997629
40219.59000,0.996431
40219.60000,0.995563
40219.61000,0.994861
40219.62000,0.994159
40219.63000,0.993457
40219.64000,0.992755
40219.65000,0.992052
40219.66000,0.99135
40219.67000,0.990648
40219.68000,0.989946
40219.69000,0.989244
40219.70000,0.988541
40219.71000,0.987839
40219.72000,0.987137
40219.73000,0.986435
40219.74000,0.985733
40219.75000,0.98503
40219.76000,0.984328
40219.77000,0.983626
40219.78000,0.983104
40219.79000,0.982605
40219.80000,0.982106
40219.81000,0.981606
40219.82000,0.981107
40219.83000,0.980608
40219.84000,0.980108
40219.85000,0.979609
40219.86000,0.97911
40219.87000,0.97861
40219.88000,0.978111
40219.89000,0.977611
40219.90000,0.977112
40219.91000,0.976613
40219.92000,0.976113
40219.93000,0.975614
40219.94000,0.975115
40219.95000,0.974615
40219.96000,0.974116
40219.97000,0.973617
40219.98000,0.973117
40219.99000,0.972618
40220.00000,0.972119
40220.01000,0.971641
40220.02000,0.971261
40220.03000,0.97088
40220.04000,0.9705
40220.05000,0.970119
40220.06000,0.969739
40220.07000,0.969358
40220.08000,0.968978
40220.09000,0.968597
40220.10000,0.968217
40220.11000,0.967836
40220.12000,0.967456
40220.13000,0.967075
40220.14000,0.966695
40220.15000,0.966314
40220.16000,0.965934
40220.17000,0.965553
40220.18000,0.965173
40220.19000,0.964793
40220.20000,0.964412
40220.21000,0.964032
40220.22000,0.963651
40220.23000,0.963271
40220.24000,0.96289
40220.25000,0.96251
40220.26000,0.962129
40220.27000,0.961749
40220.28000,0.961368
40220.29000,0.960988
40220.30000,0.960607
40220.31000,0.960227
40220.32000,0.959846
40220.33000,0.959573
40220.34000,0.959377
40220.35000,0.959181
40220.36000,0.958985
40220.37000,0.958789
40220.38000,0.958594
40220.39000,0.958398
40220.40000,0.958202
40220.41000,0.958006
40220.42000,0.95781
40220.43000,0.957614
40220.44000,0.957418
40220.45000,0.957223
40220.46000,0.957027
40220.47000,0.956831
40220.48000,0.956635
40220.49000,0.956439
40220.50000,0.956243
40220.51000,0.956048
40220.52000,0.955852
40220.53000,0.955656
40220.54000,0.95546
40220.55000,0.955264
40220.56000,0.955068
40220.57000,0.954873
40220.58000,0.954677
40220.59000,0.954481
40220.60000,0.954285
40220.61000,0.954089
40220.62000,0.953893
40220.63000,0.953698
40220.64000,0.953502
40220.65000,0.953306
40220.66000,0.95311
40220.67000,0.952914
40220.68000,0.952718
40220.69000,0.952523
40220.70000,0.952327
40220.71000,0.952131
40220.72000,0.951935
40220.73000,0.951739
40220.74000,0.951543
40220.75000,0.951364
40220.76000,0.951205
40220.77000,0.951046
40220.78000,0.950887
40220.79000,0.950728
40220.80000,0.950569
40220.81000,0.950411
40220.82000,0.950252
40220.83000,0.950093
40220.84000,0.949934
40220.85000,0.949775
40220.86000,0.949616
40220.87000,0.949457
40220.88000,0.949298
40220.89000,0.94914
40220.90000,0.948981
40220.91000,0.948822
40220.92000,0.948663
40220.93000,0.948504
40220.94000,0.948345
40220.95000,0.948186
40220.96000,0.948027
40220.97000,0.947869
40220.98000,0.94771
40220.99000,0.947551
40221.00000,0.947392
40221.01000,0.947233
40221.02000,0.947074
40221.03000,0.946915
40221.04000,0.946757
40221.05000,0.946598
40221.06000,0.946439
40221.07000,0.94628
40221.08000,0.946121
40221.09000,0.945962
40221.10000,0.945803
40221.11000,0.945644
40221.12000,0.945486
40221.13000,0.945327
40221.14000,0.945168
40221.15000,0.945009
40221.16000,0.94485
40221.17000,0.944647
40221.18000,0.944341
40221.19000,0.944036
40221.20000,0.94373
40221.21000,0.943424
40221.22000,0.943118
40221.23000,0.942813
40221.24000,0.942507
40221.25000,0.942201
40221.26000,0.941896
40221.27000,0.94159
40221.28000,0.941284
40221.29000,0.940978
40221.30000,0.940673
40221.31000,0.940367
40221.32000,0.940061
40221.33000,0.939755
40221.34000,0.93945
40221.35000,0.939144
40221.36000,0.938838
40221.37000,0.938533
40221.38000,0.938227
40221.39000,0.937921
40221.40000,0.937615
40221.41000,0.93731
40221.42000,0.937004
40221.43000,0.936698
40221.44000,0.936392
40221.45000,0.936087
40221.46000,0.935781
40221.47000,0.935475
40221.48000,0.93517
40221.49000,0.934864
40221.50000,0.934558
40221.51000,0.934252
40221.52000,0.933947
40221.53000,0.933641
40221.54000,0.933335
40221.55000,0.933029
40221.56000,0.932724
40221.57000,0.932418
40221.58000,0.932112
40221.59000,0.931838
40221.60000,0.931732
40221.61000,0.931625
40221.62000,0.931518
40221.63000,0.931411
40221.64000,0.931304
40221.65000,0.931197
40221.66000,0.93109
40221.67000,0.930983
40221.68000,0.930876
40221.69000,0.930769
40221.70000,0.930663
40221.71000,0.930556
40221.72000,0.930449
40221.73000,0.930342
40221.74000,0.930235
40221.75000,0.930128
40221.76000,0.930021
40221.77000,0.929914
40221.78000,0.929807
40221.79000,0.9297
40221.80000,0.929594
40221.81000,0.929487
40221.82000,0.92938
40221.83000,0.929273
40221.84000,0.929166
40221.85000,0.929059
40221.86000,0.928952
40221.87000,0.928845
40221.88000,0.928738
40221.89000,0.928631
40221.90000,0.928525
40221.91000,0.928418
40221.92000,0.928311
40221.93000,0.928204
40221.94000,0.928097
40221.95000,0.92799
40221.96000,0.927883
40221.97000,0.927776
40221.98000,0.927669
40221.99000,0.927562
40222.00000,0.927456
40222.01000,0.927345
40222.02000,0.927067
40222.03000,0.92679
40222.04000,0.926512
40222.05000,0.926234
40222.06000,0.925956
40222.07000,0.925678
40222.08000,0.9254
40222.09000,0.925123
40222.10000,0.924845
40222.11000,0.924567
40222.12000,0.924289
40222.13000,0.924011
40222.14000,0.923734
40222.15000,0.923456
40222.16000,0.923178
40222.17000,0.9229
40222.18000,0.922622
40222.19000,0.922345
40222.20000,0.922067
40222.21000,0.921789
40222.22000,0.921511
40222.23000,0.921233
40222.24000,0.920955
40222.25000,0.920678
40222.26000,0.9204
40222.27000,0.920122
40222.28000,0.919844
40222.29000,0.919566
40222.30000,0.919289
40222.31000,0.919011
40222.32000,0.918733
40222.33000,0.918455
40222.34000,0.918177
40222.35000,0.9179
40222.36000,0.917622
40222.37000,0.917344
40222.38000,0.917066
40222.39000,0.916788
40222.40000,0.916511
40222.41000,0.916233
40222.42000,0.915955
40222.43000,0.915677
40222.44000,0.915556
40222.45000,0.915456
40222.46000,0.915356
40222.47000,0.915256
40222.48000,0.915156
40222.49000,0.915057
40222.50000,0.914957
40222.51000,0.914857
40222.52000,0.914757
40222.53000,0.914657
40222.54000,0.914557
40222.55000,0.914457
40222.56000,0.914357
40222.57000,0.914258
40222.58000,0.914158
40222.59000,0.914058
40222.60000,0.913958
40222.61000,0.913858
40222.62000,0.913758
40222.63000,0.913658
40222.64000,0.913558
40222.65000,0.913459
40222.66000,0.913359
40222.67000,0.913259
40222.68000,0.913159
40222.69000,0.913059
40222.70000,0.912959
40222.71000,0.912859
40222.72000,0.912759
40222.73000,0.91266
40222.74000,0.91256
40222.75000,0.91246
40222.76000,0.91236
40222.77000,0.91226
40222.78000,0.91216
40222.79000,0.91206
40222.80000,0.91196
40222.81000,0.91186
40222.82000,0.911761
40222.83000,0.911661
40222.84000,0.911561
40222.85000,0.911461
40222.86000,0.911361
40222.87000,0.911261
40222.88000,0.911161
40222.89000,0.911062
40222.90000,0.910962
40222.91000,0.910862
40222.92000,0.910762
40222.93000,0.910662
40222.94000,0.910562
40222.95000,0.910462
40222.96000,0.910363
40222.97000,0.910263
40222.98000,0.910163
40222.99000,0.910063
40223.00000,0.909963
40223.01000,0.909863
40223.02000,0.909763
40223.03000,0.909664
40223.04000,0.909564
40223.05000,0.909464
40223.06000,0.909364
40223.07000,0.909264
40223.08000,0.909164
40223.09000,0.909065
40223.10000,0.908965
40223.11000,0.908865
40223.12000,0.908765
40223.13000,0.908665
40223.14000,0.908565
40223.15000,0.908465
40223.16000,0.908366
40223.17000,0.908266
40223.18000,0.908166
40223.19000,0.908066
40223.20000,0.907966
40223.21000,0.907866
40223.22000,0.907766
40223.23000,0.907667
40223.24000,0.907567
40223.25000,0.907467
40223.26000,0.907367
40223.27000,0.907267
40223.28000,0.907135
40223.29000,0.906981
40223.30000,0.906828
40223.31000,0.906674
40223.32000,0.90652
40223.33000,0.906366
40223.34000,0.906213
40223.35000,0.906059
40223.36000,0.905905
40223.37000,0.905752
40223.38000,0.905598
40223.39000,0.905444
40223.40000,0.905291
40223.41000,0.905137
40223.42000,0.904983
40223.43000,0.904829
40223.44000,0.904676
40223.45000,0.904522
40223.46000,0.904368
40223.47000,0.904215
40223.48000,0.904061
40223.49000,0.903907
40223.50000,0.903754
40223.51000,0.9036
40223.52000,0.903446
40223.53000,0.903293
40223.54000,0.903139
40223.55000,0.902985
40223.56000,0.902831
40223.57000,0.902678
40223.58000,0.902524
40223.59000,0.90237
40223.60000,0.902217
40223.61000,0.902063
40223.62000,0.901909
40223.63000,0.901756
40223.64000,0.901602
40223.65000,0.901448
40223.66000,0.901294
40223.67000,0.901141
40223.68000,0.900987
40223.69000,0.900833
40223.70000,0.900704
40223.71000,0.900604
40223.72000,0.900504
40223.73000,0.900404
40223.74000,0.900304
40223.75000,0.900204
40223.76000,0.900104
40223.77000,0.900004
40223.78000,0.899904
40223.79000,0.899804
40223.80000,0.899704
40223.81000,0.899604
40223.82000,0.899504
40223.83000,0.899404
40223.84000,0.899303
40223.85000,0.899203
40223.86000,0.899103
40223.87000,0.899003
40223.88000,0.898903
40223.89000,0.898803
40223.90000,0.898703
40223.91000,0.898603
40223.92000,0.898503
40223.93000,0.898403
40223.94000,0.898303
40223.95000,0.898203
40223.96000,0.898103
40223.97000,0.898003
40223.98000,0.897903
40223.99000,0.897803
40224.00000,0.897702
40224.01000,0.897602
40224.02000,0.897502
40224.03000,0.897402
40224.04000,0.897302
40224.05000,0.897202
40224.06000,0.897102
40224.07000,0.897002
40224.08000,0.896902
40224.09000,0.896802
40224.10000,0.896702
40224.11000,0.896602
40224.12000,0.896516
40224.13000,0.896461
40224.14000,0.896406
40224.15000,0.896351
40224.16000,0.896297
40224.17000,0.896242
40224.18000,0.896187
40224.19000,0.896132
40224.20000,0.896077
40224.21000,0.896022
40224.22000,0.895967
40224.23000,0.895912
40224.24000,0.895857
40224.25000,0.895802
40224.26000,0.895747
40224.27000,0.895692
40224.28000,0.895638
40224.29000,0.895583
40224.30000,0.895528
40224.31000,0.895473
40224.32000,0.895418
40224.33000,0.895363
40224.34000,0.895308
40224.35000,0.895253
40224.36000,0.895198
40224.37000,0.895143
40224.38000,0.895088
40224.39000,0.895033
40224.40000,0.894978
40224.41000,0.894924
40224.42000,0.894869
40224.43000,0.894814
40224.44000,0.894759
40224.45000,0.894704
40224.46000,0.894649
40224.47000,0.894594
40224.48000,0.894539
40224.49000,0.894484
40224.50000,0.894429
40224.51000,0.894374
40224.52000,0.894319
40224.53000,0.894265
40224.54000,0.894213
40224.55000,0.894179
40224.56000,0.894145
40224.57000,0.894111
40224.58000,0.894077
40224.59000,0.894043
40224.60000,0.894009
40224.61000,0.893975
40224.62000,0.893824
40224.63000,0.893846
40224.64000,0.894139
40224.65000,0.894719
40224.66000,0.895475
40224.67000,0.896337
40224.68000,0.897239
40224.69000,0.898143
40224.70000,0.899073
40224.71000,0.900026
40224.72000,0.901001
40224.73000,0.90199
40224.74000,0.902901
40224.75000,0.903701
40224.76000,0.904364
40224.77000,0.904877
40224.78000,0.906145
40224.79000,0.906133
40224.80000,0.906121
40224.81000,0.906109
40224.82000,0.906097
40224.83000,0.906085
40224.84000,0.906073
40224.85000,0.906061
40224.86000,0.906049
40224.87000,0.906037
40224.88000,0.906025
40224.89000,0.905942
40224.90000,0.90586
40224.91000,0.905777
40224.92000,0.905694
40224.93000,0.905612
40224.94000,0.905529
40224.95000,0.905446
40224.96000,0.905363
40224.97000,0.905281
40224.98000,0.905198
40224.99000,0.905115
40225.00000,0.905033
40225.01000,0.90495
40225.02000,0.904848
40225.03000,0.904736
40225.04000,0.904624
40225.05000,0.904512
40225.06000,0.904401
40225.07000,0.904289
40225.08000,0.904177
40225.09000,0.904065
40225.10000,0.903954
40225.11000,0.903842
40225.12000,0.90373
40225.13000,0.903618
40225.14000,0.903507
40225.15000,0.903395
40225.16000,0.903283
40225.17000,0.903171
40225.18000,0.90306
40225.19000,0.902948
40225.20000,0.902608
40225.21000,0.902239
40225.22000,0.90187
40225.23000,0.901501
40225.24000,0.901132
40225.25000,0.900763
40225.26000,0.900394
40225.27000,0.900025
40225.28000,0.899656
40225.29000,0.899287
40225.30000,0.898918
40225.31000,0.89855
40225.32000,0.898181
40225.33000,0.897812
40225.34000,0.897443
40225.35000,0.897074
40225.36000,0.896705
40225.37000,0.896336
40225.38000,0.895967
40225.39000,0.895598
40225.40000,0.895229
40225.41000,0.89486
40225.42000,0.894491
40225.43000,0.894173
40225.44000,0.894076
40225.45000,0.89398
40225.46000,0.893883
40225.47000,0.893786
40225.48000,0.893689
40225.49000,0.893593
40225.50000,0.893496
40225.51000,0.893399
40225.52000,0.893303
40225.53000,0.893206
40225.54000,0.893109
40225.55000,0.893013
40225.56000,0.892916
40225.57000,0.892819
40225.58000,0.892723
40225.59000,0.892626
40225.60000,0.892529
40225.61000,0.892433
40225.62000,0.892336
40225.63000,0.892239
40225.64000,0.892142
40225.65000,0.892046
40225.66000,0.891949
40225.67000,0.891852
40225.68000,0.891756
40225.69000,0.891659
40225.70000,0.891562
40225.71000,0.891466
40225.72000,0.891369
40225.73000,0.891272
40225.74000,0.891176
40225.75000,0.891078
40225.76000,0.89098
40225.77000,0.890882
40225.78000,0.890783
40225.79000,0.890685
40225.80000,0.890587
40225.81000,0.890489
40225.82000,0.890391
40225.83000,0.890292
40225.84000,0.890194
40225.85000,0.890096
40225.86000,0.889998
40225.87000,0.8899
40225.88000,0.889801
40225.89000,0.889703
40225.90000,0.889605
40225.91000,0.889507
40225.92000,0.889409
40225.93000,0.88931
40225.94000,0.889212
40225.95000,0.889114
40225.96000,0.889016
40225.97000,0.888918
40225.98000,0.888819
40225.99000,0.888721
40226.00000,0.888623
40226.01000,0.888525
40226.02000,0.888427
40226.03000,0.888328
40226.04000,0.88823
40226.05000,0.888132
40226.06000,0.888034
40226.07000,0.88782
40226.08000,0.887604
40226.09000,0.887388
40226.10000,0.887172
40226.11000,0.886956
40226.12000,0.886739
40226.13000,0.886523
40226.14000,0.886307
40226.15000,0.886091
40226.16000,0.885874
40226.17000,0.885658
40226.18000,0.885442
40226.19000,0.885226
40226.20000,0.88501
40226.21000,0.884793
40226.22000,0.884577
40226.23000,0.884361
40226.24000,0.884145
40226.25000,0.883929
40226.26000,0.883712
40226.27000,0.883496
40226.28000,0.88328
40226.29000,0.883064
40226.30000,0.882847
40226.31000,0.882631
40226.32000,0.882415
40226.33000,0.882199
40226.34000,0.881983
40226.35000,0.881766
40226.36000,0.88155
40226.37000,0.881334
40226.38000,0.881118
40226.39000,0.880904
40226.40000,0.88069
40226.41000,0.880475
40226.42000,0.880261
40226.43000,0.880046
40226.44000,0.879832
40226.45000,0.879618
40226.46000,0.879403
40226.47000,0.879189
40226.48000,0.878974
40226.49000,0.87876
40226.50000,0.878546
40226.51000,0.878331
40226.52000,0.878117
40226.53000,0.877902
40226.54000,0.877688
40226.55000,0.877473
40226.56000,0.877259
40226.57000,0.877045
40226.58000,0.87683
40226.59000,0.876616
40226.60000,0.876401
40226.61000,0.876187
40226.62000,0.875973
40226.63000,0.875758
40226.64000,0.875544
40226.65000,0.875329
40226.66000,0.875115
40226.67000,0.874901
40226.68000,0.874686
40226.69000,0.874472
40226.70000,0.874345
40226.71000,0.874244
40226.72000,0.874144
40226.73000,0.874044
40226.74000,0.873944
40226.75000,0.873843
40226.76000,0.873743
40226.77000,0.873643
40226.78000,0.873542
40226.79000,0.873442
40226.80000,0.873342
40226.81000,0.873242
40226.82000,0.873141
40226.83000,0.873041
40226.84000,0.872941
40226.85000,0.87284
40226.86000,0.87274
40226.87000,0.87264
40226.88000,0.87254
40226.89000,0.872439
40226.90000,0.872339
40226.91000,0.872239
40226.92000,0.872138
40226.93000,0.872038
40226.94000,0.871938
40226.95000,0.871838
40226.96000,0.871737
40226.97000,0.871637
40226.98000,0.871537
40226.99000,0.871436
40227.00000,0.871336
40227.01000,0.871236
40227.02000,0.871136
40227.03000,0.871035
40227.04000,0.870935
40227.05000,0.870835
40227.06000,0.870734
40227.07000,0.870634
40227.08000,0.870534
40227.09000,0.870434
40227.10000,0.870333
40227.11000,0.870233
40227.12000,0.869987
40227.13000,0.869655
40227.14000,0.869323
40227.15000,0.86899
40227.16000,0.868658
40227.17000,0.868326
40227.18000,0.867993
40227.19000,0.867661
40227.20000,0.867329
40227.21000,0.866996
40227.22000,0.866664
40227.23000,0.866332
40227.24000,0.865999
40227.25000,0.865667
40227.26000,0.865335
40227.27000,0.865002
40227.28000,0.86467
40227.29000,0.864338
40227.30000,0.864005
40227.31000,0.863673
40227.32000,0.863341
40227.33000,0.863008
40227.34000,0.862676
40227.35000,0.862344
40227.36000,0.862011
40227.37000,0.861679
40227.38000,0.861346
40227.39000,0.861014
40227.40000,0.860682
40227.41000,0.860349
40227.42000,0.860017
40227.43000,0.859685
40227.44000,0.859352
40227.45000,0.85902
40227.46000,0.858688
40227.47000,0.858355
40227.48000,0.858023
40227.49000,0.857691
40227.50000,0.857358
40227.51000,0.857026
40227.52000,0.856694
40227.53000,0.856361
40227.54000,0.856141
40227.55000,0.85604
40227.56000,0.855939
40227.57000,0.855838
40227.58000,0.855737
40227.59000,0.855636
40227.60000,0.855535
40227.61000,0.855434
40227.62000,0.855333
40227.63000,0.855231
40227.64000,0.85513
40227.65000,0.855029
40227.66000,0.854928
40227.67000,0.854827
40227.68000,0.854726
40227.69000,0.854625
40227.70000,0.854524
40227.71000,0.854423
40227.72000,0.854322
40227.73000,0.854221
40227.74000,0.854119
40227.75000,0.854018
40227.76000,0.853917
40227.77000,0.853816
40227.78000,0.853715
40227.79000,0.853614
40227.80000,0.853513
40227.81000,0.853412
40227.82000,0.853311
40227.83000,0.85321
40227.84000,0.853109
40227.85000,0.853007
40227.86000,0.852906
40227.87000,0.852805
40227.88000,0.852704
40227.89000,0.852603
40227.90000,0.852502
40227.91000,0.852401
40227.92000,0.8523
40227.93000,0.852199
40227.94000,0.852098
40227.95000,0.851997
40227.96000,0.851853
40227.97000,0.851627
40227.98000,0.851402
40227.99000,0.851176
40228.00000,0.850951
40228.01000,0.850726
40228.02000,0.8505
40228.03000,0.850275
40228.04000,0.850049
40228.05000,0.849824
40228.06000,0.849599
40228.07000,0.849373
40228.08000,0.849148
40228.09000,0.848923
40228.10000,0.848697
40228.11000,0.848472
40228.12000,0.848246
40228.13000,0.848021
40228.14000,0.847796
40228.15000,0.84757
40228.16000,0.847345
40228.17000,0.847119
40228.18000,0.846894
40228.19000,0.846669
40228.20000,0.846443
40228.21000,0.846218
40228.22000,0.845993
40228.23000,0.845767
40228.24000,0.845542
40228.25000,0.845316
40228.26000,0.845091
40228.27000,0.844866
40228.28000,0.84464
40228.29000,0.844415
40228.30000,0.844189
40228.31000,0.843964
40228.32000,0.843739
40228.33000,0.843513
40228.34000,0.843288
40228.35000,0.843063
40228.36000,0.842837
40228.37000,0.842612
40228.38000,0.842412
40228.39000,0.84231
40228.40000,0.842209
40228.41000,0.842108
40228.42000,0.842006
40228.43000,0.841905
40228.44000,0.841804
40228.45000,0.841702
40228.46000,0.841601
40228.47000,0.8415
40228.48000,0.841398
40228.49000,0.841297
40228.50000,0.841195
40228.51000,0.841094
40228.52000,0.840993
40228.53000,0.840891
40228.54000,0.84079
40228.55000,0.840689
40228.56000,0.840587
40228.57000,0.840486
40228.58000,0.840385
40228.59000,0.840283
40228.60000,0.840182
40228.61000,0.84008
40228.62000,0.839979
40228.63000,0.839878
40228.64000,0.839776
40228.65000,0.839675
40228.66000,0.839574
40228.67000,0.839472
40228.68000,0.839371
40228.69000,0.83927
40228.70000,0.839168
40228.71000,0.839067
40228.72000,0.838965
40228.73000,0.838864
40228.74000,0.838763
40228.75000,0.838661
40228.76000,0.83856
40228.77000,0.838459
40228.78000,0.838357
40228.79000,0.838256
40228.80000,0.838155
40228.81000,0.838053
40228.82000,0.837951
40228.83000,0.83785
40228.84000,0.837748
40228.85000,0.837647
40228.86000,0.837545
40228.87000,0.837444
40228.88000,0.837342
40228.89000,0.837241
40228.90000,0.837139
40228.91000,0.837038
40228.92000,0.836936
40228.93000,0.836835
40228.94000,0.836733
40228.95000,0.836632
40228.96000,0.83653
40228.97000,0.836429
40228.98000,0.836327
40228.99000,0.836225
40229.00000,0.836124
40229.01000,0.836022
40229.02000,0.835921
40229.03000,0.835819
40229.04000,0.835718
40229.05000,0.835616
40229.06000,0.835515
40229.07000,0.835413
40229.08000,0.835312
40229.09000,0.83521
40229.10000,0.835109
40229.11000,0.835007
40229.12000,0.834906
40229.13000,0.834804
40229.14000,0.834702
40229.15000,0.834601
40229.16000,0.834499
40229.17000,0.834398
40229.18000,0.834296
40229.19000,0.834195
40229.20000,0.834093
40229.21000,0.833992
40229.22000,0.83389
40229.23000,0.833657
40229.24000,0.833413
40229.25000,0.833169
40229.26000,0.832925
40229.27000,0.832682
40229.28000,0.832438
40229.29000,0.832194
40229.30000,0.83195
40229.31000,0.831706
40229.32000,0.831462
40229.33000,0.831219
40229.34000,0.830975
40229.35000,0.830731
40229.36000,0.830487
40229.37000,0.830243
40229.38000,0.829999
40229.39000,0.829755
40229.40000,0.829512
40229.41000,0.829268
40229.42000,0.829024
40229.43000,0.82878
40229.44000,0.828536
40229.45000,0.828292
40229.46000,0.828049
40229.47000,0.827805
40229.48000,0.827561
40229.49000,0.827317
40229.50000,0.827073
40229.51000,0.826829
40229.52000,0.826586
40229.53000,0.826342
40229.54000,0.826098
40229.55000,0.825854
40229.56000,0.82561
40229.57000,0.825366
40229.58000,0.825123
40229.59000,0.824879
40229.60000,0.824635
40229.61000,0.824391
40229.62000,0.824147
40229.63000,0.823903
40229.64000,0.823659
40229.65000,0.823527
40229.66000,0.823426
40229.67000,0.823324
40229.68000,0.823222
40229.69000,0.82312
40229.70000,0.823019
40229.71000,0.822917
40229.72000,0.822815
40229.73000,0.822713
40229.74000,0.822612
40229.75000,0.82251
40229.76000,0.822408
40229.77000,0.822306
40229.78000,0.822204
40229.79000,0.822103
40229.80000,0.822001
40229.81000,0.821899
40229.82000,0.821797
40229.83000,0.821696
40229.84000,0.821594
40229.85000,0.821492
40229.86000,0.82139
40229.87000,0.821289
40229.88000,0.821187
40229.89000,0.821085
40229.90000,0.820983
40229.91000,0.820882
40229.92000,0.82078
40229.93000,0.820678
40229.94000,0.820576
40229.95000,0.820475
40229.96000,0.820373
40229.97000,0.820271
40229.98000,0.820169
40229.99000,0.820068
40230.00000,0.819966
40230.01000,0.819864
40230.02000,0.819762
40230.03000,0.819661
40230.04000,0.819559
40230.05000,0.819457
40230.06000,0.819355
40230.07000,0.819105
40230.08000,0.818773
40230.09000,0.81844
40230.10000,0.818108
40230.11000,0.817776
40230.12000,0.817444
40230.13000,0.817112
40230.14000,0.81678
40230.15000,0.816448
40230.16000,0.816116
40230.17000,0.815784
40230.18000,0.815451
40230.19000,0.815119
40230.20000,0.814787
40230.21000,0.814455
40230.22000,0.814123
40230.23000,0.813791
40230.24000,0.813459
40230.25000,0.813127
40230.26000,0.812794
40230.27000,0.812462
40230.28000,0.81213
40230.29000,0.811798
40230.30000,0.811466
40230.31000,0.811134
40230.32000,0.810802
40230.33000,0.81047
40230.34000,0.810138
40230.35000,0.809805
40230.36000,0.809473
40230.37000,0.809141
40230.38000,0.808809
40230.39000,0.808477
40230.40000,0.808145
40230.41000,0.807813
40230.42000,0.807481
40230.43000,0.807149
40230.44000,0.806816
40230.45000,0.806484
40230.46000,0.806152
40230.47000,0.80582
40230.48000,0.805488
40230.49000,0.805272
40230.50000,0.80517
40230.51000,0.805068
40230.52000,0.804966
40230.53000,0.804864
40230.54000,0.804762
40230.55000,0.80466
40230.56000,0.804557
40230.57000,0.804455
40230.58000,0.804353
40230.59000,0.804251
40230.60000,0.804149
40230.61000,0.804047
40230.62000,0.803945
40230.63000,0.803843
40230.64000,0.80374
40230.65000,0.803638
40230.66000,0.803536
40230.67000,0.803434
40230.68000,0.803332
40230.69000,0.80323
40230.70000,0.803128
40230.71000,0.803026
40230.72000,0.802923
40230.73000,0.802821
40230.74000,0.802719
40230.75000,0.802617
40230.76000,0.802515
40230.77000,0.802413
40230.78000,0.802311
40230.79000,0.802209
40230.80000,0.802106
40230.81000,0.802004
40230.82000,0.801902
40230.83000,0.8018
40230.84000,0.801698
40230.85000,0.801596
40230.86000,0.801494
40230.87000,0.801392
40230.88000,0.801289
40230.89000,0.801187
40230.90000,0.801085
40230.91000,0.800978
40230.92000,0.800863
40230.93000,0.800748
40230.94000,0.800632
40230.95000,0.800517
40230.96000,0.800402
40230.97000,0.800286
40230.98000,0.800171
40230.99000,0.800056
40231.00000,0.79994
40231.01000,0.799825
40231.02000,0.79971
40231.03000,0.799594
40231.04000,0.799479
40231.05000,0.799364
40231.06000,0.799248
40231.07000,0.799133
40231.08000,0.799018
40231.09000,0.798902
40231.10000,0.798787
40231.11000,0.798672
40231.12000,0.798556
40231.13000,0.798441
40231.14000,0.798326
40231.15000,0.79821
40231.16000,0.798095
40231.17000,0.79798
40231.18000,0.797865
40231.19000,0.797749
40231.20000,0.797634
40231.21000,0.797519
40231.22000,0.797403
40231.23000,0.797288
40231.24000,0.797173
40231.25000,0.797057
40231.26000,0.796942
40231.27000,0.796827
40231.28000,0.796711
40231.29000,0.796596
40231.30000,0.796481
40231.31000,0.796365
40231.32000,0.79625
40231.33000,0.796159
40231.34000,0.796153
40231.35000,0.796146
40231.36000,0.796139
40231.37000,0.796133
40231.38000,0.796126
40231.39000,0.79612
40231.40000,0.796113
40231.41000,0.796107
40231.42000,0.7961
40231.43000,0.796093
40231.44000,0.796087
40231.45000,0.79608
40231.46000,0.796074
40231.47000,0.796067
40231.48000,0.79606
40231.49000,0.796054
40231.50000,0.796047
40231.51000,0.796041
40231.52000,0.796034
40231.53000,0.796027
40231.54000,0.796021
40231.55000,0.796014
40231.56000,0.796008
40231.57000,0.796001
40231.58000,0.795994
40231.59000,0.795988
40231.60000,0.795981
40231.61000,0.795975
40231.62000,0.795968
40231.63000,0.795962
40231.64000,0.795955
40231.65000,0.795948
40231.66000,0.795829
40231.67000,0.795884
40231.68000,0.796224
40231.69000,0.796949
40231.70000,0.798081
40231.71000,0.799649
40231.72000,0.801666
40231.73000,0.804178
40231.74000,0.807809
40231.75000,0.812933
40231.76000,0.819842
40231.77000,0.828707
40231.78000,0.838007
40231.79000,0.846992
40231.80000,0.855247
40231.81000,0.862539
40231.82000,0.86913
40231.83000,0.875204
40231.84000,0.880839
40231.85000,0.886088
40231.86000,0.890987
40231.87000,0.89556
40231.88000,0.899825
40231.89000,0.903795
40231.90000,0.907391
40231.91000,0.910465
40231.92000,0.912968
40231.93000,0.914877
40231.94000,0.918248
40231.95000,0.918314
40231.96000,0.918381
40231.97000,0.918447
40231.98000,0.918514
40231.99000,0.91858
40232.00000,0.918646
40232.01000,0.918713
40232.02000,0.918779
40232.03000,0.918846
40232.04000,0.918912
40232.05000,0.918853
40232.06000,0.918795
40232.07000,0.918736
40232.08000,0.918677
40232.09000,0.918618
40232.10000,0.918559
40232.11000,0.918501
40232.12000,0.918442
40232.13000,0.918383
40232.14000,0.918324
40232.15000,0.918265
40232.16000,0.918207
40232.17000,0.918148
40232.18000,0.917982
40232.19000,0.917762
40232.20000,0.917543
40232.21000,0.917323
40232.22000,0.917104
40232.23000,0.916884
40232.24000,0.916665
40232.25000,0.916445
40232.26000,0.916225
40232.27000,0.916006
40232.28000,0.915786
40232.29000,0.915567
40232.30000,0.915347
40232.31000,0.915128
40232.32000,0.914908
40232.33000,0.914689
40232.34000,0.914469
40232.35000,0.914249
40232.36000,0.913962
40232.37000,0.913667
40232.38000,0.913371
40232.39000,0.913075
40232.40000,0.91278
40232.41000,0.912484
40232.42000,0.912188
40232.43000,0.911893
40232.44000,0.911597
40232.45000,0.911301
40232.46000,0.911006
40232.47000,0.91071
40232.48000,0.910414
40232.49000,0.910119
40232.50000,0.909823
40232.51000,0.909527
40232.52000,0.909232
40232.53000,0.908936
40232.54000,0.90864
40232.55000,0.908345
40232.56000,0.908049
40232.57000,0.907753
40232.58000,0.907458
40232.59000,0.907199
40232.60000,0.907105
40232.61000,0.907011
40232.62000,0.906917
40232.63000,0.906822
40232.64000,0.906728
40232.65000,0.906634
40232.66000,0.90654
40232.67000,0.906446
40232.68000,0.906351
40232.69000,0.906257
40232.70000,0.906163
40232.71000,0.906069
40232.72000,0.905975
40232.73000,0.90588
40232.74000,0.905786
40232.75000,0.905692
40232.76000,0.905598
40232.77000,0.905504
40232.78000,0.905409
40232.79000,0.905315
40232.80000,0.905221
40232.81000,0.905127
40232.82000,0.905033
40232.83000,0.904937
40232.84000,0.90484
40232.85000,0.904744
40232.86000,0.904647
40232.87000,0.90455
40232.88000,0.904454
40232.89000,0.904357
40232.90000,0.90426
40232.91000,0.904163
40232.92000,0.904067
40232.93000,0.90397
40232.94000,0.903873
40232.95000,0.903777
40232.96000,0.90368
40232.97000,0.903583
40232.98000,0.903486
40232.99000,0.90339
40233.00000,0.903293
40233.01000,0.903196
40233.02000,0.9031
40233.03000,0.903003
40233.04000,0.902906
40233.05000,0.902809
40233.06000,0.902713
40233.07000,0.902605
40233.08000,0.902493
40233.09000,0.902382
40233.10000,0.902271
40233.11000,0.902159
40233.12000,0.902048
40233.13000,0.901937
40233.14000,0.901825
40233.15000,0.901714
40233.16000,0.901603
40233.17000,0.901491
40233.18000,0.90138
40233.19000,0.901269
40233.20000,0.901157
40233.21000,0.901046
40233.22000,0.900935
40233.23000,0.900823
40233.24000,0.900712
40233.25000,0.900601
40233.26000,0.900489
40233.27000,0.900378
40233.28000,0.900267
40233.29000,0.900155
40233.30000,0.900027
40233.31000,0.899689
40233.32000,0.89935
40233.33000,0.899012
40233.34000,0.898673
40233.35000,0.898335
40233.36000,0.897996
40233.37000,0.897658
40233.38000,0.897319
40233.39000,0.896981
40233.40000,0.896642
40233.41000,0.896304
40233.42000,0.895965
40233.43000,0.895627
40233.44000,0.895288
40233.45000,0.89495
40233.46000,0.894611
40233.47000,0.894273
40233.48000,0.893934
40233.49000,0.893596
40233.50000,0.893258
40233.51000,0.892919
40233.52000,0.892581
40233.53000,0.892242
40233.54000,0.89198
40233.55000,0.891847
40233.56000,0.891715
40233.57000,0.891582
40233.58000,0.89145
40233.59000,0.891317
40233.60000,0.891185
40233.61000,0.891052
40233.62000,0.89092
40233.63000,0.890787
40233.64000,0.890655
40233.65000,0.890522
40233.66000,0.89039
40233.67000,0.890257
40233.68000,0.890125
40233.69000,0.889992
40233.70000,0.88986
40233.71000,0.889727
40233.72000,0.889595
40233.73000,0.889462
40233.74000,0.88933
40233.75000,0.889197
40233.76000,0.889065
40233.77000,0.888932
40233.78000,0.888884
40233.79000,0.888877
40233.80000,0.888871
40233.81000,0.888864
40233.82000,0.888858
40233.83000,0.888851
40233.84000,0.888845
40233.85000,0.888838
40233.86000,0.888832
40233.87000,0.888825
40233.88000,0.888819
40233.89000,0.888812
40233.90000,0.888806
40233.91000,0.888799
40233.92000,0.888793
40233.93000,0.888786
40233.94000,0.88878
40233.95000,0.888773
40233.96000,0.888767
40233.97000,0.88876
40233.98000,0.888754
40233.99000,0.888747
40234.00000,0.888741
40234.01000,0.888734
40234.02000,0.888728
40234.03000,0.888721
40234.04000,0.888715
40234.05000,0.888708
40234.06000,0.888702
40234.07000,0.888695
40234.08000,0.888689
40234.09000,0.88868
40234.10000,0.888638
40234.11000,0.888596
40234.12000,0.888544
40234.13000,0.888553
40234.14000,0.888659
40234.15000,0.888858
40234.16000,0.88909
40234.17000,0.889317
40234.18000,0.889505
40234.19000,0.889433
40234.20000,0.889353
40234.21000,0.889272
40234.22000,0.889191
40234.23000,0.889111
40234.24000,0.88903
40234.25000,0.88895
40234.26000,0.888869
40234.27000,0.888788
40234.28000,0.888708
40234.29000,0.888627
40234.30000,0.888261
40234.31000,0.887894
40234.32000,0.887528
40234.33000,0.887161
40234.34000,0.886795
40234.35000,0.886429
40234.36000,0.886062
40234.37000,0.885696
40234.38000,0.885329
40234.39000,0.884963
40234.40000,0.884596
40234.41000,0.88423
40234.42000,0.883863
40234.43000,0.883481
40234.44000,0.883091
40234.45000,0.8827
40234.46000,0.88231
40234.47000,0.881919
40234.48000,0.881529
40234.49000,0.881139
40234.50000,0.880748
40234.51000,0.880358
40234.52000,0.879967
40234.53000,0.879577
40234.54000,0.879187
40234.55000,0.878796
40234.56000,0.878406
40234.57000,0.878015
40234.58000,0.877625
40234.59000,0.877235
40234.60000,0.876844
40234.61000,0.876687
40234.62000,0.87656
40234.63000,0.876432
40234.64000,0.876304
40234.65000,0.876176
40234.66000,0.876049
40234.67000,0.875921
40234.68000,0.875793
40234.69000,0.875666
40234.70000,0.875538
40234.71000,0.87541
40234.72000,0.875283
40234.73000,0.875155
40234.74000,0.875027
40234.75000,0.874899
40234.76000,0.874772
40234.77000,0.874644
40234.78000,0.874516
40234.79000,0.874389
40234.80000,0.874261
40234.81000,0.874133
40234.82000,0.874005
40234.83000,0.873878
40234.84000,0.873749
40234.85000,0.873618
40234.86000,0.873487
40234.87000,0.873355
40234.88000,0.873224
40234.89000,0.873092
40234.90000,0.872961
40234.91000,0.87283
40234.92000,0.872698
40234.93000,0.872567
40234.94000,0.872435
40234.95000,0.872304
40234.96000,0.872173
40234.97000,0.872041
40234.98000,0.87191
40234.99000,0.871778
40235.00000,0.871647
40235.01000,0.871516
40235.02000,0.871384
40235.03000,0.871253
40235.04000,0.871122
40235.05000,0.87099
40235.06000,0.870859
40235.07000,0.870727
40235.08000,0.870596
40235.09000,0.870465
40235.10000,0.870333
40235.11000,0.870202
40235.12000,0.87007
40235.13000,0.869939
40235.14000,0.869808
40235.15000,0.869676
40235.16000,0.869434
40235.17000,0.869112
40235.18000,0.86879
40235.19000,0.868468
40235.20000,0.868146
40235.21000,0.867824
40235.22000,0.867502
40235.23000,0.86718
40235.24000,0.866858
40235.25000,0.866535
40235.26000,0.866213
40235.27000,0.865891
40235.28000,0.865569
40235.29000,0.865247
40235.30000,0.864925
40235.31000,0.864603
40235.32000,0.864281
40235.33000,0.863959
40235.34000,0.863637
40235.35000,0.863315
40235.36000,0.862992
40235.37000,0.86267
40235.38000,0.862348
40235.39000,0.862026
40235.40000,0.861704
40235.41000,0.861382
40235.42000,0.86106
40235.43000,0.860738
40235.44000,0.860416
40235.45000,0.860094
40235.46000,0.859772
40235.47000,0.85945
40235.48000,0.859127
40235.49000,0.858805
40235.50000,0.858483
40235.51000,0.858161
40235.52000,0.857839
40235.53000,0.857517
40235.54000,0.857195
40235.55000,0.856873
40235.56000,0.856551
40235.57000,0.856229
40235.58000,0.856037
40235.59000,0.85601
40235.60000,0.855983
40235.61000,0.855956
40235.62000,0.855929
40235.63000,0.855902
40235.64000,0.855875
40235.65000,0.855849
40235.66000,0.855822
40235.67000,0.855795
40235.68000,0.855768
40235.69000,0.855741
40235.70000,0.855714
40235.71000,0.855687
40235.72000,0.855661
40235.73000,0.855634
40235.74000,0.855607
40235.75000,0.85558
40235.76000,0.855553
40235.77000,0.855526
40235.78000,0.8555
40235.79000,0.855473
40235.80000,0.855446
40235.81000,0.855419
40235.82000,0.855392
40235.83000,0.855365
40235.84000,0.855338
40235.85000,0.855312
40235.86000,0.855285
40235.87000,0.855258
40235.88000,0.855231
40235.89000,0.855204
40235.90000,0.855177
40235.91000,0.85515
40235.92000,0.855124
40235.93000,0.855097
40235.94000,0.85507
40235.95000,0.855043
40235.96000,0.855016
40235.97000,0.854989
40235.98000,0.854962
40235.99000,0.854936
40236.00000,0.854915
40236.01000,0.854907
40236.02000,0.854899
40236.03000,0.854891
40236.04000,0.854884
40236.05000,0.854876
40236.06000,0.854868
40236.07000,0.854861
40236.08000,0.854853
40236.09000,0.854845
40236.10000,0.854838
40236.11000,0.85483
40236.12000,0.854778
40236.13000,0.85479
40236.14000,0.854903
40236.15000,0.855113
40236.16000,0.855357
40236.17000,0.855597
40236.18000,0.855797
40236.19000,0.85576
40236.20000,0.855679
40236.21000,0.855598
40236.22000,0.855516
40236.23000,0.855435
40236.24000,0.855354
40236.25000,0.855273
40236.26000,0.855191
40236.27000,0.85511
40236.28000,0.855029
40236.29000,0.854947
40236.30000,0.854577
40236.31000,0.854207
40236.32000,0.853837
40236.33000,0.853467
40236.34000,0.853097
40236.35000,0.852727
40236.36000,0.852356
40236.37000,0.851986
40236.38000,0.851616
40236.39000,0.851246
40236.40000,0.850876
40236.41000,0.850506
40236.42000,0.850136
40236.43000,0.849751
40236.44000,0.849359
40236.45000,0.848967
40236.46000,0.848576
40236.47000,0.848184
40236.48000,0.847792
40236.49000,0.8474
40236.50000,0.847008
40236.51000,0.846616
40236.52000,0.846224
40236.53000,0.845833
40236.54000,0.845441
40236.55000,0.845049
40236.56000,0.844657
40236.57000,0.844265
40236.58000,0.843873
40236.59000,0.843481
40236.60000,0.84309
40236.61000,0.842932
40236.62000,0.842804
40236.63000,0.842676
40236.64000,0.842548
40236.65000,0.84242
40236.66000,0.842291
40236.67000,0.842163
40236.68000,0.842035
40236.69000,0.841907
40236.70000,0.841779
40236.71000,0.841651
40236.72000,0.841523
40236.73000,0.841394
40236.74000,0.841266
40236.75000,0.841138
40236.76000,0.84101
40236.77000,0.840882
40236.78000,0.840754
40236.79000,0.840626
40236.80000,0.840497
40236.81000,0.840369
40236.82000,0.840241
40236.83000,0.840113
40236.84000,0.839984
40236.85000,0.839853
40236.86000,0.839721
40236.87000,0.839589
40236.88000,0.839457
40236.89000,0.839326
40236.90000,0.839194
40236.91000,0.839062
40236.92000,0.838931
40236.93000,0.838799
40236.94000,0.838667
40236.95000,0.838536
40236.96000,0.838404
40236.97000,0.838272
40236.98000,0.83814
40236.99000,0.838009
40237.00000,0.837877
40237.01000,0.837745
40237.02000,0.837614
40237.03000,0.837482
40237.04000,0.83735
40237.05000,0.837219
40237.06000,0.837087
40237.07000,0.836955
40237.08000,0.836823
40237.09000,0.836692
40237.10000,0.83656
40237.11000,0.836428
40237.12000,0.836297
40237.13000,0.836165
40237.14000,0.836033
40237.15000,0.835902
40237.16000,0.835656
40237.17000,0.835328
40237.18000,0.835
40237.19000,0.834672
40237.20000,0.834344
40237.21000,0.834016
40237.22000,0.833688
40237.23000,0.83336
40237.24000,0.833032
40237.25000,0.832704
40237.26000,0.832376
40237.27000,0.832048
40237.28000,0.83172
40237.29000,0.831392
40237.30000,0.831064
40237.31000,0.830736
40237.32000,0.830408
40237.33000,0.83008
40237.34000,0.829752
40237.35000,0.829424
40237.36000,0.829096
40237.37000,0.828768
40237.38000,0.82844
40237.39000,0.828112
40237.40000,0.827784
40237.41000,0.827456
40237.42000,0.827128
40237.43000,0.8268
40237.44000,0.826472
40237.45000,0.826144
40237.46000,0.825816
40237.47000,0.825488
40237.48000,0.825161
40237.49000,0.824833
40237.50000,0.824505
40237.51000,0.824177
40237.52000,0.823849
40237.53000,0.823521
40237.54000,0.823193
40237.55000,0.822865
40237.56000,0.822537
40237.57000,0.822209
40237.58000,0.821981
40237.59000,0.82188
40237.60000,0.821779
40237.61000,0.821678
40237.62000,0.821577
40237.63000,0.821476
40237.64000,0.821375
40237.65000,0.821273
40237.66000,0.821172
40237.67000,0.821071
40237.68000,0.82097
40237.69000,0.820869
40237.70000,0.820768
40237.71000,0.820667
40237.72000,0.820566
40237.73000,0.820465
40237.74000,0.820364
40237.75000,0.820263
40237.76000,0.820162
40237.77000,0.820061
40237.78000,0.81996
40237.79000,0.819859
40237.80000,0.819758
40237.81000,0.819657
40237.82000,0.819556
40237.83000,0.819455
40237.84000,0.819354
40237.85000,0.819253
40237.86000,0.819152
40237.87000,0.819051
40237.88000,0.81895
40237.89000,0.818849
40237.90000,0.818748
40237.91000,0.818647
40237.92000,0.818546
40237.93000,0.818445
40237.94000,0.818344
40237.95000,0.818243
40237.96000,0.818142
40237.97000,0.818041
40237.98000,0.81794
40237.99000,0.817839
40238.00000,0.817679
40238.01000,0.817381
40238.02000,0.817083
40238.03000,0.816785
40238.04000,0.816487
40238.05000,0.816188
40238.06000,0.81589
40238.07000,0.815592
40238.08000,0.815294
40238.09000,0.814996
40238.10000,0.814698
40238.11000,0.8144
40238.12000,0.814102
40238.13000,0.813804
40238.14000,0.813506
40238.15000,0.813208
40238.16000,0.81291
40238.17000,0.812612
40238.18000,0.812314
40238.19000,0.812016
40238.20000,0.811717
40238.21000,0.811419
40238.22000,0.811121
40238.23000,0.810823
40238.24000,0.810525
40238.25000,0.810227
40238.26000,0.809929
40238.27000,0.809631
40238.28000,0.809333
40238.29000,0.809035
40238.30000,0.808737
40238.31000,0.808439
40238.32000,0.808141
40238.33000,0.807843
40238.34000,0.807545
40238.35000,0.807247
40238.36000,0.806948
40238.37000,0.80665
40238.38000,0.806352
40238.39000,0.806054
40238.40000,0.805756
40238.41000,0.805458
40238.42000,0.805188
40238.43000,0.805067
40238.44000,0.804946
40238.45000,0.804825
40238.46000,0.804704
40238.47000,0.804583
40238.48000,0.804462
40238.49000,0.804341
40238.50000,0.804219
40238.51000,0.804098
40238.52000,0.803977
40238.53000,0.803856
40238.54000,0.803735
40238.55000,0.803614
40238.56000,0.803493
40238.57000,0.803372
40238.58000,0.80325
40238.59000,0.803129
40238.60000,0.803008
40238.61000,0.802887
40238.62000,0.802766
40238.63000,0.802645
40238.64000,0.802524
40238.65000,0.802403
40238.66000,0.802281
40238.67000,0.80216
40238.68000,0.802039
40238.69000,0.801918
40238.70000,0.801797
40238.71000,0.801676
40238.72000,0.801555
40238.73000,0.801434
40238.74000,0.801312
40238.75000,0.801191
40238.76000,0.80107
40238.77000,0.800949
40238.78000,0.800828
40238.79000,0.800707
40238.80000,0.800586
40238.81000,0.800465
40238.82000,0.800343
40238.83000,0.800222
40238.84000,0.800101
40238.85000,0.799958
40238.86000,0.799814
40238.87000,0.799671
40238.88000,0.799528
40238.89000,0.799385
40238.90000,0.799241
40238.91000,0.799098
40238.92000,0.798955
40238.93000,0.798812
40238.94000,0.798668
40238.95000,0.798525
40238.96000,0.798382
40238.97000,0.798239
40238.98000,0.798095
40238.99000,0.797952
40239.00000,0.797809
40239.01000,0.797666
40239.02000,0.797522
40239.03000,0.797379
40239.04000,0.797236
40239.05000,0.797093
40239.06000,0.796949
40239.07000,0.796806
40239.08000,0.796663
40239.09000,0.79652
40239.10000,0.796376
40239.11000,0.796233
40239.12000,0.79609
40239.13000,0.795947
40239.14000,0.795803
40239.15000,0.79566
40239.16000,0.795517
40239.17000,0.795374
40239.18000,0.79523
40239.19000,0.795087
40239.20000,0.794944
40239.21000,0.794801
40239.22000,0.794657
40239.23000,0.794514
40239.24000,0.794371
40239.25000,0.794228
40239.26000,0.794084
40239.27000,0.793941
40239.28000,0.793798
40239.29000,0.793655
40239.30000,0.793511
40239.31000,0.793368
40239.32000,0.793225
40239.33000,0.793082
40239.34000,0.792941
40239.35000,0.792938
40239.36000,0.792935
40239.37000,0.792932
40239.38000,0.792929
40239.39000,0.792925
40239.40000,0.792922
40239.41000,0.792919
40239.42000,0.792916
40239.43000,0.792913
40239.44000,0.79291
40239.45000,0.792906
40239.46000,0.792903
40239.47000,0.7929
40239.48000,0.792897
40239.49000,0.792894
40239.50000,0.792891
40239.51000,0.792887
40239.52000,0.792884
40239.53000,0.792881
40239.54000,0.792878
40239.55000,0.792875
40239.56000,0.792872
40239.57000,0.792868
40239.58000,0.792865
40239.59000,0.792862
40239.60000,0.792859
40239.61000,0.792856
40239.62000,0.792853
40239.63000,0.792849
40239.64000,0.792846
40239.65000,0.792843
40239.66000,0.79284
40239.67000,0.792837
40239.68000,0.792834
40239.69000,0.79283
40239.70000,0.792827
40239.71000,0.792824
40239.72000,0.792821
40239.73000,0.792818
40239.74000,0.79273
40239.75000,0.792701
40239.76000,0.792758
40239.77000,0.792945
40239.78000,0.793253
40239.79000,0.793679
40239.80000,0.794215
40239.81000,0.794851
40239.82000,0.795635
40239.83000,0.79661
40239.84000,0.797809
40239.85000,0.799259
40239.86000,0.80719
40239.87000,0.807687
40239.88000,0.808184
40239.89000,0.808681
40239.90000,0.809178
40239.91000,0.811001
40239.92000,0.812565
40239.93000,0.813813
40239.94000,0.816215
40239.95000,0.81625
40239.96000,0.816285
40239.97000,0.81632
40239.98000,0.816355
40239.99000,0.81639
40240.00000,0.816425
40240.01000,0.81646
40240.02000,0.816495
40240.03000,0.81653
40240.04000,0.816565
40240.05000,0.816497
40240.06000,0.816429
40240.07000,0.816361
40240.08000,0.816294
40240.09000,0.816226
40240.10000,0.816158
40240.11000,0.81609
40240.12000,0.816022
40240.13000,0.815954
40240.14000,0.815886
40240.15000,0.815818
40240.16000,0.81575
40240.17000,0.815683
40240.18000,0.815498
40240.19000,0.815254
40240.20000,0.815011
40240.21000,0.814767
40240.22000,0.814524
40240.23000,0.81428
40240.24000,0.814037
40240.25000,0.813794
40240.26000,0.81355
40240.27000,0.813307
40240.28000,0.813063
40240.29000,0.81282
40240.30000,0.812576
40240.31000,0.812333
40240.32000,0.812089
40240.33000,0.811846
40240.34000,0.811602
40240.35000,0.811359
40240.36000,0.811056
40240.37000,0.810746
40240.38000,0.810435
40240.39000,0.810125
40240.40000,0.809815
40240.41000,0.809504
40240.42000,0.809194
40240.43000,0.808884
40240.44000,0.808573
40240.45000,0.808263
40240.46000,0.807953
40240.47000,0.807642
40240.48000,0.807332
40240.49000,0.807022
40240.50000,0.806711
40240.51000,0.806401
40240.52000,0.80609
40240.53000,0.80578
40240.54000,0.80547
40240.55000,0.805159
40240.56000,0.804849
40240.57000,0.804539
40240.58000,0.804228
40240.59000,0.803958
40240.60000,0.803861
40240.61000,0.803765
40240.62000,0.803668
40240.63000,0.803572
40240.64000,0.803475
40240.65000,0.803379
40240.66000,0.803282
40240.67000,0.803186
40240.68000,0.803089
40240.69000,0.802993
40240.70000,0.802896
40240.71000,0.8028
40240.72000,0.802704
40240.73000,0.802607
40240.74000,0.802511
40240.75000,0.802414
40240.76000,0.802318
40240.77000,0.802221
40240.78000,0.802125
40240.79000,0.802028
40240.80000,0.801932
40240.81000,0.801835
40240.82000,0.801739
40240.83000,0.801641
40240.84000,0.801542
40240.85000,0.801443
40240.86000,0.801344
40240.87000,0.801245
40240.88000,0.801147
40240.89000,0.801048
40240.90000,0.800949
40240.91000,0.80085
40240.92000,0.800751
40240.93000,0.800652
40240.94000,0.800553
40240.95000,0.800454
40240.96000,0.800355
40240.97000,0.800256
40240.98000,0.800157
40240.99000,0.800058
40241.00000,0.799959
40241.01000,0.79986
40241.02000,0.799761
40241.03000,0.799662
40241.04000,0.799564
40241.05000,0.799465
40241.06000,0.799366
40241.07000,0.799247
40241.08000,0.799123
40241.09000,0.798999
40241.10000,0.798875
40241.11000,0.798751
40241.12000,0.798627
40241.13000,0.798503
40241.14000,0.798379
40241.15000,0.798255
40241.16000,0.798131
40241.17000,0.798007
40241.18000,0.797883
40241.19000,0.797759
40241.20000,0.797635
40241.21000,0.797511
40241.22000,0.797387
40241.23000,0.797263
40241.24000,0.797139
40241.25000,0.797015
40241.26000,0.796891
40241.27000,0.796767
40241.28000,0.796643
40241.29000,0.796519
40241.30000,0.796369
40241.31000,0.795888
40241.32000,0.795408
40241.33000,0.794927
40241.34000,0.794446
40241.35000,0.793966
40241.36000,0.793485
40241.37000,0.793004
40241.38000,0.792524
40241.39000,0.792043
40241.40000,0.791562
40241.41000,0.791082
40241.42000,0.790601
40241.43000,0.79012
40241.44000,0.78964
40241.45000,0.789159
40241.46000,0.788678
40241.47000,0.788198
40241.48000,0.787717
40241.49000,0.787236
40241.50000,0.786756
40241.51000,0.786275
40241.52000,0.785794
40241.53000,0.785314
40241.54000,0.784961
40241.55000,0.784824
40241.56000,0.784688
40241.57000,0.784552
40241.58000,0.784416
40241.59000,0.78428
40241.60000,0.784144
40241.61000,0.784008
40241.62000,0.783872
40241.63000,0.783736
40241.64000,0.783599
40241.65000,0.783463
40241.66000,0.783327
40241.67000,0.783191
40241.68000,0.783055
40241.69000,0.782919
40241.70000,0.782783
40241.71000,0.782647
40241.72000,0.782511
40241.73000,0.782374
40241.74000,0.782238
40241.75000,0.782102
40241.76000,0.781966
40241.77000,0.78183
40241.78000,0.781694
40241.79000,0.781558
40241.80000,0.781422
40241.81000,0.781286
40241.82000,0.781149
40241.83000,0.781013
40241.84000,0.780877
40241.85000,0.780741
40241.86000,0.780629
40241.87000,0.780524
40241.88000,0.780419
40241.89000,0.780314
40241.90000,0.780209
40241.91000,0.780104
40241.92000,0.779999
40241.93000,0.779894
40241.94000,0.779789
40241.95000,0.779684
40241.96000,0.779579
40241.97000,0.779474
40241.98000,0.779369
40241.99000,0.779264
40242.00000,0.779159
40242.01000,0.779054
40242.02000,0.778949
40242.03000,0.778844
40242.04000,0.778739
40242.05000,0.778634
40242.06000,0.778529
40242.07000,0.778424
40242.08000,0.778319
40242.09000,0.778214
40242.10000,0.778109
40242.11000,0.778004
40242.12000,0.777899
40242.13000,0.777794
40242.14000,0.777689
40242.15000,0.777584
40242.16000,0.777479
40242.17000,0.777374
40242.18000,0.777269
40242.19000,0.777164
40242.20000,0.777059
40242.21000,0.776954
40242.22000,0.776849
40242.23000,0.776744
40242.24000,0.776639
40242.25000,0.776534
40242.26000,0.776429
40242.27000,0.776324
40242.28000,0.776172
40242.29000,0.77599
40242.30000,0.775809
40242.31000,0.775628
40242.32000,0.775447
40242.33000,0.775266
40242.34000,0.775084
40242.35000,0.774903
40242.36000,0.774722
40242.37000,0.774541
40242.38000,0.77436
40242.39000,0.774179
40242.40000,0.773997
40242.41000,0.773816
40242.42000,0.773635
40242.43000,0.773454
40242.44000,0.773273
40242.45000,0.773091
40242.46000,0.77291
40242.47000,0.772729
40242.48000,0.772548
40242.49000,0.772367
40242.50000,0.772185
40242.51000,0.772004
40242.52000,0.771823
40242.53000,0.771642
40242.54000,0.771461
40242.55000,0.77128
40242.56000,0.771098
40242.57000,0.770917
40242.58000,0.770736
40242.59000,0.770555
40242.60000,0.770374
40242.61000,0.770192
40242.62000,0.770011
40242.63000,0.76983
40242.64000,0.769649
40242.65000,0.769468
40242.66000,0.769286
40242.67000,0.769105
40242.68000,0.768924
40242.69000,0.768743
40242.70000,0.768599
40242.71000,0.768496
40242.72000,0.768393
40242.73000,0.76829
40242.74000,0.768186
40242.75000,0.768083
40242.76000,0.76798
40242.77000,0.767876
40242.78000,0.767773
40242.79000,0.76767
40242.80000,0.767567
40242.81000,0.767463
40242.82000,0.76736
40242.83000,0.767257
40242.84000,0.767153
40242.85000,0.76705
40242.86000,0.766947
40242.87000,0.766844
40242.88000,0.76674
40242.89000,0.766637
40242.90000,0.766534
40242.91000,0.76643
40242.92000,0.766327
40242.93000,0.766224
40242.94000,0.76612
40242.95000,0.766017
40242.96000,0.765914
40242.97000,0.765811
40242.98000,0.765707
40242.99000,0.765604
40243.00000,0.765501
40243.01000,0.765397
40243.02000,0.765294
40243.03000,0.765191
40243.04000,0.765088
40243.05000,0.764984
40243.06000,0.764881
40243.07000,0.764778
40243.08000,0.764674
40243.09000,0.764571
40243.10000,0.764468
40243.11000,0.764364
40243.12000,0.764169
40243.13000,0.7638
40243.14000,0.763431
40243.15000,0.763061
40243.16000,0.762692
40243.17000,0.762323
40243.18000,0.761953
40243.19000,0.761584
40243.20000,0.761215
40243.21000,0.760846
40243.22000,0.760476
40243.23000,0.760107
40243.24000,0.759738
40243.25000,0.759368
40243.26000,0.758999
40243.27000,0.75863
40243.28000,0.758261
40243.29000,0.757891
40243.30000,0.757522
40243.31000,0.757153
40243.32000,0.756783
40243.33000,0.756414
40243.34000,0.756045
40243.35000,0.755675
40243.36000,0.755306
40243.37000,0.754937
40243.38000,0.754568
40243.39000,0.754198
40243.40000,0.753829
40243.41000,0.75346
40243.42000,0.75309
40243.43000,0.752721
40243.44000,0.752352
40243.45000,0.751983
40243.46000,0.751613
40243.47000,0.751244
40243.48000,0.750875
40243.49000,0.750505
40243.50000,0.750136
40243.51000,0.749767
40243.52000,0.749397
40243.53000,0.749028
40243.54000,0.748713
40243.55000,0.748609
40243.56000,0.748505
40243.57000,0.748401
40243.58000,0.748297
40243.59000,0.748193
40243.60000,0.748089
40243.61000,0.747985
40243.62000,0.747881
40243.63000,0.747777
40243.64000,0.747673
40243.65000,0.747569
40243.66000,0.747465
40243.67000,0.747361
40243.68000,0.747257
40243.69000,0.747153
40243.70000,0.747049
40243.71000,0.746945
40243.72000,0.746841
40243.73000,0.746737
40243.74000,0.746633
40243.75000,0.746529
40243.76000,0.746425
40243.77000,0.746321
40243.78000,0.746217
40243.79000,0.746113
40243.80000,0.746009
40243.81000,0.745905
40243.82000,0.745801
40243.83000,0.745697
40243.84000,0.745593
40243.85000,0.745489
40243.86000,0.745385
40243.87000,0.745281
40243.88000,0.745177
40243.89000,0.745073
40243.90000,0.744969
40243.91000,0.744865
40243.92000,0.744761
40243.93000,0.744657
40243.94000,0.744553
40243.95000,0.744449
40243.96000,0.744334
40243.97000,0.744068
40243.98000,0.743802
40243.99000,0.743535
40244.00000,0.743269
40244.01000,0.743003
40244.02000,0.742737
40244.03000,0.74247
40244.04000,0.742204
40244.05000,0.741938
40244.06000,0.741671
40244.07000,0.741405
40244.08000,0.741139
40244.09000,0.740873
40244.10000,0.740606
40244.11000,0.74034
40244.12000,0.740074
40244.13000,0.739807
40244.14000,0.739541
40244.15000,0.739275
40244.16000,0.739008
40244.17000,0.738742
40244.18000,0.738476
40244.19000,0.73821
40244.20000,0.737943
40244.21000,0.737677
40244.22000,0.737411
40244.23000,0.737144
40244.24000,0.736878
40244.25000,0.736612
40244.26000,0.736346
40244.27000,0.736079
40244.28000,0.735813
40244.29000,0.735547
40244.30000,0.73528
40244.31000,0.735014
40244.32000,0.734748
40244.33000,0.734481
40244.34000,0.734215
40244.35000,0.733949
40244.36000,0.733683
40244.37000,0.733416
40244.38000,0.73315
40244.39000,0.733034
40244.40000,0.73293
40244.41000,0.732826
40244.42000,0.732721
40244.43000,0.732617
40244.44000,0.732513
40244.45000,0.732409
40244.46000,0.732305
40244.47000,0.732201
40244.48000,0.732097
40244.49000,0.731992
40244.50000,0.731888
40244.51000,0.731784
40244.52000,0.73168
40244.53000,0.731576
40244.54000,0.731472
40244.55000,0.731368
40244.56000,0.731263
40244.57000,0.731159
40244.58000,0.731055
40244.59000,0.730951
40244.60000,0.730847
40244.61000,0.730743
40244.62000,0.730638
40244.63000,0.730534
40244.64000,0.73043
40244.65000,0.730326
40244.66000,0.730222
40244.67000,0.730118
40244.68000,0.730014
40244.69000,0.729909
40244.70000,0.729805
40244.71000,0.729701
40244.72000,0.729597
40244.73000,0.729493
40244.74000,0.729389
40244.75000,0.729285
40244.76000,0.72918
40244.77000,0.729076
40244.78000,0.728972
40244.79000,0.728868
40244.80000,0.728764
40244.81000,0.728659
40244.82000,0.728555
40244.83000,0.728451
40244.84000,0.728346
40244.85000,0.728242
40244.86000,0.728137
40244.87000,0.728033
40244.88000,0.727929
40244.89000,0.727824
40244.90000,0.72772
40244.91000,0.727615
40244.92000,0.727511
40244.93000,0.727407
40244.94000,0.727302
40244.95000,0.727198
40244.96000,0.727093
40244.97000,0.726989
40244.98000,0.726885
40244.99000,0.72678
40245.00000,0.726676
40245.01000,0.726571
40245.02000,0.726467
40245.03000,0.726363
40245.04000,0.726258
40245.05000,0.726154
40245.06000,0.726049
40245.07000,0.725945
40245.08000,0.725841
40245.09000,0.725736
40245.10000,0.725632
40245.11000,0.725527
40245.12000,0.725423
40245.13000,0.725319
40245.14000,0.725214
40245.15000,0.72511
40245.16000,0.725005
40245.17000,0.724901
40245.18000,0.724797
40245.19000,0.724692
40245.20000,0.724588
40245.21000,0.724483
40245.22000,0.724379
40245.23000,0.724168
40245.24000,0.723897
40245.25000,0.723627
40245.26000,0.723357
40245.27000,0.723086
40245.28000,0.722816
40245.29000,0.722546
40245.30000,0.722276
40245.31000,0.722005
40245.32000,0.721735
40245.33000,0.721465
40245.34000,0.721195
40245.35000,0.720924
40245.36000,0.720654
40245.37000,0.720384
40245.38000,0.720114
40245.39000,0.719843
40245.40000,0.719573
40245.41000,0.719303
40245.42000,0.719032
40245.43000,0.718762
40245.44000,0.718492
40245.45000,0.718222
40245.46000,0.717951
40245.47000,0.717681
40245.48000,0.717411
40245.49000,0.717141
40245.50000,0.71687
40245.51000,0.7166
40245.52000,0.71633
40245.53000,0.71606
40245.54000,0.715789
40245.55000,0.715519
40245.56000,0.715249
40245.57000,0.714978
40245.58000,0.714708
40245.59000,0.714438
40245.60000,0.714168
40245.61000,0.713897
40245.62000,0.713627
40245.63000,0.713357
40245.64000,0.713087
40245.65000,0.7129
40245.66000,0.712795
40245.67000,0.71269
40245.68000,0.712585
40245.69000,0.71248
40245.70000,0.712375
40245.71000,0.71227
40245.72000,0.712165
40245.73000,0.71206
40245.74000,0.711955
40245.75000,0.71185
40245.76000,0.711745
40245.77000,0.71164
40245.78000,0.711535
40245.79000,0.71143
40245.80000,0.711325
40245.81000,0.71122
40245.82000,0.711115
40245.83000,0.71101
40245.84000,0.710905
40245.85000,0.7108
40245.86000,0.710695
40245.87000,0.71059
40245.88000,0.710485
40245.89000,0.71038
40245.90000,0.710275
40245.91000,0.71017
40245.92000,0.710065
40245.93000,0.70996
40245.94000,0.709855
40245.95000,0.70975
40245.96000,0.709645
40245.97000,0.70954
40245.98000,0.709435
40245.99000,0.70933
40246.00000,0.709225
40246.01000,0.70912
40246.02000,0.709015
40246.03000,0.70891
40246.04000,0.708805
40246.05000,0.7087
40246.06000,0.708595
40246.07000,0.708392
40246.08000,0.70802
40246.09000,0.707647
40246.10000,0.707275
40246.11000,0.706902
40246.12000,0.70653
40246.13000,0.706157
40246.14000,0.705785
40246.15000,0.705412
40246.16000,0.705039
40246.17000,0.704667
40246.18000,0.704294
40246.19000,0.703922
40246.20000,0.703549
40246.21000,0.703177
40246.22000,0.702804
40246.23000,0.702432
40246.24000,0.702059
40246.25000,0.701687
40246.26000,0.701314
40246.27000,0.700942
40246.28000,0.700569
40246.29000,0.700197
40246.30000,0.699824
40246.31000,0.699452
40246.32000,0.699079
40246.33000,0.698707
40246.34000,0.698334
40246.35000,0.697962
40246.36000,0.697589
40246.37000,0.697217
40246.38000,0.696844
40246.39000,0.696472
40246.40000,0.696099
40246.41000,0.695727
40246.42000,0.695354
40246.43000,0.694982
40246.44000,0.694609
40246.45000,0.694237
40246.46000,0.693864
40246.47000,0.693492
40246.48000,0.693119
40246.49000,0.692807
40246.50000,0.692702
40246.51000,0.692596
40246.52000,0.692491
40246.53000,0.692385
40246.54000,0.692279
40246.55000,0.692174
40246.56000,0.692068
40246.57000,0.691963
40246.58000,0.691857
40246.59000,0.691752
40246.60000,0.691646
40246.61000,0.691541
40246.62000,0.691435
40246.63000,0.69133
40246.64000,0.691224
40246.65000,0.691119
40246.66000,0.691013
40246.67000,0.690908
40246.68000,0.690802
40246.69000,0.690697
40246.70000,0.690591
40246.71000,0.690486
40246.72000,0.69038
40246.73000,0.690274
40246.74000,0.690169
40246.75000,0.690063
40246.76000,0.689958
40246.77000,0.689852
40246.78000,0.689747
40246.79000,0.689641
40246.80000,0.689536
40246.81000,0.68943
40246.82000,0.689325
40246.83000,0.689219
40246.84000,0.689114
40246.85000,0.689008
40246.86000,0.688903
40246.87000,0.688797
40246.88000,0.688692
40246.89000,0.688586
40246.90000,0.688481
40246.91000,0.688368
40246.92000,0.688182
40246.93000,0.687996
40246.94000,0.687811
40246.95000,0.687625
40246.96000,0.687439
40246.97000,0.687253
40246.98000,0.687067
40246.99000,0.686881
40247.00000,0.686695
40247.01000,0.686509
40247.02000,0.686324
40247.03000,0.686138
40247.04000,0.685952
40247.05000,0.685766
40247.06000,0.68558
40247.07000,0.685394
40247.08000,0.685208
40247.09000,0.685023
40247.10000,0.684837
40247.11000,0.684651
40247.12000,0.684465
40247.13000,0.684279
40247.14000,0.684093
40247.15000,0.683907
40247.16000,0.683722
40247.17000,0.683536
40247.18000,0.68335
40247.19000,0.683164
40247.20000,0.682978
40247.21000,0.682792
40247.22000,0.682606
40247.23000,0.682421
40247.24000,0.682235
40247.25000,0.682049
40247.26000,0.681863
40247.27000,0.681677
40247.28000,0.681491
40247.29000,0.681305
40247.30000,0.681119
40247.31000,0.680934
40247.32000,0.680748
40247.33000,0.680562
40247.34000,0.680451
40247.35000,0.680344
40247.36000,0.680237
40247.37000,0.68013
40247.38000,0.680023
40247.39000,0.679916
40247.40000,0.679809
40247.41000,0.679703
40247.42000,0.679596
40247.43000,0.679489
40247.44000,0.679382
40247.45000,0.679275
40247.46000,0.679168
40247.47000,0.679061
40247.48000,0.678954
40247.49000,0.678847
40247.50000,0.678741
40247.51000,0.678634
40247.52000,0.678527
40247.53000,0.67842
40247.54000,0.678313
40247.55000,0.678206
40247.56000,0.678099
40247.57000,0.677992
40247.58000,0.677886
40247.59000,0.677779
40247.60000,0.677672
40247.61000,0.677565
40247.62000,0.677458
40247.63000,0.677351
40247.64000,0.677244
40247.65000,0.677137
40247.66000,0.67703
40247.67000,0.676924
40247.68000,0.676817
40247.69000,0.67671
40247.70000,0.676603
40247.71000,0.676496
40247.72000,0.676389
40247.73000,0.676282
40247.74000,0.676175
40247.75000,0.676068
40247.76000,0.675962
40247.77000,0.675856
40247.78000,0.67575
40247.79000,0.675644
40247.80000,0.675538
40247.81000,0.675432
40247.82000,0.675325
40247.83000,0.675219
40247.84000,0.675113
40247.85000,0.675007
40247.86000,0.674901
40247.87000,0.674795
40247.88000,0.674689
40247.89000,0.674583
40247.90000,0.674476
40247.91000,0.67437
40247.92000,0.674264
40247.93000,0.674158
40247.94000,0.674052
40247.95000,0.673946
40247.96000,0.67384
40247.97000,0.673734
40247.98000,0.673627
40247.99000,0.673521
40248.00000,0.673415
40248.01000,0.673309
40248.02000,0.673203
40248.03000,0.673097
40248.04000,0.672991
40248.05000,0.672885
40248.06000,0.672778
40248.07000,0.672672
40248.08000,0.672566
40248.09000,0.67246
40248.10000,0.672354
40248.11000,0.672248
40248.12000,0.672142
40248.13000,0.672036
40248.14000,0.671929
40248.15000,0.671823
40248.16000,0.671717
40248.17000,0.671611
40248.18000,0.671376
40248.19000,0.671077
40248.20000,0.670777
40248.21000,0.670478
40248.22000,0.670178
40248.23000,0.669879
40248.24000,0.669579
40248.25000,0.66928
40248.26000,0.668981
40248.27000,0.668681
40248.28000,0.668382
40248.29000,0.668082
40248.30000,0.667783
40248.31000,0.667483
40248.32000,0.667184
40248.33000,0.666884
40248.34000,0.666585
40248.35000,0.666286
40248.36000,0.665986
40248.37000,0.665687
40248.38000,0.665387
40248.39000,0.665088
40248.40000,0.664788
40248.41000,0.664489
40248.42000,0.66419
40248.43000,0.66389
40248.44000,0.663591
40248.45000,0.663291
40248.46000,0.662992
40248.47000,0.662692
40248.48000,0.662393
40248.49000,0.662094
40248.50000,0.661794
40248.51000,0.661495
40248.52000,0.661195
40248.53000,0.660896
40248.54000,0.660596
40248.55000,0.660297
40248.56000,0.659997
40248.57000,0.659698
40248.58000,0.659399
40248.59000,0.659099
40248.60000,0.658956
40248.61000,0.658954
40248.62000,0.658951
40248.63000,0.658949
40248.64000,0.658947
40248.65000,0.658944
40248.66000,0.658942
40248.67000,0.658939
40248.68000,0.658937
40248.69000,0.658935
40248.70000,0.658932
40248.71000,0.65893
40248.72000,0.658927
40248.73000,0.658925
40248.74000,0.658923
40248.75000,0.65892
40248.76000,0.658918
40248.77000,0.658915
40248.78000,0.658913
40248.79000,0.658911
40248.80000,0.658908
40248.81000,0.658906
40248.82000,0.658903
40248.83000,0.658901
40248.84000,0.658899
40248.85000,0.658896
40248.86000,0.658894
40248.87000,0.658891
40248.88000,0.658889
40248.89000,0.658887
40248.90000,0.658884
40248.91000,0.658882
40248.92000,0.658879
40248.93000,0.658877
40248.94000,0.658875
40248.95000,0.658872
40248.96000,0.65887
40248.97000,0.658867
40248.98000,0.658865
40248.99000,0.6592
40249.00000,0.660668
40249.01000,0.664093
40249.02000,0.67015
40249.03000,0.679229
40249.04000,0.69145
40249.05000,0.706726
40249.06000,0.724835
40249.07000,0.743711
40249.08000,0.761999
40249.09000,0.779137
40249.10000,0.794868
40249.11000,0.809658
40249.12000,0.824032
40249.13000,0.838182
40249.14000,0.852219
40249.15000,0.865513
40249.16000,0.876968
40249.17000,0.886294
40249.18000,0.89339
40249.19000,0.898508
40249.20000,0.902435
40249.21000,0.905442
40249.22000,0.907699
40249.23000,0.909339
40249.24000,0.910683
40249.25000,0.911867
40249.26000,0.912983
40249.27000,0.914098
40249.28000,0.91511
40249.29000,0.915982
40249.30000,0.916689
40249.31000,0.91722
40249.32000,0.918071
40249.33000,0.918067
40249.34000,0.918064
40249.35000,0.918061
40249.36000,0.918057
40249.37000,0.918054
40249.38000,0.918051
40249.39000,0.918048
40249.40000,0.918044
40249.41000,0.918042
40249.42000,0.918096
40249.43000,0.918237
40249.44000,0.918498
40249.45000,0.918912
40249.46000,0.91951
40249.47000,0.92032
40249.48000,0.921344
40249.49000,0.922358
40249.50000,0.923254
40249.51000,0.923955
40249.52000,0.924408
40249.53000,0.924754
40249.54000,0.924775
40249.55000,0.924797
40249.56000,0.924818
40249.57000,0.924839
40249.58000,0.924959
40249.59000,0.92515
40249.60000,0.925448
40249.61000,0.927589
40249.62000,0.927754
40249.63000,0.92792
40249.64000,0.928085
40249.65000,0.92825
40249.66000,0.929051
40249.67000,0.930023
40249.68000,0.931193
40249.69000,0.93254
40249.70000,0.933932
40249.71000,0.935305
40249.72000,0.936606
40249.73000,0.93782
40249.74000,0.939153
40249.75000,0.940695
40249.76000,0.942511
40249.77000,0.944662
40249.78000,0.946768
40249.79000,0.948637
40249.80000,0.95015
40249.81000,0.951239
40249.82000,0.952775
40249.83000,0.952768
40249.84000,0.95276
40249.85000,0.952752
40249.86000,0.952745
40249.87000,0.952737
40249.88000,0.952729
40249.89000,0.952722
40249.90000,0.952714
40249.91000,0.952707
40249.92000,0.952699
40249.93000,0.952696
40249.94000,0.952693
40249.95000,0.95269
40249.96000,0.952687
40249.97000,0.952684
40249.98000,0.952681
40249.99000,0.952863
40250.00000,0.953398
40250.01000,0.954472
40250.02000,0.956269
40250.03000,0.958674
40250.04000,0.961615
40250.05000,0.965024
40250.06000,0.968833
40250.07000,0.972662
40250.08000,0.976233
40250.09000,0.979394
40250.10000,0.982052
40250.11000,0.984543
40250.12000,0.987258
40250.13000,0.990391
40250.14000,0.99409
40250.15000,0.998145
40250.16000,1.00206
40250.17000,1.00562
40250.18000,1.0087
40250.19000,1.01135
40250.20000,1.01394
40250.21000,1.0166
40250.22000,1.01942
40250.23000,1.02242
40250.24000,1.02516
40250.25000,1.02749
40250.26000,1.02933
40250.27000,1.03063
40250.28000,1.03161
40250.29000,1.03236
40250.30000,1.03294
40250.31000,1.03339
40250.32000,1.03399
40250.33000,1.03497
40250.34000,1.03645
40250.35000,1.03856
40250.36000,1.04083
40250.37000,1.04272
40250.38000,1.04401
40250.39000,1.04457
40250.40000,1.04449
40250.41000,1.04399
40250.42000,1.04316
40250.43000,1.04205
40250.44000,1.03609
40250.45000,1.03571
40250.46000,1.03533
40250.47000,1.03495
40250.48000,1.03457
40250.49000,1.03346
40250.50000,1.03306
40250.51000,1.03368
40250.52000,1.03556
40250.53000,1.03786
40250.54000,1.04012
40250.55000,1.04205
40250.56000,1.04348
40250.57000,1.04445
40250.58000,1.04499
40250.59000,1.04512
40250.60000,1.04487
40250.61000,1.04443
40250.62000,1.04404
40250.63000,1.04378
40250.64000,1.04374
40250.65000,1.04399
40250.66000,1.04456
40250.67000,1.0455
40250.68000,1.04681
40250.69000,1.04842
40250.70000,1.04999
40250.71000,1.0514
40250.72000,1.05254
40250.73000,1.05338
40250.74000,1.05398
40250.75000,1.05435
40250.76000,1.05449
40250.77000,1.05441
40250.78000,1.05405
40250.79000,1.0534
40250.80000,1.05244
40250.81000,1.05118
40250.82000,1.03629
40250.83000,1.0349
40250.84000,1.03352
40250.85000,1.03213
40250.86000,1.03075
40250.87000,1.02936
40250.88000,1.02798
40250.89000,1.02659
40250.90000,1.0252
40250.91000,1.02382
40250.92000,1.02243
40250.93000,1.02242
40250.94000,1.0224
40250.95000,1.02238
40250.96000,1.02237
40250.97000,1.02235
40250.98000,1.02233
40250.99000,1.02231
40251.00000,1.0223
40251.01000,1.02228
40251.02000,1.02226
40251.03000,1.02225
40251.04000,1.02448
40251.05000,1.03036
40251.06000,1.04059
40251.07000,1.05199
40251.08000,1.06221
40251.09000,1.07034
40251.10000,1.07596
40251.11000,1.07956
40251.12000,1.08168
40251.13000,1.08256
40251.14000,1.08234
40251.15000,1.08134
40251.16000,1.07993
40251.17000,1.07827
40251.18000,1.07647
40251.19000,1.07457
40251.20000,1.07255
40251.21000,1.07043
40251.22000,1.06822
40251.23000,1.04831
40251.24000,1.04626
40251.25000,1.04422
40251.26000,1.04217
40251.27000,1.04012
40251.28000,1.03807
40251.29000,1.03603
40251.30000,1.03398
40251.31000,1.03193
40251.32000,1.02989
40251.33000,1.02784
40251.34000,1.02624
40251.35000,1.02465
40251.36000,1.02306
40251.37000,1.02146
40251.38000,1.01987
40251.39000,1.01827
40251.40000,1.01668
40251.41000,1.01508
40251.42000,1.01349
40251.43000,1.0119
40251.44000,1.0103
40251.45000,1.00871
40251.46000,1.00711
40251.47000,1.00593
40251.48000,1.00496
40251.49000,1.00399
40251.50000,1.00302
40251.51000,1.00205
40251.52000,1.00107
40251.53000,1.0001
40251.54000,0.999128
40251.55000,0.998156
40251.56000,0.997184
40251.57000,0.996211
40251.58000,0.995239
40251.59000,0.994267
40251.60000,0.993294
40251.61000,0.992322
40251.62000,0.99135
40251.63000,0.990378
40251.64000,0.989405
40251.65000,0.989274
40251.66000,0.989247
40251.67000,0.989221
40251.68000,0.989194
40251.69000,0.989168
40251.70000,0.989141
40251.71000,0.989115
40251.72000,0.989089
40251.73000,0.989062
40251.74000,0.989036
40251.75000,0.989009
40251.76000,0.988983
40251.77000,0.988956
40251.78000,0.98893
40251.79000,0.988904
40251.80000,0.988877
40251.81000,0.988851
40251.82000,0.988824
40251.83000,0.988798
40251.84000,0.988771
40251.85000,0.988745
40251.86000,0.988718
40251.87000,0.988241
40251.88000,0.987929
40251.89000,0.987861
40251.90000,0.988035
40251.91000,0.98834
40251.92000,0.988711
40251.93000,0.989088
40251.94000,0.989422
40251.95000,0.989675
40251.96000,0.98982
40251.97000,0.989838
40251.98000,0.984629
40251.99000,0.984599
40252.00000,0.98457
40252.01000,0.98454
40252.02000,0.98451
40252.03000,0.98448
40252.04000,0.984451
40252.05000,0.984421
40252.06000,0.984391
40252.07000,0.984361
40252.08000,0.984332
40252.09000,0.984302
40252.10000,0.984272
40252.11000,0.984242
40252.12000,0.983906
40252.13000,0.983645
40252.14000,0.983487
40252.15000,0.983409
40252.16000,0.983341
40252.17000,0.983244
40252.18000,0.983088
40252.19000,0.981857
40252.20000,0.981776
40252.21000,0.981694
40252.22000,0.981613
40252.23000,0.981532
40252.24000,0.981243
40252.25000,0.981013
40252.26000,0.980869
40252.27000,0.980836
40252.28000,0.980937
40252.29000,0.981194
40252.30000,0.98163
40252.31000,0.982262
40252.32000,0.98293
40252.33000,0.983499
40252.34000,0.98389
40252.35000,0.984047
40252.36000,0.983046
40252.37000,0.98296
40252.38000,0.982874
40252.39000,0.982788
40252.40000,0.982703
40252.41000,0.982369
40252.42000,0.982079
40252.43000,0.981864
40252.44000,0.981721
40252.45000,0.981565
40252.46000,0.981356
40252.47000,0.981069
40252.48000,0.97554
40252.49000,0.974836
40252.50000,0.974132
40252.51000,0.973429
40252.52000,0.972725
40252.53000,0.972021
40252.54000,0.971317
40252.55000,0.970613
40252.56000,0.96991
40252.57000,0.969206
40252.58000,0.968502
40252.59000,0.968077
40252.60000,0.967653
40252.61000,0.967228
40252.62000,0.966804
40252.63000,0.966379
40252.64000,0.965955
40252.65000,0.96553
40252.66000,0.965105
40252.67000,0.964681
40252.68000,0.964256
40252.69000,0.963832
40252.70000,0.963407
40252.71000,0.962983
40252.72000,0.962639
40252.73000,0.962335
40252.74000,0.962031
40252.75000,0.961727
40252.76000,0.961423
40252.77000,0.961119
40252.78000,0.960815
40252.79000,0.960511
40252.80000,0.960207
40252.81000,0.959903
40252.82000,0.9596
40252.83000,0.959296
40252.84000,0.958992
40252.85000,0.958688
40252.86000,0.958384
40252.87000,0.95808
40252.88000,0.957776
40252.89000,0.957472
40252.90000,0.957212
40252.91000,0.956957
40252.92000,0.956702
40252.93000,0.956447
40252.94000,0.956192
40252.95000,0.955937
40252.96000,0.955682
40252.97000,0.955427
40252.98000,0.955172
40252.99000,0.954917
40253.00000,0.954662
40253.01000,0.954407
40253.02000,0.954152
40253.03000,0.953897
40253.04000,0.953641
40253.05000,0.953386
40253.06000,0.953131
40253.07000,0.952876
40253.08000,0.952621
40253.09000,0.952366
40253.10000,0.952111
40253.11000,0.951856
40253.12000,0.951601
40253.13000,0.951302
40253.14000,0.950808
40253.15000,0.950315
40253.16000,0.949821
40253.17000,0.949327
40253.18000,0.948833
40253.19000,0.94834
40253.20000,0.947846
40253.21000,0.947352
40253.22000,0.946858
40253.23000,0.946365
40253.24000,0.945871
40253.25000,0.945377
40253.26000,0.944884
40253.27000,0.94439
40253.28000,0.943896
40253.29000,0.943402
40253.30000,0.942909
40253.31000,0.942415
40253.32000,0.941921
40253.33000,0.941427
40253.34000,0.940934
40253.35000,0.94044
40253.36000,0.939946
40253.37000,0.939452
40253.38000,0.938959
40253.39000,0.938465
40253.40000,0.937971
40253.41000,0.937478
40253.42000,0.936984
40253.43000,0.93649
40253.44000,0.935996
40253.45000,0.935724
40253.46000,0.935612
40253.47000,0.9355
40253.48000,0.935388
40253.49000,0.935276
40253.50000,0.935164
40253.51000,0.935052
40253.52000,0.93494
40253.53000,0.934828
40253.54000,0.934716
40253.55000,0.934604
40253.56000,0.934492
40253.57000,0.93438
40253.58000,0.934268
40253.59000,0.934156
40253.60000,0.934044
40253.61000,0.933931
40253.62000,0.933819
40253.63000,0.933707
40253.64000,0.933595
40253.65000,0.933483
40253.66000,0.933371
40253.67000,0.933259
40253.68000,0.933147
40253.69000,0.933035
40253.70000,0.932923
40253.71000,0.932811
40253.72000,0.932699
40253.73000,0.932587
40253.74000,0.932475
40253.75000,0.932363
40253.76000,0.932251
40253.77000,0.932139
40253.78000,0.932027
40253.79000,0.931915
40253.80000,0.931803
40253.81000,0.931691
40253.82000,0.931579
40253.83000,0.931467
40253.84000,0.931355
40253.85000,0.931243
40253.86000,0.931131
40253.87000,0.93101
40253.88000,0.93088
40253.89000,0.930749
40253.90000,0.930619
40253.91000,0.930488
40253.92000,0.930358
40253.93000,0.930227
40253.94000,0.930097
40253.95000,0.929966
40253.96000,0.929836
40253.97000,0.929706
40253.98000,0.929575
40253.99000,0.929445
40254.00000,0.929314
40254.01000,0.929184
40254.02000,0.929053
40254.03000,0.928923
40254.04000,0.928792
40254.05000,0.928662
40254.06000,0.928531
40254.07000,0.928401
40254.08000,0.92827
40254.09000,0.92814
40254.10000,0.928009
40254.11000,0.927879
40254.12000,0.927748
40254.13000,0.927618
40254.14000,0.927487
40254.15000,0.927357
40254.16000,0.927226
40254.17000,0.927096
40254.18000,0.926965
40254.19000,0.926835
40254.20000,0.926704
40254.21000,0.926574
40254.22000,0.926443
40254.23000,0.926313
40254.24000,0.926182
40254.25000,0.926052
40254.26000,0.925921
40254.27000,0.925791
40254.28000,0.92566
40254.29000,0.925517
40254.30000,0.925344
40254.31000,0.92517
40254.32000,0.924997
40254.33000,0.924824
40254.34000,0.92465
40254.35000,0.924477
40254.36000,0.924304
40254.37000,0.92413
40254.38000,0.923957
40254.39000,0.923784
40254.40000,0.92361
40254.41000,0.923437
40254.42000,0.923264
40254.43000,0.92309
40254.44000,0.922917
40254.45000,0.922744
40254.46000,0.92257
40254.47000,0.922397
40254.48000,0.922223
40254.49000,0.92205
40254.50000,0.921877
40254.51000,0.921703
40254.52000,0.92153
40254.53000,0.921357
40254.54000,0.921183
40254.55000,0.92101
40254.56000,0.920837
40254.57000,0.920663
40254.58000,0.92049
40254.59000,0.920317
40254.60000,0.920143
40254.61000,0.91997
40254.62000,0.919797
40254.63000,0.919623
40254.64000,0.91945
40254.65000,0.919277
40254.66000,0.919103
40254.67000,0.91893
40254.68000,0.918757
40254.69000,0.918583
40254.70000,0.91841
40254.71000,0.918248
40254.72000,0.918149
40254.73000,0.91805
40254.74000,0.91795
40254.75000,0.917851
40254.76000,0.917752
40254.77000,0.917652
40254.78000,0.917553
40254.79000,0.917454
40254.80000,0.917354
40254.81000,0.917255
40254.82000,0.917156
40254.83000,0.917056
40254.84000,0.916957
40254.85000,0.916858
40254.86000,0.916758
40254.87000,0.916659
40254.88000,0.916559
40254.89000,0.91646
40254.90000,0.916361
40254.91000,0.916261
40254.92000,0.916162
40254.93000,0.916063
40254.94000,0.915963
40254.95000,0.915864
40254.96000,0.915765
40254.97000,0.915665
40254.98000,0.915566
40254.99000,0.915467
40255.00000,0.915367
40255.01000,0.915268
40255.02000,0.915169
40255.03000,0.915069
40255.04000,0.91497
40255.05000,0.914871
40255.06000,0.914771
40255.07000,0.914672
40255.08000,0.914573
40255.09000,0.914473
40255.10000,0.914374
40255.11000,0.914275
40255.12000,0.914175
40255.13000,0.91407
40255.14000,0.913691
40255.15000,0.913312
40255.16000,0.912933
40255.17000,0.912553
40255.18000,0.912174
40255.19000,0.911795
40255.20000,0.911416
40255.21000,0.911037
40255.22000,0.910657
40255.23000,0.910278
40255.24000,0.909899
40255.25000,0.90952
40255.26000,0.909141
40255.27000,0.908761
40255.28000,0.908382
40255.29000,0.908003
40255.30000,0.907624
40255.31000,0.907245
40255.32000,0.906866
40255.33000,0.906486
40255.34000,0.906107
40255.35000,0.905728
40255.36000,0.905349
40255.37000,0.90497
40255.38000,0.90459
40255.39000,0.904211
40255.40000,0.903832
40255.41000,0.903453
40255.42000,0.903074
40255.43000,0.902695
40255.44000,0.902315
40255.45000,0.901936
40255.46000,0.901557
40255.47000,0.901178
40255.48000,0.900799
40255.49000,0.900419
40255.50000,0.90004
40255.51000,0.899661
40255.52000,0.899282
40255.53000,0.898903
40255.54000,0.898523
40255.55000,0.898144
40255.56000,0.898011
40255.57000,0.897911
40255.58000,0.897811
40255.59000,0.897711
40255.60000,0.897611
40255.61000,0.897511
40255.62000,0.897411
40255.63000,0.897311
40255.64000,0.897211
40255.65000,0.897111
40255.66000,0.897012
40255.67000,0.896912
40255.68000,0.896812
40255.69000,0.896712
40255.70000,0.896612
40255.71000,0.896512
40255.72000,0.896412
40255.73000,0.896312
40255.74000,0.896212
40255.75000,0.896112
40255.76000,0.896012
40255.77000,0.895912
40255.78000,0.895812
40255.79000,0.895712
40255.80000,0.895612
40255.81000,0.895512
40255.82000,0.895412
40255.83000,0.895312
40255.84000,0.895212
40255.85000,0.895112
40255.86000,0.895013
40255.87000,0.894913
40255.88000,0.894813
40255.89000,0.894713
40255.90000,0.894613
40255.91000,0.894513
40255.92000,0.894413
40255.93000,0.894313
40255.94000,0.894213
40255.95000,0.894113
40255.96000,0.894013
40255.97000,0.893913
40255.98000,0.893662
40255.99000,0.893358
40256.00000,0.893054
40256.01000,0.892751
40256.02000,0.892447
40256.03000,0.892143
40256.04000,0.891839
40256.05000,0.891535
40256.06000,0.891232
40256.07000,0.890928
40256.08000,0.890624
40256.09000,0.89032
40256.10000,0.890016
40256.11000,0.889712
40256.12000,0.889409
40256.13000,0.889105
40256.14000,0.888801
40256.15000,0.888497
40256.16000,0.888193
40256.17000,0.88789
40256.18000,0.887586
40256.19000,0.887282
40256.20000,0.886978
40256.21000,0.886674
40256.22000,0.88637
40256.23000,0.886067
40256.24000,0.885763
40256.25000,0.885459
40256.26000,0.885155
40256.27000,0.884851
40256.28000,0.884548
40256.29000,0.884244
40256.30000,0.88394
40256.31000,0.883636
40256.32000,0.883332
40256.33000,0.883028
40256.34000,0.882725
40256.35000,0.882421
40256.36000,0.882117
40256.37000,0.881813
40256.38000,0.881509
40256.39000,0.881205
40256.40000,0.881024
40256.41000,0.880923
40256.42000,0.880823
40256.43000,0.880722
40256.44000,0.880621
40256.45000,0.880521
40256.46000,0.88042
40256.47000,0.88032
40256.48000,0.880219
40256.49000,0.880119
40256.50000,0.880018
40256.51000,0.879917
40256.52000,0.879817
40256.53000,0.879716
40256.54000,0.879616
40256.55000,0.879515
40256.56000,0.879414
40256.57000,0.879314
40256.58000,0.879213
40256.59000,0.879113
40256.60000,0.879012
40256.61000,0.878912
40256.62000,0.878811
40256.63000,0.87871
40256.64000,0.87861
40256.65000,0.878509
40256.66000,0.878409
40256.67000,0.878308
40256.68000,0.878207
40256.69000,0.878107
40256.70000,0.878006
40256.71000,0.877906
40256.72000,0.877805
40256.73000,0.877705
40256.74000,0.877604
40256.75000,0.877503
40256.76000,0.877403
40256.77000,0.877302
40256.78000,0.877202
40256.79000,0.877101
40256.80000,0.877
40256.81000,0.8769
40256.82000,0.876799
40256.83000,0.876699
40256.84000,0.876598
40256.85000,0.876498
40256.86000,0.876397
40256.87000,0.876297
40256.88000,0.876197
40256.89000,0.876096
40256.90000,0.875996
40256.91000,0.875895
40256.92000,0.875795
40256.93000,0.875694
40256.94000,0.875594
40256.95000,0.875493
40256.96000,0.875393
40256.97000,0.875292
40256.98000,0.875192
40256.99000,0.875092
40257.00000,0.874991
40257.01000,0.874891
40257.02000,0.87479
40257.03000,0.87469
40257.04000,0.874589
40257.05000,0.874489
40257.06000,0.874388
40257.07000,0.874288
40257.08000,0.874187
40257.09000,0.874087
40257.10000,0.873986
40257.11000,0.873886
40257.12000,0.873786
40257.13000,0.873685
40257.14000,0.873585
40257.15000,0.873484
40257.16000,0.873384
40257.17000,0.873283
40257.18000,0.873183
40257.19000,0.873082
40257.20000,0.872982
40257.21000,0.872881
40257.22000,0.872781
40257.23000,0.87268
40257.24000,0.872529
40257.25000,0.872269
40257.26000,0.872009
40257.27000,0.871749
40257.28000,0.87149
40257.29000,0.87123
40257.30000,0.87097
40257.31000,0.87071
40257.32000,0.87045
40257.33000,0.87019
40257.34000,0.86993
40257.35000,0.869671
40257.36000,0.869411
40257.37000,0.869151
40257.38000,0.868891
40257.39000,0.868631
40257.40000,0.868371
40257.41000,0.868112
40257.42000,0.867852
40257.43000,0.867592
40257.44000,0.867332
40257.45000,0.867072
40257.46000,0.866812
40257.47000,0.866553
40257.48000,0.866293
40257.49000,0.866033
40257.50000,0.865773
40257.51000,0.865513
40257.52000,0.865253
40257.53000,0.864994
40257.54000,0.864734
40257.55000,0.864474
40257.56000,0.864214
40257.57000,0.863954
40257.58000,0.863694
40257.59000,0.863435
40257.60000,0.863175
40257.61000,0.862915
40257.62000,0.862655
40257.63000,0.862395
40257.64000,0.862135
40257.65000,0.861875
40257.66000,0.861644
40257.67000,0.861544
40257.68000,0.861443
40257.69000,0.861342
40257.70000,0.861241
40257.71000,0.86114
40257.72000,0.86104
40257.73000,0.860939
40257.74000,0.860838
40257.75000,0.860737
40257.76000,0.860636
40257.77000,0.860535
40257.78000,0.860435
40257.79000,0.860334
40257.80000,0.860233
40257.81000,0.860132
40257.82000,0.860031
40257.83000,0.859931
40257.84000,0.85983
40257.85000,0.859729
40257.86000,0.859628
40257.87000,0.859527
40257.88000,0.859426
40257.89000,0.859326
40257.90000,0.859225
40257.91000,0.859124
40257.92000,0.859023
40257.93000,0.858922
40257.94000,0.858822
40257.95000,0.858721
40257.96000,0.85862
40257.97000,0.858519
40257.98000,0.858418
40257.99000,0.858317
40258.00000,0.858217
40258.01000,0.858116
40258.02000,0.858015
40258.03000,0.857914
40258.04000,0.857813
40258.05000,0.857713
40258.06000,0.857612
40258.07000,0.857511
40258.08000,0.857398
40258.09000,0.857012
40258.10000,0.856626
40258.11000,0.85624
40258.12000,0.855854
40258.13000,0.855468
40258.14000,0.855082
40258.15000,0.854695
40258.16000,0.854309
40258.17000,0.853923
40258.18000,0.853537
40258.19000,0.853151
40258.20000,0.852765
40258.21000,0.852379
40258.22000,0.851993
40258.23000,0.851606
40258.24000,0.85122
40258.25000,0.850834
40258.26000,0.850448
40258.27000,0.850062
40258.28000,0.849676
40258.29000,0.84929
40258.30000,0.848904
40258.31000,0.848517
40258.32000,0.848131
40258.33000,0.847745
40258.34000,0.847359
40258.35000,0.846973
40258.36000,0.846587
40258.37000,0.846201
40258.38000,0.845814
40258.39000,0.845428
40258.40000,0.845042
40258.41000,0.844656
40258.42000,0.84427
40258.43000,0.843884
40258.44000,0.843498
40258.45000,0.843112
40258.46000,0.842725
40258.47000,0.842339
40258.48000,0.841953
40258.49000,0.841567
40258.50000,0.841181
40258.51000,0.841051
40258.52000,0.84095
40258.53000,0.840848
40258.54000,0.840747
40258.55000,0.840646
40258.56000,0.840544
40258.57000,0.840443
40258.58000,0.840341
40258.59000,0.84024
40258.60000,0.840138
40258.61000,0.840037
40258.62000,0.839936
40258.63000,0.839834
40258.64000,0.839733
40258.65000,0.839631
40258.66000,0.83953
40258.67000,0.839428
40258.68000,0.839327
40258.69000,0.839226
40258.70000,0.839124
40258.71000,0.839023
40258.72000,0.838921
40258.73000,0.83882
40258.74000,0.838718
40258.75000,0.838617
40258.76000,0.838516
40258.77000,0.838414
40258.78000,0.838313
40258.79000,0.838211
40258.80000,0.83811
40258.81000,0.838008
40258.82000,0.837907
40258.83000,0.837806
40258.84000,0.837704
40258.85000,0.837603
40258.86000,0.837501
40258.87000,0.8374
40258.88000,0.837298
40258.89000,0.837197
40258.90000,0.837096
40258.91000,0.836994
40258.92000,0.836893
40258.93000,0.836862
40258.94000,0.836853
40258.95000,0.836845
40258.96000,0.836836
40258.97000,0.836827
40258.98000,0.836819
40258.99000,0.83681
40259.00000,0.836801
40259.01000,0.836792
40259.02000,0.836784
40259.03000,0.836775
40259.04000,0.836766
40259.05000,0.836758
40259.06000,0.836749
40259.07000,0.83674
40259.08000,0.836732
40259.09000,0.836723
40259.10000,0.836714
40259.11000,0.836706
40259.12000,0.836697
40259.13000,0.836688
40259.14000,0.83668
40259.15000,0.836671
40259.16000,0.836662
40259.17000,0.836654
40259.18000,0.836645
40259.19000,0.836636
40259.20000,0.836628
40259.21000,0.836619
40259.22000,0.83661
40259.23000,0.836602
40259.24000,0.836593
40259.25000,0.836584
40259.26000,0.836576
40259.27000,0.836567
40259.28000,0.836558
40259.29000,0.83655
40259.30000,0.836541
40259.31000,0.836532
40259.32000,0.836524
40259.33000,0.836515
40259.34000,0.836506
40259.35000,0.836417
40259.36000,0.836277
40259.37000,0.836123
40259.38000,0.836122
40259.39000,0.836384
40259.40000,0.837501
40259.41000,0.840907
40259.42000,0.847817
40259.43000,0.859066
40259.44000,0.873807
40259.45000,0.887943
40259.46000,0.900027
40259.47000,0.909375
40259.48000,0.915856
40259.49000,0.920752
40259.50000,0.924416
40259.51000,0.927067
40259.52000,0.928845
40259.53000,0.931279
40259.54000,0.931459
40259.55000,0.931639
40259.56000,0.931819
40259.57000,0.931999
40259.58000,0.933104
40259.59000,0.934828
40259.60000,0.937395
40259.61000,0.941817
40259.62000,0.949387
40259.63000,0.960871
40259.64000,0.976597
40259.65000,0.994123
40259.66000,1.00929
40259.67000,1.02088
40259.68000,1.02852
40259.69000,1.03276
40259.70000,1.03531
40259.71000,1.0367
40259.72000,1.03724
40259.73000,1.02697
40259.74000,1.02565
40259.75000,1.02434
40259.76000,1.02302
40259.77000,1.0217
40259.78000,1.02039
40259.79000,1.01907
40259.80000,1.01775
40259.81000,1.01644
40259.82000,1.01512
40259.83000,1.0138
40259.84000,1.01276
40259.85000,1.01173
40259.86000,1.01069
40259.87000,1.00965
40259.88000,1.00861
40259.89000,1.00757
40259.90000,1.00654
40259.91000,1.0055
40259.92000,1.00446
40259.93000,1.00342
40259.94000,1.00238
40259.95000,1.00135
40259.96000,1.00031
40259.97000,0.999457
40259.98000,0.998701
40259.99000,0.997946
40260.00000,0.99719
40260.01000,0.996434
40260.02000,0.995678
40260.03000,0.994922
40260.04000,0.994166
40260.05000,0.99341
40260.06000,0.992654
40260.07000,0.991899
40260.08000,0.991143
40260.09000,0.990387
40260.10000,0.989631
40260.11000,0.988875
40260.12000,0.988119
40260.13000,0.987363
40260.14000,0.986607
40260.15000,0.985894
40260.16000,0.985186
40260.17000,0.984478
40260.18000,0.983769
40260.19000,0.983061
40260.20000,0.982353
40260.21000,0.981645
40260.22000,0.980937
40260.23000,0.980228
40260.24000,0.97952
40260.25000,0.978812
40260.26000,0.978104
40260.27000,0.977396
40260.28000,0.976688
40260.29000,0.975979
40260.30000,0.975271
40260.31000,0.974563
40260.32000,0.973855
40260.33000,0.973147
40260.34000,0.972438
40260.35000,0.97173
40260.36000,0.971022
40260.37000,0.970314
40260.38000,0.969728
40260.39000,0.969679
40260.40000,0.969629
40260.41000,0.96958
40260.42000,0.969531
40260.43000,0.969482
40260.44000,0.969433
40260.45000,0.969384
40260.46000,0.969334
40260.47000,0.969285
40260.48000,0.969236
40260.49000,0.969187
40260.50000,0.969138
40260.51000,0.969089
40260.52000,0.969039
40260.53000,0.96899
40260.54000,0.968941
40260.55000,0.968892
40260.56000,0.968843
40260.57000,0.968794
40260.58000,0.968745
40260.59000,0.968695
40260.60000,0.968646
40260.61000,0.968597
40260.62000,0.968548
40260.63000,0.968499
40260.64000,0.96845
40260.65000,0.9684
40260.66000,0.968351
40260.67000,0.968302
40260.68000,0.968253
40260.69000,0.968204
40260.70000,0.968123
40260.71000,0.96802
40260.72000,0.967917
40260.73000,0.967814
40260.74000,0.967497
40260.75000,0.96725
40260.76000,0.967083
40260.77000,0.967029
40260.78000,0.967022
40260.79000,0.967024
40260.80000,0.967001
40260.81000,0.966926
40260.82000,0.964873
40260.83000,0.964566
40260.84000,0.964258
40260.85000,0.963951
40260.86000,0.963643
40260.87000,0.963335
40260.88000,0.963028
40260.89000,0.96272
40260.90000,0.962413
40260.91000,0.962105
40260.92000,0.961798
40260.93000,0.961502
40260.94000,0.961206
40260.95000,0.960911
40260.96000,0.960615
40260.97000,0.96032
40260.98000,0.960024
40260.99000,0.959728
40261.00000,0.959433
40261.01000,0.959137
40261.02000,0.958841
40261.03000,0.958546
40261.04000,0.95825
40261.05000,0.957955
40261.06000,0.95768
40261.07000,0.957415
40261.08000,0.957151
40261.09000,0.956887
40261.10000,0.956622
40261.11000,0.956358
40261.12000,0.956094
40261.13000,0.955829
40261.14000,0.955565
40261.15000,0.955301
40261.16000,0.955036
40261.17000,0.954772
40261.18000,0.954508
40261.19000,0.954243
40261.20000,0.953979
40261.21000,0.953714
40261.22000,0.95345
40261.23000,0.953186
40261.24000,0.952659
40261.25000,0.952099
40261.26000,0.95154
40261.27000,0.95098
40261.28000,0.95042
40261.29000,0.949861
40261.30000,0.949301
40261.31000,0.948742
40261.32000,0.948182
40261.33000,0.947622
40261.34000,0.947063
40261.35000,0.946503
40261.36000,0.945944
40261.37000,0.945384
40261.38000,0.944824
40261.39000,0.944265
40261.40000,0.943705
40261.41000,0.943146
40261.42000,0.942586
40261.43000,0.942026
40261.44000,0.941467
40261.45000,0.940907
40261.46000,0.940348
40261.47000,0.939862
40261.48000,0.939702
40261.49000,0.939541
40261.50000,0.939381
40261.51000,0.939221
40261.52000,0.93906
40261.53000,0.9389
40261.54000,0.93874
40261.55000,0.938579
40261.56000,0.938419
40261.57000,0.938259
40261.58000,0.938098
40261.59000,0.937938
40261.60000,0.937778
40261.61000,0.937618
40261.62000,0.937457
40261.63000,0.937297
40261.64000,0.937137
40261.65000,0.936976
40261.66000,0.936816
40261.67000,0.936656
40261.68000,0.936495
40261.69000,0.936335
40261.70000,0.936175
40261.71000,0.936014
40261.72000,0.935854
40261.73000,0.935694
40261.74000,0.935533
40261.75000,0.935373
40261.76000,0.935213
40261.77000,0.935052
40261.78000,0.934892
40261.79000,0.93475
40261.80000,0.93462
40261.81000,0.934491
40261.82000,0.934361
40261.83000,0.934232
40261.84000,0.934103
40261.85000,0.933973
40261.86000,0.933844
40261.87000,0.933714
40261.88000,0.933585
40261.89000,0.933455
40261.90000,0.933326
40261.91000,0.933196
40261.92000,0.933067
40261.93000,0.932937
40261.94000,0.932808
40261.95000,0.932679
40261.96000,0.932549
40261.97000,0.93242
40261.98000,0.93229
40261.99000,0.932161
40262.00000,0.932031
40262.01000,0.931902
40262.02000,0.931772
40262.03000,0.931643
40262.04000,0.931513
40262.05000,0.931384
40262.06000,0.931255
40262.07000,0.931125
40262.08000,0.930996
40262.09000,0.930866
40262.10000,0.930737
40262.11000,0.930607
40262.12000,0.930478
40262.13000,0.930348
40262.14000,0.930219
40262.15000,0.930089
40262.16000,0.92996
40262.17000,0.929831
40262.18000,0.929701
40262.19000,0.929572
40262.20000,0.929442
40262.21000,0.929344
40262.22000,0.929286
40262.23000,0.929228
40262.24000,0.92917
40262.25000,0.929112
40262.26000,0.929054
40262.27000,0.928996
40262.28000,0.928938
40262.29000,0.92888
40262.30000,0.928822
40262.31000,0.928764
40262.32000,0.928706
40262.33000,0.928648
40262.34000,0.92859
40262.35000,0.928532
40262.36000,0.928474
40262.37000,0.928417
40262.38000,0.928359
40262.39000,0.928301
40262.40000,0.928243
40262.41000,0.928185
40262.42000,0.928127
40262.43000,0.928069
40262.44000,0.928011
40262.45000,0.927953
40262.46000,0.927895
40262.47000,0.927837
40262.48000,0.927779
40262.49000,0.927721
40262.50000,0.927663
40262.51000,0.927605
40262.52000,0.927547
40262.53000,0.927489
40262.54000,0.927431
40262.55000,0.927373
40262.56000,0.927315
40262.57000,0.927257
40262.58000,0.927199
40262.59000,0.927141
40262.60000,0.927083
40262.61000,0.927025
40262.62000,0.926967
40262.63000,0.926909
40262.64000,0.926851
40262.65000,0.926793
40262.66000,0.926735
40262.67000,0.926677
40262.68000,0.926619
40262.69000,0.926561
40262.70000,0.926503
40262.71000,0.926468
40262.72000,0.926462
40262.73000,0.926456
40262.74000,0.92645
40262.75000,0.926444
40262.76000,0.926438
40262.77000,0.926432
40262.78000,0.926426
40262.79000,0.92642
40262.80000,0.926414
40262.81000,0.926408
40262.82000,0.926402
40262.83000,0.926396
40262.84000,0.92639
40262.85000,0.926384
40262.86000,0.926378
40262.87000,0.926319
40262.88000,0.926319
40262.89000,0.926413
40262.90000,0.926595
40262.91000,0.926807
40262.92000,0.927014
40262.93000,0.927184
40262.94000,0.927316
40262.95000,0.92748
40262.96000,0.927707
40262.97000,0.928025
40262.98000,0.928473
40262.99000,0.929147
40263.00000,0.930124
40263.01000,0.931475
40263.02000,0.933261
40263.03000,0.935532
40263.04000,0.938319
40263.05000,0.941639
40263.06000,0.945496
40263.07000,0.949638
40263.08000,0.953864
40263.09000,0.958054
40263.10000,0.962124
40263.11000,0.96614
40263.12000,0.9702
40263.13000,0.974342
40263.14000,0.978586
40263.15000,0.982725
40263.16000,0.986376
40263.17000,0.989392
40263.18000,0.991699
40263.19000,0.993468
40263.20000,0.995358
40263.21000,0.997645
40263.22000,1.00054
40263.23000,1.00413
40263.24000,1.00741
40263.25000,1.01005
40263.26000,1.01184
40263.27000,1.01268
40263.28000,1.01331
40263.29000,1.01403
40263.30000,1.01502
40263.31000,1.01646
40263.32000,1.01812
40263.33000,1.01982
40263.34000,1.02146
40263.35000,1.02299
40263.36000,1.0243
40263.37000,1.0253
40263.38000,1.02597
40263.39000,1.02628
40263.40000,1.02625
40263.41000,1.02595
40263.42000,1.02541
40263.43000,1.02465
40263.44000,1.01337
40263.45000,1.01201
40263.46000,1.01066
40263.47000,1.0093
40263.48000,1.00795
40263.49000,1.00659
40263.50000,1.00523
40263.51000,1.00388
40263.52000,1.00252
40263.53000,1.00117
40263.54000,0.999813
40263.55000,0.998876
40263.56000,0.997938
40263.57000,0.997001
40263.58000,0.996063
40263.59000,0.995126
40263.60000,0.994188
40263.61000,0.993251
40263.62000,0.992313
40263.63000,0.991376
40263.64000,0.990438
40263.65000,0.989501
40263.66000,0.988563
40263.67000,0.987626
40263.68000,0.986929
40263.69000,0.986352
40263.70000,0.985775
40263.71000,0.985198
40263.72000,0.984621
40263.73000,0.984044
40263.74000,0.983467
40263.75000,0.982891
40263.76000,0.982314
40263.77000,0.981737
40263.78000,0.98116
40263.79000,0.980583
40263.80000,0.980006
40263.81000,0.979429
40263.82000,0.978852
40263.83000,0.978276
40263.84000,0.977699
40263.85000,0.977122
40263.86000,0.976678
40263.87000,0.97625
40263.88000,0.975823
40263.89000,0.975395
40263.90000,0.974968
40263.91000,0.97454
40263.92000,0.974113
40263.93000,0.973685
40263.94000,0.973258
40263.95000,0.97283
40263.96000,0.972403
40263.97000,0.971975
40263.98000,0.971547
40263.99000,0.97112
40264.00000,0.970692
40264.01000,0.970265
40264.02000,0.969837
40264.03000,0.96941
40264.04000,0.968982
40264.05000,0.968555
40264.06000,0.968127
40264.07000,0.9677
40264.08000,0.967272
40264.09000,0.966821
40264.10000,0.966267
40264.11000,0.965713
40264.12000,0.965159
40264.13000,0.964605
40264.14000,0.964051
40264.15000,0.963497
40264.16000,0.962943
40264.17000,0.962389
40264.18000,0.961835
40264.19000,0.961281
40264.20000,0.960727
40264.21000,0.960173
40264.22000,0.95962
40264.23000,0.959066
40264.24000,0.958512
40264.25000,0.957958
40264.26000,0.957404
40264.27000,0.95685
40264.28000,0.956296
40264.29000,0.955742
40264.30000,0.955188
40264.31000,0.954634
40264.32000,0.95408
40264.33000,0.953526
40264.34000,0.952972
40264.35000,0.952418
40264.36000,0.951864
40264.37000,0.95131
40264.38000,0.950756
40264.39000,0.950202
40264.40000,0.949648
40264.41000,0.949328
40264.42000,0.949178
40264.43000,0.949027
40264.44000,0.948877
40264.45000,0.948726
40264.46000,0.948576
40264.47000,0.948425
40264.48000,0.948275
40264.49000,0.948125
40264.50000,0.947974
40264.51000,0.947824
40264.52000,0.947673
40264.53000,0.947523
40264.54000,0.947373
40264.55000,0.947222
40264.56000,0.947072
40264.57000,0.946921
40264.58000,0.946771
40264.59000,0.946621
40264.60000,0.94647
40264.61000,0.94632
40264.62000,0.946169
40264.63000,0.946019
40264.64000,0.945868
40264.65000,0.945718
40264.66000,0.945568
40264.67000,0.945417
40264.68000,0.945267
40264.69000,0.945116
40264.70000,0.944966
40264.71000,0.944816
40264.72000,0.944665
40264.73000,0.944515
40264.74000,0.944364
40264.75000,0.944214
40264.76000,0.944063
40264.77000,0.943913
40264.78000,0.943763
40264.79000,0.943612
40264.80000,0.943462
40264.81000,0.943311
40264.82000,0.943161
40264.83000,0.94302
40264.84000,0.94289
40264.85000,0.94276
40264.86000,0.94263
40264.87000,0.9425
40264.88000,0.94237
40264.89000,0.942241
40264.90000,0.942111
40264.91000,0.941981
40264.92000,0.941851
40264.93000,0.941721
40264.94000,0.941591
40264.95000,0.941461
40264.96000,0.941332
40264.97000,0.941202
40264.98000,0.941072
40264.99000,0.940942
40265.00000,0.940812
40265.01000,0.940682
40265.02000,0.940552
40265.03000,0.940423
40265.04000,0.940293
40265.05000,0.940163
40265.06000,0.940033
40265.07000,0.939903
40265.08000,0.939773
40265.09000,0.939643
40265.10000,0.939514
40265.11000,0.939384
40265.12000,0.939254
40265.13000,0.939124
40265.14000,0.938994
40265.15000,0.938864
40265.16000,0.938734
40265.17000,0.938605
40265.18000,0.938475
40265.19000,0.938345
40265.20000,0.938215
40265.21000,0.938085
40265.22000,0.937955
40265.23000,0.937825
40265.24000,0.937696
40265.25000,0.937583
40265.26000,0.937512
40265.27000,0.937442
40265.28000,0.937371
40265.29000,0.9373
40265.30000,0.937229
40265.31000,0.937158
40265.32000,0.937087
40265.33000,0.937016
40265.34000,0.936945
40265.35000,0.936874
40265.36000,0.936803
40265.37000,0.936732
40265.38000,0.936662
40265.39000,0.936591
40265.40000,0.93652
40265.41000,0.936449
40265.42000,0.936378
40265.43000,0.936307
40265.44000,0.936236
40265.45000,0.936165
40265.46000,0.936094
40265.47000,0.936023
40265.48000,0.935952
40265.49000,0.935882
40265.50000,0.935811
40265.51000,0.93574
40265.52000,0.935669
40265.53000,0.935598
40265.54000,0.935527
40265.55000,0.935456
40265.56000,0.935385
40265.57000,0.935314
40265.58000,0.935243
40265.59000,0.935172
40265.60000,0.935102
40265.61000,0.935031
40265.62000,0.93496
40265.63000,0.934889
40265.64000,0.934818
40265.65000,0.934747
40265.66000,0.934676
40265.67000,0.934621
40265.68000,0.934652
40265.69000,0.934682
40265.70000,0.934712
40265.71000,0.934742
40265.72000,0.934773
40265.73000,0.934803
40265.74000,0.934833
40265.75000,0.934863
40265.76000,0.934893
40265.77000,0.934924
40265.78000,0.934954
40265.79000,0.936571
40265.80000,0.940376
40265.81000,0.947061
40265.82000,0.957159
40265.83000,0.970853
40265.84000,0.987982
40265.85000,1.0082
40265.86000,1.0286
40265.87000,1.04654
40265.88000,1.06127
40265.89000,1.07258
40265.90000,1.08186
40265.91000,1.09138
40265.92000,1.1018
40265.93000,1.11344
40265.94000,1.12555
40265.95000,1.13543
40265.96000,1.14254
40265.97000,1.14678
40265.98000,1.14832
40265.99000,1.14819
40266.00000,1.14674
40266.01000,1.14418
40266.02000,1.14068
40266.03000,1.13689
40266.04000,1.13307
40266.05000,1.12937
40266.06000,1.12586
40266.07000,1.12243
40266.08000,1.11896
40266.09000,1.11544
40266.10000,1.11182
40266.11000,1.09852
40266.12000,1.0977
40266.13000,1.09688
40266.14000,1.09606
40266.15000,1.09525
40266.16000,1.09201
40266.17000,1.08879
40266.18000,1.08558
40266.19000,1.08242
40266.20000,1.07944
40266.21000,1.07672
40266.22000,1.07429
40266.23000,1.07219
40266.24000,1.07025
40266.25000,1.0684
40266.26000,1.06659
40266.27000,1.06477
40266.28000,1.06304
40266.29000,1.06144
40266.30000,1.05999
40266.31000,1.05871
40266.32000,1.05768
40266.33000,1.05696
40266.34000,1.05658
40266.35000,1.05658
40266.36000,1.05677
40266.37000,1.05691
40266.38000,1.0569
40266.39000,1.05666
40266.40000,1.05615
40266.41000,1.05534
40266.42000,1.05424
40266.43000,1.05284
40266.44000,1.05122
40266.45000,1.04961
40266.46000,1.04813
40266.47000,1.04683
40266.48000,1.04576
40266.49000,1.04477
40266.50000,1.04378
40266.51000,1.04277
40266.52000,1.04169
40266.53000,1.0406
40266.54000,1.0395
40266.55000,1.03842
40266.56000,1.03735
40266.57000,1.03625
40266.58000,1.03509
40266.59000,1.03385
40266.60000,1.03252
40266.61000,1.01926
40266.62000,1.01796
40266.63000,1.01666
40266.64000,1.01537
40266.65000,1.01407
40266.66000,1.01277
40266.67000,1.01147
40266.68000,1.01017
40266.69000,1.00888
40266.70000,1.00758
40266.71000,1.00628
40266.72000,1.00536
40266.73000,1.00445
40266.74000,1.00353
40266.75000,1.00261
40266.76000,1.00169
40266.77000,1.00077
40266.78000,0.999857
40266.79000,0.998939
40266.80000,0.998021
40266.81000,0.997103
40266.82000,0.996186
40266.83000,0.995268
40266.84000,0.99435
40266.85000,0.993595
40266.86000,0.992921
40266.87000,0.992247
40266.88000,0.991572
40266.89000,0.990898
40266.90000,0.990224
40266.91000,0.98955
40266.92000,0.988876
40266.93000,0.988202
40266.94000,0.987527
40266.95000,0.986853
40266.96000,0.986179
40266.97000,0.985505
40266.98000,0.984831
40266.99000,0.984157
40267.00000,0.983482
40267.01000,0.982808
40267.02000,0.982134
40267.03000,0.981623
40267.04000,0.981132
40267.05000,0.980641
40267.06000,0.98015
40267.07000,0.97966
40267.08000,0.979169
40267.09000,0.978678
40267.10000,0.978187
40267.11000,0.977696
40267.12000,0.977205
40267.13000,0.976715
40267.14000,0.976224
40267.15000,0.975733
40267.16000,0.975242
40267.17000,0.974751
40267.18000,0.97426
40267.19000,0.97377
40267.20000,0.973279
40267.21000,0.972788
40267.22000,0.972297
40267.23000,0.971806
40267.24000,0.971315
40267.25000,0.970825
40267.26000,0.970351
40267.27000,0.969955
40267.28000,0.969558
40267.29000,0.969162
40267.30000,0.968765
40267.31000,0.968369
40267.32000,0.967972
40267.33000,0.967576
40267.34000,0.967179
40267.35000,0.966783
40267.36000,0.966386
40267.37000,0.96599
40267.38000,0.965594
40267.39000,0.965197
40267.40000,0.964801
40267.41000,0.964404
40267.42000,0.964008
40267.43000,0.963611
40267.44000,0.963215
40267.45000,0.962818
40267.46000,0.962422
40267.47000,0.962025
40267.48000,0.961629
40267.49000,0.961232
40267.50000,0.960836
40267.51000,0.960439
40267.52000,0.960043
40267.53000,0.959646
40267.54000,0.95925
40267.55000,0.958853
40267.56000,0.958457
40267.57000,0.95806
40267.58000,0.957889
40267.59000,0.95788
40267.60000,0.957871
40267.61000,0.957862
40267.62000,0.957853
40267.63000,0.957844
40267.64000,0.957835
40267.65000,0.957826
40267.66000,0.957817
40267.67000,0.957808
40267.68000,0.957799
40267.69000,0.95779
40267.70000,0.957781
40267.71000,0.957772
40267.72000,0.957763
40267.73000,0.957754
40267.74000,0.957745
40267.75000,0.957736
40267.76000,0.957727
40267.77000,0.957718
40267.78000,0.957709
40267.79000,0.957699
40267.80000,0.95769
40267.81000,0.957681
40267.82000,0.957672
40267.83000,0.957491
40267.84000,0.957376
40267.85000,0.957361
40267.86000,0.958574
40267.87000,0.958662
40267.88000,0.95875
40267.89000,0.958838
40267.90000,0.958927
40267.91000,0.959267
40267.92000,0.959555
40267.93000,0.959761
40267.94000,0.958734
40267.95000,0.958509
40267.96000,0.958283
40267.97000,0.958057
40267.98000,0.957832
40267.99000,0.957606
40268.00000,0.95738
40268.01000,0.957154
40268.02000,0.956929
40268.03000,0.956703
40268.04000,0.956477
40268.05000,0.956235
40268.06000,0.955993
40268.07000,0.955751
40268.08000,0.955509
40268.09000,0.955267
40268.10000,0.955025
40268.11000,0.954783
40268.12000,0.954541
40268.13000,0.954299
40268.14000,0.954057
40268.15000,0.953815
40268.16000,0.953573
40268.17000,0.953332
40268.18000,0.952977
40268.19000,0.952565
40268.20000,0.952154
40268.21000,0.951743
40268.22000,0.951331
40268.23000,0.95092
40268.24000,0.950508
40268.25000,0.950097
40268.26000,0.949686
40268.27000,0.949274
40268.28000,0.948863
40268.29000,0.948452
40268.30000,0.94804
40268.31000,0.947629
40268.32000,0.947218
40268.33000,0.946806
40268.34000,0.946395
40268.35000,0.945984
40268.36000,0.94549
40268.37000,0.944987
40268.38000,0.944483
40268.39000,0.943979
40268.40000,0.943476
40268.41000,0.942972
40268.42000,0.942469
40268.43000,0.941965
40268.44000,0.941461
40268.45000,0.940958
40268.46000,0.940454
40268.47000,0.939951
40268.48000,0.939447
40268.49000,0.938943
40268.50000,0.93844
40268.51000,0.937936
40268.52000,0.937433
40268.53000,0.936929
40268.54000,0.936425
40268.55000,0.935922
40268.56000,0.935418
40268.57000,0.934915
40268.58000,0.934411
40268.59000,0.933974
40268.60000,0.933831
40268.61000,0.933687
40268.62000,0.933543
40268.63000,0.9334
40268.64000,0.933256
40268.65000,0.933113
40268.66000,0.932969
40268.67000,0.932826
40268.68000,0.932682
40268.69000,0.932539
40268.70000,0.932395
40268.71000,0.932252
40268.72000,0.932108
40268.73000,0.931965
40268.74000,0.931821
40268.75000,0.931678
40268.76000,0.931534
40268.77000,0.931391
40268.78000,0.931247
40268.79000,0.931103
40268.80000,0.93096
40268.81000,0.930816
40268.82000,0.930673
40268.83000,0.930529
40268.84000,0.930386
40268.85000,0.930242
40268.86000,0.930099
40268.87000,0.929955
40268.88000,0.929812
40268.89000,0.929668
40268.90000,0.929525
40268.91000,0.929339
40268.92000,0.929124
40268.93000,0.928908
40268.94000,0.928693
40268.95000,0.928477
40268.96000,0.928262
40268.97000,0.928046
40268.98000,0.92783
40268.99000,0.927615
40269.00000,0.927399
40269.01000,0.927184
40269.02000,0.926968
40269.03000,0.926753
40269.04000,0.926537
40269.05000,0.926322
40269.06000,0.926106
40269.07000,0.92589
40269.08000,0.925675
40269.09000,0.925459
40269.10000,0.925244
40269.11000,0.925028
40269.12000,0.924813
40269.13000,0.924597
40269.14000,0.924382
40269.15000,0.924166
40269.16000,0.92395
40269.17000,0.923735
40269.18000,0.923519
40269.19000,0.923304
40269.20000,0.923088
40269.21000,0.922873
40269.22000,0.922657
40269.23000,0.922442
40269.24000,0.922226
40269.25000,0.922011
40269.26000,0.921795
40269.27000,0.921579
40269.28000,0.921364
40269.29000,0.921148
40269.30000,0.920933
40269.31000,0.920717
40269.32000,0.920502
40269.33000,0.920325
40269.34000,0.920198
40269.35000,0.920071
40269.36000,0.919944
40269.37000,0.919817
40269.38000,0.919689
40269.39000,0.919562
40269.40000,0.919435
40269.41000,0.919308
40269.42000,0.919181
40269.43000,0.919054
40269.44000,0.918927
40269.45000,0.9188
40269.46000,0.918672
40269.47000,0.918545
40269.48000,0.918418
40269.49000,0.918291
40269.50000,0.918164
40269.51000,0.918037
40269.52000,0.91791
40269.53000,0.917783
40269.54000,0.917655
40269.55000,0.917528
40269.56000,0.917401
40269.57000,0.917274
40269.58000,0.917147
40269.59000,0.91702
40269.60000,0.916893
40269.61000,0.916766
40269.62000,0.916638
40269.63000,0.916511
40269.64000,0.916384
40269.65000,0.916257
40269.66000,0.91613
40269.67000,0.916003
40269.68000,0.915876
40269.69000,0.915748
40269.70000,0.915621
40269.71000,0.915494
40269.72000,0.915367
40269.73000,0.91524
40269.74000,0.915113
40269.75000,0.914994
40269.76000,0.914895
40269.77000,0.914796
40269.78000,0.914696
40269.79000,0.914597
40269.80000,0.914498
40269.81000,0.914399
40269.82000,0.9143
40269.83000,0.9142
40269.84000,0.914101
40269.85000,0.914002
40269.86000,0.913903
40269.87000,0.913804
40269.88000,0.913704
40269.89000,0.913605
40269.90000,0.913506
40269.91000,0.913407
40269.92000,0.913307
40269.93000,0.913208
40269.94000,0.913109
40269.95000,0.91301
40269.96000,0.912911
40269.97000,0.912811
40269.98000,0.912712
40269.99000,0.912613
40270.00000,0.912514
40270.01000,0.912415
40270.02000,0.912315
40270.03000,0.912216
40270.04000,0.912117
40270.05000,0.912018
40270.06000,0.911918
40270.07000,0.911819
40270.08000,0.91172
40270.09000,0.911621
40270.10000,0.911522
40270.11000,0.911422
40270.12000,0.911323
40270.13000,0.911224
40270.14000,0.911125
40270.15000,0.911026
40270.16000,0.910926
40270.17000,0.910785
40270.18000,0.910423
40270.19000,0.910061
40270.20000,0.909699
40270.21000,0.909337
40270.22000,0.908975
40270.23000,0.908613
40270.24000,0.908251
40270.25000,0.907889
40270.26000,0.907527
40270.27000,0.907165
40270.28000,0.906804
40270.29000,0.906442
40270.30000,0.90608
40270.31000,0.905718
40270.32000,0.905356
40270.33000,0.904994
40270.34000,0.904632
40270.35000,0.90427
40270.36000,0.903908
40270.37000,0.903546
40270.38000,0.903184
40270.39000,0.902822
40270.40000,0.90246
40270.41000,0.902098
40270.42000,0.901736
40270.43000,0.901374
40270.44000,0.901012
40270.45000,0.90065
40270.46000,0.900288
40270.47000,0.899927
40270.48000,0.899565
40270.49000,0.899203
40270.50000,0.898841
40270.51000,0.898479
40270.52000,0.898117
40270.53000,0.897755
40270.54000,0.897393
40270.55000,0.897031
40270.56000,0.896669
40270.57000,0.896307
40270.58000,0.895945
40270.59000,0.895589
40270.60000,0.895489
40270.61000,0.895389
40270.62000,0.895289
40270.63000,0.895189
40270.64000,0.895089
40270.65000,0.894989
40270.66000,0.894889
40270.67000,0.894789
40270.68000,0.894689
40270.69000,0.894589
40270.70000,0.894489
40270.71000,0.894389
40270.72000,0.894289
40270.73000,0.894189
40270.74000,0.894089
40270.75000,0.893989
40270.76000,0.893889
40270.77000,0.893789
40270.78000,0.893689
40270.79000,0.893589
40270.80000,0.893489
40270.81000,0.893389
40270.82000,0.893289
40270.83000,0.893189
40270.84000,0.893089
40270.85000,0.892989
40270.86000,0.892889
40270.87000,0.892789
40270.88000,0.892689
40270.89000,0.892589
40270.90000,0.892489
40270.91000,0.892389
40270.92000,0.892289
40270.93000,0.892189
40270.94000,0.892089
40270.95000,0.891989
40270.96000,0.891889
40270.97000,0.891789
40270.98000,0.891689
40270.99000,0.891589
40271.00000,0.891489
40271.01000,0.891389
40271.02000,0.891055
40271.03000,0.890689
40271.04000,0.890323
40271.05000,0.889957
40271.06000,0.889591
40271.07000,0.889226
40271.08000,0.88886
40271.09000,0.888494
40271.10000,0.888128
40271.11000,0.887762
40271.12000,0.887396
40271.13000,0.88703
40271.14000,0.886664
40271.15000,0.886298
40271.16000,0.885932
40271.17000,0.885566
40271.18000,0.8852
40271.19000,0.884834
40271.20000,0.884468
40271.21000,0.884103
40271.22000,0.883737
40271.23000,0.883371
40271.24000,0.883005
40271.25000,0.882639
40271.26000,0.882273
40271.27000,0.881907
40271.28000,0.881541
40271.29000,0.881175
40271.30000,0.880809
40271.31000,0.880443
40271.32000,0.880077
40271.33000,0.879711
40271.34000,0.879345
40271.35000,0.878979
40271.36000,0.878614
40271.37000,0.878248
40271.38000,0.877882
40271.39000,0.877516
40271.40000,0.87715
40271.41000,0.876784
40271.42000,0.876418
40271.43000,0.876052
40271.44000,0.875883
40271.45000,0.875782
40271.46000,0.875682
40271.47000,0.875581
40271.48000,0.875481
40271.49000,0.87538
40271.50000,0.87528
40271.51000,0.875179
40271.52000,0.875079
40271.53000,0.874978
40271.54000,0.874878
40271.55000,0.874777
40271.56000,0.874677
40271.57000,0.874576
40271.58000,0.874476
40271.59000,0.874375
40271.60000,0.874274
40271.61000,0.874174
40271.62000,0.874073
40271.63000,0.873973
40271.64000,0.873872
40271.65000,0.873772
40271.66000,0.873671
40271.67000,0.873571
40271.68000,0.87347
40271.69000,0.87337
40271.70000,0.873269
40271.71000,0.873169
40271.72000,0.873068
40271.73000,0.872968
40271.74000,0.872867
40271.75000,0.872767
40271.76000,0.872666
40271.77000,0.872566
40271.78000,0.872465
40271.79000,0.872365
40271.80000,0.872264
40271.81000,0.872164
40271.82000,0.872063
40271.83000,0.871963
40271.84000,0.871862
40271.85000,0.871762
40271.86000,0.87164
40271.87000,0.871504
40271.88000,0.871368
40271.89000,0.871232
40271.90000,0.871096
40271.91000,0.87096
40271.92000,0.870824
40271.93000,0.870688
40271.94000,0.870552
40271.95000,0.870416
40271.96000,0.87028
40271.97000,0.870144
40271.98000,0.870008
40271.99000,0.869872
40272.00000,0.869736
40272.01000,0.8696
40272.02000,0.869464
40272.03000,0.869328
40272.04000,0.869192
40272.05000,0.869056
40272.06000,0.86892
40272.07000,0.868784
40272.08000,0.868648
40272.09000,0.868512
40272.10000,0.868376
40272.11000,0.868239
40272.12000,0.868103
40272.13000,0.867967
40272.14000,0.867831
40272.15000,0.867695
40272.16000,0.867559
40272.17000,0.867423
40272.18000,0.867287
40272.19000,0.867151
40272.20000,0.867015
40272.21000,0.866879
40272.22000,0.866743
40272.23000,0.866607
40272.24000,0.866471
40272.25000,0.866335
40272.26000,0.866199
40272.27000,0.866063
40272.28000,0.865893
40272.29000,0.865683
40272.30000,0.865473
40272.31000,0.865263
40272.32000,0.865052
40272.33000,0.864842
40272.34000,0.864632
40272.35000,0.864422
40272.36000,0.864212
40272.37000,0.864001
40272.38000,0.863791
40272.39000,0.863581
40272.40000,0.863371
40272.41000,0.863161
40272.42000,0.862951
40272.43000,0.86274
40272.44000,0.86253
40272.45000,0.86232
40272.46000,0.86211
40272.47000,0.8619
40272.48000,0.861689
40272.49000,0.861479
40272.50000,0.861269
40272.51000,0.861059
40272.52000,0.860849
40272.53000,0.860638
40272.54000,0.860428
40272.55000,0.860218
40272.56000,0.860008
40272.57000,0.859798
40272.58000,0.859588
40272.59000,0.859377
40272.60000,0.859167
40272.61000,0.858957
40272.62000,0.858747
40272.63000,0.858537
40272.64000,0.858326
40272.65000,0.858116
40272.66000,0.857906
40272.67000,0.857696
40272.68000,0.857486
40272.69000,0.857275
40272.70000,0.8571
40272.71000,0.856999
40272.72000,0.856899
40272.73000,0.856798
40272.74000,0.856697
40272.75000,0.856596
40272.76000,0.856495
40272.77000,0.856394
40272.78000,0.856293
40272.79000,0.856192
40272.80000,0.856091
40272.81000,0.85599
40272.82000,0.85589
40272.83000,0.855789
40272.84000,0.855688
40272.85000,0.855587
40272.86000,0.855486
40272.87000,0.855385
40272.88000,0.855284
40272.89000,0.855183
40272.90000,0.855082
40272.91000,0.854982
40272.92000,0.854881
40272.93000,0.85478
40272.94000,0.854679
40272.95000,0.854578
40272.96000,0.854477
40272.97000,0.854376
40272.98000,0.854275
40272.99000,0.854174
40273.00000,0.854073
40273.01000,0.853973
40273.02000,0.853872
40273.03000,0.853771
40273.04000,0.85367
40273.05000,0.853569
40273.06000,0.853468
40273.07000,0.853367
40273.08000,0.853266
40273.09000,0.853165
40273.10000,0.853065
40273.11000,0.852964
40273.12000,0.852809
40273.13000,0.852413
40273.14000,0.852016
40273.15000,0.85162
40273.16000,0.851223
40273.17000,0.850827
40273.18000,0.85043
40273.19000,0.850034
40273.20000,0.849637
40273.21000,0.849241
40273.22000,0.848844
40273.23000,0.848448
40273.24000,0.848051
40273.25000,0.847655
40273.26000,0.847258
40273.27000,0.846861
40273.28000,0.846465
40273.29000,0.846068
40273.30000,0.845672
40273.31000,0.845275
40273.32000,0.844879
40273.33000,0.844482
40273.34000,0.844086
40273.35000,0.843689
40273.36000,0.843293
40273.37000,0.842896
40273.38000,0.8425
40273.39000,0.842103
40273.40000,0.841707
40273.41000,0.84131
40273.42000,0.840914
40273.43000,0.840517
40273.44000,0.840121
40273.45000,0.839724
40273.46000,0.839328
40273.47000,0.838931
40273.48000,0.838535
40273.49000,0.838138
40273.50000,0.837742
40273.51000,0.837345
40273.52000,0.836949
40273.53000,0.836552
40273.54000,0.836168
40273.55000,0.836066
40273.56000,0.835965
40273.57000,0.835864
40273.58000,0.835762
40273.59000,0.835661
40273.60000,0.835559
40273.61000,0.835458
40273.62000,0.835357
40273.63000,0.835255
40273.64000,0.835154
40273.65000,0.835052
40273.66000,0.834951
40273.67000,0.83485
40273.68000,0.834748
40273.69000,0.834647
40273.70000,0.834545
40273.71000,0.834444
40273.72000,0.834343
40273.73000,0.834241
40273.74000,0.83414
40273.75000,0.834038
40273.76000,0.833937
40273.77000,0.833836
40273.78000,0.833734
40273.79000,0.833633
40273.80000,0.833531
40273.81000,0.83343
40273.82000,0.833329
40273.83000,0.833227
40273.84000,0.833126
40273.85000,0.833024
40273.86000,0.832923
40273.87000,0.832822
40273.88000,0.83272
40273.89000,0.832619
40273.90000,0.832517
40273.91000,0.832416
40273.92000,0.832315
40273.93000,0.832213
40273.94000,0.832112
40273.95000,0.83201
40273.96000,0.831909
40273.97000,0.831619
40273.98000,0.831309
40273.99000,0.830999
40274.00000,0.830688
40274.01000,0.830378
40274.02000,0.830068
40274.03000,0.829757
40274.04000,0.829447
40274.05000,0.829137
40274.06000,0.828826
40274.07000,0.828516
40274.08000,0.828206
40274.09000,0.827895
40274.10000,0.827585
40274.11000,0.827275
40274.12000,0.826964
40274.13000,0.826654
40274.14000,0.826343
40274.15000,0.826033
40274.16000,0.825723
40274.17000,0.825412
40274.18000,0.825102
40274.19000,0.824792
40274.20000,0.824481
40274.21000,0.824171
40274.22000,0.823861
40274.23000,0.82355
40274.24000,0.82324
40274.25000,0.82293
40274.26000,0.822619
40274.27000,0.822309
40274.28000,0.821999
40274.29000,0.821688
40274.30000,0.821378
40274.31000,0.821068
40274.32000,0.820757
40274.33000,0.820447
40274.34000,0.820137
40274.35000,0.819826
40274.36000,0.819516
40274.37000,0.819206
40274.38000,0.818895
40274.39000,0.818743
40274.40000,0.818641
40274.41000,0.818539
40274.42000,0.818437
40274.43000,0.818334
40274.44000,0.818232
40274.45000,0.81813
40274.46000,0.818028
40274.47000,0.817925
40274.48000,0.817823
40274.49000,0.817721
40274.50000,0.817619
40274.51000,0.817516
40274.52000,0.817414
40274.53000,0.817312
40274.54000,0.81721
40274.55000,0.817107
40274.56000,0.817005
40274.57000,0.816903
40274.58000,0.816801
40274.59000,0.816698
40274.60000,0.816596
40274.61000,0.816494
40274.62000,0.816392
40274.63000,0.816289
40274.64000,0.816187
40274.65000,0.816085
40274.66000,0.815983
40274.67000,0.81588
40274.68000,0.815778
40274.69000,0.815676
40274.70000,0.815574
40274.71000,0.815471
40274.72000,0.815369
40274.73000,0.815267
40274.74000,0.815165
40274.75000,0.815062
40274.76000,0.81496
40274.77000,0.814858
40274.78000,0.814756
40274.79000,0.814654
40274.80000,0.814551
40274.81000,0.814449
40274.82000,0.814347
40274.83000,0.814245
40274.84000,0.814143
40274.85000,0.814041
40274.86000,0.813939
40274.87000,0.813837
40274.88000,0.813734
40274.89000,0.813632
40274.90000,0.81353
40274.91000,0.813428
40274.92000,0.813326
40274.93000,0.813224
40274.94000,0.813122
40274.95000,0.81302
40274.96000,0.812918
40274.97000,0.812816
40274.98000,0.812713
40274.99000,0.812611
40275.00000,0.812509
40275.01000,0.812407
40275.02000,0.812305
40275.03000,0.812203
40275.04000,0.812101
40275.05000,0.811999
40275.06000,0.811897
40275.07000,0.811795
40275.08000,0.811693
40275.09000,0.81159
40275.10000,0.811488
40275.11000,0.811386
40275.12000,0.811284
40275.13000,0.811182
40275.14000,0.81108
40275.15000,0.810978
40275.16000,0.810876
40275.17000,0.810774
40275.18000,0.810672
40275.19000,0.81057
40275.20000,0.810467
40275.21000,0.810365
40275.22000,0.810263
40275.23000,0.810066
40275.24000,0.809767
40275.25000,0.809469
40275.26000,0.80917
40275.27000,0.808871
40275.28000,0.808572
40275.29000,0.808273
40275.30000,0.807974
40275.31000,0.807675
40275.32000,0.807376
40275.33000,0.807077
40275.34000,0.806778
40275.35000,0.806479
40275.36000,0.806181
40275.37000,0.805882
40275.38000,0.805583
40275.39000,0.805284
40275.40000,0.804985
40275.41000,0.804686
40275.42000,0.804387
40275.43000,0.804088
40275.44000,0.803789
40275.45000,0.80349
40275.46000,0.803192
40275.47000,0.802893
40275.48000,0.802594
40275.49000,0.802295
40275.50000,0.801996
40275.51000,0.801697
40275.52000,0.801398
40275.53000,0.801099
40275.54000,0.8008
40275.55000,0.800501
40275.56000,0.800202
40275.57000,0.799904
40275.58000,0.799605
40275.59000,0.799306
40275.60000,0.799007
40275.61000,0.798708
40275.62000,0.798409
40275.63000,0.79811
40275.64000,0.797811
40275.65000,0.797579
40275.66000,0.797476
40275.67000,0.797374
40275.68000,0.797271
40275.69000,0.797168
40275.70000,0.797065
40275.71000,0.796962
40275.72000,0.796859
40275.73000,0.796757
40275.74000,0.796654
40275.75000,0.796551
40275.76000,0.796448
40275.77000,0.796345
40275.78000,0.796242
40275.79000,0.79614
40275.80000,0.796037
40275.81000,0.795934
40275.82000,0.795831
40275.83000,0.795728
40275.84000,0.795625
40275.85000,0.795523
40275.86000,0.79542
40275.87000,0.795317
40275.88000,0.795214
40275.89000,0.795111
40275.90000,0.795008
40275.91000,0.794906
40275.92000,0.794803
40275.93000,0.7947
40275.94000,0.794597
40275.95000,0.794494
40275.96000,0.794391
40275.97000,0.794288
40275.98000,0.794186
40275.99000,0.794083
40276.00000,0.79398
40276.01000,0.793877
40276.02000,0.793774
40276.03000,0.793671
40276.04000,0.793569
40276.05000,0.793466
40276.06000,0.793363
40276.07000,0.793223
40276.08000,0.792938
40276.09000,0.792654
40276.10000,0.792369
40276.11000,0.792084
40276.12000,0.791799
40276.13000,0.791514
40276.14000,0.791229
40276.15000,0.790944
40276.16000,0.790659
40276.17000,0.790374
40276.18000,0.790089
40276.19000,0.789804
40276.20000,0.789519
40276.21000,0.789234
40276.22000,0.788949
40276.23000,0.788664
40276.24000,0.788379
40276.25000,0.788094
40276.26000,0.787809
40276.27000,0.787524
40276.28000,0.78724
40276.29000,0.786955
40276.30000,0.78667
40276.31000,0.786385
40276.32000,0.7861
40276.33000,0.785815
40276.34000,0.78553
40276.35000,0.785245
40276.36000,0.78496
40276.37000,0.784675
40276.38000,0.78439
40276.39000,0.784105
40276.40000,0.78382
40276.41000,0.783535
40276.42000,0.78325
40276.43000,0.782965
40276.44000,0.78268
40276.45000,0.782395
40276.46000,0.78211
40276.47000,0.781825
40276.48000,0.781541
40276.49000,0.781274
40276.50000,0.78129
40276.51000,0.781306
40276.52000,0.781323
40276.53000,0.781339
40276.54000,0.781355
40276.55000,0.781371
40276.56000,0.781387
40276.57000,0.781403
40276.58000,0.781419
40276.59000,0.781436
40276.60000,0.781452
40276.61000,0.781468
40276.62000,0.781484
40276.63000,0.7815
40276.64000,0.781516
40276.65000,0.781532
40276.66000,0.781549
40276.67000,0.781565
40276.68000,0.781581
40276.69000,0.781597
40276.70000,0.781613
40276.71000,0.781629
40276.72000,0.781645
40276.73000,0.781661
40276.74000,0.781678
40276.75000,0.781694
40276.76000,0.78171
40276.77000,0.781726
40276.78000,0.781742
40276.79000,0.783908
40276.80000,0.788996
40276.81000,0.797903
40276.82000,0.808947
40276.83000,0.82058
40276.84000,0.831963
40276.85000,0.842602
40276.86000,0.853571
40276.87000,0.86614
40276.88000,0.880822
40276.89000,0.897897
40276.90000,0.916296
40276.91000,0.934032
40276.92000,0.950442
40276.93000,0.965195
40276.94000,0.978318
40276.95000,0.990297
40276.96000,1.00127
40276.97000,1.01131
40276.98000,1.02046
40276.99000,1.02853
40277.00000,1.0355
40277.01000,1.04138
40277.02000,1.0462
40277.03000,1.04991
40277.04000,1.05252
40277.05000,1.05407
40277.06000,1.05462
40277.07000,1.0545
40277.08000,1.05391
40277.09000,1.05296
40277.10000,1.05172
40277.11000,1.0368
40277.12000,1.03518
40277.13000,1.03355
40277.14000,1.03193
40277.15000,1.03031
40277.16000,1.02869
40277.17000,1.02707
40277.18000,1.02545
40277.19000,1.02382
40277.20000,1.0222
40277.21000,1.02058
40277.22000,1.01924
40277.23000,1.0179
40277.24000,1.01655
40277.25000,1.01521
40277.26000,1.01387
40277.27000,1.01252
40277.28000,1.01118
40277.29000,1.00984
40277.30000,1.00849
40277.31000,1.00715
40277.32000,1.0058
40277.33000,1.00446
40277.34000,1.00312
40277.35000,1.00193
40277.36000,1.00082
40277.37000,0.999716
40277.38000,0.998608
40277.39000,0.9975
40277.40000,0.996392
40277.41000,0.995284
40277.42000,0.994176
40277.43000,0.993068
40277.44000,0.991961
40277.45000,0.990853
40277.46000,0.989745
40277.47000,0.988637
40277.48000,0.987529
40277.49000,0.986421
40277.50000,0.985313
40277.51000,0.984205
40277.52000,0.983097
40277.53000,0.982521
40277.54000,0.982012
40277.55000,0.981503
40277.56000,0.980993
40277.57000,0.980484
40277.58000,0.979974
40277.59000,0.979465
40277.60000,0.978956
40277.61000,0.978446
40277.62000,0.977937
40277.63000,0.977427
40277.64000,0.976918
40277.65000,0.976409
40277.66000,0.975899
40277.67000,0.97539
40277.68000,0.97488
40277.69000,0.974371
40277.70000,0.973862
40277.71000,0.973352
40277.72000,0.972843
40277.73000,0.972333
40277.74000,0.971824
40277.75000,0.971315
40277.76000,0.970836
40277.77000,0.970492
40277.78000,0.970148
40277.79000,0.969803
40277.80000,0.969459
40277.81000,0.969115
40277.82000,0.968771
40277.83000,0.968427
40277.84000,0.968083
40277.85000,0.967739
40277.86000,0.967395
40277.87000,0.967051
40277.88000,0.966706
40277.89000,0.966362
40277.90000,0.966018
40277.91000,0.965674
40277.92000,0.96533
40277.93000,0.964986
40277.94000,0.964642
40277.95000,0.964298
40277.96000,0.963954
40277.97000,0.96361
40277.98000,0.963265
40277.99000,0.962921
40278.00000,0.962577
40278.01000,0.962233
40278.02000,0.961889
40278.03000,0.961545
40278.04000,0.961201
40278.05000,0.960857
40278.06000,0.960513
40278.07000,0.960168
40278.08000,0.959756
40278.09000,0.959294
40278.10000,0.958832
40278.11000,0.95837
40278.12000,0.957908
40278.13000,0.957446
40278.14000,0.956984
40278.15000,0.956522
40278.16000,0.95606
40278.17000,0.955598
40278.18000,0.955136
40278.19000,0.954674
40278.20000,0.954212
40278.21000,0.95375
40278.22000,0.953288
40278.23000,0.952826
40278.24000,0.952364
40278.25000,0.951902
40278.26000,0.95144
40278.27000,0.950978
40278.28000,0.950516
40278.29000,0.950054
40278.30000,0.949592
40278.31000,0.94913
40278.32000,0.948668
40278.33000,0.948206
40278.34000,0.947744
40278.35000,0.947283
40278.36000,0.946821
40278.37000,0.946359
40278.38000,0.945897
40278.39000,0.945435
40278.40000,0.944973
40278.41000,0.944511
40278.42000,0.944049
40278.43000,0.943587
40278.44000,0.943125
40278.45000,0.942663
40278.46000,0.942201
40278.47000,0.941739
40278.48000,0.941277
40278.49000,0.940815
40278.50000,0.940502
40278.51000,0.940379
40278.52000,0.940256
40278.53000,0.940133
40278.54000,0.94001
40278.55000,0.939887
40278.56000,0.939764
40278.57000,0.939641
40278.58000,0.939518
40278.59000,0.939394
40278.60000,0.939271
40278.61000,0.939148
40278.62000,0.939025
40278.63000,0.938902
40278.64000,0.938779
40278.65000,0.938656
40278.66000,0.938533
40278.67000,0.93841
40278.68000,0.938287
40278.69000,0.938164
40278.70000,0.938041
40278.71000,0.937918
40278.72000,0.937795
40278.73000,0.937672
40278.74000,0.937548
40278.75000,0.937425
40278.76000,0.937302
40278.77000,0.937179
40278.78000,0.937056
40278.79000,0.936933
40278.80000,0.93681
40278.81000,0.936687
40278.82000,0.936564
40278.83000,0.936441
40278.84000,0.936318
40278.85000,0.936195
40278.86000,0.936072
40278.87000,0.935949
40278.88000,0.935826
40278.89000,0.935703
40278.90000,0.935579
40278.91000,0.935456
40278.92000,0.935292
40278.93000,0.935032
40278.94000,0.934772
40278.95000,0.934512
40278.96000,0.934252
40278.97000,0.933992
40278.98000,0.933731
40278.99000,0.933471
40279.00000,0.933211
40279.01000,0.932951
40279.02000,0.932691
40279.03000,0.932431
40279.04000,0.932171
40279.05000,0.931911
40279.06000,0.93165
40279.07000,0.93139
40279.08000,0.93113
40279.09000,0.93087
40279.10000,0.93061
40279.11000,0.93035
40279.12000,0.93009
40279.13000,0.92983
40279.14000,0.929569
40279.15000,0.929309
40279.16000,0.929049
40279.17000,0.928789
40279.18000,0.928529
40279.19000,0.928269
40279.20000,0.928009
40279.21000,0.927749
40279.22000,0.927489
40279.23000,0.927228
40279.24000,0.926968
40279.25000,0.926708
40279.26000,0.926448
40279.27000,0.926188
40279.28000,0.925928
40279.29000,0.925668
40279.30000,0.925408
40279.31000,0.925147
40279.32000,0.924887
40279.33000,0.924627
40279.34000,0.92439
40279.35000,0.924274
40279.36000,0.924158
40279.37000,0.924042
40279.38000,0.923926
40279.39000,0.92381
40279.40000,0.923694
40279.41000,0.923578
40279.42000,0.923461
40279.43000,0.923345
40279.44000,0.923229
40279.45000,0.923113
40279.46000,0.922997
40279.47000,0.922881
40279.48000,0.922765
40279.49000,0.922649
40279.50000,0.922533
40279.51000,0.922417
40279.52000,0.922301
40279.53000,0.922185
40279.54000,0.922068
40279.55000,0.921952
40279.56000,0.921836
40279.57000,0.92172
40279.58000,0.921604
40279.59000,0.921488
40279.60000,0.921372
40279.61000,0.921256
40279.62000,0.92114
40279.63000,0.921024
40279.64000,0.920908
40279.65000,0.920791
40279.66000,0.920675
40279.67000,0.920559
40279.68000,0.920443
40279.69000,0.920327
40279.70000,0.920211
40279.71000,0.920095
40279.72000,0.919979
40279.73000,0.919863
40279.74000,0.919747
40279.75000,0.919631
40279.76000,0.919515
40279.77000,0.919415
40279.78000,0.919315
40279.79000,0.919216
40279.80000,0.919116
40279.81000,0.919016
40279.82000,0.918917
40279.83000,0.918817
40279.84000,0.918717
40279.85000,0.918618
40279.86000,0.918518
40279.87000,0.918418
40279.88000,0.918319
40279.89000,0.918219
40279.90000,0.918119
40279.91000,0.918019
40279.92000,0.91792
40279.93000,0.91782
40279.94000,0.91772
40279.95000,0.917621
40279.96000,0.917521
40279.97000,0.917421
40279.98000,0.917322
40279.99000,0.917222
40280.00000,0.917122
40280.01000,0.917023
40280.02000,0.916923
40280.03000,0.916823
40280.04000,0.916724
40280.05000,0.916624
40280.06000,0.916524
40280.07000,0.916424
40280.08000,0.916325
40280.09000,0.916225
40280.10000,0.916125
40280.11000,0.916026
40280.12000,0.915926
40280.13000,0.915826
40280.14000,0.915727
40280.15000,0.915627
40280.16000,0.915527
40280.17000,0.915428
40280.18000,0.915328
40280.19000,0.914994
40280.20000,0.914629
40280.21000,0.914264
40280.22000,0.913898
40280.23000,0.913533
40280.24000,0.913167
40280.25000,0.912802
40280.26000,0.912437
40280.27000,0.912071
40280.28000,0.911706
40280.29000,0.911341
40280.30000,0.910975
40280.31000,0.91061
40280.32000,0.910244
40280.33000,0.909879
40280.34000,0.909514
40280.35000,0.909148
40280.36000,0.908783
40280.37000,0.908418
40280.38000,0.908052
40280.39000,0.907687
40280.40000,0.907322
40280.41000,0.906956
40280.42000,0.906591
40280.43000,0.906225
40280.44000,0.90586
40280.45000,0.905495
40280.46000,0.905129
40280.47000,0.904764
40280.48000,0.904399
40280.49000,0.904033
40280.50000,0.903668
40280.51000,0.903302
40280.52000,0.902937
40280.53000,0.902572
40280.54000,0.902206
40280.55000,0.901841
40280.56000,0.901476
40280.57000,0.90111
40280.58000,0.900745
40280.59000,0.90038
40280.60000,0.900014
40280.61000,0.899846
40280.62000,0.899747
40280.63000,0.899649
40280.64000,0.89955
40280.65000,0.899451
40280.66000,0.899352
40280.67000,0.899254
40280.68000,0.899155
40280.69000,0.899056
40280.70000,0.898957
40280.71000,0.898859
40280.72000,0.89876
40280.73000,0.898661
40280.74000,0.898562
40280.75000,0.898464
40280.76000,0.898365
40280.77000,0.898266
40280.78000,0.898167
40280.79000,0.898068
40280.80000,0.89797
40280.81000,0.897871
40280.82000,0.897772
40280.83000,0.897673
40280.84000,0.897575
40280.85000,0.897476
40280.86000,0.897377
40280.87000,0.897278
40280.88000,0.89718
40280.89000,0.897081
40280.90000,0.896982
40280.91000,0.896883
40280.92000,0.896784
40280.93000,0.896686
40280.94000,0.896587
40280.95000,0.896488
40280.96000,0.896389
40280.97000,0.896291
40280.98000,0.896192
40280.99000,0.896093
40281.00000,0.895994
40281.01000,0.895896
40281.02000,0.895797
40281.03000,0.895752
40281.04000,0.895743
40281.05000,0.895733
40281.06000,0.895724
40281.07000,0.895715
40281.08000,0.895706
40281.09000,0.895697
40281.10000,0.895687
40281.11000,0.895678
40281.12000,0.895669
40281.13000,0.89566
40281.14000,0.895651
40281.15000,0.895641
40281.16000,0.895632
40281.17000,0.895623
40281.18000,0.895614
40281.19000,0.895605
40281.20000,0.895595
40281.21000,0.895586
40281.22000,0.895577
40281.23000,0.895568
40281.24000,0.895559
40281.25000,0.895549
40281.26000,0.89554
40281.27000,0.895531
40281.28000,0.895522
40281.29000,0.895513
40281.30000,0.895503
40281.31000,0.895494
40281.32000,0.895485
40281.33000,0.895476
40281.34000,0.895467
40281.35000,0.895457
40281.36000,0.895448
40281.37000,0.895439
40281.38000,0.89543
40281.39000,0.895421
40281.40000,0.895411
40281.41000,0.895402
40281.42000,0.895393
40281.43000,0.895384
40281.44000,0.895375
40281.45000,0.895011
40281.46000,0.89469
40281.47000,0.894446
40281.48000,0.89543
40281.49000,0.895526
40281.50000,0.895622
40281.51000,0.895718
40281.52000,0.895815
40281.53000,0.895911
40281.54000,0.896817
40281.55000,0.898278
40281.56000,0.900409
40281.57000,0.902917
40281.58000,0.905531
40281.59000,0.908084
40281.60000,0.910453
40281.61000,0.912558
40281.62000,0.914346
40281.63000,0.915783
40281.64000,0.916855
40281.65000,0.917659
40281.66000,0.918365
40281.67000,0.919047
40281.68000,0.919765
40281.69000,0.920563
40281.70000,0.921481
40281.71000,0.922554
40281.72000,0.923809
40281.73000,0.925259
40281.74000,0.926753
40281.75000,0.928227
40281.76000,0.929629
40281.77000,0.930922
40281.78000,0.932067
40281.79000,0.933045
40281.80000,0.933845
40281.81000,0.934461
40281.82000,0.935726
40281.83000,0.935691
40281.84000,0.935656
40281.85000,0.935621
40281.86000,0.935586
40281.87000,0.935551
40281.88000,0.935516
40281.89000,0.935481
40281.90000,0.935446
40281.91000,0.935411
40281.92000,0.935376
40281.93000,0.935269
40281.94000,0.935162
40281.95000,0.935055
40281.96000,0.934948
40281.97000,0.934841
40281.98000,0.934734
40281.99000,0.934627
40282.00000,0.93452
40282.01000,0.934413
40282.02000,0.934306
40282.03000,0.934199
40282.04000,0.934092
40282.05000,0.933985
40282.06000,0.933861
40282.07000,0.933729
40282.08000,0.933596
40282.09000,0.933464
40282.10000,0.933332
40282.11000,0.9332
40282.12000,0.933068
40282.13000,0.932936
40282.14000,0.932803
40282.15000,0.932671
40282.16000,0.932539
40282.17000,0.932407
40282.18000,0.932275
40282.19000,0.932143
40282.20000,0.93201
40282.21000,0.931878
40282.22000,0.931746
40282.23000,0.931614
40282.24000,0.931116
40282.25000,0.930573
40282.26000,0.93003
40282.27000,0.929486
40282.28000,0.928943
40282.29000,0.9284
40282.30000,0.927856
40282.31000,0.927313
40282.32000,0.926769
40282.33000,0.926226
40282.34000,0.925683
40282.35000,0.925139
40282.36000,0.924596
40282.37000,0.924053
40282.38000,0.923509
40282.39000,0.922966
40282.40000,0.922423
40282.41000,0.921879
40282.42000,0.921336
40282.43000,0.920792
40282.44000,0.920249
40282.45000,0.919706
40282.46000,0.919162
40282.47000,0.918702
40282.48000,0.918606
40282.49000,0.91851
40282.50000,0.918413
40282.51000,0.918317
40282.52000,0.918221
40282.53000,0.918125
40282.54000,0.918029
40282.55000,0.917933
40282.56000,0.917836
40282.57000,0.91774
40282.58000,0.917644
40282.59000,0.917548
40282.60000,0.917452
40282.61000,0.917356
40282.62000,0.91726
40282.63000,0.917163
40282.64000,0.917067
40282.65000,0.916971
40282.66000,0.916875
40282.67000,0.916779
40282.68000,0.916683
40282.69000,0.916586
40282.70000,0.91649
40282.71000,0.916394
40282.72000,0.916298
40282.73000,0.916202
40282.74000,0.916106
40282.75000,0.91601
40282.76000,0.915913
40282.77000,0.915817
40282.78000,0.915721
40282.79000,0.915624
40282.80000,0.915526
40282.81000,0.915429
40282.82000,0.915331
40282.83000,0.915234
40282.84000,0.915136
40282.85000,0.915038
40282.86000,0.914941
40282.87000,0.914843
40282.88000,0.914746
40282.89000,0.914648
40282.90000,0.91455
40282.91000,0.914453
40282.92000,0.914355
40282.93000,0.914258
40282.94000,0.91416
40282.95000,0.914062
40282.96000,0.913965
40282.97000,0.913867
40282.98000,0.913769
40282.99000,0.913672
40283.00000,0.913574
40283.01000,0.913477
40283.02000,0.913379
40283.03000,0.913281
40283.04000,0.913184
40283.05000,0.913086
40283.06000,0.912989
40283.07000,0.912891
40283.08000,0.912793
40283.09000,0.912696
40283.10000,0.912598
40283.11000,0.912117
40283.12000,0.911627
40283.13000,0.911136
40283.14000,0.910645
40283.15000,0.910155
40283.16000,0.909664
40283.17000,0.909174
40283.18000,0.908683
40283.19000,0.908192
40283.20000,0.907702
40283.21000,0.907211
40283.22000,0.906721
40283.23000,0.90623
40283.24000,0.905739
40283.25000,0.905249
40283.26000,0.904758
40283.27000,0.904268
40283.28000,0.903777
40283.29000,0.903286
40283.30000,0.902796
40283.31000,0.902305
40283.32000,0.901814
40283.33000,0.901324
40283.34000,0.900833
40283.35000,0.900343
40283.36000,0.899852
40283.37000,0.899361
40283.38000,0.898871
40283.39000,0.89838
40283.40000,0.89789
40283.41000,0.897399
40283.42000,0.897053
40283.43000,0.896954
40283.44000,0.896854
40283.45000,0.896755
40283.46000,0.896655
40283.47000,0.896556
40283.48000,0.896456
40283.49000,0.896357
40283.50000,0.896257
40283.51000,0.896158
40283.52000,0.896058
40283.53000,0.895958
40283.54000,0.895859
40283.55000,0.895759
40283.56000,0.89566
40283.57000,0.89556
40283.58000,0.895461
40283.59000,0.895361
40283.60000,0.895262
40283.61000,0.895162
40283.62000,0.895063
40283.63000,0.894963
40283.64000,0.894864
40283.65000,0.894764
40283.66000,0.894665
40283.67000,0.894565
40283.68000,0.894466
40283.69000,0.894366
40283.70000,0.894266
40283.71000,0.894167
40283.72000,0.894067
40283.73000,0.893968
40283.74000,0.893868
40283.75000,0.893769
40283.76000,0.893669
40283.77000,0.89357
40283.78000,0.89347
40283.79000,0.893371
40283.80000,0.893271
40283.81000,0.893172
40283.82000,0.893072
40283.83000,0.892973
40283.84000,0.892866
40283.85000,0.892738
40283.86000,0.892609
40283.87000,0.89248
40283.88000,0.892352
40283.89000,0.892223
40283.90000,0.892094
40283.91000,0.891965
40283.92000,0.891837
40283.93000,0.891708
40283.94000,0.891579
40283.95000,0.891451
40283.96000,0.891322
40283.97000,0.891193
40283.98000,0.891065
40283.99000,0.890936
40284.00000,0.890807
40284.01000,0.890679
40284.02000,0.89055
40284.03000,0.890421
40284.04000,0.890292
40284.05000,0.890164
40284.06000,0.890035
40284.07000,0.889906
40284.08000,0.889778
40284.09000,0.889649
40284.10000,0.88952
40284.11000,0.889392
40284.12000,0.889263
40284.13000,0.889134
40284.14000,0.889006
40284.15000,0.888877
40284.16000,0.888748
40284.17000,0.888619
40284.18000,0.888491
40284.19000,0.888362
40284.20000,0.888233
40284.21000,0.888105
40284.22000,0.887976
40284.23000,0.887847
40284.24000,0.887719
40284.25000,0.88759
40284.26000,0.887451
40284.27000,0.887206
40284.28000,0.88696
40284.29000,0.886715
40284.30000,0.88647
40284.31000,0.886225
40284.32000,0.88598
40284.33000,0.885735
40284.34000,0.88549
40284.35000,0.885245
40284.36000,0.884999
40284.37000,0.884754
40284.38000,0.884509
40284.39000,0.884264
40284.40000,0.884019
40284.41000,0.883774
40284.42000,0.883529
40284.43000,0.883284
40284.44000,0.883039
40284.45000,0.882793
40284.46000,0.882548
40284.47000,0.882303
40284.48000,0.882058
40284.49000,0.881813
40284.50000,0.881568
40284.51000,0.881323
40284.52000,0.881078
40284.53000,0.880832
40284.54000,0.880587
40284.55000,0.880342
40284.56000,0.880097
40284.57000,0.879852
40284.58000,0.879607
40284.59000,0.879362
40284.60000,0.879117
40284.61000,0.878872
40284.62000,0.878626
40284.63000,0.878381
40284.64000,0.878136
40284.65000,0.877891
40284.66000,0.877646
40284.67000,0.877401
40284.68000,0.877156
40284.69000,0.877048
40284.70000,0.876948
40284.71000,0.876847
40284.72000,0.876746
40284.73000,0.876646
40284.74000,0.876545
40284.75000,0.876445
40284.76000,0.876344
40284.77000,0.876244
40284.78000,0.876143
40284.79000,0.876043
40284.80000,0.875942
40284.81000,0.875842
40284.82000,0.875741
40284.83000,0.875641
40284.84000,0.87554
40284.85000,0.87544
40284.86000,0.875339
40284.87000,0.875239
40284.88000,0.875138
40284.89000,0.875037
40284.90000,0.874937
40284.91000,0.874836
40284.92000,0.874736
40284.93000,0.874635
40284.94000,0.874535
40284.95000,0.874434
40284.96000,0.874334
40284.97000,0.874233
40284.98000,0.874133
40284.99000,0.874032
40285.00000,0.873932
40285.01000,0.873831
40285.02000,0.873731
40285.03000,0.87363
40285.04000,0.87353
40285.05000,0.873429
40285.06000,0.873328
40285.07000,0.873228
40285.08000,0.873127
40285.09000,0.873027
40285.10000,0.872926
40285.11000,0.872561
40285.12000,0.872135
40285.13000,0.871708
40285.14000,0.871281
40285.15000,0.870855
40285.16000,0.870428
40285.17000,0.870001
40285.18000,0.869574
40285.19000,0.869148
40285.20000,0.868721
40285.21000,0.868294
40285.22000,0.867868
40285.23000,0.867441
40285.24000,0.867014
40285.25000,0.866588
40285.26000,0.866161
40285.27000,0.865734
40285.28000,0.865307
40285.29000,0.864881
40285.30000,0.864454
40285.31000,0.864027
40285.32000,0.863601
40285.33000,0.863174
40285.34000,0.862747
40285.35000,0.862321
40285.36000,0.861894
40285.37000,0.861467
40285.38000,0.86104
40285.39000,0.860614
40285.40000,0.860187
40285.41000,0.85976
40285.42000,0.859334
40285.43000,0.858907
40285.44000,0.85848
40285.45000,0.858053
40285.46000,0.857627
40285.47000,0.8572
40285.48000,0.856773
40285.49000,0.856347
40285.50000,0.85592
40285.51000,0.855493
40285.52000,0.855067
40285.53000,0.854858
40285.54000,0.854757
40285.55000,0.854656
40285.56000,0.854555
40285.57000,0.854454
40285.58000,0.854352
40285.59000,0.854251
40285.60000,0.85415
40285.61000,0.854049
40285.62000,0.853948
40285.63000,0.853847
40285.64000,0.853745
40285.65000,0.853644
40285.66000,0.853543
40285.67000,0.853442
40285.68000,0.853341
40285.69000,0.85324
40285.70000,0.853138
40285.71000,0.853037
40285.72000,0.852936
40285.73000,0.852835
40285.74000,0.852734
40285.75000,0.852633
40285.76000,0.852531
40285.77000,0.85243
40285.78000,0.852329
40285.79000,0.852228
40285.80000,0.852127
40285.81000,0.852026
40285.82000,0.851924
40285.83000,0.851823
40285.84000,0.851722
40285.85000,0.851621
40285.86000,0.85152
40285.87000,0.851419
40285.88000,0.851317
40285.89000,0.851216
40285.90000,0.851115
40285.91000,0.851014
40285.92000,0.850913
40285.93000,0.850812
40285.94000,0.85071
40285.95000,0.850498
40285.96000,0.850186
40285.97000,0.849874
40285.98000,0.849563
40285.99000,0.849251
40286.00000,0.84894
40286.01000,0.848628
40286.02000,0.848316
40286.03000,0.848005
40286.04000,0.847693
40286.05000,0.847382
40286.06000,0.84707
40286.07000,0.846758
40286.08000,0.846447
40286.09000,0.846135
40286.10000,0.845824
40286.11000,0.845512
40286.12000,0.845201
40286.13000,0.844889
40286.14000,0.844577
40286.15000,0.844266
40286.16000,0.843954
40286.17000,0.843643
40286.18000,0.843331
40286.19000,0.843019
40286.20000,0.842708
40286.21000,0.842396
40286.22000,0.842085
40286.23000,0.841773
40286.24000,0.841461
40286.25000,0.84115
40286.26000,0.840838
40286.27000,0.840527
40286.28000,0.840215
40286.29000,0.839903
40286.30000,0.839592
40286.31000,0.83928
40286.32000,0.838969
40286.33000,0.838657
40286.34000,0.838345
40286.35000,0.838034
40286.36000,0.837722
40286.37000,0.837493
40286.38000,0.837391
40286.39000,0.837289
40286.40000,0.837187
40286.41000,0.837086
40286.42000,0.836984
40286.43000,0.836882
40286.44000,0.83678
40286.45000,0.836679
40286.46000,0.836577
40286.47000,0.836475
40286.48000,0.836373
40286.49000,0.836272
40286.50000,0.83617
40286.51000,0.836068
40286.52000,0.835966
40286.53000,0.835864
40286.54000,0.835763
40286.55000,0.835661
40286.56000,0.835559
40286.57000,0.835457
40286.58000,0.835356
40286.59000,0.835254
40286.60000,0.835152
40286.61000,0.83505
40286.62000,0.834949
40286.63000,0.834847
40286.64000,0.834745
40286.65000,0.834643
40286.66000,0.834541
40286.67000,0.83444
40286.68000,0.834338
40286.69000,0.834236
40286.70000,0.834134
40286.71000,0.834033
40286.72000,0.833931
40286.73000,0.833829
40286.74000,0.833727
40286.75000,0.833626
40286.76000,0.833524
40286.77000,0.833422
40286.78000,0.83332
40286.79000,0.833219
40286.80000,0.833117
40286.81000,0.833015
40286.82000,0.832913
40286.83000,0.832812
40286.84000,0.83271
40286.85000,0.832608
40286.86000,0.832506
40286.87000,0.832405
40286.88000,0.832303
40286.89000,0.832201
40286.90000,0.832099
40286.91000,0.831998
40286.92000,0.831896
40286.93000,0.831794
40286.94000,0.831693
40286.95000,0.831591
40286.96000,0.831489
40286.97000,0.831387
40286.98000,0.831286
40286.99000,0.831184
40287.00000,0.831082
40287.01000,0.83098
40287.02000,0.830879
40287.03000,0.830777
40287.04000,0.830675
40287.05000,0.830573
40287.06000,0.830472
40287.07000,0.83037
40287.08000,0.830268
40287.09000,0.830166
40287.10000,0.830065
40287.11000,0.829963
40287.12000,0.829861
40287.13000,0.82976
40287.14000,0.829658
40287.15000,0.829556
40287.16000,0.829454
40287.17000,0.829353
40287.18000,0.829251
40287.19000,0.829149
40287.20000,0.829047
40287.21000,0.82892
40287.22000,0.828583
40287.23000,0.828247
40287.24000,0.827911
40287.25000,0.827574
40287.26000,0.827238
40287.27000,0.826901
40287.28000,0.826565
40287.29000,0.826229
40287.30000,0.825892
40287.31000,0.825556
40287.32000,0.82522
40287.33000,0.824883
40287.34000,0.824547
40287.35000,0.824211
40287.36000,0.823874
40287.37000,0.823538
40287.38000,0.823202
40287.39000,0.822865
40287.40000,0.822529
40287.41000,0.822193
40287.42000,0.821856
40287.43000,0.82152
40287.44000,0.821184
40287.45000,0.820847
40287.46000,0.820511
40287.47000,0.820174
40287.48000,0.819838
40287.49000,0.819502
40287.50000,0.819165
40287.51000,0.818829
40287.52000,0.818493
40287.53000,0.818156
40287.54000,0.81782
40287.55000,0.817484
40287.56000,0.817147
40287.57000,0.816811
40287.58000,0.816475
40287.59000,0.816138
40287.60000,0.815802
40287.61000,0.815466
40287.62000,0.815129
40287.63000,0.814793
40287.64000,0.814684
40287.65000,0.814582
40287.66000,0.81448
40287.67000,0.814378
40287.68000,0.814276
40287.69000,0.814174
40287.70000,0.814072
40287.71000,0.81397
40287.72000,0.813868
40287.73000,0.813766
40287.74000,0.813664
40287.75000,0.813562
40287.76000,0.81346
40287.77000,0.813358
40287.78000,0.813256
40287.79000,0.813154
40287.80000,0.813052
40287.81000,0.81295
40287.82000,0.812848
40287.83000,0.812746
40287.84000,0.812644
40287.85000,0.812542
40287.86000,0.81244
40287.87000,0.812338
40287.88000,0.812236
40287.89000,0.812134
40287.90000,0.812032
40287.91000,0.81193
40287.92000,0.811828
40287.93000,0.811726
40287.94000,0.811624
40287.95000,0.811522
40287.96000,0.81142
40287.97000,0.811318
40287.98000,0.811216
40287.99000,0.811114
40288.00000,0.811012
40288.01000,0.81091
40288.02000,0.810808
40288.03000,0.810706
40288.04000,0.810604
40288.05000,0.810502
40288.06000,0.810134
40288.07000,0.809711
40288.08000,0.809288
40288.09000,0.808865
40288.10000,0.808443
40288.11000,0.80802
40288.12000,0.807597
40288.13000,0.807174
40288.14000,0.806752
40288.15000,0.806329
40288.16000,0.805906
40288.17000,0.805483
40288.18000,0.805061
40288.19000,0.804638
40288.20000,0.804215
40288.21000,0.803792
40288.22000,0.80337
40288.23000,0.802947
40288.24000,0.802524
40288.25000,0.802101
40288.26000,0.801679
40288.27000,0.801256
40288.28000,0.800833
40288.29000,0.80041
40288.30000,0.799988
40288.31000,0.799565
40288.32000,0.799142
40288.33000,0.798719
40288.34000,0.798297
40288.35000,0.797874
40288.36000,0.797451
40288.37000,0.797028
40288.38000,0.796606
40288.39000,0.796183
40288.40000,0.79576
40288.41000,0.795337
40288.42000,0.794915
40288.43000,0.794492
40288.44000,0.794069
40288.45000,0.793646
40288.46000,0.793224
40288.47000,0.792801
40288.48000,0.792599
40288.49000,0.792497
40288.50000,0.792394
40288.51000,0.792292
40288.52000,0.792189
40288.53000,0.792086
40288.54000,0.791984
40288.55000,0.791881
40288.56000,0.791778
40288.57000,0.791676
40288.58000,0.791573
40288.59000,0.791471
40288.60000,0.791368
40288.61000,0.791265
40288.62000,0.791163
40288.63000,0.79106
40288.64000,0.790957
40288.65000,0.790855
40288.66000,0.790752
40288.67000,0.790649
40288.68000,0.790547
40288.69000,0.790444
40288.70000,0.790342
40288.71000,0.790239
40288.72000,0.790136
40288.73000,0.790034
40288.74000,0.789931
40288.75000,0.789828
40288.76000,0.789726
40288.77000,0.789623
40288.78000,0.789521
40288.79000,0.789418
40288.80000,0.789315
40288.81000,0.789213
40288.82000,0.78911
40288.83000,0.789007
40288.84000,0.788905
40288.85000,0.788802
40288.86000,0.7887
40288.87000,0.788597
40288.88000,0.788494
40288.89000,0.788392
40288.90000,0.788343
40288.91000,0.788338
40288.92000,0.788334
40288.93000,0.788329
40288.94000,0.788324
40288.95000,0.788319
40288.96000,0.788314
40288.97000,0.78831
40288.98000,0.788305
40288.99000,0.7883
40289.00000,0.788295
40289.01000,0.788291
40289.02000,0.788286
40289.03000,0.788281
40289.04000,0.788276
40289.05000,0.788272
40289.06000,0.788267
40289.07000,0.788262
40289.08000,0.788257
40289.09000,0.788253
40289.10000,0.788248
40289.11000,0.788243
40289.12000,0.788238
40289.13000,0.788234
40289.14000,0.788229
40289.15000,0.788224
40289.16000,0.788219
40289.17000,0.788215
40289.18000,0.78821
40289.19000,0.788205
40289.20000,0.7882
40289.21000,0.788196
40289.22000,0.788191
40289.23000,0.788186
40289.24000,0.788181
40289.25000,0.788177
40289.26000,0.788172
40289.27000,0.788167
40289.28000,0.788162
40289.29000,0.788158
40289.30000,0.788153
40289.31000,0.788148
40289.32000,0.788108
40289.33000,0.788125
40289.34000,0.788485
40289.35000,0.789326
40289.36000,0.790639
40289.37000,0.792286
40289.38000,0.794127
40289.39000,0.79609
40289.40000,0.798252
40289.41000,0.800805
40289.42000,0.803912
40289.43000,0.807664
40289.44000,0.81202
40289.45000,0.816807
40289.46000,0.821867
40289.47000,0.827095
40289.48000,0.83225
40289.49000,0.836913
40289.50000,0.840771
40289.51000,0.843689
40289.52000,0.846186
40289.53000,0.847934
40289.54000,0.848281
40289.55000,0.848627
40289.56000,0.848935
40289.57000,0.849222
40289.58000,0.849664
40289.59000,0.850136
40289.60000,0.850685
40289.61000,0.851447
40289.62000,0.852591
40289.63000,0.854252
40289.64000,0.856552
40289.65000,0.859367
40289.66000,0.862333
40289.67000,0.865261
40289.68000,0.868016
40289.69000,0.870505
40289.70000,0.872666
40289.71000,0.874463
40289.72000,0.875876
40289.73000,0.87796
40289.74000,0.878006
40289.75000,0.878053
40289.76000,0.8781
40289.77000,0.878147
40289.78000,0.878194
40289.79000,0.878241
40289.80000,0.878287
40289.81000,0.878334
40289.82000,0.878381
40289.83000,0.878428
40289.84000,0.878364
40289.85000,0.8783
40289.86000,0.878236
40289.87000,0.878171
40289.88000,0.878107
40289.89000,0.878043
40289.90000,0.877979
40289.91000,0.877915
40289.92000,0.877851
40289.93000,0.877787
40289.94000,0.877723
40289.95000,0.877659
40289.96000,0.877594
40289.97000,0.877503
40289.98000,0.877397
40289.99000,0.877291
40290.00000,0.877186
40290.01000,0.87708
40290.02000,0.876974
40290.03000,0.876869
40290.04000,0.876763
40290.05000,0.876657
40290.06000,0.876552
40290.07000,0.876446
40290.08000,0.87634
40290.09000,0.876235
40290.10000,0.876129
40290.11000,0.876023
40290.12000,0.875918
40290.13000,0.875812
40290.14000,0.875706
40290.15000,0.875405
40290.16000,0.875079
40290.17000,0.874753
40290.18000,0.874427
40290.19000,0.874101
40290.20000,0.873775
40290.21000,0.873449
40290.22000,0.873123
40290.23000,0.872797
40290.24000,0.872471
40290.25000,0.872145
40290.26000,0.871819
40290.27000,0.871493
40290.28000,0.871167
40290.29000,0.870841
40290.30000,0.870515
40290.31000,0.870189
40290.32000,0.869863
40290.33000,0.869537
40290.34000,0.869211
40290.35000,0.868885
40290.36000,0.868559
40290.37000,0.868233
40290.38000,0.867903
40290.39000,0.867552
40290.40000,0.867202
40290.41000,0.866851
40290.42000,0.8665
40290.43000,0.86615
40290.44000,0.865799
40290.45000,0.865449
40290.46000,0.865098
40290.47000,0.864747
40290.48000,0.864397
40290.49000,0.864046
40290.50000,0.863696
40290.51000,0.863345
40290.52000,0.862994
40290.53000,0.862644
40290.54000,0.862293
40290.55000,0.861943
40290.56000,0.861592
40290.57000,0.861241
40290.58000,0.860891
40290.59000,0.86054
40290.60000,0.86019
40290.61000,0.859839
40290.62000,0.85961
40290.63000,0.859513
40290.64000,0.859415
40290.65000,0.859317
40290.66000,0.85922
40290.67000,0.859122
40290.68000,0.859025
40290.69000,0.858927
40290.70000,0.858829
40290.71000,0.858732
40290.72000,0.858634
40290.73000,0.858536
40290.74000,0.858439
40290.75000,0.858341
40290.76000,0.858244
40290.77000,0.858146
40290.78000,0.858048
40290.79000,0.857951
40290.80000,0.857853
40290.81000,0.857755
40290.82000,0.857658
40290.83000,0.85756
40290.84000,0.857463
40290.85000,0.857365
40290.86000,0.857266
40290.87000,0.857168
40290.88000,0.857069
40290.89000,0.85697
40290.90000,0.856871
40290.91000,0.856773
40290.92000,0.856674
40290.93000,0.856575
40290.94000,0.856476
40290.95000,0.856378
40290.96000,0.856279
40290.97000,0.85618
40290.98000,0.856081
40290.99000,0.855983
40291.00000,0.855884
40291.01000,0.855785
40291.02000,0.855687
40291.03000,0.855588
40291.04000,0.855489
40291.05000,0.85539
40291.06000,0.855292
40291.07000,0.855193
40291.08000,0.855094
40291.09000,0.854984
40291.10000,0.854731
40291.11000,0.854479
40291.12000,0.854226
40291.13000,0.853973
40291.14000,0.853721
40291.15000,0.853468
40291.16000,0.853215
40291.17000,0.852963
40291.18000,0.85271
40291.19000,0.852458
40291.20000,0.852205
40291.21000,0.851952
40291.22000,0.8517
40291.23000,0.851447
40291.24000,0.851194
40291.25000,0.850942
40291.26000,0.850689
40291.27000,0.850436
40291.28000,0.850184
40291.29000,0.849931
40291.30000,0.849679
40291.31000,0.849426
40291.32000,0.849173
40291.33000,0.848812
40291.34000,0.848266
40291.35000,0.847719
40291.36000,0.847173
40291.37000,0.846627
40291.38000,0.846081
40291.39000,0.845535
40291.40000,0.844988
40291.41000,0.844442
40291.42000,0.843896
40291.43000,0.84335
40291.44000,0.842803
40291.45000,0.842257
40291.46000,0.841711
40291.47000,0.841165
40291.48000,0.840618
40291.49000,0.840072
40291.50000,0.839526
40291.51000,0.83898
40291.52000,0.838433
40291.53000,0.837887
40291.54000,0.837341
40291.55000,0.836795
40291.56000,0.836249
40291.57000,0.835977
40291.58000,0.835843
40291.59000,0.835708
40291.60000,0.835574
40291.61000,0.83544
40291.62000,0.835305
40291.63000,0.835171
40291.64000,0.835037
40291.65000,0.834903
40291.66000,0.834768
40291.67000,0.834634
40291.68000,0.8345
40291.69000,0.834365
40291.70000,0.834231
40291.71000,0.834097
40291.72000,0.833963
40291.73000,0.833828
40291.74000,0.833694
40291.75000,0.83356
40291.76000,0.833425
40291.77000,0.833291
40291.78000,0.833157
40291.79000,0.833023
40291.80000,0.832888
40291.81000,0.832754
40291.82000,0.83262
40291.83000,0.832485
40291.84000,0.832351
40291.85000,0.832217
40291.86000,0.832083
40291.87000,0.831948
40291.88000,0.831818
40291.89000,0.831749
40291.90000,0.83168
40291.91000,0.831611
40291.92000,0.831542
40291.93000,0.831473
40291.94000,0.831404
40291.95000,0.831335
40291.96000,0.831266
40291.97000,0.831197
40291.98000,0.831128
40291.99000,0.831059
40292.00000,0.83099
40292.01000,0.830921
40292.02000,0.830852
40292.03000,0.830783
40292.04000,0.830714
40292.05000,0.830645
40292.06000,0.830576
40292.07000,0.830507
40292.08000,0.830438
40292.09000,0.830369
40292.10000,0.8303
40292.11000,0.830231
40292.12000,0.830162
40292.13000,0.830093
40292.14000,0.830024
40292.15000,0.829955
40292.16000,0.829886
40292.17000,0.829818
40292.18000,0.829749
40292.19000,0.82968
40292.20000,0.829611
40292.21000,0.829542
40292.22000,0.829473
40292.23000,0.829404
40292.24000,0.829335
40292.25000,0.829266
40292.26000,0.829197
40292.27000,0.829128
40292.28000,0.829059
40292.29000,0.82899
40292.30000,0.828921
40292.31000,0.828889
40292.32000,0.828861
40292.33000,0.828832
40292.34000,0.828804
40292.35000,0.828776
40292.36000,0.828747
40292.37000,0.828719
40292.38000,0.82869
40292.39000,0.828662
40292.40000,0.828634
40292.41000,0.828605
40292.42000,0.828577
40292.43000,0.828548
40292.44000,0.82852
40292.45000,0.828146
40292.46000,0.827819
40292.47000,0.827577
40292.48000,0.827455
40292.49000,0.827381
40292.50000,0.827315
40292.51000,0.82722
40292.52000,0.827066
40292.53000,0.824072
40292.54000,0.823707
40292.55000,0.823342
40292.56000,0.822978
40292.57000,0.822613
40292.58000,0.822249
40292.59000,0.821884
40292.60000,0.82152
40292.61000,0.821155
40292.62000,0.82079
40292.63000,0.820426
40292.64000,0.820308
40292.65000,0.820189
40292.66000,0.820071
40292.67000,0.819953
40292.68000,0.819835
40292.69000,0.819717
40292.70000,0.819598
40292.71000,0.81948
40292.72000,0.819362
40292.73000,0.819244
40292.74000,0.819126
40292.75000,0.819008
40292.76000,0.818889
40292.77000,0.818848
40292.78000,0.818846
40292.79000,0.818844
40292.80000,0.818841
40292.81000,0.818839
40292.82000,0.818837
40292.83000,0.818834
40292.84000,0.818832
40292.85000,0.81883
40292.86000,0.818827
40292.87000,0.818825
40292.88000,0.818823
40292.89000,0.818821
40292.90000,0.818818
40292.91000,0.818816
40292.92000,0.818814
40292.93000,0.818811
40292.94000,0.818809
40292.95000,0.818974
40292.96000,0.819548
40292.97000,0.820786
40292.98000,0.822905
40292.99000,0.825783
40293.00000,0.829355
40293.01000,0.833537
40293.02000,0.838248
40293.03000,0.842857
40293.04000,0.847038
40293.05000,0.850598
40293.06000,0.853429
40293.07000,0.855699
40293.08000,0.857532
40293.09000,0.85899
40293.10000,0.860115
40293.11000,0.861037
40293.12000,0.861878
40293.13000,0.862707
40293.14000,0.863578
40293.15000,0.864467
40293.16000,0.865289
40293.17000,0.866007
40293.18000,0.866593
40293.19000,0.867084
40293.20000,0.867643
40293.21000,0.868355
40293.22000,0.869298
40293.23000,0.870525
40293.24000,0.871761
40293.25000,0.872889
40293.26000,0.873817
40293.27000,0.874485
40293.28000,0.875612
40293.29000,0.875318
40293.30000,0.875025
40293.31000,0.874731
40293.32000,0.874437
40293.33000,0.874144
40293.34000,0.87385
40293.35000,0.873556
40293.36000,0.873263
40293.37000,0.872969
40293.38000,0.872675
40293.39000,0.872174
40293.40000,0.871672
40293.41000,0.87117
40293.42000,0.870669
40293.43000,0.870167
40293.44000,0.869665
40293.45000,0.869164
40293.46000,0.868662
40293.47000,0.86816
40293.48000,0.867659
40293.49000,0.867157
40293.50000,0.866655
40293.51000,0.866154
40293.52000,0.865817
40293.53000,0.865563
40293.54000,0.865309
40293.55000,0.865055
40293.56000,0.864801
40293.57000,0.864548
40293.58000,0.864294
40293.59000,0.86404
40293.60000,0.863786
40293.61000,0.863532
40293.62000,0.863278
40293.63000,0.863024
40293.64000,0.86277
40293.65000,0.862516
40293.66000,0.862262
40293.67000,0.862008
40293.68000,0.861754
40293.69000,0.8615
40293.70000,0.86147
40293.71000,0.861467
40293.72000,0.861464
40293.73000,0.861462
40293.74000,0.861459
40293.75000,0.861457
40293.76000,0.861454
40293.77000,0.861451
40293.78000,0.861449
40293.79000,0.861446
40293.80000,0.861444
40293.81000,0.861441
40293.82000,0.861438
40293.83000,0.861436
40293.84000,0.861433
40293.85000,0.861431
40293.86000,0.861428
40293.87000,0.861425
40293.88000,0.861423
40293.89000,0.86142
40293.90000,0.861418
40293.91000,0.861456
40293.92000,0.861662
40293.93000,0.862126
40293.94000,0.862896
40293.95000,0.863839
40293.96000,0.864878
40293.97000,0.865943
40293.98000,0.871006
40293.99000,0.871225
40294.00000,0.871444
40294.01000,0.871663
40294.02000,0.871882
40294.03000,0.872101
40294.04000,0.873322
40294.05000,0.874704
40294.06000,0.876277
40294.07000,0.877858
40294.08000,0.879303
40294.09000,0.880527
40294.10000,0.881476
40294.11000,0.883518
40294.12000,0.883538
40294.13000,0.883557
40294.14000,0.883576
40294.15000,0.883595
40294.16000,0.883614
40294.17000,0.883633
40294.18000,0.883653
40294.19000,0.883672
40294.20000,0.883691
40294.21000,0.88371
40294.22000,0.883624
40294.23000,0.883538
40294.24000,0.883452
40294.25000,0.883365
40294.26000,0.883279
40294.27000,0.883193
40294.28000,0.883107
40294.29000,0.883021
40294.30000,0.882934
40294.31000,0.882848
40294.32000,0.882762
40294.33000,0.882676
40294.34000,0.88259
40294.35000,0.88255
40294.36000,0.882533
40294.37000,0.882517
40294.38000,0.8825
40294.39000,0.882484
40294.40000,0.882468
40294.41000,0.883148
40294.42000,0.885306
40294.43000,0.889616
40294.44000,0.895931
40294.45000,0.902229
40294.46000,0.907621
40294.47000,0.911602
40294.48000,0.909827
40294.49000,0.909822
40294.50000,0.909818
40294.51000,0.909814
40294.52000,0.90981
40294.53000,0.909805
40294.54000,0.909801
40294.55000,0.909797
40294.56000,0.909792
40294.57000,0.909788
40294.58000,0.909784
40294.59000,0.90978
40294.60000,0.909775
40294.61000,0.909771
40294.62000,0.909846
40294.63000,0.910124
40294.64000,0.910684
40294.65000,0.911538
40294.66000,0.912619
40294.67000,0.913894
40294.68000,0.915328
40294.69000,0.916871
40294.70000,0.91842
40294.71000,0.919916
40294.72000,0.921317
40294.73000,0.922604
40294.74000,0.923915
40294.75000,0.925303
40294.76000,0.926807
40294.77000,0.928463
40294.78000,0.930132
40294.79000,0.931748
40294.80000,0.933258
40294.81000,0.934627
40294.82000,0.935835
40294.83000,0.936864
40294.84000,0.937708
40294.85000,0.938362
40294.86000,0.938906
40294.87000,0.939427
40294.88000,0.939972
40294.89000,0.940581
40294.90000,0.941472
40294.91000,0.943085
40294.92000,0.945775
40294.93000,0.949856
40294.94000,0.955131
40294.95000,0.960202
40294.96000,0.964486
40294.97000,0.967655
40294.98000,0.968514
40294.99000,0.968282
40295.00000,0.968049
40295.01000,0.967816
40295.02000,0.967583
40295.03000,0.967351
40295.04000,0.967118
40295.05000,0.966885
40295.06000,0.966653
40295.07000,0.96642
40295.08000,0.966187
40295.09000,0.965883
40295.10000,0.965579
40295.11000,0.965275
40295.12000,0.964971
40295.13000,0.964667
40295.14000,0.964363
40295.15000,0.964058
40295.16000,0.963754
40295.17000,0.96345
40295.18000,0.963146
40295.19000,0.962842
40295.20000,0.962538
40295.21000,0.962234
40295.22000,0.961832
40295.23000,0.961382
40295.24000,0.960932
40295.25000,0.960481
40295.26000,0.960031
40295.27000,0.959581
40295.28000,0.95913
40295.29000,0.95868
40295.30000,0.958229
40295.31000,0.957779
40295.32000,0.957329
40295.33000,0.956878
40295.34000,0.956428
40295.35000,0.955978
40295.36000,0.955527
40295.37000,0.955077
40295.38000,0.954627
40295.39000,0.954176
40295.40000,0.953715
40295.41000,0.953252
40295.42000,0.952789
40295.43000,0.952326
40295.44000,0.951863
40295.45000,0.9514
40295.46000,0.950936
40295.47000,0.950473
40295.48000,0.95001
40295.49000,0.949547
40295.50000,0.949084
40295.51000,0.948621
40295.52000,0.948158
40295.53000,0.947695
40295.54000,0.947232
40295.55000,0.946769
40295.56000,0.946306
40295.57000,0.945873
40295.58000,0.94568
40295.59000,0.945487
40295.60000,0.945294
40295.61000,0.945101
40295.62000,0.944908
40295.63000,0.944715
40295.64000,0.944522
40295.65000,0.944329
40295.66000,0.944136
40295.67000,0.943943
40295.68000,0.94375
40295.69000,0.943557
40295.70000,0.943364
40295.71000,0.943171
40295.72000,0.942978
40295.73000,0.942785
40295.74000,0.942592
40295.75000,0.942404
40295.76000,0.942227
40295.77000,0.94205
40295.78000,0.941873
40295.79000,0.941697
40295.80000,0.94152
40295.81000,0.941343
40295.82000,0.941166
40295.83000,0.940989
40295.84000,0.940812
40295.85000,0.940635
40295.86000,0.940458
40295.87000,0.940281
40295.88000,0.940105
40295.89000,0.939928
40295.90000,0.939751
40295.91000,0.939574
40295.92000,0.939397
40295.93000,0.939228
40295.94000,0.939065
40295.95000,0.938903
40295.96000,0.93874
40295.97000,0.938578
40295.98000,0.938415
40295.99000,0.938252
40296.00000,0.93809
40296.01000,0.937927
40296.02000,0.937764
40296.03000,0.937602
40296.04000,0.937439
40296.05000,0.937277
40296.06000,0.937114
40296.07000,0.936951
40296.08000,0.936789
40296.09000,0.936626
40296.10000,0.936464
40296.11000,0.936301
40296.12000,0.936138
40296.13000,0.935976
40296.14000,0.935813
40296.15000,0.93565
40296.16000,0.935488
40296.17000,0.934973
40296.18000,0.934397
40296.19000,0.933822
40296.20000,0.933246
40296.21000,0.93267
40296.22000,0.932094
40296.23000,0.931519
40296.24000,0.930943
40296.25000,0.930367
40296.26000,0.929791
40296.27000,0.929216
40296.28000,0.92864
40296.29000,0.928064
40296.30000,0.927488
40296.31000,0.926912
40296.32000,0.926337
40296.33000,0.925761
40296.34000,0.925185
40296.35000,0.924609
40296.36000,0.924034
40296.37000,0.923458
40296.38000,0.922882
40296.39000,0.922306
40296.40000,0.921731
40296.41000,0.921155
40296.42000,0.920579
40296.43000,0.920003
40296.44000,0.919427
40296.45000,0.918852
40296.46000,0.918276
40296.47000,0.9177
40296.48000,0.917242
40296.49000,0.917143
40296.50000,0.917044
40296.51000,0.916945
40296.52000,0.916846
40296.53000,0.916747
40296.54000,0.916648
40296.55000,0.916549
40296.56000,0.916451
40296.57000,0.916352
40296.58000,0.916253
40296.59000,0.916154
40296.60000,0.916055
40296.61000,0.915956
40296.62000,0.915857
40296.63000,0.915758
40296.64000,0.915659
40296.65000,0.91556
40296.66000,0.915461
40296.67000,0.915362
40296.68000,0.915263
40296.69000,0.915164
40296.70000,0.915065
40296.71000,0.914966
40296.72000,0.914867
40296.73000,0.914768
40296.74000,0.914669
40296.75000,0.914571
40296.76000,0.914472
40296.77000,0.914373
40296.78000,0.914274
40296.79000,0.914175
40296.80000,0.914076
40296.81000,0.913977
40296.82000,0.913878
40296.83000,0.913779
40296.84000,0.91368
40296.85000,0.913581
40296.86000,0.913482
40296.87000,0.913383
40296.88000,0.913284
40296.89000,0.913185
40296.90000,0.91307
40296.91000,0.912815
40296.92000,0.912559
40296.93000,0.912304
40296.94000,0.912049
40296.95000,0.911794
40296.96000,0.911539
40296.97000,0.911284
40296.98000,0.911029
40296.99000,0.910774
40297.00000,0.910519
40297.01000,0.910264
40297.02000,0.910008
40297.03000,0.909753
40297.04000,0.909498
40297.05000,0.909243
40297.06000,0.908988
40297.07000,0.908733
40297.08000,0.908478
40297.09000,0.908223
40297.10000,0.907968
40297.11000,0.907713
40297.12000,0.907458
40297.13000,0.907202
40297.14000,0.906947
40297.15000,0.906692
40297.16000,0.906437
40297.17000,0.906182
40297.18000,0.905927
40297.19000,0.905672
40297.20000,0.905417
40297.21000,0.905162
40297.22000,0.904907
40297.23000,0.904652
40297.24000,0.904396
40297.25000,0.904141
40297.26000,0.903886
40297.27000,0.903631
40297.28000,0.903376
40297.29000,0.903121
40297.30000,0.902866
40297.31000,0.902611
40297.32000,0.902356
40297.33000,0.902192
40297.34000,0.902032
40297.35000,0.901871
40297.36000,0.901711
40297.37000,0.901551
40297.38000,0.90139
40297.39000,0.90123
40297.40000,0.90107
40297.41000,0.900909
40297.42000,0.900749
40297.43000,0.900589
40297.44000,0.900428
40297.45000,0.900268
40297.46000,0.900108
40297.47000,0.899947
40297.48000,0.899787
40297.49000,0.899626
40297.50000,0.899466
40297.51000,0.899306
40297.52000,0.899145
40297.53000,0.898985
40297.54000,0.898825
40297.55000,0.898664
40297.56000,0.898504
40297.57000,0.898344
40297.58000,0.898183
40297.59000,0.898023
40297.60000,0.897862
40297.61000,0.897702
40297.62000,0.897542
40297.63000,0.897381
40297.64000,0.897221
40297.65000,0.897061
40297.66000,0.8969
40297.67000,0.89674
40297.68000,0.89658
40297.69000,0.896419
40297.70000,0.896259
40297.71000,0.896098
40297.72000,0.895938
40297.73000,0.895778
40297.74000,0.895617
40297.75000,0.895507
40297.76000,0.895407
40297.77000,0.895307
40297.78000,0.895207
40297.79000,0.895107
40297.80000,0.895008
40297.81000,0.894908
40297.82000,0.894808
40297.83000,0.894708
40297.84000,0.894608
40297.85000,0.894508
40297.86000,0.894408
40297.87000,0.894308
40297.88000,0.894208
40297.89000,0.894108
40297.90000,0.894008
40297.91000,0.893909
40297.92000,0.893809
40297.93000,0.893709
40297.94000,0.893609
40297.95000,0.893509
40297.96000,0.893409
40297.97000,0.893309
40297.98000,0.893209
40297.99000,0.893109
40298.00000,0.893009
40298.01000,0.892909
40298.02000,0.89281
40298.03000,0.89271
40298.04000,0.89261
40298.05000,0.89251
40298.06000,0.89241
40298.07000,0.89231
40298.08000,0.89221
40298.09000,0.89211
40298.10000,0.89201
40298.11000,0.89191
40298.12000,0.891811
40298.13000,0.891711
40298.14000,0.891611
40298.15000,0.891511
40298.16000,0.891411
40298.17000,0.89111
40298.18000,0.890717
40298.19000,0.890324
40298.20000,0.889932
40298.21000,0.889539
40298.22000,0.889146
40298.23000,0.888754
40298.24000,0.888361
40298.25000,0.887968
40298.26000,0.887576
40298.27000,0.887183
40298.28000,0.886791
40298.29000,0.886398
40298.30000,0.886005
40298.31000,0.885613
40298.32000,0.88522
40298.33000,0.884827
40298.34000,0.884435
40298.35000,0.884042
40298.36000,0.883649
40298.37000,0.883257
40298.38000,0.882864
40298.39000,0.882471
40298.40000,0.882079
40298.41000,0.881686
40298.42000,0.881293
40298.43000,0.880901
40298.44000,0.880508
40298.45000,0.880115
40298.46000,0.879723
40298.47000,0.87933
40298.48000,0.878937
40298.49000,0.878545
40298.50000,0.878152
40298.51000,0.877759
40298.52000,0.877367
40298.53000,0.876974
40298.54000,0.876581
40298.55000,0.876189
40298.56000,0.875796
40298.57000,0.875403
40298.58000,0.875011
40298.59000,0.874778
40298.60000,0.874677
40298.61000,0.874577
40298.62000,0.874476
40298.63000,0.874375
40298.64000,0.874275
40298.65000,0.874174
40298.66000,0.874073
40298.67000,0.873973
40298.68000,0.873872
40298.69000,0.873772
40298.70000,0.873671
40298.71000,0.87357
40298.72000,0.87347
40298.73000,0.873369
40298.74000,0.873269
40298.75000,0.873168
40298.76000,0.873067
40298.77000,0.872967
40298.78000,0.872866
40298.79000,0.872765
40298.80000,0.872665
40298.81000,0.872564
40298.82000,0.872464
40298.83000,0.872363
40298.84000,0.872262
40298.85000,0.872162
40298.86000,0.872061
40298.87000,0.871961
40298.88000,0.87186
40298.89000,0.871759
40298.90000,0.871659
40298.91000,0.871558
40298.92000,0.871457
40298.93000,0.871357
40298.94000,0.871256
40298.95000,0.871156
40298.96000,0.871055
40298.97000,0.870954
40298.98000,0.870854
40298.99000,0.870753
40299.00000,0.870653
40299.01000,0.870431
40299.02000,0.870033
40299.03000,0.869636
40299.04000,0.869238
40299.05000,0.868841
40299.06000,0.868443
40299.07000,0.868046
40299.08000,0.867648
40299.09000,0.867251
40299.10000,0.866853
40299.11000,0.866456
40299.12000,0.866058
40299.13000,0.865661
40299.14000,0.865263
40299.15000,0.864866
40299.16000,0.864468
40299.17000,0.864071
40299.18000,0.863673
40299.19000,0.863276
40299.20000,0.862878
40299.21000,0.862481
40299.22000,0.862083
40299.23000,0.861686
40299.24000,0.861288
40299.25000,0.860891
40299.26000,0.860493
40299.27000,0.860096
40299.28000,0.859698
40299.29000,0.859301
40299.30000,0.858903
40299.31000,0.858506
40299.32000,0.858108
40299.33000,0.857711
40299.34000,0.857313
40299.35000,0.856916
40299.36000,0.856518
40299.37000,0.856121
40299.38000,0.855723
40299.39000,0.855325
40299.40000,0.854928
40299.41000,0.85453
40299.42000,0.854133
40299.43000,0.853815
40299.44000,0.853714
40299.45000,0.853612
40299.46000,0.853511
40299.47000,0.85341
40299.48000,0.853309
40299.49000,0.853208
40299.50000,0.853107
40299.51000,0.853006
40299.52000,0.852905
40299.53000,0.852803
40299.54000,0.852702
40299.55000,0.852601
40299.56000,0.8525
40299.57000,0.852399
40299.58000,0.852298
40299.59000,0.852197
40299.60000,0.852095
40299.61000,0.851994
40299.62000,0.851893
40299.63000,0.851792
40299.64000,0.851691
40299.65000,0.85159
40299.66000,0.851489
40299.67000,0.851388
40299.68000,0.851286
40299.69000,0.851185
40299.70000,0.851084
40299.71000,0.850983
40299.72000,0.850882
40299.73000,0.850781
40299.74000,0.85068
40299.75000,0.850578
40299.76000,0.850477
40299.77000,0.850376
40299.78000,0.850275
40299.79000,0.850174
40299.80000,0.850073
40299.81000,0.849972
40299.82000,0.849871
40299.83000,0.849769
40299.84000,0.849668
40299.85000,0.849559
40299.86000,0.849395
40299.87000,0.849232
40299.88000,0.849068
40299.89000,0.848904
40299.90000,0.84874
40299.91000,0.848576
40299.92000,0.848412
40299.93000,0.848249
40299.94000,0.848085
40299.95000,0.847921
40299.96000,0.847757
40299.97000,0.847593
40299.98000,0.84743
40299.99000,0.847266
40300.00000,0.847102
40300.01000,0.846938
40300.02000,0.846774
40300.03000,0.84661
40300.04000,0.846447
40300.05000,0.846283
40300.06000,0.846119
40300.07000,0.845955
40300.08000,0.845791
40300.09000,0.845628
40300.10000,0.845464
40300.11000,0.8453
40300.12000,0.845136
40300.13000,0.844972
40300.14000,0.844808
40300.15000,0.844645
40300.16000,0.844481
40300.17000,0.844317
40300.18000,0.844153
40300.19000,0.843989
40300.20000,0.843826
40300.21000,0.843662
40300.22000,0.843498
40300.23000,0.843334
40300.24000,0.84317
40300.25000,0.843007
40300.26000,0.842843
40300.27000,0.842679
40300.28000,0.842442
40300.29000,0.842204
40300.30000,0.841966
40300.31000,0.841729
40300.32000,0.841491
40300.33000,0.841253
40300.34000,0.841015
40300.35000,0.840778
40300.36000,0.84054
40300.37000,0.840302
40300.38000,0.840064
40300.39000,0.839827
40300.40000,0.839589
40300.41000,0.839351
40300.42000,0.839113
40300.43000,0.838876
40300.44000,0.838638
40300.45000,0.8384
40300.46000,0.838162
40300.47000,0.837924
40300.48000,0.837687
40300.49000,0.837449
40300.50000,0.837211
40300.51000,0.836973
40300.52000,0.836736
40300.53000,0.836498
40300.54000,0.83626
40300.55000,0.836022
40300.56000,0.835785
40300.57000,0.835547
40300.58000,0.835309
40300.59000,0.835071
40300.60000,0.834834
40300.61000,0.834596
40300.62000,0.834358
40300.63000,0.83412
40300.64000,0.833882
40300.65000,0.833645
40300.66000,0.833407
40300.67000,0.833169
40300.68000,0.832931
40300.69000,0.832694
40300.70000,0.83265
40300.71000,0.832641
40300.72000,0.832632
40300.73000,0.832623
40300.74000,0.832614
40300.75000,0.832605
40300.76000,0.832596
40300.77000,0.832587
40300.78000,0.832578
40300.79000,0.832569
40300.80000,0.83256
40300.81000,0.832551
40300.82000,0.832542
40300.83000,0.832533
40300.84000,0.832524
40300.85000,0.832515
40300.86000,0.832506
40300.87000,0.832497
40300.88000,0.832488
40300.89000,0.832479
40300.90000,0.83247
40300.91000,0.832461
40300.92000,0.832453
40300.93000,0.832444
40300.94000,0.832435
40300.95000,0.832426
40300.96000,0.832417
40300.97000,0.832408
40300.98000,0.832399
40300.99000,0.83239
40301.00000,0.832381
40301.01000,0.832372
40301.02000,0.832363
40301.03000,0.832354
40301.04000,0.832345
40301.05000,0.832336
40301.06000,0.832327
40301.07000,0.832318
40301.08000,0.832309
40301.09000,0.8323
40301.10000,0.832291
40301.11000,0.832282
40301.12000,0.832266
40301.13000,0.832246
40301.14000,0.832226
40301.15000,0.832206
40301.16000,0.832265
40301.17000,0.832602
40301.18000,0.833399
40301.19000,0.835017
40301.20000,0.838404
40301.21000,0.844277
40301.22000,0.853135
40301.23000,0.864962
40301.24000,0.876771
40301.25000,0.887468
40301.26000,0.896451
40301.27000,0.903446
40301.28000,0.909122
40301.29000,0.913729
40301.30000,0.917398
40301.31000,0.920221
40301.32000,0.922408
40301.33000,0.924104
40301.34000,0.925386
40301.35000,0.92631
40301.36000,0.926844
40301.37000,0.926467
40301.38000,0.92609
40301.39000,0.925713
40301.40000,0.925336
40301.41000,0.924959
40301.42000,0.924582
40301.43000,0.924205
40301.44000,0.923828
40301.45000,0.923451
40301.46000,0.923075
40301.47000,0.92285
40301.48000,0.922626
40301.49000,0.922402
40301.50000,0.922177
40301.51000,0.921953
40301.52000,0.921729
40301.53000,0.921504
40301.54000,0.92128
40301.55000,0.921056
40301.56000,0.920831
40301.57000,0.920607
40301.58000,0.920383
40301.59000,0.920158
40301.60000,0.920072
40301.61000,0.920054
40301.62000,0.920036
40301.63000,0.920018
40301.64000,0.920001
40301.65000,0.919983
40301.66000,0.919965
40301.67000,0.919948
40301.68000,0.91993
40301.69000,0.919912
40301.70000,0.919798
40301.71000,0.919766
40301.72000,0.919845
40301.73000,0.92006
40301.74000,0.920324
40301.75000,0.920597
40301.76000,0.92084
40301.77000,0.921025
40301.78000,0.9212
40301.79000,0.921143
40301.80000,0.921086
40301.81000,0.92103
40301.82000,0.920973
40301.83000,0.920916
40301.84000,0.920859
40301.85000,0.920803
40301.86000,0.920746
40301.87000,0.920689
40301.88000,0.920633
40301.89000,0.920534
40301.90000,0.920436
40301.91000,0.920338
40301.92000,0.920239
40301.93000,0.920141
40301.94000,0.920042
40301.95000,0.919944
40301.96000,0.919846
40301.97000,0.919747
40301.98000,0.919649
40301.99000,0.919551
40302.00000,0.919452
40302.01000,0.919354
40302.02000,0.919243
40302.03000,0.919127
40302.04000,0.91901
40302.05000,0.918893
40302.06000,0.918777
40302.07000,0.91866
40302.08000,0.918543
40302.09000,0.918426
40302.10000,0.91831
40302.11000,0.918193
40302.12000,0.918076
40302.13000,0.917959
40302.14000,0.917843
40302.15000,0.917726
40302.16000,0.917609
40302.17000,0.917493
40302.18000,0.917376
40302.19000,0.917259
40302.20000,0.916779
40302.21000,0.916253
40302.22000,0.915727
40302.23000,0.915201
40302.24000,0.914675
40302.25000,0.914149
40302.26000,0.913623
40302.27000,0.913097
40302.28000,0.912571
40302.29000,0.912045
40302.30000,0.911519
40302.31000,0.910993
40302.32000,0.910467
40302.33000,0.909941
40302.34000,0.909415
40302.35000,0.908889
40302.36000,0.908363
40302.37000,0.907837
40302.38000,0.907311
40302.39000,0.906785
40302.40000,0.906259
40302.41000,0.905733
40302.42000,0.905207
40302.43000,0.90474
40302.44000,0.904531
40302.45000,0.904323
40302.46000,0.904114
40302.47000,0.903905
40302.48000,0.903696
40302.49000,0.903488
40302.50000,0.903279
40302.51000,0.90307
40302.52000,0.902861
40302.53000,0.902653
40302.54000,0.902444
40302.55000,0.902235
40302.56000,0.902026
40302.57000,0.901817
40302.58000,0.901609
40302.59000,0.9014
40302.60000,0.901191
40302.61000,0.900982
40302.62000,0.900774
40302.63000,0.900565
40302.64000,0.900356
40302.65000,0.900147
40302.66000,0.899939
40302.67000,0.89973
40302.68000,0.899521
40302.69000,0.899312
40302.70000,0.899103
40302.71000,0.898895
40302.72000,0.898686
40302.73000,0.898477
40302.74000,0.898268
40302.75000,0.898124
40302.76000,0.898025
40302.77000,0.897927
40302.78000,0.897828
40302.79000,0.897729
40302.80000,0.897631
40302.81000,0.897532
40302.82000,0.897434
40302.83000,0.897335
40302.84000,0.897237
40302.85000,0.897138
40302.86000,0.89704
40302.87000,0.896941
40302.88000,0.896843
40302.89000,0.896744
40302.90000,0.896645
40302.91000,0.896547
40302.92000,0.896448
40302.93000,0.89635
40302.94000,0.896251
40302.95000,0.896153
40302.96000,0.896054
40302.97000,0.895956
40302.98000,0.895857
40302.99000,0.895759
40303.00000,0.89566
40303.01000,0.895562
40303.02000,0.895463
40303.03000,0.895364
40303.04000,0.895266
40303.05000,0.895167
40303.06000,0.895069
40303.07000,0.89497
40303.08000,0.894872
40303.09000,0.894773
40303.10000,0.894675
40303.11000,0.894576
40303.12000,0.894478
40303.13000,0.894379
40303.14000,0.89428
40303.15000,0.894182
40303.16000,0.894083
40303.17000,0.893855
40303.18000,0.893461
40303.19000,0.893067
40303.20000,0.892673
40303.21000,0.892279
40303.22000,0.891885
40303.23000,0.891492
40303.24000,0.891098
40303.25000,0.890704
40303.26000,0.89031
40303.27000,0.889916
40303.28000,0.889522
40303.29000,0.889128
40303.30000,0.888735
40303.31000,0.888341
40303.32000,0.887947
40303.33000,0.887553
40303.34000,0.887159
40303.35000,0.886765
40303.36000,0.886371
40303.37000,0.885977
40303.38000,0.885584
40303.39000,0.88519
40303.40000,0.884796
40303.41000,0.884402
40303.42000,0.884008
40303.43000,0.883614
40303.44000,0.88322
40303.45000,0.882827
40303.46000,0.882433
40303.47000,0.882039
40303.48000,0.881645
40303.49000,0.881251
40303.50000,0.880857
40303.51000,0.880463
40303.52000,0.880069
40303.53000,0.879676
40303.54000,0.879282
40303.55000,0.878888
40303.56000,0.878494
40303.57000,0.8781
40303.58000,0.877706
40303.59000,0.877401
40303.60000,0.877301
40303.61000,0.8772
40303.62000,0.8771
40303.63000,0.877
40303.64000,0.8769
40303.65000,0.8768
40303.66000,0.8767
40303.67000,0.8766
40303.68000,0.8765
40303.69000,0.8764
40303.70000,0.876299
40303.71000,0.876199
40303.72000,0.876099
40303.73000,0.875999
40303.74000,0.875899
40303.75000,0.875799
40303.76000,0.875699
40303.77000,0.875599
40303.78000,0.875499
40303.79000,0.875398
40303.80000,0.875298
40303.81000,0.875198
40303.82000,0.875098
40303.83000,0.874998
40303.84000,0.874898
40303.85000,0.874798
40303.86000,0.874698
40303.87000,0.874598
40303.88000,0.874497
40303.89000,0.874397
40303.90000,0.874297
40303.91000,0.874197
40303.92000,0.874097
40303.93000,0.873997
40303.94000,0.873897
40303.95000,0.873797
40303.96000,0.873696
40303.97000,0.873596
40303.98000,0.873496
40303.99000,0.873396
40304.00000,0.873296
40304.01000,0.873148
40304.02000,0.872748
40304.03000,0.872349
40304.04000,0.871949
40304.05000,0.87155
40304.06000,0.87115
40304.07000,0.870751
40304.08000,0.870351
40304.09000,0.869952
40304.10000,0.869552
40304.11000,0.869153
40304.12000,0.868753
40304.13000,0.868354
40304.14000,0.867954
40304.15000,0.867554
40304.16000,0.867155
40304.17000,0.866755
40304.18000,0.866356
40304.19000,0.865956
40304.20000,0.865557
40304.21000,0.865157
40304.22000,0.864758
40304.23000,0.864358
40304.24000,0.863959
40304.25000,0.863559
40304.26000,0.86316
40304.27000,0.86276
40304.28000,0.862361
40304.29000,0.861961
40304.30000,0.861562
40304.31000,0.861162
40304.32000,0.860762
40304.33000,0.860363
40304.34000,0.859963
40304.35000,0.859564
40304.36000,0.859164
40304.37000,0.858765
40304.38000,0.858365
40304.39000,0.857966
40304.40000,0.857566
40304.41000,0.857167
40304.42000,0.856767
40304.43000,0.856374
40304.44000,0.856273
40304.45000,0.856171
40304.46000,0.85607
40304.47000,0.855969
40304.48000,0.855867
40304.49000,0.855766
40304.50000,0.855665
40304.51000,0.855563
40304.52000,0.855462
40304.53000,0.855361
40304.54000,0.85526
40304.55000,0.855158
40304.56000,0.855057
40304.57000,0.854956
40304.58000,0.854854
40304.59000,0.854753
40304.60000,0.854652
40304.61000,0.854551
40304.62000,0.854449
40304.63000,0.854348
40304.64000,0.854247
40304.65000,0.854145
40304.66000,0.854044
40304.67000,0.853943
40304.68000,0.853842
40304.69000,0.85374
40304.70000,0.853639
40304.71000,0.853538
40304.72000,0.853436
40304.73000,0.853335
40304.74000,0.853234
40304.75000,0.853133
40304.76000,0.853031
40304.77000,0.85293
40304.78000,0.852829
40304.79000,0.852727
40304.80000,0.852626
40304.81000,0.852525
40304.82000,0.852423
40304.83000,0.852322
40304.84000,0.852221
40304.85000,0.85212
40304.86000,0.851951
40304.87000,0.851772
40304.88000,0.851594
40304.89000,0.851416
40304.90000,0.851237
40304.91000,0.851059
40304.92000,0.850881
40304.93000,0.850703
40304.94000,0.850524
40304.95000,0.850346
40304.96000,0.850168
40304.97000,0.849989
40304.98000,0.849811
40304.99000,0.849633
40305.00000,0.849455
40305.01000,0.849276
40305.02000,0.849098
40305.03000,0.84892
40305.04000,0.848741
40305.05000,0.848563
40305.06000,0.848385
40305.07000,0.848207
40305.08000,0.848028
40305.09000,0.84785
40305.10000,0.847672
40305.11000,0.847493
40305.12000,0.847315
40305.13000,0.847137
40305.14000,0.846959
40305.15000,0.84678
40305.16000,0.846602
40305.17000,0.846424
40305.18000,0.846245
40305.19000,0.846067
40305.20000,0.845889
40305.21000,0.845711
40305.22000,0.845532
40305.23000,0.845354
40305.24000,0.845176
40305.25000,0.844998
40305.26000,0.844819
40305.27000,0.844641
40305.28000,0.844412
40305.29000,0.844164
40305.30000,0.843917
40305.31000,0.843669
40305.32000,0.843422
40305.33000,0.843175
40305.34000,0.842927
40305.35000,0.84268
40305.36000,0.842433
40305.37000,0.842185
40305.38000,0.841938
40305.39000,0.841691
40305.40000,0.841443
40305.41000,0.841196
40305.42000,0.840949
40305.43000,0.840701
40305.44000,0.840454
40305.45000,0.840207
40305.46000,0.839959
40305.47000,0.839712
40305.48000,0.839464
40305.49000,0.839217
40305.50000,0.83897
40305.51000,0.838722
40305.52000,0.838475
40305.53000,0.838228
40305.54000,0.83798
40305.55000,0.837733
40305.56000,0.837486
40305.57000,0.837238
40305.58000,0.836991
40305.59000,0.836744
40305.60000,0.836496
40305.61000,0.836249
40305.62000,0.836002
40305.63000,0.835754
40305.64000,0.835507
40305.65000,0.835259
40305.66000,0.835012
40305.67000,0.834765
40305.68000,0.834517
40305.69000,0.83427
40305.70000,0.83411
40305.71000,0.834009
40305.72000,0.833907
40305.73000,0.833806
40305.74000,0.833704
40305.75000,0.833603
40305.76000,0.833501
40305.77000,0.8334
40305.78000,0.833298
40305.79000,0.833196
40305.80000,0.833095
40305.81000,0.832993
40305.82000,0.832892
40305.83000,0.83279
40305.84000,0.832689
40305.85000,0.832587
40305.86000,0.832486
40305.87000,0.832384
40305.88000,0.832283
40305.89000,0.832181
40305.90000,0.832079
40305.91000,0.831978
40305.92000,0.831876
40305.93000,0.831775
40305.94000,0.831673
40305.95000,0.831572
40305.96000,0.83147
40305.97000,0.831369
40305.98000,0.831267
40305.99000,0.831166
40306.00000,0.831064
40306.01000,0.830963
40306.02000,0.830861
40306.03000,0.830759
40306.04000,0.830658
40306.05000,0.830556
40306.06000,0.830455
40306.07000,0.830353
40306.08000,0.830252
40306.09000,0.83015
40306.10000,0.830049
40306.11000,0.829947
40306.12000,0.829689
40306.13000,0.829249
40306.14000,0.828809
40306.15000,0.828368
40306.16000,0.827928
40306.17000,0.827488
40306.18000,0.827047
40306.19000,0.826607
40306.20000,0.826167
40306.21000,0.825726
40306.22000,0.825286
40306.23000,0.824845
40306.24000,0.824405
40306.25000,0.823965
40306.26000,0.823524
40306.27000,0.823084
40306.28000,0.822644
40306.29000,0.822203
40306.30000,0.821763
40306.31000,0.821323
40306.32000,0.820882
40306.33000,0.820442
40306.34000,0.820002
40306.35000,0.819561
40306.36000,0.819121
40306.37000,0.81868
40306.38000,0.81824
40306.39000,0.8178
40306.40000,0.817359
40306.41000,0.816919
40306.42000,0.816479
40306.43000,0.816038
40306.44000,0.815598
40306.45000,0.815158
40306.46000,0.814717
40306.47000,0.814277
40306.48000,0.813837
40306.49000,0.813396
40306.50000,0.812956
40306.51000,0.812515
40306.52000,0.812075
40306.53000,0.811635
40306.54000,0.811303
40306.55000,0.8112
40306.56000,0.811098
40306.57000,0.810995
40306.58000,0.810893
40306.59000,0.810791
40306.60000,0.810688
40306.61000,0.810586
40306.62000,0.810483
40306.63000,0.810381
40306.64000,0.810278
40306.65000,0.810176
40306.66000,0.810073
40306.67000,0.809971
40306.68000,0.809869
40306.69000,0.809766
40306.70000,0.809664
40306.71000,0.809561
40306.72000,0.809459
40306.73000,0.809356
40306.74000,0.809254
40306.75000,0.809151
40306.76000,0.809049
40306.77000,0.808947
40306.78000,0.808844
40306.79000,0.808742
40306.80000,0.808639
40306.81000,0.808537
40306.82000,0.808434
40306.83000,0.808332
40306.84000,0.808229
40306.85000,0.808127
40306.86000,0.808025
40306.87000,0.807922
40306.88000,0.80782
40306.89000,0.807717
40306.90000,0.807615
40306.91000,0.807512
40306.92000,0.80741
40306.93000,0.807307
40306.94000,0.807205
40306.95000,0.807103
40306.96000,0.806954
40306.97000,0.806596
40306.98000,0.806239
40306.99000,0.805881
40307.00000,0.805524
40307.01000,0.805166
40307.02000,0.804809
40307.03000,0.804451
40307.04000,0.804094
40307.05000,0.803736
40307.06000,0.803379
40307.07000,0.803021
40307.08000,0.802664
40307.09000,0.802307
40307.10000,0.801949
40307.11000,0.801592
40307.12000,0.801234
40307.13000,0.800877
40307.14000,0.800519
40307.15000,0.800162
40307.16000,0.799804
40307.17000,0.799447
40307.18000,0.799089
40307.19000,0.798732
40307.20000,0.798374
40307.21000,0.798017
40307.22000,0.797659
40307.23000,0.797302
40307.24000,0.796944
40307.25000,0.796587
40307.26000,0.796229
40307.27000,0.795872
40307.28000,0.795514
40307.29000,0.795157
40307.30000,0.794799
40307.31000,0.794442
40307.32000,0.794084
40307.33000,0.793727
40307.34000,0.793369
40307.35000,0.793012
40307.36000,0.792654
40307.37000,0.792297
40307.38000,0.79195
40307.39000,0.791847
40307.40000,0.791744
40307.41000,0.791641
40307.42000,0.791538
40307.43000,0.791435
40307.44000,0.791332
40307.45000,0.791229
40307.46000,0.791126
40307.47000,0.791023
40307.48000,0.79092
40307.49000,0.790817
40307.50000,0.790714
40307.51000,0.790611
40307.52000,0.790508
40307.53000,0.790405
40307.54000,0.790302
40307.55000,0.790199
40307.56000,0.790096
40307.57000,0.789993
40307.58000,0.78989
40307.59000,0.789787
40307.60000,0.789684
40307.61000,0.789581
40307.62000,0.789478
40307.63000,0.789375
40307.64000,0.789272
40307.65000,0.789169
40307.66000,0.789066
40307.67000,0.788963
40307.68000,0.78886
40307.69000,0.788757
40307.70000,0.788654
40307.71000,0.788551
40307.72000,0.788448
40307.73000,0.788345
40307.74000,0.788242
40307.75000,0.788139
40307.76000,0.788036
40307.77000,0.787933
40307.78000,0.78783
40307.79000,0.787727
40307.80000,0.787624
40307.81000,0.787512
40307.82000,0.787398
40307.83000,0.787285
40307.84000,0.787171
40307.85000,0.787058
40307.86000,0.786944
40307.87000,0.786831
40307.88000,0.786717
40307.89000,0.786604
40307.90000,0.78649
40307.91000,0.786377
40307.92000,0.786263
40307.93000,0.78615
40307.94000,0.786036
40307.95000,0.785923
40307.96000,0.78581
40307.97000,0.785696
40307.98000,0.785583
40307.99000,0.785469
40308.00000,0.785356
40308.01000,0.785242
40308.02000,0.785129
40308.03000,0.785015
40308.04000,0.784902
40308.05000,0.784788
40308.06000,0.784675
40308.07000,0.784561
40308.08000,0.784448
40308.09000,0.784334
40308.10000,0.784221
40308.11000,0.784107
40308.12000,0.783994
40308.13000,0.78388
40308.14000,0.783767
40308.15000,0.783653
40308.16000,0.78354
40308.17000,0.783427
40308.18000,0.783313
40308.19000,0.7832
40308.20000,0.783086
40308.21000,0.782973
40308.22000,0.782859
40308.23000,0.782575
40308.24000,0.782237
40308.25000,0.781899
40308.26000,0.781561
40308.27000,0.781224
40308.28000,0.780886
40308.29000,0.780548
40308.30000,0.78021
40308.31000,0.779872
40308.32000,0.779535
40308.33000,0.779197
40308.34000,0.778859
40308.35000,0.778521
40308.36000,0.778183
40308.37000,0.777846
40308.38000,0.777508
40308.39000,0.77717
40308.40000,0.776832
40308.41000,0.776494
40308.42000,0.776157
40308.43000,0.775819
40308.44000,0.775481
40308.45000,0.775143
40308.46000,0.774805
40308.47000,0.774468
40308.48000,0.77413
40308.49000,0.773792
40308.50000,0.773454
40308.51000,0.773116
40308.52000,0.772779
40308.53000,0.772441
40308.54000,0.772103
40308.55000,0.771765
40308.56000,0.771427
40308.57000,0.771089
40308.58000,0.770752
40308.59000,0.770414
40308.60000,0.770076
40308.61000,0.769738
40308.62000,0.7694
40308.63000,0.769063
40308.64000,0.768725
40308.65000,0.76854
40308.66000,0.768448
40308.67000,0.768356
40308.68000,0.768264
40308.69000,0.768172
40308.70000,0.768081
40308.71000,0.767989
40308.72000,0.767897
40308.73000,0.767805
40308.74000,0.767713
40308.75000,0.767621
40308.76000,0.767529
40308.77000,0.767438
40308.78000,0.767346
40308.79000,0.767254
40308.80000,0.767162
40308.81000,0.76707
40308.82000,0.766978
40308.83000,0.766886
40308.84000,0.766795
40308.85000,0.766703
40308.86000,0.766611
40308.87000,0.766519
40308.88000,0.766427
40308.89000,0.766335
40308.90000,0.766243
40308.91000,0.766152
40308.92000,0.76606
40308.93000,0.765968
40308.94000,0.765876
40308.95000,0.765784
40308.96000,0.765692
40308.97000,0.7656
40308.98000,0.765508
40308.99000,0.765417
40309.00000,0.765325
40309.01000,0.765233
40309.02000,0.765141
40309.03000,0.765049
40309.04000,0.764957
40309.05000,0.764865
40309.06000,0.764774
40309.07000,0.764721
40309.08000,0.76471
40309.09000,0.764699
40309.10000,0.764688
40309.11000,0.764677
40309.12000,0.764666
40309.13000,0.764655
40309.14000,0.764644
40309.15000,0.764633
40309.16000,0.764622
40309.17000,0.764611
40309.18000,0.7646
40309.19000,0.764589
40309.20000,0.764578
40309.21000,0.764567
40309.22000,0.764556
40309.23000,0.764545
40309.24000,0.764534
40309.25000,0.764523
40309.26000,0.764512
40309.27000,0.764501
40309.28000,0.764489
40309.29000,0.764478
40309.30000,0.764467
40309.31000,0.764456
40309.32000,0.764445
40309.33000,0.764434
40309.34000,0.764423
40309.35000,0.764412
40309.36000,0.764401
40309.37000,0.76439
40309.38000,0.764379
40309.39000,0.764368
40309.40000,0.764357
40309.41000,0.764346
40309.42000,0.764335
40309.43000,0.764324
40309.44000,0.764313
40309.45000,0.763922
40309.46000,0.763581
40309.47000,0.76333
40309.48000,0.763229
40309.49000,0.763475
40309.50000,0.764249
40309.51000,0.765731
40309.52000,0.768071
40309.53000,0.771262
40309.54000,0.775295
40309.55000,0.780144
40309.56000,0.785768
40309.57000,0.791308
40309.58000,0.796147
40309.59000,0.799981
40309.60000,0.802658
40309.61000,0.805275
40309.62000,0.805256
40309.63000,0.805237
40309.64000,0.805218
40309.65000,0.805199
40309.66000,0.80518
40309.67000,0.805161
40309.68000,0.805142
40309.69000,0.805124
40309.70000,0.805105
40309.71000,0.805086
40309.72000,0.805048
40309.73000,0.80501
40309.74000,0.804972
40309.75000,0.804934
40309.76000,0.804896
40309.77000,0.804858
40309.78000,0.804821
40309.79000,0.804783
40309.80000,0.804745
40309.81000,0.804707
40309.82000,0.804669
40309.83000,0.804631
40309.84000,0.804593
40309.85000,0.804515
40309.86000,0.804416
40309.87000,0.804318
40309.88000,0.804219
40309.89000,0.804121
40309.90000,0.804022
40309.91000,0.803924
40309.92000,0.803825
40309.93000,0.803727
40309.94000,0.803628
40309.95000,0.80353
40309.96000,0.803431
40309.97000,0.803333
40309.98000,0.803234
40309.99000,0.803136
40310.00000,0.803037
40310.01000,0.802939
40310.02000,0.80284
40310.03000,0.802701
40310.04000,0.802557
40310.05000,0.802412
40310.06000,0.802268
40310.07000,0.802124
40310.08000,0.80198
40310.09000,0.801835
40310.10000,0.801691
40310.11000,0.801547
40310.12000,0.801403
40310.13000,0.801258
40310.14000,0.801114
40310.15000,0.80097
40310.16000,0.800825
40310.17000,0.800681
40310.18000,0.800537
40310.19000,0.800393
40310.20000,0.800248
40310.21000,0.800104
40310.22000,0.79996
40310.23000,0.799816
40310.24000,0.799671
40310.25000,0.799527
40310.26000,0.79933
40310.27000,0.798903
40310.28000,0.798476
40310.29000,0.798049
40310.30000,0.797621
40310.31000,0.797194
40310.32000,0.796767
40310.33000,0.79634
40310.34000,0.795912
40310.35000,0.795485
40310.36000,0.795058
40310.37000,0.794631
40310.38000,0.794204
40310.39000,0.793776
40310.40000,0.793349
40310.41000,0.792922
40310.42000,0.792495
40310.43000,0.792067
40310.44000,0.79164
40310.45000,0.791213
40310.46000,0.790786
40310.47000,0.790359
40310.48000,0.789931
40310.49000,0.789504
40310.50000,0.789197
40310.51000,0.789019
40310.52000,0.788842
40310.53000,0.788664
40310.54000,0.788486
40310.55000,0.788308
40310.56000,0.788131
40310.57000,0.787953
40310.58000,0.787775
40310.59000,0.787598
40310.60000,0.78742
40310.61000,0.787242
40310.62000,0.787064
40310.63000,0.786887
40310.64000,0.786709
40310.65000,0.786531
40310.66000,0.786354
40310.67000,0.786176
40310.68000,0.785998
40310.69000,0.78582
40310.70000,0.785643
40310.71000,0.785465
40310.72000,0.785287
40310.73000,0.78511
40310.74000,0.784992
40310.75000,0.784892
40310.76000,0.784792
40310.77000,0.784692
40310.78000,0.784592
40310.79000,0.784492
40310.80000,0.784392
40310.81000,0.784292
40310.82000,0.784192
40310.83000,0.784092
40310.84000,0.783992
40310.85000,0.783892
40310.86000,0.783792
40310.87000,0.783691
40310.88000,0.783591
40310.89000,0.783491
40310.90000,0.783391
40310.91000,0.783291
40310.92000,0.783191
40310.93000,0.783091
40310.94000,0.782991
40310.95000,0.782891
40310.96000,0.782791
40310.97000,0.782691
40310.98000,0.782589
40310.99000,0.782488
40311.00000,0.782386
40311.01000,0.782285
40311.02000,0.782183
40311.03000,0.782082
40311.04000,0.78198
40311.05000,0.781879
40311.06000,0.781777
40311.07000,0.781676
40311.08000,0.781574
40311.09000,0.781473
40311.10000,0.781371
40311.11000,0.78127
40311.12000,0.781168
40311.13000,0.781067
40311.14000,0.780965
40311.15000,0.780864
40311.16000,0.780762
40311.17000,0.780661
40311.18000,0.780559
40311.19000,0.780458
40311.20000,0.780356
40311.21000,0.78014
40311.22000,0.779727
40311.23000,0.779315
40311.24000,0.778902
40311.25000,0.77849
40311.26000,0.778078
40311.27000,0.777665
40311.28000,0.777253
40311.29000,0.77684
40311.30000,0.776428
40311.31000,0.776015
40311.32000,0.775603
40311.33000,0.775191
40311.34000,0.774778
40311.35000,0.774366
40311.36000,0.773953
40311.37000,0.773541
40311.38000,0.773129
40311.39000,0.772716
40311.40000,0.772304
40311.41000,0.771891
40311.42000,0.771479
40311.43000,0.771066
40311.44000,0.770654
40311.45000,0.770278
40311.46000,0.769921
40311.47000,0.769564
40311.48000,0.769206
40311.49000,0.768849
40311.50000,0.768492
40311.51000,0.768134
40311.52000,0.767777
40311.53000,0.76742
40311.54000,0.767062
40311.55000,0.766705
40311.56000,0.766348
40311.57000,0.76599
40311.58000,0.765633
40311.59000,0.765276
40311.60000,0.764918
40311.61000,0.764561
40311.62000,0.764204
40311.63000,0.763846
40311.64000,0.763489
40311.65000,0.763132
40311.66000,0.762774
40311.67000,0.762417
40311.68000,0.76206
40311.69000,0.761915
40311.70000,0.761777
40311.71000,0.76164
40311.72000,0.761503
40311.73000,0.761366
40311.74000,0.761229
40311.75000,0.761092
40311.76000,0.760955
40311.77000,0.760818
40311.78000,0.760681
40311.79000,0.760544
40311.80000,0.760407
40311.81000,0.76027
40311.82000,0.760133
40311.83000,0.759996
40311.84000,0.759859
40311.85000,0.759722
40311.86000,0.759584
40311.87000,0.759447
40311.88000,0.75931
40311.89000,0.759173
40311.90000,0.759036
40311.91000,0.758899
40311.92000,0.758762
40311.93000,0.758625
40311.94000,0.758488
40311.95000,0.758351
40311.96000,0.758214
40311.97000,0.758077
40311.98000,0.75794
40311.99000,0.757803
40312.00000,0.757625
40312.01000,0.757373
40312.02000,0.757121
40312.03000,0.756869
40312.04000,0.756617
40312.05000,0.756365
40312.06000,0.756114
40312.07000,0.755862
40312.08000,0.75561
40312.09000,0.755358
40312.10000,0.755106
40312.11000,0.754854
40312.12000,0.754603
40312.13000,0.754351
40312.14000,0.754099
40312.15000,0.753847
40312.16000,0.753595
40312.17000,0.753343
40312.18000,0.753092
40312.19000,0.75284
40312.20000,0.752588
40312.21000,0.752336
40312.22000,0.752084
40312.23000,0.751832
40312.24000,0.751581
40312.25000,0.751329
40312.26000,0.751077
40312.27000,0.750825
40312.28000,0.750573
40312.29000,0.750321
40312.30000,0.75007
40312.31000,0.749818
40312.32000,0.749566
40312.33000,0.749314
40312.34000,0.749062
40312.35000,0.748811
40312.36000,0.748559
40312.37000,0.748307
40312.38000,0.748055
40312.39000,0.747803
40312.40000,0.747551
40312.41000,0.7473
40312.42000,0.747101
40312.43000,0.747095
40312.44000,0.747089
40312.45000,0.747082
40312.46000,0.747076
40312.47000,0.74707
40312.48000,0.747064
40312.49000,0.747057
40312.50000,0.747051
40312.51000,0.747045
40312.52000,0.747038
40312.53000,0.747032
40312.54000,0.747026
40312.55000,0.747019
40312.56000,0.747013
40312.57000,0.747007
40312.58000,0.747001
40312.59000,0.746994
40312.60000,0.746988
40312.61000,0.746982
40312.62000,0.746975
40312.63000,0.746969
40312.64000,0.746963
40312.65000,0.746957
40312.66000,0.74695
40312.67000,0.746944
40312.68000,0.746938
40312.69000,0.746931
40312.70000,0.747545
40312.71000,0.749943
40312.72000,0.755125
40312.73000,0.763522
40312.74000,0.772157
40312.75000,0.77975
40312.76000,0.785576
40312.77000,0.789304
40312.78000,0.792283
40312.79000,0.795029
40312.80000,0.79783
40312.81000,0.800901
40312.82000,0.803897
40312.83000,0.806554
40312.84000,0.808745
40312.85000,0.810397
40312.86000,0.813869
40312.87000,0.813943
40312.88000,0.814018
40312.89000,0.814093
40312.90000,0.814167
40312.91000,0.814242
40312.92000,0.814317
40312.93000,0.814391
40312.94000,0.814466
40312.95000,0.814541
40312.96000,0.814615
40312.97000,0.814559
40312.98000,0.814503
40312.99000,0.814447
40313.00000,0.814392
40313.01000,0.814336
40313.02000,0.81428
40313.03000,0.814224
40313.04000,0.814168
40313.05000,0.814112
40313.06000,0.814056
40313.07000,0.814
40313.08000,0.813944
40313.09000,0.813888
40313.10000,0.813729
40313.11000,0.813519
40313.12000,0.813308
40313.13000,0.813097
40313.14000,0.812887
40313.15000,0.812676
40313.16000,0.812465
40313.17000,0.812255
40313.18000,0.812044
40313.19000,0.811834
40313.20000,0.811623
40313.21000,0.811412
40313.22000,0.811202
40313.23000,0.810991
40313.24000,0.81078
40313.25000,0.81057
40313.26000,0.810359
40313.27000,0.810149
40313.28000,0.809738
40313.29000,0.809302
40313.30000,0.808866
40313.31000,0.80843
40313.32000,0.807994
40313.33000,0.807559
40313.34000,0.807123
40313.35000,0.806687
40313.36000,0.806251
40313.37000,0.805815
40313.38000,0.805379
40313.39000,0.804944
40313.40000,0.804508
40313.41000,0.804072
40313.42000,0.803636
40313.43000,0.8032
40313.44000,0.802764
40313.45000,0.802329
40313.46000,0.801893
40313.47000,0.801457
40313.48000,0.801021
40313.49000,0.800585
40313.50000,0.800149
40313.51000,0.799764
40313.52000,0.799601
40313.53000,0.799437
40313.54000,0.799274
40313.55000,0.79911
40313.56000,0.798947
40313.57000,0.798783
40313.58000,0.79862
40313.59000,0.798456
40313.60000,0.798293
40313.61000,0.798129
40313.62000,0.797966
40313.63000,0.797802
40313.64000,0.797639
40313.65000,0.797475
40313.66000,0.797312
40313.67000,0.797148
40313.68000,0.796985
40313.69000,0.796821
40313.70000,0.796658
40313.71000,0.796494
40313.72000,0.796331
40313.73000,0.796167
40313.74000,0.796004
40313.75000,0.795871
40313.76000,0.795773
40313.77000,0.795675
40313.78000,0.795576
40313.79000,0.795478
40313.80000,0.795379
40313.81000,0.795281
40313.82000,0.795182
40313.83000,0.795084
40313.84000,0.794986
40313.85000,0.794887
40313.86000,0.794789
40313.87000,0.79469
40313.88000,0.794592
40313.89000,0.794493
40313.90000,0.794395
40313.91000,0.794296
40313.92000,0.794198
40313.93000,0.7941
40313.94000,0.794001
40313.95000,0.793903
40313.96000,0.793804
40313.97000,0.793706
40313.98000,0.793607
40313.99000,0.793472
40314.00000,0.793325
40314.01000,0.793179
40314.02000,0.793033
40314.03000,0.792887
40314.04000,0.79274
40314.05000,0.792594
40314.06000,0.792448
40314.07000,0.792302
40314.08000,0.792156
40314.09000,0.792009
40314.10000,0.791863
40314.11000,0.791717
40314.12000,0.791571
40314.13000,0.791424
40314.14000,0.791278
40314.15000,0.791132
40314.16000,0.790986
40314.17000,0.790839
40314.18000,0.790693
40314.19000,0.790547
40314.20000,0.790401
40314.21000,0.790254
40314.22000,0.790077
40314.23000,0.789507
40314.24000,0.788936
40314.25000,0.788366
40314.26000,0.787796
40314.27000,0.787226
40314.28000,0.786656
40314.29000,0.786086
40314.30000,0.785516
40314.31000,0.784946
40314.32000,0.784376
40314.33000,0.783806
40314.34000,0.783236
40314.35000,0.782666
40314.36000,0.782095
40314.37000,0.781525
40314.38000,0.780955
40314.39000,0.780385
40314.40000,0.779815
40314.41000,0.779245
40314.42000,0.778675
40314.43000,0.778105
40314.44000,0.777535
40314.45000,0.776965
40314.46000,0.776395
40314.47000,0.775825
40314.48000,0.775254
40314.49000,0.774684
40314.50000,0.774114
40314.51000,0.773544
40314.52000,0.772974
40314.53000,0.772404
40314.54000,0.772079
40314.55000,0.772033
40314.56000,0.771986
40314.57000,0.771939
40314.58000,0.771892
40314.59000,0.771845
40314.60000,0.771798
40314.61000,0.771752
40314.62000,0.771705
40314.63000,0.771658
40314.64000,0.771611
40314.65000,0.771564
40314.66000,0.771517
40314.67000,0.771471
40314.68000,0.771424
40314.69000,0.771377
40314.70000,0.77133
40314.71000,0.771283
40314.72000,0.771236
40314.73000,0.771189
40314.74000,0.771143
40314.75000,0.771096
40314.76000,0.771049
40314.77000,0.771002
40314.78000,0.770955
40314.79000,0.770908
40314.80000,0.770862
40314.81000,0.770815
40314.82000,0.770768
40314.83000,0.770721
40314.84000,0.770674
40314.85000,0.770627
40314.86000,0.770581
40314.87000,0.770534
40314.88000,0.770487
40314.89000,0.77044
40314.90000,0.770393
40314.91000,0.770346
40314.92000,0.770299
40314.93000,0.770253
40314.94000,0.770206
40314.95000,0.770159
40314.96000,0.770126
40314.97000,0.770121
40314.98000,0.770116
40314.99000,0.770112
40315.00000,0.770107
40315.01000,0.770102
40315.02000,0.770097
40315.03000,0.770092
40315.04000,0.770087
40315.05000,0.770083
40315.06000,0.770078
40315.07000,0.770073
40315.08000,0.770068
40315.09000,0.770063
40315.10000,0.770059
40315.11000,0.770054
40315.12000,0.770049
40315.13000,0.770044
40315.14000,0.770039
40315.15000,0.770035
40315.16000,0.769975
40315.17000,0.769979
40315.18000,0.770086
40315.19000,0.770345
40315.20000,0.770806
40315.21000,0.771518
40315.22000,0.772512
40315.23000,0.773796
40315.24000,0.77511
40315.25000,0.77632
40315.26000,0.777321
40315.27000,0.778043
40315.28000,0.779049
40315.29000,0.779045
40315.30000,0.77904
40315.31000,0.779036
40315.32000,0.779031
40315.33000,0.779027
40315.34000,0.779023
40315.35000,0.779018
40315.36000,0.779014
40315.37000,0.779009
40315.38000,0.779005
40315.39000,0.779
40315.40000,0.778996
40315.41000,0.77914
40315.42000,0.779624
40315.43000,0.780608
40315.44000,0.78225
40315.45000,0.784687
40315.46000,0.788018
40315.47000,0.792307
40315.48000,0.797532
40315.49000,0.80305
40315.50000,0.808573
40315.51000,0.813898
40315.52000,0.818897
40315.53000,0.823377
40315.54000,0.82724
40315.55000,0.830438
40315.56000,0.83295
40315.57000,0.835005
40315.58000,0.836764
40315.59000,0.838309
40315.60000,0.839699
40315.61000,0.840921
40315.62000,0.841946
40315.63000,0.842769
40315.64000,0.843387
40315.65000,0.844122
40315.66000,0.844173
40315.67000,0.844224
40315.68000,0.844275
40315.69000,0.844326
40315.70000,0.844635
40315.71000,0.845128
40315.72000,0.845888
40315.73000,0.847013
40315.74000,0.848761
40315.75000,0.851321
40315.76000,0.854848
40315.77000,0.859463
40315.78000,0.865463
40315.79000,0.873012
40315.80000,0.882176
40315.81000,0.892974
40315.82000,0.904205
40315.83000,0.915031
40315.84000,0.92507
40315.85000,0.934105
40315.86000,0.942172
40315.87000,0.949361
40315.88000,0.955709
40315.89000,0.961245
40315.90000,0.965946
40315.91000,0.969763
40315.92000,0.972699
40315.93000,0.97478
40315.94000,0.975379
40315.95000,0.975074
40315.96000,0.974768
40315.97000,0.974462
40315.98000,0.974157
40315.99000,0.973851
40316.00000,0.973546
40316.01000,0.97324
40316.02000,0.972935
40316.03000,0.972629
40316.04000,0.972323
40316.05000,0.972208
40316.06000,0.972092
40316.07000,0.971976
40316.08000,0.971861
40316.09000,0.971745
40316.10000,0.97163
40316.11000,0.971514
40316.12000,0.971398
40316.13000,0.971283
40316.14000,0.971167
40316.15000,0.971051
40316.16000,0.970936
40316.17000,0.97082
40316.18000,0.970747
40316.19000,0.970695
40316.20000,0.970643
40316.21000,0.970591
40316.22000,0.970539
40316.23000,0.970487
40316.24000,0.970218
40316.25000,0.969998
40316.26000,0.969851
40316.27000,0.969806
40316.28000,0.970192
40316.29000,0.971311
40316.30000,0.973459
40316.31000,0.976879
40316.32000,0.981138
40316.33000,0.985834
40316.34000,0.990706
40316.35000,0.995569
40316.36000,0.99998
40316.37000,1.00354
40316.38000,1.00608
40316.39000,1.00757
40316.40000,1.00125
40316.41000,1.00015
40316.42000,0.999058
40316.43000,0.997962
40316.44000,0.996866
40316.45000,0.99577
40316.46000,0.994674
40316.47000,0.993578
40316.48000,0.992482
40316.49000,0.991386
40316.50000,0.99029
40316.51000,0.989421
40316.52000,0.988551
40316.53000,0.987682
40316.54000,0.986812
40316.55000,0.985943
40316.56000,0.985073
40316.57000,0.984204
40316.58000,0.983334
40316.59000,0.982465
40316.60000,0.981595
40316.61000,0.980726
40316.62000,0.979856
40316.63000,0.978987
40316.64000,0.97839
40316.65000,0.97793
40316.66000,0.97747
40316.67000,0.97701
40316.68000,0.97655
40316.69000,0.97609
40316.70000,0.97563
40316.71000,0.97517
40316.72000,0.97471
40316.73000,0.97425
40316.74000,0.97379
40316.75000,0.97333
40316.76000,0.97287
40316.77000,0.97241
40316.78000,0.97195
40316.79000,0.971491
40316.80000,0.971031
40316.81000,0.970571
40316.82000,0.9702
40316.83000,0.96984
40316.84000,0.96948
40316.85000,0.96912
40316.86000,0.96876
40316.87000,0.9684
40316.88000,0.96804
40316.89000,0.96768
40316.90000,0.96732
40316.91000,0.96696
40316.92000,0.9666
40316.93000,0.96624
40316.94000,0.965881
40316.95000,0.965521
40316.96000,0.965161
40316.97000,0.964801
40316.98000,0.964441
40316.99000,0.964081
40317.00000,0.963721
40317.01000,0.963361
40317.02000,0.963001
40317.03000,0.962641
40317.04000,0.962281
40317.05000,0.961892
40317.06000,0.961374
40317.07000,0.960856
40317.08000,0.960338
40317.09000,0.959819
40317.10000,0.959301
40317.11000,0.958783
40317.12000,0.958265
40317.13000,0.957747
40317.14000,0.957229
40317.15000,0.95671
40317.16000,0.956192
40317.17000,0.955674
40317.18000,0.955156
40317.19000,0.954638
40317.20000,0.95412
40317.21000,0.953601
40317.22000,0.953083
40317.23000,0.952565
40317.24000,0.952047
40317.25000,0.951529
40317.26000,0.951011
40317.27000,0.950492
40317.28000,0.949974
40317.29000,0.949456
40317.30000,0.948938
40317.31000,0.94842
40317.32000,0.947902
40317.33000,0.947383
40317.34000,0.946865
40317.35000,0.946347
40317.36000,0.945829
40317.37000,0.945528
40317.38000,0.945383
40317.39000,0.945239
40317.40000,0.945094
40317.41000,0.94495
40317.42000,0.944806
40317.43000,0.944661
40317.44000,0.944517
40317.45000,0.944372
40317.46000,0.944228
40317.47000,0.944084
40317.48000,0.943939
40317.49000,0.943795
40317.50000,0.943651
40317.51000,0.943506
40317.52000,0.943362
40317.53000,0.943217
40317.54000,0.943073
40317.55000,0.942929
40317.56000,0.942784
40317.57000,0.94264
40317.58000,0.942495
40317.59000,0.942351
40317.60000,0.942207
40317.61000,0.942062
40317.62000,0.941918
40317.63000,0.941773
40317.64000,0.941629
40317.65000,0.941485
40317.66000,0.94134
40317.67000,0.941196
40317.68000,0.941052
40317.69000,0.940907
40317.70000,0.940763
40317.71000,0.940618
40317.72000,0.940474
40317.73000,0.94033
40317.74000,0.940185
40317.75000,0.940041
40317.76000,0.939896
40317.77000,0.939752
40317.78000,0.939608
40317.79000,0.939474
40317.80000,0.939353
40317.81000,0.939232
40317.82000,0.939111
40317.83000,0.93899
40317.84000,0.938869
40317.85000,0.938748
40317.86000,0.938627
40317.87000,0.938506
40317.88000,0.938385
40317.89000,0.938264
40317.90000,0.938143
40317.91000,0.938022
40317.92000,0.937901
40317.93000,0.93778
40317.94000,0.937659
40317.95000,0.937538
40317.96000,0.937417
40317.97000,0.937296
40317.98000,0.937175
40317.99000,0.937054
40318.00000,0.936933
40318.01000,0.936812
40318.02000,0.936691
40318.03000,0.93657
40318.04000,0.936449
40318.05000,0.936328
40318.06000,0.936207
40318.07000,0.936086
40318.08000,0.935965
40318.09000,0.935844
40318.10000,0.935723
40318.11000,0.935602
40318.12000,0.935481
40318.13000,0.93536
40318.14000,0.935239
40318.15000,0.935118
40318.16000,0.934997
40318.17000,0.934876
40318.18000,0.934755
40318.19000,0.934634
40318.20000,0.934514
40318.21000,0.934323
40318.22000,0.93397
40318.23000,0.933617
40318.24000,0.933264
40318.25000,0.932911
40318.26000,0.932558
40318.27000,0.932205
40318.28000,0.931852
40318.29000,0.931499
40318.30000,0.931146
40318.31000,0.930793
40318.32000,0.930439
40318.33000,0.930086
40318.34000,0.929733
40318.35000,0.92938
40318.36000,0.929027
40318.37000,0.928674
40318.38000,0.928321
40318.39000,0.927968
40318.40000,0.927615
40318.41000,0.927262
40318.42000,0.926909
40318.43000,0.926556
40318.44000,0.926203
40318.45000,0.92585
40318.46000,0.925497
40318.47000,0.925144
40318.48000,0.924791
40318.49000,0.924438
40318.50000,0.924085
40318.51000,0.923732
40318.52000,0.923379
40318.53000,0.923026
40318.54000,0.922673
40318.55000,0.92232
40318.56000,0.921967
40318.57000,0.921614
40318.58000,0.921261
40318.59000,0.920908
40318.60000,0.920555
40318.61000,0.920202
40318.62000,0.919849
40318.63000,0.919536
40318.64000,0.919437
40318.65000,0.919338
40318.66000,0.919238
40318.67000,0.919139
40318.68000,0.91904
40318.69000,0.918941
40318.70000,0.918841
40318.71000,0.918742
40318.72000,0.918643
40318.73000,0.918544
40318.74000,0.918444
40318.75000,0.918345
40318.76000,0.918246
40318.77000,0.918146
40318.78000,0.918047
40318.79000,0.917948
40318.80000,0.917849
40318.81000,0.917749
40318.82000,0.91765
40318.83000,0.917551
40318.84000,0.917452
40318.85000,0.917352
40318.86000,0.917253
40318.87000,0.917154
40318.88000,0.917054
40318.89000,0.916955
40318.90000,0.916856
40318.91000,0.916757
40318.92000,0.916657
40318.93000,0.916558
40318.94000,0.916459
40318.95000,0.91636
40318.96000,0.91626
40318.97000,0.916161
40318.98000,0.916062
40318.99000,0.915962
40319.00000,0.915863
40319.01000,0.915764
40319.02000,0.915665
40319.03000,0.915565
40319.04000,0.915466
40319.05000,0.915358
40319.06000,0.914843
40319.07000,0.914328
40319.08000,0.913812
40319.09000,0.913297
40319.10000,0.912782
40319.11000,0.912266
40319.12000,0.911751
40319.13000,0.911236
40319.14000,0.91072
40319.15000,0.910205
40319.16000,0.90969
40319.17000,0.909174
40319.18000,0.908659
40319.19000,0.908144
40319.20000,0.907629
40319.21000,0.907113
40319.22000,0.906598
40319.23000,0.906083
40319.24000,0.905567
40319.25000,0.905052
40319.26000,0.904537
40319.27000,0.904021
40319.28000,0.903506
40319.29000,0.902991
40319.30000,0.902475
40319.31000,0.90196
40319.32000,0.901445
40319.33000,0.900929
40319.34000,0.900414
40319.35000,0.899899
40319.36000,0.899384
40319.37000,0.898868
40319.38000,0.898353
40319.39000,0.897838
40319.40000,0.897322
40319.41000,0.896807
40319.42000,0.896292
40319.43000,0.895776
40319.44000,0.895261
40319.45000,0.894746
40319.46000,0.89423
40319.47000,0.893715
40319.48000,0.893587
40319.49000,0.893512
40319.50000,0.893437
40319.51000,0.893362
40319.52000,0.893287
40319.53000,0.893212
40319.54000,0.893137
40319.55000,0.893062
40319.56000,0.892987
40319.57000,0.892911
40319.58000,0.892836
40319.59000,0.892761
40319.60000,0.892686
40319.61000,0.892611
40319.62000,0.892536
40319.63000,0.892461
40319.64000,0.892386
40319.65000,0.892311
40319.66000,0.892235
40319.67000,0.89216
40319.68000,0.892085
40319.69000,0.89201
40319.70000,0.891935
40319.71000,0.89186
40319.72000,0.891785
40319.73000,0.89171
40319.74000,0.891634
40319.75000,0.891559
40319.76000,0.891484
40319.77000,0.891409
40319.78000,0.891334
40319.79000,0.891259
40319.80000,0.891184
40319.81000,0.891109
40319.82000,0.891034
40319.83000,0.890958
40319.84000,0.890883
40319.85000,0.890808
40319.86000,0.890733
40319.87000,0.890658
40319.88000,0.890583
40319.89000,0.890508
40319.90000,0.890433
40319.91000,0.890358
40319.92000,0.890282
40319.93000,0.890207
40319.94000,0.890132
40319.95000,0.890057
40319.96000,0.889982
40319.97000,0.889907
40319.98000,0.88968
40319.99000,0.889433
40320.00000,0.889186
40320.01000,0.888938
40320.02000,0.888691
40320.03000,0.888444
40320.04000,0.888197
40320.05000,0.887949
40320.06000,0.887702
40320.07000,0.887455
40320.08000,0.887208
40320.09000,0.88696
40320.10000,0.886713
40320.11000,0.886466
40320.12000,0.886219
40320.13000,0.885971
40320.14000,0.885724
40320.15000,0.885477
40320.16000,0.88523
40320.17000,0.884982
40320.18000,0.884735
40320.19000,0.884488
40320.20000,0.884241
40320.21000,0.883993
40320.22000,0.883746
40320.23000,0.883499
40320.24000,0.883252
40320.25000,0.883004
40320.26000,0.882757
40320.27000,0.88251
40320.28000,0.882263
40320.29000,0.882015
40320.30000,0.881768
40320.31000,0.881521
40320.32000,0.881274
40320.33000,0.881026
40320.34000,0.880779
40320.35000,0.880622
40320.36000,0.880612
40320.37000,0.880602
40320.38000,0.880593
40320.39000,0.880583
40320.40000,0.880573
40320.41000,0.880563
40320.42000,0.880553
40320.43000,0.880543
40320.44000,0.880533
40320.45000,0.880523
40320.46000,0.880513
40320.47000,0.880504
40320.48000,0.880494
40320.49000,0.880484
40320.50000,0.880474
40320.51000,0.880464
40320.52000,0.880454
40320.53000,0.880444
40320.54000,0.880434
40320.55000,0.880425
40320.56000,0.880415
40320.57000,0.880405
40320.58000,0.880395
40320.59000,0.880385
40320.60000,0.880375
40320.61000,0.880365
40320.62000,0.880355
40320.63000,0.880345
40320.64000,0.880336
40320.65000,0.880326
40320.66000,0.880114
40320.67000,0.880065
40320.68000,0.880277
40320.69000,0.880838
40320.70000,0.88177
40320.71000,0.883097
40320.72000,0.884827
40320.73000,0.886923
40320.74000,0.888997
40320.75000,0.89086
40320.76000,0.892384
40320.77000,0.893491
40320.78000,0.896135
40320.79000,0.896198
40320.80000,0.896262
40320.81000,0.896325
40320.82000,0.896388
40320.83000,0.896451
40320.84000,0.896514
40320.85000,0.896577
40320.86000,0.89664
40320.87000,0.896703
40320.88000,0.896766
40320.89000,0.896782
40320.90000,0.896798
40320.91000,0.896814
40320.92000,0.89683
40320.93000,0.896846
40320.94000,0.896862
40320.95000,0.896995
40320.96000,0.897195
40320.97000,0.897492
40320.98000,0.897909
40320.99000,0.898349
40321.00000,0.898767
40321.01000,0.899127
40321.02000,0.8994
40321.03000,0.902166
40321.04000,0.91054
40321.05000,0.926991
40321.06000,0.952399
40321.07000,0.980353
40321.08000,1.00661
40321.09000,1.02966
40321.10000,1.04894
40321.11000,1.06441
40321.12000,1.07626
40321.13000,1.0847
40321.14000,1.08998
40321.15000,1.09282
40321.16000,1.09412
40321.17000,1.09422
40321.18000,1.09336
40321.19000,1.09183
40321.20000,1.0902
40321.21000,1.0887
40321.22000,1.08747
40321.23000,1.08657
40321.24000,1.0855
40321.25000,1.08409
40321.26000,1.08225
40321.27000,1.07995
40321.28000,1.05719
40321.29000,1.05478
40321.30000,1.05236
40321.31000,1.04995
40321.32000,1.04753
40321.33000,1.04512
40321.34000,1.0427
40321.35000,1.04029
40321.36000,1.03787
40321.37000,1.03546
40321.38000,1.03304
40321.39000,1.03129
40321.40000,1.02953
40321.41000,1.02777
40321.42000,1.02601
40321.43000,1.02426
40321.44000,1.0225
40321.45000,1.02074
40321.46000,1.01898
40321.47000,1.01722
40321.48000,1.01547
40321.49000,1.01371
40321.50000,1.01195
40321.51000,1.01019
40321.52000,1.00956
40321.53000,1.0095
40321.54000,1.00943
40321.55000,1.00937
40321.56000,1.00931
40321.57000,1.00924
40321.58000,1.00918
40321.59000,1.00911
40321.60000,1.00905
40321.61000,1.00898
40321.62000,1.00892
40321.63000,1.00886
40321.64000,1.00879
40321.65000,1.00873
40321.66000,1.00866
40321.67000,1.0086
40321.68000,1.00854
40321.69000,1.00847
40321.70000,1.00742
40321.71000,1.00646
40321.72000,1.00563
40321.73000,1.00493
40321.74000,1.0043
40321.75000,1.00369
40321.76000,1.00307
40321.77000,1.00241
40321.78000,0.995807
40321.79000,0.99505
40321.80000,0.994293
40321.81000,0.993535
40321.82000,0.992778
40321.83000,0.992021
40321.84000,0.991264
40321.85000,0.990507
40321.86000,0.989749
40321.87000,0.988992
40321.88000,0.988235
40321.89000,0.987614
40321.90000,0.986992
40321.91000,0.986371
40321.92000,0.985749
40321.93000,0.985128
40321.94000,0.984507
40321.95000,0.983885
40321.96000,0.983264
40321.97000,0.982642
40321.98000,0.982021
40321.99000,0.981399
40322.00000,0.980778
40322.01000,0.980157
40322.02000,0.979624
40322.03000,0.979136
40322.04000,0.978649
40322.05000,0.978161
40322.06000,0.977673
40322.07000,0.977185
40322.08000,0.976697
40322.09000,0.976209
40322.10000,0.975721
40322.11000,0.975234
40322.12000,0.974746
40322.13000,0.974258
40322.14000,0.97377
40322.15000,0.973282
40322.16000,0.972794
40322.17000,0.972306
40322.18000,0.971819
40322.19000,0.971331
40322.20000,0.970664
40322.21000,0.969974
40322.22000,0.969285
40322.23000,0.968596
40322.24000,0.967906
40322.25000,0.967217
40322.26000,0.966528
40322.27000,0.965838
40322.28000,0.965149
40322.29000,0.96446
40322.30000,0.96377
40322.31000,0.963081
40322.32000,0.962391
40322.33000,0.961702
40322.34000,0.961013
40322.35000,0.960323
40322.36000,0.959634
40322.37000,0.958945
40322.38000,0.958255
40322.39000,0.957566
40322.40000,0.956877
40322.41000,0.956187
40322.42000,0.955498
40322.43000,0.954879
40322.44000,0.954573
40322.45000,0.954266
40322.46000,0.953959
40322.47000,0.953652
40322.48000,0.953345
40322.49000,0.953038
40322.50000,0.952731
40322.51000,0.952425
40322.52000,0.952118
40322.53000,0.951811
40322.54000,0.951504
40322.55000,0.951197
40322.56000,0.95089
40322.57000,0.950583
40322.58000,0.950277
40322.59000,0.94997
40322.60000,0.949663
40322.61000,0.949356
40322.62000,0.949049
40322.63000,0.948742
40322.64000,0.948436
40322.65000,0.948129
40322.66000,0.947822
40322.67000,0.947515
40322.68000,0.947208
40322.69000,0.946901
40322.70000,0.946594
40322.71000,0.946288
40322.72000,0.945981
40322.73000,0.945674
40322.74000,0.945367
40322.75000,0.945159
40322.76000,0.945023
40322.77000,0.944887
40322.78000,0.944751
40322.79000,0.944615
40322.80000,0.944479
40322.81000,0.944343
40322.82000,0.944207
40322.83000,0.944071
40322.84000,0.943935
40322.85000,0.943799
40322.86000,0.943663
40322.87000,0.943527
40322.88000,0.94339
40322.89000,0.943254
40322.90000,0.943118
40322.91000,0.942982
40322.92000,0.942846
40322.93000,0.94271
40322.94000,0.942574
40322.95000,0.942438
40322.96000,0.942302
40322.97000,0.942166
40322.98000,0.94203
40322.99000,0.941894
40323.00000,0.941758
40323.01000,0.941622
40323.02000,0.941486
40323.03000,0.94135
40323.04000,0.941214
40323.05000,0.941077
40323.06000,0.940941
40323.07000,0.940805
40323.08000,0.940669
40323.09000,0.940533
40323.10000,0.940397
40323.11000,0.940261
40323.12000,0.940125
40323.13000,0.939989
40323.14000,0.939853
40323.15000,0.939717
40323.16000,0.939581
40323.17000,0.939329
40323.18000,0.938931
40323.19000,0.938532
40323.20000,0.938133
40323.21000,0.937735
40323.22000,0.937336
40323.23000,0.936938
40323.24000,0.936539
40323.25000,0.936141
40323.26000,0.935742
40323.27000,0.935343
40323.28000,0.934945
40323.29000,0.934546
40323.30000,0.934148
40323.31000,0.933749
40323.32000,0.93335
40323.33000,0.932952
40323.34000,0.932553
40323.35000,0.932155
40323.36000,0.931756
40323.37000,0.931358
40323.38000,0.930959
40323.39000,0.93056
40323.40000,0.930162
40323.41000,0.929763
40323.42000,0.929365
40323.43000,0.928966
40323.44000,0.928568
40323.45000,0.928169
40323.46000,0.92777
40323.47000,0.927372
40323.48000,0.926973
40323.49000,0.926575
40323.50000,0.926176
40323.51000,0.925777
40323.52000,0.925379
40323.53000,0.92498
40323.54000,0.924582
40323.55000,0.924183
40323.56000,0.923785
40323.57000,0.923386
40323.58000,0.922987
40323.59000,0.922679
40323.60000,0.922579
40323.61000,0.922479
40323.62000,0.92238
40323.63000,0.92228
40323.64000,0.922181
40323.65000,0.922081
40323.66000,0.921981
40323.67000,0.921882
40323.68000,0.921782
40323.69000,0.921682
40323.70000,0.921583
40323.71000,0.921483
40323.72000,0.921384
40323.73000,0.921284
40323.74000,0.921184
40323.75000,0.921085
40323.76000,0.920985
40323.77000,0.920886
40323.78000,0.920786
40323.79000,0.920686
40323.80000,0.920587
40323.81000,0.920487
40323.82000,0.920388
40323.83000,0.920288
40323.84000,0.920188
40323.85000,0.920089
40323.86000,0.919989
40323.87000,0.919889
40323.88000,0.91979
40323.89000,0.91969
40323.90000,0.919591
40323.91000,0.919491
40323.92000,0.919391
40323.93000,0.919292
40323.94000,0.919192
40323.95000,0.919093
40323.96000,0.918993
40323.97000,0.918893
40323.98000,0.918794
40323.99000,0.918694
40324.00000,0.918594
40324.01000,0.918446
40324.02000,0.918039
40324.03000,0.917632
40324.04000,0.917225
40324.05000,0.916819
40324.06000,0.916412
40324.07000,0.916005
40324.08000,0.915599
40324.09000,0.915192
40324.10000,0.914785
40324.11000,0.914379
40324.12000,0.913972
40324.13000,0.913565
40324.14000,0.913158
40324.15000,0.912752
40324.16000,0.912345
40324.17000,0.911938
40324.18000,0.911532
40324.19000,0.911125
40324.20000,0.910718
40324.21000,0.910312
40324.22000,0.909905
40324.23000,0.909498
40324.24000,0.909092
40324.25000,0.908685
40324.26000,0.908278
40324.27000,0.907871
40324.28000,0.907465
40324.29000,0.907058
40324.30000,0.906651
40324.31000,0.906245
40324.32000,0.905838
40324.33000,0.905431
40324.34000,0.905025
40324.35000,0.904618
40324.36000,0.904211
40324.37000,0.903804
40324.38000,0.903398
40324.39000,0.902991
40324.40000,0.902584
40324.41000,0.902178
40324.42000,0.901771
40324.43000,0.901371
40324.44000,0.901271
40324.45000,0.901171
40324.46000,0.901071
40324.47000,0.900971
40324.48000,0.900871
40324.49000,0.900771
40324.50000,0.900671
40324.51000,0.900571
40324.52000,0.900471
40324.53000,0.900371
40324.54000,0.900272
40324.55000,0.900172
40324.56000,0.900072
40324.57000,0.899972
40324.58000,0.899872
40324.59000,0.899772
40324.60000,0.899672
40324.61000,0.899572
40324.62000,0.899472
40324.63000,0.899372
40324.64000,0.899272
40324.65000,0.899172
40324.66000,0.899073
40324.67000,0.898973
40324.68000,0.898873
40324.69000,0.898773
40324.70000,0.898673
40324.71000,0.898573
40324.72000,0.898473
40324.73000,0.898373
40324.74000,0.898273
40324.75000,0.898173
40324.76000,0.898073
40324.77000,0.897974
40324.78000,0.897874
40324.79000,0.897774
40324.80000,0.897674
40324.81000,0.897574
40324.82000,0.897474
40324.83000,0.897374
40324.84000,0.897274
40324.85000,0.897174
40324.86000,0.896997
40324.87000,0.896809
40324.88000,0.896621
40324.89000,0.896433
40324.90000,0.896246
40324.91000,0.896058
40324.92000,0.89587
40324.93000,0.895682
40324.94000,0.895494
40324.95000,0.895306
40324.96000,0.895119
40324.97000,0.894931
40324.98000,0.894743
40324.99000,0.894555
40325.00000,0.894367
40325.01000,0.894179
40325.02000,0.893992
40325.03000,0.893804
40325.04000,0.893616
40325.05000,0.893428
40325.06000,0.89324
40325.07000,0.893052
40325.08000,0.892865
40325.09000,0.892677
40325.10000,0.892489
40325.11000,0.892301
40325.12000,0.892113
40325.13000,0.891926
40325.14000,0.891738
40325.15000,0.89155
40325.16000,0.891362
40325.17000,0.891174
40325.18000,0.890986
40325.19000,0.890799
40325.20000,0.890611
40325.21000,0.890423
40325.22000,0.890235
40325.23000,0.890047
40325.24000,0.889859
40325.25000,0.889672
40325.26000,0.889484
40325.27000,0.889296
40325.28000,0.889173
40325.29000,0.889073
40325.30000,0.888973
40325.31000,0.888873
40325.32000,0.888773
40325.33000,0.888672
40325.34000,0.888572
40325.35000,0.888472
40325.36000,0.888372
40325.37000,0.888272
40325.38000,0.888172
40325.39000,0.888072
40325.40000,0.887972
40325.41000,0.887871
40325.42000,0.887771
40325.43000,0.887671
40325.44000,0.887571
40325.45000,0.887471
40325.46000,0.887371
40325.47000,0.887271
40325.48000,0.887171
40325.49000,0.88707
40325.50000,0.88697
40325.51000,0.88687
40325.52000,0.88677
40325.53000,0.88667
40325.54000,0.88657
40325.55000,0.88647
40325.56000,0.88637
40325.57000,0.886269
40325.58000,0.886169
40325.59000,0.886069
40325.60000,0.885969
40325.61000,0.885869
40325.62000,0.885769
40325.63000,0.885669
40325.64000,0.885569
40325.65000,0.885468
40325.66000,0.885368
40325.67000,0.885268
40325.68000,0.885168
40325.69000,0.885068
40325.70000,0.885026
40325.71000,0.885022
40325.72000,0.885019
40325.73000,0.885016
40325.74000,0.885012
40325.75000,0.885009
40325.76000,0.885005
40325.77000,0.885002
40325.78000,0.884998
40325.79000,0.884995
40325.80000,0.884991
40325.81000,0.884988
40325.82000,0.884984
40325.83000,0.884981
40325.84000,0.884977
40325.85000,0.884974
40325.86000,0.88497
40325.87000,0.885059
40325.88000,0.885439
40325.89000,0.88628
40325.90000,0.888351
40325.91000,0.893343
40325.92000,0.902549
40325.93000,0.916741
40325.94000,0.934595
40325.95000,0.950853
40325.96000,0.963877
40325.97000,0.97301
40325.98000,0.978332
40325.99000,0.98195
40326.00000,0.984438
40326.01000,0.986124
40326.02000,0.98721
40326.03000,0.988195
40326.04000,0.989334
40326.05000,0.990815
40326.06000,0.992798
40326.07000,0.994848
40326.08000,0.996623
40326.09000,0.99795
40326.10000,0.998734
40326.11000,0.995087
40326.12000,0.994424
40326.13000,0.993761
40326.14000,0.993099
40326.15000,0.992436
40326.16000,0.991773
40326.17000,0.991111
40326.18000,0.990448
40326.19000,0.989785
40326.20000,0.989123
40326.21000,0.98846
40326.22000,0.987651
40326.23000,0.986843
40326.24000,0.986034
40326.25000,0.985225
40326.26000,0.984416
40326.27000,0.983607
40326.28000,0.982799
40326.29000,0.98199
40326.30000,0.981181
40326.31000,0.980372
40326.32000,0.979563
40326.33000,0.978755
40326.34000,0.977946
40326.35000,0.977141
40326.36000,0.976339
40326.37000,0.975536
40326.38000,0.974733
40326.39000,0.973931
40326.40000,0.973128
40326.41000,0.972325
40326.42000,0.971523
40326.43000,0.97072
40326.44000,0.969917
40326.45000,0.969115
40326.46000,0.968312
40326.47000,0.96751
40326.48000,0.966707
40326.49000,0.965904
40326.50000,0.965102
40326.51000,0.964299
40326.52000,0.963496
40326.53000,0.963381
40326.54000,0.963351
40326.55000,0.963322
40326.56000,0.963292
40326.57000,0.963262
40326.58000,0.963233
40326.59000,0.963203
40326.60000,0.963174
40326.61000,0.963144
40326.62000,0.963114
40326.63000,0.963085
40326.64000,0.963055
40326.65000,0.963025
40326.66000,0.962996
40326.67000,0.962966
40326.68000,0.962936
40326.69000,0.962907
40326.70000,0.962877
40326.71000,0.962848
40326.72000,0.962818
40326.73000,0.962788
40326.74000,0.962759
40326.75000,0.962729
40326.76000,0.962683
40326.77000,0.962565
40326.78000,0.962447
40326.79000,0.962254
40326.80000,0.962142
40326.81000,0.962138
40326.82000,0.96367
40326.83000,0.96901
40326.84000,0.980023
40326.85000,0.99754
40326.86000,1.01677
40326.87000,1.03273
40326.88000,1.04399
40326.89000,1.05017
40326.90000,1.03798
40326.91000,1.03641
40326.92000,1.03483
40326.93000,1.03325
40326.94000,1.03167
40326.95000,1.03009
40326.96000,1.02851
40326.97000,1.02693
40326.98000,1.02535
40326.99000,1.02377
40327.00000,1.02219
40327.01000,1.02099
40327.02000,1.01978
40327.03000,1.01858
40327.04000,1.01737
40327.05000,1.01617
40327.06000,1.01496
40327.07000,1.01375
40327.08000,1.01255
40327.09000,1.01134
40327.10000,1.01014
40327.11000,1.00893
40327.12000,1.00772
40327.13000,1.00652
40327.14000,1.00558
40327.15000,1.00478
40327.16000,1.00398
40327.17000,1.00318
40327.18000,1.00238
40327.19000,1.00157
40327.20000,1.00077
40327.21000,0.999971
40327.22000,0.999169
40327.23000,0.998368
40327.24000,0.997566
40327.25000,0.996765
40327.26000,0.995963
40327.27000,0.995161
40327.28000,0.99436
40327.29000,0.993558
40327.30000,0.992756
40327.31000,0.991955
40327.32000,0.990996
40327.33000,0.990017
40327.34000,0.989038
40327.35000,0.98806
40327.36000,0.987081
40327.37000,0.986102
40327.38000,0.985124
40327.39000,0.984145
40327.40000,0.983166
40327.41000,0.982188
40327.42000,0.981209
40327.43000,0.98023
40327.44000,0.979251
40327.45000,0.978273
40327.46000,0.977294
40327.47000,0.976315
40327.48000,0.975337
40327.49000,0.97441
40327.50000,0.973904
40327.51000,0.973397
40327.52000,0.972891
40327.53000,0.972384
40327.54000,0.971878
40327.55000,0.971371
40327.56000,0.970865
40327.57000,0.970358
40327.58000,0.969852
40327.59000,0.969345
40327.60000,0.968838
40327.61000,0.968332
40327.62000,0.967825
40327.63000,0.967319
40327.64000,0.966812
40327.65000,0.966306
40327.66000,0.965799
40327.67000,0.965293
40327.68000,0.964786
40327.69000,0.964279
40327.70000,0.963773
40327.71000,0.963266
40327.72000,0.96276
40327.73000,0.962346
40327.74000,0.962067
40327.75000,0.961788
40327.76000,0.961509
40327.77000,0.961231
40327.78000,0.960952
40327.79000,0.960673
40327.80000,0.960394
40327.81000,0.960115
40327.82000,0.959836
40327.83000,0.959557
40327.84000,0.959278
40327.85000,0.959
40327.86000,0.958721
40327.87000,0.958442
40327.88000,0.958163
40327.89000,0.957884
40327.90000,0.957605
40327.91000,0.957326
40327.92000,0.957048
40327.93000,0.956769
40327.94000,0.95649
40327.95000,0.956211
40327.96000,0.955932
40327.97000,0.955653
40327.98000,0.955374
40327.99000,0.955096
40328.00000,0.954817
40328.01000,0.954538
40328.02000,0.954259
40328.03000,0.95398
40328.04000,0.953701
40328.05000,0.953284
40328.06000,0.952832
40328.07000,0.952381
40328.08000,0.951929
40328.09000,0.951477
40328.10000,0.951026
40328.11000,0.950574
40328.12000,0.950123
40328.13000,0.949671
40328.14000,0.94922
40328.15000,0.948768
40328.16000,0.948316
40328.17000,0.947865
40328.18000,0.947413
40328.19000,0.946962
40328.20000,0.94651
40328.21000,0.946059
40328.22000,0.945607
40328.23000,0.945155
40328.24000,0.944704
40328.25000,0.944252
40328.26000,0.943801
40328.27000,0.943349
40328.28000,0.942898
40328.29000,0.942446
40328.30000,0.941994
40328.31000,0.941543
40328.32000,0.941091
40328.33000,0.94064
40328.34000,0.940188
40328.35000,0.939737
40328.36000,0.939285
40328.37000,0.938833
40328.38000,0.938382
40328.39000,0.93793
40328.40000,0.937479
40328.41000,0.937027
40328.42000,0.936576
40328.43000,0.936124
40328.44000,0.935672
40328.45000,0.935221
40328.46000,0.934769
40328.47000,0.934544
40328.48000,0.934433
40328.49000,0.934323
40328.50000,0.934212
40328.51000,0.934101
40328.52000,0.933991
40328.53000,0.93388
40328.54000,0.93377
40328.55000,0.933659
40328.56000,0.933549
40328.57000,0.933438
40328.58000,0.933328
40328.59000,0.933217
40328.60000,0.933107
40328.61000,0.932996
40328.62000,0.932886
40328.63000,0.932775
40328.64000,0.932664
40328.65000,0.932554
40328.66000,0.932443
40328.67000,0.932333
40328.68000,0.932222
40328.69000,0.932112
40328.70000,0.932001
40328.71000,0.931891
40328.72000,0.93178
40328.73000,0.93167
40328.74000,0.931559
40328.75000,0.931449
40328.76000,0.931338
40328.77000,0.931227
40328.78000,0.931117
40328.79000,0.931006
40328.80000,0.930896
40328.81000,0.930785
40328.82000,0.930675
40328.83000,0.930564
40328.84000,0.930454
40328.85000,0.930343
40328.86000,0.930233
40328.87000,0.930122
40328.88000,0.930012
40328.89000,0.929833
40328.90000,0.929592
40328.91000,0.929351
40328.92000,0.929111
40328.93000,0.92887
40328.94000,0.928629
40328.95000,0.928389
40328.96000,0.928148
40328.97000,0.927907
40328.98000,0.927666
40328.99000,0.927426
40329.00000,0.927185
40329.01000,0.926944
40329.02000,0.926704
40329.03000,0.926463
40329.04000,0.926222
40329.05000,0.925981
40329.06000,0.925741
40329.07000,0.9255
40329.08000,0.925259
40329.09000,0.925018
40329.10000,0.924778
40329.11000,0.924537
40329.12000,0.924296
40329.13000,0.924056
40329.14000,0.923815
40329.15000,0.923574
40329.16000,0.923333
40329.17000,0.923093
40329.18000,0.922852
40329.19000,0.922611
40329.20000,0.922371
40329.21000,0.92213
40329.22000,0.921889
40329.23000,0.921648
40329.24000,0.921408
40329.25000,0.921167
40329.26000,0.920926
40329.27000,0.920685
40329.28000,0.920445
40329.29000,0.920204
40329.30000,0.919963
40329.31000,0.919738
40329.32000,0.919539
40329.33000,0.919339
40329.34000,0.919139
40329.35000,0.91894
40329.36000,0.91874
40329.37000,0.91854
40329.38000,0.918341
40329.39000,0.918141
40329.40000,0.917941
40329.41000,0.917742
40329.42000,0.917542
40329.43000,0.917342
40329.44000,0.917143
40329.45000,0.916943
40329.46000,0.916743
40329.47000,0.916544
40329.48000,0.916344
40329.49000,0.916144
40329.50000,0.915945
40329.51000,0.915745
40329.52000,0.915545
40329.53000,0.915345
40329.54000,0.915146
40329.55000,0.914946
40329.56000,0.914746
40329.57000,0.914547
40329.58000,0.914347
40329.59000,0.914147
40329.60000,0.913948
40329.61000,0.913748
40329.62000,0.913548
40329.63000,0.913349
40329.64000,0.913149
40329.65000,0.912949
40329.66000,0.91275
40329.67000,0.91255
40329.68000,0.91235
40329.69000,0.912151
40329.70000,0.911951
40329.71000,0.911751
40329.72000,0.911552
40329.73000,0.911379
40329.74000,0.911288
40329.75000,0.911198
40329.76000,0.911108
40329.77000,0.911018
40329.78000,0.910927
40329.79000,0.910837
40329.80000,0.910747
40329.81000,0.910657
40329.82000,0.910566
40329.83000,0.910476
40329.84000,0.910386
40329.85000,0.910296
40329.86000,0.910206
40329.87000,0.910115
40329.88000,0.910025
40329.89000,0.909935
40329.90000,0.909845
40329.91000,0.909754
40329.92000,0.909664
40329.93000,0.909574
40329.94000,0.909484
40329.95000,0.909393
40329.96000,0.909303
40329.97000,0.909213
40329.98000,0.909123
40329.99000,0.909032
40330.00000,0.908942
40330.01000,0.908852
40330.02000,0.908762
40330.03000,0.908671
40330.04000,0.908581
40330.05000,0.908491
40330.06000,0.908401
40330.07000,0.90831
40330.08000,0.90822
40330.09000,0.90813
40330.10000,0.90804
40330.11000,0.90795
40330.12000,0.907859
40330.13000,0.907769
40330.14000,0.907679
40330.15000,0.907597
40330.16000,0.907591
40330.17000,0.907584
40330.18000,0.907578
40330.19000,0.907571
40330.20000,0.907565
40330.21000,0.907558
40330.22000,0.907552
40330.23000,0.907545
40330.24000,0.907539
40330.25000,0.907532
40330.26000,0.907526
40330.27000,0.907519
40330.28000,0.907513
40330.29000,0.907506
40330.30000,0.9075
40330.31000,0.907493
40330.32000,0.907487
40330.33000,0.90748
40330.34000,0.907474
40330.35000,0.907467
40330.36000,0.907461
40330.37000,0.907454
40330.38000,0.907448
40330.39000,0.907441
40330.40000,0.907435
40330.41000,0.907428
40330.42000,0.907422
40330.43000,0.907415
40330.44000,0.907409
40330.45000,0.907402
40330.46000,0.907396
40330.47000,0.907389
40330.48000,0.907383
40330.49000,0.907376
40330.50000,0.907369
40330.51000,0.907363
40330.52000,0.907356
40330.53000,0.90735
40330.54000,0.907599
40330.55000,0.908744
40330.56000,0.911171
40330.57000,0.914192
40330.58000,0.917131
40330.59000,0.919584
40330.60000,0.921302
40330.61000,0.921986
40330.62000,0.92188
40330.63000,0.921774
40330.64000,0.921668
40330.65000,0.921562
40330.66000,0.921456
40330.67000,0.92135
40330.68000,0.921244
40330.69000,0.921138
40330.70000,0.921032
40330.71000,0.920926
40330.72000,0.920866
40330.73000,0.920807
40330.74000,0.920748
40330.75000,0.920689
40330.76000,0.92063
40330.77000,0.920571
40330.78000,0.920512
40330.79000,0.920453
40330.80000,0.920394
40330.81000,0.920335
40330.82000,0.920275
40330.83000,0.920216
40330.84000,0.920157
40330.85000,0.920068
40330.86000,0.919965
40330.87000,0.919861
40330.88000,0.919757
40330.89000,0.919653
40330.90000,0.91955
40330.91000,0.919446
40330.92000,0.919342
40330.93000,0.919238
40330.94000,0.919135
40330.95000,0.919031
40330.96000,0.918927
40330.97000,0.918823
40330.98000,0.91872
40330.99000,0.918616
40331.00000,0.918512
40331.01000,0.918408
40331.02000,0.918305
40331.03000,0.918154
40331.04000,0.917997
40331.05000,0.91784
40331.06000,0.917683
40331.07000,0.917526
40331.08000,0.917369
40331.09000,0.917212
40331.10000,0.917055
40331.11000,0.916898
40331.12000,0.916741
40331.13000,0.916584
40331.14000,0.916427
40331.15000,0.91627
40331.16000,0.916113
40331.17000,0.915955
40331.18000,0.915798
40331.19000,0.915641
40331.20000,0.915484
40331.21000,0.915327
40331.22000,0.91517
40331.23000,0.915013
40331.24000,0.914856
40331.25000,0.914699
40331.26000,0.914464
40331.27000,0.913881
40331.28000,0.913298
40331.29000,0.912715
40331.30000,0.912132
40331.31000,0.911549
40331.32000,0.910966
40331.33000,0.910383
40331.34000,0.9098
40331.35000,0.909218
40331.36000,0.908635
40331.37000,0.908052
40331.38000,0.907469
40331.39000,0.906886
40331.40000,0.906303
40331.41000,0.90572
40331.42000,0.905137
40331.43000,0.904555
40331.44000,0.903972
40331.45000,0.903389
40331.46000,0.902806
40331.47000,0.902223
40331.48000,0.90164
40331.49000,0.901057
40331.50000,0.900691
40331.51000,0.900558
40331.52000,0.900425
40331.53000,0.900292
40331.54000,0.900158
40331.55000,0.900025
40331.56000,0.899892
40331.57000,0.899759
40331.58000,0.899626
40331.59000,0.899493
40331.60000,0.89936
40331.61000,0.899227
40331.62000,0.899093
40331.63000,0.89896
40331.64000,0.898827
40331.65000,0.898694
40331.66000,0.898561
40331.67000,0.898428
40331.68000,0.898295
40331.69000,0.898162
40331.70000,0.898029
40331.71000,0.897895
40331.72000,0.897762
40331.73000,0.897629
40331.74000,0.897496
40331.75000,0.897363
40331.76000,0.89723
40331.77000,0.897097
40331.78000,0.896964
40331.79000,0.89683
40331.80000,0.896697
40331.81000,0.896564
40331.82000,0.896435
40331.83000,0.896307
40331.84000,0.896179
40331.85000,0.896051
40331.86000,0.895922
40331.87000,0.895794
40331.88000,0.895666
40331.89000,0.895538
40331.90000,0.895409
40331.91000,0.895281
40331.92000,0.895153
40331.93000,0.895025
40331.94000,0.894896
40331.95000,0.894768
40331.96000,0.89464
40331.97000,0.894512
40331.98000,0.894384
40331.99000,0.894255
40332.00000,0.894127
40332.01000,0.893999
40332.02000,0.893871
40332.03000,0.893742
40332.04000,0.893614
40332.05000,0.893486
40332.06000,0.893358
40332.07000,0.893229
40332.08000,0.893101
40332.09000,0.892973
40332.10000,0.892845
40332.11000,0.892716
40332.12000,0.892588
40332.13000,0.89246
40332.14000,0.892332
40332.15000,0.892203
40332.16000,0.892075
40332.17000,0.891947
40332.18000,0.891819
40332.19000,0.891691
40332.20000,0.891562
40332.21000,0.891434
40332.22000,0.891306
40332.23000,0.891178
40332.24000,0.89115
40332.25000,0.891157
40332.26000,0.891165
40332.27000,0.891173
40332.28000,0.891181
40332.29000,0.891189
40332.30000,0.891197
40332.31000,0.891205
40332.32000,0.891212
40332.33000,0.89122
40332.34000,0.891228
40332.35000,0.891236
40332.36000,0.891244
40332.37000,0.891252
40332.38000,0.891259
40332.39000,0.891267
40332.40000,0.891275
40332.41000,0.891283
40332.42000,0.891291
40332.43000,0.891299
40332.44000,0.891307
40332.45000,0.891314
40332.46000,0.891322
40332.47000,0.89133
40332.48000,0.891338
40332.49000,0.891346
40332.50000,0.891354
40332.51000,0.891361
40332.52000,0.891369
40332.53000,0.891377
40332.54000,0.891385
40332.55000,0.891393
40332.56000,0.891401
40332.57000,0.891409
40332.58000,0.891416
40332.59000,0.891424
40332.60000,0.891432
40332.61000,0.89144
40332.62000,0.891448
40332.63000,0.891456
40332.64000,0.891464
40332.65000,0.891471
40332.66000,0.89552
40332.67000,0.906482
40332.68000,0.926247
40332.69000,0.952372
40332.70000,0.975471
40332.71000,0.993041
40332.72000,1.00431
40332.73000,0.998544
40332.74000,0.997806
40332.75000,0.997068
40332.76000,0.99633
40332.77000,0.995593
40332.78000,0.994855
40332.79000,0.994117
40332.80000,0.99338
40332.81000,0.992642
40332.82000,0.991904
40332.83000,0.991166
40332.84000,0.990661
40332.85000,0.990156
40332.86000,0.989651
40332.87000,0.989146
40332.88000,0.988641
40332.89000,0.988136
40332.90000,0.987631
40332.91000,0.987126
40332.92000,0.986621
40332.93000,0.986116
40332.94000,0.98561
40332.95000,0.985105
40332.96000,0.9846
40332.97000,0.984137
40332.98000,0.983694
40332.99000,0.983251
40333.00000,0.982808
40333.01000,0.982365
40333.02000,0.981923
40333.03000,0.98148
40333.04000,0.981037
40333.05000,0.980594
40333.06000,0.980151
40333.07000,0.979709
40333.08000,0.979266
40333.09000,0.978823
40333.10000,0.978391
40333.11000,0.977981
40333.12000,0.977572
40333.13000,0.977162
40333.14000,0.976752
40333.15000,0.976342
40333.16000,0.975933
40333.17000,0.975523
40333.18000,0.975113
40333.19000,0.974703
40333.20000,0.974294
40333.21000,0.973884
40333.22000,0.973474
40333.23000,0.973064
40333.24000,0.972526
40333.25000,0.971988
40333.26000,0.971451
40333.27000,0.970913
40333.28000,0.970375
40333.29000,0.969837
40333.30000,0.969299
40333.31000,0.968761
40333.32000,0.968223
40333.33000,0.967685
40333.34000,0.967147
40333.35000,0.966609
40333.36000,0.966071
40333.37000,0.965394
40333.38000,0.964649
40333.39000,0.963903
40333.40000,0.963158
40333.41000,0.962413
40333.42000,0.961667
40333.43000,0.960922
40333.44000,0.960176
40333.45000,0.959431
40333.46000,0.958685
40333.47000,0.95794
40333.48000,0.957194
40333.49000,0.956449
40333.50000,0.955793
40333.51000,0.955318
40333.52000,0.954843
40333.53000,0.954368
40333.54000,0.953893
40333.55000,0.953418
40333.56000,0.952943
40333.57000,0.952468
40333.58000,0.951993
40333.59000,0.951518
40333.60000,0.951043
40333.61000,0.950568
40333.62000,0.950093
40333.63000,0.949618
40333.64000,0.949143
40333.65000,0.948668
40333.66000,0.948193
40333.67000,0.947718
40333.68000,0.947396
40333.69000,0.947198
40333.70000,0.946999
40333.71000,0.946801
40333.72000,0.946603
40333.73000,0.946404
40333.74000,0.946206
40333.75000,0.946007
40333.76000,0.945809
40333.77000,0.945611
40333.78000,0.945412
40333.79000,0.945214
40333.80000,0.945016
40333.81000,0.944817
40333.82000,0.944619
40333.83000,0.94442
40333.84000,0.944222
40333.85000,0.944024
40333.86000,0.943825
40333.87000,0.943627
40333.88000,0.943428
40333.89000,0.94323
40333.90000,0.943032
40333.91000,0.942833
40333.92000,0.942634
40333.93000,0.942434
40333.94000,0.942234
40333.95000,0.942034
40333.96000,0.941834
40333.97000,0.941634
40333.98000,0.941434
40333.99000,0.941234
40334.00000,0.941034
40334.01000,0.940834
40334.02000,0.940634
40334.03000,0.940434
40334.04000,0.940234
40334.05000,0.940034
40334.06000,0.939834
40334.07000,0.939634
40334.08000,0.939434
40334.09000,0.939234
40334.10000,0.939034
40334.11000,0.938834
40334.12000,0.938634
40334.13000,0.938434
40334.14000,0.938234
40334.15000,0.938034
40334.16000,0.937834
40334.17000,0.937634
40334.18000,0.937434
40334.19000,0.937234
40334.20000,0.937034
40334.21000,0.936834
40334.22000,0.936634
40334.23000,0.936404
40334.24000,0.936079
40334.25000,0.935754
40334.26000,0.93543
40334.27000,0.935105
40334.28000,0.934781
40334.29000,0.934456
40334.30000,0.934132
40334.31000,0.933807
40334.32000,0.933483
40334.33000,0.933158
40334.34000,0.932834
40334.35000,0.932509
40334.36000,0.932184
40334.37000,0.93186
40334.38000,0.931535
40334.39000,0.931211
40334.40000,0.930886
40334.41000,0.930562
40334.42000,0.930237
40334.43000,0.929913
40334.44000,0.929588
40334.45000,0.929263
40334.46000,0.928939
40334.47000,0.928614
40334.48000,0.92829
40334.49000,0.927965
40334.50000,0.927641
40334.51000,0.927316
40334.52000,0.926992
40334.53000,0.926667
40334.54000,0.926343
40334.55000,0.926018
40334.56000,0.925693
40334.57000,0.925369
40334.58000,0.925044
40334.59000,0.92472
40334.60000,0.924395
40334.61000,0.924071
40334.62000,0.923746
40334.63000,0.923422
40334.64000,0.923097
40334.65000,0.922797
40334.66000,0.922697
40334.67000,0.922597
40334.68000,0.922497
40334.69000,0.922397
40334.70000,0.922298
40334.71000,0.922198
40334.72000,0.922098
40334.73000,0.921998
40334.74000,0.921899
40334.75000,0.921799
40334.76000,0.921699
40334.77000,0.921599
40334.78000,0.921499
40334.79000,0.9214
40334.80000,0.9213
40334.81000,0.9212
40334.82000,0.9211
40334.83000,0.921001
40334.84000,0.920901
40334.85000,0.920801
40334.86000,0.920701
40334.87000,0.920601
40334.88000,0.920502
40334.89000,0.920402
40334.90000,0.920302
40334.91000,0.920202
40334.92000,0.920103
40334.93000,0.920003
40334.94000,0.919903
40334.95000,0.919803
40334.96000,0.919703
40334.97000,0.919604
40334.98000,0.919504
40334.99000,0.919404
40335.00000,0.919304
40335.01000,0.919205
40335.02000,0.919105
40335.03000,0.919005
40335.04000,0.918905
40335.05000,0.918805
40335.06000,0.918706
40335.07000,0.918606
40335.08000,0.918525
40335.09000,0.918444
40335.10000,0.918363
40335.11000,0.918283
40335.12000,0.918202
40335.13000,0.918121
40335.14000,0.91804
40335.15000,0.91796
40335.16000,0.917879
40335.17000,0.917798
40335.18000,0.917718
40335.19000,0.917637
40335.20000,0.917556
40335.21000,0.917476
40335.22000,0.917395
40335.23000,0.917314
40335.24000,0.917234
40335.25000,0.917153
40335.26000,0.917072
40335.27000,0.916991
40335.28000,0.916911
40335.29000,0.91683
40335.30000,0.916749
40335.31000,0.916669
40335.32000,0.916588
40335.33000,0.916507
40335.34000,0.916427
40335.35000,0.916346
40335.36000,0.916265
40335.37000,0.916185
40335.38000,0.916104
40335.39000,0.916023
40335.40000,0.915942
40335.41000,0.915862
40335.42000,0.915781
40335.43000,0.9157
40335.44000,0.91562
40335.45000,0.915539
40335.46000,0.915458
40335.47000,0.915378
40335.48000,0.915297
40335.49000,0.915216
40335.50000,0.915165
40335.51000,0.915121
40335.52000,0.915076
40335.53000,0.915031
40335.54000,0.914987
40335.55000,0.914942
40335.56000,0.914897
40335.57000,0.914852
40335.58000,0.914674
40335.59000,0.914813
40335.60000,0.915436
40335.61000,0.916413
40335.62000,0.917461
40335.63000,0.918403
40335.64000,0.919109
40335.65000,0.918429
40335.66000,0.918332
40335.67000,0.918236
40335.68000,0.91814
40335.69000,0.918044
40335.70000,0.917947
40335.71000,0.917851
40335.72000,0.917755
40335.73000,0.917659
40335.74000,0.917562
40335.75000,0.917466
40335.76000,0.917387
40335.77000,0.917307
40335.78000,0.917228
40335.79000,0.917148
40335.80000,0.917069
40335.81000,0.916989
40335.82000,0.91691
40335.83000,0.91683
40335.84000,0.916751
40335.85000,0.916671
40335.86000,0.916592
40335.87000,0.916512
40335.88000,0.916433
40335.89000,0.916333
40335.90000,0.916222
40335.91000,0.916112
40335.92000,0.916002
40335.93000,0.915891
40335.94000,0.915781
40335.95000,0.91567
40335.96000,0.91556
40335.97000,0.91545
40335.98000,0.915339
40335.99000,0.915229
40336.00000,0.915118
40336.01000,0.915008
40336.02000,0.914898
40336.03000,0.914787
40336.04000,0.914677
40336.05000,0.914567
40336.06000,0.914456
40336.07000,0.914244
40336.08000,0.914018
40336.09000,0.913793
40336.10000,0.913567
40336.11000,0.913342
40336.12000,0.913117
40336.13000,0.912891
40336.14000,0.912666
40336.15000,0.91244
40336.16000,0.912215
40336.17000,0.91199
40336.18000,0.911764
40336.19000,0.911539
40336.20000,0.911314
40336.21000,0.911088
40336.22000,0.910863
40336.23000,0.910637
40336.24000,0.910412
40336.25000,0.910187
40336.26000,0.909961
40336.27000,0.909736
40336.28000,0.90951
40336.29000,0.909285
40336.30000,0.908994
40336.31000,0.908413
40336.32000,0.907833
40336.33000,0.907252
40336.34000,0.906672
40336.35000,0.906091
40336.36000,0.905511
40336.37000,0.90493
40336.38000,0.90435
40336.39000,0.903769
40336.40000,0.903188
40336.41000,0.902608
40336.42000,0.902027
40336.43000,0.901447
40336.44000,0.900866
40336.45000,0.900286
40336.46000,0.899705
40336.47000,0.899125
40336.48000,0.898544
40336.49000,0.897964
40336.50000,0.897383
40336.51000,0.896802
40336.52000,0.896222
40336.53000,0.895641
40336.54000,0.895293
40336.55000,0.895195
40336.56000,0.895097
40336.57000,0.894999
40336.58000,0.894902
40336.59000,0.894804
40336.60000,0.894706
40336.61000,0.894608
40336.62000,0.89451
40336.63000,0.894412
40336.64000,0.894314
40336.65000,0.894216
40336.66000,0.894118
40336.67000,0.89402
40336.68000,0.893922
40336.69000,0.893824
40336.70000,0.893727
40336.71000,0.893629
40336.72000,0.893531
40336.73000,0.893433
40336.74000,0.893335
40336.75000,0.893237
40336.76000,0.893139
40336.77000,0.893041
40336.78000,0.892943
40336.79000,0.892845
40336.80000,0.892747
40336.81000,0.892649
40336.82000,0.892552
40336.83000,0.892454
40336.84000,0.892356
40336.85000,0.892258
40336.86000,0.89213
40336.87000,0.891998
40336.88000,0.891866
40336.89000,0.891734
40336.90000,0.891602
40336.91000,0.89147
40336.92000,0.891338
40336.93000,0.891205
40336.94000,0.891073
40336.95000,0.890941
40336.96000,0.890809
40336.97000,0.890677
40336.98000,0.890545
40336.99000,0.890413
40337.00000,0.890281
40337.01000,0.890149
40337.02000,0.890017
40337.03000,0.889885
40337.04000,0.889753
40337.05000,0.889621
40337.06000,0.889488
40337.07000,0.889356
40337.08000,0.889224
40337.09000,0.889092
40337.10000,0.88896
40337.11000,0.888828
40337.12000,0.888696
40337.13000,0.888564
40337.14000,0.888432
40337.15000,0.8883
40337.16000,0.888168
40337.17000,0.88796
40337.18000,0.887551
40337.19000,0.887142
40337.20000,0.886733
40337.21000,0.886324
40337.22000,0.885915
40337.23000,0.885505
40337.24000,0.885096
40337.25000,0.884687
40337.26000,0.884278
40337.27000,0.883869
40337.28000,0.883459
40337.29000,0.88305
40337.30000,0.882641
40337.31000,0.882232
40337.32000,0.881823
40337.33000,0.881414
40337.34000,0.881004
40337.35000,0.880595
40337.36000,0.880186
40337.37000,0.879777
40337.38000,0.879368
40337.39000,0.878959
40337.40000,0.878549
40337.41000,0.87814
40337.42000,0.877731
40337.43000,0.877322
40337.44000,0.876913
40337.45000,0.876503
40337.46000,0.876094
40337.47000,0.875685
40337.48000,0.875276
40337.49000,0.874867
40337.50000,0.874458
40337.51000,0.874048
40337.52000,0.873639
40337.53000,0.87323
40337.54000,0.872821
40337.55000,0.872412
40337.56000,0.872003
40337.57000,0.871593
40337.58000,0.871184
40337.59000,0.870816
40337.60000,0.870715
40337.61000,0.870615
40337.62000,0.870515
40337.63000,0.870415
40337.64000,0.870315
40337.65000,0.870215
40337.66000,0.870114
40337.67000,0.870014
40337.68000,0.869914
40337.69000,0.869814
40337.70000,0.869714
40337.71000,0.869614
40337.72000,0.869513
40337.73000,0.869413
40337.74000,0.869313
40337.75000,0.869213
40337.76000,0.869113
40337.77000,0.869012
40337.78000,0.868912
40337.79000,0.868812
40337.80000,0.868712
40337.81000,0.868612
40337.82000,0.868512
40337.83000,0.868411
40337.84000,0.868311
40337.85000,0.868211
40337.86000,0.868111
40337.87000,0.868011
40337.88000,0.867911
40337.89000,0.86781
40337.90000,0.86771
40337.91000,0.86761
40337.92000,0.86751
40337.93000,0.86741
40337.94000,0.867309
40337.95000,0.867209
40337.96000,0.867109
40337.97000,0.867009
40337.98000,0.866909
40337.99000,0.866809
40338.00000,0.866708
40338.01000,0.866608
40338.02000,0.866514
40338.03000,0.86642
40338.04000,0.866326
40338.05000,0.866232
40338.06000,0.866138
40338.07000,0.866044
40338.08000,0.86595
40338.09000,0.865856
40338.10000,0.865762
40338.11000,0.865668
40338.12000,0.865574
40338.13000,0.865479
40338.14000,0.865385
40338.15000,0.865291
40338.16000,0.865197
40338.17000,0.865103
40338.18000,0.865009
40338.19000,0.864915
40338.20000,0.864821
40338.21000,0.864727
40338.22000,0.864633
40338.23000,0.864539
40338.24000,0.864445
40338.25000,0.864351
40338.26000,0.864257
40338.27000,0.864163
40338.28000,0.864069
40338.29000,0.863975
40338.30000,0.863881
40338.31000,0.863786
40338.32000,0.863692
40338.33000,0.863598
40338.34000,0.863504
40338.35000,0.86341
40338.36000,0.863316
40338.37000,0.863222
40338.38000,0.863128
40338.39000,0.863034
40338.40000,0.86294
40338.41000,0.862846
40338.42000,0.862752
40338.43000,0.862658
40338.44000,0.862623
40338.45000,0.862599
40338.46000,0.862575
40338.47000,0.862551
40338.48000,0.862526
40338.49000,0.862502
40338.50000,0.862478
40338.51000,0.862454
40338.52000,0.862429
40338.53000,0.862405
40338.54000,0.862687
40338.55000,0.86391
40338.56000,0.86648
40338.57000,0.869681
40338.58000,0.872798
40338.59000,0.875406
40338.60000,0.877243
40338.61000,0.878203
40338.62000,0.878108
40338.63000,0.878014
40338.64000,0.877919
40338.65000,0.877825
40338.66000,0.87773
40338.67000,0.877636
40338.68000,0.877541
40338.69000,0.877447
40338.70000,0.877352
40338.71000,0.877258
40338.72000,0.877203
40338.73000,0.877148
40338.74000,0.877093
40338.75000,0.877039
40338.76000,0.876984
40338.77000,0.876929
40338.78000,0.876874
40338.79000,0.87682
40338.80000,0.876765
40338.81000,0.87671
40338.82000,0.876655
40338.83000,0.876601
40338.84000,0.876546
40338.85000,0.876507
40338.86000,0.876475
40338.87000,0.876443
40338.88000,0.876411
40338.89000,0.876379
40338.90000,0.876347
40338.91000,0.876315
40338.92000,0.876284
40338.93000,0.876252
40338.94000,0.87622
40338.95000,0.876188
40338.96000,0.876156
40338.97000,0.876124
40338.98000,0.876092
40338.99000,0.876061
40339.00000,0.876029
40339.01000,0.875997
40339.02000,0.875965
40339.03000,0.875967
40339.04000,0.875972
40339.05000,0.875978
40339.06000,0.875984
40339.07000,0.87599
40339.08000,0.875995
40339.09000,0.876001
40339.10000,0.876007
40339.11000,0.876013
40339.12000,0.87641
40339.13000,0.877439
40339.14000,0.879407
40339.15000,0.882149
40339.16000,0.884966
40339.17000,0.887483
40339.18000,0.889449
40339.19000,0.892099
40339.20000,0.891978
40339.21000,0.891857
40339.22000,0.891736
40339.23000,0.891615
40339.24000,0.891494
40339.25000,0.891372
40339.26000,0.891251
40339.27000,0.89113
40339.28000,0.891009
40339.29000,0.890888
40339.30000,0.890413
40339.31000,0.889937
40339.32000,0.889462
40339.33000,0.888987
40339.34000,0.888512
40339.35000,0.888036
40339.36000,0.887561
40339.37000,0.887086
40339.38000,0.88661
40339.39000,0.886135
40339.40000,0.88566
40339.41000,0.885185
40339.42000,0.884709
40339.43000,0.884222
40339.44000,0.883728
40339.45000,0.883235
40339.46000,0.882741
40339.47000,0.882248
40339.48000,0.881754
40339.49000,0.88126
40339.50000,0.880767
40339.51000,0.880273
40339.52000,0.87978
40339.53000,0.879286
40339.54000,0.878793
40339.55000,0.878299
40339.56000,0.877806
40339.57000,0.877312
40339.58000,0.876818
40339.59000,0.876325
40339.60000,0.875831
40339.61000,0.875696
40339.62000,0.875606
40339.63000,0.875515
40339.64000,0.875425
40339.65000,0.875335
40339.66000,0.875244
40339.67000,0.875154
40339.68000,0.875063
40339.69000,0.874973
40339.70000,0.874883
40339.71000,0.874792
40339.72000,0.874702
40339.73000,0.874611
40339.74000,0.874521
40339.75000,0.874431
40339.76000,0.87434
40339.77000,0.87425
40339.78000,0.874159
40339.79000,0.874069
40339.80000,0.873979
40339.81000,0.873888
40339.82000,0.873798
40339.83000,0.873707
40339.84000,0.873616
40339.85000,0.873521
40339.86000,0.873426
40339.87000,0.873331
40339.88000,0.873236
40339.89000,0.873141
40339.90000,0.873045
40339.91000,0.87295
40339.92000,0.872855
40339.93000,0.87276
40339.94000,0.872665
40339.95000,0.87257
40339.96000,0.872475
40339.97000,0.87238
40339.98000,0.872284
40339.99000,0.872189
40340.00000,0.872094
40340.01000,0.871999
40340.02000,0.871904
40340.03000,0.871809
40340.04000,0.871714
40340.05000,0.871619
40340.06000,0.871523
40340.07000,0.871428
40340.08000,0.871257
40340.09000,0.871004
40340.10000,0.870751
40340.11000,0.870498
40340.12000,0.870245
40340.13000,0.869992
40340.14000,0.869739
40340.15000,0.869486
40340.16000,0.869233
40340.17000,0.868979
40340.18000,0.868726
40340.19000,0.868473
40340.20000,0.86822
40340.21000,0.867967
40340.22000,0.867714
40340.23000,0.867461
40340.24000,0.867208
40340.25000,0.866955
40340.26000,0.866702
40340.27000,0.866449
40340.28000,0.866196
40340.29000,0.865943
40340.30000,0.86569
40340.31000,0.865437
40340.32000,0.86494
40340.33000,0.864375
40340.34000,0.863809
40340.35000,0.863244
40340.36000,0.862678
40340.37000,0.862113
40340.38000,0.861547
40340.39000,0.860982
40340.40000,0.860416
40340.41000,0.859851
40340.42000,0.859285
40340.43000,0.85872
40340.44000,0.858154
40340.45000,0.857588
40340.46000,0.857023
40340.47000,0.856457
40340.48000,0.855892
40340.49000,0.855326
40340.50000,0.854761
40340.51000,0.854195
40340.52000,0.85363
40340.53000,0.853064
40340.54000,0.852499
40340.55000,0.851965
40340.56000,0.851832
40340.57000,0.851698
40340.58000,0.851565
40340.59000,0.851432
40340.60000,0.851298
40340.61000,0.851165
40340.62000,0.851031
40340.63000,0.850898
40340.64000,0.850765
40340.65000,0.850631
40340.66000,0.850498
40340.67000,0.850364
40340.68000,0.850231
40340.69000,0.850098
40340.70000,0.849964
40340.71000,0.849831
40340.72000,0.849697
40340.73000,0.849564
40340.74000,0.849431
40340.75000,0.849297
40340.76000,0.849164
40340.77000,0.84903
40340.78000,0.848897
40340.79000,0.848764
40340.80000,0.84863
40340.81000,0.848497
40340.82000,0.848364
40340.83000,0.84823
40340.84000,0.848097
40340.85000,0.847963
40340.86000,0.84783
40340.87000,0.847661
40340.88000,0.847451
40340.89000,0.847241
40340.90000,0.847031
40340.91000,0.846821
40340.92000,0.846611
40340.93000,0.846401
40340.94000,0.846192
40340.95000,0.845982
40340.96000,0.845772
40340.97000,0.845562
40340.98000,0.845352
40340.99000,0.845142
40341.00000,0.844932
40341.01000,0.844722
40341.02000,0.844512
40341.03000,0.844303
40341.04000,0.844093
40341.05000,0.843883
40341.06000,0.843673
40341.07000,0.843463
40341.08000,0.843253
40341.09000,0.843043
40341.10000,0.842833
40341.11000,0.842624
40341.12000,0.842414
40341.13000,0.842204
40341.14000,0.841994
40341.15000,0.841784
40341.16000,0.841574
40341.17000,0.841364
40341.18000,0.841154
40341.19000,0.840944
40341.20000,0.840735
40341.21000,0.840525
40341.22000,0.840315
40341.23000,0.840105
40341.24000,0.839895
40341.25000,0.839685
40341.26000,0.839475
40341.27000,0.839265
40341.28000,0.839056
40341.29000,0.838837
40341.30000,0.838602
40341.31000,0.838366
40341.32000,0.838131
40341.33000,0.837895
40341.34000,0.83766
40341.35000,0.837424
40341.36000,0.837188
40341.37000,0.836953
40341.38000,0.836717
40341.39000,0.836482
40341.40000,0.836246
40341.41000,0.836011
40341.42000,0.835775
40341.43000,0.83554
40341.44000,0.835304
40341.45000,0.835068
40341.46000,0.834833
40341.47000,0.834597
40341.48000,0.834362
40341.49000,0.834126
40341.50000,0.833891
40341.51000,0.833655
40341.52000,0.83342
40341.53000,0.833184
40341.54000,0.832949
40341.55000,0.832713
40341.56000,0.832477
40341.57000,0.832242
40341.58000,0.832006
40341.59000,0.831771
40341.60000,0.831535
40341.61000,0.8313
40341.62000,0.831064
40341.63000,0.830829
40341.64000,0.830593
40341.65000,0.830358
40341.66000,0.830122
40341.67000,0.829886
40341.68000,0.829651
40341.69000,0.829415
40341.70000,0.82918
40341.71000,0.82897
40341.72000,0.828868
40341.73000,0.828767
40341.74000,0.828666
40341.75000,0.828565
40341.76000,0.828463
40341.77000,0.828362
40341.78000,0.828261
40341.79000,0.828159
40341.80000,0.828058
40341.81000,0.827957
40341.82000,0.827856
40341.83000,0.827754
40341.84000,0.827653
40341.85000,0.827552
40341.86000,0.82745
40341.87000,0.827349
40341.88000,0.827248
40341.89000,0.827147
40341.90000,0.827045
40341.91000,0.826944
40341.92000,0.826843
40341.93000,0.826742
40341.94000,0.82664
40341.95000,0.826539
40341.96000,0.826438
40341.97000,0.826336
40341.98000,0.826235
40341.99000,0.826134
40342.00000,0.826033
40342.01000,0.825931
40342.02000,0.82583
40342.03000,0.825729
40342.04000,0.825627
40342.05000,0.825526
40342.06000,0.825425
40342.07000,0.825324
40342.08000,0.825222
40342.09000,0.825121
40342.10000,0.82502
40342.11000,0.824919
40342.12000,0.824817
40342.13000,0.8247
40342.14000,0.824283
40342.15000,0.823865
40342.16000,0.823447
40342.17000,0.823029
40342.18000,0.822611
40342.19000,0.822194
40342.20000,0.821776
40342.21000,0.821358
40342.22000,0.82094
40342.23000,0.820523
40342.24000,0.820105
40342.25000,0.819687
40342.26000,0.819269
40342.27000,0.818851
40342.28000,0.818434
40342.29000,0.818016
40342.30000,0.817598
40342.31000,0.81718
40342.32000,0.816762
40342.33000,0.816345
40342.34000,0.815927
40342.35000,0.815509
40342.36000,0.815091
40342.37000,0.814674
40342.38000,0.814256
40342.39000,0.813838
40342.40000,0.81342
40342.41000,0.813002
40342.42000,0.812585
40342.43000,0.812167
40342.44000,0.811749
40342.45000,0.811331
40342.46000,0.810914
40342.47000,0.810496
40342.48000,0.810078
40342.49000,0.80966
40342.50000,0.809242
40342.51000,0.808825
40342.52000,0.808407
40342.53000,0.807989
40342.54000,0.807571
40342.55000,0.807153
40342.56000,0.807023
40342.57000,0.806921
40342.58000,0.806819
40342.59000,0.806716
40342.60000,0.806614
40342.61000,0.806512
40342.62000,0.80641
40342.63000,0.806308
40342.64000,0.806206
40342.65000,0.806104
40342.66000,0.806002
40342.67000,0.805899
40342.68000,0.805797
40342.69000,0.805695
40342.70000,0.805593
40342.71000,0.805491
40342.72000,0.805389
40342.73000,0.805287
40342.74000,0.805185
40342.75000,0.805083
40342.76000,0.80498
40342.77000,0.804878
40342.78000,0.804776
40342.79000,0.804674
40342.80000,0.804572
40342.81000,0.80447
40342.82000,0.804368
40342.83000,0.804266
40342.84000,0.804163
40342.85000,0.804061
40342.86000,0.803959
40342.87000,0.803857
40342.88000,0.803755
40342.89000,0.803653
40342.90000,0.803551
40342.91000,0.803449
40342.92000,0.803346
40342.93000,0.803244
40342.94000,0.803142
40342.95000,0.80304
40342.96000,0.802938
40342.97000,0.802836
40342.98000,0.802614
40342.99000,0.802356
40343.00000,0.802098
40343.01000,0.801841
40343.02000,0.801583
40343.03000,0.801325
40343.04000,0.801067
40343.05000,0.800809
40343.06000,0.800552
40343.07000,0.800294
40343.08000,0.800036
40343.09000,0.799778
40343.10000,0.79952
40343.11000,0.799262
40343.12000,0.799005
40343.13000,0.798747
40343.14000,0.798489
40343.15000,0.798231
40343.16000,0.797973
40343.17000,0.797716
40343.18000,0.797458
40343.19000,0.7972
40343.20000,0.796942
40343.21000,0.796684
40343.22000,0.796427
40343.23000,0.796169
40343.24000,0.795911
40343.25000,0.795653
40343.26000,0.795395
40343.27000,0.795138
40343.28000,0.79488
40343.29000,0.794622
40343.30000,0.794364
40343.31000,0.794106
40343.32000,0.793848
40343.33000,0.793591
40343.34000,0.793333
40343.35000,0.793075
40343.36000,0.792817
40343.37000,0.792559
40343.38000,0.792302
40343.39000,0.792044
40343.40000,0.791943
40343.41000,0.791935
40343.42000,0.791926
40343.43000,0.791918
40343.44000,0.791909
40343.45000,0.791901
40343.46000,0.791892
40343.47000,0.791884
40343.48000,0.791875
40343.49000,0.791867
40343.50000,0.791858
40343.51000,0.79185
40343.52000,0.791842
40343.53000,0.791833
40343.54000,0.791825
40343.55000,0.791816
40343.56000,0.791808
40343.57000,0.791799
40343.58000,0.791791
40343.59000,0.791782
40343.60000,0.791774
40343.61000,0.791765
40343.62000,0.791757
40343.63000,0.791749
40343.64000,0.79174
40343.65000,0.791732
40343.66000,0.791723
40343.67000,0.791715
40343.68000,0.791706
40343.69000,0.791698
40343.70000,0.791581
40343.71000,0.791741
40343.72000,0.792366
40343.73000,0.793649
40343.74000,0.795764
40343.75000,0.798827
40343.76000,0.80291
40343.77000,0.808043
40343.78000,0.815333
40343.79000,0.825413
40343.80000,0.838661
40343.81000,0.855206
40343.82000,0.871401
40343.83000,0.884958
40343.84000,0.895101
40343.85000,0.901598
40343.86000,0.909279
40343.87000,0.909481
40343.88000,0.909683
40343.89000,0.909884
40343.90000,0.910086
40343.91000,0.910287
40343.92000,0.910489
40343.93000,0.91069
40343.94000,0.910892
40343.95000,0.911094
40343.96000,0.911295
40343.97000,0.911273
40343.98000,0.91125
40343.99000,0.911228
40344.00000,0.911206
40344.01000,0.911184
40344.02000,0.911161
40344.03000,0.911139
40344.04000,0.911117
40344.05000,0.911094
40344.06000,0.911072
40344.07000,0.91105
40344.08000,0.911027
40344.09000,0.911005
40344.10000,0.910898
40344.11000,0.910749
40344.12000,0.9106
40344.13000,0.910451
40344.14000,0.910302
40344.15000,0.910153
40344.16000,0.910004
40344.17000,0.909855
40344.18000,0.909706
40344.19000,0.909556
40344.20000,0.909407
40344.21000,0.909258
40344.22000,0.909109
40344.23000,0.90896
40344.24000,0.908811
40344.25000,0.908662
40344.26000,0.908513
40344.27000,0.908364
40344.28000,0.908287
40344.29000,0.90822
40344.30000,0.908153
40344.31000,0.908086
40344.32000,0.908019
40344.33000,0.907952
40344.34000,0.907884
40344.35000,0.907817
40344.36000,0.90775
40344.37000,0.907683
40344.38000,0.907616
40344.39000,0.907549
40344.40000,0.907481
40344.41000,0.907414
40344.42000,0.907347
40344.43000,0.90728
40344.44000,0.907213
40344.45000,0.907139
40344.46000,0.907011
40344.47000,0.906883
40344.48000,0.906756
40344.49000,0.906391
40344.50000,0.906082
40344.51000,0.90586
40344.52000,0.905761
40344.53000,0.905715
40344.54000,0.905679
40344.55000,0.905617
40344.56000,0.9055
40344.57000,0.902625
40344.58000,0.902308
40344.59000,0.90199
40344.60000,0.901673
40344.61000,0.901355
40344.62000,0.901038
40344.63000,0.900721
40344.64000,0.900403
40344.65000,0.900086
40344.66000,0.899769
40344.67000,0.899451
40344.68000,0.899341
40344.69000,0.899232
40344.70000,0.899122
40344.71000,0.899012
40344.72000,0.898903
40344.73000,0.898793
40344.74000,0.898683
40344.75000,0.898574
40344.76000,0.898464
40344.77000,0.898354
40344.78000,0.898245
40344.79000,0.898135
40344.80000,0.898025
40344.81000,0.89791
40344.82000,0.897793
40344.83000,0.897675
40344.84000,0.897558
40344.85000,0.89744
40344.86000,0.897323
40344.87000,0.897205
40344.88000,0.897087
40344.89000,0.89697
40344.90000,0.896852
40344.91000,0.896735
40344.92000,0.896617
40344.93000,0.8965
40344.94000,0.896382
40344.95000,0.896265
40344.96000,0.896147
40344.97000,0.896029
40344.98000,0.895912
40344.99000,0.895858
40345.00000,0.895813
40345.01000,0.895767
40345.02000,0.895721
40345.03000,0.895676
40345.04000,0.89563
40345.05000,0.895585
40345.06000,0.895539
40345.07000,0.895493
40345.08000,0.895448
40345.09000,0.895402
40345.10000,0.895357
40345.11000,0.895311
40345.12000,0.895265
40345.13000,0.89522
40345.14000,0.895174
40345.15000,0.895128
40345.16000,0.895083
40345.17000,0.895037
40345.18000,0.894992
40345.19000,0.894946
40345.20000,0.8949
40345.21000,0.894855
40345.22000,0.894813
40345.23000,0.894791
40345.24000,0.894768
40345.25000,0.894745
40345.26000,0.894723
40345.27000,0.8947
40345.28000,0.894677
40345.29000,0.894655
40345.30000,0.894632
40345.31000,0.894609
40345.32000,0.894587
40345.33000,0.894383
40345.34000,0.894237
40345.35000,0.894183
40345.36000,0.894195
40345.37000,0.894218
40345.38000,0.894214
40345.39000,0.894151
40345.40000,0.893362
40345.41000,0.893302
40345.42000,0.893242
40345.43000,0.893182
40345.44000,0.893122
40345.45000,0.892916
40345.46000,0.892772
40345.47000,0.892722
40345.48000,0.89279
40345.49000,0.892882
40345.50000,0.892955
40345.51000,0.892972
40345.52000,0.892907
40345.53000,0.890153
40345.54000,0.889777
40345.55000,0.889402
40345.56000,0.889026
40345.57000,0.888651
40345.58000,0.888276
40345.59000,0.8879
40345.60000,0.887525
40345.61000,0.88715
40345.62000,0.886774
40345.63000,0.886399
40345.64000,0.886236
40345.65000,0.886073
40345.66000,0.885909
40345.67000,0.885746
40345.68000,0.885583
40345.69000,0.885419
40345.70000,0.885256
40345.71000,0.885093
40345.72000,0.88493
40345.73000,0.884766
40345.74000,0.884603
40345.75000,0.88444
40345.76000,0.884277
40345.77000,0.884145
40345.78000,0.884029
40345.79000,0.883914
40345.80000,0.883798
40345.81000,0.883682
40345.82000,0.883566
40345.83000,0.88345
40345.84000,0.883335
40345.85000,0.883219
40345.86000,0.883103
40345.87000,0.882987
40345.88000,0.882871
40345.89000,0.882756
40345.90000,0.88264
40345.91000,0.882524
40345.92000,0.882408
40345.93000,0.882293
40345.94000,0.882177
40345.95000,0.882052
40345.96000,0.881927
40345.97000,0.881801
40345.98000,0.881676
40345.99000,0.88155
40346.00000,0.881425
40346.01000,0.881299
40346.02000,0.881174
40346.03000,0.881048
40346.04000,0.880923
40346.05000,0.880797
40346.06000,0.880672
40346.07000,0.880546
40346.08000,0.880421
40346.09000,0.880295
40346.10000,0.880169
40346.11000,0.880044
40346.12000,0.879918
40346.13000,0.879793
40346.14000,0.879667
40346.15000,0.879542
40346.16000,0.879416
40346.17000,0.879291
40346.18000,0.87908
40346.19000,0.878494
40346.20000,0.877908
40346.21000,0.877321
40346.22000,0.876735
40346.23000,0.876149
40346.24000,0.875563
40346.25000,0.874976
40346.26000,0.87439
40346.27000,0.873804
40346.28000,0.873218
40346.29000,0.872632
40346.30000,0.872045
40346.31000,0.871459
40346.32000,0.870873
40346.33000,0.870287
40346.34000,0.869701
40346.35000,0.869114
40346.36000,0.868528
40346.37000,0.867942
40346.38000,0.867356
40346.39000,0.866769
40346.40000,0.866183
40346.41000,0.865597
40346.42000,0.865011
40346.43000,0.864425
40346.44000,0.863838
40346.45000,0.863252
40346.46000,0.862666
40346.47000,0.86208
40346.48000,0.861494
40346.49000,0.860907
40346.50000,0.860604
40346.51000,0.860504
40346.52000,0.860404
40346.53000,0.860305
40346.54000,0.860205
40346.55000,0.860105
40346.56000,0.860006
40346.57000,0.859906
40346.58000,0.859807
40346.59000,0.859707
40346.60000,0.859607
40346.61000,0.859508
40346.62000,0.859408
40346.63000,0.859309
40346.64000,0.859209
40346.65000,0.859109
40346.66000,0.85901
40346.67000,0.85891
40346.68000,0.858811
40346.69000,0.858711
40346.70000,0.858611
40346.71000,0.858512
40346.72000,0.858412
40346.73000,0.858313
40346.74000,0.858213
40346.75000,0.858113
40346.76000,0.858014
40346.77000,0.857914
40346.78000,0.857814
40346.79000,0.857715
40346.80000,0.857615
40346.81000,0.857516
40346.82000,0.857416
40346.83000,0.857316
40346.84000,0.857217
40346.85000,0.857117
40346.86000,0.857018
40346.87000,0.856918
40346.88000,0.856818
40346.89000,0.856719
40346.90000,0.856619
40346.91000,0.85652
40346.92000,0.856334
40346.93000,0.856038
40346.94000,0.855742
40346.95000,0.855446
40346.96000,0.855151
40346.97000,0.854855
40346.98000,0.854559
40346.99000,0.854263
40347.00000,0.853967
40347.01000,0.853672
40347.02000,0.853376
40347.03000,0.85308
40347.04000,0.852784
40347.05000,0.852489
40347.06000,0.852193
40347.07000,0.851897
40347.08000,0.851601
40347.09000,0.851305
40347.10000,0.85101
40347.11000,0.850714
40347.12000,0.850418
40347.13000,0.850122
40347.14000,0.849827
40347.15000,0.849531
40347.16000,0.849235
40347.17000,0.848939
40347.18000,0.848644
40347.19000,0.848348
40347.20000,0.848052
40347.21000,0.847756
40347.22000,0.84746
40347.23000,0.847165
40347.24000,0.846869
40347.25000,0.846573
40347.26000,0.846277
40347.27000,0.845982
40347.28000,0.845686
40347.29000,0.84539
40347.30000,0.845094
40347.31000,0.844799
40347.32000,0.844503
40347.33000,0.844207
40347.34000,0.843951
40347.35000,0.843786
40347.36000,0.843621
40347.37000,0.843456
40347.38000,0.843291
40347.39000,0.843127
40347.40000,0.842962
40347.41000,0.842797
40347.42000,0.842632
40347.43000,0.842467
40347.44000,0.842302
40347.45000,0.842138
40347.46000,0.841973
40347.47000,0.841808
40347.48000,0.841643
40347.49000,0.841478
40347.50000,0.841314
40347.51000,0.841149
40347.52000,0.840984
40347.53000,0.840819
40347.54000,0.840654
40347.55000,0.84049
40347.56000,0.840325
40347.57000,0.84016
40347.58000,0.839995
40347.59000,0.83983
40347.60000,0.839665
40347.61000,0.839501
40347.62000,0.839336
40347.63000,0.839171
40347.64000,0.839006
40347.65000,0.838841
40347.66000,0.838677
40347.67000,0.838512
40347.68000,0.838347
40347.69000,0.838182
40347.70000,0.838017
40347.71000,0.837853
40347.72000,0.837688
40347.73000,0.837523
40347.74000,0.837358
40347.75000,0.837193
40347.76000,0.837039
40347.77000,0.836938
40347.78000,0.836836
40347.79000,0.836735
40347.80000,0.836634
40347.81000,0.836533
40347.82000,0.836432
40347.83000,0.836331
40347.84000,0.83623
40347.85000,0.836128
40347.86000,0.836027
40347.87000,0.835926
40347.88000,0.835825
40347.89000,0.835724
40347.90000,0.835623
40347.91000,0.835522
40347.92000,0.835421
40347.93000,0.835319
40347.94000,0.835218
40347.95000,0.835117
40347.96000,0.835016
40347.97000,0.834915
40347.98000,0.834814
40347.99000,0.834713
40348.00000,0.834612
40348.01000,0.83451
40348.02000,0.834409
40348.03000,0.834308
40348.04000,0.834207
40348.05000,0.834106
40348.06000,0.834005
40348.07000,0.833904
40348.08000,0.833802
40348.09000,0.833701
40348.10000,0.8336
40348.11000,0.833499
40348.12000,0.833398
40348.13000,0.833297
40348.14000,0.833196
40348.15000,0.833095
40348.16000,0.832993
40348.17000,0.832892
40348.18000,0.832785
40348.19000,0.832399
40348.20000,0.832012
40348.21000,0.831626
40348.22000,0.83124
40348.23000,0.830853
40348.24000,0.830467
40348.25000,0.83008
40348.26000,0.829694
40348.27000,0.829307
40348.28000,0.828921
40348.29000,0.828535
40348.30000,0.828148
40348.31000,0.827762
40348.32000,0.827375
40348.33000,0.826989
40348.34000,0.826603
40348.35000,0.826216
40348.36000,0.82583
40348.37000,0.825443
40348.38000,0.825057
40348.39000,0.82467
40348.40000,0.824284
40348.41000,0.823898
40348.42000,0.823511
40348.43000,0.823125
40348.44000,0.822738
40348.45000,0.822352
40348.46000,0.821965
40348.47000,0.821579
40348.48000,0.821193
40348.49000,0.820806
40348.50000,0.82042
40348.51000,0.820033
40348.52000,0.819647
40348.53000,0.81926
40348.54000,0.818874
40348.55000,0.818488
40348.56000,0.818101
40348.57000,0.817715
40348.58000,0.817328
40348.59000,0.816942
40348.60000,0.816556
40348.61000,0.816403
40348.62000,0.816282
40348.63000,0.816162
40348.64000,0.816041
40348.65000,0.81592
40348.66000,0.815799
40348.67000,0.815679
40348.68000,0.815558
40348.69000,0.815437
40348.70000,0.815316
40348.71000,0.815196
40348.72000,0.815075
40348.73000,0.814954
40348.74000,0.814834
40348.75000,0.814713
40348.76000,0.814592
40348.77000,0.814471
40348.78000,0.814351
40348.79000,0.81423
40348.80000,0.814109
40348.81000,0.813988
40348.82000,0.813868
40348.83000,0.813747
40348.84000,0.813626
40348.85000,0.813506
40348.86000,0.813385
40348.87000,0.813264
40348.88000,0.813143
40348.89000,0.813023
40348.90000,0.812902
40348.91000,0.812781
40348.92000,0.81266
40348.93000,0.81254
40348.94000,0.812419
40348.95000,0.812298
40348.96000,0.812177
40348.97000,0.812057
40348.98000,0.811936
40348.99000,0.811815
40349.00000,0.811695
40349.01000,0.811574
40349.02000,0.811453
40349.03000,0.8111
40349.04000,0.810665
40349.05000,0.810231
40349.06000,0.809796
40349.07000,0.809362
40349.08000,0.808927
40349.09000,0.808492
40349.10000,0.808058
40349.11000,0.807623
40349.12000,0.807189
40349.13000,0.806754
40349.14000,0.806319
40349.15000,0.805885
40349.16000,0.80545
40349.17000,0.805016
40349.18000,0.804581
40349.19000,0.804146
40349.20000,0.803712
40349.21000,0.803277
40349.22000,0.802843
40349.23000,0.802408
40349.24000,0.801974
40349.25000,0.801539
40349.26000,0.801104
40349.27000,0.80067
40349.28000,0.800235
40349.29000,0.799801
40349.30000,0.799366
40349.31000,0.798931
40349.32000,0.798497
40349.33000,0.798062
40349.34000,0.797628
40349.35000,0.797193
40349.36000,0.796758
40349.37000,0.796324
40349.38000,0.795889
40349.39000,0.795455
40349.40000,0.79502
40349.41000,0.794585
40349.42000,0.794151
40349.43000,0.793716
40349.44000,0.793282
40349.45000,0.792847
40349.46000,0.792413
40349.47000,0.791978
40349.48000,0.791543
40349.49000,0.791109
40349.50000,0.790674
40349.51000,0.79024
40349.52000,0.789805
40349.53000,0.789616
40349.54000,0.789514
40349.55000,0.789411
40349.56000,0.789309
40349.57000,0.789206
40349.58000,0.789103
40349.59000,0.789001
40349.60000,0.788898
40349.61000,0.788796
40349.62000,0.788693
40349.63000,0.78859
40349.64000,0.788488
40349.65000,0.788385
40349.66000,0.788283
40349.67000,0.78818
40349.68000,0.788077
40349.69000,0.787975
40349.70000,0.787872
40349.71000,0.78777
40349.72000,0.787667
40349.73000,0.787564
40349.74000,0.787462
40349.75000,0.787359
40349.76000,0.787257
40349.77000,0.787154
40349.78000,0.787051
40349.79000,0.786949
40349.80000,0.786846
40349.81000,0.786744
40349.82000,0.786641
40349.83000,0.786538
40349.84000,0.786436
40349.85000,0.786333
40349.86000,0.786231
40349.87000,0.786128
40349.88000,0.786025
40349.89000,0.785923
40349.90000,0.78582
40349.91000,0.785718
40349.92000,0.785615
40349.93000,0.785512
40349.94000,0.78541
40349.95000,0.785307
40349.96000,0.785205
40349.97000,0.785102
40349.98000,0.784999
40349.99000,0.784897
40350.00000,0.784794
40350.01000,0.784692
40350.02000,0.784589
40350.03000,0.78424
40350.04000,0.783805
40350.05000,0.78337
40350.06000,0.782935
40350.07000,0.7825
40350.08000,0.782065
40350.09000,0.78163
40350.10000,0.781195
40350.11000,0.780759
40350.12000,0.780324
40350.13000,0.779889
40350.14000,0.779454
40350.15000,0.779019
40350.16000,0.778584
40350.17000,0.778149
40350.18000,0.777714
40350.19000,0.777279
40350.20000,0.776844
40350.21000,0.776409
40350.22000,0.775973
40350.23000,0.775538
40350.24000,0.775103
40350.25000,0.774668
40350.26000,0.774233
40350.27000,0.773798
40350.28000,0.773363
40350.29000,0.772928
40350.30000,0.772493
40350.31000,0.772058
40350.32000,0.771623
40350.33000,0.771188
40350.34000,0.770752
40350.35000,0.770317
40350.36000,0.769882
40350.37000,0.769447
40350.38000,0.769012
40350.39000,0.768577
40350.40000,0.768142
40350.41000,0.767707
40350.42000,0.767272
40350.43000,0.766837
40350.44000,0.766402
40350.45000,0.765966
40350.46000,0.765531
40350.47000,0.765096
40350.48000,0.764661
40350.49000,0.764226
40350.50000,0.763791
40350.51000,0.763356
40350.52000,0.762921
40350.53000,0.762732
40350.54000,0.762628
40350.55000,0.762525
40350.56000,0.762422
40350.57000,0.762318
40350.58000,0.762215
40350.59000,0.762112
40350.60000,0.762009
40350.61000,0.761905
40350.62000,0.761802
40350.63000,0.761699
40350.64000,0.761596
40350.65000,0.761492
40350.66000,0.761389
40350.67000,0.761286
40350.68000,0.761183
40350.69000,0.761079
40350.70000,0.760976
40350.71000,0.760873
40350.72000,0.760769
40350.73000,0.760666
40350.74000,0.760563
40350.75000,0.76046
40350.76000,0.760356
40350.77000,0.760253
40350.78000,0.76015
40350.79000,0.760047
40350.80000,0.759943
40350.81000,0.75984
40350.82000,0.759737
40350.83000,0.759634
40350.84000,0.75953
40350.85000,0.759427
40350.86000,0.759324
40350.87000,0.75922
40350.88000,0.759117
40350.89000,0.759014
40350.90000,0.758911
40350.91000,0.758807
40350.92000,0.758704
40350.93000,0.758601
40350.94000,0.758498
40350.95000,0.758394
40350.96000,0.758291
40350.97000,0.758188
40350.98000,0.758084
40350.99000,0.757981
40351.00000,0.757878
40351.01000,0.757775
40351.02000,0.757671
40351.03000,0.757479
40351.04000,0.757256
40351.05000,0.757032
40351.06000,0.756809
40351.07000,0.756585
40351.08000,0.756362
40351.09000,0.756138
40351.10000,0.755915
40351.11000,0.755692
40351.12000,0.755468
40351.13000,0.755245
40351.14000,0.755021
40351.15000,0.754798
40351.16000,0.754574
40351.17000,0.754351
40351.18000,0.754127
40351.19000,0.753904
40351.20000,0.753681
40351.21000,0.753457
40351.22000,0.753234
40351.23000,0.75301
40351.24000,0.752787
40351.25000,0.752563
40351.26000,0.75234
40351.27000,0.752116
40351.28000,0.751893
40351.29000,0.75167
40351.30000,0.751446
40351.31000,0.751223
40351.32000,0.750999
40351.33000,0.750776
40351.34000,0.750552
40351.35000,0.750329
40351.36000,0.750106
40351.37000,0.749882
40351.38000,0.749659
40351.39000,0.749435
40351.40000,0.749212
40351.41000,0.748988
40351.42000,0.748765
40351.43000,0.748541
40351.44000,0.748318
40351.45000,0.748095
40351.46000,0.747871
40351.47000,0.747648
40351.48000,0.747424
40351.49000,0.747201
40351.50000,0.746977
40351.51000,0.746754
40351.52000,0.74653
40351.53000,0.746511
40351.54000,0.746564
40351.55000,0.746617
40351.56000,0.746669
40351.57000,0.746722
40351.58000,0.746775
40351.59000,0.746827
40351.60000,0.74688
40351.61000,0.746933
40351.62000,0.746985
40351.63000,0.747038
40351.64000,0.747091
40351.65000,0.747143
40351.66000,0.747196
40351.67000,0.747249
40351.68000,0.747301
40351.69000,0.747354
40351.70000,0.747407
40351.71000,0.747459
40351.72000,0.747512
40351.73000,0.747565
40351.74000,0.747617
40351.75000,0.74767
40351.76000,0.747723
40351.77000,0.747775
40351.78000,0.747828
40351.79000,0.753594
40351.80000,0.766301
40351.81000,0.787163
40351.82000,0.809316
40351.83000,0.828161
40351.84000,0.842155
40351.85000,0.850829
40351.86000,0.859484
40351.87000,0.859716
40351.88000,0.859949
40351.89000,0.860182
40351.90000,0.860414
40351.91000,0.860647
40351.92000,0.86088
40351.93000,0.861112
40351.94000,0.861345
40351.95000,0.861578
40351.96000,0.86181
40351.97000,0.861796
40351.98000,0.861783
40351.99000,0.861769
40352.00000,0.861755
40352.01000,0.861741
40352.02000,0.861727
40352.03000,0.861714
40352.04000,0.8617
40352.05000,0.861686
40352.06000,0.861672
40352.07000,0.861658
40352.08000,0.861645
40352.09000,0.861631
40352.10000,0.861528
40352.11000,0.86138
40352.12000,0.861232
40352.13000,0.861085
40352.14000,0.860937
40352.15000,0.860789
40352.16000,0.860641
40352.17000,0.860494
40352.18000,0.860346
40352.19000,0.860198
40352.20000,0.86005
40352.21000,0.859903
40352.22000,0.859755
40352.23000,0.859607
40352.24000,0.85946
40352.25000,0.859312
40352.26000,0.859164
40352.27000,0.859016
40352.28000,0.858644
40352.29000,0.858243
40352.30000,0.857843
40352.31000,0.857442
40352.32000,0.857041
40352.33000,0.856641
40352.34000,0.85624
40352.35000,0.85584
40352.36000,0.855439
40352.37000,0.855038
40352.38000,0.854638
40352.39000,0.854237
40352.40000,0.853837
40352.41000,0.853436
40352.42000,0.853035
40352.43000,0.852635
40352.44000,0.852234
40352.45000,0.851839
40352.46000,0.85149
40352.47000,0.85114
40352.48000,0.850791
40352.49000,0.850442
40352.50000,0.850092
40352.51000,0.849743
40352.52000,0.849393
40352.53000,0.849044
40352.54000,0.848695
40352.55000,0.848345
40352.56000,0.847996
40352.57000,0.847646
40352.58000,0.847297
40352.59000,0.846948
40352.60000,0.846598
40352.61000,0.846249
40352.62000,0.8459
40352.63000,0.845633
40352.64000,0.845531
40352.65000,0.845429
40352.66000,0.845327
40352.67000,0.845225
40352.68000,0.845123
40352.69000,0.845021
40352.70000,0.844919
40352.71000,0.844817
40352.72000,0.844715
40352.73000,0.844613
40352.74000,0.844511
40352.75000,0.844409
40352.76000,0.844307
40352.77000,0.844206
40352.78000,0.844104
40352.79000,0.844002
40352.80000,0.8439
40352.81000,0.843801
40352.82000,0.843704
40352.83000,0.843607
40352.84000,0.84351
40352.85000,0.843412
40352.86000,0.843315
40352.87000,0.843218
40352.88000,0.843121
40352.89000,0.843024
40352.90000,0.842927
40352.91000,0.84283
40352.92000,0.842733
40352.93000,0.842636
40352.94000,0.842539
40352.95000,0.842442
40352.96000,0.842345
40352.97000,0.842248
40352.98000,0.842151
40352.99000,0.842053
40353.00000,0.841955
40353.01000,0.841857
40353.02000,0.841758
40353.03000,0.84166
40353.04000,0.841562
40353.05000,0.841464
40353.06000,0.841365
40353.07000,0.841267
40353.08000,0.841169
40353.09000,0.84107
40353.10000,0.840972
40353.11000,0.840874
40353.12000,0.840775
40353.13000,0.840677
40353.14000,0.840579
40353.15000,0.840481
40353.16000,0.840382
40353.17000,0.840095
40353.18000,0.839807
40353.19000,0.839519
40353.20000,0.839232
40353.21000,0.838944
40353.22000,0.838656
40353.23000,0.838369
40353.24000,0.838081
40353.25000,0.837793
40353.26000,0.837506
40353.27000,0.837218
40353.28000,0.83693
40353.29000,0.836643
40353.30000,0.836355
40353.31000,0.836067
40353.32000,0.83578
40353.33000,0.835492
40353.34000,0.83514
40353.35000,0.834562
40353.36000,0.833985
40353.37000,0.833407
40353.38000,0.83283
40353.39000,0.832252
40353.40000,0.831674
40353.41000,0.831097
40353.42000,0.830519
40353.43000,0.829942
40353.44000,0.829364
40353.45000,0.828787
40353.46000,0.828209
40353.47000,0.827631
40353.48000,0.827054
40353.49000,0.826476
40353.50000,0.825899
40353.51000,0.825321
40353.52000,0.824899
40353.53000,0.824672
40353.54000,0.824445
40353.55000,0.824218
40353.56000,0.823991
40353.57000,0.823764
40353.58000,0.823536
40353.59000,0.823309
40353.60000,0.823082
40353.61000,0.822855
40353.62000,0.822628
40353.63000,0.822401
40353.64000,0.822173
40353.65000,0.821946
40353.66000,0.821719
40353.67000,0.821492
40353.68000,0.821265
40353.69000,0.821038
40353.70000,0.820811
40353.71000,0.820583
40353.72000,0.820356
40353.73000,0.820129
40353.74000,0.819902
40353.75000,0.819675
40353.76000,0.819516
40353.77000,0.819381
40353.78000,0.819245
40353.79000,0.81911
40353.80000,0.818975
40353.81000,0.81884
40353.82000,0.818705
40353.83000,0.818569
40353.84000,0.818434
40353.85000,0.818299
40353.86000,0.818164
40353.87000,0.818029
40353.88000,0.817894
40353.89000,0.817758
40353.90000,0.817623
40353.91000,0.817488
40353.92000,0.817353
40353.93000,0.817218
40353.94000,0.817082
40353.95000,0.816947
40353.96000,0.816812
40353.97000,0.816677
40353.98000,0.816542
40353.99000,0.816406
40354.00000,0.816271
40354.01000,0.816136
40354.02000,0.816001
40354.03000,0.815866
40354.04000,0.81573
40354.05000,0.815595
40354.06000,0.81546
40354.07000,0.815283
40354.08000,0.814843
40354.09000,0.814403
40354.10000,0.813963
40354.11000,0.813523
40354.12000,0.813083
40354.13000,0.812643
40354.14000,0.812203
40354.15000,0.811763
40354.16000,0.811323
40354.17000,0.810883
40354.18000,0.810443
40354.19000,0.810002
40354.20000,0.809562
40354.21000,0.809122
40354.22000,0.808682
40354.23000,0.808242
40354.24000,0.807802
40354.25000,0.807362
40354.26000,0.806922
40354.27000,0.806482
40354.28000,0.806042
40354.29000,0.805602
40354.30000,0.805162
40354.31000,0.804721
40354.32000,0.804281
40354.33000,0.803841
40354.34000,0.803401
40354.35000,0.802961
40354.36000,0.802521
40354.37000,0.802081
40354.38000,0.801641
40354.39000,0.801201
40354.40000,0.800761
40354.41000,0.800321
40354.42000,0.79988
40354.43000,0.79944
40354.44000,0.799
40354.45000,0.79856
40354.46000,0.79812
40354.47000,0.79768
40354.48000,0.79724
40354.49000,0.7968
40354.50000,0.796696
40354.51000,0.796594
40354.52000,0.796492
40354.53000,0.79639
40354.54000,0.796288
40354.55000,0.796186
40354.56000,0.796084
40354.57000,0.795982
40354.58000,0.79588
40354.59000,0.795778
40354.60000,0.795676
40354.61000,0.795574
40354.62000,0.795472
40354.63000,0.79537
40354.64000,0.795268
40354.65000,0.795166
40354.66000,0.795063
40354.67000,0.794961
40354.68000,0.794859
40354.69000,0.794757
40354.70000,0.794655
40354.71000,0.794553
40354.72000,0.794451
40354.73000,0.794349
40354.74000,0.794247
40354.75000,0.794145
40354.76000,0.794043
40354.77000,0.793941
40354.78000,0.793839
40354.79000,0.793737
40354.80000,0.793635
40354.81000,0.793533
40354.82000,0.79343
40354.83000,0.793328
40354.84000,0.793226
40354.85000,0.793124
40354.86000,0.793022
40354.87000,0.79292
40354.88000,0.792818
40354.89000,0.792716
40354.90000,0.792614
40354.91000,0.792512
40354.92000,0.792254
40354.93000,0.791969
40354.94000,0.791685
40354.95000,0.7914
40354.96000,0.791116
40354.97000,0.790831
40354.98000,0.790547
40354.99000,0.790262
40355.00000,0.789978
40355.01000,0.789693
40355.02000,0.789409
40355.03000,0.789124
40355.04000,0.78884
40355.05000,0.788555
40355.06000,0.788271
40355.07000,0.787986
40355.08000,0.787702
40355.09000,0.787417
40355.10000,0.787133
40355.11000,0.786848
40355.12000,0.786564
40355.13000,0.786279
40355.14000,0.785995
40355.15000,0.78571
40355.16000,0.785426
40355.17000,0.785141
40355.18000,0.784857
40355.19000,0.784572
40355.20000,0.784288
40355.21000,0.784003
40355.22000,0.783719
40355.23000,0.783434
40355.24000,0.78315
40355.25000,0.782865
40355.26000,0.782581
40355.27000,0.782296
40355.28000,0.782012
40355.29000,0.781727
40355.30000,0.781443
40355.31000,0.781158
40355.32000,0.780874
40355.33000,0.780589
40355.34000,0.780386
40355.35000,0.780215
40355.36000,0.780044
40355.37000,0.779873
40355.38000,0.779702
40355.39000,0.77953
40355.40000,0.779359
40355.41000,0.779188
40355.42000,0.779017
40355.43000,0.778846
40355.44000,0.778675
40355.45000,0.778504
40355.46000,0.778333
40355.47000,0.778162
40355.48000,0.777991
40355.49000,0.77782
40355.50000,0.777649
40355.51000,0.777478
40355.52000,0.777307
40355.53000,0.777136
40355.54000,0.776965
40355.55000,0.776794
40355.56000,0.776623
40355.57000,0.776452
40355.58000,0.776281
40355.59000,0.77611
40355.60000,0.775938
40355.61000,0.775767
40355.62000,0.775596
40355.63000,0.775425
40355.64000,0.775254
40355.65000,0.775083
40355.66000,0.774912
40355.67000,0.774741
40355.68000,0.77457
40355.69000,0.774399
40355.70000,0.774228
40355.71000,0.774057
40355.72000,0.773886
40355.73000,0.773715
40355.74000,0.773544
40355.75000,0.773373
40355.76000,0.773241
40355.77000,0.773138
40355.78000,0.773035
40355.79000,0.772932
40355.80000,0.77283
40355.81000,0.772727
40355.82000,0.772624
40355.83000,0.772521
40355.84000,0.772418
40355.85000,0.772315
40355.86000,0.772212
40355.87000,0.772109
40355.88000,0.772007
40355.89000,0.771904
40355.90000,0.771801
40355.91000,0.771698
40355.92000,0.771595
40355.93000,0.771492
40355.94000,0.771389
40355.95000,0.771287
40355.96000,0.771184
40355.97000,0.771081
40355.98000,0.770978
40355.99000,0.770875
40356.00000,0.770772
40356.01000,0.770669
40356.02000,0.770567
40356.03000,0.770464
40356.04000,0.770361
40356.05000,0.770258
40356.06000,0.770155
40356.07000,0.770052
40356.08000,0.769949
40356.09000,0.769846
40356.10000,0.769744
40356.11000,0.769641
40356.12000,0.769538
40356.13000,0.769435
40356.14000,0.769332
40356.15000,0.769229
40356.16000,0.769126
40356.17000,0.769024
40356.18000,0.768796
40356.19000,0.768406
40356.20000,0.768016
40356.21000,0.767626
40356.22000,0.767236
40356.23000,0.766846
40356.24000,0.766456
40356.25000,0.766066
40356.26000,0.765676
40356.27000,0.765287
40356.28000,0.764897
40356.29000,0.764507
40356.30000,0.764117
40356.31000,0.763727
40356.32000,0.763337
40356.33000,0.762947
40356.34000,0.762557
40356.35000,0.762167
40356.36000,0.761778
40356.37000,0.761388
40356.38000,0.760998
40356.39000,0.760608
40356.40000,0.760218
40356.41000,0.759828
40356.42000,0.759438
40356.43000,0.759048
40356.44000,0.758658
40356.45000,0.758269
40356.46000,0.757879
40356.47000,0.757489
40356.48000,0.757099
40356.49000,0.756709
40356.50000,0.756319
40356.51000,0.755929
40356.52000,0.755539
40356.53000,0.755149
40356.54000,0.75476
40356.55000,0.75437
40356.56000,0.75398
40356.57000,0.75359
40356.58000,0.7532
40356.59000,0.75281
40356.60000,0.752505
40356.61000,0.752401
40356.62000,0.752298
40356.63000,0.752194
40356.64000,0.75209
40356.65000,0.751987
40356.66000,0.751883
40356.67000,0.751779
40356.68000,0.751676
40356.69000,0.751572
40356.70000,0.751468
40356.71000,0.751365
40356.72000,0.751261
40356.73000,0.751157
40356.74000,0.751054
40356.75000,0.75095
40356.76000,0.750846
40356.77000,0.750743
40356.78000,0.750639
40356.79000,0.750535
40356.80000,0.750432
40356.81000,0.750328
40356.82000,0.750224
40356.83000,0.750121
40356.84000,0.750017
40356.85000,0.749913
40356.86000,0.74981
40356.87000,0.749706
40356.88000,0.749602
40356.89000,0.749499
40356.90000,0.749395
40356.91000,0.749291
40356.92000,0.749187
40356.93000,0.749084
40356.94000,0.74898
40356.95000,0.748876
40356.96000,0.748773
40356.97000,0.748669
40356.98000,0.748565
40356.99000,0.748462
40357.00000,0.748358
40357.01000,0.748254
40357.02000,0.748147
40357.03000,0.748021
40357.04000,0.747895
40357.05000,0.747769
40357.06000,0.747642
40357.07000,0.747516
40357.08000,0.74739
40357.09000,0.747264
40357.10000,0.747138
40357.11000,0.747011
40357.12000,0.746885
40357.13000,0.746759
40357.14000,0.746633
40357.15000,0.746507
40357.16000,0.746381
40357.17000,0.746254
40357.18000,0.746128
40357.19000,0.746002
40357.20000,0.745876
40357.21000,0.74575
40357.22000,0.745623
40357.23000,0.745497
40357.24000,0.745371
40357.25000,0.745245
40357.26000,0.745119
40357.27000,0.744992
40357.28000,0.744866
40357.29000,0.74474
40357.30000,0.744614
40357.31000,0.744488
40357.32000,0.744361
40357.33000,0.744235
40357.34000,0.744109
40357.35000,0.743983
40357.36000,0.743857
40357.37000,0.74373
40357.38000,0.743604
40357.39000,0.743478
40357.40000,0.743352
40357.41000,0.743226
40357.42000,0.743099
40357.43000,0.742973
40357.44000,0.742856
40357.45000,0.743263
40357.46000,0.74367
40357.47000,0.744077
40357.48000,0.744484
40357.49000,0.744892
40357.50000,0.745299
40357.51000,0.745706
40357.52000,0.746113
40357.53000,0.74652
40357.54000,0.746927
40357.55000,0.747335
40357.56000,0.747742
40357.57000,0.748149
40357.58000,0.771337
40357.59000,0.818353
40357.60000,0.887738
40357.61000,0.956749
40357.62000,1.00872
40357.63000,1.04262
40357.64000,1.05979
40357.65000,1.04083
40357.66000,1.03902
40357.67000,1.0372
40357.68000,1.03539
40357.69000,1.03358
40357.70000,1.03176
40357.71000,1.02995
40357.72000,1.02813
40357.73000,1.02632
40357.74000,1.02451
40357.75000,1.02269
40357.76000,1.02145
40357.77000,1.02021
40357.78000,1.01897
40357.79000,1.01773
40357.80000,1.01649
40357.81000,1.01525
40357.82000,1.01401
40357.83000,1.01277
40357.84000,1.01152
40357.85000,1.01028
40357.86000,1.00904
40357.87000,1.0078
40357.88000,1.00656
40357.89000,1.00557
40357.90000,1.00471
40357.91000,1.00385
40357.92000,1.00299
40357.93000,1.00213
40357.94000,1.00126
40357.95000,1.0004
40357.96000,0.999542
40357.97000,0.998681
40357.98000,0.997819
40357.99000,0.996958
40358.00000,0.996097
40358.01000,0.995235
40358.02000,0.994374
40358.03000,0.993512
40358.04000,0.992651
40358.05000,0.99179
40358.06000,0.990928
40358.07000,0.990208
40358.08000,0.989506
40358.09000,0.988804
40358.10000,0.988101
40358.11000,0.987399
40358.12000,0.986697
40358.13000,0.985994
40358.14000,0.985292
40358.15000,0.984589
40358.16000,0.983887
40358.17000,0.983185
40358.18000,0.982482
40358.19000,0.98178
40358.20000,0.981078
40358.21000,0.980375
40358.22000,0.979673
40358.23000,0.978971
40358.24000,0.978268
40358.25000,0.977566
40358.26000,0.976864
40358.27000,0.976161
40358.28000,0.975459
40358.29000,0.974756
40358.30000,0.974065
40358.31000,0.97342
40358.32000,0.972775
40358.33000,0.97213
40358.34000,0.971485
40358.35000,0.97084
40358.36000,0.970195
40358.37000,0.96955
40358.38000,0.968905
40358.39000,0.96826
40358.40000,0.967615
40358.41000,0.96697
40358.42000,0.966326
40358.43000,0.965681
40358.44000,0.965036
40358.45000,0.964391
40358.46000,0.963746
40358.47000,0.963101
40358.48000,0.962456
40358.49000,0.961811
40358.50000,0.961166
40358.51000,0.960521
40358.52000,0.959876
40358.53000,0.959231
40358.54000,0.958586
40358.55000,0.957941
40358.56000,0.957296
40358.57000,0.956651
40358.58000,0.956007
40358.59000,0.955362
40358.60000,0.954717
40358.61000,0.954072
40358.62000,0.953689
40358.63000,0.953496
40358.64000,0.953302
40358.65000,0.953109
40358.66000,0.952916
40358.67000,0.952723
40358.68000,0.952529
40358.69000,0.952336
40358.70000,0.952143
40358.71000,0.95195
40358.72000,0.951756
40358.73000,0.951563
40358.74000,0.95137
40358.75000,0.951177
40358.76000,0.950983
40358.77000,0.95079
40358.78000,0.950597
40358.79000,0.950404
40358.80000,0.95021
40358.81000,0.950017
40358.82000,0.949824
40358.83000,0.949631
40358.84000,0.949437
40358.85000,0.949244
40358.86000,0.949051
40358.87000,0.948858
40358.88000,0.948664
40358.89000,0.948471
40358.90000,0.948278
40358.91000,0.948085
40358.92000,0.947891
40358.93000,0.947698
40358.94000,0.947505
40358.95000,0.947312
40358.96000,0.947118
40358.97000,0.946925
40358.98000,0.946732
40358.99000,0.946538
40359.00000,0.946345
40359.01000,0.946152
40359.02000,0.945959
40359.03000,0.945765
40359.04000,0.945463
40359.05000,0.945022
40359.06000,0.944581
40359.07000,0.94414
40359.08000,0.943699
40359.09000,0.943258
40359.10000,0.942817
40359.11000,0.942375
40359.12000,0.941934
40359.13000,0.941493
40359.14000,0.941052
40359.15000,0.940611
40359.16000,0.94017
40359.17000,0.939729
40359.18000,0.939288
40359.19000,0.938847
40359.20000,0.938406
40359.21000,0.937965
40359.22000,0.937523
40359.23000,0.937082
40359.24000,0.936641
40359.25000,0.9362
40359.26000,0.935759
40359.27000,0.935318
40359.28000,0.934877
40359.29000,0.934436
40359.30000,0.933995
40359.31000,0.933554
40359.32000,0.933113
40359.33000,0.932671
40359.34000,0.93223
40359.35000,0.931789
40359.36000,0.931348
40359.37000,0.930907
40359.38000,0.930466
40359.39000,0.930025
40359.40000,0.929584
40359.41000,0.929143
40359.42000,0.928702
40359.43000,0.92826
40359.44000,0.927819
40359.45000,0.927378
40359.46000,0.926937
40359.47000,0.926496
40359.48000,0.926055
40359.49000,0.925614
40359.50000,0.925173
40359.51000,0.924732
40359.52000,0.924291
40359.53000,0.92385
40359.54000,0.923559
40359.55000,0.923459
40359.56000,0.923359
40359.57000,0.923259
40359.58000,0.92316
40359.59000,0.92306
40359.60000,0.92296
40359.61000,0.92286
40359.62000,0.92276
40359.63000,0.922661
40359.64000,0.922561
40359.65000,0.922461
40359.66000,0.922361
40359.67000,0.922261
40359.68000,0.922162
40359.69000,0.922062
40359.70000,0.921962
40359.71000,0.921862
40359.72000,0.921763
40359.73000,0.921663
40359.74000,0.921563
40359.75000,0.921463
40359.76000,0.921363
40359.77000,0.921264
40359.78000,0.921164
40359.79000,0.921064
40359.80000,0.920964
40359.81000,0.920864
40359.82000,0.920765
40359.83000,0.920665
40359.84000,0.920565
40359.85000,0.920465
40359.86000,0.920365
40359.87000,0.920266
40359.88000,0.920166
40359.89000,0.920066
40359.90000,0.919966
40359.91000,0.919866
40359.92000,0.919767
40359.93000,0.919667
40359.94000,0.919567
40359.95000,0.919467
40359.96000,0.919368
40359.97000,0.919268
40359.98000,0.919168
40359.99000,0.919068
40360.00000,0.918968
40360.01000,0.918869
40360.02000,0.918769
40360.03000,0.918669
40360.04000,0.918418
40360.05000,0.917975
40360.06000,0.917532
40360.07000,0.917089
40360.08000,0.916645
40360.09000,0.916202
40360.10000,0.915759
40360.11000,0.915316
40360.12000,0.914873
40360.13000,0.91443
40360.14000,0.913986
40360.15000,0.913543
40360.16000,0.9131
40360.17000,0.912657
40360.18000,0.912214
40360.19000,0.911771
40360.20000,0.911327
40360.21000,0.910884
40360.22000,0.910441
40360.23000,0.909998
40360.24000,0.909555
40360.25000,0.909112
40360.26000,0.908668
40360.27000,0.908225
40360.28000,0.907782
40360.29000,0.907339
40360.30000,0.906896
40360.31000,0.906453
40360.32000,0.906009
40360.33000,0.905566
40360.34000,0.905123
40360.35000,0.90468
40360.36000,0.904237
40360.37000,0.903794
40360.38000,0.90335
40360.39000,0.902907
40360.40000,0.902464
40360.41000,0.902021
40360.42000,0.901578
40360.43000,0.901135
40360.44000,0.900692
40360.45000,0.900248
40360.46000,0.899805
40360.47000,0.899362
40360.48000,0.898919
40360.49000,0.898476
40360.50000,0.898033
40360.51000,0.897589
40360.52000,0.897146
40360.53000,0.896703
40360.54000,0.896411
40360.55000,0.896311
40360.56000,0.896211
40360.57000,0.896111
40360.58000,0.896011
40360.59000,0.895911
40360.60000,0.89581
40360.61000,0.89571
40360.62000,0.89561
40360.63000,0.89551
40360.64000,0.89541
40360.65000,0.89531
40360.66000,0.89521
40360.67000,0.89511
40360.68000,0.89501
40360.69000,0.89491
40360.70000,0.89481
40360.71000,0.89471
40360.72000,0.894609
40360.73000,0.894509
40360.74000,0.894409
40360.75000,0.894309
40360.76000,0.894209
40360.77000,0.894109
40360.78000,0.894009
40360.79000,0.893909
40360.80000,0.893809
40360.81000,0.893709
40360.82000,0.893609
40360.83000,0.893509
40360.84000,0.893408
40360.85000,0.893308
40360.86000,0.893208
40360.87000,0.893108
40360.88000,0.893008
40360.89000,0.892908
40360.90000,0.892808
40360.91000,0.892708
40360.92000,0.892608
40360.93000,0.892508
40360.94000,0.892408
40360.95000,0.892308
40360.96000,0.892207
40360.97000,0.892107
40360.98000,0.892007
40360.99000,0.891907
40361.00000,0.891807
40361.01000,0.891707
40361.02000,0.891607
40361.03000,0.891507
40361.04000,0.891257
40361.05000,0.890816
40361.06000,0.890375
40361.07000,0.889935
40361.08000,0.889494
40361.09000,0.889053
40361.10000,0.888612
40361.11000,0.888172
40361.12000,0.887731
40361.13000,0.88729
40361.14000,0.886849
40361.15000,0.886409
40361.16000,0.885968
40361.17000,0.885527
40361.18000,0.885086
40361.19000,0.884646
40361.20000,0.884205
40361.21000,0.883764
40361.22000,0.883323
40361.23000,0.882883
40361.24000,0.882442
40361.25000,0.882001
40361.26000,0.88156
40361.27000,0.88112
40361.28000,0.880679
40361.29000,0.880238
40361.30000,0.879797
40361.31000,0.879357
40361.32000,0.878916
40361.33000,0.878475
40361.34000,0.878034
40361.35000,0.877594
40361.36000,0.877153
40361.37000,0.876712
40361.38000,0.876271
40361.39000,0.875831
40361.40000,0.87539
40361.41000,0.874949
40361.42000,0.874508
40361.43000,0.874068
40361.44000,0.873627
40361.45000,0.873186
40361.46000,0.872746
40361.47000,0.872305
40361.48000,0.871864
40361.49000,0.871423
40361.50000,0.870983
40361.51000,0.870542
40361.52000,0.870101
40361.53000,0.86966
40361.54000,0.869369
40361.55000,0.869269
40361.56000,0.869168
40361.57000,0.869067
40361.58000,0.868967
40361.59000,0.868866
40361.60000,0.868765
40361.61000,0.868665
40361.62000,0.868564
40361.63000,0.868463
40361.64000,0.868363
40361.65000,0.868262
40361.66000,0.868161
40361.67000,0.868061
40361.68000,0.86796
40361.69000,0.867859
40361.70000,0.867759
40361.71000,0.867658
40361.72000,0.867557
40361.73000,0.867457
40361.74000,0.867356
40361.75000,0.867255
40361.76000,0.867155
40361.77000,0.867054
40361.78000,0.866953
40361.79000,0.866853
40361.80000,0.866752
40361.81000,0.866651
40361.82000,0.866551
40361.83000,0.86645
40361.84000,0.866349
40361.85000,0.866249
40361.86000,0.866148
40361.87000,0.866047
40361.88000,0.865947
40361.89000,0.865846
40361.90000,0.865745
40361.91000,0.865645
40361.92000,0.865544
40361.93000,0.865443
40361.94000,0.865343
40361.95000,0.865242
40361.96000,0.865141
40361.97000,0.865041
40361.98000,0.86494
40361.99000,0.864839
40362.00000,0.864739
40362.01000,0.864638
40362.02000,0.864537
40362.03000,0.864437
40362.04000,0.864187
40362.05000,0.863747
40362.06000,0.863308
40362.07000,0.862869
40362.08000,0.862429
40362.09000,0.86199
40362.10000,0.861551
40362.11000,0.861111
40362.12000,0.860672
40362.13000,0.860233
40362.14000,0.859793
40362.15000,0.859354
40362.16000,0.858915
40362.17000,0.858475
40362.18000,0.858036
40362.19000,0.857597
40362.20000,0.857157
40362.21000,0.856718
40362.22000,0.856279
40362.23000,0.855839
40362.24000,0.8554
40362.25000,0.854961
40362.26000,0.854521
40362.27000,0.854082
40362.28000,0.853643
40362.29000,0.853203
40362.30000,0.852764
40362.31000,0.852325
40362.32000,0.851885
40362.33000,0.851446
40362.34000,0.851007
40362.35000,0.850567
40362.36000,0.850128
40362.37000,0.849689
40362.38000,0.849249
40362.39000,0.84881
40362.40000,0.848371
40362.41000,0.847931
40362.42000,0.847492
40362.43000,0.847053
40362.44000,0.846613
40362.45000,0.846174
40362.46000,0.845735
40362.47000,0.845295
40362.48000,0.844856
40362.49000,0.844417
40362.50000,0.843977
40362.51000,0.843538
40362.52000,0.843099
40362.53000,0.842659
40362.54000,0.842369
40362.55000,0.842268
40362.56000,0.842166
40362.57000,0.842065
40362.58000,0.841964
40362.59000,0.841863
40362.60000,0.841761
40362.61000,0.84166
40362.62000,0.841559
40362.63000,0.841458
40362.64000,0.841356
40362.65000,0.841255
40362.66000,0.841154
40362.67000,0.841052
40362.68000,0.840951
40362.69000,0.84085
40362.70000,0.840749
40362.71000,0.840647
40362.72000,0.840546
40362.73000,0.840445
40362.74000,0.840343
40362.75000,0.840242
40362.76000,0.840141
40362.77000,0.84004
40362.78000,0.839938
40362.79000,0.839837
40362.80000,0.839736
40362.81000,0.839635
40362.82000,0.839533
40362.83000,0.839432
40362.84000,0.839331
40362.85000,0.839229
40362.86000,0.839128
40362.87000,0.839027
40362.88000,0.838926
40362.89000,0.838824
40362.90000,0.838723
40362.91000,0.838622
40362.92000,0.838521
40362.93000,0.838419
40362.94000,0.838318
40362.95000,0.838217
40362.96000,0.838115
40362.97000,0.838014
40362.98000,0.837913
40362.99000,0.837812
40363.00000,0.83771
40363.01000,0.837609
40363.02000,0.837508
40363.03000,0.837407
40363.04000,0.837156
40363.05000,0.836716
40363.06000,0.836276
40363.07000,0.835836
40363.08000,0.835396
40363.09000,0.834956
40363.10000,0.834516
40363.11000,0.834076
40363.12000,0.833636
40363.13000,0.833196
40363.14000,0.832756
40363.15000,0.832317
40363.16000,0.831877
40363.17000,0.831437
40363.18000,0.830997
40363.19000,0.830557
40363.20000,0.830117
40363.21000,0.829677
40363.22000,0.829237
40363.23000,0.828797
40363.24000,0.828357
40363.25000,0.827917
40363.26000,0.827477
40363.27000,0.827037
40363.28000,0.826597
40363.29000,0.826157
40363.30000,0.825717
40363.31000,0.825277
40363.32000,0.824837
40363.33000,0.824397
40363.34000,0.823957
40363.35000,0.823517
40363.36000,0.823077
40363.37000,0.822637
40363.38000,0.822197
40363.39000,0.821757
40363.40000,0.821317
40363.41000,0.820878
40363.42000,0.820438
40363.43000,0.819998
40363.44000,0.819558
40363.45000,0.819118
40363.46000,0.818678
40363.47000,0.818238
40363.48000,0.817798
40363.49000,0.817358
40363.50000,0.816918
40363.51000,0.816478
40363.52000,0.816038
40363.53000,0.815598
40363.54000,0.815307
40363.55000,0.815205
40363.56000,0.815103
40363.57000,0.815001
40363.58000,0.814899
40363.59000,0.814797
40363.60000,0.814695
40363.61000,0.814593
40363.62000,0.814491
40363.63000,0.814389
40363.64000,0.814287
40363.65000,0.814185
40363.66000,0.814083
40363.67000,0.813982
40363.68000,0.81388
40363.69000,0.813778
40363.70000,0.813676
40363.71000,0.813574
40363.72000,0.813472
40363.73000,0.81337
40363.74000,0.813268
40363.75000,0.813166
40363.76000,0.813064
40363.77000,0.812962
40363.78000,0.81286
40363.79000,0.812758
40363.80000,0.812656
40363.81000,0.812554
40363.82000,0.812452
40363.83000,0.81235
40363.84000,0.812248
40363.85000,0.812146
40363.86000,0.812045
40363.87000,0.811943
40363.88000,0.811841
40363.89000,0.811739
40363.90000,0.811637
40363.91000,0.811535
40363.92000,0.811433
40363.93000,0.811331
40363.94000,0.811229
40363.95000,0.811127
40363.96000,0.811025
40363.97000,0.810923
40363.98000,0.810821
40363.99000,0.810719
40364.00000,0.810617
40364.01000,0.810515
40364.02000,0.810413
40364.03000,0.810311
40364.04000,0.810064
40364.05000,0.809633
40364.06000,0.809202
40364.07000,0.808771
40364.08000,0.808339
40364.09000,0.807908
40364.10000,0.807477
40364.11000,0.807045
40364.12000,0.806614
40364.13000,0.806183
40364.14000,0.805751
40364.15000,0.80532
40364.16000,0.804889
40364.17000,0.804458
40364.18000,0.804026
40364.19000,0.803595
40364.20000,0.803164
40364.21000,0.802732
40364.22000,0.802301
40364.23000,0.80187
40364.24000,0.801438
40364.25000,0.801007
40364.26000,0.800576
40364.27000,0.800145
40364.28000,0.799713
40364.29000,0.799282
40364.30000,0.798851
40364.31000,0.798419
40364.32000,0.797988
40364.33000,0.797557
40364.34000,0.797125
40364.35000,0.796694
40364.36000,0.796263
40364.37000,0.795832
40364.38000,0.7954
40364.39000,0.794969
40364.40000,0.794538
40364.41000,0.794106
40364.42000,0.793675
40364.43000,0.793244
40364.44000,0.792812
40364.45000,0.792381
40364.46000,0.79195
40364.47000,0.791519
40364.48000,0.791087
40364.49000,0.790656
40364.50000,0.790225
40364.51000,0.789793
40364.52000,0.789362
40364.53000,0.788931
40364.54000,0.788644
40364.55000,0.788542
40364.56000,0.788439
40364.57000,0.788336
40364.58000,0.788234
40364.59000,0.788131
40364.60000,0.788029
40364.61000,0.787926
40364.62000,0.787823
40364.63000,0.787721
40364.64000,0.787618
40364.65000,0.787516
40364.66000,0.787413
40364.67000,0.787311
40364.68000,0.787208
40364.69000,0.787105
40364.70000,0.787003
40364.71000,0.7869
40364.72000,0.786798
40364.73000,0.786695
40364.74000,0.786592
40364.75000,0.78649
40364.76000,0.786387
40364.77000,0.786285
40364.78000,0.786182
40364.79000,0.78608
40364.80000,0.785977
40364.81000,0.785874
40364.82000,0.785772
40364.83000,0.785669
40364.84000,0.785567
40364.85000,0.785464
40364.86000,0.785361
40364.87000,0.785259
40364.88000,0.785156
40364.89000,0.785054
40364.90000,0.784951
40364.91000,0.784849
40364.92000,0.784746
40364.93000,0.784643
40364.94000,0.784541
40364.95000,0.784438
40364.96000,0.784336
40364.97000,0.784233
40364.98000,0.78413
40364.99000,0.784028
40365.00000,0.783925
40365.01000,0.783823
40365.02000,0.78372
40365.03000,0.783618
40365.04000,0.783369
40365.05000,0.782935
40365.06000,0.7825
40365.07000,0.782066
40365.08000,0.781632
40365.09000,0.781198
40365.10000,0.780764
40365.11000,0.780329
40365.12000,0.779895
40365.13000,0.779461
40365.14000,0.779027
40365.15000,0.778593
40365.16000,0.778158
40365.17000,0.777724
40365.18000,0.77729
40365.19000,0.776856
40365.20000,0.776421
40365.21000,0.775987
40365.22000,0.775553
40365.23000,0.775119
40365.24000,0.774685
40365.25000,0.77425
40365.26000,0.773816
40365.27000,0.773382
40365.28000,0.772948
40365.29000,0.772513
40365.30000,0.772079
40365.31000,0.771645
40365.32000,0.771211
40365.33000,0.770777
40365.34000,0.770342
40365.35000,0.769908
40365.36000,0.769474
40365.37000,0.76904
40365.38000,0.768606
40365.39000,0.768171
40365.40000,0.767737
40365.41000,0.767303
40365.42000,0.766869
40365.43000,0.766434
40365.44000,0.766
40365.45000,0.765566
40365.46000,0.765132
40365.47000,0.764698
40365.48000,0.764263
40365.49000,0.763829
40365.50000,0.763395
40365.51000,0.762961
40365.52000,0.762527
40365.53000,0.762092
40365.54000,0.761804
40365.55000,0.7617
40365.56000,0.761597
40365.57000,0.761494
40365.58000,0.76139
40365.59000,0.761287
40365.60000,0.761184
40365.61000,0.76108
40365.62000,0.760977
40365.63000,0.760874
40365.64000,0.76077
40365.65000,0.760667
40365.66000,0.760564
40365.67000,0.76046
40365.68000,0.760357
40365.69000,0.760254
40365.70000,0.76015
40365.71000,0.760047
40365.72000,0.759944
40365.73000,0.75984
40365.74000,0.759737
40365.75000,0.759634
40365.76000,0.75953
40365.77000,0.759427
40365.78000,0.759324
40365.79000,0.75922
40365.80000,0.759117
40365.81000,0.759014
40365.82000,0.75891
40365.83000,0.758807
40365.84000,0.758704
40365.85000,0.7586
40365.86000,0.758497
40365.87000,0.758394
40365.88000,0.75829
40365.89000,0.758187
40365.90000,0.758084
40365.91000,0.75798
40365.92000,0.757877
40365.93000,0.757774
40365.94000,0.75767
40365.95000,0.757567
40365.96000,0.757464
40365.97000,0.75736
40365.98000,0.757257
40365.99000,0.757154
40366.00000,0.75705
40366.01000,0.756947
40366.02000,0.756844
40366.03000,0.75674
40366.04000,0.756492
40366.05000,0.75606
40366.06000,0.755627
40366.07000,0.755195
40366.08000,0.754762
40366.09000,0.75433
40366.10000,0.753897
40366.11000,0.753465
40366.12000,0.753032
40366.13000,0.7526
40366.14000,0.752167
40366.15000,0.751735
40366.16000,0.751302
40366.17000,0.75087
40366.18000,0.750437
40366.19000,0.750005
40366.20000,0.749572
40366.21000,0.74914
40366.22000,0.748707
40366.23000,0.748275
40366.24000,0.747842
40366.25000,0.74741
40366.26000,0.746977
40366.27000,0.746544
40366.28000,0.746112
40366.29000,0.745679
40366.30000,0.745247
40366.31000,0.744814
40366.32000,0.744382
40366.33000,0.743949
40366.34000,0.743517
40366.35000,0.743084
40366.36000,0.742652
40366.37000,0.742219
40366.38000,0.741787
40366.39000,0.741354
40366.40000,0.740922
40366.41000,0.740489
40366.42000,0.740057
40366.43000,0.739624
40366.44000,0.739192
40366.45000,0.738759
40366.46000,0.738327
40366.47000,0.737894
40366.48000,0.737462
40366.49000,0.737029
40366.50000,0.736597
40366.51000,0.736164
40366.52000,0.735732
40366.53000,0.735299
40366.54000,0.735011
40366.55000,0.734907
40366.56000,0.734803
40366.57000,0.734699
40366.58000,0.734595
40366.59000,0.734491
40366.60000,0.734387
40366.61000,0.734283
40366.62000,0.734179
40366.63000,0.734075
40366.64000,0.733971
40366.65000,0.733867
40366.66000,0.733763
40366.67000,0.733659
40366.68000,0.733555
40366.69000,0.733451
40366.70000,0.733346
40366.71000,0.733242
40366.72000,0.733138
40366.73000,0.733034
40366.74000,0.73293
40366.75000,0.732826
40366.76000,0.732722
40366.77000,0.732618
40366.78000,0.732514
40366.79000,0.73241
40366.80000,0.732306
40366.81000,0.732202
40366.82000,0.732098
40366.83000,0.731994
40366.84000,0.73189
40366.85000,0.731786
40366.86000,0.731682
40366.87000,0.731577
40366.88000,0.731473
40366.89000,0.731369
40366.90000,0.731265
40366.91000,0.731161
40366.92000,0.731057
40366.93000,0.730953
40366.94000,0.730849
40366.95000,0.730745
40366.96000,0.730641
40366.97000,0.730537
40366.98000,0.730433
40366.99000,0.730329
40367.00000,0.730225
40367.01000,0.730121
40367.02000,0.730017
40367.03000,0.729913
40367.04000,0.729667
40367.05000,0.72924
40367.06000,0.728814
40367.07000,0.728388
40367.08000,0.727962
40367.09000,0.727535
40367.10000,0.727109
40367.11000,0.726683
40367.12000,0.726257
40367.13000,0.72583
40367.14000,0.725404
40367.15000,0.724978
40367.16000,0.724552
40367.17000,0.724125
40367.18000,0.723699
40367.19000,0.723273
40367.20000,0.722847
40367.21000,0.722421
40367.22000,0.721994
40367.23000,0.721568
40367.24000,0.721142
40367.25000,0.720716
40367.26000,0.720289
40367.27000,0.719863
40367.28000,0.719437
40367.29000,0.719011
40367.30000,0.718584
40367.31000,0.718158
40367.32000,0.717732
40367.33000,0.717306
40367.34000,0.716879
40367.35000,0.716453
40367.36000,0.716027
40367.37000,0.715601
40367.38000,0.715174
40367.39000,0.714748
40367.40000,0.714322
40367.41000,0.713896
40367.42000,0.71347
40367.43000,0.713043
40367.44000,0.712617
40367.45000,0.712191
40367.46000,0.711765
40367.47000,0.711338
40367.48000,0.710912
40367.49000,0.710486
40367.50000,0.71006
40367.51000,0.709633
40367.52000,0.709207
40367.53000,0.708781
40367.54000,0.708496
40367.55000,0.708391
40367.56000,0.708286
40367.57000,0.708181
40367.58000,0.708076
40367.59000,0.707971
40367.60000,0.707866
40367.61000,0.707761
40367.62000,0.707656
40367.63000,0.707551
40367.64000,0.707446
40367.65000,0.707341
40367.66000,0.707236
40367.67000,0.707131
40367.68000,0.707026
40367.69000,0.706921
40367.70000,0.706816
40367.71000,0.706711
40367.72000,0.706606
40367.73000,0.706501
40367.74000,0.706396
40367.75000,0.706291
40367.76000,0.706186
40367.77000,0.706081
40367.78000,0.705976
40367.79000,0.705871
40367.80000,0.705766
40367.81000,0.705661
40367.82000,0.705556
40367.83000,0.705451
40367.84000,0.705346
40367.85000,0.705241
40367.86000,0.705136
40367.87000,0.705032
40367.88000,0.704927
40367.89000,0.704822
40367.90000,0.704717
40367.91000,0.704612
40367.92000,0.704507
40367.93000,0.704402
40367.94000,0.704297
40367.95000,0.704192
40367.96000,0.704087
40367.97000,0.703982
40367.98000,0.703877
40367.99000,0.703772
40368.00000,0.703667
40368.01000,0.703562
40368.02000,0.703457
40368.03000,0.703352
40368.04000,0.703156
40368.05000,0.702844
40368.06000,0.702532
40368.07000,0.702221
40368.08000,0.701909
40368.09000,0.701598
40368.10000,0.701286
40368.11000,0.700974
40368.12000,0.700663
40368.13000,0.700351
40368.14000,0.70004
40368.15000,0.699728
40368.16000,0.699416
40368.17000,0.699105
40368.18000,0.698793
40368.19000,0.698481
40368.20000,0.69817
40368.21000,0.697858
40368.22000,0.697547
40368.23000,0.697235
40368.24000,0.696923
40368.25000,0.696612
40368.26000,0.6963
40368.27000,0.695989
40368.28000,0.695677
40368.29000,0.695365
40368.30000,0.695054
40368.31000,0.694742
40368.32000,0.69443
40368.33000,0.694119
40368.34000,0.693807
40368.35000,0.693496
40368.36000,0.693184
40368.37000,0.692872
40368.38000,0.692561
40368.39000,0.692249
40368.40000,0.691938
40368.41000,0.691626
40368.42000,0.691314
40368.43000,0.691003
40368.44000,0.690691
40368.45000,0.690379
40368.46000,0.690068
40368.47000,0.689756
40368.48000,0.689445
40368.49000,0.689133
40368.50000,0.688821
40368.51000,0.68851
40368.52000,0.688198
40368.53000,0.687886
40368.54000,0.687711
40368.55000,0.687709
40368.56000,0.687706
40368.57000,0.687704
40368.58000,0.687701
40368.59000,0.687699
40368.60000,0.687697
40368.61000,0.687694
40368.62000,0.687692
40368.63000,0.687689
40368.64000,0.687687
40368.65000,0.687685
40368.66000,0.687682
40368.67000,0.68768
40368.68000,0.687677
40368.69000,0.687675
40368.70000,0.687673
40368.71000,0.68767
40368.72000,0.687668
40368.73000,0.687665
40368.74000,0.687663
40368.75000,0.687661
40368.76000,0.687658
40368.77000,0.687656
40368.78000,0.687653
40368.79000,0.687651
40368.80000,0.687649
40368.81000,0.687646
40368.82000,0.687644
40368.83000,0.687641
40368.84000,0.687639
40368.85000,0.687637
40368.86000,0.687634
40368.87000,0.687632
40368.88000,0.687629
40368.89000,0.687627
40368.90000,0.687625
40368.91000,0.687623
40368.92000,0.687805
40368.93000,0.688298
40368.94000,0.689151
40368.95000,0.690134
40368.96000,0.691102
40368.97000,0.691934
40368.98000,0.692705
40368.99000,0.692721
40369.00000,0.692738
40369.01000,0.692755
40369.02000,0.692771
40369.03000,0.692788
40369.04000,0.692805
40369.05000,0.692821
40369.06000,0.692838
40369.07000,0.692855
40369.08000,0.692871
40369.09000,0.692888
40369.10000,0.692905
40369.11000,0.692921
40369.12000,0.693604
40369.13000,0.695104
40369.14000,0.69779
40369.15000,0.702718
40369.16000,0.711786
40369.17000,0.726153
40369.18000,0.746334
40369.19000,0.772062
40369.20000,0.802425
40369.21000,0.836687
40369.22000,0.87421
40369.23000,0.913719
40369.24000,0.946702
40369.25000,0.971841
40369.26000,0.989038
40369.27000,0.998719
40369.28000,1.00635
40369.29000,1.01369
40369.30000,1.02159
40369.31000,1.03057
40369.32000,1.04092
40369.33000,1.05275
40369.34000,1.06605
40369.35000,1.0807
40369.36000,1.09433
40369.37000,1.10485
40369.38000,1.11182
40369.39000,1.11522
40369.40000,1.11624
40369.41000,1.11658
40369.42000,1.11679
40369.43000,1.11719
40369.44000,1.11769
40369.45000,1.1174
40369.46000,1.11611
40369.47000,1.11376
40369.48000,1.07948
40369.49000,1.07633
40369.50000,1.07319
40369.51000,1.07004
40369.52000,1.0669
40369.53000,1.06375
40369.54000,1.06061
40369.55000,1.05746
40369.56000,1.05432
40369.57000,1.05117
40369.58000,1.04803
40369.59000,1.0461
40369.60000,1.04417
40369.61000,1.04224
40369.62000,1.0403
40369.63000,1.03837
40369.64000,1.03644
40369.65000,1.03451
40369.66000,1.03258
40369.67000,1.03065
40369.68000,1.02872
40369.69000,1.02679
40369.70000,1.02485
40369.71000,1.02292
40369.72000,1.02152
40369.73000,1.02038
40369.74000,1.01923
40369.75000,1.01809
40369.76000,1.01695
40369.77000,1.0158
40369.78000,1.01466
40369.79000,1.01352
40369.80000,1.01238
40369.81000,1.01123
40369.82000,1.01009
40369.83000,1.00895
40369.84000,1.00781
40369.85000,1.00666
40369.86000,1.00552
40369.87000,1.00438
40369.88000,1.00323
40369.89000,1.00209
40369.90000,1.00131
40369.91000,1.00058
40369.92000,0.999848
40369.93000,0.999116
40369.94000,0.998383
40369.95000,0.997651
40369.96000,0.996919
40369.97000,0.996186
40369.98000,0.995454
40369.99000,0.994721
40370.00000,0.993989
40370.01000,0.993256
40370.02000,0.992524
40370.03000,0.991791
40370.04000,0.991059
40370.05000,0.990327
40370.06000,0.989594
40370.07000,0.988862
40370.08000,0.988129
40370.09000,0.987397
40370.10000,0.986664
40370.11000,0.985932
40370.12000,0.985199
40370.13000,0.984462
40370.14000,0.983701
40370.15000,0.98294
40370.16000,0.982179
40370.17000,0.981418
40370.18000,0.980658
40370.19000,0.979897
40370.20000,0.979136
40370.21000,0.978375
40370.22000,0.977614
40370.23000,0.976853
40370.24000,0.976093
40370.25000,0.975332
40370.26000,0.974571
40370.27000,0.97381
40370.28000,0.973049
40370.29000,0.972288
40370.30000,0.971527
40370.31000,0.970767
40370.32000,0.970006
40370.33000,0.969245
40370.34000,0.968484
40370.35000,0.967723
40370.36000,0.966962
40370.37000,0.966202
40370.38000,0.965441
40370.39000,0.96468
40370.40000,0.963919
40370.41000,0.963158
40370.42000,0.962397
40370.43000,0.961637
40370.44000,0.960876
40370.45000,0.96044
40370.46000,0.96024
40370.47000,0.960041
40370.48000,0.959841
40370.49000,0.959641
40370.50000,0.959441
40370.51000,0.959241
40370.52000,0.959041
40370.53000,0.958841
40370.54000,0.958641
40370.55000,0.958441
40370.56000,0.958242
40370.57000,0.958042
40370.58000,0.957842
40370.59000,0.957642
40370.60000,0.957442
40370.61000,0.957242
40370.62000,0.957042
40370.63000,0.956842
40370.64000,0.956642
40370.65000,0.956443
40370.66000,0.956243
40370.67000,0.956043
40370.68000,0.955843
40370.69000,0.955643
40370.70000,0.955443
40370.71000,0.955243
40370.72000,0.955043
40370.73000,0.954844
40370.74000,0.954644
40370.75000,0.954444
40370.76000,0.954244
40370.77000,0.954044
40370.78000,0.953844
40370.79000,0.953644
40370.80000,0.953444
40370.81000,0.953244
40370.82000,0.953045
40370.83000,0.952845
40370.84000,0.952645
40370.85000,0.952445
40370.86000,0.952245
40370.87000,0.952047
40370.88000,0.951852
40370.89000,0.951657
40370.90000,0.951462
40370.91000,0.951267
40370.92000,0.951072
40370.93000,0.950877
40370.94000,0.950681
40370.95000,0.950486
40370.96000,0.950291
40370.97000,0.950096
40370.98000,0.949901
40370.99000,0.949706
40371.00000,0.949511
40371.01000,0.949316
40371.02000,0.949121
40371.03000,0.948925
40371.04000,0.94873
40371.05000,0.948535
40371.06000,0.94834
40371.07000,0.948145
40371.08000,0.94795
40371.09000,0.947755
40371.10000,0.94756
40371.11000,0.947365
40371.12000,0.947169
40371.13000,0.946974
40371.14000,0.946779
40371.15000,0.946584
40371.16000,0.946389
40371.17000,0.946194
40371.18000,0.945999
40371.19000,0.945804
40371.20000,0.945609
40371.21000,0.945413
40371.22000,0.945218
40371.23000,0.945023
40371.24000,0.944828
40371.25000,0.944633
40371.26000,0.944438
40371.27000,0.944243
40371.28000,0.944048
40371.29000,0.943909
40371.30000,0.943902
40371.31000,0.943895
40371.32000,0.943888
40371.33000,0.943881
40371.34000,0.943874
40371.35000,0.943867
40371.36000,0.94386
40371.37000,0.943853
40371.38000,0.943846
40371.39000,0.943839
40371.40000,0.943832
40371.41000,0.943825
40371.42000,0.943818
40371.43000,0.943811
40371.44000,0.943804
40371.45000,0.943797
40371.46000,0.94379
40371.47000,0.943783
40371.48000,0.943776
40371.49000,0.943769
40371.50000,0.943762
40371.51000,0.943754
40371.52000,0.943747
40371.53000,0.94374
40371.54000,0.943733
40371.55000,0.943726
40371.56000,0.943719
40371.57000,0.943712
40371.58000,0.943705
40371.59000,0.943698
40371.60000,0.943691
40371.61000,0.943684
40371.62000,0.944235
40371.63000,0.94627
40371.64000,0.950433
40371.65000,0.956203
40371.66000,0.961959
40371.67000,0.966941
40371.68000,0.970713
40371.69000,0.973265
40371.70000,0.97513
40371.71000,0.976472
40371.72000,0.977395
40371.73000,0.974859
40371.74000,0.974935
40371.75000,0.975011
40371.76000,0.975087
40371.77000,0.975163
40371.78000,0.975239
40371.79000,0.975314
40371.80000,0.97539
40371.81000,0.975466
40371.82000,0.975542
40371.83000,0.975618
40371.84000,0.975694
40371.85000,0.975769
40371.86000,0.975845
40371.87000,0.980233
40371.88000,0.990091
40371.89000,1.00657
40371.90000,1.02626
40371.91000,1.0429
40371.92000,1.05481
40371.93000,1.06152
40371.94000,1.0592
40371.95000,1.05894
40371.96000,1.05868
40371.97000,1.05841
40371.98000,1.05815
40371.99000,1.05711
40372.00000,1.0563
40372.01000,1.05587
40372.02000,1.05596
40372.03000,1.05603
40372.04000,1.05585
40372.05000,1.05526
40372.06000,1.05421
40372.07000,1.0389
40372.08000,1.03723
40372.09000,1.03556
40372.10000,1.03389
40372.11000,1.03222
40372.12000,1.03055
40372.13000,1.02889
40372.14000,1.02722
40372.15000,1.02555
40372.16000,1.02388
40372.17000,1.02221
40372.18000,1.02087
40372.19000,1.01953
40372.20000,1.01819
40372.21000,1.01685
40372.22000,1.01551
40372.23000,1.01417
40372.24000,1.01283
40372.25000,1.0115
40372.26000,1.01016
40372.27000,1.00882
40372.28000,1.00748
40372.29000,1.00614
40372.30000,1.0048
40372.31000,1.0036
40372.32000,1.00246
40372.33000,1.00133
40372.34000,1.00019
40372.35000,0.999059
40372.36000,0.997925
40372.37000,0.99679
40372.38000,0.995656
40372.39000,0.994521
40372.40000,0.993387
40372.41000,0.992252
40372.42000,0.991118
40372.43000,0.989983
40372.44000,0.988849
40372.45000,0.987714
40372.46000,0.98658
40372.47000,0.985445
40372.48000,0.984311
40372.49000,0.984156
40372.50000,0.984124
40372.51000,0.984092
40372.52000,0.98406
40372.53000,0.984028
40372.54000,0.983995
40372.55000,0.983963
40372.56000,0.983931
40372.57000,0.983899
40372.58000,0.983867
40372.59000,0.983835
40372.60000,0.983802
40372.61000,0.98377
40372.62000,0.983738
40372.63000,0.983706
40372.64000,0.983674
40372.65000,0.983642
40372.66000,0.983609
40372.67000,0.983577
40372.68000,0.983545
40372.69000,0.983513
40372.70000,0.983481
40372.71000,0.983449
40372.72000,0.98333
40372.73000,0.982831
40372.74000,0.982743
40372.75000,0.983743
40372.76000,0.986477
40372.77000,0.991425
40372.78000,1.00722
40372.79000,1.03897
40372.80000,1.08686
40372.81000,1.14752
40372.82000,1.19773
40372.83000,1.22952
40372.84000,1.24402
40372.85000,1.24352
40372.86000,1.17392
40372.87000,1.17303
40372.88000,1.17214
40372.89000,1.17125
40372.90000,1.17036
40372.91000,1.16947
40372.92000,1.16858
40372.93000,1.16769
40372.94000,1.1668
40372.95000,1.16829
40372.96000,1.1829
40372.97000,1.21157
40372.98000,1.25072
40372.99000,1.28175
40373.00000,1.30271
40373.01000,1.314
40373.02000,1.31674
40373.03000,1.31374
40373.04000,1.30619
40373.05000,1.29486
40373.06000,1.28034
40373.07000,1.18421
40373.08000,1.17728
40373.09000,1.17035
40373.10000,1.16342
40373.11000,1.15649
40373.12000,1.14956
40373.13000,1.14263
40373.14000,1.1357
40373.15000,1.12877
40373.16000,1.12184
40373.17000,1.11491
40373.18000,1.11108
40373.19000,1.10726
40373.20000,1.10344
40373.21000,1.09962
40373.22000,1.0958
40373.23000,1.09198
40373.24000,1.08816
40373.25000,1.08434
40373.26000,1.08051
40373.27000,1.07669
40373.28000,1.07287
40373.29000,1.06905
40373.30000,1.06523
40373.31000,1.06256
40373.32000,1.06047
40373.33000,1.05838
40373.34000,1.05628
40373.35000,1.05419
40373.36000,1.0521
40373.37000,1.05001
40373.38000,1.04791
40373.39000,1.04582
40373.40000,1.04373
40373.41000,1.04163
40373.42000,1.03954
40373.43000,1.03745
40373.44000,1.03536
40373.45000,1.03326
40373.46000,1.03117
40373.47000,1.02908
40373.48000,1.02699
40373.49000,1.02669
40373.50000,1.02661
40373.51000,1.02653
40373.52000,1.02646
40373.53000,1.02638
40373.54000,1.0263
40373.55000,1.02623
40373.56000,1.02615
40373.57000,1.02607
40373.58000,1.026
40373.59000,1.02592
40373.60000,1.02585
40373.61000,1.02577
40373.62000,1.02569
40373.63000,1.02562
40373.64000,1.02554
40373.65000,1.02546
40373.66000,1.02539
40373.67000,1.02531
40373.68000,1.02523
40373.69000,1.02516
40373.70000,1.0237
40373.71000,1.02243
40373.72000,1.02142
40373.73000,1.02071
40373.74000,1.02012
40373.75000,1.01953
40373.76000,1.01888
40373.77000,1.0181
40373.78000,1.00927
40373.79000,1.00828
40373.80000,1.00728
40373.81000,1.00628
40373.82000,1.00529
40373.83000,1.00429
40373.84000,1.00329
40373.85000,1.00229
40373.86000,1.0013
40373.87000,1.0003
40373.88000,0.999302
40373.89000,0.998509
40373.90000,0.997716
40373.91000,0.996924
40373.92000,0.996131
40373.93000,0.995338
40373.94000,0.994546
40373.95000,0.993753
40373.96000,0.99296
40373.97000,0.992168
40373.98000,0.991375
40373.99000,0.990582
40374.00000,0.989789
40374.01000,0.988997
40374.02000,0.988334
40374.03000,0.987735
40374.04000,0.987137
40374.05000,0.986538
40374.06000,0.98594
40374.07000,0.985341
40374.08000,0.984743
40374.09000,0.984144
40374.10000,0.983546
40374.11000,0.982948
40374.12000,0.982349
40374.13000,0.981751
40374.14000,0.981152
40374.15000,0.980554
40374.16000,0.979955
40374.17000,0.979357
40374.18000,0.978759
40374.19000,0.97816
40374.20000,0.977441
40374.21000,0.976706
40374.22000,0.975971
40374.23000,0.975236
40374.24000,0.974502
40374.25000,0.973767
40374.26000,0.973032
40374.27000,0.972298
40374.28000,0.971563
40374.29000,0.970828
40374.30000,0.970094
40374.31000,0.969359
40374.32000,0.968624
40374.33000,0.967889
40374.34000,0.967155
40374.35000,0.96642
40374.36000,0.965685
40374.37000,0.964951
40374.38000,0.964216
40374.39000,0.963481
40374.40000,0.962747
40374.41000,0.962012
40374.42000,0.961277
40374.43000,0.960614
40374.44000,0.960265
40374.45000,0.959917
40374.46000,0.959568
40374.47000,0.959219
40374.48000,0.958871
40374.49000,0.958522
40374.50000,0.958173
40374.51000,0.957825
40374.52000,0.957476
40374.53000,0.957128
40374.54000,0.956779
40374.55000,0.95643
40374.56000,0.956082
40374.57000,0.955733
40374.58000,0.955384
40374.59000,0.955036
40374.60000,0.954687
40374.61000,0.954338
40374.62000,0.95399
40374.63000,0.953641
40374.64000,0.953292
40374.65000,0.952944
40374.66000,0.952595
40374.67000,0.952247
40374.68000,0.951898
40374.69000,0.951549
40374.70000,0.951201
40374.71000,0.950852
40374.72000,0.950503
40374.73000,0.950155
40374.74000,0.949806
40374.75000,0.949572
40374.76000,0.949421
40374.77000,0.949269
40374.78000,0.949118
40374.79000,0.948967
40374.80000,0.948815
40374.81000,0.948664
40374.82000,0.948513
40374.83000,0.948362
40374.84000,0.94821
40374.85000,0.948059
40374.86000,0.947908
40374.87000,0.947756
40374.88000,0.947605
40374.89000,0.947454
40374.90000,0.947303
40374.91000,0.947151
40374.92000,0.947
40374.93000,0.946849
40374.94000,0.946697
40374.95000,0.946546
40374.96000,0.946395
40374.97000,0.946244
40374.98000,0.946092
40374.99000,0.945941
40375.00000,0.94579
40375.01000,0.945638
40375.02000,0.945487
40375.03000,0.945336
40375.04000,0.945185
40375.05000,0.945033
40375.06000,0.944882
40375.07000,0.944731
40375.08000,0.944579
40375.09000,0.944428
40375.10000,0.944277
40375.11000,0.944126
40375.12000,0.943974
40375.13000,0.943823
40375.14000,0.943672
40375.15000,0.94352
40375.16000,0.943369
40375.17000,0.943135
40375.18000,0.942797
40375.19000,0.942458
40375.20000,0.942119
40375.21000,0.941781
40375.22000,0.941442
40375.23000,0.941103
40375.24000,0.940765
40375.25000,0.940426
40375.26000,0.940087
40375.27000,0.939749
40375.28000,0.93941
40375.29000,0.939071
40375.30000,0.938733
40375.31000,0.938394
40375.32000,0.938055
40375.33000,0.937717
40375.34000,0.937378
40375.35000,0.937039
40375.36000,0.936701
40375.37000,0.936362
40375.38000,0.936023
40375.39000,0.935685
40375.40000,0.935346
40375.41000,0.935007
40375.42000,0.934669
40375.43000,0.93433
40375.44000,0.933991
40375.45000,0.933653
40375.46000,0.933314
40375.47000,0.932975
40375.48000,0.932637
40375.49000,0.932298
40375.50000,0.931959
40375.51000,0.931621
40375.52000,0.931282
40375.53000,0.930943
40375.54000,0.930605
40375.55000,0.930266
40375.56000,0.929928
40375.57000,0.929589
40375.58000,0.92925
40375.59000,0.929012
40375.60000,0.929009
40375.61000,0.929007
40375.62000,0.929004
40375.63000,0.929001
40375.64000,0.928998
40375.65000,0.928995
40375.66000,0.928992
40375.67000,0.928989
40375.68000,0.928986
40375.69000,0.928983
40375.70000,0.92898
40375.71000,0.928977
40375.72000,0.928974
40375.73000,0.928971
40375.74000,0.928968
40375.75000,0.928965
40375.76000,0.928962
40375.77000,0.928959
40375.78000,0.928957
40375.79000,0.928954
40375.80000,0.928951
40375.81000,0.928948
40375.82000,0.928945
40375.83000,0.928942
40375.84000,0.928939
40375.85000,0.928936
40375.86000,0.928933
40375.87000,0.92893
40375.88000,0.928927
40375.89000,0.928924
40375.90000,0.928921
40375.91000,0.928918
40375.92000,0.928915
40375.93000,0.928912
40375.94000,0.928909
40375.95000,0.928833
40375.96000,0.928806
40375.97000,0.92886
40375.98000,0.929025
40375.99000,0.929231
40376.00000,0.929442
40376.01000,0.929625
40376.02000,0.929752
40376.03000,0.929697
40376.04000,0.929617
40376.05000,0.929536
40376.06000,0.929456
40376.07000,0.929376
40376.08000,0.929295
40376.09000,0.929215
40376.10000,0.929134
40376.11000,0.929054
40376.12000,0.928974
40376.13000,0.928893
40376.14000,0.928703
40376.15000,0.928512
40376.16000,0.928321
40376.17000,0.928131
40376.18000,0.92794
40376.19000,0.92775
40376.20000,0.927559
40376.21000,0.927368
40376.22000,0.927178
40376.23000,0.926987
40376.24000,0.926797
40376.25000,0.926606
40376.26000,0.926415
40376.27000,0.926002
40376.28000,0.925477
40376.29000,0.924951
40376.30000,0.924426
40376.31000,0.923901
40376.32000,0.923376
40376.33000,0.922851
40376.34000,0.922326
40376.35000,0.921801
40376.36000,0.921275
40376.37000,0.92075
40376.38000,0.920225
40376.39000,0.9197
40376.40000,0.919175
40376.41000,0.91865
40376.42000,0.918125
40376.43000,0.917599
40376.44000,0.917074
40376.45000,0.916688
40376.46000,0.916319
40376.47000,0.91595
40376.48000,0.915581
40376.49000,0.915212
40376.50000,0.914843
40376.51000,0.914474
40376.52000,0.914106
40376.53000,0.913737
40376.54000,0.913368
40376.55000,0.912999
40376.56000,0.91263
40376.57000,0.912261
40376.58000,0.911892
40376.59000,0.911523
40376.60000,0.911154
40376.61000,0.910785
40376.62000,0.910416
40376.63000,0.910047
40376.64000,0.909678
40376.65000,0.90931
40376.66000,0.908941
40376.67000,0.908572
40376.68000,0.908247
40376.69000,0.908117
40376.70000,0.907987
40376.71000,0.907857
40376.72000,0.907727
40376.73000,0.907597
40376.74000,0.907467
40376.75000,0.907337
40376.76000,0.907207
40376.77000,0.907077
40376.78000,0.906947
40376.79000,0.906817
40376.80000,0.906687
40376.81000,0.906557
40376.82000,0.906427
40376.83000,0.906297
40376.84000,0.906167
40376.85000,0.906037
40376.86000,0.905907
40376.87000,0.905777
40376.88000,0.905647
40376.89000,0.905518
40376.90000,0.905388
40376.91000,0.905258
40376.92000,0.905128
40376.93000,0.904998
40376.94000,0.904868
40376.95000,0.904738
40376.96000,0.904608
40376.97000,0.904478
40376.98000,0.904348
40376.99000,0.904218
40377.00000,0.903945
40377.01000,0.903569
40377.02000,0.903193
40377.03000,0.902816
40377.04000,0.90244
40377.05000,0.902064
40377.06000,0.901688
40377.07000,0.901312
40377.08000,0.900935
40377.09000,0.900559
40377.10000,0.900183
40377.11000,0.899807
40377.12000,0.899431
40377.13000,0.899054
40377.14000,0.898678
40377.15000,0.898302
40377.16000,0.897926
40377.17000,0.89755
40377.18000,0.897173
40377.19000,0.896797
40377.20000,0.896421
40377.21000,0.896045
40377.22000,0.895669
40377.23000,0.895293
40377.24000,0.894916
40377.25000,0.89454
40377.26000,0.894164
40377.27000,0.893788
40377.28000,0.893412
40377.29000,0.893035
40377.30000,0.892659
40377.31000,0.892283
40377.32000,0.891907
40377.33000,0.891531
40377.34000,0.891154
40377.35000,0.890778
40377.36000,0.890402
40377.37000,0.890026
40377.38000,0.88965
40377.39000,0.889273
40377.40000,0.888897
40377.41000,0.888521
40377.42000,0.888267
40377.43000,0.888167
40377.44000,0.888067
40377.45000,0.887968
40377.46000,0.887868
40377.47000,0.887769
40377.48000,0.887669
40377.49000,0.887569
40377.50000,0.88747
40377.51000,0.88737
40377.52000,0.887271
40377.53000,0.887171
40377.54000,0.887071
40377.55000,0.886972
40377.56000,0.886872
40377.57000,0.886773
40377.58000,0.886673
40377.59000,0.886573
40377.60000,0.886474
40377.61000,0.886374
40377.62000,0.886275
40377.63000,0.886175
40377.64000,0.886075
40377.65000,0.885976
40377.66000,0.885876
40377.67000,0.885777
40377.68000,0.885677
40377.69000,0.885577
40377.70000,0.885478
40377.71000,0.885378
40377.72000,0.885279
40377.73000,0.885179
40377.74000,0.885079
40377.75000,0.88498
40377.76000,0.88488
40377.77000,0.88478
40377.78000,0.884681
40377.79000,0.884581
40377.80000,0.884482
40377.81000,0.884382
40377.82000,0.884282
40377.83000,0.884183
40377.84000,0.884068
40377.85000,0.883918
40377.86000,0.883767
40377.87000,0.883617
40377.88000,0.883467
40377.89000,0.883317
40377.90000,0.883166
40377.91000,0.883016
40377.92000,0.882866
40377.93000,0.882716
40377.94000,0.882565
40377.95000,0.882415
40377.96000,0.882265
40377.97000,0.882114
40377.98000,0.881964
40377.99000,0.881814
40378.00000,0.881664
40378.01000,0.881513
40378.02000,0.881363
40378.03000,0.881213
40378.04000,0.881062
40378.05000,0.880912
40378.06000,0.880762
40378.07000,0.880612
40378.08000,0.880461
40378.09000,0.880311
40378.10000,0.880161
40378.11000,0.880011
40378.12000,0.87986
40378.13000,0.87971
40378.14000,0.87956
40378.15000,0.879409
40378.16000,0.879259
40378.17000,0.879109
40378.18000,0.878959
40378.19000,0.878808
40378.20000,0.878658
40378.21000,0.878508
40378.22000,0.878358
40378.23000,0.878207
40378.24000,0.878057
40378.25000,0.877907
40378.26000,0.877779
40378.27000,0.877773
40378.28000,0.877766
40378.29000,0.877759
40378.30000,0.877753
40378.31000,0.877746
40378.32000,0.877739
40378.33000,0.877732
40378.34000,0.877726
40378.35000,0.877719
40378.36000,0.877712
40378.37000,0.877705
40378.38000,0.877699
40378.39000,0.877692
40378.40000,0.877685
40378.41000,0.877678
40378.42000,0.877672
40378.43000,0.877665
40378.44000,0.877658
40378.45000,0.877651
40378.46000,0.877645
40378.47000,0.877638
40378.48000,0.877631
40378.49000,0.877625
40378.50000,0.877618
40378.51000,0.877611
40378.52000,0.877604
40378.53000,0.877598
40378.54000,0.877591
40378.55000,0.877584
40378.56000,0.877577
40378.57000,0.877571
40378.58000,0.877564
40378.59000,0.877557
40378.60000,0.87755
40378.61000,0.877544
40378.62000,0.877537
40378.63000,0.87753
40378.64000,0.877523
40378.65000,0.877517
40378.66000,0.87751
40378.67000,0.877503
40378.68000,0.877492
40378.69000,0.877251
40378.70000,0.877132
40378.71000,0.87727
40378.72000,0.87783
40378.73000,0.878948
40378.74000,0.880247
40378.75000,0.881522
40378.76000,0.882612
40378.77000,0.883405
40378.78000,0.885193
40378.79000,0.885213
40378.80000,0.885233
40378.81000,0.885254
40378.82000,0.885274
40378.83000,0.885294
40378.84000,0.885314
40378.85000,0.885334
40378.86000,0.885355
40378.87000,0.885375
40378.88000,0.885395
40378.89000,0.885323
40378.90000,0.88525
40378.91000,0.885178
40378.92000,0.885105
40378.93000,0.885033
40378.94000,0.884961
40378.95000,0.884888
40378.96000,0.884816
40378.97000,0.884743
40378.98000,0.884671
40378.99000,0.884599
40379.00000,0.884526
40379.01000,0.884454
40379.02000,0.884357
40379.03000,0.884249
40379.04000,0.884141
40379.05000,0.884033
40379.06000,0.883924
40379.07000,0.883816
40379.08000,0.883708
40379.09000,0.8836
40379.10000,0.883492
40379.11000,0.883383
40379.12000,0.883275
40379.13000,0.883167
40379.14000,0.883059
40379.15000,0.88295
40379.16000,0.882842
40379.17000,0.882734
40379.18000,0.882626
40379.19000,0.882517
40379.20000,0.882059
40379.21000,0.881557
40379.22000,0.881055
40379.23000,0.880553
40379.24000,0.880051
40379.25000,0.879549
40379.26000,0.879047
40379.27000,0.878545
40379.28000,0.878042
40379.29000,0.87754
40379.30000,0.877038
40379.31000,0.876536
40379.32000,0.876034
40379.33000,0.875532
40379.34000,0.87503
40379.35000,0.874528
40379.36000,0.874026
40379.37000,0.873524
40379.38000,0.873022
40379.39000,0.87252
40379.40000,0.872018
40379.41000,0.871516
40379.42000,0.871013
40379.43000,0.870573
40379.44000,0.870401
40379.45000,0.87023
40379.46000,0.870058
40379.47000,0.869887
40379.48000,0.869716
40379.49000,0.869544
40379.50000,0.869373
40379.51000,0.869202
40379.52000,0.86903
40379.53000,0.868859
40379.54000,0.868687
40379.55000,0.868516
40379.56000,0.868345
40379.57000,0.868173
40379.58000,0.868002
40379.59000,0.86783
40379.60000,0.867659
40379.61000,0.867488
40379.62000,0.867316
40379.63000,0.867145
40379.64000,0.866974
40379.65000,0.866802
40379.66000,0.866631
40379.67000,0.866459
40379.68000,0.866288
40379.69000,0.866117
40379.70000,0.865945
40379.71000,0.865774
40379.72000,0.865602
40379.73000,0.865431
40379.74000,0.86526
40379.75000,0.865131
40379.76000,0.865032
40379.77000,0.864934
40379.78000,0.864836
40379.79000,0.864737
40379.80000,0.864639
40379.81000,0.86454
40379.82000,0.864442
40379.83000,0.864344
40379.84000,0.864245
40379.85000,0.864147
40379.86000,0.864048
40379.87000,0.86395
40379.88000,0.863852
40379.89000,0.863753
40379.90000,0.863655
40379.91000,0.863557
40379.92000,0.863458
40379.93000,0.86336
40379.94000,0.863261
40379.95000,0.863163
40379.96000,0.863065
40379.97000,0.862966
40379.98000,0.862868
40379.99000,0.862769
40380.00000,0.862671
40380.01000,0.862573
40380.02000,0.862474
40380.03000,0.862376
40380.04000,0.862278
40380.05000,0.862179
40380.06000,0.862081
40380.07000,0.861657
40380.08000,0.861225
40380.09000,0.860793
40380.10000,0.86036
40380.11000,0.859928
40380.12000,0.859496
40380.13000,0.859064
40380.14000,0.858632
40380.15000,0.8582
40380.16000,0.857767
40380.17000,0.857335
40380.18000,0.856903
40380.19000,0.856471
40380.20000,0.856039
40380.21000,0.855607
40380.22000,0.855175
40380.23000,0.854742
40380.24000,0.85431
40380.25000,0.853878
40380.26000,0.853446
40380.27000,0.853014
40380.28000,0.852582
40380.29000,0.85215
40380.30000,0.851717
40380.31000,0.851285
40380.32000,0.850853
40380.33000,0.850421
40380.34000,0.849989
40380.35000,0.849557
40380.36000,0.849125
40380.37000,0.848692
40380.38000,0.848379
40380.39000,0.848269
40380.40000,0.848158
40380.41000,0.848048
40380.42000,0.847937
40380.43000,0.847827
40380.44000,0.847716
40380.45000,0.847606
40380.46000,0.847495
40380.47000,0.847385
40380.48000,0.847274
40380.49000,0.847164
40380.50000,0.847053
40380.51000,0.846943
40380.52000,0.846832
40380.53000,0.846722
40380.54000,0.846611
40380.55000,0.846501
40380.56000,0.84639
40380.57000,0.84628
40380.58000,0.846169
40380.59000,0.846059
40380.60000,0.845948
40380.61000,0.845838
40380.62000,0.845727
40380.63000,0.845617
40380.64000,0.845506
40380.65000,0.845396
40380.66000,0.845285
40380.67000,0.845175
40380.68000,0.845064
40380.69000,0.844954
40380.70000,0.844843
40380.71000,0.844733
40380.72000,0.844622
40380.73000,0.844512
40380.74000,0.844401
40380.75000,0.844291
40380.76000,0.84418
40380.77000,0.84407
40380.78000,0.843959
40380.79000,0.843849
40380.80000,0.843734
40380.81000,0.843607
40380.82000,0.84348
40380.83000,0.843352
40380.84000,0.843225
40380.85000,0.843097
40380.86000,0.84297
40380.87000,0.842843
40380.88000,0.842715
40380.89000,0.842588
40380.90000,0.842461
40380.91000,0.842333
40380.92000,0.842206
40380.93000,0.842078
40380.94000,0.841951
40380.95000,0.841824
40380.96000,0.841696
40380.97000,0.841569
40380.98000,0.841442
40380.99000,0.841314
40381.00000,0.841187
40381.01000,0.841059
40381.02000,0.840932
40381.03000,0.840805
40381.04000,0.840677
40381.05000,0.84055
40381.06000,0.840423
40381.07000,0.840295
40381.08000,0.840168
40381.09000,0.84004
40381.10000,0.839913
40381.11000,0.839786
40381.12000,0.839658
40381.13000,0.839531
40381.14000,0.839404
40381.15000,0.839276
40381.16000,0.839149
40381.17000,0.839021
40381.18000,0.838894
40381.19000,0.838767
40381.20000,0.838639
40381.21000,0.838512
40381.22000,0.838376
40381.23000,0.838159
40381.24000,0.837941
40381.25000,0.837724
40381.26000,0.837506
40381.27000,0.837289
40381.28000,0.837072
40381.29000,0.836854
40381.30000,0.836637
40381.31000,0.836419
40381.32000,0.836202
40381.33000,0.835984
40381.34000,0.835767
40381.35000,0.835549
40381.36000,0.835332
40381.37000,0.835114
40381.38000,0.834897
40381.39000,0.834679
40381.40000,0.834462
40381.41000,0.834244
40381.42000,0.834027
40381.43000,0.833809
40381.44000,0.833592
40381.45000,0.833374
40381.46000,0.833157
40381.47000,0.83294
40381.48000,0.832722
40381.49000,0.832505
40381.50000,0.832287
40381.51000,0.83207
40381.52000,0.831852
40381.53000,0.831635
40381.54000,0.831417
40381.55000,0.8312
40381.56000,0.830982
40381.57000,0.830765
40381.58000,0.830547
40381.59000,0.83033
40381.60000,0.830112
40381.61000,0.829895
40381.62000,0.829677
40381.63000,0.82946
40381.64000,0.829243
40381.65000,0.829025
40381.66000,0.828808
40381.67000,0.82859
40381.68000,0.828373
40381.69000,0.828155
40381.70000,0.827938
40381.71000,0.82772
40381.72000,0.827513
40381.73000,0.827405
40381.74000,0.827298
40381.75000,0.827191
40381.76000,0.827083
40381.77000,0.826976
40381.78000,0.826869
40381.79000,0.826761
40381.80000,0.826654
40381.81000,0.826547
40381.82000,0.826439
40381.83000,0.826332
40381.84000,0.826225
40381.85000,0.826117
40381.86000,0.82601
40381.87000,0.825902
40381.88000,0.825795
40381.89000,0.825688
40381.90000,0.82558
40381.91000,0.825473
40381.92000,0.825366
40381.93000,0.825258
40381.94000,0.825151
40381.95000,0.825044
40381.96000,0.824936
40381.97000,0.824829
40381.98000,0.824722
40381.99000,0.824614
40382.00000,0.824507
40382.01000,0.8244
40382.02000,0.824292
40382.03000,0.824185
40382.04000,0.824078
40382.05000,0.82397
40382.06000,0.823863
40382.07000,0.823756
40382.08000,0.823648
40382.09000,0.823541
40382.10000,0.823433
40382.11000,0.823326
40382.12000,0.823219
40382.13000,0.823111
40382.14000,0.823004
40382.15000,0.822897
40382.16000,0.822789
40382.17000,0.822682
40382.18000,0.822575
40382.19000,0.822467
40382.20000,0.82236
40382.21000,0.822253
40382.22000,0.822136
40382.23000,0.821921
40382.24000,0.821706
40382.25000,0.821492
40382.26000,0.821277
40382.27000,0.821062
40382.28000,0.820848
40382.29000,0.820633
40382.30000,0.820419
40382.31000,0.820204
40382.32000,0.819989
40382.33000,0.819775
40382.34000,0.81956
40382.35000,0.819345
40382.36000,0.819131
40382.37000,0.818916
40382.38000,0.818702
40382.39000,0.818487
40382.40000,0.818272
40382.41000,0.818058
40382.42000,0.817843
40382.43000,0.817628
40382.44000,0.817414
40382.45000,0.817199
40382.46000,0.816985
40382.47000,0.81677
40382.48000,0.816555
40382.49000,0.816341
40382.50000,0.816126
40382.51000,0.815911
40382.52000,0.815697
40382.53000,0.815482
40382.54000,0.815268
40382.55000,0.815053
40382.56000,0.814838
40382.57000,0.814624
40382.58000,0.814409
40382.59000,0.814194
40382.60000,0.81398
40382.61000,0.813765
40382.62000,0.813551
40382.63000,0.813336
40382.64000,0.813121
40382.65000,0.812907
40382.66000,0.812692
40382.67000,0.812477
40382.68000,0.812263
40382.69000,0.812048
40382.70000,0.811833
40382.71000,0.811619
40382.72000,0.811414
40382.73000,0.811306
40382.74000,0.811198
40382.75000,0.811091
40382.76000,0.810983
40382.77000,0.810875
40382.78000,0.810767
40382.79000,0.810659
40382.80000,0.810552
40382.81000,0.810444
40382.82000,0.810336
40382.83000,0.810228
40382.84000,0.81012
40382.85000,0.810013
40382.86000,0.809905
40382.87000,0.809797
40382.88000,0.809689
40382.89000,0.809581
40382.90000,0.809474
40382.91000,0.809366
40382.92000,0.809258
40382.93000,0.80915
40382.94000,0.809042
40382.95000,0.808935
40382.96000,0.808827
40382.97000,0.808719
40382.98000,0.808611
40382.99000,0.808503
40383.00000,0.808396
40383.01000,0.808288
40383.02000,0.80818
40383.03000,0.808072
40383.04000,0.807964
40383.05000,0.807857
40383.06000,0.807749
40383.07000,0.807641
40383.08000,0.807533
40383.09000,0.807426
40383.10000,0.807318
40383.11000,0.80721
40383.12000,0.807102
40383.13000,0.806994
40383.14000,0.806887
40383.15000,0.806779
40383.16000,0.806671
40383.17000,0.806563
40383.18000,0.806455
40383.19000,0.806348
40383.20000,0.80624
40383.21000,0.806132
40383.22000,0.806015
40383.23000,0.8058
40383.24000,0.805586
40383.25000,0.805372
40383.26000,0.805158
40383.27000,0.804943
40383.28000,0.804729
40383.29000,0.804515
40383.30000,0.804301
40383.31000,0.804086
40383.32000,0.803872
40383.33000,0.803658
40383.34000,0.803444
40383.35000,0.80323
40383.36000,0.803015
40383.37000,0.802801
40383.38000,0.802587
40383.39000,0.802373
40383.40000,0.802158
40383.41000,0.801944
40383.42000,0.80173
40383.43000,0.801516
40383.44000,0.801302
40383.45000,0.801087
40383.46000,0.800873
40383.47000,0.800659
40383.48000,0.800445
40383.49000,0.80023
40383.50000,0.800016
40383.51000,0.799802
40383.52000,0.799588
40383.53000,0.799373
40383.54000,0.799159
40383.55000,0.798945
40383.56000,0.798731
40383.57000,0.798517
40383.58000,0.798302
40383.59000,0.798088
40383.60000,0.797874
40383.61000,0.79766
40383.62000,0.797445
40383.63000,0.797231
40383.64000,0.797017
40383.65000,0.796803
40383.66000,0.796588
40383.67000,0.796374
40383.68000,0.79616
40383.69000,0.795946
40383.70000,0.795732
40383.71000,0.795517
40383.72000,0.795316
40383.73000,0.79524
40383.74000,0.795164
40383.75000,0.795088
40383.76000,0.795012
40383.77000,0.794936
40383.78000,0.79486
40383.79000,0.794784
40383.80000,0.794708
40383.81000,0.794632
40383.82000,0.794556
40383.83000,0.794481
40383.84000,0.794405
40383.85000,0.794329
40383.86000,0.794253
40383.87000,0.794177
40383.88000,0.794101
40383.89000,0.794025
40383.90000,0.793949
40383.91000,0.793873
40383.92000,0.793797
40383.93000,0.793721
40383.94000,0.793645
40383.95000,0.79357
40383.96000,0.793494
40383.97000,0.793418
40383.98000,0.793342
40383.99000,0.793266
40384.00000,0.79319
40384.01000,0.793114
40384.02000,0.793038
40384.03000,0.792962
40384.04000,0.792886
40384.05000,0.79281
40384.06000,0.792735
40384.07000,0.792659
40384.08000,0.792583
40384.09000,0.792507
40384.10000,0.792431
40384.11000,0.792355
40384.12000,0.792279
40384.13000,0.792203
40384.14000,0.792127
40384.15000,0.792051
40384.16000,0.791975
40384.17000,0.791899
40384.18000,0.791824
40384.19000,0.791748
40384.20000,0.791672
40384.21000,0.791596
40384.22000,0.79153
40384.23000,0.791563
40384.24000,0.791597
40384.25000,0.791631
40384.26000,0.791664
40384.27000,0.791698
40384.28000,0.791731
40384.29000,0.791765
40384.30000,0.791798
40384.31000,0.791832
40384.32000,0.791866
40384.33000,0.791899
40384.34000,0.791933
40384.35000,0.791966
40384.36000,0.792
40384.37000,0.792034
40384.38000,0.792067
40384.39000,0.792101
40384.40000,0.792134
40384.41000,0.792168
40384.42000,0.792201
40384.43000,0.792235
40384.44000,0.792269
40384.45000,0.792302
40384.46000,0.792336
40384.47000,0.792369
40384.48000,0.792403
40384.49000,0.792437
40384.50000,0.79247
40384.51000,0.792504
40384.52000,0.792537
40384.53000,0.792571
40384.54000,0.792604
40384.55000,0.792638
40384.56000,0.792672
40384.57000,0.792705
40384.58000,0.799305
40384.59000,0.814588
40384.60000,0.839982
40384.61000,0.871532
40384.62000,0.904723
40384.63000,0.93782
40384.64000,0.969849
40384.65000,0.998358
40384.66000,1.02036
40384.67000,1.03558
40384.68000,1.04432
40384.69000,1.03183
40384.70000,1.03039
40384.71000,1.02894
40384.72000,1.02749
40384.73000,1.02605
40384.74000,1.0246
40384.75000,1.02315
40384.76000,1.02171
40384.77000,1.02026
40384.78000,1.01881
40384.79000,1.01737
40384.80000,1.01626
40384.81000,1.01515
40384.82000,1.01404
40384.83000,1.01293
40384.84000,1.01182
40384.85000,1.01071
40384.86000,1.00961
40384.87000,1.0085
40384.88000,1.00739
40384.89000,1.00628
40384.90000,1.00517
40384.91000,1.00406
40384.92000,1.00295
40384.93000,1.00216
40384.94000,1.00151
40384.95000,1.00087
40384.96000,1.00023
40384.97000,0.999587
40384.98000,0.998945
40384.99000,0.998303
40385.00000,0.99766
40385.01000,0.997018
40385.02000,0.996375
40385.03000,0.995733
40385.04000,0.995091
40385.05000,0.994448
40385.06000,0.993806
40385.07000,0.993164
40385.08000,0.992521
40385.09000,0.991879
40385.10000,0.991236
40385.11000,0.990529
40385.12000,0.989815
40385.13000,0.9891
40385.14000,0.988385
40385.15000,0.98767
40385.16000,0.986955
40385.17000,0.98624
40385.18000,0.985525
40385.19000,0.98481
40385.20000,0.984095
40385.21000,0.98338
40385.22000,0.982665
40385.23000,0.981951
40385.24000,0.981236
40385.25000,0.980521
40385.26000,0.979806
40385.27000,0.979091
40385.28000,0.978368
40385.29000,0.977583
40385.30000,0.976798
40385.31000,0.976013
40385.32000,0.975228
40385.33000,0.974442
40385.34000,0.973657
40385.35000,0.972872
40385.36000,0.972087
40385.37000,0.971302
40385.38000,0.970517
40385.39000,0.969732
40385.40000,0.968946
40385.41000,0.968161
40385.42000,0.967376
40385.43000,0.966591
40385.44000,0.965806
40385.45000,0.965021
40385.46000,0.964235
40385.47000,0.96345
40385.48000,0.962665
40385.49000,0.96188
40385.50000,0.961095
40385.51000,0.96031
40385.52000,0.959738
40385.53000,0.959477
40385.54000,0.959216
40385.55000,0.958955
40385.56000,0.958694
40385.57000,0.958433
40385.58000,0.958172
40385.59000,0.957912
40385.60000,0.957651
40385.61000,0.95739
40385.62000,0.957129
40385.63000,0.956868
40385.64000,0.956607
40385.65000,0.956346
40385.66000,0.956085
40385.67000,0.955824
40385.68000,0.955563
40385.69000,0.955302
40385.70000,0.955041
40385.71000,0.95478
40385.72000,0.95452
40385.73000,0.954259
40385.74000,0.953998
40385.75000,0.953737
40385.76000,0.953476
40385.77000,0.953215
40385.78000,0.952954
40385.79000,0.952693
40385.80000,0.952432
40385.81000,0.952171
40385.82000,0.95191
40385.83000,0.951649
40385.84000,0.951444
40385.85000,0.951252
40385.86000,0.95106
40385.87000,0.950868
40385.88000,0.950676
40385.89000,0.950484
40385.90000,0.950291
40385.91000,0.950099
40385.92000,0.949907
40385.93000,0.949715
40385.94000,0.949523
40385.95000,0.949331
40385.96000,0.949139
40385.97000,0.948947
40385.98000,0.948755
40385.99000,0.948563
40386.00000,0.948371
40386.01000,0.948179
40386.02000,0.947987
40386.03000,0.947795
40386.04000,0.947603
40386.05000,0.947411
40386.06000,0.947219
40386.07000,0.947027
40386.08000,0.946835
40386.09000,0.946643
40386.10000,0.946451
40386.11000,0.946259
40386.12000,0.946067
40386.13000,0.945875
40386.14000,0.945683
40386.15000,0.94549
40386.16000,0.945298
40386.17000,0.945106
40386.18000,0.944914
40386.19000,0.944722
40386.20000,0.94453
40386.21000,0.944338
40386.22000,0.944146
40386.23000,0.943954
40386.24000,0.943762
40386.25000,0.94357
40386.26000,0.943311
40386.27000,0.943018
40386.28000,0.942725
40386.29000,0.942432
40386.30000,0.94214
40386.31000,0.941847
40386.32000,0.941554
40386.33000,0.941261
40386.34000,0.940968
40386.35000,0.940675
40386.36000,0.940382
40386.37000,0.940089
40386.38000,0.939796
40386.39000,0.939503
40386.40000,0.93921
40386.41000,0.938917
40386.42000,0.938624
40386.43000,0.938331
40386.44000,0.938039
40386.45000,0.937746
40386.46000,0.937453
40386.47000,0.93716
40386.48000,0.936867
40386.49000,0.936574
40386.50000,0.936281
40386.51000,0.935988
40386.52000,0.935695
40386.53000,0.935402
40386.54000,0.935109
40386.55000,0.934816
40386.56000,0.934523
40386.57000,0.93423
40386.58000,0.933938
40386.59000,0.933645
40386.60000,0.933352
40386.61000,0.933059
40386.62000,0.932766
40386.63000,0.932473
40386.64000,0.93218
40386.65000,0.931887
40386.66000,0.931594
40386.67000,0.931301
40386.68000,0.931106
40386.69000,0.931
40386.70000,0.930894
40386.71000,0.930788
40386.72000,0.930683
40386.73000,0.930577
40386.74000,0.930471
40386.75000,0.930365
40386.76000,0.930259
40386.77000,0.930153
40386.78000,0.930048
40386.79000,0.929942
40386.80000,0.929836
40386.81000,0.92973
40386.82000,0.929624
40386.83000,0.929518
40386.84000,0.929412
40386.85000,0.929307
40386.86000,0.929201
40386.87000,0.929095
40386.88000,0.928989
40386.89000,0.928883
40386.90000,0.928777
40386.91000,0.928672
40386.92000,0.928566
40386.93000,0.92846
40386.94000,0.928354
40386.95000,0.928248
40386.96000,0.928142
40386.97000,0.928036
40386.98000,0.927931
40386.99000,0.927825
40387.00000,0.927719
40387.01000,0.927613
40387.02000,0.927507
40387.03000,0.927401
40387.04000,0.927295
40387.05000,0.92719
40387.06000,0.927084
40387.07000,0.926978
40387.08000,0.926872
40387.09000,0.926766
40387.10000,0.926539
40387.11000,0.926118
40387.12000,0.925696
40387.13000,0.925275
40387.14000,0.924853
40387.15000,0.924431
40387.16000,0.92401
40387.17000,0.923588
40387.18000,0.923166
40387.19000,0.922745
40387.20000,0.922323
40387.21000,0.921901
40387.22000,0.92148
40387.23000,0.921058
40387.24000,0.920636
40387.25000,0.920215
40387.26000,0.919793
40387.27000,0.919371
40387.28000,0.91895
40387.29000,0.918528
40387.30000,0.918106
40387.31000,0.917685
40387.32000,0.917263
40387.33000,0.916841
40387.34000,0.91642
40387.35000,0.915998
40387.36000,0.915577
40387.37000,0.915155
40387.38000,0.914733
40387.39000,0.914312
40387.40000,0.91389
40387.41000,0.913468
40387.42000,0.913047
40387.43000,0.912625
40387.44000,0.912203
40387.45000,0.911782
40387.46000,0.91136
40387.47000,0.910938
40387.48000,0.910517
40387.49000,0.910095
40387.50000,0.909673
40387.51000,0.909252
40387.52000,0.908908
40387.53000,0.908808
40387.54000,0.908709
40387.55000,0.908609
40387.56000,0.908509
40387.57000,0.908409
40387.58000,0.908309
40387.59000,0.90821
40387.60000,0.90811
40387.61000,0.90801
40387.62000,0.90791
40387.63000,0.90781
40387.64000,0.907711
40387.65000,0.907611
40387.66000,0.907511
40387.67000,0.907411
40387.68000,0.907311
40387.69000,0.907211
40387.70000,0.907112
40387.71000,0.907012
40387.72000,0.906912
40387.73000,0.906812
40387.74000,0.906712
40387.75000,0.906613
40387.76000,0.906513
40387.77000,0.906413
40387.78000,0.906313
40387.79000,0.906213
40387.80000,0.906114
40387.81000,0.906014
40387.82000,0.905914
40387.83000,0.905814
40387.84000,0.905714
40387.85000,0.905615
40387.86000,0.905515
40387.87000,0.905415
40387.88000,0.905315
40387.89000,0.905215
40387.90000,0.905115
40387.91000,0.905016
40387.92000,0.904916
40387.93000,0.904816
40387.94000,0.904714
40387.95000,0.904593
40387.96000,0.904473
40387.97000,0.904352
40387.98000,0.904231
40387.99000,0.904111
40388.00000,0.90399
40388.01000,0.903869
40388.02000,0.903748
40388.03000,0.903628
40388.04000,0.903507
40388.05000,0.903386
40388.06000,0.903266
40388.07000,0.903145
40388.08000,0.903024
40388.09000,0.902903
40388.10000,0.902783
40388.11000,0.902662
40388.12000,0.902541
40388.13000,0.902421
40388.14000,0.9023
40388.15000,0.902179
40388.16000,0.902058
40388.17000,0.901938
40388.18000,0.901817
40388.19000,0.901696
40388.20000,0.901576
40388.21000,0.901455
40388.22000,0.901334
40388.23000,0.901214
40388.24000,0.901093
40388.25000,0.900972
40388.26000,0.900851
40388.27000,0.900731
40388.28000,0.90061
40388.29000,0.900489
40388.30000,0.900369
40388.31000,0.900248
40388.32000,0.900127
40388.33000,0.900006
40388.34000,0.899886
40388.35000,0.899765
40388.36000,0.899644
40388.37000,0.899857
40388.38000,0.900082
40388.39000,0.900307
40388.40000,0.900533
40388.41000,0.900758
40388.42000,0.900983
40388.43000,0.901208
40388.44000,0.901434
40388.45000,0.901659
40388.46000,0.901884
40388.47000,0.90211
40388.48000,0.902335
40388.49000,0.90256
40388.50000,0.902785
40388.51000,0.903011
40388.52000,0.903236
40388.53000,0.903461
40388.54000,0.918575
40388.55000,0.948917
40388.56000,0.99425
40388.57000,1.03842
40388.58000,1.07336
40388.59000,1.09784
40388.60000,1.11219
40388.61000,1.11986
40388.62000,1.12367
40388.63000,1.12458
40388.64000,1.12315
40388.65000,1.08814
40388.66000,1.08495
40388.67000,1.08177
40388.68000,1.07859
40388.69000,1.07541
40388.70000,1.07223
40388.71000,1.06905
40388.72000,1.06587
40388.73000,1.06268
40388.74000,1.0595
40388.75000,1.05632
40388.76000,1.0543
40388.77000,1.05228
40388.78000,1.05026
40388.79000,1.04824
40388.80000,1.04622
40388.81000,1.0442
40388.82000,1.04218
40388.83000,1.04016
40388.84000,1.03814
40388.85000,1.03612
40388.86000,1.0341
40388.87000,1.03208
40388.88000,1.03006
40388.89000,1.02854
40388.90000,1.02726
40388.91000,1.02599
40388.92000,1.02471
40388.93000,1.02344
40388.94000,1.02216
40388.95000,1.02089
40388.96000,1.01961
40388.97000,1.01834
40388.98000,1.01706
40388.99000,1.01579
40389.00000,1.01451
40389.01000,1.01323
40389.02000,1.01196
40389.03000,1.01068
40389.04000,1.00941
40389.05000,1.00813
40389.06000,1.00686
40389.07000,1.00592
40389.08000,1.00503
40389.09000,1.00414
40389.10000,1.00324
40389.11000,1.00235
40389.12000,1.00146
40389.13000,1.00056
40389.14000,0.999671
40389.15000,0.998778
40389.16000,0.997885
40389.17000,0.996991
40389.18000,0.996098
40389.19000,0.995205
40389.20000,0.994312
40389.21000,0.993419
40389.22000,0.992525
40389.23000,0.991632
40389.24000,0.990739
40389.25000,0.989846
40389.26000,0.988953
40389.27000,0.988059
40389.28000,0.987166
40389.29000,0.986273
40389.30000,0.98541
40389.31000,0.984683
40389.32000,0.983955
40389.33000,0.983228
40389.34000,0.9825
40389.35000,0.981773
40389.36000,0.981045
40389.37000,0.980318
40389.38000,0.97959
40389.39000,0.978863
40389.40000,0.978135
40389.41000,0.977408
40389.42000,0.97668
40389.43000,0.975953
40389.44000,0.975225
40389.45000,0.974498
40389.46000,0.97377
40389.47000,0.973043
40389.48000,0.972315
40389.49000,0.971588
40389.50000,0.97086
40389.51000,0.970133
40389.52000,0.969405
40389.53000,0.968678
40389.54000,0.96795
40389.55000,0.967223
40389.56000,0.966495
40389.57000,0.965768
40389.58000,0.96504
40389.59000,0.964313
40389.60000,0.963585
40389.61000,0.962858
40389.62000,0.962414
40389.63000,0.962174
40389.64000,0.961935
40389.65000,0.961695
40389.66000,0.961456
40389.67000,0.961216
40389.68000,0.960977
40389.69000,0.960738
40389.70000,0.960498
40389.71000,0.960259
40389.72000,0.960019
40389.73000,0.95978
40389.74000,0.959541
40389.75000,0.959301
40389.76000,0.959062
40389.77000,0.958822
40389.78000,0.958583
40389.79000,0.958343
40389.80000,0.958104
40389.81000,0.957865
40389.82000,0.957625
40389.83000,0.957386
40389.84000,0.957146
40389.85000,0.956907
40389.86000,0.956667
40389.87000,0.956428
40389.88000,0.956189
40389.89000,0.955949
40389.90000,0.95571
40389.91000,0.95547
40389.92000,0.955231
40389.93000,0.954991
40389.94000,0.954752
40389.95000,0.954513
40389.96000,0.954273
40389.97000,0.954034
40389.98000,0.953794
40389.99000,0.953555
40390.00000,0.953316
40390.01000,0.953076
40390.02000,0.952837
40390.03000,0.952597
40390.04000,0.952293
40390.05000,0.951907
40390.06000,0.95152
40390.07000,0.951134
40390.08000,0.950748
40390.09000,0.950361
40390.10000,0.949975
40390.11000,0.949589
40390.12000,0.949202
40390.13000,0.948816
40390.14000,0.948429
40390.15000,0.948043
40390.16000,0.947657
40390.17000,0.94727
40390.18000,0.946884
40390.19000,0.946498
40390.20000,0.946111
40390.21000,0.945725
40390.22000,0.945339
40390.23000,0.944952
40390.24000,0.944566
40390.25000,0.944179
40390.26000,0.943793
40390.27000,0.943407
40390.28000,0.94302
40390.29000,0.942634
40390.30000,0.942248
40390.31000,0.941861
40390.32000,0.941475
40390.33000,0.941088
40390.34000,0.940702
40390.35000,0.940316
40390.36000,0.939929
40390.37000,0.939543
40390.38000,0.939157
40390.39000,0.93877
40390.40000,0.938384
40390.41000,0.937998
40390.42000,0.937611
40390.43000,0.937225
40390.44000,0.936838
40390.45000,0.936452
40390.46000,0.936066
40390.47000,0.935679
40390.48000,0.935293
40390.49000,0.934907
40390.50000,0.93452
40390.51000,0.934134
40390.52000,0.933748
40390.53000,0.933361
40390.54000,0.933144
40390.55000,0.933141
40390.56000,0.933139
40390.57000,0.933136
40390.58000,0.933133
40390.59000,0.933131
40390.60000,0.933128
40390.61000,0.933126
40390.62000,0.933123
40390.63000,0.93312
40390.64000,0.933118
40390.65000,0.933115
40390.66000,0.933112
40390.67000,0.93311
40390.68000,0.933107
40390.69000,0.933105
40390.70000,0.933102
40390.71000,0.933099
40390.72000,0.933097
40390.73000,0.933094
40390.74000,0.933092
40390.75000,0.933089
40390.76000,0.933086
40390.77000,0.933084
40390.78000,0.933081
40390.79000,0.933079
40390.80000,0.933076
40390.81000,0.933073
40390.82000,0.933071
40390.83000,0.933068
40390.84000,0.933066
40390.85000,0.933063
40390.86000,0.93306
40390.87000,0.933058
40390.88000,0.933055
40390.89000,0.933053
40390.90000,0.93305
40390.91000,0.933047
40390.92000,0.933045
40390.93000,0.933042
40390.94000,0.93304
40390.95000,0.933037
40390.96000,0.933034
40390.97000,0.933032
40390.98000,0.933029
40390.99000,0.932938
40391.00000,0.932892
40391.01000,0.932921
40391.02000,0.933061
40391.03000,0.933303
40391.04000,0.933642
40391.05000,0.934072
40391.06000,0.934584
40391.07000,0.935271
40391.08000,0.936224
40391.09000,0.937511
40391.10000,0.939198
40391.11000,0.941068
40391.12000,0.942836
40391.13000,0.944347
40391.14000,0.945499
40391.15000,0.946945
40391.16000,0.946839
40391.17000,0.946732
40391.18000,0.946626
40391.19000,0.94652
40391.20000,0.946413
40391.21000,0.946307
40391.22000,0.946201
40391.23000,0.946094
40391.24000,0.945988
40391.25000,0.945882
40391.26000,0.945447
40391.27000,0.945013
40391.28000,0.944579
40391.29000,0.944145
40391.30000,0.94371
40391.31000,0.943276
40391.32000,0.942842
40391.33000,0.942407
40391.34000,0.941973
40391.35000,0.941539
40391.36000,0.941105
40391.37000,0.94067
40391.38000,0.940236
40391.39000,0.939737
40391.40000,0.939207
40391.41000,0.938676
40391.42000,0.938145
40391.43000,0.937614
40391.44000,0.937083
40391.45000,0.936552
40391.46000,0.936021
40391.47000,0.93549
40391.48000,0.934959
40391.49000,0.934429
40391.50000,0.933898
40391.51000,0.933367
40391.52000,0.932836
40391.53000,0.932305
40391.54000,0.931774
40391.55000,0.931243
40391.56000,0.930712
40391.57000,0.930535
40391.58000,0.930402
40391.59000,0.930269
40391.60000,0.930136
40391.61000,0.930003
40391.62000,0.92987
40391.63000,0.929737
40391.64000,0.929604
40391.65000,0.929471
40391.66000,0.929338
40391.67000,0.929205
40391.68000,0.929072
40391.69000,0.928939
40391.70000,0.928806
40391.71000,0.928673
40391.72000,0.92854
40391.73000,0.928407
40391.74000,0.928275
40391.75000,0.928142
40391.76000,0.928009
40391.77000,0.927876
40391.78000,0.927743
40391.79000,0.92761
40391.80000,0.927483
40391.81000,0.927383
40391.82000,0.927284
40391.83000,0.927184
40391.84000,0.927084
40391.85000,0.926985
40391.86000,0.926885
40391.87000,0.926785
40391.88000,0.926686
40391.89000,0.926586
40391.90000,0.926487
40391.91000,0.926387
40391.92000,0.926287
40391.93000,0.926188
40391.94000,0.926088
40391.95000,0.925988
40391.96000,0.925889
40391.97000,0.925789
40391.98000,0.92569
40391.99000,0.92559
40392.00000,0.92549
40392.01000,0.925391
40392.02000,0.925291
40392.03000,0.925192
40392.04000,0.925092
40392.05000,0.924992
40392.06000,0.924893
40392.07000,0.924793
40392.08000,0.924693
40392.09000,0.924594
40392.10000,0.924494
40392.11000,0.924395
40392.12000,0.924133
40392.13000,0.923754
40392.14000,0.923375
40392.15000,0.922996
40392.16000,0.922617
40392.17000,0.922238
40392.18000,0.921859
40392.19000,0.92148
40392.20000,0.921101
40392.21000,0.920723
40392.22000,0.920344
40392.23000,0.919965
40392.24000,0.919586
40392.25000,0.919207
40392.26000,0.918828
40392.27000,0.918449
40392.28000,0.91807
40392.29000,0.917691
40392.30000,0.917312
40392.31000,0.916933
40392.32000,0.916554
40392.33000,0.916176
40392.34000,0.915797
40392.35000,0.915418
40392.36000,0.915039
40392.37000,0.91466
40392.38000,0.914281
40392.39000,0.913902
40392.40000,0.913523
40392.41000,0.913144
40392.42000,0.912765
40392.43000,0.912386
40392.44000,0.912167
40392.45000,0.911952
40392.46000,0.911737
40392.47000,0.911522
40392.48000,0.911307
40392.49000,0.911092
40392.50000,0.910878
40392.51000,0.910663
40392.52000,0.910448
40392.53000,0.910233
40392.54000,0.910018
40392.55000,0.909803
40392.56000,0.909588
40392.57000,0.909373
40392.58000,0.909158
40392.59000,0.908943
40392.60000,0.908728
40392.61000,0.908513
40392.62000,0.908298
40392.63000,0.908083
40392.64000,0.907868
40392.65000,0.907653
40392.66000,0.907438
40392.67000,0.907223
40392.68000,0.907008
40392.69000,0.906793
40392.70000,0.906578
40392.71000,0.906363
40392.72000,0.906148
40392.73000,0.905933
40392.74000,0.905718
40392.75000,0.905546
40392.76000,0.905447
40392.77000,0.905348
40392.78000,0.905248
40392.79000,0.905149
40392.80000,0.90505
40392.81000,0.904951
40392.82000,0.904851
40392.83000,0.904752
40392.84000,0.904653
40392.85000,0.904553
40392.86000,0.904454
40392.87000,0.904355
40392.88000,0.904255
40392.89000,0.904156
40392.90000,0.904057
40392.91000,0.903958
40392.92000,0.903858
40392.93000,0.903759
40392.94000,0.90366
40392.95000,0.90356
40392.96000,0.903461
40392.97000,0.903362
40392.98000,0.903263
40392.99000,0.903163
40393.00000,0.903064
40393.01000,0.902965
40393.02000,0.902865
40393.03000,0.902766
40393.04000,0.902667
40393.05000,0.902567
40393.06000,0.902468
40393.07000,0.902369
40393.08000,0.90227
40393.09000,0.90217
40393.10000,0.902071
40393.11000,0.901972
40393.12000,0.901872
40393.13000,0.901773
40393.14000,0.901674
40393.15000,0.901575
40393.16000,0.901475
40393.17000,0.901312
40393.18000,0.900935
40393.19000,0.900559
40393.20000,0.900182
40393.21000,0.899805
40393.22000,0.899428
40393.23000,0.899051
40393.24000,0.898675
40393.25000,0.898298
40393.26000,0.897921
40393.27000,0.897544
40393.28000,0.897168
40393.29000,0.896791
40393.30000,0.896414
40393.31000,0.896037
40393.32000,0.895661
40393.33000,0.895284
40393.34000,0.894907
40393.35000,0.89453
40393.36000,0.894154
40393.37000,0.893777
40393.38000,0.8934
40393.39000,0.893023
40393.40000,0.892647
40393.41000,0.89227
40393.42000,0.891893
40393.43000,0.891516
40393.44000,0.891139
40393.45000,0.890763
40393.46000,0.890386
40393.47000,0.890009
40393.48000,0.889632
40393.49000,0.889256
40393.50000,0.888879
40393.51000,0.888502
40393.52000,0.888125
40393.53000,0.887749
40393.54000,0.887372
40393.55000,0.886995
40393.56000,0.886618
40393.57000,0.886242
40393.58000,0.885865
40393.59000,0.88552
40393.60000,0.885496
40393.61000,0.885473
40393.62000,0.885449
40393.63000,0.885425
40393.64000,0.885402
40393.65000,0.885378
40393.66000,0.885354
40393.67000,0.885331
40393.68000,0.885307
40393.69000,0.885283
40393.70000,0.88526
40393.71000,0.885236
40393.72000,0.885213
40393.73000,0.885189
40393.74000,0.885165
40393.75000,0.885142
40393.76000,0.885118
40393.77000,0.885094
40393.78000,0.885071
40393.79000,0.885047
40393.80000,0.885023
40393.81000,0.885
40393.82000,0.884976
40393.83000,0.884952
40393.84000,0.884929
40393.85000,0.884905
40393.86000,0.884881
40393.87000,0.884858
40393.88000,0.884834
40393.89000,0.88481
40393.90000,0.884787
40393.91000,0.884763
40393.92000,0.884739
40393.93000,0.884716
40393.94000,0.884692
40393.95000,0.884668
40393.96000,0.884645
40393.97000,0.884621
40393.98000,0.884597
40393.99000,0.884574
40394.00000,0.88455
40394.01000,0.884527
40394.02000,0.88453
40394.03000,0.884535
40394.04000,0.88454
40394.05000,0.884545
40394.06000,0.884551
40394.07000,0.884556
40394.08000,0.884561
40394.09000,0.884566
40394.10000,0.884571
40394.11000,0.884576
40394.12000,0.885217
40394.13000,0.887018
40394.14000,0.89054
40394.15000,0.895401
40394.16000,0.900262
40394.17000,0.904474
40394.18000,0.907637
40394.19000,0.911214
40394.20000,0.911173
40394.21000,0.911133
40394.22000,0.911093
40394.23000,0.911053
40394.24000,0.911013
40394.25000,0.910973
40394.26000,0.910933
40394.27000,0.910892
40394.28000,0.910852
40394.29000,0.910812
40394.30000,0.910393
40394.31000,0.909975
40394.32000,0.909556
40394.33000,0.909137
40394.34000,0.908718
40394.35000,0.9083
40394.36000,0.907881
40394.37000,0.907462
40394.38000,0.907043
40394.39000,0.906625
40394.40000,0.906206
40394.41000,0.905787
40394.42000,0.905368
40394.43000,0.905001
40394.44000,0.90466
40394.45000,0.904319
40394.46000,0.903978
40394.47000,0.903636
40394.48000,0.903295
40394.49000,0.902954
40394.50000,0.902612
40394.51000,0.902271
40394.52000,0.90193
40394.53000,0.901589
40394.54000,0.901247
40394.55000,0.900906
40394.56000,0.900565
40394.57000,0.900224
40394.58000,0.899882
40394.59000,0.899541
40394.60000,0.8992
40394.61000,0.899071
40394.62000,0.898968
40394.63000,0.898866
40394.64000,0.898763
40394.65000,0.898661
40394.66000,0.898559
40394.67000,0.898456
40394.68000,0.898354
40394.69000,0.898251
40394.70000,0.898149
40394.71000,0.898046
40394.72000,0.897944
40394.73000,0.897841
40394.74000,0.897739
40394.75000,0.897637
40394.76000,0.897534
40394.77000,0.897432
40394.78000,0.89733
40394.79000,0.897238
40394.80000,0.897147
40394.81000,0.897055
40394.82000,0.896963
40394.83000,0.896871
40394.84000,0.896779
40394.85000,0.896687
40394.86000,0.896595
40394.87000,0.896503
40394.88000,0.896411
40394.89000,0.896319
40394.90000,0.896227
40394.91000,0.896135
40394.92000,0.896043
40394.93000,0.895951
40394.94000,0.895859
40394.95000,0.895767
40394.96000,0.895663
40394.97000,0.895536
40394.98000,0.895409
40394.99000,0.895282
40395.00000,0.895154
40395.01000,0.895027
40395.02000,0.8949
40395.03000,0.894773
40395.04000,0.894645
40395.05000,0.894518
40395.06000,0.894391
40395.07000,0.894264
40395.08000,0.894136
40395.09000,0.894009
40395.10000,0.893882
40395.11000,0.893755
40395.12000,0.893628
40395.13000,0.8935
40395.14000,0.8933
40395.15000,0.893042
40395.16000,0.892783
40395.17000,0.892525
40395.18000,0.892267
40395.19000,0.892008
40395.20000,0.89175
40395.21000,0.891491
40395.22000,0.891233
40395.23000,0.890975
40395.24000,0.890716
40395.25000,0.890458
40395.26000,0.8902
40395.27000,0.889941
40395.28000,0.889683
40395.29000,0.889424
40395.30000,0.889166
40395.31000,0.888908
40395.32000,0.888649
40395.33000,0.888391
40395.34000,0.888133
40395.35000,0.887874
40395.36000,0.887616
40395.37000,0.887357
40395.38000,0.887343
40395.39000,0.887371
40395.40000,0.8874
40395.41000,0.887428
40395.42000,0.887456
40395.43000,0.887484
40395.44000,0.887513
40395.45000,0.887541
40395.46000,0.887569
40395.47000,0.887597
40395.48000,0.887626
40395.49000,0.887654
40395.50000,0.887682
40395.51000,0.88771
40395.52000,0.887739
40395.53000,0.887767
40395.54000,0.887795
40395.55000,0.887823
40395.56000,0.887852
40395.57000,0.88788
40395.58000,0.8916
40395.59000,0.900605
40395.60000,0.916142
40395.61000,0.935109
40395.62000,0.953696
40395.63000,0.970409
40395.64000,0.984543
40395.65000,0.99632
40395.66000,1.00645
40395.67000,1.01514
40395.68000,1.02253
40395.69000,1.02873
40395.70000,1.03381
40395.71000,1.03784
40395.72000,1.04089
40395.73000,1.04304
40395.74000,1.0446
40395.75000,1.04571
40395.76000,1.04645
40395.77000,1.04688
40395.78000,1.04695
40395.79000,1.04667
40395.80000,1.04604
40395.81000,1.04508
40395.82000,1.03179
40395.83000,1.0303
40395.84000,1.02881
40395.85000,1.02732
40395.86000,1.02583
40395.87000,1.02435
40395.88000,1.02286
40395.89000,1.02137
40395.90000,1.01988
40395.91000,1.01839
40395.92000,1.0169
40395.93000,1.01579
40395.94000,1.01467
40395.95000,1.01356
40395.96000,1.01244
40395.97000,1.01133
40395.98000,1.01021
40395.99000,1.0091
40396.00000,1.00799
40396.01000,1.00687
40396.02000,1.00576
40396.03000,1.00464
40396.04000,1.00353
40396.05000,1.00241
40396.06000,1.00151
40396.07000,1.00071
40396.08000,0.999909
40396.09000,0.99911
40396.10000,0.99831
40396.11000,0.997511
40396.12000,0.996711
40396.13000,0.995912
40396.14000,0.995113
40396.15000,0.994313
40396.16000,0.993514
40396.17000,0.992714
40396.18000,0.991915
40396.19000,0.991116
40396.20000,0.990316
40396.21000,0.989517
40396.22000,0.988717
40396.23000,0.987918
40396.24000,0.987075
40396.25000,0.986226
40396.26000,0.985377
40396.27000,0.984528
40396.28000,0.983679
40396.29000,0.98283
40396.30000,0.981981
40396.31000,0.981132
40396.32000,0.980283
40396.33000,0.979434
40396.34000,0.978585
40396.35000,0.977736
40396.36000,0.976887
40396.37000,0.976038
40396.38000,0.975189
40396.39000,0.97434
40396.40000,0.973491
40396.41000,0.972642
40396.42000,0.971793
40396.43000,0.970944
40396.44000,0.970095
40396.45000,0.969247
40396.46000,0.968398
40396.47000,0.967645
40396.48000,0.967318
40396.49000,0.96699
40396.50000,0.966663
40396.51000,0.966336
40396.52000,0.966008
40396.53000,0.965681
40396.54000,0.965353
40396.55000,0.965026
40396.56000,0.964698
40396.57000,0.964371
40396.58000,0.964044
40396.59000,0.963716
40396.60000,0.963389
40396.61000,0.963061
40396.62000,0.962734
40396.63000,0.962406
40396.64000,0.962079
40396.65000,0.961752
40396.66000,0.961424
40396.67000,0.961097
40396.68000,0.960769
40396.69000,0.960442
40396.70000,0.960114
40396.71000,0.959787
40396.72000,0.95946
40396.73000,0.959132
40396.74000,0.958805
40396.75000,0.958477
40396.76000,0.95815
40396.77000,0.957823
40396.78000,0.957495
40396.79000,0.957251
40396.80000,0.957067
40396.81000,0.956882
40396.82000,0.956698
40396.83000,0.956514
40396.84000,0.95633
40396.85000,0.956145
40396.86000,0.955961
40396.87000,0.955777
40396.88000,0.955593
40396.89000,0.955408
40396.90000,0.955224
40396.91000,0.95504
40396.92000,0.954856
40396.93000,0.954671
40396.94000,0.954487
40396.95000,0.954303
40396.96000,0.954119
40396.97000,0.953935
40396.98000,0.95375
40396.99000,0.953566
40397.00000,0.953382
40397.01000,0.953198
40397.02000,0.953013
40397.03000,0.952829
40397.04000,0.952645
40397.05000,0.952461
40397.06000,0.952276
40397.07000,0.952092
40397.08000,0.951908
40397.09000,0.951724
40397.10000,0.95154
40397.11000,0.951355
40397.12000,0.951171
40397.13000,0.950987
40397.14000,0.950803
40397.15000,0.950618
40397.16000,0.950434
40397.17000,0.95025
40397.18000,0.950066
40397.19000,0.949881
40397.20000,0.949697
40397.21000,0.949434
40397.22000,0.949069
40397.23000,0.948705
40397.24000,0.948341
40397.25000,0.947976
40397.26000,0.947612
40397.27000,0.947248
40397.28000,0.946883
40397.29000,0.946519
40397.30000,0.946155
40397.31000,0.94579
40397.32000,0.945426
40397.33000,0.945062
40397.34000,0.944697
40397.35000,0.944333
40397.36000,0.943969
40397.37000,0.943604
40397.38000,0.94324
40397.39000,0.942876
40397.40000,0.942511
40397.41000,0.942147
40397.42000,0.941783
40397.43000,0.941418
40397.44000,0.941054
40397.45000,0.940689
40397.46000,0.940325
40397.47000,0.939961
40397.48000,0.939596
40397.49000,0.939232
40397.50000,0.938868
40397.51000,0.938503
40397.52000,0.938139
40397.53000,0.937775
40397.54000,0.93741
40397.55000,0.937046
40397.56000,0.936682
40397.57000,0.936317
40397.58000,0.935953
40397.59000,0.935589
40397.60000,0.935224
40397.61000,0.93486
40397.62000,0.934496
40397.63000,0.934208
40397.64000,0.934098
40397.65000,0.933987
40397.66000,0.933877
40397.67000,0.933767
40397.68000,0.933657
40397.69000,0.933547
40397.70000,0.933437
40397.71000,0.933326
40397.72000,0.933216
40397.73000,0.933106
40397.74000,0.932996
40397.75000,0.932886
40397.76000,0.932776
40397.77000,0.932665
40397.78000,0.932555
40397.79000,0.932445
40397.80000,0.932335
40397.81000,0.932225
40397.82000,0.932115
40397.83000,0.932005
40397.84000,0.931894
40397.85000,0.931784
40397.86000,0.931674
40397.87000,0.931564
40397.88000,0.931454
40397.89000,0.931344
40397.90000,0.931233
40397.91000,0.931123
40397.92000,0.931013
40397.93000,0.930903
40397.94000,0.930793
40397.95000,0.930683
40397.96000,0.930572
40397.97000,0.930462
40397.98000,0.930352
40397.99000,0.930242
40398.00000,0.930132
40398.01000,0.930022
40398.02000,0.929911
40398.03000,0.929801
40398.04000,0.929691
40398.05000,0.929533
40398.06000,0.929125
40398.07000,0.928716
40398.08000,0.928308
40398.09000,0.927899
40398.10000,0.927491
40398.11000,0.927083
40398.12000,0.926674
40398.13000,0.926266
40398.14000,0.925857
40398.15000,0.925449
40398.16000,0.92504
40398.17000,0.924632
40398.18000,0.924224
40398.19000,0.923815
40398.20000,0.923407
40398.21000,0.922998
40398.22000,0.92259
40398.23000,0.922181
40398.24000,0.921773
40398.25000,0.921365
40398.26000,0.920956
40398.27000,0.920548
40398.28000,0.920139
40398.29000,0.919731
40398.30000,0.919322
40398.31000,0.918914
40398.32000,0.918506
40398.33000,0.918097
40398.34000,0.917689
40398.35000,0.91728
40398.36000,0.916872
40398.37000,0.916464
40398.38000,0.916055
40398.39000,0.915647
40398.40000,0.915238
40398.41000,0.91483
40398.42000,0.914421
40398.43000,0.914013
40398.44000,0.913605
40398.45000,0.913196
40398.46000,0.912788
40398.47000,0.912386
40398.48000,0.912286
40398.49000,0.912186
40398.50000,0.912086
40398.51000,0.911987
40398.52000,0.911887
40398.53000,0.911787
40398.54000,0.911688
40398.55000,0.911588
40398.56000,0.911488
40398.57000,0.911388
40398.58000,0.911289
40398.59000,0.911189
40398.60000,0.911089
40398.61000,0.91099
40398.62000,0.91089
40398.63000,0.91079
40398.64000,0.91069
40398.65000,0.910591
40398.66000,0.910491
40398.67000,0.910391
40398.68000,0.910291
40398.69000,0.910192
40398.70000,0.910092
40398.71000,0.909992
40398.72000,0.909893
40398.73000,0.909793
40398.74000,0.909693
40398.75000,0.909593
40398.76000,0.909494
40398.77000,0.909394
40398.78000,0.909294
40398.79000,0.909195
40398.80000,0.909095
40398.81000,0.908995
40398.82000,0.908895
40398.83000,0.908796
40398.84000,0.908696
40398.85000,0.908596
40398.86000,0.908496
40398.87000,0.908397
40398.88000,0.908297
40398.89000,0.908197
40398.90000,0.907992
40398.91000,0.907772
40398.92000,0.907553
40398.93000,0.907333
40398.94000,0.907114
40398.95000,0.906894
40398.96000,0.906675
40398.97000,0.906455
40398.98000,0.906236
40398.99000,0.906016
40399.00000,0.905797
40399.01000,0.905577
40399.02000,0.905357
40399.03000,0.905138
40399.04000,0.904918
40399.05000,0.904699
40399.06000,0.904479
40399.07000,0.90426
40399.08000,0.90404
40399.09000,0.903821
40399.10000,0.903601
40399.11000,0.903382
40399.12000,0.903162
40399.13000,0.902942
40399.14000,0.902723
40399.15000,0.902503
40399.16000,0.902284
40399.17000,0.902064
40399.18000,0.901845
40399.19000,0.901625
40399.20000,0.901406
40399.21000,0.901186
40399.22000,0.900967
40399.23000,0.900747
40399.24000,0.900527
40399.25000,0.900308
40399.26000,0.900088
40399.27000,0.899869
40399.28000,0.899649
40399.29000,0.89943
40399.30000,0.89921
40399.31000,0.898991
40399.32000,0.898804
40399.33000,0.89863
40399.34000,0.898455
40399.35000,0.89828
40399.36000,0.898106
40399.37000,0.897931
40399.38000,0.897757
40399.39000,0.897582
40399.40000,0.897407
40399.41000,0.897233
40399.42000,0.897058
40399.43000,0.896883
40399.44000,0.896709
40399.45000,0.896534
40399.46000,0.89636
40399.47000,0.896185
40399.48000,0.89601
40399.49000,0.895836
40399.50000,0.895661
40399.51000,0.895486
40399.52000,0.895312
40399.53000,0.895137
40399.54000,0.894963
40399.55000,0.894788
40399.56000,0.894613
40399.57000,0.894439
40399.58000,0.894264
40399.59000,0.894089
40399.60000,0.893915
40399.61000,0.89374
40399.62000,0.893566
40399.63000,0.893391
40399.64000,0.893216
40399.65000,0.893042
40399.66000,0.892867
40399.67000,0.892692
40399.68000,0.892518
40399.69000,0.892343
40399.70000,0.892169
40399.71000,0.891994
40399.72000,0.891819
40399.73000,0.891645
40399.74000,0.891515
40399.75000,0.891414
40399.76000,0.891314
40399.77000,0.891214
40399.78000,0.891114
40399.79000,0.891014
40399.80000,0.890913
40399.81000,0.890813
40399.82000,0.890713
40399.83000,0.890613
40399.84000,0.890512
40399.85000,0.890412
40399.86000,0.890312
40399.87000,0.890212
40399.88000,0.890111
40399.89000,0.890011
40399.90000,0.889911
40399.91000,0.889811
40399.92000,0.88971
40399.93000,0.88961
40399.94000,0.88951
40399.95000,0.88941
40399.96000,0.889309
40399.97000,0.889209
40399.98000,0.889109
40399.99000,0.889009
40400.00000,0.888909
40400.01000,0.888808
40400.02000,0.888708
40400.03000,0.888608
40400.04000,0.888508
40400.05000,0.888407
40400.06000,0.888307
40400.07000,0.888207
40400.08000,0.888107
40400.09000,0.888006
40400.10000,0.887906
40400.11000,0.887806
40400.12000,0.887706
40400.13000,0.887605
40400.14000,0.887505
40400.15000,0.887405
40400.16000,0.887172
40400.17000,0.886785
40400.18000,0.886398
40400.19000,0.886011
40400.20000,0.885624
40400.21000,0.885236
40400.22000,0.884849
40400.23000,0.884462
40400.24000,0.884075
40400.25000,0.883687
40400.26000,0.8833
40400.27000,0.882913
40400.28000,0.882526
40400.29000,0.882139
40400.30000,0.881751
40400.31000,0.881364
40400.32000,0.880977
40400.33000,0.88059
40400.34000,0.880202
40400.35000,0.879815
40400.36000,0.879428
40400.37000,0.879041
40400.38000,0.878654
40400.39000,0.878266
40400.40000,0.877879
40400.41000,0.877492
40400.42000,0.877105
40400.43000,0.876718
40400.44000,0.87633
40400.45000,0.875943
40400.46000,0.875556
40400.47000,0.875169
40400.48000,0.874781
40400.49000,0.874394
40400.50000,0.874007
40400.51000,0.87362
40400.52000,0.873233
40400.53000,0.872845
40400.54000,0.872458
40400.55000,0.872071
40400.56000,0.871684
40400.57000,0.871296
40400.58000,0.871001
40400.59000,0.870901
40400.60000,0.8708
40400.61000,0.870699
40400.62000,0.870598
40400.63000,0.870498
40400.64000,0.870397
40400.65000,0.870296
40400.66000,0.870196
40400.67000,0.870095
40400.68000,0.869994
40400.69000,0.869893
40400.70000,0.869793
40400.71000,0.869692
40400.72000,0.869591
40400.73000,0.869491
40400.74000,0.86939
40400.75000,0.869289
40400.76000,0.869188
40400.77000,0.869088
40400.78000,0.868987
40400.79000,0.868886
40400.80000,0.868786
40400.81000,0.868685
40400.82000,0.868584
40400.83000,0.868483
40400.84000,0.868383
40400.85000,0.868282
40400.86000,0.868181
40400.87000,0.868081
40400.88000,0.86798
40400.89000,0.867879
40400.90000,0.867779
40400.91000,0.867678
40400.92000,0.867577
40400.93000,0.867476
40400.94000,0.867376
40400.95000,0.867275
40400.96000,0.867174
40400.97000,0.867074
40400.98000,0.866973
40400.99000,0.866872
40401.00000,0.866723
40401.01000,0.866354
40401.02000,0.865985
40401.03000,0.865616
40401.04000,0.865247
40401.05000,0.864878
40401.06000,0.86451
40401.07000,0.864141
40401.08000,0.863772
40401.09000,0.863403
40401.10000,0.863034
40401.11000,0.862665
40401.12000,0.862296
40401.13000,0.861927
40401.14000,0.861559
40401.15000,0.86119
40401.16000,0.860821
40401.17000,0.860452
40401.18000,0.860083
40401.19000,0.859714
40401.20000,0.859345
40401.21000,0.858976
40401.22000,0.858608
40401.23000,0.858239
40401.24000,0.85787
40401.25000,0.857501
40401.26000,0.857132
40401.27000,0.856763
40401.28000,0.856394
40401.29000,0.856025
40401.30000,0.855657
40401.31000,0.855288
40401.32000,0.854919
40401.33000,0.85455
40401.34000,0.854181
40401.35000,0.853812
40401.36000,0.853443
40401.37000,0.853074
40401.38000,0.852706
40401.39000,0.852337
40401.40000,0.851968
40401.41000,0.851599
40401.42000,0.851241
40401.43000,0.851148
40401.44000,0.851055
40401.45000,0.850961
40401.46000,0.850868
40401.47000,0.850775
40401.48000,0.850681
40401.49000,0.850588
40401.50000,0.850495
40401.51000,0.850401
40401.52000,0.850308
40401.53000,0.850215
40401.54000,0.850121
40401.55000,0.850028
40401.56000,0.849935
40401.57000,0.849841
40401.58000,0.849748
40401.59000,0.849655
40401.60000,0.849561
40401.61000,0.849468
40401.62000,0.849375
40401.63000,0.849281
40401.64000,0.849188
40401.65000,0.849095
40401.66000,0.849001
40401.67000,0.848908
40401.68000,0.848814
40401.69000,0.848721
40401.70000,0.848628
40401.71000,0.848534
40401.72000,0.848441
40401.73000,0.848348
40401.74000,0.848254
40401.75000,0.848161
40401.76000,0.848068
40401.77000,0.847974
40401.78000,0.847881
40401.79000,0.847788
40401.80000,0.847694
40401.81000,0.847601
40401.82000,0.847508
40401.83000,0.847414
40401.84000,0.847321
40401.85000,0.847311
40401.86000,0.84731
40401.87000,0.847309
40401.88000,0.847308
40401.89000,0.847307
40401.90000,0.847306
40401.91000,0.847305
40401.92000,0.847304
40401.93000,0.847303
40401.94000,0.847302
40401.95000,0.847301
40401.96000,0.8473
40401.97000,0.847299
40401.98000,0.847298
40401.99000,0.847296
40402.00000,0.847295
40402.01000,0.847294
40402.02000,0.847293
40402.03000,0.847292
40402.04000,0.847291
40402.05000,0.84729
40402.06000,0.847289
40402.07000,0.847288
40402.08000,0.847287
40402.09000,0.847286
40402.10000,0.847285
40402.11000,0.847284
40402.12000,0.847283
40402.13000,0.847282
40402.14000,0.847281
40402.15000,0.84728
40402.16000,0.847279
40402.17000,0.847278
40402.18000,0.847277
40402.19000,0.847276
40402.20000,0.847275
40402.21000,0.847274
40402.22000,0.847273
40402.23000,0.847272
40402.24000,0.849387
40402.25000,0.856729
40402.26000,0.871667
40402.27000,0.895087
40402.28000,0.925943
40402.29000,0.962904
40402.30000,1.00446
40402.31000,1.04904
40402.32000,1.08643
40402.33000,1.11265
40402.34000,1.12786
40402.35000,1.13308
40402.36000,1.09541
40402.37000,1.0918
40402.38000,1.08818
40402.39000,1.08456
40402.40000,1.08095
40402.41000,1.07733
40402.42000,1.07372
40402.43000,1.0701
40402.44000,1.06648
40402.45000,1.06287
40402.46000,1.05925
40402.47000,1.05775
40402.48000,1.05624
40402.49000,1.05474
40402.50000,1.05324
40402.51000,1.05174
40402.52000,1.05023
40402.53000,1.04873
40402.54000,1.04723
40402.55000,1.04573
40402.56000,1.04423
40402.57000,1.04272
40402.58000,1.04122
40402.59000,1.03972
40402.60000,1.03909
40402.61000,1.0389
40402.62000,1.03872
40402.63000,1.03853
40402.64000,1.03834
40402.65000,1.03815
40402.66000,1.03797
40402.67000,1.03778
40402.68000,1.03759
40402.69000,1.0374
40402.70000,1.03619
40402.71000,1.03603
40402.72000,1.03737
40402.73000,1.04047
40402.74000,1.04436
40402.75000,1.04857
40402.76000,1.05278
40402.77000,1.05676
40402.78000,1.05991
40402.79000,1.06199
40402.80000,1.06291
40402.81000,1.06266
40402.82000,1.04656
40402.83000,1.04472
40402.84000,1.04288
40402.85000,1.04104
40402.86000,1.03921
40402.87000,1.03737
40402.88000,1.03553
40402.89000,1.03369
40402.90000,1.03186
40402.91000,1.03002
40402.92000,1.02818
40402.93000,1.02765
40402.94000,1.02712
40402.95000,1.02659
40402.96000,1.02606
40402.97000,1.02553
40402.98000,1.025
40402.99000,1.02446
40403.00000,1.02393
40403.01000,1.0234
40403.02000,1.02287
40403.03000,1.02234
40403.04000,1.02181
40403.05000,1.02128
40403.06000,1.021
40403.07000,1.02084
40403.08000,1.02068
40403.09000,1.02052
40403.10000,1.02036
40403.11000,1.02021
40403.12000,1.02033
40403.13000,1.02218
40403.14000,1.02634
40403.15000,1.03231
40403.16000,1.03855
40403.17000,1.04438
40403.18000,1.04938
40403.19000,1.05334
40403.20000,1.05617
40403.21000,1.05784
40403.22000,1.05839
40403.23000,1.04281
40403.24000,1.04093
40403.25000,1.03904
40403.26000,1.03716
40403.27000,1.03527
40403.28000,1.03338
40403.29000,1.0315
40403.30000,1.02961
40403.31000,1.02772
40403.32000,1.02584
40403.33000,1.02395
40403.34000,1.02242
40403.35000,1.02088
40403.36000,1.01935
40403.37000,1.01782
40403.38000,1.01628
40403.39000,1.01475
40403.40000,1.01321
40403.41000,1.01168
40403.42000,1.01015
40403.43000,1.00861
40403.44000,1.00708
40403.45000,1.00554
40403.46000,1.00401
40403.47000,1.00282
40403.48000,1.00181
40403.49000,1.00079
40403.50000,0.999774
40403.51000,0.998759
40403.52000,0.997743
40403.53000,0.996728
40403.54000,0.995712
40403.55000,0.994697
40403.56000,0.993681
40403.57000,0.992666
40403.58000,0.99165
40403.59000,0.990635
40403.60000,0.989619
40403.61000,0.988604
40403.62000,0.987588
40403.63000,0.986573
40403.64000,0.985557
40403.65000,0.984983
40403.66000,0.984464
40403.67000,0.983944
40403.68000,0.983425
40403.69000,0.982906
40403.70000,0.982387
40403.71000,0.981868
40403.72000,0.981348
40403.73000,0.980829
40403.74000,0.98031
40403.75000,0.979791
40403.76000,0.979272
40403.77000,0.978752
40403.78000,0.978233
40403.79000,0.977714
40403.80000,0.977195
40403.81000,0.976676
40403.82000,0.976156
40403.83000,0.975637
40403.84000,0.975118
40403.85000,0.974599
40403.86000,0.97408
40403.87000,0.97356
40403.88000,0.97307
40403.89000,0.972707
40403.90000,0.972345
40403.91000,0.971982
40403.92000,0.971619
40403.93000,0.971256
40403.94000,0.970893
40403.95000,0.97053
40403.96000,0.970168
40403.97000,0.969805
40403.98000,0.969442
40403.99000,0.969079
40404.00000,0.968716
40404.01000,0.968353
40404.02000,0.967991
40404.03000,0.967628
40404.04000,0.967265
40404.05000,0.966902
40404.06000,0.966539
40404.07000,0.966176
40404.08000,0.965814
40404.09000,0.965451
40404.10000,0.965088
40404.11000,0.964725
40404.12000,0.964362
40404.13000,0.964
40404.14000,0.963637
40404.15000,0.963274
40404.16000,0.962911
40404.17000,0.962548
40404.18000,0.962185
40404.19000,0.961823
40404.20000,0.961437
40404.21000,0.961034
40404.22000,0.960632
40404.23000,0.960229
40404.24000,0.959827
40404.25000,0.959424
40404.26000,0.959022
40404.27000,0.958619
40404.28000,0.958216
40404.29000,0.957814
40404.30000,0.957411
40404.31000,0.957009
40404.32000,0.956606
40404.33000,0.956204
40404.34000,0.955801
40404.35000,0.955399
40404.36000,0.954996
40404.37000,0.954594
40404.38000,0.954191
40404.39000,0.953789
40404.40000,0.953386
40404.41000,0.952983
40404.42000,0.952581
40404.43000,0.952178
40404.44000,0.951776
40404.45000,0.951373
40404.46000,0.950971
40404.47000,0.950568
40404.48000,0.950166
40404.49000,0.949763
40404.50000,0.949361
40404.51000,0.948958
40404.52000,0.948556
40404.53000,0.948153
40404.54000,0.94775
40404.55000,0.947348
40404.56000,0.946945
40404.57000,0.946543
40404.58000,0.94614
40404.59000,0.945738
40404.60000,0.945335
40404.61000,0.944933
40404.62000,0.94466
40404.63000,0.944554
40404.64000,0.944447
40404.65000,0.944341
40404.66000,0.944234
40404.67000,0.944127
40404.68000,0.944021
40404.69000,0.943914
40404.70000,0.943807
40404.71000,0.943701
40404.72000,0.943594
40404.73000,0.943488
40404.74000,0.943381
40404.75000,0.943274
40404.76000,0.943168
40404.77000,0.943061
40404.78000,0.942954
40404.79000,0.942848
40404.80000,0.942741
40404.81000,0.942635
40404.82000,0.942528
40404.83000,0.942421
40404.84000,0.942315
40404.85000,0.942208
40404.86000,0.942101
40404.87000,0.941995
40404.88000,0.941888
40404.89000,0.941782
40404.90000,0.941675
40404.91000,0.941568
40404.92000,0.941462
40404.93000,0.941355
40404.94000,0.941248
40404.95000,0.941142
40404.96000,0.941035
40404.97000,0.940928
40404.98000,0.940822
40404.99000,0.940715
40405.00000,0.940609
40405.01000,0.940502
40405.02000,0.940395
40405.03000,0.940289
40405.04000,0.940212
40405.05000,0.940203
40405.06000,0.940194
40405.07000,0.940185
40405.08000,0.940177
40405.09000,0.940168
40405.10000,0.940159
40405.11000,0.940151
40405.12000,0.940142
40405.13000,0.940133
40405.14000,0.940125
40405.15000,0.940116
40405.16000,0.940107
40405.17000,0.940099
40405.18000,0.94009
40405.19000,0.940081
40405.20000,0.940072
40405.21000,0.940064
40405.22000,0.940055
40405.23000,0.940046
40405.24000,0.940038
40405.25000,0.940029
40405.26000,0.94002
40405.27000,0.940012
40405.28000,0.940003
40405.29000,0.939994
40405.30000,0.939986
40405.31000,0.939977
40405.32000,0.939968
40405.33000,0.939959
40405.34000,0.939951
40405.35000,0.939942
40405.36000,0.939933
40405.37000,0.939782
40405.38000,0.939895
40405.39000,0.940429
40405.40000,0.941506
40405.41000,0.943173
40405.42000,0.945463
40405.43000,0.94838
40405.44000,0.951936
40405.45000,0.956199
40405.46000,0.961182
40405.47000,0.966881
40405.48000,0.973164
40405.49000,0.978774
40405.50000,0.983273
40405.51000,0.986445
40405.52000,0.988218
40405.53000,0.985858
40405.54000,0.985188
40405.55000,0.984517
40405.56000,0.983846
40405.57000,0.983176
40405.58000,0.982505
40405.59000,0.981834
40405.60000,0.981164
40405.61000,0.980493
40405.62000,0.979822
40405.63000,0.979152
40405.64000,0.97868
40405.65000,0.978208
40405.66000,0.977736
40405.67000,0.977265
40405.68000,0.976793
40405.69000,0.976321
40405.70000,0.97585
40405.71000,0.975378
40405.72000,0.974906
40405.73000,0.974435
40405.74000,0.973963
40405.75000,0.973491
40405.76000,0.973019
40405.77000,0.972602
40405.78000,0.972213
40405.79000,0.971823
40405.80000,0.971433
40405.81000,0.971043
40405.82000,0.970654
40405.83000,0.970264
40405.84000,0.969874
40405.85000,0.969484
40405.86000,0.969094
40405.87000,0.968705
40405.88000,0.968315
40405.89000,0.967925
40405.90000,0.967535
40405.91000,0.967146
40405.92000,0.966756
40405.93000,0.966366
40405.94000,0.965976
40405.95000,0.965711
40405.96000,0.96546
40405.97000,0.96521
40405.98000,0.96496
40405.99000,0.96471
40406.00000,0.96446
40406.01000,0.96421
40406.02000,0.963959
40406.03000,0.963709
40406.04000,0.963459
40406.05000,0.963209
40406.06000,0.962959
40406.07000,0.962708
40406.08000,0.962458
40406.09000,0.962208
40406.10000,0.961958
40406.11000,0.961708
40406.12000,0.961458
40406.13000,0.961207
40406.14000,0.960957
40406.15000,0.960707
40406.16000,0.960457
40406.17000,0.960207
40406.18000,0.959922
40406.19000,0.959485
40406.20000,0.959048
40406.21000,0.958611
40406.22000,0.958174
40406.23000,0.957738
40406.24000,0.957301
40406.25000,0.956864
40406.26000,0.956427
40406.27000,0.95599
40406.28000,0.955553
40406.29000,0.955116
40406.30000,0.95468
40406.31000,0.954243
40406.32000,0.953806
40406.33000,0.953369
40406.34000,0.952932
40406.35000,0.952495
40406.36000,0.952058
40406.37000,0.951622
40406.38000,0.951185
40406.39000,0.950748
40406.40000,0.950311
40406.41000,0.949874
40406.42000,0.949438
40406.43000,0.949003
40406.44000,0.948567
40406.45000,0.948132
40406.46000,0.947696
40406.47000,0.947261
40406.48000,0.946825
40406.49000,0.94639
40406.50000,0.945954
40406.51000,0.945519
40406.52000,0.945083
40406.53000,0.944648
40406.54000,0.944213
40406.55000,0.943777
40406.56000,0.943342
40406.57000,0.942906
40406.58000,0.942471
40406.59000,0.942035
40406.60000,0.9416
40406.61000,0.941164
40406.62000,0.940729
40406.63000,0.940293
40406.64000,0.939858
40406.65000,0.939423
40406.66000,0.939202
40406.67000,0.939043
40406.68000,0.938884
40406.69000,0.938724
40406.70000,0.938565
40406.71000,0.938406
40406.72000,0.938247
40406.73000,0.938087
40406.74000,0.937928
40406.75000,0.937769
40406.76000,0.93761
40406.77000,0.937451
40406.78000,0.937291
40406.79000,0.937132
40406.80000,0.936973
40406.81000,0.936814
40406.82000,0.936654
40406.83000,0.936495
40406.84000,0.936336
40406.85000,0.936177
40406.86000,0.936017
40406.87000,0.935858
40406.88000,0.935699
40406.89000,0.93554
40406.90000,0.935381
40406.91000,0.935221
40406.92000,0.935062
40406.93000,0.934903
40406.94000,0.934744
40406.95000,0.934584
40406.96000,0.934425
40406.97000,0.934237
40406.98000,0.93391
40406.99000,0.933583
40407.00000,0.933256
40407.01000,0.932929
40407.02000,0.932602
40407.03000,0.932274
40407.04000,0.931947
40407.05000,0.93162
40407.06000,0.931293
40407.07000,0.930966
40407.08000,0.930639
40407.09000,0.930312
40407.10000,0.929985
40407.11000,0.929658
40407.12000,0.929331
40407.13000,0.929004
40407.14000,0.928677
40407.15000,0.928349
40407.16000,0.928022
40407.17000,0.927695
40407.18000,0.927368
40407.19000,0.927041
40407.20000,0.926714
40407.21000,0.926387
40407.22000,0.92606
40407.23000,0.925733
40407.24000,0.925406
40407.25000,0.925079
40407.26000,0.924751
40407.27000,0.924424
40407.28000,0.924097
40407.29000,0.92377
40407.30000,0.923443
40407.31000,0.923116
40407.32000,0.922789
40407.33000,0.922462
40407.34000,0.922135
40407.35000,0.921808
40407.36000,0.921481
40407.37000,0.921154
40407.38000,0.920826
40407.39000,0.920508
40407.40000,0.920437
40407.41000,0.920367
40407.42000,0.920296
40407.43000,0.920226
40407.44000,0.920155
40407.45000,0.920084
40407.46000,0.920014
40407.47000,0.919943
40407.48000,0.919873
40407.49000,0.919802
40407.50000,0.919732
40407.51000,0.919661
40407.52000,0.91959
40407.53000,0.91952
40407.54000,0.919449
40407.55000,0.919379
40407.56000,0.919308
40407.57000,0.919238
40407.58000,0.919167
40407.59000,0.919097
40407.60000,0.919026
40407.61000,0.918955
40407.62000,0.918885
40407.63000,0.918814
40407.64000,0.918744
40407.65000,0.918673
40407.66000,0.918603
40407.67000,0.918532
40407.68000,0.918462
40407.69000,0.918391
40407.70000,0.91832
40407.71000,0.91825
40407.72000,0.918179
40407.73000,0.918109
40407.74000,0.918038
40407.75000,0.917968
40407.76000,0.917897
40407.77000,0.917826
40407.78000,0.917756
40407.79000,0.917685
40407.80000,0.917615
40407.81000,0.917544
40407.82000,0.91754
40407.83000,0.917543
40407.84000,0.917546
40407.85000,0.91755
40407.86000,0.917553
40407.87000,0.917556
40407.88000,0.91756
40407.89000,0.917563
40407.90000,0.917567
40407.91000,0.91757
40407.92000,0.917573
40407.93000,0.917577
40407.94000,0.91758
40407.95000,0.917583
40407.96000,0.917587
40407.97000,0.91759
40407.98000,0.917593
40407.99000,0.917597
40408.00000,0.9176
40408.01000,0.917604
40408.02000,0.917607
40408.03000,0.91761
40408.04000,0.917614
40408.05000,0.917617
40408.06000,0.91762
40408.07000,0.917624
40408.08000,0.917627
40408.09000,0.91763
40408.10000,0.917634
40408.11000,0.917637
40408.12000,0.918523
40408.13000,0.92093
40408.14000,0.92553
40408.15000,0.9318
40408.16000,0.938073
40408.17000,0.943566
40408.18000,0.947824
40408.19000,0.950954
40408.20000,0.953905
40408.21000,0.957001
40408.22000,0.96047
40408.23000,0.964592
40408.24000,0.970789
40408.25000,0.979813
40408.26000,0.992119
40408.27000,1.00783
40408.28000,1.02235
40408.29000,1.03399
40408.30000,1.04218
40408.31000,1.04678
40408.32000,1.04933
40408.33000,1.05069
40408.34000,1.05123
40408.35000,1.05117
40408.36000,1.05081
40408.37000,1.05039
40408.38000,1.05003
40408.39000,1.04983
40408.40000,1.04986
40408.41000,1.05018
40408.42000,1.05082
40408.43000,1.05181
40408.44000,1.05302
40408.45000,1.05397
40408.46000,1.05448
40408.47000,1.05444
40408.48000,1.05384
40408.49000,1.05288
40408.50000,1.05164
40408.51000,1.05017
40408.52000,1.0485
40408.53000,1.03474
40408.54000,1.03454
40408.55000,1.03434
40408.56000,1.03415
40408.57000,1.03395
40408.58000,1.03375
40408.59000,1.03355
40408.60000,1.03336
40408.61000,1.03316
40408.62000,1.03182
40408.63000,1.0308
40408.64000,1.03022
40408.65000,1.02997
40408.66000,1.02975
40408.67000,1.02939
40408.68000,1.0288
40408.69000,1.01746
40408.70000,1.0163
40408.71000,1.01514
40408.72000,1.01397
40408.73000,1.01281
40408.74000,1.01164
40408.75000,1.01048
40408.76000,1.00932
40408.77000,1.00815
40408.78000,1.00699
40408.79000,1.00583
40408.80000,1.00492
40408.81000,1.00402
40408.82000,1.00311
40408.83000,1.00221
40408.84000,1.0013
40408.85000,1.0004
40408.86000,0.999492
40408.87000,0.998588
40408.88000,0.997683
40408.89000,0.996778
40408.90000,0.995873
40408.91000,0.994969
40408.92000,0.994064
40408.93000,0.993317
40408.94000,0.992648
40408.95000,0.99198
40408.96000,0.991311
40408.97000,0.990643
40408.98000,0.989974
40408.99000,0.989306
40409.00000,0.988637
40409.01000,0.987969
40409.02000,0.9873
40409.03000,0.986632
40409.04000,0.985964
40409.05000,0.985295
40409.06000,0.984627
40409.07000,0.983958
40409.08000,0.98329
40409.09000,0.982621
40409.10000,0.981953
40409.11000,0.981317
40409.12000,0.980686
40409.13000,0.980054
40409.14000,0.979422
40409.15000,0.978791
40409.16000,0.978159
40409.17000,0.977528
40409.18000,0.976896
40409.19000,0.976265
40409.20000,0.975633
40409.21000,0.975002
40409.22000,0.97437
40409.23000,0.973738
40409.24000,0.973107
40409.25000,0.972475
40409.26000,0.971844
40409.27000,0.971212
40409.28000,0.970581
40409.29000,0.969949
40409.30000,0.969318
40409.31000,0.968686
40409.32000,0.968054
40409.33000,0.967423
40409.34000,0.966814
40409.35000,0.966306
40409.36000,0.965798
40409.37000,0.96529
40409.38000,0.964782
40409.39000,0.964275
40409.40000,0.963767
40409.41000,0.963259
40409.42000,0.962751
40409.43000,0.962243
40409.44000,0.961735
40409.45000,0.961227
40409.46000,0.960719
40409.47000,0.960211
40409.48000,0.959703
40409.49000,0.959195
40409.50000,0.958687
40409.51000,0.958179
40409.52000,0.957671
40409.53000,0.957163
40409.54000,0.956655
40409.55000,0.956147
40409.56000,0.955639
40409.57000,0.955131
40409.58000,0.954623
40409.59000,0.954116
40409.60000,0.953608
40409.61000,0.9531
40409.62000,0.952592
40409.63000,0.952084
40409.64000,0.951576
40409.65000,0.951068
40409.66000,0.950764
40409.67000,0.950608
40409.68000,0.950453
40409.69000,0.950297
40409.70000,0.950141
40409.71000,0.949985
40409.72000,0.949829
40409.73000,0.949674
40409.74000,0.949518
40409.75000,0.949362
40409.76000,0.949206
40409.77000,0.94905
40409.78000,0.948894
40409.79000,0.948739
40409.80000,0.948583
40409.81000,0.948427
40409.82000,0.948271
40409.83000,0.948115
40409.84000,0.94796
40409.85000,0.947804
40409.86000,0.947648
40409.87000,0.947492
40409.88000,0.947336
40409.89000,0.94718
40409.90000,0.947025
40409.91000,0.946869
40409.92000,0.946713
40409.93000,0.946557
40409.94000,0.946401
40409.95000,0.946246
40409.96000,0.94609
40409.97000,0.945934
40409.98000,0.945778
40409.99000,0.945622
40410.00000,0.945466
40410.01000,0.945311
40410.02000,0.945155
40410.03000,0.944999
40410.04000,0.944843
40410.05000,0.944687
40410.06000,0.944532
40410.07000,0.944376
40410.08000,0.944106
40410.09000,0.943692
40410.10000,0.943278
40410.11000,0.942864
40410.12000,0.94245
40410.13000,0.942035
40410.14000,0.941621
40410.15000,0.941207
40410.16000,0.940793
40410.17000,0.940379
40410.18000,0.939965
40410.19000,0.939551
40410.20000,0.939136
40410.21000,0.938722
40410.22000,0.938308
40410.23000,0.937894
40410.24000,0.93748
40410.25000,0.937066
40410.26000,0.936652
40410.27000,0.936237
40410.28000,0.935823
40410.29000,0.935409
40410.30000,0.934995
40410.31000,0.934581
40410.32000,0.934167
40410.33000,0.933753
40410.34000,0.933338
40410.35000,0.932924
40410.36000,0.93251
40410.37000,0.932096
40410.38000,0.931682
40410.39000,0.931268
40410.40000,0.930853
40410.41000,0.930439
40410.42000,0.930025
40410.43000,0.929611
40410.44000,0.929197
40410.45000,0.928783
40410.46000,0.928369
40410.47000,0.927954
40410.48000,0.92754
40410.49000,0.927126
40410.50000,0.926806
40410.51000,0.926704
40410.52000,0.926603
40410.53000,0.926501
40410.54000,0.9264
40410.55000,0.926298
40410.56000,0.926197
40410.57000,0.926095
40410.58000,0.925994
40410.59000,0.925892
40410.60000,0.925791
40410.61000,0.925689
40410.62000,0.925588
40410.63000,0.925486
40410.64000,0.925385
40410.65000,0.925283
40410.66000,0.925181
40410.67000,0.92508
40410.68000,0.924978
40410.69000,0.924877
40410.70000,0.924775
40410.71000,0.924674
40410.72000,0.924572
40410.73000,0.924471
40410.74000,0.924369
40410.75000,0.924268
40410.76000,0.924166
40410.77000,0.924065
40410.78000,0.923963
40410.79000,0.923862
40410.80000,0.92376
40410.81000,0.923659
40410.82000,0.923557
40410.83000,0.923456
40410.84000,0.923354
40410.85000,0.923252
40410.86000,0.923151
40410.87000,0.923049
40410.88000,0.922948
40410.89000,0.922846
40410.90000,0.922745
40410.91000,0.922643
40410.92000,0.922517
40410.93000,0.922264
40410.94000,0.92201
40410.95000,0.921756
40410.96000,0.921502
40410.97000,0.921248
40410.98000,0.920994
40410.99000,0.920741
40411.00000,0.920487
40411.01000,0.920233
40411.02000,0.919979
40411.03000,0.919725
40411.04000,0.919471
40411.05000,0.919218
40411.06000,0.918964
40411.07000,0.91871
40411.08000,0.918456
40411.09000,0.918202
40411.10000,0.917949
40411.11000,0.917695
40411.12000,0.917441
40411.13000,0.917187
40411.14000,0.916933
40411.15000,0.916679
40411.16000,0.916426
40411.17000,0.916172
40411.18000,0.915918
40411.19000,0.915664
40411.20000,0.91541
40411.21000,0.915156
40411.22000,0.914903
40411.23000,0.914649
40411.24000,0.914395
40411.25000,0.914141
40411.26000,0.913887
40411.27000,0.913634
40411.28000,0.91338
40411.29000,0.913126
40411.30000,0.912872
40411.31000,0.912618
40411.32000,0.912364
40411.33000,0.912111
40411.34000,0.911859
40411.35000,0.911735
40411.36000,0.91161
40411.37000,0.911486
40411.38000,0.911361
40411.39000,0.911237
40411.40000,0.911112
40411.41000,0.910988
40411.42000,0.910863
40411.43000,0.910739
40411.44000,0.910614
40411.45000,0.91049
40411.46000,0.910365
40411.47000,0.91024
40411.48000,0.910116
40411.49000,0.909991
40411.50000,0.909867
40411.51000,0.909742
40411.52000,0.909618
40411.53000,0.909493
40411.54000,0.909369
40411.55000,0.909244
40411.56000,0.90912
40411.57000,0.908995
40411.58000,0.90887
40411.59000,0.908746
40411.60000,0.908621
40411.61000,0.908497
40411.62000,0.908372
40411.63000,0.908248
40411.64000,0.908123
40411.65000,0.907999
40411.66000,0.907874
40411.67000,0.90775
40411.68000,0.907625
40411.69000,0.9075
40411.70000,0.907376
40411.71000,0.907251
40411.72000,0.907127
40411.73000,0.907002
40411.74000,0.906878
40411.75000,0.906753
40411.76000,0.906629
40411.77000,0.906593
40411.78000,0.90657
40411.79000,0.906547
40411.80000,0.906524
40411.81000,0.906501
40411.82000,0.906478
40411.83000,0.906455
40411.84000,0.906432
40411.85000,0.906409
40411.86000,0.906385
40411.87000,0.906362
40411.88000,0.906339
40411.89000,0.906316
40411.90000,0.906293
40411.91000,0.90627
40411.92000,0.906247
40411.93000,0.906224
40411.94000,0.906201
40411.95000,0.906177
40411.96000,0.906154
40411.97000,0.906131
40411.98000,0.906108
40411.99000,0.906085
40412.00000,0.906062
40412.01000,0.906039
40412.02000,0.906016
40412.03000,0.905993
40412.04000,0.905969
40412.05000,0.905946
40412.06000,0.905923
40412.07000,0.9059
40412.08000,0.905877
40412.09000,0.905854
40412.10000,0.905831
40412.11000,0.905808
40412.12000,0.905784
40412.13000,0.905761
40412.14000,0.905738
40412.15000,0.905715
40412.16000,0.905692
40412.17000,0.905669
40412.18000,0.905646
40412.19000,0.905648
40412.20000,0.90566
40412.21000,0.905671
40412.22000,0.905683
40412.23000,0.905694
40412.24000,0.905706
40412.25000,0.905717
40412.26000,0.905729
40412.27000,0.90574
40412.28000,0.905752
40412.29000,0.906591
40412.30000,0.908739
40412.31000,0.912705
40412.32000,0.917416
40412.33000,0.921871
40412.34000,0.925516
40412.35000,0.928036
40412.36000,0.930349
40412.37000,0.930242
40412.38000,0.930135
40412.39000,0.930027
40412.40000,0.92992
40412.41000,0.929813
40412.42000,0.929705
40412.43000,0.929598
40412.44000,0.929491
40412.45000,0.929383
40412.46000,0.929276
40412.47000,0.929278
40412.48000,0.929279
40412.49000,0.929281
40412.50000,0.929282
40412.51000,0.929284
40412.52000,0.929286
40412.53000,0.929287
40412.54000,0.929642
40412.55000,0.930526
40412.56000,0.93213
40412.57000,0.934256
40412.58000,0.936691
40412.59000,0.93929
40412.60000,0.941938
40412.61000,0.944436
40412.62000,0.946597
40412.63000,0.94833
40412.64000,0.949582
40412.65000,0.949688
40412.66000,0.949581
40412.67000,0.949474
40412.68000,0.949366
40412.69000,0.949259
40412.70000,0.949152
40412.71000,0.949045
40412.72000,0.948938
40412.73000,0.94883
40412.74000,0.948723
40412.75000,0.948616
40412.76000,0.948459
40412.77000,0.948303
40412.78000,0.948146
40412.79000,0.947989
40412.80000,0.947833
40412.81000,0.947676
40412.82000,0.947519
40412.83000,0.947363
40412.84000,0.947206
40412.85000,0.947049
40412.86000,0.946893
40412.87000,0.946736
40412.88000,0.946579
40412.89000,0.946409
40412.90000,0.946232
40412.91000,0.946055
40412.92000,0.945878
40412.93000,0.9457
40412.94000,0.945523
40412.95000,0.945346
40412.96000,0.945169
40412.97000,0.944992
40412.98000,0.944814
40412.99000,0.944637
40413.00000,0.94446
40413.01000,0.944283
40413.02000,0.944106
40413.03000,0.943929
40413.04000,0.943751
40413.05000,0.943574
40413.06000,0.943397
40413.07000,0.943191
40413.08000,0.94298
40413.09000,0.94277
40413.10000,0.94256
40413.11000,0.94235
40413.12000,0.94214
40413.13000,0.94193
40413.14000,0.94172
40413.15000,0.941509
40413.16000,0.941299
40413.17000,0.941089
40413.18000,0.940879
40413.19000,0.940669
40413.20000,0.940459
40413.21000,0.940249
40413.22000,0.940038
40413.23000,0.939828
40413.24000,0.939618
40413.25000,0.939408
40413.26000,0.939198
40413.27000,0.938988
40413.28000,0.938777
40413.29000,0.938567
40413.30000,0.938321
40413.31000,0.937916
40413.32000,0.937511
40413.33000,0.937106
40413.34000,0.9367
40413.35000,0.936295
40413.36000,0.93589
40413.37000,0.935485
40413.38000,0.93508
40413.39000,0.934674
40413.40000,0.934269
40413.41000,0.933864
40413.42000,0.933459
40413.43000,0.933054
40413.44000,0.932649
40413.45000,0.932243
40413.46000,0.931838
40413.47000,0.931433
40413.48000,0.931028
40413.49000,0.930623
40413.50000,0.930217
40413.51000,0.929812
40413.52000,0.929407
40413.53000,0.929002
40413.54000,0.928725
40413.55000,0.928586
40413.56000,0.928448
40413.57000,0.928309
40413.58000,0.92817
40413.59000,0.928032
40413.60000,0.927893
40413.61000,0.927754
40413.62000,0.927616
40413.63000,0.927477
40413.64000,0.927338
40413.65000,0.9272
40413.66000,0.927061
40413.67000,0.926923
40413.68000,0.926784
40413.69000,0.926645
40413.70000,0.926507
40413.71000,0.926368
40413.72000,0.926229
40413.73000,0.926091
40413.74000,0.925952
40413.75000,0.925813
40413.76000,0.925675
40413.77000,0.925536
40413.78000,0.925402
40413.79000,0.925268
40413.80000,0.925135
40413.81000,0.925002
40413.82000,0.924869
40413.83000,0.924736
40413.84000,0.924603
40413.85000,0.92447
40413.86000,0.924336
40413.87000,0.924203
40413.88000,0.92407
40413.89000,0.923937
40413.90000,0.923804
40413.91000,0.923671
40413.92000,0.923538
40413.93000,0.923404
40413.94000,0.923271
40413.95000,0.923138
40413.96000,0.923005
40413.97000,0.922872
40413.98000,0.922739
40413.99000,0.922606
40414.00000,0.922473
40414.01000,0.922339
40414.02000,0.922206
40414.03000,0.922073
40414.04000,0.92194
40414.05000,0.921807
40414.06000,0.921674
40414.07000,0.921541
40414.08000,0.921407
40414.09000,0.921228
40414.10000,0.92083
40414.11000,0.920432
40414.12000,0.920033
40414.13000,0.919635
40414.14000,0.919237
40414.15000,0.918838
40414.16000,0.91844
40414.17000,0.918042
40414.18000,0.917643
40414.19000,0.917245
40414.20000,0.916847
40414.21000,0.916448
40414.22000,0.91605
40414.23000,0.915652
40414.24000,0.915253
40414.25000,0.914855
40414.26000,0.914457
40414.27000,0.914058
40414.28000,0.91366
40414.29000,0.913262
40414.30000,0.912863
40414.31000,0.912465
40414.32000,0.912067
40414.33000,0.911668
40414.34000,0.91127
40414.35000,0.910872
40414.36000,0.910473
40414.37000,0.910075
40414.38000,0.909677
40414.39000,0.909278
40414.40000,0.90888
40414.41000,0.908482
40414.42000,0.908083
40414.43000,0.907685
40414.44000,0.907287
40414.45000,0.906888
40414.46000,0.90649
40414.47000,0.906092
40414.48000,0.905693
40414.49000,0.905295
40414.50000,0.904897
40414.51000,0.904508
40414.52000,0.904409
40414.53000,0.904309
40414.54000,0.90421
40414.55000,0.90411
40414.56000,0.904011
40414.57000,0.903911
40414.58000,0.903812
40414.59000,0.903712
40414.60000,0.903613
40414.61000,0.903513
40414.62000,0.903414
40414.63000,0.903314
40414.64000,0.903215
40414.65000,0.903116
40414.66000,0.903016
40414.67000,0.902917
40414.68000,0.902817
40414.69000,0.902718
40414.70000,0.902618
40414.71000,0.902519
40414.72000,0.902419
40414.73000,0.90232
40414.74000,0.90222
40414.75000,0.902121
40414.76000,0.902021
40414.77000,0.901922
40414.78000,0.901822
40414.79000,0.901723
40414.80000,0.901623
40414.81000,0.901524
40414.82000,0.901425
40414.83000,0.901325
40414.84000,0.901226
40414.85000,0.901126
40414.86000,0.901027
40414.87000,0.900927
40414.88000,0.900828
40414.89000,0.900728
40414.90000,0.900629
40414.91000,0.900529
40414.92000,0.90043
40414.93000,0.90033
40414.94000,0.900079
40414.95000,0.899809
40414.96000,0.899539
40414.97000,0.899269
40414.98000,0.899
40414.99000,0.89873
40415.00000,0.89846
40415.01000,0.89819
40415.02000,0.89792
40415.03000,0.897651
40415.04000,0.897381
40415.05000,0.897111
40415.06000,0.896841
40415.07000,0.896571
40415.08000,0.896301
40415.09000,0.896032
40415.10000,0.895762
40415.11000,0.895492
40415.12000,0.895222
40415.13000,0.894952
40415.14000,0.894683
40415.15000,0.894413
40415.16000,0.894143
40415.17000,0.893873
40415.18000,0.893603
40415.19000,0.893334
40415.20000,0.893064
40415.21000,0.892794
40415.22000,0.892524
40415.23000,0.892254
40415.24000,0.891985
40415.25000,0.891715
40415.26000,0.891445
40415.27000,0.891175
40415.28000,0.890905
40415.29000,0.890636
40415.30000,0.890366
40415.31000,0.890096
40415.32000,0.889826
40415.33000,0.889556
40415.34000,0.889287
40415.35000,0.889017
40415.36000,0.888874
40415.37000,0.888772
40415.38000,0.888671
40415.39000,0.888569
40415.40000,0.888468
40415.41000,0.888366
40415.42000,0.888265
40415.43000,0.888163
40415.44000,0.888062
40415.45000,0.88796
40415.46000,0.887859
40415.47000,0.887757
40415.48000,0.887656
40415.49000,0.887554
40415.50000,0.887453
40415.51000,0.887351
40415.52000,0.88725
40415.53000,0.887149
40415.54000,0.887047
40415.55000,0.886946
40415.56000,0.886844
40415.57000,0.886743
40415.58000,0.886641
40415.59000,0.88654
40415.60000,0.886438
40415.61000,0.886337
40415.62000,0.886235
40415.63000,0.886134
40415.64000,0.886032
40415.65000,0.885931
40415.66000,0.885829
40415.67000,0.885728
40415.68000,0.885626
40415.69000,0.885525
40415.70000,0.885423
40415.71000,0.885322
40415.72000,0.88522
40415.73000,0.885119
40415.74000,0.885017
40415.75000,0.884916
40415.76000,0.884815
40415.77000,0.884713
40415.78000,0.884612
40415.79000,0.884512
40415.80000,0.884412
40415.81000,0.884312
40415.82000,0.884211
40415.83000,0.884111
40415.84000,0.884011
40415.85000,0.883911
40415.86000,0.883811
40415.87000,0.88371
40415.88000,0.88361
40415.89000,0.88351
40415.90000,0.88341
40415.91000,0.88331
40415.92000,0.883209
40415.93000,0.883109
40415.94000,0.883009
40415.95000,0.882909
40415.96000,0.882808
40415.97000,0.882708
40415.98000,0.882608
40415.99000,0.882508
40416.00000,0.882408
40416.01000,0.882307
40416.02000,0.882207
40416.03000,0.882107
40416.04000,0.882007
40416.05000,0.881907
40416.06000,0.881806
40416.07000,0.881706
40416.08000,0.881606
40416.09000,0.881506
40416.10000,0.881405
40416.11000,0.881305
40416.12000,0.881205
40416.13000,0.881105
40416.14000,0.881005
40416.15000,0.880904
40416.16000,0.880804
40416.17000,0.880704
40416.18000,0.880604
40416.19000,0.880504
40416.20000,0.880292
40416.21000,0.879956
40416.22000,0.879621
40416.23000,0.879285
40416.24000,0.878949
40416.25000,0.878614
40416.26000,0.878278
40416.27000,0.877942
40416.28000,0.877607
40416.29000,0.877271
40416.30000,0.876935
40416.31000,0.8766
40416.32000,0.876264
40416.33000,0.875928
40416.34000,0.875593
40416.35000,0.875257
40416.36000,0.874921
40416.37000,0.874586
40416.38000,0.87425
40416.39000,0.873914
40416.40000,0.873579
40416.41000,0.873243
40416.42000,0.872907
40416.43000,0.872572
40416.44000,0.872236
40416.45000,0.8719
40416.46000,0.871565
40416.47000,0.871229
40416.48000,0.870893
40416.49000,0.870558
40416.50000,0.870222
40416.51000,0.869886
40416.52000,0.869551
40416.53000,0.869215
40416.54000,0.868879
40416.55000,0.868544
40416.56000,0.868208
40416.57000,0.867872
40416.58000,0.867537
40416.59000,0.867201
40416.60000,0.866865
40416.61000,0.86653
40416.62000,0.866272
40416.63000,0.866171
40416.64000,0.86607
40416.65000,0.86597
40416.66000,0.865869
40416.67000,0.865768
40416.68000,0.865667
40416.69000,0.865566
40416.70000,0.865465
40416.71000,0.865364
40416.72000,0.865264
40416.73000,0.865163
40416.74000,0.865062
40416.75000,0.864961
40416.76000,0.86486
40416.77000,0.864759
40416.78000,0.864658
40416.79000,0.864558
40416.80000,0.864457
40416.81000,0.864356
40416.82000,0.864255
40416.83000,0.864154
40416.84000,0.864053
40416.85000,0.863952
40416.86000,0.863852
40416.87000,0.863751
40416.88000,0.86365
40416.89000,0.863549
40416.90000,0.863448
40416.91000,0.863347
40416.92000,0.863246
40416.93000,0.863146
40416.94000,0.863045
40416.95000,0.862944
40416.96000,0.862843
40416.97000,0.862742
40416.98000,0.862641
40416.99000,0.86254
40417.00000,0.86244
40417.01000,0.862339
40417.02000,0.862238
40417.03000,0.862137
40417.04000,0.861979
40417.05000,0.861583
40417.06000,0.861187
40417.07000,0.860791
40417.08000,0.860395
40417.09000,0.859999
40417.10000,0.859603
40417.11000,0.859207
40417.12000,0.858811
40417.13000,0.858415
40417.14000,0.858019
40417.15000,0.857623
40417.16000,0.857227
40417.17000,0.856831
40417.18000,0.856435
40417.19000,0.856039
40417.20000,0.855643
40417.21000,0.855247
40417.22000,0.854851
40417.23000,0.854455
40417.24000,0.854059
40417.25000,0.853663
40417.26000,0.853267
40417.27000,0.852871
40417.28000,0.852475
40417.29000,0.852079
40417.30000,0.851683
40417.31000,0.851286
40417.32000,0.85089
40417.33000,0.850494
40417.34000,0.850098
40417.35000,0.849702
40417.36000,0.849306
40417.37000,0.84891
40417.38000,0.848514
40417.39000,0.848118
40417.40000,0.847722
40417.41000,0.847326
40417.42000,0.84693
40417.43000,0.846534
40417.44000,0.846138
40417.45000,0.845742
40417.46000,0.845362
40417.47000,0.845261
40417.48000,0.845159
40417.49000,0.845058
40417.50000,0.844957
40417.51000,0.844855
40417.52000,0.844754
40417.53000,0.844653
40417.54000,0.844551
40417.55000,0.84445
40417.56000,0.844349
40417.57000,0.844248
40417.58000,0.844146
40417.59000,0.844045
40417.60000,0.843944
40417.61000,0.843842
40417.62000,0.843741
40417.63000,0.84364
40417.64000,0.843538
40417.65000,0.843437
40417.66000,0.843336
40417.67000,0.843234
40417.68000,0.843133
40417.69000,0.843032
40417.70000,0.84293
40417.71000,0.842829
40417.72000,0.842728
40417.73000,0.842626
40417.74000,0.842525
40417.75000,0.842424
40417.76000,0.842323
40417.77000,0.842221
40417.78000,0.84212
40417.79000,0.842019
40417.80000,0.841917
40417.81000,0.841816
40417.82000,0.841715
40417.83000,0.841613
40417.84000,0.841512
40417.85000,0.841411
40417.86000,0.841309
40417.87000,0.841208
40417.88000,0.841107
40417.89000,0.840923
40417.90000,0.840731
40417.91000,0.84054
40417.92000,0.840348
40417.93000,0.840157
40417.94000,0.839965
40417.95000,0.839774
40417.96000,0.839582
40417.97000,0.83939
40417.98000,0.839199
40417.99000,0.839007
40418.00000,0.838816
40418.01000,0.838624
40418.02000,0.838433
40418.03000,0.838241
40418.04000,0.838049
40418.05000,0.837858
40418.06000,0.837666
40418.07000,0.837475
40418.08000,0.837283
40418.09000,0.837092
40418.10000,0.8369
40418.11000,0.836709
40418.12000,0.836517
40418.13000,0.836325
40418.14000,0.836134
40418.15000,0.835942
40418.16000,0.835751
40418.17000,0.835559
40418.18000,0.835368
40418.19000,0.835176
40418.20000,0.834984
40418.21000,0.834793
40418.22000,0.834601
40418.23000,0.83441
40418.24000,0.834218
40418.25000,0.834027
40418.26000,0.833835
40418.27000,0.833643
40418.28000,0.833452
40418.29000,0.83326
40418.30000,0.833069
40418.31000,0.832893
40418.32000,0.832722
40418.33000,0.832551
40418.34000,0.83238
40418.35000,0.832209
40418.36000,0.832038
40418.37000,0.831867
40418.38000,0.831695
40418.39000,0.831524
40418.40000,0.831353
40418.41000,0.831182
40418.42000,0.831011
40418.43000,0.83084
40418.44000,0.830669
40418.45000,0.830498
40418.46000,0.830327
40418.47000,0.830156
40418.48000,0.829985
40418.49000,0.829814
40418.50000,0.829642
40418.51000,0.829471
40418.52000,0.8293
40418.53000,0.829129
40418.54000,0.828958
40418.55000,0.828787
40418.56000,0.828616
40418.57000,0.828445
40418.58000,0.828274
40418.59000,0.828103
40418.60000,0.827932
40418.61000,0.827761
40418.62000,0.82759
40418.63000,0.827418
40418.64000,0.827247
40418.65000,0.827076
40418.66000,0.826905
40418.67000,0.826734
40418.68000,0.826563
40418.69000,0.826392
40418.70000,0.826221
40418.71000,0.82605
40418.72000,0.825879
40418.73000,0.825752
40418.74000,0.82565
40418.75000,0.825548
40418.76000,0.825447
40418.77000,0.825345
40418.78000,0.825243
40418.79000,0.825142
40418.80000,0.82504
40418.81000,0.824938
40418.82000,0.824837
40418.83000,0.824735
40418.84000,0.824633
40418.85000,0.824532
40418.86000,0.82443
40418.87000,0.824328
40418.88000,0.824227
40418.89000,0.824125
40418.90000,0.824023
40418.91000,0.823922
40418.92000,0.82382
40418.93000,0.823718
40418.94000,0.823617
40418.95000,0.823515
40418.96000,0.823413
40418.97000,0.823312
40418.98000,0.82321
40418.99000,0.823109
40419.00000,0.823007
40419.01000,0.822905
40419.02000,0.822804
40419.03000,0.822702
40419.04000,0.8226
40419.05000,0.822499
40419.06000,0.822397
40419.07000,0.822295
40419.08000,0.822194
40419.09000,0.822092
40419.10000,0.82199
40419.11000,0.821889
40419.12000,0.821787
40419.13000,0.821685
40419.14000,0.821584
40419.15000,0.821343
40419.16000,0.820959
40419.17000,0.820576
40419.18000,0.820192
40419.19000,0.819809
40419.20000,0.819425
40419.21000,0.819042
40419.22000,0.818658
40419.23000,0.818274
40419.24000,0.817891
40419.25000,0.817507
40419.26000,0.817124
40419.27000,0.81674
40419.28000,0.816357
40419.29000,0.815973
40419.30000,0.81559
40419.31000,0.815206
40419.32000,0.814823
40419.33000,0.814439
40419.34000,0.814055
40419.35000,0.813672
40419.36000,0.813288
40419.37000,0.812905
40419.38000,0.812521
40419.39000,0.812138
40419.40000,0.811754
40419.41000,0.811371
40419.42000,0.810987
40419.43000,0.810604
40419.44000,0.81022
40419.45000,0.809836
40419.46000,0.809453
40419.47000,0.809069
40419.48000,0.808686
40419.49000,0.808302
40419.50000,0.807919
40419.51000,0.807535
40419.52000,0.807152
40419.53000,0.806768
40419.54000,0.806385
40419.55000,0.806001
40419.56000,0.805618
40419.57000,0.805334
40419.58000,0.805231
40419.59000,0.805129
40419.60000,0.805027
40419.61000,0.804925
40419.62000,0.804823
40419.63000,0.804721
40419.64000,0.804618
40419.65000,0.804516
40419.66000,0.804414
40419.67000,0.804312
40419.68000,0.80421
40419.69000,0.804107
40419.70000,0.804005
40419.71000,0.803903
40419.72000,0.803801
40419.73000,0.803699
40419.74000,0.803597
40419.75000,0.803494
40419.76000,0.803392
40419.77000,0.80329
40419.78000,0.803188
40419.79000,0.803086
40419.80000,0.802984
40419.81000,0.802881
40419.82000,0.802779
40419.83000,0.802677
40419.84000,0.802575
40419.85000,0.802473
40419.86000,0.802371
40419.87000,0.802268
40419.88000,0.802166
40419.89000,0.802064
40419.90000,0.801962
40419.91000,0.80186
40419.92000,0.801757
40419.93000,0.801655
40419.94000,0.801553
40419.95000,0.801451
40419.96000,0.801349
40419.97000,0.801247
40419.98000,0.801144
40419.99000,0.800988
40420.00000,0.800635
40420.01000,0.800281
40420.02000,0.799928
40420.03000,0.799574
40420.04000,0.79922
40420.05000,0.798867
40420.06000,0.798513
40420.07000,0.798159
40420.08000,0.797806
40420.09000,0.797452
40420.10000,0.797098
40420.11000,0.796745
40420.12000,0.796391
40420.13000,0.796037
40420.14000,0.795684
40420.15000,0.79533
40420.16000,0.794976
40420.17000,0.794623
40420.18000,0.794269
40420.19000,0.793916
40420.20000,0.793562
40420.21000,0.793208
40420.22000,0.792855
40420.23000,0.792501
40420.24000,0.792147
40420.25000,0.791794
40420.26000,0.79144
40420.27000,0.791086
40420.28000,0.790733
40420.29000,0.790379
40420.30000,0.790025
40420.31000,0.789672
40420.32000,0.789318
40420.33000,0.788965
40420.34000,0.788611
40420.35000,0.788257
40420.36000,0.787904
40420.37000,0.78755
40420.38000,0.787196
40420.39000,0.786843
40420.40000,0.786489
40420.41000,0.786154
40420.42000,0.786051
40420.43000,0.785948
40420.44000,0.785845
40420.45000,0.785743
40420.46000,0.78564
40420.47000,0.785537
40420.48000,0.785434
40420.49000,0.785331
40420.50000,0.785228
40420.51000,0.785126
40420.52000,0.785023
40420.53000,0.78492
40420.54000,0.784817
40420.55000,0.784714
40420.56000,0.784611
40420.57000,0.784509
40420.58000,0.784406
40420.59000,0.784303
40420.60000,0.7842
40420.61000,0.784097
40420.62000,0.783994
40420.63000,0.783891
40420.64000,0.783789
40420.65000,0.783686
40420.66000,0.783583
40420.67000,0.78348
40420.68000,0.783377
40420.69000,0.783274
40420.70000,0.783172
40420.71000,0.783069
40420.72000,0.782966
40420.73000,0.782863
40420.74000,0.78276
40420.75000,0.782657
40420.76000,0.782555
40420.77000,0.782452
40420.78000,0.782349
40420.79000,0.782246
40420.80000,0.782143
40420.81000,0.78204
40420.82000,0.781938
40420.83000,0.781835
40420.84000,0.781719
40420.85000,0.781602
40420.86000,0.781485
40420.87000,0.781368
40420.88000,0.781252
40420.89000,0.781135
40420.90000,0.781018
40420.91000,0.780901
40420.92000,0.780784
40420.93000,0.780667
40420.94000,0.780551
40420.95000,0.780434
40420.96000,0.780317
40420.97000,0.7802
40420.98000,0.780083
40420.99000,0.779966
40421.00000,0.77985
40421.01000,0.779733
40421.02000,0.779616
40421.03000,0.779499
40421.04000,0.779382
40421.05000,0.779266
40421.06000,0.779149
40421.07000,0.779032
40421.08000,0.778915
40421.09000,0.778798
40421.10000,0.778681
40421.11000,0.778565
40421.12000,0.778448
40421.13000,0.778331
40421.14000,0.778214
40421.15000,0.778097
40421.16000,0.777981
40421.17000,0.777864
40421.18000,0.777747
40421.19000,0.77763
40421.20000,0.777513
40421.21000,0.777396
40421.22000,0.77728
40421.23000,0.777163
40421.24000,0.777046
40421.25000,0.776929
40421.26000,0.776707
40421.27000,0.776457
40421.28000,0.776208
40421.29000,0.775958
40421.30000,0.775709
40421.31000,0.775459
40421.32000,0.775209
40421.33000,0.77496
40421.34000,0.77471
40421.35000,0.774461
40421.36000,0.774211
40421.37000,0.773962
40421.38000,0.773712
40421.39000,0.773462
40421.40000,0.773213
40421.41000,0.772963
40421.42000,0.772714
40421.43000,0.772464
40421.44000,0.772215
40421.45000,0.771965
40421.46000,0.771716
40421.47000,0.771466
40421.48000,0.771216
40421.49000,0.770967
40421.50000,0.770717
40421.51000,0.770468
40421.52000,0.770218
40421.53000,0.769969
40421.54000,0.769719
40421.55000,0.769469
40421.56000,0.76922
40421.57000,0.76897
40421.58000,0.768721
40421.59000,0.768471
40421.60000,0.768222
40421.61000,0.767972
40421.62000,0.767722
40421.63000,0.767473
40421.64000,0.767223
40421.65000,0.766974
40421.66000,0.766724
40421.67000,0.766475
40421.68000,0.766321
40421.69000,0.766217
40421.70000,0.766114
40421.71000,0.766011
40421.72000,0.765908
40421.73000,0.765804
40421.74000,0.765701
40421.75000,0.765598
40421.76000,0.765494
40421.77000,0.765391
40421.78000,0.765288
40421.79000,0.765185
40421.80000,0.765081
40421.81000,0.764978
40421.82000,0.764875
40421.83000,0.764771
40421.84000,0.764668
40421.85000,0.764565
40421.86000,0.764461
40421.87000,0.764358
40421.88000,0.764255
40421.89000,0.764152
40421.90000,0.764048
40421.91000,0.763945
40421.92000,0.763842
40421.93000,0.763738
40421.94000,0.763635
40421.95000,0.763532
40421.96000,0.763429
40421.97000,0.763325
40421.98000,0.763222
40421.99000,0.763119
40422.00000,0.763015
40422.01000,0.762912
40422.02000,0.762809
40422.03000,0.762705
40422.04000,0.762602
40422.05000,0.762499
40422.06000,0.762396
40422.07000,0.762292
40422.08000,0.762189
40422.09000,0.762086
40422.10000,0.761829
40422.11000,0.761427
40422.12000,0.761025
40422.13000,0.760623
40422.14000,0.760222
40422.15000,0.75982
40422.16000,0.759418
40422.17000,0.759016
40422.18000,0.758614
40422.19000,0.758212
40422.20000,0.757811
40422.21000,0.757409
40422.22000,0.757007
40422.23000,0.756605
40422.24000,0.756203
40422.25000,0.755802
40422.26000,0.7554
40422.27000,0.754998
40422.28000,0.754596
40422.29000,0.754194
40422.30000,0.753792
40422.31000,0.753391
40422.32000,0.752989
40422.33000,0.752587
40422.34000,0.752185
40422.35000,0.751783
40422.36000,0.751382
40422.37000,0.75098
40422.38000,0.750578
40422.39000,0.750176
40422.40000,0.749774
40422.41000,0.749372
40422.42000,0.748971
40422.43000,0.748569
40422.44000,0.748167
40422.45000,0.747765
40422.46000,0.747363
40422.47000,0.746962
40422.48000,0.74656
40422.49000,0.746158
40422.50000,0.745756
40422.51000,0.745354
40422.52000,0.745064
40422.53000,0.74496
40422.54000,0.744856
40422.55000,0.744752
40422.56000,0.744648
40422.57000,0.744544
40422.58000,0.744439
40422.59000,0.744335
40422.60000,0.744231
40422.61000,0.744127
40422.62000,0.744023
40422.63000,0.743919
40422.64000,0.743815
40422.65000,0.743711
40422.66000,0.743607
40422.67000,0.743503
40422.68000,0.743399
40422.69000,0.743295
40422.70000,0.743191
40422.71000,0.743087
40422.72000,0.742983
40422.73000,0.742878
40422.74000,0.742774
40422.75000,0.74267
40422.76000,0.742566
40422.77000,0.742462
40422.78000,0.742358
40422.79000,0.742254
40422.80000,0.74215
40422.81000,0.742046
40422.82000,0.741942
40422.83000,0.741838
40422.84000,0.741734
40422.85000,0.74163
40422.86000,0.741526
40422.87000,0.741422
40422.88000,0.741317
40422.89000,0.741213
40422.90000,0.741109
40422.91000,0.741005
40422.92000,0.740901
40422.93000,0.740797
40422.94000,0.740651
40422.95000,0.74037
40422.96000,0.740088
40422.97000,0.739807
40422.98000,0.739525
40422.99000,0.739244
40423.00000,0.738962
40423.01000,0.73868
40423.02000,0.738399
40423.03000,0.738117
40423.04000,0.737836
40423.05000,0.737554
40423.06000,0.737273
40423.07000,0.736991
40423.08000,0.736709
40423.09000,0.736428
40423.10000,0.736146
40423.11000,0.735865
40423.12000,0.735583
40423.13000,0.735301
40423.14000,0.73502
40423.15000,0.734738
40423.16000,0.734457
40423.17000,0.734175
40423.18000,0.733894
40423.19000,0.733612
40423.20000,0.73333
40423.21000,0.733049
40423.22000,0.732767
40423.23000,0.732486
40423.24000,0.732204
40423.25000,0.731923
40423.26000,0.731641
40423.27000,0.731359
40423.28000,0.731078
40423.29000,0.730796
40423.30000,0.730515
40423.31000,0.730233
40423.32000,0.729952
40423.33000,0.72967
40423.34000,0.729388
40423.35000,0.729107
40423.36000,0.728842
40423.37000,0.728737
40423.38000,0.728633
40423.39000,0.728528
40423.40000,0.728424
40423.41000,0.728319
40423.42000,0.728215
40423.43000,0.72811
40423.44000,0.728006
40423.45000,0.727901
40423.46000,0.727797
40423.47000,0.727692
40423.48000,0.727587
40423.49000,0.727483
40423.50000,0.727378
40423.51000,0.727274
40423.52000,0.727169
40423.53000,0.727065
40423.54000,0.72696
40423.55000,0.726856
40423.56000,0.726751
40423.57000,0.726647
40423.58000,0.726542
40423.59000,0.726437
40423.60000,0.726333
40423.61000,0.726228
40423.62000,0.726124
40423.63000,0.726019
40423.64000,0.725915
40423.65000,0.72581
40423.66000,0.725706
40423.67000,0.725601
40423.68000,0.725497
40423.69000,0.725392
40423.70000,0.725287
40423.71000,0.725183
40423.72000,0.725078
40423.73000,0.724974
40423.74000,0.724869
40423.75000,0.724765
40423.76000,0.72466
40423.77000,0.724556
40423.78000,0.724451
40423.79000,0.724347
40423.80000,0.724242
40423.81000,0.724137
40423.82000,0.724033
40423.83000,0.723928
40423.84000,0.723824
40423.85000,0.723719
40423.86000,0.723615
40423.87000,0.72351
40423.88000,0.723406
40423.89000,0.723301
40423.90000,0.723197
40423.91000,0.723092
40423.92000,0.722987
40423.93000,0.722883
40423.94000,0.722778
40423.95000,0.722674
40423.96000,0.722569
40423.97000,0.722465
40423.98000,0.72236
40423.99000,0.722256
40424.00000,0.722151
40424.01000,0.722047
40424.02000,0.721942
40424.03000,0.721837
40424.04000,0.721733
40424.05000,0.721628
40424.06000,0.721524
40424.07000,0.721419
40424.08000,0.721315
40424.09000,0.72121
40424.10000,0.721106
40424.11000,0.721001
40424.12000,0.720897
40424.13000,0.720792
40424.14000,0.720688
40424.15000,0.720583
40424.16000,0.720478
40424.17000,0.720374
40424.18000,0.720269
40424.19000,0.720165
40424.20000,0.72006
40424.21000,0.71978
40424.22000,0.719459
40424.23000,0.719138
40424.24000,0.718818
40424.25000,0.718497
40424.26000,0.718176
40424.27000,0.717856
40424.28000,0.717535
40424.29000,0.717215
40424.30000,0.716894
40424.31000,0.716573
40424.32000,0.716253
40424.33000,0.715932
40424.34000,0.715611
40424.35000,0.715291
40424.36000,0.71497
40424.37000,0.71465
40424.38000,0.714329
40424.39000,0.714008
40424.40000,0.713688
40424.41000,0.713367
40424.42000,0.713046
40424.43000,0.712726
40424.44000,0.712405
40424.45000,0.712085
40424.46000,0.711764
40424.47000,0.711443
40424.48000,0.711123
40424.49000,0.710802
40424.50000,0.710481
40424.51000,0.710161
40424.52000,0.70984
40424.53000,0.70952
40424.54000,0.709199
40424.55000,0.708878
40424.56000,0.708558
40424.57000,0.708237
40424.58000,0.707916
40424.59000,0.707596
40424.60000,0.707275
40424.61000,0.706955
40424.62000,0.706634
40424.63000,0.706445
40424.64000,0.706321
40424.65000,0.706196
40424.66000,0.706071
40424.67000,0.705946
40424.68000,0.705821
40424.69000,0.705696
40424.70000,0.705571
40424.71000,0.705446
40424.72000,0.705321
40424.73000,0.705196
40424.74000,0.705072
40424.75000,0.704947
40424.76000,0.704822
40424.77000,0.704697
40424.78000,0.704572
40424.79000,0.704447
40424.80000,0.704322
40424.81000,0.704197
40424.82000,0.704072
40424.83000,0.703947
40424.84000,0.703823
40424.85000,0.703698
40424.86000,0.703573
40424.87000,0.703448
40424.88000,0.703323
40424.89000,0.703198
40424.90000,0.703073
40424.91000,0.702948
40424.92000,0.702823
40424.93000,0.702699
40424.94000,0.702574
40424.95000,0.702449
40424.96000,0.702324
40424.97000,0.702199
40424.98000,0.702074
40424.99000,0.701949
40425.00000,0.701824
40425.01000,0.701699
40425.02000,0.701574
40425.03000,0.70145
40425.04000,0.701325
40425.05000,0.701053
40425.06000,0.700655
40425.07000,0.700256
40425.08000,0.699857
40425.09000,0.699459
40425.10000,0.69906
40425.11000,0.698662
40425.12000,0.698263
40425.13000,0.697864
40425.14000,0.697466
40425.15000,0.697067
40425.16000,0.696668
40425.17000,0.69627
40425.18000,0.695871
40425.19000,0.695473
40425.20000,0.695074
40425.21000,0.694675
40425.22000,0.694277
40425.23000,0.693878
40425.24000,0.693479
40425.25000,0.693081
40425.26000,0.692682
40425.27000,0.692284
40425.28000,0.691885
40425.29000,0.691486
40425.30000,0.691088
40425.31000,0.690689
40425.32000,0.69029
40425.33000,0.689892
40425.34000,0.689493
40425.35000,0.689095
40425.36000,0.688696
40425.37000,0.688297
40425.38000,0.687899
40425.39000,0.6875
40425.40000,0.687101
40425.41000,0.686703
40425.42000,0.686304
40425.43000,0.685906
40425.44000,0.685507
40425.45000,0.685108
40425.46000,0.68471
40425.47000,0.684311
40425.48000,0.683912
40425.49000,0.683514
40425.50000,0.683115
40425.51000,0.682717
40425.52000,0.682318
40425.53000,0.681919
40425.54000,0.681521
40425.55000,0.681279
40425.56000,0.681172
40425.57000,0.681066
40425.58000,0.68096
40425.59000,0.680854
40425.60000,0.680748
40425.61000,0.680642
40425.62000,0.680536
40425.63000,0.68043
40425.64000,0.680324
40425.65000,0.680218
40425.66000,0.680112
40425.67000,0.680005
40425.68000,0.679899
40425.69000,0.679793
40425.70000,0.679687
40425.71000,0.679581
40425.72000,0.679475
40425.73000,0.679369
40425.74000,0.679263
40425.75000,0.679157
40425.76000,0.679051
40425.77000,0.678944
40425.78000,0.678838
40425.79000,0.678732
40425.80000,0.678626
40425.81000,0.67852
40425.82000,0.678414
40425.83000,0.678308
40425.84000,0.678202
40425.85000,0.678096
40425.86000,0.67799
40425.87000,0.677884
40425.88000,0.677777
40425.89000,0.677671
40425.90000,0.677565
40425.91000,0.677459
40425.92000,0.677353
40425.93000,0.677247
40425.94000,0.677141
40425.95000,0.677035
40425.96000,0.676929
40425.97000,0.676823
40425.98000,0.676716
40425.99000,0.67661
40426.00000,0.676504
40426.01000,0.676398
40426.02000,0.676292
40426.03000,0.676186
40426.04000,0.67608
40426.05000,0.675816
40426.06000,0.675414
40426.07000,0.675013
40426.08000,0.674611
40426.09000,0.674209
40426.10000,0.673808
40426.11000,0.673406
40426.12000,0.673005
40426.13000,0.672603
40426.14000,0.672202
40426.15000,0.6718
40426.16000,0.671398
40426.17000,0.670997
40426.18000,0.670595
40426.19000,0.670194
40426.20000,0.669792
40426.21000,0.66939
40426.22000,0.668989
40426.23000,0.668587
40426.24000,0.668186
40426.25000,0.667784
40426.26000,0.667383
40426.27000,0.666981
40426.28000,0.666579
40426.29000,0.666178
40426.30000,0.665776
40426.31000,0.665375
40426.32000,0.664973
40426.33000,0.664572
40426.34000,0.66417
40426.35000,0.663768
40426.36000,0.663367
40426.37000,0.662965
40426.38000,0.662564
40426.39000,0.662162
40426.40000,0.661761
40426.41000,0.661359
40426.42000,0.660957
40426.43000,0.660556
40426.44000,0.660154
40426.45000,0.659753
40426.46000,0.659351
40426.47000,0.658949
40426.48000,0.658548
40426.49000,0.658146
40426.50000,0.657745
40426.51000,0.657343
40426.52000,0.656942
40426.53000,0.65654
40426.54000,0.656138
40426.55000,0.655895
40426.56000,0.655788
40426.57000,0.655681
40426.58000,0.655574
40426.59000,0.655467
40426.60000,0.65536
40426.61000,0.655253
40426.62000,0.655146
40426.63000,0.65504
40426.64000,0.654933
40426.65000,0.654826
40426.66000,0.654719
40426.67000,0.654612
40426.68000,0.654505
40426.69000,0.654398
40426.70000,0.654291
40426.71000,0.654184
40426.72000,0.654078
40426.73000,0.653971
40426.74000,0.653864
40426.75000,0.653757
40426.76000,0.65365
40426.77000,0.653543
40426.78000,0.653436
40426.79000,0.653329
40426.80000,0.653223
40426.81000,0.653116
40426.82000,0.653009
40426.83000,0.652902
40426.84000,0.652795
40426.85000,0.652688
40426.86000,0.652581
40426.87000,0.652474
40426.88000,0.652368
40426.89000,0.652261
40426.90000,0.652154
40426.91000,0.652047
40426.92000,0.65194
40426.93000,0.651833
40426.94000,0.651726
40426.95000,0.651619
40426.96000,0.651513
40426.97000,0.651406
40426.98000,0.651299
40426.99000,0.651192
40427.00000,0.651085
40427.01000,0.650978
40427.02000,0.650871
40427.03000,0.650764
40427.04000,0.650657
40427.05000,0.650399
40427.06000,0.650008
40427.07000,0.649617
40427.08000,0.649226
40427.09000,0.648835
40427.10000,0.648444
40427.11000,0.648053
40427.12000,0.647662
40427.13000,0.647271
40427.14000,0.64688
40427.15000,0.646489
40427.16000,0.646098
40427.17000,0.645707
40427.18000,0.645316
40427.19000,0.644925
40427.20000,0.644534
40427.21000,0.644143
40427.22000,0.643752
40427.23000,0.643361
40427.24000,0.64297
40427.25000,0.642579
40427.26000,0.642188
40427.27000,0.641797
40427.28000,0.641406
40427.29000,0.641015
40427.30000,0.640624
40427.31000,0.640233
40427.32000,0.639842
40427.33000,0.639451
40427.34000,0.63906
40427.35000,0.638669
40427.36000,0.638278
40427.37000,0.637887
40427.38000,0.637496
40427.39000,0.637105
40427.40000,0.636714
40427.41000,0.636323
40427.42000,0.635932
40427.43000,0.635541
40427.44000,0.63515
40427.45000,0.634759
40427.46000,0.634368
40427.47000,0.633977
40427.48000,0.633586
40427.49000,0.633195
40427.50000,0.632804
40427.51000,0.632413
40427.52000,0.632022
40427.53000,0.631631
40427.54000,0.63124
40427.55000,0.631001
40427.56000,0.630893
40427.57000,0.630785
40427.58000,0.630677
40427.59000,0.630569
40427.60000,0.630461
40427.61000,0.630353
40427.62000,0.630245
40427.63000,0.630137
40427.64000,0.630029
40427.65000,0.629921
40427.66000,0.629813
40427.67000,0.629706
40427.68000,0.629598
40427.69000,0.62949
40427.70000,0.629382
40427.71000,0.629274
40427.72000,0.629166
40427.73000,0.629058
40427.74000,0.62895
40427.75000,0.628842
40427.76000,0.628734
40427.77000,0.628626
40427.78000,0.628518
40427.79000,0.62841
40427.80000,0.628302
40427.81000,0.628194
40427.82000,0.628086
40427.83000,0.627978
40427.84000,0.627871
40427.85000,0.627763
40427.86000,0.627655
40427.87000,0.627547
40427.88000,0.627439
40427.89000,0.627331
40427.90000,0.627223
40427.91000,0.627115
40427.92000,0.627007
40427.93000,0.626899
40427.94000,0.626791
40427.95000,0.626683
40427.96000,0.626575
40427.97000,0.626467
40427.98000,0.626359
40427.99000,0.626251
40428.00000,0.626143
40428.01000,0.626036
40428.02000,0.625928
40428.03000,0.62582
40428.04000,0.625712
40428.05000,0.625452
40428.06000,0.625062
40428.07000,0.624671
40428.08000,0.62428
40428.09000,0.62389
40428.10000,0.623499
40428.11000,0.623108
40428.12000,0.622718
40428.13000,0.622327
40428.14000,0.621936
40428.15000,0.621546
40428.16000,0.621155
40428.17000,0.620764
40428.18000,0.620374
40428.19000,0.619983
40428.20000,0.619592
40428.21000,0.619202
40428.22000,0.618811
40428.23000,0.61842
40428.24000,0.61803
40428.25000,0.617639
40428.26000,0.617248
40428.27000,0.616858
40428.28000,0.616467
40428.29000,0.616076
40428.30000,0.615685
40428.31000,0.615295
40428.32000,0.614904
40428.33000,0.614513
40428.34000,0.614123
40428.35000,0.613732
40428.36000,0.613341
40428.37000,0.612951
40428.38000,0.61256
40428.39000,0.612169
40428.40000,0.611779
40428.41000,0.611388
40428.42000,0.610997
40428.43000,0.610607
40428.44000,0.610216
40428.45000,0.609825
40428.46000,0.609435
40428.47000,0.609044
40428.48000,0.608653
40428.49000,0.608263
40428.50000,0.607872
40428.51000,0.607481
40428.52000,0.607091
40428.53000,0.6067
40428.54000,0.606309
40428.55000,0.606069
40428.56000,0.60596
40428.57000,0.605851
40428.58000,0.605742
40428.59000,0.605632
40428.60000,0.605523
40428.61000,0.605414
40428.62000,0.605305
40428.63000,0.605196
40428.64000,0.605086
40428.65000,0.604977
40428.66000,0.604868
40428.67000,0.604759
40428.68000,0.60465
40428.69000,0.604541
40428.70000,0.604431
40428.71000,0.604322
40428.72000,0.604213
40428.73000,0.604104
40428.74000,0.603995
40428.75000,0.603885
40428.76000,0.603776
40428.77000,0.603667
40428.78000,0.603558
40428.79000,0.603449
40428.80000,0.603339
40428.81000,0.60323
40428.82000,0.603121
40428.83000,0.603012
40428.84000,0.602903
40428.85000,0.602794
40428.86000,0.602684
40428.87000,0.602575
40428.88000,0.602466
40428.89000,0.602357
40428.90000,0.602248
40428.91000,0.602138
40428.92000,0.602029
40428.93000,0.60192
40428.94000,0.601811
40428.95000,0.601702
40428.96000,0.601593
40428.97000,0.601483
40428.98000,0.601374
40428.99000,0.601265
40429.00000,0.601156
40429.01000,0.601047
40429.02000,0.600937
40429.03000,0.600828
40429.04000,0.600719
40429.05000,0.600454
40429.06000,0.600054
40429.07000,0.599654
40429.08000,0.599253
40429.09000,0.598853
40429.10000,0.598453
40429.11000,0.598052
40429.12000,0.597652
40429.13000,0.597252
40429.14000,0.596851
40429.15000,0.596451
40429.16000,0.596051
40429.17000,0.59565
40429.18000,0.59525
40429.19000,0.59485
40429.20000,0.59445
40429.21000,0.594049
40429.22000,0.593649
40429.23000,0.593249
40429.24000,0.592848
40429.25000,0.592448
40429.26000,0.592048
40429.27000,0.591647
40429.28000,0.591247
40429.29000,0.590847
40429.30000,0.590446
40429.31000,0.590046
40429.32000,0.589646
40429.33000,0.589245
40429.34000,0.588845
40429.35000,0.588445
40429.36000,0.588045
40429.37000,0.587644
40429.38000,0.587244
40429.39000,0.586844
40429.40000,0.586443
40429.41000,0.586043
40429.42000,0.585643
40429.43000,0.585242
40429.44000,0.584842
40429.45000,0.584442
40429.46000,0.584041
40429.47000,0.583641
40429.48000,0.583241
40429.49000,0.582841
40429.50000,0.58244
40429.51000,0.58204
40429.52000,0.58164
40429.53000,0.581239
40429.54000,0.580839
40429.55000,0.580594
40429.56000,0.580483
40429.57000,0.580373
40429.58000,0.580262
40429.59000,0.580152
40429.60000,0.580041
40429.61000,0.579931
40429.62000,0.57982
40429.63000,0.57971
40429.64000,0.579599
40429.65000,0.579489
40429.66000,0.579378
40429.67000,0.579267
40429.68000,0.579157
40429.69000,0.579046
40429.70000,0.578936
40429.71000,0.578825
40429.72000,0.578715
40429.73000,0.578604
40429.74000,0.578494
40429.75000,0.578383
40429.76000,0.578273
40429.77000,0.578162
40429.78000,0.578052
40429.79000,0.577941
40429.80000,0.577831
40429.81000,0.57772
40429.82000,0.57761
40429.83000,0.577499
40429.84000,0.577389
40429.85000,0.577278
40429.86000,0.577168
40429.87000,0.577057
40429.88000,0.576947
40429.89000,0.576836
40429.90000,0.576726
40429.91000,0.576615
40429.92000,0.576504
40429.93000,0.576394
40429.94000,0.576283
40429.95000,0.576173
40429.96000,0.576062
40429.97000,0.575952
40429.98000,0.575841
40429.99000,0.575731
40430.00000,0.57562
40430.01000,0.57551
40430.02000,0.575399
40430.03000,0.575289
40430.04000,0.575178
40430.05000,0.574914
40430.06000,0.574517
40430.07000,0.574119
40430.08000,0.573722
40430.09000,0.573324
40430.10000,0.572927
40430.11000,0.57253
40430.12000,0.572132
40430.13000,0.571735
40430.14000,0.571337
40430.15000,0.57094
40430.16000,0.570542
40430.17000,0.570145
40430.18000,0.569747
40430.19000,0.56935
40430.20000,0.568952
40430.21000,0.568555
40430.22000,0.568158
40430.23000,0.56776
40430.24000,0.567363
40430.25000,0.566965
40430.26000,0.566568
40430.27000,0.56617
40430.28000,0.565773
40430.29000,0.565375
40430.30000,0.564978
40430.31000,0.56458
40430.32000,0.564183
40430.33000,0.563786
40430.34000,0.563388
40430.35000,0.562991
40430.36000,0.562593
40430.37000,0.562196
40430.38000,0.561798
40430.39000,0.561401
40430.40000,0.561003
40430.41000,0.560606
40430.42000,0.560208
40430.43000,0.559811
40430.44000,0.559414
40430.45000,0.559016
40430.46000,0.558619
40430.47000,0.558221
40430.48000,0.557824
40430.49000,0.557426
40430.50000,0.557029
40430.51000,0.556631
40430.52000,0.556234
40430.53000,0.555836
40430.54000,0.555439
40430.55000,0.555194
40430.56000,0.555082
40430.57000,0.55497
40430.58000,0.554858
40430.59000,0.554746
40430.60000,0.554634
40430.61000,0.554522
40430.62000,0.55441
40430.63000,0.554298
40430.64000,0.554186
40430.65000,0.554074
40430.66000,0.553962
40430.67000,0.55385
40430.68000,0.553738
40430.69000,0.553626
40430.70000,0.553514
40430.71000,0.553402
40430.72000,0.55329
40430.73000,0.553178
40430.74000,0.553066
40430.75000,0.552954
40430.76000,0.552842
40430.77000,0.552731
40430.78000,0.552619
40430.79000,0.552507
40430.80000,0.552395
40430.81000,0.552283
40430.82000,0.552171
40430.83000,0.552059
40430.84000,0.551947
40430.85000,0.551835
40430.86000,0.551723
40430.87000,0.551611
40430.88000,0.551499
40430.89000,0.551387
40430.90000,0.551275
40430.91000,0.551163
40430.92000,0.551051
40430.93000,0.550939
40430.94000,0.550827
40430.95000,0.550715
40430.96000,0.550603
40430.97000,0.550491
40430.98000,0.550379
40430.99000,0.550267
40431.00000,0.550155
40431.01000,0.550043
40431.02000,0.549931
40431.03000,0.549819
40431.04000,0.549707
40431.05000,0.549444
40431.06000,0.54905
40431.07000,0.548656
40431.08000,0.548263
40431.09000,0.547869
40431.10000,0.547475
40431.11000,0.547081
40431.12000,0.546687
40431.13000,0.546294
40431.14000,0.5459
40431.15000,0.545506
40431.16000,0.545112
40431.17000,0.544718
40431.18000,0.544325
40431.19000,0.543931
40431.20000,0.543537
40431.21000,0.543143
40431.22000,0.542749
40431.23000,0.542356
40431.24000,0.541962
40431.25000,0.541568
40431.26000,0.541174
40431.27000,0.54078
40431.28000,0.540386
40431.29000,0.539993
40431.30000,0.539599
40431.31000,0.539205
40431.32000,0.538811
40431.33000,0.538417
40431.34000,0.538024
40431.35000,0.53763
40431.36000,0.537236
40431.37000,0.536842
40431.38000,0.536448
40431.39000,0.536055
40431.40000,0.535661
40431.41000,0.535267
40431.42000,0.534873
40431.43000,0.534479
40431.44000,0.534086
40431.45000,0.533692
40431.46000,0.533298
40431.47000,0.532904
40431.48000,0.53251
40431.49000,0.532117
40431.50000,0.531723
40431.51000,0.531329
40431.52000,0.530935
40431.53000,0.530541
40431.54000,0.530148
40431.55000,0.529904
40431.56000,0.529791
40431.57000,0.529677
40431.58000,0.529564
40431.59000,0.529451
40431.60000,0.529338
40431.61000,0.529224
40431.62000,0.529111
40431.63000,0.528998
40431.64000,0.528885
40431.65000,0.528772
40431.66000,0.528658
40431.67000,0.528545
40431.68000,0.528432
40431.69000,0.528319
40431.70000,0.528205
40431.71000,0.528092
40431.72000,0.527979
40431.73000,0.527866
40431.74000,0.527752
40431.75000,0.527639
40431.76000,0.527526
40431.77000,0.527413
40431.78000,0.5273
40431.79000,0.527186
40431.80000,0.527073
40431.81000,0.52696
40431.82000,0.526847
40431.83000,0.526733
40431.84000,0.52662
40431.85000,0.526507
40431.86000,0.526394
40431.87000,0.526281
40431.88000,0.526167
40431.89000,0.526054
40431.90000,0.525941
40431.91000,0.525828
40431.92000,0.525714
40431.93000,0.525601
40431.94000,0.525488
40431.95000,0.525375
40431.96000,0.525261
40431.97000,0.525148
40431.98000,0.525035
40431.99000,0.524922
40432.00000,0.524809
40432.01000,0.524695
40432.02000,0.524582
40432.03000,0.524469
40432.04000,0.524356
40432.05000,0.524091
40432.06000,0.523695
40432.07000,0.523299
40432.08000,0.522903
40432.09000,0.522507
40432.10000,0.522111
40432.11000,0.521715
40432.12000,0.521319
40432.13000,0.520923
40432.14000,0.520527
40432.15000,0.520131
40432.16000,0.519735
40432.17000,0.519338
40432.18000,0.518942
40432.19000,0.518546
40432.20000,0.51815
40432.21000,0.517754
40432.22000,0.517358
40432.23000,0.516962
40432.24000,0.516566
40432.25000,0.51617
40432.26000,0.515774
40432.27000,0.515378
40432.28000,0.514982
40432.29000,0.514586
40432.30000,0.51419
40432.31000,0.513794
40432.32000,0.513398
40432.33000,0.513002
40432.34000,0.512606
40432.35000,0.51221
40432.36000,0.511814
40432.37000,0.511417
40432.38000,0.511021
40432.39000,0.510625
40432.40000,0.510229
40432.41000,0.509833
40432.42000,0.509437
40432.43000,0.509041
40432.44000,0.508645
40432.45000,0.508249
40432.46000,0.507853
40432.47000,0.507457
40432.48000,0.507061
40432.49000,0.506665
40432.50000,0.506269
40432.51000,0.505873
40432.52000,0.505477
40432.53000,0.505081
40432.54000,0.504685
40432.55000,0.504497
40432.56000,0.504491
40432.57000,0.504486
40432.58000,0.50448
40432.59000,0.504474
40432.60000,0.504468
40432.61000,0.504462
40432.62000,0.504456
40432.63000,0.504451
40432.64000,0.504445
40432.65000,0.504439
40432.66000,0.504433
40432.67000,0.504427
40432.68000,0.504421
40432.69000,0.504415
40432.70000,0.50441
40432.71000,0.504404
40432.72000,0.504398
40432.73000,0.504392
40432.74000,0.504386
40432.75000,0.50438
40432.76000,0.504374
40432.77000,0.504369
40432.78000,0.504363
40432.79000,0.504357
40432.80000,0.504351
40432.81000,0.504345
40432.82000,0.504339
40432.83000,0.504334
40432.84000,0.504328
40432.85000,0.504322
40432.86000,0.504316
40432.87000,0.50431
40432.88000,0.504304
40432.89000,0.504298
40432.90000,0.504293
40432.91000,0.504287
40432.92000,0.504281
40432.93000,0.504275
40432.94000,0.504269
40432.95000,0.504263
40432.96000,0.504258
40432.97000,0.504252
40432.98000,0.504246
40432.99000,0.50424
40433.00000,0.504234
40433.01000,0.504228
40433.02000,0.504222
40433.03000,0.504217
40433.04000,0.504211
40433.05000,0.504285
40433.06000,0.504428
40433.07000,0.504572
40433.08000,0.506769
40433.09000,0.512413
40433.10000,0.52279
40433.11000,0.537925
40433.12000,0.557152
40433.13000,0.579768
40433.14000,0.605129
40433.15000,0.630811
40433.16000,0.653505
40433.17000,0.672375
40433.18000,0.6872
40433.19000,0.699583
40433.20000,0.714673
40433.21000,0.734398
40433.22000,0.759822
40433.23000,0.790419
40433.24000,0.816996
40433.25000,0.837616
40433.26000,0.851754
40433.27000,0.859538
40433.28000,0.864681
40433.29000,0.868406
40433.30000,0.871291
40433.31000,0.873675
40433.32000,0.875844
40433.33000,0.877994
40433.34000,0.880261
40433.35000,0.882749
40433.36000,0.885242
40433.37000,0.887458
40433.38000,0.889269
40433.39000,0.890598
40433.40000,0.891546
40433.41000,0.892332
40433.42000,0.893044
40433.43000,0.893749
40433.44000,0.894458
40433.45000,0.89508
40433.46000,0.89558
40433.47000,0.895938
40433.48000,0.894282
40433.49000,0.89393
40433.50000,0.893578
40433.51000,0.893226
40433.52000,0.892875
40433.53000,0.892523
40433.54000,0.892171
40433.55000,0.891819
40433.56000,0.891468
40433.57000,0.891116
40433.58000,0.890764
40433.59000,0.890597
40433.60000,0.890429
40433.61000,0.890262
40433.62000,0.890094
40433.63000,0.889926
40433.64000,0.889759
40433.65000,0.889591
40433.66000,0.889424
40433.67000,0.889256
40433.68000,0.889089
40433.69000,0.888921
40433.70000,0.888754
40433.71000,0.888586
40433.72000,0.888456
40433.73000,0.888344
40433.74000,0.888232
40433.75000,0.88812
40433.76000,0.888009
40433.77000,0.887897
40433.78000,0.887785
40433.79000,0.887673
40433.80000,0.887561
40433.81000,0.887449
40433.82000,0.887338
40433.83000,0.887226
40433.84000,0.887114
40433.85000,0.887002
40433.86000,0.88689
40433.87000,0.886778
40433.88000,0.886666
40433.89000,0.886555
40433.90000,0.886432
40433.91000,0.886308
40433.92000,0.886184
40433.93000,0.88606
40433.94000,0.885935
40433.95000,0.885811
40433.96000,0.885687
40433.97000,0.885563
40433.98000,0.885439
40433.99000,0.885315
40434.00000,0.885191
40434.01000,0.885067
40434.02000,0.884943
40434.03000,0.884818
40434.04000,0.884694
40434.05000,0.88457
40434.06000,0.884446
40434.07000,0.884322
40434.08000,0.884198
40434.09000,0.884074
40434.10000,0.88395
40434.11000,0.883826
40434.12000,0.883702
40434.13000,0.883533
40434.14000,0.883167
40434.15000,0.882802
40434.16000,0.882437
40434.17000,0.882071
40434.18000,0.881706
40434.19000,0.881341
40434.20000,0.880975
40434.21000,0.88061
40434.22000,0.880245
40434.23000,0.879879
40434.24000,0.879514
40434.25000,0.879149
40434.26000,0.878783
40434.27000,0.878418
40434.28000,0.878052
40434.29000,0.877687
40434.30000,0.877322
40434.31000,0.876956
40434.32000,0.876591
40434.33000,0.876226
40434.34000,0.87586
40434.35000,0.875495
40434.36000,0.87513
40434.37000,0.874764
40434.38000,0.874399
40434.39000,0.874034
40434.40000,0.873668
40434.41000,0.873303
40434.42000,0.872938
40434.43000,0.872572
40434.44000,0.872207
40434.45000,0.871996
40434.46000,0.871898
40434.47000,0.871799
40434.48000,0.8717
40434.49000,0.871602
40434.50000,0.871503
40434.51000,0.871405
40434.52000,0.871306
40434.53000,0.871207
40434.54000,0.871109
40434.55000,0.87101
40434.56000,0.870912
40434.57000,0.870813
40434.58000,0.870714
40434.59000,0.870616
40434.60000,0.870517
40434.61000,0.870419
40434.62000,0.87032
40434.63000,0.870221
40434.64000,0.870123
40434.65000,0.870024
40434.66000,0.869925
40434.67000,0.869827
40434.68000,0.869728
40434.69000,0.86963
40434.70000,0.869531
40434.71000,0.869432
40434.72000,0.869334
40434.73000,0.869235
40434.74000,0.869137
40434.75000,0.869038
40434.76000,0.868939
40434.77000,0.868808
40434.78000,0.868675
40434.79000,0.868542
40434.80000,0.86841
40434.81000,0.868277
40434.82000,0.868144
40434.83000,0.868012
40434.84000,0.867879
40434.85000,0.867746
40434.86000,0.867614
40434.87000,0.867481
40434.88000,0.867348
40434.89000,0.867216
40434.90000,0.867083
40434.91000,0.86695
40434.92000,0.866818
40434.93000,0.866685
40434.94000,0.866553
40434.95000,0.86642
40434.96000,0.866287
40434.97000,0.866155
40434.98000,0.866022
40434.99000,0.865889
40435.00000,0.865757
40435.01000,0.865624
40435.02000,0.865491
40435.03000,0.865359
40435.04000,0.865226
40435.05000,0.865093
40435.06000,0.864961
40435.07000,0.864828
40435.08000,0.864599
40435.09000,0.864207
40435.10000,0.863814
40435.11000,0.863421
40435.12000,0.863029
40435.13000,0.862636
40435.14000,0.862244
40435.15000,0.861851
40435.16000,0.861459
40435.17000,0.861066
40435.18000,0.860673
40435.19000,0.860281
40435.20000,0.859888
40435.21000,0.859496
40435.22000,0.859103
40435.23000,0.858711
40435.24000,0.858318
40435.25000,0.857925
40435.26000,0.857533
40435.27000,0.85714
40435.28000,0.856748
40435.29000,0.856355
40435.30000,0.855963
40435.31000,0.85557
40435.32000,0.855177
40435.33000,0.854785
40435.34000,0.854392
40435.35000,0.854
40435.36000,0.853607
40435.37000,0.853215
40435.38000,0.852822
40435.39000,0.852429
40435.40000,0.852037
40435.41000,0.851644
40435.42000,0.851252
40435.43000,0.850859
40435.44000,0.850466
40435.45000,0.850074
40435.46000,0.849681
40435.47000,0.849289
40435.48000,0.848896
40435.49000,0.848504
40435.50000,0.848178
40435.51000,0.848078
40435.52000,0.847977
40435.53000,0.847876
40435.54000,0.847776
40435.55000,0.847675
40435.56000,0.847574
40435.57000,0.847474
40435.58000,0.847373
40435.59000,0.847273
40435.60000,0.847172
40435.61000,0.847071
40435.62000,0.846971
40435.63000,0.84687
40435.64000,0.846769
40435.65000,0.846669
40435.66000,0.846568
40435.67000,0.846467
40435.68000,0.846367
40435.69000,0.846266
40435.70000,0.846166
40435.71000,0.846065
40435.72000,0.845964
40435.73000,0.845864
40435.74000,0.845763
40435.75000,0.845662
40435.76000,0.845562
40435.77000,0.845461
40435.78000,0.84536
40435.79000,0.84526
40435.80000,0.845159
40435.81000,0.845058
40435.82000,0.844958
40435.83000,0.844857
40435.84000,0.844757
40435.85000,0.844656
40435.86000,0.844555
40435.87000,0.844455
40435.88000,0.844354
40435.89000,0.844253
40435.90000,0.844153
40435.91000,0.844052
40435.92000,0.843939
40435.93000,0.843699
40435.94000,0.84346
40435.95000,0.84322
40435.96000,0.84298
40435.97000,0.842741
40435.98000,0.842501
40435.99000,0.842262
40436.00000,0.842022
40436.01000,0.841783
40436.02000,0.841543
40436.03000,0.841303
40436.04000,0.841064
40436.05000,0.840824
40436.06000,0.840585
40436.07000,0.840345
40436.08000,0.840105
40436.09000,0.839866
40436.10000,0.839626
40436.11000,0.839387
40436.12000,0.839147
40436.13000,0.838907
40436.14000,0.838668
40436.15000,0.838428
40436.16000,0.838189
40436.17000,0.837949
40436.18000,0.837709
40436.19000,0.83747
40436.20000,0.83723
40436.21000,0.836991
40436.22000,0.836751
40436.23000,0.836511
40436.24000,0.836272
40436.25000,0.836032
40436.26000,0.835793
40436.27000,0.835553
40436.28000,0.835314
40436.29000,0.835074
40436.30000,0.834834
40436.31000,0.834595
40436.32000,0.834355
40436.33000,0.834116
40436.34000,0.833876
40436.35000,0.833768
40436.36000,0.833666
40436.37000,0.833565
40436.38000,0.833463
40436.39000,0.833362
40436.40000,0.83326
40436.41000,0.833159
40436.42000,0.833058
40436.43000,0.832956
40436.44000,0.832855
40436.45000,0.832753
40436.46000,0.832652
40436.47000,0.83255
40436.48000,0.832449
40436.49000,0.832347
40436.50000,0.832246
40436.51000,0.832145
40436.52000,0.832043
40436.53000,0.831942
40436.54000,0.83184
40436.55000,0.831739
40436.56000,0.831637
40436.57000,0.831536
40436.58000,0.831434
40436.59000,0.831333
40436.60000,0.831231
40436.61000,0.83113
40436.62000,0.831029
40436.63000,0.830927
40436.64000,0.830826
40436.65000,0.830724
40436.66000,0.830623
40436.67000,0.830521
40436.68000,0.83042
40436.69000,0.830318
40436.70000,0.830217
40436.71000,0.830116
40436.72000,0.830014
40436.73000,0.829913
40436.74000,0.829811
40436.75000,0.82971
40436.76000,0.829608
40436.77000,0.829507
40436.78000,0.829406
40436.79000,0.829304
40436.80000,0.829203
40436.81000,0.829101
40436.82000,0.829
40436.83000,0.828899
40436.84000,0.828797
40436.85000,0.828696
40436.86000,0.828594
40436.87000,0.828493
40436.88000,0.828392
40436.89000,0.82829
40436.90000,0.828189
40436.91000,0.828087
40436.92000,0.827986
40436.93000,0.827885
40436.94000,0.827783
40436.95000,0.827682
40436.96000,0.82758
40436.97000,0.827479
40436.98000,0.827378
40436.99000,0.827276
40437.00000,0.827175
40437.01000,0.827073
40437.02000,0.826972
40437.03000,0.826871
40437.04000,0.826769
40437.05000,0.826668
40437.06000,0.826566
40437.07000,0.826465
40437.08000,0.826364
40437.09000,0.826262
40437.10000,0.826161
40437.11000,0.82606
40437.12000,0.825958
40437.13000,0.825857
40437.14000,0.825755
40437.15000,0.825654
40437.16000,0.825553
40437.17000,0.825451
40437.18000,0.82535
40437.19000,0.825273
40437.20000,0.825208
40437.21000,0.825144
40437.22000,0.825079
40437.23000,0.825014
40437.24000,0.82495
40437.25000,0.824885
40437.26000,0.824821
40437.27000,0.824756
40437.28000,0.824691
40437.29000,0.824627
40437.30000,0.824562
40437.31000,0.824497
40437.32000,0.824433
40437.33000,0.824368
40437.34000,0.824304
40437.35000,0.824239
40437.36000,0.824174
40437.37000,0.82411
40437.38000,0.824045
40437.39000,0.82398
40437.40000,0.823916
40437.41000,0.823851
40437.42000,0.823786
40437.43000,0.823722
40437.44000,0.823657
40437.45000,0.823593
40437.46000,0.823528
40437.47000,0.823463
40437.48000,0.823399
40437.49000,0.823334
40437.50000,0.823269
40437.51000,0.823205
40437.52000,0.82314
40437.53000,0.823076
40437.54000,0.823011
40437.55000,0.822946
40437.56000,0.822882
40437.57000,0.822817
40437.58000,0.822752
40437.59000,0.822688
40437.60000,0.822623
40437.61000,0.822581
40437.62000,0.822559
40437.63000,0.822537
40437.64000,0.822515
40437.65000,0.822493
40437.66000,0.822471
40437.67000,0.822449
40437.68000,0.822427
40437.69000,0.822405
40437.70000,0.82226
40437.71000,0.822183
40437.72000,0.822209
40437.73000,0.824841
40437.74000,0.824971
40437.75000,0.825101
40437.76000,0.825231
40437.77000,0.825361
40437.78000,0.82549
40437.79000,0.826219
40437.80000,0.827016
40437.81000,0.827869
40437.82000,0.82871
40437.83000,0.829481
40437.84000,0.830145
40437.85000,0.830676
40437.86000,0.831789
40437.87000,0.831795
40437.88000,0.831802
40437.89000,0.831808
40437.90000,0.831814
40437.91000,0.831821
40437.92000,0.831827
40437.93000,0.831833
40437.94000,0.83184
40437.95000,0.831846
40437.96000,0.831852
40437.97000,0.831859
40437.98000,0.831865
40437.99000,0.831978
40438.00000,0.832158
40438.01000,0.832437
40438.02000,0.832851
40438.03000,0.833308
40438.04000,0.833754
40438.05000,0.834147
40438.06000,0.834455
40438.07000,0.835029
40438.08000,0.834987
40438.09000,0.834945
40438.10000,0.834903
40438.11000,0.834861
40438.12000,0.834819
40438.13000,0.834777
40438.14000,0.834735
40438.15000,0.834693
40438.16000,0.834651
40438.17000,0.834609
40438.18000,0.834415
40438.19000,0.83422
40438.20000,0.834026
40438.21000,0.833831
40438.22000,0.833636
40438.23000,0.833442
40438.24000,0.833247
40438.25000,0.833052
40438.26000,0.832858
40438.27000,0.832663
40438.28000,0.832469
40438.29000,0.832274
40438.30000,0.832079
40438.31000,0.831684
40438.32000,0.831189
40438.33000,0.830694
40438.34000,0.830198
40438.35000,0.829703
40438.36000,0.829208
40438.37000,0.828712
40438.38000,0.828217
40438.39000,0.827722
40438.40000,0.827226
40438.41000,0.826731
40438.42000,0.826236
40438.43000,0.82574
40438.44000,0.825245
40438.45000,0.82475
40438.46000,0.824254
40438.47000,0.823759
40438.48000,0.823264
40438.49000,0.823037
40438.50000,0.822844
40438.51000,0.822651
40438.52000,0.822458
40438.53000,0.822265
40438.54000,0.822072
40438.55000,0.821879
40438.56000,0.821686
40438.57000,0.821493
40438.58000,0.8213
40438.59000,0.821107
40438.60000,0.820913
40438.61000,0.82072
40438.62000,0.820527
40438.63000,0.820334
40438.64000,0.820141
40438.65000,0.819948
40438.66000,0.819755
40438.67000,0.819562
40438.68000,0.819369
40438.69000,0.819176
40438.70000,0.818983
40438.71000,0.81879
40438.72000,0.818608
40438.73000,0.818476
40438.74000,0.818345
40438.75000,0.818213
40438.76000,0.818081
40438.77000,0.81795
40438.78000,0.817818
40438.79000,0.817686
40438.80000,0.817554
40438.81000,0.817423
40438.82000,0.817291
40438.83000,0.817159
40438.84000,0.817027
40438.85000,0.816896
40438.86000,0.816764
40438.87000,0.816632
40438.88000,0.8165
40438.89000,0.816369
40438.90000,0.816237
40438.91000,0.816105
40438.92000,0.815973
40438.93000,0.815842
40438.94000,0.81571
40438.95000,0.815578
40438.96000,0.815446
40438.97000,0.815315
40438.98000,0.815183
40438.99000,0.815051
40439.00000,0.814919
40439.01000,0.814788
40439.02000,0.814656
40439.03000,0.814524
40439.04000,0.814214
40439.05000,0.813776
40439.06000,0.813337
40439.07000,0.812898
40439.08000,0.81246
40439.09000,0.812021
40439.10000,0.811583
40439.11000,0.811144
40439.12000,0.810705
40439.13000,0.810267
40439.14000,0.809828
40439.15000,0.809389
40439.16000,0.808951
40439.17000,0.808512
40439.18000,0.808073
40439.19000,0.807635
40439.20000,0.807196
40439.21000,0.806757
40439.22000,0.806319
40439.23000,0.80588
40439.24000,0.805441
40439.25000,0.805003
40439.26000,0.804564
40439.27000,0.804125
40439.28000,0.803687
40439.29000,0.803248
40439.30000,0.802809
40439.31000,0.802371
40439.32000,0.801932
40439.33000,0.801493
40439.34000,0.801055
40439.35000,0.800616
40439.36000,0.800177
40439.37000,0.799739
40439.38000,0.7993
40439.39000,0.798861
40439.40000,0.798423
40439.41000,0.797984
40439.42000,0.797546
40439.43000,0.797107
40439.44000,0.796668
40439.45000,0.79623
40439.46000,0.795939
40439.47000,0.795838
40439.48000,0.795736
40439.49000,0.795635
40439.50000,0.795534
40439.51000,0.795432
40439.52000,0.795331
40439.53000,0.795229
40439.54000,0.795128
40439.55000,0.795026
40439.56000,0.794925
40439.57000,0.794823
40439.58000,0.794722
40439.59000,0.794621
40439.60000,0.794519
40439.61000,0.794418
40439.62000,0.794316
40439.63000,0.794215
40439.64000,0.794113
40439.65000,0.794012
40439.66000,0.79391
40439.67000,0.793809
40439.68000,0.793708
40439.69000,0.793606
40439.70000,0.793505
40439.71000,0.793403
40439.72000,0.793302
40439.73000,0.7932
40439.74000,0.793099
40439.75000,0.792997
40439.76000,0.792896
40439.77000,0.792794
40439.78000,0.792693
40439.79000,0.792592
40439.80000,0.79249
40439.81000,0.792389
40439.82000,0.792287
40439.83000,0.792186
40439.84000,0.792084
40439.85000,0.791983
40439.86000,0.791881
40439.87000,0.79178
40439.88000,0.791679
40439.89000,0.791577
40439.90000,0.791476
40439.91000,0.791374
40439.92000,0.791273
40439.93000,0.791171
40439.94000,0.79107
40439.95000,0.790968
40439.96000,0.790751
40439.97000,0.790387
40439.98000,0.790022
40439.99000,0.789657
40440.00000,0.789293
40440.01000,0.788928
40440.02000,0.788564
40440.03000,0.788199
40440.04000,0.787835
40440.05000,0.78747
40440.06000,0.787106
40440.07000,0.786741
40440.08000,0.786377
40440.09000,0.786012
40440.10000,0.785648
40440.11000,0.785283
40440.12000,0.784919
40440.13000,0.784554
40440.14000,0.784189
40440.15000,0.783825
40440.16000,0.78346
40440.17000,0.783096
40440.18000,0.782731
40440.19000,0.782367
40440.20000,0.782002
40440.21000,0.781638
40440.22000,0.781273
40440.23000,0.780909
40440.24000,0.780544
40440.25000,0.78018
40440.26000,0.779815
40440.27000,0.77945
40440.28000,0.779086
40440.29000,0.778721
40440.30000,0.778357
40440.31000,0.777992
40440.32000,0.777628
40440.33000,0.777263
40440.34000,0.776899
40440.35000,0.776534
40440.36000,0.77617
40440.37000,0.775805
40440.38000,0.775441
40440.39000,0.775076
40440.40000,0.774711
40440.41000,0.774347
40440.42000,0.773982
40440.43000,0.773618
40440.44000,0.773253
40440.45000,0.772889
40440.46000,0.77264
40440.47000,0.772537
40440.48000,0.772434
40440.49000,0.772332
40440.50000,0.772229
40440.51000,0.772127
40440.52000,0.772024
40440.53000,0.771921
40440.54000,0.771819
40440.55000,0.771716
40440.56000,0.771613
40440.57000,0.771511
40440.58000,0.771408
40440.59000,0.771306
40440.60000,0.771203
40440.61000,0.7711
40440.62000,0.770998
40440.63000,0.770895
40440.64000,0.770793
40440.65000,0.77069
40440.66000,0.770587
40440.67000,0.770485
40440.68000,0.770382
40440.69000,0.77028
40440.70000,0.770177
40440.71000,0.770074
40440.72000,0.769972
40440.73000,0.769869
40440.74000,0.769766
40440.75000,0.769664
40440.76000,0.769561
40440.77000,0.769459
40440.78000,0.769356
40440.79000,0.769253
40440.80000,0.769151
40440.81000,0.769048
40440.82000,0.768946
40440.83000,0.768843
40440.84000,0.76874
40440.85000,0.768638
40440.86000,0.768535
40440.87000,0.768433
40440.88000,0.76833
40440.89000,0.768227
40440.90000,0.768125
40440.91000,0.768022
40440.92000,0.76792
40440.93000,0.767817
40440.94000,0.767714
40440.95000,0.767612
40440.96000,0.76739
40440.97000,0.767017
40440.98000,0.766643
40440.99000,0.76627
40441.00000,0.765897
40441.01000,0.765524
40441.02000,0.76515
40441.03000,0.764777
40441.04000,0.764404
40441.05000,0.764031
40441.06000,0.763657
40441.07000,0.763284
40441.08000,0.762911
40441.09000,0.762538
40441.10000,0.762165
40441.11000,0.761791
40441.12000,0.761418
40441.13000,0.761045
40441.14000,0.760672
40441.15000,0.760298
40441.16000,0.759925
40441.17000,0.759552
40441.18000,0.759179
40441.19000,0.758805
40441.20000,0.758432
40441.21000,0.758059
40441.22000,0.757686
40441.23000,0.757312
40441.24000,0.756939
40441.25000,0.756566
40441.26000,0.756193
40441.27000,0.755819
40441.28000,0.755446
40441.29000,0.755073
40441.30000,0.7547
40441.31000,0.754326
40441.32000,0.753953
40441.33000,0.75358
40441.34000,0.753207
40441.35000,0.752833
40441.36000,0.75246
40441.37000,0.752087
40441.38000,0.751714
40441.39000,0.75134
40441.40000,0.750967
40441.41000,0.750594
40441.42000,0.750221
40441.43000,0.749848
40441.44000,0.749474
40441.45000,0.749101
40441.46000,0.748846
40441.47000,0.748743
40441.48000,0.748639
40441.49000,0.748536
40441.50000,0.748432
40441.51000,0.748328
40441.52000,0.748225
40441.53000,0.748121
40441.54000,0.748017
40441.55000,0.747914
40441.56000,0.74781
40441.57000,0.747706
40441.58000,0.747603
40441.59000,0.747499
40441.60000,0.747395
40441.61000,0.747292
40441.62000,0.747188
40441.63000,0.747084
40441.64000,0.746981
40441.65000,0.746877
40441.66000,0.746773
40441.67000,0.74667
40441.68000,0.746566
40441.69000,0.746462
40441.70000,0.746359
40441.71000,0.746255
40441.72000,0.746151
40441.73000,0.746048
40441.74000,0.745944
40441.75000,0.74584
40441.76000,0.745737
40441.77000,0.745633
40441.78000,0.745529
40441.79000,0.745426
40441.80000,0.745322
40441.81000,0.745218
40441.82000,0.745115
40441.83000,0.745011
40441.84000,0.744907
40441.85000,0.744804
40441.86000,0.7447
40441.87000,0.744596
40441.88000,0.744493
40441.89000,0.744389
40441.90000,0.744285
40441.91000,0.744182
40441.92000,0.744078
40441.93000,0.743974
40441.94000,0.743871
40441.95000,0.743767
40441.96000,0.743546
40441.97000,0.743175
40441.98000,0.742804
40441.99000,0.742434
40442.00000,0.742063
40442.01000,0.741692
40442.02000,0.741321
40442.03000,0.740951
40442.04000,0.74058
40442.05000,0.740209
40442.06000,0.739838
40442.07000,0.739468
40442.08000,0.739097
40442.09000,0.738726
40442.10000,0.738356
40442.11000,0.737985
40442.12000,0.737614
40442.13000,0.737243
40442.14000,0.736873
40442.15000,0.736502
40442.16000,0.736131
40442.17000,0.73576
40442.18000,0.73539
40442.19000,0.735019
40442.20000,0.734648
40442.21000,0.734277
40442.22000,0.733907
40442.23000,0.733536
40442.24000,0.733165
40442.25000,0.732794
40442.26000,0.732424
40442.27000,0.732053
40442.28000,0.731682
40442.29000,0.731311
40442.30000,0.730941
40442.31000,0.73057
40442.32000,0.730199
40442.33000,0.729828
40442.34000,0.729458
40442.35000,0.729087
40442.36000,0.728716
40442.37000,0.728346
40442.38000,0.727975
40442.39000,0.727604
40442.40000,0.727233
40442.41000,0.726863
40442.42000,0.726492
40442.43000,0.726121
40442.44000,0.72575
40442.45000,0.72538
40442.46000,0.725126
40442.47000,0.725022
40442.48000,0.724917
40442.49000,0.724813
40442.50000,0.724708
40442.51000,0.724604
40442.52000,0.724499
40442.53000,0.724395
40442.54000,0.724291
40442.55000,0.724186
40442.56000,0.724082
40442.57000,0.723977
40442.58000,0.723873
40442.59000,0.723768
40442.60000,0.723664
40442.61000,0.72356
40442.62000,0.723455
40442.63000,0.723351
40442.64000,0.723246
40442.65000,0.723142
40442.66000,0.723037
40442.67000,0.722933
40442.68000,0.722828
40442.69000,0.722724
40442.70000,0.72262
40442.71000,0.722515
40442.72000,0.722411
40442.73000,0.722306
40442.74000,0.722202
40442.75000,0.722097
40442.76000,0.721993
40442.77000,0.721888
40442.78000,0.721784
40442.79000,0.72168
40442.80000,0.721575
40442.81000,0.721471
40442.82000,0.721366
40442.83000,0.721262
40442.84000,0.721157
40442.85000,0.721053
40442.86000,0.720949
40442.87000,0.720844
40442.88000,0.72074
40442.89000,0.720635
40442.90000,0.720531
40442.91000,0.720426
40442.92000,0.720322
40442.93000,0.720217
40442.94000,0.720113
40442.95000,0.720009
40442.96000,0.719791
40442.97000,0.719429
40442.98000,0.719068
40442.99000,0.718706
40443.00000,0.718345
40443.01000,0.717983
40443.02000,0.717622
40443.03000,0.71726
40443.04000,0.716898
40443.05000,0.716537
40443.06000,0.716175
40443.07000,0.715814
40443.08000,0.715452
40443.09000,0.715091
40443.10000,0.714729
40443.11000,0.714368
40443.12000,0.714006
40443.13000,0.713644
40443.14000,0.713283
40443.15000,0.712921
40443.16000,0.71256
40443.17000,0.712198
40443.18000,0.711837
40443.19000,0.711475
40443.20000,0.711114
40443.21000,0.710752
40443.22000,0.71039
40443.23000,0.710029
40443.24000,0.709667
40443.25000,0.709306
40443.26000,0.708944
40443.27000,0.708583
40443.28000,0.708221
40443.29000,0.70786
40443.30000,0.707498
40443.31000,0.707136
40443.32000,0.706775
40443.33000,0.706413
40443.34000,0.706052
40443.35000,0.70569
40443.36000,0.705329
40443.37000,0.704967
40443.38000,0.704606
40443.39000,0.704244
40443.40000,0.703882
40443.41000,0.703521
40443.42000,0.703159
40443.43000,0.702798
40443.44000,0.702436
40443.45000,0.702075
40443.46000,0.701826
40443.47000,0.701721
40443.48000,0.701616
40443.49000,0.701511
40443.50000,0.701405
40443.51000,0.7013
40443.52000,0.701195
40443.53000,0.70109
40443.54000,0.700985
40443.55000,0.70088
40443.56000,0.700774
40443.57000,0.700669
40443.58000,0.700564
40443.59000,0.700459
40443.60000,0.700354
40443.61000,0.700249
40443.62000,0.700143
40443.63000,0.700038
40443.64000,0.699933
40443.65000,0.699828
40443.66000,0.699723
40443.67000,0.699618
40443.68000,0.699512
40443.69000,0.699407
40443.70000,0.699302
40443.71000,0.699197
40443.72000,0.699092
40443.73000,0.698987
40443.74000,0.698881
40443.75000,0.698776
40443.76000,0.698671
40443.77000,0.698566
40443.78000,0.698461
40443.79000,0.698356
40443.80000,0.69825
40443.81000,0.698145
40443.82000,0.69804
40443.83000,0.697935
40443.84000,0.69783
40443.85000,0.697725
40443.86000,0.697619
40443.87000,0.697514
40443.88000,0.697409
40443.89000,0.697304
40443.90000,0.697199
40443.91000,0.697094
40443.92000,0.696988
40443.93000,0.696883
40443.94000,0.696778
40443.95000,0.696673
40443.96000,0.696456
40443.97000,0.696098
40443.98000,0.695739
40443.99000,0.695381
40444.00000,0.695022
40444.01000,0.694663
40444.02000,0.694305
40444.03000,0.693946
40444.04000,0.693588
40444.05000,0.693229
40444.06000,0.692871
40444.07000,0.692512
40444.08000,0.692154
40444.09000,0.691795
40444.10000,0.691437
40444.11000,0.691078
40444.12000,0.69072
40444.13000,0.690361
40444.14000,0.690002
40444.15000,0.689644
40444.16000,0.689285
40444.17000,0.688927
40444.18000,0.688568
40444.19000,0.68821
40444.20000,0.687851
40444.21000,0.687493
40444.22000,0.687134
40444.23000,0.686776
40444.24000,0.686417
40444.25000,0.686059
40444.26000,0.6857
40444.27000,0.685342
40444.28000,0.684983
40444.29000,0.684624
40444.30000,0.684266
40444.31000,0.683907
40444.32000,0.683549
40444.33000,0.68319
40444.34000,0.682832
40444.35000,0.682473
40444.36000,0.682115
40444.37000,0.681756
40444.38000,0.681398
40444.39000,0.681039
40444.40000,0.680681
40444.41000,0.680322
40444.42000,0.679963
40444.43000,0.679605
40444.44000,0.679246
40444.45000,0.678888
40444.46000,0.678641
40444.47000,0.678535
40444.48000,0.678429
40444.49000,0.678323
40444.50000,0.678217
40444.51000,0.678111
40444.52000,0.678005
40444.53000,0.677899
40444.54000,0.677793
40444.55000,0.677687
40444.56000,0.677581
40444.57000,0.677475
40444.58000,0.677369
40444.59000,0.677263
40444.60000,0.677157
40444.61000,0.677051
40444.62000,0.676945
40444.63000,0.676839
40444.64000,0.676733
40444.65000,0.676627
40444.66000,0.676521
40444.67000,0.676415
40444.68000,0.676309
40444.69000,0.676203
40444.70000,0.676097
40444.71000,0.675992
40444.72000,0.675886
40444.73000,0.67578
40444.74000,0.675674
40444.75000,0.675568
40444.76000,0.675462
40444.77000,0.675356
40444.78000,0.67525
40444.79000,0.675144
40444.80000,0.675038
40444.81000,0.674932
40444.82000,0.674826
40444.83000,0.67472
40444.84000,0.674614
40444.85000,0.674508
40444.86000,0.674402
40444.87000,0.674296
40444.88000,0.67419
40444.89000,0.674084
40444.90000,0.673978
40444.91000,0.673872
40444.92000,0.673766
40444.93000,0.67366
40444.94000,0.673554
40444.95000,0.673448
40444.96000,0.67323
40444.97000,0.67287
40444.98000,0.67251
40444.99000,0.672149
40445.00000,0.671789
40445.01000,0.671429
40445.02000,0.671068
40445.03000,0.670708
40445.04000,0.670348
40445.05000,0.669987
40445.06000,0.669627
40445.07000,0.669267
40445.08000,0.668906
40445.09000,0.668546
40445.10000,0.668186
40445.11000,0.667825
40445.12000,0.667465
40445.13000,0.667105
40445.14000,0.666744
40445.15000,0.666384
40445.16000,0.666023
40445.17000,0.665663
40445.18000,0.665303
40445.19000,0.664942
40445.20000,0.664582
40445.21000,0.664222
40445.22000,0.663861
40445.23000,0.663501
40445.24000,0.663141
40445.25000,0.66278
40445.26000,0.66242
40445.27000,0.66206
40445.28000,0.661699
40445.29000,0.661339
40445.30000,0.660979
40445.31000,0.660618
40445.32000,0.660258
40445.33000,0.659898
40445.34000,0.659537
40445.35000,0.659177
40445.36000,0.658817
40445.37000,0.658456
40445.38000,0.658096
40445.39000,0.657735
40445.40000,0.657375
40445.41000,0.657015
40445.42000,0.656654
40445.43000,0.656294
40445.44000,0.655934
40445.45000,0.655573
40445.46000,0.655325
40445.47000,0.655217
40445.48000,0.65511
40445.49000,0.655003
40445.50000,0.654896
40445.51000,0.654789
40445.52000,0.654682
40445.53000,0.654575
40445.54000,0.654467
40445.55000,0.65436
40445.56000,0.654253
40445.57000,0.654146
40445.58000,0.654039
40445.59000,0.653932
40445.60000,0.653825
40445.61000,0.653717
40445.62000,0.65361
40445.63000,0.653503
40445.64000,0.653396
40445.65000,0.653289
40445.66000,0.653182
40445.67000,0.653075
40445.68000,0.652968
40445.69000,0.65286
40445.70000,0.652753
40445.71000,0.652646
40445.72000,0.652539
40445.73000,0.652432
40445.74000,0.652325
40445.75000,0.652218
40445.76000,0.65211
40445.77000,0.652003
40445.78000,0.651896
40445.79000,0.651789
40445.80000,0.651682
40445.81000,0.651575
40445.82000,0.651468
40445.83000,0.651361
40445.84000,0.651253
40445.85000,0.651146
40445.86000,0.651039
40445.87000,0.650932
40445.88000,0.650825
40445.89000,0.650718
40445.90000,0.650611
40445.91000,0.650503
40445.92000,0.650396
40445.93000,0.650289
40445.94000,0.650182
40445.95000,0.650075
40445.96000,0.649855
40445.97000,0.649492
40445.98000,0.649129
40445.99000,0.648766
40446.00000,0.648403
40446.01000,0.64804
40446.02000,0.647678
40446.03000,0.647315
40446.04000,0.646952
40446.05000,0.646589
40446.06000,0.646226
40446.07000,0.645863
40446.08000,0.6455
40446.09000,0.645137
40446.10000,0.644774
40446.11000,0.644411
40446.12000,0.644048
40446.13000,0.643685
40446.14000,0.643323
40446.15000,0.64296
40446.16000,0.642597
40446.17000,0.642234
40446.18000,0.641871
40446.19000,0.641508
40446.20000,0.641145
40446.21000,0.640782
40446.22000,0.640419
40446.23000,0.640056
40446.24000,0.639693
40446.25000,0.63933
40446.26000,0.638967
40446.27000,0.638605
40446.28000,0.638242
40446.29000,0.637879
40446.30000,0.637516
40446.31000,0.637153
40446.32000,0.63679
40446.33000,0.636427
40446.34000,0.636064
40446.35000,0.635701
40446.36000,0.635338
40446.37000,0.634975
40446.38000,0.634612
40446.39000,0.634249
40446.40000,0.633887
40446.41000,0.633524
40446.42000,0.633161
40446.43000,0.632798
40446.44000,0.632435
40446.45000,0.632072
40446.46000,0.63183
40446.47000,0.631743
40446.48000,0.631655
40446.49000,0.631568
40446.50000,0.63148
40446.51000,0.631393
40446.52000,0.631305
40446.53000,0.631218
40446.54000,0.63113
40446.55000,0.631043
40446.56000,0.630955
40446.57000,0.630867
40446.58000,0.63078
40446.59000,0.630692
40446.60000,0.630605
40446.61000,0.630517
40446.62000,0.63043
40446.63000,0.630342
40446.64000,0.630255
40446.65000,0.630167
40446.66000,0.63008
40446.67000,0.629992
40446.68000,0.629905
40446.69000,0.629817
40446.70000,0.62973
40446.71000,0.629642
40446.72000,0.629554
40446.73000,0.629467
40446.74000,0.629379
40446.75000,0.629292
40446.76000,0.629204
40446.77000,0.629117
40446.78000,0.629029
40446.79000,0.628942
40446.80000,0.628854
40446.81000,0.628767
40446.82000,0.628679
40446.83000,0.628592
40446.84000,0.628504
40446.85000,0.628417
40446.86000,0.628329
40446.87000,0.628242
40446.88000,0.628154
40446.89000,0.628066
40446.90000,0.627979
40446.91000,0.627891
40446.92000,0.627804
40446.93000,0.627716
40446.94000,0.627629
40446.95000,0.627541
40446.96000,0.62749
40446.97000,0.627483
40446.98000,0.627477
40446.99000,0.627471
40447.00000,0.627465
40447.01000,0.627459
40447.02000,0.627453
40447.03000,0.627447
40447.04000,0.62744
40447.05000,0.627434
40447.06000,0.627428
40447.07000,0.627422
40447.08000,0.627416
40447.09000,0.62741
40447.10000,0.627404
40447.11000,0.627397
40447.12000,0.627391
40447.13000,0.627385
40447.14000,0.627379
40447.15000,0.627373
40447.16000,0.627367
40447.17000,0.62736
40447.18000,0.627354
40447.19000,0.627348
40447.20000,0.627342
40447.21000,0.627336
40447.22000,0.62733
40447.23000,0.627324
40447.24000,0.627317
40447.25000,0.627311
40447.26000,0.627305
40447.27000,0.627299
40447.28000,0.627293
40447.29000,0.627287
40447.30000,0.62728
40447.31000,0.627274
40447.32000,0.627268
40447.33000,0.627262
40447.34000,0.627256
40447.35000,0.62725
40447.36000,0.627244
40447.37000,0.627021
40447.38000,0.626864
40447.39000,0.626829
40447.40000,0.626917
40447.41000,0.62705
40447.42000,0.627174
40447.43000,0.627242
40447.44000,0.625085
40447.45000,0.624692
40447.46000,0.624298
40447.47000,0.623904
40447.48000,0.623511
40447.49000,0.623117
40447.50000,0.622723
40447.51000,0.622329
40447.52000,0.621936
40447.53000,0.621542
40447.54000,0.621148
40447.55000,0.620914
40447.56000,0.62068
40447.57000,0.620446
40447.58000,0.620212
40447.59000,0.619978
40447.60000,0.619743
40447.61000,0.619509
40447.62000,0.619275
40447.63000,0.619041
40447.64000,0.618807
40447.65000,0.618573
40447.66000,0.618339
40447.67000,0.618104
40447.68000,0.617998
40447.69000,0.617955
40447.70000,0.617912
40447.71000,0.617869
40447.72000,0.617826
40447.73000,0.617783
40447.74000,0.61774
40447.75000,0.617697
40447.76000,0.617654
40447.77000,0.61761
40447.78000,0.617567
40447.79000,0.617524
40447.80000,0.617481
40447.81000,0.617438
40447.82000,0.617395
40447.83000,0.617352
40447.84000,0.617309
40447.85000,0.617266
40447.86000,0.617263
40447.87000,0.617264
40447.88000,0.617265
40447.89000,0.617266
40447.90000,0.617268
40447.91000,0.617269
40447.92000,0.61727
40447.93000,0.617271
40447.94000,0.617273
40447.95000,0.618021
40447.96000,0.620417
40447.97000,0.625407
40447.98000,0.633453
40447.99000,0.641833
40448.00000,0.649307
40448.01000,0.655148
40448.02000,0.658996
40448.03000,0.662029
40448.04000,0.664716
40448.05000,0.667321
40448.06000,0.670034
40448.07000,0.672722
40448.08000,0.675273
40448.09000,0.677637
40448.10000,0.679776
40448.11000,0.681866
40448.12000,0.684121
40448.13000,0.686669
40448.14000,0.689617
40448.15000,0.692785
40448.16000,0.695744
40448.17000,0.698291
40448.18000,0.700299
40448.19000,0.701909
40448.20000,0.703781
40448.21000,0.706258
40448.22000,0.709656
40448.23000,0.714162
40448.24000,0.718926
40448.25000,0.723574
40448.26000,0.727841
40448.27000,0.731561
40448.28000,0.734739
40448.29000,0.737368
40448.30000,0.739444
40448.31000,0.740976
40448.32000,0.74406
40448.33000,0.744087
40448.34000,0.744114
40448.35000,0.744141
40448.36000,0.744168
40448.37000,0.744195
40448.38000,0.744222
40448.39000,0.744249
40448.40000,0.744276
40448.41000,0.744501
40448.42000,0.744779
40448.43000,0.745155
40448.44000,0.745649
40448.45000,0.746226
40448.46000,0.746873
40448.47000,0.747579
40448.48000,0.751862
40448.49000,0.752022
40448.50000,0.752183
40448.51000,0.752343
40448.52000,0.752503
40448.53000,0.752663
40448.54000,0.75336
40448.55000,0.753919
40448.56000,0.754317
40448.57000,0.753645
40448.58000,0.753615
40448.59000,0.753586
40448.60000,0.753556
40448.61000,0.753526
40448.62000,0.753497
40448.63000,0.753467
40448.64000,0.753437
40448.65000,0.753407
40448.66000,0.753378
40448.67000,0.753348
40448.68000,0.753352
40448.69000,0.753356
40448.70000,0.75336
40448.71000,0.753364
40448.72000,0.753368
40448.73000,0.753372
40448.74000,0.753446
40448.75000,0.753603
40448.76000,0.75387
40448.77000,0.754287
40448.78000,0.754758
40448.79000,0.755224
40448.80000,0.75564
40448.81000,0.755968
40448.82000,0.756335
40448.83000,0.756849
40448.84000,0.7576
40448.85000,0.758684
40448.86000,0.760023
40448.87000,0.761475
40448.88000,0.762953
40448.89000,0.764384
40448.90000,0.765713
40448.91000,0.766901
40448.92000,0.767916
40448.93000,0.768742
40448.94000,0.770562
40448.95000,0.770576
40448.96000,0.770589
40448.97000,0.770602
40448.98000,0.770615
40448.99000,0.770628
40449.00000,0.770642
40449.01000,0.770655
40449.02000,0.770668
40449.03000,0.770681
40449.04000,0.770694
40449.05000,0.77062
40449.06000,0.770545
40449.07000,0.77047
40449.08000,0.770395
40449.09000,0.77032
40449.10000,0.770245
40449.11000,0.77017
40449.12000,0.770095
40449.13000,0.77002
40449.14000,0.769945
40449.15000,0.76987
40449.16000,0.769795
40449.17000,0.76972
40449.18000,0.7695
40449.19000,0.769207
40449.20000,0.768914
40449.21000,0.768621
40449.22000,0.768327
40449.23000,0.768034
40449.24000,0.767741
40449.25000,0.767448
40449.26000,0.767155
40449.27000,0.766862
40449.28000,0.766568
40449.29000,0.766275
40449.30000,0.765982
40449.31000,0.765689
40449.32000,0.765396
40449.33000,0.765103
40449.34000,0.764809
40449.35000,0.764516
40449.36000,0.764113
40449.37000,0.763696
40449.38000,0.763279
40449.39000,0.762862
40449.40000,0.762445
40449.41000,0.762028
40449.42000,0.761611
40449.43000,0.761194
40449.44000,0.760777
40449.45000,0.76036
40449.46000,0.759943
40449.47000,0.759526
40449.48000,0.759109
40449.49000,0.758692
40449.50000,0.758275
40449.51000,0.757858
40449.52000,0.757441
40449.53000,0.757024
40449.54000,0.756607
40449.55000,0.75619
40449.56000,0.755773
40449.57000,0.755356
40449.58000,0.754939
40449.59000,0.754581
40449.60000,0.754482
40449.61000,0.754383
40449.62000,0.754284
40449.63000,0.754185
40449.64000,0.754085
40449.65000,0.753986
40449.66000,0.753887
40449.67000,0.753788
40449.68000,0.753689
40449.69000,0.75359
40449.70000,0.753491
40449.71000,0.753392
40449.72000,0.753293
40449.73000,0.753194
40449.74000,0.753095
40449.75000,0.752996
40449.76000,0.752897
40449.77000,0.752797
40449.78000,0.752698
40449.79000,0.752599
40449.80000,0.7525
40449.81000,0.752401
40449.82000,0.752302
40449.83000,0.752203
40449.84000,0.752104
40449.85000,0.752005
40449.86000,0.751906
40449.87000,0.751807
40449.88000,0.751708
40449.89000,0.751609
40449.90000,0.751509
40449.91000,0.75142
40449.92000,0.751337
40449.93000,0.751254
40449.94000,0.751171
40449.95000,0.751088
40449.96000,0.751005
40449.97000,0.750922
40449.98000,0.750839
40449.99000,0.750756
40450.00000,0.750674
40450.01000,0.750591
40450.02000,0.750508
40450.03000,0.750425
40450.04000,0.750342
40450.05000,0.750259
40450.06000,0.750176
40450.07000,0.750093
40450.08000,0.75001
40450.09000,0.749927
40450.10000,0.749844
40450.11000,0.749761
40450.12000,0.749678
40450.13000,0.749596
40450.14000,0.749513
40450.15000,0.74943
40450.16000,0.749347
40450.17000,0.749264
40450.18000,0.749181
40450.19000,0.749098
40450.20000,0.749015
40450.21000,0.748932
40450.22000,0.748849
40450.23000,0.748834
40450.24000,0.74882
40450.25000,0.748807
40450.26000,0.748793
40450.27000,0.74878
40450.28000,0.748766
40450.29000,0.748752
40450.30000,0.748739
40450.31000,0.748725
40450.32000,0.748712
40450.33000,0.748698
40450.34000,0.748684
40450.35000,0.748671
40450.36000,0.748657
40450.37000,0.748644
40450.38000,0.74863
40450.39000,0.748616
40450.40000,0.748603
40450.41000,0.748589
40450.42000,0.748576
40450.43000,0.748562
40450.44000,0.748548
40450.45000,0.748535
40450.46000,0.748521
40450.47000,0.748508
40450.48000,0.748494
40450.49000,0.748206
40450.50000,0.748058
40450.51000,0.748159
40450.52000,0.748638
40450.53000,0.749367
40450.54000,0.750253
40450.55000,0.751213
40450.56000,0.752173
40450.57000,0.753143
40450.58000,0.754131
40450.59000,0.755135
40450.60000,0.756156
40450.61000,0.757139
40450.62000,0.75802
40450.63000,0.758766
40450.64000,0.759354
40450.65000,0.759743
40450.66000,0.759762
40450.67000,0.759781
40450.68000,0.7598
40450.69000,0.759819
40450.70000,0.759837
40450.71000,0.759856
40450.72000,0.759875
40450.73000,0.759894
40450.74000,0.759913
40450.75000,0.759932
40450.76000,0.759938
40450.77000,0.759944
40450.78000,0.75995
40450.79000,0.759956
40450.80000,0.759962
40450.81000,0.759968
40450.82000,0.759974
40450.83000,0.75998
40450.84000,0.759986
40450.85000,0.759992
40450.86000,0.759998
40450.87000,0.760198
40450.88000,0.760619
40450.89000,0.761362
40450.90000,0.763127
40450.91000,0.767582
40450.92000,0.776108
40450.93000,0.789643
40450.94000,0.8074
40450.95000,0.825514
40450.96000,0.842573
40450.97000,0.857867
40450.98000,0.87114
40450.99000,0.882954
40451.00000,0.893455
40451.01000,0.902743
40451.02000,0.910887
40451.03000,0.919963
40451.04000,0.930909
40451.05000,0.944263
40451.06000,0.960283
40451.07000,0.980867
40451.08000,1.00698
40451.09000,1.03845
40451.10000,1.07446
40451.11000,1.10933
40451.12000,1.13857
40451.13000,1.16154
40451.14000,1.17844
40451.15000,1.19132
40451.16000,1.203
40451.17000,1.21419
40451.18000,1.22521
40451.19000,1.23537
40451.20000,1.2422
40451.21000,1.2455
40451.22000,1.24546
40451.23000,1.24249
40451.24000,1.23828
40451.25000,1.2333
40451.26000,1.22778
40451.27000,1.22185
40451.28000,1.21664
40451.29000,1.21253
40451.30000,1.20969
40451.31000,1.20815
40451.32000,1.20706
40451.33000,1.20584
40451.34000,1.20432
40451.35000,1.20239
40451.36000,1.20325
40451.37000,1.21025
40451.38000,1.22432
40451.39000,1.24526
40451.40000,1.26709
40451.41000,1.28162
40451.42000,1.28823
40451.43000,1.28742
40451.44000,1.28093
40451.45000,1.27213
40451.46000,1.26187
40451.47000,1.25058
40451.48000,1.20113
40451.49000,1.19921
40451.50000,1.19729
40451.51000,1.19538
40451.52000,1.19346
40451.53000,1.19154
40451.54000,1.1824
40451.55000,1.17365
40451.56000,1.16526
40451.57000,1.10657
40451.58000,1.10618
40451.59000,1.1058
40451.60000,1.10541
40451.61000,1.10503
40451.62000,1.10464
40451.63000,1.10426
40451.64000,1.10387
40451.65000,1.10348
40451.66000,1.1031
40451.67000,1.10271
40451.68000,1.10233
40451.69000,1.10194
40451.70000,1.0976
40451.71000,1.09354
40451.72000,1.08979
40451.73000,1.08638
40451.74000,1.08394
40451.75000,1.08298
40451.76000,1.08395
40451.77000,1.08712
40451.78000,1.09383
40451.79000,1.10462
40451.80000,1.11947
40451.81000,1.13802
40451.82000,1.16224
40451.83000,1.19261
40451.84000,1.22816
40451.85000,1.26744
40451.86000,1.30146
40451.87000,1.32427
40451.88000,1.33652
40451.89000,1.33954
40451.90000,1.3371
40451.91000,1.33369
40451.92000,1.33029
40451.93000,1.32728
40451.94000,1.32403
40451.95000,1.31823
40451.96000,1.30969
40451.97000,1.29852
40451.98000,1.28511
40451.99000,1.27137
40452.00000,1.2577
40452.01000,1.24425
40452.02000,1.23109
40452.03000,1.14678
40452.04000,1.14621
40452.05000,1.14564
40452.06000,1.14508
40452.07000,1.14451
40452.08000,1.14394
40452.09000,1.14337
40452.10000,1.14281
40452.11000,1.14224
40452.12000,1.14167
40452.13000,1.1411
40452.14000,1.14054
40452.15000,1.13997
40452.16000,1.13374
40452.17000,1.12814
40452.18000,1.12321
40452.19000,1.11889
40452.20000,1.11483
40452.21000,1.11087
40452.22000,1.1069
40452.23000,1.07544
40452.24000,1.07255
40452.25000,1.06966
40452.26000,1.06676
40452.27000,1.06387
40452.28000,1.06097
40452.29000,1.05808
40452.30000,1.05518
40452.31000,1.05229
40452.32000,1.04939
40452.33000,1.0465
40452.34000,1.04448
40452.35000,1.04246
40452.36000,1.04044
40452.37000,1.03842
40452.38000,1.0364
40452.39000,1.03438
40452.40000,1.03236
40452.41000,1.03034
40452.42000,1.02832
40452.43000,1.02631
40452.44000,1.02429
40452.45000,1.02227
40452.46000,1.02025
40452.47000,1.01875
40452.48000,1.01753
40452.49000,1.0163
40452.50000,1.01507
40452.51000,1.01384
40452.52000,1.01261
40452.53000,1.01138
40452.54000,1.01015
40452.55000,1.00892
40452.56000,1.0077
40452.57000,1.00647
40452.58000,1.00524
40452.59000,1.00401
40452.60000,1.00278
40452.61000,1.00155
40452.62000,1.00032
40452.63000,0.999093
40452.64000,0.997865
40452.65000,0.997127
40452.66000,0.99645
40452.67000,0.995774
40452.68000,0.995098
40452.69000,0.994421
40452.70000,0.993745
40452.71000,0.993068
40452.72000,0.992392
40452.73000,0.991715
40452.74000,0.991039
40452.75000,0.990363
40452.76000,0.989686
40452.77000,0.98901
40452.78000,0.988333
40452.79000,0.987657
40452.80000,0.986981
40452.81000,0.986304
40452.82000,0.985628
40452.83000,0.984951
40452.84000,0.984275
40452.85000,0.983598
40452.86000,0.982922
40452.87000,0.982246
40452.88000,0.981612
40452.89000,0.981169
40452.90000,0.980726
40452.91000,0.980283
40452.92000,0.97984
40452.93000,0.979397
40452.94000,0.978954
40452.95000,0.978511
40452.96000,0.978068
40452.97000,0.977625
40452.98000,0.977182
40452.99000,0.976739
40453.00000,0.976296
40453.01000,0.975853
40453.02000,0.97541
40453.03000,0.974966
40453.04000,0.974523
40453.05000,0.97408
40453.06000,0.973637
40453.07000,0.973194
40453.08000,0.972751
40453.09000,0.972308
40453.10000,0.971865
40453.11000,0.971422
40453.12000,0.970979
40453.13000,0.970536
40453.14000,0.970093
40453.15000,0.96965
40453.16000,0.969207
40453.17000,0.968764
40453.18000,0.968321
40453.19000,0.967878
40453.20000,0.967441
40453.21000,0.967009
40453.22000,0.966577
40453.23000,0.966146
40453.24000,0.965714
40453.25000,0.965282
40453.26000,0.96485
40453.27000,0.964418
40453.28000,0.963987
40453.29000,0.963555
40453.30000,0.963123
40453.31000,0.962691
40453.32000,0.962259
40453.33000,0.961828
40453.34000,0.961396
40453.35000,0.960964
40453.36000,0.960532
40453.37000,0.960101
40453.38000,0.959669
40453.39000,0.959237
40453.40000,0.958805
40453.41000,0.958373
40453.42000,0.957942
40453.43000,0.95751
40453.44000,0.957078
40453.45000,0.956646
40453.46000,0.956214
40453.47000,0.955783
40453.48000,0.955351
40453.49000,0.954919
40453.50000,0.954487
40453.51000,0.954055
40453.52000,0.953624
40453.53000,0.953192
40453.54000,0.95276
40453.55000,0.952328
40453.56000,0.951896
40453.57000,0.951465
40453.58000,0.951033
40453.59000,0.950601
40453.60000,0.950169
40453.61000,0.949737
40453.62000,0.949431
40453.63000,0.949284
40453.64000,0.949137
40453.65000,0.94899
40453.66000,0.948843
40453.67000,0.948696
40453.68000,0.948549
40453.69000,0.948402
40453.70000,0.948255
40453.71000,0.948108
40453.72000,0.947961
40453.73000,0.947814
40453.74000,0.947667
40453.75000,0.94752
40453.76000,0.947373
40453.77000,0.947226
40453.78000,0.947079
40453.79000,0.946932
40453.80000,0.946785
40453.81000,0.946638
40453.82000,0.946491
40453.83000,0.946344
40453.84000,0.946197
40453.85000,0.94605
40453.86000,0.945904
40453.87000,0.945757
40453.88000,0.94561
40453.89000,0.945463
40453.90000,0.945316
40453.91000,0.945169
40453.92000,0.945022
40453.93000,0.944875
40453.94000,0.944728
40453.95000,0.944581
40453.96000,0.944434
40453.97000,0.944287
40453.98000,0.94414
40453.99000,0.943993
40454.00000,0.943846
40454.01000,0.943699
40454.02000,0.943552
40454.03000,0.943405
40454.04000,0.943258
40454.05000,0.943111
40454.06000,0.942964
40454.07000,0.942817
40454.08000,0.94267
40454.09000,0.942523
40454.10000,0.942376
40454.11000,0.942229
40454.12000,0.942126
40454.13000,0.94208
40454.14000,0.942033
40454.15000,0.941987
40454.16000,0.94194
40454.17000,0.941894
40454.18000,0.941847
40454.19000,0.9418
40454.20000,0.941754
40454.21000,0.941707
40454.22000,0.941661
40454.23000,0.941614
40454.24000,0.941568
40454.25000,0.941521
40454.26000,0.941475
40454.27000,0.941428
40454.28000,0.941382
40454.29000,0.941335
40454.30000,0.941289
40454.31000,0.941242
40454.32000,0.941196
40454.33000,0.941149
40454.34000,0.941103
40454.35000,0.941056
40454.36000,0.94101
40454.37000,0.940963
40454.38000,0.940917
40454.39000,0.94087
40454.40000,0.940824
40454.41000,0.940777
40454.42000,0.94073
40454.43000,0.940684
40454.44000,0.940637
40454.45000,0.940591
40454.46000,0.940544
40454.47000,0.940498
40454.48000,0.940451
40454.49000,0.940405
40454.50000,0.940358
40454.51000,0.940312
40454.52000,0.940265
40454.53000,0.940219
40454.54000,0.940172
40454.55000,0.940126
40454.56000,0.940079
40454.57000,0.940033
40454.58000,0.939986
40454.59000,0.93994
40454.60000,0.939893
40454.61000,0.939847
40454.62000,0.939811
40454.63000,0.939789
40454.64000,0.939767
40454.65000,0.939745
40454.66000,0.939722
40454.67000,0.9397
40454.68000,0.939678
40454.69000,0.939656
40454.70000,0.939781
40454.71000,0.940525
40454.72000,0.94227
40454.73000,0.945309
40454.74000,0.949325
40454.75000,0.954138
40454.76000,0.959582
40454.77000,0.965507
40454.78000,0.971906
40454.79000,0.978737
40454.80000,0.985954
40454.81000,0.993513
40454.82000,1.00048
40454.83000,1.00625
40454.84000,1.01061
40454.85000,1.01348
40454.86000,1.01581
40454.87000,1.01858
40454.88000,1.02228
40454.89000,1.02726
40454.90000,1.03305
40454.91000,1.03851
40454.92000,1.0432
40454.93000,1.0469
40454.94000,1.04963
40454.95000,1.05176
40454.96000,1.05341
40454.97000,1.05466
40454.98000,1.0556
40454.99000,1.05651
40455.00000,1.05754
40455.01000,1.05874
40455.02000,1.06019
40455.03000,1.06166
40455.04000,1.06304
40455.05000,1.06427
40455.06000,1.06533
40455.07000,1.06598
40455.08000,1.06609
40455.09000,1.0656
40455.10000,1.06451
40455.11000,1.06327
40455.12000,1.06237
40455.13000,1.06204
40455.14000,1.06253
40455.15000,1.06363
40455.16000,1.0648
40455.17000,1.0658
40455.18000,1.06649
40455.19000,1.06683
40455.20000,1.06701
40455.21000,1.06708
40455.22000,1.06706
40455.23000,1.06647
40455.24000,1.06647
40455.25000,1.06647
40455.26000,1.06648
40455.27000,1.06648
40455.28000,1.06648
40455.29000,1.0667
40455.30000,1.0672
40455.31000,1.06799
40455.32000,1.06912
40455.33000,1.07057
40455.34000,1.07236
40455.35000,1.07447
40455.36000,1.07649
40455.37000,1.07796
40455.38000,1.07873
40455.39000,1.07871
40455.40000,1.07799
40455.41000,1.07677
40455.42000,1.07513
40455.43000,1.07312
40455.44000,1.05109
40455.45000,1.04885
40455.46000,1.0466
40455.47000,1.04436
40455.48000,1.04212
40455.49000,1.03988
40455.50000,1.03763
40455.51000,1.03539
40455.52000,1.03315
40455.53000,1.03091
40455.54000,1.02866
40455.55000,1.02722
40455.56000,1.02577
40455.57000,1.02432
40455.58000,1.02287
40455.59000,1.02142
40455.60000,1.01998
40455.61000,1.01853
40455.62000,1.01708
40455.63000,1.01563
40455.64000,1.01419
40455.65000,1.01274
40455.66000,1.01129
40455.67000,1.00984
40455.68000,1.00875
40455.69000,1.00784
40455.70000,1.00693
40455.71000,1.00601
40455.72000,1.0051
40455.73000,1.00419
40455.74000,1.00327
40455.75000,1.00236
40455.76000,1.00145
40455.77000,1.00053
40455.78000,0.999621
40455.79000,0.998708
40455.80000,0.997795
40455.81000,0.996882
40455.82000,0.995969
40455.83000,0.995056
40455.84000,0.994143
40455.85000,0.99323
40455.86000,0.992582
40455.87000,0.991968
40455.88000,0.991353
40455.89000,0.990738
40455.90000,0.990124
40455.91000,0.989509
40455.92000,0.988894
40455.93000,0.98828
40455.94000,0.987665
40455.95000,0.98705
40455.96000,0.986436
40455.97000,0.985821
40455.98000,0.985206
40455.99000,0.984592
40456.00000,0.983977
40456.01000,0.983362
40456.02000,0.982748
40456.03000,0.982133
40456.04000,0.981518
40456.05000,0.980904
40456.06000,0.980289
40456.07000,0.979674
40456.08000,0.97906
40456.09000,0.978446
40456.10000,0.977839
40456.11000,0.977232
40456.12000,0.976624
40456.13000,0.976017
40456.14000,0.97541
40456.15000,0.974802
40456.16000,0.974195
40456.17000,0.973588
40456.18000,0.97298
40456.19000,0.972373
40456.20000,0.971766
40456.21000,0.971158
40456.22000,0.970551
40456.23000,0.969944
40456.24000,0.969336
40456.25000,0.968729
40456.26000,0.968122
40456.27000,0.967514
40456.28000,0.966907
40456.29000,0.9663
40456.30000,0.965693
40456.31000,0.965085
40456.32000,0.964478
40456.33000,0.963871
40456.34000,0.963263
40456.35000,0.962656
40456.36000,0.962049
40456.37000,0.961441
40456.38000,0.960834
40456.39000,0.960227
40456.40000,0.959619
40456.41000,0.959252
40456.42000,0.959058
40456.43000,0.958864
40456.44000,0.95867
40456.45000,0.958476
40456.46000,0.958282
40456.47000,0.958088
40456.48000,0.957894
40456.49000,0.957701
40456.50000,0.957507
40456.51000,0.957313
40456.52000,0.957119
40456.53000,0.956925
40456.54000,0.956731
40456.55000,0.956537
40456.56000,0.956343
40456.57000,0.956149
40456.58000,0.955955
40456.59000,0.955761
40456.60000,0.955568
40456.61000,0.955374
40456.62000,0.95518
40456.63000,0.954986
40456.64000,0.954792
40456.65000,0.954598
40456.66000,0.954404
40456.67000,0.95421
40456.68000,0.954016
40456.69000,0.953822
40456.70000,0.953628
40456.71000,0.953434
40456.72000,0.953241
40456.73000,0.953047
40456.74000,0.952853
40456.75000,0.952659
40456.76000,0.952465
40456.77000,0.952271
40456.78000,0.952077
40456.79000,0.951883
40456.80000,0.951689
40456.81000,0.951495
40456.82000,0.951301
40456.83000,0.951123
40456.84000,0.950966
40456.85000,0.950808
40456.86000,0.95065
40456.87000,0.950492
40456.88000,0.950335
40456.89000,0.950177
40456.90000,0.950019
40456.91000,0.949861
40456.92000,0.949704
40456.93000,0.949546
40456.94000,0.949388
40456.95000,0.94923
40456.96000,0.949073
40456.97000,0.948915
40456.98000,0.948757
40456.99000,0.948599
40457.00000,0.948442
40457.01000,0.948284
40457.02000,0.948126
40457.03000,0.947968
40457.04000,0.947811
40457.05000,0.947653
40457.06000,0.947495
40457.07000,0.947337
40457.08000,0.94718
40457.09000,0.947022
40457.10000,0.946864
40457.11000,0.946706
40457.12000,0.946549
40457.13000,0.946391
40457.14000,0.946233
40457.15000,0.946075
40457.16000,0.945918
40457.17000,0.94576
40457.18000,0.945602
40457.19000,0.945444
40457.20000,0.945287
40457.21000,0.945129
40457.22000,0.944971
40457.23000,0.944813
40457.24000,0.944656
40457.25000,0.944513
40457.26000,0.944408
40457.27000,0.944302
40457.28000,0.944196
40457.29000,0.94409
40457.30000,0.943985
40457.31000,0.943879
40457.32000,0.943773
40457.33000,0.943667
40457.34000,0.943561
40457.35000,0.943456
40457.36000,0.94335
40457.37000,0.943244
40457.38000,0.943138
40457.39000,0.943032
40457.40000,0.942927
40457.41000,0.942821
40457.42000,0.942715
40457.43000,0.942609
40457.44000,0.942503
40457.45000,0.942398
40457.46000,0.942292
40457.47000,0.942186
40457.48000,0.94208
40457.49000,0.941974
40457.50000,0.941869
40457.51000,0.941763
40457.52000,0.941657
40457.53000,0.941551
40457.54000,0.941446
40457.55000,0.94134
40457.56000,0.941234
40457.57000,0.941128
40457.58000,0.941022
40457.59000,0.940917
40457.60000,0.940811
40457.61000,0.940705
40457.62000,0.940599
40457.63000,0.940493
40457.64000,0.940388
40457.65000,0.940282
40457.66000,0.940176
40457.67000,0.940086
40457.68000,0.940081
40457.69000,0.940077
40457.70000,0.940072
40457.71000,0.940067
40457.72000,0.940062
40457.73000,0.940057
40457.74000,0.940052
40457.75000,0.940047
40457.76000,0.940042
40457.77000,0.940037
40457.78000,0.940032
40457.79000,0.940027
40457.80000,0.940022
40457.81000,0.940017
40457.82000,0.940012
40457.83000,0.940007
40457.84000,0.940002
40457.85000,0.939997
40457.86000,0.939992
40457.87000,0.94004
40457.88000,0.940362
40457.89000,0.941118
40457.90000,0.942259
40457.91000,0.943483
40457.92000,0.94461
40457.93000,0.945508
40457.94000,0.946161
40457.95000,0.946066
40457.96000,0.945972
40457.97000,0.945878
40457.98000,0.945784
40457.99000,0.94569
40458.00000,0.945596
40458.01000,0.945501
40458.02000,0.945407
40458.03000,0.945313
40458.04000,0.945219
40458.05000,0.945066
40458.06000,0.944913
40458.07000,0.94476
40458.08000,0.944607
40458.09000,0.944454
40458.10000,0.944302
40458.11000,0.944149
40458.12000,0.943996
40458.13000,0.943843
40458.14000,0.94369
40458.15000,0.943537
40458.16000,0.943384
40458.17000,0.943231
40458.18000,0.942963
40458.19000,0.942638
40458.20000,0.942312
40458.21000,0.941987
40458.22000,0.941661
40458.23000,0.941336
40458.24000,0.94101
40458.25000,0.940685
40458.26000,0.940359
40458.27000,0.940034
40458.28000,0.939708
40458.29000,0.939383
40458.30000,0.939057
40458.31000,0.938732
40458.32000,0.938406
40458.33000,0.938081
40458.34000,0.937755
40458.35000,0.93743
40458.36000,0.937033
40458.37000,0.936627
40458.38000,0.936222
40458.39000,0.935816
40458.40000,0.93541
40458.41000,0.935004
40458.42000,0.934599
40458.43000,0.934193
40458.44000,0.933787
40458.45000,0.933381
40458.46000,0.932976
40458.47000,0.93257
40458.48000,0.932164
40458.49000,0.931758
40458.50000,0.931353
40458.51000,0.930947
40458.52000,0.930541
40458.53000,0.930135
40458.54000,0.92973
40458.55000,0.929324
40458.56000,0.928918
40458.57000,0.928512
40458.58000,0.928107
40458.59000,0.927751
40458.60000,0.927618
40458.61000,0.927485
40458.62000,0.927352
40458.63000,0.927219
40458.64000,0.927086
40458.65000,0.926953
40458.66000,0.926819
40458.67000,0.926686
40458.68000,0.926553
40458.69000,0.92642
40458.70000,0.926287
40458.71000,0.926154
40458.72000,0.926021
40458.73000,0.925888
40458.74000,0.925754
40458.75000,0.925621
40458.76000,0.925488
40458.77000,0.925355
40458.78000,0.925222
40458.79000,0.925089
40458.80000,0.924956
40458.81000,0.924822
40458.82000,0.924689
40458.83000,0.924556
40458.84000,0.924423
40458.85000,0.92429
40458.86000,0.924157
40458.87000,0.924024
40458.88000,0.923891
40458.89000,0.923757
40458.90000,0.923624
40458.91000,0.923438
40458.92000,0.923213
40458.93000,0.922988
40458.94000,0.922763
40458.95000,0.922538
40458.96000,0.922313
40458.97000,0.922087
40458.98000,0.921862
40458.99000,0.921637
40459.00000,0.921412
40459.01000,0.921187
40459.02000,0.920962
40459.03000,0.920737
40459.04000,0.920512
40459.05000,0.920287
40459.06000,0.920062
40459.07000,0.919837
40459.08000,0.919612
40459.09000,0.919387
40459.10000,0.919162
40459.11000,0.918937
40459.12000,0.918712
40459.13000,0.918487
40459.14000,0.918262
40459.15000,0.918037
40459.16000,0.917812
40459.17000,0.917586
40459.18000,0.917361
40459.19000,0.917136
40459.20000,0.916911
40459.21000,0.916686
40459.22000,0.916461
40459.23000,0.916236
40459.24000,0.916011
40459.25000,0.915786
40459.26000,0.915561
40459.27000,0.915336
40459.28000,0.915111
40459.29000,0.914886
40459.30000,0.914661
40459.31000,0.914436
40459.32000,0.914211
40459.33000,0.914041
40459.34000,0.913942
40459.35000,0.913843
40459.36000,0.913744
40459.37000,0.913645
40459.38000,0.913546
40459.39000,0.913447
40459.40000,0.913348
40459.41000,0.913249
40459.42000,0.91315
40459.43000,0.913051
40459.44000,0.912952
40459.45000,0.912853
40459.46000,0.912754
40459.47000,0.912654
40459.48000,0.912555
40459.49000,0.912456
40459.50000,0.912357
40459.51000,0.912258
40459.52000,0.912159
40459.53000,0.91206
40459.54000,0.911961
40459.55000,0.911862
40459.56000,0.911763
40459.57000,0.911664
40459.58000,0.911565
40459.59000,0.911466
40459.60000,0.911367
40459.61000,0.911268
40459.62000,0.911169
40459.63000,0.91107
40459.64000,0.910971
40459.65000,0.910872
40459.66000,0.910773
40459.67000,0.910674
40459.68000,0.910574
40459.69000,0.910475
40459.70000,0.910376
40459.71000,0.910277
40459.72000,0.910178
40459.73000,0.910079
40459.74000,0.90998
40459.75000,0.909881
40459.76000,0.909782
40459.77000,0.909683
40459.78000,0.909584
40459.79000,0.909485
40459.80000,0.909386
40459.81000,0.909287
40459.82000,0.909188
40459.83000,0.90905
40459.84000,0.908863
40459.85000,0.908677
40459.86000,0.90849
40459.87000,0.908303
40459.88000,0.908116
40459.89000,0.907929
40459.90000,0.907743
40459.91000,0.907556
40459.92000,0.907369
40459.93000,0.907182
40459.94000,0.906995
40459.95000,0.906809
40459.96000,0.906622
40459.97000,0.906435
40459.98000,0.906248
40459.99000,0.906061
40460.00000,0.905875
40460.01000,0.905688
40460.02000,0.905501
40460.03000,0.905314
40460.04000,0.905127
40460.05000,0.904941
40460.06000,0.904754
40460.07000,0.904567
40460.08000,0.90438
40460.09000,0.904193
40460.10000,0.904007
40460.11000,0.90382
40460.12000,0.903633
40460.13000,0.903446
40460.14000,0.903259
40460.15000,0.903073
40460.16000,0.902886
40460.17000,0.902699
40460.18000,0.902512
40460.19000,0.902325
40460.20000,0.902139
40460.21000,0.901952
40460.22000,0.901765
40460.23000,0.901578
40460.24000,0.901391
40460.25000,0.901205
40460.26000,0.901018
40460.27000,0.900831
40460.28000,0.900644
40460.29000,0.900458
40460.30000,0.900271
40460.31000,0.900084
40460.32000,0.899897
40460.33000,0.899749
40460.34000,0.899649
40460.35000,0.899549
40460.36000,0.899449
40460.37000,0.89935
40460.38000,0.89925
40460.39000,0.89915
40460.40000,0.89905
40460.41000,0.898951
40460.42000,0.898851
40460.43000,0.898751
40460.44000,0.898651
40460.45000,0.898551
40460.46000,0.898452
40460.47000,0.898352
40460.48000,0.898252
40460.49000,0.898152
40460.50000,0.898053
40460.51000,0.897953
40460.52000,0.897853
40460.53000,0.897753
40460.54000,0.897654
40460.55000,0.897554
40460.56000,0.897454
40460.57000,0.897354
40460.58000,0.897255
40460.59000,0.897155
40460.60000,0.897055
40460.61000,0.896955
40460.62000,0.896856
40460.63000,0.896756
40460.64000,0.896656
40460.65000,0.896556
40460.66000,0.896456
40460.67000,0.896357
40460.68000,0.896257
40460.69000,0.896157
40460.70000,0.896057
40460.71000,0.895958
40460.72000,0.895858
40460.73000,0.895758
40460.74000,0.895658
40460.75000,0.895559
40460.76000,0.895459
40460.77000,0.895359
40460.78000,0.895259
40460.79000,0.89516
40460.80000,0.89506
40460.81000,0.89496
40460.82000,0.89486
40460.83000,0.894722
40460.84000,0.894536
40460.85000,0.89435
40460.86000,0.894164
40460.87000,0.893978
40460.88000,0.893791
40460.89000,0.893605
40460.90000,0.893419
40460.91000,0.893233
40460.92000,0.893047
40460.93000,0.892861
40460.94000,0.892674
40460.95000,0.892488
40460.96000,0.892302
40460.97000,0.892116
40460.98000,0.89193
40460.99000,0.891743
40461.00000,0.891557
40461.01000,0.891371
40461.02000,0.891185
40461.03000,0.890999
40461.04000,0.890812
40461.05000,0.890626
40461.06000,0.89044
40461.07000,0.890254
40461.08000,0.890068
40461.09000,0.889881
40461.10000,0.889695
40461.11000,0.889509
40461.12000,0.889323
40461.13000,0.889137
40461.14000,0.888951
40461.15000,0.888764
40461.16000,0.888578
40461.17000,0.888392
40461.18000,0.888206
40461.19000,0.88802
40461.20000,0.887833
40461.21000,0.887647
40461.22000,0.887461
40461.23000,0.887275
40461.24000,0.887089
40461.25000,0.886902
40461.26000,0.886716
40461.27000,0.88653
40461.28000,0.886344
40461.29000,0.886158
40461.30000,0.885971
40461.31000,0.885785
40461.32000,0.885599
40461.33000,0.885451
40461.34000,0.88535
40461.35000,0.88525
40461.36000,0.88515
40461.37000,0.88505
40461.38000,0.884949
40461.39000,0.884849
40461.40000,0.884749
40461.41000,0.884648
40461.42000,0.884548
40461.43000,0.884448
40461.44000,0.884348
40461.45000,0.884247
40461.46000,0.884147
40461.47000,0.884047
40461.48000,0.883946
40461.49000,0.883846
40461.50000,0.883746
40461.51000,0.883646
40461.52000,0.883545
40461.53000,0.883445
40461.54000,0.883345
40461.55000,0.883244
40461.56000,0.883144
40461.57000,0.883044
40461.58000,0.882944
40461.59000,0.882843
40461.60000,0.882743
40461.61000,0.882643
40461.62000,0.882542
40461.63000,0.882442
40461.64000,0.882342
40461.65000,0.882242
40461.66000,0.882141
40461.67000,0.882041
40461.68000,0.881941
40461.69000,0.88184
40461.70000,0.88174
40461.71000,0.88164
40461.72000,0.88154
40461.73000,0.881439
40461.74000,0.881339
40461.75000,0.881239
40461.76000,0.881138
40461.77000,0.881038
40461.78000,0.880938
40461.79000,0.880838
40461.80000,0.880737
40461.81000,0.880637
40461.82000,0.880537
40461.83000,0.880399
40461.84000,0.880215
40461.85000,0.880031
40461.86000,0.879846
40461.87000,0.879662
40461.88000,0.879478
40461.89000,0.879294
40461.90000,0.879109
40461.91000,0.878925
40461.92000,0.878741
40461.93000,0.878556
40461.94000,0.878372
40461.95000,0.878188
40461.96000,0.878003
40461.97000,0.877819
40461.98000,0.877635
40461.99000,0.87745
40462.00000,0.877266
40462.01000,0.877082
40462.02000,0.876897
40462.03000,0.876713
40462.04000,0.876529
40462.05000,0.876344
40462.06000,0.87616
40462.07000,0.875976
40462.08000,0.875791
40462.09000,0.875607
40462.10000,0.875423
40462.11000,0.875238
40462.12000,0.875054
40462.13000,0.87487
40462.14000,0.874685
40462.15000,0.874501
40462.16000,0.874317
40462.17000,0.874132
40462.18000,0.873948
40462.19000,0.873764
40462.20000,0.873579
40462.21000,0.873395
40462.22000,0.873211
40462.23000,0.873026
40462.24000,0.872842
40462.25000,0.872658
40462.26000,0.872473
40462.27000,0.872289
40462.28000,0.872105
40462.29000,0.87192
40462.30000,0.871736
40462.31000,0.871552
40462.32000,0.871367
40462.33000,0.87122
40462.34000,0.871119
40462.35000,0.871019
40462.36000,0.870918
40462.37000,0.870818
40462.38000,0.870717
40462.39000,0.870616
40462.40000,0.870516
40462.41000,0.870415
40462.42000,0.870315
40462.43000,0.870214
40462.44000,0.870113
40462.45000,0.870013
40462.46000,0.869912
40462.47000,0.869812
40462.48000,0.869711
40462.49000,0.86961
40462.50000,0.86951
40462.51000,0.869409
40462.52000,0.869309
40462.53000,0.869208
40462.54000,0.869107
40462.55000,0.869007
40462.56000,0.868906
40462.57000,0.868806
40462.58000,0.868705
40462.59000,0.868604
40462.60000,0.868504
40462.61000,0.868403
40462.62000,0.868303
40462.63000,0.868202
40462.64000,0.868101
40462.65000,0.868001
40462.66000,0.8679
40462.67000,0.8678
40462.68000,0.867699
40462.69000,0.867598
40462.70000,0.867498
40462.71000,0.867397
40462.72000,0.867297
40462.73000,0.867196
40462.74000,0.867095
40462.75000,0.866995
40462.76000,0.866894
40462.77000,0.866794
40462.78000,0.866693
40462.79000,0.866592
40462.80000,0.866492
40462.81000,0.866391
40462.82000,0.866291
40462.83000,0.866154
40462.84000,0.86597
40462.85000,0.865787
40462.86000,0.865604
40462.87000,0.86542
40462.88000,0.865237
40462.89000,0.865054
40462.90000,0.86487
40462.91000,0.864687
40462.92000,0.864504
40462.93000,0.864321
40462.94000,0.864137
40462.95000,0.863954
40462.96000,0.863771
40462.97000,0.863587
40462.98000,0.863404
40462.99000,0.863221
40463.00000,0.863037
40463.01000,0.862854
40463.02000,0.862671
40463.03000,0.862487
40463.04000,0.862304
40463.05000,0.862121
40463.06000,0.861938
40463.07000,0.861754
40463.08000,0.861571
40463.09000,0.861388
40463.10000,0.861204
40463.11000,0.861021
40463.12000,0.860838
40463.13000,0.860654
40463.14000,0.860471
40463.15000,0.860288
40463.16000,0.860104
40463.17000,0.859921
40463.18000,0.859738
40463.19000,0.859555
40463.20000,0.859371
40463.21000,0.859188
40463.22000,0.859005
40463.23000,0.858821
40463.24000,0.858638
40463.25000,0.858455
40463.26000,0.858271
40463.27000,0.858088
40463.28000,0.857905
40463.29000,0.857721
40463.30000,0.857538
40463.31000,0.857355
40463.32000,0.857172
40463.33000,0.857024
40463.34000,0.856923
40463.35000,0.856822
40463.36000,0.856721
40463.37000,0.85662
40463.38000,0.856519
40463.39000,0.856418
40463.40000,0.856317
40463.41000,0.856216
40463.42000,0.856114
40463.43000,0.856013
40463.44000,0.855912
40463.45000,0.855811
40463.46000,0.85571
40463.47000,0.855609
40463.48000,0.855508
40463.49000,0.855407
40463.50000,0.855306
40463.51000,0.855205
40463.52000,0.855103
40463.53000,0.855002
40463.54000,0.854901
40463.55000,0.8548
40463.56000,0.854699
40463.57000,0.854598
40463.58000,0.854497
40463.59000,0.854396
40463.60000,0.854295
40463.61000,0.854193
40463.62000,0.854092
40463.63000,0.853991
40463.64000,0.85389
40463.65000,0.853789
40463.66000,0.853688
40463.67000,0.853587
40463.68000,0.853486
40463.69000,0.853385
40463.70000,0.853284
40463.71000,0.853182
40463.72000,0.853081
40463.73000,0.85298
40463.74000,0.852879
40463.75000,0.852778
40463.76000,0.852677
40463.77000,0.852576
40463.78000,0.852475
40463.79000,0.852374
40463.80000,0.852273
40463.81000,0.852171
40463.82000,0.85207
40463.83000,0.851932
40463.84000,0.851747
40463.85000,0.851562
40463.86000,0.851376
40463.87000,0.851191
40463.88000,0.851006
40463.89000,0.85082
40463.90000,0.850635
40463.91000,0.85045
40463.92000,0.850265
40463.93000,0.850079
40463.94000,0.849894
40463.95000,0.849709
40463.96000,0.849523
40463.97000,0.849338
40463.98000,0.849153
40463.99000,0.848967
40464.00000,0.848782
40464.01000,0.848597
40464.02000,0.848412
40464.03000,0.848226
40464.04000,0.848041
40464.05000,0.847856
40464.06000,0.84767
40464.07000,0.847485
40464.08000,0.8473
40464.09000,0.847115
40464.10000,0.846929
40464.11000,0.846744
40464.12000,0.846559
40464.13000,0.846373
40464.14000,0.846188
40464.15000,0.846003
40464.16000,0.845818
40464.17000,0.845632
40464.18000,0.845447
40464.19000,0.845262
40464.20000,0.845076
40464.21000,0.844891
40464.22000,0.844706
40464.23000,0.844521
40464.24000,0.844335
40464.25000,0.84415
40464.26000,0.843965
40464.27000,0.843779
40464.28000,0.843594
40464.29000,0.843409
40464.30000,0.843224
40464.31000,0.843038
40464.32000,0.842853
40464.33000,0.842713
40464.34000,0.842631
40464.35000,0.842549
40464.36000,0.842467
40464.37000,0.842386
40464.38000,0.842304
40464.39000,0.842222
40464.40000,0.84214
40464.41000,0.842058
40464.42000,0.841976
40464.43000,0.841894
40464.44000,0.841812
40464.45000,0.84173
40464.46000,0.841648
40464.47000,0.841566
40464.48000,0.841485
40464.49000,0.841403
40464.50000,0.841321
40464.51000,0.841239
40464.52000,0.841157
40464.53000,0.841075
40464.54000,0.840993
40464.55000,0.840911
40464.56000,0.840829
40464.57000,0.840747
40464.58000,0.840665
40464.59000,0.840584
40464.60000,0.840502
40464.61000,0.84042
40464.62000,0.840338
40464.63000,0.840256
40464.64000,0.840174
40464.65000,0.840092
40464.66000,0.84001
40464.67000,0.839928
40464.68000,0.839846
40464.69000,0.839764
40464.70000,0.839683
40464.71000,0.839601
40464.72000,0.839519
40464.73000,0.839437
40464.74000,0.839355
40464.75000,0.839273
40464.76000,0.839191
40464.77000,0.839109
40464.78000,0.839027
40464.79000,0.838945
40464.80000,0.838864
40464.81000,0.838782
40464.82000,0.8387
40464.83000,0.838653
40464.84000,0.83865
40464.85000,0.838648
40464.86000,0.838645
40464.87000,0.838643
40464.88000,0.838641
40464.89000,0.838638
40464.90000,0.838636
40464.91000,0.838633
40464.92000,0.838631
40464.93000,0.838628
40464.94000,0.838626
40464.95000,0.838624
40464.96000,0.838621
40464.97000,0.838619
40464.98000,0.838616
40464.99000,0.838614
40465.00000,0.838611
40465.01000,0.838609
40465.02000,0.838606
40465.03000,0.838604
40465.04000,0.838602
40465.05000,0.838599
40465.06000,0.838597
40465.07000,0.838594
40465.08000,0.838592
40465.09000,0.838589
40465.10000,0.838587
40465.11000,0.838584
40465.12000,0.838582
40465.13000,0.83858
40465.14000,0.838577
40465.15000,0.838575
40465.16000,0.838572
40465.17000,0.83857
40465.18000,0.838567
40465.19000,0.838565
40465.20000,0.838563
40465.21000,0.83856
40465.22000,0.838558
40465.23000,0.838555
40465.24000,0.838512
40465.25000,0.838591
40465.26000,0.838886
40465.27000,0.83951
40465.28000,0.841729
40465.29000,0.846863
40465.30000,0.855985
40465.31000,0.869673
40465.32000,0.885814
40465.33000,0.902728
40465.34000,0.919605
40465.35000,0.935965
40465.36000,0.950861
40465.37000,0.963528
40465.38000,0.973755
40465.39000,0.981501
40465.40000,0.988782
40465.41000,0.999086
40465.42000,1.01392
40465.43000,1.03405
40465.44000,1.05853
40465.45000,1.08395
40465.46000,1.10908
40465.47000,1.13328
40465.48000,1.15588
40465.49000,1.17367
40465.50000,1.18639
40465.51000,1.19432
40465.52000,1.19785
40465.53000,1.19833
40465.54000,1.19634
40465.55000,1.19227
40465.56000,1.18639
40465.57000,1.17966
40465.58000,1.1726
40465.59000,1.16541
40465.60000,1.15823
40465.61000,1.10937
40465.62000,1.10541
40465.63000,1.10144
40465.64000,1.09748
40465.65000,1.09351
40465.66000,1.08955
40465.67000,1.08559
40465.68000,1.08162
40465.69000,1.07766
40465.70000,1.07369
40465.71000,1.06973
40465.72000,1.06733
40465.73000,1.06494
40465.74000,1.06254
40465.75000,1.06014
40465.76000,1.05775
40465.77000,1.05535
40465.78000,1.05295
40465.79000,1.05056
40465.80000,1.04816
40465.81000,1.04576
40465.82000,1.04337
40465.83000,1.04097
40465.84000,1.03857
40465.85000,1.03681
40465.86000,1.03536
40465.87000,1.03391
40465.88000,1.03246
40465.89000,1.03102
40465.90000,1.02957
40465.91000,1.02812
40465.92000,1.02667
40465.93000,1.02522
40465.94000,1.02378
40465.95000,1.02233
40465.96000,1.02088
40465.97000,1.01943
40465.98000,1.01798
40465.99000,1.01653
40466.00000,1.01509
40466.01000,1.01364
40466.02000,1.01219
40466.03000,1.01125
40466.04000,1.01037
40466.05000,1.00949
40466.06000,1.00861
40466.07000,1.00773
40466.08000,1.00685
40466.09000,1.00597
40466.10000,1.00508
40466.11000,1.0042
40466.12000,1.00332
40466.13000,1.00244
40466.14000,1.00156
40466.15000,1.00068
40466.16000,0.999804
40466.17000,0.998924
40466.18000,0.998044
40466.19000,0.997164
40466.20000,0.996284
40466.21000,0.995403
40466.22000,0.994523
40466.23000,0.993643
40466.24000,0.992763
40466.25000,0.991883
40466.26000,0.991032
40466.27000,0.990312
40466.28000,0.989592
40466.29000,0.988872
40466.30000,0.988152
40466.31000,0.987433
40466.32000,0.986713
40466.33000,0.985993
40466.34000,0.985273
40466.35000,0.984553
40466.36000,0.983833
40466.37000,0.983113
40466.38000,0.982393
40466.39000,0.981673
40466.40000,0.980953
40466.41000,0.980233
40466.42000,0.979513
40466.43000,0.978793
40466.44000,0.978073
40466.45000,0.977353
40466.46000,0.976633
40466.47000,0.975913
40466.48000,0.975193
40466.49000,0.974473
40466.50000,0.973753
40466.51000,0.973033
40466.52000,0.972313
40466.53000,0.971593
40466.54000,0.970873
40466.55000,0.970153
40466.56000,0.969433
40466.57000,0.968714
40466.58000,0.96827
40466.59000,0.968026
40466.60000,0.967781
40466.61000,0.967537
40466.62000,0.967293
40466.63000,0.967049
40466.64000,0.966805
40466.65000,0.966561
40466.66000,0.966317
40466.67000,0.966073
40466.68000,0.965829
40466.69000,0.965584
40466.70000,0.96534
40466.71000,0.965096
40466.72000,0.964852
40466.73000,0.964608
40466.74000,0.964364
40466.75000,0.96412
40466.76000,0.963876
40466.77000,0.963632
40466.78000,0.963387
40466.79000,0.963143
40466.80000,0.962899
40466.81000,0.962655
40466.82000,0.962411
40466.83000,0.962167
40466.84000,0.961923
40466.85000,0.961679
40466.86000,0.961435
40466.87000,0.96119
40466.88000,0.960946
40466.89000,0.960702
40466.90000,0.960458
40466.91000,0.960214
40466.92000,0.95997
40466.93000,0.959726
40466.94000,0.959482
40466.95000,0.959238
40466.96000,0.958993
40466.97000,0.958749
40466.98000,0.958505
40466.99000,0.958261
40467.00000,0.957968
40467.01000,0.957612
40467.02000,0.957256
40467.03000,0.956901
40467.04000,0.956545
40467.05000,0.956189
40467.06000,0.955834
40467.07000,0.955478
40467.08000,0.955122
40467.09000,0.954766
40467.10000,0.954411
40467.11000,0.954055
40467.12000,0.953699
40467.13000,0.953343
40467.14000,0.952988
40467.15000,0.952632
40467.16000,0.952276
40467.17000,0.951921
40467.18000,0.951565
40467.19000,0.951209
40467.20000,0.950853
40467.21000,0.950498
40467.22000,0.950142
40467.23000,0.949786
40467.24000,0.949431
40467.25000,0.949075
40467.26000,0.948719
40467.27000,0.948363
40467.28000,0.948008
40467.29000,0.947652
40467.30000,0.947296
40467.31000,0.946941
40467.32000,0.946585
40467.33000,0.946229
40467.34000,0.945873
40467.35000,0.945518
40467.36000,0.945162
40467.37000,0.944806
40467.38000,0.944451
40467.39000,0.944095
40467.40000,0.943739
40467.41000,0.943383
40467.42000,0.943095
40467.43000,0.942965
40467.44000,0.942835
40467.45000,0.942704
40467.46000,0.942574
40467.47000,0.942443
40467.48000,0.942313
40467.49000,0.942183
40467.50000,0.942052
40467.51000,0.941922
40467.52000,0.941791
40467.53000,0.941661
40467.54000,0.94153
40467.55000,0.9414
40467.56000,0.94127
40467.57000,0.941139
40467.58000,0.941009
40467.59000,0.940878
40467.60000,0.940748
40467.61000,0.940618
40467.62000,0.940487
40467.63000,0.940357
40467.64000,0.940226
40467.65000,0.940096
40467.66000,0.939965
40467.67000,0.939835
40467.68000,0.939705
40467.69000,0.939574
40467.70000,0.939444
40467.71000,0.939313
40467.72000,0.939183
40467.73000,0.939053
40467.74000,0.938922
40467.75000,0.938792
40467.76000,0.938661
40467.77000,0.938531
40467.78000,0.9384
40467.79000,0.93827
40467.80000,0.93814
40467.81000,0.938009
40467.82000,0.937879
40467.83000,0.937748
40467.84000,0.93762
40467.85000,0.937502
40467.86000,0.937384
40467.87000,0.937266
40467.88000,0.937148
40467.89000,0.93703
40467.90000,0.936912
40467.91000,0.936794
40467.92000,0.936676
40467.93000,0.936558
40467.94000,0.93644
40467.95000,0.936322
40467.96000,0.936204
40467.97000,0.936086
40467.98000,0.935968
40467.99000,0.93585
40468.00000,0.935732
40468.01000,0.935614
40468.02000,0.935496
40468.03000,0.935378
40468.04000,0.93526
40468.05000,0.935142
40468.06000,0.935024
40468.07000,0.934907
40468.08000,0.934789
40468.09000,0.934671
40468.10000,0.934553
40468.11000,0.934435
40468.12000,0.934317
40468.13000,0.934199
40468.14000,0.934081
40468.15000,0.933963
40468.16000,0.933845
40468.17000,0.933727
40468.18000,0.933609
40468.19000,0.933491
40468.20000,0.933373
40468.21000,0.933255
40468.22000,0.933137
40468.23000,0.933019
40468.24000,0.932901
40468.25000,0.932783
40468.26000,0.932664
40468.27000,0.932504
40468.28000,0.932344
40468.29000,0.932184
40468.30000,0.932024
40468.31000,0.931864
40468.32000,0.931703
40468.33000,0.931543
40468.34000,0.931383
40468.35000,0.931223
40468.36000,0.931063
40468.37000,0.930903
40468.38000,0.930743
40468.39000,0.930583
40468.40000,0.930423
40468.41000,0.930262
40468.42000,0.930102
40468.43000,0.929942
40468.44000,0.929782
40468.45000,0.929622
40468.46000,0.929462
40468.47000,0.929302
40468.48000,0.929142
40468.49000,0.928982
40468.50000,0.928822
40468.51000,0.928661
40468.52000,0.928501
40468.53000,0.928341
40468.54000,0.928181
40468.55000,0.928021
40468.56000,0.927861
40468.57000,0.927701
40468.58000,0.927541
40468.59000,0.927381
40468.60000,0.92722
40468.61000,0.92706
40468.62000,0.9269
40468.63000,0.92674
40468.64000,0.92658
40468.65000,0.92642
40468.66000,0.92626
40468.67000,0.9261
40468.68000,0.92594
40468.69000,0.925831
40468.70000,0.92573
40468.71000,0.925628
40468.72000,0.925527
40468.73000,0.925426
40468.74000,0.925324
40468.75000,0.925223
40468.76000,0.925122
40468.77000,0.92502
40468.78000,0.924919
40468.79000,0.924818
40468.80000,0.924716
40468.81000,0.924615
40468.82000,0.924513
40468.83000,0.924412
40468.84000,0.924311
40468.85000,0.924209
40468.86000,0.924108
40468.87000,0.924007
40468.88000,0.923905
40468.89000,0.923804
40468.90000,0.923703
40468.91000,0.923601
40468.92000,0.9235
40468.93000,0.923398
40468.94000,0.923297
40468.95000,0.923196
40468.96000,0.923094
40468.97000,0.922993
40468.98000,0.922892
40468.99000,0.92279
40469.00000,0.922689
40469.01000,0.922588
40469.02000,0.922486
40469.03000,0.922385
40469.04000,0.922283
40469.05000,0.922182
40469.06000,0.922081
40469.07000,0.921979
40469.08000,0.921878
40469.09000,0.921777
40469.10000,0.921675
40469.11000,0.921434
40469.12000,0.921143
40469.13000,0.920853
40469.14000,0.920562
40469.15000,0.920272
40469.16000,0.919981
40469.17000,0.919691
40469.18000,0.9194
40469.19000,0.91911
40469.20000,0.918819
40469.21000,0.918528
40469.22000,0.918238
40469.23000,0.917947
40469.24000,0.917657
40469.25000,0.917366
40469.26000,0.917076
40469.27000,0.916785
40469.28000,0.916495
40469.29000,0.916204
40469.30000,0.915914
40469.31000,0.915623
40469.32000,0.915333
40469.33000,0.915042
40469.34000,0.914751
40469.35000,0.914461
40469.36000,0.91417
40469.37000,0.91388
40469.38000,0.913589
40469.39000,0.913299
40469.40000,0.913008
40469.41000,0.912718
40469.42000,0.912427
40469.43000,0.912137
40469.44000,0.911846
40469.45000,0.911556
40469.46000,0.911265
40469.47000,0.910974
40469.48000,0.910684
40469.49000,0.910393
40469.50000,0.910103
40469.51000,0.909812
40469.52000,0.909522
40469.53000,0.909404
40469.54000,0.909402
40469.55000,0.909399
40469.56000,0.909397
40469.57000,0.909395
40469.58000,0.909392
40469.59000,0.90939
40469.60000,0.909387
40469.61000,0.909385
40469.62000,0.909382
40469.63000,0.90938
40469.64000,0.909377
40469.65000,0.909375
40469.66000,0.909373
40469.67000,0.90937
40469.68000,0.909368
40469.69000,0.909365
40469.70000,0.909363
40469.71000,0.90936
40469.72000,0.909358
40469.73000,0.909355
40469.74000,0.909353
40469.75000,0.909351
40469.76000,0.909348
40469.77000,0.909346
40469.78000,0.909343
40469.79000,0.909341
40469.80000,0.909338
40469.81000,0.909336
40469.82000,0.909334
40469.83000,0.909331
40469.84000,0.909329
40469.85000,0.909326
40469.86000,0.909324
40469.87000,0.909321
40469.88000,0.909319
40469.89000,0.909316
40469.90000,0.909314
40469.91000,0.909251
40469.92000,0.909242
40469.93000,0.90932
40469.94000,0.9095
40469.95000,0.909718
40469.96000,0.909936
40469.97000,0.910123
40469.98000,0.909973
40469.99000,0.909895
40470.00000,0.909817
40470.01000,0.90974
40470.02000,0.909662
40470.03000,0.909584
40470.04000,0.909506
40470.05000,0.909428
40470.06000,0.90935
40470.07000,0.909272
40470.08000,0.909194
40470.09000,0.909088
40470.10000,0.908981
40470.11000,0.908875
40470.12000,0.908769
40470.13000,0.908662
40470.14000,0.908556
40470.15000,0.90845
40470.16000,0.908344
40470.17000,0.908237
40470.18000,0.908131
40470.19000,0.908025
40470.20000,0.907919
40470.21000,0.907812
40470.22000,0.907551
40470.23000,0.907212
40470.24000,0.906873
40470.25000,0.906534
40470.26000,0.906195
40470.27000,0.905857
40470.28000,0.905518
40470.29000,0.905179
40470.30000,0.90484
40470.31000,0.904501
40470.32000,0.904162
40470.33000,0.903823
40470.34000,0.903484
40470.35000,0.903145
40470.36000,0.902806
40470.37000,0.902468
40470.38000,0.902129
40470.39000,0.90179
40470.40000,0.901484
40470.41000,0.901183
40470.42000,0.900882
40470.43000,0.900581
40470.44000,0.90028
40470.45000,0.899979
40470.46000,0.899677
40470.47000,0.899376
40470.48000,0.899075
40470.49000,0.898774
40470.50000,0.898473
40470.51000,0.898172
40470.52000,0.897871
40470.53000,0.897569
40470.54000,0.897268
40470.55000,0.896967
40470.56000,0.896666
40470.57000,0.896365
40470.58000,0.896064
40470.59000,0.895762
40470.60000,0.895461
40470.61000,0.89516
40470.62000,0.894859
40470.63000,0.894589
40470.64000,0.894459
40470.65000,0.894329
40470.66000,0.894199
40470.67000,0.894069
40470.68000,0.893938
40470.69000,0.893808
40470.70000,0.893678
40470.71000,0.893548
40470.72000,0.893417
40470.73000,0.893287
40470.74000,0.893157
40470.75000,0.893027
40470.76000,0.892896
40470.77000,0.892766
40470.78000,0.892636
40470.79000,0.892506
40470.80000,0.892375
40470.81000,0.892245
40470.82000,0.892115
40470.83000,0.891985
40470.84000,0.891855
40470.85000,0.891724
40470.86000,0.891594
40470.87000,0.891464
40470.88000,0.891334
40470.89000,0.891203
40470.90000,0.891073
40470.91000,0.890943
40470.92000,0.890813
40470.93000,0.890682
40470.94000,0.890552
40470.95000,0.890461
40470.96000,0.890398
40470.97000,0.890336
40470.98000,0.890273
40470.99000,0.89021
40471.00000,0.890148
40471.01000,0.890085
40471.02000,0.890022
40471.03000,0.88996
40471.04000,0.889897
40471.05000,0.889834
40471.06000,0.889772
40471.07000,0.889709
40471.08000,0.889646
40471.09000,0.889584
40471.10000,0.889521
40471.11000,0.889458
40471.12000,0.889396
40471.13000,0.889333
40471.14000,0.88927
40471.15000,0.889207
40471.16000,0.889145
40471.17000,0.889082
40471.18000,0.889019
40471.19000,0.888957
40471.20000,0.888894
40471.21000,0.888831
40471.22000,0.888769
40471.23000,0.888706
40471.24000,0.888643
40471.25000,0.888581
40471.26000,0.888518
40471.27000,0.888455
40471.28000,0.888393
40471.29000,0.88833
40471.30000,0.888267
40471.31000,0.888204
40471.32000,0.888142
40471.33000,0.888079
40471.34000,0.888016
40471.35000,0.887954
40471.36000,0.887891
40471.37000,0.887843
40471.38000,0.887815
40471.39000,0.887787
40471.40000,0.887758
40471.41000,0.88773
40471.42000,0.887701
40471.43000,0.887673
40471.44000,0.887644
40471.45000,0.887616
40471.46000,0.887587
40471.47000,0.887559
40471.48000,0.887531
40471.49000,0.887231
40471.50000,0.886977
40471.51000,0.886805
40471.52000,0.886754
40471.53000,0.886814
40471.54000,0.886983
40471.55000,0.887255
40471.56000,0.887622
40471.57000,0.888021
40471.58000,0.888398
40471.59000,0.888715
40471.60000,0.888945
40471.61000,0.888185
40471.62000,0.88815
40471.63000,0.888116
40471.64000,0.888082
40471.65000,0.888047
40471.66000,0.888013
40471.67000,0.887979
40471.68000,0.887944
40471.69000,0.88791
40471.70000,0.887876
40471.71000,0.887842
40471.72000,0.887751
40471.73000,0.887661
40471.74000,0.887571
40471.75000,0.887481
40471.76000,0.887391
40471.77000,0.887301
40471.78000,0.88721
40471.79000,0.88712
40471.80000,0.88703
40471.81000,0.88694
40471.82000,0.88685
40471.83000,0.88676
40471.84000,0.88667
40471.85000,0.886563
40471.86000,0.886449
40471.87000,0.886335
40471.88000,0.886221
40471.89000,0.886106
40471.90000,0.885992
40471.91000,0.885878
40471.92000,0.885763
40471.93000,0.885649
40471.94000,0.885535
40471.95000,0.885421
40471.96000,0.885306
40471.97000,0.885192
40471.98000,0.885078
40471.99000,0.884963
40472.00000,0.884849
40472.01000,0.884735
40472.02000,0.884621
40472.03000,0.884497
40472.04000,0.884372
40472.05000,0.884247
40472.06000,0.884122
40472.07000,0.883997
40472.08000,0.883872
40472.09000,0.883747
40472.10000,0.883622
40472.11000,0.883497
40472.12000,0.883372
40472.13000,0.883247
40472.14000,0.883123
40472.15000,0.882998
40472.16000,0.882873
40472.17000,0.882748
40472.18000,0.882623
40472.19000,0.882498
40472.20000,0.882373
40472.21000,0.882248
40472.22000,0.882123
40472.23000,0.881998
40472.24000,0.881873
40472.25000,0.881748
40472.26000,0.881574
40472.27000,0.881183
40472.28000,0.880792
40472.29000,0.880402
40472.30000,0.880011
40472.31000,0.87962
40472.32000,0.879229
40472.33000,0.878839
40472.34000,0.878448
40472.35000,0.878057
40472.36000,0.877666
40472.37000,0.877275
40472.38000,0.876885
40472.39000,0.876494
40472.40000,0.876103
40472.41000,0.875712
40472.42000,0.875322
40472.43000,0.874931
40472.44000,0.87454
40472.45000,0.874149
40472.46000,0.873758
40472.47000,0.873368
40472.48000,0.872977
40472.49000,0.872586
40472.50000,0.872195
40472.51000,0.871805
40472.52000,0.871414
40472.53000,0.871023
40472.54000,0.870632
40472.55000,0.870242
40472.56000,0.869851
40472.57000,0.86946
40472.58000,0.869238
40472.59000,0.869139
40472.60000,0.86904
40472.61000,0.868941
40472.62000,0.868841
40472.63000,0.868742
40472.64000,0.868643
40472.65000,0.868543
40472.66000,0.868444
40472.67000,0.868345
40472.68000,0.868246
40472.69000,0.868146
40472.70000,0.868047
40472.71000,0.867948
40472.72000,0.867848
40472.73000,0.867749
40472.74000,0.86765
40472.75000,0.867551
40472.76000,0.867451
40472.77000,0.867352
40472.78000,0.867253
40472.79000,0.867154
40472.80000,0.867054
40472.81000,0.866955
40472.82000,0.866856
40472.83000,0.866756
40472.84000,0.866657
40472.85000,0.866558
40472.86000,0.866459
40472.87000,0.866359
40472.88000,0.86626
40472.89000,0.866161
40472.90000,0.866061
40472.91000,0.865962
40472.92000,0.865863
40472.93000,0.865764
40472.94000,0.865664
40472.95000,0.865565
40472.96000,0.865466
40472.97000,0.865367
40472.98000,0.865267
40472.99000,0.865168
40473.00000,0.864958
40473.01000,0.864607
40473.02000,0.864255
40473.03000,0.863904
40473.04000,0.863553
40473.05000,0.863202
40473.06000,0.862851
40473.07000,0.8625
40473.08000,0.862148
40473.09000,0.861797
40473.10000,0.861446
40473.11000,0.861095
40473.12000,0.860744
40473.13000,0.860392
40473.14000,0.860041
40473.15000,0.85969
40473.16000,0.859339
40473.17000,0.858988
40473.18000,0.858637
40473.19000,0.858285
40473.20000,0.857934
40473.21000,0.857583
40473.22000,0.857232
40473.23000,0.856881
40473.24000,0.85653
40473.25000,0.856178
40473.26000,0.855827
40473.27000,0.855476
40473.28000,0.855125
40473.29000,0.854774
40473.30000,0.854422
40473.31000,0.854071
40473.32000,0.85372
40473.33000,0.853369
40473.34000,0.853018
40473.35000,0.852667
40473.36000,0.852315
40473.37000,0.851964
40473.38000,0.851613
40473.39000,0.851262
40473.40000,0.850911
40473.41000,0.85056
40473.42000,0.850284
40473.43000,0.850183
40473.44000,0.850082
40473.45000,0.849982
40473.46000,0.849881
40473.47000,0.849781
40473.48000,0.84968
40473.49000,0.849579
40473.50000,0.849479
40473.51000,0.849378
40473.52000,0.849278
40473.53000,0.849177
40473.54000,0.849076
40473.55000,0.848976
40473.56000,0.848875
40473.57000,0.848775
40473.58000,0.848674
40473.59000,0.848574
40473.60000,0.848473
40473.61000,0.848372
40473.62000,0.848272
40473.63000,0.848171
40473.64000,0.848071
40473.65000,0.84797
40473.66000,0.847869
40473.67000,0.847769
40473.68000,0.847668
40473.69000,0.847568
40473.70000,0.847467
40473.71000,0.847366
40473.72000,0.847266
40473.73000,0.847165
40473.74000,0.847065
40473.75000,0.846964
40473.76000,0.846863
40473.77000,0.846763
40473.78000,0.846662
40473.79000,0.846562
40473.80000,0.846461
40473.81000,0.84636
40473.82000,0.84626
40473.83000,0.846159
40473.84000,0.846059
40473.85000,0.845958
40473.86000,0.845857
40473.87000,0.845757
40473.88000,0.845656
40473.89000,0.845556
40473.90000,0.845455
40473.91000,0.845355
40473.92000,0.845197
40473.93000,0.844908
40473.94000,0.844618
40473.95000,0.844329
40473.96000,0.844039
40473.97000,0.843749
40473.98000,0.84346
40473.99000,0.84317
40474.00000,0.842881
40474.01000,0.842591
40474.02000,0.842302
40474.03000,0.842012
40474.04000,0.841723
40474.05000,0.841433
40474.06000,0.841144
40474.07000,0.840854
40474.08000,0.840565
40474.09000,0.840275
40474.10000,0.839986
40474.11000,0.839696
40474.12000,0.839407
40474.13000,0.839117
40474.14000,0.838827
40474.15000,0.838538
40474.16000,0.838248
40474.17000,0.837959
40474.18000,0.837669
40474.19000,0.83738
40474.20000,0.83709
40474.21000,0.836801
40474.22000,0.836511
40474.23000,0.836222
40474.24000,0.835932
40474.25000,0.835643
40474.26000,0.835353
40474.27000,0.835064
40474.28000,0.834774
40474.29000,0.834485
40474.30000,0.834195
40474.31000,0.833905
40474.32000,0.833616
40474.33000,0.833326
40474.34000,0.833037
40474.35000,0.832747
40474.36000,0.832458
40474.37000,0.832168
40474.38000,0.831879
40474.39000,0.831589
40474.40000,0.8313
40474.41000,0.83101
40474.42000,0.830777
40474.43000,0.830676
40474.44000,0.830574
40474.45000,0.830473
40474.46000,0.830372
40474.47000,0.83027
40474.48000,0.830169
40474.49000,0.830068
40474.50000,0.829966
40474.51000,0.829865
40474.52000,0.829763
40474.53000,0.829662
40474.54000,0.829561
40474.55000,0.829459
40474.56000,0.829358
40474.57000,0.829257
40474.58000,0.829155
40474.59000,0.829054
40474.60000,0.828953
40474.61000,0.828851
40474.62000,0.82875
40474.63000,0.828648
40474.64000,0.828547
40474.65000,0.828446
40474.66000,0.828344
40474.67000,0.828243
40474.68000,0.828142
40474.69000,0.82804
40474.70000,0.827939
40474.71000,0.827838
40474.72000,0.827736
40474.73000,0.827635
40474.74000,0.827533
40474.75000,0.827432
40474.76000,0.827331
40474.77000,0.827229
40474.78000,0.827128
40474.79000,0.827027
40474.80000,0.826925
40474.81000,0.826824
40474.82000,0.826722
40474.83000,0.826621
40474.84000,0.82652
40474.85000,0.826418
40474.86000,0.826317
40474.87000,0.826216
40474.88000,0.826114
40474.89000,0.826013
40474.90000,0.825912
40474.91000,0.82581
40474.92000,0.825653
40474.93000,0.825364
40474.94000,0.825076
40474.95000,0.824788
40474.96000,0.8245
40474.97000,0.824211
40474.98000,0.823923
40474.99000,0.823635
40475.00000,0.823346
40475.01000,0.823058
40475.02000,0.82277
40475.03000,0.822482
40475.04000,0.822193
40475.05000,0.821905
40475.06000,0.821617
40475.07000,0.821329
40475.08000,0.82104
40475.09000,0.820752
40475.10000,0.820464
40475.11000,0.820175
40475.12000,0.819887
40475.13000,0.819599
40475.14000,0.819311
40475.15000,0.819022
40475.16000,0.818734
40475.17000,0.818446
40475.18000,0.818158
40475.19000,0.817869
40475.20000,0.817581
40475.21000,0.817293
40475.22000,0.817004
40475.23000,0.816716
40475.24000,0.816428
40475.25000,0.81614
40475.26000,0.815851
40475.27000,0.815563
40475.28000,0.815275
40475.29000,0.814986
40475.30000,0.814698
40475.31000,0.81441
40475.32000,0.814122
40475.33000,0.813833
40475.34000,0.813545
40475.35000,0.813257
40475.36000,0.812969
40475.37000,0.81268
40475.38000,0.812392
40475.39000,0.812104
40475.40000,0.811815
40475.41000,0.811527
40475.42000,0.811295
40475.43000,0.811193
40475.44000,0.811091
40475.45000,0.810989
40475.46000,0.810887
40475.47000,0.810785
40475.48000,0.810683
40475.49000,0.810581
40475.50000,0.810479
40475.51000,0.810377
40475.52000,0.810275
40475.53000,0.810173
40475.54000,0.810071
40475.55000,0.809969
40475.56000,0.809867
40475.57000,0.809765
40475.58000,0.809663
40475.59000,0.809561
40475.60000,0.809459
40475.61000,0.809357
40475.62000,0.809255
40475.63000,0.809153
40475.64000,0.809051
40475.65000,0.80895
40475.66000,0.808848
40475.67000,0.808746
40475.68000,0.808644
40475.69000,0.808542
40475.70000,0.80844
40475.71000,0.808338
40475.72000,0.808236
40475.73000,0.808134
40475.74000,0.808032
40475.75000,0.80793
40475.76000,0.807828
40475.77000,0.807726
40475.78000,0.807624
40475.79000,0.807522
40475.80000,0.80742
40475.81000,0.807318
40475.82000,0.807216
40475.83000,0.807114
40475.84000,0.807012
40475.85000,0.80691
40475.86000,0.806808
40475.87000,0.806706
40475.88000,0.806604
40475.89000,0.806502
40475.90000,0.8064
40475.91000,0.806298
40475.92000,0.806142
40475.93000,0.805861
40475.94000,0.80558
40475.95000,0.805298
40475.96000,0.805017
40475.97000,0.804736
40475.98000,0.804455
40475.99000,0.804173
40476.00000,0.803892
40476.01000,0.803611
40476.02000,0.803329
40476.03000,0.803048
40476.04000,0.802767
40476.05000,0.802485
40476.06000,0.802204
40476.07000,0.801923
40476.08000,0.801641
40476.09000,0.80136
40476.10000,0.801079
40476.11000,0.800798
40476.12000,0.800516
40476.13000,0.800235
40476.14000,0.799954
40476.15000,0.799672
40476.16000,0.799391
40476.17000,0.79911
40476.18000,0.798828
40476.19000,0.798547
40476.20000,0.798266
40476.21000,0.797985
40476.22000,0.797703
40476.23000,0.797422
40476.24000,0.797141
40476.25000,0.796859
40476.26000,0.796578
40476.27000,0.796297
40476.28000,0.796015
40476.29000,0.795734
40476.30000,0.795453
40476.31000,0.795171
40476.32000,0.79489
40476.33000,0.794609
40476.34000,0.794328
40476.35000,0.794046
40476.36000,0.793765
40476.37000,0.793484
40476.38000,0.793202
40476.39000,0.792921
40476.40000,0.79264
40476.41000,0.792358
40476.42000,0.792131
40476.43000,0.792028
40476.44000,0.791926
40476.45000,0.791823
40476.46000,0.79172
40476.47000,0.791618
40476.48000,0.791515
40476.49000,0.791412
40476.50000,0.79131
40476.51000,0.791207
40476.52000,0.791105
40476.53000,0.791002
40476.54000,0.790899
40476.55000,0.790797
40476.56000,0.790694
40476.57000,0.790591
40476.58000,0.790489
40476.59000,0.790386
40476.60000,0.790284
40476.61000,0.790181
40476.62000,0.790078
40476.63000,0.789976
40476.64000,0.789873
40476.65000,0.789771
40476.66000,0.789668
40476.67000,0.789565
40476.68000,0.789463
40476.69000,0.78936
40476.70000,0.789257
40476.71000,0.789155
40476.72000,0.789052
40476.73000,0.78895
40476.74000,0.788847
40476.75000,0.788744
40476.76000,0.788642
40476.77000,0.788539
40476.78000,0.788436
40476.79000,0.788334
40476.80000,0.788231
40476.81000,0.788129
40476.82000,0.788026
40476.83000,0.787923
40476.84000,0.787821
40476.85000,0.787718
40476.86000,0.787615
40476.87000,0.787513
40476.88000,0.78741
40476.89000,0.787308
40476.90000,0.787205
40476.91000,0.787102
40476.92000,0.786947
40476.93000,0.786668
40476.94000,0.78639
40476.95000,0.786112
40476.96000,0.785833
40476.97000,0.785555
40476.98000,0.785276
40476.99000,0.784998
40477.00000,0.78472
40477.01000,0.784441
40477.02000,0.784163
40477.03000,0.783884
40477.04000,0.783606
40477.05000,0.783328
40477.06000,0.783049
40477.07000,0.782771
40477.08000,0.782492
40477.09000,0.782214
40477.10000,0.781935
40477.11000,0.781657
40477.12000,0.781379
40477.13000,0.7811
40477.14000,0.780822
40477.15000,0.780543
40477.16000,0.780265
40477.17000,0.779987
40477.18000,0.779708
40477.19000,0.77943
40477.20000,0.779151
40477.21000,0.778873
40477.22000,0.778594
40477.23000,0.778316
40477.24000,0.778038
40477.25000,0.777759
40477.26000,0.777481
40477.27000,0.777202
40477.28000,0.776924
40477.29000,0.776646
40477.30000,0.776367
40477.31000,0.776089
40477.32000,0.77581
40477.33000,0.775532
40477.34000,0.775253
40477.35000,0.774975
40477.36000,0.774697
40477.37000,0.774418
40477.38000,0.77414
40477.39000,0.773861
40477.40000,0.773583
40477.41000,0.773305
40477.42000,0.773106
40477.43000,0.773093
40477.44000,0.77308
40477.45000,0.773067
40477.46000,0.773054
40477.47000,0.773041
40477.48000,0.773028
40477.49000,0.773015
40477.50000,0.773002
40477.51000,0.772989
40477.52000,0.772976
40477.53000,0.772963
40477.54000,0.77295
40477.55000,0.772937
40477.56000,0.772924
40477.57000,0.772911
40477.58000,0.772898
40477.59000,0.772885
40477.60000,0.772872
40477.61000,0.772859
40477.62000,0.772846
40477.63000,0.772833
40477.64000,0.77282
40477.65000,0.772807
40477.66000,0.772794
40477.67000,0.77278
40477.68000,0.772767
40477.69000,0.772754
40477.70000,0.772741
40477.71000,0.772728
40477.72000,0.772715
40477.73000,0.772702
40477.74000,0.772689
40477.75000,0.772676
40477.76000,0.772663
40477.77000,0.77265
40477.78000,0.772637
40477.79000,0.772624
40477.80000,0.772611
40477.81000,0.772598
40477.82000,0.772585
40477.83000,0.772572
40477.84000,0.772559
40477.85000,0.772546
40477.86000,0.772533
40477.87000,0.77252
40477.88000,0.772507
40477.89000,0.772494
40477.90000,0.772481
40477.91000,0.772468
40477.92000,0.772454
40477.93000,0.772439
40477.94000,0.772424
40477.95000,0.772408
40477.96000,0.772393
40477.97000,0.772377
40477.98000,0.772362
40477.99000,0.772411
40478.00000,0.772817
40478.01000,0.773862
40478.02000,0.775833
40478.03000,0.778548
40478.04000,0.781859
40478.05000,0.785632
40478.06000,0.789747
40478.07000,0.793826
40478.08000,0.797593
40478.09000,0.800889
40478.10000,0.803617
40478.11000,0.806159
40478.12000,0.80896
40478.13000,0.812268
40478.14000,0.816284
40478.15000,0.82159
40478.16000,0.829156
40478.17000,0.839552
40478.18000,0.853097
40478.19000,0.869073
40478.20000,0.884679
40478.21000,0.89897
40478.22000,0.911479
40478.23000,0.922082
40478.24000,0.93157
40478.25000,0.940153
40478.26000,0.947954
40478.27000,0.955047
40478.28000,0.961696
40478.29000,0.968019
40478.30000,0.97408
40478.31000,0.97992
40478.32000,0.985053
40478.33000,0.98918
40478.34000,0.992196
40478.35000,0.994074
40478.36000,0.992922
40478.37000,0.992943
40478.38000,0.992964
40478.39000,0.992985
40478.40000,0.993006
40478.41000,0.993027
40478.42000,0.993049
40478.43000,0.99307
40478.44000,0.993091
40478.45000,0.996045
40478.46000,1.0039
40478.47000,1.01807
40478.48000,1.03875
40478.49000,1.06351
40478.50000,1.09094
40478.51000,1.11996
40478.52000,1.14972
40478.53000,1.17204
40478.54000,1.18557
40478.55000,1.19073
40478.56000,1.1884
40478.57000,1.1313
40478.58000,1.12657
40478.59000,1.12183
40478.60000,1.1171
40478.61000,1.11237
40478.62000,1.10764
40478.63000,1.10291
40478.64000,1.09818
40478.65000,1.09345
40478.66000,1.08872
40478.67000,1.08399
40478.68000,1.08121
40478.69000,1.07843
40478.70000,1.07566
40478.71000,1.07288
40478.72000,1.0701
40478.73000,1.06732
40478.74000,1.06454
40478.75000,1.06177
40478.76000,1.05899
40478.77000,1.05621
40478.78000,1.05343
40478.79000,1.05066
40478.80000,1.04788
40478.81000,1.04586
40478.82000,1.04423
40478.83000,1.0426
40478.84000,1.04096
40478.85000,1.03933
40478.86000,1.03769
40478.87000,1.03606
40478.88000,1.03443
40478.89000,1.03279
40478.90000,1.03116
40478.91000,1.02953
40478.92000,1.02789
40478.93000,1.02626
40478.94000,1.02462
40478.95000,1.02299
40478.96000,1.02136
40478.97000,1.01972
40478.98000,1.01809
40478.99000,1.01705
40479.00000,1.01608
40479.01000,1.01511
40479.02000,1.01415
40479.03000,1.01318
40479.04000,1.01221
40479.05000,1.01125
40479.06000,1.01028
40479.07000,1.00931
40479.08000,1.00835
40479.09000,1.00738
40479.10000,1.00641
40479.11000,1.00544
40479.12000,1.00448
40479.13000,1.00351
40479.14000,1.00254
40479.15000,1.00158
40479.16000,1.00061
40479.17000,0.999643
40479.18000,0.998676
40479.19000,0.99771
40479.20000,0.996743
40479.21000,0.995776
40479.22000,0.994846
40479.23000,0.994082
40479.24000,0.993318
40479.25000,0.992554
40479.26000,0.99179
40479.27000,0.991026
40479.28000,0.990262
40479.29000,0.989498
40479.30000,0.988734
40479.31000,0.98797
40479.32000,0.987206
40479.33000,0.986442
40479.34000,0.985677
40479.35000,0.984913
40479.36000,0.984149
40479.37000,0.983385
40479.38000,0.982621
40479.39000,0.981857
40479.40000,0.981093
40479.41000,0.980329
40479.42000,0.979565
40479.43000,0.978801
40479.44000,0.978037
40479.45000,0.977273
40479.46000,0.976509
40479.47000,0.975744
40479.48000,0.97498
40479.49000,0.974216
40479.50000,0.973452
40479.51000,0.972688
40479.52000,0.971924
40479.53000,0.97116
40479.54000,0.970689
40479.55000,0.97043
40479.56000,0.970171
40479.57000,0.969912
40479.58000,0.969654
40479.59000,0.969395
40479.60000,0.969136
40479.61000,0.968877
40479.62000,0.968618
40479.63000,0.968359
40479.64000,0.9681
40479.65000,0.967841
40479.66000,0.967583
40479.67000,0.967324
40479.68000,0.967065
40479.69000,0.966806
40479.70000,0.966547
40479.71000,0.966288
40479.72000,0.966029
40479.73000,0.96577
40479.74000,0.965511
40479.75000,0.965253
40479.76000,0.964994
40479.77000,0.964735
40479.78000,0.964476
40479.79000,0.964217
40479.80000,0.963958
40479.81000,0.963699
40479.82000,0.96344
40479.83000,0.963182
40479.84000,0.962923
40479.85000,0.962664
40479.86000,0.962405
40479.87000,0.962146
40479.88000,0.961887
40479.89000,0.961628
40479.90000,0.961369
40479.91000,0.961111
40479.92000,0.960852
40479.93000,0.960593
40479.94000,0.960334
40479.95000,0.960075
40479.96000,0.959794
40479.97000,0.959486
40479.98000,0.959178
40479.99000,0.95887
40480.00000,0.958562
40480.01000,0.958254
40480.02000,0.957946
40480.03000,0.957638
40480.04000,0.95733
40480.05000,0.957022
40480.06000,0.956714
40480.07000,0.956406
40480.08000,0.956098
40480.09000,0.95579
40480.10000,0.955481
40480.11000,0.955173
40480.12000,0.954865
40480.13000,0.954557
40480.14000,0.954249
40480.15000,0.953941
40480.16000,0.953633
40480.17000,0.953325
40480.18000,0.953017
40480.19000,0.952709
40480.20000,0.952401
40480.21000,0.952093
40480.22000,0.951785
40480.23000,0.951477
40480.24000,0.951168
40480.25000,0.95086
40480.26000,0.950552
40480.27000,0.950244
40480.28000,0.949936
40480.29000,0.949628
40480.30000,0.94932
40480.31000,0.949012
40480.32000,0.948704
40480.33000,0.948396
40480.34000,0.948088
40480.35000,0.94778
40480.36000,0.947472
40480.37000,0.947164
40480.38000,0.946905
40480.39000,0.946763
40480.40000,0.94662
40480.41000,0.946477
40480.42000,0.946335
40480.43000,0.946192
40480.44000,0.94605
40480.45000,0.945907
40480.46000,0.945765
40480.47000,0.945622
40480.48000,0.945479
40480.49000,0.945337
40480.50000,0.945194
40480.51000,0.945052
40480.52000,0.944909
40480.53000,0.944767
40480.54000,0.944624
40480.55000,0.944481
40480.56000,0.944339
40480.57000,0.944196
40480.58000,0.944054
40480.59000,0.943911
40480.60000,0.943769
40480.61000,0.943626
40480.62000,0.943483
40480.63000,0.943341
40480.64000,0.943198
40480.65000,0.943056
40480.66000,0.942913
40480.67000,0.942771
40480.68000,0.942628
40480.69000,0.942485
40480.70000,0.942343
40480.71000,0.9422
40480.72000,0.942058
40480.73000,0.941915
40480.74000,0.941773
40480.75000,0.94163
40480.76000,0.941487
40480.77000,0.941345
40480.78000,0.941202
40480.79000,0.94106
40480.80000,0.94092
40480.81000,0.940795
40480.82000,0.940671
40480.83000,0.940546
40480.84000,0.940422
40480.85000,0.940297
40480.86000,0.940173
40480.87000,0.940048
40480.88000,0.939924
40480.89000,0.939799
40480.90000,0.939675
40480.91000,0.93955
40480.92000,0.939426
40480.93000,0.939301
40480.94000,0.939177
40480.95000,0.939052
40480.96000,0.938928
40480.97000,0.938803
40480.98000,0.938679
40480.99000,0.938554
40481.00000,0.93843
40481.01000,0.938305
40481.02000,0.938181
40481.03000,0.938056
40481.04000,0.937932
40481.05000,0.937807
40481.06000,0.937683
40481.07000,0.937558
40481.08000,0.937434
40481.09000,0.937309
40481.10000,0.937184
40481.11000,0.93706
40481.12000,0.936935
40481.13000,0.936811
40481.14000,0.936686
40481.15000,0.936562
40481.16000,0.936437
40481.17000,0.936313
40481.18000,0.936188
40481.19000,0.936064
40481.20000,0.935939
40481.21000,0.935815
40481.22000,0.935689
40481.23000,0.935484
40481.24000,0.935279
40481.25000,0.935074
40481.26000,0.934869
40481.27000,0.934665
40481.28000,0.93446
40481.29000,0.934255
40481.30000,0.93405
40481.31000,0.933846
40481.32000,0.933641
40481.33000,0.933436
40481.34000,0.933231
40481.35000,0.933026
40481.36000,0.932822
40481.37000,0.932617
40481.38000,0.932412
40481.39000,0.932207
40481.40000,0.932003
40481.41000,0.931798
40481.42000,0.931593
40481.43000,0.931388
40481.44000,0.931184
40481.45000,0.930979
40481.46000,0.930774
40481.47000,0.930569
40481.48000,0.930364
40481.49000,0.93016
40481.50000,0.929955
40481.51000,0.92975
40481.52000,0.929545
40481.53000,0.929341
40481.54000,0.929136
40481.55000,0.928931
40481.56000,0.928726
40481.57000,0.928521
40481.58000,0.928317
40481.59000,0.928112
40481.60000,0.927907
40481.61000,0.927702
40481.62000,0.927498
40481.63000,0.927293
40481.64000,0.927088
40481.65000,0.926974
40481.66000,0.926871
40481.67000,0.926769
40481.68000,0.926667
40481.69000,0.926565
40481.70000,0.926463
40481.71000,0.926361
40481.72000,0.926259
40481.73000,0.926157
40481.74000,0.926054
40481.75000,0.925952
40481.76000,0.92585
40481.77000,0.925748
40481.78000,0.925646
40481.79000,0.925544
40481.80000,0.925442
40481.81000,0.92534
40481.82000,0.925237
40481.83000,0.925135
40481.84000,0.925033
40481.85000,0.924931
40481.86000,0.924829
40481.87000,0.924727
40481.88000,0.924625
40481.89000,0.924523
40481.90000,0.92442
40481.91000,0.924318
40481.92000,0.924216
40481.93000,0.924114
40481.94000,0.924012
40481.95000,0.92391
40481.96000,0.923808
40481.97000,0.923706
40481.98000,0.923603
40481.99000,0.923501
40482.00000,0.923399
40482.01000,0.923297
40482.02000,0.923195
40482.03000,0.923093
40482.04000,0.922991
40482.05000,0.922888
40482.06000,0.922786
40482.07000,0.922527
40482.08000,0.922212
40482.09000,0.921897
40482.10000,0.921582
40482.11000,0.921267
40482.12000,0.920952
40482.13000,0.920637
40482.14000,0.920322
40482.15000,0.920007
40482.16000,0.919692
40482.17000,0.919378
40482.18000,0.919063
40482.19000,0.918748
40482.20000,0.918433
40482.21000,0.918118
40482.22000,0.917803
40482.23000,0.917488
40482.24000,0.917173
40482.25000,0.916858
40482.26000,0.916543
40482.27000,0.916229
40482.28000,0.915914
40482.29000,0.915599
40482.30000,0.915284
40482.31000,0.914969
40482.32000,0.914654
40482.33000,0.914339
40482.34000,0.914024
40482.35000,0.913709
40482.36000,0.913394
40482.37000,0.91308
40482.38000,0.912765
40482.39000,0.91245
40482.40000,0.912135
40482.41000,0.91182
40482.42000,0.911505
40482.43000,0.91119
40482.44000,0.910875
40482.45000,0.91056
40482.46000,0.910245
40482.47000,0.90993
40482.48000,0.909616
40482.49000,0.90943
40482.50000,0.90933
40482.51000,0.90923
40482.52000,0.90913
40482.53000,0.90903
40482.54000,0.90893
40482.55000,0.90883
40482.56000,0.90873
40482.57000,0.90863
40482.58000,0.90853
40482.59000,0.90843
40482.60000,0.90833
40482.61000,0.908231
40482.62000,0.908131
40482.63000,0.908031
40482.64000,0.907931
40482.65000,0.907831
40482.66000,0.907731
40482.67000,0.907631
40482.68000,0.907531
40482.69000,0.907431
40482.70000,0.907331
40482.71000,0.907231
40482.72000,0.907131
40482.73000,0.907031
40482.74000,0.906931
40482.75000,0.906831
40482.76000,0.906731
40482.77000,0.906631
40482.78000,0.906532
40482.79000,0.906432
40482.80000,0.906332
40482.81000,0.906232
40482.82000,0.906132
40482.83000,0.906032
40482.84000,0.905932
40482.85000,0.905832
40482.86000,0.905732
40482.87000,0.905632
40482.88000,0.905532
40482.89000,0.905432
40482.90000,0.905332
40482.91000,0.905203
40482.92000,0.90504
40482.93000,0.904878
40482.94000,0.904715
40482.95000,0.904552
40482.96000,0.904389
40482.97000,0.904226
40482.98000,0.904063
40482.99000,0.9039
40483.00000,0.903738
40483.01000,0.903575
40483.02000,0.903412
40483.03000,0.903249
40483.04000,0.903086
40483.05000,0.902923
40483.06000,0.90276
40483.07000,0.902598
40483.08000,0.902435
40483.09000,0.902272
40483.10000,0.902109
40483.11000,0.901946
40483.12000,0.901783
40483.13000,0.901621
40483.14000,0.901458
40483.15000,0.901295
40483.16000,0.901132
40483.17000,0.900969
40483.18000,0.900806
40483.19000,0.900643
40483.20000,0.900481
40483.21000,0.900318
40483.22000,0.900155
40483.23000,0.899992
40483.24000,0.899829
40483.25000,0.899666
40483.26000,0.899503
40483.27000,0.899341
40483.28000,0.899178
40483.29000,0.899015
40483.30000,0.898852
40483.31000,0.898689
40483.32000,0.898526
40483.33000,0.898383
40483.34000,0.898283
40483.35000,0.898183
40483.36000,0.898083
40483.37000,0.897982
40483.38000,0.897882
40483.39000,0.897782
40483.40000,0.897681
40483.41000,0.897581
40483.42000,0.897481
40483.43000,0.897381
40483.44000,0.89728
40483.45000,0.89718
40483.46000,0.89708
40483.47000,0.896979
40483.48000,0.896879
40483.49000,0.896779
40483.50000,0.896679
40483.51000,0.896578
40483.52000,0.896478
40483.53000,0.896378
40483.54000,0.896278
40483.55000,0.896177
40483.56000,0.896077
40483.57000,0.895977
40483.58000,0.895876
40483.59000,0.895776
40483.60000,0.895676
40483.61000,0.895576
40483.62000,0.895475
40483.63000,0.895375
40483.64000,0.895275
40483.65000,0.895174
40483.66000,0.895074
40483.67000,0.894974
40483.68000,0.894874
40483.69000,0.894773
40483.70000,0.894673
40483.71000,0.894573
40483.72000,0.894472
40483.73000,0.894372
40483.74000,0.894272
40483.75000,0.894172
40483.76000,0.894071
40483.77000,0.893971
40483.78000,0.893871
40483.79000,0.89377
40483.80000,0.89367
40483.81000,0.89357
40483.82000,0.893469
40483.83000,0.893369
40483.84000,0.893269
40483.85000,0.893168
40483.86000,0.893068
40483.87000,0.892968
40483.88000,0.892867
40483.89000,0.892767
40483.90000,0.892667
40483.91000,0.892566
40483.92000,0.892466
40483.93000,0.892366
40483.94000,0.892265
40483.95000,0.892165
40483.96000,0.892065
40483.97000,0.891964
40483.98000,0.891864
40483.99000,0.891764
40484.00000,0.891663
40484.01000,0.891563
40484.02000,0.891463
40484.03000,0.891363
40484.04000,0.891262
40484.05000,0.891162
40484.06000,0.891062
40484.07000,0.890961
40484.08000,0.890861
40484.09000,0.890761
40484.10000,0.89066
40484.11000,0.89056
40484.12000,0.89046
40484.13000,0.890359
40484.14000,0.890259
40484.15000,0.890159
40484.16000,0.890058
40484.17000,0.889952
40484.18000,0.889694
40484.19000,0.889436
40484.20000,0.889178
40484.21000,0.88892
40484.22000,0.888663
40484.23000,0.888405
40484.24000,0.888147
40484.25000,0.887889
40484.26000,0.887631
40484.27000,0.887374
40484.28000,0.887116
40484.29000,0.886858
40484.30000,0.8866
40484.31000,0.886342
40484.32000,0.886085
40484.33000,0.885827
40484.34000,0.885569
40484.35000,0.885311
40484.36000,0.885053
40484.37000,0.884796
40484.38000,0.884538
40484.39000,0.88428
40484.40000,0.884022
40484.41000,0.883764
40484.42000,0.883507
40484.43000,0.883249
40484.44000,0.882991
40484.45000,0.882733
40484.46000,0.882475
40484.47000,0.882218
40484.48000,0.88196
40484.49000,0.881702
40484.50000,0.881444
40484.51000,0.881186
40484.52000,0.880929
40484.53000,0.880671
40484.54000,0.880413
40484.55000,0.880155
40484.56000,0.879897
40484.57000,0.87964
40484.58000,0.879382
40484.59000,0.879124
40484.60000,0.879008
40484.61000,0.878908
40484.62000,0.878807
40484.63000,0.878707
40484.64000,0.878606
40484.65000,0.878506
40484.66000,0.878405
40484.67000,0.878305
40484.68000,0.878204
40484.69000,0.878104
40484.70000,0.878003
40484.71000,0.877903
40484.72000,0.877802
40484.73000,0.877702
40484.74000,0.877601
40484.75000,0.877501
40484.76000,0.8774
40484.77000,0.8773
40484.78000,0.877199
40484.79000,0.877099
40484.80000,0.876998
40484.81000,0.876898
40484.82000,0.876797
40484.83000,0.876697
40484.84000,0.876596
40484.85000,0.876496
40484.86000,0.876395
40484.87000,0.876295
40484.88000,0.876194
40484.89000,0.876094
40484.90000,0.875993
40484.91000,0.875893
40484.92000,0.875792
40484.93000,0.875692
40484.94000,0.875591
40484.95000,0.875491
40484.96000,0.87539
40484.97000,0.87529
40484.98000,0.875189
40484.99000,0.875089
40485.00000,0.874988
40485.01000,0.874888
40485.02000,0.874644
40485.03000,0.874355
40485.04000,0.874066
40485.05000,0.873777
40485.06000,0.873488
40485.07000,0.873199
40485.08000,0.87291
40485.09000,0.872621
40485.10000,0.872332
40485.11000,0.872044
40485.12000,0.871755
40485.13000,0.871466
40485.14000,0.871177
40485.15000,0.870888
40485.16000,0.870599
40485.17000,0.87031
40485.18000,0.870021
40485.19000,0.869732
40485.20000,0.869443
40485.21000,0.869154
40485.22000,0.868866
40485.23000,0.868577
40485.24000,0.868288
40485.25000,0.867999
40485.26000,0.86771
40485.27000,0.867421
40485.28000,0.867132
40485.29000,0.866843
40485.30000,0.866554
40485.31000,0.866265
40485.32000,0.865976
40485.33000,0.865688
40485.34000,0.865399
40485.35000,0.86511
40485.36000,0.864821
40485.37000,0.864532
40485.38000,0.864243
40485.39000,0.863954
40485.40000,0.863665
40485.41000,0.863376
40485.42000,0.863087
40485.43000,0.862798
40485.44000,0.862688
40485.45000,0.862686
40485.46000,0.862684
40485.47000,0.862683
40485.48000,0.862681
40485.49000,0.862679
40485.50000,0.862677
40485.51000,0.862676
40485.52000,0.862674
40485.53000,0.862672
40485.54000,0.86267
40485.55000,0.862669
40485.56000,0.862667
40485.57000,0.862665
40485.58000,0.862663
40485.59000,0.862662
40485.60000,0.86266
40485.61000,0.862658
40485.62000,0.862656
40485.63000,0.862655
40485.64000,0.862653
40485.65000,0.862651
40485.66000,0.862649
40485.67000,0.862648
40485.68000,0.862646
40485.69000,0.862644
40485.70000,0.862642
40485.71000,0.862641
40485.72000,0.862639
40485.73000,0.862637
40485.74000,0.862635
40485.75000,0.862634
40485.76000,0.862632
40485.77000,0.86263
40485.78000,0.862628
40485.79000,0.862627
40485.80000,0.862625
40485.81000,0.862623
40485.82000,0.862621
40485.83000,0.86262
40485.84000,0.862618
40485.85000,0.862616
40485.86000,0.862645
40485.87000,0.86287
40485.88000,0.86355
40485.89000,0.864912
40485.90000,0.867099
40485.91000,0.870138
40485.92000,0.874007
40485.93000,0.878631
40485.94000,0.883752
40485.95000,0.888964
40485.96000,0.893945
40485.97000,0.902296
40485.98000,0.909932
40485.99000,0.912682
40486.00000,0.915432
40486.01000,0.917638
40486.02000,0.919053
40486.03000,0.920468
40486.04000,0.923802
40486.05000,0.927079
40486.06000,0.930309
40486.07000,0.933654
40486.08000,0.937236
40486.09000,0.941128
40486.10000,0.945379
40486.11000,0.95068
40486.12000,0.957851
40486.13000,0.967348
40486.14000,0.979394
40486.15000,0.993171
40486.16000,1.0071
40486.17000,1.02054
40486.18000,1.03315
40486.19000,1.04472
40486.20000,1.05507
40486.21000,1.06416
40486.22000,1.07199
40486.23000,1.09644
40486.24000,1.09725
40486.25000,1.09807
40486.26000,1.09888
40486.27000,1.09969
40486.28000,1.10051
40486.29000,1.10371
40486.30000,1.10603
40486.31000,1.10748
40486.32000,1.1087
40486.33000,1.1101
40486.34000,1.11186
40486.35000,1.11409
40486.36000,1.11684
40486.37000,1.12014
40486.38000,1.12397
40486.39000,1.12832
40486.40000,1.1329
40486.41000,1.13731
40486.42000,1.14138
40486.43000,1.14506
40486.44000,1.14814
40486.45000,1.15
40486.46000,1.15055
40486.47000,1.14978
40486.48000,1.13752
40486.49000,1.13708
40486.50000,1.13665
40486.51000,1.13621
40486.52000,1.13577
40486.53000,1.13534
40486.54000,1.13359
40486.55000,1.13235
40486.56000,1.13168
40486.57000,1.13127
40486.58000,1.13095
40486.59000,1.13063
40486.60000,1.13024
40486.61000,1.12942
40486.62000,1.12782
40486.63000,1.12537
40486.64000,1.12204
40486.65000,1.08689
40486.66000,1.08494
40486.67000,1.08298
40486.68000,1.08103
40486.69000,1.07907
40486.70000,1.07712
40486.71000,1.07516
40486.72000,1.07321
40486.73000,1.07125
40486.74000,1.0693
40486.75000,1.06734
40486.76000,1.06696
40486.77000,1.06658
40486.78000,1.06619
40486.79000,1.06581
40486.80000,1.06542
40486.81000,1.06504
40486.82000,1.06466
40486.83000,1.06212
40486.84000,1.05975
40486.85000,1.05757
40486.86000,1.05553
40486.87000,1.05355
40486.88000,1.05161
40486.89000,1.04968
40486.90000,1.03365
40486.91000,1.03205
40486.92000,1.03045
40486.93000,1.02885
40486.94000,1.02725
40486.95000,1.02565
40486.96000,1.02405
40486.97000,1.02245
40486.98000,1.02085
40486.99000,1.01925
40487.00000,1.01765
40487.01000,1.0165
40487.02000,1.01535
40487.03000,1.0142
40487.04000,1.01305
40487.05000,1.0119
40487.06000,1.01074
40487.07000,1.00959
40487.08000,1.00844
40487.09000,1.00729
40487.10000,1.00614
40487.11000,1.00499
40487.12000,1.00384
40487.13000,1.00269
40487.14000,1.00175
40487.15000,1.00092
40487.16000,1.00008
40487.17000,0.999243
40487.18000,0.998406
40487.19000,0.99757
40487.20000,0.996734
40487.21000,0.995898
40487.22000,0.995061
40487.23000,0.994225
40487.24000,0.993389
40487.25000,0.992553
40487.26000,0.991716
40487.27000,0.99088
40487.28000,0.990044
40487.29000,0.989208
40487.30000,0.988371
40487.31000,0.987535
40487.32000,0.986795
40487.33000,0.986067
40487.34000,0.985339
40487.35000,0.984611
40487.36000,0.983883
40487.37000,0.983155
40487.38000,0.982427
40487.39000,0.981699
40487.40000,0.980971
40487.41000,0.980243
40487.42000,0.979515
40487.43000,0.978787
40487.44000,0.978059
40487.45000,0.977331
40487.46000,0.976603
40487.47000,0.975875
40487.48000,0.975147
40487.49000,0.974419
40487.50000,0.973691
40487.51000,0.972962
40487.52000,0.972234
40487.53000,0.971506
40487.54000,0.970778
40487.55000,0.970122
40487.56000,0.969783
40487.57000,0.969444
40487.58000,0.969105
40487.59000,0.968766
40487.60000,0.968427
40487.61000,0.968088
40487.62000,0.967749
40487.63000,0.96741
40487.64000,0.967071
40487.65000,0.966732
40487.66000,0.966393
40487.67000,0.966053
40487.68000,0.965714
40487.69000,0.965375
40487.70000,0.965036
40487.71000,0.964697
40487.72000,0.964358
40487.73000,0.964019
40487.74000,0.96368
40487.75000,0.963341
40487.76000,0.963002
40487.77000,0.962663
40487.78000,0.962324
40487.79000,0.961985
40487.80000,0.961645
40487.81000,0.961306
40487.82000,0.960967
40487.83000,0.960628
40487.84000,0.960289
40487.85000,0.95995
40487.86000,0.959611
40487.87000,0.959353
40487.88000,0.959154
40487.89000,0.958954
40487.90000,0.958755
40487.91000,0.958556
40487.92000,0.958356
40487.93000,0.958157
40487.94000,0.957958
40487.95000,0.957758
40487.96000,0.957559
40487.97000,0.95736
40487.98000,0.95716
40487.99000,0.956961
40488.00000,0.956761
40488.01000,0.956562
40488.02000,0.956363
40488.03000,0.956163
40488.04000,0.955964
40488.05000,0.955765
40488.06000,0.955565
40488.07000,0.955366
40488.08000,0.955167
40488.09000,0.954967
40488.10000,0.954768
40488.11000,0.954569
40488.12000,0.954369
40488.13000,0.95417
40488.14000,0.953971
40488.15000,0.953771
40488.16000,0.953572
40488.17000,0.953373
40488.18000,0.953173
40488.19000,0.952974
40488.20000,0.952775
40488.21000,0.952575
40488.22000,0.952376
40488.23000,0.952177
40488.24000,0.951977
40488.25000,0.951778
40488.26000,0.951579
40488.27000,0.951379
40488.28000,0.95118
40488.29000,0.950998
40488.30000,0.950839
40488.31000,0.950679
40488.32000,0.950519
40488.33000,0.95036
40488.34000,0.9502
40488.35000,0.950041
40488.36000,0.949881
40488.37000,0.949722
40488.38000,0.949562
40488.39000,0.949403
40488.40000,0.949243
40488.41000,0.949084
40488.42000,0.948924
40488.43000,0.948765
40488.44000,0.948605
40488.45000,0.948445
40488.46000,0.948286
40488.47000,0.948126
40488.48000,0.947967
40488.49000,0.947807
40488.50000,0.947648
40488.51000,0.947488
40488.52000,0.947329
40488.53000,0.947169
40488.54000,0.94701
40488.55000,0.94685
40488.56000,0.94669
40488.57000,0.946531
40488.58000,0.946371
40488.59000,0.946212
40488.60000,0.946052
40488.61000,0.945893
40488.62000,0.945733
40488.63000,0.945574
40488.64000,0.945414
40488.65000,0.945255
40488.66000,0.945095
40488.67000,0.944936
40488.68000,0.944776
40488.69000,0.944616
40488.70000,0.944457
40488.71000,0.944305
40488.72000,0.944171
40488.73000,0.944037
40488.74000,0.943903
40488.75000,0.943769
40488.76000,0.943634
40488.77000,0.9435
40488.78000,0.943366
40488.79000,0.943232
40488.80000,0.943098
40488.81000,0.942964
40488.82000,0.94283
40488.83000,0.942696
40488.84000,0.942561
40488.85000,0.942427
40488.86000,0.942293
40488.87000,0.942159
40488.88000,0.942025
40488.89000,0.941891
40488.90000,0.941757
40488.91000,0.941623
40488.92000,0.941489
40488.93000,0.941354
40488.94000,0.94122
40488.95000,0.941086
40488.96000,0.940952
40488.97000,0.940818
40488.98000,0.940684
40488.99000,0.94055
40489.00000,0.940416
40489.01000,0.940282
40489.02000,0.940147
40489.03000,0.940013
40489.04000,0.939879
40489.05000,0.939745
40489.06000,0.939611
40489.07000,0.939477
40489.08000,0.939343
40489.09000,0.939209
40489.10000,0.939074
40489.11000,0.93894
40489.12000,0.938806
40489.13000,0.938647
40489.14000,0.938355
40489.15000,0.938063
40489.16000,0.937771
40489.17000,0.93748
40489.18000,0.937188
40489.19000,0.936896
40489.20000,0.936604
40489.21000,0.936312
40489.22000,0.936021
40489.23000,0.935729
40489.24000,0.935437
40489.25000,0.935145
40489.26000,0.934853
40489.27000,0.934562
40489.28000,0.93427
40489.29000,0.933978
40489.30000,0.933686
40489.31000,0.933394
40489.32000,0.933103
40489.33000,0.932811
40489.34000,0.932519
40489.35000,0.932227
40489.36000,0.931935
40489.37000,0.931643
40489.38000,0.931352
40489.39000,0.93106
40489.40000,0.930768
40489.41000,0.930476
40489.42000,0.930184
40489.43000,0.929893
40489.44000,0.929601
40489.45000,0.929309
40489.46000,0.929017
40489.47000,0.928725
40489.48000,0.928434
40489.49000,0.928142
40489.50000,0.92785
40489.51000,0.927558
40489.52000,0.927266
40489.53000,0.926975
40489.54000,0.926683
40489.55000,0.926395
40489.56000,0.926293
40489.57000,0.926191
40489.58000,0.92609
40489.59000,0.925988
40489.60000,0.925886
40489.61000,0.925784
40489.62000,0.925683
40489.63000,0.925581
40489.64000,0.925479
40489.65000,0.925378
40489.66000,0.925276
40489.67000,0.925174
40489.68000,0.925072
40489.69000,0.924971
40489.70000,0.924869
40489.71000,0.924767
40489.72000,0.924665
40489.73000,0.924564
40489.74000,0.924462
40489.75000,0.92436
40489.76000,0.924258
40489.77000,0.924157
40489.78000,0.924055
40489.79000,0.923953
40489.80000,0.923851
40489.81000,0.92375
40489.82000,0.923648
40489.83000,0.923546
40489.84000,0.923444
40489.85000,0.923343
40489.86000,0.923241
40489.87000,0.923139
40489.88000,0.923038
40489.89000,0.922936
40489.90000,0.922834
40489.91000,0.922732
40489.92000,0.922631
40489.93000,0.922529
40489.94000,0.922427
40489.95000,0.922325
40489.96000,0.922224
40489.97000,0.922122
40489.98000,0.921896
40489.99000,0.921654
40490.00000,0.921412
40490.01000,0.92117
40490.02000,0.920927
40490.03000,0.920685
40490.04000,0.920443
40490.05000,0.920201
40490.06000,0.919958
40490.07000,0.919716
40490.08000,0.919474
40490.09000,0.919231
40490.10000,0.918989
40490.11000,0.918747
40490.12000,0.918505
40490.13000,0.918262
40490.14000,0.91802
40490.15000,0.917778
40490.16000,0.917536
40490.17000,0.917293
40490.18000,0.917051
40490.19000,0.916809
40490.20000,0.916567
40490.21000,0.916324
40490.22000,0.916082
40490.23000,0.91584
40490.24000,0.915598
40490.25000,0.915355
40490.26000,0.915113
40490.27000,0.914871
40490.28000,0.914629
40490.29000,0.914386
40490.30000,0.914144
40490.31000,0.913902
40490.32000,0.91366
40490.33000,0.913417
40490.34000,0.913175
40490.35000,0.912933
40490.36000,0.91269
40490.37000,0.912448
40490.38000,0.912206
40490.39000,0.911964
40490.40000,0.911827
40490.41000,0.911727
40490.42000,0.911626
40490.43000,0.911526
40490.44000,0.911426
40490.45000,0.911326
40490.46000,0.911226
40490.47000,0.911125
40490.48000,0.911025
40490.49000,0.910925
40490.50000,0.910825
40490.51000,0.910725
40490.52000,0.910625
40490.53000,0.910524
40490.54000,0.910424
40490.55000,0.910324
40490.56000,0.910224
40490.57000,0.910124
40490.58000,0.910024
40490.59000,0.909923
40490.60000,0.909823
40490.61000,0.909723
40490.62000,0.909623
40490.63000,0.909523
40490.64000,0.909423
40490.65000,0.909322
40490.66000,0.909222
40490.67000,0.909122
40490.68000,0.909022
40490.69000,0.908922
40490.70000,0.908822
40490.71000,0.908721
40490.72000,0.908621
40490.73000,0.908521
40490.74000,0.908421
40490.75000,0.908321
40490.76000,0.908221
40490.77000,0.90812
40490.78000,0.90802
40490.79000,0.90792
40490.80000,0.90782
40490.81000,0.90772
40490.82000,0.90762
40490.83000,0.90752
40490.84000,0.90742
40490.85000,0.90732
40490.86000,0.90722
40490.87000,0.90712
40490.88000,0.90702
40490.89000,0.90692
40490.90000,0.90682
40490.91000,0.90672
40490.92000,0.90662
40490.93000,0.90652
40490.94000,0.90642
40490.95000,0.90632
40490.96000,0.90622
40490.97000,0.90612
40490.98000,0.90602
40490.99000,0.90592
40491.00000,0.90582
40491.01000,0.90572
40491.02000,0.90562
40491.03000,0.90552
40491.04000,0.90542
40491.05000,0.90532
40491.06000,0.90522
40491.07000,0.90512
40491.08000,0.90502
40491.09000,0.90492
40491.10000,0.90482
40491.11000,0.90472
40491.12000,0.90462
40491.13000,0.90452
40491.14000,0.90442
40491.15000,0.90432
40491.16000,0.90422
40491.17000,0.90412
40491.18000,0.90402
40491.19000,0.90392
40491.20000,0.90382
40491.21000,0.90372
40491.22000,0.90362
40491.23000,0.90352
40491.24000,0.903393
40491.25000,0.903233
40491.26000,0.903073
40491.27000,0.902913
40491.28000,0.902753
40491.29000,0.902593
40491.30000,0.902434
40491.31000,0.902274
40491.32000,0.902114
40491.33000,0.901954
40491.34000,0.901794
40491.35000,0.901634
40491.36000,0.901474
40491.37000,0.901315
40491.38000,0.901155
40491.39000,0.900995
40491.40000,0.900835
40491.41000,0.900675
40491.42000,0.900515
40491.43000,0.900355
40491.44000,0.900196
40491.45000,0.900036
40491.46000,0.899876
40491.47000,0.899716
40491.48000,0.899556
40491.49000,0.899396
40491.50000,0.899236
40491.51000,0.899077
40491.52000,0.898917
40491.53000,0.898757
40491.54000,0.898597
40491.55000,0.898437
40491.56000,0.898277
40491.57000,0.898117
40491.58000,0.897958
40491.59000,0.897798
40491.60000,0.897638
40491.61000,0.897478
40491.62000,0.897318
40491.63000,0.897158
40491.64000,0.896998
40491.65000,0.896839
40491.66000,0.896698
40491.67000,0.896598
40491.68000,0.896497
40491.69000,0.896397
40491.70000,0.896297
40491.71000,0.896197
40491.72000,0.896097
40491.73000,0.895997
40491.74000,0.895896
40491.75000,0.895796
40491.76000,0.895696
40491.77000,0.895596
40491.78000,0.895496
40491.79000,0.895395
40491.80000,0.895295
40491.81000,0.895195
40491.82000,0.895095
40491.83000,0.894995
40491.84000,0.894894
40491.85000,0.894794
40491.86000,0.894694
40491.87000,0.894594
40491.88000,0.894494
40491.89000,0.894393
40491.90000,0.894293
40491.91000,0.894193
40491.92000,0.894093
40491.93000,0.893993
40491.94000,0.893893
40491.95000,0.893792
40491.96000,0.893692
40491.97000,0.893592
40491.98000,0.893492
40491.99000,0.893392
40492.00000,0.893291
40492.01000,0.893191
40492.02000,0.893091
40492.03000,0.892991
40492.04000,0.892891
40492.05000,0.89279
40492.06000,0.89269
40492.07000,0.89259
40492.08000,0.892455
40492.09000,0.892159
40492.10000,0.891864
40492.11000,0.891568
40492.12000,0.891273
40492.13000,0.890977
40492.14000,0.890682
40492.15000,0.890387
40492.16000,0.890091
40492.17000,0.889796
40492.18000,0.8895
40492.19000,0.889205
40492.20000,0.888909
40492.21000,0.888614
40492.22000,0.888319
40492.23000,0.888023
40492.24000,0.887728
40492.25000,0.887432
40492.26000,0.887137
40492.27000,0.886841
40492.28000,0.886546
40492.29000,0.886251
40492.30000,0.885955
40492.31000,0.88566
40492.32000,0.885364
40492.33000,0.885069
40492.34000,0.884773
40492.35000,0.884478
40492.36000,0.884183
40492.37000,0.883887
40492.38000,0.883592
40492.39000,0.883296
40492.40000,0.883001
40492.41000,0.882705
40492.42000,0.88241
40492.43000,0.882115
40492.44000,0.881819
40492.45000,0.881524
40492.46000,0.881228
40492.47000,0.880933
40492.48000,0.880637
40492.49000,0.880342
40492.50000,0.880055
40492.51000,0.879954
40492.52000,0.879853
40492.53000,0.879753
40492.54000,0.879652
40492.55000,0.879552
40492.56000,0.879451
40492.57000,0.879351
40492.58000,0.87925
40492.59000,0.87915
40492.60000,0.879049
40492.61000,0.878949
40492.62000,0.878848
40492.63000,0.878748
40492.64000,0.878647
40492.65000,0.878547
40492.66000,0.878446
40492.67000,0.878346
40492.68000,0.878245
40492.69000,0.878144
40492.70000,0.878044
40492.71000,0.877943
40492.72000,0.877843
40492.73000,0.877742
40492.74000,0.877642
40492.75000,0.877541
40492.76000,0.877441
40492.77000,0.87734
40492.78000,0.87724
40492.79000,0.877139
40492.80000,0.877039
40492.81000,0.876938
40492.82000,0.876838
40492.83000,0.876737
40492.84000,0.876637
40492.85000,0.876536
40492.86000,0.876435
40492.87000,0.876335
40492.88000,0.876234
40492.89000,0.876134
40492.90000,0.876033
40492.91000,0.875933
40492.92000,0.875832
40492.93000,0.875666
40492.94000,0.875492
40492.95000,0.875318
40492.96000,0.875144
40492.97000,0.87497
40492.98000,0.874796
40492.99000,0.874622
40493.00000,0.874448
40493.01000,0.874274
40493.02000,0.8741
40493.03000,0.873926
40493.04000,0.873753
40493.05000,0.873579
40493.06000,0.873405
40493.07000,0.873231
40493.08000,0.873057
40493.09000,0.872883
40493.10000,0.872709
40493.11000,0.872535
40493.12000,0.872361
40493.13000,0.872187
40493.14000,0.872013
40493.15000,0.871839
40493.16000,0.871665
40493.17000,0.871492
40493.18000,0.871318
40493.19000,0.871144
40493.20000,0.87097
40493.21000,0.870796
40493.22000,0.870622
40493.23000,0.870448
40493.24000,0.870274
40493.25000,0.8701
40493.26000,0.869926
40493.27000,0.869752
40493.28000,0.869578
40493.29000,0.869405
40493.30000,0.869231
40493.31000,0.869057
40493.32000,0.868883
40493.33000,0.868709
40493.34000,0.868535
40493.35000,0.868417
40493.36000,0.868316
40493.37000,0.868215
40493.38000,0.868114
40493.39000,0.868013
40493.40000,0.867913
40493.41000,0.867812
40493.42000,0.867711
40493.43000,0.86761
40493.44000,0.867509
40493.45000,0.867409
40493.46000,0.867308
40493.47000,0.867207
40493.48000,0.867106
40493.49000,0.867005
40493.50000,0.866905
40493.51000,0.866804
40493.52000,0.866703
40493.53000,0.866602
40493.54000,0.866501
40493.55000,0.866401
40493.56000,0.8663
40493.57000,0.866199
40493.58000,0.866098
40493.59000,0.865997
40493.60000,0.865897
40493.61000,0.865796
40493.62000,0.865695
40493.63000,0.865594
40493.64000,0.865493
40493.65000,0.865393
40493.66000,0.865292
40493.67000,0.865191
40493.68000,0.86509
40493.69000,0.864989
40493.70000,0.864889
40493.71000,0.864788
40493.72000,0.864687
40493.73000,0.864586
40493.74000,0.864485
40493.75000,0.864385
40493.76000,0.864284
40493.77000,0.864183
40493.78000,0.864082
40493.79000,0.863981
40493.80000,0.86388
40493.81000,0.86378
40493.82000,0.863679
40493.83000,0.863578
40493.84000,0.863477
40493.85000,0.863376
40493.86000,0.863275
40493.87000,0.863174
40493.88000,0.863073
40493.89000,0.862973
40493.90000,0.862872
40493.91000,0.862771
40493.92000,0.86267
40493.93000,0.862569
40493.94000,0.862468
40493.95000,0.862367
40493.96000,0.862267
40493.97000,0.862166
40493.98000,0.862065
40493.99000,0.861964
40494.00000,0.861863
40494.01000,0.861762
40494.02000,0.861661
40494.03000,0.861561
40494.04000,0.86146
40494.05000,0.861359
40494.06000,0.861258
40494.07000,0.861157
40494.08000,0.861056
40494.09000,0.860955
40494.10000,0.860854
40494.11000,0.860754
40494.12000,0.860653
40494.13000,0.860552
40494.14000,0.860451
40494.15000,0.86035
40494.16000,0.860249
40494.17000,0.860148
40494.18000,0.860048
40494.19000,0.859884
40494.20000,0.859653
40494.21000,0.859422
40494.22000,0.859191
40494.23000,0.85896
40494.24000,0.858729
40494.25000,0.858498
40494.26000,0.858268
40494.27000,0.858037
40494.28000,0.857806
40494.29000,0.857575
40494.30000,0.857344
40494.31000,0.857113
40494.32000,0.856882
40494.33000,0.856651
40494.34000,0.85642
40494.35000,0.856189
40494.36000,0.855958
40494.37000,0.855727
40494.38000,0.855496
40494.39000,0.855265
40494.40000,0.855034
40494.41000,0.854804
40494.42000,0.854573
40494.43000,0.854342
40494.44000,0.854111
40494.45000,0.85388
40494.46000,0.853649
40494.47000,0.853418
40494.48000,0.853187
40494.49000,0.852956
40494.50000,0.852725
40494.51000,0.852494
40494.52000,0.852263
40494.53000,0.852032
40494.54000,0.851801
40494.55000,0.85157
40494.56000,0.85134
40494.57000,0.851109
40494.58000,0.850878
40494.59000,0.850647
40494.60000,0.850416
40494.61000,0.850229
40494.62000,0.850128
40494.63000,0.850027
40494.64000,0.849926
40494.65000,0.849825
40494.66000,0.849724
40494.67000,0.849623
40494.68000,0.849521
40494.69000,0.84942
40494.70000,0.849319
40494.71000,0.849218
40494.72000,0.849117
40494.73000,0.849016
40494.74000,0.848915
40494.75000,0.848814
40494.76000,0.848713
40494.77000,0.848612
40494.78000,0.84851
40494.79000,0.848409
40494.80000,0.848308
40494.81000,0.848207
40494.82000,0.848106
40494.83000,0.848005
40494.84000,0.847904
40494.85000,0.847803
40494.86000,0.847702
40494.87000,0.847601
40494.88000,0.847499
40494.89000,0.847398
40494.90000,0.847297
40494.91000,0.847196
40494.92000,0.847095
40494.93000,0.846994
40494.94000,0.846893
40494.95000,0.846792
40494.96000,0.846691
40494.97000,0.846589
40494.98000,0.846488
40494.99000,0.846387
40495.00000,0.846286
40495.01000,0.846185
40495.02000,0.846084
40495.03000,0.845945
40495.04000,0.845654
40495.05000,0.845364
40495.06000,0.845073
40495.07000,0.844783
40495.08000,0.844493
40495.09000,0.844202
40495.10000,0.843912
40495.11000,0.843621
40495.12000,0.843331
40495.13000,0.84304
40495.14000,0.84275
40495.15000,0.84246
40495.16000,0.842169
40495.17000,0.841879
40495.18000,0.841588
40495.19000,0.841298
40495.20000,0.841007
40495.21000,0.840717
40495.22000,0.840427
40495.23000,0.840136
40495.24000,0.839846
40495.25000,0.839555
40495.26000,0.839265
40495.27000,0.838975
40495.28000,0.838684
40495.29000,0.838394
40495.30000,0.838103
40495.31000,0.837813
40495.32000,0.837522
40495.33000,0.837232
40495.34000,0.836942
40495.35000,0.836651
40495.36000,0.836361
40495.37000,0.83607
40495.38000,0.83578
40495.39000,0.835489
40495.40000,0.835199
40495.41000,0.834909
40495.42000,0.834618
40495.43000,0.834328
40495.44000,0.834037
40495.45000,0.833759
40495.46000,0.833657
40495.47000,0.833556
40495.48000,0.833454
40495.49000,0.833353
40495.50000,0.833251
40495.51000,0.83315
40495.52000,0.833048
40495.53000,0.832947
40495.54000,0.832845
40495.55000,0.832744
40495.56000,0.832642
40495.57000,0.832541
40495.58000,0.832439
40495.59000,0.832338
40495.60000,0.832236
40495.61000,0.832135
40495.62000,0.832033
40495.63000,0.831932
40495.64000,0.83183
40495.65000,0.831729
40495.66000,0.831627
40495.67000,0.831526
40495.68000,0.831425
40495.69000,0.831323
40495.70000,0.831222
40495.71000,0.83112
40495.72000,0.831019
40495.73000,0.830917
40495.74000,0.830816
40495.75000,0.830714
40495.76000,0.830613
40495.77000,0.830511
40495.78000,0.83041
40495.79000,0.830308
40495.80000,0.830207
40495.81000,0.830105
40495.82000,0.830004
40495.83000,0.829902
40495.84000,0.829801
40495.85000,0.829699
40495.86000,0.829598
40495.87000,0.829496
40495.88000,0.829392
40495.89000,0.829288
40495.90000,0.829183
40495.91000,0.829079
40495.92000,0.828975
40495.93000,0.82887
40495.94000,0.828766
40495.95000,0.828662
40495.96000,0.828557
40495.97000,0.828453
40495.98000,0.828348
40495.99000,0.828244
40496.00000,0.82814
40496.01000,0.828035
40496.02000,0.827931
40496.03000,0.827827
40496.04000,0.827722
40496.05000,0.827618
40496.06000,0.827513
40496.07000,0.827409
40496.08000,0.827305
40496.09000,0.8272
40496.10000,0.827096
40496.11000,0.826992
40496.12000,0.826887
40496.13000,0.826783
40496.14000,0.826678
40496.15000,0.826574
40496.16000,0.82647
40496.17000,0.826365
40496.18000,0.826261
40496.19000,0.826157
40496.20000,0.826052
40496.21000,0.825948
40496.22000,0.825843
40496.23000,0.825739
40496.24000,0.825635
40496.25000,0.82553
40496.26000,0.825426
40496.27000,0.825322
40496.28000,0.825217
40496.29000,0.825113
40496.30000,0.82501
40496.31000,0.824909
40496.32000,0.824807
40496.33000,0.824705
40496.34000,0.824603
40496.35000,0.824501
40496.36000,0.824399
40496.37000,0.824297
40496.38000,0.824196
40496.39000,0.824094
40496.40000,0.823992
40496.41000,0.82389
40496.42000,0.823788
40496.43000,0.823686
40496.44000,0.823584
40496.45000,0.823483
40496.46000,0.823381
40496.47000,0.823279
40496.48000,0.823177
40496.49000,0.823075
40496.50000,0.822973
40496.51000,0.822871
40496.52000,0.82277
40496.53000,0.822668
40496.54000,0.822566
40496.55000,0.822464
40496.56000,0.822362
40496.57000,0.82226
40496.58000,0.822158
40496.59000,0.822057
40496.60000,0.821955
40496.61000,0.821853
40496.62000,0.821751
40496.63000,0.821649
40496.64000,0.821547
40496.65000,0.821445
40496.66000,0.821344
40496.67000,0.821242
40496.68000,0.82114
40496.69000,0.821038
40496.70000,0.820936
40496.71000,0.820834
40496.72000,0.820733
40496.73000,0.820631
40496.74000,0.820529
40496.75000,0.820427
40496.76000,0.820325
40496.77000,0.820223
40496.78000,0.820122
40496.79000,0.82002
40496.80000,0.819918
40496.81000,0.819816
40496.82000,0.819714
40496.83000,0.819613
40496.84000,0.819511
40496.85000,0.819409
40496.86000,0.819307
40496.87000,0.819205
40496.88000,0.819104
40496.89000,0.819002
40496.90000,0.8189
40496.91000,0.818798
40496.92000,0.818696
40496.93000,0.818594
40496.94000,0.818493
40496.95000,0.818391
40496.96000,0.818289
40496.97000,0.818187
40496.98000,0.818085
40496.99000,0.817984
40497.00000,0.817882
40497.01000,0.81778
40497.02000,0.817678
40497.03000,0.817576
40497.04000,0.817474
40497.05000,0.817373
40497.06000,0.817271
40497.07000,0.817169
40497.08000,0.817067
40497.09000,0.816965
40497.10000,0.816864
40497.11000,0.816762
40497.12000,0.81666
40497.13000,0.816558
40497.14000,0.81641
40497.15000,0.816217
40497.16000,0.816023
40497.17000,0.81583
40497.18000,0.815636
40497.19000,0.815443
40497.20000,0.815249
40497.21000,0.815055
40497.22000,0.814862
40497.23000,0.814668
40497.24000,0.814475
40497.25000,0.814281
40497.26000,0.814088
40497.27000,0.813894
40497.28000,0.813701
40497.29000,0.813507
40497.30000,0.813314
40497.31000,0.81312
40497.32000,0.812926
40497.33000,0.812733
40497.34000,0.812539
40497.35000,0.812346
40497.36000,0.812152
40497.37000,0.811959
40497.38000,0.811765
40497.39000,0.811572
40497.40000,0.811378
40497.41000,0.811185
40497.42000,0.810991
40497.43000,0.810797
40497.44000,0.810604
40497.45000,0.81041
40497.46000,0.810217
40497.47000,0.810023
40497.48000,0.80983
40497.49000,0.809636
40497.50000,0.809443
40497.51000,0.809249
40497.52000,0.809056
40497.53000,0.808862
40497.54000,0.808668
40497.55000,0.808475
40497.56000,0.808351
40497.57000,0.808348
40497.58000,0.808346
40497.59000,0.808343
40497.60000,0.808341
40497.61000,0.808338
40497.62000,0.808335
40497.63000,0.808333
40497.64000,0.80833
40497.65000,0.808328
40497.66000,0.808325
40497.67000,0.808323
40497.68000,0.80832
40497.69000,0.808318
40497.70000,0.808315
40497.71000,0.808313
40497.72000,0.80831
40497.73000,0.808308
40497.74000,0.808305
40497.75000,0.808303
40497.76000,0.8083
40497.77000,0.808298
40497.78000,0.808295
40497.79000,0.808293
40497.80000,0.80829
40497.81000,0.808288
40497.82000,0.808285
40497.83000,0.808283
40497.84000,0.80828
40497.85000,0.808278
40497.86000,0.808275
40497.87000,0.808287
40497.88000,0.808473
40497.89000,0.808944
40497.90000,0.80995
40497.91000,0.811943
40497.92000,0.815287
40497.93000,0.820275
40497.94000,0.826846
40497.95000,0.834236
40497.96000,0.842057
40497.97000,0.850037
40497.98000,0.857929
40497.99000,0.864867
40498.00000,0.870551
40498.01000,0.874837
40498.02000,0.877689
40498.03000,0.879945
40498.04000,0.881943
40498.05000,0.883883
40498.06000,0.885907
40498.07000,0.887909
40498.08000,0.889805
40498.09000,0.891559
40498.10000,0.893143
40498.11000,0.89454
40498.12000,0.89574
40498.13000,0.896735
40498.14000,0.897525
40498.15000,0.898201
40498.16000,0.898927
40498.17000,0.899793
40498.18000,0.90088
40498.19000,0.902243
40498.20000,0.903874
40498.21000,0.905785
40498.22000,0.907981
40498.23000,0.910435
40498.24000,0.912768
40498.25000,0.914815
40498.26000,0.916467
40498.27000,0.917662
40498.28000,0.919883
40498.29000,0.920025
40498.30000,0.920167
40498.31000,0.92031
40498.32000,0.920452
40498.33000,0.921205
40498.34000,0.922266
40498.35000,0.923759
40498.36000,0.925746
40498.37000,0.92825
40498.38000,0.931295
40498.39000,0.934889
40498.40000,0.938802
40498.41000,0.942608
40498.42000,0.9461
40498.43000,0.949149
40498.44000,0.951698
40498.45000,0.953787
40498.46000,0.955422
40498.47000,0.956616
40498.48000,0.957407
40498.49000,0.958027
40498.50000,0.958567
40498.51000,0.959094
40498.52000,0.959656
40498.53000,0.960162
40498.54000,0.960572
40498.55000,0.960864
40498.56000,0.961023
40498.57000,0.961234
40498.58000,0.961644
40498.59000,0.96237
40498.60000,0.963528
40498.61000,0.97153
40498.62000,0.972094
40498.63000,0.972658
40498.64000,0.973221
40498.65000,0.973785
40498.66000,0.976364
40498.67000,0.979311
40498.68000,0.982656
40498.69000,0.986228
40498.70000,0.989403
40498.71000,0.991947
40498.72000,0.993727
40498.73000,0.994036
40498.74000,0.994032
40498.75000,0.994028
40498.76000,0.994024
40498.77000,0.994019
40498.78000,0.994015
40498.79000,0.993978
40498.80000,0.993969
40498.81000,0.994026
40498.82000,0.994077
40498.83000,0.99407
40498.84000,0.993975
40498.85000,0.993772
40498.86000,0.988235
40498.87000,0.988202
40498.88000,0.988169
40498.89000,0.988136
40498.90000,0.988103
40498.91000,0.988069
40498.92000,0.988036
40498.93000,0.988003
40498.94000,0.98797
40498.95000,0.987936
40498.96000,0.987903
40498.97000,0.98787
40498.98000,0.987837
40498.99000,0.988692
40499.00000,0.992118
40499.01000,0.99929
40499.02000,1.01086
40499.03000,1.02273
40499.04000,1.03308
40499.05000,1.04105
40499.06000,1.04633
40499.07000,1.04973
40499.08000,1.05178
40499.09000,1.05272
40499.10000,1.05271
40499.11000,1.039
40499.12000,1.03737
40499.13000,1.03574
40499.14000,1.0341
40499.15000,1.03247
40499.16000,1.03084
40499.17000,1.02921
40499.18000,1.02757
40499.19000,1.02594
40499.20000,1.02431
40499.21000,1.02268
40499.22000,1.02139
40499.23000,1.02011
40499.24000,1.01883
40499.25000,1.01755
40499.26000,1.01626
40499.27000,1.01498
40499.28000,1.0137
40499.29000,1.01241
40499.30000,1.01113
40499.31000,1.00985
40499.32000,1.00857
40499.33000,1.00728
40499.34000,1.006
40499.35000,1.00489
40499.36000,1.00387
40499.37000,1.00285
40499.38000,1.00183
40499.39000,1.00081
40499.40000,0.999784
40499.41000,0.998762
40499.42000,0.99774
40499.43000,0.996719
40499.44000,0.995697
40499.45000,0.994676
40499.46000,0.993654
40499.47000,0.992632
40499.48000,0.991611
40499.49000,0.990589
40499.50000,0.989567
40499.51000,0.988546
40499.52000,0.987524
40499.53000,0.986929
40499.54000,0.986386
40499.55000,0.985844
40499.56000,0.985301
40499.57000,0.984759
40499.58000,0.984216
40499.59000,0.983674
40499.60000,0.983131
40499.61000,0.982589
40499.62000,0.982047
40499.63000,0.981504
40499.64000,0.980962
40499.65000,0.980419
40499.66000,0.979877
40499.67000,0.979334
40499.68000,0.978792
40499.69000,0.978249
40499.70000,0.977707
40499.71000,0.977165
40499.72000,0.976622
40499.73000,0.97608
40499.74000,0.975537
40499.75000,0.974995
40499.76000,0.974483
40499.77000,0.974108
40499.78000,0.973733
40499.79000,0.973357
40499.80000,0.972982
40499.81000,0.972607
40499.82000,0.972231
40499.83000,0.971856
40499.84000,0.971481
40499.85000,0.971105
40499.86000,0.97073
40499.87000,0.970354
40499.88000,0.969979
40499.89000,0.969604
40499.90000,0.969228
40499.91000,0.968853
40499.92000,0.968478
40499.93000,0.968102
40499.94000,0.967727
40499.95000,0.967352
40499.96000,0.966976
40499.97000,0.966601
40499.98000,0.966226
40499.99000,0.96585
40500.00000,0.965475
40500.01000,0.9651
40500.02000,0.964724
40500.03000,0.964349
40500.04000,0.963974
40500.05000,0.963598
40500.06000,0.963223
40500.07000,0.962848
40500.08000,0.962482
40500.09000,0.962123
40500.10000,0.961764
40500.11000,0.961405
40500.12000,0.961046
40500.13000,0.960687
40500.14000,0.960328
40500.15000,0.959969
40500.16000,0.95961
40500.17000,0.959251
40500.18000,0.958892
40500.19000,0.958533
40500.20000,0.958175
40500.21000,0.957816
40500.22000,0.957457
40500.23000,0.957098
40500.24000,0.956739
40500.25000,0.95638
40500.26000,0.956021
40500.27000,0.955662
40500.28000,0.955303
40500.29000,0.954944
40500.30000,0.954585
40500.31000,0.954226
40500.32000,0.953867
40500.33000,0.953508
40500.34000,0.95315
40500.35000,0.952791
40500.36000,0.952432
40500.37000,0.952073
40500.38000,0.951714
40500.39000,0.951355
40500.40000,0.950996
40500.41000,0.950637
40500.42000,0.950278
40500.43000,0.949919
40500.44000,0.94956
40500.45000,0.949201
40500.46000,0.948842
40500.47000,0.948483
40500.48000,0.948124
40500.49000,0.947766
40500.50000,0.947501
40500.51000,0.947357
40500.52000,0.947213
40500.53000,0.947069
40500.54000,0.946924
40500.55000,0.94678
40500.56000,0.946636
40500.57000,0.946492
40500.58000,0.946348
40500.59000,0.946204
40500.60000,0.946059
40500.61000,0.945915
40500.62000,0.945771
40500.63000,0.945627
40500.64000,0.945483
40500.65000,0.945339
40500.66000,0.945194
40500.67000,0.94505
40500.68000,0.944906
40500.69000,0.944762
40500.70000,0.944618
40500.71000,0.944474
40500.72000,0.944329
40500.73000,0.944185
40500.74000,0.944041
40500.75000,0.943897
40500.76000,0.943753
40500.77000,0.943608
40500.78000,0.943464
40500.79000,0.94332
40500.80000,0.943176
40500.81000,0.943032
40500.82000,0.942888
40500.83000,0.942743
40500.84000,0.942599
40500.85000,0.942455
40500.86000,0.942311
40500.87000,0.942167
40500.88000,0.942023
40500.89000,0.941878
40500.90000,0.941734
40500.91000,0.94159
40500.92000,0.941436
40500.93000,0.941261
40500.94000,0.941085
40500.95000,0.940909
40500.96000,0.940734
40500.97000,0.940558
40500.98000,0.940382
40500.99000,0.940207
40501.00000,0.940031
40501.01000,0.939855
40501.02000,0.93968
40501.03000,0.939504
40501.04000,0.939328
40501.05000,0.939153
40501.06000,0.938977
40501.07000,0.938801
40501.08000,0.938626
40501.09000,0.93845
40501.10000,0.938274
40501.11000,0.938099
40501.12000,0.937923
40501.13000,0.937747
40501.14000,0.937572
40501.15000,0.937396
40501.16000,0.93722
40501.17000,0.937045
40501.18000,0.936869
40501.19000,0.936693
40501.20000,0.936518
40501.21000,0.936342
40501.22000,0.936166
40501.23000,0.935991
40501.24000,0.935815
40501.25000,0.935639
40501.26000,0.935464
40501.27000,0.935288
40501.28000,0.935112
40501.29000,0.934937
40501.30000,0.934761
40501.31000,0.934585
40501.32000,0.93441
40501.33000,0.934234
40501.34000,0.934069
40501.35000,0.933959
40501.36000,0.933849
40501.37000,0.933739
40501.38000,0.933629
40501.39000,0.933519
40501.40000,0.933409
40501.41000,0.933299
40501.42000,0.933189
40501.43000,0.933079
40501.44000,0.932969
40501.45000,0.932859
40501.46000,0.932749
40501.47000,0.932639
40501.48000,0.932529
40501.49000,0.932419
40501.50000,0.932309
40501.51000,0.932199
40501.52000,0.932089
40501.53000,0.931979
40501.54000,0.931869
40501.55000,0.931759
40501.56000,0.931649
40501.57000,0.931539
40501.58000,0.931429
40501.59000,0.931319
40501.60000,0.931209
40501.61000,0.931099
40501.62000,0.930989
40501.63000,0.930879
40501.64000,0.930768
40501.65000,0.930658
40501.66000,0.930548
40501.67000,0.930438
40501.68000,0.930328
40501.69000,0.930218
40501.70000,0.930108
40501.71000,0.929998
40501.72000,0.929888
40501.73000,0.929778
40501.74000,0.929668
40501.75000,0.929558
40501.76000,0.929448
40501.77000,0.929344
40501.78000,0.92924
40501.79000,0.929136
40501.80000,0.929032
40501.81000,0.928928
40501.82000,0.928824
40501.83000,0.92872
40501.84000,0.928616
40501.85000,0.928511
40501.86000,0.928407
40501.87000,0.928303
40501.88000,0.928199
40501.89000,0.928095
40501.90000,0.927991
40501.91000,0.927887
40501.92000,0.927783
40501.93000,0.927679
40501.94000,0.927575
40501.95000,0.92747
40501.96000,0.927366
40501.97000,0.927262
40501.98000,0.927158
40501.99000,0.927054
40502.00000,0.92695
40502.01000,0.926846
40502.02000,0.926742
40502.03000,0.926638
40502.04000,0.926534
40502.05000,0.926429
40502.06000,0.926325
40502.07000,0.926221
40502.08000,0.926117
40502.09000,0.926013
40502.10000,0.925909
40502.11000,0.925805
40502.12000,0.925701
40502.13000,0.925597
40502.14000,0.925492
40502.15000,0.925388
40502.16000,0.925284
40502.17000,0.92518
40502.18000,0.925076
40502.19000,0.92487
40502.20000,0.924651
40502.21000,0.924431
40502.22000,0.924212
40502.23000,0.923992
40502.24000,0.923773
40502.25000,0.923553
40502.26000,0.923334
40502.27000,0.923114
40502.28000,0.922895
40502.29000,0.922675
40502.30000,0.922456
40502.31000,0.922236
40502.32000,0.922017
40502.33000,0.921797
40502.34000,0.921578
40502.35000,0.921358
40502.36000,0.921139
40502.37000,0.920919
40502.38000,0.9207
40502.39000,0.92048
40502.40000,0.920261
40502.41000,0.920041
40502.42000,0.919822
40502.43000,0.919602
40502.44000,0.919383
40502.45000,0.919163
40502.46000,0.918944
40502.47000,0.918724
40502.48000,0.918505
40502.49000,0.918285
40502.50000,0.918066
40502.51000,0.917846
40502.52000,0.917627
40502.53000,0.917407
40502.54000,0.917188
40502.55000,0.916968
40502.56000,0.916749
40502.57000,0.916529
40502.58000,0.91631
40502.59000,0.91609
40502.60000,0.915871
40502.61000,0.91574
40502.62000,0.915641
40502.63000,0.915541
40502.64000,0.915441
40502.65000,0.915341
40502.66000,0.915242
40502.67000,0.915142
40502.68000,0.915042
40502.69000,0.914943
40502.70000,0.914843
40502.71000,0.914743
40502.72000,0.914644
40502.73000,0.914544
40502.74000,0.914444
40502.75000,0.914345
40502.76000,0.914245
40502.77000,0.914145
40502.78000,0.914046
40502.79000,0.913946
40502.80000,0.913846
40502.81000,0.913746
40502.82000,0.913647
40502.83000,0.913547
40502.84000,0.913447
40502.85000,0.913348
40502.86000,0.913248
40502.87000,0.913148
40502.88000,0.913049
40502.89000,0.912949
40502.90000,0.912849
40502.91000,0.91275
40502.92000,0.91265
40502.93000,0.91255
40502.94000,0.912451
40502.95000,0.912351
40502.96000,0.912251
40502.97000,0.912152
40502.98000,0.912052
40502.99000,0.911952
40503.00000,0.911852
40503.01000,0.911753
40503.02000,0.911653
40503.03000,0.911453
40503.04000,0.911187
40503.05000,0.91092
40503.06000,0.910653
40503.07000,0.910387
40503.08000,0.91012
40503.09000,0.909854
40503.10000,0.909587
40503.11000,0.90932
40503.12000,0.909054
40503.13000,0.908787
40503.14000,0.908521
40503.15000,0.908254
40503.16000,0.907987
40503.17000,0.907721
40503.18000,0.907454
40503.19000,0.907188
40503.20000,0.906921
40503.21000,0.906654
40503.22000,0.906388
40503.23000,0.906121
40503.24000,0.905855
40503.25000,0.905588
40503.26000,0.905321
40503.27000,0.905055
40503.28000,0.904788
40503.29000,0.904522
40503.30000,0.904255
40503.31000,0.903988
40503.32000,0.903722
40503.33000,0.903455
40503.34000,0.903189
40503.35000,0.902922
40503.36000,0.902656
40503.37000,0.902389
40503.38000,0.902122
40503.39000,0.901856
40503.40000,0.901589
40503.41000,0.901323
40503.42000,0.901056
40503.43000,0.900789
40503.44000,0.900523
40503.45000,0.900333
40503.46000,0.900233
40503.47000,0.900133
40503.48000,0.900033
40503.49000,0.899933
40503.50000,0.899833
40503.51000,0.899733
40503.52000,0.899633
40503.53000,0.899533
40503.54000,0.899433
40503.55000,0.899333
40503.56000,0.899233
40503.57000,0.899133
40503.58000,0.899033
40503.59000,0.898933
40503.60000,0.898833
40503.61000,0.898733
40503.62000,0.898633
40503.63000,0.898533
40503.64000,0.898433
40503.65000,0.898333
40503.66000,0.898233
40503.67000,0.898133
40503.68000,0.898033
40503.69000,0.897933
40503.70000,0.897833
40503.71000,0.897733
40503.72000,0.897633
40503.73000,0.897533
40503.74000,0.897433
40503.75000,0.897333
40503.76000,0.897233
40503.77000,0.897133
40503.78000,0.897034
40503.79000,0.896934
40503.80000,0.896834
40503.81000,0.896734
40503.82000,0.896634
40503.83000,0.896534
40503.84000,0.896434
40503.85000,0.896334
40503.86000,0.896234
40503.87000,0.896134
40503.88000,0.896034
40503.89000,0.895933
40503.90000,0.895833
40503.91000,0.895733
40503.92000,0.895633
40503.93000,0.895533
40503.94000,0.895433
40503.95000,0.895333
40503.96000,0.895233
40503.97000,0.895133
40503.98000,0.895033
40503.99000,0.894932
40504.00000,0.894832
40504.01000,0.894732
40504.02000,0.894632
40504.03000,0.894532
40504.04000,0.894432
40504.05000,0.894332
40504.06000,0.894232
40504.07000,0.894132
40504.08000,0.894032
40504.09000,0.893931
40504.10000,0.893831
40504.11000,0.893731
40504.12000,0.893631
40504.13000,0.893531
40504.14000,0.893431
40504.15000,0.893331
40504.16000,0.893231
40504.17000,0.893131
40504.18000,0.893031
40504.19000,0.89293
40504.20000,0.89283
40504.21000,0.89273
40504.22000,0.89263
40504.23000,0.89253
40504.24000,0.89243
40504.25000,0.89233
40504.26000,0.89223
40504.27000,0.89213
40504.28000,0.89203
40504.29000,0.891929
40504.30000,0.891829
40504.31000,0.891729
40504.32000,0.891629
40504.33000,0.891529
40504.34000,0.891428
40504.35000,0.891328
40504.36000,0.891228
40504.37000,0.891128
40504.38000,0.891027
40504.39000,0.890927
40504.40000,0.890827
40504.41000,0.890727
40504.42000,0.890627
40504.43000,0.890526
40504.44000,0.890426
40504.45000,0.890326
40504.46000,0.890226
40504.47000,0.890125
40504.48000,0.890025
40504.49000,0.889925
40504.50000,0.889825
40504.51000,0.889725
40504.52000,0.889624
40504.53000,0.889524
40504.54000,0.889424
40504.55000,0.889324
40504.56000,0.889223
40504.57000,0.889123
40504.58000,0.889023
40504.59000,0.888923
40504.60000,0.888822
40504.61000,0.888722
40504.62000,0.888622
40504.63000,0.888522
40504.64000,0.888422
40504.65000,0.888321
40504.66000,0.888221
40504.67000,0.888121
40504.68000,0.888021
40504.69000,0.88792
40504.70000,0.88782
40504.71000,0.88772
40504.72000,0.88762
40504.73000,0.887519
40504.74000,0.887419
40504.75000,0.887319
40504.76000,0.887218
40504.77000,0.887118
40504.78000,0.887017
40504.79000,0.886917
40504.80000,0.886817
40504.81000,0.886716
40504.82000,0.886616
40504.83000,0.886516
40504.84000,0.886415
40504.85000,0.886315
40504.86000,0.886215
40504.87000,0.886114
40504.88000,0.886014
40504.89000,0.885913
40504.90000,0.885813
40504.91000,0.885713
40504.92000,0.885612
40504.93000,0.885512
40504.94000,0.885412
40504.95000,0.885311
40504.96000,0.885211
40504.97000,0.885111
40504.98000,0.88501
40504.99000,0.88491
40505.00000,0.884809
40505.01000,0.884709
40505.02000,0.884609
40505.03000,0.884508
40505.04000,0.884408
40505.05000,0.884308
40505.06000,0.884207
40505.07000,0.884107
40505.08000,0.884007
40505.09000,0.883906
40505.10000,0.883806
40505.11000,0.883705
40505.12000,0.883605
40505.13000,0.883505
40505.14000,0.883266
40505.15000,0.883012
40505.16000,0.882758
40505.17000,0.882504
40505.18000,0.88225
40505.19000,0.881995
40505.20000,0.881741
40505.21000,0.881487
40505.22000,0.881233
40505.23000,0.880979
40505.24000,0.880725
40505.25000,0.880471
40505.26000,0.880217
40505.27000,0.879963
40505.28000,0.879709
40505.29000,0.879455
40505.30000,0.879201
40505.31000,0.878947
40505.32000,0.878693
40505.33000,0.878438
40505.34000,0.878184
40505.35000,0.87793
40505.36000,0.877676
40505.37000,0.877422
40505.38000,0.877168
40505.39000,0.876914
40505.40000,0.87666
40505.41000,0.876406
40505.42000,0.876152
40505.43000,0.875898
40505.44000,0.875644
40505.45000,0.87539
40505.46000,0.875135
40505.47000,0.874881
40505.48000,0.874627
40505.49000,0.874373
40505.50000,0.874119
40505.51000,0.873865
40505.52000,0.873611
40505.53000,0.873357
40505.54000,0.873103
40505.55000,0.872849
40505.56000,0.872711
40505.57000,0.87261
40505.58000,0.872509
40505.59000,0.872408
40505.60000,0.872307
40505.61000,0.872206
40505.62000,0.872106
40505.63000,0.872005
40505.64000,0.871904
40505.65000,0.871803
40505.66000,0.871702
40505.67000,0.871601
40505.68000,0.8715
40505.69000,0.871399
40505.70000,0.871298
40505.71000,0.871197
40505.72000,0.871096
40505.73000,0.870995
40505.74000,0.870894
40505.75000,0.870793
40505.76000,0.870692
40505.77000,0.870591
40505.78000,0.87049
40505.79000,0.870389
40505.80000,0.870288
40505.81000,0.870187
40505.82000,0.870086
40505.83000,0.869985
40505.84000,0.869884
40505.85000,0.869783
40505.86000,0.869682
40505.87000,0.869581
40505.88000,0.86948
40505.89000,0.869379
40505.90000,0.869279
40505.91000,0.869178
40505.92000,0.869077
40505.93000,0.868976
40505.94000,0.868875
40505.95000,0.868774
40505.96000,0.868673
40505.97000,0.868572
40505.98000,0.868394
40505.99000,0.86817
40506.00000,0.867946
40506.01000,0.867722
40506.02000,0.867497
40506.03000,0.867273
40506.04000,0.867049
40506.05000,0.866825
40506.06000,0.8666
40506.07000,0.866376
40506.08000,0.866152
40506.09000,0.865928
40506.10000,0.865704
40506.11000,0.865479
40506.12000,0.865255
40506.13000,0.865031
40506.14000,0.864807
40506.15000,0.864582
40506.16000,0.864358
40506.17000,0.864134
40506.18000,0.86391
40506.19000,0.863686
40506.20000,0.863461
40506.21000,0.863237
40506.22000,0.863013
40506.23000,0.862789
40506.24000,0.862564
40506.25000,0.86234
40506.26000,0.862116
40506.27000,0.861892
40506.28000,0.861668
40506.29000,0.861443
40506.30000,0.861219
40506.31000,0.860995
40506.32000,0.860771
40506.33000,0.860547
40506.34000,0.860322
40506.35000,0.860098
40506.36000,0.859874
40506.37000,0.85965
40506.38000,0.859425
40506.39000,0.859201
40506.40000,0.859046
40506.41000,0.858966
40506.42000,0.858886
40506.43000,0.858806
40506.44000,0.858726
40506.45000,0.858646
40506.46000,0.858566
40506.47000,0.858486
40506.48000,0.858406
40506.49000,0.858326
40506.50000,0.858246
40506.51000,0.858166
40506.52000,0.858086
40506.53000,0.858006
40506.54000,0.857926
40506.55000,0.857846
40506.56000,0.857766
40506.57000,0.857686
40506.58000,0.857606
40506.59000,0.857526
40506.60000,0.857446
40506.61000,0.857366
40506.62000,0.857286
40506.63000,0.857206
40506.64000,0.857126
40506.65000,0.857046
40506.66000,0.856966
40506.67000,0.856886
40506.68000,0.856806
40506.69000,0.856725
40506.70000,0.856645
40506.71000,0.856565
40506.72000,0.856485
40506.73000,0.856405
40506.74000,0.856325
40506.75000,0.856245
40506.76000,0.856165
40506.77000,0.856085
40506.78000,0.856005
40506.79000,0.855925
40506.80000,0.855845
40506.81000,0.855765
40506.82000,0.855712
40506.83000,0.855709
40506.84000,0.855707
40506.85000,0.855704
40506.86000,0.855702
40506.87000,0.855699
40506.88000,0.855696
40506.89000,0.855694
40506.90000,0.855691
40506.91000,0.855689
40506.92000,0.855686
40506.93000,0.855684
40506.94000,0.855681
40506.95000,0.855679
40506.96000,0.855676
40506.97000,0.855674
40506.98000,0.855671
40506.99000,0.855669
40507.00000,0.855666
40507.01000,0.855664
40507.02000,0.855661
40507.03000,0.855659
40507.04000,0.855656
40507.05000,0.855654
40507.06000,0.855651
40507.07000,0.855649
40507.08000,0.855646
40507.09000,0.855644
40507.10000,0.855641
40507.11000,0.855639
40507.12000,0.855636
40507.13000,0.855634
40507.14000,0.855631
40507.15000,0.855629
40507.16000,0.855619
40507.17000,0.855759
40507.18000,0.856152
40507.19000,0.856831
40507.20000,0.857604
40507.21000,0.85836
40507.22000,0.859003
40507.23000,0.859483
40507.24000,0.859945
40507.25000,0.860436
40507.26000,0.860997
40507.27000,0.861664
40507.28000,0.862334
40507.29000,0.862954
40507.30000,0.863481
40507.31000,0.863888
40507.32000,0.864579
40507.33000,0.864367
40507.34000,0.864156
40507.35000,0.863944
40507.36000,0.863733
40507.37000,0.863521
40507.38000,0.86331
40507.39000,0.863098
40507.40000,0.862887
40507.41000,0.862675
40507.42000,0.862464
40507.43000,0.862172
40507.44000,0.861881
40507.45000,0.861589
40507.46000,0.861298
40507.47000,0.861007
40507.48000,0.860715
40507.49000,0.860424
40507.50000,0.860132
40507.51000,0.859841
40507.52000,0.859549
40507.53000,0.859258
40507.54000,0.858966
40507.55000,0.858675
40507.56000,0.858502
40507.57000,0.858388
40507.58000,0.858274
40507.59000,0.85816
40507.60000,0.858046
40507.61000,0.857933
40507.62000,0.857819
40507.63000,0.857705
40507.64000,0.857591
40507.65000,0.857477
40507.66000,0.857363
40507.67000,0.85725
40507.68000,0.857136
40507.69000,0.857022
40507.70000,0.856908
40507.71000,0.856794
40507.72000,0.85668
40507.73000,0.856567
40507.74000,0.856444
40507.75000,0.85632
40507.76000,0.856197
40507.77000,0.856073
40507.78000,0.85595
40507.79000,0.855826
40507.80000,0.855702
40507.81000,0.855579
40507.82000,0.855455
40507.83000,0.855332
40507.84000,0.855208
40507.85000,0.855084
40507.86000,0.854961
40507.87000,0.854837
40507.88000,0.854713
40507.89000,0.85459
40507.90000,0.854466
40507.91000,0.854343
40507.92000,0.854219
40507.93000,0.854095
40507.94000,0.853972
40507.95000,0.853848
40507.96000,0.853725
40507.97000,0.853623
40507.98000,0.853621
40507.99000,0.853619
40508.00000,0.853617
40508.01000,0.853615
40508.02000,0.853613
40508.03000,0.85361
40508.04000,0.853608
40508.05000,0.853606
40508.06000,0.853604
40508.07000,0.853602
40508.08000,0.853599
40508.09000,0.853597
40508.10000,0.853595
40508.11000,0.853593
40508.12000,0.853591
40508.13000,0.853588
40508.14000,0.853586
40508.15000,0.853584
40508.16000,0.853582
40508.17000,0.85358
40508.18000,0.853578
40508.19000,0.853575
40508.20000,0.853573
40508.21000,0.853571
40508.22000,0.853569
40508.23000,0.853567
40508.24000,0.853564
40508.25000,0.853562
40508.26000,0.85356
40508.27000,0.853558
40508.28000,0.853556
40508.29000,0.853535
40508.30000,0.853588
40508.31000,0.853754
40508.32000,0.853981
40508.33000,0.854215
40508.34000,0.854416
40508.35000,0.854552
40508.36000,0.853935
40508.37000,0.853646
40508.38000,0.853357
40508.39000,0.853068
40508.40000,0.852778
40508.41000,0.852489
40508.42000,0.8522
40508.43000,0.85191
40508.44000,0.851621
40508.45000,0.851332
40508.46000,0.851043
40508.47000,0.850772
40508.48000,0.850501
40508.49000,0.85023
40508.50000,0.849959
40508.51000,0.849687
40508.52000,0.849416
40508.53000,0.849145
40508.54000,0.848874
40508.55000,0.848603
40508.56000,0.848332
40508.57000,0.848061
40508.58000,0.84779
40508.59000,0.847519
40508.60000,0.847349
40508.61000,0.84723
40508.62000,0.847111
40508.63000,0.846992
40508.64000,0.846873
40508.65000,0.846754
40508.66000,0.846634
40508.67000,0.846515
40508.68000,0.846396
40508.69000,0.846277
40508.70000,0.846158
40508.71000,0.846039
40508.72000,0.845919
40508.73000,0.8458
40508.74000,0.845681
40508.75000,0.845562
40508.76000,0.845443
40508.77000,0.845323
40508.78000,0.845197
40508.79000,0.845069
40508.80000,0.844941
40508.81000,0.844814
40508.82000,0.844686
40508.83000,0.844559
40508.84000,0.844431
40508.85000,0.844303
40508.86000,0.844176
40508.87000,0.844048
40508.88000,0.84392
40508.89000,0.843793
40508.90000,0.843665
40508.91000,0.843537
40508.92000,0.84341
40508.93000,0.843282
40508.94000,0.843155
40508.95000,0.843027
40508.96000,0.842899
40508.97000,0.842772
40508.98000,0.842644
40508.99000,0.842516
40509.00000,0.842389
40509.01000,0.842253
40509.02000,0.842085
40509.03000,0.841916
40509.04000,0.841747
40509.05000,0.841578
40509.06000,0.841409
40509.07000,0.84124
40509.08000,0.841071
40509.09000,0.840902
40509.10000,0.840733
40509.11000,0.840564
40509.12000,0.840395
40509.13000,0.840226
40509.14000,0.840057
40509.15000,0.839888
40509.16000,0.839719
40509.17000,0.83955
40509.18000,0.839381
40509.19000,0.839212
40509.20000,0.839043
40509.21000,0.838874
40509.22000,0.838705
40509.23000,0.838536
40509.24000,0.838367
40509.25000,0.838198
40509.26000,0.838029
40509.27000,0.837861
40509.28000,0.837692
40509.29000,0.837523
40509.30000,0.837354
40509.31000,0.837185
40509.32000,0.837016
40509.33000,0.836887
40509.34000,0.836786
40509.35000,0.836686
40509.36000,0.836586
40509.37000,0.836486
40509.38000,0.836385
40509.39000,0.836285
40509.40000,0.836185
40509.41000,0.836085
40509.42000,0.835984
40509.43000,0.835884
40509.44000,0.835784
40509.45000,0.835684
40509.46000,0.835583
40509.47000,0.835483
40509.48000,0.835383
40509.49000,0.835283
40509.50000,0.835182
40509.51000,0.835082
40509.52000,0.834982
40509.53000,0.834882
40509.54000,0.834781
40509.55000,0.834681
40509.56000,0.834581
40509.57000,0.834481
40509.58000,0.83438
40509.59000,0.83428
40509.60000,0.83418
40509.61000,0.83408
40509.62000,0.833979
40509.63000,0.833879
40509.64000,0.833779
40509.65000,0.833679
40509.66000,0.833578
40509.67000,0.833478
40509.68000,0.833378
40509.69000,0.833278
40509.70000,0.833177
40509.71000,0.833077
40509.72000,0.832977
40509.73000,0.832876
40509.74000,0.832776
40509.75000,0.832676
40509.76000,0.832575
40509.77000,0.832474
40509.78000,0.832373
40509.79000,0.832273
40509.80000,0.832172
40509.81000,0.832071
40509.82000,0.83197
40509.83000,0.831869
40509.84000,0.831769
40509.85000,0.831668
40509.86000,0.831567
40509.87000,0.831466
40509.88000,0.831366
40509.89000,0.831265
40509.90000,0.831164
40509.91000,0.831063
40509.92000,0.830962
40509.93000,0.830862
40509.94000,0.830761
40509.95000,0.83066
40509.96000,0.830559
40509.97000,0.830458
40509.98000,0.830358
40509.99000,0.830257
40510.00000,0.830156
40510.01000,0.830055
40510.02000,0.829954
40510.03000,0.829854
40510.04000,0.829753
40510.05000,0.829652
40510.06000,0.829551
40510.07000,0.829451
40510.08000,0.82935
40510.09000,0.829249
40510.10000,0.829148
40510.11000,0.829047
40510.12000,0.828947
40510.13000,0.828846
40510.14000,0.828745
40510.15000,0.828644
40510.16000,0.828543
40510.17000,0.828403
40510.18000,0.828171
40510.19000,0.827939
40510.20000,0.827706
40510.21000,0.827474
40510.22000,0.827242
40510.23000,0.827009
40510.24000,0.826777
40510.25000,0.826545
40510.26000,0.826312
40510.27000,0.82608
40510.28000,0.825848
40510.29000,0.825615
40510.30000,0.825383
40510.31000,0.825151
40510.32000,0.824918
40510.33000,0.824686
40510.34000,0.824454
40510.35000,0.824222
40510.36000,0.823989
40510.37000,0.823757
40510.38000,0.823525
40510.39000,0.823292
40510.40000,0.82306
40510.41000,0.822828
40510.42000,0.822595
40510.43000,0.822363
40510.44000,0.822131
40510.45000,0.821898
40510.46000,0.821666
40510.47000,0.821434
40510.48000,0.821201
40510.49000,0.820969
40510.50000,0.820737
40510.51000,0.820505
40510.52000,0.820272
40510.53000,0.82004
40510.54000,0.819808
40510.55000,0.819575
40510.56000,0.819343
40510.57000,0.819111
40510.58000,0.818878
40510.59000,0.818667
40510.60000,0.818565
40510.61000,0.818464
40510.62000,0.818362
40510.63000,0.818261
40510.64000,0.818159
40510.65000,0.818058
40510.66000,0.817957
40510.67000,0.817855
40510.68000,0.817754
40510.69000,0.817652
40510.70000,0.817551
40510.71000,0.817449
40510.72000,0.817348
40510.73000,0.817246
40510.74000,0.817145
40510.75000,0.817043
40510.76000,0.816942
40510.77000,0.81684
40510.78000,0.816739
40510.79000,0.816637
40510.80000,0.816536
40510.81000,0.816434
40510.82000,0.816333
40510.83000,0.816231
40510.84000,0.81613
40510.85000,0.816028
40510.86000,0.815927
40510.87000,0.815825
40510.88000,0.815724
40510.89000,0.815622
40510.90000,0.815521
40510.91000,0.815419
40510.92000,0.815318
40510.93000,0.815216
40510.94000,0.815115
40510.95000,0.815013
40510.96000,0.814912
40510.97000,0.81481
40510.98000,0.814709
40510.99000,0.814607
40511.00000,0.814506
40511.01000,0.814401
40511.02000,0.81415
40511.03000,0.8139
40511.04000,0.813649
40511.05000,0.813398
40511.06000,0.813148
40511.07000,0.812897
40511.08000,0.812646
40511.09000,0.812396
40511.10000,0.812145
40511.11000,0.811894
40511.12000,0.811644
40511.13000,0.811393
40511.14000,0.811142
40511.15000,0.810891
40511.16000,0.810641
40511.17000,0.81039
40511.18000,0.810139
40511.19000,0.809889
40511.20000,0.809638
40511.21000,0.809387
40511.22000,0.809137
40511.23000,0.808886
40511.24000,0.808635
40511.25000,0.808385
40511.26000,0.808134
40511.27000,0.807883
40511.28000,0.807633
40511.29000,0.807382
40511.30000,0.807131
40511.31000,0.806881
40511.32000,0.80663
40511.33000,0.806379
40511.34000,0.806129
40511.35000,0.805878
40511.36000,0.805627
40511.37000,0.805377
40511.38000,0.805126
40511.39000,0.804875
40511.40000,0.804625
40511.41000,0.804374
40511.42000,0.804123
40511.43000,0.803872
40511.44000,0.803753
40511.45000,0.803651
40511.46000,0.803549
40511.47000,0.803447
40511.48000,0.803345
40511.49000,0.803242
40511.50000,0.80314
40511.51000,0.803038
40511.52000,0.802936
40511.53000,0.802834
40511.54000,0.802732
40511.55000,0.80263
40511.56000,0.802528
40511.57000,0.802426
40511.58000,0.802324
40511.59000,0.802222
40511.60000,0.80212
40511.61000,0.802018
40511.62000,0.801916
40511.63000,0.801814
40511.64000,0.801712
40511.65000,0.80161
40511.66000,0.801508
40511.67000,0.801406
40511.68000,0.801304
40511.69000,0.801202
40511.70000,0.8011
40511.71000,0.800997
40511.72000,0.800895
40511.73000,0.800793
40511.74000,0.800691
40511.75000,0.800589
40511.76000,0.800487
40511.77000,0.800385
40511.78000,0.800283
40511.79000,0.800181
40511.80000,0.800079
40511.81000,0.799977
40511.82000,0.799875
40511.83000,0.799773
40511.84000,0.799671
40511.85000,0.799569
40511.86000,0.799541
40511.87000,0.799538
40511.88000,0.799536
40511.89000,0.799534
40511.90000,0.799532
40511.91000,0.799529
40511.92000,0.799527
40511.93000,0.799525
40511.94000,0.799523
40511.95000,0.79952
40511.96000,0.799518
40511.97000,0.799516
40511.98000,0.799514
40511.99000,0.799511
40512.00000,0.799509
40512.01000,0.799507
40512.02000,0.799505
40512.03000,0.799502
40512.04000,0.7995
40512.05000,0.799498
40512.06000,0.799496
40512.07000,0.799493
40512.08000,0.799491
40512.09000,0.799489
40512.10000,0.799487
40512.11000,0.799484
40512.12000,0.799482
40512.13000,0.79948
40512.14000,0.799478
40512.15000,0.799475
40512.16000,0.799473
40512.17000,0.799471
40512.18000,0.799469
40512.19000,0.799466
40512.20000,0.799464
40512.21000,0.799462
40512.22000,0.79946
40512.23000,0.799457
40512.24000,0.799455
40512.25000,0.799453
40512.26000,0.799451
40512.27000,0.799448
40512.28000,0.799407
40512.29000,0.799374
40512.30000,0.799416
40512.31000,0.799565
40512.32000,0.799828
40512.33000,0.800197
40512.34000,0.800665
40512.35000,0.801211
40512.36000,0.801786
40512.37000,0.802332
40512.38000,0.802799
40512.39000,0.803251
40512.40000,0.803291
40512.41000,0.803047
40512.42000,0.802804
40512.43000,0.80256
40512.44000,0.802316
40512.45000,0.802073
40512.46000,0.801829
40512.47000,0.801585
40512.48000,0.801342
40512.49000,0.801098
40512.50000,0.800904
40512.51000,0.800744
40512.52000,0.800584
40512.53000,0.800424
40512.54000,0.800263
40512.55000,0.800103
40512.56000,0.799943
40512.57000,0.799783
40512.58000,0.799623
40512.59000,0.799462
40512.60000,0.799302
40512.61000,0.799142
40512.62000,0.798982
40512.63000,0.798864
40512.64000,0.798862
40512.65000,0.79886
40512.66000,0.798858
40512.67000,0.798856
40512.68000,0.798854
40512.69000,0.798852
40512.70000,0.79885
40512.71000,0.798848
40512.72000,0.798846
40512.73000,0.798844
40512.74000,0.798842
40512.75000,0.79884
40512.76000,0.798838
40512.77000,0.798836
40512.78000,0.798834
40512.79000,0.798863
40512.80000,0.798985
40512.81000,0.799239
40512.82000,0.799567
40512.83000,0.799912
40512.84000,0.800229
40512.85000,0.800482
40512.86000,0.80079
40512.87000,0.800735
40512.88000,0.800681
40512.89000,0.800626
40512.90000,0.800572
40512.91000,0.800517
40512.92000,0.800463
40512.93000,0.800408
40512.94000,0.800354
40512.95000,0.800299
40512.96000,0.800245
40512.97000,0.800197
40512.98000,0.80015
40512.99000,0.800103
40513.00000,0.800055
40513.01000,0.800008
40513.02000,0.799961
40513.03000,0.799913
40513.04000,0.799866
40513.05000,0.799819
40513.06000,0.799771
40513.07000,0.799724
40513.08000,0.799677
40513.09000,0.799629
40513.10000,0.799614
40513.11000,0.799616
40513.12000,0.799617
40513.13000,0.799618
40513.14000,0.79962
40513.15000,0.799621
40513.16000,0.799623
40513.17000,0.799624
40513.18000,0.799625
40513.19000,0.799627
40513.20000,0.800164
40513.21000,0.801794
40513.22000,0.80513
40513.23000,0.810683
40513.24000,0.818881
40513.25000,0.829893
40513.26000,0.843703
40513.27000,0.860192
40513.28000,0.877139
40513.29000,0.893584
40513.30000,0.909069
40513.31000,0.92337
40513.32000,0.936153
40513.33000,0.947252
40513.34000,0.956622
40513.35000,0.964272
40513.36000,0.972499
40513.37000,0.983788
40513.38000,0.999293
40513.39000,1.01952
40513.40000,1.04144
40513.41000,1.05999
40513.42000,1.07399
40513.43000,1.08318
40513.44000,1.0882
40513.45000,1.09086
40513.46000,1.09172
40513.47000,1.09113
40513.48000,1.06586
40513.49000,1.06333
40513.50000,1.06079
40513.51000,1.05825
40513.52000,1.05571
40513.53000,1.05317
40513.54000,1.05064
40513.55000,1.0481
40513.56000,1.04556
40513.57000,1.04302
40513.58000,1.04048
40513.59000,1.03886
40513.60000,1.03723
40513.61000,1.0356
40513.62000,1.03397
40513.63000,1.03235
40513.64000,1.03072
40513.65000,1.02909
40513.66000,1.02746
40513.67000,1.02584
40513.68000,1.02421
40513.69000,1.02258
40513.70000,1.02095
40513.71000,1.01933
40513.72000,1.01807
40513.73000,1.01699
40513.74000,1.01591
40513.75000,1.01484
40513.76000,1.01376
40513.77000,1.01269
40513.78000,1.01161
40513.79000,1.01054
40513.80000,1.00946
40513.81000,1.00838
40513.82000,1.00731
40513.83000,1.00623
40513.84000,1.00516
40513.85000,1.00408
40513.86000,1.003
40513.87000,1.00193
40513.88000,1.00085
40513.89000,0.999778
40513.90000,0.999036
40513.91000,0.998336
40513.92000,0.997636
40513.93000,0.996936
40513.94000,0.996236
40513.95000,0.995537
40513.96000,0.994837
40513.97000,0.994137
40513.98000,0.993437
40513.99000,0.992737
40514.00000,0.992037
40514.01000,0.991337
40514.02000,0.990637
40514.03000,0.989937
40514.04000,0.989238
40514.05000,0.988538
40514.06000,0.987838
40514.07000,0.987138
40514.08000,0.986438
40514.09000,0.985738
40514.10000,0.985038
40514.11000,0.984338
40514.12000,0.983638
40514.13000,0.982957
40514.14000,0.982359
40514.15000,0.981761
40514.16000,0.981162
40514.17000,0.980564
40514.18000,0.979966
40514.19000,0.979367
40514.20000,0.978769
40514.21000,0.978171
40514.22000,0.977573
40514.23000,0.976974
40514.24000,0.976376
40514.25000,0.975778
40514.26000,0.975179
40514.27000,0.974581
40514.28000,0.973983
40514.29000,0.973384
40514.30000,0.972786
40514.31000,0.972188
40514.32000,0.971589
40514.33000,0.970991
40514.34000,0.970393
40514.35000,0.969795
40514.36000,0.969196
40514.37000,0.968598
40514.38000,0.968
40514.39000,0.967401
40514.40000,0.966803
40514.41000,0.966205
40514.42000,0.965606
40514.43000,0.965008
40514.44000,0.96441
40514.45000,0.964031
40514.46000,0.963812
40514.47000,0.963593
40514.48000,0.963374
40514.49000,0.963155
40514.50000,0.962935
40514.51000,0.962716
40514.52000,0.962497
40514.53000,0.962278
40514.54000,0.962059
40514.55000,0.961839
40514.56000,0.96162
40514.57000,0.961401
40514.58000,0.961182
40514.59000,0.960963
40514.60000,0.960743
40514.61000,0.960524
40514.62000,0.960305
40514.63000,0.960086
40514.64000,0.959866
40514.65000,0.959647
40514.66000,0.959428
40514.67000,0.959209
40514.68000,0.95899
40514.69000,0.95877
40514.70000,0.958551
40514.71000,0.958332
40514.72000,0.958113
40514.73000,0.957894
40514.74000,0.957674
40514.75000,0.957455
40514.76000,0.957236
40514.77000,0.957017
40514.78000,0.956798
40514.79000,0.956578
40514.80000,0.956359
40514.81000,0.95614
40514.82000,0.955921
40514.83000,0.955702
40514.84000,0.955482
40514.85000,0.955263
40514.86000,0.955044
40514.87000,0.954845
40514.88000,0.954671
40514.89000,0.954498
40514.90000,0.954325
40514.91000,0.954151
40514.92000,0.953978
40514.93000,0.953804
40514.94000,0.953631
40514.95000,0.953458
40514.96000,0.953284
40514.97000,0.953111
40514.98000,0.952937
40514.99000,0.952764
40515.00000,0.952591
40515.01000,0.952417
40515.02000,0.952244
40515.03000,0.95207
40515.04000,0.951897
40515.05000,0.951724
40515.06000,0.95155
40515.07000,0.951377
40515.08000,0.951203
40515.09000,0.95103
40515.10000,0.950857
40515.11000,0.950683
40515.12000,0.95051
40515.13000,0.950336
40515.14000,0.950163
40515.15000,0.949989
40515.16000,0.949816
40515.17000,0.949643
40515.18000,0.949469
40515.19000,0.949296
40515.20000,0.949122
40515.21000,0.948949
40515.22000,0.948776
40515.23000,0.948602
40515.24000,0.948429
40515.25000,0.948255
40515.26000,0.948082
40515.27000,0.947909
40515.28000,0.947735
40515.29000,0.94757
40515.30000,0.947426
40515.31000,0.947281
40515.32000,0.947136
40515.33000,0.946991
40515.34000,0.946846
40515.35000,0.946702
40515.36000,0.946557
40515.37000,0.946412
40515.38000,0.946267
40515.39000,0.946122
40515.40000,0.945977
40515.41000,0.945833
40515.42000,0.945688
40515.43000,0.945543
40515.44000,0.945398
40515.45000,0.945253
40515.46000,0.945109
40515.47000,0.944964
40515.48000,0.944819
40515.49000,0.944674
40515.50000,0.944529
40515.51000,0.944385
40515.52000,0.94424
40515.53000,0.944095
40515.54000,0.94395
40515.55000,0.943805
40515.56000,0.94366
40515.57000,0.943516
40515.58000,0.943371
40515.59000,0.943226
40515.60000,0.943081
40515.61000,0.942936
40515.62000,0.942792
40515.63000,0.942647
40515.64000,0.942502
40515.65000,0.942357
40515.66000,0.942212
40515.67000,0.942067
40515.68000,0.941923
40515.69000,0.941778
40515.70000,0.941633
40515.71000,0.941491
40515.72000,0.941365
40515.73000,0.941239
40515.74000,0.941113
40515.75000,0.940987
40515.76000,0.940861
40515.77000,0.940734
40515.78000,0.940608
40515.79000,0.940482
40515.80000,0.940356
40515.81000,0.94023
40515.82000,0.940104
40515.83000,0.939978
40515.84000,0.939852
40515.85000,0.939725
40515.86000,0.939599
40515.87000,0.939473
40515.88000,0.939347
40515.89000,0.939221
40515.90000,0.939095
40515.91000,0.938969
40515.92000,0.938843
40515.93000,0.938716
40515.94000,0.93859
40515.95000,0.938464
40515.96000,0.938338
40515.97000,0.938212
40515.98000,0.938086
40515.99000,0.93796
40516.00000,0.937834
40516.01000,0.937708
40516.02000,0.937581
40516.03000,0.937455
40516.04000,0.937329
40516.05000,0.937203
40516.06000,0.937077
40516.07000,0.936951
40516.08000,0.936825
40516.09000,0.936699
40516.10000,0.936572
40516.11000,0.936446
40516.12000,0.93632
40516.13000,0.936191
40516.14000,0.935931
40516.15000,0.935671
40516.16000,0.935411
40516.17000,0.935151
40516.18000,0.934891
40516.19000,0.93463
40516.20000,0.93437
40516.21000,0.93411
40516.22000,0.93385
40516.23000,0.93359
40516.24000,0.93333
40516.25000,0.93307
40516.26000,0.93281
40516.27000,0.932549
40516.28000,0.932289
40516.29000,0.932029
40516.30000,0.931769
40516.31000,0.931509
40516.32000,0.931249
40516.33000,0.930989
40516.34000,0.930729
40516.35000,0.930468
40516.36000,0.930208
40516.37000,0.929948
40516.38000,0.929688
40516.39000,0.929428
40516.40000,0.929168
40516.41000,0.928908
40516.42000,0.928648
40516.43000,0.928387
40516.44000,0.928127
40516.45000,0.927867
40516.46000,0.927607
40516.47000,0.927347
40516.48000,0.927087
40516.49000,0.926827
40516.50000,0.926567
40516.51000,0.926306
40516.52000,0.926046
40516.53000,0.925786
40516.54000,0.925526
40516.55000,0.925266
40516.56000,0.925146
40516.57000,0.925045
40516.58000,0.924944
40516.59000,0.924842
40516.60000,0.924741
40516.61000,0.92464
40516.62000,0.924539
40516.63000,0.924438
40516.64000,0.924337
40516.65000,0.924236
40516.66000,0.924135
40516.67000,0.924034
40516.68000,0.923932
40516.69000,0.923831
40516.70000,0.92373
40516.71000,0.923629
40516.72000,0.923528
40516.73000,0.923427
40516.74000,0.923326
40516.75000,0.923225
40516.76000,0.923123
40516.77000,0.923022
40516.78000,0.922921
40516.79000,0.92282
40516.80000,0.922719
40516.81000,0.922618
40516.82000,0.922517
40516.83000,0.922416
40516.84000,0.922315
40516.85000,0.922213
40516.86000,0.922112
40516.87000,0.922011
40516.88000,0.92191
40516.89000,0.921809
40516.90000,0.921708
40516.91000,0.921607
40516.92000,0.921506
40516.93000,0.921405
40516.94000,0.921303
40516.95000,0.921202
40516.96000,0.921101
40516.97000,0.921
40516.98000,0.920819
40516.99000,0.92061
40517.00000,0.920401
40517.01000,0.920192
40517.02000,0.919983
40517.03000,0.919774
40517.04000,0.919565
40517.05000,0.919356
40517.06000,0.919147
40517.07000,0.918938
40517.08000,0.918729
40517.09000,0.91852
40517.10000,0.918311
40517.11000,0.918101
40517.12000,0.917892
40517.13000,0.917683
40517.14000,0.917474
40517.15000,0.917265
40517.16000,0.917056
40517.17000,0.916847
40517.18000,0.916638
40517.19000,0.916429
40517.20000,0.91622
40517.21000,0.916011
40517.22000,0.915802
40517.23000,0.915593
40517.24000,0.915384
40517.25000,0.915175
40517.26000,0.914966
40517.27000,0.914757
40517.28000,0.914548
40517.29000,0.914339
40517.30000,0.91413
40517.31000,0.913921
40517.32000,0.913712
40517.33000,0.913503
40517.34000,0.913294
40517.35000,0.913085
40517.36000,0.912876
40517.37000,0.912666
40517.38000,0.912457
40517.39000,0.912248
40517.40000,0.912105
40517.41000,0.912004
40517.42000,0.911904
40517.43000,0.911804
40517.44000,0.911704
40517.45000,0.911603
40517.46000,0.911503
40517.47000,0.911403
40517.48000,0.911303
40517.49000,0.911202
40517.50000,0.911102
40517.51000,0.911002
40517.52000,0.910902
40517.53000,0.910801
40517.54000,0.910701
40517.55000,0.910601
40517.56000,0.9105
40517.57000,0.9104
40517.58000,0.9103
40517.59000,0.9102
40517.60000,0.910099
40517.61000,0.909999
40517.62000,0.909899
40517.63000,0.909799
40517.64000,0.909698
40517.65000,0.909598
40517.66000,0.909498
40517.67000,0.909398
40517.68000,0.909297
40517.69000,0.909197
40517.70000,0.909097
40517.71000,0.908996
40517.72000,0.908896
40517.73000,0.908796
40517.74000,0.908696
40517.75000,0.908595
40517.76000,0.908495
40517.77000,0.908395
40517.78000,0.908295
40517.79000,0.908194
40517.80000,0.908094
40517.81000,0.907994
40517.82000,0.907894
40517.83000,0.907793
40517.84000,0.907693
40517.85000,0.907593
40517.86000,0.907493
40517.87000,0.907393
40517.88000,0.907293
40517.89000,0.907192
40517.90000,0.907092
40517.91000,0.906992
40517.92000,0.906892
40517.93000,0.906792
40517.94000,0.906692
40517.95000,0.906592
40517.96000,0.906491
40517.97000,0.906391
40517.98000,0.906291
40517.99000,0.906191
40518.00000,0.906091
40518.01000,0.905991
40518.02000,0.90589
40518.03000,0.90579
40518.04000,0.90569
40518.05000,0.90559
40518.06000,0.90549
40518.07000,0.90539
40518.08000,0.90529
40518.09000,0.905189
40518.10000,0.905089
40518.11000,0.904989
40518.12000,0.904889
40518.13000,0.904789
40518.14000,0.904689
40518.15000,0.904588
40518.16000,0.904488
40518.17000,0.904388
40518.18000,0.904288
40518.19000,0.904188
40518.20000,0.904088
40518.21000,0.903987
40518.22000,0.903887
40518.23000,0.903787
40518.24000,0.903673
40518.25000,0.903529
40518.26000,0.903386
40518.27000,0.903242
40518.28000,0.903098
40518.29000,0.902954
40518.30000,0.902811
40518.31000,0.902667
40518.32000,0.902523
40518.33000,0.90238
40518.34000,0.902236
40518.35000,0.902092
40518.36000,0.901949
40518.37000,0.901805
40518.38000,0.901661
40518.39000,0.901517
40518.40000,0.901374
40518.41000,0.90123
40518.42000,0.901086
40518.43000,0.900943
40518.44000,0.900799
40518.45000,0.900655
40518.46000,0.900511
40518.47000,0.900368
40518.48000,0.900224
40518.49000,0.90008
40518.50000,0.899937
40518.51000,0.899793
40518.52000,0.899649
40518.53000,0.899506
40518.54000,0.899362
40518.55000,0.899218
40518.56000,0.899074
40518.57000,0.898931
40518.58000,0.898787
40518.59000,0.898643
40518.60000,0.8985
40518.61000,0.898356
40518.62000,0.898212
40518.63000,0.898068
40518.64000,0.897925
40518.65000,0.897781
40518.66000,0.897645
40518.67000,0.897545
40518.68000,0.897444
40518.69000,0.897344
40518.70000,0.897244
40518.71000,0.897143
40518.72000,0.897043
40518.73000,0.896943
40518.74000,0.896842
40518.75000,0.896742
40518.76000,0.896642
40518.77000,0.896541
40518.78000,0.896441
40518.79000,0.896341
40518.80000,0.89624
40518.81000,0.89614
40518.82000,0.896039
40518.83000,0.895939
40518.84000,0.895839
40518.85000,0.895738
40518.86000,0.895638
40518.87000,0.895538
40518.88000,0.895437
40518.89000,0.895337
40518.90000,0.895237
40518.91000,0.895136
40518.92000,0.895036
40518.93000,0.894936
40518.94000,0.894835
40518.95000,0.894735
40518.96000,0.894634
40518.97000,0.894534
40518.98000,0.894434
40518.99000,0.894333
40519.00000,0.894233
40519.01000,0.894133
40519.02000,0.894032
40519.03000,0.893932
40519.04000,0.893832
40519.05000,0.893731
40519.06000,0.893631
40519.07000,0.893531
40519.08000,0.893423
40519.09000,0.893152
40519.10000,0.89288
40519.11000,0.892608
40519.12000,0.892337
40519.13000,0.892065
40519.14000,0.891793
40519.15000,0.891522
40519.16000,0.89125
40519.17000,0.890978
40519.18000,0.890707
40519.19000,0.890435
40519.20000,0.890163
40519.21000,0.889892
40519.22000,0.88962
40519.23000,0.889348
40519.24000,0.889077
40519.25000,0.888805
40519.26000,0.888533
40519.27000,0.888262
40519.28000,0.88799
40519.29000,0.887719
40519.30000,0.887447
40519.31000,0.887175
40519.32000,0.886904
40519.33000,0.886632
40519.34000,0.88636
40519.35000,0.886089
40519.36000,0.885817
40519.37000,0.885545
40519.38000,0.885274
40519.39000,0.885002
40519.40000,0.88473
40519.41000,0.884459
40519.42000,0.884187
40519.43000,0.883915
40519.44000,0.883644
40519.45000,0.883372
40519.46000,0.883101
40519.47000,0.882829
40519.48000,0.882557
40519.49000,0.882286
40519.50000,0.882014
40519.51000,0.881896
40519.52000,0.881796
40519.53000,0.881695
40519.54000,0.881594
40519.55000,0.881493
40519.56000,0.881393
40519.57000,0.881292
40519.58000,0.881191
40519.59000,0.88109
40519.60000,0.88099
40519.61000,0.880889
40519.62000,0.880788
40519.63000,0.880687
40519.64000,0.880587
40519.65000,0.880486
40519.66000,0.880385
40519.67000,0.880285
40519.68000,0.880184
40519.69000,0.880083
40519.70000,0.879982
40519.71000,0.879882
40519.72000,0.879781
40519.73000,0.87968
40519.74000,0.879579
40519.75000,0.879479
40519.76000,0.879378
40519.77000,0.879277
40519.78000,0.879176
40519.79000,0.879076
40519.80000,0.878975
40519.81000,0.878874
40519.82000,0.878774
40519.83000,0.878673
40519.84000,0.878572
40519.85000,0.878471
40519.86000,0.878371
40519.87000,0.87827
40519.88000,0.878169
40519.89000,0.878068
40519.90000,0.877968
40519.91000,0.877867
40519.92000,0.877766
40519.93000,0.877633
40519.94000,0.877489
40519.95000,0.877345
40519.96000,0.877201
40519.97000,0.877057
40519.98000,0.876913
40519.99000,0.876769
40520.00000,0.876625
40520.01000,0.876481
40520.02000,0.876337
40520.03000,0.876193
40520.04000,0.876049
40520.05000,0.875905
40520.06000,0.875761
40520.07000,0.875617
40520.08000,0.875473
40520.09000,0.875329
40520.10000,0.875185
40520.11000,0.875041
40520.12000,0.874897
40520.13000,0.874753
40520.14000,0.87461
40520.15000,0.874466
40520.16000,0.874322
40520.17000,0.874178
40520.18000,0.874034
40520.19000,0.87389
40520.20000,0.873746
40520.21000,0.873602
40520.22000,0.873458
40520.23000,0.873314
40520.24000,0.87317
40520.25000,0.873026
40520.26000,0.872882
40520.27000,0.872738
40520.28000,0.872594
40520.29000,0.87245
40520.30000,0.872306
40520.31000,0.872162
40520.32000,0.872018
40520.33000,0.871874
40520.34000,0.87173
40520.35000,0.871613
40520.36000,0.871512
40520.37000,0.871411
40520.38000,0.87131
40520.39000,0.871209
40520.40000,0.871109
40520.41000,0.871008
40520.42000,0.870907
40520.43000,0.870806
40520.44000,0.870705
40520.45000,0.870604
40520.46000,0.870503
40520.47000,0.870402
40520.48000,0.870301
40520.49000,0.8702
40520.50000,0.870099
40520.51000,0.869998
40520.52000,0.869897
40520.53000,0.869796
40520.54000,0.869695
40520.55000,0.869594
40520.56000,0.869493
40520.57000,0.869393
40520.58000,0.869292
40520.59000,0.869191
40520.60000,0.86909
40520.61000,0.868989
40520.62000,0.868888
40520.63000,0.868787
40520.64000,0.868686
40520.65000,0.868585
40520.66000,0.868484
40520.67000,0.868383
40520.68000,0.868282
40520.69000,0.868181
40520.70000,0.86808
40520.71000,0.867979
40520.72000,0.867878
40520.73000,0.867777
40520.74000,0.867677
40520.75000,0.867576
40520.76000,0.867475
40520.77000,0.867374
40520.78000,0.867273
40520.79000,0.867172
40520.80000,0.867071
40520.81000,0.86697
40520.82000,0.866869
40520.83000,0.866769
40520.84000,0.866668
40520.85000,0.866567
40520.86000,0.866466
40520.87000,0.866365
40520.88000,0.866264
40520.89000,0.866163
40520.90000,0.866062
40520.91000,0.865962
40520.92000,0.865861
40520.93000,0.86576
40520.94000,0.865659
40520.95000,0.865558
40520.96000,0.865457
40520.97000,0.865356
40520.98000,0.865255
40520.99000,0.865155
40521.00000,0.865054
40521.01000,0.864953
40521.02000,0.864852
40521.03000,0.864751
40521.04000,0.86465
40521.05000,0.864549
40521.06000,0.864448
40521.07000,0.864348
40521.08000,0.864247
40521.09000,0.864146
40521.10000,0.864045
40521.11000,0.863944
40521.12000,0.863843
40521.13000,0.863742
40521.14000,0.863642
40521.15000,0.863541
40521.16000,0.86344
40521.17000,0.863339
40521.18000,0.863238
40521.19000,0.863101
40521.20000,0.862894
40521.21000,0.862687
40521.22000,0.86248
40521.23000,0.862273
40521.24000,0.862066
40521.25000,0.861859
40521.26000,0.861652
40521.27000,0.861445
40521.28000,0.861239
40521.29000,0.861032
40521.30000,0.860825
40521.31000,0.860618
40521.32000,0.860411
40521.33000,0.860204
40521.34000,0.859997
40521.35000,0.85979
40521.36000,0.859583
40521.37000,0.859376
40521.38000,0.859169
40521.39000,0.858962
40521.40000,0.858755
40521.41000,0.858548
40521.42000,0.858341
40521.43000,0.858134
40521.44000,0.857927
40521.45000,0.857721
40521.46000,0.857514
40521.47000,0.857307
40521.48000,0.8571
40521.49000,0.856893
40521.50000,0.856686
40521.51000,0.856479
40521.52000,0.856272
40521.53000,0.856065
40521.54000,0.855858
40521.55000,0.855651
40521.56000,0.855444
40521.57000,0.855237
40521.58000,0.85503
40521.59000,0.854823
40521.60000,0.854616
40521.61000,0.854431
40521.62000,0.85433
40521.63000,0.854229
40521.64000,0.854128
40521.65000,0.854027
40521.66000,0.853926
40521.67000,0.853824
40521.68000,0.853723
40521.69000,0.853622
40521.70000,0.853521
40521.71000,0.85342
40521.72000,0.853319
40521.73000,0.853218
40521.74000,0.853117
40521.75000,0.853016
40521.76000,0.852915
40521.77000,0.852814
40521.78000,0.852713
40521.79000,0.852612
40521.80000,0.852511
40521.81000,0.85241
40521.82000,0.852309
40521.83000,0.852207
40521.84000,0.852106
40521.85000,0.852005
40521.86000,0.851904
40521.87000,0.851803
40521.88000,0.851702
40521.89000,0.851601
40521.90000,0.8515
40521.91000,0.851399
40521.92000,0.851298
40521.93000,0.851197
40521.94000,0.851096
40521.95000,0.850995
40521.96000,0.850894
40521.97000,0.850793
40521.98000,0.850691
40521.99000,0.85059
40522.00000,0.850489
40522.01000,0.850388
40522.02000,0.850287
40522.03000,0.850177
40522.04000,0.849926
40522.05000,0.849675
40522.06000,0.849423
40522.07000,0.849172
40522.08000,0.848921
40522.09000,0.84867
40522.10000,0.848419
40522.11000,0.848168
40522.12000,0.847916
40522.13000,0.847665
40522.14000,0.847414
40522.15000,0.847163
40522.16000,0.846912
40522.17000,0.846661
40522.18000,0.84641
40522.19000,0.846158
40522.20000,0.845907
40522.21000,0.845656
40522.22000,0.845405
40522.23000,0.845154
40522.24000,0.844903
40522.25000,0.844651
40522.26000,0.8444
40522.27000,0.844149
40522.28000,0.843898
40522.29000,0.843647
40522.30000,0.843396
40522.31000,0.843144
40522.32000,0.842893
40522.33000,0.842642
40522.34000,0.842391
40522.35000,0.84214
40522.36000,0.841889
40522.37000,0.841637
40522.38000,0.841386
40522.39000,0.841135
40522.40000,0.840884
40522.41000,0.840633
40522.42000,0.840382
40522.43000,0.840131
40522.44000,0.839879
40522.45000,0.839628
40522.46000,0.839498
40522.47000,0.839377
40522.48000,0.839257
40522.49000,0.839137
40522.50000,0.839017
40522.51000,0.838896
40522.52000,0.838776
40522.53000,0.838656
40522.54000,0.838536
40522.55000,0.838415
40522.56000,0.838295
40522.57000,0.838175
40522.58000,0.838054
40522.59000,0.837934
40522.60000,0.837814
40522.61000,0.837694
40522.62000,0.837573
40522.63000,0.837453
40522.64000,0.837333
40522.65000,0.837213
40522.66000,0.837092
40522.67000,0.836972
40522.68000,0.836852
40522.69000,0.836731
40522.70000,0.836611
40522.71000,0.836491
40522.72000,0.836371
40522.73000,0.83625
40522.74000,0.83613
40522.75000,0.83601
40522.76000,0.83589
40522.77000,0.835769
40522.78000,0.835649
40522.79000,0.835529
40522.80000,0.835408
40522.81000,0.835288
40522.82000,0.835168
40522.83000,0.835048
40522.84000,0.834927
40522.85000,0.834807
40522.86000,0.834687
40522.87000,0.834567
40522.88000,0.834405
40522.89000,0.834232
40522.90000,0.834059
40522.91000,0.833886
40522.92000,0.833713
40522.93000,0.833539
40522.94000,0.833366
40522.95000,0.833193
40522.96000,0.83302
40522.97000,0.832847
40522.98000,0.832674
40522.99000,0.832501
40523.00000,0.832328
40523.01000,0.832155
40523.02000,0.831982
40523.03000,0.831809
40523.04000,0.831635
40523.05000,0.831462
40523.06000,0.831289
40523.07000,0.831116
40523.08000,0.830943
40523.09000,0.83077
40523.10000,0.830597
40523.11000,0.830424
40523.12000,0.830251
40523.13000,0.830078
40523.14000,0.829904
40523.15000,0.829731
40523.16000,0.829558
40523.17000,0.829385
40523.18000,0.829212
40523.19000,0.829039
40523.20000,0.828866
40523.21000,0.828693
40523.22000,0.82852
40523.23000,0.828347
40523.24000,0.828174
40523.25000,0.828
40523.26000,0.827827
40523.27000,0.827654
40523.28000,0.827481
40523.29000,0.827308
40523.30000,0.827135
40523.31000,0.826962
40523.32000,0.826789
40523.33000,0.826616
40523.34000,0.826443
40523.35000,0.82627
40523.36000,0.826096
40523.37000,0.825923
40523.38000,0.825884
40523.39000,0.825883
40523.40000,0.825881
40523.41000,0.82588
40523.42000,0.825878
40523.43000,0.825877
40523.44000,0.825875
40523.45000,0.825874
40523.46000,0.825872
40523.47000,0.82587
40523.48000,0.825869
40523.49000,0.825867
40523.50000,0.825866
40523.51000,0.825864
40523.52000,0.825863
40523.53000,0.825861
40523.54000,0.82586
40523.55000,0.825858
40523.56000,0.825856
40523.57000,0.825855
40523.58000,0.825853
40523.59000,0.825852
40523.60000,0.82585
40523.61000,0.825849
40523.62000,0.825847
40523.63000,0.825846
40523.64000,0.825844
40523.65000,0.825842
40523.66000,0.825841
40523.67000,0.825839
40523.68000,0.825838
40523.69000,0.825836
40523.70000,0.825835
40523.71000,0.825833
40523.72000,0.825832
40523.73000,0.82583
40523.74000,0.825829
40523.75000,0.825827
40523.76000,0.825825
40523.77000,0.825824
40523.78000,0.825822
40523.79000,0.825821
40523.80000,0.825819
40523.81000,0.825818
40523.82000,0.825816
40523.83000,0.825815
40523.84000,0.825813
40523.85000,0.825811
40523.86000,0.82581
40523.87000,0.825821
40523.88000,0.826003
40523.89000,0.826464
40523.90000,0.827252
40523.91000,0.828319
40523.92000,0.829635
40523.93000,0.831161
40523.94000,0.832835
40523.95000,0.834541
40523.96000,0.836205
40523.97000,0.837773
40523.98000,0.83922
40523.99000,0.840689
40524.00000,0.842236
40524.01000,0.843908
40524.02000,0.845742
40524.03000,0.84786
40524.04000,0.850343
40524.05000,0.853255
40524.06000,0.856644
40524.07000,0.860295
40524.08000,0.864026
40524.09000,0.867733
40524.10000,0.871339
40524.11000,0.875444
40524.12000,0.880807
40524.13000,0.887875
40524.14000,0.896975
40524.15000,0.907599
40524.16000,0.918571
40524.17000,0.929393
40524.18000,0.939759
40524.19000,0.949328
40524.20000,0.957478
40524.21000,0.964025
40524.22000,0.968907
40524.23000,0.976766
40524.24000,0.977027
40524.25000,0.977289
40524.26000,0.977551
40524.27000,0.977813
40524.28000,0.978075
40524.29000,0.979195
40524.30000,0.980171
40524.31000,0.981035
40524.32000,0.981805
40524.33000,0.982496
40524.34000,0.98312
40524.35000,0.983688
40524.36000,0.984163
40524.37000,0.984506
40524.38000,0.984696
40524.39000,0.984725
40524.40000,0.981789
40524.41000,0.981734
40524.42000,0.981679
40524.43000,0.981623
40524.44000,0.981568
40524.45000,0.981513
40524.46000,0.981457
40524.47000,0.981402
40524.48000,0.981347
40524.49000,0.980935
40524.50000,0.980583
40524.51000,0.980318
40524.52000,0.980169
40524.53000,0.980473
40524.54000,0.981522
40524.55000,0.983594
40524.56000,0.986914
40524.57000,0.99114
40524.58000,0.995928
40524.59000,1.00106
40524.60000,1.00636
40524.61000,1.01205
40524.62000,1.0184
40524.63000,1.02551
40524.64000,1.0334
40524.65000,1.04191
40524.66000,1.05075
40524.67000,1.05977
40524.68000,1.06885
40524.69000,1.07752
40524.70000,1.08435
40524.71000,1.08905
40524.72000,1.09154
40524.73000,1.09197
40524.74000,1.09134
40524.75000,1.08994
40524.76000,1.08799
40524.77000,1.0856
40524.78000,1.0621
40524.79000,1.05977
40524.80000,1.05744
40524.81000,1.05511
40524.82000,1.05278
40524.83000,1.05045
40524.84000,1.04812
40524.85000,1.04579
40524.86000,1.04346
40524.87000,1.04112
40524.88000,1.03879
40524.89000,1.0372
40524.90000,1.0356
40524.91000,1.03401
40524.92000,1.03241
40524.93000,1.03082
40524.94000,1.02922
40524.95000,1.02762
40524.96000,1.02603
40524.97000,1.02443
40524.98000,1.02284
40524.99000,1.02124
40525.00000,1.01964
40525.01000,1.01805
40525.02000,1.01681
40525.03000,1.01576
40525.04000,1.0147
40525.05000,1.01365
40525.06000,1.01259
40525.07000,1.01154
40525.08000,1.01048
40525.09000,1.00942
40525.10000,1.00837
40525.11000,1.00731
40525.12000,1.00626
40525.13000,1.0052
40525.14000,1.00415
40525.15000,1.00309
40525.16000,1.00204
40525.17000,1.00098
40525.18000,0.999926
40525.19000,0.998871
40525.20000,0.998033
40525.21000,0.997223
40525.22000,0.996413
40525.23000,0.995603
40525.24000,0.994793
40525.25000,0.993983
40525.26000,0.993173
40525.27000,0.992362
40525.28000,0.991552
40525.29000,0.990742
40525.30000,0.989932
40525.31000,0.989122
40525.32000,0.988312
40525.33000,0.987502
40525.34000,0.986692
40525.35000,0.985882
40525.36000,0.985071
40525.37000,0.984261
40525.38000,0.983451
40525.39000,0.982641
40525.40000,0.981831
40525.41000,0.981021
40525.42000,0.980211
40525.43000,0.979472
40525.44000,0.97905
40525.45000,0.978628
40525.46000,0.978206
40525.47000,0.977784
40525.48000,0.977362
40525.49000,0.97694
40525.50000,0.976518
40525.51000,0.976096
40525.52000,0.975674
40525.53000,0.975252
40525.54000,0.97483
40525.55000,0.974408
40525.56000,0.973986
40525.57000,0.973564
40525.58000,0.973142
40525.59000,0.97272
40525.60000,0.972298
40525.61000,0.971876
40525.62000,0.971454
40525.63000,0.971032
40525.64000,0.97061
40525.65000,0.970187
40525.66000,0.969765
40525.67000,0.969343
40525.68000,0.968921
40525.69000,0.968499
40525.70000,0.968077
40525.71000,0.967655
40525.72000,0.967233
40525.73000,0.966811
40525.74000,0.966389
40525.75000,0.966078
40525.76000,0.965847
40525.77000,0.965616
40525.78000,0.965385
40525.79000,0.965154
40525.80000,0.964923
40525.81000,0.964692
40525.82000,0.964461
40525.83000,0.96423
40525.84000,0.963999
40525.85000,0.963768
40525.86000,0.963537
40525.87000,0.963306
40525.88000,0.963075
40525.89000,0.962844
40525.90000,0.962613
40525.91000,0.962382
40525.92000,0.962151
40525.93000,0.961919
40525.94000,0.961688
40525.95000,0.961457
40525.96000,0.961226
40525.97000,0.960995
40525.98000,0.960764
40525.99000,0.960533
40526.00000,0.960302
40526.01000,0.960071
40526.02000,0.95984
40526.03000,0.959609
40526.04000,0.959378
40526.05000,0.959147
40526.06000,0.958916
40526.07000,0.958685
40526.08000,0.958454
40526.09000,0.958223
40526.10000,0.957992
40526.11000,0.957761
40526.12000,0.95753
40526.13000,0.957299
40526.14000,0.957068
40526.15000,0.956837
40526.16000,0.956606
40526.17000,0.956351
40526.18000,0.956065
40526.19000,0.95578
40526.20000,0.955494
40526.21000,0.955208
40526.22000,0.954923
40526.23000,0.954637
40526.24000,0.954351
40526.25000,0.954066
40526.26000,0.95378
40526.27000,0.953495
40526.28000,0.953209
40526.29000,0.952923
40526.30000,0.952638
40526.31000,0.952352
40526.32000,0.952066
40526.33000,0.951781
40526.34000,0.951495
40526.35000,0.95121
40526.36000,0.950924
40526.37000,0.950638
40526.38000,0.950353
40526.39000,0.950067
40526.40000,0.949781
40526.41000,0.949496
40526.42000,0.94921
40526.43000,0.948924
40526.44000,0.948639
40526.45000,0.948353
40526.46000,0.948068
40526.47000,0.947782
40526.48000,0.947496
40526.49000,0.947211
40526.50000,0.946925
40526.51000,0.946639
40526.52000,0.946354
40526.53000,0.946068
40526.54000,0.945782
40526.55000,0.945497
40526.56000,0.945211
40526.57000,0.944926
40526.58000,0.94464
40526.59000,0.9444
40526.60000,0.944265
40526.61000,0.944131
40526.62000,0.943996
40526.63000,0.943862
40526.64000,0.943727
40526.65000,0.943593
40526.66000,0.943458
40526.67000,0.943324
40526.68000,0.943189
40526.69000,0.943055
40526.70000,0.94292
40526.71000,0.942786
40526.72000,0.942651
40526.73000,0.942517
40526.74000,0.942382
40526.75000,0.942248
40526.76000,0.942113
40526.77000,0.941979
40526.78000,0.941844
40526.79000,0.94171
40526.80000,0.941575
40526.81000,0.941441
40526.82000,0.941306
40526.83000,0.941172
40526.84000,0.941037
40526.85000,0.940903
40526.86000,0.940768
40526.87000,0.940634
40526.88000,0.940499
40526.89000,0.940365
40526.90000,0.94023
40526.91000,0.940096
40526.92000,0.939961
40526.93000,0.939827
40526.94000,0.939692
40526.95000,0.939558
40526.96000,0.939423
40526.97000,0.939289
40526.98000,0.939154
40526.99000,0.93902
40527.00000,0.938885
40527.01000,0.938733
40527.02000,0.938485
40527.03000,0.938238
40527.04000,0.93799
40527.05000,0.937743
40527.06000,0.937495
40527.07000,0.937247
40527.08000,0.937
40527.09000,0.936752
40527.10000,0.936505
40527.11000,0.936257
40527.12000,0.93601
40527.13000,0.935762
40527.14000,0.935515
40527.15000,0.935267
40527.16000,0.935019
40527.17000,0.934772
40527.18000,0.934524
40527.19000,0.934277
40527.20000,0.934029
40527.21000,0.933782
40527.22000,0.933534
40527.23000,0.933287
40527.24000,0.933039
40527.25000,0.932791
40527.26000,0.932544
40527.27000,0.932296
40527.28000,0.932049
40527.29000,0.931801
40527.30000,0.931554
40527.31000,0.931306
40527.32000,0.931059
40527.33000,0.930811
40527.34000,0.930563
40527.35000,0.930316
40527.36000,0.930068
40527.37000,0.929821
40527.38000,0.929573
40527.39000,0.929326
40527.40000,0.929078
40527.41000,0.928831
40527.42000,0.928583
40527.43000,0.928338
40527.44000,0.928235
40527.45000,0.928132
40527.46000,0.928028
40527.47000,0.927925
40527.48000,0.927822
40527.49000,0.927719
40527.50000,0.927615
40527.51000,0.927512
40527.52000,0.927409
40527.53000,0.927305
40527.54000,0.927202
40527.55000,0.927099
40527.56000,0.926995
40527.57000,0.926892
40527.58000,0.926789
40527.59000,0.926685
40527.60000,0.926582
40527.61000,0.926479
40527.62000,0.926375
40527.63000,0.926272
40527.64000,0.926169
40527.65000,0.926066
40527.66000,0.925962
40527.67000,0.925859
40527.68000,0.925756
40527.69000,0.925652
40527.70000,0.925549
40527.71000,0.925446
40527.72000,0.925342
40527.73000,0.925239
40527.74000,0.925136
40527.75000,0.925032
40527.76000,0.924929
40527.77000,0.924826
40527.78000,0.924722
40527.79000,0.924619
40527.80000,0.924516
40527.81000,0.924413
40527.82000,0.924309
40527.83000,0.924206
40527.84000,0.924103
40527.85000,0.923999
40527.86000,0.92396
40527.87000,0.923929
40527.88000,0.923898
40527.89000,0.923867
40527.90000,0.923836
40527.91000,0.923805
40527.92000,0.923774
40527.93000,0.923743
40527.94000,0.923712
40527.95000,0.923682
40527.96000,0.923651
40527.97000,0.92362
40527.98000,0.923589
40527.99000,0.923558
40528.00000,0.923527
40528.01000,0.923496
40528.02000,0.923465
40528.03000,0.923434
40528.04000,0.923403
40528.05000,0.923372
40528.06000,0.923342
40528.07000,0.923311
40528.08000,0.92328
40528.09000,0.923249
40528.10000,0.923218
40528.11000,0.923187
40528.12000,0.923156
40528.13000,0.923125
40528.14000,0.923094
40528.15000,0.923063
40528.16000,0.923032
40528.17000,0.923002
40528.18000,0.922971
40528.19000,0.92294
40528.20000,0.922909
40528.21000,0.922878
40528.22000,0.922847
40528.23000,0.922816
40528.24000,0.922785
40528.25000,0.922754
40528.26000,0.922723
40528.27000,0.922692
40528.28000,0.922674
40528.29000,0.92266
40528.30000,0.922646
40528.31000,0.922632
40528.32000,0.922618
40528.33000,0.922604
40528.34000,0.92259
40528.35000,0.922576
40528.36000,0.922562
40528.37000,0.922548
40528.38000,0.922534
40528.39000,0.92252
40528.40000,0.922507
40528.41000,0.922443
40528.42000,0.922624
40528.43000,0.923212
40528.44000,0.924329
40528.45000,0.925952
40528.46000,0.928063
40528.47000,0.930631
40528.48000,0.948111
40528.49000,0.948845
40528.50000,0.949578
40528.51000,0.950311
40528.52000,0.951044
40528.53000,0.951778
40528.54000,0.955647
40528.55000,0.95972
40528.56000,0.963992
40528.57000,0.968051
40528.58000,0.971611
40528.59000,0.974536
40528.60000,0.976755
40528.61000,0.978399
40528.62000,0.979623
40528.63000,0.980495
40528.64000,0.981065
40528.65000,0.979099
40528.66000,0.978694
40528.67000,0.97829
40528.68000,0.977885
40528.69000,0.97748
40528.70000,0.977075
40528.71000,0.97667
40528.72000,0.976265
40528.73000,0.975861
40528.74000,0.975456
40528.75000,0.975051
40528.76000,0.974637
40528.77000,0.974223
40528.78000,0.973809
40528.79000,0.973396
40528.80000,0.972982
40528.81000,0.972568
40528.82000,0.972154
40528.83000,0.97174
40528.84000,0.971326
40528.85000,0.970912
40528.86000,0.970499
40528.87000,0.970085
40528.88000,0.969671
40528.89000,0.969292
40528.90000,0.96893
40528.91000,0.968569
40528.92000,0.968207
40528.93000,0.967846
40528.94000,0.967485
40528.95000,0.967123
40528.96000,0.966762
40528.97000,0.9664
40528.98000,0.966039
40528.99000,0.965677
40529.00000,0.965316
40529.01000,0.964954
40529.02000,0.964593
40529.03000,0.964231
40529.04000,0.96387
40529.05000,0.963508
40529.06000,0.963147
40529.07000,0.962843
40529.08000,0.962547
40529.09000,0.962251
40529.10000,0.961955
40529.11000,0.961659
40529.12000,0.961363
40529.13000,0.961067
40529.14000,0.960771
40529.15000,0.960475
40529.16000,0.960179
40529.17000,0.959883
40529.18000,0.959587
40529.19000,0.959291
40529.20000,0.958995
40529.21000,0.958699
40529.22000,0.958403
40529.23000,0.958107
40529.24000,0.957811
40529.25000,0.957515
40529.26000,0.957219
40529.27000,0.956922
40529.28000,0.956626
40529.29000,0.95633
40529.30000,0.956039
40529.31000,0.95577
40529.32000,0.955501
40529.33000,0.955232
40529.34000,0.954963
40529.35000,0.954694
40529.36000,0.954425
40529.37000,0.954156
40529.38000,0.953887
40529.39000,0.953618
40529.40000,0.953349
40529.41000,0.95308
40529.42000,0.952811
40529.43000,0.952542
40529.44000,0.952272
40529.45000,0.952003
40529.46000,0.951734
40529.47000,0.951465
40529.48000,0.951196
40529.49000,0.950927
40529.50000,0.950658
40529.51000,0.950389
40529.52000,0.95012
40529.53000,0.949851
40529.54000,0.949582
40529.55000,0.949313
40529.56000,0.949044
40529.57000,0.948775
40529.58000,0.948506
40529.59000,0.948237
40529.60000,0.947968
40529.61000,0.947698
40529.62000,0.947475
40529.63000,0.947283
40529.64000,0.947092
40529.65000,0.946901
40529.66000,0.94671
40529.67000,0.946519
40529.68000,0.946328
40529.69000,0.946137
40529.70000,0.945946
40529.71000,0.945754
40529.72000,0.945563
40529.73000,0.945372
40529.74000,0.945181
40529.75000,0.94499
40529.76000,0.944799
40529.77000,0.944608
40529.78000,0.944417
40529.79000,0.944225
40529.80000,0.944034
40529.81000,0.943843
40529.82000,0.943652
40529.83000,0.943461
40529.84000,0.94327
40529.85000,0.943079
40529.86000,0.942888
40529.87000,0.942696
40529.88000,0.942505
40529.89000,0.942314
40529.90000,0.942123
40529.91000,0.941932
40529.92000,0.941741
40529.93000,0.94155
40529.94000,0.941384
40529.95000,0.941219
40529.96000,0.941054
40529.97000,0.940889
40529.98000,0.940724
40529.99000,0.940559
40530.00000,0.940394
40530.01000,0.940229
40530.02000,0.940064
40530.03000,0.939899
40530.04000,0.939734
40530.05000,0.939569
40530.06000,0.939404
40530.07000,0.939239
40530.08000,0.939074
40530.09000,0.938909
40530.10000,0.938744
40530.11000,0.938579
40530.12000,0.938414
40530.13000,0.938249
40530.14000,0.938084
40530.15000,0.937919
40530.16000,0.937754
40530.17000,0.937589
40530.18000,0.937424
40530.19000,0.937259
40530.20000,0.937094
40530.21000,0.936929
40530.22000,0.936764
40530.23000,0.936599
40530.24000,0.936434
40530.25000,0.936269
40530.26000,0.936104
40530.27000,0.935939
40530.28000,0.935774
40530.29000,0.935609
40530.30000,0.935444
40530.31000,0.935279
40530.32000,0.935114
40530.33000,0.934949
40530.34000,0.934784
40530.35000,0.934619
40530.36000,0.9345
40530.37000,0.934389
40530.38000,0.934278
40530.39000,0.934168
40530.40000,0.934057
40530.41000,0.933946
40530.42000,0.933836
40530.43000,0.933725
40530.44000,0.933614
40530.45000,0.933503
40530.46000,0.933393
40530.47000,0.933282
40530.48000,0.933171
40530.49000,0.933061
40530.50000,0.93295
40530.51000,0.932839
40530.52000,0.932729
40530.53000,0.932618
40530.54000,0.932507
40530.55000,0.932397
40530.56000,0.932286
40530.57000,0.932175
40530.58000,0.932065
40530.59000,0.931954
40530.60000,0.931843
40530.61000,0.931733
40530.62000,0.931622
40530.63000,0.931511
40530.64000,0.931401
40530.65000,0.93129
40530.66000,0.931179
40530.67000,0.931069
40530.68000,0.930958
40530.69000,0.930847
40530.70000,0.930737
40530.71000,0.930626
40530.72000,0.930515
40530.73000,0.930404
40530.74000,0.930294
40530.75000,0.930183
40530.76000,0.930072
40530.77000,0.929962
40530.78000,0.929855
40530.79000,0.929751
40530.80000,0.929647
40530.81000,0.929542
40530.82000,0.929438
40530.83000,0.929333
40530.84000,0.929229
40530.85000,0.929124
40530.86000,0.92902
40530.87000,0.928915
40530.88000,0.928811
40530.89000,0.928706
40530.90000,0.928602
40530.91000,0.928498
40530.92000,0.928393
40530.93000,0.928289
40530.94000,0.928184
40530.95000,0.92808
40530.96000,0.927975
40530.97000,0.927871
40530.98000,0.927766
40530.99000,0.927662
40531.00000,0.927557
40531.01000,0.927453
40531.02000,0.927349
40531.03000,0.927244
40531.04000,0.92714
40531.05000,0.927035
40531.06000,0.926931
40531.07000,0.926826
40531.08000,0.926722
40531.09000,0.926617
40531.10000,0.926513
40531.11000,0.926409
40531.12000,0.926304
40531.13000,0.9262
40531.14000,0.926095
40531.15000,0.925991
40531.16000,0.925886
40531.17000,0.925782
40531.18000,0.925677
40531.19000,0.925573
40531.20000,0.925417
40531.21000,0.92522
40531.22000,0.925023
40531.23000,0.924826
40531.24000,0.924629
40531.25000,0.924432
40531.26000,0.924235
40531.27000,0.924038
40531.28000,0.923841
40531.29000,0.923644
40531.30000,0.923447
40531.31000,0.92325
40531.32000,0.923053
40531.33000,0.922855
40531.34000,0.922658
40531.35000,0.922461
40531.36000,0.922264
40531.37000,0.922067
40531.38000,0.92187
40531.39000,0.921673
40531.40000,0.921476
40531.41000,0.921279
40531.42000,0.921082
40531.43000,0.920885
40531.44000,0.920688
40531.45000,0.920491
40531.46000,0.920294
40531.47000,0.920097
40531.48000,0.9199
40531.49000,0.919703
40531.50000,0.919506
40531.51000,0.919309
40531.52000,0.919112
40531.53000,0.918915
40531.54000,0.918718
40531.55000,0.918521
40531.56000,0.918324
40531.57000,0.918127
40531.58000,0.917929
40531.59000,0.917732
40531.60000,0.917535
40531.61000,0.917338
40531.62000,0.917182
40531.63000,0.917082
40531.64000,0.916982
40531.65000,0.916883
40531.66000,0.916783
40531.67000,0.916683
40531.68000,0.916583
40531.69000,0.916484
40531.70000,0.916384
40531.71000,0.916284
40531.72000,0.916184
40531.73000,0.916085
40531.74000,0.915985
40531.75000,0.915885
40531.76000,0.915785
40531.77000,0.915686
40531.78000,0.915586
40531.79000,0.915486
40531.80000,0.915387
40531.81000,0.915287
40531.82000,0.915187
40531.83000,0.915087
40531.84000,0.914988
40531.85000,0.914888
40531.86000,0.914788
40531.87000,0.914688
40531.88000,0.914589
40531.89000,0.914489
40531.90000,0.914389
40531.91000,0.914289
40531.92000,0.91419
40531.93000,0.91409
40531.94000,0.91399
40531.95000,0.913891
40531.96000,0.913791
40531.97000,0.913691
40531.98000,0.913591
40531.99000,0.913492
40532.00000,0.913392
40532.01000,0.913292
40532.02000,0.913192
40532.03000,0.913093
40532.04000,0.91295
40532.05000,0.912697
40532.06000,0.912443
40532.07000,0.912189
40532.08000,0.911936
40532.09000,0.911682
40532.10000,0.911428
40532.11000,0.911174
40532.12000,0.910921
40532.13000,0.910667
40532.14000,0.910413
40532.15000,0.910159
40532.16000,0.909906
40532.17000,0.909652
40532.18000,0.909398
40532.19000,0.909144
40532.20000,0.908891
40532.21000,0.908637
40532.22000,0.908383
40532.23000,0.90813
40532.24000,0.907876
40532.25000,0.907622
40532.26000,0.907368
40532.27000,0.907115
40532.28000,0.906861
40532.29000,0.906607
40532.30000,0.906353
40532.31000,0.9061
40532.32000,0.905846
40532.33000,0.905592
40532.34000,0.905338
40532.35000,0.905085
40532.36000,0.904831
40532.37000,0.904577
40532.38000,0.904324
40532.39000,0.90407
40532.40000,0.903816
40532.41000,0.903562
40532.42000,0.903309
40532.43000,0.903055
40532.44000,0.902801
40532.45000,0.902547
40532.46000,0.902314
40532.47000,0.902214
40532.48000,0.902114
40532.49000,0.902014
40532.50000,0.901913
40532.51000,0.901813
40532.52000,0.901713
40532.53000,0.901612
40532.54000,0.901512
40532.55000,0.901412
40532.56000,0.901311
40532.57000,0.901211
40532.58000,0.901111
40532.59000,0.90101
40532.60000,0.90091
40532.61000,0.90081
40532.62000,0.90071
40532.63000,0.900609
40532.64000,0.900509
40532.65000,0.900409
40532.66000,0.900308
40532.67000,0.900208
40532.68000,0.900108
40532.69000,0.900007
40532.70000,0.899907
40532.71000,0.899807
40532.72000,0.899706
40532.73000,0.899606
40532.74000,0.899506
40532.75000,0.899406
40532.76000,0.899305
40532.77000,0.899205
40532.78000,0.899105
40532.79000,0.899004
40532.80000,0.898904
40532.81000,0.898804
40532.82000,0.898703
40532.83000,0.898603
40532.84000,0.898503
40532.85000,0.898402
40532.86000,0.898302
40532.87000,0.898202
40532.88000,0.898102
40532.89000,0.898001
40532.90000,0.897901
40532.91000,0.897801
40532.92000,0.897701
40532.93000,0.8976
40532.94000,0.8975
40532.95000,0.8974
40532.96000,0.8973
40532.97000,0.897199
40532.98000,0.897099
40532.99000,0.896999
40533.00000,0.896899
40533.01000,0.896798
40533.02000,0.896698
40533.03000,0.896598
40533.04000,0.896498
40533.05000,0.896397
40533.06000,0.896297
40533.07000,0.896197
40533.08000,0.896097
40533.09000,0.895996
40533.10000,0.895896
40533.11000,0.895796
40533.12000,0.895696
40533.13000,0.895595
40533.14000,0.895495
40533.15000,0.895395
40533.16000,0.895295
40533.17000,0.895194
40533.18000,0.895094
40533.19000,0.894994
40533.20000,0.894894
40533.21000,0.894793
40533.22000,0.894693
40533.23000,0.894593
40533.24000,0.894493
40533.25000,0.894392
40533.26000,0.894292
40533.27000,0.894192
40533.28000,0.894092
40533.29000,0.893991
40533.30000,0.893891
40533.31000,0.893791
40533.32000,0.893691
40533.33000,0.89359
40533.34000,0.89349
40533.35000,0.893389
40533.36000,0.893289
40533.37000,0.893189
40533.38000,0.893088
40533.39000,0.892988
40533.40000,0.892888
40533.41000,0.892787
40533.42000,0.892687
40533.43000,0.892587
40533.44000,0.892486
40533.45000,0.892386
40533.46000,0.892285
40533.47000,0.892185
40533.48000,0.892085
40533.49000,0.891984
40533.50000,0.891884
40533.51000,0.891784
40533.52000,0.891683
40533.53000,0.891583
40533.54000,0.891483
40533.55000,0.891382
40533.56000,0.891282
40533.57000,0.891181
40533.58000,0.891081
40533.59000,0.890981
40533.60000,0.89088
40533.61000,0.89078
40533.62000,0.89068
40533.63000,0.890579
40533.64000,0.890479
40533.65000,0.890379
40533.66000,0.890278
40533.67000,0.890178
40533.68000,0.890078
40533.69000,0.889977
40533.70000,0.889877
40533.71000,0.889776
40533.72000,0.889676
40533.73000,0.889576
40533.74000,0.889475
40533.75000,0.889375
40533.76000,0.889274
40533.77000,0.889174
40533.78000,0.889073
40533.79000,0.888973
40533.80000,0.888872
40533.81000,0.888772
40533.82000,0.888671
40533.83000,0.888571
40533.84000,0.88847
40533.85000,0.88837
40533.86000,0.888269
40533.87000,0.888169
40533.88000,0.888068
40533.89000,0.887968
40533.90000,0.887867
40533.91000,0.887767
40533.92000,0.887666
40533.93000,0.887566
40533.94000,0.887466
40533.95000,0.887365
40533.96000,0.887265
40533.97000,0.887164
40533.98000,0.887064
40533.99000,0.886963
40534.00000,0.886863
40534.01000,0.886762
40534.02000,0.886662
40534.03000,0.886561
40534.04000,0.886461
40534.05000,0.88636
40534.06000,0.88626
40534.07000,0.886159
40534.08000,0.886059
40534.09000,0.885958
40534.10000,0.885858
40534.11000,0.885757
40534.12000,0.885657
40534.13000,0.885556
40534.14000,0.885456
40534.15000,0.885272
40534.16000,0.885028
40534.17000,0.884783
40534.18000,0.884538
40534.19000,0.884293
40534.20000,0.884049
40534.21000,0.883804
40534.22000,0.883559
40534.23000,0.883315
40534.24000,0.88307
40534.25000,0.882825
40534.26000,0.88258
40534.27000,0.882336
40534.28000,0.882091
40534.29000,0.881846
40534.30000,0.881601
40534.31000,0.881357
40534.32000,0.881112
40534.33000,0.880867
40534.34000,0.880623
40534.35000,0.880378
40534.36000,0.880133
40534.37000,0.879888
40534.38000,0.879644
40534.39000,0.879399
40534.40000,0.879154
40534.41000,0.878909
40534.42000,0.878665
40534.43000,0.87842
40534.44000,0.878175
40534.45000,0.877931
40534.46000,0.877686
40534.47000,0.877441
40534.48000,0.877196
40534.49000,0.876952
40534.50000,0.876707
40534.51000,0.876462
40534.52000,0.876217
40534.53000,0.875973
40534.54000,0.875728
40534.55000,0.875483
40534.56000,0.875239
40534.57000,0.875056
40534.58000,0.874956
40534.59000,0.874855
40534.60000,0.874754
40534.61000,0.874653
40534.62000,0.874552
40534.63000,0.874451
40534.64000,0.87435
40534.65000,0.874249
40534.66000,0.874148
40534.67000,0.874047
40534.68000,0.873946
40534.69000,0.873845
40534.70000,0.873744
40534.71000,0.873643
40534.72000,0.873542
40534.73000,0.873441
40534.74000,0.87334
40534.75000,0.873239
40534.76000,0.873138
40534.77000,0.873037
40534.78000,0.872936
40534.79000,0.872835
40534.80000,0.872734
40534.81000,0.872634
40534.82000,0.872533
40534.83000,0.872432
40534.84000,0.872331
40534.85000,0.87223
40534.86000,0.872129
40534.87000,0.872028
40534.88000,0.871927
40534.89000,0.871826
40534.90000,0.871725
40534.91000,0.871624
40534.92000,0.871523
40534.93000,0.871422
40534.94000,0.871321
40534.95000,0.87122
40534.96000,0.871119
40534.97000,0.871018
40534.98000,0.870917
40534.99000,0.870783
40535.00000,0.870569
40535.01000,0.870356
40535.02000,0.870143
40535.03000,0.869929
40535.04000,0.869716
40535.05000,0.869502
40535.06000,0.869289
40535.07000,0.869075
40535.08000,0.868862
40535.09000,0.868648
40535.10000,0.868435
40535.11000,0.868221
40535.12000,0.868008
40535.13000,0.867794
40535.14000,0.867581
40535.15000,0.867367
40535.16000,0.867154
40535.17000,0.86694
40535.18000,0.866727
40535.19000,0.866513
40535.20000,0.8663
40535.21000,0.866086
40535.22000,0.865873
40535.23000,0.865659
40535.24000,0.865446
40535.25000,0.865232
40535.26000,0.865019
40535.27000,0.864805
40535.28000,0.864592
40535.29000,0.864378
40535.30000,0.864165
40535.31000,0.863952
40535.32000,0.863738
40535.33000,0.863525
40535.34000,0.863311
40535.35000,0.863098
40535.36000,0.862884
40535.37000,0.862671
40535.38000,0.862457
40535.39000,0.862244
40535.40000,0.86203
40535.41000,0.861834
40535.42000,0.861733
40535.43000,0.861632
40535.44000,0.861531
40535.45000,0.86143
40535.46000,0.861329
40535.47000,0.861228
40535.48000,0.861127
40535.49000,0.861026
40535.50000,0.860924
40535.51000,0.860823
40535.52000,0.860722
40535.53000,0.860621
40535.54000,0.86052
40535.55000,0.860419
40535.56000,0.860318
40535.57000,0.860217
40535.58000,0.860116
40535.59000,0.860015
40535.60000,0.859913
40535.61000,0.859812
40535.62000,0.859711
40535.63000,0.85961
40535.64000,0.859509
40535.65000,0.859408
40535.66000,0.859307
40535.67000,0.859206
40535.68000,0.859105
40535.69000,0.859004
40535.70000,0.858903
40535.71000,0.858801
40535.72000,0.8587
40535.73000,0.858599
40535.74000,0.858498
40535.75000,0.858397
40535.76000,0.858296
40535.77000,0.858195
40535.78000,0.858094
40535.79000,0.857993
40535.80000,0.857892
40535.81000,0.857791
40535.82000,0.857689
40535.83000,0.857588
40535.84000,0.857487
40535.85000,0.857386
40535.86000,0.857285
40535.87000,0.857184
40535.88000,0.857083
40535.89000,0.856981
40535.90000,0.85688
40535.91000,0.856779
40535.92000,0.856678
40535.93000,0.856577
40535.94000,0.856475
40535.95000,0.856374
40535.96000,0.856273
40535.97000,0.856172
40535.98000,0.856071
40535.99000,0.85597
40536.00000,0.855868
40536.01000,0.855767
40536.02000,0.855666
40536.03000,0.855565
40536.04000,0.855464
40536.05000,0.855363
40536.06000,0.855261
40536.07000,0.85516
40536.08000,0.855059
40536.09000,0.854958
40536.10000,0.854857
40536.11000,0.854756
40536.12000,0.854654
40536.13000,0.854553
40536.14000,0.854452
40536.15000,0.854351
40536.16000,0.85425
40536.17000,0.854149
40536.18000,0.854047
40536.19000,0.853946
40536.20000,0.853845
40536.21000,0.853744
40536.22000,0.853643
40536.23000,0.853542
40536.24000,0.85344
40536.25000,0.853339
40536.26000,0.853215
40536.27000,0.853088
40536.28000,0.852961
40536.29000,0.852834
40536.30000,0.852707
40536.31000,0.85258
40536.32000,0.852453
40536.33000,0.852326
40536.34000,0.852199
40536.35000,0.852071
40536.36000,0.851944
40536.37000,0.851817
40536.38000,0.85169
40536.39000,0.851563
40536.40000,0.851436
40536.41000,0.851309
40536.42000,0.851182
40536.43000,0.851055
40536.44000,0.850927
40536.45000,0.8508
40536.46000,0.850673
40536.47000,0.850546
40536.48000,0.850419
40536.49000,0.850292
40536.50000,0.850165
40536.51000,0.850038
40536.52000,0.849911
40536.53000,0.849784
40536.54000,0.849656
40536.55000,0.849529
40536.56000,0.849402
40536.57000,0.849275
40536.58000,0.849148
40536.59000,0.849021
40536.60000,0.848894
40536.61000,0.848767
40536.62000,0.84864
40536.63000,0.848512
40536.64000,0.848385
40536.65000,0.848258
40536.66000,0.848131
40536.67000,0.848004
40536.68000,0.847896
40536.69000,0.847795
40536.70000,0.847693
40536.71000,0.847592
40536.72000,0.847491
40536.73000,0.847389
40536.74000,0.847288
40536.75000,0.847187
40536.76000,0.847085
40536.77000,0.846984
40536.78000,0.846883
40536.79000,0.846781
40536.80000,0.84668
40536.81000,0.846579
40536.82000,0.846477
40536.83000,0.846376
40536.84000,0.846275
40536.85000,0.846174
40536.86000,0.846072
40536.87000,0.845971
40536.88000,0.84587
40536.89000,0.845768
40536.90000,0.845667
40536.91000,0.845566
40536.92000,0.845464
40536.93000,0.845363
40536.94000,0.845262
40536.95000,0.84516
40536.96000,0.845059
40536.97000,0.844958
40536.98000,0.844856
40536.99000,0.844755
40537.00000,0.844654
40537.01000,0.844552
40537.02000,0.844451
40537.03000,0.84435
40537.04000,0.844249
40537.05000,0.844147
40537.06000,0.844046
40537.07000,0.843945
40537.08000,0.843843
40537.09000,0.843742
40537.10000,0.843545
40537.11000,0.843282
40537.12000,0.84302
40537.13000,0.842758
40537.14000,0.842495
40537.15000,0.842233
40537.16000,0.841971
40537.17000,0.841708
40537.18000,0.841446
40537.19000,0.841184
40537.20000,0.840921
40537.21000,0.840659
40537.22000,0.840397
40537.23000,0.840134
40537.24000,0.839872
40537.25000,0.83961
40537.26000,0.839348
40537.27000,0.839085
40537.28000,0.838823
40537.29000,0.838561
40537.30000,0.838298
40537.31000,0.838036
40537.32000,0.837774
40537.33000,0.837511
40537.34000,0.837249
40537.35000,0.836987
40537.36000,0.836724
40537.37000,0.836462
40537.38000,0.8362
40537.39000,0.835937
40537.40000,0.835675
40537.41000,0.835413
40537.42000,0.835151
40537.43000,0.834888
40537.44000,0.834626
40537.45000,0.834364
40537.46000,0.834101
40537.47000,0.833839
40537.48000,0.833577
40537.49000,0.833314
40537.50000,0.833052
40537.51000,0.83279
40537.52000,0.832601
40537.53000,0.832499
40537.54000,0.832398
40537.55000,0.832296
40537.56000,0.832194
40537.57000,0.832093
40537.58000,0.831991
40537.59000,0.83189
40537.60000,0.831788
40537.61000,0.831686
40537.62000,0.831585
40537.63000,0.831483
40537.64000,0.831381
40537.65000,0.83128
40537.66000,0.831178
40537.67000,0.831077
40537.68000,0.830975
40537.69000,0.830873
40537.70000,0.830772
40537.71000,0.83067
40537.72000,0.830569
40537.73000,0.830467
40537.74000,0.830365
40537.75000,0.830264
40537.76000,0.830162
40537.77000,0.830061
40537.78000,0.829959
40537.79000,0.829857
40537.80000,0.829756
40537.81000,0.829654
40537.82000,0.829552
40537.83000,0.829451
40537.84000,0.829349
40537.85000,0.829248
40537.86000,0.829146
40537.87000,0.829044
40537.88000,0.828943
40537.89000,0.828841
40537.90000,0.82874
40537.91000,0.828638
40537.92000,0.828536
40537.93000,0.828435
40537.94000,0.828323
40537.95000,0.828189
40537.96000,0.828056
40537.97000,0.827922
40537.98000,0.827789
40537.99000,0.827655
40538.00000,0.827522
40538.01000,0.827388
40538.02000,0.827255
40538.03000,0.827121
40538.04000,0.826988
40538.05000,0.826854
40538.06000,0.82672
40538.07000,0.826587
40538.08000,0.826453
40538.09000,0.82632
40538.10000,0.826186
40538.11000,0.826053
40538.12000,0.825919
40538.13000,0.825786
40538.14000,0.825652
40538.15000,0.825519
40538.16000,0.825385
40538.17000,0.825252
40538.18000,0.825118
40538.19000,0.824984
40538.20000,0.824851
40538.21000,0.824717
40538.22000,0.824584
40538.23000,0.82445
40538.24000,0.824317
40538.25000,0.824183
40538.26000,0.82405
40538.27000,0.823916
40538.28000,0.823783
40538.29000,0.823649
40538.30000,0.823516
40538.31000,0.823382
40538.32000,0.823248
40538.33000,0.823115
40538.34000,0.822981
40538.35000,0.822848
40538.36000,0.822737
40538.37000,0.822735
40538.38000,0.822732
40538.39000,0.822729
40538.40000,0.822727
40538.41000,0.822724
40538.42000,0.822721
40538.43000,0.822718
40538.44000,0.822716
40538.45000,0.822713
40538.46000,0.82271
40538.47000,0.822708
40538.48000,0.822705
40538.49000,0.822702
40538.50000,0.822699
40538.51000,0.822697
40538.52000,0.822694
40538.53000,0.822691
40538.54000,0.822689
40538.55000,0.822686
40538.56000,0.822683
40538.57000,0.82268
40538.58000,0.822678
40538.59000,0.822675
40538.60000,0.822672
40538.61000,0.82267
40538.62000,0.822667
40538.63000,0.822664
40538.64000,0.822662
40538.65000,0.822659
40538.66000,0.822656
40538.67000,0.822653
40538.68000,0.822651
40538.69000,0.822648
40538.70000,0.822645
40538.71000,0.822643
40538.72000,0.82264
40538.73000,0.822637
40538.74000,0.82256
40538.75000,0.822528
40538.76000,0.822578
40538.77000,0.822753
40538.78000,0.822988
40538.79000,0.82324
40538.80000,0.82347
40538.81000,0.823644
40538.82000,0.82376
40538.83000,0.823696
40538.84000,0.823632
40538.85000,0.823567
40538.86000,0.823503
40538.87000,0.823438
40538.88000,0.823374
40538.89000,0.823309
40538.90000,0.823245
40538.91000,0.82318
40538.92000,0.823116
40538.93000,0.823014
40538.94000,0.822912
40538.95000,0.822809
40538.96000,0.822707
40538.97000,0.822605
40538.98000,0.822503
40538.99000,0.822401
40539.00000,0.822299
40539.01000,0.822197
40539.02000,0.822094
40539.03000,0.821992
40539.04000,0.82189
40539.05000,0.821788
40539.06000,0.821674
40539.07000,0.821553
40539.08000,0.821433
40539.09000,0.821313
40539.10000,0.821192
40539.11000,0.821072
40539.12000,0.820952
40539.13000,0.820832
40539.14000,0.820711
40539.15000,0.820591
40539.16000,0.820471
40539.17000,0.820351
40539.18000,0.82023
40539.19000,0.82011
40539.20000,0.81999
40539.21000,0.819869
40539.22000,0.819749
40539.23000,0.819629
40539.24000,0.81931
40539.25000,0.818965
40539.26000,0.818621
40539.27000,0.818277
40539.28000,0.817933
40539.29000,0.817589
40539.30000,0.817245
40539.31000,0.816901
40539.32000,0.816557
40539.33000,0.816213
40539.34000,0.815869
40539.35000,0.815525
40539.36000,0.81518
40539.37000,0.814836
40539.38000,0.814492
40539.39000,0.814148
40539.40000,0.813804
40539.41000,0.81346
40539.42000,0.813116
40539.43000,0.812772
40539.44000,0.812428
40539.45000,0.812084
40539.46000,0.81174
40539.47000,0.811435
40539.48000,0.811302
40539.49000,0.811169
40539.50000,0.811037
40539.51000,0.810904
40539.52000,0.810771
40539.53000,0.810639
40539.54000,0.810506
40539.55000,0.810373
40539.56000,0.810241
40539.57000,0.810108
40539.58000,0.809976
40539.59000,0.809843
40539.60000,0.80971
40539.61000,0.809578
40539.62000,0.809445
40539.63000,0.809312
40539.64000,0.80918
40539.65000,0.809047
40539.66000,0.808914
40539.67000,0.808782
40539.68000,0.808649
40539.69000,0.808517
40539.70000,0.808384
40539.71000,0.808251
40539.72000,0.808119
40539.73000,0.807986
40539.74000,0.807853
40539.75000,0.807721
40539.76000,0.807588
40539.77000,0.807455
40539.78000,0.807323
40539.79000,0.807209
40539.80000,0.807108
40539.81000,0.807007
40539.82000,0.806906
40539.83000,0.806805
40539.84000,0.806704
40539.85000,0.806604
40539.86000,0.806503
40539.87000,0.806402
40539.88000,0.806301
40539.89000,0.8062
40539.90000,0.806099
40539.91000,0.805998
40539.92000,0.805898
40539.93000,0.805797
40539.94000,0.805696
40539.95000,0.805595
40539.96000,0.805494
40539.97000,0.805393
40539.98000,0.805292
40539.99000,0.805192
40540.00000,0.805091
40540.01000,0.80499
40540.02000,0.804889
40540.03000,0.804788
40540.04000,0.804687
40540.05000,0.804587
40540.06000,0.804486
40540.07000,0.804385
40540.08000,0.804284
40540.09000,0.804183
40540.10000,0.804082
40540.11000,0.803981
40540.12000,0.803881
40540.13000,0.80378
40540.14000,0.803679
40540.15000,0.803578
40540.16000,0.803477
40540.17000,0.803376
40540.18000,0.803276
40540.19000,0.803175
40540.20000,0.803074
40540.21000,0.802934
40540.22000,0.802744
40540.23000,0.802554
40540.24000,0.802364
40540.25000,0.802174
40540.26000,0.801984
40540.27000,0.801794
40540.28000,0.801604
40540.29000,0.801414
40540.30000,0.801224
40540.31000,0.801034
40540.32000,0.800844
40540.33000,0.800654
40540.34000,0.800464
40540.35000,0.800274
40540.36000,0.800084
40540.37000,0.799894
40540.38000,0.799704
40540.39000,0.799514
40540.40000,0.799324
40540.41000,0.799134
40540.42000,0.798944
40540.43000,0.798754
40540.44000,0.798564
40540.45000,0.798374
40540.46000,0.798184
40540.47000,0.797994
40540.48000,0.797804
40540.49000,0.797614
40540.50000,0.797424
40540.51000,0.797234
40540.52000,0.797044
40540.53000,0.796854
40540.54000,0.796664
40540.55000,0.796474
40540.56000,0.796284
40540.57000,0.796094
40540.58000,0.795905
40540.59000,0.795715
40540.60000,0.795525
40540.61000,0.795335
40540.62000,0.795145
40540.63000,0.794981
40540.64000,0.794879
40540.65000,0.794777
40540.66000,0.794675
40540.67000,0.794573
40540.68000,0.794471
40540.69000,0.794369
40540.70000,0.794267
40540.71000,0.794165
40540.72000,0.794063
40540.73000,0.793961
40540.74000,0.793859
40540.75000,0.793757
40540.76000,0.793655
40540.77000,0.793553
40540.78000,0.793451
40540.79000,0.793349
40540.80000,0.793247
40540.81000,0.793145
40540.82000,0.793043
40540.83000,0.792941
40540.84000,0.792839
40540.85000,0.792737
40540.86000,0.792635
40540.87000,0.792533
40540.88000,0.792432
40540.89000,0.79233
40540.90000,0.792228
40540.91000,0.792126
40540.92000,0.792024
40540.93000,0.791922
40540.94000,0.79182
40540.95000,0.791718
40540.96000,0.791616
40540.97000,0.791514
40540.98000,0.791412
40540.99000,0.79131
40541.00000,0.791208
40541.01000,0.791106
40541.02000,0.791004
40541.03000,0.790902
40541.04000,0.7908
40541.05000,0.790672
40541.06000,0.790413
40541.07000,0.790153
40541.08000,0.789893
40541.09000,0.789634
40541.10000,0.789374
40541.11000,0.789114
40541.12000,0.788855
40541.13000,0.788595
40541.14000,0.788335
40541.15000,0.788076
40541.16000,0.787816
40541.17000,0.787556
40541.18000,0.787297
40541.19000,0.787037
40541.20000,0.786777
40541.21000,0.786518
40541.22000,0.786258
40541.23000,0.785998
40541.24000,0.785739
40541.25000,0.785479
40541.26000,0.785219
40541.27000,0.784959
40541.28000,0.7847
40541.29000,0.78444
40541.30000,0.78418
40541.31000,0.783921
40541.32000,0.783661
40541.33000,0.783401
40541.34000,0.783142
40541.35000,0.782882
40541.36000,0.782622
40541.37000,0.782363
40541.38000,0.782103
40541.39000,0.781843
40541.40000,0.781584
40541.41000,0.781324
40541.42000,0.781064
40541.43000,0.780805
40541.44000,0.780545
40541.45000,0.780285
40541.46000,0.780026
40541.47000,0.779769
40541.48000,0.779666
40541.49000,0.779564
40541.50000,0.779461
40541.51000,0.779359
40541.52000,0.779256
40541.53000,0.779154
40541.54000,0.779051
40541.55000,0.778948
40541.56000,0.778846
40541.57000,0.778743
40541.58000,0.778641
40541.59000,0.778538
40541.60000,0.778435
40541.61000,0.778333
40541.62000,0.77823
40541.63000,0.778128
40541.64000,0.778025
40541.65000,0.777923
40541.66000,0.77782
40541.67000,0.777717
40541.68000,0.777615
40541.69000,0.777512
40541.70000,0.77741
40541.71000,0.777307
40541.72000,0.777204
40541.73000,0.777102
40541.74000,0.776999
40541.75000,0.776897
40541.76000,0.776794
40541.77000,0.776692
40541.78000,0.776589
40541.79000,0.776486
40541.80000,0.776384
40541.81000,0.776281
40541.82000,0.776179
40541.83000,0.776076
40541.84000,0.775973
40541.85000,0.775871
40541.86000,0.775768
40541.87000,0.775666
40541.88000,0.775563
40541.89000,0.775461
40541.90000,0.775356
40541.91000,0.775251
40541.92000,0.775147
40541.93000,0.775042
40541.94000,0.774937
40541.95000,0.774833
40541.96000,0.774728
40541.97000,0.774623
40541.98000,0.774519
40541.99000,0.774414
40542.00000,0.774309
40542.01000,0.774205
40542.02000,0.7741
40542.03000,0.773996
40542.04000,0.773891
40542.05000,0.773786
40542.06000,0.773682
40542.07000,0.773577
40542.08000,0.773472
40542.09000,0.773368
40542.10000,0.773263
40542.11000,0.773158
40542.12000,0.773054
40542.13000,0.772949
40542.14000,0.772844
40542.15000,0.77274
40542.16000,0.772635
40542.17000,0.77253
40542.18000,0.772426
40542.19000,0.772321
40542.20000,0.772216
40542.21000,0.772112
40542.22000,0.772007
40542.23000,0.771902
40542.24000,0.771798
40542.25000,0.771693
40542.26000,0.771588
40542.27000,0.771484
40542.28000,0.771379
40542.29000,0.771274
40542.30000,0.77117
40542.31000,0.771065
40542.32000,0.770961
40542.33000,0.770858
40542.34000,0.770755
40542.35000,0.770652
40542.36000,0.770549
40542.37000,0.770446
40542.38000,0.770343
40542.39000,0.77024
40542.40000,0.770137
40542.41000,0.770033
40542.42000,0.76993
40542.43000,0.769827
40542.44000,0.769724
40542.45000,0.769621
40542.46000,0.769518
40542.47000,0.769415
40542.48000,0.769312
40542.49000,0.769208
40542.50000,0.769105
40542.51000,0.769002
40542.52000,0.768899
40542.53000,0.768796
40542.54000,0.768693
40542.55000,0.76859
40542.56000,0.768487
40542.57000,0.768384
40542.58000,0.76828
40542.59000,0.768177
40542.60000,0.768074
40542.61000,0.767971
40542.62000,0.767868
40542.63000,0.767765
40542.64000,0.767662
40542.65000,0.767559
40542.66000,0.767456
40542.67000,0.767352
40542.68000,0.767249
40542.69000,0.767146
40542.70000,0.767043
40542.71000,0.76694
40542.72000,0.766837
40542.73000,0.766734
40542.74000,0.766631
40542.75000,0.766527
40542.76000,0.766424
40542.77000,0.766321
40542.78000,0.766218
40542.79000,0.766115
40542.80000,0.766012
40542.81000,0.765909
40542.82000,0.765806
40542.83000,0.765702
40542.84000,0.765599
40542.85000,0.765496
40542.86000,0.765393
40542.87000,0.76529
40542.88000,0.765187
40542.89000,0.765084
40542.90000,0.764981
40542.91000,0.764877
40542.92000,0.764774
40542.93000,0.764671
40542.94000,0.764568
40542.95000,0.764465
40542.96000,0.764362
40542.97000,0.764259
40542.98000,0.764156
40542.99000,0.764053
40543.00000,0.763949
40543.01000,0.763846
40543.02000,0.763743
40543.03000,0.76364
40543.04000,0.763537
40543.05000,0.763434
40543.06000,0.763331
40543.07000,0.763228
40543.08000,0.763124
40543.09000,0.763021
40543.10000,0.762918
40543.11000,0.762815
40543.12000,0.762712
40543.13000,0.762609
40543.14000,0.762506
40543.15000,0.762403
