t,Obs_Wetland outflow (m3/day)_expression_noisy
40178.8,0
40178.81,0
40178.82,0
40178.83,0
40178.84,0
40178.85,0
40178.86,0
40178.87,0
40178.88,0
40178.89,0
40178.9,0
40178.91,0
40178.92,0
40178.93,0
40178.94,0
40178.95,0
40178.96,0
40178.97,0
40178.98,0
40178.99,0
40179,0
40179.01,0
40179.02,0
40179.03,0
40179.04,0
40179.05,0
40179.06,0
40179.07,0
40179.08,0
40179.09,0
40179.1,0
40179.11,0
40179.12,0
40179.13,0
40179.14,0
40179.15,0
40179.16,0
40179.17,0
40179.18,0
40179.19,0
40179.2,0
40179.21,0
40179.22,0
40179.23,0
40179.24,0
40179.25,0
40179.26,0
40179.27,0
40179.28,0
40179.29,0
40179.3,0
40179.31,0
40179.32,0
40179.33,0
40179.34,0
40179.35,0
40179.36,0
40179.37,0
40179.38,0
40179.39,0
40179.4,0
40179.41,0
40179.42,0
40179.43,0
40179.44,0
40179.45,0
40179.46,0
40179.47,0
40179.48,0
40179.49,0
40179.5,0
40179.51,0
40179.52,0
40179.53,0
40179.54,0
40179.55,0
40179.56,0
40179.57,0
40179.58,0
40179.59,0
40179.6,0
40179.61,0
40179.62,0
40179.63,0
40179.64,0
40179.65,0
40179.66,0
40179.67,0
40179.68,0
40179.69,0
40179.7,0
40179.71,0
40179.72,0
40179.73,0
40179.74,0
40179.75,0
40179.76,0
40179.77,0
40179.78,0
40179.79,0
40179.8,0
40179.81,0
40179.82,0
40179.83,0
40179.84,0
40179.85,0
40179.86,0
40179.87,0
40179.88,0
40179.89,0
40179.9,0
40179.91,0
40179.92,0
40179.93,0
40179.94,0
40179.95,0
40179.96,0
40179.97,0
40179.98,0
40179.99,0
40180,0
40180.01,0
40180.02,0
40180.03,0
40180.04,0
40180.05,0
40180.06,0
40180.07,0
40180.08,0
40180.09,0
40180.1,0
40180.11,0
40180.12,0
40180.13,0
40180.14,0
40180.15,0
40180.16,0
40180.17,0
40180.18,0
40180.19,0
40180.2,0
40180.21,0
40180.22,0
40180.23,0
40180.24,0
40180.25,0
40180.26,0
40180.27,0
40180.28,0
40180.29,0
40180.3,0
40180.31,0
40180.32,0
40180.33,0
40180.34,0
40180.35,0
40180.36,0
40180.37,0
40180.38,0
40180.39,0
40180.4,0
40180.41,0
40180.42,0
40180.43,0
40180.44,0
40180.45,0
40180.46,0
40180.47,0
40180.48,0
40180.49,0
40180.5,0
40180.51,0
40180.52,0
40180.53,0
40180.54,0
40180.55,0
40180.56,0
40180.57,0
40180.58,0
40180.59,0
40180.6,0
40180.61,0
40180.62,0
40180.63,0
40180.64,0
40180.65,0
40180.66,0
40180.67,0
40180.68,0
40180.69,0
40180.7,0
40180.71,0
40180.72,0
40180.73,0
40180.74,0
40180.75,0
40180.76,0
40180.77,0
40180.78,0
40180.79,0
40180.8,0
40180.81,0
40180.82,0
40180.83,0
40180.84,0
40180.85,0
40180.86,0
40180.87,0
40180.88,0
40180.89,0
40180.9,0
40180.91,0
40180.92,0
40180.93,0
40180.94,0
40180.95,0
40180.96,0
40180.97,0
40180.98,0
40180.99,0
40181,0
40181.01,0
40181.02,0
40181.03,0
40181.04,0
40181.05,0
40181.06,0
40181.07,0
40181.08,0
40181.09,0
40181.1,0
40181.11,0
40181.12,0
40181.13,0
40181.14,0
40181.15,0
40181.16,0
40181.17,0
40181.18,0
40181.19,0
40181.2,0
40181.21,0
40181.22,0
40181.23,0
40181.24,0
40181.25,0
40181.26,0
40181.27,0
40181.28,0
40181.29,0
40181.3,0
40181.31,0
40181.32,0
40181.33,0
40181.34,0
40181.35,0
40181.36,0
40181.37,0
40181.38,0
40181.39,0
40181.4,0
40181.41,0
40181.42,0
40181.43,0
40181.44,0
40181.45,0
40181.46,0
40181.47,0
40181.48,0
40181.49,0
40181.5,0
40181.51,0
40181.52,0
40181.53,0
40181.54,0
40181.55,0
40181.56,0
40181.57,0
40181.58,0
40181.59,0
40181.6,0
40181.61,0
40181.62,0
40181.63,0
40181.64,0
40181.65,0
40181.66,0
40181.67,0
40181.68,0
40181.69,0
40181.7,0
40181.71,0
40181.72,0
40181.73,0
40181.74,0
40181.75,0
40181.76,0
40181.77,0
40181.78,0
40181.79,0
40181.8,0
40181.81,0
40181.82,0
40181.83,0
40181.84,0
40181.85,0
40181.86,0
40181.87,0
40181.88,0
40181.89,0
40181.9,0
40181.91,0
40181.92,0
40181.93,0
40181.94,0
40181.95,0
40181.96,0
40181.97,0
40181.98,0
40181.99,0
40182,0
40182.01,0
40182.02,0
40182.03,0
40182.04,0
40182.05,0
40182.06,0
40182.07,0
40182.08,0
40182.09,0
40182.1,0
40182.11,0
40182.12,0
40182.13,0
40182.14,0
40182.15,0
40182.16,0
40182.17,0
40182.18,0
40182.19,0
40182.2,0
40182.21,0
40182.22,0
40182.23,0
40182.24,0
40182.25,0
40182.26,0
40182.27,0
40182.28,0
40182.29,0
40182.3,0
40182.31,0
40182.32,0
40182.33,0
40182.34,0
40182.35,0
40182.36,0
40182.37,0
40182.38,0
40182.39,0
40182.4,0
40182.41,0
40182.42,0
40182.43,0
40182.44,0
40182.45,0
40182.46,0
40182.47,0
40182.48,0
40182.49,0
40182.5,0
40182.51,0
40182.52,0
40182.53,0
40182.54,0
40182.55,0
40182.56,0
40182.57,0
40182.58,0
40182.59,0
40182.6,0
40182.61,0
40182.62,0
40182.63,0
40182.64,0
40182.65,0
40182.66,0
40182.67,0
40182.68,0
40182.69,0
40182.7,0
40182.71,0
40182.72,0
40182.73,0
40182.74,0
40182.75,0
40182.76,0
40182.77,0
40182.78,0
40182.79,0
40182.8,0
40182.81,0
40182.82,0
40182.83,0
40182.84,0
40182.85,0
40182.86,0
40182.87,0
40182.88,0
40182.89,0
40182.9,0
40182.91,0
40182.92,0
40182.93,0
40182.94,0
40182.95,0
40182.96,0
40182.97,0
40182.98,0
40182.99,0
40183,0
40183.01,0
40183.02,0
40183.03,0
40183.04,0
40183.05,0
40183.06,0
40183.07,0
40183.08,0
40183.09,0
40183.1,0
40183.11,0
40183.12,0
40183.13,0
40183.14,0
40183.15,0
40183.16,0
40183.17,0
40183.18,0
40183.19,0
40183.2,0
40183.21,0
40183.22,0
40183.23,0
40183.24,0
40183.25,0
40183.26,0
40183.27,0
40183.28,0
40183.29,0
40183.3,0
40183.31,0
40183.32,0
40183.33,0
40183.34,0
40183.35,0
40183.36,0
40183.37,0
40183.38,0
40183.39,0
40183.4,0
40183.41,0
40183.42,0
40183.43,0
40183.44,0
40183.45,0
40183.46,0
40183.47,0
40183.48,0
40183.49,0
40183.5,0
40183.51,0
40183.52,0
40183.53,0
40183.54,0
40183.55,0
40183.56,0
40183.57,0
40183.58,0
40183.59,0
40183.6,0
40183.61,0
40183.62,0
40183.63,0
40183.64,0
40183.65,0
40183.66,0
40183.67,0
40183.68,0
40183.69,0
40183.7,0
40183.71,0
40183.72,0
40183.73,0
40183.74,0
40183.75,0
40183.76,0
40183.77,0
40183.78,0
40183.79,0
40183.8,0
40183.81,0
40183.82,0
40183.83,0
40183.84,0
40183.85,0
40183.86,0
40183.87,0
40183.88,0
40183.89,0
40183.9,0
40183.91,0
40183.92,0
40183.93,0
40183.94,0
40183.95,0
40183.96,0
40183.97,0
40183.98,0
40183.99,0
40184,0
40184.01,0
40184.02,0
40184.03,0
40184.04,0
40184.05,0
40184.06,0
40184.07,0
40184.08,0
40184.09,0
40184.1,0
40184.11,0
40184.12,0
40184.13,0
40184.14,0
40184.15,0
40184.16,0
40184.17,0
40184.18,0
40184.19,0
40184.2,0
40184.21,0
40184.22,0
40184.23,0
40184.24,0
40184.25,0
40184.26,0
40184.27,0
40184.28,0
40184.29,0
40184.3,0
40184.31,0
40184.32,0
40184.33,0
40184.34,0
40184.35,0
40184.36,0
40184.37,0
40184.38,0
40184.39,0
40184.4,0
40184.41,0
40184.42,0
40184.43,0
40184.44,0
40184.45,0
40184.46,0
40184.47,0
40184.48,0
40184.49,0
40184.5,0
40184.51,0
40184.52,0
40184.53,0
40184.54,0
40184.55,0
40184.56,0
40184.57,0
40184.58,0
40184.59,0
40184.6,0
40184.61,0
40184.62,0
40184.63,0
40184.64,0
40184.65,0
40184.66,0
40184.67,0
40184.68,0
40184.69,0
40184.7,0
40184.71,0
40184.72,0
40184.73,0
40184.74,0
40184.75,0
40184.76,0
40184.77,0
40184.78,0
40184.79,0
40184.8,0
40184.81,0
40184.82,0
40184.83,0
40184.84,0
40184.85,0
40184.86,0
40184.87,0
40184.88,0
40184.89,0
40184.9,0
40184.91,0
40184.92,0
40184.93,0
40184.94,0
40184.95,0
40184.96,0
40184.97,0
40184.98,0
40184.99,0
40185,0
40185.01,0
40185.02,0
40185.03,0
40185.04,0
40185.05,0
40185.06,0
40185.07,0
40185.08,0
40185.09,0
40185.1,0
40185.11,0
40185.12,0
40185.13,0
40185.14,0
40185.15,0
40185.16,0
40185.17,0
40185.18,0
40185.19,0
40185.2,0
40185.21,0
40185.22,0
40185.23,0
40185.24,0
40185.25,0
40185.26,0
40185.27,0
40185.28,0
40185.29,0
40185.3,0
40185.31,0
40185.32,0
40185.33,0
40185.34,0
40185.35,0
40185.36,0
40185.37,0
40185.38,0
40185.39,0
40185.4,0
40185.41,0
40185.42,0
40185.43,0
40185.44,0
40185.45,0
40185.46,0
40185.47,0
40185.48,0
40185.49,0
40185.5,0
40185.51,0
40185.52,0
40185.53,0
40185.54,0
40185.55,0
40185.56,0
40185.57,0
40185.58,0
40185.59,0
40185.6,0
40185.61,0
40185.62,0
40185.63,0
40185.64,0
40185.65,0
40185.66,0
40185.67,0
40185.68,0
40185.69,0
40185.7,0
40185.71,0
40185.72,0
40185.73,0
40185.74,0
40185.75,0
40185.76,0
40185.77,0
40185.78,0
40185.79,0
40185.8,0
40185.81,0
40185.82,0
40185.83,0
40185.84,0
40185.85,0
40185.86,0
40185.87,0
40185.88,0
40185.89,0
40185.9,0
40185.91,0
40185.92,0
40185.93,0
40185.94,0
40185.95,0
40185.96,0
40185.97,0
40185.98,0
40185.99,0
40186,0
40186.01,0
40186.02,0
40186.03,0
40186.04,0
40186.05,0
40186.06,0
40186.07,0
40186.08,0
40186.09,0
40186.1,0
40186.11,0
40186.12,0
40186.13,0
40186.14,0
40186.15,0
40186.16,0
40186.17,0
40186.18,0
40186.19,0
40186.2,0
40186.21,0
40186.22,0
40186.23,0
40186.24,0
40186.25,0
40186.26,0
40186.27,0
40186.28,0
40186.29,0
40186.3,0
40186.31,0
40186.32,0
40186.33,0
40186.34,0
40186.35,0
40186.36,0
40186.37,0
40186.38,0
40186.39,0
40186.4,0
40186.41,0
40186.42,0
40186.43,0
40186.44,0
40186.45,0
40186.46,0
40186.47,0
40186.48,0
40186.49,0
40186.5,0
40186.51,0
40186.52,0
40186.53,0
40186.54,0
40186.55,0
40186.56,0
40186.57,0
40186.58,0
40186.59,0
40186.6,0
40186.61,0
40186.62,0
40186.63,0
40186.64,0
40186.65,0
40186.66,0
40186.67,0
40186.68,0
40186.69,0
40186.7,0
40186.71,0
40186.72,0
40186.73,0
40186.74,0
40186.75,0
40186.76,0
40186.77,0
40186.78,0
40186.79,0
40186.8,0
40186.81,0
40186.82,0
40186.83,0
40186.84,0
40186.85,0
40186.86,0
40186.87,0
40186.88,0
40186.89,0
40186.9,0
40186.91,0
40186.92,0
40186.93,0
40186.94,0
40186.95,0
40186.96,0
40186.97,0
40186.98,0
40186.99,0
40187,0
40187.01,0
40187.02,0
40187.03,0
40187.04,0
40187.05,0
40187.06,0
40187.07,0
40187.08,0
40187.09,0
40187.1,0
40187.11,0
40187.12,0
40187.13,0
40187.14,0
40187.15,0
40187.16,0
40187.17,0
40187.18,0
40187.19,0
40187.2,0
40187.21,0
40187.22,0
40187.23,0
40187.24,0
40187.25,0
40187.26,0
40187.27,0
40187.28,0
40187.29,0
40187.3,0
40187.31,0
40187.32,0
40187.33,0
40187.34,0
40187.35,0
40187.36,0
40187.37,0
40187.38,0
40187.39,0
40187.4,0
40187.41,0
40187.42,0
40187.43,0
40187.44,0
40187.45,0
40187.46,0
40187.47,0
40187.48,0
40187.49,0
40187.5,0
40187.51,0
40187.52,0
40187.53,0
40187.54,0
40187.55,0
40187.56,0
40187.57,0
40187.58,0
40187.59,0
40187.6,0
40187.61,0
40187.62,0
40187.63,0
40187.64,0
40187.65,0
40187.66,0
40187.67,0
40187.68,0
40187.69,0
40187.7,0
40187.71,0
40187.72,0
40187.73,0
40187.74,0
40187.75,0
40187.76,0
40187.77,0
40187.78,0
40187.79,0
40187.8,0
40187.81,0
40187.82,0
40187.83,0
40187.84,0
40187.85,0
40187.86,0
40187.87,0
40187.88,0
40187.89,0
40187.9,0
40187.91,0
40187.92,0
40187.93,0
40187.94,0
40187.95,0
40187.96,0
40187.97,0
40187.98,0
40187.99,0
40188,0
40188.01,0
40188.02,0
40188.03,0
40188.04,0
40188.05,0
40188.06,0
40188.07,0
40188.08,0
40188.09,0
40188.1,0
40188.11,0
40188.12,0
40188.13,0
40188.14,0
40188.15,0
40188.16,0
40188.17,0
40188.18,0
40188.19,0
40188.2,0
40188.21,0
40188.22,0
40188.23,0
40188.24,0
40188.25,0
40188.26,0
40188.27,0
40188.28,0
40188.29,0
40188.3,0
40188.31,0
40188.32,0
40188.33,0
40188.34,0
40188.35,0
40188.36,0
40188.37,0
40188.38,0
40188.39,0
40188.4,0
40188.41,0
40188.42,0
40188.43,0
40188.44,0
40188.45,0
40188.46,0
40188.47,0
40188.48,0
40188.49,0
40188.5,0
40188.51,0
40188.52,0
40188.53,0
40188.54,0
40188.55,0
40188.56,0
40188.57,0
40188.58,0
40188.59,0
40188.6,0
40188.61,0
40188.62,0
40188.63,0
40188.64,0
40188.65,0
40188.66,0
40188.67,0
40188.68,0
40188.69,0
40188.7,0
40188.71,0
40188.72,0
40188.73,0
40188.74,0
40188.75,0
40188.76,0
40188.77,0
40188.78,0
40188.79,0
40188.8,0
40188.81,0
40188.82,0
40188.83,0
40188.84,0
40188.85,0
40188.86,0
40188.87,0
40188.88,0
40188.89,0
40188.9,0
40188.91,0
40188.92,0
40188.93,0
40188.94,0
40188.95,0
40188.96,0
40188.97,0
40188.98,0
40188.99,0
40189,0
40189.01,0
40189.02,0
40189.03,0
40189.04,0
40189.05,0
40189.06,0
40189.07,0
40189.08,0
40189.09,0
40189.1,0
40189.11,0
40189.12,0
40189.13,0
40189.14,0
40189.15,0
40189.16,0
40189.17,0
40189.18,0
40189.19,0
40189.2,0
40189.21,0
40189.22,0
40189.23,0
40189.24,0
40189.25,0
40189.26,0
40189.27,0
40189.28,0
40189.29,0
40189.3,0
40189.31,0
40189.32,0
40189.33,0
40189.34,0
40189.35,0
40189.36,0
40189.37,0
40189.38,0
40189.39,0
40189.4,0
40189.41,0
40189.42,0
40189.43,0
40189.44,0
40189.45,0
40189.46,0
40189.47,0
40189.48,0
40189.49,0
40189.5,0
40189.51,0
40189.52,0
40189.53,0
40189.54,0
40189.55,0
40189.56,0
40189.57,0
40189.58,0
40189.59,0
40189.6,0
40189.61,0
40189.62,0
40189.63,0
40189.64,0
40189.65,0
40189.66,0
40189.67,0
40189.68,0
40189.69,0
40189.7,0
40189.71,0
40189.72,0
40189.73,0
40189.74,0
40189.75,0
40189.76,0
40189.77,0
40189.78,0
40189.79,0
40189.8,0
40189.81,0
40189.82,0
40189.83,0
40189.84,0
40189.85,0
40189.86,0
40189.87,0
40189.88,0
40189.89,0
40189.9,0
40189.91,0
40189.92,0
40189.93,0
40189.94,0
40189.95,0
40189.96,0
40189.97,0
40189.98,0
40189.99,0
40190,0
40190.01,0
40190.02,0
40190.03,0
40190.04,0
40190.05,0
40190.06,0
40190.07,0
40190.08,0
40190.09,0
40190.1,0
40190.11,0
40190.12,0
40190.13,0
40190.14,0
40190.15,0
40190.16,0
40190.17,0
40190.18,0
40190.19,0
40190.2,0
40190.21,0
40190.22,0
40190.23,0
40190.24,0
40190.25,0
40190.26,0
40190.27,0
40190.28,0
40190.29,0
40190.3,0
40190.31,0
40190.32,0
40190.33,0
40190.34,0
40190.35,0
40190.36,0
40190.37,0
40190.38,0
40190.39,0
40190.4,0
40190.41,0
40190.42,0
40190.43,0
40190.44,0
40190.45,0
40190.46,0
40190.47,0
40190.48,0
40190.49,0
40190.5,0
40190.51,0
40190.52,0
40190.53,0
40190.54,0
40190.55,0
40190.56,0
40190.57,0
40190.58,0
40190.59,0
40190.6,0
40190.61,0
40190.62,0
40190.63,0
40190.64,0
40190.65,0
40190.66,0
40190.67,0
40190.68,0
40190.69,0
40190.7,0
40190.71,0
40190.72,0
40190.73,0
40190.74,0
40190.75,0
40190.76,0
40190.77,0
40190.78,0
40190.79,0
40190.8,0
40190.81,0
40190.82,0
40190.83,0
40190.84,0
40190.85,0
40190.86,0
40190.87,0
40190.88,0
40190.89,0
40190.9,0
40190.91,0
40190.92,0
40190.93,0
40190.94,0
40190.95,0
40190.96,0
40190.97,0
40190.98,0
40190.99,0
40191,0
40191.01,0
40191.02,0
40191.03,0
40191.04,0
40191.05,0
40191.06,0
40191.07,0
40191.08,0
40191.09,0
40191.1,0
40191.11,0
40191.12,0
40191.13,0
40191.14,0
40191.15,0
40191.16,0
40191.17,0
40191.18,0
40191.19,0
40191.2,0
40191.21,0
40191.22,0
40191.23,0
40191.24,0
40191.25,0
40191.26,0
40191.27,0
40191.28,0
40191.29,0
40191.3,0
40191.31,0
40191.32,0
40191.33,0
40191.34,0
40191.35,0
40191.36,0
40191.37,0
40191.38,0
40191.39,0
40191.4,0
40191.41,0
40191.42,0
40191.43,0
40191.44,0
40191.45,0
40191.46,0
40191.47,0
40191.48,0
40191.49,0
40191.5,0
40191.51,0
40191.52,0
40191.53,0
40191.54,0
40191.55,0
40191.56,0
40191.57,0
40191.58,0
40191.59,0
40191.6,0
40191.61,0
40191.62,0
40191.63,0
40191.64,0
40191.65,0
40191.66,0
40191.67,0
40191.68,0
40191.69,0
40191.7,0
40191.71,0
40191.72,0
40191.73,0
40191.74,0
40191.75,0
40191.76,0
40191.77,0
40191.78,0
40191.79,0
40191.8,0
40191.81,0
40191.82,0
40191.83,0
40191.84,0
40191.85,0
40191.86,0
40191.87,0
40191.88,0
40191.89,0
40191.9,0
40191.91,0
40191.92,0
40191.93,0
40191.94,0
40191.95,0
40191.96,0
40191.97,0
40191.98,0
40191.99,0
40192,0
40192.01,0
40192.02,0
40192.03,0
40192.04,0
40192.05,0
40192.06,0
40192.07,0
40192.08,0
40192.09,0
40192.1,0
40192.11,0
40192.12,0
40192.13,0
40192.14,0
40192.15,0
40192.16,0
40192.17,0
40192.18,0
40192.19,0
40192.2,0
40192.21,0
40192.22,0
40192.23,0
40192.24,0
40192.25,0
40192.26,0
40192.27,0
40192.28,0
40192.29,0
40192.3,0
40192.31,0
40192.32,0
40192.33,0
40192.34,0
40192.35,0
40192.36,0
40192.37,0
40192.38,0
40192.39,0
40192.4,0
40192.41,0
40192.42,0
40192.43,0
40192.44,0
40192.45,0
40192.46,0
40192.47,0
40192.48,0
40192.49,0
40192.5,0
40192.51,0
40192.52,0
40192.53,0
40192.54,0
40192.55,0
40192.56,0
40192.57,0
40192.58,0
40192.59,0
40192.6,0
40192.61,0
40192.62,0
40192.63,0
40192.64,0
40192.65,0
40192.66,0
40192.67,0
40192.68,0
40192.69,0
40192.7,0
40192.71,0
40192.72,0
40192.73,0
40192.74,0
40192.75,0
40192.76,0
40192.77,0
40192.78,0
40192.79,0
40192.8,0
40192.81,0
40192.82,0
40192.83,0
40192.84,0
40192.85,0
40192.86,0
40192.87,0
40192.88,0
40192.89,0
40192.9,0
40192.91,0
40192.92,0
40192.93,0
40192.94,0
40192.95,0
40192.96,0
40192.97,0
40192.98,0
40192.99,0
40193,0
40193.01,0
40193.02,0
40193.03,0
40193.04,0
40193.05,0
40193.06,0
40193.07,0
40193.08,0
40193.09,0
40193.1,0
40193.11,0
40193.12,0
40193.13,0
40193.14,0
40193.15,0
40193.16,0
40193.17,0
40193.18,0
40193.19,0
40193.2,0
40193.21,0
40193.22,0
40193.23,0
40193.24,0
40193.25,0
40193.26,0
40193.27,0
40193.28,0
40193.29,0
40193.3,0
40193.31,0
40193.32,0
40193.33,0
40193.34,0
40193.35,0
40193.36,0
40193.37,0
40193.38,0
40193.39,0
40193.4,0
40193.41,0
40193.42,0
40193.43,0
40193.44,0
40193.45,0
40193.46,0
40193.47,0
40193.48,0
40193.49,0
40193.5,0
40193.51,0
40193.52,0
40193.53,0
40193.54,0
40193.55,0
40193.56,0
40193.57,0
40193.58,0
40193.59,0
40193.6,0
40193.61,0
40193.62,0
40193.63,0
40193.64,0
40193.65,0
40193.66,0
40193.67,0
40193.68,0
40193.69,0
40193.7,0
40193.71,0
40193.72,0
40193.73,0
40193.74,0
40193.75,0
40193.76,0
40193.77,0
40193.78,0
40193.79,0
40193.8,0
40193.81,0
40193.82,0
40193.83,0
40193.84,0
40193.85,0
40193.86,0
40193.87,0
40193.88,0
40193.89,0
40193.9,0
40193.91,0
40193.92,0
40193.93,0
40193.94,0
40193.95,0
40193.96,0
40193.97,0
40193.98,0
40193.99,0
40194,0
40194.01,0
40194.02,0
40194.03,0
40194.04,0
40194.05,0
40194.06,0
40194.07,0
40194.08,0
40194.09,0
40194.1,0
40194.11,0
40194.12,0
40194.13,0
40194.14,0
40194.15,0
40194.16,0
40194.17,0
40194.18,0
40194.19,0
40194.2,0
40194.21,0
40194.22,0
40194.23,0
40194.24,0
40194.25,0
40194.26,0
40194.27,0
40194.28,0
40194.29,0
40194.3,0
40194.31,0
40194.32,0
40194.33,0
40194.34,0
40194.35,0
40194.36,0
40194.37,0
40194.38,0
40194.39,0
40194.4,0
40194.41,0
40194.42,0
40194.43,0
40194.44,0
40194.45,0
40194.46,0
40194.47,0
40194.48,0
40194.49,0
40194.5,0
40194.51,0
40194.52,0
40194.53,0
40194.54,0
40194.55,0
40194.56,0
40194.57,0
40194.58,0
40194.59,0
40194.6,0
40194.61,0
40194.62,0
40194.63,0
40194.64,0
40194.65,0
40194.66,0
40194.67,0
40194.68,0
40194.69,0
40194.7,0
40194.71,0
40194.72,0
40194.73,0
40194.74,0
40194.75,0
40194.76,0
40194.77,0
40194.78,0
40194.79,0
40194.8,0
40194.81,0
40194.82,0
40194.83,0
40194.84,0
40194.85,0
40194.86,0
40194.87,0
40194.88,0
40194.89,0
40194.9,0
40194.91,0
40194.92,0
40194.93,0
40194.94,0
40194.95,0
40194.96,0
40194.97,0
40194.98,0
40194.99,0
40195,0
40195.01,0
40195.02,0
40195.03,0
40195.04,0
40195.05,0
40195.06,0
40195.07,0
40195.08,0
40195.09,0
40195.1,0
40195.11,0
40195.12,0
40195.13,0
40195.14,0
40195.15,0
40195.16,0
40195.17,0
40195.18,0
40195.19,0
40195.2,0
40195.21,0
40195.22,0
40195.23,0
40195.24,0
40195.25,0
40195.26,0
40195.27,0
40195.28,0
40195.29,0
40195.3,0
40195.31,0
40195.32,0
40195.33,0
40195.34,0
40195.35,0
40195.36,0
40195.37,0
40195.38,0
40195.39,0
40195.4,0
40195.41,0
40195.42,0
40195.43,0
40195.44,0
40195.45,0
40195.46,0
40195.47,0
40195.48,0
40195.49,0
40195.5,0
40195.51,0
40195.52,0
40195.53,4.90773555774558E-09
40195.54,0.969114004003626
40195.55,4.32669967362421
40195.56,8.93376003742205
40195.57,13.9131280713349
40195.58,18.9055777664631
40195.59,24.5684880475319
40195.6,29.1706158340481
40195.61,40.0012707911175
40195.62,39.3721002232718
40195.63,39.7147473075864
40195.64,39.5105703013928
40195.65,39.8689712531085
40195.66,43.9247464387069
40195.67,46.8573943111264
40195.68,48.7521534945106
40195.69,49.1877695964015
40195.7,51.6651538441806
40195.71,50.0442008858029
40195.72,50.7067016650503
40195.73,50.437877583598
40195.74,50.6631599348701
40195.75,50.7855411850976
40195.76,50.3589743988627
40195.77,51.1536699085665
40195.78,48.1912380856502
40195.79,49.2104964896494
40195.8,51.3000954626684
40195.81,51.7791104655136
40195.82,52.5462253187251
40195.83,57.6701995091895
40195.84,58.0563327022341
40195.85,58.779872899233
40195.86,55.3932345491019
40195.87,53.9464643357836
40195.88,52.472740490208
40195.89,49.0715745439916
40195.9,52.052057546707
40195.91,50.5240605034086
40195.92,50.5857033594481
40195.93,49.9718384864331
40195.94,51.3380786152476
40195.95,51.7044094197509
40195.96,52.6525070972821
40195.97,53.597990033303
40195.98,53.9915173917634
40195.99,53.1365242175736
40196,53.5663166222321
40196.01,50.3432753828442
40196.02,50.7466777820408
40196.03,50.8313316563154
40196.04,50.3170641262129
40196.05,47.5917237590485
40196.06,48.5098930064158
40196.07,46.707495061188
40196.08,46.6398956312731
40196.09,43.4637253828651
40196.1,42.5823854685413
40196.11,41.2296931705923
40196.12,39.7966856923864
40196.13,38.5574394208227
40196.14,39.9765815895948
40196.15,39.3426058173136
40196.16,39.1139739242656
40196.17,40.8348657227884
40196.18,38.5420057459292
40196.19,39.5283682819296
40196.2,38.3998028706793
40196.21,37.0483862277228
40196.22,35.9782240199776
40196.23,33.6238588187239
40196.24,31.7186343711088
40196.25,30.2923756573932
40196.26,29.4147345256108
40196.27,29.5892306039498
40196.28,29.9156176442112
40196.29,28.989895044637
40196.3,28.6654914786875
40196.31,28.3642904182217
40196.32,27.525400385819
40196.33,27.0382170763828
40196.34,25.9423279867605
40196.35,25.6864461689443
40196.36,24.8568237752132
40196.37,24.2157281202207
40196.38,23.71018731929
40196.39,23.1177103565525
40196.4,21.9859392909382
40196.41,20.54325840018
40196.42,19.8922677408919
40196.43,18.9763556296006
40196.44,18.1078277415685
40196.45,17.468291403042
40196.46,16.548630842716
40196.47,16.1722774264684
40196.48,15.7471957746545
40196.49,14.7591426548699
40196.5,14.3102723014502
40196.51,13.4336342227056
40196.52,13.6209015662001
40196.53,13.7571224946947
40196.54,13.6425560792373
40196.55,13.8669453265616
40196.56,14.1301101686528
40196.57,14.152002404784
40196.58,13.3025500952604
40196.59,13.225633708115
40196.6,13.1697544050399
40196.61,13.3294606680357
40196.62,12.827518670954
40196.63,12.9449743463521
40196.64,12.924997904553
40196.65,12.9173130654782
40196.66,12.3292499997483
40196.67,11.9047994349594
40196.68,12.1547526754093
40196.69,12.2882809998321
40196.7,12.102023262788
40196.71,12.3084570756615
40196.72,12.2215283495534
40196.73,11.9048724276577
40196.74,11.2345657035994
40196.75,11.4053268203148
40196.76,11.2014009368104
40196.77,11.1151616057065
40196.78,10.4244841431372
40196.79,10.1384528705436
40196.8,10.0940549819184
40196.81,9.89463568399616
40196.82,9.56907718722694
40196.83,9.18558756909165
40196.84,9.16877242805087
40196.85,9.00343922274485
40196.86,8.84945463949472
40196.87,8.71035729675328
40196.88,8.49003574468008
40196.89,8.3513267009877
40196.9,8.1512405384841
40196.91,8.1008441824589
40196.92,7.74320807377244
40196.93,7.46633403349141
40196.94,7.43151796282988
40196.95,7.35430271945977
40196.96,7.34077004476652
40196.97,7.70604013104269
40196.98,7.7933040013936
40196.99,7.95597025827746
40197,7.95257473576754
40197.01,7.82769755187286
40197.02,7.56195566975019
40197.03,7.0994447730239
40197.04,6.75888702304128
40197.05,6.28105633565695
40197.06,6.04820518902598
40197.07,5.75366728484006
40197.08,5.57429398917158
40197.09,5.54532462972847
40197.1,5.45457369205071
40197.11,5.55841206034797
40197.12,5.65786384902903
40197.13,5.76930585881504
40197.14,5.84699325228897
40197.15,5.76263813159304
40197.16,5.55099925554861
40197.17,5.48859302625131
40197.18,5.31551293555964
40197.19,5.15063651345014
40197.2,5.07071226285758
40197.21,4.78278294683727
40197.22,4.44517324138421
40197.23,4.36092578261468
40197.24,4.44436678800185
40197.25,4.43320072064607
40197.26,4.74154587970827
40197.27,4.37622743167112
40197.28,4.12361744729069
40197.29,3.70896473547029
40197.3,3.47240353337256
40197.31,3.50181051166714
40197.32,3.48872551810735
40197.33,3.21933501469463
40197.34,3.02262855266571
40197.35,2.79113938715604
40197.36,2.53370548469841
40197.37,2.36429231829763
40197.38,2.19119027709627
40197.39,2.043966215991
40197.4,1.90312026217053
40197.41,1.77948528720799
40197.42,1.67880184780356
40197.43,1.50334904619093
40197.44,1.32378756443685
40197.45,1.15311141414512
40197.46,1.05287104342945
40197.47,1.03439291446858
40197.48,0.992521748276345
40197.49,0.965485966880367
40197.5,0.972491714722666
40197.51,0.932125555705952
40197.52,0.940527883453765
40197.53,0.892160370981753
40197.54,0.895203058706373
40197.55,0.896840775793499
40197.56,0.878082436667247
40197.57,0.864073269276487
40197.58,0.845176988990416
40197.59,0.871166898533755
40197.6,0.845368760817348
40197.61,0.813940484392812
40197.62,0.808216662641152
40197.63,0.818167970815822
40197.64,0.809574069662393
40197.65,0.789982661706068
40197.66,0.795884954347031
40197.67,0.762426882839212
40197.68,0.730311926072781
40197.69,0.691123853604936
40197.7,0.700075853729715
40197.71,0.644457595828198
40197.72,0.609612671651066
40197.73,0.601929156891489
40197.74,0.59641159178931
40197.75,0.612201707016762
40197.76,0.604636330538945
40197.77,0.581650617730516
40197.78,0.58901888090869
40197.79,0.590015744764184
40197.8,0.591425615131303
40197.81,0.590203440203906
40197.82,0.578994987340015
40197.83,0.537564980154486
40197.84,0.504996741040428
40197.85,0.515542093406965
40197.86,0.497691350482449
40197.87,0.455836761324868
40197.88,0.443658447550567
40197.89,0.454370285433963
40197.9,0.457705035295951
40197.91,0.456124541714488
40197.92,0.426425768399688
40197.93,0.426634045199802
40197.94,0.424516493091383
40197.95,0.443980206501416
40197.96,0.442745740381761
40197.97,0.440861144422746
40197.98,0.43438210832306
40197.99,0.431973248706431
40198,0.434326875270109
40198.01,0.427302598284443
40198.02,0.416379799755335
40198.03,0.402193831033205
40198.04,0.403718837184094
40198.05,0.39995861067267
40198.06,0.396744434528661
40198.07,0.380925227328828
40198.08,0.373486537367086
40198.09,0.355740676871286
40198.1,0.367003043197301
40198.11,0.380477888822528
40198.12,0.38563708851983
40198.13,0.385090086225457
40198.14,0.390697223261192
40198.15,0.375516476896501
40198.16,0.363052659212082
40198.17,0.376387018498724
40198.18,0.366695329892301
40198.19,0.367398440822967
40198.2,0.353521350877498
40198.21,0.329939866776785
40198.22,0.333613058521266
40198.23,0.728653969792704
40198.24,0.78429112533848
40198.25,0.757957947779815
40198.26,0.753135166202752
40198.27,0.769382761580829
40198.28,0.820232814085612
40198.29,0.997814259362775
40198.3,1.22902051452097
40198.31,1.51585276079647
40198.32,1.73708994681272
40198.33,1.91826255836723
40198.34,2.17892012178637
40198.35,2.33027925576981
40198.36,2.4497725405186
40198.37,2.33850108544087
40198.38,2.22730001188085
40198.39,2.19571372449378
40198.4,2.04709119786538
40198.41,1.8682998266546
40198.42,1.75398889278342
40198.43,1.68005905529551
40198.44,1.58643743663525
40198.45,1.50040687834848
40198.46,1.34402675095459
40198.47,1.26014903189101
40198.48,1.24457579034958
40198.49,1.18295594624293
40198.5,1.10551802731087
40198.51,1.0827652906593
40198.52,1.00724574040732
40198.53,0.967912636676802
40198.54,0.911286153386609
40198.55,0.857539898453135
40198.56,0.815522958423171
40198.57,0.795086909926182
40198.58,0.746181837536247
40198.59,0.652683938966765
40198.6,0.596655528902462
40198.61,0.57424825485939
40198.62,0.554681330273696
40198.63,0.548348331554893
40198.64,0.531273064503161
40198.65,0.516545417198645
40198.66,0.475949210975767
40198.67,0.459234119490395
40198.68,0.449635828980357
40198.69,0.453765965736423
40198.7,0.444999182383039
40198.71,0.42708368543729
40198.72,0.394996764084166
40198.73,0.377100036884602
40198.74,0.359360995253936
40198.75,0.340268043457824
40198.76,0.324036881232461
40198.77,0.310606855809567
40198.78,0.302761987232755
40198.79,0.310309779491985
40198.8,0.290052912593306
40198.81,0.266682732939238
40198.82,0.258894231705498
40198.83,0.239865053747399
40198.84,0.228488368780154
40198.85,0.218043709731273
40198.86,0.203519810018871
40198.87,0.198268385821142
40198.88,0.191694953351878
40198.89,0.182133071059684
40198.9,0.174717850168653
40198.91,0.168124149913477
40198.92,0.155840718768103
40198.93,0.147495151728391
40198.94,0.137051610289699
40198.95,0.126077026197356
40198.96,0.113708628033205
40198.97,0.108136942876664
40198.98,0.0977030167129682
40198.99,0.0830315442235118
40199,0.0733141302598951
40199.01,0.059710063493128
40199.02,0.0582513979583509
40199.03,0.0575334924092004
40199.04,0.0577406665755839
40199.05,0.0558907657629879
40199.06,0.0526797036162752
40199.07,0.0533810431686623
40199.08,0.0525682969204441
40199.09,0.0519990367376146
40199.1,0.0491377041946532
40199.11,0.0475128487390983
40199.12,0.0428873250472903
40199.13,0.0411684184220206
40199.14,0.0366891448294787
40199.15,0.0336663251745532
40199.16,0.0304544134448672
40199.17,0.0295458214586647
40199.18,0.0283333376040665
40199.19,0.0259107772725919
40199.2,0.0247980637407621
40199.21,0.0228067556054051
40199.22,0.0196615510156703
40199.23,0.0175894708546306
40199.24,0.0149999511638982
40199.25,0.0132779329189239
40199.26,0.0116303100341551
40199.27,0.00963767024479833
40199.28,0.00805769690368036
40199.29,0.00642865997435444
40199.3,0.00443941718563288
40199.31,0.00264956740691047
40199.32,0.000781748563567761
40199.33,0
40199.34,0
40199.35,0
40199.36,0
40199.37,0
40199.38,0
40199.39,0
40199.4,0
40199.41,0
40199.42,0
40199.43,0
40199.44,0
40199.45,0
40199.46,0
40199.47,0
40199.48,0
40199.49,0
40199.5,0
40199.51,0
40199.52,0
40199.53,0
40199.54,0
40199.55,0
40199.56,0
40199.57,0
40199.58,0
40199.59,0
40199.6,0
40199.61,0
40199.62,0
40199.63,0
40199.64,0
40199.65,0
40199.66,0
40199.67,0
40199.68,0
40199.69,0
40199.7,0
40199.71,0
40199.72,0
40199.73,0
40199.74,0
40199.75,0
40199.76,0
40199.77,0
40199.78,0
40199.79,0
40199.8,0
40199.81,0
40199.82,0
40199.83,0
40199.84,0
40199.85,0
40199.86,0
40199.87,0
40199.88,4.01767658096813E-12
40199.89,0.000799304105903763
40199.9,0.0500862916583711
40199.91,0.215860792927611
40199.92,0.558922278057698
40199.93,0.958717596492378
40199.94,1.41670705151268
40199.95,2.02465359172429
40199.96,2.63281179331608
40199.97,3.30202159930524
40199.98,4.42938009969693
40199.99,5.52453286939612
40200,6.92249276177138
40200.01,8.31332330049058
40200.02,9.53297924946638
40200.03,11.241996578792
40200.04,12.2560245604446
40200.05,13.9451118541646
40200.06,14.3288500311685
40200.07,14.5655724224711
40200.08,14.9196984067555
40200.09,15.7158267952881
40200.1,16.0081438147185
40200.11,16.5331285666468
40200.12,18.0432144959601
40200.13,18.8461722237448
40200.14,20.0394466109163
40200.15,20.6982091980431
40200.16,20.8157466588736
40200.17,20.9050018491005
40200.18,21.6901425027671
40200.19,22.5395945288575
40200.2,22.9995590938833
40200.21,23.3529291424854
40200.22,24.9221983068021
40200.23,25.1507644909933
40200.24,25.0345792962662
40200.25,24.4713626210546
40200.26,23.875135592873
40200.27,24.9193125121516
40200.28,24.1465548211232
40200.29,25.3741407733884
40200.3,24.4973490965319
40200.31,23.1311346149196
40200.32,24.106295344537
40200.33,23.6284522845737
40200.34,23.9393828088547
40200.35,23.4851508184597
40200.36,22.5876359176582
40200.37,22.441313240812
40200.38,21.5124012600721
40200.39,21.0352312696252
40200.4,20.2203654390647
40200.41,18.5742447375349
40200.42,18.1315033604154
40200.43,17.2276250522716
40200.44,16.5382039027473
40200.45,16.1068349160964
40200.46,14.8882377375499
40200.47,14.6928822019131
40200.48,14.5792199196703
40200.49,14.9981115102902
40200.5,14.9286271784223
40200.51,14.6444813860694
40200.52,13.9679509190051
40200.53,13.5587186761353
40200.54,12.6608797934893
40200.55,12.4431678603368
40200.56,12.013592302805
40200.57,11.5409278729674
40200.58,11.2004773794003
40200.59,10.9936438688746
40200.6,10.719513934686
40200.61,10.033117346491
40200.62,10.0671127221413
40200.63,9.72309609746057
40200.64,9.45939469025505
40200.65,9.27648689266506
40200.66,8.8822761047024
40200.67,8.79938173687823
40200.68,8.55711600743345
40200.69,8.21939942692163
40200.7,8.11557019525129
40200.71,8.15063214739137
40200.72,8.14441537691257
40200.73,8.03824871839667
40200.74,7.75664051907918
40200.75,7.54763511059595
40200.76,7.38410003059046
40200.77,6.97138364566148
40200.78,7.00726832125171
40200.79,6.89755939612667
40200.8,6.53647932598642
40200.81,6.69171896660528
40200.82,6.9192408966184
40200.83,6.53237028199046
40200.84,6.36600954444839
40200.85,6.09156317010485
40200.86,6.0946028401327
40200.87,5.74216198093368
40200.88,5.71060426257032
40200.89,5.70266756641259
40200.9,5.80580396545604
40200.91,5.43574498985568
40200.92,5.25951424700328
40200.93,5.17119473329057
40200.94,5.24921662266165
40200.95,5.19661655149873
40200.96,5.2369296108708
40200.97,5.22995023629636
40200.98,5.02966213500076
40200.99,4.94575511395389
40201,4.82547327773648
40201.01,4.7198777636112
40201.02,4.54145272230066
40201.03,4.57832429591472
40201.04,4.55350357444296
40201.05,4.25996783099088
40201.06,4.2926759408975
40201.07,4.16923451181654
40201.08,3.94991314334577
40201.09,4.03414144994477
40201.1,3.97633669900187
40201.11,3.95854724070034
40201.12,3.88531698685287
40201.13,3.8230879894607
40201.14,3.58235239873181
40201.15,3.6070816738743
40201.16,3.48185927989058
40201.17,3.43228888296926
40201.18,3.37260729318008
40201.19,3.23332185294834
40201.2,3.06228343119826
40201.21,2.98021680503888
40201.22,3.01366409959462
40201.23,2.8830553115074
40201.24,2.76132882443744
40201.25,2.69451878085254
40201.26,2.57770749632008
40201.27,2.59592154018657
40201.28,2.54678859153492
40201.29,2.63824662109529
40201.3,2.55572981096891
40201.31,2.61175195672029
40201.32,2.46086590149121
40201.33,2.36917233557203
40201.34,2.19706995980485
40201.35,2.07397303550075
40201.36,1.95825433558972
40201.37,1.89273404282386
40201.38,1.86129474698308
40201.39,1.7427119266279
40201.4,1.57450192796938
40201.41,1.47694702563455
40201.42,1.37295107192602
40201.43,1.25905463632367
40201.44,1.19189494513311
40201.45,1.12805234635219
40201.46,1.00572789744373
40201.47,0.888279947696658
40201.48,0.736382981823186
40201.49,0.636303461804992
40201.5,0.561358798152359
40201.51,0.458545943890265
40201.52,0.459137055230945
40201.53,0.457999955460282
40201.54,0.45552903056179
40201.55,0.452690532083937
40201.56,0.44051617267189
40201.57,0.441644862145512
40201.58,0.442437660340759
40201.59,0.433836072128392
40201.6,0.42042835323239
40201.61,0.422438345699995
40201.62,0.42584548151888
40201.63,0.403768299486759
40201.64,0.398610378382898
40201.65,0.384438757328877
40201.66,0.394456541037075
40201.67,0.37469135081656
40201.68,0.352725935279041
40201.69,0.329158904058914
40201.7,0.322949480336216
40201.71,0.299324696094071
40201.72,0.290586996210723
40201.73,0.272508920184128
40201.74,0.2685793156697
40201.75,0.265355561797557
40201.76,0.25796813486186
40201.77,0.229325570128403
40201.78,0.206430623330714
40201.79,0.179165838328137
40201.8,0.179919301731194
40201.81,0.163942382447113
40201.82,0.149362898275392
40201.83,0.139878431436782
40201.84,0.137518702818229
40201.85,0.13152139081025
40201.86,0.127081372413711
40201.87,0.122382540372477
40201.88,0.113571734642913
40201.89,0.114874414059006
40201.9,0.115536551184153
40201.91,0.110466286131354
40201.92,0.104970693817985
40201.93,0.105275583916454
40201.94,0.106802605811233
40201.95,0.100927799382246
40201.96,0.0966050597309189
40201.97,0.0896070311941718
40201.98,0.0846264050953572
40201.99,0.0734983764684341
40202,0.064301048537174
40202.01,0.0604755912935713
40202.02,0.0555373870031881
40202.03,0.051508290474044
40202.04,0.0469628817710069
40202.05,0.0430354450718753
40202.06,0.0385823410572029
40202.07,0.0336764852758021
40202.08,0.0293245917572577
40202.09,0.0241409095817534
40202.1,0.0203082639769292
40202.11,0.0150917096631249
40202.12,0.0103409074057474
40202.13,0.0059206898621541
40202.14,0.00123546341551946
40202.15,0.000154376781366081
40202.16,0.000156477932018945
40202.17,0.000155354429675925
40202.18,0.000148893035644352
40202.19,0.000152291062114274
40202.2,0.000149254549190642
40202.21,0.000140480086166506
40202.22,0.000143683862385431
40202.23,0.00013929453108745
40202.24,0.000136567053895724
40202.25,0.000134762696774823
40202.26,0.000127648076229487
40202.27,0.000125719133010014
40202.28,0.000116462065954425
40202.29,0.000108712660455179
40202.3,0.000103148410737418
40202.31,0.000105029811390094
40202.32,0.000101973493354444
40202.33,0.000100356982720007
40202.34,9.42190301719067E-05
40202.35,9.07558933908735E-05
40202.36,8.10275519675267E-05
40202.37,7.61829708391248E-05
40202.38,7.28540773648274E-05
40202.39,6.75375320376756E-05
40202.4,6.0046617445623E-05
40202.41,5.38216010556072E-05
40202.42,5.12591497575672E-05
40202.43,4.95123099634009E-05
40202.44,4.52718600687767E-05
40202.45,4.34566320908072E-05
40202.46,3.81260072878333E-05
40202.47,3.50066640176102E-05
40202.48,3.14742648696221E-05
40202.49,2.84745065595901E-05
40202.5,2.35288855921768E-05
40202.51,2.0363867068365E-05
40202.52,1.65824870463731E-05
40202.53,1.2453965725117E-05
40202.54,8.63742853949287E-06
40202.55,4.9631156490936E-06
40202.56,1.3614493003374E-06
40202.57,0
40202.58,0
40202.59,0
40202.6,0
40202.61,0
40202.62,0
40202.63,0
40202.64,0
40202.65,0
40202.66,0
40202.67,0
40202.68,0
40202.69,0
40202.7,0
40202.71,0
40202.72,0
40202.73,0
40202.74,0
40202.75,0
40202.76,0
40202.77,0
40202.78,0
40202.79,0
40202.8,0
40202.81,0
40202.82,0
40202.83,0
40202.84,0
40202.85,0
40202.86,0
40202.87,0
40202.88,0
40202.89,0
40202.9,0
40202.91,0
40202.92,2.93659981675774E-10
40202.93,0.0573842769966309
40202.94,0.435272509289715
40202.95,1.32926273631866
40202.96,2.75904386543139
40202.97,4.63324914148258
40202.98,6.26415806636483
40202.99,8.1752749419265
40203,9.8479864175116
40203.01,10.9569958894396
40203.02,12.2156621678187
40203.03,13.2278195852732
40203.04,14.0013232478217
40203.05,14.8338791254057
40203.06,16.7113330486678
40203.07,17.9045939468277
40203.08,21.4872476620804
40203.09,26.226200517015
40203.1,34.6031304001065
40203.11,48.5703738358621
40203.12,65.4774412575617
40203.13,83.7367876123987
40203.14,109.232898082965
40203.15,139.72751194158
40203.16,168.258794590961
40203.17,200.78926151112
40203.18,221.782164936172
40203.19,242.574915056113
40203.2,259.407991500573
40203.21,276.569841935445
40203.22,301.15180367529
40203.23,323.855761949276
40203.24,353.036171784238
40203.25,406.108445972751
40203.26,441.105337058071
40203.27,460.407740672241
40203.28,500.24025414869
40203.29,531.172004564829
40203.3,518.256365598217
40203.31,505.427857732483
40203.32,494.075687856264
40203.33,490.037383065392
40203.34,487.276076620987
40203.35,474.987214010654
40203.36,455.911745409929
40203.37,460.975246479696
40203.38,442.092086956978
40203.39,442.883960813983
40203.4,461.683697485401
40203.41,462.452943075501
40203.42,452.10458213191
40203.43,450.831727789504
40203.44,354.854797675697
40203.45,338.042873685629
40203.46,328.589431542641
40203.47,306.141799521639
40203.48,281.082754102597
40203.49,267.214508379166
40203.5,245.466953865837
40203.51,232.894332909812
40203.52,224.009132167206
40203.53,217.037153256772
40203.54,220.051353446692
40203.55,209.290042356082
40203.56,201.785134416442
40203.57,194.505474157136
40203.58,184.612884309874
40203.59,190.918258816819
40203.6,181.931398924144
40203.61,176.054661233936
40203.62,170.571938780662
40203.63,177.769813820816
40203.64,170.897711904273
40203.65,162.111804578406
40203.66,162.708003104918
40203.67,154.457761137473
40203.68,142.090389395472
40203.69,144.17239294072
40203.7,145.226917142206
40203.71,136.67201822882
40203.72,129.469389656964
40203.73,126.999945147554
40203.74,121.284642332926
40203.75,114.097482035782
40203.76,108.440084804526
40203.77,112.202296525761
40203.78,113.487618501317
40203.79,107.838807826946
40203.8,105.209778990329
40203.81,103.347986723703
40203.82,100.169806389314
40203.83,97.8897650790627
40203.84,100.555702879066
40203.85,96.2793710422075
40203.86,92.7451174290394
40203.87,91.351934845173
40203.88,88.3658571466519
40203.89,86.0729276720295
40203.9,83.8537115599653
40203.91,80.422604073576
40203.92,82.1688122671561
40203.93,79.4621599880737
40203.94,81.3292347138724
40203.95,78.1113684999123
40203.96,74.9243917344599
40203.97,74.3267603182703
40203.98,72.6140724851518
40203.99,73.1998100859664
40204,73.3300306934943
40204.01,76.8810506816811
40204.02,69.1831127483243
40204.03,65.917417435099
40204.04,64.6596929481639
40204.05,63.0885403648513
40204.06,61.8156515739464
40204.07,65.2663629707417
40204.08,59.8121386447159
40204.09,59.7953538460686
40204.1,58.4892732268454
40204.11,57.5953650876908
40204.12,58.4610984362429
40204.13,57.3446822008348
40204.14,57.615577601314
40204.15,58.6533788317944
40204.16,59.4370771733272
40204.17,55.097434092085
40204.18,52.9741599966193
40204.19,50.0115446186795
40204.2,47.967666741365
40204.21,46.8091898325924
40204.22,48.7278240949852
40204.23,46.7917707159777
40204.24,45.3866700684908
40204.25,44.1765013763934
40204.26,45.0827471175637
40204.27,43.2792109602645
40204.28,42.7709781816345
40204.29,42.6698960333656
40204.3,42.2002506374733
40204.31,38.695704722419
40204.32,36.2772094354043
40204.33,36.0162797503382
40204.34,33.2812680401379
40204.35,32.1725859740574
40204.36,29.9584024977205
40204.37,29.4747543160921
40204.38,28.584331139976
40204.39,26.5182407460653
40204.4,25.5463080161188
40204.41,24.3905913807502
40204.42,23.9078297316916
40204.43,24.6859710069841
40204.44,24.748678266132
40204.45,24.8373409116217
40204.46,25.7777371088532
40204.47,25.6339504468161
40204.48,26.376217329932
40204.49,26.3981428241293
40204.5,26.3108814270861
40204.51,25.7457479310588
40204.52,24.8671511610921
40204.53,23.9028175832579
40204.54,23.0666377753755
40204.55,23.2202496690957
40204.56,23.2815934073224
40204.57,22.5154143798839
40204.58,23.1103662962043
40204.59,22.4609156903916
40204.6,21.9958770020549
40204.61,20.9523236890401
40204.62,20.2927185355997
40204.63,20.6457927406982
40204.64,20.723072238219
40204.65,20.1625158093083
40204.66,20.6939905341342
40204.67,20.4379226108048
40204.68,20.2644854237108
40204.69,20.6511011756876
40204.7,20.6649888378804
40204.71,20.2064566779656
40204.72,19.3612626646843
40204.73,19.8442566403513
40204.74,18.3161959417112
40204.75,17.8000165246251
40204.76,16.7620030198731
40204.77,16.3385353088138
40204.78,16.5897762929366
40204.79,16.2691550150289
40204.8,15.9134812360217
40204.81,15.733709209662
40204.82,16.4605348683636
40204.83,16.9360755345019
40204.84,16.8944074635913
40204.85,16.4379832058044
40204.86,16.1148087193429
40204.87,16.1361449690223
40204.88,15.8872159149868
40204.89,15.6960731648617
40204.9,15.109384648548
40204.91,14.4292230118703
40204.92,13.9010151553096
40204.93,13.9196013176247
40204.94,13.4825693055339
40204.95,14.4079906173519
40204.96,14.5187806401096
40204.97,14.6598633762425
40204.98,14.9343680022071
40204.99,14.3466036755
40205,13.7473358126432
40205.01,13.5444458315104
40205.02,13.6590679779361
40205.03,13.748672906021
40205.04,14.2618353331314
40205.05,14.6643372789354
40205.06,14.9094755194456
40205.07,15.1792253679236
40205.08,15.0659699598695
40205.09,15.2017701698292
40205.1,14.8457521513747
40205.11,14.4480133927975
40205.12,14.6169602998247
40205.13,13.736370717685
40205.14,14.0905181404052
40205.15,14.6190690727777
40205.16,14.1744134099724
40205.17,14.2387372721435
40205.18,14.0615282817435
40205.19,13.4446261492126
40205.2,13.3657848644019
40205.21,13.3421118853622
40205.22,13.4915500955334
40205.23,13.1234286828713
40205.24,12.9390960920176
40205.25,12.4955494623486
40205.26,12.649782410304
40205.27,12.4001370932553
40205.28,12.4881620983317
40205.29,12.0338084736134
40205.3,11.8655309186792
40205.31,11.3672565529754
40205.32,10.9473216357463
40205.33,11.1118409772422
40205.34,10.8615242321735
40205.35,10.6463525549059
40205.36,10.6761011040609
40205.37,10.2430541786981
40205.38,10.6222963196325
40205.39,10.1845598745803
40205.4,9.87663375558963
40205.41,10.2950997685287
40205.42,9.59691617275302
40205.43,9.87918045872254
40205.44,9.763882775096
40205.45,9.67778335003038
40205.46,9.1740355152801
40205.47,9.00752123308889
40205.48,8.4911110742802
40205.49,8.53716906455571
40205.5,8.27688386019835
40205.51,7.93301824161624
40205.52,7.6408688135258
40205.53,7.42857442063971
40205.54,7.4516997769049
40205.55,7.33679041750276
40205.56,6.99204217837467
40205.57,6.64559685447228
40205.58,6.2906213156964
40205.59,6.26930614247233
40205.6,6.183464549171
40205.61,5.82595034706895
40205.62,5.41313569719797
40205.63,5.2593990922823
40205.64,5.03201273139088
40205.65,4.96311830970499
40205.66,4.79943238122664
40205.67,4.71681326937477
40205.68,4.77087673879874
40205.69,4.85221987600192
40205.7,4.75799488035281
40205.71,4.7888427979541
40205.72,4.64541839990407
40205.73,4.42942045175518
40205.74,4.40064592886545
40205.75,4.49053873112239
40205.76,4.60330584370689
40205.77,4.51989294001432
40205.78,4.23718389204818
40205.79,4.21272217727116
40205.8,4.12388885025005
40205.81,4.13235281451536
40205.82,4.18943799865024
40205.83,4.06674239774226
40205.84,3.91883083657233
40205.85,3.81255447107021
40205.86,3.67985690267095
40205.87,3.52278364384839
40205.88,3.49075713256544
40205.89,3.36684753840098
40205.9,3.29003420873183
40205.91,3.21035809788935
40205.92,3.10840950704854
40205.93,3.11394702613671
40205.94,3.02501810420945
40205.95,2.97001906023574
40205.96,2.98723038487821
40205.97,2.92306114121146
40205.98,2.75737768625884
40205.99,2.67603754696861
40206,2.5970922327366
40206.01,2.5988309648569
40206.02,2.6726328898412
40206.03,2.63315938439271
40206.04,2.56871276859056
40206.05,2.61814575690216
40206.06,2.50842574396471
40206.07,2.47120944801504
40206.08,2.4444309741776
40206.09,2.38038354777023
40206.1,2.3091863752824
40206.11,2.26202041643756
40206.12,2.29760051792863
40206.13,2.26839700585533
40206.14,2.16594375119894
40206.15,2.11931139606342
40206.16,2.11065888910989
40206.17,2.14637984496361
40206.18,2.11906573350884
40206.19,2.05380676936949
40206.2,2.05510976044297
40206.21,2.02380015516574
40206.22,1.94910470540814
40206.23,1.83384570681127
40206.24,1.76105533901808
40206.25,1.72995557444682
40206.26,1.60369422501375
40206.27,1.4649275224365
40206.28,1.4188133233086
40206.29,1.29574198753678
40206.3,1.19075737353954
40206.31,1.12699310990985
40206.32,1.06333202484921
40206.33,1.00896022112418
40206.34,0.957313529910766
40206.35,0.914205450747862
40206.36,0.854259238422862
40206.37,0.77919202223128
40206.38,0.669889348920506
40206.39,0.642606724820512
40206.4,0.603799629386636
40206.41,0.559836883977761
40206.42,0.504703690116068
40206.43,0.439205225644232
40206.44,0.391410183291808
40206.45,0.336900067080927
40206.46,0.272799684381148
40206.47,0.22780566057009
40206.48,0.167941654745923
40206.49,0.115639452627399
40206.5,0.0684545812158325
40206.51,0.0149592807504416
40206.52,0.00862185066627542
40206.53,0.00866516089132139
40206.54,0.00844412167227832
40206.55,0.00790874552690307
40206.56,0.00760308401806548
40206.57,0.00739721491531116
40206.58,0.00690922235838689
40206.59,0.00700216957668088
40206.6,0.00686423404240166
40206.61,0.00679315422306949
40206.62,0.00662910693355252
40206.63,0.0064804343943587
40206.64,0.00619804102953736
40206.65,0.0057440618950252
40206.66,0.00564963825172655
40206.67,0.00544828382658993
40206.68,0.00547277618269774
40206.69,0.00508182034308222
40206.7,0.00489239672180469
40206.71,0.0049691994914889
40206.72,0.00456023762553452
40206.73,0.00419974105471091
40206.74,0.00401715181654313
40206.75,0.00398970389794794
40206.76,0.00364136379465076
40206.77,0.003433137723911
40206.78,0.00320271459944145
40206.79,0.00294487708982042
40206.8,0.00271894259287114
40206.81,0.00260045401793591
40206.82,0.0023944204595984
40206.83,0.00210092498256307
40206.84,0.00186416819412087
40206.85,0.0016683304410295
40206.86,0.0014113135895086
40206.87,0.00119617049789664
40206.88,0.000996466139838301
40206.89,0.000763639021057631
40206.9,0.000618178657833555
40206.91,0.000410930895216742
40206.92,0.00023045038799288
40206.93,4.74139587583021E-05
40206.94,0
40206.95,0
40206.96,0
40206.97,0
40206.98,0
40206.99,0
40207,0
40207.01,0
40207.02,0
40207.03,0
40207.04,0
40207.05,0
40207.06,0
40207.07,0
40207.08,0
40207.09,0
40207.1,0
40207.11,0
40207.12,0
40207.13,0
40207.14,0
40207.15,0
40207.16,0
40207.17,0
40207.18,0
40207.19,0
40207.2,0
40207.21,0
40207.22,0
40207.23,0
40207.24,0
40207.25,0
40207.26,0
40207.27,0
40207.28,0
40207.29,0
40207.3,0
40207.31,0
40207.32,0
40207.33,0
40207.34,0
40207.35,0
40207.36,0
40207.37,0
40207.38,0
40207.39,0
40207.4,0
40207.41,0
40207.42,0
40207.43,0
40207.44,0
40207.45,0
40207.46,0
40207.47,0
40207.48,0
40207.49,0
40207.5,0
40207.51,0
40207.52,0
40207.53,0
40207.54,0
40207.55,0
40207.56,0
40207.57,0
40207.58,0
40207.59,0
40207.6,0
40207.61,0
40207.62,0
40207.63,0
40207.64,0
40207.65,0
40207.66,0
40207.67,0
40207.68,0
40207.69,0
40207.7,0
40207.71,0
40207.72,0
40207.73,0
40207.74,0
40207.75,0
40207.76,0
40207.77,0
40207.78,0
40207.79,0
40207.8,0
40207.81,0
40207.82,0
40207.83,0
40207.84,0
40207.85,0
40207.86,0
40207.87,0
40207.88,0
40207.89,0
40207.9,0
40207.91,0
40207.92,0
40207.93,0
40207.94,0
40207.95,0
40207.96,0
40207.97,0
40207.98,0
40207.99,0
40208,0
40208.01,0
40208.02,0
40208.03,0
40208.04,0
40208.05,0
40208.06,0
40208.07,0
40208.08,0
40208.09,0
40208.1,0
40208.11,0
40208.12,0
40208.13,0
40208.14,0
40208.15,0
40208.16,0
40208.17,0
40208.18,0
40208.19,0
40208.2,0
40208.21,0
40208.22,0
40208.23,0
40208.24,0
40208.25,0
40208.26,0
40208.27,0
40208.28,0
40208.29,0
40208.3,0
40208.31,0
40208.32,0
40208.33,0
40208.34,0
40208.35,0
40208.36,0
40208.37,0
40208.38,0
40208.39,0
40208.4,0
40208.41,0
40208.42,0
40208.43,0
40208.44,0
40208.45,0
40208.46,0
40208.47,3.48261401120269E-09
40208.48,0.687743566358603
40208.49,0.860408660354623
40208.5,1.03769499836927
40208.51,1.21495550042202
40208.52,1.36116718710132
40208.53,1.57004561268469
40208.54,2.48468331408176
40208.55,3.7431197366299
40208.56,4.90464433397478
40208.57,6.08158400805495
40208.58,7.08642420388615
40208.59,8.0255344996239
40208.6,9.0191353656026
40208.61,9.88746928938378
40208.62,10.5366931614874
40208.63,10.9692710722393
40208.64,11.6315624566972
40208.65,12.5276498108113
40208.66,13.7375428283588
40208.67,14.584948296007
40208.68,15.1978226314416
40208.69,16.2470774114455
40208.7,17.83217116358
40208.71,18.598059349878
40208.72,19.7061462440048
40208.73,20.1019236043467
40208.74,19.8906912562102
40208.75,19.3083746471661
40208.76,19.4293483507474
40208.77,18.7278164333274
40208.78,17.9842094719732
40208.79,17.9413047736852
40208.8,18.2047404859882
40208.81,18.4293694582875
40208.82,18.5976075922607
40208.83,18.1698186776795
40208.84,17.7926147633601
40208.85,18.0367862370343
40208.86,18.7402956011689
40208.87,17.0528248330765
40208.88,17.3232038843279
40208.89,17.1034367315398
40208.9,16.7555551992431
40208.91,16.110382317966
40208.92,15.5469233130184
40208.93,14.7790216464747
40208.94,14.6455196089978
40208.95,14.0205387772047
40208.96,13.7282678771617
40208.97,12.9729991819287
40208.98,13.2242294114182
40208.99,13.2714884431409
40209,12.6488647927857
40209.01,12.6194964865763
40209.02,12.2896400538489
40209.03,11.8155453805672
40209.04,11.6652705948353
40209.05,11.759422375032
40209.06,12.0597298734823
40209.07,11.9311459970827
40209.08,12.0948766406241
40209.09,12.0792188790648
40209.1,12.0522800395454
40209.11,12.1156328939515
40209.12,11.4074223964127
40209.13,11.0436295037676
40209.14,11.2657159270977
40209.15,10.5628068046379
40209.16,10.0452856324079
40209.17,10.3017175350974
40209.18,9.72714375799515
40209.19,9.48436233401922
40209.2,9.27778126852221
40209.21,8.92857442501557
40209.22,8.88380594687528
40209.23,8.80794863878539
40209.24,8.35126069692815
40209.25,8.4694497692525
40209.26,7.98166480523433
40209.27,7.59972979176301
40209.28,7.29331115841465
40209.29,7.05957547608017
40209.3,6.58283285019095
40209.31,6.36979098811647
40209.32,5.75304664541804
40209.33,5.44994796740623
40209.34,5.09934220105629
40209.35,4.79244281982257
40209.36,4.57540902009757
40209.37,4.39762662139129
40209.38,4.12798900861048
40209.39,4.06553013038663
40209.4,3.83752439909746
40209.41,3.74063440954941
40209.42,3.77921882754118
40209.43,3.64677378017217
40209.44,3.55663739942594
40209.45,3.49572565062492
40209.46,3.51341146779785
40209.47,3.48424908164355
40209.48,3.40207648069923
40209.49,3.24603261933449
40209.5,3.20600996107805
40209.51,2.90528877131601
40209.52,2.88870989666583
40209.53,2.77871955936076
40209.54,2.77698207982249
40209.55,2.71847218627517
40209.56,2.76400574457592
40209.57,2.65610656922629
40209.58,2.46080550405448
40209.59,2.41140223631635
40209.6,2.3280808274099
40209.61,2.27110641281171
40209.62,2.29267441661414
40209.63,2.18135992583439
40209.64,2.16677523084828
40209.65,2.16107917777719
40209.66,2.1620006951584
40209.67,1.98512623196007
40209.68,1.93464806052932
40209.69,1.84022946347203
40209.7,1.78724394067383
40209.71,1.71866032577266
40209.72,1.67540406868478
40209.73,1.69025647137218
40209.74,1.73889436028296
40209.75,1.73579629135397
40209.76,1.64201680723811
40209.77,1.66309412874115
40209.78,1.57124466440146
40209.79,1.52080851911089
40209.8,1.5332576699295
40209.81,1.47241687189338
40209.82,1.4651042325444
40209.83,1.41720109521717
40209.84,1.33753579002391
40209.85,1.31083553822817
40209.86,1.25735558766623
40209.87,1.28351349784774
40209.88,1.30930622964046
40209.89,1.32201065106194
40209.9,1.24079437060637
40209.91,1.26107373800566
40209.92,1.22375066329672
40209.93,1.19220970131413
40209.94,1.14975321356569
40209.95,1.08503561455859
40209.96,1.04223211213035
40209.97,1.02018952413857
40209.98,1.01434443485491
40209.99,0.978569845196354
40210,0.927540489765216
40210.01,0.865580125731713
40210.02,0.832725844295849
40210.03,0.845237076845199
40210.04,0.834481331446254
40210.05,0.812723423498107
40210.06,0.751513658692581
40210.07,0.6934938368011
40210.08,0.685010454536054
40210.09,0.674828984218832
40210.1,0.672743944222647
40210.11,0.652773323843804
40210.12,0.618179814805666
40210.13,0.568658382231601
40210.14,0.535033382351932
40210.15,0.484451147406467
40210.16,0.471763220491578
40210.17,0.46082885559927
40210.18,0.460488214671905
40210.19,0.420206055738872
40210.2,0.387899429490354
40210.21,0.37838079732721
40210.22,0.365187556624495
40210.23,0.32971877730304
40210.24,0.308351323612002
40210.25,0.294179643677925
40210.26,0.276036398952404
40210.27,0.263650492791901
40210.28,0.248377404301586
40210.29,0.229166126518968
40210.3,0.216002205474184
40210.31,0.199763523347014
40210.32,0.189844237764679
40210.33,0.166359809567651
40210.34,0.149492775609112
40210.35,0.131132016127932
40210.36,0.114730936358036
40210.37,0.10020937379313
40210.38,0.0857380605438702
40210.39,0.0653434645910852
40210.4,0.0515018240911131
40210.41,0.0358698624814537
40210.42,0.0196286905459443
40210.43,0.00278490726030009
40210.44,0
40210.45,0
40210.46,0
40210.47,0
40210.48,0
40210.49,0
40210.5,0
40210.51,0
40210.52,0
40210.53,0
40210.54,0
40210.55,0
40210.56,0
40210.57,0
40210.58,0
40210.59,0
40210.6,0
40210.61,0
40210.62,0
40210.63,0
40210.64,0
40210.65,0
40210.66,0
40210.67,0
40210.68,0
40210.69,0
40210.7,0
40210.71,0
40210.72,0
40210.73,0
40210.74,0
40210.75,0
40210.76,0
40210.77,0
40210.78,0
40210.79,0
40210.8,0
40210.81,0
40210.82,0
40210.83,0
40210.84,0
40210.85,0
40210.86,0
40210.87,0
40210.88,0
40210.89,0
40210.9,0
40210.91,0
40210.92,0
40210.93,0
40210.94,0
40210.95,0
40210.96,0
40210.97,0
40210.98,0
40210.99,0
40211,0
40211.01,0
40211.02,0
40211.03,0
40211.04,0
40211.05,0
40211.06,0
40211.07,0
40211.08,0
40211.09,0
40211.1,0
40211.11,0
40211.12,0
40211.13,0
40211.14,0
40211.15,0
40211.16,0
40211.17,0
40211.18,0
40211.19,0
40211.2,0
40211.21,0
40211.22,0
40211.23,0
40211.24,0
40211.25,0
40211.26,0
40211.27,0
40211.28,0
40211.29,0
40211.3,0
40211.31,0
40211.32,0
40211.33,0
40211.34,0
40211.35,0
40211.36,0
40211.37,0
40211.38,0
40211.39,0
40211.4,0
40211.41,0
40211.42,0
40211.43,0
40211.44,0
40211.45,0
40211.46,0
40211.47,0
40211.48,0
40211.49,0
40211.5,0
40211.51,0
40211.52,0
40211.53,0
40211.54,0
40211.55,0
40211.56,0
40211.57,0
40211.58,0
40211.59,0
40211.6,0
40211.61,0
40211.62,0
40211.63,0
40211.64,0
40211.65,0
40211.66,0
40211.67,0
40211.68,0
40211.69,0
40211.7,0
40211.71,0
40211.72,0
40211.73,0
40211.74,0
40211.75,0
40211.76,0
40211.77,0
40211.78,0
40211.79,0
40211.8,0
40211.81,0
40211.82,0
40211.83,1.05847587128535E-11
40211.84,0.00206064818769521
40211.85,0.147441142009083
40211.86,8.48280651896915
40211.87,9.41282737433467
40211.88,10.9054324315067
40211.89,11.70433426708
40211.9,13.1655635267098
40211.91,18.2707021599428
40211.92,26.1015190394553
40211.93,33.1156622667225
40211.94,40.5923139513496
40211.95,45.1977347314764
40211.96,53.0986982817822
40211.97,60.62669477461
40211.98,120.722503117408
40211.99,120.611291636517
40212,126.360371931019
40212.01,129.294457794507
40212.02,130.233277595249
40212.03,130.802830549702
40212.04,140.795601561665
40212.05,149.114042752987
40212.06,156.115555557242
40212.07,157.532867759164
40212.08,158.913639223337
40212.09,153.695899441618
40212.1,157.76074008939
40212.11,163.920221998375
40212.12,164.247446506824
40212.13,172.64789460072
40212.14,169.591741494521
40212.15,148.027645088909
40212.16,150.635919334263
40212.17,149.123383076041
40212.18,143.25988958592
40212.19,142.213606909788
40212.2,138.057707594237
40212.21,139.847575022751
40212.22,140.021134375874
40212.23,136.149803138889
40212.24,135.15593252854
40212.25,138.647673193695
40212.26,139.872745903762
40212.27,139.816840819271
40212.28,135.529694970324
40212.29,129.870449988979
40212.3,123.89315331908
40212.31,124.297598735756
40212.32,117.333721186533
40212.33,115.55336079023
40212.34,117.549611431142
40212.35,109.072019626818
40212.36,107.003006737472
40212.37,100.961769896483
40212.38,97.6352135312658
40212.39,96.598394814881
40212.4,91.7532645736932
40212.41,86.3932208106432
40212.42,83.5358584630859
40212.43,82.1607214885871
40212.44,79.3746446818355
40212.45,75.4598401718096
40212.46,75.1392219120504
40212.47,71.0023014673268
40212.48,66.5218211803379
40212.49,65.1282952138944
40212.5,67.4570908507305
40212.51,64.6244177778334
40212.52,62.6059938488029
40212.53,59.0201875195343
40212.54,56.2842697623096
40212.55,52.8596560547751
40212.56,51.6320159884393
40212.57,50.0657502009996
40212.58,48.5396868395841
40212.59,49.4127751856327
40212.6,46.9737896690577
40212.61,47.8022551954013
40212.62,47.0818655449829
40212.63,45.419225467322
40212.64,44.9482028045466
40212.65,44.1553257038768
40212.66,44.0964071525833
40212.67,43.3483774642574
40212.68,45.1909646497598
40212.69,45.912332303982
40212.7,46.6605371031325
40212.71,44.3549286039567
40212.72,43.2378319128309
40212.73,44.0049266680272
40212.74,43.9763050906062
40212.75,43.1996642806441
40212.76,42.2973746193585
40212.77,42.7388172437514
40212.78,39.6916600965517
40212.79,38.0220307635637
40212.8,35.969493064249
40212.81,36.8243456590905
40212.82,35.0593078460412
40212.83,34.4804187129547
40212.84,35.4912955223899
40212.85,34.8127359213997
40212.86,34.7187689525447
40212.87,34.3588990189719
40212.88,34.6196602219779
40212.89,36.3669371405233
40212.9,34.659085008158
40212.91,34.1267226485447
40212.92,35.2476455265851
40212.93,37.0731474475357
40212.94,36.1578898938071
40212.95,36.8957016112634
40212.96,36.8424975997232
40212.97,36.7199067884943
40212.98,34.5252581122283
40212.99,32.3230252205057
40213,31.85398121864
40213.01,31.1519264639331
40213.02,30.485180295408
40213.03,28.9371700861992
40213.04,29.6022541712139
40213.05,28.8751244118858
40213.06,30.5536010299795
40213.07,29.665881737583
40213.08,29.3011848693084
40213.09,29.2364122752687
40213.1,28.2550107143031
40213.11,26.812186581582
40213.12,25.8317474508947
40213.13,25.3429642917468
40213.14,24.4995644139916
40213.15,25.4109772234853
40213.16,24.50334203112
40213.17,24.5127730110393
40213.18,24.5228319672684
40213.19,24.0804503184087
40213.2,22.816298876333
40213.21,22.623860205677
40213.22,22.6897836706918
40213.23,22.2378243454543
40213.24,21.6947040754472
40213.25,19.8987598976594
40213.26,18.8480139270261
40213.27,18.3271660282463
40213.28,18.0039327893733
40213.29,17.953976579516
40213.3,17.3577135634858
40213.31,17.0052362271942
40213.32,16.094462394428
40213.33,15.9647428110181
40213.34,15.8563559227542
40213.35,15.3605088111384
40213.36,15.3294471849877
40213.37,14.7368889996494
40213.38,14.0851992702315
40213.39,13.5332715372674
40213.4,13.8553504279151
40213.41,12.7783787744376
40213.42,12.4100656367084
40213.43,11.8526145607764
40213.44,11.4581539943374
40213.45,10.5799096622413
40213.46,10.3952131185195
40213.47,10.1677827877808
40213.48,9.66771198205671
40213.49,9.13585745102335
40213.5,8.73993611287474
40213.51,8.55293492142122
40213.52,7.77999633314976
40213.53,7.67481427298418
40213.54,7.33273342339477
40213.55,7.4232876582286
40213.56,7.16547642587994
40213.57,7.48515201964916
40213.58,7.44090455988874
40213.59,7.71332694658966
40213.6,7.46507914972318
40213.61,7.22408053438509
40213.62,7.35261540386651
40213.63,7.38664563471806
40213.64,7.34013286066001
40213.65,7.47646697888883
40213.66,7.43467230129838
40213.67,7.23378215288198
40213.68,6.74172257701693
40213.69,6.22694256302025
40213.7,6.25970743958431
40213.71,6.27335170332831
40213.72,6.02884321947236
40213.73,6.03801678816966
40213.74,5.91763478599624
40213.75,5.83998448713821
40213.76,5.91410528007257
40213.77,5.57062454249657
40213.78,5.54743107243741
40213.79,5.54712659264402
40213.8,5.43300689883749
40213.81,5.37447073731101
40213.82,5.12363724452566
40213.83,5.06985240168079
40213.84,5.08219943037508
40213.85,5.11046335913274
40213.86,4.92589367308438
40213.87,4.95412545797308
40213.88,4.90740439991009
40213.89,4.90789773223516
40213.9,4.80752195452601
40213.91,4.7973962685193
40213.92,4.72506946515677
40213.93,4.95137118724593
40213.94,4.79235352275519
40213.95,4.82957930597617
40213.96,4.72729671624604
40213.97,4.48983471423774
40213.98,4.51383920582618
40213.99,4.63219574667729
40214,4.68620514858364
40214.01,4.74140119023191
40214.02,4.58486607930258
40214.03,4.57937014661385
40214.04,4.36234292350993
40214.05,4.54765162483693
40214.06,4.7020602525213
40214.07,4.51514841399597
40214.08,4.42115106751365
40214.09,4.23088580145985
40214.1,4.11030621210288
40214.11,4.03129261862986
40214.12,3.87580450770114
40214.13,3.80634083456374
40214.14,3.85704950332282
40214.15,3.8058383049954
40214.16,3.86373324938806
40214.17,3.82307538635381
40214.18,3.81232162005058
40214.19,3.65839844248299
40214.2,3.73844920621621
40214.21,3.60157459398241
40214.22,3.55034702756255
40214.23,3.41158872530875
40214.24,3.45152110508592
40214.25,3.34096706170919
40214.26,3.38775269977344
40214.27,3.56613839338319
40214.28,3.58249108707079
40214.29,3.34524190751995
40214.3,3.42947996993428
40214.31,3.4324096122077
40214.32,3.47707517313752
40214.33,3.50025560760672
40214.34,3.59675821705072
40214.35,3.6764085920179
40214.36,3.64243102340358
40214.37,3.49142582080041
40214.38,3.46130851953776
40214.39,3.50967936694596
40214.4,3.30242595638769
40214.41,3.2950809155952
40214.42,3.11168377929962
40214.43,3.1958504050031
40214.44,3.34626661490479
40214.45,3.28940613879756
40214.46,3.13395943551958
40214.47,3.12827404153319
40214.48,3.23311892443559
40214.49,3.53125331791446
40214.5,4.08684403674675
40214.51,5.06492879419458
40214.52,6.39521696340778
40214.53,8.5637738396932
40214.54,11.7382986248277
40214.55,15.7671154900064
40214.56,19.7080557143017
40214.57,25.4702820872087
40214.58,31.8018316816373
40214.59,40.0186494203787
40214.6,49.6661199472457
40214.61,57.8660228985487
40214.62,68.2367785989624
40214.63,82.0634068603062
40214.64,94.8197308661218
40214.65,112.050857990555
40214.66,128.238336236156
40214.67,146.033344462439
40214.68,172.369220553858
40214.69,196.10281723454
40214.7,220.084075384571
40214.71,261.96359915118
40214.72,295.600725842131
40214.73,336.536414983513
40214.74,384.612627175393
40214.75,479.456374251186
40214.76,557.977567520437
40214.77,653.784792701337
40214.78,727.688767204712
40214.79,821.535670637034
40214.8,914.688298474789
40214.81,934.627548084204
40214.82,988.065857956672
40214.83,1071.98118374068
40214.84,1160.39391987931
40214.85,1194.79206431145
40214.86,1297.13255869257
40214.87,1284.19615045994
40214.88,1327.92171661615
40214.89,1344.14736485709
40214.9,1295.44744790031
40214.91,1323.45339682439
40214.92,1267.38318554337
40214.93,1238.61385064472
40214.94,1232.55541921595
40214.95,1189.9556753222
40214.96,1230.3241839074
40214.97,1214.14814717032
40214.98,1172.89023627453
40214.99,1185.24261270382
40215,1190.74496737282
40215.01,1163.15337319943
40215.02,1157.76756144953
40215.03,1203.41845330259
40215.04,1250.06981409487
40215.05,1215.27901612666
40215.06,1274.23473749986
40215.07,1335.96116046725
40215.08,1406.07255006316
40215.09,1411.48381141683
40215.1,1405.28907965061
40215.11,1423.59151066512
40215.12,1414.10225138267
40215.13,1414.74573745955
40215.14,1395.09623539706
40215.15,1385.69456375479
40215.16,1372.0712306909
40215.17,1385.64653636898
40215.18,1412.02724765966
40215.19,1426.47355887818
40215.2,1422.00391720671
40215.21,1494.13884420314
40215.22,1523.12598961457
40215.23,1516.96092557507
40215.24,1445.21004239518
40215.25,1431.82077085261
40215.26,1381.89450899252
40215.27,1358.84272943013
40215.28,1318.57943893524
40215.29,1361.18002382409
40215.3,1303.66580674445
40215.31,1210.90896560699
40215.32,1194.6470063039
40215.33,1181.85294831103
40215.34,1177.62065769309
40215.35,1053.0959128301
40215.36,992.919830243718
40215.37,941.458566735141
40215.38,873.242816537468
40215.39,852.255707904357
40215.4,843.611471785422
40215.41,844.303299749093
40215.42,840.116485923995
40215.43,814.730610469018
40215.44,825.28880577782
40215.45,806.066397118169
40215.46,724.009469170343
40215.47,701.644573647053
40215.48,673.897072030321
40215.49,667.434064821883
40215.5,645.218586402204
40215.51,623.614964931556
40215.52,629.899000849624
40215.53,597.593695269249
40215.54,557.820346459734
40215.55,546.375454137166
40215.56,542.081067108042
40215.57,526.289602211488
40215.58,512.297028321457
40215.59,490.018147338233
40215.6,458.718566490847
40215.61,337.480907325595
40215.62,319.168303823946
40215.63,322.083761678889
40215.64,310.992749027091
40215.65,314.496267568252
40215.66,303.703637998026
40215.67,286.681600394532
40215.68,279.129547064351
40215.69,271.505802200544
40215.7,272.219519928985
40215.71,247.614936663704
40215.72,239.425812940064
40215.73,236.946247221138
40215.74,226.722831441522
40215.75,222.384345153318
40215.76,215.442354037957
40215.77,219.018687290475
40215.78,221.069975663203
40215.79,202.784245738628
40215.8,189.036609901427
40215.81,180.130884678679
40215.82,175.176467811419
40215.83,169.773799675872
40215.84,162.747556798936
40215.85,162.393352572049
40215.86,163.802156423836
40215.87,161.43292814845
40215.88,157.24848611172
40215.89,154.601723913165
40215.9,148.244197571024
40215.91,148.995334304539
40215.92,149.567280494094
40215.93,142.666475611336
40215.94,145.608326678169
40215.95,142.125224260577
40215.96,142.112768216001
40215.97,138.619955010341
40215.98,134.456712752836
40215.99,133.687921606495
40216,126.564135691183
40216.01,122.360372291822
40216.02,115.128504418782
40216.03,114.963352365724
40216.04,112.545848179666
40216.05,109.892963736029
40216.06,106.681007966414
40216.07,107.067746755133
40216.08,106.202359961251
40216.09,103.844349440772
40216.1,100.835171103503
40216.11,104.330569343364
40216.12,106.834134316843
40216.13,101.409647293461
40216.14,102.88727756528
40216.15,102.237747581494
40216.16,100.879399461476
40216.17,99.8104673308517
40216.18,93.8226023413588
40216.19,98.360473442514
40216.2,101.605094275256
40216.21,98.9323652702106
40216.22,96.2213427494094
40216.23,93.9265510587112
40216.24,89.5512493804534
40216.25,88.3682921422514
40216.26,85.8022938169872
40216.27,81.2896820256891
40216.28,78.3607197119194
40216.29,75.219638677526
40216.3,72.3178961188377
40216.31,70.07213103648
40216.32,69.7588605841234
40216.33,67.3566242800304
40216.34,62.8769444864149
40216.35,64.0540407900093
40216.36,61.5091931890075
40216.37,62.5433102483899
40216.38,61.3559122613683
40216.39,60.6592017331965
40216.4,57.6078028192029
40216.41,56.1950897207665
40216.42,54.047740302886
40216.43,52.4445725655493
40216.44,51.6219969857546
40216.45,49.5346043054124
40216.46,49.1708346465564
40216.47,45.7452986103803
40216.48,42.9958057610948
40216.49,42.1698130603295
40216.5,41.4009002448765
40216.51,41.2034174844784
40216.52,41.5424763572204
40216.53,40.4129050148834
40216.54,39.5853265057122
40216.55,38.1497445222736
40216.56,36.5992743281205
40216.57,34.8051559389766
40216.58,33.9574876964299
40216.59,33.0015628121381
40216.6,32.4619507719864
40216.61,32.8003392036292
40216.62,32.8378142228343
40216.63,33.4616769888282
40216.64,32.5468823765629
40216.65,31.7769920444359
40216.66,31.7313649725231
40216.67,30.5517952290894
40216.68,29.4108681391862
40216.69,29.5671695581248
40216.7,28.9444786136985
40216.71,29.2802222805102
40216.72,28.9558107531989
40216.73,28.2131135327602
40216.74,27.0366208562007
40216.75,27.6142176757241
40216.76,27.1750066470389
40216.77,26.1445364050081
40216.78,24.7476325433264
40216.79,23.6272518996616
40216.8,23.1206308258037
40216.81,23.6911806067274
40216.82,22.8209216665586
40216.83,22.7546127467997
40216.84,22.6305408416924
40216.85,20.3734166070203
40216.86,19.4870207020758
40216.87,19.7777243832698
40216.88,18.5029576346365
40216.89,18.9545880710258
40216.9,18.7886887369527
40216.91,17.7550552963797
40216.92,18.5556522738922
40216.93,18.2956519138866
40216.94,18.9184537163461
40216.95,18.7864661623571
40216.96,18.1506235630609
40216.97,18.4925498269846
40216.98,19.1697925031272
40216.99,19.5430122403024
40217,18.5559122631506
40217.01,18.5475638507921
40217.02,17.6111145007769
40217.03,17.0135363525617
40217.04,17.3655877721111
40217.05,16.366948490573
40217.06,17.2441306010869
40217.07,16.1700547343778
40217.08,15.2889617527923
40217.09,15.3316998805374
40217.1,14.9473341802152
40217.11,14.5953518726051
40217.12,13.9368303156415
40217.13,13.954573881712
40217.14,13.7561183909426
40217.15,13.4339712052235
40217.16,12.8485677385977
40217.17,12.0581952422439
40217.18,11.8138911271849
40217.19,10.8812452616834
40217.2,10.4812424438888
40217.21,10.4673361095876
40217.22,10.4554289193513
40217.23,10.109535632106
40217.24,9.19200099738489
40217.25,9.14752428129656
40217.26,9.17480924673265
40217.27,8.97232170484774
40217.28,9.07332900128705
40217.29,9.08865482673493
40217.3,8.41719098280739
40217.31,8.12731714457498
40217.32,7.78243616278421
40217.33,7.89252273868966
40217.34,7.86947180229578
40217.35,7.61690214400808
40217.36,7.45669191884291
40217.37,7.3492560117489
40217.38,6.90762744209797
40217.39,6.58371569032308
40217.4,6.27933507745803
40217.41,5.92270887514208
40217.42,5.65611185677389
40217.43,5.63421571670003
40217.44,5.37295375525988
40217.45,5.15126705106741
40217.46,5.22147863152511
40217.47,5.39880109994588
40217.48,5.62608274339201
40217.49,5.27951980687903
40217.5,5.27191945478402
40217.51,5.08390247381609
40217.52,4.94777226851056
40217.53,4.86039341870792
40217.54,4.85926106337353
40217.55,4.87739111497653
40217.56,4.49576722288041
40217.57,4.3734550216875
40217.58,4.46363787705463
40217.59,4.42727524055555
40217.6,4.17842395429754
40217.61,4.02065067871604
40217.62,3.89136927464276
40217.63,3.96601285842566
40217.64,4.1218029444161
40217.65,3.94271485264615
40217.66,3.95013683132947
40217.67,3.86577904756336
40217.68,3.87621743993388
40217.69,3.79531381412554
40217.7,3.62345864575653
40217.71,3.50893739710799
40217.72,3.39846575269457
40217.73,3.49487868016232
40217.74,3.36933259744917
40217.75,3.3722891604901
40217.76,3.24096036158944
40217.77,3.13152732238144
40217.78,3.10417361511051
40217.79,3.00619014676547
40217.8,3.12779907477787
40217.81,3.18682100101815
40217.82,3.02415935693434
40217.83,3.00893498285727
40217.84,3.08013002025018
40217.85,2.93628110057552
40217.86,2.86669073304303
40217.87,2.95282409852917
40217.88,2.84443581212662
40217.89,2.85745664053537
40217.9,2.81110180236602
40217.91,2.78547399801619
40217.92,2.66595616266694
40217.93,2.62482819116982
40217.94,2.55750333925816
40217.95,2.65194798634724
40217.96,2.65857176971398
40217.97,2.62331009286123
40217.98,2.57832088467334
40217.99,2.58481985643685
40218,2.42678666929729
40218.01,2.32085578718776
40218.02,2.22682458441973
40218.03,2.14532146818212
40218.04,2.01916946236574
40218.05,2.02306112842152
40218.06,1.96912601258062
40218.07,2.01259898915907
40218.08,1.97510604900147
40218.09,1.92409539463736
40218.1,1.91785743508054
40218.11,1.90954687959185
40218.12,1.86128152557855
40218.13,1.85890057520561
40218.14,1.89045324717087
40218.15,1.82869452934515
40218.16,1.85844733345871
40218.17,1.80766219026825
40218.18,1.81140513134344
40218.19,1.76668889798749
40218.2,1.70604260637644
40218.21,1.6795964686134
40218.22,1.58740998430809
40218.23,1.48123075967458
40218.24,1.4460497271364
40218.25,1.40277882142763
40218.26,1.32771015563742
40218.27,1.41165611899942
40218.28,1.42682019198302
40218.29,1.39616421450546
40218.3,1.41587984121627
40218.31,1.43610132549296
40218.32,1.41801763504151
40218.33,1.40669418989809
40218.34,1.33365326263804
40218.35,1.34361281449714
40218.36,1.41794768876438
40218.37,1.46242138591008
40218.38,1.50198219189368
40218.39,1.47192891329012
40218.4,1.4236697998732
40218.41,1.45701344998388
40218.42,1.4653567473402
40218.43,1.45291129863123
40218.44,1.43626972688173
40218.45,1.47155808227415
40218.46,1.49296981816502
40218.47,1.46775499929186
40218.48,1.4583146427349
40218.49,1.3872476174798
40218.5,1.34057233117683
40218.51,1.36240965476708
40218.52,1.34423010208272
40218.53,1.31186962767589
40218.54,1.32311473225926
40218.55,1.37163297496278
40218.56,1.33832693684833
40218.57,1.32616108692167
40218.58,1.31698550075806
40218.59,1.41127753967314
40218.6,1.44910141101326
40218.61,1.45516605328549
40218.62,1.39318840589489
40218.63,1.42059779066739
40218.64,1.4397184429881
40218.65,1.42721662834413
40218.66,1.34777556638891
40218.67,1.30292228651974
40218.68,1.24525146327335
40218.69,1.26631173627972
40218.7,1.29868772712573
40218.71,1.31888905569746
40218.72,1.35655565829277
40218.73,1.34457753220742
40218.74,1.58131621995984
40218.75,2.0910050620022
40218.76,3.20721341891047
40218.77,5.97556638881092
40218.78,11.1725981266444
40218.79,19.4781399598859
40218.8,31.4465968456508
40218.81,49.860991437603
40218.82,75.18888609833
40218.83,107.095355292204
40218.84,145.840503632588
40218.85,189.605250100535
40218.86,222.113563392019
40218.87,263.550216380938
40218.88,287.291875023376
40218.89,331.381479431331
40218.9,367.700746760546
40218.91,406.16119303293
40218.92,429.381872008705
40218.93,446.381653065803
40218.94,451.713165394356
40218.95,428.233527060152
40218.96,437.654087678871
40218.97,484.471967593162
40218.98,517.304069279014
40218.99,527.292498665319
40219,543.356478779896
40219.01,558.367938270456
40219.02,553.748440208604
40219.03,554.856182732185
40219.04,557.651609806213
40219.05,543.670920793139
40219.06,541.263110535864
40219.07,548.627856271761
40219.08,548.626879448392
40219.09,539.789434156347
40219.1,525.007308409965
40219.11,525.120158590743
40219.12,508.893177841025
40219.13,494.863686199151
40219.14,511.33839814553
40219.15,507.047923736019
40219.16,491.330386176194
40219.17,508.528911925634
40219.18,524.936318344865
40219.19,548.544215520475
40219.2,554.79640904101
40219.21,582.775808860639
40219.22,591.826130898
40219.23,588.091977014979
40219.24,597.27131892824
40219.25,611.394497504528
40219.26,599.483689874969
40219.27,599.948687553184
40219.28,604.873426255552
40219.29,595.739710152551
40219.3,592.890222991737
40219.31,585.925985014689
40219.32,564.53117466919
40219.33,559.942290052284
40219.34,556.938916178992
40219.35,513.46054667467
40219.36,379.124293214214
40219.37,376.602542929964
40219.38,369.544574082305
40219.39,339.179659962924
40219.4,330.569845493882
40219.41,332.231887725737
40219.42,328.092890005839
40219.43,322.247480953619
40219.44,308.131664075904
40219.45,295.712053303958
40219.46,273.73660299794
40219.47,266.848615082818
40219.48,276.979766323302
40219.49,268.611430040099
40219.5,253.890346700347
40219.51,249.848369682272
40219.52,228.649931305653
40219.53,236.155450995232
40219.54,232.119272691932
40219.55,222.21431131027
40219.56,211.949133578626
40219.57,198.962253987831
40219.58,192.084552109252
40219.59,184.726049420025
40219.6,172.353140265875
40219.61,174.155815926592
40219.62,169.223270748434
40219.63,161.116285826575
40219.64,162.406294799381
40219.65,162.59711729297
40219.66,156.729619530933
40219.67,150.760281391103
40219.68,152.254998266976
40219.69,147.266407362686
40219.7,144.822140508411
40219.71,146.992191259756
40219.72,138.583982596978
40219.73,129.696435467398
40219.74,123.737611394651
40219.75,118.959059033158
40219.76,116.286162649335
40219.77,116.604203721995
40219.78,113.558019586331
40219.79,117.486814641227
40219.8,116.418514538537
40219.81,108.476777322344
40219.82,106.885124877169
40219.83,107.501451501187
40219.84,109.159798572198
40219.85,105.236734649662
40219.86,103.23399899226
40219.87,108.016605934347
40219.88,106.381079632179
40219.89,101.654234153281
40219.9,95.6005796514939
40219.91,92.7687729595387
40219.92,92.0617651461835
40219.93,87.6199673368198
40219.94,89.3558024365316
40219.95,85.7713735793384
40219.96,79.7571357789924
40219.97,79.7360692249275
40219.98,78.2642751274893
40219.99,76.1983451300093
40220,77.3265360148015
40220.01,74.4843668676276
40220.02,75.0864136404737
40220.03,73.0634046493404
40220.04,75.5318207679481
40220.05,74.472195941418
40220.06,73.4534176709393
40220.07,73.5802256549961
40220.08,72.279131116594
40220.09,72.0538983225004
40220.1,70.4162634947373
40220.11,70.4755656408774
40220.12,69.3876587777018
40220.13,67.1612923588216
40220.14,67.0632302165419
40220.15,66.7256519779229
40220.16,63.5748658946271
40220.17,61.9237390483597
40220.18,58.0582756170668
40220.19,57.2757053118447
40220.2,57.6270350096885
40220.21,60.5056405901392
40220.22,59.6957207148905
40220.23,60.1126911337772
40220.24,61.1619266497036
40220.25,60.8425469602065
40220.26,56.2743922620211
40220.27,54.1997514614607
40220.28,53.3856170138237
40220.29,52.4796785680624
40220.3,51.3000265831124
40220.31,48.7203198683059
40220.32,45.0684359999535
40220.33,44.8382132595593
40220.34,45.8650814531157
40220.35,44.7797278845437
40220.36,45.0073823285452
40220.37,43.8688608681593
40220.38,43.2449543984843
40220.39,42.1246137584651
40220.4,42.6790525910811
40220.41,41.163738019219
40220.42,40.9249755366157
40220.43,41.5432118430429
40220.44,41.0589603558818
40220.45,39.2472076835568
40220.46,39.2760909830824
40220.47,38.6691984286019
40220.48,36.9289311301198
40220.49,36.4056400702387
40220.5,35.7793670282352
40220.51,36.0580195145584
40220.52,35.2258639477188
40220.53,34.980783215014
40220.54,35.2158678845633
40220.55,33.0541377426519
40220.56,33.6569764515328
40220.57,33.3265201470839
40220.58,32.0813272882181
40220.59,31.8884009506254
40220.6,32.4805084608308
40220.61,31.5069856548596
40220.62,30.6929245242493
40220.63,31.5342099494114
40220.64,32.5212521274232
40220.65,33.8647411758936
40220.66,33.3493375008441
40220.67,31.9563263696436
40220.68,30.6427933977902
40220.69,29.9253601545177
40220.7,28.6965373313205
40220.71,28.6482889027892
40220.72,29.2400872772381
40220.73,27.944889377693
40220.74,28.6723689751402
40220.75,27.5754419666433
40220.76,26.7894984850597
40220.77,25.5583106631017
40220.78,25.8760420896267
40220.79,25.5931689543913
40220.8,25.3894826152251
40220.81,23.2361019827511
40220.82,22.7250248249982
40220.83,22.789703716064
40220.84,20.996426738926
40220.85,22.0852956689884
40220.86,22.1507176451907
40220.87,22.6814113178584
40220.88,22.3170103786536
40220.89,22.7112095367766
40220.9,23.3225942481541
40220.91,24.7755726484221
40220.92,23.7647180686657
40220.93,24.8744600541297
40220.94,23.8116214962216
40220.95,23.6148781977906
40220.96,23.0647118279534
40220.97,22.6733064298075
40220.98,21.2348776444054
40220.99,20.8528699628198
40221,19.9739023636181
40221.01,19.6886811278375
40221.02,19.6568231873221
40221.03,19.5073943402166
40221.04,19.2656505922284
40221.05,19.8259619217324
40221.06,19.7809612776104
40221.07,19.8713041399705
40221.08,20.3585085605224
40221.09,20.0318037260658
40221.1,19.8017456319956
40221.11,19.8770695166986
40221.12,19.4256386807955
40221.13,19.8009982167013
40221.14,19.1320010277763
40221.15,18.7116169611699
40221.16,18.3378491921391
40221.17,17.8692371231754
40221.18,17.5296575341724
40221.19,16.9729999167292
40221.2,15.5953324716795
40221.21,15.8317613941824
40221.22,15.3566916367048
40221.23,15.3840701681049
40221.24,14.6414525103618
40221.25,14.5977225081511
40221.26,13.8032095631765
40221.27,14.0926913351555
40221.28,13.7406212817527
40221.29,13.277392621781
40221.3,11.9999885127616
40221.31,11.05045720046
40221.32,10.7021412917305
40221.33,10.3221982058952
40221.34,9.95530800814624
40221.35,9.62730750959441
40221.36,9.69280598066552
40221.37,9.37799094999067
40221.38,9.0684050784479
40221.39,8.67964022129321
40221.4,8.23149944068956
40221.41,8.12345903402721
40221.42,7.82966180625148
40221.43,7.55049040788299
40221.44,7.41027247887528
40221.45,7.21333170666713
40221.46,7.15324300403836
40221.47,7.06805213675528
40221.48,6.58687993937672
40221.49,6.22226559291967
40221.5,6.16304989477683
40221.51,5.86374008756242
40221.52,5.72717719555416
40221.53,5.34887841775709
40221.54,4.77834423005374
40221.55,4.29576961065753
40221.56,4.02232946629139
40221.57,3.78292253633932
40221.58,3.82815436662443
40221.59,3.71403117930828
40221.6,3.76241736284338
40221.61,3.83046719418387
40221.62,3.63262111094586
40221.63,3.61223380046174
40221.64,3.57427834268436
40221.65,3.74460376730576
40221.66,3.63525164599963
40221.67,3.45736590630301
40221.68,3.43523120237709
40221.69,3.38706905160619
40221.7,3.36574817278485
40221.71,3.35581364727554
40221.72,3.3368977863627
40221.73,3.24454343715554
40221.74,3.17285138726945
40221.75,3.34872332599641
40221.76,3.24942724964128
40221.77,3.25433312378009
40221.78,3.12348513659466
40221.79,2.94150402247319
40221.8,2.98275040297882
40221.81,2.96263349391741
40221.82,3.03456033959706
40221.83,3.08024520147953
40221.84,3.05378536240603
40221.85,2.94365924271527
40221.86,3.05780091136513
40221.87,3.01012099972848
40221.88,3.13766233593869
40221.89,3.13553767320242
40221.9,3.14915901285157
40221.91,3.13390011626541
40221.92,3.10295845305369
40221.93,3.01434439320405
40221.94,3.14156224897372
40221.95,2.98664394907454
40221.96,2.79280002475674
40221.97,2.74916901579902
40221.98,2.63406566858081
40221.99,2.64066568109804
40222,2.55999635454258
40222.01,2.57591053029113
40222.02,2.51530127131556
40222.03,2.39603968163506
40222.04,2.31185954749317
40222.05,2.2938636966925
40222.06,2.19187061180386
40222.07,2.08186601561442
40222.08,2.01344695026053
40222.09,1.97277311757975
40222.1,1.98000128834404
40222.11,1.93937511191592
40222.12,1.91975265127595
40222.13,1.84275637294013
40222.14,1.86933243125567
40222.15,1.90835370409627
40222.16,1.79551591369636
40222.17,1.73083079742086
40222.18,1.64927843342285
40222.19,1.58899794665082
40222.2,1.50193423143385
40222.21,1.40254928556422
40222.22,1.28702524290094
40222.23,1.20619710660983
40222.24,1.14475723534551
40222.25,1.11441098033389
40222.26,1.06666150108702
40222.27,0.989970205023474
40222.28,0.909751678923122
40222.29,0.813994765997716
40222.3,0.771030372589223
40222.31,0.713981221619551
40222.32,0.66607211595101
40222.33,0.618694677239149
40222.34,0.565630520736256
40222.35,0.501918127040342
40222.36,0.436776315725681
40222.37,0.365975001134567
40222.38,0.302364063729649
40222.39,0.248381893757876
40222.4,0.203109157747162
40222.41,0.140222694738086
40222.42,0.0806476217597302
40222.43,0.0224893673253481
40222.44,0.014332130065507
40222.45,0.013757081387859
40222.46,0.013332664966008
40222.47,0.0128229776438239
40222.48,0.0117695972850035
40222.49,0.0116733800225734
40222.5,0.0107567292419451
40222.51,0.0102596620923473
40222.52,0.00981789329113045
40222.53,0.00961917205640868
40222.54,0.00923896286602069
40222.55,0.0088025643522003
40222.56,0.00829176935114183
40222.57,0.0080479428205939
40222.58,0.00767511950556776
40222.59,0.00723502804959223
40222.6,0.00669944223755976
40222.61,0.00628301316184544
40222.62,0.00605299162297778
40222.63,0.00555038641611671
40222.64,0.00533109597083393
40222.65,0.0051006449539089
40222.66,0.00501133178469577
40222.67,0.00466159241720001
40222.68,0.00429130393813474
40222.69,0.00403678483816332
40222.7,0.00375285925561043
40222.71,0.00326858072235295
40222.72,0.00315356580391374
40222.73,0.00294249975936689
40222.74,0.00271865041757865
40222.75,0.00242711121823445
40222.76,0.00221839628894487
40222.77,0.00196746690131382
40222.78,0.00181081828832613
40222.79,0.00159248995962604
40222.8,0.00139127942611823
40222.81,0.00108743494992056
40222.82,0.000812001000506728
40222.83,0.000556776410470535
40222.84,0.00030542549245827
40222.85,6.58329951922144E-05
40222.86,0
40222.87,0
40222.88,0
40222.89,0
40222.9,0
40222.91,0
40222.92,0
40222.93,0
40222.94,0
40222.95,0
40222.96,0
40222.97,0
40222.98,0
40222.99,0
40223,0
40223.01,0
40223.02,0
40223.03,0
40223.04,0
40223.05,0
40223.06,0
40223.07,0
40223.08,0
40223.09,0
40223.1,0
40223.11,0
40223.12,0
40223.13,0
40223.14,0
40223.15,0
40223.16,0
40223.17,0
40223.18,0
40223.19,0
40223.2,0
40223.21,0
40223.22,0
40223.23,0
40223.24,0
40223.25,0
40223.26,0
40223.27,0
40223.28,0
40223.29,0
40223.3,0
40223.31,0
40223.32,0
40223.33,0
40223.34,0
40223.35,0
40223.36,0
40223.37,0
40223.38,0
40223.39,0
40223.4,0
40223.41,0
40223.42,0
40223.43,0
40223.44,0
40223.45,0
40223.46,0
40223.47,0
40223.48,0
40223.49,0
40223.5,0
40223.51,0
40223.52,0
40223.53,0
40223.54,0
40223.55,0
40223.56,0
40223.57,0
40223.58,0
40223.59,0
40223.6,0
40223.61,0
40223.62,0
40223.63,0
40223.64,0
40223.65,0
40223.66,0
40223.67,0
40223.68,0
40223.69,0
40223.7,0
40223.71,0
40223.72,0
40223.73,0
40223.74,0
40223.75,0
40223.76,0
40223.77,0
40223.78,0
40223.79,0
40223.8,0
40223.81,0
40223.82,0
40223.83,0
40223.84,0
40223.85,0
40223.86,0
40223.87,0
40223.88,0
40223.89,0
40223.9,0
40223.91,0
40223.92,0
40223.93,0
40223.94,0
40223.95,0
40223.96,0
40223.97,0
40223.98,0
40223.99,0
40224,0
40224.01,0
40224.02,0
40224.03,0
40224.04,0
40224.05,0
40224.06,0
40224.07,0
40224.08,0
40224.09,0
40224.1,0
40224.11,0
40224.12,0
40224.13,0
40224.14,0
40224.15,0
40224.16,0
40224.17,0
40224.18,0
40224.19,0
40224.2,0
40224.21,0
40224.22,0
40224.23,0
40224.24,0
40224.25,0
40224.26,0
40224.27,0
40224.28,0
40224.29,0
40224.3,0
40224.31,0
40224.32,0
40224.33,0
40224.34,0
40224.35,0
40224.36,0
40224.37,0
40224.38,0
40224.39,0
40224.4,0
40224.41,0
40224.42,0
40224.43,0
40224.44,0
40224.45,0
40224.46,0
40224.47,0
40224.48,0
40224.49,0
40224.5,0
40224.51,0
40224.52,0
40224.53,0
40224.54,0
40224.55,0
40224.56,0
40224.57,0
40224.58,0
40224.59,0
40224.6,0
40224.61,0
40224.62,0
40224.63,0
40224.64,0
40224.65,0
40224.66,0
40224.67,0
40224.68,0
40224.69,0
40224.7,0
40224.71,0
40224.72,0
40224.73,0
40224.74,0
40224.75,0
40224.76,0
40224.77,0
40224.78,0
40224.79,0
40224.8,0
40224.81,0
40224.82,0
40224.83,0
40224.84,0
40224.85,0
40224.86,0
40224.87,0
40224.88,0
40224.89,0
40224.9,0
40224.91,0
40224.92,0
40224.93,0
40224.94,0
40224.95,0
40224.96,0
40224.97,0
40224.98,0
40224.99,0
40225,0
40225.01,0
40225.02,0
40225.03,0
40225.04,0
40225.05,0
40225.06,0
40225.07,0
40225.08,0
40225.09,0
40225.1,0
40225.11,0
40225.12,0
40225.13,0
40225.14,0
40225.15,0
40225.16,0
40225.17,0
40225.18,0
40225.19,0
40225.2,0
40225.21,0
40225.22,0
40225.23,0
40225.24,0
40225.25,0
40225.26,0
40225.27,0
40225.28,0
40225.29,0
40225.3,0
40225.31,0
40225.32,0
40225.33,0
40225.34,0
40225.35,0
40225.36,0
40225.37,0
40225.38,0
40225.39,0
40225.4,0
40225.41,0
40225.42,0
40225.43,0
40225.44,0
40225.45,0
40225.46,0
40225.47,0
40225.48,0
40225.49,0
40225.5,0
40225.51,0
40225.52,0
40225.53,0
40225.54,0
40225.55,0
40225.56,0
40225.57,0
40225.58,0
40225.59,0
40225.6,0
40225.61,0
40225.62,0
40225.63,0
40225.64,0
40225.65,0
40225.66,0
40225.67,0
40225.68,0
40225.69,0
40225.7,0
40225.71,0
40225.72,0
40225.73,0
40225.74,0
40225.75,0
40225.76,0
40225.77,0
40225.78,0
40225.79,0
40225.8,0
40225.81,0
40225.82,0
40225.83,0
40225.84,0
40225.85,0
40225.86,0
40225.87,0
40225.88,0
40225.89,0
40225.9,0
40225.91,0
40225.92,0
40225.93,0
40225.94,0
40225.95,0
40225.96,0
40225.97,0
40225.98,0
40225.99,0
40226,0
40226.01,0
40226.02,0
40226.03,0
40226.04,0
40226.05,0
40226.06,0
40226.07,0
40226.08,0
40226.09,0
40226.1,0
40226.11,0
40226.12,0
40226.13,0
40226.14,0
40226.15,0
40226.16,0
40226.17,0
40226.18,0
40226.19,0
40226.2,0
40226.21,0
40226.22,0
40226.23,0
40226.24,0
40226.25,0
40226.26,0
40226.27,0
40226.28,0
40226.29,0
40226.3,0
40226.31,0
40226.32,0
40226.33,0
40226.34,0
40226.35,0
40226.36,0
40226.37,0
40226.38,0
40226.39,0
40226.4,0
40226.41,0
40226.42,0
40226.43,0
40226.44,0
40226.45,0
40226.46,0
40226.47,0
40226.48,0
40226.49,0
40226.5,0
40226.51,0
40226.52,0
40226.53,0
40226.54,0
40226.55,0
40226.56,0
40226.57,0
40226.58,0
40226.59,0
40226.6,0
40226.61,0
40226.62,0
40226.63,0
40226.64,0
40226.65,0
40226.66,0
40226.67,0
40226.68,0
40226.69,0
40226.7,0
40226.71,0
40226.72,0
40226.73,0
40226.74,0
40226.75,0
40226.76,0
40226.77,0
40226.78,0
40226.79,0
40226.8,0
40226.81,0
40226.82,0
40226.83,0
40226.84,0
40226.85,0
40226.86,0
40226.87,0
40226.88,0
40226.89,0
40226.9,0
40226.91,0
40226.92,0
40226.93,0
40226.94,0
40226.95,0
40226.96,0
40226.97,0
40226.98,0
40226.99,0
40227,0
40227.01,0
40227.02,0
40227.03,0
40227.04,0
40227.05,0
40227.06,0
40227.07,0
40227.08,0
40227.09,0
40227.1,0
40227.11,0
40227.12,0
40227.13,0
40227.14,0
40227.15,0
40227.16,0
40227.17,0
40227.18,0
40227.19,0
40227.2,0
40227.21,0
40227.22,0
40227.23,0
40227.24,0
40227.25,0
40227.26,0
40227.27,0
40227.28,0
40227.29,0
40227.3,0
40227.31,0
40227.32,0
40227.33,0
40227.34,0
40227.35,0
40227.36,0
40227.37,0
40227.38,0
40227.39,0
40227.4,0
40227.41,0
40227.42,0
40227.43,0
40227.44,0
40227.45,0
40227.46,0
40227.47,0
40227.48,0
40227.49,0
40227.5,0
40227.51,0
40227.52,0
40227.53,0
40227.54,0
40227.55,0
40227.56,0
40227.57,0
40227.58,0
40227.59,0
40227.6,0
40227.61,0
40227.62,0
40227.63,0
40227.64,0
40227.65,0
40227.66,0
40227.67,0
40227.68,0
40227.69,0
40227.7,0
40227.71,0
40227.72,0
40227.73,0
40227.74,0
40227.75,0
40227.76,0
40227.77,0
40227.78,0
40227.79,0
40227.8,0
40227.81,0
40227.82,0
40227.83,0
40227.84,0
40227.85,0
40227.86,0
40227.87,0
40227.88,0
40227.89,0
40227.9,0
40227.91,0
40227.92,0
40227.93,0
40227.94,0
40227.95,0
40227.96,0
40227.97,0
40227.98,0
40227.99,0
40228,0
40228.01,0
40228.02,0
40228.03,0
40228.04,0
40228.05,0
40228.06,0
40228.07,0
40228.08,0
40228.09,0
40228.1,0
40228.11,0
40228.12,0
40228.13,0
40228.14,0
40228.15,0
40228.16,0
40228.17,0
40228.18,0
40228.19,0
40228.2,0
40228.21,0
40228.22,0
40228.23,0
40228.24,0
40228.25,0
40228.26,0
40228.27,0
40228.28,0
40228.29,0
40228.3,0
40228.31,0
40228.32,0
40228.33,0
40228.34,0
40228.35,0
40228.36,0
40228.37,0
40228.38,0
40228.39,0
40228.4,0
40228.41,0
40228.42,0
40228.43,0
40228.44,0
40228.45,0
40228.46,0
40228.47,0
40228.48,0
40228.49,0
40228.5,0
40228.51,0
40228.52,0
40228.53,0
40228.54,0
40228.55,0
40228.56,0
40228.57,0
40228.58,0
40228.59,0
40228.6,0
40228.61,0
40228.62,0
40228.63,0
40228.64,0
40228.65,0
40228.66,0
40228.67,0
40228.68,0
40228.69,0
40228.7,0
40228.71,0
40228.72,0
40228.73,0
40228.74,0
40228.75,0
40228.76,0
40228.77,0
40228.78,0
40228.79,0
40228.8,0
40228.81,0
40228.82,0
40228.83,0
40228.84,0
40228.85,0
40228.86,0
40228.87,0
40228.88,0
40228.89,0
40228.9,0
40228.91,0
40228.92,0
40228.93,0
40228.94,0
40228.95,0
40228.96,0
40228.97,0
40228.98,0
40228.99,0
40229,0
40229.01,0
40229.02,0
40229.03,0
40229.04,0
40229.05,0
40229.06,0
40229.07,0
40229.08,0
40229.09,0
40229.1,0
40229.11,0
40229.12,0
40229.13,0
40229.14,0
40229.15,0
40229.16,0
40229.17,0
40229.18,0
40229.19,0
40229.2,0
40229.21,0
40229.22,0
40229.23,0
40229.24,0
40229.25,0
40229.26,0
40229.27,0
40229.28,0
40229.29,0
40229.3,0
40229.31,0
40229.32,0
40229.33,0
40229.34,0
40229.35,0
40229.36,0
40229.37,0
40229.38,0
40229.39,0
40229.4,0
40229.41,0
40229.42,0
40229.43,0
40229.44,0
40229.45,0
40229.46,0
40229.47,0
40229.48,0
40229.49,0
40229.5,0
40229.51,0
40229.52,0
40229.53,0
40229.54,0
40229.55,0
40229.56,0
40229.57,0
40229.58,0
40229.59,0
40229.6,0
40229.61,0
40229.62,0
40229.63,0
40229.64,0
40229.65,0
40229.66,0
40229.67,0
40229.68,0
40229.69,0
40229.7,0
40229.71,0
40229.72,0
40229.73,0
40229.74,0
40229.75,0
40229.76,0
40229.77,0
40229.78,0
40229.79,0
40229.8,0
40229.81,0
40229.82,0
40229.83,0
40229.84,0
40229.85,0
40229.86,0
40229.87,0
40229.88,0
40229.89,0
40229.9,0
40229.91,0
40229.92,0
40229.93,0
40229.94,0
40229.95,0
40229.96,0
40229.97,0
40229.98,0
40229.99,0
40230,0
40230.01,0
40230.02,0
40230.03,0
40230.04,0
40230.05,0
40230.06,0
40230.07,0
40230.08,0
40230.09,0
40230.1,0
40230.11,0
40230.12,0
40230.13,0
40230.14,0
40230.15,0
40230.16,0
40230.17,0
40230.18,0
40230.19,0
40230.2,0
40230.21,0
40230.22,0
40230.23,0
40230.24,0
40230.25,0
40230.26,0
40230.27,0
40230.28,0
40230.29,0
40230.3,0
40230.31,0
40230.32,0
40230.33,0
40230.34,0
40230.35,0
40230.36,0
40230.37,0
40230.38,0
40230.39,0
40230.4,0
40230.41,0
40230.42,0
40230.43,0
40230.44,0
40230.45,0
40230.46,0
40230.47,0
40230.48,0
40230.49,0
40230.5,0
40230.51,0
40230.52,0
40230.53,0
40230.54,0
40230.55,0
40230.56,0
40230.57,0
40230.58,0
40230.59,0
40230.6,0
40230.61,0
40230.62,0
40230.63,0
40230.64,0
40230.65,0
40230.66,0
40230.67,0
40230.68,0
40230.69,0
40230.7,0
40230.71,0
40230.72,0
40230.73,0
40230.74,0
40230.75,0
40230.76,0
40230.77,0
40230.78,0
40230.79,0
40230.8,0
40230.81,0
40230.82,0
40230.83,0
40230.84,0
40230.85,0
40230.86,0
40230.87,0
40230.88,0
40230.89,0
40230.9,0
40230.91,0
40230.92,0
40230.93,0
40230.94,0
40230.95,0
40230.96,0
40230.97,0
40230.98,0
40230.99,0
40231,0
40231.01,0
40231.02,0
40231.03,0
40231.04,0
40231.05,0
40231.06,0
40231.07,0
40231.08,0
40231.09,0
40231.1,0
40231.11,0
40231.12,0
40231.13,0
40231.14,0
40231.15,0
40231.16,0
40231.17,0
40231.18,0
40231.19,0
40231.2,0
40231.21,0
40231.22,0
40231.23,0
40231.24,0
40231.25,0
40231.26,0
40231.27,0
40231.28,0
40231.29,0
40231.3,0
40231.31,0
40231.32,0
40231.33,0
40231.34,0
40231.35,0
40231.36,0
40231.37,0
40231.38,0
40231.39,0
40231.4,0
40231.41,0
40231.42,0
40231.43,0
40231.44,0
40231.45,0
40231.46,0
40231.47,0
40231.48,0
40231.49,0
40231.5,0
40231.51,0
40231.52,0
40231.53,0
40231.54,0
40231.55,0
40231.56,0
40231.57,0
40231.58,0
40231.59,0
40231.6,0
40231.61,0
40231.62,0
40231.63,0
40231.64,0
40231.65,0
40231.66,0
40231.67,0
40231.68,0
40231.69,0
40231.7,0
40231.71,0
40231.72,0
40231.73,0
40231.74,0
40231.75,0
40231.76,0
40231.77,0
40231.78,0
40231.79,0
40231.8,0
40231.81,0
40231.82,0
40231.83,0
40231.84,0
40231.85,0
40231.86,0
40231.87,0
40231.88,0
40231.89,0
40231.9,0
40231.91,0
40231.92,1.22437821255615E-11
40231.93,0.00239855922462098
40231.94,0.124751677488811
40231.95,0.128635585335083
40231.96,0.13086896380136
40231.97,0.138202847208718
40231.98,0.147983256467305
40231.99,0.15357563546304
40232,0.148764465686204
40232.01,0.150718090176292
40232.02,0.154210008005669
40232.03,0.161497527821102
40232.04,0.164613514833229
40232.05,0.158631731685811
40232.06,0.158937039331647
40232.07,0.160187784972158
40232.08,0.155849731658814
40232.09,0.146570516146741
40232.1,0.13740503369653
40232.11,0.135716804225498
40232.12,0.128596658992512
40232.13,0.124388783154431
40232.14,0.119617742525006
40232.15,0.115978233670766
40232.16,0.112851279634704
40232.17,0.10549153303041
40232.18,0.0985710633419701
40232.19,0.093515819453694
40232.2,0.087967543727278
40232.21,0.0792613772110471
40232.22,0.0779445423179369
40232.23,0.0693366757343842
40232.24,0.0656596617428972
40232.25,0.0571771165571222
40232.26,0.0530915955703066
40232.27,0.0450707946436587
40232.28,0.0406873885344034
40232.29,0.0352261690573566
40232.3,0.0301962246423457
40232.31,0.0238256317994296
40232.32,0.0182123484812203
40232.33,0.0124839151401998
40232.34,0.00664225406441458
40232.35,0.000719233239644359
40232.36,7.19551795045153E-05
40232.37,6.54030769470637E-05
40232.38,5.98936225993934E-05
40232.39,5.49182063977414E-05
40232.4,5.45260036114879E-05
40232.41,5.05272093070937E-05
40232.42,4.69124735859868E-05
40232.43,4.3434755003854E-05
40232.44,4.05405920547137E-05
40232.45,3.77332671242376E-05
40232.46,3.47152105317766E-05
40232.47,3.08536028571946E-05
40232.48,2.87780793459501E-05
40232.49,2.62859061897871E-05
40232.5,2.47793869853154E-05
40232.51,2.23220068928624E-05
40232.52,1.94961661529001E-05
40232.53,1.60418549424621E-05
40232.54,1.33836494294214E-05
40232.55,1.08355575016888E-05
40232.56,8.41051419364707E-06
40232.57,5.49479424199423E-06
40232.58,2.5269720527233E-06
40232.59,0
40232.6,0
40232.61,0
40232.62,0
40232.63,0
40232.64,0
40232.65,0
40232.66,0
40232.67,0
40232.68,0
40232.69,0
40232.7,0
40232.71,0
40232.72,0
40232.73,0
40232.74,0
40232.75,0
40232.76,0
40232.77,0
40232.78,0
40232.79,0
40232.8,0
40232.81,0
40232.82,0
40232.83,0
40232.84,0
40232.85,0
40232.86,0
40232.87,0
40232.88,0
40232.89,0
40232.9,0
40232.91,0
40232.92,0
40232.93,0
40232.94,0
40232.95,0
40232.96,0
40232.97,0
40232.98,0
40232.99,0
40233,0
40233.01,0
40233.02,0
40233.03,0
40233.04,0
40233.05,0
40233.06,0
40233.07,0
40233.08,0
40233.09,0
40233.1,0
40233.11,0
40233.12,0
40233.13,0
40233.14,0
40233.15,0
40233.16,0
40233.17,0
40233.18,0
40233.19,0
40233.2,0
40233.21,0
40233.22,0
40233.23,0
40233.24,0
40233.25,0
40233.26,0
40233.27,0
40233.28,0
40233.29,0
40233.3,0
40233.31,0
40233.32,0
40233.33,0
40233.34,0
40233.35,0
40233.36,0
40233.37,0
40233.38,0
40233.39,0
40233.4,0
40233.41,0
40233.42,0
40233.43,0
40233.44,0
40233.45,0
40233.46,0
40233.47,0
40233.48,0
40233.49,0
40233.5,0
40233.51,0
40233.52,0
40233.53,0
40233.54,0
40233.55,0
40233.56,0
40233.57,0
40233.58,0
40233.59,0
40233.6,0
40233.61,0
40233.62,0
40233.63,0
40233.64,0
40233.65,0
40233.66,0
40233.67,0
40233.68,0
40233.69,0
40233.7,0
40233.71,0
40233.72,0
40233.73,0
40233.74,0
40233.75,0
40233.76,0
40233.77,0
40233.78,0
40233.79,0
40233.8,0
40233.81,0
40233.82,0
40233.83,0
40233.84,0
40233.85,0
40233.86,0
40233.87,0
40233.88,0
40233.89,0
40233.9,0
40233.91,0
40233.92,0
40233.93,0
40233.94,0
40233.95,0
40233.96,0
40233.97,0
40233.98,0
40233.99,0
40234,0
40234.01,0
40234.02,0
40234.03,0
40234.04,0
40234.05,0
40234.06,0
40234.07,0
40234.08,0
40234.09,0
40234.1,0
40234.11,0
40234.12,0
40234.13,0
40234.14,0
40234.15,0
40234.16,0
40234.17,0
40234.18,0
40234.19,0
40234.2,0
40234.21,0
40234.22,0
40234.23,0
40234.24,0
40234.25,0
40234.26,0
40234.27,0
40234.28,0
40234.29,0
40234.3,0
40234.31,0
40234.32,0
40234.33,0
40234.34,0
40234.35,0
40234.36,0
40234.37,0
40234.38,0
40234.39,0
40234.4,0
40234.41,0
40234.42,0
40234.43,0
40234.44,0
40234.45,0
40234.46,0
40234.47,0
40234.48,0
40234.49,0
40234.5,0
40234.51,0
40234.52,0
40234.53,0
40234.54,0
40234.55,0
40234.56,0
40234.57,0
40234.58,0
40234.59,0
40234.6,0
40234.61,0
40234.62,0
40234.63,0
40234.64,0
40234.65,0
40234.66,0
40234.67,0
40234.68,0
40234.69,0
40234.7,0
40234.71,0
40234.72,0
40234.73,0
40234.74,0
40234.75,0
40234.76,0
40234.77,0
40234.78,0
40234.79,0
40234.8,0
40234.81,0
40234.82,0
40234.83,0
40234.84,0
40234.85,0
40234.86,0
40234.87,0
40234.88,0
40234.89,0
40234.9,0
40234.91,0
40234.92,0
40234.93,0
40234.94,0
40234.95,0
40234.96,0
40234.97,0
40234.98,0
40234.99,0
40235,0
40235.01,0
40235.02,0
40235.03,0
40235.04,0
40235.05,0
40235.06,0
40235.07,0
40235.08,0
40235.09,0
40235.1,0
40235.11,0
40235.12,0
40235.13,0
40235.14,0
40235.15,0
40235.16,0
40235.17,0
40235.18,0
40235.19,0
40235.2,0
40235.21,0
40235.22,0
40235.23,0
40235.24,0
40235.25,0
40235.26,0
40235.27,0
40235.28,0
40235.29,0
40235.3,0
40235.31,0
40235.32,0
40235.33,0
40235.34,0
40235.35,0
40235.36,0
40235.37,0
40235.38,0
40235.39,0
40235.4,0
40235.41,0
40235.42,0
40235.43,0
40235.44,0
40235.45,0
40235.46,0
40235.47,0
40235.48,0
40235.49,0
40235.5,0
40235.51,0
40235.52,0
40235.53,0
40235.54,0
40235.55,0
40235.56,0
40235.57,0
40235.58,0
40235.59,0
40235.6,0
40235.61,0
40235.62,0
40235.63,0
40235.64,0
40235.65,0
40235.66,0
40235.67,0
40235.68,0
40235.69,0
40235.7,0
40235.71,0
40235.72,0
40235.73,0
40235.74,0
40235.75,0
40235.76,0
40235.77,0
40235.78,0
40235.79,0
40235.8,0
40235.81,0
40235.82,0
40235.83,0
40235.84,0
40235.85,0
40235.86,0
40235.87,0
40235.88,0
40235.89,0
40235.9,0
40235.91,0
40235.92,0
40235.93,0
40235.94,0
40235.95,0
40235.96,0
40235.97,0
40235.98,0
40235.99,0
40236,0
40236.01,0
40236.02,0
40236.03,0
40236.04,0
40236.05,0
40236.06,0
40236.07,0
40236.08,0
40236.09,0
40236.1,0
40236.11,0
40236.12,0
40236.13,0
40236.14,0
40236.15,0
40236.16,0
40236.17,0
40236.18,0
40236.19,0
40236.2,0
40236.21,0
40236.22,0
40236.23,0
40236.24,0
40236.25,0
40236.26,0
40236.27,0
40236.28,0
40236.29,0
40236.3,0
40236.31,0
40236.32,0
40236.33,0
40236.34,0
40236.35,0
40236.36,0
40236.37,0
40236.38,0
40236.39,0
40236.4,0
40236.41,0
40236.42,0
40236.43,0
40236.44,0
40236.45,0
40236.46,0
40236.47,0
40236.48,0
40236.49,0
40236.5,0
40236.51,0
40236.52,0
40236.53,0
40236.54,0
40236.55,0
40236.56,0
40236.57,0
40236.58,0
40236.59,0
40236.6,0
40236.61,0
40236.62,0
40236.63,0
40236.64,0
40236.65,0
40236.66,0
40236.67,0
40236.68,0
40236.69,0
40236.7,0
40236.71,0
40236.72,0
40236.73,0
40236.74,0
40236.75,0
40236.76,0
40236.77,0
40236.78,0
40236.79,0
40236.8,0
40236.81,0
40236.82,0
40236.83,0
40236.84,0
40236.85,0
40236.86,0
40236.87,0
40236.88,0
40236.89,0
40236.9,0
40236.91,0
40236.92,0
40236.93,0
40236.94,0
40236.95,0
40236.96,0
40236.97,0
40236.98,0
40236.99,0
40237,0
40237.01,0
40237.02,0
40237.03,0
40237.04,0
40237.05,0
40237.06,0
40237.07,0
40237.08,0
40237.09,0
40237.1,0
40237.11,0
40237.12,0
40237.13,0
40237.14,0
40237.15,0
40237.16,0
40237.17,0
40237.18,0
40237.19,0
40237.2,0
40237.21,0
40237.22,0
40237.23,0
40237.24,0
40237.25,0
40237.26,0
40237.27,0
40237.28,0
40237.29,0
40237.3,0
40237.31,0
40237.32,0
40237.33,0
40237.34,0
40237.35,0
40237.36,0
40237.37,0
40237.38,0
40237.39,0
40237.4,0
40237.41,0
40237.42,0
40237.43,0
40237.44,0
40237.45,0
40237.46,0
40237.47,0
40237.48,0
40237.49,0
40237.5,0
40237.51,0
40237.52,0
40237.53,0
40237.54,0
40237.55,0
40237.56,0
40237.57,0
40237.58,0
40237.59,0
40237.6,0
40237.61,0
40237.62,0
40237.63,0
40237.64,0
40237.65,0
40237.66,0
40237.67,0
40237.68,0
40237.69,0
40237.7,0
40237.71,0
40237.72,0
40237.73,0
40237.74,0
40237.75,0
40237.76,0
40237.77,0
40237.78,0
40237.79,0
40237.8,0
40237.81,0
40237.82,0
40237.83,0
40237.84,0
40237.85,0
40237.86,0
40237.87,0
40237.88,0
40237.89,0
40237.9,0
40237.91,0
40237.92,0
40237.93,0
40237.94,0
40237.95,0
40237.96,0
40237.97,0
40237.98,0
40237.99,0
40238,0
40238.01,0
40238.02,0
40238.03,0
40238.04,0
40238.05,0
40238.06,0
40238.07,0
40238.08,0
40238.09,0
40238.1,0
40238.11,0
40238.12,0
40238.13,0
40238.14,0
40238.15,0
40238.16,0
40238.17,0
40238.18,0
40238.19,0
40238.2,0
40238.21,0
40238.22,0
40238.23,0
40238.24,0
40238.25,0
40238.26,0
40238.27,0
40238.28,0
40238.29,0
40238.3,0
40238.31,0
40238.32,0
40238.33,0
40238.34,0
40238.35,0
40238.36,0
40238.37,0
40238.38,0
40238.39,0
40238.4,0
40238.41,0
40238.42,0
40238.43,0
40238.44,0
40238.45,0
40238.46,0
40238.47,0
40238.48,0
40238.49,0
40238.5,0
40238.51,0
40238.52,0
40238.53,0
40238.54,0
40238.55,0
40238.56,0
40238.57,0
40238.58,0
40238.59,0
40238.6,0
40238.61,0
40238.62,0
40238.63,0
40238.64,0
40238.65,0
40238.66,0
40238.67,0
40238.68,0
40238.69,0
40238.7,0
40238.71,0
40238.72,0
40238.73,0
40238.74,0
40238.75,0
40238.76,0
40238.77,0
40238.78,0
40238.79,0
40238.8,0
40238.81,0
40238.82,0
40238.83,0
40238.84,0
40238.85,0
40238.86,0
40238.87,0
40238.88,0
40238.89,0
40238.9,0
40238.91,0
40238.92,0
40238.93,0
40238.94,0
40238.95,0
40238.96,0
40238.97,0
40238.98,0
40238.99,0
40239,0
40239.01,0
40239.02,0
40239.03,0
40239.04,0
40239.05,0
40239.06,0
40239.07,0
40239.08,0
40239.09,0
40239.1,0
40239.11,0
40239.12,0
40239.13,0
40239.14,0
40239.15,0
40239.16,0
40239.17,0
40239.18,0
40239.19,0
40239.2,0
40239.21,0
40239.22,0
40239.23,0
40239.24,0
40239.25,0
40239.26,0
40239.27,0
40239.28,0
40239.29,0
40239.3,0
40239.31,0
40239.32,0
40239.33,0
40239.34,0
40239.35,0
40239.36,0
40239.37,0
40239.38,0
40239.39,0
40239.4,0
40239.41,0
40239.42,0
40239.43,0
40239.44,0
40239.45,0
40239.46,0
40239.47,0
40239.48,0
40239.49,0
40239.5,0
40239.51,0
40239.52,0
40239.53,0
40239.54,0
40239.55,0
40239.56,0
40239.57,0
40239.58,0
40239.59,0
40239.6,0
40239.61,0
40239.62,0
40239.63,0
40239.64,0
40239.65,0
40239.66,0
40239.67,0
40239.68,0
40239.69,0
40239.7,0
40239.71,0
40239.72,0
40239.73,0
40239.74,0
40239.75,0
40239.76,0
40239.77,0
40239.78,0
40239.79,0
40239.8,0
40239.81,0
40239.82,0
40239.83,0
40239.84,0
40239.85,0
40239.86,0
40239.87,0
40239.88,0
40239.89,0
40239.9,0
40239.91,0
40239.92,0
40239.93,0
40239.94,0
40239.95,0
40239.96,0
40239.97,0
40239.98,0
40239.99,0
40240,0
40240.01,0
40240.02,0
40240.03,0
40240.04,0
40240.05,0
40240.06,0
40240.07,0
40240.08,0
40240.09,0
40240.1,0
40240.11,0
40240.12,0
40240.13,0
40240.14,0
40240.15,0
40240.16,0
40240.17,0
40240.18,0
40240.19,0
40240.2,0
40240.21,0
40240.22,0
40240.23,0
40240.24,0
40240.25,0
40240.26,0
40240.27,0
40240.28,0
40240.29,0
40240.3,0
40240.31,0
40240.32,0
40240.33,0
40240.34,0
40240.35,0
40240.36,0
40240.37,0
40240.38,0
40240.39,0
40240.4,0
40240.41,0
40240.42,0
40240.43,0
40240.44,0
40240.45,0
40240.46,0
40240.47,0
40240.48,0
40240.49,0
40240.5,0
40240.51,0
40240.52,0
40240.53,0
40240.54,0
40240.55,0
40240.56,0
40240.57,0
40240.58,0
40240.59,0
40240.6,0
40240.61,0
40240.62,0
40240.63,0
40240.64,0
40240.65,0
40240.66,0
40240.67,0
40240.68,0
40240.69,0
40240.7,0
40240.71,0
40240.72,0
40240.73,0
40240.74,0
40240.75,0
40240.76,0
40240.77,0
40240.78,0
40240.79,0
40240.8,0
40240.81,0
40240.82,0
40240.83,0
40240.84,0
40240.85,0
40240.86,0
40240.87,0
40240.88,0
40240.89,0
40240.9,0
40240.91,0
40240.92,0
40240.93,0
40240.94,0
40240.95,0
40240.96,0
40240.97,0
40240.98,0
40240.99,0
40241,0
40241.01,0
40241.02,0
40241.03,0
40241.04,0
40241.05,0
40241.06,0
40241.07,0
40241.08,0
40241.09,0
40241.1,0
40241.11,0
40241.12,0
40241.13,0
40241.14,0
40241.15,0
40241.16,0
40241.17,0
40241.18,0
40241.19,0
40241.2,0
40241.21,0
40241.22,0
40241.23,0
40241.24,0
40241.25,0
40241.26,0
40241.27,0
40241.28,0
40241.29,0
40241.3,0
40241.31,0
40241.32,0
40241.33,0
40241.34,0
40241.35,0
40241.36,0
40241.37,0
40241.38,0
40241.39,0
40241.4,0
40241.41,0
40241.42,0
40241.43,0
40241.44,0
40241.45,0
40241.46,0
40241.47,0
40241.48,0
40241.49,0
40241.5,0
40241.51,0
40241.52,0
40241.53,0
40241.54,0
40241.55,0
40241.56,0
40241.57,0
40241.58,0
40241.59,0
40241.6,0
40241.61,0
40241.62,0
40241.63,0
40241.64,0
40241.65,0
40241.66,0
40241.67,0
40241.68,0
40241.69,0
40241.7,0
40241.71,0
40241.72,0
40241.73,0
40241.74,0
40241.75,0
40241.76,0
40241.77,0
40241.78,0
40241.79,0
40241.8,0
40241.81,0
40241.82,0
40241.83,0
40241.84,0
40241.85,0
40241.86,0
40241.87,0
40241.88,0
40241.89,0
40241.9,0
40241.91,0
40241.92,0
40241.93,0
40241.94,0
40241.95,0
40241.96,0
40241.97,0
40241.98,0
40241.99,0
40242,0
40242.01,0
40242.02,0
40242.03,0
40242.04,0
40242.05,0
40242.06,0
40242.07,0
40242.08,0
40242.09,0
40242.1,0
40242.11,0
40242.12,0
40242.13,0
40242.14,0
40242.15,0
40242.16,0
40242.17,0
40242.18,0
40242.19,0
40242.2,0
40242.21,0
40242.22,0
40242.23,0
40242.24,0
40242.25,0
40242.26,0
40242.27,0
40242.28,0
40242.29,0
40242.3,0
40242.31,0
40242.32,0
40242.33,0
40242.34,0
40242.35,0
40242.36,0
40242.37,0
40242.38,0
40242.39,0
40242.4,0
40242.41,0
40242.42,0
40242.43,0
40242.44,0
40242.45,0
40242.46,0
40242.47,0
40242.48,0
40242.49,0
40242.5,0
40242.51,0
40242.52,0
40242.53,0
40242.54,0
40242.55,0
40242.56,0
40242.57,0
40242.58,0
40242.59,0
40242.6,0
40242.61,0
40242.62,0
40242.63,0
40242.64,0
40242.65,0
40242.66,0
40242.67,0
40242.68,0
40242.69,0
40242.7,0
40242.71,0
40242.72,0
40242.73,0
40242.74,0
40242.75,0
40242.76,0
40242.77,0
40242.78,0
40242.79,0
40242.8,0
40242.81,0
40242.82,0
40242.83,0
40242.84,0
40242.85,0
40242.86,0
40242.87,0
40242.88,0
40242.89,0
40242.9,0
40242.91,0
40242.92,0
40242.93,0
40242.94,0
40242.95,0
40242.96,0
40242.97,0
40242.98,0
40242.99,0
40243,0
40243.01,0
40243.02,0
40243.03,0
40243.04,0
40243.05,0
40243.06,0
40243.07,0
40243.08,0
40243.09,0
40243.1,0
40243.11,0
40243.12,0
40243.13,0
40243.14,0
40243.15,0
40243.16,0
40243.17,0
40243.18,0
40243.19,0
40243.2,0
40243.21,0
40243.22,0
40243.23,0
40243.24,0
40243.25,0
40243.26,0
40243.27,0
40243.28,0
40243.29,0
40243.3,0
40243.31,0
40243.32,0
40243.33,0
40243.34,0
40243.35,0
40243.36,0
40243.37,0
40243.38,0
40243.39,0
40243.4,0
40243.41,0
40243.42,0
40243.43,0
40243.44,0
40243.45,0
40243.46,0
40243.47,0
40243.48,0
40243.49,0
40243.5,0
40243.51,0
40243.52,0
40243.53,0
40243.54,0
40243.55,0
40243.56,0
40243.57,0
40243.58,0
40243.59,0
40243.6,0
40243.61,0
40243.62,0
40243.63,0
40243.64,0
40243.65,0
40243.66,0
40243.67,0
40243.68,0
40243.69,0
40243.7,0
40243.71,0
40243.72,0
40243.73,0
40243.74,0
40243.75,0
40243.76,0
40243.77,0
40243.78,0
40243.79,0
40243.8,0
40243.81,0
40243.82,0
40243.83,0
40243.84,0
40243.85,0
40243.86,0
40243.87,0
40243.88,0
40243.89,0
40243.9,0
40243.91,0
40243.92,0
40243.93,0
40243.94,0
40243.95,0
40243.96,0
40243.97,0
40243.98,0
40243.99,0
40244,0
40244.01,0
40244.02,0
40244.03,0
40244.04,0
40244.05,0
40244.06,0
40244.07,0
40244.08,0
40244.09,0
40244.1,0
40244.11,0
40244.12,0
40244.13,0
40244.14,0
40244.15,0
40244.16,0
40244.17,0
40244.18,0
40244.19,0
40244.2,0
40244.21,0
40244.22,0
40244.23,0
40244.24,0
40244.25,0
40244.26,0
40244.27,0
40244.28,0
40244.29,0
40244.3,0
40244.31,0
40244.32,0
40244.33,0
40244.34,0
40244.35,0
40244.36,0
40244.37,0
40244.38,0
40244.39,0
40244.4,0
40244.41,0
40244.42,0
40244.43,0
40244.44,0
40244.45,0
40244.46,0
40244.47,0
40244.48,0
40244.49,0
40244.5,0
40244.51,0
40244.52,0
40244.53,0
40244.54,0
40244.55,0
40244.56,0
40244.57,0
40244.58,0
40244.59,0
40244.6,0
40244.61,0
40244.62,0
40244.63,0
40244.64,0
40244.65,0
40244.66,0
40244.67,0
40244.68,0
40244.69,0
40244.7,0
40244.71,0
40244.72,0
40244.73,0
40244.74,0
40244.75,0
40244.76,0
40244.77,0
40244.78,0
40244.79,0
40244.8,0
40244.81,0
40244.82,0
40244.83,0
40244.84,0
40244.85,0
40244.86,0
40244.87,0
40244.88,0
40244.89,0
40244.9,0
40244.91,0
40244.92,0
40244.93,0
40244.94,0
40244.95,0
40244.96,0
40244.97,0
40244.98,0
40244.99,0
40245,0
40245.01,0
40245.02,0
40245.03,0
40245.04,0
40245.05,0
40245.06,0
40245.07,0
40245.08,0
40245.09,0
40245.1,0
40245.11,0
40245.12,0
40245.13,0
40245.14,0
40245.15,0
40245.16,0
40245.17,0
40245.18,0
40245.19,0
40245.2,0
40245.21,0
40245.22,0
40245.23,0
40245.24,0
40245.25,0
40245.26,0
40245.27,0
40245.28,0
40245.29,0
40245.3,0
40245.31,0
40245.32,0
40245.33,0
40245.34,0
40245.35,0
40245.36,0
40245.37,0
40245.38,0
40245.39,0
40245.4,0
40245.41,0
40245.42,0
40245.43,0
40245.44,0
40245.45,0
40245.46,0
40245.47,0
40245.48,0
40245.49,0
40245.5,0
40245.51,0
40245.52,0
40245.53,0
40245.54,0
40245.55,0
40245.56,0
40245.57,0
40245.58,0
40245.59,0
40245.6,0
40245.61,0
40245.62,0
40245.63,0
40245.64,0
40245.65,0
40245.66,0
40245.67,0
40245.68,0
40245.69,0
40245.7,0
40245.71,0
40245.72,0
40245.73,0
40245.74,0
40245.75,0
40245.76,0
40245.77,0
40245.78,0
40245.79,0
40245.8,0
40245.81,0
40245.82,0
40245.83,0
40245.84,0
40245.85,0
40245.86,0
40245.87,0
40245.88,0
40245.89,0
40245.9,0
40245.91,0
40245.92,0
40245.93,0
40245.94,0
40245.95,0
40245.96,0
40245.97,0
40245.98,0
40245.99,0
40246,0
40246.01,0
40246.02,0
40246.03,0
40246.04,0
40246.05,0
40246.06,0
40246.07,0
40246.08,0
40246.09,0
40246.1,0
40246.11,0
40246.12,0
40246.13,0
40246.14,0
40246.15,0
40246.16,0
40246.17,0
40246.18,0
40246.19,0
40246.2,0
40246.21,0
40246.22,0
40246.23,0
40246.24,0
40246.25,0
40246.26,0
40246.27,0
40246.28,0
40246.29,0
40246.3,0
40246.31,0
40246.32,0
40246.33,0
40246.34,0
40246.35,0
40246.36,0
40246.37,0
40246.38,0
40246.39,0
40246.4,0
40246.41,0
40246.42,0
40246.43,0
40246.44,0
40246.45,0
40246.46,0
40246.47,0
40246.48,0
40246.49,0
40246.5,0
40246.51,0
40246.52,0
40246.53,0
40246.54,0
40246.55,0
40246.56,0
40246.57,0
40246.58,0
40246.59,0
40246.6,0
40246.61,0
40246.62,0
40246.63,0
40246.64,0
40246.65,0
40246.66,0
40246.67,0
40246.68,0
40246.69,0
40246.7,0
40246.71,0
40246.72,0
40246.73,0
40246.74,0
40246.75,0
40246.76,0
40246.77,0
40246.78,0
40246.79,0
40246.8,0
40246.81,0
40246.82,0
40246.83,0
40246.84,0
40246.85,0
40246.86,0
40246.87,0
40246.88,0
40246.89,0
40246.9,0
40246.91,0
40246.92,0
40246.93,0
40246.94,0
40246.95,0
40246.96,0
40246.97,0
40246.98,0
40246.99,0
40247,0
40247.01,0
40247.02,0
40247.03,0
40247.04,0
40247.05,0
40247.06,0
40247.07,0
40247.08,0
40247.09,0
40247.1,0
40247.11,0
40247.12,0
40247.13,0
40247.14,0
40247.15,0
40247.16,0
40247.17,0
40247.18,0
40247.19,0
40247.2,0
40247.21,0
40247.22,0
40247.23,0
40247.24,0
40247.25,0
40247.26,0
40247.27,0
40247.28,0
40247.29,0
40247.3,0
40247.31,0
40247.32,0
40247.33,0
40247.34,0
40247.35,0
40247.36,0
40247.37,0
40247.38,0
40247.39,0
40247.4,0
40247.41,0
40247.42,0
40247.43,0
40247.44,0
40247.45,0
40247.46,0
40247.47,0
40247.48,0
40247.49,0
40247.5,0
40247.51,0
40247.52,0
40247.53,0
40247.54,0
40247.55,0
40247.56,0
40247.57,0
40247.58,0
40247.59,0
40247.6,0
40247.61,0
40247.62,0
40247.63,0
40247.64,0
40247.65,0
40247.66,0
40247.67,0
40247.68,0
40247.69,0
40247.7,0
40247.71,0
40247.72,0
40247.73,0
40247.74,0
40247.75,0
40247.76,0
40247.77,0
40247.78,0
40247.79,0
40247.8,0
40247.81,0
40247.82,0
40247.83,0
40247.84,0
40247.85,0
40247.86,0
40247.87,0
40247.88,0
40247.89,0
40247.9,0
40247.91,0
40247.92,0
40247.93,0
40247.94,0
40247.95,0
40247.96,0
40247.97,0
40247.98,0
40247.99,0
40248,0
40248.01,0
40248.02,0
40248.03,0
40248.04,0
40248.05,0
40248.06,0
40248.07,0
40248.08,0
40248.09,0
40248.1,0
40248.11,0
40248.12,0
40248.13,0
40248.14,0
40248.15,0
40248.16,0
40248.17,0
40248.18,0
40248.19,0
40248.2,0
40248.21,0
40248.22,0
40248.23,0
40248.24,0
40248.25,0
40248.26,0
40248.27,0
40248.28,0
40248.29,0
40248.3,0
40248.31,0
40248.32,0
40248.33,0
40248.34,0
40248.35,0
40248.36,0
40248.37,0
40248.38,0
40248.39,0
40248.4,0
40248.41,0
40248.42,0
40248.43,0
40248.44,0
40248.45,0
40248.46,0
40248.47,0
40248.48,0
40248.49,0
40248.5,0
40248.51,0
40248.52,0
40248.53,0
40248.54,0
40248.55,0
40248.56,0
40248.57,0
40248.58,0
40248.59,0
40248.6,0
40248.61,0
40248.62,0
40248.63,0
40248.64,0
40248.65,0
40248.66,0
40248.67,0
40248.68,0
40248.69,0
40248.7,0
40248.71,0
40248.72,0
40248.73,0
40248.74,0
40248.75,0
40248.76,0
40248.77,0
40248.78,0
40248.79,0
40248.8,0
40248.81,0
40248.82,0
40248.83,0
40248.84,0
40248.85,0
40248.86,0
40248.87,0
40248.88,0
40248.89,0
40248.9,0
40248.91,0
40248.92,0
40248.93,0
40248.94,0
40248.95,0
40248.96,0
40248.97,0
40248.98,0
40248.99,0
40249,0
40249.01,0
40249.02,0
40249.03,0
40249.04,0
40249.05,0
40249.06,0
40249.07,0
40249.08,0
40249.09,0
40249.1,0
40249.11,0
40249.12,0
40249.13,0
40249.14,0
40249.15,0
40249.16,0
40249.17,0
40249.18,0
40249.19,0
40249.2,0
40249.21,0
40249.22,0
40249.23,0
40249.24,0
40249.25,0
40249.26,4.67938032829607E-14
40249.27,9.48153000192178E-06
40249.28,0.00427771515303111
40249.29,0.0178453294267364
40249.3,0.0392820893116579
40249.31,0.0617236455007851
40249.32,0.115539534569184
40249.33,0.113771381034096
40249.34,0.115033999509302
40249.35,0.11901859908411
40249.36,0.120489403024531
40249.37,0.120819327333465
40249.38,0.120341056846084
40249.39,0.118109162833022
40249.4,0.118315884715995
40249.41,0.115206110619732
40249.42,0.124541085955608
40249.43,0.137542153768583
40249.44,0.158964160355965
40249.45,0.190303374513277
40249.46,0.261097689977878
40249.47,0.381153964909948
40249.48,0.560883218414325
40249.49,0.792145138057859
40249.5,1.04356524250342
40249.51,1.24784788378139
40249.52,1.38166502118911
40249.53,1.50079263999905
40249.54,1.55518542744361
40249.55,1.53454317111613
40249.56,1.47578227546384
40249.57,1.48629126477474
40249.58,1.53072189389564
40249.59,1.59306939632162
40249.6,1.70767687176845
40249.61,2.53903417674246
40249.62,2.56073351786424
40249.63,2.61408424018658
40249.64,2.68936932865846
40249.65,2.80656077031164
40249.66,3.28091822540029
40249.67,3.85470457907428
40249.68,4.57694212070242
40249.69,5.38397346889265
40249.7,6.37525443533776
40249.71,7.23235585650853
40249.72,8.2495660321845
40249.73,9.53017398775721
40249.74,11.1042220214662
40249.75,12.5628585798682
40249.76,15.301973488226
40249.77,17.2737514895636
40249.78,20.7411534355348
40249.79,23.8788062581613
40249.8,26.5185217294994
40249.81,28.9236914800584
40249.82,31.708106232353
40249.83,33.6734448333137
40249.84,33.2386712412991
40249.85,32.9323293850218
40249.86,33.1922926209785
40249.87,31.5168286608274
40249.88,31.4498732606557
40249.89,30.3556610330461
40249.9,31.5328098868802
40249.91,31.1619884121711
40249.92,31.1033876736274
40249.93,29.746989133657
40249.94,31.2951183137493
40249.95,29.9538859454016
40249.96,28.9168786985892
40249.97,28.4810359398552
40249.98,26.9690516720351
40249.99,26.5362602264855
40250,27.3704737479316
40250.01,30.3326448095086
40250.02,35.0286425975617
40250.03,39.2090885485548
40250.04,45.5690306795225
40250.05,55.4620971678615
40250.06,68.8336917898136
40250.07,79.9980794069595
40250.08,92.4901680099394
40250.09,105.106231135251
40250.1,117.021913557997
40250.11,127.676628658019
40250.12,147.657394345007
40250.13,163.330015266897
40250.14,190.102441869159
40250.15,218.381736146699
40250.16,268.615763017507
40250.17,307.485257997386
40250.18,316.203880753135
40250.19,343.898788461543
40250.2,347.046209310723
40250.21,383.884691041568
40250.22,406.841475617155
40250.23,412.13510817943
40250.24,427.594982401461
40250.25,446.989579339579
40250.26,484.182376964318
40250.27,499.300548241802
40250.28,516.343102065792
40250.29,515.076865642923
40250.3,514.712385150738
40250.31,499.574865338735
40250.32,501.286415406928
40250.33,508.567253866945
40250.34,524.109331740876
40250.35,535.651495585039
40250.36,558.0688509707
40250.37,573.142005510177
40250.38,592.450879754718
40250.39,589.444808041045
40250.4,580.129534288343
40250.41,562.238718522925
40250.42,544.622607733908
40250.43,530.549635100948
40250.44,459.750449019903
40250.45,473.308937008384
40250.46,483.72979669303
40250.47,485.175761412801
40250.48,491.539131381678
40250.49,464.943781961501
40250.5,453.897748586826
40250.51,454.851982658315
40250.52,476.962768414616
40250.53,511.615980884255
40250.54,548.132650392842
40250.55,547.791924483388
40250.56,563.269115724052
40250.57,592.091721283509
40250.58,594.371525458195
40250.59,603.730740122759
40250.6,574.644143058274
40250.61,571.619461229652
40250.62,564.318015282711
40250.63,533.55244904862
40250.64,546.777870003435
40250.65,571.51706632279
40250.66,591.478125299121
40250.67,597.008183957506
40250.68,610.45463306644
40250.69,618.91983845617
40250.7,648.794061833868
40250.71,674.79121816235
40250.72,716.18067979991
40250.73,726.474344162557
40250.74,752.162755938934
40250.75,751.327572701004
40250.76,738.121480560538
40250.77,736.512825253675
40250.78,714.961605743298
40250.79,690.878983759166
40250.8,693.498561817309
40250.81,690.897061152874
40250.82,507.402212749187
40250.83,482.654731745779
40250.84,467.842776570264
40250.85,446.580575245535
40250.86,443.116230026093
40250.87,426.943709429352
40250.88,400.469275091324
40250.89,380.401454165565
40250.9,373.677217619939
40250.91,382.754665407326
40250.92,374.998120732914
40250.93,361.329677712274
40250.94,352.924563593774
40250.95,355.036149332113
40250.96,353.88875871688
40250.97,355.773019050079
40250.98,375.734322385098
40250.99,365.109090454415
40251,355.728906155404
40251.01,355.62702557594
40251.02,356.358077435248
40251.03,358.723969154382
40251.04,386.319278277608
40251.05,439.719255595674
40251.06,558.593646858286
40251.07,695.811238849143
40251.08,839.779321501144
40251.09,915.6502899064
40251.1,978.028061015582
40251.11,1024.3491445291
40251.12,1078.06039559669
40251.13,1074.93896978617
40251.14,1046.28578352339
40251.15,1013.21897442813
40251.16,1041.99422510728
40251.17,978.28235606033
40251.18,960.47429690671
40251.19,936.402611103747
40251.2,945.082687990333
40251.21,931.925563478516
40251.22,891.934508538246
40251.23,646.365048176656
40251.24,646.443577885811
40251.25,617.226604958608
40251.26,568.59091724611
40251.27,530.570587895742
40251.28,511.636278653002
40251.29,478.68131516315
40251.3,461.396278405227
40251.31,455.732331792486
40251.32,437.676596173817
40251.33,441.869272783523
40251.34,426.628773457293
40251.35,399.830213576832
40251.36,389.19141080328
40251.37,386.387444924519
40251.38,359.365648484877
40251.39,351.119661855957
40251.4,353.497183340705
40251.41,341.458526807629
40251.42,343.636850945168
40251.43,315.438485548643
40251.44,305.832348082421
40251.45,278.6388544203
40251.46,253.269658536368
40251.47,236.217701903653
40251.48,238.010873565202
40251.49,234.666884060988
40251.5,237.960655861749
40251.51,226.768043295684
40251.52,211.385710218801
40251.53,211.174440591378
40251.54,202.011002110916
40251.55,189.007984342539
40251.56,188.118136978382
40251.57,188.250780958311
40251.58,179.110063125024
40251.59,174.635844015395
40251.6,171.884166824799
40251.61,162.29335025876
40251.62,153.709609656514
40251.63,149.845234435172
40251.64,151.246293472136
40251.65,146.735729913683
40251.66,150.117420981821
40251.67,152.51877927378
40251.68,153.26805009274
40251.69,152.401642287019
40251.7,148.97970701046
40251.71,151.797392788903
40251.72,151.320572288633
40251.73,141.49661611454
40251.74,143.143329124024
40251.75,140.422793351588
40251.76,140.318405930768
40251.77,148.663449317393
40251.78,150.148005000563
40251.79,141.958538557702
40251.8,140.64092795059
40251.81,136.71665170095
40251.82,141.013548137388
40251.83,129.191081053246
40251.84,131.977290632687
40251.85,132.815989616079
40251.86,132.163439895932
40251.87,132.319757597208
40251.88,138.235100544438
40251.89,131.51081843702
40251.9,131.101051731801
40251.91,133.089720247453
40251.92,135.578745812194
40251.93,137.060185470096
40251.94,141.155062586162
40251.95,143.562355954813
40251.96,143.214387683693
40251.97,136.839198424063
40251.98,117.487124139937
40251.99,122.904167595149
40252,127.365589487553
40252.01,129.115774978713
40252.02,133.624835410961
40252.03,128.363643427804
40252.04,131.500379538659
40252.05,132.930458645269
40252.06,132.822549604553
40252.07,137.200092824905
40252.08,136.522153895261
40252.09,135.107220720623
40252.1,131.447142419028
40252.11,125.173639728994
40252.12,122.658290999425
40252.13,128.071077459457
40252.14,134.358594250999
40252.15,131.83918435966
40252.16,132.251112368971
40252.17,137.582643492595
40252.18,132.901977931923
40252.19,125.536193069339
40252.2,120.504858957992
40252.21,125.878205496012
40252.22,123.374128893916
40252.23,121.898134116415
40252.24,120.644220851724
40252.25,116.973269458945
40252.26,125.140625843359
40252.27,128.99234444786
40252.28,137.028652730697
40252.29,130.230649373108
40252.3,135.019973752098
40252.31,137.288059253336
40252.32,136.173627242516
40252.33,139.295718245257
40252.34,147.69947810535
40252.35,153.150657888176
40252.36,145.226836420696
40252.37,159.040223212035
40252.38,162.77986051745
40252.39,157.63152902608
40252.4,152.704772272675
40252.41,147.618134964109
40252.42,145.287437960898
40252.43,141.684212951238
40252.44,138.159839426802
40252.45,140.936431598523
40252.46,137.088869167483
40252.47,136.022748906892
40252.48,107.714312928451
40252.49,104.160845378659
40252.5,104.811580698066
40252.51,101.910094238212
40252.52,101.121814055226
40252.53,97.8344590948923
40252.54,97.781207652291
40252.55,94.4395372078636
40252.56,94.1743431606144
40252.57,87.5536008861107
40252.58,87.0712437672057
40252.59,86.3431075787648
40252.6,82.3276901334885
40252.61,79.1017203370978
40252.62,73.2819103083168
40252.63,71.351205575272
40252.64,70.3306593192275
40252.65,67.9079775722809
40252.66,68.5197478857041
40252.67,63.0999180966206
40252.68,61.4471502252473
40252.69,58.1167409917923
40252.7,56.1394314109052
40252.71,56.3323320508243
40252.72,55.422962361106
40252.73,57.018199908721
40252.74,55.6083428842174
40252.75,53.7910937007212
40252.76,52.6032175909024
40252.77,49.7428729732203
40252.78,47.9022162917221
40252.79,47.1938040976996
40252.8,47.7872142441892
40252.81,45.7683990568786
40252.82,43.9778598412813
40252.83,41.4766977971675
40252.84,39.3588962134424
40252.85,38.7988048621815
40252.86,38.3325434799189
40252.87,38.1419592538768
40252.88,37.2917849430185
40252.89,37.8196443806359
40252.9,35.5987919352142
40252.91,35.2307493741501
40252.92,35.5167581396033
40252.93,34.8111173424615
40252.94,34.8571334666311
40252.95,34.2412201418437
40252.96,33.4929933435186
40252.97,33.2604398802048
40252.98,32.2784132770149
40252.99,31.8813246747995
40253,32.0418278502262
40253.01,30.6799941578238
40253.02,30.9005837798794
40253.03,31.5165941586114
40253.04,32.5216486908066
40253.05,31.7048954921682
40253.06,32.1938916782684
40253.07,30.0382201531919
40253.08,28.4480666110729
40253.09,28.0722484490124
40253.1,26.7912895130706
40253.11,25.7114708186437
40253.12,24.6313550378603
40253.13,24.0513592789923
40253.14,23.1755615722989
40253.15,22.1453749813611
40253.16,21.7052182664951
40253.17,20.9708553181137
40253.18,20.5517937083172
40253.19,20.2942837913878
40253.2,20.1488788348183
40253.21,19.5521090732845
40253.22,18.848289947894
40253.23,18.1611777562012
40253.24,17.1690803427644
40253.25,16.9371909019697
40253.26,16.4430011829224
40253.27,16.4327302188213
40253.28,16.047166388462
40253.29,15.3031553579971
40253.3,15.1297749606214
40253.31,14.4565010931407
40253.32,13.8767097537273
40253.33,13.4922525711994
40253.34,13.0035063492787
40253.35,12.1612389280061
40253.36,11.8197968588059
40253.37,11.3510187862922
40253.38,10.7429896405387
40253.39,10.0847176051509
40253.4,9.5469391128256
40253.41,8.57865614652226
40253.42,8.29699704579511
40253.43,7.18461101115164
40253.44,6.45136944383044
40253.45,6.03964465349224
40253.46,6.06879804599209
40253.47,6.03463969652186
40253.48,6.05032988201876
40253.49,5.80690848641193
40253.5,5.95862661170216
40253.51,6.05490227470432
40253.52,5.66439885858261
40253.53,5.65025610387436
40253.54,5.31491818664197
40253.55,5.20006181504616
40253.56,5.2439113481502
40253.57,5.20706314060378
40253.58,4.98441193100713
40253.59,4.86550038115218
40253.6,4.9762178364611
40253.61,4.9575382823907
40253.62,5.01090537581929
40253.63,4.73694804099139
40253.64,4.76348942673431
40253.65,4.74337707176063
40253.66,4.57626665497199
40253.67,4.70981319401563
40253.68,4.65223507071703
40253.69,4.70991632453151
40253.7,4.58711918697322
40253.71,4.58009999543476
40253.72,4.58600695388809
40253.73,4.50870758616726
40253.74,4.45866951710014
40253.75,4.43134908430674
40253.76,4.3540881726409
40253.77,4.14538660761808
40253.78,4.1241685303798
40253.79,4.0499675777956
40253.8,4.01635490525313
40253.81,3.86730951140712
40253.82,3.96780791670885
40253.83,3.99616798794255
40253.84,4.07142197522386
40253.85,4.19634812731846
40253.86,4.21415731978877
40253.87,4.09159305842476
40253.88,3.88226619066151
40253.89,3.93536875639453
40253.9,3.89241344810677
40253.91,3.90724715098462
40253.92,3.97006678652332
40253.93,3.86935869281623
40253.94,3.69552143155697
40253.95,3.66136500487469
40253.96,3.543879846312
40253.97,3.39493753245757
40253.98,3.36264290640059
40253.99,3.27260451544526
40254,3.25058491949511
40254.01,3.09088756257252
40254.02,3.01944116545775
40254.03,2.93810624046489
40254.04,2.87630434599134
40254.05,2.77170625589206
40254.06,2.76345031761479
40254.07,2.60138211200474
40254.08,2.5786281700753
40254.09,2.59838176553358
40254.1,2.53763847789918
40254.11,2.48335774838337
40254.12,2.37443400186792
40254.13,2.33406795086333
40254.14,2.30350176051023
40254.15,2.25508048520797
40254.16,2.21748575897526
40254.17,2.18840489064468
40254.18,2.13878038323524
40254.19,1.97702893489228
40254.2,1.86432274543032
40254.21,1.80687238114875
40254.22,1.85841057287837
40254.23,1.85125750480821
40254.24,1.78732283943116
40254.25,1.71590563945843
40254.26,1.63537221941507
40254.27,1.60051288630666
40254.28,1.52684035880136
40254.29,1.47663872393288
40254.3,1.40895274735827
40254.31,1.36104711163772
40254.32,1.29547906758284
40254.33,1.2402184272773
40254.34,1.20142020857909
40254.35,1.21165746040106
40254.36,1.19313545843956
40254.37,1.19551163502343
40254.38,1.14866908594158
40254.39,1.12524750125038
40254.4,1.0758110609953
40254.41,1.03968734675016
40254.42,1.00488834368524
40254.43,0.93359319936721
40254.44,0.907121808968394
40254.45,0.85181230797008
40254.46,0.836357074096238
40254.47,0.795649813437994
40254.48,0.738044564738172
40254.49,0.691501214121527
40254.5,0.652660317344288
40254.51,0.654310295261574
40254.52,0.608802226873602
40254.53,0.579185403883712
40254.54,0.557965364222753
40254.55,0.531165476882443
40254.56,0.505833842382997
40254.57,0.48989153830962
40254.58,0.455425055692194
40254.59,0.450145393060949
40254.6,0.437882876501576
40254.61,0.410622474666444
40254.62,0.394717974459406
40254.63,0.364419908370181
40254.64,0.329184307109469
40254.65,0.288923086302063
40254.66,0.254667827493159
40254.67,0.22897826435812
40254.68,0.200908829164027
40254.69,0.17802898844673
40254.7,0.152381519745422
40254.71,0.126889438377527
40254.72,0.123866887650471
40254.73,0.126213477917288
40254.74,0.122305184729338
40254.75,0.111347893634201
40254.76,0.10742212048575
40254.77,0.10560379937655
40254.78,0.103986531872631
40254.79,0.102282004143919
40254.8,0.101007244698214
40254.81,0.0911466805667265
40254.82,0.0936883868146206
40254.83,0.091695173131851
40254.84,0.088493261364835
40254.85,0.0808901686709798
40254.86,0.0795829667100715
40254.87,0.0743924314147395
40254.88,0.0677729532095915
40254.89,0.0661201651678813
40254.9,0.0642712759875328
40254.91,0.0612160347297497
40254.92,0.0570090880012369
40254.93,0.0549194473212881
40254.94,0.052245313918558
40254.95,0.0499256428972326
40254.96,0.0476370918212123
40254.97,0.0430348307472389
40254.98,0.0408290926001108
40254.99,0.036842527461225
40255,0.0346632583776088
40255.01,0.0316863202731467
40255.02,0.0286749726575668
40255.03,0.0272444245430114
40255.04,0.0246396445218066
40255.05,0.0219907692962646
40255.06,0.0196177813675979
40255.07,0.0177768492493124
40255.08,0.0136728854195155
40255.09,0.0110716699361648
40255.1,0.00829489786036115
40255.11,0.00567675379903856
40255.12,0.00280853990301342
40255.13,5.41451436044086E-06
40255.14,5.36180661644308E-06
40255.15,5.21616597853677E-06
40255.16,4.9593278237622E-06
40255.17,4.83241679895758E-06
40255.18,4.94170973350048E-06
40255.19,4.87306625081737E-06
40255.2,4.4423742021915E-06
40255.21,4.29840611350725E-06
40255.22,4.06371339014092E-06
40255.23,4.04368870215578E-06
40255.24,3.79911417191107E-06
40255.25,3.67144182150915E-06
40255.26,3.60123150287078E-06
40255.27,3.55711890925274E-06
40255.28,3.37257483117926E-06
40255.29,3.27251935314045E-06
40255.3,3.34343929155678E-06
40255.31,3.1457531406166E-06
40255.32,3.01367549455756E-06
40255.33,2.81267166442615E-06
40255.34,2.67071199548241E-06
40255.35,2.57781568538409E-06
40255.36,2.45148922110917E-06
40255.37,2.36343730128022E-06
40255.38,2.15460630407878E-06
40255.39,2.03700096733605E-06
40255.4,1.89446088405186E-06
40255.41,1.6380592803771E-06
40255.42,1.57328063022091E-06
40255.43,1.46090897160624E-06
40255.44,1.32165387993916E-06
40255.45,1.24112083059522E-06
40255.46,1.13628271537609E-06
40255.47,9.50000262331502E-07
40255.48,8.46300618755306E-07
40255.49,7.78631251401013E-07
40255.5,6.56859195237959E-07
40255.51,5.40567448319809E-07
40255.52,3.9068991656049E-07
40255.53,2.5464877846248E-07
40255.54,1.29664277516706E-07
40255.55,1.42881517249695E-08
40255.56,0
40255.57,0
40255.58,0
40255.59,0
40255.6,0
40255.61,0
40255.62,0
40255.63,0
40255.64,0
40255.65,0
40255.66,0
40255.67,0
40255.68,0
40255.69,0
40255.7,0
40255.71,0
40255.72,0
40255.73,0
40255.74,0
40255.75,0
40255.76,0
40255.77,0
40255.78,0
40255.79,0
40255.8,0
40255.81,0
40255.82,0
40255.83,0
40255.84,0
40255.85,0
40255.86,0
40255.87,0
40255.88,0
40255.89,0
40255.9,0
40255.91,0
40255.92,0
40255.93,0
40255.94,0
40255.95,0
40255.96,0
40255.97,0
40255.98,0
40255.99,0
40256,0
40256.01,0
40256.02,0
40256.03,0
40256.04,0
40256.05,0
40256.06,0
40256.07,0
40256.08,0
40256.09,0
40256.1,0
40256.11,0
40256.12,0
40256.13,0
40256.14,0
40256.15,0
40256.16,0
40256.17,0
40256.18,0
40256.19,0
40256.2,0
40256.21,0
40256.22,0
40256.23,0
40256.24,0
40256.25,0
40256.26,0
40256.27,0
40256.28,0
40256.29,0
40256.3,0
40256.31,0
40256.32,0
40256.33,0
40256.34,0
40256.35,0
40256.36,0
40256.37,0
40256.38,0
40256.39,0
40256.4,0
40256.41,0
40256.42,0
40256.43,0
40256.44,0
40256.45,0
40256.46,0
40256.47,0
40256.48,0
40256.49,0
40256.5,0
40256.51,0
40256.52,0
40256.53,0
40256.54,0
40256.55,0
40256.56,0
40256.57,0
40256.58,0
40256.59,0
40256.6,0
40256.61,0
40256.62,0
40256.63,0
40256.64,0
40256.65,0
40256.66,0
40256.67,0
40256.68,0
40256.69,0
40256.7,0
40256.71,0
40256.72,0
40256.73,0
40256.74,0
40256.75,0
40256.76,0
40256.77,0
40256.78,0
40256.79,0
40256.8,0
40256.81,0
40256.82,0
40256.83,0
40256.84,0
40256.85,0
40256.86,0
40256.87,0
40256.88,0
40256.89,0
40256.9,0
40256.91,0
40256.92,0
40256.93,0
40256.94,0
40256.95,0
40256.96,0
40256.97,0
40256.98,0
40256.99,0
40257,0
40257.01,0
40257.02,0
40257.03,0
40257.04,0
40257.05,0
40257.06,0
40257.07,0
40257.08,0
40257.09,0
40257.1,0
40257.11,0
40257.12,0
40257.13,0
40257.14,0
40257.15,0
40257.16,0
40257.17,0
40257.18,0
40257.19,0
40257.2,0
40257.21,0
40257.22,0
40257.23,0
40257.24,0
40257.25,0
40257.26,0
40257.27,0
40257.28,0
40257.29,0
40257.3,0
40257.31,0
40257.32,0
40257.33,0
40257.34,0
40257.35,0
40257.36,0
40257.37,0
40257.38,0
40257.39,0
40257.4,0
40257.41,0
40257.42,0
40257.43,0
40257.44,0
40257.45,0
40257.46,0
40257.47,0
40257.48,0
40257.49,0
40257.5,0
40257.51,0
40257.52,0
40257.53,0
40257.54,0
40257.55,0
40257.56,0
40257.57,0
40257.58,0
40257.59,0
40257.6,0
40257.61,0
40257.62,0
40257.63,0
40257.64,0
40257.65,0
40257.66,0
40257.67,0
40257.68,0
40257.69,0
40257.7,0
40257.71,0
40257.72,0
40257.73,0
40257.74,0
40257.75,0
40257.76,0
40257.77,0
40257.78,0
40257.79,0
40257.8,0
40257.81,0
40257.82,0
40257.83,0
40257.84,0
40257.85,0
40257.86,0
40257.87,0
40257.88,0
40257.89,0
40257.9,0
40257.91,0
40257.92,0
40257.93,0
40257.94,0
40257.95,0
40257.96,0
40257.97,0
40257.98,0
40257.99,0
40258,0
40258.01,0
40258.02,0
40258.03,0
40258.04,0
40258.05,0
40258.06,0
40258.07,0
40258.08,0
40258.09,0
40258.1,0
40258.11,0
40258.12,0
40258.13,0
40258.14,0
40258.15,0
40258.16,0
40258.17,0
40258.18,0
40258.19,0
40258.2,0
40258.21,0
40258.22,0
40258.23,0
40258.24,0
40258.25,0
40258.26,0
40258.27,0
40258.28,0
40258.29,0
40258.3,0
40258.31,0
40258.32,0
40258.33,0
40258.34,0
40258.35,0
40258.36,0
40258.37,0
40258.38,0
40258.39,0
40258.4,0
40258.41,0
40258.42,0
40258.43,0
40258.44,0
40258.45,0
40258.46,0
40258.47,0
40258.48,0
40258.49,0
40258.5,0
40258.51,0
40258.52,0
40258.53,0
40258.54,0
40258.55,0
40258.56,0
40258.57,0
40258.58,0
40258.59,0
40258.6,0
40258.61,0
40258.62,0
40258.63,0
40258.64,0
40258.65,0
40258.66,0
40258.67,0
40258.68,0
40258.69,0
40258.7,0
40258.71,0
40258.72,0
40258.73,0
40258.74,0
40258.75,0
40258.76,0
40258.77,0
40258.78,0
40258.79,0
40258.8,0
40258.81,0
40258.82,0
40258.83,0
40258.84,0
40258.85,0
40258.86,0
40258.87,0
40258.88,0
40258.89,0
40258.9,0
40258.91,0
40258.92,0
40258.93,0
40258.94,0
40258.95,0
40258.96,0
40258.97,0
40258.98,0
40258.99,0
40259,0
40259.01,0
40259.02,0
40259.03,0
40259.04,0
40259.05,0
40259.06,0
40259.07,0
40259.08,0
40259.09,0
40259.1,0
40259.11,0
40259.12,0
40259.13,0
40259.14,0
40259.15,0
40259.16,0
40259.17,0
40259.18,0
40259.19,0
40259.2,0
40259.21,0
40259.22,0
40259.23,0
40259.24,0
40259.25,0
40259.26,0
40259.27,0
40259.28,0
40259.29,0
40259.3,0
40259.31,0
40259.32,0
40259.33,0
40259.34,0
40259.35,0
40259.36,0
40259.37,0
40259.38,0
40259.39,0
40259.4,0
40259.41,0
40259.42,0
40259.43,0
40259.44,0
40259.45,0
40259.46,0
40259.47,8.0640631875233E-11
40259.48,0.0156971909120481
40259.49,0.397481834999993
40259.5,1.06966088377914
40259.51,1.86475123857903
40259.52,2.5712952455786
40259.53,3.6997060290185
40259.54,3.78289262354008
40259.55,3.79094665698024
40259.56,3.98722369410328
40259.57,3.97980411403919
40259.58,4.58870489726314
40259.59,5.92878961882491
40259.6,8.18059029680782
40259.61,12.5871874245951
40259.62,22.1806658535184
40259.63,42.5623843407389
40259.64,88.8971641171754
40259.65,166.002373140334
40259.66,254.318712853659
40259.67,336.760469782458
40259.68,424.185463757022
40259.69,475.470275508683
40259.7,501.048092553908
40259.71,512.121929189444
40259.72,512.564188684794
40259.73,415.947595589642
40259.74,401.856661393457
40259.75,391.860655256748
40259.76,376.315812800775
40259.77,372.962817505144
40259.78,364.050035584223
40259.79,342.053177969759
40259.8,358.181064633465
40259.81,348.317224575004
40259.82,331.580787878223
40259.83,309.077299972113
40259.84,302.401297925833
40259.85,290.250311814757
40259.86,296.436374183078
40259.87,292.659334605224
40259.88,280.059650127657
40259.89,259.708752767518
40259.9,258.369749171153
40259.91,240.074337564895
40259.92,236.639355177877
40259.93,230.715515559099
40259.94,207.905921569356
40259.95,200.729062819138
40259.96,203.798357830452
40259.97,194.535798945905
40259.98,179.954847680776
40259.99,169.217465434025
40260,166.431496091861
40260.01,165.242626568562
40260.02,166.318361616293
40260.03,164.605436030314
40260.04,157.489852616714
40260.05,152.815458138443
40260.06,149.064036304588
40260.07,145.608950523126
40260.08,137.997031633046
40260.09,137.726177112369
40260.1,138.9242080233
40260.11,135.290952704272
40260.12,132.676835119422
40260.13,125.089973404639
40260.14,122.780538959718
40260.15,118.120623564864
40260.16,113.516351796942
40260.17,114.236123441367
40260.18,112.73694421564
40260.19,109.351012452296
40260.2,102.72101821655
40260.21,101.056226181793
40260.22,103.822144474101
40260.23,102.658623846535
40260.24,101.165920308668
40260.25,102.300511418475
40260.26,105.789746005419
40260.27,104.636532466979
40260.28,104.64378942504
40260.29,102.165746664448
40260.3,100.44530157135
40260.31,98.5119327407224
40260.32,98.2471803317232
40260.33,93.6706680287673
40260.34,91.2131182703324
40260.35,88.6768931735316
40260.36,85.1596032738284
40260.37,80.5594660639962
40260.38,79.6913224071778
40260.39,78.5628960374576
40260.4,75.057129339029
40260.41,76.4162845333172
40260.42,73.3065528325502
40260.43,74.8137954577975
40260.44,69.731981209062
40260.45,69.8187466734374
40260.46,73.4078793985285
40260.47,72.9227636646348
40260.48,75.2258752855316
40260.49,74.2664593976234
40260.5,72.6203140391114
40260.51,72.0058416512251
40260.52,73.865439441003
40260.53,76.3883948764681
40260.54,79.1861323312473
40260.55,80.7771639069356
40260.56,80.2909852775129
40260.57,75.6082659560539
40260.58,73.8386113434846
40260.59,76.7754765789416
40260.6,73.176691989449
40260.61,73.9835315002797
40260.62,74.6492576152899
40260.63,71.0466024990699
40260.64,71.5936710391579
40260.65,70.6674488291167
40260.66,70.918179999119
40260.67,70.5592102706473
40260.68,69.9982299755269
40260.69,68.1113086246808
40260.7,64.3104849223927
40260.71,67.4111210409048
40260.72,65.5918067362758
40260.73,64.9402324890313
40260.74,63.4665052543566
40260.75,62.3855034505024
40260.76,60.8062959650065
40260.77,61.801401049784
40260.78,61.9400123792248
40260.79,61.2819695213998
40260.8,60.4059240606891
40260.81,61.2602678789225
40260.82,54.2757274583582
40260.83,54.4962791647218
40260.84,55.8831622156555
40260.85,56.804796929693
40260.86,56.8646418270485
40260.87,53.5008487116497
40260.88,53.8588322295811
40260.89,53.4875097761417
40260.9,54.7311702918578
40260.91,53.0250120124433
40260.92,51.5329054262696
40260.93,52.9362899572236
40260.94,51.0119493283395
40260.95,51.9111486741865
40260.96,51.5853627653447
40260.97,47.4153585339904
40260.98,46.1758810694834
40260.99,44.9536207329985
40261,42.7245891370337
40261.01,40.0254805971038
40261.02,39.6472692362122
40261.03,38.075817200145
40261.04,36.9434348409415
40261.05,35.5763392367391
40261.06,35.0460992968874
40261.07,35.2789453255096
40261.08,35.777491319345
40261.09,35.9472365724682
40261.1,35.2187402063296
40261.11,34.6902610528899
40261.12,34.8711542274639
40261.13,35.6690264524336
40261.14,35.1034909706731
40261.15,33.4139766805308
40261.16,33.2605843630418
40261.17,33.3951467078068
40261.18,32.494434158407
40261.19,33.1018271464627
40261.2,32.1482860885144
40261.21,31.6426753126475
40261.22,31.4536989034545
40261.23,32.3256327457721
40261.24,30.4466392819793
40261.25,30.0612127097045
40261.26,29.8396020839791
40261.27,28.8404727525188
40261.28,28.7511184453968
40261.29,27.3021643634884
40261.3,25.5511814394418
40261.31,23.8661246696102
40261.32,22.6401297538139
40261.33,21.2312668471447
40261.34,20.7975284551515
40261.35,20.0528859998892
40261.36,18.5377006603319
40261.37,18.6318262406926
40261.38,17.9776052033518
40261.39,16.415620717467
40261.4,14.8966505814829
40261.41,14.2488842700854
40261.42,14.084776989608
40261.43,13.22726626905
40261.44,12.8284914515042
40261.45,12.6086651732113
40261.46,12.0081726192997
40261.47,11.1712710539274
40261.48,10.628820093078
40261.49,10.3096394192632
40261.5,10.57476704706
40261.51,10.4421716992191
40261.52,10.0197609830102
40261.53,9.78060574475373
40261.54,9.60466691865324
40261.55,9.78723594055493
40261.56,9.49488070896336
40261.57,9.86791771687254
40261.58,9.77285171817591
40261.59,9.70967793178439
40261.6,9.25136798688128
40261.61,9.20802211215259
40261.62,9.1214867754761
40261.63,9.14753690732105
40261.64,8.80440183589398
40261.65,8.70050485437602
40261.66,8.18196767294311
40261.67,7.8196017093821
40261.68,8.20977623768221
40261.69,7.94752826959257
40261.7,7.6277553998567
40261.71,7.67353379284717
40261.72,7.48156635508264
40261.73,7.88828671044867
40261.74,7.71740724773777
40261.75,7.68309083063869
40261.76,7.43532922197517
40261.77,7.48498018033497
40261.78,7.29351340378239
40261.79,7.70783597588819
40261.8,7.4042196829781
40261.81,7.35649785415833
40261.82,7.36219000043806
40261.83,6.98650241989727
40261.84,6.75275513731915
40261.85,6.48439395417988
40261.86,6.07541767397252
40261.87,6.0307426721209
40261.88,5.47041623503976
40261.89,5.20159755074874
40261.9,4.97356513386627
40261.91,4.95388927503205
40261.92,4.8717178736728
40261.93,4.953131063436
40261.94,5.05126373087131
40261.95,4.99488056023031
40261.96,4.7818695301954
40261.97,4.80384839380504
40261.98,4.62844892036322
40261.99,4.51333240122496
40262,4.44577055489913
40262.01,4.56095368244268
40262.02,4.82726480530745
40262.03,4.89325035712665
40262.04,4.72115517296753
40262.05,4.74122297687066
40262.06,4.80195138762645
40262.07,4.57282433521275
40262.08,4.4837138440646
40262.09,4.29441856753742
40262.1,4.12165833689967
40262.11,4.03717316261931
40262.12,3.95846473703002
40262.13,3.78089678646167
40262.14,3.6940797149114
40262.15,3.48214957016369
40262.16,3.38518233061412
40262.17,3.31864952042814
40262.18,3.19511372091993
40262.19,2.9852824881956
40262.2,2.85233230507895
40262.21,2.83892189539969
40262.22,2.89977046031872
40262.23,2.95724438507867
40262.24,3.01784082175667
40262.25,3.13883156255667
40262.26,3.06591646734623
40262.27,3.13157759475825
40262.28,3.0248799761822
40262.29,3.14042304633178
40262.3,3.1852011773518
40262.31,3.05342884687772
40262.32,3.07333912125267
40262.33,3.1179234397152
40262.34,3.00427180029255
40262.35,2.99192758264625
40262.36,3.0238950004555
40262.37,3.13825866405836
40262.38,3.03938766033874
40262.39,3.12400084152535
40262.4,2.98531355547013
40262.41,2.87081695197273
40262.42,2.93656112448177
40262.43,2.95031940496425
40262.44,2.83982856368827
40262.45,2.91736023218865
40262.46,2.90767417685862
40262.47,2.87175534990845
40262.48,2.79895120918051
40262.49,2.55942384850314
40262.5,2.52346366483291
40262.51,2.55410025868083
40262.52,2.5116466505746
40262.53,2.52404428631395
40262.54,2.47682439018463
40262.55,2.53368614576409
40262.56,2.29624488904397
40262.57,2.29490490642921
40262.58,2.20356338373966
40262.59,2.18602475694964
40262.6,2.19553061304289
40262.61,2.23426111061948
40262.62,2.24884054972375
40262.63,2.28641451580852
40262.64,2.18276935676525
40262.65,2.15394438089795
40262.66,1.99164795141674
40262.67,1.98047554206356
40262.68,1.86190842541557
40262.69,1.89177756438892
40262.7,1.87350594165737
40262.71,1.84005895291855
40262.72,1.8019470043818
40262.73,1.80734280300743
40262.74,1.77305436788122
40262.75,1.70092201977728
40262.76,1.71946214016317
40262.77,1.6774295141394
40262.78,1.70009664862346
40262.79,1.65449911167194
40262.8,1.60013530495601
40262.81,1.70599646784778
40262.82,1.73338443414269
40262.83,1.79025343763735
40262.84,1.77214031598256
40262.85,1.76570467230202
40262.86,1.76081074701717
40262.87,1.83579740455945
40262.88,1.86436797469488
40262.89,1.89801441367171
40262.9,1.95868307205881
40262.91,2.03846422183233
40262.92,2.17750820930787
40262.93,2.2415780486218
40262.94,2.29279220363392
40262.95,2.44599996006503
40262.96,2.60715136521111
40262.97,2.8069165623026
40262.98,3.18651222350392
40262.99,3.53154675765355
40263,3.96957766059368
40263.01,4.61003087274078
40263.02,5.84392768111711
40263.03,7.74067235637066
40263.04,10.738197313471
40263.05,14.1352611360821
40263.06,18.8102545845676
40263.07,25.4111335081106
40263.08,33.3006658861999
40263.09,41.0477398311818
40263.1,50.9404479603255
40263.11,63.4745325683355
40263.12,75.9792010662338
40263.13,96.8220468114472
40263.14,116.735618741342
40263.15,132.762616694995
40263.16,149.731256225333
40263.17,158.887995441712
40263.18,181.754642795151
40263.19,190.11336276489
40263.2,199.237416249474
40263.21,217.324419182744
40263.22,233.633634548161
40263.23,252.968759320736
40263.24,275.454918837653
40263.25,303.122576998528
40263.26,325.534342318759
40263.27,318.679724879798
40263.28,308.446653478916
40263.29,317.674621330393
40263.3,322.287811003794
40263.31,329.194664140111
40263.32,352.782613857307
40263.33,371.380423791383
40263.34,379.747704639172
40263.35,399.686945470862
40263.36,402.498884255407
40263.37,405.407468997362
40263.38,433.473457399604
40263.39,432.423377580211
40263.4,438.021592982607
40263.41,430.847064108621
40263.42,421.003001450834
40263.43,400.481543343383
40263.44,296.353121684614
40263.45,297.928817863155
40263.46,306.836547173405
40263.47,301.76357494307
40263.48,295.433605941945
40263.49,279.780226976058
40263.5,268.459335365469
40263.51,268.903519365219
40263.52,276.92320100441
40263.53,269.195390192844
40263.54,258.920954962217
40263.55,258.768370351182
40263.56,251.322741190206
40263.57,237.873209618305
40263.58,224.470030843222
40263.59,215.589699717852
40263.6,206.236923322029
40263.61,186.646780564539
40263.62,171.970162618453
40263.63,170.674006489125
40263.64,169.815083205573
40263.65,167.920910360182
40263.66,160.92144858214
40263.67,152.158469301236
40263.68,148.221141598908
40263.69,146.747013931567
40263.7,141.941021975708
40263.71,143.551525967323
40263.72,137.885297589252
40263.73,126.44299117348
40263.74,126.555680860711
40263.75,127.308297273771
40263.76,124.055801802347
40263.77,125.078205589258
40263.78,126.448425228109
40263.79,114.804548903647
40263.8,113.628309262165
40263.81,107.353465095158
40263.82,107.073793905351
40263.83,105.359761127698
40263.84,105.296235178113
40263.85,101.847659857415
40263.86,98.5069286519537
40263.87,97.8283902101326
40263.88,103.177122908929
40263.89,102.573178788286
40263.9,97.7476728852385
40263.91,95.9362774398812
40263.92,93.5714715468242
40263.93,95.2814992678885
40263.94,93.789482271033
40263.95,91.1483794980191
40263.96,89.8279619290926
40263.97,86.3051157766436
40263.98,85.7796329667083
40263.99,81.5126347884016
40264,78.9235299334917
40264.01,77.8817326107408
40264.02,73.4603896634845
40264.03,69.4331952400485
40264.04,66.7393089468247
40264.05,68.3526225495206
40264.06,68.6489946131638
40264.07,67.3525906902863
40264.08,67.8211709572328
40264.09,67.953327444579
40264.1,65.3964497107456
40264.11,62.0805454188758
40264.12,62.9519670599212
40264.13,60.4553305350989
40264.14,60.252315859028
40264.15,56.3594079347245
40264.16,55.0261592021054
40264.17,51.9662007385591
40264.18,51.8287877192543
40264.19,51.7639876420707
40264.2,51.0867627510447
40264.21,50.9229931030204
40264.22,48.8091673959069
40264.23,48.0420747459992
40264.24,47.4878465300342
40264.25,44.9628409584632
40264.26,44.3984254824503
40264.27,43.3627459412664
40264.28,42.5258534573131
40264.29,40.8124931868931
40264.3,39.342026639944
40264.31,38.4595187292683
40264.32,37.1460074503866
40264.33,36.2855763428
40264.34,33.5105577532074
40264.35,33.0125629703737
40264.36,30.8710074501303
40264.37,30.3790513019853
40264.38,27.7750316021123
40264.39,25.9696386007061
40264.4,24.8423693898003
40264.41,24.4344311719277
40264.42,23.8925419150276
40264.43,23.0771368759738
40264.44,23.2874048638849
40264.45,23.7597329391013
40264.46,22.9296821862592
40264.47,21.9524737724841
40264.48,21.4055840450904
40264.49,21.1637623463912
40264.5,19.9800505664279
40264.51,19.2930866585082
40264.52,19.5501211167206
40264.53,18.9955047099948
40264.54,18.4554200920946
40264.55,19.1631586176698
40264.56,19.6156294263086
40264.57,20.3848126606303
40264.58,20.169641826766
40264.59,19.8779090575078
40264.6,19.4387744253089
40264.61,18.4611534117855
40264.62,17.2434897408272
40264.63,17.0861289330538
40264.64,16.5993634216813
40264.65,16.7898080539303
40264.66,17.1284062643806
40264.67,16.2649377768332
40264.68,15.5301790100739
40264.69,15.532492525358
40264.7,16.0525391982274
40264.71,16.6346325796269
40264.72,16.1447636428406
40264.73,16.014274233939
40264.74,16.5046904930694
40264.75,15.9637645233742
40264.76,15.3467820573695
40264.77,15.7712574309605
40264.78,15.267278991544
40264.79,14.5878002122025
40264.8,15.0936159412445
40264.81,14.723761468426
40264.82,14.3753683172165
40264.83,14.471169181998
40264.84,14.9835185356793
40264.85,15.180664752165
40264.86,15.1322125023628
40264.87,15.1564275505533
40264.88,15.1746509661206
40264.89,15.1264225504021
40264.9,14.240040147683
40264.91,14.2227433329594
40264.92,13.5508051691301
40264.93,13.15292089354
40264.94,13.0921866995612
40264.95,12.9362455422956
40264.96,12.9562977120757
40264.97,12.8272016417528
40264.98,12.8792950441972
40264.99,13.4203580538811
40265,12.849053292617
40265.01,13.1014723937645
40265.02,13.6255815357052
40265.03,13.2640098494829
40265.04,12.9426852588595
40265.05,12.723290501917
40265.06,12.708945934977
40265.07,12.2783913857952
40265.08,11.9842811046167
40265.09,11.8094803832813
40265.1,11.6687925351969
40265.11,11.9757758994848
40265.12,11.6274577048031
40265.13,11.7224872642829
40265.14,11.7941338892333
40265.15,11.6567762764922
40265.16,11.5029764615367
40265.17,11.0487685831277
40265.18,10.6508372675517
40265.19,10.5918570509118
40265.2,10.4902354283951
40265.21,10.2386789373973
40265.22,10.4011031730159
40265.23,10.2538352791063
40265.24,10.0843199728893
40265.25,9.8815438720273
40265.26,10.0896800803499
40265.27,10.1435754784963
40265.28,10.1240207781802
40265.29,9.6643417224345
40265.3,10.0367751315327
40265.31,9.54474518644077
40265.32,9.55907958670635
40265.33,9.15443438307141
40265.34,8.68547399734307
40265.35,7.88261190900967
40265.36,7.87480634227222
40265.37,7.89512938971764
40265.38,7.76481798023983
40265.39,7.61448275166365
40265.4,7.28360525836469
40265.41,7.23685463148874
40265.42,7.14156604640051
40265.43,6.81195085135793
40265.44,6.6941156082007
40265.45,6.6061992347126
40265.46,6.37762209208865
40265.47,6.55816447061709
40265.48,6.29424832543315
40265.49,6.62446476284751
40265.5,6.80203502228019
40265.51,6.66616222929304
40265.52,6.93062394190911
40265.53,7.0925873429214
40265.54,7.27307107555831
40265.55,7.23067872197748
40265.56,6.95655780756205
40265.57,6.49084805925482
40265.58,6.49211418936636
40265.59,6.4186369451567
40265.6,6.26235052154475
40265.61,6.58457956885831
40265.62,6.61107573588515
40265.63,6.27352708157908
40265.64,6.19531183373102
40265.65,6.23100034853877
40265.66,5.9618509013565
40265.67,5.96204186497202
40265.68,5.9334850824716
40265.69,5.72209919120386
40265.7,5.82744740170023
40265.71,5.97617625503306
40265.72,5.58723558974732
40265.73,5.70288000754234
40265.74,5.65312520225019
40265.75,5.6441031187164
40265.76,5.43155231590643
40265.77,5.33470572060722
40265.78,5.66377258280063
40265.79,6.99015582312774
40265.8,10.3112643852734
40265.81,18.251906160688
40265.82,34.8570578259134
40265.83,69.4943104077314
40265.84,131.650973959634
40265.85,243.795917415247
40265.86,387.492997373464
40265.87,563.674851254149
40265.88,753.661108105142
40265.89,902.440711234671
40265.9,1050.63861095923
40265.91,1220.28497045104
40265.92,1391.51609210512
40265.93,1560.9204420593
40265.94,1873.74225040299
40265.95,2114.00646533489
40265.96,2277.49237418938
40265.97,2479.33918173674
40265.98,2469.65230294502
40265.99,2439.81426850416
40266,2364.38835494908
40266.01,2244.76971409967
40266.02,2163.33587244931
40266.03,2048.58291902879
40266.04,2052.00825335755
40266.05,1938.67227482473
40266.06,1935.05209711683
40266.07,1817.44357561748
40266.08,1734.20353848428
40266.09,1669.5385607442
40266.1,1563.52712894379
40266.11,1345.13111240032
40266.12,1313.95168572665
40266.13,1281.44468721317
40266.14,1298.08295653766
40266.15,1262.20536915875
40266.16,1233.55285171569
40266.17,1218.79519780731
40266.18,1192.56875904612
40266.19,1185.7646411122
40266.2,1121.28809032893
40266.21,1114.02471776828
40266.22,1056.30085395209
40266.23,976.078494163803
40266.24,943.272864777492
40266.25,968.085957223826
40266.26,913.706154024652
40266.27,931.870835525021
40266.28,869.044388559608
40266.29,867.389410388672
40266.3,857.138554678186
40266.31,826.986131267973
40266.32,762.3204833676
40266.33,768.092811754929
40266.34,777.363949583746
40266.35,788.14122429228
40266.36,811.977488925866
40266.37,794.65289524848
40266.38,839.276449381757
40266.39,854.689608016652
40266.4,826.178154857739
40266.41,863.112124821577
40266.42,842.645233632934
40266.43,828.433998525331
40266.44,819.436983894815
40266.45,772.474055800535
40266.46,729.754410172015
40266.47,706.594344929744
40266.48,668.775512787002
40266.49,651.372945692462
40266.5,663.199907405897
40266.51,628.320825960779
40266.52,615.735603415834
40266.53,592.26454274199
40266.54,592.53359525106
40266.55,560.219160210631
40266.56,531.297454748405
40266.57,517.22624920839
40266.58,534.183157060319
40266.59,505.925470962245
40266.6,468.597399547467
40266.61,339.058963344339
40266.62,336.587913860961
40266.63,335.530911599492
40266.64,324.855663549523
40266.65,316.975431934117
40266.66,295.063206659569
40266.67,288.786587172197
40266.68,277.866351979977
40266.69,263.61988236222
40266.7,261.478587651446
40266.71,259.059259680834
40266.72,249.578795672193
40266.73,245.16121546031
40266.74,226.674246495946
40266.75,215.04258128184
40266.76,217.890232381493
40266.77,205.926454269391
40266.78,195.792909361243
40266.79,197.085583994698
40266.8,180.023813850909
40266.81,172.244948147097
40266.82,171.44945061734
40266.83,164.782005948513
40266.84,156.426798342915
40266.85,149.09646819248
40266.86,147.880256519073
40266.87,141.932339366756
40266.88,141.087085296333
40266.89,138.360308782229
40266.9,136.2409804243
40266.91,138.247491445684
40266.92,134.02067605363
40266.93,128.211577136164
40266.94,125.950205610976
40266.95,124.575686241623
40266.96,121.577559907223
40266.97,113.725759713696
40266.98,113.713279672934
40266.99,106.167807687931
40267,98.5795420965506
40267.01,99.3803614605985
40267.02,101.566074784225
40267.03,99.6146972220488
40267.04,96.3634492665067
40267.05,99.1540309825424
40267.06,94.4599334575729
40267.07,93.3791176812663
40267.08,90.8770092743857
40267.09,91.3781518981185
40267.1,91.049431189093
40267.11,87.9599793683672
40267.12,89.5609556962534
40267.13,90.1169337499325
40267.14,88.7376201036823
40267.15,86.6155694666364
40267.16,85.0461921779123
40267.17,80.7740763399699
40267.18,78.9908545521799
40267.19,77.1850763777379
40267.2,77.0850789308422
40267.21,75.2981142013939
40267.22,73.1003523271963
40267.23,72.2620041068853
40267.24,72.7836731328151
40267.25,72.3834810390217
40267.26,70.6627233640356
40267.27,68.9513886816724
40267.28,70.7270532510599
40267.29,69.7710661012409
40267.3,66.5219654226179
40267.31,66.0338969735528
40267.32,62.0110459719097
40267.33,60.3653232452525
40267.34,60.7129435556513
40267.35,59.6415128922847
40267.36,58.3066941018131
40267.37,58.7014023403796
40267.38,59.7356702360564
40267.39,57.2108161466531
40267.4,54.5689717735648
40267.41,52.7034266922945
40267.42,50.3221861794593
40267.43,50.2685592509462
40267.44,50.5190473472563
40267.45,49.5392504626405
40267.46,47.2842820906024
40267.47,44.5102109584203
40267.48,43.6177612315272
40267.49,41.986691836891
40267.5,41.8205230062401
40267.51,39.6744711026147
40267.52,38.4091714549539
40267.53,37.337944744065
40267.54,37.7358090798182
40267.55,37.8046886428673
40267.56,37.4968017806423
40267.57,36.8611426271599
40267.58,37.2587886612642
40267.59,35.5365600944562
40267.6,36.585473098368
40267.61,36.4499470902197
40267.62,38.102196142492
40267.63,39.13434409329
40267.64,40.4893073626566
40267.65,39.7156608491957
40267.66,43.0467375362558
40267.67,43.6289373331035
40267.68,43.8478799564877
40267.69,43.0260201662793
40267.7,43.3497526353844
40267.71,40.791175994328
40267.72,42.3229539774428
40267.73,42.8356955852198
40267.74,42.6911378521531
40267.75,44.2514226794106
40267.76,44.7649502558027
40267.77,45.1739615148507
40267.78,44.3719849446233
40267.79,44.6464946126926
40267.8,43.088117803024
40267.81,41.6943137438365
40267.82,41.8421909249472
40267.83,40.7033548431725
40267.84,38.977568028784
40267.85,38.811798058675
40267.86,39.603741877681
40267.87,41.7134929990073
40267.88,40.9665660601118
40267.89,40.2818756597434
40267.9,42.3955498605303
40267.91,41.5309070415939
40267.92,39.8113334890063
40267.93,40.4744650792077
40267.94,38.1487172601149
40267.95,38.958286148709
40267.96,38.5584344962352
40267.97,36.5508091434968
40267.98,36.3890622436014
40267.99,35.8458576584739
40268,36.8017939498204
40268.01,36.7506884057776
40268.02,35.4516758233631
40268.03,34.4551155095798
40268.04,34.1524276893196
40268.05,33.4508879377474
40268.06,33.3399738275612
40268.07,33.2632285654371
40268.08,31.8782800495304
40268.09,31.7800368887758
40268.1,32.184075104735
40268.11,30.7896695219217
40268.12,29.2835509088527
40268.13,29.6336528917025
40268.14,29.7799002311375
40268.15,30.2143211809536
40268.16,31.3189859692472
40268.17,30.7539495344934
40268.18,29.3055990557303
40268.19,28.8785729761576
40268.2,27.7429595069111
40268.21,27.4364731098041
40268.22,27.373590747598
40268.23,26.7943260079683
40268.24,26.5470729441694
40268.25,25.8650110082224
40268.26,25.3596628041811
40268.27,23.8833506468565
40268.28,24.3358667972054
40268.29,23.1645468249378
40268.3,22.2037612652917
40268.31,21.0941344676069
40268.32,20.2883617914277
40268.33,19.3967361389283
40268.34,17.7490568622686
40268.35,17.9268879763336
40268.36,17.6086341844593
40268.37,16.9774881144121
40268.38,16.4734048088607
40268.39,16.4388577129003
40268.4,16.2817997505362
40268.41,15.8542636111682
40268.42,15.6721544307612
40268.43,14.0399684597667
40268.44,13.8477006292364
40268.45,13.2198351357825
40268.46,12.4151755363193
40268.47,11.5606131734896
40268.48,11.0895902889772
40268.49,10.0930339058653
40268.5,9.7187821058121
40268.51,9.04787754528493
40268.52,8.76080834763715
40268.53,7.88360956049084
40268.54,7.5159583330063
40268.55,6.9673958889122
40268.56,6.30117888585254
40268.57,6.06506555835919
40268.58,5.76914706988058
40268.59,5.21633535204475
40268.6,5.10810552552953
40268.61,5.25128264178321
40268.62,5.18835221991893
40268.63,5.02180892385241
40268.64,4.81868386568186
40268.65,4.64937475994885
40268.66,4.65877807053539
40268.67,4.7079361284052
40268.68,4.5825410503366
40268.69,4.37912107991762
40268.7,4.21469542700031
40268.71,3.94683134069715
40268.72,3.93980482627193
40268.73,3.87748204856577
40268.74,3.93128270086443
40268.75,4.11091223032406
40268.76,4.1789110842461
40268.77,4.0387231114662
40268.78,3.91126916010229
40268.79,3.68619959532215
40268.8,3.40341445011533
40268.81,3.51364639365563
40268.82,3.45818061220341
40268.83,3.23514400671198
40268.84,3.22287111386283
40268.85,2.96610094930623
40268.86,2.88069773093833
40268.87,2.82194346151158
40268.88,2.70378044680263
40268.89,2.59907972305902
40268.9,2.59029401329612
40268.91,2.49529924443964
40268.92,2.52613225066393
40268.93,2.35185255355506
40268.94,2.27887194788471
40268.95,2.34240951621265
40268.96,2.22528928209163
40268.97,2.11588875783634
40268.98,2.07124709707769
40268.99,1.9989828611112
40269,1.96661676408661
40269.01,1.97412158141494
40269.02,1.95367390595227
40269.03,1.91164889481286
40269.04,1.83719653101922
40269.05,1.79513596994877
40269.06,1.78699279022561
40269.07,1.68800110081413
40269.08,1.61489164360288
40269.09,1.51398619219357
40269.1,1.46455647889114
40269.11,1.42140483589033
40269.12,1.35037650722264
40269.13,1.26192130158273
40269.14,1.19002418160282
40269.15,1.16643517965742
40269.16,1.10178741581142
40269.17,1.08061144714767
40269.18,1.01451277087514
40269.19,0.946585336090099
40269.2,0.920079455386132
40269.21,0.85220197328042
40269.22,0.830834057780661
40269.23,0.733779651660437
40269.24,0.687801646616613
40269.25,0.631521207701185
40269.26,0.578750048598616
40269.27,0.536471388266906
40269.28,0.462647546648648
40269.29,0.443830308203489
40269.3,0.390050521838456
40269.31,0.365752801022773
40269.32,0.319514475236737
40269.33,0.287469667545642
40269.34,0.268970839059045
40269.35,0.276245362593289
40269.36,0.274651311546321
40269.37,0.276858254494856
40269.38,0.257760640841096
40269.39,0.238808678295513
40269.4,0.230235535156821
40269.41,0.227690483848632
40269.42,0.226527501776884
40269.43,0.227667868994375
40269.44,0.215146842561511
40269.45,0.200617546490941
40269.46,0.198506093187794
40269.47,0.186579945575187
40269.48,0.180098395795403
40269.49,0.184267766605529
40269.5,0.175115713830916
40269.51,0.170052537961243
40269.52,0.164255442075183
40269.53,0.157177247593552
40269.54,0.151713117074371
40269.55,0.146553642668426
40269.56,0.139394682579898
40269.57,0.137791531366014
40269.58,0.133387587293964
40269.59,0.121675129018277
40269.6,0.118653998948134
40269.61,0.110863273897303
40269.62,0.102191263398459
40269.63,0.0920743575793521
40269.64,0.0861692938419557
40269.65,0.0781139923543897
40269.66,0.0686722625976159
40269.67,0.0596225469046425
40269.68,0.0539623475462541
40269.69,0.0458880392719817
40269.7,0.0379274250163693
40269.71,0.032761503162255
40269.72,0.0249952182513062
40269.73,0.0172837252014773
40269.74,0.00919771425684733
40269.75,0.00350452387154025
40269.76,0.00331539499408397
40269.77,0.0032902243496985
40269.78,0.00322246414080175
40269.79,0.00305713268917961
40269.8,0.00296101385064145
40269.81,0.0030197805953624
40269.82,0.00294722378124432
40269.83,0.00285510015312333
40269.84,0.00271097602331617
40269.85,0.00257809472228393
40269.86,0.00252907640325469
40269.87,0.00249943207010176
40269.88,0.00242032062889951
40269.89,0.00238787598308981
40269.9,0.00223915415434503
40269.91,0.00212383985217803
40269.92,0.00205556981292667
40269.93,0.00203101690769214
40269.94,0.0019120666738176
40269.95,0.00187064108581077
40269.96,0.00172427103275961
40269.97,0.00168761134289527
40269.98,0.00165421378424993
40269.99,0.00154407678432148
40270,0.00146459452755718
40270.01,0.00139949798758018
40270.02,0.00127960487650023
40270.03,0.00117474159813263
40270.04,0.00107252254450616
40270.05,0.00100091093591603
40270.06,0.000936641507924274
40270.07,0.000825229070663568
40270.08,0.000724075904314099
40270.09,0.000652255659226628
40270.1,0.000557447394466146
40270.11,0.00047240395640693
40270.12,0.000399817271945767
40270.13,0.000316863887324673
40270.14,0.000240695782435444
40270.15,0.000155818732586603
40270.16,7.06479507130056E-05
40270.17,0
40270.18,0
40270.19,0
40270.2,0
40270.21,0
40270.22,0
40270.23,0
40270.24,0
40270.25,0
40270.26,0
40270.27,0
40270.28,0
40270.29,0
40270.3,0
40270.31,0
40270.32,0
40270.33,0
40270.34,0
40270.35,0
40270.36,0
40270.37,0
40270.38,0
40270.39,0
40270.4,0
40270.41,0
40270.42,0
40270.43,0
40270.44,0
40270.45,0
40270.46,0
40270.47,0
40270.48,0
40270.49,0
40270.5,0
40270.51,0
40270.52,0
40270.53,0
40270.54,0
40270.55,0
40270.56,0
40270.57,0
40270.58,0
40270.59,0
40270.6,0
40270.61,0
40270.62,0
40270.63,0
40270.64,0
40270.65,0
40270.66,0
40270.67,0
40270.68,0
40270.69,0
40270.7,0
40270.71,0
40270.72,0
40270.73,0
40270.74,0
40270.75,0
40270.76,0
40270.77,0
40270.78,0
40270.79,0
40270.8,0
40270.81,0
40270.82,0
40270.83,0
40270.84,0
40270.85,0
40270.86,0
40270.87,0
40270.88,0
40270.89,0
40270.9,0
40270.91,0
40270.92,0
40270.93,0
40270.94,0
40270.95,0
40270.96,0
40270.97,0
40270.98,0
40270.99,0
40271,0
40271.01,0
40271.02,0
40271.03,0
40271.04,0
40271.05,0
40271.06,0
40271.07,0
40271.08,0
40271.09,0
40271.1,0
40271.11,0
40271.12,0
40271.13,0
40271.14,0
40271.15,0
40271.16,0
40271.17,0
40271.18,0
40271.19,0
40271.2,0
40271.21,0
40271.22,0
40271.23,0
40271.24,0
40271.25,0
40271.26,0
40271.27,0
40271.28,0
40271.29,0
40271.3,0
40271.31,0
40271.32,0
40271.33,0
40271.34,0
40271.35,0
40271.36,0
40271.37,0
40271.38,0
40271.39,0
40271.4,0
40271.41,0
40271.42,0
40271.43,0
40271.44,0
40271.45,0
40271.46,0
40271.47,0
40271.48,0
40271.49,0
40271.5,0
40271.51,0
40271.52,0
40271.53,0
40271.54,0
40271.55,0
40271.56,0
40271.57,0
40271.58,0
40271.59,0
40271.6,0
40271.61,0
40271.62,0
40271.63,0
40271.64,0
40271.65,0
40271.66,0
40271.67,0
40271.68,0
40271.69,0
40271.7,0
40271.71,0
40271.72,0
40271.73,0
40271.74,0
40271.75,0
40271.76,0
40271.77,0
40271.78,0
40271.79,0
40271.8,0
40271.81,0
40271.82,0
40271.83,0
40271.84,0
40271.85,0
40271.86,0
40271.87,0
40271.88,0
40271.89,0
40271.9,0
40271.91,0
40271.92,0
40271.93,0
40271.94,0
40271.95,0
40271.96,0
40271.97,0
40271.98,0
40271.99,0
40272,0
40272.01,0
40272.02,0
40272.03,0
40272.04,0
40272.05,0
40272.06,0
40272.07,0
40272.08,0
40272.09,0
40272.1,0
40272.11,0
40272.12,0
40272.13,0
40272.14,0
40272.15,0
40272.16,0
40272.17,0
40272.18,0
40272.19,0
40272.2,0
40272.21,0
40272.22,0
40272.23,0
40272.24,0
40272.25,0
40272.26,0
40272.27,0
40272.28,0
40272.29,0
40272.3,0
40272.31,0
40272.32,0
40272.33,0
40272.34,0
40272.35,0
40272.36,0
40272.37,0
40272.38,0
40272.39,0
40272.4,0
40272.41,0
40272.42,0
40272.43,0
40272.44,0
40272.45,0
40272.46,0
40272.47,0
40272.48,0
40272.49,0
40272.5,0
40272.51,0
40272.52,0
40272.53,0
40272.54,0
40272.55,0
40272.56,0
40272.57,0
40272.58,0
40272.59,0
40272.6,0
40272.61,0
40272.62,0
40272.63,0
40272.64,0
40272.65,0
40272.66,0
40272.67,0
40272.68,0
40272.69,0
40272.7,0
40272.71,0
40272.72,0
40272.73,0
40272.74,0
40272.75,0
40272.76,0
40272.77,0
40272.78,0
40272.79,0
40272.8,0
40272.81,0
40272.82,0
40272.83,0
40272.84,0
40272.85,0
40272.86,0
40272.87,0
40272.88,0
40272.89,0
40272.9,0
40272.91,0
40272.92,0
40272.93,0
40272.94,0
40272.95,0
40272.96,0
40272.97,0
40272.98,0
40272.99,0
40273,0
40273.01,0
40273.02,0
40273.03,0
40273.04,0
40273.05,0
40273.06,0
40273.07,0
40273.08,0
40273.09,0
40273.1,0
40273.11,0
40273.12,0
40273.13,0
40273.14,0
40273.15,0
40273.16,0
40273.17,0
40273.18,0
40273.19,0
40273.2,0
40273.21,0
40273.22,0
40273.23,0
40273.24,0
40273.25,0
40273.26,0
40273.27,0
40273.28,0
40273.29,0
40273.3,0
40273.31,0
40273.32,0
40273.33,0
40273.34,0
40273.35,0
40273.36,0
40273.37,0
40273.38,0
40273.39,0
40273.4,0
40273.41,0
40273.42,0
40273.43,0
40273.44,0
40273.45,0
40273.46,0
40273.47,0
40273.48,0
40273.49,0
40273.5,0
40273.51,0
40273.52,0
40273.53,0
40273.54,0
40273.55,0
40273.56,0
40273.57,0
40273.58,0
40273.59,0
40273.6,0
40273.61,0
40273.62,0
40273.63,0
40273.64,0
40273.65,0
40273.66,0
40273.67,0
40273.68,0
40273.69,0
40273.7,0
40273.71,0
40273.72,0
40273.73,0
40273.74,0
40273.75,0
40273.76,0
40273.77,0
40273.78,0
40273.79,0
40273.8,0
40273.81,0
40273.82,0
40273.83,0
40273.84,0
40273.85,0
40273.86,0
40273.87,0
40273.88,0
40273.89,0
40273.9,0
40273.91,0
40273.92,0
40273.93,0
40273.94,0
40273.95,0
40273.96,0
40273.97,0
40273.98,0
40273.99,0
40274,0
40274.01,0
40274.02,0
40274.03,0
40274.04,0
40274.05,0
40274.06,0
40274.07,0
40274.08,0
40274.09,0
40274.1,0
40274.11,0
40274.12,0
40274.13,0
40274.14,0
40274.15,0
40274.16,0
40274.17,0
40274.18,0
40274.19,0
40274.2,0
40274.21,0
40274.22,0
40274.23,0
40274.24,0
40274.25,0
40274.26,0
40274.27,0
40274.28,0
40274.29,0
40274.3,0
40274.31,0
40274.32,0
40274.33,0
40274.34,0
40274.35,0
40274.36,0
40274.37,0
40274.38,0
40274.39,0
40274.4,0
40274.41,0
40274.42,0
40274.43,0
40274.44,0
40274.45,0
40274.46,0
40274.47,0
40274.48,0
40274.49,0
40274.5,0
40274.51,0
40274.52,0
40274.53,0
40274.54,0
40274.55,0
40274.56,0
40274.57,0
40274.58,0
40274.59,0
40274.6,0
40274.61,0
40274.62,0
40274.63,0
40274.64,0
40274.65,0
40274.66,0
40274.67,0
40274.68,0
40274.69,0
40274.7,0
40274.71,0
40274.72,0
40274.73,0
40274.74,0
40274.75,0
40274.76,0
40274.77,0
40274.78,0
40274.79,0
40274.8,0
40274.81,0
40274.82,0
40274.83,0
40274.84,0
40274.85,0
40274.86,0
40274.87,0
40274.88,0
40274.89,0
40274.9,0
40274.91,0
40274.92,0
40274.93,0
40274.94,0
40274.95,0
40274.96,0
40274.97,0
40274.98,0
40274.99,0
40275,0
40275.01,0
40275.02,0
40275.03,0
40275.04,0
40275.05,0
40275.06,0
40275.07,0
40275.08,0
40275.09,0
40275.1,0
40275.11,0
40275.12,0
40275.13,0
40275.14,0
40275.15,0
40275.16,0
40275.17,0
40275.18,0
40275.19,0
40275.2,0
40275.21,0
40275.22,0
40275.23,0
40275.24,0
40275.25,0
40275.26,0
40275.27,0
40275.28,0
40275.29,0
40275.3,0
40275.31,0
40275.32,0
40275.33,0
40275.34,0
40275.35,0
40275.36,0
40275.37,0
40275.38,0
40275.39,0
40275.4,0
40275.41,0
40275.42,0
40275.43,0
40275.44,0
40275.45,0
40275.46,0
40275.47,0
40275.48,0
40275.49,0
40275.5,0
40275.51,0
40275.52,0
40275.53,0
40275.54,0
40275.55,0
40275.56,0
40275.57,0
40275.58,0
40275.59,0
40275.6,0
40275.61,0
40275.62,0
40275.63,0
40275.64,0
40275.65,0
40275.66,0
40275.67,0
40275.68,0
40275.69,0
40275.7,0
40275.71,0
40275.72,0
40275.73,0
40275.74,0
40275.75,0
40275.76,0
40275.77,0
40275.78,0
40275.79,0
40275.8,0
40275.81,0
40275.82,0
40275.83,0
40275.84,0
40275.85,0
40275.86,0
40275.87,0
40275.88,0
40275.89,0
40275.9,0
40275.91,0
40275.92,0
40275.93,0
40275.94,0
40275.95,0
40275.96,0
40275.97,0
40275.98,0
40275.99,0
40276,0
40276.01,0
40276.02,0
40276.03,0
40276.04,0
40276.05,0
40276.06,0
40276.07,0
40276.08,0
40276.09,0
40276.1,0
40276.11,0
40276.12,0
40276.13,0
40276.14,0
40276.15,0
40276.16,0
40276.17,0
40276.18,0
40276.19,0
40276.2,0
40276.21,0
40276.22,0
40276.23,0
40276.24,0
40276.25,0
40276.26,0
40276.27,0
40276.28,0
40276.29,0
40276.3,0
40276.31,0
40276.32,0
40276.33,0
40276.34,0
40276.35,0
40276.36,0
40276.37,0
40276.38,0
40276.39,0
40276.4,0
40276.41,0
40276.42,0
40276.43,0
40276.44,0
40276.45,0
40276.46,0
40276.47,0
40276.48,0
40276.49,0
40276.5,0
40276.51,0
40276.52,0
40276.53,0
40276.54,0
40276.55,0
40276.56,0
40276.57,0
40276.58,0
40276.59,0
40276.6,0
40276.61,0
40276.62,0
40276.63,0
40276.64,0
40276.65,0
40276.66,0
40276.67,0
40276.68,0
40276.69,0
40276.7,0
40276.71,0
40276.72,0
40276.73,0
40276.74,0
40276.75,0
40276.76,0
40276.77,0
40276.78,0
40276.79,0
40276.8,0
40276.81,0
40276.82,0
40276.83,0
40276.84,0
40276.85,0
40276.86,0
40276.87,0
40276.88,0
40276.89,1.32183178310918E-10
40276.9,0.0254843183474355
40276.91,5.7078425820532
40276.92,25.3453344806436
40276.93,56.9950944161125
40276.94,101.390516796583
40276.95,151.67489715515
40276.96,217.114869316612
40276.97,305.128768878325
40276.98,406.333671036825
40276.99,524.969119887516
40277,599.535108825365
40277.01,664.555911068393
40277.02,741.154649157378
40277.03,772.148524520631
40277.04,823.175579295131
40277.05,831.301105335503
40277.06,846.115931793329
40277.07,833.523629664808
40277.08,861.411040147452
40277.09,872.55083438506
40277.1,869.744991123669
40277.11,627.596122196897
40277.12,628.323418177445
40277.13,599.624948591925
40277.14,557.006539712195
40277.15,542.585343659188
40277.16,538.95012449173
40277.17,497.120552715149
40277.18,489.157758730523
40277.19,466.785729530126
40277.2,445.336978677288
40277.21,432.686322317906
40277.22,416.045097954904
40277.23,396.131515749771
40277.24,396.340488145198
40277.25,357.916980329947
40277.26,357.152169725095
40277.27,333.367615137314
40277.28,334.075842574735
40277.29,312.048646523257
40277.3,313.318856788894
40277.31,287.415535767269
40277.32,291.342369550414
40277.33,280.95179853483
40277.34,267.704717064498
40277.35,257.005317438147
40277.36,257.631244082556
40277.37,249.190043106204
40277.38,246.338205222178
40277.39,240.01478567485
40277.4,225.513370874045
40277.41,229.289107149988
40277.42,220.630381733702
40277.43,214.898009524421
40277.44,208.812416853726
40277.45,201.242362318836
40277.46,203.101702062196
40277.47,196.856143548719
40277.48,186.963050275535
40277.49,179.099987388168
40277.5,169.379434950401
40277.51,156.360566893977
40277.52,153.596321995957
40277.53,146.095487579792
40277.54,148.521417461058
40277.55,146.022308560924
40277.56,146.51513156416
40277.57,143.384963214264
40277.58,139.193337922376
40277.59,145.453949419604
40277.6,140.542900353368
40277.61,133.725843929096
40277.62,132.347264271551
40277.63,134.492729841977
40277.64,126.524331985982
40277.65,121.698277542091
40277.66,121.783585916997
40277.67,121.99351469765
40277.68,120.772330747025
40277.69,116.178254333823
40277.7,113.802288239049
40277.71,108.597405348263
40277.72,107.08679821173
40277.73,104.170985159676
40277.74,102.072356070479
40277.75,98.5541380798917
40277.76,97.8588392763502
40277.77,96.3230246731113
40277.78,92.6945560306383
40277.79,94.8617983690501
40277.8,93.7588221393262
40277.81,91.3227747973634
40277.82,89.2421374873821
40277.83,91.3631719918325
40277.84,89.7728239330984
40277.85,88.7226917938075
40277.86,84.9606596972998
40277.87,82.4976850928691
40277.88,79.5870636615198
40277.89,76.2397236486541
40277.9,72.6579807962967
40277.91,70.7013036709093
40277.92,66.992455987274
40277.93,67.03775232503
40277.94,67.2759734902903
40277.95,64.3677701958336
40277.96,63.8948054121596
40277.97,61.4230872386157
40277.98,60.7711561441094
40277.99,60.2758726019885
40278,56.3202791225076
40278.01,51.5567825596899
40278.02,51.3216733758468
40278.03,51.0384185098674
40278.04,49.9811684276172
40278.05,48.2109192018412
40278.06,46.2884822198089
40278.07,42.2030612937336
40278.08,43.1754110980879
40278.09,39.8987502216762
40278.1,39.5620942547374
40278.11,38.7161994494134
40278.12,38.4258092596259
40278.13,36.5059662379532
40278.14,35.0897892180711
40278.15,34.9601257772913
40278.16,33.3089546475083
40278.17,32.833486372486
40278.18,31.1077450122714
40278.19,30.7387273938916
40278.2,30.5965145627723
40278.21,30.0434699969544
40278.22,29.8980189922971
40278.23,28.3464929136857
40278.24,27.3577130238408
40278.25,26.5278278363413
40278.26,26.9963216840887
40278.27,25.9394323362846
40278.28,25.3168981177009
40278.29,25.509533171291
40278.3,24.9401835273707
40278.31,24.8347830965901
40278.32,23.3823823855535
40278.33,23.2911927781122
40278.34,22.5281165323587
40278.35,22.0701478422153
40278.36,21.6921936318429
40278.37,19.8017128154728
40278.38,19.6698507569462
40278.39,18.6691051220954
40278.4,18.4818181713186
40278.41,17.5391012975791
40278.42,16.8411988646483
40278.43,15.3670580515019
40278.44,14.1678765416957
40278.45,13.8595346174545
40278.46,12.8225164389733
40278.47,12.1961110548512
40278.48,11.454510385219
40278.49,10.405484214308
40278.5,9.92284023533864
40278.51,9.79928770378597
40278.52,9.88062174583578
40278.53,9.6818845044892
40278.54,9.43644251515433
40278.55,9.72632845162317
40278.56,10.01979454078
40278.57,9.92773564273684
40278.58,9.54704542494866
40278.59,9.55713148657954
40278.6,9.321980317449
40278.61,9.59276927078879
40278.62,9.47044599953411
40278.63,9.19273198521284
40278.64,9.0109937767964
40278.65,8.68256065890268
40278.66,8.57737078054479
40278.67,8.193394300274
40278.68,8.1642500769747
40278.69,8.26986788174246
40278.7,8.28823095004951
40278.71,7.98588762015103
40278.72,7.98252787894387
40278.73,7.80101852269938
40278.74,7.41239829418167
40278.75,7.3156439202858
40278.76,7.41072740464227
40278.77,7.36533320647989
40278.78,7.20532111756584
40278.79,6.98972957164472
40278.8,6.89467507392326
40278.81,6.8957555378684
40278.82,6.83622706685226
40278.83,6.96176482193411
40278.84,7.01042360514987
40278.85,7.08779184357589
40278.86,6.91157167554642
40278.87,6.87798082139739
40278.88,6.76475645732959
40278.89,6.71823371568698
40278.9,6.65139512129628
40278.91,6.9804517148665
40278.92,6.61887360392059
40278.93,6.53658454135047
40278.94,6.30225816827687
40278.95,6.22777421089098
40278.96,6.12485429709762
40278.97,6.23302326199194
40278.98,6.04790866034441
40278.99,5.78268158466819
40279,5.68483355093725
40279.01,5.57727173406854
40279.02,5.12010067864839
40279.03,5.25304803006188
40279.04,4.9823300692865
40279.05,5.05328995140286
40279.06,5.07147075044359
40279.07,5.1006045304631
40279.08,4.95871250069216
40279.09,4.68531573263148
40279.1,4.43565471969475
40279.11,4.43424049377573
40279.12,4.22206243794177
40279.13,4.11462715222525
40279.14,3.92176649561634
40279.15,3.7144365918399
40279.16,3.6641981876049
40279.17,3.42673547787367
40279.18,3.2669944694856
40279.19,3.1031905157447
40279.2,2.97797263815946
40279.21,2.83224384914908
40279.22,2.62187499242692
40279.23,2.46451989092243
40279.24,2.31673728405144
40279.25,2.31155633017513
40279.26,2.22117724074117
40279.27,2.07445444580459
40279.28,1.94363857256058
40279.29,1.78992190474008
40279.3,1.72789128906055
40279.31,1.57352607812478
40279.32,1.39175629780212
40279.33,1.39754507284485
40279.34,1.23189825080416
40279.35,1.18383564655654
40279.36,1.12581384520669
40279.37,1.11294573971466
40279.38,1.06700162455814
40279.39,1.02075254148473
40279.4,1.02500502750714
40279.41,1.04069088096686
40279.42,1.02283823739878
40279.43,0.967757956336119
40279.44,0.955961926054784
40279.45,0.915036372697569
40279.46,0.898251473625186
40279.47,0.88111327866915
40279.48,0.829781562411558
40279.49,0.826943246709133
40279.5,0.803364281692078
40279.51,0.778772953628204
40279.52,0.733883015136013
40279.53,0.730704136457261
40279.54,0.694554871836945
40279.55,0.674544960485004
40279.56,0.634925229592171
40279.57,0.593953818560201
40279.58,0.555671813272807
40279.59,0.514218124717548
40279.6,0.492304314152855
40279.61,0.493432578722977
40279.62,0.48967727743589
40279.63,0.459581773247706
40279.64,0.43179431895587
40279.65,0.431772067899166
40279.66,0.42130232926516
40279.67,0.401291059334189
40279.68,0.377208128841941
40279.69,0.353515496483478
40279.7,0.313337213903756
40279.71,0.290620209757686
40279.72,0.289277072815277
40279.73,0.282068182629128
40279.74,0.259604273719021
40279.75,0.24456088749124
40279.76,0.227621176643608
40279.77,0.218591235649499
40279.78,0.208113186943882
40279.79,0.199906646992681
40279.8,0.196034467445633
40279.81,0.19810584378584
40279.82,0.194048412645444
40279.83,0.188677778292034
40279.84,0.182013427079755
40279.85,0.182870617014834
40279.86,0.185314196773856
40279.87,0.180295696735441
40279.88,0.172967013979511
40279.89,0.168312076382935
40279.9,0.164794936748505
40279.91,0.163733197975004
40279.92,0.161364985353791
40279.93,0.151313466619497
40279.94,0.144439654805524
40279.95,0.136581537915145
40279.96,0.132748218052783
40279.97,0.122756014661072
40279.98,0.11133590898826
40279.99,0.106191545032073
40280,0.0995094927862973
40280.01,0.0931726646792733
40280.02,0.0877734520927948
40280.03,0.0806886704660059
40280.04,0.0759685084543497
40280.05,0.0689091638916196
40280.06,0.0622050163311765
40280.07,0.0585434069237317
40280.08,0.053454500606259
40280.09,0.0503506567527494
40280.1,0.0458809167582566
40280.11,0.0402145903109834
40280.12,0.0349108863644716
40280.13,0.0293786971174687
40280.14,0.024798616197293
40280.15,0.0204887668539336
40280.16,0.0157791149205001
40280.17,0.0111178978211304
40280.18,0.00618268218914338
40280.19,0.00571000719105659
40280.2,0.00566633020634097
40280.21,0.005677734865276
40280.22,0.00536283677250075
40280.23,0.00519648069555366
40280.24,0.00495959216138172
40280.25,0.00503798665189218
40280.26,0.00486893225473949
40280.27,0.00502219646190719
40280.28,0.00491807994262357
40280.29,0.00467972346610342
40280.3,0.00467317895632845
40280.31,0.00471936294719033
40280.32,0.00451530799061005
40280.33,0.00426967518270388
40280.34,0.00409210676802659
40280.35,0.00380015043745508
40280.36,0.00354007299984166
40280.37,0.00320026484781676
40280.38,0.00301923640379349
40280.39,0.0027903001787975
40280.4,0.00267853472601122
40280.41,0.00257269767195673
40280.42,0.00251274989820212
40280.43,0.00239430272736978
40280.44,0.00224363540430208
40280.45,0.00218121011397472
40280.46,0.00199959949571784
40280.47,0.00175710641318712
40280.48,0.00157035945073065
40280.49,0.00143121359822139
40280.5,0.00132877650666045
40280.51,0.00123611176319467
40280.52,0.00107568331876339
40280.53,0.000975981875192233
40280.54,0.000851863756286525
40280.55,0.000729127806481866
40280.56,0.000575165832121172
40280.57,0.000438124993818132
40280.58,0.000287375519298878
40280.59,0.000161220415993115
40280.6,3.29833229239881E-05
40280.61,0
40280.62,0
40280.63,0
40280.64,0
40280.65,0
40280.66,0
40280.67,0
40280.68,0
40280.69,0
40280.7,0
40280.71,0
40280.72,0
40280.73,0
40280.74,0
40280.75,0
40280.76,0
40280.77,0
40280.78,0
40280.79,0
40280.8,0
40280.81,0
40280.82,0
40280.83,0
40280.84,0
40280.85,0
40280.86,0
40280.87,0
40280.88,0
40280.89,0
40280.9,0
40280.91,0
40280.92,0
40280.93,0
40280.94,0
40280.95,0
40280.96,0
40280.97,0
40280.98,0
40280.99,0
40281,0
40281.01,0
40281.02,0
40281.03,0
40281.04,0
40281.05,0
40281.06,0
40281.07,0
40281.08,0
40281.09,0
40281.1,0
40281.11,0
40281.12,0
40281.13,0
40281.14,0
40281.15,0
40281.16,0
40281.17,0
40281.18,0
40281.19,0
40281.2,0
40281.21,0
40281.22,0
40281.23,0
40281.24,0
40281.25,0
40281.26,0
40281.27,0
40281.28,0
40281.29,0
40281.3,0
40281.31,0
40281.32,0
40281.33,0
40281.34,0
40281.35,0
40281.36,0
40281.37,0
40281.38,0
40281.39,0
40281.4,0
40281.41,0
40281.42,0
40281.43,0
40281.44,0
40281.45,0
40281.46,0
40281.47,0
40281.48,0
40281.49,0
40281.5,0
40281.51,0
40281.52,0
40281.53,0
40281.54,0
40281.55,0
40281.56,0
40281.57,0
40281.58,0
40281.59,0
40281.6,0
40281.61,1.04092356980346E-12
40281.62,0.000209633055571939
40281.63,0.01253298783938
40281.64,0.0421345456142434
40281.65,0.079284122905684
40281.66,0.123835088043439
40281.67,0.173444064146745
40281.68,0.249237560360793
40281.69,0.34809048161101
40281.7,0.487461663432282
40281.71,0.687945626005577
40281.72,0.977835821682618
40281.73,1.38346574078488
40281.74,1.87928309645892
40281.75,2.35625264371203
40281.76,2.93142615377855
40281.77,3.54049432285192
40281.78,4.29692628181076
40281.79,5.04049913429925
40281.8,5.43067337210547
40281.81,5.77836102685461
40281.82,6.60229878308621
40281.83,6.63519470501076
40281.84,6.66114938103557
40281.85,6.74359062571903
40281.86,6.5945333954653
40281.87,6.50995216942159
40281.88,6.86235952880027
40281.89,6.61923269128841
40281.9,6.85802701007284
40281.91,6.96544452604266
40281.92,7.10230456159482
40281.93,7.02270763770673
40281.94,6.92198856422195
40281.95,6.96586841119602
40281.96,6.83154149217163
40281.97,6.71962815749256
40281.98,6.57021175722968
40281.99,6.54454717662222
40282,6.42901942412874
40282.01,6.27895121232121
40282.02,6.2852797387141
40282.03,6.21905721239769
40282.04,5.90946533859895
40282.05,5.81311866608037
40282.06,5.94060094146646
40282.07,5.90108245767539
40282.08,6.03819599347936
40282.09,5.6563608713092
40282.1,5.61027289777899
40282.11,5.22346671290589
40282.12,5.21909896694008
40282.13,5.03585161862015
40282.14,4.924739322988
40282.15,4.89473242688109
40282.16,4.69624633186014
40282.17,4.52500913733906
40282.18,4.39813295818344
40282.19,4.40635043038419
40282.2,4.48241176212587
40282.21,4.29927251484442
40282.22,4.10790165998355
40282.23,4.03105589429072
40282.24,3.75345639043803
40282.25,3.46923489580061
40282.26,3.37077865578593
40282.27,3.17686748718514
40282.28,3.15927339923007
40282.29,2.92751356044895
40282.3,2.8886555099309
40282.31,2.81630486134434
40282.32,2.6219168632878
40282.33,2.4667345016658
40282.34,2.13733420344063
40282.35,1.99893435293418
40282.36,1.84753905922898
40282.37,1.65586881725787
40282.38,1.56065268817894
40282.39,1.31443801330384
40282.4,1.1897270067688
40282.41,1.03972349593517
40282.42,0.891889528736474
40282.43,0.708420414223164
40282.44,0.570180479493095
40282.45,0.412547266697277
40282.46,0.263420135215334
40282.47,0.142541479043141
40282.48,0.135398002874338
40282.49,0.121981936698341
40282.5,0.11988263586641
40282.51,0.117298784430651
40282.52,0.113162132044296
40282.53,0.107885939256665
40282.54,0.102030474884022
40282.55,0.0991903422188197
40282.56,0.0974731727762931
40282.57,0.0929578856041446
40282.58,0.0927795714923466
40282.59,0.0886025635584895
40282.6,0.0864903361570162
40282.61,0.0823489094137652
40282.62,0.0785736113835356
40282.63,0.0767837847264129
40282.64,0.0741094487902431
40282.65,0.0722576767925725
40282.66,0.0699653295029356
40282.67,0.0654504584013122
40282.68,0.0620870088918817
40282.69,0.0581227751101043
40282.7,0.0539754070378311
40282.71,0.050132394988415
40282.72,0.045198985526265
40282.73,0.0403098760265336
40282.74,0.0357281370206416
40282.75,0.0298191516891782
40282.76,0.0254083093718971
40282.77,0.0208539764842958
40282.78,0.0147795306686391
40282.79,0.0127334233524071
40282.8,0.012078426354691
40282.81,0.011418263170369
40282.82,0.0112241989235823
40282.83,0.0105578658117718
40282.84,0.0102324384568232
40282.85,0.00966803305081161
40282.86,0.00898768241491
40282.87,0.00905244109276906
40282.88,0.0084788095273197
40282.89,0.00783939692631425
40282.9,0.00740550922036678
40282.91,0.00739792149242637
40282.92,0.00671056699219729
40282.93,0.00654300603715584
40282.94,0.00604062471598329
40282.95,0.00570258709761564
40282.96,0.00531774789738842
40282.97,0.00508220142139451
40282.98,0.00459536563877877
40282.99,0.00443372643028462
40283,0.00398404344953427
40283.01,0.00345055425123953
40283.02,0.00308601037551328
40283.03,0.00276189665706107
40283.04,0.00241171939781266
40283.05,0.00206172437471476
40283.06,0.00163899927100135
40283.07,0.00127871583108511
40283.08,0.00087340618292475
40283.09,0.000429629612314831
40283.1,1.02163102429067E-05
40283.11,0
40283.12,0
40283.13,0
40283.14,0
40283.15,0
40283.16,0
40283.17,0
40283.18,0
40283.19,0
40283.2,0
40283.21,0
40283.22,0
40283.23,0
40283.24,0
40283.25,0
40283.26,0
40283.27,0
40283.28,0
40283.29,0
40283.3,0
40283.31,0
40283.32,0
40283.33,0
40283.34,0
40283.35,0
40283.36,0
40283.37,0
40283.38,0
40283.39,0
40283.4,0
40283.41,0
40283.42,0
40283.43,0
40283.44,0
40283.45,0
40283.46,0
40283.47,0
40283.48,0
40283.49,0
40283.5,0
40283.51,0
40283.52,0
40283.53,0
40283.54,0
40283.55,0
40283.56,0
40283.57,0
40283.58,0
40283.59,0
40283.6,0
40283.61,0
40283.62,0
40283.63,0
40283.64,0
40283.65,0
40283.66,0
40283.67,0
40283.68,0
40283.69,0
40283.7,0
40283.71,0
40283.72,0
40283.73,0
40283.74,0
40283.75,0
40283.76,0
40283.77,0
40283.78,0
40283.79,0
40283.8,0
40283.81,0
40283.82,0
40283.83,0
40283.84,0
40283.85,0
40283.86,0
40283.87,0
40283.88,0
40283.89,0
40283.9,0
40283.91,0
40283.92,0
40283.93,0
40283.94,0
40283.95,0
40283.96,0
40283.97,0
40283.98,0
40283.99,0
40284,0
40284.01,0
40284.02,0
40284.03,0
40284.04,0
40284.05,0
40284.06,0
40284.07,0
40284.08,0
40284.09,0
40284.1,0
40284.11,0
40284.12,0
40284.13,0
40284.14,0
40284.15,0
40284.16,0
40284.17,0
40284.18,0
40284.19,0
40284.2,0
40284.21,0
40284.22,0
40284.23,0
40284.24,0
40284.25,0
40284.26,0
40284.27,0
40284.28,0
40284.29,0
40284.3,0
40284.31,0
40284.32,0
40284.33,0
40284.34,0
40284.35,0
40284.36,0
40284.37,0
40284.38,0
40284.39,0
40284.4,0
40284.41,0
40284.42,0
40284.43,0
40284.44,0
40284.45,0
40284.46,0
40284.47,0
40284.48,0
40284.49,0
40284.5,0
40284.51,0
40284.52,0
40284.53,0
40284.54,0
40284.55,0
40284.56,0
40284.57,0
40284.58,0
40284.59,0
40284.6,0
40284.61,0
40284.62,0
40284.63,0
40284.64,0
40284.65,0
40284.66,0
40284.67,0
40284.68,0
40284.69,0
40284.7,0
40284.71,0
40284.72,0
40284.73,0
40284.74,0
40284.75,0
40284.76,0
40284.77,0
40284.78,0
40284.79,0
40284.8,0
40284.81,0
40284.82,0
40284.83,0
40284.84,0
40284.85,0
40284.86,0
40284.87,0
40284.88,0
40284.89,0
40284.9,0
40284.91,0
40284.92,0
40284.93,0
40284.94,0
40284.95,0
40284.96,0
40284.97,0
40284.98,0
40284.99,0
40285,0
40285.01,0
40285.02,0
40285.03,0
40285.04,0
40285.05,0
40285.06,0
40285.07,0
40285.08,0
40285.09,0
40285.1,0
40285.11,0
40285.12,0
40285.13,0
40285.14,0
40285.15,0
40285.16,0
40285.17,0
40285.18,0
40285.19,0
40285.2,0
40285.21,0
40285.22,0
40285.23,0
40285.24,0
40285.25,0
40285.26,0
40285.27,0
40285.28,0
40285.29,0
40285.3,0
40285.31,0
40285.32,0
40285.33,0
40285.34,0
40285.35,0
40285.36,0
40285.37,0
40285.38,0
40285.39,0
40285.4,0
40285.41,0
40285.42,0
40285.43,0
40285.44,0
40285.45,0
40285.46,0
40285.47,0
40285.48,0
40285.49,0
40285.5,0
40285.51,0
40285.52,0
40285.53,0
40285.54,0
40285.55,0
40285.56,0
40285.57,0
40285.58,0
40285.59,0
40285.6,0
40285.61,0
40285.62,0
40285.63,0
40285.64,0
40285.65,0
40285.66,0
40285.67,0
40285.68,0
40285.69,0
40285.7,0
40285.71,0
40285.72,0
40285.73,0
40285.74,0
40285.75,0
40285.76,0
40285.77,0
40285.78,0
40285.79,0
40285.8,0
40285.81,0
40285.82,0
40285.83,0
40285.84,0
40285.85,0
40285.86,0
40285.87,0
40285.88,0
40285.89,0
40285.9,0
40285.91,0
40285.92,0
40285.93,0
40285.94,0
40285.95,0
40285.96,0
40285.97,0
40285.98,0
40285.99,0
40286,0
40286.01,0
40286.02,0
40286.03,0
40286.04,0
40286.05,0
40286.06,0
40286.07,0
40286.08,0
40286.09,0
40286.1,0
40286.11,0
40286.12,0
40286.13,0
40286.14,0
40286.15,0
40286.16,0
40286.17,0
40286.18,0
40286.19,0
40286.2,0
40286.21,0
40286.22,0
40286.23,0
40286.24,0
40286.25,0
40286.26,0
40286.27,0
40286.28,0
40286.29,0
40286.3,0
40286.31,0
40286.32,0
40286.33,0
40286.34,0
40286.35,0
40286.36,0
40286.37,0
40286.38,0
40286.39,0
40286.4,0
40286.41,0
40286.42,0
40286.43,0
40286.44,0
40286.45,0
40286.46,0
40286.47,0
40286.48,0
40286.49,0
40286.5,0
40286.51,0
40286.52,0
40286.53,0
40286.54,0
40286.55,0
40286.56,0
40286.57,0
40286.58,0
40286.59,0
40286.6,0
40286.61,0
40286.62,0
40286.63,0
40286.64,0
40286.65,0
40286.66,0
40286.67,0
40286.68,0
40286.69,0
40286.7,0
40286.71,0
40286.72,0
40286.73,0
40286.74,0
40286.75,0
40286.76,0
40286.77,0
40286.78,0
40286.79,0
40286.8,0
40286.81,0
40286.82,0
40286.83,0
40286.84,0
40286.85,0
40286.86,0
40286.87,0
40286.88,0
40286.89,0
40286.9,0
40286.91,0
40286.92,0
40286.93,0
40286.94,0
40286.95,0
40286.96,0
40286.97,0
40286.98,0
40286.99,0
40287,0
40287.01,0
40287.02,0
40287.03,0
40287.04,0
40287.05,0
40287.06,0
40287.07,0
40287.08,0
40287.09,0
40287.1,0
40287.11,0
40287.12,0
40287.13,0
40287.14,0
40287.15,0
40287.16,0
40287.17,0
40287.18,0
40287.19,0
40287.2,0
40287.21,0
40287.22,0
40287.23,0
40287.24,0
40287.25,0
40287.26,0
40287.27,0
40287.28,0
40287.29,0
40287.3,0
40287.31,0
40287.32,0
40287.33,0
40287.34,0
40287.35,0
40287.36,0
40287.37,0
40287.38,0
40287.39,0
40287.4,0
40287.41,0
40287.42,0
40287.43,0
40287.44,0
40287.45,0
40287.46,0
40287.47,0
40287.48,0
40287.49,0
40287.5,0
40287.51,0
40287.52,0
40287.53,0
40287.54,0
40287.55,0
40287.56,0
40287.57,0
40287.58,0
40287.59,0
40287.6,0
40287.61,0
40287.62,0
40287.63,0
40287.64,0
40287.65,0
40287.66,0
40287.67,0
40287.68,0
40287.69,0
40287.7,0
40287.71,0
40287.72,0
40287.73,0
40287.74,0
40287.75,0
40287.76,0
40287.77,0
40287.78,0
40287.79,0
40287.8,0
40287.81,0
40287.82,0
40287.83,0
40287.84,0
40287.85,0
40287.86,0
40287.87,0
40287.88,0
40287.89,0
40287.9,0
40287.91,0
40287.92,0
40287.93,0
40287.94,0
40287.95,0
40287.96,0
40287.97,0
40287.98,0
40287.99,0
40288,0
40288.01,0
40288.02,0
40288.03,0
40288.04,0
40288.05,0
40288.06,0
40288.07,0
40288.08,0
40288.09,0
40288.1,0
40288.11,0
40288.12,0
40288.13,0
40288.14,0
40288.15,0
40288.16,0
40288.17,0
40288.18,0
40288.19,0
40288.2,0
40288.21,0
40288.22,0
40288.23,0
40288.24,0
40288.25,0
40288.26,0
40288.27,0
40288.28,0
40288.29,0
40288.3,0
40288.31,0
40288.32,0
40288.33,0
40288.34,0
40288.35,0
40288.36,0
40288.37,0
40288.38,0
40288.39,0
40288.4,0
40288.41,0
40288.42,0
40288.43,0
40288.44,0
40288.45,0
40288.46,0
40288.47,0
40288.48,0
40288.49,0
40288.5,0
40288.51,0
40288.52,0
40288.53,0
40288.54,0
40288.55,0
40288.56,0
40288.57,0
40288.58,0
40288.59,0
40288.6,0
40288.61,0
40288.62,0
40288.63,0
40288.64,0
40288.65,0
40288.66,0
40288.67,0
40288.68,0
40288.69,0
40288.7,0
40288.71,0
40288.72,0
40288.73,0
40288.74,0
40288.75,0
40288.76,0
40288.77,0
40288.78,0
40288.79,0
40288.8,0
40288.81,0
40288.82,0
40288.83,0
40288.84,0
40288.85,0
40288.86,0
40288.87,0
40288.88,0
40288.89,0
40288.9,0
40288.91,0
40288.92,0
40288.93,0
40288.94,0
40288.95,0
40288.96,0
40288.97,0
40288.98,0
40288.99,0
40289,0
40289.01,0
40289.02,0
40289.03,0
40289.04,0
40289.05,0
40289.06,0
40289.07,0
40289.08,0
40289.09,0
40289.1,0
40289.11,0
40289.12,0
40289.13,0
40289.14,0
40289.15,0
40289.16,0
40289.17,0
40289.18,0
40289.19,0
40289.2,0
40289.21,0
40289.22,0
40289.23,0
40289.24,0
40289.25,0
40289.26,0
40289.27,0
40289.28,0
40289.29,0
40289.3,0
40289.31,0
40289.32,0
40289.33,0
40289.34,0
40289.35,0
40289.36,0
40289.37,0
40289.38,0
40289.39,0
40289.4,0
40289.41,0
40289.42,0
40289.43,0
40289.44,0
40289.45,0
40289.46,0
40289.47,0
40289.48,0
40289.49,0
40289.5,0
40289.51,0
40289.52,0
40289.53,0
40289.54,0
40289.55,0
40289.56,0
40289.57,0
40289.58,0
40289.59,0
40289.6,0
40289.61,0
40289.62,0
40289.63,0
40289.64,0
40289.65,0
40289.66,0
40289.67,0
40289.68,0
40289.69,0
40289.7,0
40289.71,0
40289.72,0
40289.73,0
40289.74,0
40289.75,0
40289.76,0
40289.77,0
40289.78,0
40289.79,0
40289.8,0
40289.81,0
40289.82,0
40289.83,0
40289.84,0
40289.85,0
40289.86,0
40289.87,0
40289.88,0
40289.89,0
40289.9,0
40289.91,0
40289.92,0
40289.93,0
40289.94,0
40289.95,0
40289.96,0
40289.97,0
40289.98,0
40289.99,0
40290,0
40290.01,0
40290.02,0
40290.03,0
40290.04,0
40290.05,0
40290.06,0
40290.07,0
40290.08,0
40290.09,0
40290.1,0
40290.11,0
40290.12,0
40290.13,0
40290.14,0
40290.15,0
40290.16,0
40290.17,0
40290.18,0
40290.19,0
40290.2,0
40290.21,0
40290.22,0
40290.23,0
40290.24,0
40290.25,0
40290.26,0
40290.27,0
40290.28,0
40290.29,0
40290.3,0
40290.31,0
40290.32,0
40290.33,0
40290.34,0
40290.35,0
40290.36,0
40290.37,0
40290.38,0
40290.39,0
40290.4,0
40290.41,0
40290.42,0
40290.43,0
40290.44,0
40290.45,0
40290.46,0
40290.47,0
40290.48,0
40290.49,0
40290.5,0
40290.51,0
40290.52,0
40290.53,0
40290.54,0
40290.55,0
40290.56,0
40290.57,0
40290.58,0
40290.59,0
40290.6,0
40290.61,0
40290.62,0
40290.63,0
40290.64,0
40290.65,0
40290.66,0
40290.67,0
40290.68,0
40290.69,0
40290.7,0
40290.71,0
40290.72,0
40290.73,0
40290.74,0
40290.75,0
40290.76,0
40290.77,0
40290.78,0
40290.79,0
40290.8,0
40290.81,0
40290.82,0
40290.83,0
40290.84,0
40290.85,0
40290.86,0
40290.87,0
40290.88,0
40290.89,0
40290.9,0
40290.91,0
40290.92,0
40290.93,0
40290.94,0
40290.95,0
40290.96,0
40290.97,0
40290.98,0
40290.99,0
40291,0
40291.01,0
40291.02,0
40291.03,0
40291.04,0
40291.05,0
40291.06,0
40291.07,0
40291.08,0
40291.09,0
40291.1,0
40291.11,0
40291.12,0
40291.13,0
40291.14,0
40291.15,0
40291.16,0
40291.17,0
40291.18,0
40291.19,0
40291.2,0
40291.21,0
40291.22,0
40291.23,0
40291.24,0
40291.25,0
40291.26,0
40291.27,0
40291.28,0
40291.29,0
40291.3,0
40291.31,0
40291.32,0
40291.33,0
40291.34,0
40291.35,0
40291.36,0
40291.37,0
40291.38,0
40291.39,0
40291.4,0
40291.41,0
40291.42,0
40291.43,0
40291.44,0
40291.45,0
40291.46,0
40291.47,0
40291.48,0
40291.49,0
40291.5,0
40291.51,0
40291.52,0
40291.53,0
40291.54,0
40291.55,0
40291.56,0
40291.57,0
40291.58,0
40291.59,0
40291.6,0
40291.61,0
40291.62,0
40291.63,0
40291.64,0
40291.65,0
40291.66,0
40291.67,0
40291.68,0
40291.69,0
40291.7,0
40291.71,0
40291.72,0
40291.73,0
40291.74,0
40291.75,0
40291.76,0
40291.77,0
40291.78,0
40291.79,0
40291.8,0
40291.81,0
40291.82,0
40291.83,0
40291.84,0
40291.85,0
40291.86,0
40291.87,0
40291.88,0
40291.89,0
40291.9,0
40291.91,0
40291.92,0
40291.93,0
40291.94,0
40291.95,0
40291.96,0
40291.97,0
40291.98,0
40291.99,0
40292,0
40292.01,0
40292.02,0
40292.03,0
40292.04,0
40292.05,0
40292.06,0
40292.07,0
40292.08,0
40292.09,0
40292.1,0
40292.11,0
40292.12,0
40292.13,0
40292.14,0
40292.15,0
40292.16,0
40292.17,0
40292.18,0
40292.19,0
40292.2,0
40292.21,0
40292.22,0
40292.23,0
40292.24,0
40292.25,0
40292.26,0
40292.27,0
40292.28,0
40292.29,0
40292.3,0
40292.31,0
40292.32,0
40292.33,0
40292.34,0
40292.35,0
40292.36,0
40292.37,0
40292.38,0
40292.39,0
40292.4,0
40292.41,0
40292.42,0
40292.43,0
40292.44,0
40292.45,0
40292.46,0
40292.47,0
40292.48,0
40292.49,0
40292.5,0
40292.51,0
40292.52,0
40292.53,0
40292.54,0
40292.55,0
40292.56,0
40292.57,0
40292.58,0
40292.59,0
40292.6,0
40292.61,0
40292.62,0
40292.63,0
40292.64,0
40292.65,0
40292.66,0
40292.67,0
40292.68,0
40292.69,0
40292.7,0
40292.71,0
40292.72,0
40292.73,0
40292.74,0
40292.75,0
40292.76,0
40292.77,0
40292.78,0
40292.79,0
40292.8,0
40292.81,0
40292.82,0
40292.83,0
40292.84,0
40292.85,0
40292.86,0
40292.87,0
40292.88,0
40292.89,0
40292.9,0
40292.91,0
40292.92,0
40292.93,0
40292.94,0
40292.95,0
40292.96,0
40292.97,0
40292.98,0
40292.99,0
40293,0
40293.01,0
40293.02,0
40293.03,0
40293.04,0
40293.05,0
40293.06,0
40293.07,0
40293.08,0
40293.09,0
40293.1,0
40293.11,0
40293.12,0
40293.13,0
40293.14,0
40293.15,0
40293.16,0
40293.17,0
40293.18,0
40293.19,0
40293.2,0
40293.21,0
40293.22,0
40293.23,0
40293.24,0
40293.25,0
40293.26,0
40293.27,0
40293.28,0
40293.29,0
40293.3,0
40293.31,0
40293.32,0
40293.33,0
40293.34,0
40293.35,0
40293.36,0
40293.37,0
40293.38,0
40293.39,0
40293.4,0
40293.41,0
40293.42,0
40293.43,0
40293.44,0
40293.45,0
40293.46,0
40293.47,0
40293.48,0
40293.49,0
40293.5,0
40293.51,0
40293.52,0
40293.53,0
40293.54,0
40293.55,0
40293.56,0
40293.57,0
40293.58,0
40293.59,0
40293.6,0
40293.61,0
40293.62,0
40293.63,0
40293.64,0
40293.65,0
40293.66,0
40293.67,0
40293.68,0
40293.69,0
40293.7,0
40293.71,0
40293.72,0
40293.73,0
40293.74,0
40293.75,0
40293.76,0
40293.77,0
40293.78,0
40293.79,0
40293.8,0
40293.81,0
40293.82,0
40293.83,0
40293.84,0
40293.85,0
40293.86,0
40293.87,0
40293.88,0
40293.89,0
40293.9,0
40293.91,0
40293.92,0
40293.93,0
40293.94,0
40293.95,0
40293.96,0
40293.97,0
40293.98,0
40293.99,0
40294,0
40294.01,0
40294.02,0
40294.03,0
40294.04,0
40294.05,0
40294.06,0
40294.07,0
40294.08,0
40294.09,0
40294.1,0
40294.11,0
40294.12,0
40294.13,0
40294.14,0
40294.15,0
40294.16,0
40294.17,0
40294.18,0
40294.19,0
40294.2,0
40294.21,0
40294.22,0
40294.23,0
40294.24,0
40294.25,0
40294.26,0
40294.27,0
40294.28,0
40294.29,0
40294.3,0
40294.31,0
40294.32,0
40294.33,0
40294.34,0
40294.35,0
40294.36,0
40294.37,0
40294.38,0
40294.39,0
40294.4,0
40294.41,0
40294.42,0
40294.43,0
40294.44,0
40294.45,0
40294.46,0
40294.47,0
40294.48,0
40294.49,0
40294.5,0
40294.51,0
40294.52,0
40294.53,0
40294.54,0
40294.55,0
40294.56,0
40294.57,0
40294.58,0
40294.59,0
40294.6,0
40294.61,0
40294.62,0
40294.63,0
40294.64,0
40294.65,0
40294.66,0
40294.67,4.08002072812354E-11
40294.68,0.00793598294196856
40294.69,0.0522663708720021
40294.7,0.155359263638694
40294.71,0.328558244325778
40294.72,0.559486401705212
40294.73,0.870018152039476
40294.74,1.28532656231471
40294.75,1.76103380749451
40294.76,2.45854258238572
40294.77,3.2799725956271
40294.78,4.29515763423227
40294.79,5.37554425517752
40294.8,6.56105814585111
40294.81,7.48724138731393
40294.82,8.54143863144105
40294.83,9.21239775211996
40294.84,10.483207065659
40294.85,11.0107295254077
40294.86,11.5637590247564
40294.87,11.6288836985165
40294.88,12.003894265115
40294.89,12.8848435934288
40294.9,13.1991824446488
40294.91,15.3649701926141
40294.92,18.9249986990992
40294.93,27.1528152604734
40294.94,38.94122933868
40294.95,53.289444947022
40294.96,66.9458826310871
40294.97,79.9914734691396
40294.98,80.4102298152125
40294.99,83.1862827926176
40295,83.8272631082913
40295.01,79.1398472687811
40295.02,78.9644746827908
40295.03,78.0208201802384
40295.04,80.219202523686
40295.05,78.5012394745833
40295.06,77.5324177239691
40295.07,77.404056461084
40295.08,75.9268053203473
40295.09,78.240658073823
40295.1,77.8265980552069
40295.11,75.0512099480686
40295.12,74.1630085068059
40295.13,72.4145873889356
40295.14,74.4474547883288
40295.15,70.8533341128662
40295.16,66.1943508415284
40295.17,68.9611659635719
40295.18,67.6466515742011
40295.19,68.5068804818727
40295.2,67.1830882156233
40295.21,64.9914413716634
40295.22,64.5128861940353
40295.23,63.1104596105676
40295.24,60.519622428313
40295.25,56.0707450990948
40295.26,55.2775136463243
40295.27,56.0521989578585
40295.28,56.4009089986086
40295.29,52.8584067813861
40295.3,53.4925591939905
40295.31,50.0784859517585
40295.32,48.0794229411733
40295.33,46.8824439349946
40295.34,45.6602672075868
40295.35,43.3842546116334
40295.36,41.7969859615555
40295.37,40.7319071182693
40295.38,39.6474241889065
40295.39,39.1679153797213
40295.4,39.1458565647716
40295.41,38.2620366309396
40295.42,36.5175206525168
40295.43,36.2708317068741
40295.44,35.232979752153
40295.45,33.4843048508577
40295.46,30.4561887966766
40295.47,29.7644407390093
40295.48,29.4418114315377
40295.49,29.3792967864521
40295.5,27.6699099195061
40295.51,26.7037504900418
40295.52,24.5910299132781
40295.53,23.8702748115195
40295.54,23.1851844579036
40295.55,21.8100452519109
40295.56,21.2760559362209
40295.57,21.0480440021151
40295.58,21.3628770043508
40295.59,20.5385792475165
40295.6,20.2760659613983
40295.61,20.5739403702291
40295.62,20.164049565175
40295.63,19.6557896831213
40295.64,19.2286779417666
40295.65,19.4094785466204
40295.66,18.9801400507513
40295.67,17.7433889558051
40295.68,17.8142223080817
40295.69,18.9621853397669
40295.7,18.8500395456164
40295.71,19.2030873085804
40295.72,18.9800363047273
40295.73,18.4699429124244
40295.74,17.5893323613194
40295.75,17.5050191473285
40295.76,17.21496164318
40295.77,17.3573590488601
40295.78,17.1236575548223
40295.79,17.1238797729091
40295.8,15.8925155621709
40295.81,15.7705481182411
40295.82,15.7616674326436
40295.83,15.6102484372259
40295.84,15.8924203402687
40295.85,15.5337213988137
40295.86,15.4927677147477
40295.87,14.3691509907431
40295.88,14.3841375389921
40295.89,14.3734382278171
40295.9,13.7222270632447
40295.91,12.644420164833
40295.92,12.0653788203325
40295.93,11.8486051999789
40295.94,12.2002960488217
40295.95,11.6106871611982
40295.96,11.5627930410201
40295.97,11.5604424621998
40295.98,11.5260929386713
40295.99,11.1042163867111
40296,11.1019069871418
40296.01,10.4892536278793
40296.02,9.76822867727015
40296.03,9.5875388269843
40296.04,9.20657849584476
40296.05,8.51388879534538
40296.06,8.70477103491471
40296.07,8.75263337019827
40296.08,8.74748921547589
40296.09,8.37416666664234
40296.1,8.072881624254
40296.11,7.59811742876151
40296.12,7.47402838939333
40296.13,7.29734545808121
40296.14,7.1690412154125
40296.15,7.33543713670811
40296.16,7.09419028864351
40296.17,6.86497658393628
40296.18,6.39338147870563
40296.19,6.47808483573047
40296.2,6.48470851545195
40296.21,5.87378865042841
40296.22,5.33860688976348
40296.23,5.40850080602827
40296.24,5.49947342399161
40296.25,5.38414599310708
40296.26,5.36313584124619
40296.27,4.93452247216034
40296.28,4.7140180068862
40296.29,4.58928190623126
40296.3,4.32642362370697
40296.31,3.97909766598825
40296.32,3.73309365256847
40296.33,3.42083714205343
40296.34,3.37490636819367
40296.35,3.1014132056159
40296.36,2.80955530032607
40296.37,2.44598551478797
40296.38,2.32413845846902
40296.39,2.08475491605253
40296.4,1.88608208084592
40296.41,1.6474055350681
40296.42,1.42537138766288
40296.43,1.19071065704382
40296.44,0.938739055243596
40296.45,0.716525809733907
40296.46,0.470299354817522
40296.47,0.242081376099396
40296.48,0.0673586709189631
40296.49,0.0672728290685235
40296.5,0.0639686142644416
40296.51,0.0666322717538861
40296.52,0.0651549022283194
40296.53,0.0612346218311518
40296.54,0.0567903420829532
40296.55,0.0553569833637656
40296.56,0.0536387084491531
40296.57,0.0529915011630644
40296.58,0.049144974752892
40296.59,0.0475655971504636
40296.6,0.0466151014764716
40296.61,0.046298844789672
40296.62,0.0425087550700458
40296.63,0.0403071117308068
40296.64,0.0380001321475002
40296.65,0.0364734526101229
40296.66,0.0347827762608146
40296.67,0.0334807253230817
40296.68,0.0312601877230496
40296.69,0.0302623587111284
40296.7,0.0276461986422983
40296.71,0.0263074533916116
40296.72,0.0265329596574259
40296.73,0.0243589117257873
40296.74,0.0241406176837674
40296.75,0.0234708557283556
40296.76,0.0215685774047239
40296.77,0.0202686785907715
40296.78,0.0189840607999845
40296.79,0.0168798723609523
40296.8,0.0144345072369606
40296.81,0.0128907820711914
40296.82,0.0110383780077336
40296.83,0.00981973803345969
40296.84,0.00801673171329946
40296.85,0.00708604693328714
40296.86,0.0060393075293358
40296.87,0.0043875383941641
40296.88,0.00270921389569039
40296.89,0.00129214066639902
40296.9,0
40296.91,0
40296.92,0
40296.93,0
40296.94,0
40296.95,0
40296.96,0
40296.97,0
40296.98,0
40296.99,0
40297,0
40297.01,0
40297.02,0
40297.03,0
40297.04,0
40297.05,0
40297.06,0
40297.07,0
40297.08,0
40297.09,0
40297.1,0
40297.11,0
40297.12,0
40297.13,0
40297.14,0
40297.15,0
40297.16,0
40297.17,0
40297.18,0
40297.19,0
40297.2,0
40297.21,0
40297.22,0
40297.23,0
40297.24,0
40297.25,0
40297.26,0
40297.27,0
40297.28,0
40297.29,0
40297.3,0
40297.31,0
40297.32,0
40297.33,0
40297.34,0
40297.35,0
40297.36,0
40297.37,0
40297.38,0
40297.39,0
40297.4,0
40297.41,0
40297.42,0
40297.43,0
40297.44,0
40297.45,0
40297.46,0
40297.47,0
40297.48,0
40297.49,0
40297.5,0
40297.51,0
40297.52,0
40297.53,0
40297.54,0
40297.55,0
40297.56,0
40297.57,0
40297.58,0
40297.59,0
40297.6,0
40297.61,0
40297.62,0
40297.63,0
40297.64,0
40297.65,0
40297.66,0
40297.67,0
40297.68,0
40297.69,0
40297.7,0
40297.71,0
40297.72,0
40297.73,0
40297.74,0
40297.75,0
40297.76,0
40297.77,0
40297.78,0
40297.79,0
40297.8,0
40297.81,0
40297.82,0
40297.83,0
40297.84,0
40297.85,0
40297.86,0
40297.87,0
40297.88,0
40297.89,0
40297.9,0
40297.91,0
40297.92,0
40297.93,0
40297.94,0
40297.95,0
40297.96,0
40297.97,0
40297.98,0
40297.99,0
40298,0
40298.01,0
40298.02,0
40298.03,0
40298.04,0
40298.05,0
40298.06,0
40298.07,0
40298.08,0
40298.09,0
40298.1,0
40298.11,0
40298.12,0
40298.13,0
40298.14,0
40298.15,0
40298.16,0
40298.17,0
40298.18,0
40298.19,0
40298.2,0
40298.21,0
40298.22,0
40298.23,0
40298.24,0
40298.25,0
40298.26,0
40298.27,0
40298.28,0
40298.29,0
40298.3,0
40298.31,0
40298.32,0
40298.33,0
40298.34,0
40298.35,0
40298.36,0
40298.37,0
40298.38,0
40298.39,0
40298.4,0
40298.41,0
40298.42,0
40298.43,0
40298.44,0
40298.45,0
40298.46,0
40298.47,0
40298.48,0
40298.49,0
40298.5,0
40298.51,0
40298.52,0
40298.53,0
40298.54,0
40298.55,0
40298.56,0
40298.57,0
40298.58,0
40298.59,0
40298.6,0
40298.61,0
40298.62,0
40298.63,0
40298.64,0
40298.65,0
40298.66,0
40298.67,0
40298.68,0
40298.69,0
40298.7,0
40298.71,0
40298.72,0
40298.73,0
40298.74,0
40298.75,0
40298.76,0
40298.77,0
40298.78,0
40298.79,0
40298.8,0
40298.81,0
40298.82,0
40298.83,0
40298.84,0
40298.85,0
40298.86,0
40298.87,0
40298.88,0
40298.89,0
40298.9,0
40298.91,0
40298.92,0
40298.93,0
40298.94,0
40298.95,0
40298.96,0
40298.97,0
40298.98,0
40298.99,0
40299,0
40299.01,0
40299.02,0
40299.03,0
40299.04,0
40299.05,0
40299.06,0
40299.07,0
40299.08,0
40299.09,0
40299.1,0
40299.11,0
40299.12,0
40299.13,0
40299.14,0
40299.15,0
40299.16,0
40299.17,0
40299.18,0
40299.19,0
40299.2,0
40299.21,0
40299.22,0
40299.23,0
40299.24,0
40299.25,0
40299.26,0
40299.27,0
40299.28,0
40299.29,0
40299.3,0
40299.31,0
40299.32,0
40299.33,0
40299.34,0
40299.35,0
40299.36,0
40299.37,0
40299.38,0
40299.39,0
40299.4,0
40299.41,0
40299.42,0
40299.43,0
40299.44,0
40299.45,0
40299.46,0
40299.47,0
40299.48,0
40299.49,0
40299.5,0
40299.51,0
40299.52,0
40299.53,0
40299.54,0
40299.55,0
40299.56,0
40299.57,0
40299.58,0
40299.59,0
40299.6,0
40299.61,0
40299.62,0
40299.63,0
40299.64,0
40299.65,0
40299.66,0
40299.67,0
40299.68,0
40299.69,0
40299.7,0
40299.71,0
40299.72,0
40299.73,0
40299.74,0
40299.75,0
40299.76,0
40299.77,0
40299.78,0
40299.79,0
40299.8,0
40299.81,0
40299.82,0
40299.83,0
40299.84,0
40299.85,0
40299.86,0
40299.87,0
40299.88,0
40299.89,0
40299.9,0
40299.91,0
40299.92,0
40299.93,0
40299.94,0
40299.95,0
40299.96,0
40299.97,0
40299.98,0
40299.99,0
40300,0
40300.01,0
40300.02,0
40300.03,0
40300.04,0
40300.05,0
40300.06,0
40300.07,0
40300.08,0
40300.09,0
40300.1,0
40300.11,0
40300.12,0
40300.13,0
40300.14,0
40300.15,0
40300.16,0
40300.17,0
40300.18,0
40300.19,0
40300.2,0
40300.21,0
40300.22,0
40300.23,0
40300.24,0
40300.25,0
40300.26,0
40300.27,0
40300.28,0
40300.29,0
40300.3,0
40300.31,0
40300.32,0
40300.33,0
40300.34,0
40300.35,0
40300.36,0
40300.37,0
40300.38,0
40300.39,0
40300.4,0
40300.41,0
40300.42,0
40300.43,0
40300.44,0
40300.45,0
40300.46,0
40300.47,0
40300.48,0
40300.49,0
40300.5,0
40300.51,0
40300.52,0
40300.53,0
40300.54,0
40300.55,0
40300.56,0
40300.57,0
40300.58,0
40300.59,0
40300.6,0
40300.61,0
40300.62,0
40300.63,0
40300.64,0
40300.65,0
40300.66,0
40300.67,0
40300.68,0
40300.69,0
40300.7,0
40300.71,0
40300.72,0
40300.73,0
40300.74,0
40300.75,0
40300.76,0
40300.77,0
40300.78,0
40300.79,0
40300.8,0
40300.81,0
40300.82,0
40300.83,0
40300.84,0
40300.85,0
40300.86,0
40300.87,0
40300.88,0
40300.89,0
40300.9,0
40300.91,0
40300.92,0
40300.93,0
40300.94,0
40300.95,0
40300.96,0
40300.97,0
40300.98,0
40300.99,0
40301,0
40301.01,0
40301.02,0
40301.03,0
40301.04,0
40301.05,0
40301.06,0
40301.07,0
40301.08,0
40301.09,0
40301.1,0
40301.11,0
40301.12,0
40301.13,0
40301.14,0
40301.15,0
40301.16,0
40301.17,0
40301.18,0
40301.19,0
40301.2,0
40301.21,0
40301.22,0
40301.23,0
40301.24,0
40301.25,0
40301.26,0
40301.27,0
40301.28,0
40301.29,3.50147672362049E-10
40301.3,0.0711765000157228
40301.31,0.324326471957688
40301.32,0.710248943420036
40301.33,1.09803894264351
40301.34,1.37686597542695
40301.35,1.70592966632495
40301.36,1.91961836157157
40301.37,1.85575214884637
40301.38,1.74015673642312
40301.39,1.65680381761196
40301.4,1.57714975819584
40301.41,1.43368297262249
40301.42,1.23728426295326
40301.43,1.14907958384833
40301.44,1.04204398433766
40301.45,0.917577782590512
40301.46,0.778780544645809
40301.47,0.779498879693443
40301.48,0.743667719094621
40301.49,0.706788224053416
40301.5,0.650500656993222
40301.51,0.599939491508407
40301.52,0.566679196390592
40301.53,0.510717209344957
40301.54,0.491801821670561
40301.55,0.448761826606743
40301.56,0.427041583785129
40301.57,0.389916705820263
40301.58,0.343427252792015
40301.59,0.323407382331487
40301.6,0.307561992302162
40301.61,0.300488622006849
40301.62,0.305839853398289
40301.63,0.306327173664134
40301.64,0.303524140429278
40301.65,0.284395500176156
40301.66,0.269012838372724
40301.67,0.274291101943037
40301.68,0.268394589960531
40301.69,0.270266787486562
40301.7,0.251269775532633
40301.71,0.249978838364247
40301.72,0.246386310519083
40301.73,0.268655923903477
40301.74,0.31204918221754
40301.75,0.349331752714719
40301.76,0.378752496556593
40301.77,0.404070415962556
40301.78,0.430139241140597
40301.79,0.445368843785582
40301.8,0.438563451791026
40301.81,0.435024262673154
40301.82,0.420092588239725
40301.83,0.417736657525036
40301.84,0.41382961176049
40301.85,0.396455619759246
40301.86,0.369930577701396
40301.87,0.35972548680561
40301.88,0.363632790786614
40301.89,0.346151815193601
40301.9,0.331394741598714
40301.91,0.330847088884342
40301.92,0.317875138409717
40301.93,0.290235256571967
40301.94,0.292787628545992
40301.95,0.28178035327828
40301.96,0.266208390924886
40301.97,0.253069373231971
40301.98,0.245372950049306
40301.99,0.230588112947627
40302,0.230548989719691
40302.01,0.22112032360234
40302.02,0.214668270374234
40302.03,0.207067331326835
40302.04,0.194645867478957
40302.05,0.186572653075329
40302.06,0.186429833123665
40302.07,0.174256881092433
40302.08,0.164096005480001
40302.09,0.156282914227357
40302.1,0.143782331596062
40302.11,0.138000606189139
40302.12,0.124322898666639
40302.13,0.116782162732826
40302.14,0.10488776772259
40302.15,0.0955088641276035
40302.16,0.0863386843795629
40302.17,0.083947349658188
40302.18,0.0736117220301338
40302.19,0.0665417621568226
40302.2,0.0635995470960098
40302.21,0.0593699581801894
40302.22,0.0579401355441305
40302.23,0.0549048173536856
40302.24,0.0496878143745779
40302.25,0.0447566919375725
40302.26,0.0424334812126984
40302.27,0.0401043613732394
40302.28,0.0359523399922002
40302.29,0.0336394842206584
40302.3,0.0309693453655288
40302.31,0.0289776605863834
40302.32,0.0260292817743969
40302.33,0.0237002995554636
40302.34,0.0212344065617029
40302.35,0.0191452573089758
40302.36,0.0171956366765571
40302.37,0.0155118767717693
40302.38,0.0122856692317741
40302.39,0.0097900799141765
40302.4,0.0070327421275838
40302.41,0.00438941056630766
40302.42,0.00187708041277096
40302.43,0
40302.44,0
40302.45,0
40302.46,0
40302.47,0
40302.48,0
40302.49,0
40302.5,0
40302.51,0
40302.52,0
40302.53,0
40302.54,0
40302.55,0
40302.56,0
40302.57,0
40302.58,0
40302.59,0
40302.6,0
40302.61,0
40302.62,0
40302.63,0
40302.64,0
40302.65,0
40302.66,0
40302.67,0
40302.68,0
40302.69,0
40302.7,0
40302.71,0
40302.72,0
40302.73,0
40302.74,0
40302.75,0
40302.76,0
40302.77,0
40302.78,0
40302.79,0
40302.8,0
40302.81,0
40302.82,0
40302.83,0
40302.84,0
40302.85,0
40302.86,0
40302.87,0
40302.88,0
40302.89,0
40302.9,0
40302.91,0
40302.92,0
40302.93,0
40302.94,0
40302.95,0
40302.96,0
40302.97,0
40302.98,0
40302.99,0
40303,0
40303.01,0
40303.02,0
40303.03,0
40303.04,0
40303.05,0
40303.06,0
40303.07,0
40303.08,0
40303.09,0
40303.1,0
40303.11,0
40303.12,0
40303.13,0
40303.14,0
40303.15,0
40303.16,0
40303.17,0
40303.18,0
40303.19,0
40303.2,0
40303.21,0
40303.22,0
40303.23,0
40303.24,0
40303.25,0
40303.26,0
40303.27,0
40303.28,0
40303.29,0
40303.3,0
40303.31,0
40303.32,0
40303.33,0
40303.34,0
40303.35,0
40303.36,0
40303.37,0
40303.38,0
40303.39,0
40303.4,0
40303.41,0
40303.42,0
40303.43,0
40303.44,0
40303.45,0
40303.46,0
40303.47,0
40303.48,0
40303.49,0
40303.5,0
40303.51,0
40303.52,0
40303.53,0
40303.54,0
40303.55,0
40303.56,0
40303.57,0
40303.58,0
40303.59,0
40303.6,0
40303.61,0
40303.62,0
40303.63,0
40303.64,0
40303.65,0
40303.66,0
40303.67,0
40303.68,0
40303.69,0
40303.7,0
40303.71,0
40303.72,0
40303.73,0
40303.74,0
40303.75,0
40303.76,0
40303.77,0
40303.78,0
40303.79,0
40303.8,0
40303.81,0
40303.82,0
40303.83,0
40303.84,0
40303.85,0
40303.86,0
40303.87,0
40303.88,0
40303.89,0
40303.9,0
40303.91,0
40303.92,0
40303.93,0
40303.94,0
40303.95,0
40303.96,0
40303.97,0
40303.98,0
40303.99,0
40304,0
40304.01,0
40304.02,0
40304.03,0
40304.04,0
40304.05,0
40304.06,0
40304.07,0
40304.08,0
40304.09,0
40304.1,0
40304.11,0
40304.12,0
40304.13,0
40304.14,0
40304.15,0
40304.16,0
40304.17,0
40304.18,0
40304.19,0
40304.2,0
40304.21,0
40304.22,0
40304.23,0
40304.24,0
40304.25,0
40304.26,0
40304.27,0
40304.28,0
40304.29,0
40304.3,0
40304.31,0
40304.32,0
40304.33,0
40304.34,0
40304.35,0
40304.36,0
40304.37,0
40304.38,0
40304.39,0
40304.4,0
40304.41,0
40304.42,0
40304.43,0
40304.44,0
40304.45,0
40304.46,0
40304.47,0
40304.48,0
40304.49,0
40304.5,0
40304.51,0
40304.52,0
40304.53,0
40304.54,0
40304.55,0
40304.56,0
40304.57,0
40304.58,0
40304.59,0
40304.6,0
40304.61,0
40304.62,0
40304.63,0
40304.64,0
40304.65,0
40304.66,0
40304.67,0
40304.68,0
40304.69,0
40304.7,0
40304.71,0
40304.72,0
40304.73,0
40304.74,0
40304.75,0
40304.76,0
40304.77,0
40304.78,0
40304.79,0
40304.8,0
40304.81,0
40304.82,0
40304.83,0
40304.84,0
40304.85,0
40304.86,0
40304.87,0
40304.88,0
40304.89,0
40304.9,0
40304.91,0
40304.92,0
40304.93,0
40304.94,0
40304.95,0
40304.96,0
40304.97,0
40304.98,0
40304.99,0
40305,0
40305.01,0
40305.02,0
40305.03,0
40305.04,0
40305.05,0
40305.06,0
40305.07,0
40305.08,0
40305.09,0
40305.1,0
40305.11,0
40305.12,0
40305.13,0
40305.14,0
40305.15,0
40305.16,0
40305.17,0
40305.18,0
40305.19,0
40305.2,0
40305.21,0
40305.22,0
40305.23,0
40305.24,0
40305.25,0
40305.26,0
40305.27,0
40305.28,0
40305.29,0
40305.3,0
40305.31,0
40305.32,0
40305.33,0
40305.34,0
40305.35,0
40305.36,0
40305.37,0
40305.38,0
40305.39,0
40305.4,0
40305.41,0
40305.42,0
40305.43,0
40305.44,0
40305.45,0
40305.46,0
40305.47,0
40305.48,0
40305.49,0
40305.5,0
40305.51,0
40305.52,0
40305.53,0
40305.54,0
40305.55,0
40305.56,0
40305.57,0
40305.58,0
40305.59,0
40305.6,0
40305.61,0
40305.62,0
40305.63,0
40305.64,0
40305.65,0
40305.66,0
40305.67,0
40305.68,0
40305.69,0
40305.7,0
40305.71,0
40305.72,0
40305.73,0
40305.74,0
40305.75,0
40305.76,0
40305.77,0
40305.78,0
40305.79,0
40305.8,0
40305.81,0
40305.82,0
40305.83,0
40305.84,0
40305.85,0
40305.86,0
40305.87,0
40305.88,0
40305.89,0
40305.9,0
40305.91,0
40305.92,0
40305.93,0
40305.94,0
40305.95,0
40305.96,0
40305.97,0
40305.98,0
40305.99,0
40306,0
40306.01,0
40306.02,0
40306.03,0
40306.04,0
40306.05,0
40306.06,0
40306.07,0
40306.08,0
40306.09,0
40306.1,0
40306.11,0
40306.12,0
40306.13,0
40306.14,0
40306.15,0
40306.16,0
40306.17,0
40306.18,0
40306.19,0
40306.2,0
40306.21,0
40306.22,0
40306.23,0
40306.24,0
40306.25,0
40306.26,0
40306.27,0
40306.28,0
40306.29,0
40306.3,0
40306.31,0
40306.32,0
40306.33,0
40306.34,0
40306.35,0
40306.36,0
40306.37,0
40306.38,0
40306.39,0
40306.4,0
40306.41,0
40306.42,0
40306.43,0
40306.44,0
40306.45,0
40306.46,0
40306.47,0
40306.48,0
40306.49,0
40306.5,0
40306.51,0
40306.52,0
40306.53,0
40306.54,0
40306.55,0
40306.56,0
40306.57,0
40306.58,0
40306.59,0
40306.6,0
40306.61,0
40306.62,0
40306.63,0
40306.64,0
40306.65,0
40306.66,0
40306.67,0
40306.68,0
40306.69,0
40306.7,0
40306.71,0
40306.72,0
40306.73,0
40306.74,0
40306.75,0
40306.76,0
40306.77,0
40306.78,0
40306.79,0
40306.8,0
40306.81,0
40306.82,0
40306.83,0
40306.84,0
40306.85,0
40306.86,0
40306.87,0
40306.88,0
40306.89,0
40306.9,0
40306.91,0
40306.92,0
40306.93,0
40306.94,0
40306.95,0
40306.96,0
40306.97,0
40306.98,0
40306.99,0
40307,0
40307.01,0
40307.02,0
40307.03,0
40307.04,0
40307.05,0
40307.06,0
40307.07,0
40307.08,0
40307.09,0
40307.1,0
40307.11,0
40307.12,0
40307.13,0
40307.14,0
40307.15,0
40307.16,0
40307.17,0
40307.18,0
40307.19,0
40307.2,0
40307.21,0
40307.22,0
40307.23,0
40307.24,0
40307.25,0
40307.26,0
40307.27,0
40307.28,0
40307.29,0
40307.3,0
40307.31,0
40307.32,0
40307.33,0
40307.34,0
40307.35,0
40307.36,0
40307.37,0
40307.38,0
40307.39,0
40307.4,0
40307.41,0
40307.42,0
40307.43,0
40307.44,0
40307.45,0
40307.46,0
40307.47,0
40307.48,0
40307.49,0
40307.5,0
40307.51,0
40307.52,0
40307.53,0
40307.54,0
40307.55,0
40307.56,0
40307.57,0
40307.58,0
40307.59,0
40307.6,0
40307.61,0
40307.62,0
40307.63,0
40307.64,0
40307.65,0
40307.66,0
40307.67,0
40307.68,0
40307.69,0
40307.7,0
40307.71,0
40307.72,0
40307.73,0
40307.74,0
40307.75,0
40307.76,0
40307.77,0
40307.78,0
40307.79,0
40307.8,0
40307.81,0
40307.82,0
40307.83,0
40307.84,0
40307.85,0
40307.86,0
40307.87,0
40307.88,0
40307.89,0
40307.9,0
40307.91,0
40307.92,0
40307.93,0
40307.94,0
40307.95,0
40307.96,0
40307.97,0
40307.98,0
40307.99,0
40308,0
40308.01,0
40308.02,0
40308.03,0
40308.04,0
40308.05,0
40308.06,0
40308.07,0
40308.08,0
40308.09,0
40308.1,0
40308.11,0
40308.12,0
40308.13,0
40308.14,0
40308.15,0
40308.16,0
40308.17,0
40308.18,0
40308.19,0
40308.2,0
40308.21,0
40308.22,0
40308.23,0
40308.24,0
40308.25,0
40308.26,0
40308.27,0
40308.28,0
40308.29,0
40308.3,0
40308.31,0
40308.32,0
40308.33,0
40308.34,0
40308.35,0
40308.36,0
40308.37,0
40308.38,0
40308.39,0
40308.4,0
40308.41,0
40308.42,0
40308.43,0
40308.44,0
40308.45,0
40308.46,0
40308.47,0
40308.48,0
40308.49,0
40308.5,0
40308.51,0
40308.52,0
40308.53,0
40308.54,0
40308.55,0
40308.56,0
40308.57,0
40308.58,0
40308.59,0
40308.6,0
40308.61,0
40308.62,0
40308.63,0
40308.64,0
40308.65,0
40308.66,0
40308.67,0
40308.68,0
40308.69,0
40308.7,0
40308.71,0
40308.72,0
40308.73,0
40308.74,0
40308.75,0
40308.76,0
40308.77,0
40308.78,0
40308.79,0
40308.8,0
40308.81,0
40308.82,0
40308.83,0
40308.84,0
40308.85,0
40308.86,0
40308.87,0
40308.88,0
40308.89,0
40308.9,0
40308.91,0
40308.92,0
40308.93,0
40308.94,0
40308.95,0
40308.96,0
40308.97,0
40308.98,0
40308.99,0
40309,0
40309.01,0
40309.02,0
40309.03,0
40309.04,0
40309.05,0
40309.06,0
40309.07,0
40309.08,0
40309.09,0
40309.1,0
40309.11,0
40309.12,0
40309.13,0
40309.14,0
40309.15,0
40309.16,0
40309.17,0
40309.18,0
40309.19,0
40309.2,0
40309.21,0
40309.22,0
40309.23,0
40309.24,0
40309.25,0
40309.26,0
40309.27,0
40309.28,0
40309.29,0
40309.3,0
40309.31,0
40309.32,0
40309.33,0
40309.34,0
40309.35,0
40309.36,0
40309.37,0
40309.38,0
40309.39,0
40309.4,0
40309.41,0
40309.42,0
40309.43,0
40309.44,0
40309.45,0
40309.46,0
40309.47,0
40309.48,0
40309.49,0
40309.5,0
40309.51,0
40309.52,0
40309.53,0
40309.54,0
40309.55,0
40309.56,0
40309.57,0
40309.58,0
40309.59,0
40309.6,0
40309.61,0
40309.62,0
40309.63,0
40309.64,0
40309.65,0
40309.66,0
40309.67,0
40309.68,0
40309.69,0
40309.7,0
40309.71,0
40309.72,0
40309.73,0
40309.74,0
40309.75,0
40309.76,0
40309.77,0
40309.78,0
40309.79,0
40309.8,0
40309.81,0
40309.82,0
40309.83,0
40309.84,0
40309.85,0
40309.86,0
40309.87,0
40309.88,0
40309.89,0
40309.9,0
40309.91,0
40309.92,0
40309.93,0
40309.94,0
40309.95,0
40309.96,0
40309.97,0
40309.98,0
40309.99,0
40310,0
40310.01,0
40310.02,0
40310.03,0
40310.04,0
40310.05,0
40310.06,0
40310.07,0
40310.08,0
40310.09,0
40310.1,0
40310.11,0
40310.12,0
40310.13,0
40310.14,0
40310.15,0
40310.16,0
40310.17,0
40310.18,0
40310.19,0
40310.2,0
40310.21,0
40310.22,0
40310.23,0
40310.24,0
40310.25,0
40310.26,0
40310.27,0
40310.28,0
40310.29,0
40310.3,0
40310.31,0
40310.32,0
40310.33,0
40310.34,0
40310.35,0
40310.36,0
40310.37,0
40310.38,0
40310.39,0
40310.4,0
40310.41,0
40310.42,0
40310.43,0
40310.44,0
40310.45,0
40310.46,0
40310.47,0
40310.48,0
40310.49,0
40310.5,0
40310.51,0
40310.52,0
40310.53,0
40310.54,0
40310.55,0
40310.56,0
40310.57,0
40310.58,0
40310.59,0
40310.6,0
40310.61,0
40310.62,0
40310.63,0
40310.64,0
40310.65,0
40310.66,0
40310.67,0
40310.68,0
40310.69,0
40310.7,0
40310.71,0
40310.72,0
40310.73,0
40310.74,0
40310.75,0
40310.76,0
40310.77,0
40310.78,0
40310.79,0
40310.8,0
40310.81,0
40310.82,0
40310.83,0
40310.84,0
40310.85,0
40310.86,0
40310.87,0
40310.88,0
40310.89,0
40310.9,0
40310.91,0
40310.92,0
40310.93,0
40310.94,0
40310.95,0
40310.96,0
40310.97,0
40310.98,0
40310.99,0
40311,0
40311.01,0
40311.02,0
40311.03,0
40311.04,0
40311.05,0
40311.06,0
40311.07,0
40311.08,0
40311.09,0
40311.1,0
40311.11,0
40311.12,0
40311.13,0
40311.14,0
40311.15,0
40311.16,0
40311.17,0
40311.18,0
40311.19,0
40311.2,0
40311.21,0
40311.22,0
40311.23,0
40311.24,0
40311.25,0
40311.26,0
40311.27,0
40311.28,0
40311.29,0
40311.3,0
40311.31,0
40311.32,0
40311.33,0
40311.34,0
40311.35,0
40311.36,0
40311.37,0
40311.38,0
40311.39,0
40311.4,0
40311.41,0
40311.42,0
40311.43,0
40311.44,0
40311.45,0
40311.46,0
40311.47,0
40311.48,0
40311.49,0
40311.5,0
40311.51,0
40311.52,0
40311.53,0
40311.54,0
40311.55,0
40311.56,0
40311.57,0
40311.58,0
40311.59,0
40311.6,0
40311.61,0
40311.62,0
40311.63,0
40311.64,0
40311.65,0
40311.66,0
40311.67,0
40311.68,0
40311.69,0
40311.7,0
40311.71,0
40311.72,0
40311.73,0
40311.74,0
40311.75,0
40311.76,0
40311.77,0
40311.78,0
40311.79,0
40311.8,0
40311.81,0
40311.82,0
40311.83,0
40311.84,0
40311.85,0
40311.86,0
40311.87,0
40311.88,0
40311.89,0
40311.9,0
40311.91,0
40311.92,0
40311.93,0
40311.94,0
40311.95,0
40311.96,0
40311.97,0
40311.98,0
40311.99,0
40312,0
40312.01,0
40312.02,0
40312.03,0
40312.04,0
40312.05,0
40312.06,0
40312.07,0
40312.08,0
40312.09,0
40312.1,0
40312.11,0
40312.12,0
40312.13,0
40312.14,0
40312.15,0
40312.16,0
40312.17,0
40312.18,0
40312.19,0
40312.2,0
40312.21,0
40312.22,0
40312.23,0
40312.24,0
40312.25,0
40312.26,0
40312.27,0
40312.28,0
40312.29,0
40312.3,0
40312.31,0
40312.32,0
40312.33,0
40312.34,0
40312.35,0
40312.36,0
40312.37,0
40312.38,0
40312.39,0
40312.4,0
40312.41,0
40312.42,0
40312.43,0
40312.44,0
40312.45,0
40312.46,0
40312.47,0
40312.48,0
40312.49,0
40312.5,0
40312.51,0
40312.52,0
40312.53,0
40312.54,0
40312.55,0
40312.56,0
40312.57,0
40312.58,0
40312.59,0
40312.6,0
40312.61,0
40312.62,0
40312.63,0
40312.64,0
40312.65,0
40312.66,0
40312.67,0
40312.68,0
40312.69,0
40312.7,0
40312.71,0
40312.72,0
40312.73,0
40312.74,0
40312.75,0
40312.76,0
40312.77,0
40312.78,0
40312.79,0
40312.8,0
40312.81,0
40312.82,0
40312.83,0
40312.84,0
40312.85,0
40312.86,0
40312.87,0
40312.88,0
40312.89,0
40312.9,0
40312.91,0
40312.92,0
40312.93,0
40312.94,0
40312.95,0
40312.96,0
40312.97,0
40312.98,0
40312.99,0
40313,0
40313.01,0
40313.02,0
40313.03,0
40313.04,0
40313.05,0
40313.06,0
40313.07,0
40313.08,0
40313.09,0
40313.1,0
40313.11,0
40313.12,0
40313.13,0
40313.14,0
40313.15,0
40313.16,0
40313.17,0
40313.18,0
40313.19,0
40313.2,0
40313.21,0
40313.22,0
40313.23,0
40313.24,0
40313.25,0
40313.26,0
40313.27,0
40313.28,0
40313.29,0
40313.3,0
40313.31,0
40313.32,0
40313.33,0
40313.34,0
40313.35,0
40313.36,0
40313.37,0
40313.38,0
40313.39,0
40313.4,0
40313.41,0
40313.42,0
40313.43,0
40313.44,0
40313.45,0
40313.46,0
40313.47,0
40313.48,0
40313.49,0
40313.5,0
40313.51,0
40313.52,0
40313.53,0
40313.54,0
40313.55,0
40313.56,0
40313.57,0
40313.58,0
40313.59,0
40313.6,0
40313.61,0
40313.62,0
40313.63,0
40313.64,0
40313.65,0
40313.66,0
40313.67,0
40313.68,0
40313.69,0
40313.7,0
40313.71,0
40313.72,0
40313.73,0
40313.74,0
40313.75,0
40313.76,0
40313.77,0
40313.78,0
40313.79,0
40313.8,0
40313.81,0
40313.82,0
40313.83,0
40313.84,0
40313.85,0
40313.86,0
40313.87,0
40313.88,0
40313.89,0
40313.9,0
40313.91,0
40313.92,0
40313.93,0
40313.94,0
40313.95,0
40313.96,0
40313.97,0
40313.98,0
40313.99,0
40314,0
40314.01,0
40314.02,0
40314.03,0
40314.04,0
40314.05,0
40314.06,0
40314.07,0
40314.08,0
40314.09,0
40314.1,0
40314.11,0
40314.12,0
40314.13,0
40314.14,0
40314.15,0
40314.16,0
40314.17,0
40314.18,0
40314.19,0
40314.2,0
40314.21,0
40314.22,0
40314.23,0
40314.24,0
40314.25,0
40314.26,0
40314.27,0
40314.28,0
40314.29,0
40314.3,0
40314.31,0
40314.32,0
40314.33,0
40314.34,0
40314.35,0
40314.36,0
40314.37,0
40314.38,0
40314.39,0
40314.4,0
40314.41,0
40314.42,0
40314.43,0
40314.44,0
40314.45,0
40314.46,0
40314.47,0
40314.48,0
40314.49,0
40314.5,0
40314.51,0
40314.52,0
40314.53,0
40314.54,0
40314.55,0
40314.56,0
40314.57,0
40314.58,0
40314.59,0
40314.6,0
40314.61,0
40314.62,0
40314.63,0
40314.64,0
40314.65,0
40314.66,0
40314.67,0
40314.68,0
40314.69,0
40314.7,0
40314.71,0
40314.72,0
40314.73,0
40314.74,0
40314.75,0
40314.76,0
40314.77,0
40314.78,0
40314.79,0
40314.8,0
40314.81,0
40314.82,0
40314.83,0
40314.84,0
40314.85,0
40314.86,0
40314.87,0
40314.88,0
40314.89,0
40314.9,0
40314.91,0
40314.92,0
40314.93,0
40314.94,0
40314.95,0
40314.96,0
40314.97,0
40314.98,0
40314.99,0
40315,0
40315.01,0
40315.02,0
40315.03,0
40315.04,0
40315.05,0
40315.06,0
40315.07,0
40315.08,0
40315.09,0
40315.1,0
40315.11,0
40315.12,0
40315.13,0
40315.14,0
40315.15,0
40315.16,0
40315.17,0
40315.18,0
40315.19,0
40315.2,0
40315.21,0
40315.22,0
40315.23,0
40315.24,0
40315.25,0
40315.26,0
40315.27,0
40315.28,0
40315.29,0
40315.3,0
40315.31,0
40315.32,0
40315.33,0
40315.34,0
40315.35,0
40315.36,0
40315.37,0
40315.38,0
40315.39,0
40315.4,0
40315.41,0
40315.42,0
40315.43,0
40315.44,0
40315.45,0
40315.46,0
40315.47,0
40315.48,0
40315.49,0
40315.5,0
40315.51,0
40315.52,0
40315.53,0
40315.54,0
40315.55,0
40315.56,0
40315.57,0
40315.58,0
40315.59,0
40315.6,0
40315.61,0
40315.62,0
40315.63,0
40315.64,0
40315.65,0
40315.66,0
40315.67,0
40315.68,0
40315.69,0
40315.7,0
40315.71,0
40315.72,0
40315.73,0
40315.74,0
40315.75,0
40315.76,0
40315.77,0
40315.78,0
40315.79,0
40315.8,0
40315.81,0
40315.82,2.10331798283238E-11
40315.83,0.00414104065546931
40315.84,1.57929090622328
40315.85,6.77606771521909
40315.86,15.3054913023195
40315.87,26.8628991322983
40315.88,39.0210659258155
40315.89,53.7689791713479
40315.9,68.4290306108708
40315.91,85.1373746399283
40315.92,93.6796331434871
40315.93,106.00133146594
40315.94,109.547569840795
40315.95,108.900296231814
40315.96,107.319309575746
40315.97,105.853431313343
40315.98,102.380825553744
40315.99,98.4119055530552
40316,100.648000000444
40316.01,93.1825827127626
40316.02,94.6657396418228
40316.03,94.4692294499604
40316.04,93.8685304664201
40316.05,96.2150610305951
40316.06,95.7510512893223
40316.07,95.8987530228316
40316.08,97.1378459148697
40316.09,96.2272475750239
40316.1,98.2638333458183
40316.11,99.9918877629136
40316.12,98.8980977688471
40316.13,99.287731365016
40316.14,96.0071462493717
40316.15,96.0375845977276
40316.16,95.6448463646492
40316.17,91.1636082083367
40316.18,90.7481621530645
40316.19,91.7767643326757
40316.2,88.9970284217393
40316.21,85.5669311461844
40316.22,85.3077215541286
40316.23,83.7692568665778
40316.24,80.6491377870929
40316.25,80.1254996576366
40316.26,77.656696040335
40316.27,77.9470705279253
40316.28,81.8569343557365
40316.29,86.8496825916087
40316.3,95.7549152142689
40316.31,107.115350525698
40316.32,130.998493652225
40316.33,154.019517253931
40316.34,190.375436056565
40316.35,218.359028564386
40316.36,249.159906873853
40316.37,265.819449977955
40316.38,287.8061182259
40316.39,288.263391680521
40316.4,242.77627749395
40316.41,247.369856507198
40316.42,244.761267612256
40316.43,228.617100999671
40316.44,227.11590629395
40316.45,212.357626665605
40316.46,203.463713135371
40316.47,193.489513170314
40316.48,184.667181125342
40316.49,177.698616820451
40316.5,159.970234222211
40316.51,160.929967483678
40316.52,156.47765132023
40316.53,148.158748966943
40316.54,145.627618581172
40316.55,147.55322164024
40316.56,139.264583476737
40316.57,137.764459021828
40316.58,133.25858831177
40316.59,129.401957917119
40316.6,123.302365393357
40316.61,119.388197668506
40316.62,117.262197538595
40316.63,108.250642857888
40316.64,103.634334031743
40316.65,100.694840201398
40316.66,97.6775208046646
40316.67,91.861905736635
40316.68,89.2083367855543
40316.69,85.2484301666007
40316.7,85.0667063156428
40316.71,83.8850353118281
40316.72,83.0766440066037
40316.73,82.7098204044295
40316.74,80.3322455596707
40316.75,76.9022573385727
40316.76,77.2205911377451
40316.77,75.0718086211285
40316.78,72.5711357172405
40316.79,74.6534910463068
40316.8,70.3271417608344
40316.81,70.7071530486682
40316.82,72.5347311006426
40316.83,70.9532267077536
40316.84,68.9097857612104
40316.85,68.7798377347841
40316.86,66.384260660077
40316.87,62.0634954676326
40316.88,63.325931363139
40316.89,65.4023560716581
40316.9,62.1485287904468
40316.91,62.5521208670285
40316.92,62.0089323750496
40316.93,61.0622028802557
40316.94,61.3856953556293
40316.95,59.6950959892333
40316.96,58.2689454795895
40316.97,57.5791024195953
40316.98,57.1457887802339
40316.99,52.5213574353762
40317,53.4914574857935
40317.01,53.4812360958276
40317.02,54.1622695108598
40317.03,52.8986428690362
40317.04,50.4069400029144
40317.05,50.2339342628421
40317.06,50.017437966444
40317.07,50.3677695159799
40317.08,50.2441511535103
40317.09,47.9402019781625
40317.1,45.4518950833855
40317.11,44.206436367752
40317.12,43.7100196240303
40317.13,42.6015394837396
40317.14,40.9849692863857
40317.15,40.179910134502
40317.16,37.2317893428768
40317.17,36.242987620639
40317.18,33.2661748482984
40317.19,34.0646955578315
40317.2,31.5573463541726
40317.21,32.3698846066159
40317.22,32.2668558097915
40317.23,32.251609744235
40317.24,31.9551780644608
40317.25,30.5581979178568
40317.26,29.5701715501271
40317.27,29.8102561389667
40317.28,27.8123638630174
40317.29,26.5594311201015
40317.3,26.1698293331612
40317.31,24.5809174181662
40317.32,24.6548180482057
40317.33,22.7142346853485
40317.34,21.1567866530448
40317.35,20.125268670727
40317.36,18.6477725752305
40317.37,17.983773425695
40317.38,17.8217485766475
40317.39,17.5741898016191
40317.4,17.5810721961808
40317.41,17.6003231833866
40317.42,17.5886689259884
40317.43,17.5088719723155
40317.44,17.3598569576159
40317.45,17.3401261316309
40317.46,17.3336693639837
40317.47,17.5222807674127
40317.48,18.1192258920672
40317.49,17.5580779833496
40317.5,18.2143497301357
40317.51,18.3848018865197
40317.52,18.6120973426893
40317.53,18.0451786087872
40317.54,17.8962747778121
40317.55,17.7720112655358
40317.56,17.3544810093106
40317.57,17.4218550702873
40317.58,16.5827234344839
40317.59,15.9412954783084
40317.6,16.0702038215008
40317.61,15.9923623891374
40317.62,15.0329565356393
40317.63,14.9805746712463
40317.64,14.7993878097025
40317.65,14.9021999716218
40317.66,14.6096673576937
40317.67,14.3428085029423
40317.68,13.6879631910695
40317.69,13.3958298401243
40317.7,13.004580062052
40317.71,12.9601440159635
40317.72,12.020493487736
40317.73,11.8078602851056
40317.74,11.9642855604212
40317.75,10.8785353919684
40317.76,10.9058763464749
40317.77,10.8476623363263
40317.78,10.6913836998653
40317.79,10.6261509155151
40317.8,10.2947481999334
40317.81,10.4190104298952
40317.82,10.3617967536128
40317.83,9.72959801543584
40317.84,9.79719889902042
40317.85,9.3736074709575
40317.86,9.01433368374268
40317.87,9.01337904957954
40317.88,8.81067281979697
40317.89,8.75387133810173
40317.9,8.71716576391814
40317.91,8.58459053073696
40317.92,8.57878557822083
40317.93,8.11590504820098
40317.94,8.41417611094167
40317.95,8.50932188639161
40317.96,8.24309129011325
40317.97,8.08898508239183
40317.98,8.31526849437642
40317.99,7.9929712036288
40318,7.53066691791415
40318.01,7.88203210526062
40318.02,8.062596089826
40318.03,8.02275520396376
40318.04,8.27282684945384
40318.05,8.23397511993094
40318.06,8.24875192988295
40318.07,8.22933139254594
40318.08,8.242814036129
40318.09,7.8674589049379
40318.1,7.7330846880445
40318.11,7.66194985450261
40318.12,7.29721892483505
40318.13,6.91661266795765
40318.14,6.78594168151428
40318.15,6.97192910810073
40318.16,6.8168101386002
40318.17,6.88941274349815
40318.18,6.98871468649695
40318.19,7.09748528377434
40318.2,7.05899287746871
40318.21,6.55848180701927
40318.22,6.01292565292658
40318.23,5.68328042063668
40318.24,5.49991945196255
40318.25,5.34603924584719
40318.26,5.14192935551302
40318.27,4.96315465365783
40318.28,4.91638856567313
40318.29,4.62573160178724
40318.3,4.57717165649052
40318.31,4.51733508459749
40318.32,4.17465653663695
40318.33,4.07164302773719
40318.34,3.94627504307484
40318.35,3.87886046436178
40318.36,3.79973696923484
40318.37,3.4518559737964
40318.38,3.51750733164503
40318.39,3.39830119308926
40318.4,3.35589054065
40318.41,3.29868606674801
40318.42,3.06784555788384
40318.43,2.9259066132326
40318.44,2.77357814604827
40318.45,2.80360467573685
40318.46,2.55663786118965
40318.47,2.52263056553177
40318.48,2.43270327232938
40318.49,2.27190822848605
40318.5,2.05876241453837
40318.51,1.90342821257606
40318.52,1.79364488558705
40318.53,1.60450384850844
40318.54,1.47278053701002
40318.55,1.35453175305441
40318.56,1.23385014533724
40318.57,1.07601293172683
40318.58,0.948095166408514
40318.59,0.817425897418377
40318.6,0.63084041954764
40318.61,0.475077558467593
40318.62,0.327271578506109
40318.63,0.213596335903293
40318.64,0.213652100025789
40318.65,0.21182911292357
40318.66,0.209076345593513
40318.67,0.20096666286616
40318.68,0.201629692207474
40318.69,0.187794044975633
40318.7,0.175955598121539
40318.71,0.174959629593749
40318.72,0.169018957101222
40318.73,0.169393583331006
40318.74,0.168440328545751
40318.75,0.167600282443032
40318.76,0.158508344180288
40318.77,0.150891068673547
40318.78,0.139180705422961
40318.79,0.134570279900778
40318.8,0.12984437691802
40318.81,0.123156853020242
40318.82,0.117693453205906
40318.83,0.113754102391978
40318.84,0.111937809533057
40318.85,0.105334299089845
40318.86,0.0988503378902201
40318.87,0.0939375706266444
40318.88,0.0906951112536052
40318.89,0.0904744165178195
40318.9,0.0875076423403752
40318.91,0.0766723353603625
40318.92,0.0684083123096411
40318.93,0.0624051358628454
40318.94,0.0539186985903075
40318.95,0.0508212875746056
40318.96,0.0453918960616491
40318.97,0.0397358630325507
40318.98,0.0355062926656714
40318.99,0.031696832855058
40319,0.0272293122455228
40319.01,0.0230227755062587
40319.02,0.0192734712050495
40319.03,0.0144150418249702
40319.04,0.0100857321877371
40319.05,0.00550274737869999
40319.06,0.00522735220766386
40319.07,0.00529011304622279
40319.08,0.0050839151610384
40319.09,0.00485049645507089
40319.1,0.00486942055177847
40319.11,0.00470701054331828
40319.12,0.00472911535388414
40319.13,0.0048753162333574
40319.14,0.00505215665403086
40319.15,0.00487341695011558
40319.16,0.00477140308663712
40319.17,0.00454697144345532
40319.18,0.00461900410634128
40319.19,0.00452835799502695
40319.2,0.00471913901597809
40319.21,0.00446662017121161
40319.22,0.00427412489204259
40319.23,0.00377365595836915
40319.24,0.00354560324146181
40319.25,0.00333398980962753
40319.26,0.00322977220985967
40319.27,0.00316421465926287
40319.28,0.00293925572157797
40319.29,0.00277671272987899
40319.3,0.00266891137976961
40319.31,0.00250710453808121
40319.32,0.00239556451567547
40319.33,0.00233511198566754
40319.34,0.00212700731446098
40319.35,0.00197834340255704
40319.36,0.00187116605956089
40319.37,0.00170188341787553
40319.38,0.00159706242391168
40319.39,0.00140300571580419
40319.4,0.00126432923406793
40319.41,0.00108924900711848
40319.42,0.00092226654678036
40319.43,0.000724736390876839
40319.44,0.000563363039772946
40319.45,0.000368863350730879
40319.46,0.00019996449402093
40319.47,2.1235149807784E-05
40319.48,0
40319.49,0
40319.5,0
40319.51,0
40319.52,0
40319.53,0
40319.54,0
40319.55,0
40319.56,0
40319.57,0
40319.58,0
40319.59,0
40319.6,0
40319.61,0
40319.62,0
40319.63,0
40319.64,0
40319.65,0
40319.66,0
40319.67,0
40319.68,0
40319.69,0
40319.7,0
40319.71,0
40319.72,0
40319.73,0
40319.74,0
40319.75,0
40319.76,0
40319.77,0
40319.78,0
40319.79,0
40319.8,0
40319.81,0
40319.82,0
40319.83,0
40319.84,0
40319.85,0
40319.86,0
40319.87,0
40319.88,0
40319.89,0
40319.9,0
40319.91,0
40319.92,0
40319.93,0
40319.94,0
40319.95,0
40319.96,0
40319.97,0
40319.98,0
40319.99,0
40320,0
40320.01,0
40320.02,0
40320.03,0
40320.04,0
40320.05,0
40320.06,0
40320.07,0
40320.08,0
40320.09,0
40320.1,0
40320.11,0
40320.12,0
40320.13,0
40320.14,0
40320.15,0
40320.16,0
40320.17,0
40320.18,0
40320.19,0
40320.2,0
40320.21,0
40320.22,0
40320.23,0
40320.24,0
40320.25,0
40320.26,0
40320.27,0
40320.28,0
40320.29,0
40320.3,0
40320.31,0
40320.32,0
40320.33,0
40320.34,0
40320.35,0
40320.36,0
40320.37,0
40320.38,0
40320.39,0
40320.4,0
40320.41,0
40320.42,0
40320.43,0
40320.44,0
40320.45,0
40320.46,0
40320.47,0
40320.48,0
40320.49,0
40320.5,0
40320.51,0
40320.52,0
40320.53,0
40320.54,0
40320.55,0
40320.56,0
40320.57,0
40320.58,0
40320.59,0
40320.6,0
40320.61,0
40320.62,0
40320.63,0
40320.64,0
40320.65,0
40320.66,0
40320.67,0
40320.68,0
40320.69,0
40320.7,0
40320.71,0
40320.72,0
40320.73,0
40320.74,0
40320.75,0
40320.76,0
40320.77,0
40320.78,0
40320.79,0
40320.8,0
40320.81,0
40320.82,0
40320.83,0
40320.84,0
40320.85,0
40320.86,0
40320.87,0
40320.88,0
40320.89,0
40320.9,0
40320.91,0
40320.92,0
40320.93,0
40320.94,0
40320.95,0
40320.96,0
40320.97,0
40320.98,0
40320.99,0
40321,0
40321.01,0
40321.02,0
40321.03,0
40321.04,1.09602337943714E-08
40321.05,2.23138302512406
40321.06,33.0062516953278
40321.07,131.423210635689
40321.08,302.10286844142
40321.09,508.114990816891
40321.1,746.586361381886
40321.11,977.315351045512
40321.12,1204.76430528023
40321.13,1357.26616263198
40321.14,1392.36843372079
40321.15,1409.4586666292
40321.16,1416.04658148788
40321.17,1446.08762067183
40321.18,1414.99721761044
40321.19,1420.47133953055
40321.2,1377.08585332767
40321.21,1361.82333927352
40321.22,1373.82811516356
40321.23,1359.78852850627
40321.24,1276.6610209451
40321.25,1289.84154630675
40321.26,1246.38106992434
40321.27,1229.50892738803
40321.28,787.430777049024
40321.29,758.696978001986
40321.3,729.167849767859
40321.31,691.940929589427
40321.32,661.71973435705
40321.33,616.616049126406
40321.34,575.218006517992
40321.35,556.499115876113
40321.36,526.672483652376
40321.37,510.237137620263
40321.38,487.763438657906
40321.39,463.774542954067
40321.4,449.586653835222
40321.41,431.253181404074
40321.42,422.913367428444
40321.43,426.976664602533
40321.44,411.26009538175
40321.45,389.704745549701
40321.46,396.309651011781
40321.47,375.883358927264
40321.48,351.640773241321
40321.49,331.641611999004
40321.5,297.48716571698
40321.51,294.67938428117
40321.52,297.863026675885
40321.53,305.880994396602
40321.54,309.274305253811
40321.55,306.371528048388
40321.56,300.795444163764
40321.57,293.524284449985
40321.58,298.660129865452
40321.59,305.212769834755
40321.6,310.372614506096
40321.61,300.231071531565
40321.62,315.095234983815
40321.63,306.801048230467
40321.64,305.413110044177
40321.65,303.608945173656
40321.66,298.299417878393
40321.67,279.377045516732
40321.68,269.753255274351
40321.69,265.489167381623
40321.7,265.706423561298
40321.71,256.145936181848
40321.72,252.923833307573
40321.73,240.245251945751
40321.74,234.117585642249
40321.75,238.352949537416
40321.76,246.355741791212
40321.77,243.934288927179
40321.78,203.69934028289
40321.79,199.639216068821
40321.8,194.090162058994
40321.81,189.783814857374
40321.82,190.100307997449
40321.83,181.620210617986
40321.84,171.518267453846
40321.85,169.770009472238
40321.86,162.494952172579
40321.87,159.777451859461
40321.88,150.86167028503
40321.89,148.909526781343
40321.9,144.184075764436
40321.91,139.17626019289
40321.92,138.935658376399
40321.93,133.67553126132
40321.94,122.559717822001
40321.95,116.236399482803
40321.96,113.330432982755
40321.97,116.242958969926
40321.98,112.608204574743
40321.99,106.694656786671
40322,102.857543731813
40322.01,103.592601346363
40322.02,102.868405264598
40322.03,102.72958919605
40322.04,102.682995331771
40322.05,105.267408617881
40322.06,99.835799745697
40322.07,101.748358870107
40322.08,101.530238324071
40322.09,97.0419225776629
40322.1,97.1198107940136
40322.11,98.8542250305573
40322.12,96.1434017341544
40322.13,96.7427659332963
40322.14,89.2548960027915
40322.15,83.9293313654822
40322.16,83.3937961420275
40322.17,81.8531935326282
40322.18,81.5881296124582
40322.19,80.8659395814343
40322.2,80.8355413735791
40322.21,75.7726338582926
40322.22,71.1107295592215
40322.23,71.6807539294113
40322.24,70.5613358806196
40322.25,68.8433189344928
40322.26,66.7198235451321
40322.27,67.8492784992193
40322.28,64.5999285942434
40322.29,63.3808717461855
40322.3,63.9071408768107
40322.31,60.827993132682
40322.32,57.8609040915762
40322.33,55.4005434938764
40322.34,50.6409115229173
40322.35,50.4067547581363
40322.36,49.8510642909414
40322.37,50.3325227169633
40322.38,48.1563941045725
40322.39,46.5776715786705
40322.4,45.256431249979
40322.41,45.0263764708245
40322.42,43.0446050038154
40322.43,41.5018610682359
40322.44,40.0042295208267
40322.45,39.663048978448
40322.46,38.9357088645826
40322.47,39.3202157744432
40322.48,39.330003781624
40322.49,37.3470851659503
40322.5,35.5622719697478
40322.51,35.2268237165877
40322.52,34.1535137568622
40322.53,33.7598440887667
40322.54,34.1113384197634
40322.55,32.2547788100243
40322.56,31.9271975582631
40322.57,30.4294929130343
40322.58,29.7566451055834
40322.59,29.0153450601401
40322.6,27.5552470250343
40322.61,25.3182563212632
40322.62,24.5490094998895
40322.63,23.2733794391802
40322.64,22.9128969436042
40322.65,22.4949008970568
40322.66,22.5668186355112
40322.67,22.3597668835765
40322.68,20.7005518119389
40322.69,19.2848965920177
40322.7,18.3968764081372
40322.71,17.9167829898727
40322.72,17.6122776356338
40322.73,16.8636399062158
40322.74,16.5904532985538
40322.75,15.9473787430385
40322.76,16.3458694457965
40322.77,16.0533218952252
40322.78,15.7401994413282
40322.79,15.4537515880809
40322.8,15.3874003093499
40322.81,15.9337673953138
40322.82,15.9134932025811
40322.83,16.2193116126816
40322.84,15.7717914608689
40322.85,15.9370760093778
40322.86,16.1382063821971
40322.87,16.4341546749158
40322.88,15.8586053109175
40322.89,15.3395742467762
40322.9,15.2282766530201
40322.91,15.3405550495926
40322.92,14.8562020284836
40322.93,14.8000795542661
40322.94,15.3008255405483
40322.95,14.3508773275973
40322.96,13.7396221207311
40322.97,13.5508245839559
40322.98,13.6105704773053
40322.99,13.4768279140036
40323,13.5409552387438
40323.01,13.9286411921286
40323.02,13.593472014222
40323.03,13.1401220337906
40323.04,13.5027631549097
40323.05,12.7479893775652
40323.06,12.9133902069695
40323.07,13.228156749205
40323.08,13.160622384997
40323.09,12.7889485955158
40323.1,12.6793969493586
40323.11,12.3234164494002
40323.12,12.8339035054211
40323.13,12.8498233401866
40323.14,12.6643577821383
40323.15,12.6015508882767
40323.16,12.5610466710584
40323.17,12.6549988612993
40323.18,12.4411219225099
40323.19,11.8620670658808
40323.2,11.4692937995556
40323.21,10.8504980952553
40323.22,10.1842790711805
40323.23,10.0009294712365
40323.24,9.60118115608194
40323.25,9.31199205285088
40323.26,9.2255503889747
40323.27,9.19663908785846
40323.28,8.952357195133
40323.29,8.55601936393149
40323.3,8.44471392198194
40323.31,7.99694971552328
40323.32,8.06232160044298
40323.33,7.6863105588419
40323.34,7.64530548337651
40323.35,7.1535018061781
40323.36,7.03392542846471
40323.37,6.83120937825339
40323.38,6.51663171971849
40323.39,6.4118049777357
40323.4,6.20026087909264
40323.41,5.91164104049723
40323.42,5.59478374522394
40323.43,5.36586697312199
40323.44,5.08319166044804
40323.45,4.68012154605464
40323.46,4.30735631296044
40323.47,4.0096923113253
40323.48,3.61507912009711
40323.49,3.17924116373739
40323.5,3.00207868692642
40323.51,2.70703324248659
40323.52,2.61455037655109
40323.53,2.35758467649276
40323.54,2.13192202374114
40323.55,1.89250177004517
40323.56,1.61052421189207
40323.57,1.31510005431327
40323.58,0.993647745593414
40323.59,0.78097822449398
40323.6,0.738630340311187
40323.61,0.69750181171466
40323.62,0.65771120389972
40323.63,0.650567441646968
40323.64,0.606157997646215
40323.65,0.622985996740662
40323.66,0.598217106763098
40323.67,0.593982708750249
40323.68,0.587331054935766
40323.69,0.582187796193037
40323.7,0.568367925733718
40323.71,0.553049769586255
40323.72,0.542475869833929
40323.73,0.54258819331991
40323.74,0.539218871282711
40323.75,0.527646213702423
40323.76,0.493203768413258
40323.77,0.468735794942238
40323.78,0.457202841182449
40323.79,0.458832179754493
40323.8,0.462857858123796
40323.81,0.440681890946244
40323.82,0.4299372121499
40323.83,0.40868973921074
40323.84,0.384265505444253
40323.85,0.371283467855012
40323.86,0.362938052540314
40323.87,0.350782900177427
40323.88,0.315481256927254
40323.89,0.31207192382438
40323.9,0.281686570436724
40323.91,0.276933861599654
40323.92,0.273889537146076
40323.93,0.282655525147108
40323.94,0.255800563464874
40323.95,0.237037308281796
40323.96,0.222741377650558
40323.97,0.210198617410144
40323.98,0.192408520236761
40323.99,0.182879510896252
40324,0.165340157612891
40324.01,0.15197828183197
40324.02,0.148054982729615
40324.03,0.147252055216485
40324.04,0.145233999371359
40324.05,0.135261396225032
40324.06,0.13458457565524
40324.07,0.127227938641557
40324.08,0.120585047254813
40324.09,0.114944446746588
40324.1,0.111051135008557
40324.11,0.109684624997454
40324.12,0.108130403428445
40324.13,0.10055890130473
40324.14,0.0971858905069912
40324.15,0.0967935168011863
40324.16,0.0958048748170766
40324.17,0.0927328421939445
40324.18,0.0873953284511828
40324.19,0.0853298493302558
40324.2,0.0812168506077292
40324.21,0.0748382468949272
40324.22,0.0668379180312861
40324.23,0.064794857374464
40324.24,0.0638066101744745
40324.25,0.0639044134010938
40324.26,0.0625643902001538
40324.27,0.0595352378492552
40324.28,0.055528874361095
40324.29,0.0520086964076539
40324.3,0.0490811818178194
40324.31,0.0437645240551707
40324.32,0.0402050653026218
40324.33,0.0361199443293505
40324.34,0.0330817528885172
40324.35,0.0298400307317399
40324.36,0.0245584664946506
40324.37,0.0201394635570968
40324.38,0.0167778519487617
40324.39,0.0136155517420831
40324.4,0.00996377208650417
40324.41,0.00664569513956878
40324.42,0.00328846448902467
40324.43,0
40324.44,0
40324.45,0
40324.46,0
40324.47,0
40324.48,0
40324.49,0
40324.5,0
40324.51,0
40324.52,0
40324.53,0
40324.54,0
40324.55,0
40324.56,0
40324.57,0
40324.58,0
40324.59,0
40324.6,0
40324.61,0
40324.62,0
40324.63,0
40324.64,0
40324.65,0
40324.66,0
40324.67,0
40324.68,0
40324.69,0
40324.7,0
40324.71,0
40324.72,0
40324.73,0
40324.74,0
40324.75,0
40324.76,0
40324.77,0
40324.78,0
40324.79,0
40324.8,0
40324.81,0
40324.82,0
40324.83,0
40324.84,0
40324.85,0
40324.86,0
40324.87,0
40324.88,0
40324.89,0
40324.9,0
40324.91,0
40324.92,0
40324.93,0
40324.94,0
40324.95,0
40324.96,0
40324.97,0
40324.98,0
40324.99,0
40325,0
40325.01,0
40325.02,0
40325.03,0
40325.04,0
40325.05,0
40325.06,0
40325.07,0
40325.08,0
40325.09,0
40325.1,0
40325.11,0
40325.12,0
40325.13,0
40325.14,0
40325.15,0
40325.16,0
40325.17,0
40325.18,0
40325.19,0
40325.2,0
40325.21,0
40325.22,0
40325.23,0
40325.24,0
40325.25,0
40325.26,0
40325.27,0
40325.28,0
40325.29,0
40325.3,0
40325.31,0
40325.32,0
40325.33,0
40325.34,0
40325.35,0
40325.36,0
40325.37,0
40325.38,0
40325.39,0
40325.4,0
40325.41,0
40325.42,0
40325.43,0
40325.44,0
40325.45,0
40325.46,0
40325.47,0
40325.48,0
40325.49,0
40325.5,0
40325.51,0
40325.52,0
40325.53,0
40325.54,0
40325.55,0
40325.56,0
40325.57,0
40325.58,0
40325.59,0
40325.6,0
40325.61,0
40325.62,0
40325.63,0
40325.64,0
40325.65,0
40325.66,0
40325.67,0
40325.68,0
40325.69,0
40325.7,0
40325.71,0
40325.72,0
40325.73,0
40325.74,0
40325.75,0
40325.76,0
40325.77,0
40325.78,0
40325.79,0
40325.8,0
40325.81,0
40325.82,0
40325.83,0
40325.84,0
40325.85,0
40325.86,0
40325.87,0
40325.88,0
40325.89,0
40325.9,0
40325.91,0
40325.92,2.18869780509989E-10
40325.93,0.0407241297311656
40325.94,6.23118091669787
40325.95,27.4499190063135
40325.96,62.1053009499187
40325.97,93.9479141396264
40325.98,110.319199627314
40325.99,130.640418188724
40326,139.367232404256
40326.01,147.409290128581
40326.02,150.597433394899
40326.03,149.420040816843
40326.04,145.732720913856
40326.05,159.899753907058
40326.06,170.957884149767
40326.07,182.247867640331
40326.08,189.065829197631
40326.09,198.66134922773
40326.1,197.111588925741
40326.11,171.015532986044
40326.12,161.54976590677
40326.13,152.484591588467
40326.14,151.136656328749
40326.15,142.384836068551
40326.16,147.468622297559
40326.17,144.129670431288
40326.18,139.450438507286
40326.19,135.711021898628
40326.2,138.832257168587
40326.21,127.269776922275
40326.22,124.624375745897
40326.23,128.007234283544
40326.24,128.670373462722
40326.25,126.424342087738
40326.26,121.633383568096
40326.27,126.187245339516
40326.28,120.827611664753
40326.29,123.47570321547
40326.3,116.193711338826
40326.31,107.520449058283
40326.32,104.027772189573
40326.33,99.2873260104679
40326.34,89.5876703790532
40326.35,87.0842481102277
40326.36,90.9361740499022
40326.37,88.009317009708
40326.38,86.5180344196112
40326.39,83.8642896233265
40326.4,81.2341101184369
40326.41,79.1922095181233
40326.42,76.9165497003129
40326.43,74.3123643557589
40326.44,72.4353401716855
40326.45,70.6102915554264
40326.46,68.2009770986301
40326.47,62.7941010465948
40326.48,58.8629952873862
40326.49,54.6622842243196
40326.5,52.028753162001
40326.51,51.9535041307132
40326.52,49.9002827922602
40326.53,48.97360344756
40326.54,51.751989325118
40326.55,52.7795063973654
40326.56,51.6025336545991
40326.57,52.148695432733
40326.58,53.4925969210457
40326.59,54.7244156612345
40326.6,53.5604957768403
40326.61,53.698175154061
40326.62,52.5071370012147
40326.63,50.4218992781014
40326.64,51.0738757763332
40326.65,48.2389531037274
40326.66,48.0272641783889
40326.67,49.4189882249057
40326.68,50.2253118072811
40326.69,50.0958280383803
40326.7,50.5754085439979
40326.71,50.7213008240774
40326.72,52.5384354087034
40326.73,53.1828828186939
40326.74,54.1236858036109
40326.75,52.9223265501514
40326.76,52.5331558473358
40326.77,51.4390390970973
40326.78,52.6137144050305
40326.79,53.2870250957827
40326.8,53.0726600099884
40326.81,54.2661169869674
40326.82,58.7172036194814
40326.83,75.3110999855743
40326.84,120.589197979564
40326.85,218.497689623752
40326.86,390.277729607464
40326.87,538.442223413199
40326.88,692.164682766745
40326.89,755.592282493935
40326.9,609.759966312405
40326.91,574.792966164205
40326.92,531.243841967481
40326.93,537.990768040169
40326.94,517.929685075277
40326.95,523.675807421832
40326.96,494.830609356967
40326.97,466.13801260098
40326.98,464.482761414686
40326.99,438.635048453834
40327,421.55651125825
40327.01,400.550496995476
40327.02,387.607680456731
40327.03,355.272905211806
40327.04,342.747962507697
40327.05,332.731078250465
40327.06,332.40722378798
40327.07,331.889826343112
40327.08,321.056565043778
40327.09,311.921801578244
40327.1,301.567577503005
40327.11,309.44223940624
40327.12,292.543097947028
40327.13,288.448530360517
40327.14,281.687314705292
40327.15,266.248792830567
40327.16,264.969820257033
40327.17,267.895014128203
40327.18,264.147732108505
40327.19,249.96373118373
40327.2,248.404243337463
40327.21,246.901731566365
40327.22,238.038413881937
40327.23,238.075587144869
40327.24,221.831768840669
40327.25,209.203017191625
40327.26,202.198045255777
40327.27,197.235921193466
40327.28,197.088153118965
40327.29,196.879741623076
40327.3,187.330954428398
40327.31,187.213606114476
40327.32,190.061267874105
40327.33,188.760273000399
40327.34,182.298478597795
40327.35,175.300488325089
40327.36,165.8760808036
40327.37,152.183765161219
40327.38,144.314070809818
40327.39,134.385070501436
40327.4,130.883766962234
40327.41,127.030364306382
40327.42,123.977430412958
40327.43,120.609215265764
40327.44,117.636529129041
40327.45,111.348203514703
40327.46,105.767682934676
40327.47,102.476787953041
40327.48,101.854252012034
40327.49,92.6114693057371
40327.5,88.2782095973323
40327.51,86.1464419026398
40327.52,82.3046400143297
40327.53,79.6894770793467
40327.54,78.3750443246612
40327.55,75.3410069039822
40327.56,75.7113854871443
40327.57,75.7482787910995
40327.58,75.7986219464742
40327.59,75.1638596697576
40327.6,75.0962173080469
40327.61,67.6355634206098
40327.62,67.7478972307279
40327.63,64.5968624098017
40327.64,67.0675468481218
40327.65,64.2145816102628
40327.66,63.2545502414218
40327.67,59.2174769537831
40327.68,55.9600077190751
40327.69,54.9575058958051
40327.7,54.1838390455063
40327.71,55.0635501415759
40327.72,54.7609655732601
40327.73,55.41661775973
40327.74,57.7169695198538
40327.75,54.492139009393
40327.76,55.9662359595859
40327.77,53.8997202109309
40327.78,53.5771673801759
40327.79,52.6244742834904
40327.8,53.1284063789029
40327.81,53.5029078331919
40327.82,53.4259373087887
40327.83,51.8512976396879
40327.84,48.4286891177431
40327.85,47.7778451647076
40327.86,46.9986022433175
40327.87,46.3253214645777
40327.88,46.3100098338957
40327.89,48.0323656893179
40327.9,48.5934119767374
40327.91,48.2057763079949
40327.92,46.5317630820676
40327.93,44.0747359618116
40327.94,45.0705851602438
40327.95,44.9869545094076
40327.96,44.0741830093184
40327.97,41.3247596367675
40327.98,40.1067772009446
40327.99,39.9965539323124
40328,39.6247734569127
40328.01,38.3026392687664
40328.02,37.6839808369114
40328.03,36.6119088199855
40328.04,35.4200869958588
40328.05,36.0361497423423
40328.06,35.9550388262207
40328.07,35.4296098152021
40328.08,34.1524699473393
40328.09,34.6199653629984
40328.1,32.5067789509591
40328.11,31.9339422313667
40328.12,30.2124350457906
40328.13,27.8073460226477
40328.14,26.8155014840002
40328.15,24.736243727049
40328.16,23.9828745673858
40328.17,22.5443956043008
40328.18,22.03453848346
40328.19,21.2243318002091
40328.2,19.8490898759455
40328.21,19.1532472548863
40328.22,18.294714849225
40328.23,18.5967158048542
40328.24,18.8204826408301
40328.25,18.6678350904758
40328.26,18.5396326454651
40328.27,19.1649340438904
40328.28,18.6138780751569
40328.29,18.0117976625664
40328.3,18.0959450230664
40328.31,17.6544234326698
40328.32,16.4804606931424
40328.33,16.4680129353207
40328.34,15.787551720447
40328.35,15.6315827067997
40328.36,15.48139041811
40328.37,14.4775688934445
40328.38,13.6706975519849
40328.39,13.0648554874387
40328.4,11.8226625637883
40328.41,10.7636038941007
40328.42,10.0758941989096
40328.43,9.34622047043852
40328.44,8.40878753325201
40328.45,7.70006000166482
40328.46,7.09062534769959
40328.47,6.66345139851896
40328.48,6.4303457949287
40328.49,6.31906532197396
40328.5,6.05374038678884
40328.51,5.83867530325079
40328.52,5.70901390405714
40328.53,5.34619586865137
40328.54,5.2091088944483
40328.55,5.19163388435774
40328.56,4.99466708259642
40328.57,5.10696414357545
40328.58,5.09801242712009
40328.59,5.2296678932567
40328.6,5.15411511575113
40328.61,5.17872748373713
40328.62,5.09837987604847
40328.63,4.88166102626185
40328.64,4.89897517588683
40328.65,4.73734630561215
40328.66,4.74806842639685
40328.67,4.55532058668911
40328.68,4.49854715159401
40328.69,4.40445612897454
40328.7,4.49930442811388
40328.71,4.39655117413999
40328.72,4.46919399692498
40328.73,4.46299002081861
40328.74,4.57723927643995
40328.75,4.44468695112742
40328.76,4.48279080482188
40328.77,4.51028691256915
40328.78,4.50378583979694
40328.79,4.44216818692752
40328.8,4.52148700996886
40328.81,4.25440573523875
40328.82,4.25137331282643
40328.83,4.0921753376937
40328.84,4.06045070299184
40328.85,4.06335330418735
40328.86,4.00513572742329
40328.87,3.87751937186855
40328.88,3.68487659608576
40328.89,3.45287195692794
40328.9,3.30601168483068
40328.91,3.2698118903322
40328.92,3.06066902224923
40328.93,3.20888662634805
40328.94,3.11745682524848
40328.95,2.96841972991112
40328.96,2.97228340584115
40328.97,2.97641318066111
40328.98,2.91952663763796
40328.99,2.77019819484987
40329,2.68958843177327
40329.01,2.68845769714356
40329.02,2.65314800090779
40329.03,2.42251976524726
40329.04,2.39178181628964
40329.05,2.41826804856467
40329.06,2.27930423662973
40329.07,2.07795849539846
40329.08,1.95587011657621
40329.09,1.88500300292002
40329.1,1.79891987721839
40329.11,1.71403069556777
40329.12,1.50584138682115
40329.13,1.41413875847007
40329.14,1.32446762318687
40329.15,1.26059320375589
40329.16,1.23716029504469
40329.17,1.14576818956545
40329.18,1.11551597854273
40329.19,1.08809421299746
40329.2,1.04467126873465
40329.21,0.955700800101696
40329.22,0.915832185495937
40329.23,0.829301546282619
40329.24,0.749388958117993
40329.25,0.647299126391492
40329.26,0.561972369998588
40329.27,0.482249694874253
40329.28,0.43292316925289
40329.29,0.36769257216439
40329.3,0.300554130713852
40329.31,0.252285429646205
40329.32,0.243341129356756
40329.33,0.231025805794266
40329.34,0.223239884251924
40329.35,0.226212476868083
40329.36,0.218915958647876
40329.37,0.225400446530621
40329.38,0.22215229841987
40329.39,0.213136648835427
40329.4,0.213993144124439
40329.41,0.20665618456962
40329.42,0.205234874655812
40329.43,0.195032389239186
40329.44,0.195620910814286
40329.45,0.190171311444721
40329.46,0.183606574076929
40329.47,0.180647165899401
40329.48,0.170220725879601
40329.49,0.153446618197709
40329.5,0.143309981509904
40329.51,0.140352330143616
40329.52,0.139449255767966
40329.53,0.127360691397673
40329.54,0.122386664622837
40329.55,0.117437870314489
40329.56,0.106389216629396
40329.57,0.0951879600912032
40329.58,0.0936093979333404
40329.59,0.0880963160273827
40329.6,0.0807603748977149
40329.61,0.0753959980904303
40329.62,0.0657324936669613
40329.63,0.060202968511549
40329.64,0.0537906359239458
40329.65,0.0471488202195132
40329.66,0.0423030600094754
40329.67,0.0359666197565624
40329.68,0.0296707654846834
40329.69,0.0230752170533064
40329.7,0.0165261316406412
40329.71,0.0104836374297267
40329.72,0.00470106014683681
40329.73,0
40329.74,0
40329.75,0
40329.76,0
40329.77,0
40329.78,0
40329.79,0
40329.8,0
40329.81,0
40329.82,0
40329.83,0
40329.84,0
40329.85,0
40329.86,0
40329.87,0
40329.88,0
40329.89,0
40329.9,0
40329.91,0
40329.92,0
40329.93,0
40329.94,0
40329.95,0
40329.96,0
40329.97,0
40329.98,0
40329.99,0
40330,0
40330.01,0
40330.02,0
40330.03,0
40330.04,0
40330.05,0
40330.06,0
40330.07,0
40330.08,0
40330.09,0
40330.1,0
40330.11,0
40330.12,0
40330.13,0
40330.14,0
40330.15,0
40330.16,0
40330.17,0
40330.18,0
40330.19,0
40330.2,0
40330.21,0
40330.22,0
40330.23,0
40330.24,0
40330.25,0
40330.26,0
40330.27,0
40330.28,0
40330.29,0
40330.3,0
40330.31,0
40330.32,0
40330.33,0
40330.34,0
40330.35,0
40330.36,0
40330.37,0
40330.38,0
40330.39,0
40330.4,0
40330.41,0
40330.42,0
40330.43,0
40330.44,0
40330.45,0
40330.46,0
40330.47,0
40330.48,0
40330.49,0
40330.5,0
40330.51,0
40330.52,0
40330.53,0
40330.54,0
40330.55,0
40330.56,2.00603657886959E-13
40330.57,4.14047040684212E-05
40330.58,0.0434537533546593
40330.59,0.181445572240681
40330.6,0.356449587124256
40330.61,0.465159630603522
40330.62,0.441265132400973
40330.63,0.425023070077738
40330.64,0.40491810737281
40330.65,0.404368548588734
40330.66,0.409574241699662
40330.67,0.420503219332463
40330.68,0.424796635964751
40330.69,0.419024619210794
40330.7,0.395494764956566
40330.71,0.384336655926151
40330.72,0.390148424648689
40330.73,0.39039758698662
40330.74,0.372103884757889
40330.75,0.360921607903265
40330.76,0.348559247064079
40330.77,0.350349050105255
40330.78,0.344635458802626
40330.79,0.332276456393451
40330.8,0.330581065388926
40330.81,0.325875748009172
40330.82,0.311482084693003
40330.83,0.312700064024573
40330.84,0.304705546294133
40330.85,0.29347070794825
40330.86,0.275120668050688
40330.87,0.266019595935422
40330.88,0.25968008977975
40330.89,0.233981787923208
40330.9,0.220352911859911
40330.91,0.209637405249108
40330.92,0.203811643766923
40330.93,0.18783811150623
40330.94,0.189757636083225
40330.95,0.178952624091671
40330.96,0.165398215061985
40330.97,0.155788591985046
40330.98,0.150502966408729
40330.99,0.141159706277645
40331,0.129226125620615
40331.01,0.121099238168822
40331.02,0.113047373439556
40331.03,0.10822323913765
40331.04,0.100660890201585
40331.05,0.0970257973169155
40331.06,0.103656987072379
40331.07,0.0975105655281625
40331.08,0.0925891108224439
40331.09,0.0820879668644163
40331.1,0.0771698426980301
40331.11,0.0729017693490724
40331.12,0.0670538156292743
40331.13,0.0618807938938282
40331.14,0.0554251023359724
40331.15,0.051970784950117
40331.16,0.0472141238305468
40331.17,0.0410121683362874
40331.18,0.0360853007227202
40331.19,0.0318317036515031
40331.2,0.0274302262104206
40331.21,0.0245206824890443
40331.22,0.0194746515765554
40331.23,0.0145737873501895
40331.24,0.00940752519942572
40331.25,0.00469876892037446
40331.26,0.000722731624868608
40331.27,0.000700846628422811
40331.28,0.000656141941125653
40331.29,0.000610455702569794
40331.3,0.000567541723554314
40331.31,0.00057083617201595
40331.32,0.000522225417454288
40331.33,0.000507249156320735
40331.34,0.000477078696975197
40331.35,0.000430547385073126
40331.36,0.00039797766414384
40331.37,0.00036125044696916
40331.38,0.000336515266179957
40331.39,0.000318123149538818
40331.4,0.000304880842350886
40331.41,0.000268359314776167
40331.42,0.000232951690920237
40331.43,0.000198200069575194
40331.44,0.00016798418007084
40331.45,0.000134650801103697
40331.46,0.000110468147100544
40331.47,7.88746338889458E-05
40331.48,4.72595529307299E-05
40331.49,1.4815738560328E-05
40331.5,0
40331.51,0
40331.52,0
40331.53,0
40331.54,0
40331.55,0
40331.56,0
40331.57,0
40331.58,0
40331.59,0
40331.6,0
40331.61,0
40331.62,0
40331.63,0
40331.64,0
40331.65,0
40331.66,0
40331.67,0
40331.68,0
40331.69,0
40331.7,0
40331.71,0
40331.72,0
40331.73,0
40331.74,0
40331.75,0
40331.76,0
40331.77,0
40331.78,0
40331.79,0
40331.8,0
40331.81,0
40331.82,0
40331.83,0
40331.84,0
40331.85,0
40331.86,0
40331.87,0
40331.88,0
40331.89,0
40331.9,0
40331.91,0
40331.92,0
40331.93,0
40331.94,0
40331.95,0
40331.96,0
40331.97,0
40331.98,0
40331.99,0
40332,0
40332.01,0
40332.02,0
40332.03,0
40332.04,0
40332.05,0
40332.06,0
40332.07,0
40332.08,0
40332.09,0
40332.1,0
40332.11,0
40332.12,0
40332.13,0
40332.14,0
40332.15,0
40332.16,0
40332.17,0
40332.18,0
40332.19,0
40332.2,0
40332.21,0
40332.22,0
40332.23,0
40332.24,0
40332.25,0
40332.26,0
40332.27,0
40332.28,0
40332.29,0
40332.3,0
40332.31,0
40332.32,0
40332.33,0
40332.34,0
40332.35,0
40332.36,0
40332.37,0
40332.38,0
40332.39,0
40332.4,0
40332.41,0
40332.42,0
40332.43,0
40332.44,0
40332.45,0
40332.46,0
40332.47,0
40332.48,0
40332.49,0
40332.5,0
40332.51,0
40332.52,0
40332.53,0
40332.54,0
40332.55,0
40332.56,0
40332.57,0
40332.58,0
40332.59,0
40332.6,0
40332.61,0
40332.62,0
40332.63,0
40332.64,0
40332.65,0
40332.66,0
40332.67,7.7675479513203E-09
40332.68,1.50465511937415
40332.69,25.5101839380608
40332.7,82.1969283374136
40332.71,159.211730947042
40332.72,227.337720263032
40332.73,186.443753169744
40332.74,172.549695350515
40332.75,177.131918452132
40332.76,173.861212231741
40332.77,180.468516618478
40332.78,178.110547386578
40332.79,176.279787184544
40332.8,171.60513918425
40332.81,167.305464808971
40332.82,163.992995531299
40332.83,159.70820411245
40332.84,164.234571642395
40332.85,160.164415998173
40332.86,155.484982130983
40332.87,157.736083406137
40332.88,150.452347955299
40332.89,146.274036775193
40332.9,143.603312799334
40332.91,134.738177045179
40332.92,133.830098624084
40332.93,130.774908574759
40332.94,131.297461318021
40332.95,129.473692286847
40332.96,122.223280135692
40332.97,115.219189389688
40332.98,110.882603160984
40332.99,108.385442352205
40333,106.233953546525
40333.01,103.885398371474
40333.02,103.999600933523
40333.03,98.8312467451709
40333.04,95.739685725755
40333.05,98.4949084479643
40333.06,96.7938261176693
40333.07,95.2384561658883
40333.08,95.7212878908517
40333.09,90.736292128587
40333.1,90.3224130364544
40333.11,88.9003123588053
40333.12,85.9143672062878
40333.13,85.3884729142791
40333.14,87.8897923131489
40333.15,87.3540798394134
40333.16,85.6648689571533
40333.17,88.2953096909308
40333.18,88.2403188753151
40333.19,91.7199485750737
40333.2,93.3224252693803
40333.21,91.7646289779177
40333.22,88.2349135004959
40333.23,85.6496758938571
40333.24,86.3986134173128
40333.25,81.2998527829742
40333.26,85.033421373789
40333.27,77.0109840797156
40333.28,76.1007727318354
40333.29,76.508051389889
40333.3,72.5450122949496
40333.31,66.234848097157
40333.32,63.4983725137072
40333.33,61.040938002902
40333.34,60.902149015182
40333.35,59.078926715644
40333.36,57.7126471218666
40333.37,55.6283580268819
40333.38,56.108137601743
40333.39,53.3714542138879
40333.4,51.1753485834988
40333.41,49.6534308102629
40333.42,51.7998181917264
40333.43,45.2890118091065
40333.44,40.7524408031406
40333.45,38.4179943886161
40333.46,35.8405507737291
40333.47,34.2350266138171
40333.48,33.4469248470931
40333.49,32.4884938740902
40333.5,30.9389088738719
40333.51,29.6077817736022
40333.52,28.7643841324814
40333.53,27.4943910278986
40333.54,28.4497851368922
40333.55,28.7223386066755
40333.56,27.8315367101967
40333.57,27.6057061007007
40333.58,26.4165052076062
40333.59,25.6153508547506
40333.6,24.9493046169599
40333.61,23.3637135049004
40333.62,22.6582795879212
40333.63,21.5283961404432
40333.64,21.118505477782
40333.65,19.7723155101708
40333.66,18.7448141260769
40333.67,18.3554902856132
40333.68,18.7460544225276
40333.69,18.821339507664
40333.7,18.7688162133678
40333.71,17.7683346650942
40333.72,17.2716848479912
40333.73,17.1547857736497
40333.74,16.9234080904499
40333.75,16.7645983437712
40333.76,17.1146322215916
40333.77,17.5594706576148
40333.78,17.0295028103723
40333.79,16.3793050743791
40333.8,15.4048430146902
40333.81,15.2484224036344
40333.82,15.3222968234279
40333.83,15.6736461286517
40333.84,15.1086972585262
40333.85,14.6800618621209
40333.86,14.1116158683903
40333.87,14.8338195649933
40333.88,15.3029526433431
40333.89,14.8177559247171
40333.9,14.642979500289
40333.91,14.0418113419728
40333.92,13.6749920503189
40333.93,14.3686874350776
40333.94,14.0173494077688
40333.95,13.7027428856112
40333.96,13.4755633654496
40333.97,12.736865993191
40333.98,11.966719686589
40333.99,11.1134335353778
40334,11.3086473925327
40334.01,10.9029030626127
40334.02,10.5680390234044
40334.03,10.7091416196093
40334.04,10.2170878810861
40334.05,9.9406304771848
40334.06,9.57643605469755
40334.07,9.55366630919244
40334.08,9.34302375511581
40334.09,8.75276559322666
40334.1,8.89035014919234
40334.11,9.09043667562963
40334.12,9.01683923339621
40334.13,8.77713235945437
40334.14,8.5849940298291
40334.15,8.13733414748194
40334.16,7.90511824819413
40334.17,7.99684381966585
40334.18,7.89521782665827
40334.19,7.42105431142447
40334.2,6.9786691810171
40334.21,6.77870056970943
40334.22,6.88372510770186
40334.23,6.8192405294622
40334.24,6.68760858228529
40334.25,6.72522835806584
40334.26,6.44464615637717
40334.27,6.37890945703314
40334.28,6.18225687150242
40334.29,5.8494941678649
40334.3,5.81668079034436
40334.31,5.47536647991806
40334.32,5.34722253071995
40334.33,5.38312865558598
40334.34,5.05951850498304
40334.35,5.12283415946549
40334.36,5.19236826964186
40334.37,5.16081155730935
40334.38,4.96729585095599
40334.39,4.77677162240808
40334.4,4.59115529951548
40334.41,4.44344313066941
40334.42,4.17884629089653
40334.43,4.07171709656491
40334.44,4.0952278206571
40334.45,3.77982035581073
40334.46,3.8079433493042
40334.47,3.53115888541801
40334.48,3.29318217438434
40334.49,3.1047731391435
40334.5,2.95386826551856
40334.51,2.82266481987203
40334.52,2.804964164671
40334.53,2.68674810419553
40334.54,2.61301843582063
40334.55,2.40577067178815
40334.56,2.26771251253012
40334.57,1.99040965195661
40334.58,1.76940135485443
40334.59,1.73193994753725
40334.6,1.55826854832761
40334.61,1.41611837459269
40334.62,1.27595357551802
40334.63,1.12202522402404
40334.64,0.905419971662738
40334.65,0.755624255976684
40334.66,0.789939237744168
40334.67,0.79468117678133
40334.68,0.76533062343348
40334.69,0.746714240515162
40334.7,0.717436870934381
40334.71,0.703094689691872
40334.72,0.687095334712165
40334.73,0.669087564691045
40334.74,0.637424517633144
40334.75,0.589840644143874
40334.76,0.583228824593201
40334.77,0.571830809704485
40334.78,0.56543881020662
40334.79,0.568374227845652
40334.8,0.548298954061227
40334.81,0.551096603708623
40334.82,0.531658628397945
40334.83,0.53006657880661
40334.84,0.522730468532252
40334.85,0.493570159998451
40334.86,0.490756397191707
40334.87,0.480098246780706
40334.88,0.463979611346218
40334.89,0.445135113778548
40334.9,0.428525481415346
40334.91,0.402629346526608
40334.92,0.372774713480535
40334.93,0.357204703760797
40334.94,0.350425973275114
40334.95,0.333349184200922
40334.96,0.32479580567598
40334.97,0.295549962285106
40334.98,0.294616560901683
40334.99,0.280742759961606
40335,0.262710623262867
40335.01,0.24739861094815
40335.02,0.234153334439441
40335.03,0.218841260102587
40335.04,0.205308245921701
40335.05,0.182574867368561
40335.06,0.170494449961683
40335.07,0.154451139535798
40335.08,0.145560401498257
40335.09,0.145524322091665
40335.1,0.141888208636599
40335.11,0.14461641527931
40335.12,0.138162672485264
40335.13,0.139639582466187
40335.14,0.137728362473216
40335.15,0.130550642006927
40335.16,0.129893056039559
40335.17,0.127705049104599
40335.18,0.12690138888234
40335.19,0.120434384562843
40335.2,0.10830286793151
40335.21,0.103319064016029
40335.22,0.100094664582626
40335.23,0.0990954683667826
40335.24,0.0986432375943676
40335.25,0.0981720566376919
40335.26,0.0955732823777213
40335.27,0.0917117111637373
40335.28,0.0863468259138101
40335.29,0.083415031453244
40335.3,0.0782155796266654
40335.31,0.0747152253760761
40335.32,0.0699381795783925
40335.33,0.0673658218048513
40335.34,0.062641922359984
40335.35,0.0576295715238936
40335.36,0.0529958955221176
40335.37,0.0501150522491553
40335.38,0.0456592242618562
40335.39,0.0435154364540692
40335.4,0.038539170544001
40335.41,0.0351535984962077
40335.42,0.0311593115340148
40335.43,0.0266022341219987
40335.44,0.0230821420901351
40335.45,0.019870953792105
40335.46,0.0166618574296112
40335.47,0.0129833199576274
40335.48,0.00916876685942737
40335.49,0.0056478284917121
40335.5,0.00469056746823031
40335.51,0.00456168606762685
40335.52,0.00402428666359503
40335.53,0.00363873803140554
40335.54,0.00348091974756388
40335.55,0.00297991765604099
40335.56,0.00271775864866999
40335.57,0.00240566017785136
40335.58,0.00136336858047427
40335.59,0.00220260103280934
40335.6,0.00865191145205693
40335.61,0.031448671286948
40335.62,0.0767373919824474
40335.63,0.144776954176048
40335.64,0.216276507152794
40335.65,0.145497040088033
40335.66,0.128977172830616
40335.67,0.119939291871546
40335.68,0.120430830301164
40335.69,0.11417187355545
40335.7,0.107640413749825
40335.71,0.103124151076141
40335.72,0.0956213570502597
40335.73,0.089836872774019
40335.74,0.0811825373312247
40335.75,0.073098807528857
40335.76,0.0708543549151553
40335.77,0.0678682293062552
40335.78,0.0657897564868625
40335.79,0.0623974590754809
40335.8,0.0605450804685892
40335.81,0.057577839665065
40335.82,0.0544128566300315
40335.83,0.0522921632685718
40335.84,0.0485721649738957
40335.85,0.0432625716316141
40335.86,0.0386773030655002
40335.87,0.0349373102894438
40335.88,0.0324503405391879
40335.89,0.0295661007164276
40335.9,0.0275853931260563
40335.91,0.0268172577818452
40335.92,0.0260932855140803
40335.93,0.0232310703825287
40335.94,0.0207454691569834
40335.95,0.0189570935729742
40335.96,0.0173267876028205
40335.97,0.01538836838433
40335.98,0.0131720614818569
40335.99,0.0123574752205996
40336,0.0107814989625988
40336.01,0.00946575743931055
40336.02,0.00786407351522638
40336.03,0.00615154759334143
40336.04,0.00410498704839127
40336.05,0.00239648285628928
40336.06,0.000655435295484665
40336.07,0.000444945278471573
40336.08,0.00041561280515572
40336.09,0.000382468732442086
40336.1,0.000364821112164582
40336.11,0.000353045245739012
40336.12,0.000344028075837943
40336.13,0.000325999466141053
40336.14,0.000291233103933892
40336.15,0.000270020536700728
40336.16,0.00024827636755746
40336.17,0.000225829947971782
40336.18,0.000201408404888166
40336.19,0.000188067256183996
40336.2,0.000167575094982819
40336.21,0.000151227248520113
40336.22,0.000136483824471767
40336.23,0.000116489511106326
40336.24,9.87331826271786E-05
40336.25,8.04199546927681E-05
40336.26,6.60284844058287E-05
40336.27,4.77668627559053E-05
40336.28,2.95388293113205E-05
40336.29,1.36789654228475E-05
40336.3,0
40336.31,0
40336.32,0
40336.33,0
40336.34,0
40336.35,0
40336.36,0
40336.37,0
40336.38,0
40336.39,0
40336.4,0
40336.41,0
40336.42,0
40336.43,0
40336.44,0
40336.45,0
40336.46,0
40336.47,0
40336.48,0
40336.49,0
40336.5,0
40336.51,0
40336.52,0
40336.53,0
40336.54,0
40336.55,0
40336.56,0
40336.57,0
40336.58,0
40336.59,0
40336.6,0
40336.61,0
40336.62,0
40336.63,0
40336.64,0
40336.65,0
40336.66,0
40336.67,0
40336.68,0
40336.69,0
40336.7,0
40336.71,0
40336.72,0
40336.73,0
40336.74,0
40336.75,0
40336.76,0
40336.77,0
40336.78,0
40336.79,0
40336.8,0
40336.81,0
40336.82,0
40336.83,0
40336.84,0
40336.85,0
40336.86,0
40336.87,0
40336.88,0
40336.89,0
40336.9,0
40336.91,0
40336.92,0
40336.93,0
40336.94,0
40336.95,0
40336.96,0
40336.97,0
40336.98,0
40336.99,0
40337,0
40337.01,0
40337.02,0
40337.03,0
40337.04,0
40337.05,0
40337.06,0
40337.07,0
40337.08,0
40337.09,0
40337.1,0
40337.11,0
40337.12,0
40337.13,0
40337.14,0
40337.15,0
40337.16,0
40337.17,0
40337.18,0
40337.19,0
40337.2,0
40337.21,0
40337.22,0
40337.23,0
40337.24,0
40337.25,0
40337.26,0
40337.27,0
40337.28,0
40337.29,0
40337.3,0
40337.31,0
40337.32,0
40337.33,0
40337.34,0
40337.35,0
40337.36,0
40337.37,0
40337.38,0
40337.39,0
40337.4,0
40337.41,0
40337.42,0
40337.43,0
40337.44,0
40337.45,0
40337.46,0
40337.47,0
40337.48,0
40337.49,0
40337.5,0
40337.51,0
40337.52,0
40337.53,0
40337.54,0
40337.55,0
40337.56,0
40337.57,0
40337.58,0
40337.59,0
40337.6,0
40337.61,0
40337.62,0
40337.63,0
40337.64,0
40337.65,0
40337.66,0
40337.67,0
40337.68,0
40337.69,0
40337.7,0
40337.71,0
40337.72,0
40337.73,0
40337.74,0
40337.75,0
40337.76,0
40337.77,0
40337.78,0
40337.79,0
40337.8,0
40337.81,0
40337.82,0
40337.83,0
40337.84,0
40337.85,0
40337.86,0
40337.87,0
40337.88,0
40337.89,0
40337.9,0
40337.91,0
40337.92,0
40337.93,0
40337.94,0
40337.95,0
40337.96,0
40337.97,0
40337.98,0
40337.99,0
40338,0
40338.01,0
40338.02,0
40338.03,0
40338.04,0
40338.05,0
40338.06,0
40338.07,0
40338.08,0
40338.09,0
40338.1,0
40338.11,0
40338.12,0
40338.13,0
40338.14,0
40338.15,0
40338.16,0
40338.17,0
40338.18,0
40338.19,0
40338.2,0
40338.21,0
40338.22,0
40338.23,0
40338.24,0
40338.25,0
40338.26,0
40338.27,0
40338.28,0
40338.29,0
40338.3,0
40338.31,0
40338.32,0
40338.33,0
40338.34,0
40338.35,0
40338.36,0
40338.37,0
40338.38,0
40338.39,0
40338.4,0
40338.41,0
40338.42,0
40338.43,0
40338.44,0
40338.45,0
40338.46,0
40338.47,0
40338.48,0
40338.49,0
40338.5,0
40338.51,0
40338.52,0
40338.53,0
40338.54,0
40338.55,0
40338.56,0
40338.57,0
40338.58,0
40338.59,0
40338.6,0
40338.61,0
40338.62,0
40338.63,0
40338.64,0
40338.65,0
40338.66,0
40338.67,0
40338.68,0
40338.69,0
40338.7,0
40338.71,0
40338.72,0
40338.73,0
40338.74,0
40338.75,0
40338.76,0
40338.77,0
40338.78,0
40338.79,0
40338.8,0
40338.81,0
40338.82,0
40338.83,0
40338.84,0
40338.85,0
40338.86,0
40338.87,0
40338.88,0
40338.89,0
40338.9,0
40338.91,0
40338.92,0
40338.93,0
40338.94,0
40338.95,0
40338.96,0
40338.97,0
40338.98,0
40338.99,0
40339,0
40339.01,0
40339.02,0
40339.03,0
40339.04,0
40339.05,0
40339.06,0
40339.07,0
40339.08,0
40339.09,0
40339.1,0
40339.11,0
40339.12,0
40339.13,0
40339.14,0
40339.15,0
40339.16,0
40339.17,0
40339.18,0
40339.19,0
40339.2,0
40339.21,0
40339.22,0
40339.23,0
40339.24,0
40339.25,0
40339.26,0
40339.27,0
40339.28,0
40339.29,0
40339.3,0
40339.31,0
40339.32,0
40339.33,0
40339.34,0
40339.35,0
40339.36,0
40339.37,0
40339.38,0
40339.39,0
40339.4,0
40339.41,0
40339.42,0
40339.43,0
40339.44,0
40339.45,0
40339.46,0
40339.47,0
40339.48,0
40339.49,0
40339.5,0
40339.51,0
40339.52,0
40339.53,0
40339.54,0
40339.55,0
40339.56,0
40339.57,0
40339.58,0
40339.59,0
40339.6,0
40339.61,0
40339.62,0
40339.63,0
40339.64,0
40339.65,0
40339.66,0
40339.67,0
40339.68,0
40339.69,0
40339.7,0
40339.71,0
40339.72,0
40339.73,0
40339.74,0
40339.75,0
40339.76,0
40339.77,0
40339.78,0
40339.79,0
40339.8,0
40339.81,0
40339.82,0
40339.83,0
40339.84,0
40339.85,0
40339.86,0
40339.87,0
40339.88,0
40339.89,0
40339.9,0
40339.91,0
40339.92,0
40339.93,0
40339.94,0
40339.95,0
40339.96,0
40339.97,0
40339.98,0
40339.99,0
40340,0
40340.01,0
40340.02,0
40340.03,0
40340.04,0
40340.05,0
40340.06,0
40340.07,0
40340.08,0
40340.09,0
40340.1,0
40340.11,0
40340.12,0
40340.13,0
40340.14,0
40340.15,0
40340.16,0
40340.17,0
40340.18,0
40340.19,0
40340.2,0
40340.21,0
40340.22,0
40340.23,0
40340.24,0
40340.25,0
40340.26,0
40340.27,0
40340.28,0
40340.29,0
40340.3,0
40340.31,0
40340.32,0
40340.33,0
40340.34,0
40340.35,0
40340.36,0
40340.37,0
40340.38,0
40340.39,0
40340.4,0
40340.41,0
40340.42,0
40340.43,0
40340.44,0
40340.45,0
40340.46,0
40340.47,0
40340.48,0
40340.49,0
40340.5,0
40340.51,0
40340.52,0
40340.53,0
40340.54,0
40340.55,0
40340.56,0
40340.57,0
40340.58,0
40340.59,0
40340.6,0
40340.61,0
40340.62,0
40340.63,0
40340.64,0
40340.65,0
40340.66,0
40340.67,0
40340.68,0
40340.69,0
40340.7,0
40340.71,0
40340.72,0
40340.73,0
40340.74,0
40340.75,0
40340.76,0
40340.77,0
40340.78,0
40340.79,0
40340.8,0
40340.81,0
40340.82,0
40340.83,0
40340.84,0
40340.85,0
40340.86,0
40340.87,0
40340.88,0
40340.89,0
40340.9,0
40340.91,0
40340.92,0
40340.93,0
40340.94,0
40340.95,0
40340.96,0
40340.97,0
40340.98,0
40340.99,0
40341,0
40341.01,0
40341.02,0
40341.03,0
40341.04,0
40341.05,0
40341.06,0
40341.07,0
40341.08,0
40341.09,0
40341.1,0
40341.11,0
40341.12,0
40341.13,0
40341.14,0
40341.15,0
40341.16,0
40341.17,0
40341.18,0
40341.19,0
40341.2,0
40341.21,0
40341.22,0
40341.23,0
40341.24,0
40341.25,0
40341.26,0
40341.27,0
40341.28,0
40341.29,0
40341.3,0
40341.31,0
40341.32,0
40341.33,0
40341.34,0
40341.35,0
40341.36,0
40341.37,0
40341.38,0
40341.39,0
40341.4,0
40341.41,0
40341.42,0
40341.43,0
40341.44,0
40341.45,0
40341.46,0
40341.47,0
40341.48,0
40341.49,0
40341.5,0
40341.51,0
40341.52,0
40341.53,0
40341.54,0
40341.55,0
40341.56,0
40341.57,0
40341.58,0
40341.59,0
40341.6,0
40341.61,0
40341.62,0
40341.63,0
40341.64,0
40341.65,0
40341.66,0
40341.67,0
40341.68,0
40341.69,0
40341.7,0
40341.71,0
40341.72,0
40341.73,0
40341.74,0
40341.75,0
40341.76,0
40341.77,0
40341.78,0
40341.79,0
40341.8,0
40341.81,0
40341.82,0
40341.83,0
40341.84,0
40341.85,0
40341.86,0
40341.87,0
40341.88,0
40341.89,0
40341.9,0
40341.91,0
40341.92,0
40341.93,0
40341.94,0
40341.95,0
40341.96,0
40341.97,0
40341.98,0
40341.99,0
40342,0
40342.01,0
40342.02,0
40342.03,0
40342.04,0
40342.05,0
40342.06,0
40342.07,0
40342.08,0
40342.09,0
40342.1,0
40342.11,0
40342.12,0
40342.13,0
40342.14,0
40342.15,0
40342.16,0
40342.17,0
40342.18,0
40342.19,0
40342.2,0
40342.21,0
40342.22,0
40342.23,0
40342.24,0
40342.25,0
40342.26,0
40342.27,0
40342.28,0
40342.29,0
40342.3,0
40342.31,0
40342.32,0
40342.33,0
40342.34,0
40342.35,0
40342.36,0
40342.37,0
40342.38,0
40342.39,0
40342.4,0
40342.41,0
40342.42,0
40342.43,0
40342.44,0
40342.45,0
40342.46,0
40342.47,0
40342.48,0
40342.49,0
40342.5,0
40342.51,0
40342.52,0
40342.53,0
40342.54,0
40342.55,0
40342.56,0
40342.57,0
40342.58,0
40342.59,0
40342.6,0
40342.61,0
40342.62,0
40342.63,0
40342.64,0
40342.65,0
40342.66,0
40342.67,0
40342.68,0
40342.69,0
40342.7,0
40342.71,0
40342.72,0
40342.73,0
40342.74,0
40342.75,0
40342.76,0
40342.77,0
40342.78,0
40342.79,0
40342.8,0
40342.81,0
40342.82,0
40342.83,0
40342.84,0
40342.85,0
40342.86,0
40342.87,0
40342.88,0
40342.89,0
40342.9,0
40342.91,0
40342.92,0
40342.93,0
40342.94,0
40342.95,0
40342.96,0
40342.97,0
40342.98,0
40342.99,0
40343,0
40343.01,0
40343.02,0
40343.03,0
40343.04,0
40343.05,0
40343.06,0
40343.07,0
40343.08,0
40343.09,0
40343.1,0
40343.11,0
40343.12,0
40343.13,0
40343.14,0
40343.15,0
40343.16,0
40343.17,0
40343.18,0
40343.19,0
40343.2,0
40343.21,0
40343.22,0
40343.23,0
40343.24,0
40343.25,0
40343.26,0
40343.27,0
40343.28,0
40343.29,0
40343.3,0
40343.31,0
40343.32,0
40343.33,0
40343.34,0
40343.35,0
40343.36,0
40343.37,0
40343.38,0
40343.39,0
40343.4,0
40343.41,0
40343.42,0
40343.43,0
40343.44,0
40343.45,0
40343.46,0
40343.47,0
40343.48,0
40343.49,0
40343.5,0
40343.51,0
40343.52,0
40343.53,0
40343.54,0
40343.55,0
40343.56,0
40343.57,0
40343.58,0
40343.59,0
40343.6,0
40343.61,0
40343.62,0
40343.63,0
40343.64,0
40343.65,0
40343.66,0
40343.67,0
40343.68,0
40343.69,0
40343.7,0
40343.71,0
40343.72,0
40343.73,0
40343.74,0
40343.75,0
40343.76,0
40343.77,0
40343.78,0
40343.79,0
40343.8,0
40343.81,0
40343.82,0
40343.83,0
40343.84,0
40343.85,0
40343.86,0
40343.87,0
40343.88,0
40343.89,0
40343.9,0
40343.91,0
40343.92,0
40343.93,0
40343.94,0
40343.95,0
40343.96,0
40343.97,0
40343.98,0
40343.99,0
40344,0
40344.01,0
40344.02,0
40344.03,0
40344.04,0
40344.05,0
40344.06,0
40344.07,0
40344.08,0
40344.09,0
40344.1,0
40344.11,0
40344.12,0
40344.13,0
40344.14,0
40344.15,0
40344.16,0
40344.17,0
40344.18,0
40344.19,0
40344.2,0
40344.21,0
40344.22,0
40344.23,0
40344.24,0
40344.25,0
40344.26,0
40344.27,0
40344.28,0
40344.29,0
40344.3,0
40344.31,0
40344.32,0
40344.33,0
40344.34,0
40344.35,0
40344.36,0
40344.37,0
40344.38,0
40344.39,0
40344.4,0
40344.41,0
40344.42,0
40344.43,0
40344.44,0
40344.45,0
40344.46,0
40344.47,0
40344.48,0
40344.49,0
40344.5,0
40344.51,0
40344.52,0
40344.53,0
40344.54,0
40344.55,0
40344.56,0
40344.57,0
40344.58,0
40344.59,0
40344.6,0
40344.61,0
40344.62,0
40344.63,0
40344.64,0
40344.65,0
40344.66,0
40344.67,0
40344.68,0
40344.69,0
40344.7,0
40344.71,0
40344.72,0
40344.73,0
40344.74,0
40344.75,0
40344.76,0
40344.77,0
40344.78,0
40344.79,0
40344.8,0
40344.81,0
40344.82,0
40344.83,0
40344.84,0
40344.85,0
40344.86,0
40344.87,0
40344.88,0
40344.89,0
40344.9,0
40344.91,0
40344.92,0
40344.93,0
40344.94,0
40344.95,0
40344.96,0
40344.97,0
40344.98,0
40344.99,0
40345,0
40345.01,0
40345.02,0
40345.03,0
40345.04,0
40345.05,0
40345.06,0
40345.07,0
40345.08,0
40345.09,0
40345.1,0
40345.11,0
40345.12,0
40345.13,0
40345.14,0
40345.15,0
40345.16,0
40345.17,0
40345.18,0
40345.19,0
40345.2,0
40345.21,0
40345.22,0
40345.23,0
40345.24,0
40345.25,0
40345.26,0
40345.27,0
40345.28,0
40345.29,0
40345.3,0
40345.31,0
40345.32,0
40345.33,0
40345.34,0
40345.35,0
40345.36,0
40345.37,0
40345.38,0
40345.39,0
40345.4,0
40345.41,0
40345.42,0
40345.43,0
40345.44,0
40345.45,0
40345.46,0
40345.47,0
40345.48,0
40345.49,0
40345.5,0
40345.51,0
40345.52,0
40345.53,0
40345.54,0
40345.55,0
40345.56,0
40345.57,0
40345.58,0
40345.59,0
40345.6,0
40345.61,0
40345.62,0
40345.63,0
40345.64,0
40345.65,0
40345.66,0
40345.67,0
40345.68,0
40345.69,0
40345.7,0
40345.71,0
40345.72,0
40345.73,0
40345.74,0
40345.75,0
40345.76,0
40345.77,0
40345.78,0
40345.79,0
40345.8,0
40345.81,0
40345.82,0
40345.83,0
40345.84,0
40345.85,0
40345.86,0
40345.87,0
40345.88,0
40345.89,0
40345.9,0
40345.91,0
40345.92,0
40345.93,0
40345.94,0
40345.95,0
40345.96,0
40345.97,0
40345.98,0
40345.99,0
40346,0
40346.01,0
40346.02,0
40346.03,0
40346.04,0
40346.05,0
40346.06,0
40346.07,0
40346.08,0
40346.09,0
40346.1,0
40346.11,0
40346.12,0
40346.13,0
40346.14,0
40346.15,0
40346.16,0
40346.17,0
40346.18,0
40346.19,0
40346.2,0
40346.21,0
40346.22,0
40346.23,0
40346.24,0
40346.25,0
40346.26,0
40346.27,0
40346.28,0
40346.29,0
40346.3,0
40346.31,0
40346.32,0
40346.33,0
40346.34,0
40346.35,0
40346.36,0
40346.37,0
40346.38,0
40346.39,0
40346.4,0
40346.41,0
40346.42,0
40346.43,0
40346.44,0
40346.45,0
40346.46,0
40346.47,0
40346.48,0
40346.49,0
40346.5,0
40346.51,0
40346.52,0
40346.53,0
40346.54,0
40346.55,0
40346.56,0
40346.57,0
40346.58,0
40346.59,0
40346.6,0
40346.61,0
40346.62,0
40346.63,0
40346.64,0
40346.65,0
40346.66,0
40346.67,0
40346.68,0
40346.69,0
40346.7,0
40346.71,0
40346.72,0
40346.73,0
40346.74,0
40346.75,0
40346.76,0
40346.77,0
40346.78,0
40346.79,0
40346.8,0
40346.81,0
40346.82,0
40346.83,0
40346.84,0
40346.85,0
40346.86,0
40346.87,0
40346.88,0
40346.89,0
40346.9,0
40346.91,0
40346.92,0
40346.93,0
40346.94,0
40346.95,0
40346.96,0
40346.97,0
40346.98,0
40346.99,0
40347,0
40347.01,0
40347.02,0
40347.03,0
40347.04,0
40347.05,0
40347.06,0
40347.07,0
40347.08,0
40347.09,0
40347.1,0
40347.11,0
40347.12,0
40347.13,0
40347.14,0
40347.15,0
40347.16,0
40347.17,0
40347.18,0
40347.19,0
40347.2,0
40347.21,0
40347.22,0
40347.23,0
40347.24,0
40347.25,0
40347.26,0
40347.27,0
40347.28,0
40347.29,0
40347.3,0
40347.31,0
40347.32,0
40347.33,0
40347.34,0
40347.35,0
40347.36,0
40347.37,0
40347.38,0
40347.39,0
40347.4,0
40347.41,0
40347.42,0
40347.43,0
40347.44,0
40347.45,0
40347.46,0
40347.47,0
40347.48,0
40347.49,0
40347.5,0
40347.51,0
40347.52,0
40347.53,0
40347.54,0
40347.55,0
40347.56,0
40347.57,0
40347.58,0
40347.59,0
40347.6,0
40347.61,0
40347.62,0
40347.63,0
40347.64,0
40347.65,0
40347.66,0
40347.67,0
40347.68,0
40347.69,0
40347.7,0
40347.71,0
40347.72,0
40347.73,0
40347.74,0
40347.75,0
40347.76,0
40347.77,0
40347.78,0
40347.79,0
40347.8,0
40347.81,0
40347.82,0
40347.83,0
40347.84,0
40347.85,0
40347.86,0
40347.87,0
40347.88,0
40347.89,0
40347.9,0
40347.91,0
40347.92,0
40347.93,0
40347.94,0
40347.95,0
40347.96,0
40347.97,0
40347.98,0
40347.99,0
40348,0
40348.01,0
40348.02,0
40348.03,0
40348.04,0
40348.05,0
40348.06,0
40348.07,0
40348.08,0
40348.09,0
40348.1,0
40348.11,0
40348.12,0
40348.13,0
40348.14,0
40348.15,0
40348.16,0
40348.17,0
40348.18,0
40348.19,0
40348.2,0
40348.21,0
40348.22,0
40348.23,0
40348.24,0
40348.25,0
40348.26,0
40348.27,0
40348.28,0
40348.29,0
40348.3,0
40348.31,0
40348.32,0
40348.33,0
40348.34,0
40348.35,0
40348.36,0
40348.37,0
40348.38,0
40348.39,0
40348.4,0
40348.41,0
40348.42,0
40348.43,0
40348.44,0
40348.45,0
40348.46,0
40348.47,0
40348.48,0
40348.49,0
40348.5,0
40348.51,0
40348.52,0
40348.53,0
40348.54,0
40348.55,0
40348.56,0
40348.57,0
40348.58,0
40348.59,0
40348.6,0
40348.61,0
40348.62,0
40348.63,0
40348.64,0
40348.65,0
40348.66,0
40348.67,0
40348.68,0
40348.69,0
40348.7,0
40348.71,0
40348.72,0
40348.73,0
40348.74,0
40348.75,0
40348.76,0
40348.77,0
40348.78,0
40348.79,0
40348.8,0
40348.81,0
40348.82,0
40348.83,0
40348.84,0
40348.85,0
40348.86,0
40348.87,0
40348.88,0
40348.89,0
40348.9,0
40348.91,0
40348.92,0
40348.93,0
40348.94,0
40348.95,0
40348.96,0
40348.97,0
40348.98,0
40348.99,0
40349,0
40349.01,0
40349.02,0
40349.03,0
40349.04,0
40349.05,0
40349.06,0
40349.07,0
40349.08,0
40349.09,0
40349.1,0
40349.11,0
40349.12,0
40349.13,0
40349.14,0
40349.15,0
40349.16,0
40349.17,0
40349.18,0
40349.19,0
40349.2,0
40349.21,0
40349.22,0
40349.23,0
40349.24,0
40349.25,0
40349.26,0
40349.27,0
40349.28,0
40349.29,0
40349.3,0
40349.31,0
40349.32,0
40349.33,0
40349.34,0
40349.35,0
40349.36,0
40349.37,0
40349.38,0
40349.39,0
40349.4,0
40349.41,0
40349.42,0
40349.43,0
40349.44,0
40349.45,0
40349.46,0
40349.47,0
40349.48,0
40349.49,0
40349.5,0
40349.51,0
40349.52,0
40349.53,0
40349.54,0
40349.55,0
40349.56,0
40349.57,0
40349.58,0
40349.59,0
40349.6,0
40349.61,0
40349.62,0
40349.63,0
40349.64,0
40349.65,0
40349.66,0
40349.67,0
40349.68,0
40349.69,0
40349.7,0
40349.71,0
40349.72,0
40349.73,0
40349.74,0
40349.75,0
40349.76,0
40349.77,0
40349.78,0
40349.79,0
40349.8,0
40349.81,0
40349.82,0
40349.83,0
40349.84,0
40349.85,0
40349.86,0
40349.87,0
40349.88,0
40349.89,0
40349.9,0
40349.91,0
40349.92,0
40349.93,0
40349.94,0
40349.95,0
40349.96,0
40349.97,0
40349.98,0
40349.99,0
40350,0
40350.01,0
40350.02,0
40350.03,0
40350.04,0
40350.05,0
40350.06,0
40350.07,0
40350.08,0
40350.09,0
40350.1,0
40350.11,0
40350.12,0
40350.13,0
40350.14,0
40350.15,0
40350.16,0
40350.17,0
40350.18,0
40350.19,0
40350.2,0
40350.21,0
40350.22,0
40350.23,0
40350.24,0
40350.25,0
40350.26,0
40350.27,0
40350.28,0
40350.29,0
40350.3,0
40350.31,0
40350.32,0
40350.33,0
40350.34,0
40350.35,0
40350.36,0
40350.37,0
40350.38,0
40350.39,0
40350.4,0
40350.41,0
40350.42,0
40350.43,0
40350.44,0
40350.45,0
40350.46,0
40350.47,0
40350.48,0
40350.49,0
40350.5,0
40350.51,0
40350.52,0
40350.53,0
40350.54,0
40350.55,0
40350.56,0
40350.57,0
40350.58,0
40350.59,0
40350.6,0
40350.61,0
40350.62,0
40350.63,0
40350.64,0
40350.65,0
40350.66,0
40350.67,0
40350.68,0
40350.69,0
40350.7,0
40350.71,0
40350.72,0
40350.73,0
40350.74,0
40350.75,0
40350.76,0
40350.77,0
40350.78,0
40350.79,0
40350.8,0
40350.81,0
40350.82,0
40350.83,0
40350.84,0
40350.85,0
40350.86,0
40350.87,0
40350.88,0
40350.89,0
40350.9,0
40350.91,0
40350.92,0
40350.93,0
40350.94,0
40350.95,0
40350.96,0
40350.97,0
40350.98,0
40350.99,0
40351,0
40351.01,0
40351.02,0
40351.03,0
40351.04,0
40351.05,0
40351.06,0
40351.07,0
40351.08,0
40351.09,0
40351.1,0
40351.11,0
40351.12,0
40351.13,0
40351.14,0
40351.15,0
40351.16,0
40351.17,0
40351.18,0
40351.19,0
40351.2,0
40351.21,0
40351.22,0
40351.23,0
40351.24,0
40351.25,0
40351.26,0
40351.27,0
40351.28,0
40351.29,0
40351.3,0
40351.31,0
40351.32,0
40351.33,0
40351.34,0
40351.35,0
40351.36,0
40351.37,0
40351.38,0
40351.39,0
40351.4,0
40351.41,0
40351.42,0
40351.43,0
40351.44,0
40351.45,0
40351.46,0
40351.47,0
40351.48,0
40351.49,0
40351.5,0
40351.51,0
40351.52,0
40351.53,0
40351.54,0
40351.55,0
40351.56,0
40351.57,0
40351.58,0
40351.59,0
40351.6,0
40351.61,0
40351.62,0
40351.63,0
40351.64,0
40351.65,0
40351.66,0
40351.67,0
40351.68,0
40351.69,0
40351.7,0
40351.71,0
40351.72,0
40351.73,0
40351.74,0
40351.75,0
40351.76,0
40351.77,0
40351.78,0
40351.79,0
40351.8,0
40351.81,0
40351.82,0
40351.83,0
40351.84,0
40351.85,0
40351.86,0
40351.87,0
40351.88,0
40351.89,0
40351.9,0
40351.91,0
40351.92,0
40351.93,0
40351.94,0
40351.95,0
40351.96,0
40351.97,0
40351.98,0
40351.99,0
40352,0
40352.01,0
40352.02,0
40352.03,0
40352.04,0
40352.05,0
40352.06,0
40352.07,0
40352.08,0
40352.09,0
40352.1,0
40352.11,0
40352.12,0
40352.13,0
40352.14,0
40352.15,0
40352.16,0
40352.17,0
40352.18,0
40352.19,0
40352.2,0
40352.21,0
40352.22,0
40352.23,0
40352.24,0
40352.25,0
40352.26,0
40352.27,0
40352.28,0
40352.29,0
40352.3,0
40352.31,0
40352.32,0
40352.33,0
40352.34,0
40352.35,0
40352.36,0
40352.37,0
40352.38,0
40352.39,0
40352.4,0
40352.41,0
40352.42,0
40352.43,0
40352.44,0
40352.45,0
40352.46,0
40352.47,0
40352.48,0
40352.49,0
40352.5,0
40352.51,0
40352.52,0
40352.53,0
40352.54,0
40352.55,0
40352.56,0
40352.57,0
40352.58,0
40352.59,0
40352.6,0
40352.61,0
40352.62,0
40352.63,0
40352.64,0
40352.65,0
40352.66,0
40352.67,0
40352.68,0
40352.69,0
40352.7,0
40352.71,0
40352.72,0
40352.73,0
40352.74,0
40352.75,0
40352.76,0
40352.77,0
40352.78,0
40352.79,0
40352.8,0
40352.81,0
40352.82,0
40352.83,0
40352.84,0
40352.85,0
40352.86,0
40352.87,0
40352.88,0
40352.89,0
40352.9,0
40352.91,0
40352.92,0
40352.93,0
40352.94,0
40352.95,0
40352.96,0
40352.97,0
40352.98,0
40352.99,0
40353,0
40353.01,0
40353.02,0
40353.03,0
40353.04,0
40353.05,0
40353.06,0
40353.07,0
40353.08,0
40353.09,0
40353.1,0
40353.11,0
40353.12,0
40353.13,0
40353.14,0
40353.15,0
40353.16,0
40353.17,0
40353.18,0
40353.19,0
40353.2,0
40353.21,0
40353.22,0
40353.23,0
40353.24,0
40353.25,0
40353.26,0
40353.27,0
40353.28,0
40353.29,0
40353.3,0
40353.31,0
40353.32,0
40353.33,0
40353.34,0
40353.35,0
40353.36,0
40353.37,0
40353.38,0
40353.39,0
40353.4,0
40353.41,0
40353.42,0
40353.43,0
40353.44,0
40353.45,0
40353.46,0
40353.47,0
40353.48,0
40353.49,0
40353.5,0
40353.51,0
40353.52,0
40353.53,0
40353.54,0
40353.55,0
40353.56,0
40353.57,0
40353.58,0
40353.59,0
40353.6,0
40353.61,0
40353.62,0
40353.63,0
40353.64,0
40353.65,0
40353.66,0
40353.67,0
40353.68,0
40353.69,0
40353.7,0
40353.71,0
40353.72,0
40353.73,0
40353.74,0
40353.75,0
40353.76,0
40353.77,0
40353.78,0
40353.79,0
40353.8,0
40353.81,0
40353.82,0
40353.83,0
40353.84,0
40353.85,0
40353.86,0
40353.87,0
40353.88,0
40353.89,0
40353.9,0
40353.91,0
40353.92,0
40353.93,0
40353.94,0
40353.95,0
40353.96,0
40353.97,0
40353.98,0
40353.99,0
40354,0
40354.01,0
40354.02,0
40354.03,0
40354.04,0
40354.05,0
40354.06,0
40354.07,0
40354.08,0
40354.09,0
40354.1,0
40354.11,0
40354.12,0
40354.13,0
40354.14,0
40354.15,0
40354.16,0
40354.17,0
40354.18,0
40354.19,0
40354.2,0
40354.21,0
40354.22,0
40354.23,0
40354.24,0
40354.25,0
40354.26,0
40354.27,0
40354.28,0
40354.29,0
40354.3,0
40354.31,0
40354.32,0
40354.33,0
40354.34,0
40354.35,0
40354.36,0
40354.37,0
40354.38,0
40354.39,0
40354.4,0
40354.41,0
40354.42,0
40354.43,0
40354.44,0
40354.45,0
40354.46,0
40354.47,0
40354.48,0
40354.49,0
40354.5,0
40354.51,0
40354.52,0
40354.53,0
40354.54,0
40354.55,0
40354.56,0
40354.57,0
40354.58,0
40354.59,0
40354.6,0
40354.61,0
40354.62,0
40354.63,0
40354.64,0
40354.65,0
40354.66,0
40354.67,0
40354.68,0
40354.69,0
40354.7,0
40354.71,0
40354.72,0
40354.73,0
40354.74,0
40354.75,0
40354.76,0
40354.77,0
40354.78,0
40354.79,0
40354.8,0
40354.81,0
40354.82,0
40354.83,0
40354.84,0
40354.85,0
40354.86,0
40354.87,0
40354.88,0
40354.89,0
40354.9,0
40354.91,0
40354.92,0
40354.93,0
40354.94,0
40354.95,0
40354.96,0
40354.97,0
40354.98,0
40354.99,0
40355,0
40355.01,0
40355.02,0
40355.03,0
40355.04,0
40355.05,0
40355.06,0
40355.07,0
40355.08,0
40355.09,0
40355.1,0
40355.11,0
40355.12,0
40355.13,0
40355.14,0
40355.15,0
40355.16,0
40355.17,0
40355.18,0
40355.19,0
40355.2,0
40355.21,0
40355.22,0
40355.23,0
40355.24,0
40355.25,0
40355.26,0
40355.27,0
40355.28,0
40355.29,0
40355.3,0
40355.31,0
40355.32,0
40355.33,0
40355.34,0
40355.35,0
40355.36,0
40355.37,0
40355.38,0
40355.39,0
40355.4,0
40355.41,0
40355.42,0
40355.43,0
40355.44,0
40355.45,0
40355.46,0
40355.47,0
40355.48,0
40355.49,0
40355.5,0
40355.51,0
40355.52,0
40355.53,0
40355.54,0
40355.55,0
40355.56,0
40355.57,0
40355.58,0
40355.59,0
40355.6,0
40355.61,0
40355.62,0
40355.63,0
40355.64,0
40355.65,0
40355.66,0
40355.67,0
40355.68,0
40355.69,0
40355.7,0
40355.71,0
40355.72,0
40355.73,0
40355.74,0
40355.75,0
40355.76,0
40355.77,0
40355.78,0
40355.79,0
40355.8,0
40355.81,0
40355.82,0
40355.83,0
40355.84,0
40355.85,0
40355.86,0
40355.87,0
40355.88,0
40355.89,0
40355.9,0
40355.91,0
40355.92,0
40355.93,0
40355.94,0
40355.95,0
40355.96,0
40355.97,0
40355.98,0
40355.99,0
40356,0
40356.01,0
40356.02,0
40356.03,0
40356.04,0
40356.05,0
40356.06,0
40356.07,0
40356.08,0
40356.09,0
40356.1,0
40356.11,0
40356.12,0
40356.13,0
40356.14,0
40356.15,0
40356.16,0
40356.17,0
40356.18,0
40356.19,0
40356.2,0
40356.21,0
40356.22,0
40356.23,0
40356.24,0
40356.25,0
40356.26,0
40356.27,0
40356.28,0
40356.29,0
40356.3,0
40356.31,0
40356.32,0
40356.33,0
40356.34,0
40356.35,0
40356.36,0
40356.37,0
40356.38,0
40356.39,0
40356.4,0
40356.41,0
40356.42,0
40356.43,0
40356.44,0
40356.45,0
40356.46,0
40356.47,0
40356.48,0
40356.49,0
40356.5,0
40356.51,0
40356.52,0
40356.53,0
40356.54,0
40356.55,0
40356.56,0
40356.57,0
40356.58,0
40356.59,0
40356.6,0
40356.61,0
40356.62,0
40356.63,0
40356.64,0
40356.65,0
40356.66,0
40356.67,0
40356.68,0
40356.69,0
40356.7,0
40356.71,0
40356.72,0
40356.73,0
40356.74,0
40356.75,0
40356.76,0
40356.77,0
40356.78,0
40356.79,0
40356.8,0
40356.81,0
40356.82,0
40356.83,0
40356.84,0
40356.85,0
40356.86,0
40356.87,0
40356.88,0
40356.89,0
40356.9,0
40356.91,0
40356.92,0
40356.93,0
40356.94,0
40356.95,0
40356.96,0
40356.97,0
40356.98,0
40356.99,0
40357,0
40357.01,0
40357.02,0
40357.03,0
40357.04,0
40357.05,0
40357.06,0
40357.07,0
40357.08,0
40357.09,0
40357.1,0
40357.11,0
40357.12,0
40357.13,0
40357.14,0
40357.15,0
40357.16,0
40357.17,0
40357.18,0
40357.19,0
40357.2,0
40357.21,0
40357.22,0
40357.23,0
40357.24,0
40357.25,0
40357.26,0
40357.27,0
40357.28,0
40357.29,0
40357.3,0
40357.31,0
40357.32,0
40357.33,0
40357.34,0
40357.35,0
40357.36,0
40357.37,0
40357.38,0
40357.39,0
40357.4,0
40357.41,0
40357.42,0
40357.43,0
40357.44,0
40357.45,0
40357.46,0
40357.47,0
40357.48,0
40357.49,0
40357.5,0
40357.51,0
40357.52,0
40357.53,0
40357.54,0
40357.55,0
40357.56,0
40357.57,0
40357.58,0
40357.59,0
40357.6,2.24587853004415E-07
40357.61,43.8938329367329
40357.62,313.586325690273
40357.63,656.86418179407
40357.64,907.976643543871
40357.65,632.356208075646
40357.66,613.988385139278
40357.67,593.440680284254
40357.68,561.781968886478
40357.69,513.680095267124
40357.7,493.527405908186
40357.71,448.184543658856
40357.72,441.567431481715
40357.73,409.744492856597
40357.74,387.517535329847
40357.75,369.126753581209
40357.76,351.60851840567
40357.77,353.096386188806
40357.78,337.260295386833
40357.79,330.02790187161
40357.8,324.831727668018
40357.81,329.027114198575
40357.82,327.333057759069
40357.83,330.427912977235
40357.84,326.610935595559
40357.85,299.03799604249
40357.86,292.571830823138
40357.87,279.452834950069
40357.88,270.630834135495
40357.89,264.202599521078
40357.9,267.180075779888
40357.91,248.93584337721
40357.92,246.332068919808
40357.93,239.553990441502
40357.94,225.7617955121
40357.95,219.046556018701
40357.96,215.898917574764
40357.97,210.354034550649
40357.98,205.220716806764
40357.99,196.893373126332
40358,193.375602221376
40358.01,187.803099165737
40358.02,177.35995581666
40358.03,181.102556775932
40358.04,169.194053648461
40358.05,169.758241895977
40358.06,161.311318029987
40358.07,154.462015528739
40358.08,154.045170566136
40358.09,147.575699107994
40358.1,139.634817445416
40358.11,134.483521966831
40358.12,135.889258824417
40358.13,127.729321724522
40358.14,131.472263977696
40358.15,132.321333443106
40358.16,132.941706753851
40358.17,131.607555955027
40358.18,125.332667654187
40358.19,120.934890628936
40358.2,119.61707996207
40358.21,119.34178454289
40358.22,118.603409254244
40358.23,115.249070855168
40358.24,110.622260948259
40358.25,115.090031202855
40358.26,107.834365523688
40358.27,104.504676742433
40358.28,97.8133346962722
40358.29,97.7795853271433
40358.3,93.2984209434745
40358.31,92.9762830908751
40358.32,94.8417860570437
40358.33,86.1541948766389
40358.34,81.7419443552778
40358.35,75.3809952357238
40358.36,70.9000779798034
40358.37,66.7254782428335
40358.38,63.8007935595567
40358.39,64.8430542832791
40358.4,63.2628142532908
40358.41,62.5721282110803
40358.42,63.7923389202773
40358.43,62.4607599768065
40358.44,60.5124159669322
40358.45,60.8780640280884
40358.46,59.6100753887797
40358.47,56.1654938960795
40358.48,51.2563998310661
40358.49,48.7004728598619
40358.5,47.2550005196355
40358.51,44.763638661286
40358.52,44.0712650145385
40358.53,44.6971873352815
40358.54,44.1322718869841
40358.55,39.4991295399387
40358.56,37.5190457611547
40358.57,35.0198006976562
40358.58,34.4518894322741
40358.59,33.4525117823713
40358.6,31.8666669045449
40358.61,30.1711617289061
40358.62,29.0530850527275
40358.63,27.9172652421165
40358.64,27.734608764054
40358.65,26.856234881894
40358.66,26.4574012632949
40358.67,27.181007894835
40358.68,26.8288763311162
40358.69,27.252882314678
40358.7,27.2555543248854
40358.71,26.4508892156014
40358.72,26.7740562308169
40358.73,26.2928633157728
40358.74,26.4308947766694
40358.75,26.1687047222993
40358.76,26.7715631626191
40358.77,26.927924830378
40358.78,26.5946034990879
40358.79,25.7967736353067
40358.8,27.0708052413036
40358.81,26.6182630535249
40358.82,26.4301657706802
40358.83,26.142560956073
40358.84,25.5867842951384
40358.85,24.3675522909513
40358.86,23.7905435757347
40358.87,22.8986072171044
40358.88,23.2927381956329
40358.89,24.4721209488942
40358.9,23.6859243109844
40358.91,23.4107321718726
40358.92,23.5777006749296
40358.93,22.6104221559086
40358.94,21.8696535905983
40358.95,21.1253460572088
40358.96,21.6742901386648
40358.97,21.6716751075661
40358.98,20.7882343836228
40358.99,20.471033347146
40359,20.1395574192263
40359.01,19.8022585288536
40359.02,18.4439258624257
40359.03,18.1091999617397
40359.04,17.9106413170393
40359.05,17.8637943058729
40359.06,17.5998930684046
40359.07,16.9921819752431
40359.08,16.4922230890466
40359.09,16.5473416007505
40359.1,17.5391474620062
40359.11,16.7447094466659
40359.12,16.8391053717013
40359.13,16.9450012221958
40359.14,16.4204986155021
40359.15,14.6453894248425
40359.16,14.4947693018728
40359.17,13.9309697969138
40359.18,13.3301724797441
40359.19,13.1582019261012
40359.2,12.4837158102724
40359.21,11.8088289254134
40359.22,11.8039663606205
40359.23,11.7880334626984
40359.24,11.7865921292337
40359.25,11.567733800259
40359.26,11.2192056318893
40359.27,11.0294478279758
40359.28,10.991582998082
40359.29,11.0666039491369
40359.3,10.8167434182993
40359.31,10.6331066912659
40359.32,10.0721770207126
40359.33,9.93445915108397
40359.34,9.97832427033683
40359.35,9.96749426340175
40359.36,9.46152026018663
40359.37,8.49711441489595
40359.38,7.82568638110353
40359.39,7.42737357353461
40359.4,6.75603410656478
40359.41,6.19594365207847
40359.42,6.07729187122366
40359.43,5.4050738029097
40359.44,4.7870523841804
40359.45,4.39005715183467
40359.46,3.99081041281842
40359.47,3.82181905682494
40359.48,3.4341125193927
40359.49,3.05307165867278
40359.5,2.64675216285049
40359.51,2.12352003867942
40359.52,1.62697509019788
40359.53,1.18983404104414
40359.54,0.971290094163991
40359.55,0.911523557934937
40359.56,0.917695120287284
40359.57,0.90197696745683
40359.58,0.899969538674371
40359.59,0.899236482596448
40359.6,0.883636721681187
40359.61,0.826277043249354
40359.62,0.791611714944775
40359.63,0.780176086631038
40359.64,0.733516455835675
40359.65,0.713945694473876
40359.66,0.675957044189604
40359.67,0.673910447548281
40359.68,0.668342119424807
40359.69,0.655881511865416
40359.7,0.650453221456798
40359.71,0.653666195646515
40359.72,0.638237997333968
40359.73,0.627102062685552
40359.74,0.626740357888051
40359.75,0.614194510888504
40359.76,0.598360592892368
40359.77,0.578478480065556
40359.78,0.554847845443968
40359.79,0.527889753932981
40359.8,0.520093408176357
40359.81,0.507307184924319
40359.82,0.4857435150627
40359.83,0.483947425734147
40359.84,0.483042886759834
40359.85,0.466960985518487
40359.86,0.439044469092265
40359.87,0.426665966397151
40359.88,0.410020788773883
40359.89,0.399748078252277
40359.9,0.383039895034846
40359.91,0.376288053225099
40359.92,0.347347675962769
40359.93,0.33007830633129
40359.94,0.310607111995371
40359.95,0.296885335310085
40359.96,0.274753619507754
40359.97,0.253325235475801
40359.98,0.228769802729091
40359.99,0.213944722207449
40360,0.208894711351666
40360.01,0.201902679396589
40360.02,0.182577407362926
40360.03,0.165651167657191
40360.04,0.156389898187429
40360.05,0.146106376795939
40360.06,0.145677220438893
40360.07,0.147896330035657
40360.08,0.143801359109306
40360.09,0.133420940273524
40360.1,0.125172875747889
40360.11,0.124295771629802
40360.12,0.120249825348466
40360.13,0.117041712293934
40360.14,0.116278908403567
40360.15,0.113469538009115
40360.16,0.109512046431262
40360.17,0.10565522395379
40360.18,0.0977893882937506
40360.19,0.0986023530488369
40360.2,0.0993898404493359
40360.21,0.0952014441477051
40360.22,0.0932795208569101
40360.23,0.0882697807390222
40360.24,0.0870311905112426
40360.25,0.0841081370087165
40360.26,0.0801283179496663
40360.27,0.0760144886550031
40360.28,0.0754986933409385
40360.29,0.0725893459348372
40360.3,0.0706784471831467
40360.31,0.0662090089054621
40360.32,0.0681816763002569
40360.33,0.0655917693166299
40360.34,0.0601320525364261
40360.35,0.0591612142153812
40360.36,0.0541550381780789
40360.37,0.0527217830326065
40360.38,0.0508573952404609
40360.39,0.0500028370967327
40360.4,0.0460252511386211
40360.41,0.0407171638570378
40360.42,0.0379192714083481
40360.43,0.0353515967136883
40360.44,0.0321580263652347
40360.45,0.0287753124366776
40360.46,0.0265581213270765
40360.47,0.023625929816193
40360.48,0.0194432925920493
40360.49,0.016037567145612
40360.5,0.0120485241867253
40360.51,0.00856933467895284
40360.52,0.00495667476690993
40360.53,0.00173314908429925
40360.54,0
40360.55,0
40360.56,0
40360.57,0
40360.58,0
40360.59,0
40360.6,0
40360.61,0
40360.62,0
40360.63,0
40360.64,0
40360.65,0
40360.66,0
40360.67,0
40360.68,0
40360.69,0
40360.7,0
40360.71,0
40360.72,0
40360.73,0
40360.74,0
40360.75,0
40360.76,0
40360.77,0
40360.78,0
40360.79,0
40360.8,0
40360.81,0
40360.82,0
40360.83,0
40360.84,0
40360.85,0
40360.86,0
40360.87,0
40360.88,0
40360.89,0
40360.9,0
40360.91,0
40360.92,0
40360.93,0
40360.94,0
40360.95,0
40360.96,0
40360.97,0
40360.98,0
40360.99,0
40361,0
40361.01,0
40361.02,0
40361.03,0
40361.04,0
40361.05,0
40361.06,0
40361.07,0
40361.08,0
40361.09,0
40361.1,0
40361.11,0
40361.12,0
40361.13,0
40361.14,0
40361.15,0
40361.16,0
40361.17,0
40361.18,0
40361.19,0
40361.2,0
40361.21,0
40361.22,0
40361.23,0
40361.24,0
40361.25,0
40361.26,0
40361.27,0
40361.28,0
40361.29,0
40361.3,0
40361.31,0
40361.32,0
40361.33,0
40361.34,0
40361.35,0
40361.36,0
40361.37,0
40361.38,0
40361.39,0
40361.4,0
40361.41,0
40361.42,0
40361.43,0
40361.44,0
40361.45,0
40361.46,0
40361.47,0
40361.48,0
40361.49,0
40361.5,0
40361.51,0
40361.52,0
40361.53,0
40361.54,0
40361.55,0
40361.56,0
40361.57,0
40361.58,0
40361.59,0
40361.6,0
40361.61,0
40361.62,0
40361.63,0
40361.64,0
40361.65,0
40361.66,0
40361.67,0
40361.68,0
40361.69,0
40361.7,0
40361.71,0
40361.72,0
40361.73,0
40361.74,0
40361.75,0
40361.76,0
40361.77,0
40361.78,0
40361.79,0
40361.8,0
40361.81,0
40361.82,0
40361.83,0
40361.84,0
40361.85,0
40361.86,0
40361.87,0
40361.88,0
40361.89,0
40361.9,0
40361.91,0
40361.92,0
40361.93,0
40361.94,0
40361.95,0
40361.96,0
40361.97,0
40361.98,0
40361.99,0
40362,0
40362.01,0
40362.02,0
40362.03,0
40362.04,0
40362.05,0
40362.06,0
40362.07,0
40362.08,0
40362.09,0
40362.1,0
40362.11,0
40362.12,0
40362.13,0
40362.14,0
40362.15,0
40362.16,0
40362.17,0
40362.18,0
40362.19,0
40362.2,0
40362.21,0
40362.22,0
40362.23,0
40362.24,0
40362.25,0
40362.26,0
40362.27,0
40362.28,0
40362.29,0
40362.3,0
40362.31,0
40362.32,0
40362.33,0
40362.34,0
40362.35,0
40362.36,0
40362.37,0
40362.38,0
40362.39,0
40362.4,0
40362.41,0
40362.42,0
40362.43,0
40362.44,0
40362.45,0
40362.46,0
40362.47,0
40362.48,0
40362.49,0
40362.5,0
40362.51,0
40362.52,0
40362.53,0
40362.54,0
40362.55,0
40362.56,0
40362.57,0
40362.58,0
40362.59,0
40362.6,0
40362.61,0
40362.62,0
40362.63,0
40362.64,0
40362.65,0
40362.66,0
40362.67,0
40362.68,0
40362.69,0
40362.7,0
40362.71,0
40362.72,0
40362.73,0
40362.74,0
40362.75,0
40362.76,0
40362.77,0
40362.78,0
40362.79,0
40362.8,0
40362.81,0
40362.82,0
40362.83,0
40362.84,0
40362.85,0
40362.86,0
40362.87,0
40362.88,0
40362.89,0
40362.9,0
40362.91,0
40362.92,0
40362.93,0
40362.94,0
40362.95,0
40362.96,0
40362.97,0
40362.98,0
40362.99,0
40363,0
40363.01,0
40363.02,0
40363.03,0
40363.04,0
40363.05,0
40363.06,0
40363.07,0
40363.08,0
40363.09,0
40363.1,0
40363.11,0
40363.12,0
40363.13,0
40363.14,0
40363.15,0
40363.16,0
40363.17,0
40363.18,0
40363.19,0
40363.2,0
40363.21,0
40363.22,0
40363.23,0
40363.24,0
40363.25,0
40363.26,0
40363.27,0
40363.28,0
40363.29,0
40363.3,0
40363.31,0
40363.32,0
40363.33,0
40363.34,0
40363.35,0
40363.36,0
40363.37,0
40363.38,0
40363.39,0
40363.4,0
40363.41,0
40363.42,0
40363.43,0
40363.44,0
40363.45,0
40363.46,0
40363.47,0
40363.48,0
40363.49,0
40363.5,0
40363.51,0
40363.52,0
40363.53,0
40363.54,0
40363.55,0
40363.56,0
40363.57,0
40363.58,0
40363.59,0
40363.6,0
40363.61,0
40363.62,0
40363.63,0
40363.64,0
40363.65,0
40363.66,0
40363.67,0
40363.68,0
40363.69,0
40363.7,0
40363.71,0
40363.72,0
40363.73,0
40363.74,0
40363.75,0
40363.76,0
40363.77,0
40363.78,0
40363.79,0
40363.8,0
40363.81,0
40363.82,0
40363.83,0
40363.84,0
40363.85,0
40363.86,0
40363.87,0
40363.88,0
40363.89,0
40363.9,0
40363.91,0
40363.92,0
40363.93,0
40363.94,0
40363.95,0
40363.96,0
40363.97,0
40363.98,0
40363.99,0
40364,0
40364.01,0
40364.02,0
40364.03,0
40364.04,0
40364.05,0
40364.06,0
40364.07,0
40364.08,0
40364.09,0
40364.1,0
40364.11,0
40364.12,0
40364.13,0
40364.14,0
40364.15,0
40364.16,0
40364.17,0
40364.18,0
40364.19,0
40364.2,0
40364.21,0
40364.22,0
40364.23,0
40364.24,0
40364.25,0
40364.26,0
40364.27,0
40364.28,0
40364.29,0
40364.3,0
40364.31,0
40364.32,0
40364.33,0
40364.34,0
40364.35,0
40364.36,0
40364.37,0
40364.38,0
40364.39,0
40364.4,0
40364.41,0
40364.42,0
40364.43,0
40364.44,0
40364.45,0
40364.46,0
40364.47,0
40364.48,0
40364.49,0
40364.5,0
40364.51,0
40364.52,0
40364.53,0
40364.54,0
40364.55,0
40364.56,0
40364.57,0
40364.58,0
40364.59,0
40364.6,0
40364.61,0
40364.62,0
40364.63,0
40364.64,0
40364.65,0
40364.66,0
40364.67,0
40364.68,0
40364.69,0
40364.7,0
40364.71,0
40364.72,0
40364.73,0
40364.74,0
40364.75,0
40364.76,0
40364.77,0
40364.78,0
40364.79,0
40364.8,0
40364.81,0
40364.82,0
40364.83,0
40364.84,0
40364.85,0
40364.86,0
40364.87,0
40364.88,0
40364.89,0
40364.9,0
40364.91,0
40364.92,0
40364.93,0
40364.94,0
40364.95,0
40364.96,0
40364.97,0
40364.98,0
40364.99,0
40365,0
40365.01,0
40365.02,0
40365.03,0
40365.04,0
40365.05,0
40365.06,0
40365.07,0
40365.08,0
40365.09,0
40365.1,0
40365.11,0
40365.12,0
40365.13,0
40365.14,0
40365.15,0
40365.16,0
40365.17,0
40365.18,0
40365.19,0
40365.2,0
40365.21,0
40365.22,0
40365.23,0
40365.24,0
40365.25,0
40365.26,0
40365.27,0
40365.28,0
40365.29,0
40365.3,0
40365.31,0
40365.32,0
40365.33,0
40365.34,0
40365.35,0
40365.36,0
40365.37,0
40365.38,0
40365.39,0
40365.4,0
40365.41,0
40365.42,0
40365.43,0
40365.44,0
40365.45,0
40365.46,0
40365.47,0
40365.48,0
40365.49,0
40365.5,0
40365.51,0
40365.52,0
40365.53,0
40365.54,0
40365.55,0
40365.56,0
40365.57,0
40365.58,0
40365.59,0
40365.6,0
40365.61,0
40365.62,0
40365.63,0
40365.64,0
40365.65,0
40365.66,0
40365.67,0
40365.68,0
40365.69,0
40365.7,0
40365.71,0
40365.72,0
40365.73,0
40365.74,0
40365.75,0
40365.76,0
40365.77,0
40365.78,0
40365.79,0
40365.8,0
40365.81,0
40365.82,0
40365.83,0
40365.84,0
40365.85,0
40365.86,0
40365.87,0
40365.88,0
40365.89,0
40365.9,0
40365.91,0
40365.92,0
40365.93,0
40365.94,0
40365.95,0
40365.96,0
40365.97,0
40365.98,0
40365.99,0
40366,0
40366.01,0
40366.02,0
40366.03,0
40366.04,0
40366.05,0
40366.06,0
40366.07,0
40366.08,0
40366.09,0
40366.1,0
40366.11,0
40366.12,0
40366.13,0
40366.14,0
40366.15,0
40366.16,0
40366.17,0
40366.18,0
40366.19,0
40366.2,0
40366.21,0
40366.22,0
40366.23,0
40366.24,0
40366.25,0
40366.26,0
40366.27,0
40366.28,0
40366.29,0
40366.3,0
40366.31,0
40366.32,0
40366.33,0
40366.34,0
40366.35,0
40366.36,0
40366.37,0
40366.38,0
40366.39,0
40366.4,0
40366.41,0
40366.42,0
40366.43,0
40366.44,0
40366.45,0
40366.46,0
40366.47,0
40366.48,0
40366.49,0
40366.5,0
40366.51,0
40366.52,0
40366.53,0
40366.54,0
40366.55,0
40366.56,0
40366.57,0
40366.58,0
40366.59,0
40366.6,0
40366.61,0
40366.62,0
40366.63,0
40366.64,0
40366.65,0
40366.66,0
40366.67,0
40366.68,0
40366.69,0
40366.7,0
40366.71,0
40366.72,0
40366.73,0
40366.74,0
40366.75,0
40366.76,0
40366.77,0
40366.78,0
40366.79,0
40366.8,0
40366.81,0
40366.82,0
40366.83,0
40366.84,0
40366.85,0
40366.86,0
40366.87,0
40366.88,0
40366.89,0
40366.9,0
40366.91,0
40366.92,0
40366.93,0
40366.94,0
40366.95,0
40366.96,0
40366.97,0
40366.98,0
40366.99,0
40367,0
40367.01,0
40367.02,0
40367.03,0
40367.04,0
40367.05,0
40367.06,0
40367.07,0
40367.08,0
40367.09,0
40367.1,0
40367.11,0
40367.12,0
40367.13,0
40367.14,0
40367.15,0
40367.16,0
40367.17,0
40367.18,0
40367.19,0
40367.2,0
40367.21,0
40367.22,0
40367.23,0
40367.24,0
40367.25,0
40367.26,0
40367.27,0
40367.28,0
40367.29,0
40367.3,0
40367.31,0
40367.32,0
40367.33,0
40367.34,0
40367.35,0
40367.36,0
40367.37,0
40367.38,0
40367.39,0
40367.4,0
40367.41,0
40367.42,0
40367.43,0
40367.44,0
40367.45,0
40367.46,0
40367.47,0
40367.48,0
40367.49,0
40367.5,0
40367.51,0
40367.52,0
40367.53,0
40367.54,0
40367.55,0
40367.56,0
40367.57,0
40367.58,0
40367.59,0
40367.6,0
40367.61,0
40367.62,0
40367.63,0
40367.64,0
40367.65,0
40367.66,0
40367.67,0
40367.68,0
40367.69,0
40367.7,0
40367.71,0
40367.72,0
40367.73,0
40367.74,0
40367.75,0
40367.76,0
40367.77,0
40367.78,0
40367.79,0
40367.8,0
40367.81,0
40367.82,0
40367.83,0
40367.84,0
40367.85,0
40367.86,0
40367.87,0
40367.88,0
40367.89,0
40367.9,0
40367.91,0
40367.92,0
40367.93,0
40367.94,0
40367.95,0
40367.96,0
40367.97,0
40367.98,0
40367.99,0
40368,0
40368.01,0
40368.02,0
40368.03,0
40368.04,0
40368.05,0
40368.06,0
40368.07,0
40368.08,0
40368.09,0
40368.1,0
40368.11,0
40368.12,0
40368.13,0
40368.14,0
40368.15,0
40368.16,0
40368.17,0
40368.18,0
40368.19,0
40368.2,0
40368.21,0
40368.22,0
40368.23,0
40368.24,0
40368.25,0
40368.26,0
40368.27,0
40368.28,0
40368.29,0
40368.3,0
40368.31,0
40368.32,0
40368.33,0
40368.34,0
40368.35,0
40368.36,0
40368.37,0
40368.38,0
40368.39,0
40368.4,0
40368.41,0
40368.42,0
40368.43,0
40368.44,0
40368.45,0
40368.46,0
40368.47,0
40368.48,0
40368.49,0
40368.5,0
40368.51,0
40368.52,0
40368.53,0
40368.54,0
40368.55,0
40368.56,0
40368.57,0
40368.58,0
40368.59,0
40368.6,0
40368.61,0
40368.62,0
40368.63,0
40368.64,0
40368.65,0
40368.66,0
40368.67,0
40368.68,0
40368.69,0
40368.7,0
40368.71,0
40368.72,0
40368.73,0
40368.74,0
40368.75,0
40368.76,0
40368.77,0
40368.78,0
40368.79,0
40368.8,0
40368.81,0
40368.82,0
40368.83,0
40368.84,0
40368.85,0
40368.86,0
40368.87,0
40368.88,0
40368.89,0
40368.9,0
40368.91,0
40368.92,0
40368.93,0
40368.94,0
40368.95,0
40368.96,0
40368.97,0
40368.98,0
40368.99,0
40369,0
40369.01,0
40369.02,0
40369.03,0
40369.04,0
40369.05,0
40369.06,0
40369.07,0
40369.08,0
40369.09,0
40369.1,0
40369.11,0
40369.12,0
40369.13,0
40369.14,0
40369.15,0
40369.16,0
40369.17,0
40369.18,0
40369.19,0
40369.2,0
40369.21,0
40369.22,0
40369.23,8.86229566592311E-08
40369.24,17.6314812292032
40369.25,74.3102365709895
40369.26,142.852117015385
40369.27,192.904049362347
40369.28,248.752117764766
40369.29,309.738418661231
40369.3,377.755956899845
40369.31,485.193859999485
40369.32,627.74446631763
40369.33,813.270175696964
40369.34,1027.37691568316
40369.35,1304.33728889861
40369.36,1674.15201318479
40369.37,2001.17010564769
40369.38,2226.78767395714
40369.39,2280.15705677849
40369.4,2284.58084097101
40369.41,2296.34905070721
40369.42,2293.86221521548
40369.43,2370.34641342724
40369.44,2432.54548345889
40369.45,2293.27710282508
40369.46,2266.84296763958
40369.47,2232.65018052633
40369.48,1349.06880429859
40369.49,1238.60954985048
40369.5,1181.85121829587
40369.51,1122.86896504265
40369.52,1114.19954332732
40369.53,1058.53895654542
40369.54,1030.41935680027
40369.55,1011.47940114026
40369.56,982.430161597477
40369.57,904.01872229829
40369.58,843.734317255433
40369.59,802.437245737494
40369.6,753.644675335128
40369.61,746.792412390767
40369.62,691.463864255357
40369.63,642.495520503835
40369.64,597.907773516285
40369.65,574.129207809468
40369.66,548.204317348699
40369.67,531.354822236624
40369.68,515.122836341937
40369.69,448.251624836576
40369.7,414.1638646101
40369.71,392.415924231873
40369.72,386.572685845683
40369.73,384.838081196726
40369.74,362.274930414731
40369.75,348.06371344391
40369.76,323.907801518517
40369.77,322.484654876941
40369.78,313.308039870069
40369.79,309.148752059995
40369.8,299.806667145414
40369.81,283.715230662692
40369.82,263.262008956378
40369.83,268.551859444906
40369.84,248.156169138882
40369.85,231.772563617447
40369.86,232.843508087888
40369.87,218.591154429143
40369.88,214.639485381565
40369.89,215.397984414221
40369.9,219.356825502037
40369.91,219.894417749606
40369.92,217.868103537152
40369.93,221.07377009412
40369.94,218.771390892327
40369.95,218.04876480767
40369.96,212.161634067162
40369.97,205.469405130244
40369.98,193.481961105926
40369.99,197.497391420397
40370,194.155332620073
40370.01,200.062696971002
40370.02,186.286831666277
40370.03,173.887271923097
40370.04,167.885417649641
40370.05,159.591033439164
40370.06,154.767512596293
40370.07,148.226581119419
40370.08,142.60743397176
40370.09,139.196289599334
40370.1,141.460229935608
40370.11,140.034539761908
40370.12,132.655696471938
40370.13,128.63853250553
40370.14,125.29619099679
40370.15,128.660284508158
40370.16,118.592818522662
40370.17,113.622272077974
40370.18,112.483649565029
40370.19,108.045834830558
40370.2,108.980265417987
40370.21,104.282004859214
40370.22,101.877613843877
40370.23,102.019838629314
40370.24,104.714946972779
40370.25,105.608156259426
40370.26,101.462132864055
40370.27,101.683602210433
40370.28,96.1130195763656
40370.29,92.3334901719346
40370.3,92.3513252930219
40370.31,85.9182421504282
40370.32,86.0511099725615
40370.33,80.4435163635171
40370.34,79.2375323188332
40370.35,76.529363222851
40370.36,74.7069093074361
40370.37,72.3868410233523
40370.38,66.6781009784289
40370.39,63.8067407747235
40370.4,62.1948960767474
40370.41,58.8691698716115
40370.42,57.1823440086653
40370.43,52.1351469755039
40370.44,48.366870258658
40370.45,48.7737869093449
40370.46,48.5283366446765
40370.47,48.1483796363321
40370.48,48.0247954705916
40370.49,49.1715974163794
40370.5,47.6278324479886
40370.51,48.1449223449978
40370.52,47.5424360798188
40370.53,46.8562059417832
40370.54,45.0193558835064
40370.55,46.3379934002464
40370.56,46.206580721457
40370.57,44.9819450143493
40370.58,44.126938055744
40370.59,42.7188367500193
40370.6,43.3112153052664
40370.61,41.0543857794369
40370.62,39.9530122797245
40370.63,39.2843478434778
40370.64,38.9666404257817
40370.65,37.6005625000323
40370.66,36.2710415551789
40370.67,36.7299982317223
40370.68,37.9888410814563
40370.69,36.5662608375491
40370.7,35.7294172807429
40370.71,34.8303579280486
40370.72,33.6751718490235
40370.73,33.9672933851508
40370.74,31.3541534714867
40370.75,29.7981335255194
40370.76,29.1583330050377
40370.77,29.0448330271451
40370.78,29.0322019018306
40370.79,29.2081339329636
40370.8,29.3573696451288
40370.81,28.7783362050252
40370.82,28.2713522035185
40370.83,28.2685811246861
40370.84,28.7756203893598
40370.85,29.2146992452915
40370.86,28.5361787643303
40370.87,27.7974889293833
40370.88,28.5581237764938
40370.89,28.7902305821981
40370.9,29.6506910649102
40370.91,29.2768511934923
40370.92,28.6509009761741
40370.93,28.7300796407791
40370.94,27.1333251703334
40370.95,27.3949155036245
40370.96,26.6637320540016
40370.97,25.9114934039131
40370.98,25.5883149036477
40370.99,24.4295014266099
40371,23.7641716206135
40371.01,24.4398557018193
40371.02,23.3241885386233
40371.03,23.1263387887883
40371.04,22.2167646938012
40371.05,22.6757642680598
40371.06,23.5489381480984
40371.07,21.9449266672883
40371.08,21.8839039137148
40371.09,21.7582371823352
40371.1,21.9466252036888
40371.11,22.2590194880885
40371.12,22.1773649017442
40371.13,22.2622624292088
40371.14,21.4974789652548
40371.15,22.2638598088125
40371.16,22.2671906789316
40371.17,21.2244754072586
40371.18,20.7024695870982
40371.19,20.2701553581331
40371.2,19.2477476233861
40371.21,18.5722205927575
40371.22,17.8052915935773
40371.23,17.9677983958138
40371.24,18.523215954119
40371.25,18.3038565379944
40371.26,18.6519395275081
40371.27,17.7005246634383
40371.28,17.3686748782762
40371.29,16.9155854744694
40371.3,17.239193303656
40371.31,16.8413636945975
40371.32,16.7373342131394
40371.33,16.6354798785576
40371.34,16.3912529706862
40371.35,15.8697719675026
40371.36,16.1747580779055
40371.37,15.7032498789757
40371.38,15.7664088752079
40371.39,15.1459561416308
40371.4,14.5340770528965
40371.41,14.1290341405046
40371.42,13.806371106732
40371.43,14.21241536574
40371.44,13.911906766406
40371.45,13.7392647718238
40371.46,13.5420478434135
40371.47,13.7326631594741
40371.48,14.1389646147838
40371.49,13.9257198782383
40371.5,13.8510857140452
40371.51,14.3576711688974
40371.52,14.9267337081672
40371.53,14.9867911123506
40371.54,14.9609671192224
40371.55,14.0324131888594
40371.56,13.8327595786114
40371.57,14.3541296174943
40371.58,14.208515782906
40371.59,13.5063110511554
40371.6,13.4604072869886
40371.61,13.3023372734678
40371.62,14.2522651095028
40371.63,16.8173754887181
40371.64,23.0080154070084
40371.65,34.8556563798573
40371.66,47.612712851967
40371.67,59.7780104475731
40371.68,71.4290088574649
40371.69,80.7188221873759
40371.7,84.7490485951856
40371.71,91.3504265143184
40371.72,90.8982746747763
40371.73,80.3026436213241
40371.74,82.1374253337277
40371.75,85.9815880843328
40371.76,85.8783901150479
40371.77,88.6195481395709
40371.78,88.6640738928911
40371.79,86.896320327559
40371.8,86.5362752901177
40371.81,88.6524261066926
40371.82,90.5817996032295
40371.83,95.0737944863666
40371.84,96.4663312898932
40371.85,100.398686791365
40371.86,104.705606191005
40371.87,120.490973105321
40371.88,165.143280737422
40371.89,268.001469580236
40371.9,447.37167434868
40371.91,654.605204226322
40371.92,800.12628241734
40371.93,887.659647475683
40371.94,829.609133332069
40371.95,812.251813567126
40371.96,863.917744295492
40371.97,857.699236003834
40371.98,826.214516744641
40371.99,791.105684202603
40372,744.196584259355
40372.01,758.161933978567
40372.02,759.613904308333
40372.03,810.282564469723
40372.04,846.865132521101
40372.05,814.024504812124
40372.06,768.848849914017
40372.07,555.226568105769
40372.08,554.222186840433
40372.09,581.073553997107
40372.1,555.850782070118
40372.11,528.897231184918
40372.12,506.679672990387
40372.13,476.940578895548
40372.14,437.359619848762
40372.15,413.750538948773
40372.16,383.543438147104
40372.17,367.617193904478
40372.18,355.208982147946
40372.19,342.116552947267
40372.2,337.475305680783
40372.21,316.150511676207
40372.22,316.785606749269
40372.23,313.89474445505
40372.24,311.569891642844
40372.25,295.508690088733
40372.26,285.726228435166
40372.27,284.734377322529
40372.28,276.875327996896
40372.29,254.994989186942
40372.3,247.878955403047
40372.31,237.53102083238
40372.32,229.716611256414
40372.33,222.870949729589
40372.34,207.961172631997
40372.35,198.087970122552
40372.36,186.861790583863
40372.37,177.533107149283
40372.38,174.782947506793
40372.39,173.901198790146
40372.4,170.587160582041
40372.41,168.522315669115
40372.42,162.121111620296
40372.43,154.971338617922
40372.44,145.786674636854
40372.45,143.235903310294
40372.46,137.247949337763
40372.47,132.864023893698
40372.48,127.61647715667
40372.49,133.044191056412
40372.5,129.804658302614
40372.51,128.601232432168
40372.52,124.640338858491
40372.53,122.548389743168
40372.54,124.907448503564
40372.55,124.224306558595
40372.56,116.749863047421
40372.57,114.127687548505
40372.58,115.129004817191
40372.59,115.578092449828
40372.6,114.373754479173
40372.61,116.498759345399
40372.62,116.23982518548
40372.63,116.543328501109
40372.64,119.045393106304
40372.65,121.21580237168
40372.66,115.925622237422
40372.67,115.21816271892
40372.68,119.540030848516
40372.69,120.29919902043
40372.7,124.229637744852
40372.71,122.737788286384
40372.72,124.851910066769
40372.73,122.514438777463
40372.74,121.536092784838
40372.75,126.694291835666
40372.76,143.486659000472
40372.77,166.228690700302
40372.78,263.666194106795
40372.79,540.152532615357
40372.8,1206.21136803326
40372.81,2555.82957978469
40372.82,4139.01285451466
40372.83,5408.11084095108
40372.84,6257.08096864218
40372.85,6083.27614940985
40372.86,3173.85343348911
40372.87,3296.75176888539
40372.88,3444.25135103373
40372.89,3297.70512988212
40372.9,3230.51409441414
40372.91,3281.7607602417
40372.92,3240.42469143822
40372.93,3166.55210585499
40372.94,3062.6090680859
40372.95,2969.56560971976
40372.96,3542.66493485429
40372.97,4558.10814908446
40372.98,5931.08147141058
40372.99,7522.57069082924
40373,8898.10680437872
40373.01,9613.42831183406
40373.02,9898.08164082356
40373.03,9359.92586690892
40373.04,9073.27108194473
40373.05,8388.47106296941
40373.06,7529.12304869574
40373.07,3450.35449834269
40373.08,3298.73023983571
40373.09,3371.59859254469
40373.1,3155.50972923608
40373.11,2964.5684080182
40373.12,2762.05727841802
40373.13,2563.49191595027
40373.14,2481.15149665071
40373.15,2331.88602716672
40373.16,2241.42135315277
40373.17,2110.94491474342
40373.18,1932.44529504777
40373.19,1908.10398544911
40373.2,1819.80299261667
40373.21,1664.23378903736
40373.22,1529.1166799599
40373.23,1447.80094801084
40373.24,1424.2573251011
40373.25,1378.43279953618
40373.26,1306.04821089129
40373.27,1199.39873666841
40373.28,1118.57987227003
40373.29,1051.60907886938
40373.3,988.418030415169
40373.31,932.365730042318
40373.32,859.492619530439
40373.33,813.550078790306
40373.34,800.687157214482
40373.35,774.243202263213
40373.36,763.269026431367
40373.37,750.130057856607
40373.38,708.147292786964
40373.39,689.680167524996
40373.4,682.334335063145
40373.41,639.122398183873
40373.42,600.070415425492
40373.43,590.566829782039
40373.44,557.165643163195
40373.45,532.039636968013
40373.46,503.11255153738
40373.47,476.085984612977
40373.48,448.012709757927
40373.49,458.674684295314
40373.5,460.546324906493
40373.51,459.903479748997
40373.52,463.990387625714
40373.53,458.943934750904
40373.54,446.998858252814
40373.55,431.910239640114
40373.56,454.095439441638
40373.57,445.922339581257
40373.58,434.024010367691
40373.59,442.817404745142
40373.6,452.071445942888
40373.61,460.157228400688
40373.62,468.34385044212
40373.63,454.003489990263
40373.64,479.789841030408
40373.65,494.398845926093
40373.66,489.336126080243
40373.67,483.290451823535
40373.68,451.311396422786
40373.69,439.648664843527
40373.7,436.500147136387
40373.71,436.008853230784
40373.72,421.098742068925
40373.73,404.12416269619
40373.74,398.443797203588
40373.75,389.888605497768
40373.76,382.964675172304
40373.77,383.529838303741
40373.78,286.399734358974
40373.79,279.983436853149
40373.8,261.590424777474
40373.81,259.992395081095
40373.82,247.643733313516
40373.83,230.928377129424
40373.84,228.648974049341
40373.85,227.506640178786
40373.86,217.286310780239
40373.87,220.458389693231
40373.88,211.27292091813
40373.89,204.38190522537
40373.9,200.772998876521
40373.91,195.812216073275
40373.92,188.40838715239
40373.93,192.905733528138
40373.94,187.059569802679
40373.95,185.768541217241
40373.96,178.670481927464
40373.97,171.011004747333
40373.98,164.096441729126
40373.99,154.85263149598
40374,155.480571405044
40374.01,145.835506646413
40374.02,143.203271363586
40374.03,142.404439886407
40374.04,132.959270170846
40374.05,132.872760459768
40374.06,127.334142227727
40374.07,123.48153640995
40374.08,117.849375574116
40374.09,118.339282712899
40374.1,111.641450437058
40374.11,106.559859540184
40374.12,105.591748543071
40374.13,110.155070478056
40374.14,111.199832235825
40374.15,112.558824483703
40374.16,106.966444946243
40374.17,108.219371793938
40374.18,104.964530662116
40374.19,101.655848340039
40374.2,107.316183434124
40374.21,109.366756868655
40374.22,107.434866532208
40374.23,101.705416347185
40374.24,99.8150698344756
40374.25,99.8633500237985
40374.26,97.9085343032308
40374.27,98.8524073285451
40374.28,94.722545479297
40374.29,93.4473616291109
40374.3,93.1856857242426
40374.31,89.9114958430359
40374.32,85.7148196438441
40374.33,86.1579332259995
40374.34,83.4331424074301
40374.35,81.3415744157329
40374.36,76.4973355117855
40374.37,74.1589183032582
40374.38,71.9002528814087
40374.39,69.5976304994389
40374.4,66.6738240888729
40374.41,64.0183302809002
40374.42,60.5272591480791
40374.43,58.2155071962238
40374.44,56.6053572899748
40374.45,54.8971483409758
40374.46,56.333943287354
40374.47,51.332756720597
40374.48,48.1190851903425
40374.49,47.2823454400663
40374.5,45.8748199720215
40374.51,48.2851812192321
40374.52,48.524138696637
40374.53,49.4217191933157
40374.54,47.3729580412572
40374.55,45.7909087833423
40374.56,43.002616566819
40374.57,41.4227255752966
40374.58,41.4145694705019
40374.59,39.6113791849919
40374.6,39.6905879566346
40374.61,39.0803353748651
40374.62,36.7635085581048
40374.63,34.9293995933795
40374.64,33.8016248910506
40374.65,33.6465501956058
40374.66,32.115854728453
40374.67,30.6318018394995
40374.68,29.7242448522106
40374.69,29.00757218508
40374.7,28.3734944632289
40374.71,28.1791905800112
40374.72,26.1183234634526
40374.73,25.2040395352009
40374.74,24.8822761900554
40374.75,25.5909597217371
40374.76,25.8254294110294
40374.77,25.5036705464101
40374.78,25.4104072708607
40374.79,24.5789659466515
40374.8,24.7926213326643
40374.81,23.7885436051788
40374.82,22.9410923370643
40374.83,22.3148662304472
40374.84,22.2087816585494
40374.85,22.6645624153586
40374.86,22.3991220233021
40374.87,23.1406520194607
40374.88,23.6115948860944
40374.89,24.2247192166084
40374.9,24.3953338332498
40374.91,24.3169948295606
40374.92,23.9946331624325
40374.93,24.2912733320913
40374.94,24.0487372979703
40374.95,23.3614172771176
40374.96,23.512213107883
40374.97,23.8024504484009
40374.98,23.3031494437998
40374.99,22.4566079295395
40375,22.0532735656622
40375.01,20.6554842725365
40375.02,20.9751352679937
40375.03,20.4995514857711
40375.04,20.7696311690724
40375.05,20.8277997815313
40375.06,20.3442791525748
40375.07,20.0492552715697
40375.08,18.6390123862614
40375.09,18.3137278826515
40375.1,17.4632214658411
40375.11,17.6274168887089
40375.12,17.2544250809126
40375.13,17.2312158207117
40375.14,16.7465642225551
40375.15,16.0572664241799
40375.16,15.4382536396886
40375.17,15.7467960302205
40375.18,15.6324080384048
40375.19,15.2794217257155
40375.2,15.0528659592624
40375.21,14.4080429626173
40375.22,14.1581030947013
40375.23,13.6799088293474
40375.24,14.2106777731704
40375.25,13.4835618867337
40375.26,13.1957585834757
40375.27,12.4400613755986
40375.28,11.7033091491188
40375.29,10.9344608892871
40375.3,11.1409884957749
40375.31,11.0705528998132
40375.32,11.1573097094639
40375.33,11.105766477777
40375.34,10.6993736036674
40375.35,10.0669551444106
40375.36,9.53808510734621
40375.37,8.89221126934192
40375.38,8.54938552162577
40375.39,8.16756508534611
40375.4,7.79561949406798
40375.41,7.87569723569754
40375.42,7.31097141711724
40375.43,7.06735577376036
40375.44,6.64764646739967
40375.45,6.32861777935108
40375.46,6.02376126451511
40375.47,5.96968827341884
40375.48,5.60257488163017
40375.49,5.36308925583341
40375.5,5.36993613893097
40375.51,5.3507338047457
40375.52,5.12188980762787
40375.53,4.88834107465324
40375.54,4.8136207772929
40375.55,4.56733006403244
40375.56,4.18686173608399
40375.57,3.7750330053814
40375.58,3.37298852879473
40375.59,3.16603717356477
40375.6,3.15255286728813
40375.61,3.28066396437914
40375.62,3.22720371337685
40375.63,3.32251565134145
40375.64,3.34679519353088
40375.65,3.35451407587219
40375.66,3.43698046843465
40375.67,3.42983613606294
40375.68,3.41097380615036
40375.69,3.24236106542641
40375.7,3.21008372453411
40375.71,3.09329513788546
40375.72,3.09613461008433
40375.73,3.08197952200662
40375.74,3.05657991517573
40375.75,2.96634861506035
40375.76,2.91445948560539
40375.77,3.01507412893153
40375.78,3.08121673981491
40375.79,3.04394071433936
40375.8,3.14429764205645
40375.81,3.11099182300408
40375.82,2.96117982302193
40375.83,2.92940146801824
40375.84,2.90787984382096
40375.85,2.82973870391063
40375.86,2.77734728453871
40375.87,2.79832492691412
40375.88,2.7306472278817
40375.89,2.72263488042113
40375.9,2.75214326019444
40375.91,2.6760362224843
40375.92,2.64158508896747
40375.93,2.5688042659616
40375.94,2.61058826581202
40375.95,2.68994367428437
40375.96,2.72602532043861
40375.97,2.61162261348574
40375.98,2.75620930918303
40375.99,2.78039755018345
40376,2.89155512010022
40376.01,2.88476011527562
40376.02,3.10813638178017
40376.03,3.10768858030142
40376.04,3.02507313340409
40376.05,3.00531568023359
40376.06,3.096481206487
40376.07,2.90927129426941
40376.08,2.94281865160607
40376.09,2.90344560168346
40376.1,2.71669840446249
40376.11,2.69860245357983
40376.12,2.70777104124717
40376.13,2.64076239537249
40376.14,2.48370104535333
40376.15,2.36087925400309
40376.16,2.2974388971613
40376.17,2.28447490936748
40376.18,2.22582023701725
40376.19,2.20302018915554
40376.2,2.06407209706887
40376.21,1.92299961941261
40376.22,1.926728204884
40376.23,1.94704703051124
40376.24,1.84937723549467
40376.25,1.77828450214295
40376.26,1.70264178736362
40376.27,1.64891828038084
40376.28,1.57676427582719
40376.29,1.49076986529386
40376.3,1.38908276060912
40376.31,1.22235254625005
40376.32,1.17963467942688
40376.33,1.04639977322759
40376.34,0.930981231268375
40376.35,0.802386697858682
40376.36,0.706965815016628
40376.37,0.607174352836819
40376.38,0.520817150068251
40376.39,0.431427457476852
40376.4,0.360686325927245
40376.41,0.285956211486006
40376.42,0.200149281832104
40376.43,0.128750225220565
40376.44,0.0496321612006034
40376.45,0.042154234971423
40376.46,0.0404187157563813
40376.47,0.0388861493096128
40376.48,0.0368962693439347
40376.49,0.0356548877393099
40376.5,0.0364524915649633
40376.51,0.0346290247341089
40376.52,0.0326980201985477
40376.53,0.0302456997665224
40376.54,0.027664316548571
40376.55,0.0262891472611959
40376.56,0.0249731511167238
40376.57,0.0223040246948426
40376.58,0.0200835668569657
40376.59,0.0178140933073931
40376.6,0.0154842303834332
40376.61,0.0134933427795925
40376.62,0.0112559176934618
40376.63,0.00907925674492635
40376.64,0.00773831600315217
40376.65,0.00535058955965016
40376.66,0.00341461618716127
40376.67,0.00155351337226474
40376.68,0
40376.69,0
40376.7,0
40376.71,0
40376.72,0
40376.73,0
40376.74,0
40376.75,0
40376.76,0
40376.77,0
40376.78,0
40376.79,0
40376.8,0
40376.81,0
40376.82,0
40376.83,0
40376.84,0
40376.85,0
40376.86,0
40376.87,0
40376.88,0
40376.89,0
40376.9,0
40376.91,0
40376.92,0
40376.93,0
40376.94,0
40376.95,0
40376.96,0
40376.97,0
40376.98,0
40376.99,0
40377,0
40377.01,0
40377.02,0
40377.03,0
40377.04,0
40377.05,0
40377.06,0
40377.07,0
40377.08,0
40377.09,0
40377.1,0
40377.11,0
40377.12,0
40377.13,0
40377.14,0
40377.15,0
40377.16,0
40377.17,0
40377.18,0
40377.19,0
40377.2,0
40377.21,0
40377.22,0
40377.23,0
40377.24,0
40377.25,0
40377.26,0
40377.27,0
40377.28,0
40377.29,0
40377.3,0
40377.31,0
40377.32,0
40377.33,0
40377.34,0
40377.35,0
40377.36,0
40377.37,0
40377.38,0
40377.39,0
40377.4,0
40377.41,0
40377.42,0
40377.43,0
40377.44,0
40377.45,0
40377.46,0
40377.47,0
40377.48,0
40377.49,0
40377.5,0
40377.51,0
40377.52,0
40377.53,0
40377.54,0
40377.55,0
40377.56,0
40377.57,0
40377.58,0
40377.59,0
40377.6,0
40377.61,0
40377.62,0
40377.63,0
40377.64,0
40377.65,0
40377.66,0
40377.67,0
40377.68,0
40377.69,0
40377.7,0
40377.71,0
40377.72,0
40377.73,0
40377.74,0
40377.75,0
40377.76,0
40377.77,0
40377.78,0
40377.79,0
40377.8,0
40377.81,0
40377.82,0
40377.83,0
40377.84,0
40377.85,0
40377.86,0
40377.87,0
40377.88,0
40377.89,0
40377.9,0
40377.91,0
40377.92,0
40377.93,0
40377.94,0
40377.95,0
40377.96,0
40377.97,0
40377.98,0
40377.99,0
40378,0
40378.01,0
40378.02,0
40378.03,0
40378.04,0
40378.05,0
40378.06,0
40378.07,0
40378.08,0
40378.09,0
40378.1,0
40378.11,0
40378.12,0
40378.13,0
40378.14,0
40378.15,0
40378.16,0
40378.17,0
40378.18,0
40378.19,0
40378.2,0
40378.21,0
40378.22,0
40378.23,0
40378.24,0
40378.25,0
40378.26,0
40378.27,0
40378.28,0
40378.29,0
40378.3,0
40378.31,0
40378.32,0
40378.33,0
40378.34,0
40378.35,0
40378.36,0
40378.37,0
40378.38,0
40378.39,0
40378.4,0
40378.41,0
40378.42,0
40378.43,0
40378.44,0
40378.45,0
40378.46,0
40378.47,0
40378.48,0
40378.49,0
40378.5,0
40378.51,0
40378.52,0
40378.53,0
40378.54,0
40378.55,0
40378.56,0
40378.57,0
40378.58,0
40378.59,0
40378.6,0
40378.61,0
40378.62,0
40378.63,0
40378.64,0
40378.65,0
40378.66,0
40378.67,0
40378.68,0
40378.69,0
40378.7,0
40378.71,0
40378.72,0
40378.73,0
40378.74,0
40378.75,0
40378.76,0
40378.77,0
40378.78,0
40378.79,0
40378.8,0
40378.81,0
40378.82,0
40378.83,0
40378.84,0
40378.85,0
40378.86,0
40378.87,0
40378.88,0
40378.89,0
40378.9,0
40378.91,0
40378.92,0
40378.93,0
40378.94,0
40378.95,0
40378.96,0
40378.97,0
40378.98,0
40378.99,0
40379,0
40379.01,0
40379.02,0
40379.03,0
40379.04,0
40379.05,0
40379.06,0
40379.07,0
40379.08,0
40379.09,0
40379.1,0
40379.11,0
40379.12,0
40379.13,0
40379.14,0
40379.15,0
40379.16,0
40379.17,0
40379.18,0
40379.19,0
40379.2,0
40379.21,0
40379.22,0
40379.23,0
40379.24,0
40379.25,0
40379.26,0
40379.27,0
40379.28,0
40379.29,0
40379.3,0
40379.31,0
40379.32,0
40379.33,0
40379.34,0
40379.35,0
40379.36,0
40379.37,0
40379.38,0
40379.39,0
40379.4,0
40379.41,0
40379.42,0
40379.43,0
40379.44,0
40379.45,0
40379.46,0
40379.47,0
40379.48,0
40379.49,0
40379.5,0
40379.51,0
40379.52,0
40379.53,0
40379.54,0
40379.55,0
40379.56,0
40379.57,0
40379.58,0
40379.59,0
40379.6,0
40379.61,0
40379.62,0
40379.63,0
40379.64,0
40379.65,0
40379.66,0
40379.67,0
40379.68,0
40379.69,0
40379.7,0
40379.71,0
40379.72,0
40379.73,0
40379.74,0
40379.75,0
40379.76,0
40379.77,0
40379.78,0
40379.79,0
40379.8,0
40379.81,0
40379.82,0
40379.83,0
40379.84,0
40379.85,0
40379.86,0
40379.87,0
40379.88,0
40379.89,0
40379.9,0
40379.91,0
40379.92,0
40379.93,0
40379.94,0
40379.95,0
40379.96,0
40379.97,0
40379.98,0
40379.99,0
40380,0
40380.01,0
40380.02,0
40380.03,0
40380.04,0
40380.05,0
40380.06,0
40380.07,0
40380.08,0
40380.09,0
40380.1,0
40380.11,0
40380.12,0
40380.13,0
40380.14,0
40380.15,0
40380.16,0
40380.17,0
40380.18,0
40380.19,0
40380.2,0
40380.21,0
40380.22,0
40380.23,0
40380.24,0
40380.25,0
40380.26,0
40380.27,0
40380.28,0
40380.29,0
40380.3,0
40380.31,0
40380.32,0
40380.33,0
40380.34,0
40380.35,0
40380.36,0
40380.37,0
40380.38,0
40380.39,0
40380.4,0
40380.41,0
40380.42,0
40380.43,0
40380.44,0
40380.45,0
40380.46,0
40380.47,0
40380.48,0
40380.49,0
40380.5,0
40380.51,0
40380.52,0
40380.53,0
40380.54,0
40380.55,0
40380.56,0
40380.57,0
40380.58,0
40380.59,0
40380.6,0
40380.61,0
40380.62,0
40380.63,0
40380.64,0
40380.65,0
40380.66,0
40380.67,0
40380.68,0
40380.69,0
40380.7,0
40380.71,0
40380.72,0
40380.73,0
40380.74,0
40380.75,0
40380.76,0
40380.77,0
40380.78,0
40380.79,0
40380.8,0
40380.81,0
40380.82,0
40380.83,0
40380.84,0
40380.85,0
40380.86,0
40380.87,0
40380.88,0
40380.89,0
40380.9,0
40380.91,0
40380.92,0
40380.93,0
40380.94,0
40380.95,0
40380.96,0
40380.97,0
40380.98,0
40380.99,0
40381,0
40381.01,0
40381.02,0
40381.03,0
40381.04,0
40381.05,0
40381.06,0
40381.07,0
40381.08,0
40381.09,0
40381.1,0
40381.11,0
40381.12,0
40381.13,0
40381.14,0
40381.15,0
40381.16,0
40381.17,0
40381.18,0
40381.19,0
40381.2,0
40381.21,0
40381.22,0
40381.23,0
40381.24,0
40381.25,0
40381.26,0
40381.27,0
40381.28,0
40381.29,0
40381.3,0
40381.31,0
40381.32,0
40381.33,0
40381.34,0
40381.35,0
40381.36,0
40381.37,0
40381.38,0
40381.39,0
40381.4,0
40381.41,0
40381.42,0
40381.43,0
40381.44,0
40381.45,0
40381.46,0
40381.47,0
40381.48,0
40381.49,0
40381.5,0
40381.51,0
40381.52,0
40381.53,0
40381.54,0
40381.55,0
40381.56,0
40381.57,0
40381.58,0
40381.59,0
40381.6,0
40381.61,0
40381.62,0
40381.63,0
40381.64,0
40381.65,0
40381.66,0
40381.67,0
40381.68,0
40381.69,0
40381.7,0
40381.71,0
40381.72,0
40381.73,0
40381.74,0
40381.75,0
40381.76,0
40381.77,0
40381.78,0
40381.79,0
40381.8,0
40381.81,0
40381.82,0
40381.83,0
40381.84,0
40381.85,0
40381.86,0
40381.87,0
40381.88,0
40381.89,0
40381.9,0
40381.91,0
40381.92,0
40381.93,0
40381.94,0
40381.95,0
40381.96,0
40381.97,0
40381.98,0
40381.99,0
40382,0
40382.01,0
40382.02,0
40382.03,0
40382.04,0
40382.05,0
40382.06,0
40382.07,0
40382.08,0
40382.09,0
40382.1,0
40382.11,0
40382.12,0
40382.13,0
40382.14,0
40382.15,0
40382.16,0
40382.17,0
40382.18,0
40382.19,0
40382.2,0
40382.21,0
40382.22,0
40382.23,0
40382.24,0
40382.25,0
40382.26,0
40382.27,0
40382.28,0
40382.29,0
40382.3,0
40382.31,0
40382.32,0
40382.33,0
40382.34,0
40382.35,0
40382.36,0
40382.37,0
40382.38,0
40382.39,0
40382.4,0
40382.41,0
40382.42,0
40382.43,0
40382.44,0
40382.45,0
40382.46,0
40382.47,0
40382.48,0
40382.49,0
40382.5,0
40382.51,0
40382.52,0
40382.53,0
40382.54,0
40382.55,0
40382.56,0
40382.57,0
40382.58,0
40382.59,0
40382.6,0
40382.61,0
40382.62,0
40382.63,0
40382.64,0
40382.65,0
40382.66,0
40382.67,0
40382.68,0
40382.69,0
40382.7,0
40382.71,0
40382.72,0
40382.73,0
40382.74,0
40382.75,0
40382.76,0
40382.77,0
40382.78,0
40382.79,0
40382.8,0
40382.81,0
40382.82,0
40382.83,0
40382.84,0
40382.85,0
40382.86,0
40382.87,0
40382.88,0
40382.89,0
40382.9,0
40382.91,0
40382.92,0
40382.93,0
40382.94,0
40382.95,0
40382.96,0
40382.97,0
40382.98,0
40382.99,0
40383,0
40383.01,0
40383.02,0
40383.03,0
40383.04,0
40383.05,0
40383.06,0
40383.07,0
40383.08,0
40383.09,0
40383.1,0
40383.11,0
40383.12,0
40383.13,0
40383.14,0
40383.15,0
40383.16,0
40383.17,0
40383.18,0
40383.19,0
40383.2,0
40383.21,0
40383.22,0
40383.23,0
40383.24,0
40383.25,0
40383.26,0
40383.27,0
40383.28,0
40383.29,0
40383.3,0
40383.31,0
40383.32,0
40383.33,0
40383.34,0
40383.35,0
40383.36,0
40383.37,0
40383.38,0
40383.39,0
40383.4,0
40383.41,0
40383.42,0
40383.43,0
40383.44,0
40383.45,0
40383.46,0
40383.47,0
40383.48,0
40383.49,0
40383.5,0
40383.51,0
40383.52,0
40383.53,0
40383.54,0
40383.55,0
40383.56,0
40383.57,0
40383.58,0
40383.59,0
40383.6,0
40383.61,0
40383.62,0
40383.63,0
40383.64,0
40383.65,0
40383.66,0
40383.67,0
40383.68,0
40383.69,0
40383.7,0
40383.71,0
40383.72,0
40383.73,0
40383.74,0
40383.75,0
40383.76,0
40383.77,0
40383.78,0
40383.79,0
40383.8,0
40383.81,0
40383.82,0
40383.83,0
40383.84,0
40383.85,0
40383.86,0
40383.87,0
40383.88,0
40383.89,0
40383.9,0
40383.91,0
40383.92,0
40383.93,0
40383.94,0
40383.95,0
40383.96,0
40383.97,0
40383.98,0
40383.99,0
40384,0
40384.01,0
40384.02,0
40384.03,0
40384.04,0
40384.05,0
40384.06,0
40384.07,0
40384.08,0
40384.09,0
40384.1,0
40384.11,0
40384.12,0
40384.13,0
40384.14,0
40384.15,0
40384.16,0
40384.17,0
40384.18,0
40384.19,0
40384.2,0
40384.21,0
40384.22,0
40384.23,0
40384.24,0
40384.25,0
40384.26,0
40384.27,0
40384.28,0
40384.29,0
40384.3,0
40384.31,0
40384.32,0
40384.33,0
40384.34,0
40384.35,0
40384.36,0
40384.37,0
40384.38,0
40384.39,0
40384.4,0
40384.41,0
40384.42,0
40384.43,0
40384.44,0
40384.45,0
40384.46,0
40384.47,0
40384.48,0
40384.49,0
40384.5,0
40384.51,0
40384.52,0
40384.53,0
40384.54,0
40384.55,0
40384.56,0
40384.57,0
40384.58,0
40384.59,0
40384.6,0
40384.61,0
40384.62,3.6690140180476E-08
40384.63,7.20772449896385
40384.64,62.2112063822347
40384.65,164.137918510986
40384.66,297.480600004887
40384.67,421.608390396087
40384.68,513.232093229093
40384.69,414.227280452382
40384.7,407.470500962673
40384.71,397.407990582524
40384.72,395.652793247102
40384.73,390.387039745559
40384.74,397.812718486516
40384.75,380.547794611233
40384.76,377.844951953788
40384.77,375.214862344409
40384.78,374.002883402963
40384.79,359.058456658997
40384.8,348.912965627817
40384.81,323.912200723575
40384.82,315.052275602786
40384.83,291.631984483721
40384.84,281.156531777501
40384.85,269.440512296573
40384.86,259.232143155507
40384.87,249.378205688001
40384.88,244.172988439553
40384.89,245.452357045672
40384.9,242.010481708591
40384.91,229.961480550137
40384.92,218.093858590094
40384.93,213.327399313085
40384.94,214.129659911164
40384.95,205.117172180637
40384.96,205.200752453481
40384.97,213.631427445577
40384.98,210.155028046565
40384.99,200.386885482489
40385,205.117881946825
40385.01,205.324746626472
40385.02,200.7142013611
40385.03,195.790604757769
40385.04,194.17979244927
40385.05,193.565685346196
40385.06,185.469075660085
40385.07,183.621139930959
40385.08,171.578115373723
40385.09,166.685222587306
40385.1,159.287276411106
40385.11,157.149408355651
40385.12,157.104056548762
40385.13,160.838368880719
40385.14,161.432560395325
40385.15,152.200053470655
40385.16,149.281585541842
40385.17,151.657456073606
40385.18,143.186826589407
40385.19,139.279635083427
40385.2,141.532618640915
40385.21,137.726668940789
40385.22,129.985675042619
40385.23,127.722529414553
40385.24,122.11819701534
40385.25,120.088195597184
40385.26,113.763448456746
40385.27,110.257681764263
40385.28,105.247971919502
40385.29,99.0075944139141
40385.3,95.8023057972955
40385.31,102.417579690783
40385.32,102.338189295189
40385.33,108.419194625368
40385.34,102.020994209841
40385.35,99.5250601325837
40385.36,97.4033567676016
40385.37,91.6837677778423
40385.38,87.7601932895313
40385.39,85.6374003273796
40385.4,87.203973500161
40385.41,83.6529434342777
40385.42,77.1393201946409
40385.43,75.8141390746541
40385.44,77.4750834583146
40385.45,73.3969579656677
40385.46,69.8086032213946
40385.47,66.5393553982379
40385.48,60.9598943833131
40385.49,56.008204139706
40385.5,53.1007928659833
40385.51,51.4790334531222
40385.52,50.1751573279996
40385.53,48.5431928865467
40385.54,47.6389855098372
40385.55,48.7178709920598
40385.56,48.372630683617
40385.57,47.0469524214614
40385.58,47.8989191960151
40385.59,51.5884491775553
40385.6,49.7384783651509
40385.61,47.2071839278227
40385.62,45.7111629218386
40385.63,42.8828653293393
40385.64,40.8446127462508
40385.65,39.6361756790946
40385.66,38.4395561505936
40385.67,37.198509076113
40385.68,36.0518451888888
40385.69,33.896703543007
40385.7,33.8676950113623
40385.71,33.0457365885734
40385.72,32.1433063244389
40385.73,32.0474101924104
40385.74,31.1156230932375
40385.75,30.9121500454538
40385.76,32.8425172419253
40385.77,31.2868755048866
40385.78,29.7110415384887
40385.79,28.6878908767554
40385.8,28.4647917774267
40385.81,26.4260506703776
40385.82,26.1018152239596
40385.83,25.7729482797039
40385.84,25.6143086295641
40385.85,24.8709071833541
40385.86,24.598148788924
40385.87,24.4358863969193
40385.88,24.2751587515611
40385.89,23.2129667305705
40385.9,23.2843196725878
40385.91,22.3312079742396
40385.92,22.6331985315687
40385.93,21.0887714535237
40385.94,20.8577371481944
40385.95,20.2976424454929
40385.96,20.3614879509925
40385.97,19.7418202800544
40385.98,20.754812329205
40385.99,20.2430603300437
40386,20.7004973438216
40386.01,20.5385229883424
40386.02,20.3305504758556
40386.03,21.0392711616343
40386.04,21.0322574824677
40386.05,20.1599075055461
40386.06,19.8956795469438
40386.07,19.2085646574943
40386.08,19.2106891148179
40386.09,18.8434114099752
40386.1,17.4795384969169
40386.11,16.6807437543514
40386.12,16.3458989246827
40386.13,16.4169819708282
40386.14,16.5089572019231
40386.15,15.3367342479654
40386.16,15.1876795966177
40386.17,14.7538005961004
40386.18,14.3855801401237
40386.19,14.1428743689896
40386.2,13.7208613215778
40386.21,13.2020023215784
40386.22,12.1694242006765
40386.23,12.6218622228656
40386.24,12.3282578445691
40386.25,12.2040405560213
40386.26,12.895005222981
40386.27,13.2096757101984
40386.28,13.3250974457889
40386.29,13.2489688709819
40386.3,12.7037151849354
40386.31,12.3484023875749
40386.32,12.1577071732945
40386.33,12.3793952683682
40386.34,12.3765450907973
40386.35,12.384161348155
40386.36,12.3306048442768
40386.37,12.1579148113564
40386.38,12.0623687471237
40386.39,11.0450240594199
40386.4,10.2209442782106
40386.41,9.52439960977505
40386.42,9.29234279291755
40386.43,9.27807382365939
40386.44,9.15993232338568
40386.45,9.14494494124537
40386.46,8.92814589079207
40386.47,8.83482333420309
40386.48,8.26105133910985
40386.49,8.24029047106828
40386.5,7.80267154433426
40386.51,7.5167896583006
40386.52,7.2161390886818
40386.53,7.03348789943714
40386.54,6.58418673564098
40386.55,6.14586742730805
40386.56,6.21139541296282
40386.57,5.75944741709543
40386.58,5.76112704490998
40386.59,5.55126236848965
40386.6,5.28258715193585
40386.61,5.05835709818064
40386.62,5.02845109069277
40386.63,4.77243401642065
40386.64,4.53647676773056
40386.65,4.41290718508924
40386.66,4.04013310827711
40386.67,3.82305279651614
40386.68,3.71981697902389
40386.69,3.61633614827311
40386.7,3.72915708034472
40386.71,3.63348320284177
40386.72,3.58397728082673
40386.73,3.61530918453531
40386.74,3.56603940303917
40386.75,3.54344706762656
40386.76,3.39296695857512
40386.77,3.48289770936436
40386.78,3.66477446545054
40386.79,3.73326358141875
40386.8,3.69966805611933
40386.81,3.78348923434893
40386.82,3.80577507668529
40386.83,3.68868673556141
40386.84,3.60177298857381
40386.85,3.60117204425897
40386.86,3.54488878395103
40386.87,3.40372444853059
40386.88,3.33560239847938
40386.89,3.37374670923345
40386.9,3.29333501182358
40386.91,3.19366241690197
40386.92,3.15067378299606
40386.93,2.90434766839637
40386.94,2.88262919780632
40386.95,2.96665110771377
40386.96,2.88958553628999
40386.97,2.67860508589801
40386.98,2.63963128383712
40386.99,2.57111764086227
40387,2.39469285110581
40387.01,2.28142581164188
40387.02,2.27240490331905
40387.03,2.28720502157108
40387.04,2.23732368680386
40387.05,2.17891790414832
40387.06,2.16473425002255
40387.07,2.05863132114536
40387.08,1.98349176798796
40387.09,1.92560982369951
40387.1,1.87027771182618
40387.11,1.81359022861254
40387.12,1.77361035369668
40387.13,1.76209888960821
40387.14,1.68465193169676
40387.15,1.63806846451593
40387.16,1.58589906338435
40387.17,1.53870711464851
40387.18,1.5494062933882
40387.19,1.49880612628587
40387.2,1.52413858054483
40387.21,1.4772734168124
40387.22,1.37114533638417
40387.23,1.32176453797639
40387.24,1.2519807196611
40387.25,1.24341399704881
40387.26,1.14844037832303
40387.27,1.09743362939212
40387.28,0.980070029299652
40387.29,0.937607925076971
40387.3,0.858050940826325
40387.31,0.844454486970298
40387.32,0.818051045783538
40387.33,0.777087612047717
40387.34,0.750654008006816
40387.35,0.689394094170525
40387.36,0.644597420679944
40387.37,0.592480149432571
40387.38,0.558213449194963
40387.39,0.49598247930913
40387.4,0.477140420703033
40387.41,0.432712768746565
40387.42,0.383165505581688
40387.43,0.363895516985118
40387.44,0.343706598117066
40387.45,0.307235242038452
40387.46,0.240319250006305
40387.47,0.200322272381069
40387.48,0.155472112703106
40387.49,0.112180389673607
40387.5,0.0689885186696364
40387.51,0.0297777612697087
40387.52,0
40387.53,0
40387.54,0
40387.55,0
40387.56,0
40387.57,0
40387.58,0
40387.59,0
40387.6,0
40387.61,0
40387.62,0
40387.63,0
40387.64,0
40387.65,0
40387.66,0
40387.67,0
40387.68,0
40387.69,0
40387.7,0
40387.71,0
40387.72,0
40387.73,0
40387.74,0
40387.75,0
40387.76,0
40387.77,0
40387.78,0
40387.79,0
40387.8,0
40387.81,0
40387.82,0
40387.83,0
40387.84,0
40387.85,0
40387.86,0
40387.87,0
40387.88,0
40387.89,0
40387.9,0
40387.91,0
40387.92,0
40387.93,0
40387.94,0
40387.95,0
40387.96,0
40387.97,0
40387.98,0
40387.99,0
40388,0
40388.01,0
40388.02,0
40388.03,0
40388.04,0
40388.05,0
40388.06,0
40388.07,0
40388.08,0
40388.09,0
40388.1,0
40388.11,0
40388.12,0
40388.13,0
40388.14,0
40388.15,0
40388.16,0
40388.17,0
40388.18,0
40388.19,0
40388.2,0
40388.21,0
40388.22,0
40388.23,0
40388.24,0
40388.25,0
40388.26,0
40388.27,0
40388.28,0
40388.29,0
40388.3,0
40388.31,0
40388.32,0
40388.33,0
40388.34,0
40388.35,0
40388.36,0
40388.37,0
40388.38,0
40388.39,0
40388.4,0
40388.41,0
40388.42,0
40388.43,0
40388.44,0
40388.45,0
40388.46,0
40388.47,0
40388.48,0
40388.49,0
40388.5,0
40388.51,0
40388.52,0
40388.53,6.42022390234787E-10
40388.54,0.125608807866535
40388.55,20.5217196788996
40388.56,164.12034186349
40388.57,494.680468527386
40388.58,900.118272420167
40388.59,1286.01156175742
40388.6,1502.10269989767
40388.61,1667.0153864698
40388.62,1809.52778703908
40388.63,1798.40017308551
40388.64,1778.70259910713
40388.65,1070.99642310188
40388.66,1005.87991832754
40388.67,978.410151286248
40388.68,918.82906113887
40388.69,881.452066942651
40388.7,859.25209469969
40388.71,806.595678655569
40388.72,794.859182311129
40388.73,718.859447078041
40388.74,668.616873570589
40388.75,624.596544513379
40388.76,610.605974130846
40388.77,558.209809999035
40388.78,565.340065280927
40388.79,549.93072429015
40388.8,532.381028737264
40388.81,523.681691218501
40388.82,502.942677549377
40388.83,494.643272706989
40388.84,476.523308784297
40388.85,453.376767623759
40388.86,424.395878034053
40388.87,428.32127163802
40388.88,389.022882595426
40388.89,358.123633631915
40388.9,350.226390588559
40388.91,336.419679703334
40388.92,354.270042314413
40388.93,365.441718585042
40388.94,359.248507000272
40388.95,342.08796451494
40388.96,339.491202073649
40388.97,323.849765785001
40388.98,330.318785740404
40388.99,322.520659449107
40389,323.913616046868
40389.01,328.568075226212
40389.02,316.647902480946
40389.03,318.651869882976
40389.04,297.844667302426
40389.05,289.351108262767
40389.06,278.735002504836
40389.07,274.028907493531
40389.08,266.495015503904
40389.09,271.421491256847
40389.1,261.82485546229
40389.11,258.46953258411
40389.12,247.505002565754
40389.13,252.25256898432
40389.14,251.045548499853
40389.15,245.811519433299
40389.16,237.912685523891
40389.17,231.639094980642
40389.18,222.167830643829
40389.19,207.042271739608
40389.2,192.481661729812
40389.21,194.295382390786
40389.22,181.894611575648
40389.23,183.687059706254
40389.24,173.905565071274
40389.25,169.35751954001
40389.26,167.684616383951
40389.27,152.014460130285
40389.28,139.848720575434
40389.29,135.433615624533
40389.3,140.368656102941
40389.31,129.985130870711
40389.32,127.897426997899
40389.33,123.682035417749
40389.34,121.142018232656
40389.35,118.33831227603
40389.36,114.046991070582
40389.37,113.776309068049
40389.38,115.320381253254
40389.39,115.828380901246
40389.4,104.524127317077
40389.41,104.944492489973
40389.42,100.964538970199
40389.43,96.3814464752573
40389.44,96.5721836238901
40389.45,94.7136859590556
40389.46,96.3984371672147
40389.47,89.5143847375982
40389.48,89.4520998668608
40389.49,85.7070460433158
40389.5,84.0511533235917
40389.51,80.8025071023656
40389.52,77.4444886685886
40389.53,72.3910678694276
40389.54,67.2715303013121
40389.55,68.8496609682113
40389.56,66.0839227345555
40389.57,66.1761565931004
40389.58,62.5089846563876
40389.59,61.9345690644244
40389.6,59.262349296009
40389.61,56.2077787567328
40389.62,53.7286005976805
40389.63,54.5667382215575
40389.64,52.2717250165655
40389.65,50.3965982580775
40389.66,52.2297921894284
40389.67,51.7498511858632
40389.68,51.0676715218633
40389.69,47.9953481474491
40389.7,46.3889420121291
40389.71,47.3505901784728
40389.72,45.9491941262843
40389.73,42.9913701296932
40389.74,43.5198891364093
40389.75,41.1656608643647
40389.76,41.3113765046305
40389.77,43.6074293397714
40389.78,44.7806865163704
40389.79,44.0111356628275
40389.8,42.4720407058794
40389.81,40.7527586234786
40389.82,40.4686464457022
40389.83,39.8588890728366
40389.84,40.9508896288025
40389.85,40.3327746283383
40389.86,41.0617607163435
40389.87,40.957057214118
40389.88,42.3532896417956
40389.89,38.7305185458211
40389.9,38.3792615084181
40389.91,36.8110090385329
40389.92,35.7390068075074
40389.93,33.2247675381366
40389.94,32.9403553921542
40389.95,31.3328344819527
40389.96,31.8336058669896
40389.97,33.0151246299185
40389.98,33.741439384345
40389.99,31.5919637963722
40390,30.8918799647165
40390.01,31.216849462987
40390.02,29.5023409328652
40390.03,29.8381171535176
40390.04,30.2243199796166
40390.05,28.754208259461
40390.06,28.6249486922269
40390.07,28.2377561934209
40390.08,27.8451943989675
40390.09,28.1678822353341
40390.1,27.5216186531585
40390.11,27.4789641988861
40390.12,26.7721552045014
40390.13,25.8011604392083
40390.14,24.4282612357957
40390.15,24.4484779393302
40390.16,23.5305416676146
40390.17,24.0655605965436
40390.18,23.4740569746954
40390.19,22.3148212212028
40390.2,21.3660133381853
40390.21,21.1393610570463
40390.22,21.0713109082546
40390.23,20.3110800713866
40390.24,19.2246877322385
40390.25,18.7899860885164
40390.26,18.3023930351486
40390.27,18.3036534618306
40390.28,17.1926864483876
40390.29,17.3742769631804
40390.3,16.3457417034129
40390.31,15.5186139666352
40390.32,15.4456221723059
40390.33,15.4617863069878
40390.34,14.8588554446704
40390.35,14.2982396256167
40390.36,13.8556301279237
40390.37,13.1050417174946
40390.38,12.5842084822973
40390.39,12.561315907964
40390.4,12.5709272999947
40390.41,12.0511900793866
40390.42,11.5677389906863
40390.43,11.0706393746064
40390.44,10.9530198693422
40390.45,9.94373040492494
40390.46,9.47762998604936
40390.47,8.95118534392147
40390.48,8.35598495711597
40390.49,7.79987682342262
40390.5,7.04456097798744
40390.51,6.54783005737268
40390.52,6.08083785217593
40390.53,5.5012687488458
40390.54,5.33273212967732
40390.55,5.530812853571
40390.56,5.64366689973723
40390.57,5.61956049865579
40390.58,5.56132294155365
40390.59,5.52472766198923
40390.6,5.30444464468757
40390.61,5.29762733090575
40390.62,5.43490060682618
40390.63,5.38413990902958
40390.64,5.41755636390124
40390.65,5.2896133210435
40390.66,5.29274505925285
40390.67,5.33974319076146
40390.68,5.34625360465083
40390.69,5.04350863631516
40390.7,4.95596117735896
40390.71,4.9180511155568
40390.72,4.86343239818513
40390.73,4.9257440529135
40390.74,4.8981556519337
40390.75,4.64115277226428
40390.76,4.59345435521618
40390.77,4.48662752365562
40390.78,4.61552237863179
40390.79,4.69918794528722
40390.8,4.74672512699891
40390.81,4.93061714670587
40390.82,4.95739995751512
40390.83,4.93426150598524
40390.84,4.80176582096646
40390.85,4.93628075189352
40390.86,4.91128485370444
40390.87,5.00633670349078
40390.88,4.72267201088955
40390.89,4.95898700052473
40390.9,5.02377358520537
40390.91,5.12318437405681
40390.92,5.07676910181359
40390.93,4.90030345815508
40390.94,4.91449883548765
40390.95,4.86518854575184
40390.96,4.77492292940709
40390.97,4.699077335077
40390.98,4.77548632301484
40390.99,4.70111785090776
40391,4.51842634764963
40391.01,4.5966327957801
40391.02,4.74763403349147
40391.03,4.95945415613974
40391.04,5.09225363661965
40391.05,5.26672122256703
40391.06,5.61016383047439
40391.07,6.33725782077395
40391.08,6.89250791236677
40391.09,7.72354690016008
40391.1,9.10753811109232
40391.11,10.5384375369069
40391.12,12.9818540437863
40391.13,14.4678306439123
40391.14,16.2455262610236
40391.15,17.8516994277287
40391.16,18.7946847655732
40391.17,19.1913454415211
40391.18,19.3110552925719
40391.19,19.7367531517857
40391.2,20.0467399232039
40391.21,19.2338208348261
40391.22,19.328933728625
40391.23,19.2630825993096
40391.24,19.9023485216966
40391.25,19.9199267380238
40391.26,18.8631835367186
40391.27,19.2061563052962
40391.28,18.6253302386868
40391.29,17.6395667444174
40391.3,16.5059547547293
40391.31,16.1848327011146
40391.32,15.034759055627
40391.33,14.4480503546313
40391.34,13.9840485141798
40391.35,12.7148984795949
40391.36,11.7509873155101
40391.37,10.6168911385484
40391.38,10.2298916108779
40391.39,9.82317855457074
40391.4,9.46583134659783
40391.41,9.05760655116389
40391.42,8.8782233435463
40391.43,9.49784851126702
40391.44,9.2506175404354
40391.45,8.83516324550442
40391.46,8.39772006182586
40391.47,8.37196021883256
40391.48,7.5577174707059
40391.49,7.09315321743788
40391.5,6.88237435463435
40391.51,6.2403107425557
40391.52,5.98134096321596
40391.53,5.34472674773427
40391.54,4.86182060709679
40391.55,4.31556456139592
40391.56,3.86890589284972
40391.57,3.50658454043664
40391.58,3.42120562768124
40391.59,3.35590030802739
40391.6,3.26290482581604
40391.61,3.30408673022281
40391.62,3.29759829643592
40391.63,3.19224485246594
40391.64,3.19816494311762
40391.65,3.0618208783248
40391.66,2.98719419823884
40391.67,2.96389024333035
40391.68,2.90689041627158
40391.69,2.94017153268289
40391.7,2.863402421324
40391.71,2.75807121184301
40391.72,2.76791280427576
40391.73,2.72716457271316
40391.74,2.70938000478776
40391.75,2.83811523834821
40391.76,2.82356288771981
40391.77,2.73990182768812
40391.78,2.65769223654763
40391.79,2.50436393807075
40391.8,2.43863086590614
40391.81,2.33703905010115
40391.82,2.35474100492913
40391.83,2.30019656772609
40391.84,2.17507749203503
40391.85,2.15424312879894
40391.86,2.18484908282743
40391.87,2.18333880812399
40391.88,2.16609341510226
40391.89,2.21258161994718
40391.9,2.12134806024558
40391.91,2.08944072897502
40391.92,2.03254969702218
40391.93,2.01526041662669
40391.94,1.90482317488956
40391.95,1.91509678997965
40391.96,1.84782624736926
40391.97,1.84378045539421
40391.98,1.8583531271162
40391.99,1.82220434403708
40392,1.87811395360518
40392.01,1.77977676241906
40392.02,1.69784483854785
40392.03,1.61456407189904
40392.04,1.55495657742567
40392.05,1.54230034494055
40392.06,1.55163701999781
40392.07,1.50863298910793
40392.08,1.44074142009261
40392.09,1.37736682999737
40392.1,1.27273455587826
40392.11,1.23596084970156
40392.12,1.14372058795842
40392.13,1.13794980753298
40392.14,1.06420109779929
40392.15,1.08344245886711
40392.16,0.97852531873574
40392.17,0.963950483178379
40392.18,0.881788652381219
40392.19,0.838295490510759
40392.2,0.79154525647779
40392.21,0.768268680979053
40392.22,0.765901847821827
40392.23,0.752411782732358
40392.24,0.68329843665583
40392.25,0.668120100674477
40392.26,0.601626775308016
40392.27,0.554862383491989
40392.28,0.542027528520407
40392.29,0.487693866265781
40392.3,0.444266663510138
40392.31,0.410401114398514
40392.32,0.36301958033266
40392.33,0.335383737287064
40392.34,0.28808950829831
40392.35,0.264997958783661
40392.36,0.234015729277194
40392.37,0.200470891361031
40392.38,0.173286210841331
40392.39,0.134450061866015
40392.4,0.102535586022065
40392.41,0.0693728869699798
40392.42,0.0350370487383227
40392.43,0.000848594889621185
40392.44,0
40392.45,0
40392.46,0
40392.47,0
40392.48,0
40392.49,0
40392.5,0
40392.51,0
40392.52,0
40392.53,0
40392.54,0
40392.55,0
40392.56,0
40392.57,0
40392.58,0
40392.59,0
40392.6,0
40392.61,0
40392.62,0
40392.63,0
40392.64,0
40392.65,0
40392.66,0
40392.67,0
40392.68,0
40392.69,0
40392.7,0
40392.71,0
40392.72,0
40392.73,0
40392.74,0
40392.75,0
40392.76,0
40392.77,0
40392.78,0
40392.79,0
40392.8,0
40392.81,0
40392.82,0
40392.83,0
40392.84,0
40392.85,0
40392.86,0
40392.87,0
40392.88,0
40392.89,0
40392.9,0
40392.91,0
40392.92,0
40392.93,0
40392.94,0
40392.95,0
40392.96,0
40392.97,0
40392.98,0
40392.99,0
40393,0
40393.01,0
40393.02,0
40393.03,0
40393.04,0
40393.05,0
40393.06,0
40393.07,0
40393.08,0
40393.09,0
40393.1,0
40393.11,0
40393.12,0
40393.13,0
40393.14,0
40393.15,0
40393.16,0
40393.17,0
40393.18,0
40393.19,0
40393.2,0
40393.21,0
40393.22,0
40393.23,0
40393.24,0
40393.25,0
40393.26,0
40393.27,0
40393.28,0
40393.29,0
40393.3,0
40393.31,0
40393.32,0
40393.33,0
40393.34,0
40393.35,0
40393.36,0
40393.37,0
40393.38,0
40393.39,0
40393.4,0
40393.41,0
40393.42,0
40393.43,0
40393.44,0
40393.45,0
40393.46,0
40393.47,0
40393.48,0
40393.49,0
40393.5,0
40393.51,0
40393.52,0
40393.53,0
40393.54,0
40393.55,0
40393.56,0
40393.57,0
40393.58,0
40393.59,0
40393.6,0
40393.61,0
40393.62,0
40393.63,0
40393.64,0
40393.65,0
40393.66,0
40393.67,0
40393.68,0
40393.69,0
40393.7,0
40393.71,0
40393.72,0
40393.73,0
40393.74,0
40393.75,0
40393.76,0
40393.77,0
40393.78,0
40393.79,0
40393.8,0
40393.81,0
40393.82,0
40393.83,0
40393.84,0
40393.85,0
40393.86,0
40393.87,0
40393.88,0
40393.89,0
40393.9,0
40393.91,0
40393.92,0
40393.93,0
40393.94,0
40393.95,0
40393.96,0
40393.97,0
40393.98,0
40393.99,0
40394,0
40394.01,0
40394.02,0
40394.03,0
40394.04,0
40394.05,0
40394.06,0
40394.07,0
40394.08,0
40394.09,0
40394.1,0
40394.11,0
40394.12,0
40394.13,0
40394.14,0
40394.15,0
40394.16,0
40394.17,0
40394.18,0
40394.19,0
40394.2,0
40394.21,0
40394.22,0
40394.23,0
40394.24,0
40394.25,0
40394.26,0
40394.27,0
40394.28,0
40394.29,0
40394.3,0
40394.31,0
40394.32,0
40394.33,0
40394.34,0
40394.35,0
40394.36,0
40394.37,0
40394.38,0
40394.39,0
40394.4,0
40394.41,0
40394.42,0
40394.43,0
40394.44,0
40394.45,0
40394.46,0
40394.47,0
40394.48,0
40394.49,0
40394.5,0
40394.51,0
40394.52,0
40394.53,0
40394.54,0
40394.55,0
40394.56,0
40394.57,0
40394.58,0
40394.59,0
40394.6,0
40394.61,0
40394.62,0
40394.63,0
40394.64,0
40394.65,0
40394.66,0
40394.67,0
40394.68,0
40394.69,0
40394.7,0
40394.71,0
40394.72,0
40394.73,0
40394.74,0
40394.75,0
40394.76,0
40394.77,0
40394.78,0
40394.79,0
40394.8,0
40394.81,0
40394.82,0
40394.83,0
40394.84,0
40394.85,0
40394.86,0
40394.87,0
40394.88,0
40394.89,0
40394.9,0
40394.91,0
40394.92,0
40394.93,0
40394.94,0
40394.95,0
40394.96,0
40394.97,0
40394.98,0
40394.99,0
40395,0
40395.01,0
40395.02,0
40395.03,0
40395.04,0
40395.05,0
40395.06,0
40395.07,0
40395.08,0
40395.09,0
40395.1,0
40395.11,0
40395.12,0
40395.13,0
40395.14,0
40395.15,0
40395.16,0
40395.17,0
40395.18,0
40395.19,0
40395.2,0
40395.21,0
40395.22,0
40395.23,0
40395.24,0
40395.25,0
40395.26,0
40395.27,0
40395.28,0
40395.29,0
40395.3,0
40395.31,0
40395.32,0
40395.33,0
40395.34,0
40395.35,0
40395.36,0
40395.37,0
40395.38,0
40395.39,0
40395.4,0
40395.41,0
40395.42,0
40395.43,0
40395.44,0
40395.45,0
40395.46,0
40395.47,0
40395.48,0
40395.49,0
40395.5,0
40395.51,0
40395.52,0
40395.53,0
40395.54,0
40395.55,0
40395.56,0
40395.57,0
40395.58,0
40395.59,1.12172991745261E-10
40395.6,0.0226655433976458
40395.61,7.12210151707137
40395.62,36.1807776632803
40395.63,87.3992540836241
40395.64,156.920901388148
40395.65,237.80209093032
40395.66,313.205348184679
40395.67,391.433526850727
40395.68,477.26648424268
40395.69,570.659873174892
40395.7,614.44986967836
40395.71,693.074493204485
40395.72,722.962727464554
40395.73,727.435574874875
40395.74,728.355389505422
40395.75,703.760002057382
40395.76,707.536168539886
40395.77,712.023551582144
40395.78,738.861110631079
40395.79,746.854951654721
40395.8,764.452943486717
40395.81,797.346743340035
40395.82,635.726197037094
40395.83,605.221866965165
40395.84,571.760141184277
40395.85,552.530917194162
40395.86,529.842649696886
40395.87,518.478362379091
40395.88,492.992297092547
40395.89,465.123731167106
40395.9,460.343560146918
40395.91,446.819011647806
40395.92,442.572705044503
40395.93,444.954227329964
40395.94,423.29753547356
40395.95,420.542331933675
40395.96,413.229656083595
40395.97,406.639071229531
40395.98,399.880584547894
40395.99,378.491306021523
40396,359.710943432331
40396.01,335.716933270804
40396.02,311.298012229761
40396.03,292.622728980687
40396.04,269.722716038321
40396.05,266.052532035497
40396.06,261.218805883017
40396.07,255.192235795166
40396.08,254.276539035966
40396.09,236.20517527992
40396.1,244.376426220273
40396.11,231.654886524728
40396.12,227.201744959041
40396.13,221.536567550853
40396.14,212.120905853584
40396.15,209.593345511621
40396.16,202.373677345881
40396.17,201.421479356637
40396.18,200.549797089825
40396.19,193.474590292681
40396.2,197.469303922502
40396.21,195.172444550751
40396.22,185.81946314569
40396.23,176.445604465018
40396.24,174.943163555055
40396.25,158.795795932636
40396.26,150.378167153499
40396.27,147.102570251765
40396.28,145.589424248343
40396.29,141.954056380537
40396.3,138.169390587771
40396.31,130.885184134688
40396.32,123.581500671191
40396.33,125.374903199546
40396.34,120.254282396274
40396.35,117.155080034675
40396.36,112.828330418494
40396.37,113.134229438977
40396.38,103.275831000851
40396.39,99.2669401010248
40396.4,93.4558961325873
40396.41,89.3359377247888
40396.42,86.7264812293624
40396.43,80.9322356264328
40396.44,80.3588417108315
40396.45,75.6104070791038
40396.46,73.6687417900076
40396.47,70.3641470993569
40396.48,69.6099087941748
40396.49,70.1944049355934
40396.5,69.1634771620713
40396.51,69.0988726919301
40396.52,68.0158153106109
40396.53,67.8262763333209
40396.54,64.5510957643461
40396.55,61.5318442931436
40396.56,61.1277881747953
40396.57,60.0827898919666
40396.58,58.8683246513272
40396.59,57.1960171539512
40396.6,53.8400570452397
40396.61,53.7954783956826
40396.62,53.9291146409583
40396.63,52.5157819630027
40396.64,49.4409377309722
40396.65,46.7637514751332
40396.66,46.9459158218247
40396.67,45.8062895435336
40396.68,45.1819758469582
40396.69,43.8082709199657
40396.7,44.0269531761447
40396.71,43.4439430166713
40396.72,41.366953206237
40396.73,38.7556702466477
40396.74,37.4254090402234
40396.75,35.741044725872
40396.76,34.0971126011237
40396.77,34.6208275718926
40396.78,35.0131725095857
40396.79,35.1055162845295
40396.8,34.9663281852737
40396.81,36.9852437609423
40396.82,35.875506121132
40396.83,35.6283615478227
40396.84,34.8606964479175
40396.85,33.7101213307287
40396.86,34.5126562481901
40396.87,34.1108193959976
40396.88,33.1349370239766
40396.89,32.1060631820565
40396.9,31.6915562253468
40396.91,30.9869972069135
40396.92,29.7380559917342
40396.93,28.9172083399397
40396.94,29.0095590223479
40396.95,27.6931171465614
40396.96,27.1239553573632
40396.97,28.7354541304347
40396.98,28.8395505948564
40396.99,28.223134887053
40397,28.1581408862131
40397.01,27.7168635682803
40397.02,27.303533446927
40397.03,27.919545837116
40397.04,27.8421758352922
40397.05,28.0975647807391
40397.06,27.5099172525243
40397.07,26.9982500373082
40397.08,27.2388695122027
40397.09,28.0546198563861
40397.1,28.0589800159911
40397.11,27.3334534682367
40397.12,27.6497873552324
40397.13,27.6165821972286
40397.14,26.9877960856334
40397.15,26.2712361932588
40397.16,25.9540328742594
40397.17,24.6860957734229
40397.18,24.1671418374716
40397.19,22.9006744356465
40397.2,23.4175913182009
40397.21,23.3066570992355
40397.22,23.3353272822029
40397.23,22.3392370032061
40397.24,22.4661369089729
40397.25,22.4022942447719
40397.26,21.5637640848346
40397.27,21.8796842164577
40397.28,21.367498653396
40397.29,21.0339732872403
40397.3,20.8018428765199
40397.31,19.928775307906
40397.32,19.3556710849969
40397.33,18.8837893274362
40397.34,18.5006671225635
40397.35,17.9126493509812
40397.36,17.8046151638438
40397.37,17.0660505230899
40397.38,16.077441581187
40397.39,15.7715668044636
40397.4,15.2457869508303
40397.41,14.9557568655856
40397.42,15.2676941989664
40397.43,15.2572852902025
40397.44,15.2450524753
40397.45,14.7891382303348
40397.46,14.3547455606364
40397.47,13.7849699969641
40397.48,13.3295565009547
40397.49,13.0478363422297
40397.5,12.8140913276458
40397.51,12.3384784353682
40397.52,11.5913183832373
40397.53,11.368833787081
40397.54,10.3397297286099
40397.55,9.70985795540093
40397.56,9.30782577031532
40397.57,9.28793927932838
40397.58,8.9785650942935
40397.59,8.84999561970001
40397.6,8.40191241243191
40397.61,7.57449842813497
40397.62,7.01183963019163
40397.63,6.49168446772494
40397.64,6.40715682722071
40397.65,6.24502133324098
40397.66,6.10486775562942
40397.67,6.14276711756811
40397.68,6.17966046756988
40397.69,6.41876629487143
40397.7,6.28724068568451
40397.71,6.21127417560398
40397.72,6.24527387628256
40397.73,6.17355735689114
40397.74,5.99670888371084
40397.75,5.86752558585687
40397.76,5.5217465672769
40397.77,5.32303709689252
40397.78,5.27808737545659
40397.79,5.21055713173682
40397.8,5.03493131750572
40397.81,4.93162878650358
40397.82,5.21912800513429
40397.83,5.30638297829822
40397.84,5.24141456133108
40397.85,5.0029451708484
40397.86,5.05226632247427
40397.87,4.83350813227868
40397.88,4.46030674981034
40397.89,4.45290085315431
40397.9,4.61024692912401
40397.91,4.32476758606986
40397.92,4.03265345950979
40397.93,3.89336987019547
40397.94,3.89459139719226
40397.95,3.79447871326254
40397.96,3.6904303772542
40397.97,3.56533784784364
40397.98,3.55755132785197
40397.99,3.5989006406797
40398,3.51293240561431
40398.01,3.57918219846184
40398.02,3.4832772470745
40398.03,3.45425909352914
40398.04,3.37919820808804
40398.05,3.2696939876304
40398.06,3.17626550141043
40398.07,2.91531390467087
40398.08,2.85732136394318
40398.09,2.9336154551353
40398.1,2.97461593985162
40398.11,2.95410841391785
40398.12,2.90167856405382
40398.13,2.71789810430869
40398.14,2.67764475379736
40398.15,2.50315564466804
40398.16,2.45350240675629
40398.17,2.44164433510219
40398.18,2.24989137588203
40398.19,2.14738509126015
40398.2,2.12188872536243
40398.21,2.0570082050551
40398.22,1.97293839548227
40398.23,1.96249303491716
40398.24,1.95398036562692
40398.25,1.83771320769332
40398.26,1.66823199078318
40398.27,1.56643776023527
40398.28,1.4936951726672
40398.29,1.50397224635148
40398.3,1.46083157646136
40398.31,1.3483112376238
40398.32,1.30112096691648
40398.33,1.19024495220788
40398.34,1.07867901826727
40398.35,0.972837782919482
40398.36,0.889002536176244
40398.37,0.821527969743535
40398.38,0.746916565139477
40398.39,0.646136620357066
40398.4,0.56436887028053
40398.41,0.453443184821486
40398.42,0.369679135990808
40398.43,0.278118246575316
40398.44,0.207106857136311
40398.45,0.145380625095507
40398.46,0.0734705518481993
40398.47,0
40398.48,0
40398.49,0
40398.5,0
40398.51,0
40398.52,0
40398.53,0
40398.54,0
40398.55,0
40398.56,0
40398.57,0
40398.58,0
40398.59,0
40398.6,0
40398.61,0
40398.62,0
40398.63,0
40398.64,0
40398.65,0
40398.66,0
40398.67,0
40398.68,0
40398.69,0
40398.7,0
40398.71,0
40398.72,0
40398.73,0
40398.74,0
40398.75,0
40398.76,0
40398.77,0
40398.78,0
40398.79,0
40398.8,0
40398.81,0
40398.82,0
40398.83,0
40398.84,0
40398.85,0
40398.86,0
40398.87,0
40398.88,0
40398.89,0
40398.9,0
40398.91,0
40398.92,0
40398.93,0
40398.94,0
40398.95,0
40398.96,0
40398.97,0
40398.98,0
40398.99,0
40399,0
40399.01,0
40399.02,0
40399.03,0
40399.04,0
40399.05,0
40399.06,0
40399.07,0
40399.08,0
40399.09,0
40399.1,0
40399.11,0
40399.12,0
40399.13,0
40399.14,0
40399.15,0
40399.16,0
40399.17,0
40399.18,0
40399.19,0
40399.2,0
40399.21,0
40399.22,0
40399.23,0
40399.24,0
40399.25,0
40399.26,0
40399.27,0
40399.28,0
40399.29,0
40399.3,0
40399.31,0
40399.32,0
40399.33,0
40399.34,0
40399.35,0
40399.36,0
40399.37,0
40399.38,0
40399.39,0
40399.4,0
40399.41,0
40399.42,0
40399.43,0
40399.44,0
40399.45,0
40399.46,0
40399.47,0
40399.48,0
40399.49,0
40399.5,0
40399.51,0
40399.52,0
40399.53,0
40399.54,0
40399.55,0
40399.56,0
40399.57,0
40399.58,0
40399.59,0
40399.6,0
40399.61,0
40399.62,0
40399.63,0
40399.64,0
40399.65,0
40399.66,0
40399.67,0
40399.68,0
40399.69,0
40399.7,0
40399.71,0
40399.72,0
40399.73,0
40399.74,0
40399.75,0
40399.76,0
40399.77,0
40399.78,0
40399.79,0
40399.8,0
40399.81,0
40399.82,0
40399.83,0
40399.84,0
40399.85,0
40399.86,0
40399.87,0
40399.88,0
40399.89,0
40399.9,0
40399.91,0
40399.92,0
40399.93,0
40399.94,0
40399.95,0
40399.96,0
40399.97,0
40399.98,0
40399.99,0
40400,0
40400.01,0
40400.02,0
40400.03,0
40400.04,0
40400.05,0
40400.06,0
40400.07,0
40400.08,0
40400.09,0
40400.1,0
40400.11,0
40400.12,0
40400.13,0
40400.14,0
40400.15,0
40400.16,0
40400.17,0
40400.18,0
40400.19,0
40400.2,0
40400.21,0
40400.22,0
40400.23,0
40400.24,0
40400.25,0
40400.26,0
40400.27,0
40400.28,0
40400.29,0
40400.3,0
40400.31,0
40400.32,0
40400.33,0
40400.34,0
40400.35,0
40400.36,0
40400.37,0
40400.38,0
40400.39,0
40400.4,0
40400.41,0
40400.42,0
40400.43,0
40400.44,0
40400.45,0
40400.46,0
40400.47,0
40400.48,0
40400.49,0
40400.5,0
40400.51,0
40400.52,0
40400.53,0
40400.54,0
40400.55,0
40400.56,0
40400.57,0
40400.58,0
40400.59,0
40400.6,0
40400.61,0
40400.62,0
40400.63,0
40400.64,0
40400.65,0
40400.66,0
40400.67,0
40400.68,0
40400.69,0
40400.7,0
40400.71,0
40400.72,0
40400.73,0
40400.74,0
40400.75,0
40400.76,0
40400.77,0
40400.78,0
40400.79,0
40400.8,0
40400.81,0
40400.82,0
40400.83,0
40400.84,0
40400.85,0
40400.86,0
40400.87,0
40400.88,0
40400.89,0
40400.9,0
40400.91,0
40400.92,0
40400.93,0
40400.94,0
40400.95,0
40400.96,0
40400.97,0
40400.98,0
40400.99,0
40401,0
40401.01,0
40401.02,0
40401.03,0
40401.04,0
40401.05,0
40401.06,0
40401.07,0
40401.08,0
40401.09,0
40401.1,0
40401.11,0
40401.12,0
40401.13,0
40401.14,0
40401.15,0
40401.16,0
40401.17,0
40401.18,0
40401.19,0
40401.2,0
40401.21,0
40401.22,0
40401.23,0
40401.24,0
40401.25,0
40401.26,0
40401.27,0
40401.28,0
40401.29,0
40401.3,0
40401.31,0
40401.32,0
40401.33,0
40401.34,0
40401.35,0
40401.36,0
40401.37,0
40401.38,0
40401.39,0
40401.4,0
40401.41,0
40401.42,0
40401.43,0
40401.44,0
40401.45,0
40401.46,0
40401.47,0
40401.48,0
40401.49,0
40401.5,0
40401.51,0
40401.52,0
40401.53,0
40401.54,0
40401.55,0
40401.56,0
40401.57,0
40401.58,0
40401.59,0
40401.6,0
40401.61,0
40401.62,0
40401.63,0
40401.64,0
40401.65,0
40401.66,0
40401.67,0
40401.68,0
40401.69,0
40401.7,0
40401.71,0
40401.72,0
40401.73,0
40401.74,0
40401.75,0
40401.76,0
40401.77,0
40401.78,0
40401.79,0
40401.8,0
40401.81,0
40401.82,0
40401.83,0
40401.84,0
40401.85,0
40401.86,0
40401.87,0
40401.88,0
40401.89,0
40401.9,0
40401.91,0
40401.92,0
40401.93,0
40401.94,0
40401.95,0
40401.96,0
40401.97,0
40401.98,0
40401.99,0
40402,0
40402.01,0
40402.02,0
40402.03,0
40402.04,0
40402.05,0
40402.06,0
40402.07,0
40402.08,0
40402.09,0
40402.1,0
40402.11,0
40402.12,0
40402.13,0
40402.14,0
40402.15,0
40402.16,0
40402.17,0
40402.18,0
40402.19,0
40402.2,0
40402.21,0
40402.22,0
40402.23,0
40402.24,0
40402.25,0
40402.26,0
40402.27,7.81890873296733E-09
40402.28,1.52627684221071
40402.29,51.5779735839003
40402.3,240.478463438095
40402.31,665.257627911305
40402.32,1308.21692553689
40402.33,1823.42535885401
40402.34,2141.93736552377
40402.35,2262.59593161445
40402.36,1393.5583853963
40402.37,1277.40956098011
40402.38,1210.14013261758
40402.39,1140.10145128716
40402.4,1131.54707393261
40402.41,1099.67245341362
40402.42,988.351550392914
40402.43,882.295677617305
40402.44,872.34647432613
40402.45,811.662201647952
40402.46,719.699480440214
40402.47,695.390727627651
40402.48,706.926434664979
40402.49,699.734756021128
40402.5,722.629400944753
40402.51,735.586301223048
40402.52,710.01899425031
40402.53,709.264689168802
40402.54,664.161666864358
40402.55,655.365146531278
40402.56,643.792250710355
40402.57,628.755297966802
40402.58,616.879268992874
40402.59,631.254290903546
40402.6,606.62901075659
40402.61,593.780562788514
40402.62,592.57628489675
40402.63,585.635635586139
40402.64,596.52053761478
40402.65,595.270394298215
40402.66,571.129245814158
40402.67,575.125396710498
40402.68,566.357785340088
40402.69,544.811385691942
40402.7,544.806046540311
40402.71,531.560792842609
40402.72,540.86583971092
40402.73,587.103396054695
40402.74,621.845171999466
40402.75,659.530776426357
40402.76,703.755953369057
40402.77,761.40500207439
40402.78,804.283020397578
40402.79,860.032286710463
40402.8,855.237989489901
40402.81,881.28975321896
40402.82,672.439821686679
40402.83,664.000888129683
40402.84,641.979051823672
40402.85,597.929653134118
40402.86,573.381632213408
40402.87,563.494443100473
40402.88,559.264523090054
40402.89,529.937635377727
40402.9,508.001339718346
40402.91,492.476928130996
40402.92,481.583663940311
40402.93,478.574546155554
40402.94,458.023181726514
40402.95,440.463998993393
40402.96,437.566351279192
40402.97,426.926961984156
40402.98,450.713697799228
40402.99,430.733841397548
40403,427.152358682795
40403.01,414.223329783495
40403.02,414.477196928225
40403.03,430.107730822744
40403.04,401.510637395178
40403.05,393.626844122147
40403.06,386.13834858135
40403.07,390.125258915917
40403.08,382.606720537657
40403.09,383.14890693326
40403.1,371.73466846553
40403.11,381.517109553042
40403.12,393.447779340375
40403.13,405.023149148275
40403.14,419.402557492533
40403.15,473.98498032241
40403.16,538.559076848333
40403.17,588.430381987607
40403.18,673.592662829716
40403.19,694.712461577451
40403.2,773.129207755275
40403.21,802.617947707521
40403.22,827.455812209283
40403.23,605.665247657568
40403.24,567.18211223832
40403.25,555.594092893046
40403.26,566.256227965801
40403.27,542.488237849918
40403.28,542.348654890861
40403.29,526.185284775311
40403.3,493.528269390037
40403.31,478.8736833215
40403.32,468.442097926247
40403.33,444.962507647508
40403.34,439.059310624786
40403.35,429.36462925332
40403.36,430.788064437724
40403.37,411.220851406175
40403.38,392.294429957039
40403.39,385.334115814459
40403.4,354.300649462509
40403.41,339.815599861723
40403.42,321.912297012452
40403.43,304.725990871523
40403.44,299.12046131435
40403.45,287.213316666557
40403.46,272.921794294715
40403.47,270.273245461524
40403.48,254.264529844894
40403.49,252.649323683863
40403.5,241.584765669139
40403.51,237.65267563669
40403.52,241.249170108843
40403.53,234.370167140723
40403.54,221.888892182033
40403.55,206.501438605671
40403.56,196.534383930317
40403.57,186.596561190707
40403.58,175.586496828002
40403.59,164.917130776834
40403.6,156.721940108817
40403.61,148.479768918761
40403.62,142.552377933521
40403.63,136.060392778314
40403.64,136.002168342883
40403.65,132.412577196795
40403.66,129.410259636432
40403.67,128.341067386466
40403.68,127.20051997752
40403.69,122.967596158772
40403.7,118.281275545871
40403.71,115.112261717842
40403.72,111.505931188515
40403.73,113.076053818963
40403.74,108.244567896536
40403.75,105.276214112337
40403.76,103.797197592205
40403.77,103.414437101347
40403.78,105.669542891488
40403.79,102.722197523811
40403.8,100.126088073932
40403.81,101.952351704066
40403.82,103.303462752768
40403.83,100.591179141033
40403.84,95.4579327740895
40403.85,94.5123715430008
40403.86,88.9453950436856
40403.87,90.1051409241284
40403.88,89.875313511054
40403.89,85.756931285401
40403.9,86.7431341517604
40403.91,83.4340367101174
40403.92,81.4102283574385
40403.93,82.9742149482211
40403.94,79.1209281796194
40403.95,74.045530839255
40403.96,70.8488513738866
40403.97,70.6473641783946
40403.98,70.0741154191343
40403.99,67.7082207611706
40404,63.4130768821055
40404.01,62.033133059633
40404.02,59.6811242026578
40404.03,60.1853995232165
40404.04,56.5283747528155
40404.05,57.0218085941335
40404.06,55.9829030299458
40404.07,55.6293703641925
40404.08,55.5658552318329
40404.09,55.5014262000332
40404.1,53.0995890852295
40404.11,53.4203073703909
40404.12,50.8886696272869
40404.13,51.1647723988732
40404.14,50.4080908337679
40404.15,48.9477727171384
40404.16,48.1552868597221
40404.17,47.6846152006533
40404.18,47.0420878298008
40404.19,47.3272004703187
40404.2,46.8940606164993
40404.21,46.0511312744695
40404.22,48.4259443268097
40404.23,46.7550598527481
40404.24,44.7472114001677
40404.25,44.7445314164895
40404.26,45.4625944033675
40404.27,46.0706363025335
40404.28,46.6512997437885
40404.29,47.4701889733464
40404.3,45.6714241729822
40404.31,45.8694603711263
40404.32,43.6110107479697
40404.33,43.1162722848651
40404.34,41.2520814687016
40404.35,40.7342987650847
40404.36,40.4044059239506
40404.37,40.0280339990842
40404.38,38.8529657638609
40404.39,37.3333261734302
40404.4,37.5801638310343
40404.41,38.1057659229731
40404.42,36.7758959896213
40404.43,34.0557835838836
40404.44,33.2211254260985
40404.45,33.2056078448505
40404.46,32.0680180682534
40404.47,30.8303458462708
40404.48,30.609104921554
40404.49,30.7278245107144
40404.5,29.0568116205771
40404.51,27.3311276223151
40404.52,26.2006812381546
40404.53,24.4159671486046
40404.54,23.920288372188
40404.55,22.281157554391
40404.56,22.3046564293446
40404.57,21.2429014091413
40404.58,20.2636976177501
40404.59,19.9106518208265
40404.6,19.3919293867369
40404.61,18.7017510184391
40404.62,18.4437985514141
40404.63,17.9671296311215
40404.64,18.7743231412489
40404.65,17.9120663688997
40404.66,17.4959255610421
40404.67,16.8978919233351
40404.68,16.3321709382588
40404.69,16.7072620185298
40404.7,17.1746965991644
40404.71,17.6116724244771
40404.72,17.596134789421
40404.73,16.6326272411804
40404.74,15.8000455631109
40404.75,15.2317695508147
40404.76,14.7906022971131
40404.77,14.8369965628422
40404.78,14.8850182631853
40404.79,14.7217248128978
40404.8,13.9911203192643
40404.81,14.1428965902884
40404.82,14.0375455909664
40404.83,13.2980315265604
40404.84,13.3527549101266
40404.85,12.9766044460344
40404.86,13.5866724595073
40404.87,12.991811253692
40404.88,13.1220257465641
40404.89,12.8917210541097
40404.9,12.0833152050114
40404.91,11.5540326163197
40404.92,11.0708028471724
40404.93,10.9286607300925
40404.94,11.2317957609918
40404.95,11.2950144323034
40404.96,11.703261312073
40404.97,11.8410554777982
40404.98,12.1448523353969
40404.99,12.0679759680349
40405,12.1368560092407
40405.01,12.2193213432013
40405.02,11.958830559054
40405.03,11.8724883792096
40405.04,11.544435569798
40405.05,11.4597558428264
40405.06,11.1794611186936
40405.07,11.0924830171263
40405.08,10.9808760362346
40405.09,11.2846272000272
40405.1,11.0738980642022
40405.11,10.8378736436097
40405.12,10.9197748187907
40405.13,10.7835366731351
40405.14,10.6480889461687
40405.15,10.6997932027028
40405.16,10.8060948985396
40405.17,10.8416951574288
40405.18,11.1699849087806
40405.19,11.6930463888133
40405.2,12.015577150454
40405.21,11.8919120173747
40405.22,11.4658460178226
40405.23,11.1016350651199
40405.24,11.1182980813502
40405.25,10.680386280885
40405.26,10.7741826946146
40405.27,10.6227310683767
40405.28,10.6028049059421
40405.29,10.7605630056133
40405.3,10.8072207201403
40405.31,10.2324530225932
40405.32,9.80184533256561
40405.33,10.2066863686461
40405.34,10.1658765839104
40405.35,10.5623470121203
40405.36,10.5065585056978
40405.37,10.4412164806415
40405.38,10.3853634027311
40405.39,11.0825379438275
40405.4,12.5266775768444
40405.41,14.5889036879289
40405.42,18.0358107760152
40405.43,22.6184597343076
40405.44,27.3505416253028
40405.45,36.2977592619253
40405.46,49.0966767364689
40405.47,63.8584317759804
40405.48,86.6974277015501
40405.49,105.229048941634
40405.5,123.810728280112
40405.51,140.071739925589
40405.52,139.409028708725
40405.53,130.734992574877
40405.54,128.148905094725
40405.55,128.435956368623
40405.56,123.940545181349
40405.57,120.937471922948
40405.58,118.115567192146
40405.59,115.391438388239
40405.6,109.770362567479
40405.61,110.945530641031
40405.62,104.294112234115
40405.63,100.642192778702
40405.64,100.043396258186
40405.65,96.4571306493985
40405.66,97.4539950659267
40405.67,94.6045805162179
40405.68,91.4541131550568
40405.69,91.1354239990165
40405.7,94.1972366741627
40405.71,92.0661835800168
40405.72,93.0225630387823
40405.73,89.6665333192287
40405.74,87.7102287280534
40405.75,86.0208012664407
40405.76,85.85061709567
40405.77,85.4033055400805
40405.78,82.2615546111424
40405.79,79.6812864183968
40405.8,78.0813543496695
40405.81,77.9272581537343
40405.82,82.0192058987604
40405.83,80.4466146691429
40405.84,82.7529015552637
40405.85,85.6338906004376
40405.86,82.7060845027986
40405.87,78.8958110248306
40405.88,79.436531109418
40405.89,74.631202310059
40405.9,75.8082283003873
40405.91,73.8502723108073
40405.92,73.5874391821943
40405.93,72.5138623519747
40405.94,67.500290316329
40405.95,68.2917347232836
40405.96,67.9300987571933
40405.97,62.7659242303931
40405.98,58.9836172381208
40405.99,58.607810365952
40406,58.063077605981
40406.01,57.2327336073908
40406.02,56.6595545209588
40406.03,54.4531318038307
40406.04,53.0775572328081
40406.05,54.2793846546004
40406.06,50.3096178413628
40406.07,46.3162348969541
40406.08,47.5610830597909
40406.09,47.7629479244646
40406.1,49.3936343157581
40406.11,49.8438403821714
40406.12,50.6305356976907
40406.13,50.3104545216542
40406.14,47.7682965109137
40406.15,45.9022157995088
40406.16,46.4594661396558
40406.17,46.058878207437
40406.18,46.337239900118
40406.19,47.3521115494609
40406.2,46.231035400115
40406.21,47.8259206026148
40406.22,45.9832537686768
40406.23,44.7993810994497
40406.24,44.5146884238647
40406.25,44.3109797336883
40406.26,42.7876019951222
40406.27,42.6349433035366
40406.28,39.6238956659048
40406.29,38.9309875462204
40406.3,38.8430146468514
40406.31,37.8365029144112
40406.32,36.6878086325357
40406.33,35.719427129443
40406.34,33.7629706937505
40406.35,34.4740582504342
40406.36,33.5064172142794
40406.37,32.1758976749026
40406.38,31.0479066406085
40406.39,30.2599841212632
40406.4,28.7000292417024
40406.41,26.6725797515105
40406.42,26.5303007102393
40406.43,25.3998612792885
40406.44,24.4325529254788
40406.45,22.6101768996161
40406.46,22.3059378721398
40406.47,22.2164871059913
40406.48,21.9457951024749
40406.49,21.5286774636471
40406.5,19.8491236175698
40406.51,20.1543581521627
40406.52,19.8187658090053
40406.53,18.9172181038989
40406.54,18.6518950289819
40406.55,18.0975191612126
40406.56,17.5882804402623
40406.57,16.6435829398265
40406.58,16.0090474848866
40406.59,15.1929863324047
40406.6,14.7484004336845
40406.61,13.9858336341344
40406.62,13.4499760780411
40406.63,12.7716375637895
40406.64,12.311292825104
40406.65,11.9004540259
40406.66,11.6615053663942
40406.67,11.815722400419
40406.68,11.6302782960035
40406.69,12.3753612782792
40406.7,12.5258129770604
40406.71,12.6784225240506
40406.72,11.9302216277915
40406.73,11.5511612453309
40406.74,11.3358572674191
40406.75,11.2621502182328
40406.76,11.1446622452364
40406.77,11.0576046849389
40406.78,10.5085125078632
40406.79,10.8679357999529
40406.8,10.7110791013299
40406.81,10.6427131524169
40406.82,10.4134196203167
40406.83,10.1871757785197
40406.84,9.93739753426441
40406.85,10.1438604505643
40406.86,9.77069050076999
40406.87,9.65486052483936
40406.88,9.72232528819775
40406.89,9.11793923772467
40406.9,8.66394912600481
40406.91,8.1943705449077
40406.92,8.08560845939715
40406.93,7.52790291228417
40406.94,7.2686996793353
40406.95,7.07236399877223
40406.96,6.81606424344384
40406.97,6.32837434587818
40406.98,6.46747281341374
40406.99,6.16207337875083
40407,5.89137641674812
40407.01,5.90807786832636
40407.02,5.65958451866668
40407.03,5.4199002375485
40407.04,5.13564939812755
40407.05,4.93672430388615
40407.06,4.82392139310093
40407.07,4.83497461766058
40407.08,4.67010482959647
40407.09,4.54315162824053
40407.1,4.16835646894646
40407.11,4.05718881517573
40407.12,4.00989667223644
40407.13,3.97752938022336
40407.14,3.65198422098298
40407.15,3.42613285000957
40407.16,3.14852747114331
40407.17,3.01757929143114
40407.18,2.99937766548553
40407.19,2.75148466977205
40407.2,2.66308027131046
40407.21,2.49693544167266
40407.22,2.44881335196087
40407.23,2.28540635149322
40407.24,2.05834103583039
40407.25,1.91483277212846
40407.26,1.79106693218045
40407.27,1.65642867329544
40407.28,1.5121785385045
40407.29,1.42604175291505
40407.3,1.33197131030372
40407.31,1.20822979646768
40407.32,1.11489998851459
40407.33,1.00791264923307
40407.34,0.925198708088515
40407.35,0.843950516643777
40407.36,0.752824253546068
40407.37,0.609192695824313
40407.38,0.483649619192038
40407.39,0.350125043853961
40407.4,0.34744618039259
40407.41,0.345808047280979
40407.42,0.337588721141642
40407.43,0.328969691615569
40407.44,0.329148773852391
40407.45,0.317787607852156
40407.46,0.305011894251618
40407.47,0.289385034453756
40407.48,0.273434008409166
40407.49,0.273091006898532
40407.5,0.274770093563553
40407.51,0.266470700166639
40407.52,0.255095632646244
40407.53,0.258686726048889
40407.54,0.249841104436313
40407.55,0.238801624522647
40407.56,0.229785901309902
40407.57,0.227843866796568
40407.58,0.22180845313587
40407.59,0.22428705071397
40407.6,0.222433276374929
40407.61,0.216262465911107
40407.62,0.199083576108114
40407.63,0.187625470888676
40407.64,0.188943928372272
40407.65,0.188442542794704
40407.66,0.184637013855306
40407.67,0.180792396650064
40407.68,0.173866323197408
40407.69,0.166277874397385
40407.7,0.154565590725205
40407.71,0.150365203638148
40407.72,0.144911126098407
40407.73,0.133327710513046
40407.74,0.122091771231358
40407.75,0.116616565657734
40407.76,0.107888891854648
40407.77,0.105882464143151
40407.78,0.0992297535724687
40407.79,0.0896131000931637
40407.8,0.081921810339576
40407.81,0.0739729502537367
40407.82,0.0719928970569701
40407.83,0.0735516694746031
40407.84,0.0722155241068983
40407.85,0.0703181024942508
40407.86,0.0662994650910736
40407.87,0.0677793232210779
40407.88,0.0686459949931686
40407.89,0.0651182633870907
40407.9,0.0677121328692901
40407.91,0.0673651334018857
40407.92,0.0711646954133578
40407.93,0.0717729485684972
40407.94,0.0708811840472707
40407.95,0.0725041954845094
40407.96,0.0749945364503017
40407.97,0.072737111302093
40407.98,0.0735770934905086
40407.99,0.0750402307505117
40408,0.0746502056355836
40408.01,0.0727477229586912
40408.02,0.0718785083569231
40408.03,0.0742513200506726
40408.04,0.0765021594354344
40408.05,0.0773486072212679
40408.06,0.081558738000083
40408.07,0.0832036789801015
40408.08,0.0855983076843782
40408.09,0.0873866026267336
40408.1,0.0880290627778867
40408.11,0.087883190206061
40408.12,0.154083360601774
40408.13,0.44120065445752
40408.14,1.57061442298775
40408.15,4.32169269861095
40408.16,8.89853981714499
40408.17,14.344066035486
40408.18,21.1469158561629
40408.19,24.983652136271
40408.2,30.5126778253961
40408.21,37.7937921697986
40408.22,45.461183358742
40408.23,55.9495563606817
40408.24,75.1980121401322
40408.25,103.028686423636
40408.26,158.066562587405
40408.27,259.442816418217
40408.28,380.303819158427
40408.29,491.167182773209
40408.3,578.98120873329
40408.31,650.424206781141
40408.32,666.113085841769
40408.33,688.422868336665
40408.34,717.006888454025
40408.35,692.598201501722
40408.36,684.476052518129
40408.37,694.096121975481
40408.38,729.297604057982
40408.39,704.063629202352
40408.4,722.318117930245
40408.41,761.902353379962
40408.42,781.766608807805
40408.43,793.555179220865
40408.44,807.185446639653
40408.45,790.454227920512
40408.46,826.017172562407
40408.47,790.407477436774
40408.48,777.255192729843
40408.49,752.709187304873
40408.5,742.212060349827
40408.51,711.743168212119
40408.52,713.684130805626
40408.53,516.736252879089
40408.54,485.913904989981
40408.55,483.280376899662
40408.56,463.165323498338
40408.57,470.447409902515
40408.58,477.316811520655
40408.59,485.759584431057
40408.6,469.244902518747
40408.61,457.973314138134
40408.62,439.749727010476
40408.63,432.959657485568
40408.64,428.21980830293
40408.65,435.067900657966
40408.66,427.025334401888
40408.67,447.587853354928
40408.68,445.021318957371
40408.69,347.175547706554
40408.7,316.645128373176
40408.71,300.911754572808
40408.72,301.061507143432
40408.73,288.42885653527
40408.74,276.083032011841
40408.75,260.051576222477
40408.76,251.418873704861
40408.77,249.404216120714
40408.78,242.069472243493
40408.79,242.136094777314
40408.8,231.124181503924
40408.81,230.025595601191
40408.82,225.974799867195
40408.83,221.88135195685
40408.84,208.288585930507
40408.85,203.474203069581
40408.86,200.034229756579
40408.87,187.016154690301
40408.88,191.608031334406
40408.89,186.40801475822
40408.9,174.995710097858
40408.91,175.830653599833
40408.92,165.617580479756
40408.93,163.806881682997
40408.94,153.965098614596
40408.95,156.323077950612
40408.96,155.144338106122
40408.97,151.968918510999
40408.98,145.770806037574
40408.99,138.683628750252
40409,141.692494963305
40409.01,137.931668363132
40409.02,139.609900227807
40409.03,132.823352607797
40409.04,130.030020743408
40409.05,123.322525211703
40409.06,122.082635802202
40409.07,113.041003469329
40409.08,112.995873214804
40409.09,106.534495239545
40409.1,105.279722522906
40409.11,103.852481119939
40409.12,101.891137181183
40409.13,100.016745033918
40409.14,102.944224493233
40409.15,97.9851907764482
40409.16,94.1945302320965
40409.17,95.2387120582577
40409.18,94.9193552523346
40409.19,96.2927593433072
40409.2,94.8837263885449
40409.21,91.3831125488499
40409.22,88.9353657980532
40409.23,87.7823842358932
40409.24,87.234963460922
40409.25,85.3752320881376
40409.26,81.1338411831888
40409.27,78.3426836941994
40409.28,79.5065128237918
40409.29,75.3450635876836
40409.3,75.7707468168118
40409.31,70.3889495415889
40409.32,66.3032465033625
40409.33,61.4196378651717
40409.34,61.151145292104
40409.35,59.3206985375706
40409.36,57.9666527222602
40409.37,58.9915800995954
40409.38,58.5049912405142
40409.39,55.1479330102494
40409.4,52.5029006709429
40409.41,49.1282153301247
40409.42,49.2870912236668
40409.43,48.1462408870811
40409.44,45.9691856803509
40409.45,44.9862870918326
40409.46,44.7869318496359
40409.47,44.9395938619433
40409.48,46.6817178574774
40409.49,44.5860297418593
40409.5,44.4850025578956
40409.51,44.4423938453874
40409.52,43.5618624670436
40409.53,39.2816163191471
40409.54,36.7455123302725
40409.55,37.6313092286064
40409.56,35.6430603499961
40409.57,34.7447263288435
40409.58,32.8460614835582
40409.59,33.5573763997652
40409.6,33.1777493313392
40409.61,31.1952983813164
40409.62,29.0565853644339
40409.63,28.4858097658748
40409.64,28.1910401513993
40409.65,26.7178852191792
40409.66,26.6621291606462
40409.67,26.5141056768772
40409.68,26.3621813882919
40409.69,26.2659648450804
40409.7,25.002660116616
40409.71,24.2781638164204
40409.72,24.2967789487757
40409.73,24.0789768095741
40409.74,24.8572717587435
40409.75,23.6856476098216
40409.76,23.7399235563902
40409.77,25.1330114299122
40409.78,25.2069832832784
40409.79,25.456697149646
40409.8,24.8267158183563
40409.81,24.2596442424731
40409.82,24.2544018307657
40409.83,23.3800382638372
40409.84,22.3290606150047
40409.85,21.2429963059159
40409.86,20.2835356340826
40409.87,20.6901274428448
40409.88,20.9237916562169
40409.89,21.2842703226446
40409.9,21.1365956913973
40409.91,21.038114453572
40409.92,20.0806658826085
40409.93,19.743878515079
40409.94,19.8787063075824
40409.95,19.2451646669338
40409.96,18.112340697809
40409.97,18.1742563709107
40409.98,17.3857033628339
40409.99,17.5288633682469
40410,17.1458094777209
40410.01,16.6205973518081
40410.02,16.1365548252521
40410.03,15.7352659391286
40410.04,15.8024601117447
40410.05,15.8643839917172
40410.06,16.0400400666932
40410.07,15.927927169546
40410.08,15.651412816625
40410.09,15.5466014971994
40410.1,15.0232371467764
40410.11,14.3758967091105
40410.12,13.962860775853
40410.13,13.4627762875298
40410.14,12.5442635677792
40410.15,11.8655476963708
40410.16,11.7631897570137
40410.17,11.479365810384
40410.18,11.0882089699757
40410.19,10.8974126174242
40410.2,10.7306458016346
40410.21,10.7872160849824
40410.22,10.683049345303
40410.23,10.381561838703
40410.24,10.1604818674949
40410.25,9.90445077741382
40410.26,9.1005332063845
40410.27,9.23095567134439
40410.28,8.65007786041682
40410.29,8.50001729391675
40410.3,8.07458344627517
40410.31,7.59350493443997
40410.32,7.53550622883175
40410.33,7.04474461180527
40410.34,6.64840223962319
40410.35,5.92934226829154
40410.36,5.74566584872126
40410.37,5.38713797398488
40410.38,4.98611465216867
40410.39,4.83352057721129
40410.4,4.52674920324328
40410.41,3.94907173064138
40410.42,3.75043952278173
40410.43,3.38058400847282
40410.44,3.05088673704592
40410.45,2.72968249475309
40410.46,2.36715568529813
40410.47,2.09086125502641
40410.48,1.8460792341692
40410.49,1.64358290463241
40410.5,1.5156408673803
40410.51,1.47514168753693
40410.52,1.53364141538219
40410.53,1.50791553842526
40410.54,1.54677903988597
40410.55,1.53829440668486
40410.56,1.52069347157926
40410.57,1.40584504365889
40410.58,1.43468019940682
40410.59,1.35637608527118
40410.6,1.36210502235463
40410.61,1.28075154977598
40410.62,1.19760484823401
40410.63,1.1331256414956
40410.64,1.07934665082067
40410.65,1.03638325894503
40410.66,1.03437506883969
40410.67,1.03764657304419
40410.68,1.03987187978915
40410.69,1.0581029967433
40410.7,1.06211277254558
40410.71,1.05892748313825
40410.72,1.04348587518447
40410.73,1.06277580286729
40410.74,1.04098607585636
40410.75,0.967269868612759
40410.76,0.926663240494194
40410.77,0.941330948149681
40410.78,0.914803139144266
40410.79,0.881845713790451
40410.8,0.889919041901832
40410.81,0.871528731079435
40410.82,0.852142250795485
40410.83,0.830296429190482
40410.84,0.841155071195967
40410.85,0.823356009329617
40410.86,0.801491648504161
40410.87,0.780880876310302
40410.88,0.743529281856546
40410.89,0.714446914862408
40410.9,0.724926366254182
40410.91,0.698269874789198
40410.92,0.695973126908432
40410.93,0.667689804036081
40410.94,0.644767180333848
40410.95,0.615714496000094
40410.96,0.601155635125068
40410.97,0.602968233005526
40410.98,0.579936126183772
40410.99,0.558921708437567
40411,0.522347766644819
40411.01,0.519923701258938
40411.02,0.515396657687135
40411.03,0.50151030501854
40411.04,0.500666308993599
40411.05,0.491970740494427
40411.06,0.471620428127934
40411.07,0.433648765774793
40411.08,0.415610802248114
40411.09,0.389342005224024
40411.1,0.377602444550044
40411.11,0.371073097837873
40411.12,0.351014549393784
40411.13,0.319591738448218
40411.14,0.314318939305515
40411.15,0.305246710000576
40411.16,0.296195391688715
40411.17,0.269695569630495
40411.18,0.25103324470416
40411.19,0.240881052756753
40411.2,0.231073022880213
40411.21,0.219327692297682
40411.22,0.190919789361973
40411.23,0.18303601925326
40411.24,0.16301060043481
40411.25,0.143881981397825
40411.26,0.130580394943584
40411.27,0.112657627673648
40411.28,0.0950883242825362
40411.29,0.0794092976985627
40411.3,0.0632330805724887
40411.31,0.0473106821151355
40411.32,0.031067122992698
40411.33,0.0149495941641242
40411.34,0
40411.35,0
40411.36,0
40411.37,0
40411.38,0
40411.39,0
40411.4,0
40411.41,0
40411.42,0
40411.43,0
40411.44,0
40411.45,0
40411.46,0
40411.47,0
40411.48,0
40411.49,0
40411.5,0
40411.51,0
40411.52,0
40411.53,0
40411.54,0
40411.55,0
40411.56,0
40411.57,0
40411.58,0
40411.59,0
40411.6,0
40411.61,0
40411.62,0
40411.63,0
40411.64,0
40411.65,0
40411.66,0
40411.67,0
40411.68,0
40411.69,0
40411.7,0
40411.71,0
40411.72,0
40411.73,0
40411.74,0
40411.75,0
40411.76,0
40411.77,0
40411.78,0
40411.79,0
40411.8,0
40411.81,0
40411.82,0
40411.83,0
40411.84,0
40411.85,0
40411.86,0
40411.87,0
40411.88,0
40411.89,0
40411.9,0
40411.91,0
40411.92,0
40411.93,0
40411.94,0
40411.95,0
40411.96,0
40411.97,0
40411.98,0
40411.99,0
40412,0
40412.01,0
40412.02,0
40412.03,0
40412.04,0
40412.05,0
40412.06,0
40412.07,0
40412.08,0
40412.09,0
40412.1,0
40412.11,0
40412.12,0
40412.13,0
40412.14,0
40412.15,0
40412.16,0
40412.17,0
40412.18,0
40412.19,0
40412.2,0
40412.21,0
40412.22,0
40412.23,0
40412.24,0
40412.25,0
40412.26,0
40412.27,0
40412.28,0
40412.29,0
40412.3,0
40412.31,3.22401387367316E-10
40412.32,0.0636065551539109
40412.33,0.514362420492345
40412.34,1.3387464237514
40412.35,2.12021870391804
40412.36,3.05717840008482
40412.37,3.03199185537874
40412.38,3.11308581629141
40412.39,3.13804289812182
40412.4,3.10627329873526
40412.41,3.07317232859554
40412.42,3.04171360314481
40412.43,3.02735161352799
40412.44,3.04094233384436
40412.45,2.85663167091509
40412.46,2.77650250698094
40412.47,2.94685648762486
40412.48,3.00619787022899
40412.49,2.97830099848116
40412.5,2.92322741834404
40412.51,2.92173520076615
40412.52,2.81212982531605
40412.53,2.75716545924734
40412.54,2.98449916445777
40412.55,3.50314312687735
40412.56,4.44570774393174
40412.57,5.88273392663947
40412.58,7.74092650705095
40412.59,9.80442409814516
40412.6,12.2682787917498
40412.61,14.9839064603667
40412.62,17.7596723557545
40412.63,19.6786603495874
40412.64,21.010707556671
40412.65,22.0066029175214
40412.66,21.7460417428725
40412.67,22.1768304380158
40412.68,22.0217481324722
40412.69,21.4097983693761
40412.7,21.0998257738141
40412.71,20.2555529896625
40412.72,20.654653059019
40412.73,21.0061522275967
40412.74,21.3167507889052
40412.75,21.3071028657156
40412.76,20.8541637100801
40412.77,20.2134457660371
40412.78,20.4405916674264
40412.79,20.1389895597278
40412.8,19.6960587483603
40412.81,19.2882814028471
40412.82,19.1155888500443
40412.83,18.6252655478068
40412.84,18.4515356386994
40412.85,18.6684925263528
40412.86,18.9466780873007
40412.87,18.4067851304096
40412.88,18.3710819161681
40412.89,18.0482516018023
40412.9,17.3294780286063
40412.91,16.4355337221334
40412.92,16.5245296493976
40412.93,17.2151772405462
40412.94,17.2801866203998
40412.95,17.7087796699077
40412.96,18.4086933806176
40412.97,18.8693770691449
40412.98,18.0994819069038
40412.99,17.9275825878395
40413,17.4187745130817
40413.01,16.3238635265704
40413.02,16.4733158688263
40413.03,15.9415893138232
40413.04,16.2257826271513
40413.05,15.788246148183
40413.06,15.491190683438
40413.07,15.0219567421626
40413.08,14.7324563401729
40413.09,14.8279397921175
40413.1,14.6439462666492
40413.11,14.46728834723
40413.12,14.1128001010281
40413.13,14.0603315896033
40413.14,13.3979826848792
40413.15,13.2091510368352
40413.16,13.1161178064503
40413.17,12.6485963706367
40413.18,12.8272426610107
40413.19,12.5853732449321
40413.2,11.8492252158737
40413.21,11.5091577888679
40413.22,11.4386110411305
40413.23,11.2060141525473
40413.24,10.4465319068349
40413.25,10.3560844422209
40413.26,9.93852985737127
40413.27,9.72130078964416
40413.28,8.94291700672597
40413.29,9.15801784821434
40413.3,9.34432778204208
40413.31,9.04347297059731
40413.32,8.37546617616196
40413.33,8.18535035345441
40413.34,8.36631572638819
40413.35,8.32801616118622
40413.36,8.53258456819619
40413.37,7.85717007090127
40413.38,7.80409735457554
40413.39,7.37974264100506
40413.4,6.96655472120092
40413.41,6.77157685403309
40413.42,6.46083398879991
40413.43,5.9435117158118
40413.44,5.31551826176722
40413.45,4.97948414535973
40413.46,4.60181014965812
40413.47,4.62730174580605
40413.48,4.22760996205834
40413.49,4.09689632820749
40413.5,3.73688784834045
40413.51,3.58182231489848
40413.52,3.34802445194023
40413.53,3.161189532233
40413.54,2.99063386483748
40413.55,2.98988384733692
40413.56,2.89372230442916
40413.57,2.73852544521218
40413.58,2.79217075085929
40413.59,2.86437968403913
40413.6,2.82617824049055
40413.61,2.91096265649885
40413.62,2.74278225237509
40413.63,2.65342965585857
40413.64,2.52703018410171
40413.65,2.48938712051042
40413.66,2.33458269911572
40413.67,2.27762220302378
40413.68,2.24808223148971
40413.69,2.26639403452683
40413.7,2.19885414590242
40413.71,2.25214892864812
40413.72,2.10619212990028
40413.73,2.05515125244172
40413.74,2.07479700969805
40413.75,1.9144357848745
40413.76,1.82633575496212
40413.77,1.75776709534587
40413.78,1.76386139688863
40413.79,1.75078848398531
40413.8,1.64729201325538
40413.81,1.57357873666674
40413.82,1.51415344842461
40413.83,1.50978474123346
40413.84,1.52698133048219
40413.85,1.47684201526698
40413.86,1.38825189082417
40413.87,1.29473465845695
40413.88,1.27540396232786
40413.89,1.2750177455095
40413.9,1.21456775846846
40413.91,1.13452251891245
40413.92,1.06338592735736
40413.93,1.03044422602102
40413.94,0.944735771091423
40413.95,0.893483653354958
40413.96,0.859554777771393
40413.97,0.787214020023555
40413.98,0.764838745200183
40413.99,0.716659661329419
40414,0.705624713601132
40414.01,0.638824638059192
40414.02,0.62956959139662
40414.03,0.576591338473562
40414.04,0.551533314081188
40414.05,0.535055669678916
40414.06,0.501828711770461
40414.07,0.47732995469033
40414.08,0.449369425277893
40414.09,0.422352069639181
40414.1,0.427253427212184
40414.11,0.40436432749797
40414.12,0.403253060496625
40414.13,0.412026011018775
40414.14,0.409730791835147
40414.15,0.388423102394416
40414.16,0.381578593737927
40414.17,0.377443486420312
40414.18,0.373852524191147
40414.19,0.343340990079937
40414.2,0.314120668036049
40414.21,0.317176050578511
40414.22,0.312422034803415
40414.23,0.303947386853403
40414.24,0.291157595266291
40414.25,0.286735235414645
40414.26,0.286729972014648
40414.27,0.280428116769972
40414.28,0.262758147549869
40414.29,0.252585760758283
40414.3,0.254167954891068
40414.31,0.240741816471397
40414.32,0.222383510310751
40414.33,0.216391079487893
40414.34,0.200828591702627
40414.35,0.188977263232945
40414.36,0.185409700767635
40414.37,0.177967701438066
40414.38,0.160058404842454
40414.39,0.150849739081411
40414.4,0.142075157848301
40414.41,0.133711562781161
40414.42,0.119615606591318
40414.43,0.106069741163113
40414.44,0.0970213339996741
40414.45,0.0787557939768214
40414.46,0.0634840925965386
40414.47,0.0492461235092374
40414.48,0.0375337501651697
40414.49,0.0253311195161989
40414.5,0.0124396622433947
40414.51,0
40414.52,0
40414.53,0
40414.54,0
40414.55,0
40414.56,0
40414.57,0
40414.58,0
40414.59,0
40414.6,0
40414.61,0
40414.62,0
40414.63,0
40414.64,0
40414.65,0
40414.66,0
40414.67,0
40414.68,0
40414.69,0
40414.7,0
40414.71,0
40414.72,0
40414.73,0
40414.74,0
40414.75,0
40414.76,0
40414.77,0
40414.78,0
40414.79,0
40414.8,0
40414.81,0
40414.82,0
40414.83,0
40414.84,0
40414.85,0
40414.86,0
40414.87,0
40414.88,0
40414.89,0
40414.9,0
40414.91,0
40414.92,0
40414.93,0
40414.94,0
40414.95,0
40414.96,0
40414.97,0
40414.98,0
40414.99,0
40415,0
40415.01,0
40415.02,0
40415.03,0
40415.04,0
40415.05,0
40415.06,0
40415.07,0
40415.08,0
40415.09,0
40415.1,0
40415.11,0
40415.12,0
40415.13,0
40415.14,0
40415.15,0
40415.16,0
40415.17,0
40415.18,0
40415.19,0
40415.2,0
40415.21,0
40415.22,0
40415.23,0
40415.24,0
40415.25,0
40415.26,0
40415.27,0
40415.28,0
40415.29,0
40415.3,0
40415.31,0
40415.32,0
40415.33,0
40415.34,0
40415.35,0
40415.36,0
40415.37,0
40415.38,0
40415.39,0
40415.4,0
40415.41,0
40415.42,0
40415.43,0
40415.44,0
40415.45,0
40415.46,0
40415.47,0
40415.48,0
40415.49,0
40415.5,0
40415.51,0
40415.52,0
40415.53,0
40415.54,0
40415.55,0
40415.56,0
40415.57,0
40415.58,0
40415.59,0
40415.6,0
40415.61,0
40415.62,0
40415.63,0
40415.64,0
40415.65,0
40415.66,0
40415.67,0
40415.68,0
40415.69,0
40415.7,0
40415.71,0
40415.72,0
40415.73,0
40415.74,0
40415.75,0
40415.76,0
40415.77,0
40415.78,0
40415.79,0
40415.8,0
40415.81,0
40415.82,0
40415.83,0
40415.84,0
40415.85,0
40415.86,0
40415.87,0
40415.88,0
40415.89,0
40415.9,0
40415.91,0
40415.92,0
40415.93,0
40415.94,0
40415.95,0
40415.96,0
40415.97,0
40415.98,0
40415.99,0
40416,0
40416.01,0
40416.02,0
40416.03,0
40416.04,0
40416.05,0
40416.06,0
40416.07,0
40416.08,0
40416.09,0
40416.1,0
40416.11,0
40416.12,0
40416.13,0
40416.14,0
40416.15,0
40416.16,0
40416.17,0
40416.18,0
40416.19,0
40416.2,0
40416.21,0
40416.22,0
40416.23,0
40416.24,0
40416.25,0
40416.26,0
40416.27,0
40416.28,0
40416.29,0
40416.3,0
40416.31,0
40416.32,0
40416.33,0
40416.34,0
40416.35,0
40416.36,0
40416.37,0
40416.38,0
40416.39,0
40416.4,0
40416.41,0
40416.42,0
40416.43,0
40416.44,0
40416.45,0
40416.46,0
40416.47,0
40416.48,0
40416.49,0
40416.5,0
40416.51,0
40416.52,0
40416.53,0
40416.54,0
40416.55,0
40416.56,0
40416.57,0
40416.58,0
40416.59,0
40416.6,0
40416.61,0
40416.62,0
40416.63,0
40416.64,0
40416.65,0
40416.66,0
40416.67,0
40416.68,0
40416.69,0
40416.7,0
40416.71,0
40416.72,0
40416.73,0
40416.74,0
40416.75,0
40416.76,0
40416.77,0
40416.78,0
40416.79,0
40416.8,0
40416.81,0
40416.82,0
40416.83,0
40416.84,0
40416.85,0
40416.86,0
40416.87,0
40416.88,0
40416.89,0
40416.9,0
40416.91,0
40416.92,0
40416.93,0
40416.94,0
40416.95,0
40416.96,0
40416.97,0
40416.98,0
40416.99,0
40417,0
40417.01,0
40417.02,0
40417.03,0
40417.04,0
40417.05,0
40417.06,0
40417.07,0
40417.08,0
40417.09,0
40417.1,0
40417.11,0
40417.12,0
40417.13,0
40417.14,0
40417.15,0
40417.16,0
40417.17,0
40417.18,0
40417.19,0
40417.2,0
40417.21,0
40417.22,0
40417.23,0
40417.24,0
40417.25,0
40417.26,0
40417.27,0
40417.28,0
40417.29,0
40417.3,0
40417.31,0
40417.32,0
40417.33,0
40417.34,0
40417.35,0
40417.36,0
40417.37,0
40417.38,0
40417.39,0
40417.4,0
40417.41,0
40417.42,0
40417.43,0
40417.44,0
40417.45,0
40417.46,0
40417.47,0
40417.48,0
40417.49,0
40417.5,0
40417.51,0
40417.52,0
40417.53,0
40417.54,0
40417.55,0
40417.56,0
40417.57,0
40417.58,0
40417.59,0
40417.6,0
40417.61,0
40417.62,0
40417.63,0
40417.64,0
40417.65,0
40417.66,0
40417.67,0
40417.68,0
40417.69,0
40417.7,0
40417.71,0
40417.72,0
40417.73,0
40417.74,0
40417.75,0
40417.76,0
40417.77,0
40417.78,0
40417.79,0
40417.8,0
40417.81,0
40417.82,0
40417.83,0
40417.84,0
40417.85,0
40417.86,0
40417.87,0
40417.88,0
40417.89,0
40417.9,0
40417.91,0
40417.92,0
40417.93,0
40417.94,0
40417.95,0
40417.96,0
40417.97,0
40417.98,0
40417.99,0
40418,0
40418.01,0
40418.02,0
40418.03,0
40418.04,0
40418.05,0
40418.06,0
40418.07,0
40418.08,0
40418.09,0
40418.1,0
40418.11,0
40418.12,0
40418.13,0
40418.14,0
40418.15,0
40418.16,0
40418.17,0
40418.18,0
40418.19,0
40418.2,0
40418.21,0
40418.22,0
40418.23,0
40418.24,0
40418.25,0
40418.26,0
40418.27,0
40418.28,0
40418.29,0
40418.3,0
40418.31,0
40418.32,0
40418.33,0
40418.34,0
40418.35,0
40418.36,0
40418.37,0
40418.38,0
40418.39,0
40418.4,0
40418.41,0
40418.42,0
40418.43,0
40418.44,0
40418.45,0
40418.46,0
40418.47,0
40418.48,0
40418.49,0
40418.5,0
40418.51,0
40418.52,0
40418.53,0
40418.54,0
40418.55,0
40418.56,0
40418.57,0
40418.58,0
40418.59,0
40418.6,0
40418.61,0
40418.62,0
40418.63,0
40418.64,0
40418.65,0
40418.66,0
40418.67,0
40418.68,0
40418.69,0
40418.7,0
40418.71,0
40418.72,0
40418.73,0
40418.74,0
40418.75,0
40418.76,0
40418.77,0
40418.78,0
40418.79,0
40418.8,0
40418.81,0
40418.82,0
40418.83,0
40418.84,0
40418.85,0
40418.86,0
40418.87,0
40418.88,0
40418.89,0
40418.9,0
40418.91,0
40418.92,0
40418.93,0
40418.94,0
40418.95,0
40418.96,0
40418.97,0
40418.98,0
40418.99,0
40419,0
40419.01,0
40419.02,0
40419.03,0
40419.04,0
40419.05,0
40419.06,0
40419.07,0
40419.08,0
40419.09,0
40419.1,0
40419.11,0
40419.12,0
40419.13,0
40419.14,0
40419.15,0
40419.16,0
40419.17,0
40419.18,0
40419.19,0
40419.2,0
40419.21,0
40419.22,0
40419.23,0
40419.24,0
40419.25,0
40419.26,0
40419.27,0
40419.28,0
40419.29,0
40419.3,0
40419.31,0
40419.32,0
40419.33,0
40419.34,0
40419.35,0
40419.36,0
40419.37,0
40419.38,0
40419.39,0
40419.4,0
40419.41,0
40419.42,0
40419.43,0
40419.44,0
40419.45,0
40419.46,0
40419.47,0
40419.48,0
40419.49,0
40419.5,0
40419.51,0
40419.52,0
40419.53,0
40419.54,0
40419.55,0
40419.56,0
40419.57,0
40419.58,0
40419.59,0
40419.6,0
40419.61,0
40419.62,0
40419.63,0
40419.64,0
40419.65,0
40419.66,0
40419.67,0
40419.68,0
40419.69,0
40419.7,0
40419.71,0
40419.72,0
40419.73,0
40419.74,0
40419.75,0
40419.76,0
40419.77,0
40419.78,0
40419.79,0
40419.8,0
40419.81,0
40419.82,0
40419.83,0
40419.84,0
40419.85,0
40419.86,0
40419.87,0
40419.88,0
40419.89,0
40419.9,0
40419.91,0
40419.92,0
40419.93,0
40419.94,0
40419.95,0
40419.96,0
40419.97,0
40419.98,0
40419.99,0
40420,0
40420.01,0
40420.02,0
40420.03,0
40420.04,0
40420.05,0
40420.06,0
40420.07,0
40420.08,0
40420.09,0
40420.1,0
40420.11,0
40420.12,0
40420.13,0
40420.14,0
40420.15,0
40420.16,0
40420.17,0
40420.18,0
40420.19,0
40420.2,0
40420.21,0
40420.22,0
40420.23,0
40420.24,0
40420.25,0
40420.26,0
40420.27,0
40420.28,0
40420.29,0
40420.3,0
40420.31,0
40420.32,0
40420.33,0
40420.34,0
40420.35,0
40420.36,0
40420.37,0
40420.38,0
40420.39,0
40420.4,0
40420.41,0
40420.42,0
40420.43,0
40420.44,0
40420.45,0
40420.46,0
40420.47,0
40420.48,0
40420.49,0
40420.5,0
40420.51,0
40420.52,0
40420.53,0
40420.54,0
40420.55,0
40420.56,0
40420.57,0
40420.58,0
40420.59,0
40420.6,0
40420.61,0
40420.62,0
40420.63,0
40420.64,0
40420.65,0
40420.66,0
40420.67,0
40420.68,0
40420.69,0
40420.7,0
40420.71,0
40420.72,0
40420.73,0
40420.74,0
40420.75,0
40420.76,0
40420.77,0
40420.78,0
40420.79,0
40420.8,0
40420.81,0
40420.82,0
40420.83,0
40420.84,0
40420.85,0
40420.86,0
40420.87,0
40420.88,0
40420.89,0
40420.9,0
40420.91,0
40420.92,0
40420.93,0
40420.94,0
40420.95,0
40420.96,0
40420.97,0
40420.98,0
40420.99,0
40421,0
40421.01,0
40421.02,0
40421.03,0
40421.04,0
40421.05,0
40421.06,0
40421.07,0
40421.08,0
40421.09,0
40421.1,0
40421.11,0
40421.12,0
40421.13,0
40421.14,0
40421.15,0
40421.16,0
40421.17,0
40421.18,0
40421.19,0
40421.2,0
40421.21,0
40421.22,0
40421.23,0
40421.24,0
40421.25,0
40421.26,0
40421.27,0
40421.28,0
40421.29,0
40421.3,0
40421.31,0
40421.32,0
40421.33,0
40421.34,0
40421.35,0
40421.36,0
40421.37,0
40421.38,0
40421.39,0
40421.4,0
40421.41,0
40421.42,0
40421.43,0
40421.44,0
40421.45,0
40421.46,0
40421.47,0
40421.48,0
40421.49,0
40421.5,0
40421.51,0
40421.52,0
40421.53,0
40421.54,0
40421.55,0
40421.56,0
40421.57,0
40421.58,0
40421.59,0
40421.6,0
40421.61,0
40421.62,0
40421.63,0
40421.64,0
40421.65,0
40421.66,0
40421.67,0
40421.68,0
40421.69,0
40421.7,0
40421.71,0
40421.72,0
40421.73,0
40421.74,0
40421.75,0
40421.76,0
40421.77,0
40421.78,0
40421.79,0
40421.8,0
40421.81,0
40421.82,0
40421.83,0
40421.84,0
40421.85,0
40421.86,0
40421.87,0
40421.88,0
40421.89,0
40421.9,0
40421.91,0
40421.92,0
40421.93,0
40421.94,0
40421.95,0
40421.96,0
40421.97,0
40421.98,0
40421.99,0
40422,0
40422.01,0
40422.02,0
40422.03,0
40422.04,0
40422.05,0
40422.06,0
40422.07,0
40422.08,0
40422.09,0
40422.1,0
40422.11,0
40422.12,0
40422.13,0
40422.14,0
40422.15,0
40422.16,0
40422.17,0
40422.18,0
40422.19,0
40422.2,0
40422.21,0
40422.22,0
40422.23,0
40422.24,0
40422.25,0
40422.26,0
40422.27,0
40422.28,0
40422.29,0
40422.3,0
40422.31,0
40422.32,0
40422.33,0
40422.34,0
40422.35,0
40422.36,0
40422.37,0
40422.38,0
40422.39,0
40422.4,0
40422.41,0
40422.42,0
40422.43,0
40422.44,0
40422.45,0
40422.46,0
40422.47,0
40422.48,0
40422.49,0
40422.5,0
40422.51,0
40422.52,0
40422.53,0
40422.54,0
40422.55,0
40422.56,0
40422.57,0
40422.58,0
40422.59,0
40422.6,0
40422.61,0
40422.62,0
40422.63,0
40422.64,0
40422.65,0
40422.66,0
40422.67,0
40422.68,0
40422.69,0
40422.7,0
40422.71,0
40422.72,0
40422.73,0
40422.74,0
40422.75,0
40422.76,0
40422.77,0
40422.78,0
40422.79,0
40422.8,0
40422.81,0
40422.82,0
40422.83,0
40422.84,0
40422.85,0
40422.86,0
40422.87,0
40422.88,0
40422.89,0
40422.9,0
40422.91,0
40422.92,0
40422.93,0
40422.94,0
40422.95,0
40422.96,0
40422.97,0
40422.98,0
40422.99,0
40423,0
40423.01,0
40423.02,0
40423.03,0
40423.04,0
40423.05,0
40423.06,0
40423.07,0
40423.08,0
40423.09,0
40423.1,0
40423.11,0
40423.12,0
40423.13,0
40423.14,0
40423.15,0
40423.16,0
40423.17,0
40423.18,0
40423.19,0
40423.2,0
40423.21,0
40423.22,0
40423.23,0
40423.24,0
40423.25,0
40423.26,0
40423.27,0
40423.28,0
40423.29,0
40423.3,0
40423.31,0
40423.32,0
40423.33,0
40423.34,0
40423.35,0
40423.36,0
40423.37,0
40423.38,0
40423.39,0
40423.4,0
40423.41,0
40423.42,0
40423.43,0
40423.44,0
40423.45,0
40423.46,0
40423.47,0
40423.48,0
40423.49,0
40423.5,0
40423.51,0
40423.52,0
40423.53,0
40423.54,0
40423.55,0
40423.56,0
40423.57,0
40423.58,0
40423.59,0
40423.6,0
40423.61,0
40423.62,0
40423.63,0
40423.64,0
40423.65,0
40423.66,0
40423.67,0
40423.68,0
40423.69,0
40423.7,0
40423.71,0
40423.72,0
40423.73,0
40423.74,0
40423.75,0
40423.76,0
40423.77,0
40423.78,0
40423.79,0
40423.8,0
40423.81,0
40423.82,0
40423.83,0
40423.84,0
40423.85,0
40423.86,0
40423.87,0
40423.88,0
40423.89,0
40423.9,0
40423.91,0
40423.92,0
40423.93,0
40423.94,0
40423.95,0
40423.96,0
40423.97,0
40423.98,0
40423.99,0
40424,0
40424.01,0
40424.02,0
40424.03,0
40424.04,0
40424.05,0
40424.06,0
40424.07,0
40424.08,0
40424.09,0
40424.1,0
40424.11,0
40424.12,0
40424.13,0
40424.14,0
40424.15,0
40424.16,0
40424.17,0
40424.18,0
40424.19,0
40424.2,0
40424.21,0
40424.22,0
40424.23,0
40424.24,0
40424.25,0
40424.26,0
40424.27,0
40424.28,0
40424.29,0
40424.3,0
40424.31,0
40424.32,0
40424.33,0
40424.34,0
40424.35,0
40424.36,0
40424.37,0
40424.38,0
40424.39,0
40424.4,0
40424.41,0
40424.42,0
40424.43,0
40424.44,0
40424.45,0
40424.46,0
40424.47,0
40424.48,0
40424.49,0
40424.5,0
40424.51,0
40424.52,0
40424.53,0
40424.54,0
40424.55,0
40424.56,0
40424.57,0
40424.58,0
40424.59,0
40424.6,0
40424.61,0
40424.62,0
40424.63,0
40424.64,0
40424.65,0
40424.66,0
40424.67,0
40424.68,0
40424.69,0
40424.7,0
40424.71,0
40424.72,0
40424.73,0
40424.74,0
40424.75,0
40424.76,0
40424.77,0
40424.78,0
40424.79,0
40424.8,0
40424.81,0
40424.82,0
40424.83,0
40424.84,0
40424.85,0
40424.86,0
40424.87,0
40424.88,0
40424.89,0
40424.9,0
40424.91,0
40424.92,0
40424.93,0
40424.94,0
40424.95,0
40424.96,0
40424.97,0
40424.98,0
40424.99,0
40425,0
40425.01,0
40425.02,0
40425.03,0
40425.04,0
40425.05,0
40425.06,0
40425.07,0
40425.08,0
40425.09,0
40425.1,0
40425.11,0
40425.12,0
40425.13,0
40425.14,0
40425.15,0
40425.16,0
40425.17,0
40425.18,0
40425.19,0
40425.2,0
40425.21,0
40425.22,0
40425.23,0
40425.24,0
40425.25,0
40425.26,0
40425.27,0
40425.28,0
40425.29,0
40425.3,0
40425.31,0
40425.32,0
40425.33,0
40425.34,0
40425.35,0
40425.36,0
40425.37,0
40425.38,0
40425.39,0
40425.4,0
40425.41,0
40425.42,0
40425.43,0
40425.44,0
40425.45,0
40425.46,0
40425.47,0
40425.48,0
40425.49,0
40425.5,0
40425.51,0
40425.52,0
40425.53,0
40425.54,0
40425.55,0
40425.56,0
40425.57,0
40425.58,0
40425.59,0
40425.6,0
40425.61,0
40425.62,0
40425.63,0
40425.64,0
40425.65,0
40425.66,0
40425.67,0
40425.68,0
40425.69,0
40425.7,0
40425.71,0
40425.72,0
40425.73,0
40425.74,0
40425.75,0
40425.76,0
40425.77,0
40425.78,0
40425.79,0
40425.8,0
40425.81,0
40425.82,0
40425.83,0
40425.84,0
40425.85,0
40425.86,0
40425.87,0
40425.88,0
40425.89,0
40425.9,0
40425.91,0
40425.92,0
40425.93,0
40425.94,0
40425.95,0
40425.96,0
40425.97,0
40425.98,0
40425.99,0
40426,0
40426.01,0
40426.02,0
40426.03,0
40426.04,0
40426.05,0
40426.06,0
40426.07,0
40426.08,0
40426.09,0
40426.1,0
40426.11,0
40426.12,0
40426.13,0
40426.14,0
40426.15,0
40426.16,0
40426.17,0
40426.18,0
40426.19,0
40426.2,0
40426.21,0
40426.22,0
40426.23,0
40426.24,0
40426.25,0
40426.26,0
40426.27,0
40426.28,0
40426.29,0
40426.3,0
40426.31,0
40426.32,0
40426.33,0
40426.34,0
40426.35,0
40426.36,0
40426.37,0
40426.38,0
40426.39,0
40426.4,0
40426.41,0
40426.42,0
40426.43,0
40426.44,0
40426.45,0
40426.46,0
40426.47,0
40426.48,0
40426.49,0
40426.5,0
40426.51,0
40426.52,0
40426.53,0
40426.54,0
40426.55,0
40426.56,0
40426.57,0
40426.58,0
40426.59,0
40426.6,0
40426.61,0
40426.62,0
40426.63,0
40426.64,0
40426.65,0
40426.66,0
40426.67,0
40426.68,0
40426.69,0
40426.7,0
40426.71,0
40426.72,0
40426.73,0
40426.74,0
40426.75,0
40426.76,0
40426.77,0
40426.78,0
40426.79,0
40426.8,0
40426.81,0
40426.82,0
40426.83,0
40426.84,0
40426.85,0
40426.86,0
40426.87,0
40426.88,0
40426.89,0
40426.9,0
40426.91,0
40426.92,0
40426.93,0
40426.94,0
40426.95,0
40426.96,0
40426.97,0
40426.98,0
40426.99,0
40427,0
40427.01,0
40427.02,0
40427.03,0
40427.04,0
40427.05,0
40427.06,0
40427.07,0
40427.08,0
40427.09,0
40427.1,0
40427.11,0
40427.12,0
40427.13,0
40427.14,0
40427.15,0
40427.16,0
40427.17,0
40427.18,0
40427.19,0
40427.2,0
40427.21,0
40427.22,0
40427.23,0
40427.24,0
40427.25,0
40427.26,0
40427.27,0
40427.28,0
40427.29,0
40427.3,0
40427.31,0
40427.32,0
40427.33,0
40427.34,0
40427.35,0
40427.36,0
40427.37,0
40427.38,0
40427.39,0
40427.4,0
40427.41,0
40427.42,0
40427.43,0
40427.44,0
40427.45,0
40427.46,0
40427.47,0
40427.48,0
40427.49,0
40427.5,0
40427.51,0
40427.52,0
40427.53,0
40427.54,0
40427.55,0
40427.56,0
40427.57,0
40427.58,0
40427.59,0
40427.6,0
40427.61,0
40427.62,0
40427.63,0
40427.64,0
40427.65,0
40427.66,0
40427.67,0
40427.68,0
40427.69,0
40427.7,0
40427.71,0
40427.72,0
40427.73,0
40427.74,0
40427.75,0
40427.76,0
40427.77,0
40427.78,0
40427.79,0
40427.8,0
40427.81,0
40427.82,0
40427.83,0
40427.84,0
40427.85,0
40427.86,0
40427.87,0
40427.88,0
40427.89,0
40427.9,0
40427.91,0
40427.92,0
40427.93,0
40427.94,0
40427.95,0
40427.96,0
40427.97,0
40427.98,0
40427.99,0
40428,0
40428.01,0
40428.02,0
40428.03,0
40428.04,0
40428.05,0
40428.06,0
40428.07,0
40428.08,0
40428.09,0
40428.1,0
40428.11,0
40428.12,0
40428.13,0
40428.14,0
40428.15,0
40428.16,0
40428.17,0
40428.18,0
40428.19,0
40428.2,0
40428.21,0
40428.22,0
40428.23,0
40428.24,0
40428.25,0
40428.26,0
40428.27,0
40428.28,0
40428.29,0
40428.3,0
40428.31,0
40428.32,0
40428.33,0
40428.34,0
40428.35,0
40428.36,0
40428.37,0
40428.38,0
40428.39,0
40428.4,0
40428.41,0
40428.42,0
40428.43,0
40428.44,0
40428.45,0
40428.46,0
40428.47,0
40428.48,0
40428.49,0
40428.5,0
40428.51,0
40428.52,0
40428.53,0
40428.54,0
40428.55,0
40428.56,0
40428.57,0
40428.58,0
40428.59,0
40428.6,0
40428.61,0
40428.62,0
40428.63,0
40428.64,0
40428.65,0
40428.66,0
40428.67,0
40428.68,0
40428.69,0
40428.7,0
40428.71,0
40428.72,0
40428.73,0
40428.74,0
40428.75,0
40428.76,0
40428.77,0
40428.78,0
40428.79,0
40428.8,0
40428.81,0
40428.82,0
40428.83,0
40428.84,0
40428.85,0
40428.86,0
40428.87,0
40428.88,0
40428.89,0
40428.9,0
40428.91,0
40428.92,0
40428.93,0
40428.94,0
40428.95,0
40428.96,0
40428.97,0
40428.98,0
40428.99,0
40429,0
40429.01,0
40429.02,0
40429.03,0
40429.04,0
40429.05,0
40429.06,0
40429.07,0
40429.08,0
40429.09,0
40429.1,0
40429.11,0
40429.12,0
40429.13,0
40429.14,0
40429.15,0
40429.16,0
40429.17,0
40429.18,0
40429.19,0
40429.2,0
40429.21,0
40429.22,0
40429.23,0
40429.24,0
40429.25,0
40429.26,0
40429.27,0
40429.28,0
40429.29,0
40429.3,0
40429.31,0
40429.32,0
40429.33,0
40429.34,0
40429.35,0
40429.36,0
40429.37,0
40429.38,0
40429.39,0
40429.4,0
40429.41,0
40429.42,0
40429.43,0
40429.44,0
40429.45,0
40429.46,0
40429.47,0
40429.48,0
40429.49,0
40429.5,0
40429.51,0
40429.52,0
40429.53,0
40429.54,0
40429.55,0
40429.56,0
40429.57,0
40429.58,0
40429.59,0
40429.6,0
40429.61,0
40429.62,0
40429.63,0
40429.64,0
40429.65,0
40429.66,0
40429.67,0
40429.68,0
40429.69,0
40429.7,0
40429.71,0
40429.72,0
40429.73,0
40429.74,0
40429.75,0
40429.76,0
40429.77,0
40429.78,0
40429.79,0
40429.8,0
40429.81,0
40429.82,0
40429.83,0
40429.84,0
40429.85,0
40429.86,0
40429.87,0
40429.88,0
40429.89,0
40429.9,0
40429.91,0
40429.92,0
40429.93,0
40429.94,0
40429.95,0
40429.96,0
40429.97,0
40429.98,0
40429.99,0
40430,0
40430.01,0
40430.02,0
40430.03,0
40430.04,0
40430.05,0
40430.06,0
40430.07,0
40430.08,0
40430.09,0
40430.1,0
40430.11,0
40430.12,0
40430.13,0
40430.14,0
40430.15,0
40430.16,0
40430.17,0
40430.18,0
40430.19,0
40430.2,0
40430.21,0
40430.22,0
40430.23,0
40430.24,0
40430.25,0
40430.26,0
40430.27,0
40430.28,0
40430.29,0
40430.3,0
40430.31,0
40430.32,0
40430.33,0
40430.34,0
40430.35,0
40430.36,0
40430.37,0
40430.38,0
40430.39,0
40430.4,0
40430.41,0
40430.42,0
40430.43,0
40430.44,0
40430.45,0
40430.46,0
40430.47,0
40430.48,0
40430.49,0
40430.5,0
40430.51,0
40430.52,0
40430.53,0
40430.54,0
40430.55,0
40430.56,0
40430.57,0
40430.58,0
40430.59,0
40430.6,0
40430.61,0
40430.62,0
40430.63,0
40430.64,0
40430.65,0
40430.66,0
40430.67,0
40430.68,0
40430.69,0
40430.7,0
40430.71,0
40430.72,0
40430.73,0
40430.74,0
40430.75,0
40430.76,0
40430.77,0
40430.78,0
40430.79,0
40430.8,0
40430.81,0
40430.82,0
40430.83,0
40430.84,0
40430.85,0
40430.86,0
40430.87,0
40430.88,0
40430.89,0
40430.9,0
40430.91,0
40430.92,0
40430.93,0
40430.94,0
40430.95,0
40430.96,0
40430.97,0
40430.98,0
40430.99,0
40431,0
40431.01,0
40431.02,0
40431.03,0
40431.04,0
40431.05,0
40431.06,0
40431.07,0
40431.08,0
40431.09,0
40431.1,0
40431.11,0
40431.12,0
40431.13,0
40431.14,0
40431.15,0
40431.16,0
40431.17,0
40431.18,0
40431.19,0
40431.2,0
40431.21,0
40431.22,0
40431.23,0
40431.24,0
40431.25,0
40431.26,0
40431.27,0
40431.28,0
40431.29,0
40431.3,0
40431.31,0
40431.32,0
40431.33,0
40431.34,0
40431.35,0
40431.36,0
40431.37,0
40431.38,0
40431.39,0
40431.4,0
40431.41,0
40431.42,0
40431.43,0
40431.44,0
40431.45,0
40431.46,0
40431.47,0
40431.48,0
40431.49,0
40431.5,0
40431.51,0
40431.52,0
40431.53,0
40431.54,0
40431.55,0
40431.56,0
40431.57,0
40431.58,0
40431.59,0
40431.6,0
40431.61,0
40431.62,0
40431.63,0
40431.64,0
40431.65,0
40431.66,0
40431.67,0
40431.68,0
40431.69,0
40431.7,0
40431.71,0
40431.72,0
40431.73,0
40431.74,0
40431.75,0
40431.76,0
40431.77,0
40431.78,0
40431.79,0
40431.8,0
40431.81,0
40431.82,0
40431.83,0
40431.84,0
40431.85,0
40431.86,0
40431.87,0
40431.88,0
40431.89,0
40431.9,0
40431.91,0
40431.92,0
40431.93,0
40431.94,0
40431.95,0
40431.96,0
40431.97,0
40431.98,0
40431.99,0
40432,0
40432.01,0
40432.02,0
40432.03,0
40432.04,0
40432.05,0
40432.06,0
40432.07,0
40432.08,0
40432.09,0
40432.1,0
40432.11,0
40432.12,0
40432.13,0
40432.14,0
40432.15,0
40432.16,0
40432.17,0
40432.18,0
40432.19,0
40432.2,0
40432.21,0
40432.22,0
40432.23,0
40432.24,0
40432.25,0
40432.26,0
40432.27,0
40432.28,0
40432.29,0
40432.3,0
40432.31,0
40432.32,0
40432.33,0
40432.34,0
40432.35,0
40432.36,0
40432.37,0
40432.38,0
40432.39,0
40432.4,0
40432.41,0
40432.42,0
40432.43,0
40432.44,0
40432.45,0
40432.46,0
40432.47,0
40432.48,0
40432.49,0
40432.5,0
40432.51,0
40432.52,0
40432.53,0
40432.54,0
40432.55,0
40432.56,0
40432.57,0
40432.58,0
40432.59,0
40432.6,0
40432.61,0
40432.62,0
40432.63,0
40432.64,0
40432.65,0
40432.66,0
40432.67,0
40432.68,0
40432.69,0
40432.7,0
40432.71,0
40432.72,0
40432.73,0
40432.74,0
40432.75,0
40432.76,0
40432.77,0
40432.78,0
40432.79,0
40432.8,0
40432.81,0
40432.82,0
40432.83,0
40432.84,0
40432.85,0
40432.86,0
40432.87,0
40432.88,0
40432.89,0
40432.9,0
40432.91,0
40432.92,0
40432.93,0
40432.94,0
40432.95,0
40432.96,0
40432.97,0
40432.98,0
40432.99,0
40433,0
40433.01,0
40433.02,0
40433.03,0
40433.04,0
40433.05,0
40433.06,0
40433.07,0
40433.08,0
40433.09,0
40433.1,0
40433.11,0
40433.12,0
40433.13,0
40433.14,0
40433.15,0
40433.16,0
40433.17,0
40433.18,0
40433.19,0
40433.2,0
40433.21,0
40433.22,0
40433.23,0
40433.24,0
40433.25,0
40433.26,0
40433.27,0
40433.28,0
40433.29,0
40433.3,0
40433.31,0
40433.32,0
40433.33,0
40433.34,0
40433.35,0
40433.36,0
40433.37,0
40433.38,0
40433.39,0
40433.4,0
40433.41,0
40433.42,0
40433.43,0
40433.44,0
40433.45,0
40433.46,0
40433.47,0
40433.48,0
40433.49,0
40433.5,0
40433.51,0
40433.52,0
40433.53,0
40433.54,0
40433.55,0
40433.56,0
40433.57,0
40433.58,0
40433.59,0
40433.6,0
40433.61,0
40433.62,0
40433.63,0
40433.64,0
40433.65,0
40433.66,0
40433.67,0
40433.68,0
40433.69,0
40433.7,0
40433.71,0
40433.72,0
40433.73,0
40433.74,0
40433.75,0
40433.76,0
40433.77,0
40433.78,0
40433.79,0
40433.8,0
40433.81,0
40433.82,0
40433.83,0
40433.84,0
40433.85,0
40433.86,0
40433.87,0
40433.88,0
40433.89,0
40433.9,0
40433.91,0
40433.92,0
40433.93,0
40433.94,0
40433.95,0
40433.96,0
40433.97,0
40433.98,0
40433.99,0
40434,0
40434.01,0
40434.02,0
40434.03,0
40434.04,0
40434.05,0
40434.06,0
40434.07,0
40434.08,0
40434.09,0
40434.1,0
40434.11,0
40434.12,0
40434.13,0
40434.14,0
40434.15,0
40434.16,0
40434.17,0
40434.18,0
40434.19,0
40434.2,0
40434.21,0
40434.22,0
40434.23,0
40434.24,0
40434.25,0
40434.26,0
40434.27,0
40434.28,0
40434.29,0
40434.3,0
40434.31,0
40434.32,0
40434.33,0
40434.34,0
40434.35,0
40434.36,0
40434.37,0
40434.38,0
40434.39,0
40434.4,0
40434.41,0
40434.42,0
40434.43,0
40434.44,0
40434.45,0
40434.46,0
40434.47,0
40434.48,0
40434.49,0
40434.5,0
40434.51,0
40434.52,0
40434.53,0
40434.54,0
40434.55,0
40434.56,0
40434.57,0
40434.58,0
40434.59,0
40434.6,0
40434.61,0
40434.62,0
40434.63,0
40434.64,0
40434.65,0
40434.66,0
40434.67,0
40434.68,0
40434.69,0
40434.7,0
40434.71,0
40434.72,0
40434.73,0
40434.74,0
40434.75,0
40434.76,0
40434.77,0
40434.78,0
40434.79,0
40434.8,0
40434.81,0
40434.82,0
40434.83,0
40434.84,0
40434.85,0
40434.86,0
40434.87,0
40434.88,0
40434.89,0
40434.9,0
40434.91,0
40434.92,0
40434.93,0
40434.94,0
40434.95,0
40434.96,0
40434.97,0
40434.98,0
40434.99,0
40435,0
40435.01,0
40435.02,0
40435.03,0
40435.04,0
40435.05,0
40435.06,0
40435.07,0
40435.08,0
40435.09,0
40435.1,0
40435.11,0
40435.12,0
40435.13,0
40435.14,0
40435.15,0
40435.16,0
40435.17,0
40435.18,0
40435.19,0
40435.2,0
40435.21,0
40435.22,0
40435.23,0
40435.24,0
40435.25,0
40435.26,0
40435.27,0
40435.28,0
40435.29,0
40435.3,0
40435.31,0
40435.32,0
40435.33,0
40435.34,0
40435.35,0
40435.36,0
40435.37,0
40435.38,0
40435.39,0
40435.4,0
40435.41,0
40435.42,0
40435.43,0
40435.44,0
40435.45,0
40435.46,0
40435.47,0
40435.48,0
40435.49,0
40435.5,0
40435.51,0
40435.52,0
40435.53,0
40435.54,0
40435.55,0
40435.56,0
40435.57,0
40435.58,0
40435.59,0
40435.6,0
40435.61,0
40435.62,0
40435.63,0
40435.64,0
40435.65,0
40435.66,0
40435.67,0
40435.68,0
40435.69,0
40435.7,0
40435.71,0
40435.72,0
40435.73,0
40435.74,0
40435.75,0
40435.76,0
40435.77,0
40435.78,0
40435.79,0
40435.8,0
40435.81,0
40435.82,0
40435.83,0
40435.84,0
40435.85,0
40435.86,0
40435.87,0
40435.88,0
40435.89,0
40435.9,0
40435.91,0
40435.92,0
40435.93,0
40435.94,0
40435.95,0
40435.96,0
40435.97,0
40435.98,0
40435.99,0
40436,0
40436.01,0
40436.02,0
40436.03,0
40436.04,0
40436.05,0
40436.06,0
40436.07,0
40436.08,0
40436.09,0
40436.1,0
40436.11,0
40436.12,0
40436.13,0
40436.14,0
40436.15,0
40436.16,0
40436.17,0
40436.18,0
40436.19,0
40436.2,0
40436.21,0
40436.22,0
40436.23,0
40436.24,0
40436.25,0
40436.26,0
40436.27,0
40436.28,0
40436.29,0
40436.3,0
40436.31,0
40436.32,0
40436.33,0
40436.34,0
40436.35,0
40436.36,0
40436.37,0
40436.38,0
40436.39,0
40436.4,0
40436.41,0
40436.42,0
40436.43,0
40436.44,0
40436.45,0
40436.46,0
40436.47,0
40436.48,0
40436.49,0
40436.5,0
40436.51,0
40436.52,0
40436.53,0
40436.54,0
40436.55,0
40436.56,0
40436.57,0
40436.58,0
40436.59,0
40436.6,0
40436.61,0
40436.62,0
40436.63,0
40436.64,0
40436.65,0
40436.66,0
40436.67,0
40436.68,0
40436.69,0
40436.7,0
40436.71,0
40436.72,0
40436.73,0
40436.74,0
40436.75,0
40436.76,0
40436.77,0
40436.78,0
40436.79,0
40436.8,0
40436.81,0
40436.82,0
40436.83,0
40436.84,0
40436.85,0
40436.86,0
40436.87,0
40436.88,0
40436.89,0
40436.9,0
40436.91,0
40436.92,0
40436.93,0
40436.94,0
40436.95,0
40436.96,0
40436.97,0
40436.98,0
40436.99,0
40437,0
40437.01,0
40437.02,0
40437.03,0
40437.04,0
40437.05,0
40437.06,0
40437.07,0
40437.08,0
40437.09,0
40437.1,0
40437.11,0
40437.12,0
40437.13,0
40437.14,0
40437.15,0
40437.16,0
40437.17,0
40437.18,0
40437.19,0
40437.2,0
40437.21,0
40437.22,0
40437.23,0
40437.24,0
40437.25,0
40437.26,0
40437.27,0
40437.28,0
40437.29,0
40437.3,0
40437.31,0
40437.32,0
40437.33,0
40437.34,0
40437.35,0
40437.36,0
40437.37,0
40437.38,0
40437.39,0
40437.4,0
40437.41,0
40437.42,0
40437.43,0
40437.44,0
40437.45,0
40437.46,0
40437.47,0
40437.48,0
40437.49,0
40437.5,0
40437.51,0
40437.52,0
40437.53,0
40437.54,0
40437.55,0
40437.56,0
40437.57,0
40437.58,0
40437.59,0
40437.6,0
40437.61,0
40437.62,0
40437.63,0
40437.64,0
40437.65,0
40437.66,0
40437.67,0
40437.68,0
40437.69,0
40437.7,0
40437.71,0
40437.72,0
40437.73,0
40437.74,0
40437.75,0
40437.76,0
40437.77,0
40437.78,0
40437.79,0
40437.8,0
40437.81,0
40437.82,0
40437.83,0
40437.84,0
40437.85,0
40437.86,0
40437.87,0
40437.88,0
40437.89,0
40437.9,0
40437.91,0
40437.92,0
40437.93,0
40437.94,0
40437.95,0
40437.96,0
40437.97,0
40437.98,0
40437.99,0
40438,0
40438.01,0
40438.02,0
40438.03,0
40438.04,0
40438.05,0
40438.06,0
40438.07,0
40438.08,0
40438.09,0
40438.1,0
40438.11,0
40438.12,0
40438.13,0
40438.14,0
40438.15,0
40438.16,0
40438.17,0
40438.18,0
40438.19,0
40438.2,0
40438.21,0
40438.22,0
40438.23,0
40438.24,0
40438.25,0
40438.26,0
40438.27,0
40438.28,0
40438.29,0
40438.3,0
40438.31,0
40438.32,0
40438.33,0
40438.34,0
40438.35,0
40438.36,0
40438.37,0
40438.38,0
40438.39,0
40438.4,0
40438.41,0
40438.42,0
40438.43,0
40438.44,0
40438.45,0
40438.46,0
40438.47,0
40438.48,0
40438.49,0
40438.5,0
40438.51,0
40438.52,0
40438.53,0
40438.54,0
40438.55,0
40438.56,0
40438.57,0
40438.58,0
40438.59,0
40438.6,0
40438.61,0
40438.62,0
40438.63,0
40438.64,0
40438.65,0
40438.66,0
40438.67,0
40438.68,0
40438.69,0
40438.7,0
40438.71,0
40438.72,0
40438.73,0
40438.74,0
40438.75,0
40438.76,0
40438.77,0
40438.78,0
40438.79,0
40438.8,0
40438.81,0
40438.82,0
40438.83,0
40438.84,0
40438.85,0
40438.86,0
40438.87,0
40438.88,0
40438.89,0
40438.9,0
40438.91,0
40438.92,0
40438.93,0
40438.94,0
40438.95,0
40438.96,0
40438.97,0
40438.98,0
40438.99,0
40439,0
40439.01,0
40439.02,0
40439.03,0
40439.04,0
40439.05,0
40439.06,0
40439.07,0
40439.08,0
40439.09,0
40439.1,0
40439.11,0
40439.12,0
40439.13,0
40439.14,0
40439.15,0
40439.16,0
40439.17,0
40439.18,0
40439.19,0
40439.2,0
40439.21,0
40439.22,0
40439.23,0
40439.24,0
40439.25,0
40439.26,0
40439.27,0
40439.28,0
40439.29,0
40439.3,0
40439.31,0
40439.32,0
40439.33,0
40439.34,0
40439.35,0
40439.36,0
40439.37,0
40439.38,0
40439.39,0
40439.4,0
40439.41,0
40439.42,0
40439.43,0
40439.44,0
40439.45,0
40439.46,0
40439.47,0
40439.48,0
40439.49,0
40439.5,0
40439.51,0
40439.52,0
40439.53,0
40439.54,0
40439.55,0
40439.56,0
40439.57,0
40439.58,0
40439.59,0
40439.6,0
40439.61,0
40439.62,0
40439.63,0
40439.64,0
40439.65,0
40439.66,0
40439.67,0
40439.68,0
40439.69,0
40439.7,0
40439.71,0
40439.72,0
40439.73,0
40439.74,0
40439.75,0
40439.76,0
40439.77,0
40439.78,0
40439.79,0
40439.8,0
40439.81,0
40439.82,0
40439.83,0
40439.84,0
40439.85,0
40439.86,0
40439.87,0
40439.88,0
40439.89,0
40439.9,0
40439.91,0
40439.92,0
40439.93,0
40439.94,0
40439.95,0
40439.96,0
40439.97,0
40439.98,0
40439.99,0
40440,0
40440.01,0
40440.02,0
40440.03,0
40440.04,0
40440.05,0
40440.06,0
40440.07,0
40440.08,0
40440.09,0
40440.1,0
40440.11,0
40440.12,0
40440.13,0
40440.14,0
40440.15,0
40440.16,0
40440.17,0
40440.18,0
40440.19,0
40440.2,0
40440.21,0
40440.22,0
40440.23,0
40440.24,0
40440.25,0
40440.26,0
40440.27,0
40440.28,0
40440.29,0
40440.3,0
40440.31,0
40440.32,0
40440.33,0
40440.34,0
40440.35,0
40440.36,0
40440.37,0
40440.38,0
40440.39,0
40440.4,0
40440.41,0
40440.42,0
40440.43,0
40440.44,0
40440.45,0
40440.46,0
40440.47,0
40440.48,0
40440.49,0
40440.5,0
40440.51,0
40440.52,0
40440.53,0
40440.54,0
40440.55,0
40440.56,0
40440.57,0
40440.58,0
40440.59,0
40440.6,0
40440.61,0
40440.62,0
40440.63,0
40440.64,0
40440.65,0
40440.66,0
40440.67,0
40440.68,0
40440.69,0
40440.7,0
40440.71,0
40440.72,0
40440.73,0
40440.74,0
40440.75,0
40440.76,0
40440.77,0
40440.78,0
40440.79,0
40440.8,0
40440.81,0
40440.82,0
40440.83,0
40440.84,0
40440.85,0
40440.86,0
40440.87,0
40440.88,0
40440.89,0
40440.9,0
40440.91,0
40440.92,0
40440.93,0
40440.94,0
40440.95,0
40440.96,0
40440.97,0
40440.98,0
40440.99,0
40441,0
40441.01,0
40441.02,0
40441.03,0
40441.04,0
40441.05,0
40441.06,0
40441.07,0
40441.08,0
40441.09,0
40441.1,0
40441.11,0
40441.12,0
40441.13,0
40441.14,0
40441.15,0
40441.16,0
40441.17,0
40441.18,0
40441.19,0
40441.2,0
40441.21,0
40441.22,0
40441.23,0
40441.24,0
40441.25,0
40441.26,0
40441.27,0
40441.28,0
40441.29,0
40441.3,0
40441.31,0
40441.32,0
40441.33,0
40441.34,0
40441.35,0
40441.36,0
40441.37,0
40441.38,0
40441.39,0
40441.4,0
40441.41,0
40441.42,0
40441.43,0
40441.44,0
40441.45,0
40441.46,0
40441.47,0
40441.48,0
40441.49,0
40441.5,0
40441.51,0
40441.52,0
40441.53,0
40441.54,0
40441.55,0
40441.56,0
40441.57,0
40441.58,0
40441.59,0
40441.6,0
40441.61,0
40441.62,0
40441.63,0
40441.64,0
40441.65,0
40441.66,0
40441.67,0
40441.68,0
40441.69,0
40441.7,0
40441.71,0
40441.72,0
40441.73,0
40441.74,0
40441.75,0
40441.76,0
40441.77,0
40441.78,0
40441.79,0
40441.8,0
40441.81,0
40441.82,0
40441.83,0
40441.84,0
40441.85,0
40441.86,0
40441.87,0
40441.88,0
40441.89,0
40441.9,0
40441.91,0
40441.92,0
40441.93,0
40441.94,0
40441.95,0
40441.96,0
40441.97,0
40441.98,0
40441.99,0
40442,0
40442.01,0
40442.02,0
40442.03,0
40442.04,0
40442.05,0
40442.06,0
40442.07,0
40442.08,0
40442.09,0
40442.1,0
40442.11,0
40442.12,0
40442.13,0
40442.14,0
40442.15,0
40442.16,0
40442.17,0
40442.18,0
40442.19,0
40442.2,0
40442.21,0
40442.22,0
40442.23,0
40442.24,0
40442.25,0
40442.26,0
40442.27,0
40442.28,0
40442.29,0
40442.3,0
40442.31,0
40442.32,0
40442.33,0
40442.34,0
40442.35,0
40442.36,0
40442.37,0
40442.38,0
40442.39,0
40442.4,0
40442.41,0
40442.42,0
40442.43,0
40442.44,0
40442.45,0
40442.46,0
40442.47,0
40442.48,0
40442.49,0
40442.5,0
40442.51,0
40442.52,0
40442.53,0
40442.54,0
40442.55,0
40442.56,0
40442.57,0
40442.58,0
40442.59,0
40442.6,0
40442.61,0
40442.62,0
40442.63,0
40442.64,0
40442.65,0
40442.66,0
40442.67,0
40442.68,0
40442.69,0
40442.7,0
40442.71,0
40442.72,0
40442.73,0
40442.74,0
40442.75,0
40442.76,0
40442.77,0
40442.78,0
40442.79,0
40442.8,0
40442.81,0
40442.82,0
40442.83,0
40442.84,0
40442.85,0
40442.86,0
40442.87,0
40442.88,0
40442.89,0
40442.9,0
40442.91,0
40442.92,0
40442.93,0
40442.94,0
40442.95,0
40442.96,0
40442.97,0
40442.98,0
40442.99,0
40443,0
40443.01,0
40443.02,0
40443.03,0
40443.04,0
40443.05,0
40443.06,0
40443.07,0
40443.08,0
40443.09,0
40443.1,0
40443.11,0
40443.12,0
40443.13,0
40443.14,0
40443.15,0
40443.16,0
40443.17,0
40443.18,0
40443.19,0
40443.2,0
40443.21,0
40443.22,0
40443.23,0
40443.24,0
40443.25,0
40443.26,0
40443.27,0
40443.28,0
40443.29,0
40443.3,0
40443.31,0
40443.32,0
40443.33,0
40443.34,0
40443.35,0
40443.36,0
40443.37,0
40443.38,0
40443.39,0
40443.4,0
40443.41,0
40443.42,0
40443.43,0
40443.44,0
40443.45,0
40443.46,0
40443.47,0
40443.48,0
40443.49,0
40443.5,0
40443.51,0
40443.52,0
40443.53,0
40443.54,0
40443.55,0
40443.56,0
40443.57,0
40443.58,0
40443.59,0
40443.6,0
40443.61,0
40443.62,0
40443.63,0
40443.64,0
40443.65,0
40443.66,0
40443.67,0
40443.68,0
40443.69,0
40443.7,0
40443.71,0
40443.72,0
40443.73,0
40443.74,0
40443.75,0
40443.76,0
40443.77,0
40443.78,0
40443.79,0
40443.8,0
40443.81,0
40443.82,0
40443.83,0
40443.84,0
40443.85,0
40443.86,0
40443.87,0
40443.88,0
40443.89,0
40443.9,0
40443.91,0
40443.92,0
40443.93,0
40443.94,0
40443.95,0
40443.96,0
40443.97,0
40443.98,0
40443.99,0
40444,0
40444.01,0
40444.02,0
40444.03,0
40444.04,0
40444.05,0
40444.06,0
40444.07,0
40444.08,0
40444.09,0
40444.1,0
40444.11,0
40444.12,0
40444.13,0
40444.14,0
40444.15,0
40444.16,0
40444.17,0
40444.18,0
40444.19,0
40444.2,0
40444.21,0
40444.22,0
40444.23,0
40444.24,0
40444.25,0
40444.26,0
40444.27,0
40444.28,0
40444.29,0
40444.3,0
40444.31,0
40444.32,0
40444.33,0
40444.34,0
40444.35,0
40444.36,0
40444.37,0
40444.38,0
40444.39,0
40444.4,0
40444.41,0
40444.42,0
40444.43,0
40444.44,0
40444.45,0
40444.46,0
40444.47,0
40444.48,0
40444.49,0
40444.5,0
40444.51,0
40444.52,0
40444.53,0
40444.54,0
40444.55,0
40444.56,0
40444.57,0
40444.58,0
40444.59,0
40444.6,0
40444.61,0
40444.62,0
40444.63,0
40444.64,0
40444.65,0
40444.66,0
40444.67,0
40444.68,0
40444.69,0
40444.7,0
40444.71,0
40444.72,0
40444.73,0
40444.74,0
40444.75,0
40444.76,0
40444.77,0
40444.78,0
40444.79,0
40444.8,0
40444.81,0
40444.82,0
40444.83,0
40444.84,0
40444.85,0
40444.86,0
40444.87,0
40444.88,0
40444.89,0
40444.9,0
40444.91,0
40444.92,0
40444.93,0
40444.94,0
40444.95,0
40444.96,0
40444.97,0
40444.98,0
40444.99,0
40445,0
40445.01,0
40445.02,0
40445.03,0
40445.04,0
40445.05,0
40445.06,0
40445.07,0
40445.08,0
40445.09,0
40445.1,0
40445.11,0
40445.12,0
40445.13,0
40445.14,0
40445.15,0
40445.16,0
40445.17,0
40445.18,0
40445.19,0
40445.2,0
40445.21,0
40445.22,0
40445.23,0
40445.24,0
40445.25,0
40445.26,0
40445.27,0
40445.28,0
40445.29,0
40445.3,0
40445.31,0
40445.32,0
40445.33,0
40445.34,0
40445.35,0
40445.36,0
40445.37,0
40445.38,0
40445.39,0
40445.4,0
40445.41,0
40445.42,0
40445.43,0
40445.44,0
40445.45,0
40445.46,0
40445.47,0
40445.48,0
40445.49,0
40445.5,0
40445.51,0
40445.52,0
40445.53,0
40445.54,0
40445.55,0
40445.56,0
40445.57,0
40445.58,0
40445.59,0
40445.6,0
40445.61,0
40445.62,0
40445.63,0
40445.64,0
40445.65,0
40445.66,0
40445.67,0
40445.68,0
40445.69,0
40445.7,0
40445.71,0
40445.72,0
40445.73,0
40445.74,0
40445.75,0
40445.76,0
40445.77,0
40445.78,0
40445.79,0
40445.8,0
40445.81,0
40445.82,0
40445.83,0
40445.84,0
40445.85,0
40445.86,0
40445.87,0
40445.88,0
40445.89,0
40445.9,0
40445.91,0
40445.92,0
40445.93,0
40445.94,0
40445.95,0
40445.96,0
40445.97,0
40445.98,0
40445.99,0
40446,0
40446.01,0
40446.02,0
40446.03,0
40446.04,0
40446.05,0
40446.06,0
40446.07,0
40446.08,0
40446.09,0
40446.1,0
40446.11,0
40446.12,0
40446.13,0
40446.14,0
40446.15,0
40446.16,0
40446.17,0
40446.18,0
40446.19,0
40446.2,0
40446.21,0
40446.22,0
40446.23,0
40446.24,0
40446.25,0
40446.26,0
40446.27,0
40446.28,0
40446.29,0
40446.3,0
40446.31,0
40446.32,0
40446.33,0
40446.34,0
40446.35,0
40446.36,0
40446.37,0
40446.38,0
40446.39,0
40446.4,0
40446.41,0
40446.42,0
40446.43,0
40446.44,0
40446.45,0
40446.46,0
40446.47,0
40446.48,0
40446.49,0
40446.5,0
40446.51,0
40446.52,0
40446.53,0
40446.54,0
40446.55,0
40446.56,0
40446.57,0
40446.58,0
40446.59,0
40446.6,0
40446.61,0
40446.62,0
40446.63,0
40446.64,0
40446.65,0
40446.66,0
40446.67,0
40446.68,0
40446.69,0
40446.7,0
40446.71,0
40446.72,0
40446.73,0
40446.74,0
40446.75,0
40446.76,0
40446.77,0
40446.78,0
40446.79,0
40446.8,0
40446.81,0
40446.82,0
40446.83,0
40446.84,0
40446.85,0
40446.86,0
40446.87,0
40446.88,0
40446.89,0
40446.9,0
40446.91,0
40446.92,0
40446.93,0
40446.94,0
40446.95,0
40446.96,0
40446.97,0
40446.98,0
40446.99,0
40447,0
40447.01,0
40447.02,0
40447.03,0
40447.04,0
40447.05,0
40447.06,0
40447.07,0
40447.08,0
40447.09,0
40447.1,0
40447.11,0
40447.12,0
40447.13,0
40447.14,0
40447.15,0
40447.16,0
40447.17,0
40447.18,0
40447.19,0
40447.2,0
40447.21,0
40447.22,0
40447.23,0
40447.24,0
40447.25,0
40447.26,0
40447.27,0
40447.28,0
40447.29,0
40447.3,0
40447.31,0
40447.32,0
40447.33,0
40447.34,0
40447.35,0
40447.36,0
40447.37,0
40447.38,0
40447.39,0
40447.4,0
40447.41,0
40447.42,0
40447.43,0
40447.44,0
40447.45,0
40447.46,0
40447.47,0
40447.48,0
40447.49,0
40447.5,0
40447.51,0
40447.52,0
40447.53,0
40447.54,0
40447.55,0
40447.56,0
40447.57,0
40447.58,0
40447.59,0
40447.6,0
40447.61,0
40447.62,0
40447.63,0
40447.64,0
40447.65,0
40447.66,0
40447.67,0
40447.68,0
40447.69,0
40447.7,0
40447.71,0
40447.72,0
40447.73,0
40447.74,0
40447.75,0
40447.76,0
40447.77,0
40447.78,0
40447.79,0
40447.8,0
40447.81,0
40447.82,0
40447.83,0
40447.84,0
40447.85,0
40447.86,0
40447.87,0
40447.88,0
40447.89,0
40447.9,0
40447.91,0
40447.92,0
40447.93,0
40447.94,0
40447.95,0
40447.96,0
40447.97,0
40447.98,0
40447.99,0
40448,0
40448.01,0
40448.02,0
40448.03,0
40448.04,0
40448.05,0
40448.06,0
40448.07,0
40448.08,0
40448.09,0
40448.1,0
40448.11,0
40448.12,0
40448.13,0
40448.14,0
40448.15,0
40448.16,0
40448.17,0
40448.18,0
40448.19,0
40448.2,0
40448.21,0
40448.22,0
40448.23,0
40448.24,0
40448.25,0
40448.26,0
40448.27,0
40448.28,0
40448.29,0
40448.3,0
40448.31,0
40448.32,0
40448.33,0
40448.34,0
40448.35,0
40448.36,0
40448.37,0
40448.38,0
40448.39,0
40448.4,0
40448.41,0
40448.42,0
40448.43,0
40448.44,0
40448.45,0
40448.46,0
40448.47,0
40448.48,0
40448.49,0
40448.5,0
40448.51,0
40448.52,0
40448.53,0
40448.54,0
40448.55,0
40448.56,0
40448.57,0
40448.58,0
40448.59,0
40448.6,0
40448.61,0
40448.62,0
40448.63,0
40448.64,0
40448.65,0
40448.66,0
40448.67,0
40448.68,0
40448.69,0
40448.7,0
40448.71,0
40448.72,0
40448.73,0
40448.74,0
40448.75,0
40448.76,0
40448.77,0
40448.78,0
40448.79,0
40448.8,0
40448.81,0
40448.82,0
40448.83,0
40448.84,0
40448.85,0
40448.86,0
40448.87,0
40448.88,0
40448.89,0
40448.9,0
40448.91,0
40448.92,0
40448.93,0
40448.94,0
40448.95,0
40448.96,0
40448.97,0
40448.98,0
40448.99,0
40449,0
40449.01,0
40449.02,0
40449.03,0
40449.04,0
40449.05,0
40449.06,0
40449.07,0
40449.08,0
40449.09,0
40449.1,0
40449.11,0
40449.12,0
40449.13,0
40449.14,0
40449.15,0
40449.16,0
40449.17,0
40449.18,0
40449.19,0
40449.2,0
40449.21,0
40449.22,0
40449.23,0
40449.24,0
40449.25,0
40449.26,0
40449.27,0
40449.28,0
40449.29,0
40449.3,0
40449.31,0
40449.32,0
40449.33,0
40449.34,0
40449.35,0
40449.36,0
40449.37,0
40449.38,0
40449.39,0
40449.4,0
40449.41,0
40449.42,0
40449.43,0
40449.44,0
40449.45,0
40449.46,0
40449.47,0
40449.48,0
40449.49,0
40449.5,0
40449.51,0
40449.52,0
40449.53,0
40449.54,0
40449.55,0
40449.56,0
40449.57,0
40449.58,0
40449.59,0
40449.6,0
40449.61,0
40449.62,0
40449.63,0
40449.64,0
40449.65,0
40449.66,0
40449.67,0
40449.68,0
40449.69,0
40449.7,0
40449.71,0
40449.72,0
40449.73,0
40449.74,0
40449.75,0
40449.76,0
40449.77,0
40449.78,0
40449.79,0
40449.8,0
40449.81,0
40449.82,0
40449.83,0
40449.84,0
40449.85,0
40449.86,0
40449.87,0
40449.88,0
40449.89,0
40449.9,0
40449.91,0
40449.92,0
40449.93,0
40449.94,0
40449.95,0
40449.96,0
40449.97,0
40449.98,0
40449.99,0
40450,0
40450.01,0
40450.02,0
40450.03,0
40450.04,0
40450.05,0
40450.06,0
40450.07,0
40450.08,0
40450.09,0
40450.1,0
40450.11,0
40450.12,0
40450.13,0
40450.14,0
40450.15,0
40450.16,0
40450.17,0
40450.18,0
40450.19,0
40450.2,0
40450.21,0
40450.22,0
40450.23,0
40450.24,0
40450.25,0
40450.26,0
40450.27,0
40450.28,0
40450.29,0
40450.3,0
40450.31,0
40450.32,0
40450.33,0
40450.34,0
40450.35,0
40450.36,0
40450.37,0
40450.38,0
40450.39,0
40450.4,0
40450.41,0
40450.42,0
40450.43,0
40450.44,0
40450.45,0
40450.46,0
40450.47,0
40450.48,0
40450.49,0
40450.5,0
40450.51,0
40450.52,0
40450.53,0
40450.54,0
40450.55,0
40450.56,0
40450.57,0
40450.58,0
40450.59,0
40450.6,0
40450.61,0
40450.62,0
40450.63,0
40450.64,0
40450.65,0
40450.66,0
40450.67,0
40450.68,0
40450.69,0
40450.7,0
40450.71,0
40450.72,0
40450.73,0
40450.74,0
40450.75,0
40450.76,0
40450.77,0
40450.78,0
40450.79,0
40450.8,0
40450.81,0
40450.82,0
40450.83,0
40450.84,0
40450.85,0
40450.86,0
40450.87,0
40450.88,0
40450.89,0
40450.9,0
40450.91,0
40450.92,0
40450.93,0
40450.94,0
40450.95,0
40450.96,0
40450.97,0
40450.98,0
40450.99,0
40451,0
40451.01,0
40451.02,1.16053871425092E-09
40451.03,0.233171526343889
40451.04,3.17456140682782
40451.05,13.808018380679
40451.06,41.3274239004267
40451.07,102.745648337735
40451.08,236.772641330311
40451.09,526.102475212316
40451.1,974.885992307848
40451.11,1646.21072598436
40451.12,2244.7296846973
40451.13,2878.99120983016
40451.14,3500.54396564312
40451.15,3794.07798132001
40451.16,4166.87204945371
40451.17,4377.10314460442
40451.18,4828.51795092705
40451.19,5120.45440797676
40451.2,5477.45456717376
40451.21,5819.85152426748
40451.22,5762.13767332893
40451.23,5511.76090720905
40451.24,5443.10855583542
40451.25,4957.29492393826
40451.26,4716.82768852264
40451.27,4405.65961147156
40451.28,4025.17007090555
40451.29,4006.03747270096
40451.3,3893.00497097111
40451.31,3789.05959569029
40451.32,3752.46679999366
40451.33,3649.83805801151
40451.34,3501.31193872629
40451.35,3453.45497072775
40451.36,3498.38394983049
40451.37,3757.49202817388
40451.38,4255.87275162205
40451.39,4953.44653636361
40451.4,6116.62476416296
40451.41,6891.43404068217
40451.42,7406.72160470325
40451.43,7075.22241720026
40451.44,6708.91942014848
40451.45,6253.84536194288
40451.46,6001.09553143723
40451.47,5474.14811925649
40451.48,3612.70798221718
40451.49,3529.52082670594
40451.5,3365.38746687667
40451.51,3264.23031969281
40451.52,3236.71528061995
40451.53,3288.84173498604
40451.54,2909.55469938075
40451.55,2901.58417650655
40451.56,2683.23819277057
40451.57,1409.27394600062
40451.58,1373.05372859865
40451.59,1371.69647901089
40451.6,1376.5696270494
40451.61,1394.62152850527
40451.62,1374.60563787178
40451.63,1341.78638012691
40451.64,1329.20137936734
40451.65,1345.2575422569
40451.66,1437.04099252726
40451.67,1393.44771969791
40451.68,1355.80306926594
40451.69,1308.3330744553
40451.7,1202.77775891428
40451.71,1178.61825000995
40451.72,1114.11557217023
40451.73,1069.38508020894
40451.74,1086.66283533398
40451.75,1098.10292465159
40451.76,1139.76787935536
40451.77,1198.60023801521
40451.78,1333.54314383646
40451.79,1551.01608673797
40451.8,1918.65745872619
40451.81,2473.22265622553
40451.82,3198.99872348821
40451.83,4273.68082915167
40451.84,5842.00768680322
40451.85,7936.14688385245
40451.86,10329.475379616
40451.87,12334.9881297349
40451.88,13237.4742749348
40451.89,13394.4376004273
40451.9,12897.1131081932
40451.91,12456.103570818
40451.92,12479.9942534901
40451.93,12497.1786528263
40451.94,11394.3025271497
40451.95,11000.5524728283
40451.96,10266.4389835861
40451.97,9615.5891011466
40451.98,9039.40434412734
40451.99,8028.11144683965
40452,7005.76646208122
40452.01,6364.09313398648
40452.02,5734.22233600854
40452.03,2728.23982810155
40452.04,2671.89169500981
40452.05,2587.98908502729
40452.06,2541.56544949616
40452.07,2448.73059052671
40452.08,2419.02504598352
40452.09,2445.21979545417
40452.1,2400.65600402917
40452.11,2267.31543689188
40452.12,2203.60962292302
40452.13,2251.66235867393
40452.14,2321.62253491693
40452.15,2389.02489198633
40452.16,2226.24210048847
40452.17,2031.59783972496
40452.18,1924.07008453991
40452.19,1872.06356783618
40452.2,1799.49352279075
40452.21,1675.25409430311
40452.22,1618.89420510281
40452.23,1059.59613876357
40452.24,956.038780690601
40452.25,891.894388067748
40452.26,878.262042248986
40452.27,854.24984207617
40452.28,822.499188145205
40452.29,799.761083480005
40452.3,756.054182529389
40452.31,709.606601877789
40452.32,683.931348841958
40452.33,618.77048627939
40452.34,586.417344692581
40452.35,602.864133607703
40452.36,579.053522465785
40452.37,576.685957020681
40452.38,570.921853102242
40452.39,561.962766020976
40452.4,544.176293971208
40452.41,484.831423576184
40452.42,477.755651585457
40452.43,461.021811918034
40452.44,449.672404782219
40452.45,438.87233525923
40452.46,445.819628713084
40452.47,416.276216713677
40452.48,408.00788161285
40452.49,425.908831751296
40452.5,404.871533838594
40452.51,403.091698070764
40452.52,396.857091222474
40452.53,384.591232679885
40452.54,353.528855513476
40452.55,340.148295354182
40452.56,321.378920614317
40452.57,302.520147884218
40452.58,285.127717911133
40452.59,270.018781888554
40452.6,262.087218768291
40452.61,241.333189380563
40452.62,230.522291708508
40452.63,219.441317339446
40452.64,203.092710775492
40452.65,196.291030298295
40452.66,191.976194169551
40452.67,185.181530398367
40452.68,173.363536726548
40452.69,171.092616031872
40452.7,166.736909421266
40452.71,164.303100790325
40452.72,153.755738847686
40452.73,155.739504765098
40452.74,148.105870656378
40452.75,146.8904946459
40452.76,142.697360881225
40452.77,134.617668914037
40452.78,130.335215247331
40452.79,134.030777258395
40452.8,135.099996069312
40452.81,136.468045377845
40452.82,134.252810290042
40452.83,132.589020526441
40452.84,123.707246056046
40452.85,125.282347721804
40452.86,126.076928414087
40452.87,121.700134170788
40452.88,118.612415466035
40452.89,115.306453631339
40452.9,115.591388706847
40452.91,116.583905233939
40452.92,120.681463496323
40452.93,119.938108574326
40452.94,118.577381605559
40452.95,118.798445689893
40452.96,115.933676253419
40452.97,113.611631503633
40452.98,112.360860147932
40452.99,114.956064618361
40453,117.10834514018
40453.01,115.714898211347
40453.02,116.862245609919
40453.03,115.308355514516
40453.04,111.194251330038
40453.05,105.296391809643
40453.06,104.399785146901
40453.07,102.35068012178
40453.08,100.076837511683
40453.09,96.5782266640752
40453.1,95.1412686615891
40453.11,90.2725846467723
40453.12,89.5162317910211
40453.13,86.8031535821234
40453.14,84.5566437131101
40453.15,82.6885952440054
40453.16,75.5559658232232
40453.17,73.9933048079051
40453.18,76.9951316866326
40453.19,72.282909032258
40453.2,72.7855639904763
40453.21,70.0390199660525
40453.22,70.8408730374465
40453.23,68.2895487361495
40453.24,65.9928753067235
40453.25,62.7541116270057
40453.26,63.5121130612529
40453.27,62.9818661589673
40453.28,57.7968811517064
40453.29,56.4909636156989
40453.3,54.8015855708216
40453.31,52.793515503448
40453.32,52.9099885000404
40453.33,51.4436375403659
40453.34,50.7119680230041
40453.35,50.0184052373667
40453.36,49.594560734046
40453.37,48.530805333799
40453.38,50.1625761913274
40453.39,46.5527874555901
40453.4,43.5573690224164
40453.41,41.2527017061658
40453.42,40.1871848533142
40453.43,40.9784395792702
40453.44,40.5990037314899
40453.45,40.1034608171121
40453.46,40.1159843923936
40453.47,40.1364846440832
40453.48,38.32111992563
40453.49,37.3079415214382
40453.5,36.0609385273245
40453.51,35.2535129808159
40453.52,34.4578267948557
40453.53,33.4022570052405
40453.54,32.9216338966334
40453.55,30.0698924378618
40453.56,31.3210758939682
40453.57,31.0958871445246
40453.58,29.0623412752145
40453.59,26.7957612787896
40453.6,26.8354254699837
40453.61,26.2056243161747
40453.62,25.4501715866461
40453.63,24.980060189442
40453.64,24.6626852076077
40453.65,23.6457739484697
40453.66,22.4878252085564
40453.67,21.3599460677676
40453.68,20.6998230766487
40453.69,19.8376406137321
40453.7,20.113034564005
40453.71,19.7291739622805
40453.72,19.963794953341
40453.73,19.4062251356856
40453.74,18.2239569385487
40453.75,17.8555344103388
40453.76,17.8858472641444
40453.77,17.1529576438317
40453.78,16.4744030145728
40453.79,16.5410673330389
40453.8,16.6984474527788
40453.81,16.281696127332
40453.82,16.2102932130264
40453.83,16.1670142297989
40453.84,16.4279183670828
40453.85,15.7297057092146
40453.86,15.9266656497578
40453.87,16.0962005060405
40453.88,16.4164489854787
40453.89,16.8093133107144
40453.9,16.2962955450579
40453.91,16.3954006759622
40453.92,16.1932704139144
40453.93,16.7051152653545
40453.94,16.3585469331723
40453.95,15.7154314763081
40453.96,15.4044924487804
40453.97,14.7866243496803
40453.98,14.8010703395722
40453.99,14.258665514373
40454,14.0264246420709
40454.01,14.1387233005484
40454.02,13.7741386608481
40454.03,13.4238987742632
40454.04,13.0361633412407
40454.05,12.9898254269056
40454.06,12.2841231301449
40454.07,12.6427389447382
40454.08,12.3546135175246
40454.09,11.9256723317242
40454.1,12.3824886326863
40454.11,12.1429628865581
40454.12,12.3655470593637
40454.13,12.6418132520618
40454.14,12.5601582393994
40454.15,12.2301804857489
40454.16,12.1447166482739
40454.17,11.9136303776923
40454.18,12.1432489936625
40454.19,11.8584213133845
40454.2,11.6664949854126
40454.21,11.5883978613841
40454.22,11.2590218311616
40454.23,11.8479784517708
40454.24,11.499167209511
40454.25,11.2800616392685
40454.26,11.4902428209448
40454.27,12.0215471967957
40454.28,11.5897953846131
40454.29,11.7307128203168
40454.3,11.5620305878175
40454.31,11.6905167310058
40454.32,11.9934111183855
40454.33,11.9726400640294
40454.34,12.1344283669788
40454.35,11.7470268134802
40454.36,11.5858735104173
40454.37,11.8915870500189
40454.38,12.1116882461267
40454.39,12.5069751001815
40454.4,12.7075440520815
40454.41,12.704284506483
40454.42,12.7874074619379
40454.43,12.2361977232375
40454.44,12.1255641118694
40454.45,11.885217393638
40454.46,12.3776531654576
40454.47,11.8083504195996
40454.48,11.5271487936242
40454.49,11.2647030661376
40454.5,10.9109190874225
40454.51,10.5927331588107
40454.52,10.3404001427981
40454.53,10.3075763235893
40454.54,10.4675197374131
40454.55,10.4745079000646
40454.56,10.2838296745734
40454.57,10.0665314941919
40454.58,9.87934459121784
40454.59,10.1843046697011
40454.6,10.6102538499067
40454.61,10.2206744916834
40454.62,9.96486065180478
40454.63,9.68315387052028
40454.64,9.59587056409973
40454.65,9.44811657452982
40454.66,9.9753241040123
40454.67,10.6946603487461
40454.68,10.877226475327
40454.69,10.5735392251224
40454.7,11.3440377826118
40454.71,11.6671382242772
40454.72,14.0231184154587
40454.73,17.861483337034
40454.74,24.3136199822283
40454.75,33.1128728823049
40454.76,46.0545082426068
40454.77,65.2138317733997
40454.78,84.5722106215859
40454.79,108.520966951662
40454.8,138.51913812154
40454.81,174.236822886502
40454.82,230.048747612643
40454.83,275.412367195563
40454.84,309.907207673198
40454.85,342.054786207332
40454.86,345.274052899851
40454.87,373.71739527736
40454.88,381.545468066538
40454.89,428.569816857951
40454.9,477.275213168848
40454.91,528.418401522356
40454.92,557.803218956497
40454.93,625.438339217009
40454.94,654.369657885773
40454.95,723.22242193442
40454.96,720.676490346172
40454.97,720.637723151883
40454.98,773.10770727892
40454.99,779.73106340961
40455,801.424375543924
40455.01,794.586306364105
40455.02,800.389211968628
40455.03,823.148152169033
40455.04,824.293353688555
40455.05,847.990162335825
40455.06,891.171783835659
40455.07,888.918422396594
40455.08,888.729775325226
40455.09,900.539907456917
40455.1,900.257573606009
40455.11,870.821134613414
40455.12,881.633333947328
40455.13,897.519035383828
40455.14,865.025316249095
40455.15,870.01104758762
40455.16,901.306125612853
40455.17,885.58315626875
40455.18,878.480933526241
40455.19,879.125956749078
40455.2,869.678995041659
40455.21,872.931820473102
40455.22,925.440408560104
40455.23,918.962686099788
40455.24,911.894952374901
40455.25,888.248058287692
40455.26,921.949387113165
40455.27,946.841426245089
40455.28,920.260122740462
40455.29,925.17332673366
40455.3,896.563278881147
40455.31,977.752331131596
40455.32,986.334476079932
40455.33,1021.72587752435
40455.34,1025.14824552369
40455.35,1060.58009498577
40455.36,1085.13289314656
40455.37,1151.21533119781
40455.38,1197.91382444829
40455.39,1204.1154884736
40455.4,1205.53305820394
40455.41,1220.14118114331
40455.42,1137.85119591869
40455.43,1116.66166055118
40455.44,768.157931319492
40455.45,730.059906355837
40455.46,698.383846610912
40455.47,658.041395067363
40455.48,626.586303393982
40455.49,610.493339821265
40455.5,578.225251901647
40455.51,530.90079033727
40455.52,503.597544302472
40455.53,484.584755570177
40455.54,457.106268767104
40455.55,418.706406388935
40455.56,390.511624234507
40455.57,390.948569213576
40455.58,379.493335625083
40455.59,366.04520612141
40455.6,345.598767066097
40455.61,339.325309887653
40455.62,338.727320576408
40455.63,325.641972955668
40455.64,314.68479556911
40455.65,308.262423012155
40455.66,299.616932302298
40455.67,289.082473963302
40455.68,290.217452370913
40455.69,270.55327357355
40455.7,259.25395486629
40455.71,248.03313108684
40455.72,231.92402955341
40455.73,226.70295135685
40455.74,228.849891640314
40455.75,216.682575983564
40455.76,213.139029822377
40455.77,212.14193526414
40455.78,198.491490363972
40455.79,191.777109383522
40455.8,182.644122491842
40455.81,183.975345599446
40455.82,178.129201158786
40455.83,175.029933837131
40455.84,174.595137180829
40455.85,177.661039387943
40455.86,173.305622080215
40455.87,169.444307816697
40455.88,164.3255610227
40455.89,158.495157784845
40455.9,153.450548071572
40455.91,143.384232365292
40455.92,135.39237790508
40455.93,130.949554602578
40455.94,132.459185199128
40455.95,127.916280665871
40455.96,120.384733109655
40455.97,118.259163366527
40455.98,118.218449275695
40455.99,115.614233590275
40456,108.644199484924
40456.01,104.229085140259
40456.02,103.258979873856
40456.03,103.686811476435
40456.04,99.7784401620497
40456.05,95.6247352546001
40456.06,94.087498110749
40456.07,92.334727541028
40456.08,89.7712048800317
40456.09,89.4678056165149
40456.1,88.7758762916891
40456.11,84.7106733939411
40456.12,81.736733267507
40456.13,80.5336377957442
40456.14,75.6988616599137
40456.15,75.4605434556942
40456.16,72.9018164525103
40456.17,77.0111288722027
40456.18,75.0878176569508
40456.19,72.4890869418828
40456.2,71.4236046719962
40456.21,72.1560655953034
40456.22,71.2606260873275
40456.23,67.5532900294842
40456.24,66.0230613505081
40456.25,63.259699172379
40456.26,61.6508956731636
40456.27,60.0297269930535
40456.28,57.9267144200339
40456.29,58.1645171391341
40456.3,55.3408285846918
40456.31,53.1159356380375
40456.32,52.5672191327446
40456.33,53.0021107539576
40456.34,50.8368305166912
40456.35,49.346412549337
40456.36,50.5031026065109
40456.37,48.1827912625797
40456.38,48.4152059347269
40456.39,46.1137947291162
40456.4,44.5338241267184
40456.41,42.664056004784
40456.42,41.6896074260551
40456.43,42.5513777223696
40456.44,41.2562903801134
40456.45,40.947473004756
40456.46,41.3908066790811
40456.47,40.9562556442165
40456.48,38.9456256098165
40456.49,39.6788890833998
40456.5,39.4787414550708
40456.51,40.0722766236072
40456.52,37.8519076281141
40456.53,35.7893740920941
40456.54,35.2466309999323
40456.55,34.2978146354067
40456.56,35.040278529332
40456.57,36.3577743796339
40456.58,35.6053291608322
40456.59,35.7876090758187
40456.6,35.7568984419049
40456.61,35.5839035929997
40456.62,36.2937908427795
40456.63,34.8844760474294
40456.64,35.1292522149893
40456.65,34.037083200302
40456.66,32.7576856010989
40456.67,32.767441619674
40456.68,32.3384564418186
40456.69,31.8060272444814
40456.7,31.9016124499056
40456.71,32.3015936717443
40456.72,32.5176534457718
40456.73,30.413970913783
40456.74,29.5759904486948
40456.75,28.6572637670848
40456.76,28.0786809793901
40456.77,28.2087862980493
40456.78,27.5766106799801
40456.79,27.8825304857527
40456.8,27.1617647500005
40456.81,28.5265703401275
40456.82,27.3009757723378
40456.83,27.1359727940536
40456.84,27.184006719705
40456.85,26.8197651734927
40456.86,27.2263579398656
40456.87,27.3655278979117
40456.88,26.5955951921894
40456.89,26.8354058634398
40456.9,25.4450340882431
40456.91,25.0319645142054
40456.92,25.0316151771984
40456.93,26.4917761638311
40456.94,26.9073369348146
40456.95,27.0709659805493
40456.96,27.4081031112967
40456.97,27.3183747295062
40456.98,26.6712784771765
40456.99,26.1712506113045
40457,25.581623438636
40457.01,26.5319738160777
40457.02,26.419555864271
40457.03,26.1189520160609
40457.04,25.8667339763289
40457.05,25.3578224814371
40457.06,24.6393966980368
40457.07,25.2900206801036
40457.08,24.7635933177779
40457.09,24.3216790775314
40457.1,24.0039210083324
40457.11,22.4943935248758
40457.12,21.329387143373
40457.13,20.7381258708473
40457.14,19.8148304811223
40457.15,18.7887120533989
40457.16,19.1657498680586
40457.17,18.1308068168175
40457.18,18.2119523061193
40457.19,17.3090696414259
40457.2,16.9695733648263
40457.21,16.2601974695849
40457.22,15.6867729939108
40457.23,15.5268920241121
40457.24,14.708459773142
40457.25,14.755102037938
40457.26,15.2520283216615
40457.27,15.5525056461099
40457.28,15.9182605116942
40457.29,15.9055813659252
40457.3,16.4245770853222
40457.31,16.6392413485443
40457.32,17.6741480617962
40457.33,16.7401147115118
40457.34,16.8935375612994
40457.35,16.6761293914232
40457.36,16.5196011809536
40457.37,15.7039709108168
40457.38,15.6374724926364
40457.39,15.786970341965
40457.4,16.0181230346078
40457.41,16.2472952352788
40457.42,15.2006033915052
40457.43,15.1237770412507
40457.44,15.24491619078
40457.45,15.6279679779944
40457.46,15.6591736957741
40457.47,16.1210780641749
40457.48,15.9944883695689
40457.49,16.0561979054271
40457.5,15.1444031933103
40457.51,14.8164925460292
40457.52,14.4324715232001
40457.53,14.2882997282845
40457.54,14.5867567507814
40457.55,14.2135571133329
40457.56,14.2065009265636
40457.57,13.609850613319
40457.58,13.5805497754897
40457.59,13.2672653904966
40457.6,12.8240240443842
40457.61,12.6144433887297
40457.62,12.3692271170263
40457.63,12.0495268125023
40457.64,11.6672784801458
40457.65,11.8214918695145
40457.66,11.8274704913661
40457.67,12.2721008733282
40457.68,12.0019117832738
40457.69,11.9255187777352
40457.7,12.2011521849142
40457.71,12.0510598761453
40457.72,11.5493636550112
40457.73,11.6869881303577
40457.74,12.3873583098063
40457.75,12.0951274433793
40457.76,11.7341013551669
40457.77,11.891442098288
40457.78,11.7384087303654
40457.79,11.4455665609337
40457.8,11.3838810333819
40457.81,11.4151611071831
40457.82,11.6604270604389
40457.83,11.9812152564059
40457.84,11.685468480149
40457.85,11.8235156553813
40457.86,12.2345942273551
40457.87,13.2278266893293
40457.88,13.691131752759
40457.89,14.6861758886115
40457.9,16.5612782680288
40457.91,18.6552029823636
40457.92,20.3527520019377
40457.93,21.4715127902541
40457.94,22.1811583206897
40457.95,23.6744338187343
40457.96,22.4492070842722
40457.97,21.9735210404999
40457.98,21.5699970460759
40457.99,21.1863356183267
40458,20.7881400027953
40458.01,20.9312538897446
40458.02,20.8003050007091
40458.03,19.0914733412681
40458.04,18.9840939946521
40458.05,19.3788295778874
40458.06,19.6085107733177
40458.07,18.2152793602849
40458.08,18.6425291545358
40458.09,18.62116887007
40458.1,17.7700493738079
40458.11,17.9026976247099
40458.12,17.5482705606267
40458.13,17.236143453679
40458.14,17.1278120744002
40458.15,16.0878825094007
40458.16,15.8276398943505
40458.17,15.089245077602
40458.18,15.3101709139016
40458.19,13.6701519387451
40458.2,13.214064168841
40458.21,12.670527245
40458.22,12.429772544994
40458.23,12.3038291942381
40458.24,12.3484897001233
40458.25,11.877068499006
40458.26,11.6353720202834
40458.27,11.0346121231742
40458.28,10.9198706314534
40458.29,11.0256774114244
40458.3,10.3419077317434
40458.31,9.69328777927082
40458.32,9.33234656519401
40458.33,9.24682180877008
40458.34,8.97415643557433
40458.35,8.25922001102323
40458.36,7.72172758250144
40458.37,7.55109918898419
40458.38,7.72677155800459
40458.39,7.28569909135877
40458.4,6.93126625869512
40458.41,6.50256365050275
40458.42,6.22177261157331
40458.43,6.21032456783189
40458.44,5.89829648311933
40458.45,5.31074403131711
40458.46,4.99430872996964
40458.47,4.61661420766828
40458.48,4.46919265986798
40458.49,4.34574196923057
40458.5,4.05077515028604
40458.51,3.79878508062781
40458.52,3.73426552629058
40458.53,3.60165209598713
40458.54,3.3638508663368
40458.55,2.98091691323816
40458.56,2.76630339318031
40458.57,2.54960466546003
40458.58,2.33049279538493
40458.59,2.03643592884127
40458.6,1.87361406150719
40458.61,1.90666162081965
40458.62,2.02829964754234
40458.63,1.90340275886593
40458.64,1.88008825129067
40458.65,1.87052001159462
40458.66,1.84867511473489
40458.67,1.85318446063102
40458.68,1.82131368381556
40458.69,1.84627050565049
40458.7,1.73123375450953
40458.71,1.67609774222619
40458.72,1.70578064005521
40458.73,1.60162700519274
40458.74,1.57767711782711
40458.75,1.4880262520129
40458.76,1.48316921275442
40458.77,1.43385275581224
40458.78,1.3443707158946
40458.79,1.34799511993449
40458.8,1.24309259783077
40458.81,1.21255580956167
40458.82,1.18718255732286
40458.83,1.14413408930265
40458.84,1.0975519872903
40458.85,1.04882990156805
40458.86,1.00866042970405
40458.87,0.944829235295253
40458.88,0.889788034058059
40458.89,0.87278103772677
40458.9,0.827281496098192
40458.91,0.837164750371666
40458.92,0.825174620505175
40458.93,0.794435236783296
40458.94,0.779352963991427
40458.95,0.732849321484786
40458.96,0.715839014764336
40458.97,0.676601923480067
40458.98,0.67767831687789
40458.99,0.695208206546736
40459,0.677318107663095
40459.01,0.650071485238099
40459.02,0.629705893266851
40459.03,0.605829483282766
40459.04,0.59251814357282
40459.05,0.582550627490216
40459.06,0.577395130862572
40459.07,0.564565512475583
40459.08,0.553462229722036
40459.09,0.53175006798662
40459.1,0.486134838424838
40459.11,0.460860529215377
40459.12,0.43884773982514
40459.13,0.412843574965186
40459.14,0.370831482309447
40459.15,0.340680440695039
40459.16,0.331248518228296
40459.17,0.306527023307437
40459.18,0.294563814476647
40459.19,0.277151279675596
40459.2,0.260497942244337
40459.21,0.24421428274369
40459.22,0.229669768651913
40459.23,0.204591222713265
40459.24,0.182907658990805
40459.25,0.162076725277734
40459.26,0.14484049158925
40459.27,0.118576964462235
40459.28,0.100489797029351
40459.29,0.0804084449404589
40459.3,0.0594457034850858
40459.31,0.0354253361265243
40459.32,0.0132579924095808
40459.33,7.59970985063428E-06
40459.34,7.22088659891569E-06
40459.35,7.28842357026938E-06
40459.36,7.17364386819895E-06
40459.37,6.87002391395135E-06
40459.38,6.79796341355725E-06
40459.39,6.6110342680556E-06
40459.4,6.44836927313916E-06
40459.41,6.01858387313435E-06
40459.42,5.59112047190875E-06
40459.43,5.2482209774671E-06
40459.44,5.05366837635492E-06
40459.45,4.92970853252541E-06
40459.46,4.64743939853213E-06
40459.47,4.44412662712824E-06
40459.48,4.49907864534573E-06
40459.49,4.46122321061248E-06
40459.5,4.38233479054395E-06
40459.51,4.08996953253749E-06
40459.52,3.9375363991407E-06
40459.53,3.76254580371996E-06
40459.54,3.6553656738984E-06
40459.55,3.53626421859958E-06
40459.56,3.49073046101665E-06
40459.57,3.4326579760279E-06
40459.58,3.2498033352917E-06
40459.59,3.08769667495472E-06
40459.6,3.02144097541525E-06
40459.61,2.8150629477337E-06
40459.62,2.76411345428429E-06
40459.63,2.78782391668902E-06
40459.64,2.60958357643677E-06
40459.65,2.54744031876102E-06
40459.66,2.25169217358171E-06
40459.67,2.18253424696705E-06
40459.68,1.9955716007144E-06
40459.69,1.79097048885499E-06
40459.7,1.58873594854657E-06
40459.71,1.42301901825019E-06
40459.72,1.26962623173816E-06
40459.73,1.18238672552302E-06
40459.74,1.08446568196923E-06
40459.75,9.35438254543682E-07
40459.76,7.9067173962512E-07
40459.77,6.42346550093212E-07
40459.78,5.32048543097162E-07
40459.79,4.25098924259564E-07
40459.8,3.14856647016079E-07
40459.81,1.90560729293766E-07
40459.82,6.47152690659524E-08
40459.83,0
40459.84,0
40459.85,0
40459.86,0
40459.87,0
40459.88,0
40459.89,0
40459.9,0
40459.91,0
40459.92,0
40459.93,0
40459.94,0
40459.95,0
40459.96,0
40459.97,0
40459.98,0
40459.99,0
40460,0
40460.01,0
40460.02,0
40460.03,0
40460.04,0
40460.05,0
40460.06,0
40460.07,0
40460.08,0
40460.09,0
40460.1,0
40460.11,0
40460.12,0
40460.13,0
40460.14,0
40460.15,0
40460.16,0
40460.17,0
40460.18,0
40460.19,0
40460.2,0
40460.21,0
40460.22,0
40460.23,0
40460.24,0
40460.25,0
40460.26,0
40460.27,0
40460.28,0
40460.29,0
40460.3,0
40460.31,0
40460.32,0
40460.33,0
40460.34,0
40460.35,0
40460.36,0
40460.37,0
40460.38,0
40460.39,0
40460.4,0
40460.41,0
40460.42,0
40460.43,0
40460.44,0
40460.45,0
40460.46,0
40460.47,0
40460.48,0
40460.49,0
40460.5,0
40460.51,0
40460.52,0
40460.53,0
40460.54,0
40460.55,0
40460.56,0
40460.57,0
40460.58,0
40460.59,0
40460.6,0
40460.61,0
40460.62,0
40460.63,0
40460.64,0
40460.65,0
40460.66,0
40460.67,0
40460.68,0
40460.69,0
40460.7,0
40460.71,0
40460.72,0
40460.73,0
40460.74,0
40460.75,0
40460.76,0
40460.77,0
40460.78,0
40460.79,0
40460.8,0
40460.81,0
40460.82,0
40460.83,0
40460.84,0
40460.85,0
40460.86,0
40460.87,0
40460.88,0
40460.89,0
40460.9,0
40460.91,0
40460.92,0
40460.93,0
40460.94,0
40460.95,0
40460.96,0
40460.97,0
40460.98,0
40460.99,0
40461,0
40461.01,0
40461.02,0
40461.03,0
40461.04,0
40461.05,0
40461.06,0
40461.07,0
40461.08,0
40461.09,0
40461.1,0
40461.11,0
40461.12,0
40461.13,0
40461.14,0
40461.15,0
40461.16,0
40461.17,0
40461.18,0
40461.19,0
40461.2,0
40461.21,0
40461.22,0
40461.23,0
40461.24,0
40461.25,0
40461.26,0
40461.27,0
40461.28,0
40461.29,0
40461.3,0
40461.31,0
40461.32,0
40461.33,0
40461.34,0
40461.35,0
40461.36,0
40461.37,0
40461.38,0
40461.39,0
40461.4,0
40461.41,0
40461.42,0
40461.43,0
40461.44,0
40461.45,0
40461.46,0
40461.47,0
40461.48,0
40461.49,0
40461.5,0
40461.51,0
40461.52,0
40461.53,0
40461.54,0
40461.55,0
40461.56,0
40461.57,0
40461.58,0
40461.59,0
40461.6,0
40461.61,0
40461.62,0
40461.63,0
40461.64,0
40461.65,0
40461.66,0
40461.67,0
40461.68,0
40461.69,0
40461.7,0
40461.71,0
40461.72,0
40461.73,0
40461.74,0
40461.75,0
40461.76,0
40461.77,0
40461.78,0
40461.79,0
40461.8,0
40461.81,0
40461.82,0
40461.83,0
40461.84,0
40461.85,0
40461.86,0
40461.87,0
40461.88,0
40461.89,0
40461.9,0
40461.91,0
40461.92,0
40461.93,0
40461.94,0
40461.95,0
40461.96,0
40461.97,0
40461.98,0
40461.99,0
40462,0
40462.01,0
40462.02,0
40462.03,0
40462.04,0
40462.05,0
40462.06,0
40462.07,0
40462.08,0
40462.09,0
40462.1,0
40462.11,0
40462.12,0
40462.13,0
40462.14,0
40462.15,0
40462.16,0
40462.17,0
40462.18,0
40462.19,0
40462.2,0
40462.21,0
40462.22,0
40462.23,0
40462.24,0
40462.25,0
40462.26,0
40462.27,0
40462.28,0
40462.29,0
40462.3,0
40462.31,0
40462.32,0
40462.33,0
40462.34,0
40462.35,0
40462.36,0
40462.37,0
40462.38,0
40462.39,0
40462.4,0
40462.41,0
40462.42,0
40462.43,0
40462.44,0
40462.45,0
40462.46,0
40462.47,0
40462.48,0
40462.49,0
40462.5,0
40462.51,0
40462.52,0
40462.53,0
40462.54,0
40462.55,0
40462.56,0
40462.57,0
40462.58,0
40462.59,0
40462.6,0
40462.61,0
40462.62,0
40462.63,0
40462.64,0
40462.65,0
40462.66,0
40462.67,0
40462.68,0
40462.69,0
40462.7,0
40462.71,0
40462.72,0
40462.73,0
40462.74,0
40462.75,0
40462.76,0
40462.77,0
40462.78,0
40462.79,0
40462.8,0
40462.81,0
40462.82,0
40462.83,0
40462.84,0
40462.85,0
40462.86,0
40462.87,0
40462.88,0
40462.89,0
40462.9,0
40462.91,0
40462.92,0
40462.93,0
40462.94,0
40462.95,0
40462.96,0
40462.97,0
40462.98,0
40462.99,0
40463,0
40463.01,0
40463.02,0
40463.03,0
40463.04,0
40463.05,0
40463.06,0
40463.07,0
40463.08,0
40463.09,0
40463.1,0
40463.11,0
40463.12,0
40463.13,0
40463.14,0
40463.15,0
40463.16,0
40463.17,0
40463.18,0
40463.19,0
40463.2,0
40463.21,0
40463.22,0
40463.23,0
40463.24,0
40463.25,0
40463.26,0
40463.27,0
40463.28,0
40463.29,0
40463.3,0
40463.31,0
40463.32,0
40463.33,0
40463.34,0
40463.35,0
40463.36,0
40463.37,0
40463.38,0
40463.39,0
40463.4,0
40463.41,0
40463.42,0
40463.43,0
40463.44,0
40463.45,0
40463.46,0
40463.47,0
40463.48,0
40463.49,0
40463.5,0
40463.51,0
40463.52,0
40463.53,0
40463.54,0
40463.55,0
40463.56,0
40463.57,0
40463.58,0
40463.59,0
40463.6,0
40463.61,0
40463.62,0
40463.63,0
40463.64,0
40463.65,0
40463.66,0
40463.67,0
40463.68,0
40463.69,0
40463.7,0
40463.71,0
40463.72,0
40463.73,0
40463.74,0
40463.75,0
40463.76,0
40463.77,0
40463.78,0
40463.79,0
40463.8,0
40463.81,0
40463.82,0
40463.83,0
40463.84,0
40463.85,0
40463.86,0
40463.87,0
40463.88,0
40463.89,0
40463.9,0
40463.91,0
40463.92,0
40463.93,0
40463.94,0
40463.95,0
40463.96,0
40463.97,0
40463.98,0
40463.99,0
40464,0
40464.01,0
40464.02,0
40464.03,0
40464.04,0
40464.05,0
40464.06,0
40464.07,0
40464.08,0
40464.09,0
40464.1,0
40464.11,0
40464.12,0
40464.13,0
40464.14,0
40464.15,0
40464.16,0
40464.17,0
40464.18,0
40464.19,0
40464.2,0
40464.21,0
40464.22,0
40464.23,0
40464.24,0
40464.25,0
40464.26,0
40464.27,0
40464.28,0
40464.29,0
40464.3,0
40464.31,0
40464.32,0
40464.33,0
40464.34,0
40464.35,0
40464.36,0
40464.37,0
40464.38,0
40464.39,0
40464.4,0
40464.41,0
40464.42,0
40464.43,0
40464.44,0
40464.45,0
40464.46,0
40464.47,0
40464.48,0
40464.49,0
40464.5,0
40464.51,0
40464.52,0
40464.53,0
40464.54,0
40464.55,0
40464.56,0
40464.57,0
40464.58,0
40464.59,0
40464.6,0
40464.61,0
40464.62,0
40464.63,0
40464.64,0
40464.65,0
40464.66,0
40464.67,0
40464.68,0
40464.69,0
40464.7,0
40464.71,0
40464.72,0
40464.73,0
40464.74,0
40464.75,0
40464.76,0
40464.77,0
40464.78,0
40464.79,0
40464.8,0
40464.81,0
40464.82,0
40464.83,0
40464.84,0
40464.85,0
40464.86,0
40464.87,0
40464.88,0
40464.89,0
40464.9,0
40464.91,0
40464.92,0
40464.93,0
40464.94,0
40464.95,0
40464.96,0
40464.97,0
40464.98,0
40464.99,0
40465,0
40465.01,0
40465.02,0
40465.03,0
40465.04,0
40465.05,0
40465.06,0
40465.07,0
40465.08,0
40465.09,0
40465.1,0
40465.11,0
40465.12,0
40465.13,0
40465.14,0
40465.15,0
40465.16,0
40465.17,0
40465.18,0
40465.19,0
40465.2,0
40465.21,0
40465.22,0
40465.23,0
40465.24,0
40465.25,0
40465.26,0
40465.27,0
40465.28,0
40465.29,0
40465.3,0
40465.31,0
40465.32,0
40465.33,1.16841297739293E-09
40465.34,0.233506310358399
40465.35,6.98274944569781
40465.36,24.9305131136179
40465.37,53.0015529947604
40465.38,85.6172537759877
40465.39,115.706179800676
40465.4,150.751323528455
40465.41,209.608069004497
40465.42,305.503416099772
40465.43,483.614061481397
40465.44,758.551637194412
40465.45,1135.68773874228
40465.46,1535.33709423616
40465.47,2128.06461817002
40465.48,2677.71856628676
40465.49,3294.13598221913
40465.5,3873.3053262809
40465.51,4121.66899128016
40465.52,4498.02920304788
40465.53,4411.16241118129
40465.54,4312.43843597805
40465.55,4099.11134930683
40465.56,3813.15729804654
40465.57,3563.48891371834
40465.58,3310.14716190808
40465.59,3038.95744927108
40465.6,2821.97908962972
40465.61,1626.69271185801
40465.62,1578.49591034721
40465.63,1517.92104679045
40465.64,1452.87847716195
40465.65,1384.59577050515
40465.66,1383.44802037008
40465.67,1284.63654116535
40465.68,1164.26137388401
40465.69,1100.98422614317
40465.7,1046.70704482887
40465.71,978.372982677565
40465.72,969.593899946068
40465.73,904.832353544903
40465.74,891.550453246466
40465.75,891.670504699723
40465.76,868.020253156803
40465.77,852.249599339508
40465.78,847.660939774704
40465.79,808.455339294899
40465.8,738.550871136363
40465.81,715.603773836323
40465.82,696.020220687602
40465.83,641.088833492276
40465.84,641.775629487973
40465.85,618.487570791992
40465.86,613.410757192386
40465.87,585.399543010786
40465.88,553.557017174703
40465.89,537.482853772492
40465.9,510.911371761526
40465.91,509.031681718016
40465.92,507.456796949595
40465.93,456.100456410847
40465.94,452.62314392015
40465.95,422.734845014199
40465.96,434.541200614451
40465.97,414.682411018908
40465.98,402.011853261103
40465.99,380.802924904746
40466,370.718932624914
40466.01,350.950408241294
40466.02,334.908636816756
40466.03,325.851911213971
40466.04,324.924783084761
40466.05,312.427478201478
40466.06,299.234823545059
40466.07,293.948891011325
40466.08,288.358560050935
40466.09,281.989517923036
40466.1,265.880726585276
40466.11,261.000098074872
40466.12,249.47727617243
40466.13,239.908816674403
40466.14,241.944082702079
40466.15,229.410676435141
40466.16,216.167944458391
40466.17,208.461649163602
40466.18,206.156781024553
40466.19,201.478337723197
40466.2,194.420638069502
40466.21,196.521036912738
40466.22,198.688731038075
40466.23,181.478024904322
40466.24,173.613987301765
40466.25,160.433969497554
40466.26,156.517954070259
40466.27,153.291473488317
40466.28,155.057507850382
40466.29,142.944757761736
40466.3,136.890195791553
40466.31,132.980198080585
40466.32,134.385717844955
40466.33,134.047411228914
40466.34,135.732653251041
40466.35,134.927792164404
40466.36,134.394821302347
40466.37,129.591689101794
40466.38,123.271120578308
40466.39,125.373479117934
40466.4,120.327437070115
40466.41,115.861818643746
40466.42,117.367866268494
40466.43,117.791846338338
40466.44,112.637571642911
40466.45,112.717995039686
40466.46,113.322921222221
40466.47,108.931002737481
40466.48,107.445748008424
40466.49,107.675231466568
40466.5,101.214656217766
40466.51,98.7449810197334
40466.52,93.2843293787416
40466.53,89.1954973946106
40466.54,82.5913564253747
40466.55,78.0067386972366
40466.56,76.8381677246989
40466.57,72.3016981295036
40466.58,71.9277999666754
40466.59,73.2602055826216
40466.6,71.5407545482081
40466.61,71.415116067739
40466.62,69.7745079470656
40466.63,68.009685365391
40466.64,64.0532642547064
40466.65,64.4327175772163
40466.66,66.1289821493713
40466.67,64.4323157714339
40466.68,62.5939183630169
40466.69,62.747898242025
40466.7,61.997439317901
40466.71,60.987984111563
40466.72,64.1372755571563
40466.73,63.2284025350222
40466.74,61.2792371964452
40466.75,59.3175083384856
40466.76,57.8655672454849
40466.77,59.6912985585112
40466.78,60.135849884143
40466.79,61.7182095671982
40466.8,59.2467887496944
40466.81,62.196219219672
40466.82,60.7028505529654
40466.83,60.9792120215579
40466.84,58.0267953195044
40466.85,56.6495898759761
40466.86,53.7336819761849
40466.87,53.1522963279993
40466.88,53.5383335732624
40466.89,50.3398137470652
40466.9,48.9152858836143
40466.91,47.5092379860687
40466.92,46.5683418780087
40466.93,45.8102362237997
40466.94,46.1559780448354
40466.95,45.6988469492755
40466.96,44.004643498413
40466.97,44.1595632845167
40466.98,43.3940520818456
40466.99,41.1043232346481
40467,42.180954774611
40467.01,41.3516588256355
40467.02,39.3680308416827
40467.03,38.7346243548747
40467.04,37.3078583936565
40467.05,35.6013064829155
40467.06,35.6709236205212
40467.07,33.9324917072731
40467.08,32.6107916536882
40467.09,30.9024310179
40467.1,30.1499325705463
40467.11,29.6670303157436
40467.12,29.681968871451
40467.13,30.6915569714019
40467.14,30.0976997636223
40467.15,28.9715277400824
40467.16,28.0897229893251
40467.17,27.8801275290337
40467.18,27.2457638703399
40467.19,27.2924303500759
40467.2,27.495691833813
40467.21,26.4296773352176
40467.22,25.9733625264778
40467.23,25.6474710274626
40467.24,24.5163302741569
40467.25,23.3871239867323
40467.26,22.7934123906493
40467.27,21.7897853716573
40467.28,21.4539517105258
40467.29,21.7965915760161
40467.3,21.564576170902
40467.31,21.0113543393478
40467.32,20.0281584241648
40467.33,20.468109671919
40467.34,19.4283576330659
40467.35,18.978958552565
40467.36,18.1923638615353
40467.37,17.729804311305
40467.38,17.6541059806886
40467.39,17.1067798381932
40467.4,16.6071502101085
40467.41,16.3717218739967
40467.42,14.9555193428865
40467.43,14.607169912013
40467.44,14.2127006322131
40467.45,12.9190294882041
40467.46,12.4988451493001
40467.47,12.7614406326618
40467.48,13.1854682818512
40467.49,12.4311307579066
40467.5,12.0884908094524
40467.51,12.1580344978724
40467.52,12.0158074624904
40467.53,12.3308850866817
40467.54,12.2349891354603
40467.55,12.1727857196694
40467.56,11.9992975367002
40467.57,11.6432170333095
40467.58,11.8722708843431
40467.59,12.3356587712951
40467.6,12.7313425856928
40467.61,12.560263826571
40467.62,12.4407520287112
40467.63,12.2456701122045
40467.64,12.3173514845701
40467.65,12.2501998966086
40467.66,12.2069455800135
40467.67,11.9642419536229
40467.68,11.281633304189
40467.69,10.7077132156615
40467.7,10.6942757991085
40467.71,10.5959956561175
40467.72,10.3794405743068
40467.73,9.94884861904222
40467.74,9.88617452691409
40467.75,10.0348302253458
40467.76,9.98002940541167
40467.77,10.1141634309417
40467.78,10.0116059265307
40467.79,9.45116380073623
40467.8,9.28961406826179
40467.81,8.89294168249563
40467.82,9.03509554935518
40467.83,9.10631952182193
40467.84,9.37976087277204
40467.85,9.33681842677261
40467.86,8.91073789817106
40467.87,8.41298296370047
40467.88,8.08276587757101
40467.89,7.98260623772365
40467.9,8.05868918604515
40467.91,8.07293827706899
40467.92,8.19643181924413
40467.93,7.89380929755011
40467.94,7.87976691369563
40467.95,7.83449606193828
40467.96,7.64914896082451
40467.97,7.32659474269362
40467.98,7.24966674136093
40467.99,7.23569788167194
40468,6.97012134887253
40468.01,6.68132546323441
40468.02,6.79816522952776
40468.03,6.83264840548324
40468.04,6.39613201979479
40468.05,6.36756694996052
40468.06,6.37255823231294
40468.07,6.17981940975474
40468.08,5.97727872318216
40468.09,5.88910778886535
40468.1,5.96300575788039
40468.11,5.92320912356778
40468.12,5.85730455999926
40468.13,5.58555151058985
40468.14,5.672699520748
40468.15,5.64022361037714
40468.16,5.38775045002
40468.17,5.1564089487254
40468.18,4.96167781497969
40468.19,4.8989896737687
40468.2,4.7958484618266
40468.21,4.82716065433949
40468.22,4.57414582539385
40468.23,4.67345300437006
40468.24,4.36792997624968
40468.25,4.19882925200349
40468.26,4.27502683562881
40468.27,4.38154086436291
40468.28,4.1692480459906
40468.29,4.02653934626621
40468.3,4.02742579892859
40468.31,4.25799754326529
40468.32,4.09693152524195
40468.33,3.93310915531509
40468.34,3.99138725049902
40468.35,3.91457981531357
40468.36,3.77334488936397
40468.37,3.77718003793375
40468.38,3.78258064796874
40468.39,3.84015331917735
40468.4,3.6163816008311
40468.41,3.50238008036752
40468.42,3.28247605065628
40468.43,3.21870818491976
40468.44,3.16006739315594
40468.45,3.0787009285526
40468.46,3.11013214672376
40468.47,3.00575453762563
40468.48,3.04548093276072
40468.49,2.89123378480933
40468.5,2.75970686602093
40468.51,2.65046318647422
40468.52,2.70863682995124
40468.53,2.69185480586086
40468.54,2.61467135847335
40468.55,2.56284047963837
40468.56,2.42113539085679
40468.57,2.29372635880734
40468.58,2.24922083328155
40468.59,2.20730108924713
40468.6,2.09755803946656
40468.61,2.09445927755025
40468.62,1.98352176566752
40468.63,1.817298243251
40468.64,1.72935199082484
40468.65,1.64197693422571
40468.66,1.62359920710693
40468.67,1.50215759105298
40468.68,1.46990443952592
40468.69,1.42741966803541
40468.7,1.4227415266096
40468.71,1.38643776869267
40468.72,1.36646557496167
40468.73,1.28589862166853
40468.74,1.2798017403122
40468.75,1.24684057410082
40468.76,1.23559445880289
40468.77,1.19148353087745
40468.78,1.16827448881449
40468.79,1.08249944445128
40468.8,1.06989302770895
40468.81,1.05324023824782
40468.82,1.03422108352075
40468.83,1.00351425037013
40468.84,0.936604548753633
40468.85,0.974938288376815
40468.86,0.953342895677916
40468.87,0.974408711418885
40468.88,0.950656181947963
40468.89,0.901490006393923
40468.9,0.87328055210792
40468.91,0.850515717263103
40468.92,0.827941056179884
40468.93,0.792576738856926
40468.94,0.774778331892859
40468.95,0.768671909921557
40468.96,0.744997472643746
40468.97,0.725255677079588
40468.98,0.720062710123356
40468.99,0.709059892758261
40469,0.670579145406002
40469.01,0.678340789989849
40469.02,0.658480439034383
40469.03,0.649396925865905
40469.04,0.613351370833168
40469.05,0.583686001832542
40469.06,0.561424458125151
40469.07,0.552975094879948
40469.08,0.542696067691254
40469.09,0.546331493886707
40469.1,0.521463499930917
40469.11,0.503282832345733
40469.12,0.483525084004729
40469.13,0.474668422680816
40469.14,0.452058991406541
40469.15,0.451376040706903
40469.16,0.452527562510285
40469.17,0.423278841782986
40469.18,0.411238562931762
40469.19,0.415926645310837
40469.2,0.392725761751038
40469.21,0.368839953417608
40469.22,0.365037039998325
40469.23,0.341985240331117
40469.24,0.323778095756088
40469.25,0.325018302590832
40469.26,0.314483520910952
40469.27,0.294357918735394
40469.28,0.283214072279971
40469.29,0.269129113231352
40469.3,0.262331658243255
40469.31,0.239492863667009
40469.32,0.225656188047745
40469.33,0.215257261885907
40469.34,0.19920518272833
40469.35,0.183145866840952
40469.36,0.172068013691911
40469.37,0.162312020535676
40469.38,0.152956645743629
40469.39,0.144693412471744
40469.4,0.138825792498925
40469.41,0.135859316965168
40469.42,0.121296093208159
40469.43,0.110965970430067
40469.44,0.0972612475106466
40469.45,0.0852173011322637
40469.46,0.0753996494709206
40469.47,0.067434183645834
40469.48,0.0532015100182188
40469.49,0.0423979304682921
40469.5,0.0291493381437686
40469.51,0.0180727739793153
40469.52,0.00521777617963523
40469.53,0
40469.54,0
40469.55,0
40469.56,0
40469.57,0
40469.58,0
40469.59,0
40469.6,0
40469.61,0
40469.62,0
40469.63,0
40469.64,0
40469.65,0
40469.66,0
40469.67,0
40469.68,0
40469.69,0
40469.7,0
40469.71,0
40469.72,0
40469.73,0
40469.74,0
40469.75,0
40469.76,0
40469.77,0
40469.78,0
40469.79,0
40469.8,0
40469.81,0
40469.82,0
40469.83,0
40469.84,0
40469.85,0
40469.86,0
40469.87,0
40469.88,0
40469.89,0
40469.9,0
40469.91,0
40469.92,0
40469.93,0
40469.94,0
40469.95,0
40469.96,0
40469.97,0
40469.98,0
40469.99,0
40470,0
40470.01,0
40470.02,0
40470.03,0
40470.04,0
40470.05,0
40470.06,0
40470.07,0
40470.08,0
40470.09,0
40470.1,0
40470.11,0
40470.12,0
40470.13,0
40470.14,0
40470.15,0
40470.16,0
40470.17,0
40470.18,0
40470.19,0
40470.2,0
40470.21,0
40470.22,0
40470.23,0
40470.24,0
40470.25,0
40470.26,0
40470.27,0
40470.28,0
40470.29,0
40470.3,0
40470.31,0
40470.32,0
40470.33,0
40470.34,0
40470.35,0
40470.36,0
40470.37,0
40470.38,0
40470.39,0
40470.4,0
40470.41,0
40470.42,0
40470.43,0
40470.44,0
40470.45,0
40470.46,0
40470.47,0
40470.48,0
40470.49,0
40470.5,0
40470.51,0
40470.52,0
40470.53,0
40470.54,0
40470.55,0
40470.56,0
40470.57,0
40470.58,0
40470.59,0
40470.6,0
40470.61,0
40470.62,0
40470.63,0
40470.64,0
40470.65,0
40470.66,0
40470.67,0
40470.68,0
40470.69,0
40470.7,0
40470.71,0
40470.72,0
40470.73,0
40470.74,0
40470.75,0
40470.76,0
40470.77,0
40470.78,0
40470.79,0
40470.8,0
40470.81,0
40470.82,0
40470.83,0
40470.84,0
40470.85,0
40470.86,0
40470.87,0
40470.88,0
40470.89,0
40470.9,0
40470.91,0
40470.92,0
40470.93,0
40470.94,0
40470.95,0
40470.96,0
40470.97,0
40470.98,0
40470.99,0
40471,0
40471.01,0
40471.02,0
40471.03,0
40471.04,0
40471.05,0
40471.06,0
40471.07,0
40471.08,0
40471.09,0
40471.1,0
40471.11,0
40471.12,0
40471.13,0
40471.14,0
40471.15,0
40471.16,0
40471.17,0
40471.18,0
40471.19,0
40471.2,0
40471.21,0
40471.22,0
40471.23,0
40471.24,0
40471.25,0
40471.26,0
40471.27,0
40471.28,0
40471.29,0
40471.3,0
40471.31,0
40471.32,0
40471.33,0
40471.34,0
40471.35,0
40471.36,0
40471.37,0
40471.38,0
40471.39,0
40471.4,0
40471.41,0
40471.42,0
40471.43,0
40471.44,0
40471.45,0
40471.46,0
40471.47,0
40471.48,0
40471.49,0
40471.5,0
40471.51,0
40471.52,0
40471.53,0
40471.54,0
40471.55,0
40471.56,0
40471.57,0
40471.58,0
40471.59,0
40471.6,0
40471.61,0
40471.62,0
40471.63,0
40471.64,0
40471.65,0
40471.66,0
40471.67,0
40471.68,0
40471.69,0
40471.7,0
40471.71,0
40471.72,0
40471.73,0
40471.74,0
40471.75,0
40471.76,0
40471.77,0
40471.78,0
40471.79,0
40471.8,0
40471.81,0
40471.82,0
40471.83,0
40471.84,0
40471.85,0
40471.86,0
40471.87,0
40471.88,0
40471.89,0
40471.9,0
40471.91,0
40471.92,0
40471.93,0
40471.94,0
40471.95,0
40471.96,0
40471.97,0
40471.98,0
40471.99,0
40472,0
40472.01,0
40472.02,0
40472.03,0
40472.04,0
40472.05,0
40472.06,0
40472.07,0
40472.08,0
40472.09,0
40472.1,0
40472.11,0
40472.12,0
40472.13,0
40472.14,0
40472.15,0
40472.16,0
40472.17,0
40472.18,0
40472.19,0
40472.2,0
40472.21,0
40472.22,0
40472.23,0
40472.24,0
40472.25,0
40472.26,0
40472.27,0
40472.28,0
40472.29,0
40472.3,0
40472.31,0
40472.32,0
40472.33,0
40472.34,0
40472.35,0
40472.36,0
40472.37,0
40472.38,0
40472.39,0
40472.4,0
40472.41,0
40472.42,0
40472.43,0
40472.44,0
40472.45,0
40472.46,0
40472.47,0
40472.48,0
40472.49,0
40472.5,0
40472.51,0
40472.52,0
40472.53,0
40472.54,0
40472.55,0
40472.56,0
40472.57,0
40472.58,0
40472.59,0
40472.6,0
40472.61,0
40472.62,0
40472.63,0
40472.64,0
40472.65,0
40472.66,0
40472.67,0
40472.68,0
40472.69,0
40472.7,0
40472.71,0
40472.72,0
40472.73,0
40472.74,0
40472.75,0
40472.76,0
40472.77,0
40472.78,0
40472.79,0
40472.8,0
40472.81,0
40472.82,0
40472.83,0
40472.84,0
40472.85,0
40472.86,0
40472.87,0
40472.88,0
40472.89,0
40472.9,0
40472.91,0
40472.92,0
40472.93,0
40472.94,0
40472.95,0
40472.96,0
40472.97,0
40472.98,0
40472.99,0
40473,0
40473.01,0
40473.02,0
40473.03,0
40473.04,0
40473.05,0
40473.06,0
40473.07,0
40473.08,0
40473.09,0
40473.1,0
40473.11,0
40473.12,0
40473.13,0
40473.14,0
40473.15,0
40473.16,0
40473.17,0
40473.18,0
40473.19,0
40473.2,0
40473.21,0
40473.22,0
40473.23,0
40473.24,0
40473.25,0
40473.26,0
40473.27,0
40473.28,0
40473.29,0
40473.3,0
40473.31,0
40473.32,0
40473.33,0
40473.34,0
40473.35,0
40473.36,0
40473.37,0
40473.38,0
40473.39,0
40473.4,0
40473.41,0
40473.42,0
40473.43,0
40473.44,0
40473.45,0
40473.46,0
40473.47,0
40473.48,0
40473.49,0
40473.5,0
40473.51,0
40473.52,0
40473.53,0
40473.54,0
40473.55,0
40473.56,0
40473.57,0
40473.58,0
40473.59,0
40473.6,0
40473.61,0
40473.62,0
40473.63,0
40473.64,0
40473.65,0
40473.66,0
40473.67,0
40473.68,0
40473.69,0
40473.7,0
40473.71,0
40473.72,0
40473.73,0
40473.74,0
40473.75,0
40473.76,0
40473.77,0
40473.78,0
40473.79,0
40473.8,0
40473.81,0
40473.82,0
40473.83,0
40473.84,0
40473.85,0
40473.86,0
40473.87,0
40473.88,0
40473.89,0
40473.9,0
40473.91,0
40473.92,0
40473.93,0
40473.94,0
40473.95,0
40473.96,0
40473.97,0
40473.98,0
40473.99,0
40474,0
40474.01,0
40474.02,0
40474.03,0
40474.04,0
40474.05,0
40474.06,0
40474.07,0
40474.08,0
40474.09,0
40474.1,0
40474.11,0
40474.12,0
40474.13,0
40474.14,0
40474.15,0
40474.16,0
40474.17,0
40474.18,0
40474.19,0
40474.2,0
40474.21,0
40474.22,0
40474.23,0
40474.24,0
40474.25,0
40474.26,0
40474.27,0
40474.28,0
40474.29,0
40474.3,0
40474.31,0
40474.32,0
40474.33,0
40474.34,0
40474.35,0
40474.36,0
40474.37,0
40474.38,0
40474.39,0
40474.4,0
40474.41,0
40474.42,0
40474.43,0
40474.44,0
40474.45,0
40474.46,0
40474.47,0
40474.48,0
40474.49,0
40474.5,0
40474.51,0
40474.52,0
40474.53,0
40474.54,0
40474.55,0
40474.56,0
40474.57,0
40474.58,0
40474.59,0
40474.6,0
40474.61,0
40474.62,0
40474.63,0
40474.64,0
40474.65,0
40474.66,0
40474.67,0
40474.68,0
40474.69,0
40474.7,0
40474.71,0
40474.72,0
40474.73,0
40474.74,0
40474.75,0
40474.76,0
40474.77,0
40474.78,0
40474.79,0
40474.8,0
40474.81,0
40474.82,0
40474.83,0
40474.84,0
40474.85,0
40474.86,0
40474.87,0
40474.88,0
40474.89,0
40474.9,0
40474.91,0
40474.92,0
40474.93,0
40474.94,0
40474.95,0
40474.96,0
40474.97,0
40474.98,0
40474.99,0
40475,0
40475.01,0
40475.02,0
40475.03,0
40475.04,0
40475.05,0
40475.06,0
40475.07,0
40475.08,0
40475.09,0
40475.1,0
40475.11,0
40475.12,0
40475.13,0
40475.14,0
40475.15,0
40475.16,0
40475.17,0
40475.18,0
40475.19,0
40475.2,0
40475.21,0
40475.22,0
40475.23,0
40475.24,0
40475.25,0
40475.26,0
40475.27,0
40475.28,0
40475.29,0
40475.3,0
40475.31,0
40475.32,0
40475.33,0
40475.34,0
40475.35,0
40475.36,0
40475.37,0
40475.38,0
40475.39,0
40475.4,0
40475.41,0
40475.42,0
40475.43,0
40475.44,0
40475.45,0
40475.46,0
40475.47,0
40475.48,0
40475.49,0
40475.5,0
40475.51,0
40475.52,0
40475.53,0
40475.54,0
40475.55,0
40475.56,0
40475.57,0
40475.58,0
40475.59,0
40475.6,0
40475.61,0
40475.62,0
40475.63,0
40475.64,0
40475.65,0
40475.66,0
40475.67,0
40475.68,0
40475.69,0
40475.7,0
40475.71,0
40475.72,0
40475.73,0
40475.74,0
40475.75,0
40475.76,0
40475.77,0
40475.78,0
40475.79,0
40475.8,0
40475.81,0
40475.82,0
40475.83,0
40475.84,0
40475.85,0
40475.86,0
40475.87,0
40475.88,0
40475.89,0
40475.9,0
40475.91,0
40475.92,0
40475.93,0
40475.94,0
40475.95,0
40475.96,0
40475.97,0
40475.98,0
40475.99,0
40476,0
40476.01,0
40476.02,0
40476.03,0
40476.04,0
40476.05,0
40476.06,0
40476.07,0
40476.08,0
40476.09,0
40476.1,0
40476.11,0
40476.12,0
40476.13,0
40476.14,0
40476.15,0
40476.16,0
40476.17,0
40476.18,0
40476.19,0
40476.2,0
40476.21,0
40476.22,0
40476.23,0
40476.24,0
40476.25,0
40476.26,0
40476.27,0
40476.28,0
40476.29,0
40476.3,0
40476.31,0
40476.32,0
40476.33,0
40476.34,0
40476.35,0
40476.36,0
40476.37,0
40476.38,0
40476.39,0
40476.4,0
40476.41,0
40476.42,0
40476.43,0
40476.44,0
40476.45,0
40476.46,0
40476.47,0
40476.48,0
40476.49,0
40476.5,0
40476.51,0
40476.52,0
40476.53,0
40476.54,0
40476.55,0
40476.56,0
40476.57,0
40476.58,0
40476.59,0
40476.6,0
40476.61,0
40476.62,0
40476.63,0
40476.64,0
40476.65,0
40476.66,0
40476.67,0
40476.68,0
40476.69,0
40476.7,0
40476.71,0
40476.72,0
40476.73,0
40476.74,0
40476.75,0
40476.76,0
40476.77,0
40476.78,0
40476.79,0
40476.8,0
40476.81,0
40476.82,0
40476.83,0
40476.84,0
40476.85,0
40476.86,0
40476.87,0
40476.88,0
40476.89,0
40476.9,0
40476.91,0
40476.92,0
40476.93,0
40476.94,0
40476.95,0
40476.96,0
40476.97,0
40476.98,0
40476.99,0
40477,0
40477.01,0
40477.02,0
40477.03,0
40477.04,0
40477.05,0
40477.06,0
40477.07,0
40477.08,0
40477.09,0
40477.1,0
40477.11,0
40477.12,0
40477.13,0
40477.14,0
40477.15,0
40477.16,0
40477.17,0
40477.18,0
40477.19,0
40477.2,0
40477.21,0
40477.22,0
40477.23,0
40477.24,0
40477.25,0
40477.26,0
40477.27,0
40477.28,0
40477.29,0
40477.3,0
40477.31,0
40477.32,0
40477.33,0
40477.34,0
40477.35,0
40477.36,0
40477.37,0
40477.38,0
40477.39,0
40477.4,0
40477.41,0
40477.42,0
40477.43,0
40477.44,0
40477.45,0
40477.46,0
40477.47,0
40477.48,0
40477.49,0
40477.5,0
40477.51,0
40477.52,0
40477.53,0
40477.54,0
40477.55,0
40477.56,0
40477.57,0
40477.58,0
40477.59,0
40477.6,0
40477.61,0
40477.62,0
40477.63,0
40477.64,0
40477.65,0
40477.66,0
40477.67,0
40477.68,0
40477.69,0
40477.7,0
40477.71,0
40477.72,0
40477.73,0
40477.74,0
40477.75,0
40477.76,0
40477.77,0
40477.78,0
40477.79,0
40477.8,0
40477.81,0
40477.82,0
40477.83,0
40477.84,0
40477.85,0
40477.86,0
40477.87,0
40477.88,0
40477.89,0
40477.9,0
40477.91,0
40477.92,0
40477.93,0
40477.94,0
40477.95,0
40477.96,0
40477.97,0
40477.98,0
40477.99,0
40478,0
40478.01,0
40478.02,0
40478.03,0
40478.04,0
40478.05,0
40478.06,0
40478.07,0
40478.08,0
40478.09,0
40478.1,0
40478.11,0
40478.12,0
40478.13,0
40478.14,0
40478.15,0
40478.16,0
40478.17,0
40478.18,0
40478.19,0
40478.2,0
40478.21,0
40478.22,2.6256765864214E-09
40478.23,0.517624926307793
40478.24,3.72302188935515
40478.25,10.2895990150233
40478.26,20.7623291705216
40478.27,33.1331420891037
40478.28,47.9242937605608
40478.29,61.4251778529792
40478.3,81.7875968810431
40478.31,103.45035756489
40478.32,120.662372082243
40478.33,138.231824805581
40478.34,154.055354859357
40478.35,165.050100491613
40478.36,159.181470579583
40478.37,159.913376121277
40478.38,157.294356099396
40478.39,165.399424244646
40478.4,173.366889478929
40478.41,165.902615521498
40478.42,167.814405016785
40478.43,167.515351012178
40478.44,162.656715851431
40478.45,174.518533783052
40478.46,227.063830470761
40478.47,337.523105084665
40478.48,530.496151349578
40478.49,840.325717349446
40478.5,1281.83469359994
40478.51,1875.36757004472
40478.52,2491.84176681711
40478.53,3214.59808693392
40478.54,3555.5142989165
40478.55,3976.37322330322
40478.56,3750.22088649272
40478.57,2049.34367631066
40478.58,1975.42476644544
40478.59,1931.15092507295
40478.6,1787.43919849897
40478.61,1710.50206280799
40478.62,1606.22424774707
40478.63,1593.16080837328
40478.64,1510.63051594945
40478.65,1415.93412121165
40478.66,1318.5479832776
40478.67,1240.62904973319
40478.68,1183.97700060347
40478.69,1189.38144956677
40478.7,1144.47403973315
40478.71,1048.07274698038
40478.72,979.85175222554
40478.73,960.319873894125
40478.74,886.273644655323
40478.75,835.722795091139
40478.76,846.472571300046
40478.77,794.735414471807
40478.78,797.486280852991
40478.79,764.892116477994
40478.8,729.964774756589
40478.81,705.184941056872
40478.82,672.630744992394
40478.83,639.086603639516
40478.84,627.505444250366
40478.85,593.567837280467
40478.86,581.102754319538
40478.87,565.047977288255
40478.88,578.617552051518
40478.89,565.902737324443
40478.9,545.471144596605
40478.91,544.829665979538
40478.92,535.159020350901
40478.93,512.598510234436
40478.94,497.365238502991
40478.95,500.030303502825
40478.96,480.29006936075
40478.97,462.841100813348
40478.98,425.172475994802
40478.99,433.342609700265
40479,433.582638637718
40479.01,408.394257504368
40479.02,408.169005585055
40479.03,390.829894045669
40479.04,372.164097083903
40479.05,356.731059015255
40479.06,337.065390407087
40479.07,318.575056029246
40479.08,303.862077481352
40479.09,302.553781272992
40479.1,290.477622965195
40479.11,285.81400712414
40479.12,280.042520711812
40479.13,271.53730207383
40479.14,267.933334276059
40479.15,256.054429862636
40479.16,250.026170932897
40479.17,241.532442950524
40479.18,222.783413537198
40479.19,218.305180360359
40479.2,204.658558549326
40479.21,196.869674969655
40479.22,191.609588756568
40479.23,180.953675784659
40479.24,177.293440205149
40479.25,181.458511991955
40479.26,176.493307489047
40479.27,171.155335740155
40479.28,173.947215461993
40479.29,170.033406819697
40479.3,166.966420427047
40479.31,163.642292299139
40479.32,157.542515832446
40479.33,153.521470847184
40479.34,153.75237099299
40479.35,144.593126404372
40479.36,148.87215987408
40479.37,145.324980744515
40479.38,140.029775124557
40479.39,139.406380971376
40479.4,131.628051851993
40479.41,127.620117923567
40479.42,124.675744190676
40479.43,121.084392763536
40479.44,120.428919394567
40479.45,112.175417195569
40479.46,107.786308006346
40479.47,106.488675709024
40479.48,100.269336333869
40479.49,95.8196600963052
40479.5,90.9401845498454
40479.51,87.352436210869
40479.52,82.619182991682
40479.53,77.1494709349544
40479.54,75.4407272391613
40479.55,74.967205626344
40479.56,73.4285235596819
40479.57,71.7928745460302
40479.58,70.5508706902654
40479.59,71.7554636507654
40479.6,70.0287204674282
40479.61,70.681204474828
40479.62,71.1761187552049
40479.63,72.4697145079761
40479.64,72.1625972916882
40479.65,71.6780626713208
40479.66,71.6894269418579
40479.67,72.7739693851149
40479.68,70.441491044856
40479.69,69.3223186088955
40479.7,65.8946576119803
40479.71,65.4699923708636
40479.72,64.1864659486622
40479.73,64.9240848425765
40479.74,62.6194836677458
40479.75,65.1526067424529
40479.76,67.8164447374932
40479.77,63.766812161545
40479.78,64.127014344497
40479.79,61.7643137705814
40479.8,61.6844088517607
40479.81,58.1029823953889
40479.82,56.8056229418131
40479.83,57.5120203357226
40479.84,57.8520947845113
40479.85,56.2314817712587
40479.86,55.4705009534845
40479.87,56.0250314904098
40479.88,58.0481767923049
40479.89,58.9410003077301
40479.9,56.6327677778652
40479.91,54.7043975843701
40479.92,53.4891345854603
40479.93,52.8168938501132
40479.94,49.3994472010842
40479.95,47.5049876876026
40479.96,46.5094575049405
40479.97,44.9485800535355
40479.98,41.8958434001765
40479.99,40.6882399731643
40480,41.1754494277255
40480.01,41.9888521316412
40480.02,40.0423698128073
40480.03,39.8560083132039
40480.04,39.0629958799264
40480.05,38.7293176859828
40480.06,39.8253746558337
40480.07,39.081085711613
40480.08,37.7531351594742
40480.09,36.8397692585442
40480.1,35.7063950136199
40480.11,33.5306149895026
40480.12,33.5274812476922
40480.13,32.242867765186
40480.14,32.6011228789042
40480.15,33.0741134068283
40480.16,32.2421027424138
40480.17,31.3966637340083
40480.18,30.5760310647531
40480.19,29.7740380878662
40480.2,28.4418327049405
40480.21,27.3588133186119
40480.22,25.1613951324245
40480.23,25.0919239203189
40480.24,25.3968908279991
40480.25,24.587395083196
40480.26,24.0182716885165
40480.27,23.7177838072725
40480.28,23.0762444721181
40480.29,22.6771156750273
40480.3,21.4531277797914
40480.31,21.1815119124613
40480.32,20.7217206060667
40480.33,20.3653982200682
40480.34,19.2163828794636
40480.35,18.3189728611301
40480.36,18.3394885912687
40480.37,17.4380238089684
40480.38,16.7196033269439
40480.39,16.9566797868654
40480.4,16.954513944332
40480.41,16.515951805957
40480.42,16.5795090447424
40480.43,16.6727747056447
40480.44,17.3570493562788
40480.45,17.7564301430567
40480.46,17.3783794672726
40480.47,17.2736479013815
40480.48,16.6397799230401
40480.49,16.4397205746144
40480.5,16.6218513941487
40480.51,16.3142866897784
40480.52,16.1157137122426
40480.53,16.357792249871
40480.54,17.4280778322855
40480.55,17.6660435892289
40480.56,17.9034725968684
40480.57,17.6481300382911
40480.58,17.9020762623901
40480.59,17.2080486238841
40480.6,16.723128423718
40480.61,15.9077334411973
40480.62,16.3046854854901
40480.63,16.1443281145475
40480.64,15.9802981113232
40480.65,15.8311786071584
40480.66,15.621240645445
40480.67,15.318595884419
40480.68,15.164654136382
40480.69,14.4626295870236
40480.7,13.5640873395724
40480.71,13.0426667694227
40480.72,12.7025967232311
40480.73,12.8915821682902
40480.74,13.1507383204753
40480.75,12.9418336875334
40480.76,13.4121636382007
40480.77,13.3495564085475
40480.78,13.0231132307799
40480.79,12.3334951440814
40480.8,12.2597093340369
40480.81,12.36150888241
40480.82,12.1140036310101
40480.83,11.8615178808486
40480.84,11.553966199343
40480.85,11.9910070549277
40480.86,11.8072673717629
40480.87,11.6760762547198
40480.88,11.4915265859654
40480.89,11.2878323589834
40480.9,11.1335863755229
40480.91,11.5461813241247
40480.92,11.7868700781387
40480.93,12.0225489710147
40480.94,11.6279383388198
40480.95,11.5308007129074
40480.96,10.8968457700207
40480.97,10.9583168355723
40480.98,10.9181978899254
40480.99,11.265920210097
40481,11.1821438820087
40481.01,11.4137242292407
40481.02,11.1080910962539
40481.03,10.9028556077189
40481.04,10.2318035952056
40481.05,9.92381986550661
40481.06,9.71758803218103
40481.07,9.28323096389692
40481.08,9.24307675980003
40481.09,9.50268259740641
40481.1,9.20327430729367
40481.11,8.89552352192698
40481.12,9.05567375787081
40481.13,9.04654854652124
40481.14,8.75393701422793
40481.15,8.71817237903844
40481.16,8.40152215614963
40481.17,7.83543565738117
40481.18,7.60173284419536
40481.19,7.62154712214921
40481.2,7.56604842403164
40481.21,7.49221918752991
40481.22,7.19799147689602
40481.23,6.85401166675757
40481.24,6.87177924962215
40481.25,6.78815107499314
40481.26,7.01592148153593
40481.27,6.60085698468378
40481.28,6.66799330521713
40481.29,6.67294382259853
40481.3,6.54516660364046
40481.31,6.055484431508
40481.32,5.57906361239092
40481.33,5.56535279458107
40481.34,5.58259159249617
40481.35,5.55205855810816
40481.36,5.3119010298688
40481.37,5.11936433475929
40481.38,5.00348518955218
40481.39,4.67810691966506
40481.4,4.56221446964766
40481.41,4.46299469871616
40481.42,4.42504310178123
40481.43,4.1633064581939
40481.44,4.16795029618089
40481.45,4.04027377564732
40481.46,3.93034897371415
40481.47,3.70819974397994
40481.48,3.52161699443239
40481.49,3.44894176996733
40481.5,3.26284641899684
40481.51,3.16764673539388
40481.52,3.07747680000302
40481.53,2.94010853271044
40481.54,2.74677995991938
40481.55,2.73444997369927
40481.56,2.75174864912675
40481.57,2.76471159782168
40481.58,2.59527226223419
40481.59,2.45820828739178
40481.6,2.29901401648681
40481.61,2.17507627699617
40481.62,2.05057448643833
40481.63,1.93165089502158
40481.64,1.84098413510342
40481.65,1.79233660522927
40481.66,1.7882960467375
40481.67,1.59334684678543
40481.68,1.60365298066195
40481.69,1.49035380899598
40481.7,1.55774472445536
40481.71,1.46306243605668
40481.72,1.42760123120437
40481.73,1.40321493523955
40481.74,1.4454852450928
40481.75,1.3639705239887
40481.76,1.30838498284764
40481.77,1.30651642009959
40481.78,1.232394401125
40481.79,1.28327029022734
40481.8,1.29271904514932
40481.81,1.20913137232191
40481.82,1.20778173923444
40481.83,1.19003112501386
40481.84,1.13123434605199
40481.85,1.13516790715926
40481.86,1.09928891842657
40481.87,1.10180924484583
40481.88,1.07467624724155
40481.89,1.09902448184288
40481.9,1.09844984347486
40481.91,1.07485768775695
40481.92,1.03567818914935
40481.93,0.981710381873282
40481.94,0.961024476821641
40481.95,0.954361194675289
40481.96,0.938339684232779
40481.97,0.898640144750745
40481.98,0.864362885477432
40481.99,0.851862818372923
40482,0.835901081821259
40482.01,0.855655968487835
40482.02,0.786184267044785
40482.03,0.74876782805005
40482.04,0.707890121650765
40482.05,0.689912284390604
40482.06,0.692853898314513
40482.07,0.64719132283226
40482.08,0.626474494155112
40482.09,0.62718793674325
40482.1,0.603714719545468
40482.11,0.600272979672212
40482.12,0.564414785442273
40482.13,0.575138516804906
40482.14,0.571549852126054
40482.15,0.545865460349547
40482.16,0.557908122097333
40482.17,0.573590563989381
40482.18,0.560484157834409
40482.19,0.546270630445024
40482.2,0.52426363133406
40482.21,0.490656421581319
40482.22,0.485546272346186
40482.23,0.464302727946082
40482.24,0.450489563393447
40482.25,0.426470356064484
40482.26,0.40598367448038
40482.27,0.391539410997966
40482.28,0.381658436184338
40482.29,0.366890133663065
40482.3,0.343067401721926
40482.31,0.336838791007035
40482.32,0.321119812947854
40482.33,0.306285466149105
40482.34,0.292414207074925
40482.35,0.276396862676155
40482.36,0.249679421875273
40482.37,0.227139214548027
40482.38,0.199873609995453
40482.39,0.185269057795758
40482.4,0.158587198880351
40482.41,0.140418776859437
40482.42,0.120076485661516
40482.43,0.10040044472903
40482.44,0.0807011425394023
40482.45,0.0637249614122688
40482.46,0.0450484380727701
40482.47,0.0259559449580219
40482.48,0.00734939307035149
40482.49,0
40482.5,0
40482.51,0
40482.52,0
40482.53,0
40482.54,0
40482.55,0
40482.56,0
40482.57,0
40482.58,0
40482.59,0
40482.6,0
40482.61,0
40482.62,0
40482.63,0
40482.64,0
40482.65,0
40482.66,0
40482.67,0
40482.68,0
40482.69,0
40482.7,0
40482.71,0
40482.72,0
40482.73,0
40482.74,0
40482.75,0
40482.76,0
40482.77,0
40482.78,0
40482.79,0
40482.8,0
40482.81,0
40482.82,0
40482.83,0
40482.84,0
40482.85,0
40482.86,0
40482.87,0
40482.88,0
40482.89,0
40482.9,0
40482.91,0
40482.92,0
40482.93,0
40482.94,0
40482.95,0
40482.96,0
40482.97,0
40482.98,0
40482.99,0
40483,0
40483.01,0
40483.02,0
40483.03,0
40483.04,0
40483.05,0
40483.06,0
40483.07,0
40483.08,0
40483.09,0
40483.1,0
40483.11,0
40483.12,0
40483.13,0
40483.14,0
40483.15,0
40483.16,0
40483.17,0
40483.18,0
40483.19,0
40483.2,0
40483.21,0
40483.22,0
40483.23,0
40483.24,0
40483.25,0
40483.26,0
40483.27,0
40483.28,0
40483.29,0
40483.3,0
40483.31,0
40483.32,0
40483.33,0
40483.34,0
40483.35,0
40483.36,0
40483.37,0
40483.38,0
40483.39,0
40483.4,0
40483.41,0
40483.42,0
40483.43,0
40483.44,0
40483.45,0
40483.46,0
40483.47,0
40483.48,0
40483.49,0
40483.5,0
40483.51,0
40483.52,0
40483.53,0
40483.54,0
40483.55,0
40483.56,0
40483.57,0
40483.58,0
40483.59,0
40483.6,0
40483.61,0
40483.62,0
40483.63,0
40483.64,0
40483.65,0
40483.66,0
40483.67,0
40483.68,0
40483.69,0
40483.7,0
40483.71,0
40483.72,0
40483.73,0
40483.74,0
40483.75,0
40483.76,0
40483.77,0
40483.78,0
40483.79,0
40483.8,0
40483.81,0
40483.82,0
40483.83,0
40483.84,0
40483.85,0
40483.86,0
40483.87,0
40483.88,0
40483.89,0
40483.9,0
40483.91,0
40483.92,0
40483.93,0
40483.94,0
40483.95,0
40483.96,0
40483.97,0
40483.98,0
40483.99,0
40484,0
40484.01,0
40484.02,0
40484.03,0
40484.04,0
40484.05,0
40484.06,0
40484.07,0
40484.08,0
40484.09,0
40484.1,0
40484.11,0
40484.12,0
40484.13,0
40484.14,0
40484.15,0
40484.16,0
40484.17,0
40484.18,0
40484.19,0
40484.2,0
40484.21,0
40484.22,0
40484.23,0
40484.24,0
40484.25,0
40484.26,0
40484.27,0
40484.28,0
40484.29,0
40484.3,0
40484.31,0
40484.32,0
40484.33,0
40484.34,0
40484.35,0
40484.36,0
40484.37,0
40484.38,0
40484.39,0
40484.4,0
40484.41,0
40484.42,0
40484.43,0
40484.44,0
40484.45,0
40484.46,0
40484.47,0
40484.48,0
40484.49,0
40484.5,0
40484.51,0
40484.52,0
40484.53,0
40484.54,0
40484.55,0
40484.56,0
40484.57,0
40484.58,0
40484.59,0
40484.6,0
40484.61,0
40484.62,0
40484.63,0
40484.64,0
40484.65,0
40484.66,0
40484.67,0
40484.68,0
40484.69,0
40484.7,0
40484.71,0
40484.72,0
40484.73,0
40484.74,0
40484.75,0
40484.76,0
40484.77,0
40484.78,0
40484.79,0
40484.8,0
40484.81,0
40484.82,0
40484.83,0
40484.84,0
40484.85,0
40484.86,0
40484.87,0
40484.88,0
40484.89,0
40484.9,0
40484.91,0
40484.92,0
40484.93,0
40484.94,0
40484.95,0
40484.96,0
40484.97,0
40484.98,0
40484.99,0
40485,0
40485.01,0
40485.02,0
40485.03,0
40485.04,0
40485.05,0
40485.06,0
40485.07,0
40485.08,0
40485.09,0
40485.1,0
40485.11,0
40485.12,0
40485.13,0
40485.14,0
40485.15,0
40485.16,0
40485.17,0
40485.18,0
40485.19,0
40485.2,0
40485.21,0
40485.22,0
40485.23,0
40485.24,0
40485.25,0
40485.26,0
40485.27,0
40485.28,0
40485.29,0
40485.3,0
40485.31,0
40485.32,0
40485.33,0
40485.34,0
40485.35,0
40485.36,0
40485.37,0
40485.38,0
40485.39,0
40485.4,0
40485.41,0
40485.42,0
40485.43,0
40485.44,0
40485.45,0
40485.46,0
40485.47,0
40485.48,0
40485.49,0
40485.5,0
40485.51,0
40485.52,0
40485.53,0
40485.54,0
40485.55,0
40485.56,0
40485.57,0
40485.58,0
40485.59,0
40485.6,0
40485.61,0
40485.62,0
40485.63,0
40485.64,0
40485.65,0
40485.66,0
40485.67,0
40485.68,0
40485.69,0
40485.7,0
40485.71,0
40485.72,0
40485.73,0
40485.74,0
40485.75,0
40485.76,0
40485.77,0
40485.78,0
40485.79,0
40485.8,0
40485.81,0
40485.82,0
40485.83,0
40485.84,0
40485.85,0
40485.86,0
40485.87,0
40485.88,0
40485.89,0
40485.9,0
40485.91,0
40485.92,0
40485.93,0
40485.94,0
40485.95,0
40485.96,0
40485.97,0
40485.98,0.00646934188558361
40485.99,0.0194730018773264
40486,0.033447460297497
40486.01,0.0814207951851675
40486.02,0.191677959607031
40486.03,0.296320239477351
40486.04,0.842252940767832
40486.05,1.71230206969697
40486.06,2.99223829030854
40486.07,4.78831306889589
40486.08,7.35094581642978
40486.09,10.2863077181987
40486.1,15.3993022161415
40486.11,22.6869978075492
40486.12,34.9921226684721
40486.13,56.0853834819003
40486.14,93.7979164352294
40486.15,154.519350737628
40486.16,238.553675452985
40486.17,336.502859058001
40486.18,466.491659534059
40486.19,556.058007267603
40486.2,673.23890581584
40486.21,803.889688900801
40486.22,928.611988576616
40486.23,1334.84714208086
40486.24,1312.04696002548
40486.25,1307.08052111004
40486.26,1339.02215212761
40486.27,1329.66453031443
40486.28,1371.18841222193
40486.29,1392.032512609
40486.3,1425.40534518516
40486.31,1392.51957079007
40486.32,1392.20907601182
40486.33,1444.58003152099
40486.34,1473.693104798
40486.35,1478.30707504142
40486.36,1633.05697412273
40486.37,1678.27114480896
40486.38,1781.36893377036
40486.39,1949.31490633604
40486.4,1996.15362600761
40486.41,2085.41429015969
40486.42,2169.32924125865
40486.43,2304.62323872654
40486.44,2406.14287241982
40486.45,2411.54903437893
40486.46,2353.4990367933
40486.47,2257.94375906173
40486.48,2011.50419002618
40486.49,2061.78480945172
40486.5,2044.77907576
40486.51,2020.84244699113
40486.52,2067.07269837751
40486.53,2006.11443464767
40486.54,1932.97981143108
40486.55,2019.7369705031
40486.56,2037.93786186409
40486.57,2027.67522571438
40486.58,1894.81924212252
40486.59,1919.33875146952
40486.6,1871.92890856105
40486.61,1902.20085074758
40486.62,1905.22397770381
40486.63,1850.23993161047
40486.64,1809.7268894952
40486.65,1186.17591383757
40486.66,1194.29835549879
40486.67,1154.91776381197
40486.68,1134.08366977639
40486.69,1090.88572299136
40486.7,1057.0289183866
40486.71,993.057425533751
40486.72,998.279277323538
40486.73,966.20821353702
40486.74,948.867114115193
40486.75,889.700583955045
40486.76,835.474807194225
40486.77,810.041541856296
40486.78,814.86317582659
40486.79,823.569899590859
40486.8,858.800766774513
40486.81,859.208901549379
40486.82,852.705306750488
40486.83,840.656022361773
40486.84,812.61857870036
40486.85,796.236458718951
40486.86,798.695468855495
40486.87,735.105718095154
40486.88,730.54078887806
40486.89,663.034882545364
40486.9,478.854216045837
40486.91,457.511791794989
40486.92,444.169964129612
40486.93,449.446270330848
40486.94,431.696316123397
40486.95,417.324432730498
40486.96,407.43558713392
40486.97,381.106983550586
40486.98,351.27187226919
40486.99,342.404562153682
40487,333.035792606441
40487.01,327.868842442162
40487.02,318.652368707045
40487.03,302.42938717851
40487.04,302.098868887492
40487.05,289.336371420289
40487.06,291.865316921078
40487.07,277.745186841199
40487.08,267.663716737313
40487.09,256.681396030254
40487.1,261.697304873479
40487.11,253.252677563614
40487.12,253.470852505317
40487.13,241.57487439003
40487.14,248.529370160596
40487.15,246.262247337978
40487.16,248.199701950944
40487.17,246.548435997961
40487.18,234.540408361978
40487.19,238.086574414021
40487.2,235.133539798798
40487.21,241.578429483074
40487.22,224.790416227575
40487.23,212.440875960128
40487.24,212.10895839334
40487.25,209.74581742294
40487.26,191.493947711185
40487.27,182.608700910968
40487.28,173.156688807585
40487.29,169.646811119645
40487.3,169.159675835115
40487.31,167.070642880007
40487.32,161.84036090972
40487.33,158.429692076612
40487.34,154.819438056984
40487.35,146.468139626195
40487.36,145.627751830298
40487.37,142.152934573269
40487.38,129.775548496628
40487.39,126.741015036471
40487.4,126.00429138139
40487.41,128.413679743848
40487.42,125.533593725867
40487.43,124.348595561
40487.44,119.958400806625
40487.45,118.017696868621
40487.46,116.084007656775
40487.47,113.013882533396
40487.48,107.980485890377
40487.49,103.123057355945
40487.5,105.151361720006
40487.51,104.659391631499
40487.52,104.650590444435
40487.53,101.144855932079
40487.54,98.5372585591189
40487.55,89.8265003013134
40487.56,87.5272595960881
40487.57,87.4240596696066
40487.58,85.0380590537664
40487.59,84.1488054409963
40487.6,79.4427507904386
40487.61,76.5307075925037
40487.62,77.8405464971789
40487.63,71.6891667893014
40487.64,71.5007403344862
40487.65,71.1122854238559
40487.66,70.9807851000991
40487.67,72.8811601885433
40487.68,74.4592694645223
40487.69,72.8010006903011
40487.7,71.5636103333798
40487.71,69.0266749446201
40487.72,66.1662273606201
40487.73,62.3338892234701
40487.74,59.8916346785178
40487.75,60.9123814580487
40487.76,61.8437587612294
40487.77,61.9438800025858
40487.78,61.2992167354229
40487.79,59.1972092800371
40487.8,57.688714877685
40487.81,54.2326921441118
40487.82,53.6048090640425
40487.83,52.5368903625817
40487.84,51.6034913475081
40487.85,49.5967868860062
40487.86,47.7179788631199
40487.87,46.2218744463764
40487.88,47.1723287572966
40487.89,47.5558895849184
40487.9,46.6801946768869
40487.91,47.5590627542722
40487.92,48.3605805512858
40487.93,49.5945640103063
40487.94,47.5626573136144
40487.95,47.9608609592126
40487.96,47.6911388455659
40487.97,46.7551169062722
40487.98,44.6267804525167
40487.99,43.7178570061163
40488,42.4372089116462
40488.01,43.0392289539378
40488.02,45.1127868966865
40488.03,42.5083884265898
40488.04,41.550434958236
40488.05,41.4403981073236
40488.06,39.2676744537862
40488.07,38.1700107998751
40488.08,38.4661751193128
40488.09,36.1996968601395
40488.1,37.0398327837518
40488.11,37.3235266721487
40488.12,36.5994426195705
40488.13,35.9379954709549
40488.14,35.1050250021379
40488.15,33.7994843118453
40488.16,33.3725700495173
40488.17,33.536619952575
40488.18,33.6743345072702
40488.19,33.4170304950908
40488.2,31.6268741946341
40488.21,30.499544210654
40488.22,31.0113613328963
40488.23,30.8210632181545
40488.24,30.7491374009896
40488.25,31.7302307807992
40488.26,30.1087813884958
40488.27,30.3327390706263
40488.28,30.5536794488711
40488.29,29.1595911137627
40488.3,27.2522323997065
40488.31,26.0558081463938
40488.32,25.7229227903594
40488.33,24.168719471644
40488.34,22.8817103043721
40488.35,22.5450401617634
40488.36,21.8361498582712
40488.37,21.8562051075602
40488.38,21.1516832441181
40488.39,20.8484474260605
40488.4,20.8397016413938
40488.41,20.2137857207746
40488.42,20.0615926219852
40488.43,20.0575338624244
40488.44,20.1836670866266
40488.45,19.8331278393051
40488.46,19.1598664719539
40488.47,18.6879330261451
40488.48,18.7219392130081
40488.49,18.0987680966817
40488.5,17.9554602027111
40488.51,17.7447928834087
40488.52,17.7790060885522
40488.53,17.9941985124422
40488.54,18.2903249100002
40488.55,17.6959152445643
40488.56,17.4782047623278
40488.57,17.4805374169066
40488.58,17.1513316040059
40488.59,17.0566411325383
40488.6,15.9669988810858
40488.61,16.6506525631595
40488.62,16.4547056539872
40488.63,16.8818727455676
40488.64,16.598565797683
40488.65,16.7325390545105
40488.66,16.7948731688131
40488.67,17.1521627107022
40488.68,16.4873376965009
40488.69,16.4658573332447
40488.7,15.5935661322854
40488.71,15.0313257127239
40488.72,14.4223785065022
40488.73,14.3287283560113
40488.74,14.9133952756926
40488.75,14.2394823504173
40488.76,14.6614115836001
40488.77,14.5967421839479
40488.78,14.269447013615
40488.79,13.8379676267998
40488.8,14.0877773894146
40488.81,14.0914209169225
40488.82,14.2979628074975
40488.83,14.0366866814794
40488.84,13.1645724660028
40488.85,12.3789730350374
40488.86,12.4370436449898
40488.87,12.0295214958307
40488.88,12.0077431406064
40488.89,11.7415924133372
40488.9,11.4838377206119
40488.91,10.7264337634841
40488.92,11.0223679459331
40488.93,10.3232288373452
40488.94,10.0755211427593
40488.95,10.190012557882
40488.96,9.48281235528085
40488.97,9.49441875045126
40488.98,9.70726626603752
40488.99,10.1796250600289
40489,9.99029886765764
40489.01,10.0535546932733
40489.02,9.71853085865096
40489.03,9.96701343545743
40489.04,9.87343439957737
40489.05,9.44139554622221
40489.06,9.24914617439187
40489.07,9.29198667594105
40489.08,9.17482153092363
40489.09,9.49244494051121
40489.1,9.30991294669919
40489.11,9.06736230846434
40489.12,9.22424941578324
40489.13,9.04706672356801
40489.14,8.65909206058547
40489.15,8.86885079281993
40489.16,8.60155570964046
40489.17,8.63008397677157
40489.18,8.46940302581702
40489.19,9.23984431659531
40489.2,8.96905029866136
40489.21,8.78319853869967
40489.22,8.58817170980396
40489.23,8.22518486028059
40489.24,8.41229288082608
40489.25,8.18207979266779
40489.26,7.91208349730125
40489.27,7.8542784521791
40489.28,7.2186246047594
40489.29,7.00505605217439
40489.3,6.86198106212642
40489.31,6.94403510969502
40489.32,6.78516283802513
40489.33,6.39819203339096
40489.34,6.21367825825618
40489.35,6.09987143679218
40489.36,5.81327248042525
40489.37,5.34083843636712
40489.38,5.08435928985773
40489.39,4.86018979842354
40489.4,4.74167983369327
40489.41,4.41433390898414
40489.42,4.03629816990506
40489.43,3.81276272452908
40489.44,3.54819639040419
40489.45,3.47725147585156
40489.46,3.49121640433097
40489.47,3.20232991359768
40489.48,3.12432025679966
40489.49,2.83195988332525
40489.5,2.48686765403971
40489.51,2.2818936226985
40489.52,2.13659630566404
40489.53,1.98297425849885
40489.54,1.82311708666654
40489.55,1.64916426295953
40489.56,1.61931357343829
40489.57,1.59630174710591
40489.58,1.51995327596736
40489.59,1.52311299118894
40489.6,1.56760021407425
40489.61,1.56186242690951
40489.62,1.5499696337639
40489.63,1.57188298907444
40489.64,1.56820395314226
40489.65,1.56985539684762
40489.66,1.50517045554815
40489.67,1.45661179082709
40489.68,1.38364500120945
40489.69,1.33913302357136
40489.7,1.26640299301595
40489.71,1.24824416692153
40489.72,1.21194413737601
40489.73,1.1769608531179
40489.74,1.19773600930911
40489.75,1.1883925509532
40489.76,1.17370746604611
40489.77,1.14269883473302
40489.78,1.12929530299462
40489.79,1.10443893687334
40489.8,1.15484888152073
40489.81,1.13282576706336
40489.82,1.07863386517731
40489.83,1.01452293924791
40489.84,1.01512154795162
40489.85,0.995144239065355
40489.86,1.00514952659669
40489.87,0.973564970831758
40489.88,0.937197524048054
40489.89,0.875596845850872
40489.9,0.839841663582451
40489.91,0.819165727046343
40489.92,0.762676193656176
40489.93,0.742570082056482
40489.94,0.704308050365575
40489.95,0.656028184734178
40489.96,0.640915999010705
40489.97,0.59589252567008
40489.98,0.579069166138614
40489.99,0.576221742674607
40490,0.583654093142758
40490.01,0.590442072725939
40490.02,0.569108157708916
40490.03,0.568011454184947
40490.04,0.544334681782091
40490.05,0.529162030890641
40490.06,0.533319645124439
40490.07,0.520105168196018
40490.08,0.487727180740573
40490.09,0.462806014471684
40490.1,0.429000864921676
40490.11,0.403653306397944
40490.12,0.414630407985845
40490.13,0.403594959081561
40490.14,0.386516585729293
40490.15,0.36782910004557
40490.16,0.366522410888822
40490.17,0.356617806161224
40490.18,0.342521644976956
40490.19,0.318462160878502
40490.2,0.301470293584947
40490.21,0.294284946131349
40490.22,0.276950197067856
40490.23,0.255167111968925
40490.24,0.243431168779475
40490.25,0.230290863388893
40490.26,0.209799947773406
40490.27,0.191413875450082
40490.28,0.179951960073934
40490.29,0.169663870579258
40490.3,0.148302312272772
40490.31,0.134212077647005
40490.32,0.113685310918492
40490.33,0.100731956232095
40490.34,0.086157666557646
40490.35,0.0695361976804194
40490.36,0.0524269978407164
40490.37,0.0353407520341819
40490.38,0.0189687059666729
40490.39,0.00393390861463672
40490.4,0
40490.41,0
40490.42,0
40490.43,0
40490.44,0
40490.45,0
40490.46,0
40490.47,0
40490.48,0
40490.49,0
40490.5,0
40490.51,0
40490.52,0
40490.53,0
40490.54,0
40490.55,0
40490.56,0
40490.57,0
40490.58,0
40490.59,0
40490.6,0
40490.61,0
40490.62,0
40490.63,0
40490.64,0
40490.65,0
40490.66,0
40490.67,0
40490.68,0
40490.69,0
40490.7,0
40490.71,0
40490.72,0
40490.73,0
40490.74,0
40490.75,0
40490.76,0
40490.77,0
40490.78,0
40490.79,0
40490.8,0
40490.81,0
40490.82,0
40490.83,0
40490.84,0
40490.85,0
40490.86,0
40490.87,0
40490.88,0
40490.89,0
40490.9,0
40490.91,0
40490.92,0
40490.93,0
40490.94,0
40490.95,0
40490.96,0
40490.97,0
40490.98,0
40490.99,0
40491,0
40491.01,0
40491.02,0
40491.03,0
40491.04,0
40491.05,0
40491.06,0
40491.07,0
40491.08,0
40491.09,0
40491.1,0
40491.11,0
40491.12,0
40491.13,0
40491.14,0
40491.15,0
40491.16,0
40491.17,0
40491.18,0
40491.19,0
40491.2,0
40491.21,0
40491.22,0
40491.23,0
40491.24,0
40491.25,0
40491.26,0
40491.27,0
40491.28,0
40491.29,0
40491.3,0
40491.31,0
40491.32,0
40491.33,0
40491.34,0
40491.35,0
40491.36,0
40491.37,0
40491.38,0
40491.39,0
40491.4,0
40491.41,0
40491.42,0
40491.43,0
40491.44,0
40491.45,0
40491.46,0
40491.47,0
40491.48,0
40491.49,0
40491.5,0
40491.51,0
40491.52,0
40491.53,0
40491.54,0
40491.55,0
40491.56,0
40491.57,0
40491.58,0
40491.59,0
40491.6,0
40491.61,0
40491.62,0
40491.63,0
40491.64,0
40491.65,0
40491.66,0
40491.67,0
40491.68,0
40491.69,0
40491.7,0
40491.71,0
40491.72,0
40491.73,0
40491.74,0
40491.75,0
40491.76,0
40491.77,0
40491.78,0
40491.79,0
40491.8,0
40491.81,0
40491.82,0
40491.83,0
40491.84,0
40491.85,0
40491.86,0
40491.87,0
40491.88,0
40491.89,0
40491.9,0
40491.91,0
40491.92,0
40491.93,0
40491.94,0
40491.95,0
40491.96,0
40491.97,0
40491.98,0
40491.99,0
40492,0
40492.01,0
40492.02,0
40492.03,0
40492.04,0
40492.05,0
40492.06,0
40492.07,0
40492.08,0
40492.09,0
40492.1,0
40492.11,0
40492.12,0
40492.13,0
40492.14,0
40492.15,0
40492.16,0
40492.17,0
40492.18,0
40492.19,0
40492.2,0
40492.21,0
40492.22,0
40492.23,0
40492.24,0
40492.25,0
40492.26,0
40492.27,0
40492.28,0
40492.29,0
40492.3,0
40492.31,0
40492.32,0
40492.33,0
40492.34,0
40492.35,0
40492.36,0
40492.37,0
40492.38,0
40492.39,0
40492.4,0
40492.41,0
40492.42,0
40492.43,0
40492.44,0
40492.45,0
40492.46,0
40492.47,0
40492.48,0
40492.49,0
40492.5,0
40492.51,0
40492.52,0
40492.53,0
40492.54,0
40492.55,0
40492.56,0
40492.57,0
40492.58,0
40492.59,0
40492.6,0
40492.61,0
40492.62,0
40492.63,0
40492.64,0
40492.65,0
40492.66,0
40492.67,0
40492.68,0
40492.69,0
40492.7,0
40492.71,0
40492.72,0
40492.73,0
40492.74,0
40492.75,0
40492.76,0
40492.77,0
40492.78,0
40492.79,0
40492.8,0
40492.81,0
40492.82,0
40492.83,0
40492.84,0
40492.85,0
40492.86,0
40492.87,0
40492.88,0
40492.89,0
40492.9,0
40492.91,0
40492.92,0
40492.93,0
40492.94,0
40492.95,0
40492.96,0
40492.97,0
40492.98,0
40492.99,0
40493,0
40493.01,0
40493.02,0
40493.03,0
40493.04,0
40493.05,0
40493.06,0
40493.07,0
40493.08,0
40493.09,0
40493.1,0
40493.11,0
40493.12,0
40493.13,0
40493.14,0
40493.15,0
40493.16,0
40493.17,0
40493.18,0
40493.19,0
40493.2,0
40493.21,0
40493.22,0
40493.23,0
40493.24,0
40493.25,0
40493.26,0
40493.27,0
40493.28,0
40493.29,0
40493.3,0
40493.31,0
40493.32,0
40493.33,0
40493.34,0
40493.35,0
40493.36,0
40493.37,0
40493.38,0
40493.39,0
40493.4,0
40493.41,0
40493.42,0
40493.43,0
40493.44,0
40493.45,0
40493.46,0
40493.47,0
40493.48,0
40493.49,0
40493.5,0
40493.51,0
40493.52,0
40493.53,0
40493.54,0
40493.55,0
40493.56,0
40493.57,0
40493.58,0
40493.59,0
40493.6,0
40493.61,0
40493.62,0
40493.63,0
40493.64,0
40493.65,0
40493.66,0
40493.67,0
40493.68,0
40493.69,0
40493.7,0
40493.71,0
40493.72,0
40493.73,0
40493.74,0
40493.75,0
40493.76,0
40493.77,0
40493.78,0
40493.79,0
40493.8,0
40493.81,0
40493.82,0
40493.83,0
40493.84,0
40493.85,0
40493.86,0
40493.87,0
40493.88,0
40493.89,0
40493.9,0
40493.91,0
40493.92,0
40493.93,0
40493.94,0
40493.95,0
40493.96,0
40493.97,0
40493.98,0
40493.99,0
40494,0
40494.01,0
40494.02,0
40494.03,0
40494.04,0
40494.05,0
40494.06,0
40494.07,0
40494.08,0
40494.09,0
40494.1,0
40494.11,0
40494.12,0
40494.13,0
40494.14,0
40494.15,0
40494.16,0
40494.17,0
40494.18,0
40494.19,0
40494.2,0
40494.21,0
40494.22,0
40494.23,0
40494.24,0
40494.25,0
40494.26,0
40494.27,0
40494.28,0
40494.29,0
40494.3,0
40494.31,0
40494.32,0
40494.33,0
40494.34,0
40494.35,0
40494.36,0
40494.37,0
40494.38,0
40494.39,0
40494.4,0
40494.41,0
40494.42,0
40494.43,0
40494.44,0
40494.45,0
40494.46,0
40494.47,0
40494.48,0
40494.49,0
40494.5,0
40494.51,0
40494.52,0
40494.53,0
40494.54,0
40494.55,0
40494.56,0
40494.57,0
40494.58,0
40494.59,0
40494.6,0
40494.61,0
40494.62,0
40494.63,0
40494.64,0
40494.65,0
40494.66,0
40494.67,0
40494.68,0
40494.69,0
40494.7,0
40494.71,0
40494.72,0
40494.73,0
40494.74,0
40494.75,0
40494.76,0
40494.77,0
40494.78,0
40494.79,0
40494.8,0
40494.81,0
40494.82,0
40494.83,0
40494.84,0
40494.85,0
40494.86,0
40494.87,0
40494.88,0
40494.89,0
40494.9,0
40494.91,0
40494.92,0
40494.93,0
40494.94,0
40494.95,0
40494.96,0
40494.97,0
40494.98,0
40494.99,0
40495,0
40495.01,0
40495.02,0
40495.03,0
40495.04,0
40495.05,0
40495.06,0
40495.07,0
40495.08,0
40495.09,0
40495.1,0
40495.11,0
40495.12,0
40495.13,0
40495.14,0
40495.15,0
40495.16,0
40495.17,0
40495.18,0
40495.19,0
40495.2,0
40495.21,0
40495.22,0
40495.23,0
40495.24,0
40495.25,0
40495.26,0
40495.27,0
40495.28,0
40495.29,0
40495.3,0
40495.31,0
40495.32,0
40495.33,0
40495.34,0
40495.35,0
40495.36,0
40495.37,0
40495.38,0
40495.39,0
40495.4,0
40495.41,0
40495.42,0
40495.43,0
40495.44,0
40495.45,0
40495.46,0
40495.47,0
40495.48,0
40495.49,0
40495.5,0
40495.51,0
40495.52,0
40495.53,0
40495.54,0
40495.55,0
40495.56,0
40495.57,0
40495.58,0
40495.59,0
40495.6,0
40495.61,0
40495.62,0
40495.63,0
40495.64,0
40495.65,0
40495.66,0
40495.67,0
40495.68,0
40495.69,0
40495.7,0
40495.71,0
40495.72,0
40495.73,0
40495.74,0
40495.75,0
40495.76,0
40495.77,0
40495.78,0
40495.79,0
40495.8,0
40495.81,0
40495.82,0
40495.83,0
40495.84,0
40495.85,0
40495.86,0
40495.87,0
40495.88,0
40495.89,0
40495.9,0
40495.91,0
40495.92,0
40495.93,0
40495.94,0
40495.95,0
40495.96,0
40495.97,0
40495.98,0
40495.99,0
40496,0
40496.01,0
40496.02,0
40496.03,0
40496.04,0
40496.05,0
40496.06,0
40496.07,0
40496.08,0
40496.09,0
40496.1,0
40496.11,0
40496.12,0
40496.13,0
40496.14,0
40496.15,0
40496.16,0
40496.17,0
40496.18,0
40496.19,0
40496.2,0
40496.21,0
40496.22,0
40496.23,0
40496.24,0
40496.25,0
40496.26,0
40496.27,0
40496.28,0
40496.29,0
40496.3,0
40496.31,0
40496.32,0
40496.33,0
40496.34,0
40496.35,0
40496.36,0
40496.37,0
40496.38,0
40496.39,0
40496.4,0
40496.41,0
40496.42,0
40496.43,0
40496.44,0
40496.45,0
40496.46,0
40496.47,0
40496.48,0
40496.49,0
40496.5,0
40496.51,0
40496.52,0
40496.53,0
40496.54,0
40496.55,0
40496.56,0
40496.57,0
40496.58,0
40496.59,0
40496.6,0
40496.61,0
40496.62,0
40496.63,0
40496.64,0
40496.65,0
40496.66,0
40496.67,0
40496.68,0
40496.69,0
40496.7,0
40496.71,0
40496.72,0
40496.73,0
40496.74,0
40496.75,0
40496.76,0
40496.77,0
40496.78,0
40496.79,0
40496.8,0
40496.81,0
40496.82,0
40496.83,0
40496.84,0
40496.85,0
40496.86,0
40496.87,0
40496.88,0
40496.89,0
40496.9,0
40496.91,0
40496.92,0
40496.93,0
40496.94,0
40496.95,0
40496.96,0
40496.97,0
40496.98,0
40496.99,0
40497,0
40497.01,0
40497.02,0
40497.03,0
40497.04,0
40497.05,0
40497.06,0
40497.07,0
40497.08,0
40497.09,0
40497.1,0
40497.11,0
40497.12,0
40497.13,0
40497.14,0
40497.15,0
40497.16,0
40497.17,0
40497.18,0
40497.19,0
40497.2,0
40497.21,0
40497.22,0
40497.23,0
40497.24,0
40497.25,0
40497.26,0
40497.27,0
40497.28,0
40497.29,0
40497.3,0
40497.31,0
40497.32,0
40497.33,0
40497.34,0
40497.35,0
40497.36,0
40497.37,0
40497.38,0
40497.39,0
40497.4,0
40497.41,0
40497.42,0
40497.43,0
40497.44,0
40497.45,0
40497.46,0
40497.47,0
40497.48,0
40497.49,0
40497.5,0
40497.51,0
40497.52,0
40497.53,0
40497.54,0
40497.55,0
40497.56,0
40497.57,0
40497.58,0
40497.59,0
40497.6,0
40497.61,0
40497.62,0
40497.63,0
40497.64,0
40497.65,0
40497.66,0
40497.67,0
40497.68,0
40497.69,0
40497.7,0
40497.71,0
40497.72,0
40497.73,0
40497.74,0
40497.75,0
40497.76,0
40497.77,0
40497.78,0
40497.79,0
40497.8,0
40497.81,0
40497.82,0
40497.83,0
40497.84,0
40497.85,0
40497.86,0
40497.87,0
40497.88,0
40497.89,0
40497.9,0
40497.91,0
40497.92,0
40497.93,0
40497.94,0
40497.95,0
40497.96,0
40497.97,0
40497.98,0
40497.99,0
40498,0
40498.01,0
40498.02,0
40498.03,0
40498.04,0
40498.05,0
40498.06,0
40498.07,0
40498.08,0
40498.09,0
40498.1,0
40498.11,0
40498.12,0
40498.13,0
40498.14,0
40498.15,0
40498.16,0
40498.17,0
40498.18,0
40498.19,0
40498.2,0
40498.21,0
40498.22,0
40498.23,0
40498.24,1.1016274114178E-11
40498.25,0.00213627622613648
40498.26,0.0331737571441986
40498.27,0.0880689295902414
40498.28,0.287143656327631
40498.29,0.288479134077008
40498.3,0.30321306889464
40498.31,0.311057555647127
40498.32,0.313817831487981
40498.33,0.393666523788662
40498.34,0.584792954171874
40498.35,0.869888390765652
40498.36,1.3833096560334
40498.37,2.27939491127837
40498.38,3.62248839530146
40498.39,5.83505352241841
40498.4,8.91767768186262
40498.41,12.5231370274457
40498.42,16.5648392311723
40498.43,20.6143201478287
40498.44,25.0228818046604
40498.45,28.6973318298117
40498.46,31.7367977295205
40498.47,35.5277235021901
40498.48,38.7112170166507
40498.49,40.3576005210477
40498.5,40.7034820534981
40498.51,43.4956035062857
40498.52,45.3302607027882
40498.53,46.7341802684313
40498.54,46.2947034007973
40498.55,47.0814224163898
40498.56,46.5352788135744
40498.57,48.2199203402167
40498.58,48.3989544937755
40498.59,51.0872778421506
40498.6,56.6603930969918
40498.61,80.0266505483301
40498.62,77.4874726064068
40498.63,80.9367631388461
40498.64,81.6422137902037
40498.65,81.6733790442078
40498.66,87.1515975419053
40498.67,95.0681358133867
40498.68,104.930337111827
40498.69,119.044405500272
40498.7,127.28527108674
40498.71,133.906442111617
40498.72,143.979830157917
40498.73,146.98142747556
40498.74,145.107820079622
40498.75,151.175511993517
40498.76,154.201651220014
40498.77,152.987250338379
40498.78,150.028629981925
40498.79,149.363460051536
40498.8,147.507108358067
40498.81,142.963007104348
40498.82,150.468964572803
40498.83,155.755102541027
40498.84,159.848431255257
40498.85,160.974177424278
40498.86,134.935452702306
40498.87,133.278763943158
40498.88,133.216284300565
40498.89,131.718815206327
40498.9,130.447941754277
40498.91,132.393871535686
40498.92,132.086674964445
40498.93,130.071821317628
40498.94,126.347676009866
40498.95,126.796180351292
40498.96,120.268159624032
40498.97,121.400613117769
40498.98,125.040089575648
40498.99,138.610743624336
40499,152.74517343651
40499.01,190.435871520684
40499.02,259.764429936186
40499.03,347.722074970505
40499.04,420.97827381138
40499.05,496.815902158028
40499.06,558.063171785216
40499.07,599.863390478275
40499.08,609.575673174509
40499.09,631.817021268764
40499.1,627.354580033583
40499.11,483.28125825824
40499.12,468.396729942753
40499.13,477.436871152561
40499.14,465.022203376184
40499.15,453.375302766125
40499.16,448.881300454937
40499.17,427.979056971626
40499.18,416.435189741398
40499.19,392.043880101206
40499.2,368.525331959371
40499.21,354.549633930078
40499.22,344.059248421321
40499.23,326.847529070219
40499.24,318.727298829242
40499.25,310.88150260691
40499.26,288.789665218077
40499.27,284.683414894461
40499.28,279.698852331968
40499.29,281.247814814031
40499.3,261.017161996369
40499.31,254.853941100484
40499.32,250.81080408133
40499.33,232.86248929239
40499.34,220.865074022036
40499.35,212.294995033042
40499.36,201.34911183544
40499.37,203.657153931202
40499.38,206.310418519433
40499.39,204.60916252796
40499.4,188.925455214089
40499.41,180.232008803632
40499.42,180.712507000254
40499.43,177.896688746458
40499.44,160.906229800774
40499.45,163.344052321739
40499.46,160.574925664653
40499.47,153.031443731589
40499.48,146.864048244031
40499.49,139.009768725067
40499.5,134.384830129794
40499.51,131.216346994823
40499.52,129.648443493461
40499.53,129.162420687327
40499.54,131.473801481369
40499.55,126.796974294883
40499.56,133.026343137504
40499.57,133.062680702489
40499.58,130.507043928068
40499.59,127.579657871747
40499.6,128.283232554014
40499.61,122.184841565372
40499.62,121.471510042066
40499.63,114.096015197718
40499.64,116.5570106844
40499.65,118.01236436435
40499.66,112.643757375477
40499.67,114.105633011692
40499.68,110.86169596304
40499.69,105.565744755607
40499.7,107.092480907481
40499.71,102.109763017917
40499.72,102.624550371973
40499.73,103.62335755032
40499.74,98.6823726394247
40499.75,92.4146853134134
40499.76,88.9138729595578
40499.77,83.7487476455298
40499.78,81.683209473761
40499.79,80.8794809027224
40499.8,79.5832529625591
40499.81,78.0501707892326
40499.82,75.2394363966781
40499.83,73.8037770824421
40499.84,74.4124127662569
40499.85,74.6475313193292
40499.86,74.3737168999093
40499.87,70.137278644162
40499.88,70.4265378500814
40499.89,66.3525590514659
40499.9,66.7125048972345
40499.91,65.8089341420714
40499.92,63.7802558315939
40499.93,60.96541460911
40499.94,61.3665831088246
40499.95,58.7967437217401
40499.96,57.2387236537262
40499.97,57.0608193909929
40499.98,55.4322633592246
40499.99,55.554693134457
40500,54.159512151492
40500.01,54.1524866585962
40500.02,53.9404410409066
40500.03,52.9721668670951
40500.04,51.9686552154957
40500.05,53.3806940853715
40500.06,51.2970708498664
40500.07,48.4223764579891
40500.08,48.9913035680378
40500.09,47.528016391493
40500.1,45.3615905606079
40500.11,45.0108812584975
40500.12,45.6729092102933
40500.13,46.3633637995186
40500.14,46.3147312632113
40500.15,46.3752490999878
40500.16,44.5825779343764
40500.17,44.4205978551209
40500.18,44.0277791600804
40500.19,43.2722372814725
40500.2,43.2898005267376
40500.21,40.3870010881301
40500.22,38.5151633676277
40500.23,35.9772777643653
40500.24,37.0205319645646
40500.25,37.00029425828
40500.26,36.3510035061282
40500.27,36.2192011030748
40500.28,35.0035219961099
40500.29,34.0444866723192
40500.3,32.2342966079123
40500.31,31.4408046010245
40500.32,30.2501565387091
40500.33,30.2008572562165
40500.34,29.0719025417177
40500.35,28.4644504683791
40500.36,27.5704937223267
40500.37,26.9823322371835
40500.38,25.9586973011418
40500.39,24.3177833831472
40500.4,24.343427719954
40500.41,24.0313256367869
40500.42,24.1177453688807
40500.43,23.9097475848837
40500.44,23.9530994597627
40500.45,23.8289797956588
40500.46,23.127781991498
40500.47,23.3419849129924
40500.48,22.5181841694393
40500.49,20.8545641956348
40500.5,19.6909030535231
40500.51,19.6643393686326
40500.52,19.8681534896056
40500.53,19.3642355889158
40500.54,18.6321058229461
40500.55,18.3577862284807
40500.56,18.5575250610163
40500.57,18.1791448615798
40500.58,17.5872030205703
40500.59,17.7036519114529
40500.6,17.8255623973537
40500.61,18.194317624459
40500.62,17.5362143572697
40500.63,17.932184637707
40500.64,18.294636774746
40500.65,18.578410832381
40500.66,18.264911234027
40500.67,18.1420066901013
40500.68,17.294353476725
40500.69,17.4687463683691
40500.7,17.9399276759988
40500.71,17.5235115205168
40500.72,16.5911172153646
40500.73,17.0361621023738
40500.74,16.8869646494577
40500.75,16.937712641208
40500.76,16.9552806951687
40500.77,16.3062284426029
40500.78,16.1083918473924
40500.79,15.5864221437607
40500.8,15.1509554836509
40500.81,15.4959032279332
40500.82,14.7995873908325
40500.83,14.9097733768909
40500.84,14.6259748975864
40500.85,14.3528747801397
40500.86,14.3745241126989
40500.87,13.9199650401545
40500.88,13.4324152420517
40500.89,12.9066682089862
40500.9,12.8182615591509
40500.91,12.7606296563248
40500.92,12.3347876743091
40500.93,12.0987607342646
40500.94,12.2768504719018
40500.95,11.7679159812959
40500.96,11.5748919014097
40500.97,11.1185059664164
40500.98,10.7749246092572
40500.99,10.4706718372797
40501,10.3442718683137
40501.01,10.2595747248042
40501.02,9.97314776019038
40501.03,10.1143853135405
40501.04,9.93562510442431
40501.05,9.65141250894724
40501.06,9.516912115659
40501.07,8.99614198766864
40501.08,8.6514892281889
40501.09,8.58901939929367
40501.1,8.83813169229296
40501.11,9.25793128264545
40501.12,9.229345341003
40501.13,8.99978541817369
40501.14,8.89358787565589
40501.15,8.82022315905399
40501.16,8.78498563379486
40501.17,9.02698575555543
40501.18,8.41328600517144
40501.19,8.1160902219674
40501.2,7.95284452138658
40501.21,7.53797905184221
40501.22,7.47588544811249
40501.23,7.12948493518702
40501.24,7.09298386363471
40501.25,6.79387580673457
40501.26,6.21580095575089
40501.27,6.18398307950951
40501.28,6.0125471536703
40501.29,5.85365910618299
40501.3,5.62952311224322
40501.31,5.6287350095535
40501.32,5.55305501403197
40501.33,5.47043306425535
40501.34,5.47334989003991
40501.35,5.1044354046599
40501.36,5.2140466587893
40501.37,4.87607285886049
40501.38,4.88087521458702
40501.39,4.90730531587394
40501.4,4.99790529118151
40501.41,5.11707539074721
40501.42,5.06956926922831
40501.43,4.87942410826217
40501.44,4.99504890856454
40501.45,5.06765575577851
40501.46,5.10273579147078
40501.47,4.87027640989562
40501.48,4.95323801979712
40501.49,4.89698341031181
40501.5,4.86751795622708
40501.51,4.76725009768717
40501.52,4.6503855919183
40501.53,4.64752073443106
40501.54,4.59970341215157
40501.55,4.44342450458039
40501.56,4.37595211478866
40501.57,4.34726427114885
40501.58,4.32298154769431
40501.59,4.22526118563401
40501.6,4.04275031377108
40501.61,4.01568430995894
40501.62,3.87576076008641
40501.63,3.79631617110879
40501.64,3.77446390234604
40501.65,3.7305354589299
40501.66,3.66583400245948
40501.67,3.55968933473036
40501.68,3.62443512278023
40501.69,3.55812859450444
40501.7,3.56343623839835
40501.71,3.43264963643528
40501.72,3.40209616130729
40501.73,3.28646415192223
40501.74,3.26545050878219
40501.75,3.13851645147187
40501.76,3.0932266256727
40501.77,3.03680861142786
40501.78,3.14847565538487
40501.79,3.25001181954417
40501.8,3.22711585030117
40501.81,3.25483865584242
40501.82,3.14776864150965
40501.83,2.89811226961111
40501.84,2.8138174540681
40501.85,2.73385850069283
40501.86,2.70763255215388
40501.87,2.65266140797243
40501.88,2.61991956989378
40501.89,2.55508773098936
40501.9,2.63321758427959
40501.91,2.66718914067647
40501.92,2.67097113962905
40501.93,2.59954481660774
40501.94,2.45680794289388
40501.95,2.38977003378759
40501.96,2.33359988404957
40501.97,2.31109150690333
40501.98,2.29115691652191
40501.99,2.35591509469722
40502,2.33462366998484
40502.01,2.27604767852414
40502.02,2.18640957397095
40502.03,2.10531097548426
40502.04,2.02786828733335
40502.05,1.95324093337308
40502.06,1.91057249324233
40502.07,1.79493830664669
40502.08,1.80043591350995
40502.09,1.67290012293928
40502.1,1.6872571450337
40502.11,1.61719092838455
40502.12,1.55881903471765
40502.13,1.53285307426759
40502.14,1.55841431490521
40502.15,1.44063046577935
40502.16,1.34569972012666
40502.17,1.29616011465283
40502.18,1.28298516518894
40502.19,1.26014920518667
40502.2,1.1920693512238
40502.21,1.202638316864
40502.22,1.21172343445686
40502.23,1.17968936429454
40502.24,1.09440203690227
40502.25,1.06084405256846
40502.26,1.05199596920592
40502.27,1.05921601471002
40502.28,1.06632388574187
40502.29,1.00629205250943
40502.3,0.960899926944313
40502.31,0.907775574385458
40502.32,0.897079636110485
40502.33,0.874514597723836
40502.34,0.85514176224496
40502.35,0.832310612778953
40502.36,0.804614016067186
40502.37,0.741813954336035
40502.38,0.707364266499713
40502.39,0.663092086777242
40502.4,0.634979235371268
40502.41,0.611611756894462
40502.42,0.575434063894008
40502.43,0.519887112764921
40502.44,0.496175527360645
40502.45,0.489129709075016
40502.46,0.452708980182273
40502.47,0.412458497347363
40502.48,0.386439051205732
40502.49,0.360242873681952
40502.5,0.337380243979102
40502.51,0.324721631817094
40502.52,0.292758618162208
40502.53,0.261936663119741
40502.54,0.23420700197598
40502.55,0.200031703746844
40502.56,0.170421642964814
40502.57,0.131049187670844
40502.58,0.0914262889728107
40502.59,0.0570329320861481
40502.6,0.0232359621994719
40502.61,0.0147992039663312
40502.62,0.0153708205419025
40502.63,0.015655354274514
40502.64,0.015369341123463
40502.65,0.0148471838556631
40502.66,0.0153611553705469
40502.67,0.0145638805484497
40502.68,0.0139717206877433
40502.69,0.0137682867366911
40502.7,0.0131544310828252
40502.71,0.0127678217780967
40502.72,0.012133534422603
40502.73,0.0119151721543459
40502.74,0.011967211413193
40502.75,0.0113584088294472
40502.76,0.010599445897155
40502.77,0.0100131642414708
40502.78,0.00969933958512995
40502.79,0.00970177500214707
40502.8,0.00913013923151775
40502.81,0.00838036250662291
40502.82,0.00783211043640687
40502.83,0.00762063212961363
40502.84,0.00727549730185034
40502.85,0.0068987970825945
40502.86,0.00614110251792195
40502.87,0.00575187446856555
40502.88,0.00514801820064484
40502.89,0.0050226039388284
40502.9,0.00478563996620598
40502.91,0.00451237439831306
40502.92,0.00424490540151249
40502.93,0.00381955601539074
40502.94,0.00337328522275903
40502.95,0.0029800177434872
40502.96,0.00257490849226797
40502.97,0.00209472153201365
40502.98,0.00162000872667693
40502.99,0.00124008025147057
40503,0.000883383906663847
40503.01,0.000533307774501013
40503.02,0.000155158962458842
40503.03,0
40503.04,0
40503.05,0
40503.06,0
40503.07,0
40503.08,0
40503.09,0
40503.1,0
40503.11,0
40503.12,0
40503.13,0
40503.14,0
40503.15,0
40503.16,0
40503.17,0
40503.18,0
40503.19,0
40503.2,0
40503.21,0
40503.22,0
40503.23,0
40503.24,0
40503.25,0
40503.26,0
40503.27,0
40503.28,0
40503.29,0
40503.3,0
40503.31,0
40503.32,0
40503.33,0
40503.34,0
40503.35,0
40503.36,0
40503.37,0
40503.38,0
40503.39,0
40503.4,0
40503.41,0
40503.42,0
40503.43,0
40503.44,0
40503.45,0
40503.46,0
40503.47,0
40503.48,0
40503.49,0
40503.5,0
40503.51,0
40503.52,0
40503.53,0
40503.54,0
40503.55,0
40503.56,0
40503.57,0
40503.58,0
40503.59,0
40503.6,0
40503.61,0
40503.62,0
40503.63,0
40503.64,0
40503.65,0
40503.66,0
40503.67,0
40503.68,0
40503.69,0
40503.7,0
40503.71,0
40503.72,0
40503.73,0
40503.74,0
40503.75,0
40503.76,0
40503.77,0
40503.78,0
40503.79,0
40503.8,0
40503.81,0
40503.82,0
40503.83,0
40503.84,0
40503.85,0
40503.86,0
40503.87,0
40503.88,0
40503.89,0
40503.9,0
40503.91,0
40503.92,0
40503.93,0
40503.94,0
40503.95,0
40503.96,0
40503.97,0
40503.98,0
40503.99,0
40504,0
40504.01,0
40504.02,0
40504.03,0
40504.04,0
40504.05,0
40504.06,0
40504.07,0
40504.08,0
40504.09,0
40504.1,0
40504.11,0
40504.12,0
40504.13,0
40504.14,0
40504.15,0
40504.16,0
40504.17,0
40504.18,0
40504.19,0
40504.2,0
40504.21,0
40504.22,0
40504.23,0
40504.24,0
40504.25,0
40504.26,0
40504.27,0
40504.28,0
40504.29,0
40504.3,0
40504.31,0
40504.32,0
40504.33,0
40504.34,0
40504.35,0
40504.36,0
40504.37,0
40504.38,0
40504.39,0
40504.4,0
40504.41,0
40504.42,0
40504.43,0
40504.44,0
40504.45,0
40504.46,0
40504.47,0
40504.48,0
40504.49,0
40504.5,0
40504.51,0
40504.52,0
40504.53,0
40504.54,0
40504.55,0
40504.56,0
40504.57,0
40504.58,0
40504.59,0
40504.6,0
40504.61,0
40504.62,0
40504.63,0
40504.64,0
40504.65,0
40504.66,0
40504.67,0
40504.68,0
40504.69,0
40504.7,0
40504.71,0
40504.72,0
40504.73,0
40504.74,0
40504.75,0
40504.76,0
40504.77,0
40504.78,0
40504.79,0
40504.8,0
40504.81,0
40504.82,0
40504.83,0
40504.84,0
40504.85,0
40504.86,0
40504.87,0
40504.88,0
40504.89,0
40504.9,0
40504.91,0
40504.92,0
40504.93,0
40504.94,0
40504.95,0
40504.96,0
40504.97,0
40504.98,0
40504.99,0
40505,0
40505.01,0
40505.02,0
40505.03,0
40505.04,0
40505.05,0
40505.06,0
40505.07,0
40505.08,0
40505.09,0
40505.1,0
40505.11,0
40505.12,0
40505.13,0
40505.14,0
40505.15,0
40505.16,0
40505.17,0
40505.18,0
40505.19,0
40505.2,0
40505.21,0
40505.22,0
40505.23,0
40505.24,0
40505.25,0
40505.26,0
40505.27,0
40505.28,0
40505.29,0
40505.3,0
40505.31,0
40505.32,0
40505.33,0
40505.34,0
40505.35,0
40505.36,0
40505.37,0
40505.38,0
40505.39,0
40505.4,0
40505.41,0
40505.42,0
40505.43,0
40505.44,0
40505.45,0
40505.46,0
40505.47,0
40505.48,0
40505.49,0
40505.5,0
40505.51,0
40505.52,0
40505.53,0
40505.54,0
40505.55,0
40505.56,0
40505.57,0
40505.58,0
40505.59,0
40505.6,0
40505.61,0
40505.62,0
40505.63,0
40505.64,0
40505.65,0
40505.66,0
40505.67,0
40505.68,0
40505.69,0
40505.7,0
40505.71,0
40505.72,0
40505.73,0
40505.74,0
40505.75,0
40505.76,0
40505.77,0
40505.78,0
40505.79,0
40505.8,0
40505.81,0
40505.82,0
40505.83,0
40505.84,0
40505.85,0
40505.86,0
40505.87,0
40505.88,0
40505.89,0
40505.9,0
40505.91,0
40505.92,0
40505.93,0
40505.94,0
40505.95,0
40505.96,0
40505.97,0
40505.98,0
40505.99,0
40506,0
40506.01,0
40506.02,0
40506.03,0
40506.04,0
40506.05,0
40506.06,0
40506.07,0
40506.08,0
40506.09,0
40506.1,0
40506.11,0
40506.12,0
40506.13,0
40506.14,0
40506.15,0
40506.16,0
40506.17,0
40506.18,0
40506.19,0
40506.2,0
40506.21,0
40506.22,0
40506.23,0
40506.24,0
40506.25,0
40506.26,0
40506.27,0
40506.28,0
40506.29,0
40506.3,0
40506.31,0
40506.32,0
40506.33,0
40506.34,0
40506.35,0
40506.36,0
40506.37,0
40506.38,0
40506.39,0
40506.4,0
40506.41,0
40506.42,0
40506.43,0
40506.44,0
40506.45,0
40506.46,0
40506.47,0
40506.48,0
40506.49,0
40506.5,0
40506.51,0
40506.52,0
40506.53,0
40506.54,0
40506.55,0
40506.56,0
40506.57,0
40506.58,0
40506.59,0
40506.6,0
40506.61,0
40506.62,0
40506.63,0
40506.64,0
40506.65,0
40506.66,0
40506.67,0
40506.68,0
40506.69,0
40506.7,0
40506.71,0
40506.72,0
40506.73,0
40506.74,0
40506.75,0
40506.76,0
40506.77,0
40506.78,0
40506.79,0
40506.8,0
40506.81,0
40506.82,0
40506.83,0
40506.84,0
40506.85,0
40506.86,0
40506.87,0
40506.88,0
40506.89,0
40506.9,0
40506.91,0
40506.92,0
40506.93,0
40506.94,0
40506.95,0
40506.96,0
40506.97,0
40506.98,0
40506.99,0
40507,0
40507.01,0
40507.02,0
40507.03,0
40507.04,0
40507.05,0
40507.06,0
40507.07,0
40507.08,0
40507.09,0
40507.1,0
40507.11,0
40507.12,0
40507.13,0
40507.14,0
40507.15,0
40507.16,0
40507.17,0
40507.18,0
40507.19,0
40507.2,0
40507.21,0
40507.22,0
40507.23,0
40507.24,0
40507.25,0
40507.26,0
40507.27,0
40507.28,0
40507.29,0
40507.3,0
40507.31,0
40507.32,0
40507.33,0
40507.34,0
40507.35,0
40507.36,0
40507.37,0
40507.38,0
40507.39,0
40507.4,0
40507.41,0
40507.42,0
40507.43,0
40507.44,0
40507.45,0
40507.46,0
40507.47,0
40507.48,0
40507.49,0
40507.5,0
40507.51,0
40507.52,0
40507.53,0
40507.54,0
40507.55,0
40507.56,0
40507.57,0
40507.58,0
40507.59,0
40507.6,0
40507.61,0
40507.62,0
40507.63,0
40507.64,0
40507.65,0
40507.66,0
40507.67,0
40507.68,0
40507.69,0
40507.7,0
40507.71,0
40507.72,0
40507.73,0
40507.74,0
40507.75,0
40507.76,0
40507.77,0
40507.78,0
40507.79,0
40507.8,0
40507.81,0
40507.82,0
40507.83,0
40507.84,0
40507.85,0
40507.86,0
40507.87,0
40507.88,0
40507.89,0
40507.9,0
40507.91,0
40507.92,0
40507.93,0
40507.94,0
40507.95,0
40507.96,0
40507.97,0
40507.98,0
40507.99,0
40508,0
40508.01,0
40508.02,0
40508.03,0
40508.04,0
40508.05,0
40508.06,0
40508.07,0
40508.08,0
40508.09,0
40508.1,0
40508.11,0
40508.12,0
40508.13,0
40508.14,0
40508.15,0
40508.16,0
40508.17,0
40508.18,0
40508.19,0
40508.2,0
40508.21,0
40508.22,0
40508.23,0
40508.24,0
40508.25,0
40508.26,0
40508.27,0
40508.28,0
40508.29,0
40508.3,0
40508.31,0
40508.32,0
40508.33,0
40508.34,0
40508.35,0
40508.36,0
40508.37,0
40508.38,0
40508.39,0
40508.4,0
40508.41,0
40508.42,0
40508.43,0
40508.44,0
40508.45,0
40508.46,0
40508.47,0
40508.48,0
40508.49,0
40508.5,0
40508.51,0
40508.52,0
40508.53,0
40508.54,0
40508.55,0
40508.56,0
40508.57,0
40508.58,0
40508.59,0
40508.6,0
40508.61,0
40508.62,0
40508.63,0
40508.64,0
40508.65,0
40508.66,0
40508.67,0
40508.68,0
40508.69,0
40508.7,0
40508.71,0
40508.72,0
40508.73,0
40508.74,0
40508.75,0
40508.76,0
40508.77,0
40508.78,0
40508.79,0
40508.8,0
40508.81,0
40508.82,0
40508.83,0
40508.84,0
40508.85,0
40508.86,0
40508.87,0
40508.88,0
40508.89,0
40508.9,0
40508.91,0
40508.92,0
40508.93,0
40508.94,0
40508.95,0
40508.96,0
40508.97,0
40508.98,0
40508.99,0
40509,0
40509.01,0
40509.02,0
40509.03,0
40509.04,0
40509.05,0
40509.06,0
40509.07,0
40509.08,0
40509.09,0
40509.1,0
40509.11,0
40509.12,0
40509.13,0
40509.14,0
40509.15,0
40509.16,0
40509.17,0
40509.18,0
40509.19,0
40509.2,0
40509.21,0
40509.22,0
40509.23,0
40509.24,0
40509.25,0
40509.26,0
40509.27,0
40509.28,0
40509.29,0
40509.3,0
40509.31,0
40509.32,0
40509.33,0
40509.34,0
40509.35,0
40509.36,0
40509.37,0
40509.38,0
40509.39,0
40509.4,0
40509.41,0
40509.42,0
40509.43,0
40509.44,0
40509.45,0
40509.46,0
40509.47,0
40509.48,0
40509.49,0
40509.5,0
40509.51,0
40509.52,0
40509.53,0
40509.54,0
40509.55,0
40509.56,0
40509.57,0
40509.58,0
40509.59,0
40509.6,0
40509.61,0
40509.62,0
40509.63,0
40509.64,0
40509.65,0
40509.66,0
40509.67,0
40509.68,0
40509.69,0
40509.7,0
40509.71,0
40509.72,0
40509.73,0
40509.74,0
40509.75,0
40509.76,0
40509.77,0
40509.78,0
40509.79,0
40509.8,0
40509.81,0
40509.82,0
40509.83,0
40509.84,0
40509.85,0
40509.86,0
40509.87,0
40509.88,0
40509.89,0
40509.9,0
40509.91,0
40509.92,0
40509.93,0
40509.94,0
40509.95,0
40509.96,0
40509.97,0
40509.98,0
40509.99,0
40510,0
40510.01,0
40510.02,0
40510.03,0
40510.04,0
40510.05,0
40510.06,0
40510.07,0
40510.08,0
40510.09,0
40510.1,0
40510.11,0
40510.12,0
40510.13,0
40510.14,0
40510.15,0
40510.16,0
40510.17,0
40510.18,0
40510.19,0
40510.2,0
40510.21,0
40510.22,0
40510.23,0
40510.24,0
40510.25,0
40510.26,0
40510.27,0
40510.28,0
40510.29,0
40510.3,0
40510.31,0
40510.32,0
40510.33,0
40510.34,0
40510.35,0
40510.36,0
40510.37,0
40510.38,0
40510.39,0
40510.4,0
40510.41,0
40510.42,0
40510.43,0
40510.44,0
40510.45,0
40510.46,0
40510.47,0
40510.48,0
40510.49,0
40510.5,0
40510.51,0
40510.52,0
40510.53,0
40510.54,0
40510.55,0
40510.56,0
40510.57,0
40510.58,0
40510.59,0
40510.6,0
40510.61,0
40510.62,0
40510.63,0
40510.64,0
40510.65,0
40510.66,0
40510.67,0
40510.68,0
40510.69,0
40510.7,0
40510.71,0
40510.72,0
40510.73,0
40510.74,0
40510.75,0
40510.76,0
40510.77,0
40510.78,0
40510.79,0
40510.8,0
40510.81,0
40510.82,0
40510.83,0
40510.84,0
40510.85,0
40510.86,0
40510.87,0
40510.88,0
40510.89,0
40510.9,0
40510.91,0
40510.92,0
40510.93,0
40510.94,0
40510.95,0
40510.96,0
40510.97,0
40510.98,0
40510.99,0
40511,0
40511.01,0
40511.02,0
40511.03,0
40511.04,0
40511.05,0
40511.06,0
40511.07,0
40511.08,0
40511.09,0
40511.1,0
40511.11,0
40511.12,0
40511.13,0
40511.14,0
40511.15,0
40511.16,0
40511.17,0
40511.18,0
40511.19,0
40511.2,0
40511.21,0
40511.22,0
40511.23,0
40511.24,0
40511.25,0
40511.26,0
40511.27,0
40511.28,0
40511.29,0
40511.3,0
40511.31,0
40511.32,0
40511.33,0
40511.34,0
40511.35,0
40511.36,0
40511.37,0
40511.38,0
40511.39,0
40511.4,0
40511.41,0
40511.42,0
40511.43,0
40511.44,0
40511.45,0
40511.46,0
40511.47,0
40511.48,0
40511.49,0
40511.5,0
40511.51,0
40511.52,0
40511.53,0
40511.54,0
40511.55,0
40511.56,0
40511.57,0
40511.58,0
40511.59,0
40511.6,0
40511.61,0
40511.62,0
40511.63,0
40511.64,0
40511.65,0
40511.66,0
40511.67,0
40511.68,0
40511.69,0
40511.7,0
40511.71,0
40511.72,0
40511.73,0
40511.74,0
40511.75,0
40511.76,0
40511.77,0
40511.78,0
40511.79,0
40511.8,0
40511.81,0
40511.82,0
40511.83,0
40511.84,0
40511.85,0
40511.86,0
40511.87,0
40511.88,0
40511.89,0
40511.9,0
40511.91,0
40511.92,0
40511.93,0
40511.94,0
40511.95,0
40511.96,0
40511.97,0
40511.98,0
40511.99,0
40512,0
40512.01,0
40512.02,0
40512.03,0
40512.04,0
40512.05,0
40512.06,0
40512.07,0
40512.08,0
40512.09,0
40512.1,0
40512.11,0
40512.12,0
40512.13,0
40512.14,0
40512.15,0
40512.16,0
40512.17,0
40512.18,0
40512.19,0
40512.2,0
40512.21,0
40512.22,0
40512.23,0
40512.24,0
40512.25,0
40512.26,0
40512.27,0
40512.28,0
40512.29,0
40512.3,0
40512.31,0
40512.32,0
40512.33,0
40512.34,0
40512.35,0
40512.36,0
40512.37,0
40512.38,0
40512.39,0
40512.4,0
40512.41,0
40512.42,0
40512.43,0
40512.44,0
40512.45,0
40512.46,0
40512.47,0
40512.48,0
40512.49,0
40512.5,0
40512.51,0
40512.52,0
40512.53,0
40512.54,0
40512.55,0
40512.56,0
40512.57,0
40512.58,0
40512.59,0
40512.6,0
40512.61,0
40512.62,0
40512.63,0
40512.64,0
40512.65,0
40512.66,0
40512.67,0
40512.68,0
40512.69,0
40512.7,0
40512.71,0
40512.72,0
40512.73,0
40512.74,0
40512.75,0
40512.76,0
40512.77,0
40512.78,0
40512.79,0
40512.8,0
40512.81,0
40512.82,0
40512.83,0
40512.84,0
40512.85,0
40512.86,0
40512.87,0
40512.88,0
40512.89,0
40512.9,0
40512.91,0
40512.92,0
40512.93,0
40512.94,0
40512.95,0
40512.96,0
40512.97,0
40512.98,0
40512.99,0
40513,0
40513.01,0
40513.02,0
40513.03,0
40513.04,0
40513.05,0
40513.06,0
40513.07,0
40513.08,0
40513.09,0
40513.1,0
40513.11,0
40513.12,0
40513.13,0
40513.14,0
40513.15,0
40513.16,0
40513.17,0
40513.18,0
40513.19,0
40513.2,0
40513.21,0
40513.22,0
40513.23,0
40513.24,0
40513.25,0
40513.26,0
40513.27,0
40513.28,0
40513.29,0
40513.3,4.44054862869171E-09
40513.31,0.87890513759474
40513.32,7.49876495950181
40513.33,21.6626612164627
40513.34,37.5618611347201
40513.35,57.4434012462925
40513.36,83.9464451763104
40513.37,139.840395892434
40513.38,224.633150086335
40513.39,385.600764741337
40513.4,620.685893575786
40513.41,873.444651897159
40513.42,1041.50243094997
40513.43,1238.00637764759
40513.44,1349.88743742109
40513.45,1425.37001834338
40513.46,1496.44155129966
40513.47,1532.24242853986
40513.48,1007.11040401334
40513.49,964.215354596113
40513.5,953.410181740203
40513.51,904.061745114053
40513.52,895.142856126395
40513.53,835.579517349706
40513.54,839.139554683081
40513.55,813.451663643514
40513.56,781.011338808988
40513.57,728.588944754632
40513.58,681.274784210081
40513.59,655.364223915874
40513.6,635.148474623352
40513.61,614.412689778675
40513.62,592.364766026906
40513.63,564.697254176186
40513.64,536.802270260326
40513.65,516.644281865233
40513.66,502.96316107121
40513.67,472.763538605745
40513.68,454.475990423964
40513.69,422.235913748738
40513.7,410.232111578463
40513.71,413.625404142398
40513.72,392.186873696742
40513.73,402.917268164162
40513.74,404.664272798695
40513.75,387.669306531213
40513.76,376.242694188201
40513.77,368.225914617906
40513.78,368.154869196242
40513.79,346.515261842007
40513.8,337.23780309322
40513.81,337.711797969196
40513.82,322.395061671935
40513.83,310.284092963041
40513.84,293.648556097316
40513.85,271.3946687899
40513.86,253.636614952247
40513.87,241.640941583344
40513.88,241.986488689984
40513.89,244.18847677699
40513.9,236.080921079765
40513.91,229.381445496478
40513.92,226.098386007534
40513.93,221.449705230514
40513.94,214.539049754124
40513.95,212.563122520682
40513.96,205.864644307064
40513.97,206.343659193389
40513.98,195.870968234111
40513.99,189.591788669538
40514,195.202402240652
40514.01,190.758617080701
40514.02,181.329185941303
40514.03,176.322463691038
40514.04,173.986074766688
40514.05,172.250294039287
40514.06,168.960702170692
40514.07,171.220066513007
40514.08,162.712517008879
40514.09,161.001576226975
40514.1,154.075773954808
40514.11,148.441649439435
40514.12,148.849766110353
40514.13,144.718230423452
40514.14,134.949113539061
40514.15,131.180547367305
40514.16,132.486449919502
40514.17,126.909465952634
40514.18,122.817679866808
40514.19,118.838229208971
40514.2,118.256569502883
40514.21,115.20107986375
40514.22,109.011799905908
40514.23,106.638672385887
40514.24,100.137680482054
40514.25,101.301590198999
40514.26,97.1867592248673
40514.27,98.1854202938257
40514.28,100.763914427619
40514.29,98.034548090104
40514.3,90.6366061619464
40514.31,89.6305591901953
40514.32,89.9108285477973
40514.33,86.6747588206482
40514.34,83.3569156935506
40514.35,81.1598346310733
40514.36,78.5754945531341
40514.37,76.4875753198596
40514.38,73.6304116452155
40514.39,71.0559080723929
40514.4,67.9309002840597
40514.41,67.39908854905
40514.42,65.3981037747747
40514.43,61.4696932506503
40514.44,55.0616620512454
40514.45,52.8090351205105
40514.46,53.7575047594092
40514.47,52.3665469899087
40514.48,51.5126325742837
40514.49,50.6944009889583
40514.5,52.4181293568412
40514.51,50.7513126601113
40514.52,48.3922267264654
40514.53,46.4511024667207
40514.54,44.1748478072994
40514.55,45.0267317369441
40514.56,43.0505571367651
40514.57,43.4564197860886
40514.58,43.1861743570556
40514.59,42.6434533166363
40514.6,43.0724632967747
40514.61,41.108146132067
40514.62,41.1116247643421
40514.63,40.3323596877222
40514.64,39.8957921068407
40514.65,38.378734937306
40514.66,37.7175828852546
40514.67,36.5282466384336
40514.68,36.1061954562904
40514.69,36.5023264122778
40514.7,36.6957278411645
40514.71,35.9424454858342
40514.72,35.0794954639473
40514.73,35.5954879297533
40514.74,36.5724481497302
40514.75,36.9923713698777
40514.76,35.3591740862295
40514.77,34.531792857307
40514.78,34.2177441183468
40514.79,34.338658900931
40514.8,35.3362897609553
40514.81,34.1089412831934
40514.82,33.7611082563711
40514.83,34.3174374924242
40514.84,33.3712469277904
40514.85,33.7354416166426
40514.86,32.4196785061247
40514.87,32.3864261849283
40514.88,31.7621659609773
40514.89,30.2592453942636
40514.9,29.2888628545989
40514.91,29.488692450279
40514.92,28.261158364837
40514.93,26.1831972322137
40514.94,26.0091951186609
40514.95,25.9337984174243
40514.96,25.1562404054263
40514.97,26.9033039199072
40514.98,27.3524565544498
40514.99,27.289512464799
40515,26.0864824151635
40515.01,25.3854747414246
40515.02,24.4473354449694
40515.03,23.7480761777594
40515.04,23.7772705868119
40515.05,23.5267958865824
40515.06,23.6665613854626
40515.07,22.9832531082087
40515.08,23.8868320074886
40515.09,23.1940717615431
40515.1,22.5310180508509
40515.11,22.0669452841826
40515.12,21.7403756816489
40515.13,22.7440105858661
40515.14,22.5107394975835
40515.15,21.7322337483479
40515.16,21.9582668352209
40515.17,20.8764911284954
40515.18,21.8677937790179
40515.19,21.4347803440047
40515.2,20.9534292679829
40515.21,20.1189466336371
40515.22,19.7273999512608
40515.23,19.8500545965711
40515.24,20.0656722660494
40515.25,19.6334830648901
40515.26,18.255525247185
40515.27,18.398791743639
40515.28,18.5132424346517
40515.29,18.539126963708
40515.3,18.0197186592965
40515.31,18.7009015658227
40515.32,18.5605674717667
40515.33,18.3777407412328
40515.34,18.4437358330409
40515.35,18.8667067812096
40515.36,19.4091084764748
40515.37,18.7994890938879
40515.38,18.1518737008338
40515.39,17.5545994992517
40515.4,17.1087311810767
40515.41,17.6543762558312
40515.42,17.6148020588407
40515.43,17.8166503480399
40515.44,16.7963189508141
40515.45,17.6943348537453
40515.46,16.8529734454722
40515.47,16.9949996468589
40515.48,17.4175754459592
40515.49,16.638823655043
40515.5,15.5474024726057
40515.51,15.5043983191769
40515.52,14.7420867261266
40515.53,14.4937018516877
40515.54,14.2722434738778
40515.55,14.5896608618426
40515.56,14.7262484776412
40515.57,14.5659315479544
40515.58,14.7269199957243
40515.59,14.7106396598696
40515.6,14.7339112320083
40515.61,14.7840694405341
40515.62,14.250386385136
40515.63,13.5865933818331
40515.64,13.6740633298755
40515.65,13.4473197860074
40515.66,12.9172384250661
40515.67,12.4639197974802
40515.68,12.6845688961963
40515.69,11.9402337666929
40515.7,11.8034584716259
40515.71,11.4471721203787
40515.72,10.9240139838334
40515.73,10.9014944660785
40515.74,10.7828150995364
40515.75,10.5397987088673
40515.76,10.1611075766977
40515.77,10.1645631424723
40515.78,10.1463677198761
40515.79,10.2344917258349
40515.8,9.95654328498758
40515.81,10.0298124843995
40515.82,10.1775036363141
40515.83,10.0622313849575
40515.84,9.73591314924717
40515.85,9.15832956067569
40515.86,9.46004522570834
40515.87,9.57232444618888
40515.88,9.6992062194532
40515.89,9.63788071824289
40515.9,9.54762510109727
40515.91,9.66639852383187
40515.92,9.68359031605349
40515.93,9.85835088732607
40515.94,9.39668692429822
40515.95,9.26068411369704
40515.96,8.92655092894712
40515.97,9.07537518743476
40515.98,9.04825152303872
40515.99,8.87313717591415
40516,8.87318798724615
40516.01,8.60291464913365
40516.02,8.54506969268453
40516.03,8.32002629312026
40516.04,7.84707879898906
40516.05,7.6840206088811
40516.06,8.05221889806198
40516.07,7.76199326430014
40516.08,7.30656949625058
40516.09,7.39513656940948
40516.1,7.26939645742927
40516.11,7.05081653933761
40516.12,6.93717017867
40516.13,6.70267095490804
40516.14,6.79281750347415
40516.15,6.75588169335383
40516.16,6.48321551615646
40516.17,6.81138557734897
40516.18,6.58193031197548
40516.19,6.12393854945125
40516.2,6.21870342868531
40516.21,6.07415961255439
40516.22,5.9882939172171
40516.23,5.71343877478476
40516.24,5.48318868902155
40516.25,5.44281837800345
40516.26,5.62583006285877
40516.27,5.55979555950059
40516.28,5.51237399219065
40516.29,5.18581578084827
40516.3,5.20960381967989
40516.31,5.0639973209187
40516.32,4.87106774910718
40516.33,4.73481501237543
40516.34,4.50723408583673
40516.35,4.22341936729228
40516.36,3.81693080373847
40516.37,3.71766490962406
40516.38,3.64904204702702
40516.39,3.42934368121032
40516.4,3.40202119420763
40516.41,3.20173454245979
40516.42,3.01201157292813
40516.43,2.76067212810938
40516.44,2.6692646215736
40516.45,2.61338276618109
40516.46,2.50553905323937
40516.47,2.32169147129863
40516.48,2.14736270076771
40516.49,1.98245320628198
40516.5,1.95378356115416
40516.51,1.9368768056783
40516.52,1.81509269073626
40516.53,1.65588124531628
40516.54,1.53030952346861
40516.55,1.41521043410052
40516.56,1.43858641831233
40516.57,1.36475998504917
40516.58,1.33961423254065
40516.59,1.31084967812746
40516.6,1.22116083033852
40516.61,1.19337443506927
40516.62,1.12420162045694
40516.63,1.12942167282928
40516.64,1.11306364762254
40516.65,1.10669087543127
40516.66,1.09087530729783
40516.67,1.05443607437916
40516.68,0.98430014136962
40516.69,0.920532005324447
40516.7,0.918424891395916
40516.71,0.976600841157046
40516.72,0.957385575889253
40516.73,0.949674569846359
40516.74,0.946112474466274
40516.75,0.942040428273078
40516.76,0.936958340194809
40516.77,0.929224776610331
40516.78,0.896241979532255
40516.79,0.859103415607578
40516.8,0.84769179629689
40516.81,0.837018548828261
40516.82,0.779973485869537
40516.83,0.810290897721058
40516.84,0.749842230454201
40516.85,0.723561077729309
40516.86,0.679596673862548
40516.87,0.686331961234627
40516.88,0.650595905196671
40516.89,0.630962174002896
40516.9,0.604276031404623
40516.91,0.584036497339767
40516.92,0.563174431606302
40516.93,0.549302807260936
40516.94,0.51297697811389
40516.95,0.498698798755221
40516.96,0.467186395892245
40516.97,0.441751724328105
40516.98,0.422288305135638
40516.99,0.421537134013813
40517,0.406094635520857
40517.01,0.387275271114624
40517.02,0.37872544161487
40517.03,0.373210066397919
40517.04,0.368388653708201
40517.05,0.357342416774107
40517.06,0.345078183945156
40517.07,0.320733640801643
40517.08,0.321626911591006
40517.09,0.311157606626075
40517.1,0.293480066517566
40517.11,0.289256229377882
40517.12,0.275940260598505
40517.13,0.265622648199395
40517.14,0.260659136368993
40517.15,0.248572705162009
40517.16,0.232275960801961
40517.17,0.221866516295996
40517.18,0.210822561987416
40517.19,0.19199107076201
40517.2,0.183397866542738
40517.21,0.177435578313217
40517.22,0.164376643881305
40517.23,0.155999820682643
40517.24,0.148194100698126
40517.25,0.140458138421143
40517.26,0.130643127546133
40517.27,0.109308736314256
40517.28,0.101538010367333
40517.29,0.0951352674472744
40517.3,0.0874807486758666
40517.31,0.0745199225114564
40517.32,0.0680404839420873
40517.33,0.0611038064180676
40517.34,0.0488709952938278
40517.35,0.0379730486078089
40517.36,0.0289851357618333
40517.37,0.0207243683455857
40517.38,0.0120815761544754
40517.39,0.00354363215597373
40517.4,0
40517.41,0
40517.42,0
40517.43,0
40517.44,0
40517.45,0
40517.46,0
40517.47,0
40517.48,0
40517.49,0
40517.5,0
40517.51,0
40517.52,0
40517.53,0
40517.54,0
40517.55,0
40517.56,0
40517.57,0
40517.58,0
40517.59,0
40517.6,0
40517.61,0
40517.62,0
40517.63,0
40517.64,0
40517.65,0
40517.66,0
40517.67,0
40517.68,0
40517.69,0
40517.7,0
40517.71,0
40517.72,0
40517.73,0
40517.74,0
40517.75,0
40517.76,0
40517.77,0
40517.78,0
40517.79,0
40517.8,0
40517.81,0
40517.82,0
40517.83,0
40517.84,0
40517.85,0
40517.86,0
40517.87,0
40517.88,0
40517.89,0
40517.9,0
40517.91,0
40517.92,0
40517.93,0
40517.94,0
40517.95,0
40517.96,0
40517.97,0
40517.98,0
40517.99,0
40518,0
40518.01,0
40518.02,0
40518.03,0
40518.04,0
40518.05,0
40518.06,0
40518.07,0
40518.08,0
40518.09,0
40518.1,0
40518.11,0
40518.12,0
40518.13,0
40518.14,0
40518.15,0
40518.16,0
40518.17,0
40518.18,0
40518.19,0
40518.2,0
40518.21,0
40518.22,0
40518.23,0
40518.24,0
40518.25,0
40518.26,0
40518.27,0
40518.28,0
40518.29,0
40518.3,0
40518.31,0
40518.32,0
40518.33,0
40518.34,0
40518.35,0
40518.36,0
40518.37,0
40518.38,0
40518.39,0
40518.4,0
40518.41,0
40518.42,0
40518.43,0
40518.44,0
40518.45,0
40518.46,0
40518.47,0
40518.48,0
40518.49,0
40518.5,0
40518.51,0
40518.52,0
40518.53,0
40518.54,0
40518.55,0
40518.56,0
40518.57,0
40518.58,0
40518.59,0
40518.6,0
40518.61,0
40518.62,0
40518.63,0
40518.64,0
40518.65,0
40518.66,0
40518.67,0
40518.68,0
40518.69,0
40518.7,0
40518.71,0
40518.72,0
40518.73,0
40518.74,0
40518.75,0
40518.76,0
40518.77,0
40518.78,0
40518.79,0
40518.8,0
40518.81,0
40518.82,0
40518.83,0
40518.84,0
40518.85,0
40518.86,0
40518.87,0
40518.88,0
40518.89,0
40518.9,0
40518.91,0
40518.92,0
40518.93,0
40518.94,0
40518.95,0
40518.96,0
40518.97,0
40518.98,0
40518.99,0
40519,0
40519.01,0
40519.02,0
40519.03,0
40519.04,0
40519.05,0
40519.06,0
40519.07,0
40519.08,0
40519.09,0
40519.1,0
40519.11,0
40519.12,0
40519.13,0
40519.14,0
40519.15,0
40519.16,0
40519.17,0
40519.18,0
40519.19,0
40519.2,0
40519.21,0
40519.22,0
40519.23,0
40519.24,0
40519.25,0
40519.26,0
40519.27,0
40519.28,0
40519.29,0
40519.3,0
40519.31,0
40519.32,0
40519.33,0
40519.34,0
40519.35,0
40519.36,0
40519.37,0
40519.38,0
40519.39,0
40519.4,0
40519.41,0
40519.42,0
40519.43,0
40519.44,0
40519.45,0
40519.46,0
40519.47,0
40519.48,0
40519.49,0
40519.5,0
40519.51,0
40519.52,0
40519.53,0
40519.54,0
40519.55,0
40519.56,0
40519.57,0
40519.58,0
40519.59,0
40519.6,0
40519.61,0
40519.62,0
40519.63,0
40519.64,0
40519.65,0
40519.66,0
40519.67,0
40519.68,0
40519.69,0
40519.7,0
40519.71,0
40519.72,0
40519.73,0
40519.74,0
40519.75,0
40519.76,0
40519.77,0
40519.78,0
40519.79,0
40519.8,0
40519.81,0
40519.82,0
40519.83,0
40519.84,0
40519.85,0
40519.86,0
40519.87,0
40519.88,0
40519.89,0
40519.9,0
40519.91,0
40519.92,0
40519.93,0
40519.94,0
40519.95,0
40519.96,0
40519.97,0
40519.98,0
40519.99,0
40520,0
40520.01,0
40520.02,0
40520.03,0
40520.04,0
40520.05,0
40520.06,0
40520.07,0
40520.08,0
40520.09,0
40520.1,0
40520.11,0
40520.12,0
40520.13,0
40520.14,0
40520.15,0
40520.16,0
40520.17,0
40520.18,0
40520.19,0
40520.2,0
40520.21,0
40520.22,0
40520.23,0
40520.24,0
40520.25,0
40520.26,0
40520.27,0
40520.28,0
40520.29,0
40520.3,0
40520.31,0
40520.32,0
40520.33,0
40520.34,0
40520.35,0
40520.36,0
40520.37,0
40520.38,0
40520.39,0
40520.4,0
40520.41,0
40520.42,0
40520.43,0
40520.44,0
40520.45,0
40520.46,0
40520.47,0
40520.48,0
40520.49,0
40520.5,0
40520.51,0
40520.52,0
40520.53,0
40520.54,0
40520.55,0
40520.56,0
40520.57,0
40520.58,0
40520.59,0
40520.6,0
40520.61,0
40520.62,0
40520.63,0
40520.64,0
40520.65,0
40520.66,0
40520.67,0
40520.68,0
40520.69,0
40520.7,0
40520.71,0
40520.72,0
40520.73,0
40520.74,0
40520.75,0
40520.76,0
40520.77,0
40520.78,0
40520.79,0
40520.8,0
40520.81,0
40520.82,0
40520.83,0
40520.84,0
40520.85,0
40520.86,0
40520.87,0
40520.88,0
40520.89,0
40520.9,0
40520.91,0
40520.92,0
40520.93,0
40520.94,0
40520.95,0
40520.96,0
40520.97,0
40520.98,0
40520.99,0
40521,0
40521.01,0
40521.02,0
40521.03,0
40521.04,0
40521.05,0
40521.06,0
40521.07,0
40521.08,0
40521.09,0
40521.1,0
40521.11,0
40521.12,0
40521.13,0
40521.14,0
40521.15,0
40521.16,0
40521.17,0
40521.18,0
40521.19,0
40521.2,0
40521.21,0
40521.22,0
40521.23,0
40521.24,0
40521.25,0
40521.26,0
40521.27,0
40521.28,0
40521.29,0
40521.3,0
40521.31,0
40521.32,0
40521.33,0
40521.34,0
40521.35,0
40521.36,0
40521.37,0
40521.38,0
40521.39,0
40521.4,0
40521.41,0
40521.42,0
40521.43,0
40521.44,0
40521.45,0
40521.46,0
40521.47,0
40521.48,0
40521.49,0
40521.5,0
40521.51,0
40521.52,0
40521.53,0
40521.54,0
40521.55,0
40521.56,0
40521.57,0
40521.58,0
40521.59,0
40521.6,0
40521.61,0
40521.62,0
40521.63,0
40521.64,0
40521.65,0
40521.66,0
40521.67,0
40521.68,0
40521.69,0
40521.7,0
40521.71,0
40521.72,0
40521.73,0
40521.74,0
40521.75,0
40521.76,0
40521.77,0
40521.78,0
40521.79,0
40521.8,0
40521.81,0
40521.82,0
40521.83,0
40521.84,0
40521.85,0
40521.86,0
40521.87,0
40521.88,0
40521.89,0
40521.9,0
40521.91,0
40521.92,0
40521.93,0
40521.94,0
40521.95,0
40521.96,0
40521.97,0
40521.98,0
40521.99,0
40522,0
40522.01,0
40522.02,0
40522.03,0
40522.04,0
40522.05,0
40522.06,0
40522.07,0
40522.08,0
40522.09,0
40522.1,0
40522.11,0
40522.12,0
40522.13,0
40522.14,0
40522.15,0
40522.16,0
40522.17,0
40522.18,0
40522.19,0
40522.2,0
40522.21,0
40522.22,0
40522.23,0
40522.24,0
40522.25,0
40522.26,0
40522.27,0
40522.28,0
40522.29,0
40522.3,0
40522.31,0
40522.32,0
40522.33,0
40522.34,0
40522.35,0
40522.36,0
40522.37,0
40522.38,0
40522.39,0
40522.4,0
40522.41,0
40522.42,0
40522.43,0
40522.44,0
40522.45,0
40522.46,0
40522.47,0
40522.48,0
40522.49,0
40522.5,0
40522.51,0
40522.52,0
40522.53,0
40522.54,0
40522.55,0
40522.56,0
40522.57,0
40522.58,0
40522.59,0
40522.6,0
40522.61,0
40522.62,0
40522.63,0
40522.64,0
40522.65,0
40522.66,0
40522.67,0
40522.68,0
40522.69,0
40522.7,0
40522.71,0
40522.72,0
40522.73,0
40522.74,0
40522.75,0
40522.76,0
40522.77,0
40522.78,0
40522.79,0
40522.8,0
40522.81,0
40522.82,0
40522.83,0
40522.84,0
40522.85,0
40522.86,0
40522.87,0
40522.88,0
40522.89,0
40522.9,0
40522.91,0
40522.92,0
40522.93,0
40522.94,0
40522.95,0
40522.96,0
40522.97,0
40522.98,0
40522.99,0
40523,0
40523.01,0
40523.02,0
40523.03,0
40523.04,0
40523.05,0
40523.06,0
40523.07,0
40523.08,0
40523.09,0
40523.1,0
40523.11,0
40523.12,0
40523.13,0
40523.14,0
40523.15,0
40523.16,0
40523.17,0
40523.18,0
40523.19,0
40523.2,0
40523.21,0
40523.22,0
40523.23,0
40523.24,0
40523.25,0
40523.26,0
40523.27,0
40523.28,0
40523.29,0
40523.3,0
40523.31,0
40523.32,0
40523.33,0
40523.34,0
40523.35,0
40523.36,0
40523.37,0
40523.38,0
40523.39,0
40523.4,0
40523.41,0
40523.42,0
40523.43,0
40523.44,0
40523.45,0
40523.46,0
40523.47,0
40523.48,0
40523.49,0
40523.5,0
40523.51,0
40523.52,0
40523.53,0
40523.54,0
40523.55,0
40523.56,0
40523.57,0
40523.58,0
40523.59,0
40523.6,0
40523.61,0
40523.62,0
40523.63,0
40523.64,0
40523.65,0
40523.66,0
40523.67,0
40523.68,0
40523.69,0
40523.7,0
40523.71,0
40523.72,0
40523.73,0
40523.74,0
40523.75,0
40523.76,0
40523.77,0
40523.78,0
40523.79,0
40523.8,0
40523.81,0
40523.82,0
40523.83,0
40523.84,0
40523.85,0
40523.86,0
40523.87,0
40523.88,0
40523.89,0
40523.9,0
40523.91,0
40523.92,0
40523.93,0
40523.94,0
40523.95,0
40523.96,0
40523.97,0
40523.98,0
40523.99,0
40524,0
40524.01,0
40524.02,0
40524.03,0
40524.04,0
40524.05,0
40524.06,0
40524.07,0
40524.08,0
40524.09,0
40524.1,0
40524.11,0
40524.12,0
40524.13,0
40524.14,0
40524.15,6.98477402292989E-10
40524.16,0.136341269196937
40524.17,2.98499067839498
40524.18,10.4895058560914
40524.19,23.956216819281
40524.2,40.8282635829973
40524.21,55.750494478277
40524.22,70.7839313943526
40524.23,96.4705747499988
40524.24,96.1025526301554
40524.25,95.0052229192525
40524.26,95.1169825146012
40524.27,97.1918154134742
40524.28,92.4132083223796
40524.29,95.878650812887
40524.3,100.160116208848
40524.31,104.348034608896
40524.32,106.107716912975
40524.33,104.772941962571
40524.34,107.524425063596
40524.35,110.469896048004
40524.36,114.663566967821
40524.37,122.1368666429
40524.38,124.556449624591
40524.39,129.903657563187
40524.4,116.284804035792
40524.41,119.490514194502
40524.42,118.471505701007
40524.43,119.127581712468
40524.44,117.933497797819
40524.45,116.661523239226
40524.46,118.855982875779
40524.47,119.781977054805
40524.48,117.910036022823
40524.49,116.394775419584
40524.5,118.437122354613
40524.51,121.022236337669
40524.52,118.019844262911
40524.53,119.048780944297
40524.54,124.092543187453
40524.55,133.750011112659
40524.56,153.021559189017
40524.57,176.384502893183
40524.58,212.607224467835
40524.59,248.931078412159
40524.6,281.726939991316
40524.61,323.727324447629
40524.62,393.268528254514
40524.63,442.980334480184
40524.64,526.406158944082
40524.65,656.935162355183
40524.66,791.769005916593
40524.67,874.03315186575
40524.68,997.334239568752
40524.69,1194.96182028175
40524.7,1241.73164241434
40524.71,1343.72684205142
40524.72,1445.1493932818
40524.73,1407.85157181259
40524.74,1344.21218380156
40524.75,1314.88886980006
40524.76,1306.54618251267
40524.77,1266.3620443544
40524.78,878.282218409844
40524.79,859.155397329623
40524.8,845.072794046502
40524.81,796.661010294513
40524.82,756.8034057102
40524.83,713.934164359006
40524.84,690.569532191895
40524.85,677.980820764922
40524.86,676.731436130502
40524.87,633.137506585235
40524.88,598.999316757034
40524.89,550.881202304864
40524.9,516.039173239866
40524.91,501.331582168055
40524.92,504.232767015379
40524.93,501.290939307572
40524.94,467.494166200396
40524.95,446.321566177837
40524.96,453.300170924149
40524.97,443.406262604073
40524.98,431.260075912771
40524.99,420.504685101766
40525,400.880645415327
40525.01,389.006685674473
40525.02,380.716791960133
40525.03,362.666759883936
40525.04,337.352931577715
40525.05,329.167690289263
40525.06,332.865328779897
40525.07,315.753545817151
40525.08,307.477414349735
40525.09,302.243347087586
40525.1,303.032376700076
40525.11,295.758179566835
40525.12,277.752661350645
40525.13,273.566993935645
40525.14,260.465926286571
40525.15,252.352681059407
40525.16,253.14439913435
40525.17,248.194246387068
40525.18,238.784841050821
40525.19,239.70251633405
40525.2,234.912761489025
40525.21,221.759113562392
40525.22,211.495101339598
40525.23,211.059258984264
40525.24,208.99915491388
40525.25,192.585461850347
40525.26,176.025797842762
40525.27,172.628871503561
40525.28,168.6659806951
40525.29,155.153294974638
40525.3,152.680919456058
40525.31,149.689583726228
40525.32,139.213083753826
40525.33,134.11518588442
40525.34,135.343253720142
40525.35,130.614955876351
40525.36,123.640251205404
40525.37,119.567433462345
40525.38,122.57195081768
40525.39,113.291005826144
40525.4,110.202631205447
40525.41,108.861032795252
40525.42,107.979957579258
40525.43,109.143259663941
40525.44,102.571096358731
40525.45,105.437841750328
40525.46,108.098621801185
40525.47,107.397645454587
40525.48,104.400995973709
40525.49,99.2594352927673
40525.5,95.2947828967909
40525.51,92.5168262514654
40525.52,89.3491273455335
40525.53,89.5118677903544
40525.54,84.5956988452828
40525.55,83.0360471871387
40525.56,84.7387315057842
40525.57,82.5309980342109
40525.58,79.3546850915357
40525.59,83.6924133834835
40525.6,85.3095493006961
40525.61,80.3299185719781
40525.62,80.0701770748803
40525.63,79.7310713817077
40525.64,78.0663895255068
40525.65,76.30089300682
40525.66,77.5636135891766
40525.67,76.0763632957176
40525.68,74.5379103536314
40525.69,71.1775249839657
40525.7,72.5143376964187
40525.71,71.4862299028616
40525.72,69.9702892723691
40525.73,68.7990402987983
40525.74,66.2794901115099
40525.75,63.6882139586618
40525.76,61.6967488581862
40525.77,65.2754793462143
40525.78,65.1204675114001
40525.79,65.4269779526224
40525.8,65.6834204936419
40525.81,63.7349155926154
40525.82,62.3084535829793
40525.83,62.0753558370196
40525.84,61.1198787985905
40525.85,60.3047053390671
40525.86,61.9783919526812
40525.87,62.346685918407
40525.88,63.1237607073055
40525.89,62.4554712611452
40525.9,59.1416332909223
40525.91,56.646101831802
40525.92,59.3165397209832
40525.93,54.9032177438249
40525.94,55.5225437712915
40525.95,57.3536164916321
40525.96,59.2304036583309
40525.97,60.8238006411367
40525.98,57.812601980046
40525.99,57.3635015359579
40526,54.0868320819867
40526.01,53.5450840176051
40526.02,53.82889224281
40526.03,54.6862865142653
40526.04,52.1590753318416
40526.05,49.7911904103021
40526.06,48.56595036812
40526.07,46.3367320950122
40526.08,47.195079944749
40526.09,47.4931179793692
40526.1,46.9880637239954
40526.11,46.1332925399217
40526.12,43.7203177019792
40526.13,44.2520687272358
40526.14,46.1877621655701
40526.15,44.8357933253629
40526.16,43.1768616759446
40526.17,42.8200787172443
40526.18,41.4255206706347
40526.19,40.366656433057
40526.2,40.1946892641893
40526.21,39.1624595786785
40526.22,39.1356496836895
40526.23,37.8842670549501
40526.24,37.7841805991382
40526.25,35.7792258715179
40526.26,37.0108155922928
40526.27,38.092799979091
40526.28,37.0677030290809
40526.29,36.6030570769627
40526.3,34.4015557687816
40526.31,33.3892477762058
40526.32,34.5379871083161
40526.33,33.3440721681864
40526.34,30.873806232958
40526.35,30.0557608924942
40526.36,29.9675704842405
40526.37,28.8154657678568
40526.38,28.1047988085769
40526.39,27.7266859220408
40526.4,27.1473313527223
40526.41,25.8528195719261
40526.42,25.9603995129321
40526.43,25.9995002103412
40526.44,25.4320299226009
40526.45,25.1391870625178
40526.46,26.310169107337
40526.47,25.9234658538121
40526.48,24.9193186463887
40526.49,24.8187139035656
40526.5,23.0434644321687
40526.51,22.8652667078659
40526.52,21.4788582928637
40526.53,20.3711824046144
40526.54,19.2624574340977
40526.55,18.8810243782059
40526.56,18.6972118088473
40526.57,18.0354530794325
40526.58,17.9025406426281
40526.59,17.8798855427925
40526.6,17.5961254828072
40526.61,18.1509340997195
40526.62,18.6761801529499
40526.63,18.6226722322697
40526.64,18.9388223004824
40526.65,19.1054563354145
40526.66,17.9867418597985
40526.67,17.8671143072063
40526.68,16.7142435483625
40526.69,16.724504390794
40526.7,16.7517796441517
40526.71,16.384112271655
40526.72,16.6683900822351
40526.73,15.8731210656702
40526.74,16.2277828992498
40526.75,16.2693008655841
40526.76,15.8155517040861
40526.77,15.6709018036917
40526.78,14.9700964306113
40526.79,14.9282372987406
40526.8,14.6440652547815
40526.81,15.2193734675484
40526.82,14.492007610908
40526.83,14.7705047403448
40526.84,14.5835207450642
40526.85,13.7812709122346
40526.86,13.2990375722521
40526.87,12.793439729738
40526.88,11.5740351414856
40526.89,11.0679843590258
40526.9,10.8995595528407
40526.91,10.9366246176195
40526.92,11.1761325201044
40526.93,10.4605139269215
40526.94,10.1509311025523
40526.95,9.61957745654908
40526.96,9.26866558047185
40526.97,9.30204125098164
40526.98,9.05062357450994
40526.99,8.71285542533951
40527,8.57403013155579
40527.01,8.3271544485423
40527.02,8.3280288695194
40527.03,8.74055319237934
40527.04,8.6594970580101
40527.05,8.53416356353601
40527.06,8.53130347163565
40527.07,8.23864454496401
40527.08,8.19496641229227
40527.09,7.92921587117761
40527.1,7.96876045875635
40527.11,7.97830662313877
40527.12,7.60196621642155
40527.13,7.63411569580789
40527.14,7.52543763308121
40527.15,7.44495984687576
40527.16,7.17590731538255
40527.17,6.98931653003937
40527.18,6.91474142528786
40527.19,6.6765275060231
40527.2,6.43139178909775
40527.21,6.37647821283004
40527.22,6.07229659408268
40527.23,5.90575666366801
40527.24,5.81184260119524
40527.25,5.47064142119499
40527.26,5.31592942242706
40527.27,5.26675856374645
40527.28,5.23070825023462
40527.29,4.8843685542532
40527.3,4.60393421462025
40527.31,4.28982449496624
40527.32,4.09795216607883
40527.33,3.81849433916946
40527.34,3.75392579246847
40527.35,3.56903820028678
40527.36,3.38428998852881
40527.37,3.37451717587169
40527.38,3.05674078624224
40527.39,2.94620206318469
40527.4,2.86877255260799
40527.41,2.80195572432191
40527.42,2.67625099502538
40527.43,2.47087558447662
40527.44,2.55142348435695
40527.45,2.49002082259969
40527.46,2.54694571348848
40527.47,2.52557848080855
40527.48,2.56277676351823
40527.49,2.46320475332348
40527.5,2.3760254740584
40527.51,2.17192319871067
40527.52,2.16188907904343
40527.53,2.2122652518449
40527.54,2.14366513095163
40527.55,2.17869438537991
40527.56,2.19414073861913
40527.57,2.17928634345295
40527.58,2.12010129965096
40527.59,2.03878115985634
40527.6,2.02044064524273
40527.61,1.99793642257257
40527.62,1.91104645016663
40527.63,1.88839741403541
40527.64,1.82363053188364
40527.65,1.73759242393328
40527.66,1.68101242970449
40527.67,1.63959550793358
40527.68,1.57433666715826
40527.69,1.5755708316249
40527.7,1.52960904515276
40527.71,1.44062348008326
40527.72,1.32319341441768
40527.73,1.2515955059181
40527.74,1.22360302761053
40527.75,1.14688873895595
40527.76,1.08304195990839
40527.77,1.07424328471032
40527.78,1.08981117958653
40527.79,1.07668763802485
40527.8,1.14618588579691
40527.81,1.05411332858104
40527.82,0.990826393116933
40527.83,1.02821319107223
40527.84,0.969382406428059
40527.85,0.934395729094335
40527.86,0.958437144181586
40527.87,0.94232256066142
40527.88,0.918821527115324
40527.89,0.903905825366246
40527.9,0.904100263972852
40527.91,0.908760986169604
40527.92,0.886407675384541
40527.93,0.883897954148648
40527.94,0.92880761816142
40527.95,0.92761436842436
40527.96,0.90048836741537
40527.97,0.910462200538479
40527.98,0.867087929897895
40527.99,0.856693695356861
40528,0.854436952888195
40528.01,0.880201560554652
40528.02,0.895040993288004
40528.03,0.880137381120328
40528.04,0.878137522809331
40528.05,0.898619597939361
40528.06,0.919028735482465
40528.07,0.913841131177676
40528.08,0.895366682868986
40528.09,0.897949021102082
40528.1,0.843075745789567
40528.11,0.79399971930472
40528.12,0.747095040983097
40528.13,0.750191975555522
40528.14,0.762336864499456
40528.15,0.746883291773167
40528.16,0.755980712572874
40528.17,0.746200500411037
40528.18,0.781828852339144
40528.19,0.754300948499412
40528.2,0.743510765424656
40528.21,0.730836778394868
40528.22,0.738877489484843
40528.23,0.72096272866015
40528.24,0.713286501730411
40528.25,0.712542154155957
40528.26,0.701938931303719
40528.27,0.710842557019827
40528.28,0.765498573008074
40528.29,0.753394076939612
40528.3,0.705596920728116
40528.31,0.740753457138136
40528.32,0.734703206503425
40528.33,0.723419191462829
40528.34,0.710402187172455
40528.35,0.699134850195712
40528.36,0.666223133851302
40528.37,0.70275328792093
40528.38,0.73589806928495
40528.39,0.696878151505556
40528.4,0.693395189050223
40528.41,0.665455353363758
40528.42,0.695716885600205
40528.43,0.811816102470923
40528.44,1.08553389938825
40528.45,1.5734943827081
40528.46,2.38465726215409
40528.47,3.7636092810873
40528.48,22.2783430472621
40528.49,22.3795919549182
40528.5,24.1266002090553
40528.51,25.4971206721263
40528.52,27.264857037119
40528.53,27.9124764082506
40528.54,35.1586416674398
40528.55,45.7316866286681
40528.56,55.7920020856137
40528.57,67.9539600737372
40528.58,82.1037396811163
40528.59,91.833903379926
40528.6,98.2141301958418
40528.61,111.185974466572
40528.62,115.374883773363
40528.63,120.001031292638
40528.64,121.748342247787
40528.65,110.925872216833
40528.66,111.274338506731
40528.67,109.279174296535
40528.68,104.992734300721
40528.69,106.207633659942
40528.7,100.849976719511
40528.71,97.3105596243381
40528.72,95.1556681549576
40528.73,98.5573456682483
40528.74,99.5068428130921
40528.75,99.8555876580701
40528.76,100.307648142898
40528.77,99.6856235501583
40528.78,96.8055911515193
40528.79,93.453575678247
40528.8,87.1163199041172
40528.81,82.5979121653
40528.82,80.729034729663
40528.83,78.7929710121067
40528.84,79.2348615436829
40528.85,76.6652235995483
40528.86,71.9104440770347
40528.87,74.0762985088659
40528.88,72.022336249654
40528.89,67.0417909965698
40528.9,69.8650903996854
40528.91,66.9536132772375
40528.92,67.6280170379274
40528.93,63.3751796560059
40528.94,61.7295329709337
40528.95,60.2014889220432
40528.96,59.1673329173318
40528.97,55.1447430903049
40528.98,55.9863142201615
40528.99,55.5495287106374
40529,54.0374135699256
40529.01,52.6683466397526
40529.02,50.2359574185573
40529.03,48.156123268038
40529.04,47.300521158708
40529.05,47.1849522691717
40529.06,46.1264032200155
40529.07,45.1198164791153
40529.08,46.2869872032723
40529.09,43.2881137414197
40529.1,39.9710096844171
40529.11,39.7926003135052
40529.12,39.4003194129813
40529.13,37.9425362927374
40529.14,38.0030250580801
40529.15,38.3134743308593
40529.16,38.9766582518635
40529.17,38.3280410153996
40529.18,39.020115598402
40529.19,39.1218152344765
40529.2,38.43043692761
40529.21,37.9411656900953
40529.22,35.7657961869994
40529.23,36.8729740436868
40529.24,36.9676081651173
40529.25,35.4848144557093
40529.26,36.2709690324199
40529.27,33.865345247019
40529.28,34.6239971891331
40529.29,34.378460817064
40529.3,33.4440517076606
40529.31,32.0244569363323
40529.32,32.3252981399439
40529.33,32.8279289329765
40529.34,31.9677177072819
40529.35,31.9142343996295
40529.36,33.0753523788001
40529.37,31.2386924110623
40529.38,31.6272875778761
40529.39,30.2462012291608
40529.4,30.4710591780967
40529.41,30.9746068911191
40529.42,30.2940530705636
40529.43,30.5646250647432
40529.44,32.1669577222451
40529.45,30.0856137853496
40529.46,31.1784716053873
40529.47,30.5713884875614
40529.48,29.497902758836
40529.49,28.6301618136977
40529.5,28.5737660352741
40529.51,29.5197126700321
40529.52,29.1828172031913
40529.53,28.9218245724029
40529.54,27.7856977794161
40529.55,26.2172295397516
40529.56,26.3076651009221
40529.57,25.4554490052552
40529.58,23.1112501889356
40529.59,22.7419025030532
40529.6,21.8817703713122
40529.61,20.860057545412
40529.62,20.0099476288609
40529.63,20.4255866556718
40529.64,19.6459740676861
40529.65,19.7356597537112
40529.66,19.175723093881
40529.67,18.2801454992366
40529.68,18.8303651110893
40529.69,18.9569431308364
40529.7,19.5283584777516
40529.71,19.2488188760992
40529.72,19.3458373026846
40529.73,20.2117297747472
40529.74,19.55769602082
40529.75,19.7237761757034
40529.76,19.4389565537765
40529.77,19.3986024798709
40529.78,18.4587409705253
40529.79,17.9105502399636
40529.8,16.630160945559
40529.81,16.4742912693441
40529.82,16.3544943665667
40529.83,15.7430630612437
40529.84,16.1614384182085
40529.85,16.0835851586374
40529.86,15.8712486680451
40529.87,15.0532611729838
40529.88,14.7344387439184
40529.89,14.8671042859443
40529.9,14.1997835923515
40529.91,13.57307982676
40529.92,13.2098181341735
40529.93,12.8840105769432
40529.94,12.922636459325
40529.95,12.8113664534527
40529.96,12.2162474777156
40529.97,12.3047770385984
40529.98,12.1757591750276
40529.99,12.1801873630092
40530,11.5904091142887
40530.01,11.2960951851651
40530.02,11.1225583771128
40530.03,11.0915962848682
40530.04,10.9675128590108
40530.05,10.3837442404757
40530.06,10.6491190018912
40530.07,10.3769452125538
40530.08,10.1692357709564
40530.09,10.4173784116576
40530.1,10.1199972700489
40530.11,9.91013425600075
40530.12,9.91749651210426
40530.13,9.87059108725592
40530.14,9.32155792897845
40530.15,9.14723426799729
40530.16,9.36310376723648
40530.17,10.2453359699676
40530.18,9.7837949118736
40530.19,9.97316615674009
40530.2,9.98897559652407
40530.21,9.88389634796901
40530.22,9.97582712414657
40530.23,9.47011754921513
40530.24,9.1839965469181
40530.25,8.78604611008483
40530.26,8.73694384041951
40530.27,8.81700238075402
40530.28,8.54385742378551
40530.29,8.41603805627916
40530.3,8.44824805062314
40530.31,8.1296421358058
40530.32,7.76837297372266
40530.33,6.97243155930777
40530.34,6.59903010023967
40530.35,6.48114641211523
40530.36,6.27552153423986
40530.37,6.04622749017665
40530.38,6.26775797860492
40530.39,6.25837582894137
40530.4,6.3549767952876
40530.41,6.48075386060412
40530.42,6.45463689645446
40530.43,6.55261105784476
40530.44,6.24963466335552
40530.45,6.36388429136217
40530.46,6.20746508877823
40530.47,5.91138982359867
40530.48,5.45249188628377
40530.49,5.60030853108477
40530.5,5.29360556802472
40530.51,5.38669902961008
40530.52,5.17515030444657
40530.53,5.14914065895012
40530.54,5.2642579559547
40530.55,5.20054961136673
40530.56,4.97247191503519
40530.57,4.87911062351316
40530.58,4.78560346687215
40530.59,4.56846776864474
40530.6,4.46796095049028
40530.61,4.27394003817927
40530.62,4.18861786352909
40530.63,4.20473920710132
40530.64,4.2870702575383
40530.65,4.11799957157942
40530.66,4.04102331411003
40530.67,4.08294898754453
40530.68,4.16764809974755
40530.69,4.16536710582371
40530.7,4.26838416037305
40530.71,4.28082038155841
40530.72,4.03608791881375
40530.73,3.87322594068441
40530.74,4.02916426749302
40530.75,3.90103330718282
40530.76,3.83071656285649
40530.77,3.63889967321609
40530.78,3.5295347218067
40530.79,3.48966874408345
40530.8,3.37148753614356
40530.81,3.56483948738312
40530.82,3.46207277068458
40530.83,3.56789181288588
40530.84,3.40359217785867
40530.85,3.24633161269467
40530.86,3.03728447223871
40530.87,2.95519747513101
40530.88,2.90833453990866
40530.89,2.75095626074205
40530.9,2.62600253965889
40530.91,2.75899328319693
40530.92,2.74257010103516
40530.93,2.70484884770486
40530.94,2.64476923350178
40530.95,2.656735024717
40530.96,2.5302106107194
40530.97,2.43013834708413
40530.98,2.33050724327726
40530.99,2.2058570645025
40531,2.13224096053065
40531.01,2.17988156559083
40531.02,2.13977897100768
40531.03,2.15783220253837
40531.04,2.05607923645654
40531.05,2.09015916167738
40531.06,2.07512829663247
40531.07,2.04659872215779
40531.08,1.95404788366911
40531.09,1.80769289818017
40531.1,1.78443424763786
40531.11,1.7156485820417
40531.12,1.64395328472624
40531.13,1.60296291572057
40531.14,1.53410985773567
40531.15,1.58537698634711
40531.16,1.54834161805505
40531.17,1.49552617748326
40531.18,1.47473961706275
40531.19,1.47443793904715
40531.2,1.40110601240269
40531.21,1.3639398243162
40531.22,1.32724794479704
40531.23,1.33389289455069
40531.24,1.29778516847875
40531.25,1.23578670658267
40531.26,1.22269412656633
40531.27,1.19798637071027
40531.28,1.17203192974699
40531.29,1.1389361612296
40531.3,1.06267055077705
40531.31,1.0253038560706
40531.32,0.982948512648332
40531.33,0.937328570925479
40531.34,0.906505679955454
40531.35,0.856571501705853
40531.36,0.820616743878063
40531.37,0.787045758369658
40531.38,0.779965129650432
40531.39,0.764178794048816
40531.4,0.73508491733906
40531.41,0.719779205684969
40531.42,0.706571797361784
40531.43,0.685802580446578
40531.44,0.65883873983771
40531.45,0.623374288854561
40531.46,0.568742870670871
40531.47,0.536146277512943
40531.48,0.52531498781977
40531.49,0.499777632845182
40531.5,0.465046205138175
40531.51,0.420749290420266
40531.52,0.382980914433061
40531.53,0.341045200332174
40531.54,0.312369122468136
40531.55,0.278621921648381
40531.56,0.261490521851848
40531.57,0.219856806181888
40531.58,0.181169387585419
40531.59,0.153209387763424
40531.6,0.119132338662374
40531.61,0.0864340472702855
40531.62,0.0646073437238687
40531.63,0.0632133947679961
40531.64,0.0606130958817869
40531.65,0.0547148239110587
40531.66,0.053414499495916
40531.67,0.0483503787610404
40531.68,0.0486205514605124
40531.69,0.0481623801251047
40531.7,0.0480532015298774
40531.71,0.049093824301435
40531.72,0.0509097729908818
40531.73,0.0494675578991741
40531.74,0.047730086073762
40531.75,0.0460741016949751
40531.76,0.0457462645694812
40531.77,0.041292396681879
40531.78,0.0391496607926218
40531.79,0.0373914709934105
40531.8,0.0354415199069968
40531.81,0.0350882994625673
40531.82,0.0338942176934669
40531.83,0.0327706989786038
40531.84,0.0319131996855662
40531.85,0.0302054149548405
40531.86,0.0282953737030852
40531.87,0.0273406598518707
40531.88,0.0248733352761868
40531.89,0.0232034241586614
40531.9,0.0205779233342749
40531.91,0.018701851443668
40531.92,0.0174417419309822
40531.93,0.0164302015164771
40531.94,0.0143518082469052
40531.95,0.013027302807094
40531.96,0.0112269152944794
40531.97,0.0097427674574367
40531.98,0.00820444340792637
40531.99,0.00705107020748562
40532,0.00540153030202345
40532.01,0.00392265123266641
40532.02,0.00241837392933925
40532.03,0.00103438650345986
40532.04,0
40532.05,0
40532.06,0
40532.07,0
40532.08,0
40532.09,0
40532.1,0
40532.11,0
40532.12,0
40532.13,0
40532.14,0
40532.15,0
40532.16,0
40532.17,0
40532.18,0
40532.19,0
40532.2,0
40532.21,0
40532.22,0
40532.23,0
40532.24,0
40532.25,0
40532.26,0
40532.27,0
40532.28,0
40532.29,0
40532.3,0
40532.31,0
40532.32,0
40532.33,0
40532.34,0
40532.35,0
40532.36,0
40532.37,0
40532.38,0
40532.39,0
40532.4,0
40532.41,0
40532.42,0
40532.43,0
40532.44,0
40532.45,0
40532.46,0
40532.47,0
40532.48,0
40532.49,0
40532.5,0
40532.51,0
40532.52,0
40532.53,0
40532.54,0
40532.55,0
40532.56,0
40532.57,0
40532.58,0
40532.59,0
40532.6,0
40532.61,0
40532.62,0
40532.63,0
40532.64,0
40532.65,0
40532.66,0
40532.67,0
40532.68,0
40532.69,0
40532.7,0
40532.71,0
40532.72,0
40532.73,0
40532.74,0
40532.75,0
40532.76,0
40532.77,0
40532.78,0
40532.79,0
40532.8,0
40532.81,0
40532.82,0
40532.83,0
40532.84,0
40532.85,0
40532.86,0
40532.87,0
40532.88,0
40532.89,0
40532.9,0
40532.91,0
40532.92,0
40532.93,0
40532.94,0
40532.95,0
40532.96,0
40532.97,0
40532.98,0
40532.99,0
40533,0
40533.01,0
40533.02,0
40533.03,0
40533.04,0
40533.05,0
40533.06,0
40533.07,0
40533.08,0
40533.09,0
40533.1,0
40533.11,0
40533.12,0
40533.13,0
40533.14,0
40533.15,0
40533.16,0
40533.17,0
40533.18,0
40533.19,0
40533.2,0
40533.21,0
40533.22,0
40533.23,0
40533.24,0
40533.25,0
40533.26,0
40533.27,0
40533.28,0
40533.29,0
40533.3,0
40533.31,0
40533.32,0
40533.33,0
40533.34,0
40533.35,0
40533.36,0
40533.37,0
40533.38,0
40533.39,0
40533.4,0
40533.41,0
40533.42,0
40533.43,0
40533.44,0
40533.45,0
40533.46,0
40533.47,0
40533.48,0
40533.49,0
40533.5,0
40533.51,0
40533.52,0
40533.53,0
40533.54,0
40533.55,0
40533.56,0
40533.57,0
40533.58,0
40533.59,0
40533.6,0
40533.61,0
40533.62,0
40533.63,0
40533.64,0
40533.65,0
40533.66,0
40533.67,0
40533.68,0
40533.69,0
40533.7,0
40533.71,0
40533.72,0
40533.73,0
40533.74,0
40533.75,0
40533.76,0
40533.77,0
40533.78,0
40533.79,0
40533.8,0
40533.81,0
40533.82,0
40533.83,0
40533.84,0
40533.85,0
40533.86,0
40533.87,0
40533.88,0
40533.89,0
40533.9,0
40533.91,0
40533.92,0
40533.93,0
40533.94,0
40533.95,0
40533.96,0
40533.97,0
40533.98,0
40533.99,0
40534,0
40534.01,0
40534.02,0
40534.03,0
40534.04,0
40534.05,0
40534.06,0
40534.07,0
40534.08,0
40534.09,0
40534.1,0
40534.11,0
40534.12,0
40534.13,0
40534.14,0
40534.15,0
40534.16,0
40534.17,0
40534.18,0
40534.19,0
40534.2,0
40534.21,0
40534.22,0
40534.23,0
40534.24,0
40534.25,0
40534.26,0
40534.27,0
40534.28,0
40534.29,0
40534.3,0
40534.31,0
40534.32,0
40534.33,0
40534.34,0
40534.35,0
40534.36,0
40534.37,0
40534.38,0
40534.39,0
40534.4,0
40534.41,0
40534.42,0
40534.43,0
40534.44,0
40534.45,0
40534.46,0
40534.47,0
40534.48,0
40534.49,0
40534.5,0
40534.51,0
40534.52,0
40534.53,0
40534.54,0
40534.55,0
40534.56,0
40534.57,0
40534.58,0
40534.59,0
40534.6,0
40534.61,0
40534.62,0
40534.63,0
40534.64,0
40534.65,0
40534.66,0
40534.67,0
40534.68,0
40534.69,0
40534.7,0
40534.71,0
40534.72,0
40534.73,0
40534.74,0
40534.75,0
40534.76,0
40534.77,0
40534.78,0
40534.79,0
40534.8,0
40534.81,0
40534.82,0
40534.83,0
40534.84,0
40534.85,0
40534.86,0
40534.87,0
40534.88,0
40534.89,0
40534.9,0
40534.91,0
40534.92,0
40534.93,0
40534.94,0
40534.95,0
40534.96,0
40534.97,0
40534.98,0
40534.99,0
40535,0
40535.01,0
40535.02,0
40535.03,0
40535.04,0
40535.05,0
40535.06,0
40535.07,0
40535.08,0
40535.09,0
40535.1,0
40535.11,0
40535.12,0
40535.13,0
40535.14,0
40535.15,0
40535.16,0
40535.17,0
40535.18,0
40535.19,0
40535.2,0
40535.21,0
40535.22,0
40535.23,0
40535.24,0
40535.25,0
40535.26,0
40535.27,0
40535.28,0
40535.29,0
40535.3,0
40535.31,0
40535.32,0
40535.33,0
40535.34,0
40535.35,0
40535.36,0
40535.37,0
40535.38,0
40535.39,0
40535.4,0
40535.41,0
40535.42,0
40535.43,0
40535.44,0
40535.45,0
40535.46,0
40535.47,0
40535.48,0
40535.49,0
40535.5,0
40535.51,0
40535.52,0
40535.53,0
40535.54,0
40535.55,0
40535.56,0
40535.57,0
40535.58,0
40535.59,0
40535.6,0
40535.61,0
40535.62,0
40535.63,0
40535.64,0
40535.65,0
40535.66,0
40535.67,0
40535.68,0
40535.69,0
40535.7,0
40535.71,0
40535.72,0
40535.73,0
40535.74,0
40535.75,0
40535.76,0
40535.77,0
40535.78,0
40535.79,0
40535.8,0
40535.81,0
40535.82,0
40535.83,0
40535.84,0
40535.85,0
40535.86,0
40535.87,0
40535.88,0
40535.89,0
40535.9,0
40535.91,0
40535.92,0
40535.93,0
40535.94,0
40535.95,0
40535.96,0
40535.97,0
40535.98,0
40535.99,0
40536,0
40536.01,0
40536.02,0
40536.03,0
40536.04,0
40536.05,0
40536.06,0
40536.07,0
40536.08,0
40536.09,0
40536.1,0
40536.11,0
40536.12,0
40536.13,0
40536.14,0
40536.15,0
40536.16,0
40536.17,0
40536.18,0
40536.19,0
40536.2,0
40536.21,0
40536.22,0
40536.23,0
40536.24,0
40536.25,0
40536.26,0
40536.27,0
40536.28,0
40536.29,0
40536.3,0
40536.31,0
40536.32,0
40536.33,0
40536.34,0
40536.35,0
40536.36,0
40536.37,0
40536.38,0
40536.39,0
40536.4,0
40536.41,0
40536.42,0
40536.43,0
40536.44,0
40536.45,0
40536.46,0
40536.47,0
40536.48,0
40536.49,0
40536.5,0
40536.51,0
40536.52,0
40536.53,0
40536.54,0
40536.55,0
40536.56,0
40536.57,0
40536.58,0
40536.59,0
40536.6,0
40536.61,0
40536.62,0
40536.63,0
40536.64,0
40536.65,0
40536.66,0
40536.67,0
40536.68,0
40536.69,0
40536.7,0
40536.71,0
40536.72,0
40536.73,0
40536.74,0
40536.75,0
40536.76,0
40536.77,0
40536.78,0
40536.79,0
40536.8,0
40536.81,0
40536.82,0
40536.83,0
40536.84,0
40536.85,0
40536.86,0
40536.87,0
40536.88,0
40536.89,0
40536.9,0
40536.91,0
40536.92,0
40536.93,0
40536.94,0
40536.95,0
40536.96,0
40536.97,0
40536.98,0
40536.99,0
40537,0
40537.01,0
40537.02,0
40537.03,0
40537.04,0
40537.05,0
40537.06,0
40537.07,0
40537.08,0
40537.09,0
40537.1,0
40537.11,0
40537.12,0
40537.13,0
40537.14,0
40537.15,0
40537.16,0
40537.17,0
40537.18,0
40537.19,0
40537.2,0
40537.21,0
40537.22,0
40537.23,0
40537.24,0
40537.25,0
40537.26,0
40537.27,0
40537.28,0
40537.29,0
40537.3,0
40537.31,0
40537.32,0
40537.33,0
40537.34,0
40537.35,0
40537.36,0
40537.37,0
40537.38,0
40537.39,0
40537.4,0
40537.41,0
40537.42,0
40537.43,0
40537.44,0
40537.45,0
40537.46,0
40537.47,0
40537.48,0
40537.49,0
40537.5,0
40537.51,0
40537.52,0
40537.53,0
40537.54,0
40537.55,0
40537.56,0
40537.57,0
40537.58,0
40537.59,0
40537.6,0
40537.61,0
40537.62,0
40537.63,0
40537.64,0
40537.65,0
40537.66,0
40537.67,0
40537.68,0
40537.69,0
40537.7,0
40537.71,0
40537.72,0
40537.73,0
40537.74,0
40537.75,0
40537.76,0
40537.77,0
40537.78,0
40537.79,0
40537.8,0
40537.81,0
40537.82,0
40537.83,0
40537.84,0
40537.85,0
40537.86,0
40537.87,0
40537.88,0
40537.89,0
40537.9,0
40537.91,0
40537.92,0
40537.93,0
40537.94,0
40537.95,0
40537.96,0
40537.97,0
40537.98,0
40537.99,0
40538,0
40538.01,0
40538.02,0
40538.03,0
40538.04,0
40538.05,0
40538.06,0
40538.07,0
40538.08,0
40538.09,0
40538.1,0
40538.11,0
40538.12,0
40538.13,0
40538.14,0
40538.15,0
40538.16,0
40538.17,0
40538.18,0
40538.19,0
40538.2,0
40538.21,0
40538.22,0
40538.23,0
40538.24,0
40538.25,0
40538.26,0
40538.27,0
40538.28,0
40538.29,0
40538.3,0
40538.31,0
40538.32,0
40538.33,0
40538.34,0
40538.35,0
40538.36,0
40538.37,0
40538.38,0
40538.39,0
40538.4,0
40538.41,0
40538.42,0
40538.43,0
40538.44,0
40538.45,0
40538.46,0
40538.47,0
40538.48,0
40538.49,0
40538.5,0
40538.51,0
40538.52,0
40538.53,0
40538.54,0
40538.55,0
40538.56,0
40538.57,0
40538.58,0
40538.59,0
40538.6,0
40538.61,0
40538.62,0
40538.63,0
40538.64,0
40538.65,0
40538.66,0
40538.67,0
40538.68,0
40538.69,0
40538.7,0
40538.71,0
40538.72,0
40538.73,0
40538.74,0
40538.75,0
40538.76,0
40538.77,0
40538.78,0
40538.79,0
40538.8,0
40538.81,0
40538.82,0
40538.83,0
40538.84,0
40538.85,0
40538.86,0
40538.87,0
40538.88,0
40538.89,0
40538.9,0
40538.91,0
40538.92,0
40538.93,0
40538.94,0
40538.95,0
40538.96,0
40538.97,0
40538.98,0
40538.99,0
40539,0
40539.01,0
40539.02,0
40539.03,0
40539.04,0
40539.05,0
40539.06,0
40539.07,0
40539.08,0
40539.09,0
40539.1,0
40539.11,0
40539.12,0
40539.13,0
40539.14,0
40539.15,0
40539.16,0
40539.17,0
40539.18,0
40539.19,0
40539.2,0
40539.21,0
40539.22,0
40539.23,0
40539.24,0
40539.25,0
40539.26,0
40539.27,0
40539.28,0
40539.29,0
40539.3,0
40539.31,0
40539.32,0
40539.33,0
40539.34,0
40539.35,0
40539.36,0
40539.37,0
40539.38,0
40539.39,0
40539.4,0
40539.41,0
40539.42,0
40539.43,0
40539.44,0
40539.45,0
40539.46,0
40539.47,0
40539.48,0
40539.49,0
40539.5,0
40539.51,0
40539.52,0
40539.53,0
40539.54,0
40539.55,0
40539.56,0
40539.57,0
40539.58,0
40539.59,0
40539.6,0
40539.61,0
40539.62,0
40539.63,0
40539.64,0
40539.65,0
40539.66,0
40539.67,0
40539.68,0
40539.69,0
40539.7,0
40539.71,0
40539.72,0
40539.73,0
40539.74,0
40539.75,0
40539.76,0
40539.77,0
40539.78,0
40539.79,0
40539.8,0
40539.81,0
40539.82,0
40539.83,0
40539.84,0
40539.85,0
40539.86,0
40539.87,0
40539.88,0
40539.89,0
40539.9,0
40539.91,0
40539.92,0
40539.93,0
40539.94,0
40539.95,0
40539.96,0
40539.97,0
40539.98,0
40539.99,0
40540,0
40540.01,0
40540.02,0
40540.03,0
40540.04,0
40540.05,0
40540.06,0
40540.07,0
40540.08,0
40540.09,0
40540.1,0
40540.11,0
40540.12,0
40540.13,0
40540.14,0
40540.15,0
40540.16,0
40540.17,0
40540.18,0
40540.19,0
40540.2,0
40540.21,0
40540.22,0
40540.23,0
40540.24,0
40540.25,0
40540.26,0
40540.27,0
40540.28,0
40540.29,0
40540.3,0
40540.31,0
40540.32,0
40540.33,0
40540.34,0
40540.35,0
40540.36,0
40540.37,0
40540.38,0
40540.39,0
40540.4,0
40540.41,0
40540.42,0
40540.43,0
40540.44,0
40540.45,0
40540.46,0
40540.47,0
40540.48,0
40540.49,0
40540.5,0
40540.51,0
40540.52,0
40540.53,0
40540.54,0
40540.55,0
40540.56,0
40540.57,0
40540.58,0
40540.59,0
40540.6,0
40540.61,0
40540.62,0
40540.63,0
40540.64,0
40540.65,0
40540.66,0
40540.67,0
40540.68,0
40540.69,0
40540.7,0
40540.71,0
40540.72,0
40540.73,0
40540.74,0
40540.75,0
40540.76,0
40540.77,0
40540.78,0
40540.79,0
40540.8,0
40540.81,0
40540.82,0
40540.83,0
40540.84,0
40540.85,0
40540.86,0
40540.87,0
40540.88,0
40540.89,0
40540.9,0
40540.91,0
40540.92,0
40540.93,0
40540.94,0
40540.95,0
40540.96,0
40540.97,0
40540.98,0
40540.99,0
40541,0
40541.01,0
40541.02,0
40541.03,0
40541.04,0
40541.05,0
40541.06,0
40541.07,0
40541.08,0
40541.09,0
40541.1,0
40541.11,0
40541.12,0
40541.13,0
40541.14,0
40541.15,0
40541.16,0
40541.17,0
40541.18,0
40541.19,0
40541.2,0
40541.21,0
40541.22,0
40541.23,0
40541.24,0
40541.25,0
40541.26,0
40541.27,0
40541.28,0
40541.29,0
40541.3,0
40541.31,0
40541.32,0
40541.33,0
40541.34,0
40541.35,0
40541.36,0
40541.37,0
40541.38,0
40541.39,0
40541.4,0
40541.41,0
40541.42,0
40541.43,0
40541.44,0
40541.45,0
40541.46,0
40541.47,0
40541.48,0
40541.49,0
40541.5,0
40541.51,0
40541.52,0
40541.53,0
40541.54,0
40541.55,0
40541.56,0
40541.57,0
40541.58,0
40541.59,0
40541.6,0
40541.61,0
40541.62,0
40541.63,0
40541.64,0
40541.65,0
40541.66,0
40541.67,0
40541.68,0
40541.69,0
40541.7,0
40541.71,0
40541.72,0
40541.73,0
40541.74,0
40541.75,0
40541.76,0
40541.77,0
40541.78,0
40541.79,0
40541.8,0
40541.81,0
40541.82,0
40541.83,0
40541.84,0
40541.85,0
40541.86,0
40541.87,0
40541.88,0
40541.89,0
40541.9,0
40541.91,0
40541.92,0
40541.93,0
40541.94,0
40541.95,0
40541.96,0
40541.97,0
40541.98,0
40541.99,0
40542,0
40542.01,0
40542.02,0
40542.03,0
40542.04,0
40542.05,0
40542.06,0
40542.07,0
40542.08,0
40542.09,0
40542.1,0
40542.11,0
40542.12,0
40542.13,0
40542.14,0
40542.15,0
40542.16,0
40542.17,0
40542.18,0
40542.19,0
40542.2,0
40542.21,0
40542.22,0
40542.23,0
40542.24,0
40542.25,0
40542.26,0
40542.27,0
40542.28,0
40542.29,0
40542.3,0
40542.31,0
40542.32,0
40542.33,0
40542.34,0
40542.35,0
40542.36,0
40542.37,0
40542.38,0
40542.39,0
40542.4,0
40542.41,0
40542.42,0
40542.43,0
40542.44,0
40542.45,0
40542.46,0
40542.47,0
40542.48,0
40542.49,0
40542.5,0
40542.51,0
40542.52,0
40542.53,0
40542.54,0
40542.55,0
40542.56,0
40542.57,0
40542.58,0
40542.59,0
40542.6,0
40542.61,0
40542.62,0
40542.63,0
40542.64,0
40542.65,0
40542.66,0
40542.67,0
40542.68,0
40542.69,0
40542.7,0
40542.71,0
40542.72,0
40542.73,0
40542.74,0
40542.75,0
40542.76,0
40542.77,0
40542.78,0
40542.79,0
40542.8,0
40542.81,0
40542.82,0
40542.83,0
40542.84,0
40542.85,0
40542.86,0
40542.87,0
40542.88,0
40542.89,0
40542.9,0
40542.91,0
40542.92,0
40542.93,0
40542.94,0
40542.95,0
40542.96,0
40542.97,0
40542.98,0
40542.99,0
40543,0
40543.01,0
40543.02,0
40543.03,0
40543.04,0
40543.05,0
40543.06,0
40543.07,0
40543.08,0
40543.09,0
40543.1,0
40543.11,0
40543.12,0
40543.13,0
40543.14,0
40543.15,0
